ISO-10303-21;
HEADER;
FILE_DESCRIPTION (( 'STEP AP214' ),
    '1' );
FILE_NAME ('LQ25-11FCMB-01-001.STEP',
    '2026-05-07T08:55:13',
    ( '' ),
    ( '' ),
    'SwSTEP 2.0',
    'SolidWorks 2025',
    '' );
FILE_SCHEMA (( 'AUTOMOTIVE_DESIGN' ));
ENDSEC;

DATA;
#1 = EDGE_LOOP ( 'NONE', ( #2829, #745, #666, #209, #573, #1781, #1579, #133 ) ) ;
#2 = CARTESIAN_POINT ( 'NONE',  ( 17.70000000000000284, 15.69999999999999929, -4.000000000000000000 ) ) ;
#3 = ORIENTED_EDGE ( 'NONE', *, *, #368, .F. ) ;
#4 = CARTESIAN_POINT ( 'NONE',  ( 0.000000000000000000, -6.499999999999998224, -4.000000000000000000 ) ) ;
#5 = CIRCLE ( 'NONE', #2344, 2.000000000000000000 ) ;
#6 = EDGE_CURVE ( 'NONE', #1671, #1714, #766, .T. ) ;
#7 = EDGE_CURVE ( 'NONE', #2159, #1669, #1375, .T. ) ;
#8 = PLANE ( 'NONE',  #1372 ) ;
#9 = AXIS2_PLACEMENT_3D ( 'NONE', #583, #123, #1988 ) ;
#10 = EDGE_LOOP ( 'NONE', ( #469, #51, #1414, #866 ) ) ;
#11 = CYLINDRICAL_SURFACE ( 'NONE', #1347, 1.500000000000000000 ) ;
#12 = DIRECTION ( 'NONE',  ( 0.000000000000000000, 0.000000000000000000, -1.000000000000000000 ) ) ;
#13 = ORIENTED_EDGE ( 'NONE', *, *, #802, .F. ) ;
#14 = LINE ( 'NONE', #2571, #477 ) ;
#15 = VERTEX_POINT ( 'NONE', #2277 ) ;
#16 = VERTEX_POINT ( 'NONE', #1630 ) ;
#17 = FACE_OUTER_BOUND ( 'NONE', #2932, .T. ) ;
#18 = PLANE ( 'NONE',  #1908 ) ;
#19 = DIRECTION ( 'NONE',  ( 1.000000000000000000, 0.000000000000000000, 0.000000000000000000 ) ) ;
#20 = VERTEX_POINT ( 'NONE', #900 ) ;
#21 = VECTOR ( 'NONE', #2098, 1000.000000000000000 ) ;
#22 = EDGE_CURVE ( 'NONE', #2991, #2646, #1853, .T. ) ;
#23 = EDGE_CURVE ( 'NONE', #614, #232, #190, .T. ) ;
#24 = DIRECTION ( 'NONE',  ( 0.000000000000000000, 0.000000000000000000, -1.000000000000000000 ) ) ;
#25 = LINE ( 'NONE', #708, #781 ) ;
#26 = DIRECTION ( 'NONE',  ( 0.000000000000000000, 0.000000000000000000, -1.000000000000000000 ) ) ;
#27 = VERTEX_POINT ( 'NONE', #675 ) ;
#28 = DIRECTION ( 'NONE',  ( 1.000000000000000000, 0.000000000000000000, 0.000000000000000000 ) ) ;
#29 = VECTOR ( 'NONE', #1668, 1000.000000000000000 ) ;
#30 = CIRCLE ( 'NONE', #2706, 1.500000000000001332 ) ;
#31 = VERTEX_POINT ( 'NONE', #1390 ) ;
#32 = VERTEX_POINT ( 'NONE', #2325 ) ;
#33 = CARTESIAN_POINT ( 'NONE',  ( 19.10000000000000142, -19.10000000000000142, 10.00000000000000000 ) ) ;
#34 = CARTESIAN_POINT ( 'NONE',  ( -17.69999999999999574, 11.99999999999994138, 8.999999999999992895 ) ) ;
#35 = DIRECTION ( 'NONE',  ( -1.000000000000000000, -0.000000000000000000, -0.000000000000000000 ) ) ;
#36 = EDGE_LOOP ( 'NONE', ( #2935, #2962, #2088, #1503 ) ) ;
#37 = CIRCLE ( 'NONE', #1168, 2.049999999999999822 ) ;
#38 = DIRECTION ( 'NONE',  ( -1.000000000000000000, -1.040834085586084572E-14, 0.000000000000000000 ) ) ;
#39 = DIRECTION ( 'NONE',  ( 1.000000000000000000, 3.469446951953611033E-15, 0.000000000000000000 ) ) ;
#40 = CARTESIAN_POINT ( 'NONE',  ( -19.10000000000000142, -7.499999999999996447, 3.000000000000001332 ) ) ;
#41 = ORIENTED_EDGE ( 'NONE', *, *, #1285, .F. ) ;
#42 = CARTESIAN_POINT ( 'NONE',  ( -12.69999999999999574, 4.500000000000000888, -4.000000000000000000 ) ) ;
#43 = CIRCLE ( 'NONE', #294, 1.500000000000001332 ) ;
#44 = EDGE_CURVE ( 'NONE', #2585, #2891, #2095, .T. ) ;
#45 = ADVANCED_FACE ( 'NONE', ( #1839 ), #1601, .F. ) ;
#46 = ORIENTED_EDGE ( 'NONE', *, *, #2587, .T. ) ;
#47 = ORIENTED_EDGE ( 'NONE', *, *, #271, .F. ) ;
#48 = CARTESIAN_POINT ( 'NONE',  ( -14.69999999999999574, 4.500000000000000000, -1.700000000000000178 ) ) ;
#49 = CARTESIAN_POINT ( 'NONE',  ( 19.10000000000000142, 19.10000000000000142, 10.00000000000000000 ) ) ;
#50 = DIRECTION ( 'NONE',  ( -1.000000000000000000, 0.000000000000000000, 0.000000000000000000 ) ) ;
#51 = ORIENTED_EDGE ( 'NONE', *, *, #638, .F. ) ;
#52 = DIRECTION ( 'NONE',  ( -1.000000000000000000, 0.000000000000000000, 0.000000000000000000 ) ) ;
#53 = AXIS2_PLACEMENT_3D ( 'NONE', #1494, #2122, #1437 ) ;
#54 = CIRCLE ( 'NONE', #2683, 2.000000000000001776 ) ;
#55 = DIRECTION ( 'NONE',  ( 0.000000000000000000, 0.000000000000000000, -1.000000000000000000 ) ) ;
#56 = CARTESIAN_POINT ( 'NONE',  ( -15.69999999999999929, -6.500000000000000000, -4.000000000000000000 ) ) ;
#57 = ORIENTED_EDGE ( 'NONE', *, *, #561, .F. ) ;
#58 = CARTESIAN_POINT ( 'NONE',  ( 15.70000000000000639, 15.69999999999999929, -4.000000000000000000 ) ) ;
#59 = ORIENTED_EDGE ( 'NONE', *, *, #1135, .F. ) ;
#60 = EDGE_CURVE ( 'NONE', #1492, #2882, #30, .T. ) ;
#61 = EDGE_CURVE ( 'NONE', #1046, #2891, #1304, .T. ) ;
#62 = ORIENTED_EDGE ( 'NONE', *, *, #2319, .T. ) ;
#63 = DIRECTION ( 'NONE',  ( -0.000000000000000000, -0.000000000000000000, -1.000000000000000000 ) ) ;
#64 = PLANE ( 'NONE',  #355 ) ;
#65 = CARTESIAN_POINT ( 'NONE',  ( -15.69999999999999929, 7.500000000000001776, -2.000000000000000000 ) ) ;
#66 = ORIENTED_EDGE ( 'NONE', *, *, #2609, .T. ) ;
#67 = DIRECTION ( 'NONE',  ( 1.000000000000000000, -0.000000000000000000, 0.000000000000000000 ) ) ;
#68 = AXIS2_PLACEMENT_3D ( 'NONE', #2678, #2914, #401 ) ;
#69 = LINE ( 'NONE', #786, #341 ) ;
#70 = CARTESIAN_POINT ( 'NONE',  ( -16.02251883138954369, -6.728074271500654291, -3.980498218943907318 ) ) ;
#71 = ORIENTED_EDGE ( 'NONE', *, *, #705, .T. ) ;
#72 = DIRECTION ( 'NONE',  ( 0.000000000000000000, 0.000000000000000000, 1.000000000000000000 ) ) ;
#73 = ORIENTED_EDGE ( 'NONE', *, *, #1261, .T. ) ;
#74 = VECTOR ( 'NONE', #2102, 1000.000000000000000 ) ;
#75 = CARTESIAN_POINT ( 'NONE',  ( -16.10000000000000142, 6.500000000000000000, -1.700000000000000178 ) ) ;
#76 = AXIS2_PLACEMENT_3D ( 'NONE', #2143, #1920, #1276 ) ;
#77 = EDGE_CURVE ( 'NONE', #1245, #249, #2079, .T. ) ;
#78 = EDGE_CURVE ( 'NONE', #1959, #2373, #2775, .T. ) ;
#79 = VERTEX_POINT ( 'NONE', #265 ) ;
#80 = DIRECTION ( 'NONE',  ( 3.491481338843133355E-15, -1.000000000000000000, -0.000000000000000000 ) ) ;
#81 = CARTESIAN_POINT ( 'NONE',  ( -17.69999999999999574, 11.99999999999994138, 7.499999999999985789 ) ) ;
#82 = ADVANCED_FACE ( 'NONE', ( #2850, #1200, #1478 ), #2121, .F. ) ;
#83 = DIRECTION ( 'NONE',  ( -1.000000000000000000, 0.000000000000000000, 0.000000000000000000 ) ) ;
#84 = VERTEX_POINT ( 'NONE', #531 ) ;
#85 = DIRECTION ( 'NONE',  ( -1.000000000000000000, 0.000000000000000000, 0.000000000000000000 ) ) ;
#86 = AXIS2_PLACEMENT_3D ( 'NONE', #2900, #1089, #2222 ) ;
#87 = LINE ( 'NONE', #588, #2085 ) ;
#88 = DIRECTION ( 'NONE',  ( 0.000000000000000000, 0.000000000000000000, 1.000000000000000000 ) ) ;
#89 = ORIENTED_EDGE ( 'NONE', *, *, #2464, .F. ) ;
#90 = DIRECTION ( 'NONE',  ( 1.000000000000000000, 0.000000000000000000, 0.000000000000000000 ) ) ;
#91 = VECTOR ( 'NONE', #1287, 1000.000000000000000 ) ;
#92 = ORIENTED_EDGE ( 'NONE', *, *, #1190, .T. ) ;
#93 = AXIS2_PLACEMENT_3D ( 'NONE', #1438, #934, #2355 ) ;
#94 = CARTESIAN_POINT ( 'NONE',  ( -15.69999999999999574, -15.70000000000000995, 10.00000000000000000 ) ) ;
#95 = ORIENTED_EDGE ( 'NONE', *, *, #1490, .F. ) ;
#96 = DIRECTION ( 'NONE',  ( 0.000000000000000000, -1.000000000000000000, 0.000000000000000000 ) ) ;
#97 = FACE_OUTER_BOUND ( 'NONE', #640, .T. ) ;
#98 = LINE ( 'NONE', #2413, #1752 ) ;
#99 = ORIENTED_EDGE ( 'NONE', *, *, #1617, .T. ) ;
#100 = DIRECTION ( 'NONE',  ( 1.000000000000000000, 0.000000000000000000, 0.000000000000000000 ) ) ;
#101 = EDGE_CURVE ( 'NONE', #1527, #3003, #2395, .T. ) ;
#102 = EDGE_CURVE ( 'NONE', #503, #552, #2639, .T. ) ;
#103 = DIRECTION ( 'NONE',  ( 0.000000000000000000, 0.000000000000000000, 1.000000000000000000 ) ) ;
#104 = ORIENTED_EDGE ( 'NONE', *, *, #1298, .T. ) ;
#105 = CARTESIAN_POINT ( 'NONE',  ( 12.00000000000012079, -17.70000000000000284, 7.499999999999996447 ) ) ;
#106 = VECTOR ( 'NONE', #2735, 1000.000000000000000 ) ;
#107 = ORIENTED_EDGE ( 'NONE', *, *, #1024, .T. ) ;
#108 = CARTESIAN_POINT ( 'NONE',  ( -10.49999999999987921, -17.70000000000000639, 7.499999999999985789 ) ) ;
#109 = EDGE_LOOP ( 'NONE', ( #2342, #1756, #1364, #2545 ) ) ;
#110 = CARTESIAN_POINT ( 'NONE',  ( 15.70000000000000639, -17.70000000000000284, 8.999999999999992895 ) ) ;
#111 = DIRECTION ( 'NONE',  ( -1.000000000000000000, 0.000000000000000000, 0.000000000000000000 ) ) ;
#112 = ORIENTED_EDGE ( 'NONE', *, *, #1266, .T. ) ;
#113 = DIRECTION ( 'NONE',  ( -1.047444401652940007E-14, 1.000000000000000000, -0.000000000000000000 ) ) ;
#114 = CARTESIAN_POINT ( 'NONE',  ( -15.69999999999999574, -15.70000000000000639, -2.000000000000000000 ) ) ;
#115 = EDGE_CURVE ( 'NONE', #1584, #2803, #1215, .T. ) ;
#116 = EDGE_CURVE ( 'NONE', #2882, #2668, #1914, .T. ) ;
#117 = ORIENTED_EDGE ( 'NONE', *, *, #2869, .T. ) ;
#118 = DIRECTION ( 'NONE',  ( 0.000000000000000000, 0.000000000000000000, -1.000000000000000000 ) ) ;
#119 = CARTESIAN_POINT ( 'NONE',  ( -17.10000000000000853, -19.10000000000000497, -10.00000000000000000 ) ) ;
#120 = ORIENTED_EDGE ( 'NONE', *, *, #1079, .T. ) ;
#121 = CARTESIAN_POINT ( 'NONE',  ( 17.70000000000000284, -17.70000000000000284, -2.000000000000000000 ) ) ;
#122 = EDGE_LOOP ( 'NONE', ( #1105, #2194, #1482, #818 ) ) ;
#123 = DIRECTION ( 'NONE',  ( -0.000000000000000000, 0.000000000000000000, -1.000000000000000000 ) ) ;
#124 = CARTESIAN_POINT ( 'NONE',  ( 17.70000000000000284, 15.69999999999999929, 8.999999999999992895 ) ) ;
#125 = ORIENTED_EDGE ( 'NONE', *, *, #634, .F. ) ;
#126 = DIRECTION ( 'NONE',  ( 9.800697604388740006E-17, -1.000000000000000000, 0.000000000000000000 ) ) ;
#127 = FACE_OUTER_BOUND ( 'NONE', #1972, .T. ) ;
#128 = ORIENTED_EDGE ( 'NONE', *, *, #1744, .T. ) ;
#129 = DIRECTION ( 'NONE',  ( 1.000000000000000000, 9.800697604388740006E-17, 0.000000000000000000 ) ) ;
#130 = ADVANCED_FACE ( 'NONE', ( #17 ), #975, .T. ) ;
#131 = CIRCLE ( 'NONE', #1311, 2.000000000000000000 ) ;
#132 = CARTESIAN_POINT ( 'NONE',  ( -15.69999999999999574, -17.70000000000000639, 10.00000000000000000 ) ) ;
#133 = ORIENTED_EDGE ( 'NONE', *, *, #2669, .T. ) ;
#134 = VECTOR ( 'NONE', #1290, 1000.000000000000000 ) ;
#135 = EDGE_CURVE ( 'NONE', #1771, #2811, #1598, .T. ) ;
#136 = EDGE_CURVE ( 'NONE', #589, #503, #2603, .T. ) ;
#137 = LINE ( 'NONE', #1999, #964 ) ;
#138 = VECTOR ( 'NONE', #2054, 1000.000000000000000 ) ;
#139 = ORIENTED_EDGE ( 'NONE', *, *, #2488, .F. ) ;
#140 = DIRECTION ( 'NONE',  ( 1.000000000000000000, 0.000000000000000000, 0.000000000000000000 ) ) ;
#141 = CIRCLE ( 'NONE', #1464, 1.500000000000001332 ) ;
#142 = CARTESIAN_POINT ( 'NONE',  ( -10.49999999999987388, -19.10000000000003695, 7.499999999999985789 ) ) ;
#143 = ORIENTED_EDGE ( 'NONE', *, *, #2390, .F. ) ;
#144 = DIRECTION ( 'NONE',  ( -0.000000000000000000, 0.000000000000000000, 1.000000000000000000 ) ) ;
#145 = FACE_OUTER_BOUND ( 'NONE', #457, .T. ) ;
#146 = VERTEX_POINT ( 'NONE', #1884 ) ;
#147 = CARTESIAN_POINT ( 'NONE',  ( -15.69999999999999574, -17.70000000000000639, 8.999999999999992895 ) ) ;
#148 = FACE_OUTER_BOUND ( 'NONE', #1442, .T. ) ;
#149 = VERTEX_POINT ( 'NONE', #1944 ) ;
#150 = CARTESIAN_POINT ( 'NONE',  ( 17.10000000000000497, 17.10000000000000497, 10.00000000000000000 ) ) ;
#151 = CIRCLE ( 'NONE', #989, 1.499999999999999556 ) ;
#152 = CARTESIAN_POINT ( 'NONE',  ( 0.000000000000000000, 0.000000000000000000, 0.000000000000000000 ) ) ;
#153 = VECTOR ( 'NONE', #2032, 1000.000000000000114 ) ;
#154 = ORIENTED_EDGE ( 'NONE', *, *, #2798, .T. ) ;
#155 = EDGE_CURVE ( 'NONE', #1318, #1584, #2073, .T. ) ;
#156 = EDGE_CURVE ( 'NONE', #2898, #759, #1158, .T. ) ;
#157 = DIRECTION ( 'NONE',  ( 0.000000000000000000, 0.000000000000000000, 1.000000000000000000 ) ) ;
#158 = VECTOR ( 'NONE', #2416, 1000.000000000000000 ) ;
#159 = PLANE ( 'NONE',  #225 ) ;
#160 = ORIENTED_EDGE ( 'NONE', *, *, #722, .T. ) ;
#161 = DIRECTION ( 'NONE',  ( -0.000000000000000000, -0.000000000000000000, -1.000000000000000000 ) ) ;
#162 = DIRECTION ( 'NONE',  ( 0.000000000000000000, 0.000000000000000000, -1.000000000000000000 ) ) ;
#163 = ORIENTED_EDGE ( 'NONE', *, *, #2670, .T. ) ;
#164 = CARTESIAN_POINT ( 'NONE',  ( 14.69999999999996554, 4.500000000000000000, -1.700000000000000178 ) ) ;
#165 = PLANE ( 'NONE',  #86 ) ;
#166 = ORIENTED_EDGE ( 'NONE', *, *, #2923, .T. ) ;
#167 = DIRECTION ( 'NONE',  ( 0.000000000000000000, 0.000000000000000000, -1.000000000000000000 ) ) ;
#168 = ORIENTED_EDGE ( 'NONE', *, *, #2630, .T. ) ;
#169 = AXIS2_PLACEMENT_3D ( 'NONE', #1694, #1473, #590 ) ;
#170 = CARTESIAN_POINT ( 'NONE',  ( 15.70000000000000639, -15.70000000000000639, -2.000000000000000000 ) ) ;
#171 = EDGE_CURVE ( 'NONE', #2926, #2773, #732, .T. ) ;
#172 = DIRECTION ( 'NONE',  ( -0.000000000000000000, -1.000000000000000000, -0.000000000000000000 ) ) ;
#173 = ORIENTED_EDGE ( 'NONE', *, *, #2369, .T. ) ;
#174 = CIRCLE ( 'NONE', #2458, 2.000000000000000000 ) ;
#175 = DIRECTION ( 'NONE',  ( -0.000000000000000000, -1.000000000000000000, -0.000000000000000000 ) ) ;
#176 = EDGE_CURVE ( 'NONE', #1334, #2585, #1450, .T. ) ;
#177 = EDGE_CURVE ( 'NONE', #1489, #1740, #1661, .T. ) ;
#178 = AXIS2_PLACEMENT_3D ( 'NONE', #33, #2621, #253 ) ;
#179 = CARTESIAN_POINT ( 'NONE',  ( 17.70000000000000284, -15.70000000000000639, -2.000000000000000000 ) ) ;
#180 = EDGE_LOOP ( 'NONE', ( #1613, #71, #2062, #3012 ) ) ;
#181 = ORIENTED_EDGE ( 'NONE', *, *, #1420, .T. ) ;
#182 = DIRECTION ( 'NONE',  ( 1.000000000000000000, 0.000000000000000000, 0.000000000000000000 ) ) ;
#183 = DIRECTION ( 'NONE',  ( 1.000000000000000000, 0.000000000000000000, 0.000000000000000000 ) ) ;
#184 = ORIENTED_EDGE ( 'NONE', *, *, #1561, .F. ) ;
#185 = LINE ( 'NONE', #2290, #1977 ) ;
#186 = ORIENTED_EDGE ( 'NONE', *, *, #1286, .T. ) ;
#187 = CIRCLE ( 'NONE', #3001, 1.500000000000000000 ) ;
#188 = CARTESIAN_POINT ( 'NONE',  ( -19.10000000000000142, -12.00000000000005862, 7.499999999999996447 ) ) ;
#189 = LINE ( 'NONE', #426, #1319 ) ;
#190 = LINE ( 'NONE', #1615, #2215 ) ;
#191 = AXIS2_PLACEMENT_3D ( 'NONE', #65, #1465, #1295 ) ;
#192 = LINE ( 'NONE', #901, #2633 ) ;
#193 = DIRECTION ( 'NONE',  ( 0.000000000000000000, 0.000000000000000000, 1.000000000000000000 ) ) ;
#194 = ORIENTED_EDGE ( 'NONE', *, *, #2726, .T. ) ;
#195 = ORIENTED_EDGE ( 'NONE', *, *, #1260, .F. ) ;
#196 = EDGE_CURVE ( 'NONE', #3003, #843, #281, .T. ) ;
#197 = EDGE_CURVE ( 'NONE', #1956, #1919, #174, .T. ) ;
#198 = CARTESIAN_POINT ( 'NONE',  ( -17.69999999999999574, -6.500000000000000000, -4.000000000000000000 ) ) ;
#199 = CARTESIAN_POINT ( 'NONE',  ( 15.70000000000000639, -15.70000000000000639, -4.000000000000000000 ) ) ;
#200 = ORIENTED_EDGE ( 'NONE', *, *, #537, .T. ) ;
#201 = DIRECTION ( 'NONE',  ( 0.000000000000000000, 0.000000000000000000, -1.000000000000000000 ) ) ;
#202 = VERTEX_POINT ( 'NONE', #991 ) ;
#203 = AXIS2_PLACEMENT_3D ( 'NONE', #2065, #2988, #1854 ) ;
#204 = DIRECTION ( 'NONE',  ( 1.000000000000000000, 0.000000000000000000, 0.000000000000000000 ) ) ;
#205 = AXIS2_PLACEMENT_3D ( 'NONE', #2198, #2003, #1064 ) ;
#206 = CARTESIAN_POINT ( 'NONE',  ( -12.00000000000024514, 17.69999999999999574, 7.499999999999996447 ) ) ;
#207 = CARTESIAN_POINT ( 'NONE',  ( -17.69999999999999574, 7.500000000000001776, 3.000000000000000000 ) ) ;
#208 = DIRECTION ( 'NONE',  ( 0.000000000000000000, -1.000000000000000000, 0.000000000000000000 ) ) ;
#209 = ORIENTED_EDGE ( 'NONE', *, *, #1488, .T. ) ;
#210 = CARTESIAN_POINT ( 'NONE',  ( 13.49999999999974243, 19.10000000000014353, 7.499999999999985789 ) ) ;
#211 = EDGE_CURVE ( 'NONE', #1258, #1154, #1231, .T. ) ;
#212 = DIRECTION ( 'NONE',  ( 4.440892098500619220E-14, -1.000000000000000000, -0.000000000000000000 ) ) ;
#213 = ORIENTED_EDGE ( 'NONE', *, *, #2468, .F. ) ;
#214 = FACE_BOUND ( 'NONE', #2620, .T. ) ;
#215 = DIRECTION ( 'NONE',  ( -1.000000000000000000, -4.440892098500619220E-14, 0.000000000000000000 ) ) ;
#216 = ADVANCED_FACE ( 'NONE', ( #1004 ), #1718, .F. ) ;
#217 = ORIENTED_EDGE ( 'NONE', *, *, #1171, .F. ) ;
#218 = CARTESIAN_POINT ( 'NONE',  ( 15.70000000000000639, 15.69999999999999929, 10.00000000000000000 ) ) ;
#219 = CIRCLE ( 'NONE', #1922, 1.500000000000001332 ) ;
#220 = DIRECTION ( 'NONE',  ( 0.000000000000000000, 0.000000000000000000, 1.000000000000000000 ) ) ;
#221 = DIRECTION ( 'NONE',  ( 0.000000000000000000, -0.000000000000000000, 1.000000000000000000 ) ) ;
#222 = CLOSED_SHELL ( 'NONE', ( #2017, #2076, #1822, #1686, #2903, #893, #45, #2586, #1321, #2558, #1580, #1985, #822, #1524, #2430, #617, #2221, #1226, #1172, #1433, #929, #2043, #466, #762, #82, #1206, #2651, #1379, #1243, #690, #386, #216, #3002, #840, #2830, #2652, #250, #1981, #968, #2924, #1657, #1469, #2815, #673, #1380, #1984, #1728, #2502, #2984, #2406, #2538, #2022, #130, #633, #2242, #2111, #1872, #1895, #987, #2354, #405, #1338, #310, #1912, #930, #1778, #1821, #1803, #543, #2281, #2077, #2648, #1002, #1453, #1419, #2353, #411, #2746, #1096, #2888, #743, #2887, #347, #520, #2552, #1355, #1618, #1395, #1452, #2524, #616, #1153 ) ) ;
#223 = CARTESIAN_POINT ( 'NONE',  ( -11.99999999999987566, -19.10000000000004405, 7.499999999999985789 ) ) ;
#224 = VECTOR ( 'NONE', #2380, 1000.000000000000000 ) ;
#225 = AXIS2_PLACEMENT_3D ( 'NONE', #1097, #2718, #2909 ) ;
#226 = CARTESIAN_POINT ( 'NONE',  ( -19.10000000000000142, 7.500000000000003553, 4.000000000000000000 ) ) ;
#227 = AXIS2_PLACEMENT_3D ( 'NONE', #833, #1134, #2466 ) ;
#228 = DIRECTION ( 'NONE',  ( 3.491481338843133355E-15, -1.000000000000000000, -0.000000000000000000 ) ) ;
#229 = DIRECTION ( 'NONE',  ( 0.000000000000000000, -1.000000000000000000, 0.000000000000000000 ) ) ;
#230 = VERTEX_POINT ( 'NONE', #2182 ) ;
#231 = DIRECTION ( 'NONE',  ( -1.000000000000000000, -4.336808689942017736E-15, 0.000000000000000000 ) ) ;
#232 = VERTEX_POINT ( 'NONE', #2879 ) ;
#233 = EDGE_CURVE ( 'NONE', #1426, #1963, #1641, .T. ) ;
#234 = EDGE_CURVE ( 'NONE', #2501, #2837, #1592, .T. ) ;
#235 = DIRECTION ( 'NONE',  ( 0.000000000000000000, 1.000000000000000000, 0.000000000000000000 ) ) ;
#236 = CIRCLE ( 'NONE', #1845, 1.500000000000001332 ) ;
#237 = ORIENTED_EDGE ( 'NONE', *, *, #6, .F. ) ;
#238 = LINE ( 'NONE', #4, #2145 ) ;
#239 = VECTOR ( 'NONE', #2345, 1000.000000000000000 ) ;
#240 = CIRCLE ( 'NONE', #3005, 2.000000000000000000 ) ;
#241 = LINE ( 'NONE', #2341, #1703 ) ;
#242 = VERTEX_POINT ( 'NONE', #404 ) ;
#243 = DIRECTION ( 'NONE',  ( 0.000000000000000000, 0.000000000000000000, 1.000000000000000000 ) ) ;
#244 = VECTOR ( 'NONE', #856, 1000.000000000000000 ) ;
#245 = FACE_OUTER_BOUND ( 'NONE', #1141, .T. ) ;
#246 = CARTESIAN_POINT ( 'NONE',  ( 18.70000000000001705, -15.70000000000000639, 10.00000000000000000 ) ) ;
#247 = VERTEX_POINT ( 'NONE', #896 ) ;
#248 = CARTESIAN_POINT ( 'NONE',  ( -13.50000000000025757, 19.09999999999985931, 7.499999999999996447 ) ) ;
#249 = VERTEX_POINT ( 'NONE', #1091 ) ;
#250 = ADVANCED_FACE ( 'NONE', ( #2272 ), #2061, .F. ) ;
#251 = EDGE_CURVE ( 'NONE', #1026, #890, #1960, .T. ) ;
#252 = ORIENTED_EDGE ( 'NONE', *, *, #2297, .T. ) ;
#253 = DIRECTION ( 'NONE',  ( 0.000000000000000000, 0.000000000000000000, 1.000000000000000000 ) ) ;
#254 = FACE_OUTER_BOUND ( 'NONE', #853, .T. ) ;
#255 = AXIS2_PLACEMENT_3D ( 'NONE', #2310, #733, #1602 ) ;
#256 = CARTESIAN_POINT ( 'NONE',  ( 0.000000000000000000, 0.000000000000000000, 0.000000000000000000 ) ) ;
#257 = ORIENTED_EDGE ( 'NONE', *, *, #1260, .T. ) ;
#258 = DIRECTION ( 'NONE',  ( 0.000000000000000000, 1.000000000000000000, 0.000000000000000000 ) ) ;
#259 = CARTESIAN_POINT ( 'NONE',  ( -10.00000000000000000, -6.982962677686266711E-14, -6.800000000000000711 ) ) ;
#260 = CARTESIAN_POINT ( 'NONE',  ( -17.43205080756887781, 7.500000000000001776, -3.000000000000000000 ) ) ;
#261 = ORIENTED_EDGE ( 'NONE', *, *, #1581, .F. ) ;
#262 = LINE ( 'NONE', #2116, #2364 ) ;
#263 = VERTEX_POINT ( 'NONE', #1139 ) ;
#264 = ORIENTED_EDGE ( 'NONE', *, *, #2760, .T. ) ;
#265 = CARTESIAN_POINT ( 'NONE',  ( 17.10000000000000497, -19.10000000000000142, 10.00000000000000000 ) ) ;
#266 = CARTESIAN_POINT ( 'NONE',  ( 11.99999999999975486, 17.69999999999999574, 7.499999999999985789 ) ) ;
#267 = EDGE_CURVE ( 'NONE', #1548, #1098, #1061, .T. ) ;
#268 = DIRECTION ( 'NONE',  ( 1.000000000000000000, 0.000000000000000000, 0.000000000000000000 ) ) ;
#269 = EDGE_LOOP ( 'NONE', ( #585, #2493 ) ) ;
#270 = LINE ( 'NONE', #2056, #621 ) ;
#271 = EDGE_CURVE ( 'NONE', #614, #883, #1009, .T. ) ;
#272 = EDGE_CURVE ( 'NONE', #31, #788, #330, .T. ) ;
#273 = DIRECTION ( 'NONE',  ( 1.000000000000000000, -0.000000000000000000, -0.000000000000000000 ) ) ;
#274 = CYLINDRICAL_SURFACE ( 'NONE', #2330, 0.7500000000000002220 ) ;
#275 = ORIENTED_EDGE ( 'NONE', *, *, #2523, .F. ) ;
#276 = FACE_BOUND ( 'NONE', #2762, .T. ) ;
#277 = CIRCLE ( 'NONE', #1690, 2.049999999999999822 ) ;
#278 = PRODUCT_DEFINITION_FORMATION_WITH_SPECIFIED_SOURCE ( '对称', '', #768, .NOT_KNOWN. ) ;
#279 = ORIENTED_EDGE ( 'NONE', *, *, #1923, .T. ) ;
#280 = VERTEX_POINT ( 'NONE', #2517 ) ;
#281 = LINE ( 'NONE', #1461, #224 ) ;
#282 = CYLINDRICAL_SURFACE ( 'NONE', #800, 2.000000000000000000 ) ;
#283 = CARTESIAN_POINT ( 'NONE',  ( 17.70000000000000284, 15.69999999999999929, -2.000000000000000000 ) ) ;
#284 = ORIENTED_EDGE ( 'NONE', *, *, #686, .F. ) ;
#285 = AXIS2_PLACEMENT_3D ( 'NONE', #2011, #2252, #879 ) ;
#286 = PLANE ( 'NONE',  #2634 ) ;
#287 = CIRCLE ( 'NONE', #2525, 2.000000000000000000 ) ;
#288 = FACE_OUTER_BOUND ( 'NONE', #1059, .T. ) ;
#289 = EDGE_CURVE ( 'NONE', #825, #2616, #1156, .T. ) ;
#290 = LINE ( 'NONE', #754, #1068 ) ;
#291 = EDGE_CURVE ( 'NONE', #3003, #393, #2994, .T. ) ;
#292 = ORIENTED_EDGE ( 'NONE', *, *, #1762, .T. ) ;
#293 = DIRECTION ( 'NONE',  ( 0.000000000000000000, 0.000000000000000000, 1.000000000000000000 ) ) ;
#294 = AXIS2_PLACEMENT_3D ( 'NONE', #979, #494, #2779 ) ;
#295 = ORIENTED_EDGE ( 'NONE', *, *, #2551, .T. ) ;
#296 = ORIENTED_EDGE ( 'NONE', *, *, #2628, .F. ) ;
#297 = DIRECTION ( 'NONE',  ( 1.000000000000000000, 0.000000000000000000, 0.000000000000000000 ) ) ;
#298 = DIRECTION ( 'NONE',  ( -0.000000000000000000, -0.000000000000000000, 1.000000000000000000 ) ) ;
#299 = LINE ( 'NONE', #1007, #2672 ) ;
#300 = ORIENTED_EDGE ( 'NONE', *, *, #2338, .F. ) ;
#301 = CARTESIAN_POINT ( 'NONE',  ( -16.33787764929436293, 6.945970411618151097, -3.902499815875845268 ) ) ;
#302 = VECTOR ( 'NONE', #602, 1000.000000000000000 ) ;
#303 = VECTOR ( 'NONE', #360, 1000.000000000000000 ) ;
#304 = DIRECTION ( 'NONE',  ( 1.000000000000000000, 0.000000000000000000, 0.000000000000000000 ) ) ;
#305 = CARTESIAN_POINT ( 'NONE',  ( -16.10000000000000142, 6.500000000000000000, -4.000000000000000000 ) ) ;
#306 = ORIENTED_EDGE ( 'NONE', *, *, #156, .F. ) ;
#307 = DIRECTION ( 'NONE',  ( 0.000000000000000000, 0.000000000000000000, 1.000000000000000000 ) ) ;
#308 = EDGE_CURVE ( 'NONE', #2373, #1939, #2030, .T. ) ;
#309 = ORIENTED_EDGE ( 'NONE', *, *, #2407, .T. ) ;
#310 = ADVANCED_FACE ( 'NONE', ( #2950 ), #2238, .T. ) ;
#311 = LINE ( 'NONE', #580, #2705 ) ;
#312 = ORIENTED_EDGE ( 'NONE', *, *, #1361, .T. ) ;
#313 = DIRECTION ( 'NONE',  ( 0.000000000000000000, 0.000000000000000000, -1.000000000000000000 ) ) ;
#314 = LINE ( 'NONE', #1038, #2491 ) ;
#315 = FACE_OUTER_BOUND ( 'NONE', #904, .T. ) ;
#316 = EDGE_LOOP ( 'NONE', ( #1466, #2570, #1995, #1758, #1384, #357, #889, #1090, #2052, #860, #1711, #2554, #3007, #791, #2270, #973 ) ) ;
#317 = LINE ( 'NONE', #1207, #1387 ) ;
#318 = COLOUR_RGB ( '',0.7921568627450980005, 0.8196078431372548767, 0.9333333333333333481 ) ;
#319 = LINE ( 'NONE', #1010, #1370 ) ;
#320 = CARTESIAN_POINT ( 'NONE',  ( -15.69999999999999574, 17.69999999999999574, 8.999999999999992895 ) ) ;
#321 = ORIENTED_EDGE ( 'NONE', *, *, #2943, .T. ) ;
#322 = DIRECTION ( 'NONE',  ( -0.000000000000000000, 1.000000000000000000, -0.000000000000000000 ) ) ;
#323 = ORIENTED_EDGE ( 'NONE', *, *, #2670, .F. ) ;
#324 = CONICAL_SURFACE ( 'NONE', #2601, 3.000000000000012879, 0.7853981633974509435 ) ;
#325 = CARTESIAN_POINT ( 'NONE',  ( 13.49999999999984546, 9.100000000000143530, 7.499999999999985789 ) ) ;
#326 = CIRCLE ( 'NONE', #713, 2.000000000000000000 ) ;
#327 = ORIENTED_EDGE ( 'NONE', *, *, #2093, .T. ) ;
#328 = EDGE_CURVE ( 'NONE', #2041, #2237, #277, .T. ) ;
#329 = EDGE_CURVE ( 'NONE', #2799, #1563, #767, .T. ) ;
#330 = LINE ( 'NONE', #2655, #2412 ) ;
#331 = LINE ( 'NONE', #49, #1622 ) ;
#332 = CARTESIAN_POINT ( 'NONE',  ( -12.69999999999999574, 6.500000000000000000, -1.700000000000000178 ) ) ;
#333 = AXIS2_PLACEMENT_3D ( 'NONE', #152, #1823, #1092 ) ;
#334 = ORIENTED_EDGE ( 'NONE', *, *, #2539, .T. ) ;
#335 = CARTESIAN_POINT ( 'NONE',  ( 15.70000000000000639, 6.500000000000000000, -4.000000000000000000 ) ) ;
#336 = CIRCLE ( 'NONE', #1120, 2.000000000000001776 ) ;
#337 = CARTESIAN_POINT ( 'NONE',  ( -16.10000000000000142, -6.500000000000000000, -1.700000000000000178 ) ) ;
#338 = DIRECTION ( 'NONE',  ( 1.000000000000000000, 0.000000000000000000, 0.000000000000000000 ) ) ;
#339 = ORIENTED_EDGE ( 'NONE', *, *, #2964, .F. ) ;
#340 = DIRECTION ( 'NONE',  ( -0.000000000000000000, -0.000000000000000000, 1.000000000000000000 ) ) ;
#341 = VECTOR ( 'NONE', #365, 1000.000000000000000 ) ;
#342 = ORIENTED_EDGE ( 'NONE', *, *, #839, .F. ) ;
#343 = CIRCLE ( 'NONE', #93, 0.7500000000000002220 ) ;
#344 = DIRECTION ( 'NONE',  ( -1.047444401652940007E-14, 1.000000000000000000, -0.000000000000000000 ) ) ;
#345 = ORIENTED_EDGE ( 'NONE', *, *, #2186, .T. ) ;
#346 = CARTESIAN_POINT ( 'NONE',  ( -19.10000000000000142, -9.000000000000000000, 0.7500000000000041078 ) ) ;
#347 = ADVANCED_FACE ( 'NONE', ( #2500 ), #324, .F. ) ;
#348 = EDGE_CURVE ( 'NONE', #625, #1183, #185, .T. ) ;
#349 = DIRECTION ( 'NONE',  ( 1.000000000000000000, 9.800697604388740006E-17, 0.000000000000000000 ) ) ;
#350 = ORIENTED_EDGE ( 'NONE', *, *, #2280, .T. ) ;
#351 = FACE_OUTER_BOUND ( 'NONE', #2885, .T. ) ;
#352 = CARTESIAN_POINT ( 'NONE',  ( 17.69999999999995666, 6.500000000000000000, -1.700000000000000178 ) ) ;
#353 = ORIENTED_EDGE ( 'NONE', *, *, #2002, .F. ) ;
#354 = CARTESIAN_POINT ( 'NONE',  ( -14.69999999999999574, -6.500000000000000000, -1.700000000000000178 ) ) ;
#355 = AXIS2_PLACEMENT_3D ( 'NONE', #1662, #2367, #1005 ) ;
#356 = LINE ( 'NONE', #2207, #2423 ) ;
#357 = ORIENTED_EDGE ( 'NONE', *, *, #291, .T. ) ;
#358 = DIRECTION ( 'NONE',  ( -0.000000000000000000, 5.782411586589357392E-17, 1.000000000000000000 ) ) ;
#359 = ORIENTED_EDGE ( 'NONE', *, *, #2725, .F. ) ;
#360 = DIRECTION ( 'NONE',  ( 1.000000000000000000, 9.082321863752915673E-17, -0.000000000000000000 ) ) ;
#361 = DIRECTION ( 'NONE',  ( 0.000000000000000000, 0.000000000000000000, -1.000000000000000000 ) ) ;
#362 = ORIENTED_EDGE ( 'NONE', *, *, #2628, .T. ) ;
#363 = EDGE_CURVE ( 'NONE', #1714, #1771, #1123, .T. ) ;
#364 = LINE ( 'NONE', #2231, #1716 ) ;
#365 = DIRECTION ( 'NONE',  ( 0.000000000000000000, 1.000000000000000000, 0.000000000000000000 ) ) ;
#366 = VERTEX_POINT ( 'NONE', #1834 ) ;
#367 = EDGE_CURVE ( 'NONE', #2842, #847, #2267, .T. ) ;
#368 = EDGE_CURVE ( 'NONE', #828, #1323, #378, .T. ) ;
#369 = FACE_OUTER_BOUND ( 'NONE', #1431, .T. ) ;
#370 = CARTESIAN_POINT ( 'NONE',  ( 10.50000000000008882, -9.099999999999965894, 7.499999999999996447 ) ) ;
#371 = ORIENTED_EDGE ( 'NONE', *, *, #329, .F. ) ;
#372 = VECTOR ( 'NONE', #80, 1000.000000000000000 ) ;
#373 = CYLINDRICAL_SURFACE ( 'NONE', #2033, 1.499999999999999556 ) ;
#374 = VECTOR ( 'NONE', #438, 1000.000000000000000 ) ;
#375 = ORIENTED_EDGE ( 'NONE', *, *, #2539, .F. ) ;
#376 = CARTESIAN_POINT ( 'NONE',  ( 19.10000000000000142, -19.10000000000000142, -10.00000000000000000 ) ) ;
#377 = VECTOR ( 'NONE', #313, 1000.000000000000000 ) ;
#378 = CIRCLE ( 'NONE', #2846, 0.7500000000000002220 ) ;
#379 = FACE_OUTER_BOUND ( 'NONE', #2694, .T. ) ;
#380 = FACE_OUTER_BOUND ( 'NONE', #1921, .T. ) ;
#381 = AXIS2_PLACEMENT_3D ( 'NONE', #981, #1467, #752 ) ;
#382 = DIRECTION ( 'NONE',  ( -1.000000000000000000, -0.000000000000000000, -0.000000000000000000 ) ) ;
#383 = EDGE_LOOP ( 'NONE', ( #2362, #1117, #2702, #2426 ) ) ;
#384 = DIRECTION ( 'NONE',  ( 0.000000000000000000, 0.000000000000000000, -1.000000000000000000 ) ) ;
#385 = CIRCLE ( 'NONE', #441, 2.000000000000000000 ) ;
#386 = ADVANCED_FACE ( 'NONE', ( #711 ), #2131, .F. ) ;
#387 = EDGE_CURVE ( 'NONE', #437, #1956, #2555, .T. ) ;
#388 = CARTESIAN_POINT ( 'NONE',  ( 9.100000000000001421, -11.99999999999994138, 7.499999999999985789 ) ) ;
#389 = ORIENTED_EDGE ( 'NONE', *, *, #2904, .F. ) ;
#390 = CARTESIAN_POINT ( 'NONE',  ( -17.69999999999999574, 6.500000000000000000, -4.000000000000000000 ) ) ;
#391 = VECTOR ( 'NONE', #937, 1000.000000000000000 ) ;
#392 = VECTOR ( 'NONE', #382, 1000.000000000000000 ) ;
#393 = VERTEX_POINT ( 'NONE', #2800 ) ;
#394 = FACE_OUTER_BOUND ( 'NONE', #2070, .T. ) ;
#395 = AXIS2_PLACEMENT_3D ( 'NONE', #2276, #2018, #1128 ) ;
#396 = CARTESIAN_POINT ( 'NONE',  ( 14.70000000000002416, -4.499999999999911182, -1.700000000000000178 ) ) ;
#397 = VERTEX_POINT ( 'NONE', #248 ) ;
#398 = DIRECTION ( 'NONE',  ( 1.000000000000000000, 0.000000000000000000, 0.000000000000000000 ) ) ;
#399 = LINE ( 'NONE', #1632, #493 ) ;
#400 = ORIENTED_EDGE ( 'NONE', *, *, #1581, .T. ) ;
#401 = DIRECTION ( 'NONE',  ( 1.000000000000000000, 9.800697604388740006E-17, 0.000000000000000000 ) ) ;
#402 = DIRECTION ( 'NONE',  ( -1.000000000000000000, 0.000000000000000000, 0.000000000000000000 ) ) ;
#403 = ORIENTED_EDGE ( 'NONE', *, *, #2688, .T. ) ;
#404 = CARTESIAN_POINT ( 'NONE',  ( 11.99999999999975486, 17.69999999999999574, 8.999999999999992895 ) ) ;
#405 = ADVANCED_FACE ( 'NONE', ( #1399 ), #741, .T. ) ;
#406 = EDGE_CURVE ( 'NONE', #2237, #2041, #1546, .T. ) ;
#407 = AXIS2_PLACEMENT_3D ( 'NONE', #2776, #702, #1408 ) ;
#408 = VECTOR ( 'NONE', #2399, 1000.000000000000000 ) ;
#409 = VECTOR ( 'NONE', #1567, 1000.000000000000000 ) ;
#410 = ORIENTED_EDGE ( 'NONE', *, *, #2002, .T. ) ;
#411 = ADVANCED_FACE ( 'NONE', ( #455 ), #500, .F. ) ;
#412 = DIRECTION ( 'NONE',  ( 1.000000000000000000, 0.000000000000000000, 0.000000000000000000 ) ) ;
#413 = CARTESIAN_POINT ( 'NONE',  ( 15.70000000000000639, -17.70000000000000284, 8.999999999999992895 ) ) ;
#414 = ORIENTED_EDGE ( 'NONE', *, *, #2407, .F. ) ;
#415 = CARTESIAN_POINT ( 'NONE',  ( -11.99999999999988098, -17.70000000000000639, 7.499999999999985789 ) ) ;
#416 = CARTESIAN_POINT ( 'NONE',  ( -17.69999999999999574, 9.750000000000000000, 0.000000000000000000 ) ) ;
#417 = ORIENTED_EDGE ( 'NONE', *, *, #1227, .F. ) ;
#418 = CARTESIAN_POINT ( 'NONE',  ( -17.69999999999999574, -9.000000000000000000, 3.903127820947814385E-15 ) ) ;
#419 = CARTESIAN_POINT ( 'NONE',  ( -15.69999999999999929, 15.69999999999999929, -2.000000000000000000 ) ) ;
#420 = EDGE_LOOP ( 'NONE', ( #2333, #195, #2383, #2075, #575 ) ) ;
#421 = DIRECTION ( 'NONE',  ( -0.000000000000000000, -0.000000000000000000, 1.000000000000000000 ) ) ;
#422 = ORIENTED_EDGE ( 'NONE', *, *, #599, .T. ) ;
#423 = LINE ( 'NONE', #2954, #778 ) ;
#424 = EDGE_CURVE ( 'NONE', #433, #1330, #972, .T. ) ;
#425 = EDGE_CURVE ( 'NONE', #980, #1527, #428, .T. ) ;
#426 = CARTESIAN_POINT ( 'NONE',  ( 17.69999999999995666, 6.500000000000000000, -1.700000000000000178 ) ) ;
#427 = ORIENTED_EDGE ( 'NONE', *, *, #2220, .F. ) ;
#428 = CIRCLE ( 'NONE', #1594, 2.000000000000000000 ) ;
#429 = CARTESIAN_POINT ( 'NONE',  ( -19.10000000000000142, 6.500000000000001776, -3.000000000000000000 ) ) ;
#430 = AXIS2_PLACEMENT_3D ( 'NONE', #2179, #358, #1077 ) ;
#431 = AXIS2_PLACEMENT_3D ( 'NONE', #2309, #2547, #1406 ) ;
#432 = DIRECTION ( 'NONE',  ( 0.000000000000000000, -1.000000000000000000, 2.168404344971008868E-16 ) ) ;
#433 = VERTEX_POINT ( 'NONE', #1167 ) ;
#434 = ORIENTED_EDGE ( 'NONE', *, *, #363, .F. ) ;
#435 = SURFACE_STYLE_USAGE ( .BOTH. , #1365 ) ;
#436 = DIRECTION ( 'NONE',  ( 0.000000000000000000, 0.000000000000000000, -1.000000000000000000 ) ) ;
#437 = VERTEX_POINT ( 'NONE', #42 ) ;
#438 = DIRECTION ( 'NONE',  ( -1.000000000000000000, -0.000000000000000000, -0.000000000000000000 ) ) ;
#439 = CARTESIAN_POINT ( 'NONE',  ( 18.70000000000001705, 15.69999999999999929, 10.00000000000000000 ) ) ;
#440 = ORIENTED_EDGE ( 'NONE', *, *, #1057, .F. ) ;
#441 = AXIS2_PLACEMENT_3D ( 'NONE', #1846, #2087, #2770 ) ;
#442 = FACE_OUTER_BOUND ( 'NONE', #1868, .T. ) ;
#443 = CIRCLE ( 'NONE', #1611, 1.500000000000001332 ) ;
#444 = ORIENTED_EDGE ( 'NONE', *, *, #176, .T. ) ;
#445 = AXIS2_PLACEMENT_3D ( 'NONE', #223, #1619, #3006 ) ;
#446 = DIRECTION ( 'NONE',  ( 0.000000000000000000, 0.000000000000000000, 1.000000000000000000 ) ) ;
#447 = EDGE_CURVE ( 'NONE', #2432, #15, #2361, .T. ) ;
#448 = EDGE_CURVE ( 'NONE', #2489, #1740, #2318, .T. ) ;
#449 = APPLICATION_CONTEXT ( 'automotive_design' ) ;
#450 = DIRECTION ( 'NONE',  ( 0.000000000000000000, 0.000000000000000000, 1.000000000000000000 ) ) ;
#451 = VERTEX_POINT ( 'NONE', #2531 ) ;
#452 = DIRECTION ( 'NONE',  ( -0.000000000000000000, -0.000000000000000000, -1.000000000000000000 ) ) ;
#453 = DIRECTION ( 'NONE',  ( 0.000000000000000000, 0.000000000000000000, 1.000000000000000000 ) ) ;
#454 = ORIENTED_EDGE ( 'NONE', *, *, #1286, .F. ) ;
#455 = FACE_OUTER_BOUND ( 'NONE', #383, .T. ) ;
#456 = APPLICATION_PROTOCOL_DEFINITION ( 'draft international standard', 'automotive_design', 1998, #817 ) ;
#457 = EDGE_LOOP ( 'NONE', ( #1519, #57, #422, #2347 ) ) ;
#458 = DIRECTION ( 'NONE',  ( 1.000000000000000000, 0.000000000000000000, -0.000000000000000000 ) ) ;
#459 = CIRCLE ( 'NONE', #2147, 2.049999999999999822 ) ;
#460 = DIRECTION ( 'NONE',  ( 1.000000000000000000, 0.000000000000000000, 0.000000000000000000 ) ) ;
#461 = CIRCLE ( 'NONE', #852, 2.000000000000000000 ) ;
#462 = FACE_OUTER_BOUND ( 'NONE', #2104, .T. ) ;
#463 = FACE_OUTER_BOUND ( 'NONE', #2208, .T. ) ;
#464 = ORIENTED_EDGE ( 'NONE', *, *, #233, .T. ) ;
#465 = CARTESIAN_POINT ( 'NONE',  ( -16.10000000000000142, 9.000000000000000000, -0.7500000000000002220 ) ) ;
#466 = ADVANCED_FACE ( 'NONE', ( #276, #1654, #214, #985, #1415, #2334 ), #2828, .F. ) ;
#467 = DIRECTION ( 'NONE',  ( 1.000000000000000000, -0.000000000000000000, -0.000000000000000000 ) ) ;
#468 = EDGE_CURVE ( 'NONE', #1417, #1429, #1184, .T. ) ;
#469 = ORIENTED_EDGE ( 'NONE', *, *, #425, .F. ) ;
#470 = CARTESIAN_POINT ( 'NONE',  ( 17.69999999999995666, 6.500000000000000000, -1.700000000000000178 ) ) ;
#471 = EDGE_LOOP ( 'NONE', ( #919, #2142, #120, #2115, #2563, #1093, #1764, #764, #62, #2031, #2728, #2409 ) ) ;
#472 = PLANE ( 'NONE',  #1088 ) ;
#473 = CIRCLE ( 'NONE', #1159, 0.7500000000000002220 ) ;
#474 = ORIENTED_EDGE ( 'NONE', *, *, #406, .F. ) ;
#475 = CYLINDRICAL_SURFACE ( 'NONE', #2580, 0.7500000000000002220 ) ;
#476 = DIRECTION ( 'NONE',  ( 0.000000000000000000, 0.000000000000000000, 1.000000000000000000 ) ) ;
#477 = VECTOR ( 'NONE', #2348, 1000.000000000000000 ) ;
#478 = ORIENTED_EDGE ( 'NONE', *, *, #2205, .F. ) ;
#479 = VECTOR ( 'NONE', #2667, 1000.000000000000000 ) ;
#480 = DIRECTION ( 'NONE',  ( 1.000000000000000000, 0.000000000000000000, 0.000000000000000000 ) ) ;
#481 = AXIS2_PLACEMENT_3D ( 'NONE', #936, #678, #2768 ) ;
#482 = CARTESIAN_POINT ( 'NONE',  ( -14.10000000000000142, 9.000000000000000000, -0.7500000000000002220 ) ) ;
#483 = CYLINDRICAL_SURFACE ( 'NONE', #1213, 2.000000000000001776 ) ;
#484 = ORIENTED_EDGE ( 'NONE', *, *, #1420, .F. ) ;
#485 = CARTESIAN_POINT ( 'NONE',  ( 14.70000000000002416, -4.499999999999911182, -1.700000000000000178 ) ) ;
#486 = EDGE_CURVE ( 'NONE', #2646, #2837, #2703, .T. ) ;
#487 = EDGE_CURVE ( 'NONE', #1398, #1334, #14, .T. ) ;
#488 = ORIENTED_EDGE ( 'NONE', *, *, #2257, .F. ) ;
#489 = ORIENTED_EDGE ( 'NONE', *, *, #2904, .T. ) ;
#490 = ORIENTED_EDGE ( 'NONE', *, *, #2205, .T. ) ;
#491 = LINE ( 'NONE', #2790, #2823 ) ;
#492 = VECTOR ( 'NONE', #2128, 1000.000000000000000 ) ;
#493 = VECTOR ( 'NONE', #1870, 1000.000000000000000 ) ;
#494 = DIRECTION ( 'NONE',  ( -1.047444401652940007E-14, 1.000000000000000000, 0.000000000000000000 ) ) ;
#495 = ORIENTED_EDGE ( 'NONE', *, *, #2814, .T. ) ;
#496 = CARTESIAN_POINT ( 'NONE',  ( -17.69999999999999574, 6.500000000000003553, 4.000000000000000000 ) ) ;
#497 = FACE_OUTER_BOUND ( 'NONE', #316, .T. ) ;
#498 = DIRECTION ( 'NONE',  ( 0.000000000000000000, 0.000000000000000000, -1.000000000000000000 ) ) ;
#499 = ORIENTED_EDGE ( 'NONE', *, *, #2163, .T. ) ;
#500 = CYLINDRICAL_SURFACE ( 'NONE', #624, 2.049999999999999822 ) ;
#501 = ORIENTED_EDGE ( 'NONE', *, *, #727, .T. ) ;
#502 = EDGE_CURVE ( 'NONE', #1245, #2159, #262, .T. ) ;
#503 = VERTEX_POINT ( 'NONE', #1938 ) ;
#504 = EDGE_CURVE ( 'NONE', #2376, #564, #1305, .T. ) ;
#505 = EDGE_CURVE ( 'NONE', #2501, #2991, #528, .T. ) ;
#506 = CARTESIAN_POINT ( 'NONE',  ( -17.10000000000000853, -17.10000000000000853, -10.00000000000000000 ) ) ;
#507 = DIRECTION ( 'NONE',  ( 0.000000000000000000, 1.000000000000000000, 0.000000000000000000 ) ) ;
#508 = AXIS2_PLACEMENT_3D ( 'NONE', #1462, #2880, #1675 ) ;
#509 = CARTESIAN_POINT ( 'NONE',  ( 0.000000000000000000, 15.69999999999999929, -2.000000000000000000 ) ) ;
#510 = EDGE_LOOP ( 'NONE', ( #2530, #1948, #2592, #1640 ) ) ;
#511 = LINE ( 'NONE', #2579, #1932 ) ;
#512 = LINE ( 'NONE', #320, #2764 ) ;
#513 = ORIENTED_EDGE ( 'NONE', *, *, #1115, .F. ) ;
#514 = DIRECTION ( 'NONE',  ( -1.000000000000000000, 0.000000000000000000, 0.000000000000000000 ) ) ;
#515 = ORIENTED_EDGE ( 'NONE', *, *, #579, .T. ) ;
#516 = ORIENTED_EDGE ( 'NONE', *, *, #2725, .T. ) ;
#517 = CARTESIAN_POINT ( 'NONE',  ( -19.10000000000000142, 7.500000000000001776, -4.000000000000000000 ) ) ;
#518 = FACE_OUTER_BOUND ( 'NONE', #1435, .T. ) ;
#519 = EDGE_CURVE ( 'NONE', #2299, #2781, #865, .T. ) ;
#520 = ADVANCED_FACE ( 'NONE', ( #1240 ), #1045, .T. ) ;
#521 = DIRECTION ( 'NONE',  ( 1.000000000000000000, 3.469446951953611033E-15, 0.000000000000000000 ) ) ;
#522 = ORIENTED_EDGE ( 'NONE', *, *, #1855, .T. ) ;
#523 = LINE ( 'NONE', #2643, #2541 ) ;
#524 = LINE ( 'NONE', #2611, #239 ) ;
#525 = DIRECTION ( 'NONE',  ( -1.000000000000000000, 0.000000000000000000, 0.000000000000000000 ) ) ;
#526 = ORIENTED_EDGE ( 'NONE', *, *, #2057, .T. ) ;
#527 = DIRECTION ( 'NONE',  ( -0.000000000000000000, -0.000000000000000000, -1.000000000000000000 ) ) ;
#528 = CIRCLE ( 'NONE', #2167, 3.000000000000012879 ) ;
#529 = ORIENTED_EDGE ( 'NONE', *, *, #2692, .T. ) ;
#530 = ORIENTED_EDGE ( 'NONE', *, *, #136, .F. ) ;
#531 = CARTESIAN_POINT ( 'NONE',  ( -16.10000000000000142, -10.49999999999999822, 0.000000000000000000 ) ) ;
#532 = CYLINDRICAL_SURFACE ( 'NONE', #1229, 2.000000000000000000 ) ;
#533 = CIRCLE ( 'NONE', #2808, 1.499999999999999556 ) ;
#534 = DIRECTION ( 'NONE',  ( 1.000000000000000000, -0.000000000000000000, -0.000000000000000000 ) ) ;
#535 = EDGE_LOOP ( 'NONE', ( #755, #2730, #484, #1378, #296, #874 ) ) ;
#536 = CIRCLE ( 'NONE', #977, 1.500000000000001332 ) ;
#537 = EDGE_CURVE ( 'NONE', #2379, #1000, #326, .T. ) ;
#538 = DIRECTION ( 'NONE',  ( 1.000000000000000000, -5.204170427930416550E-15, 0.000000000000000000 ) ) ;
#539 = AXIS2_PLACEMENT_3D ( 'NONE', #982, #2113, #55 ) ;
#540 = CARTESIAN_POINT ( 'NONE',  ( -16.10000000000000142, -9.000000000000000000, 3.903127820947814385E-15 ) ) ;
#541 = CARTESIAN_POINT ( 'NONE',  ( -12.69999999999999574, 4.500000000000000888, -1.700000000000000178 ) ) ;
#542 = ORIENTED_EDGE ( 'NONE', *, *, #2204, .T. ) ;
#543 = ADVANCED_FACE ( 'NONE', ( #2176 ), #2436, .F. ) ;
#544 = DIRECTION ( 'NONE',  ( 0.000000000000000000, 0.000000000000000000, 1.000000000000000000 ) ) ;
#545 = VECTOR ( 'NONE', #349, 1000.000000000000000 ) ;
#546 = EDGE_LOOP ( 'NONE', ( #143, #2120, #1511, #701 ) ) ;
#547 = CARTESIAN_POINT ( 'NONE',  ( 14.69999999999996554, 6.500000000000000000, -1.700000000000000178 ) ) ;
#548 = ORIENTED_EDGE ( 'NONE', *, *, #1507, .F. ) ;
#549 = CARTESIAN_POINT ( 'NONE',  ( -14.69999999999999574, 4.500000000000000000, -1.700000000000000178 ) ) ;
#550 = CARTESIAN_POINT ( 'NONE',  ( 17.70000000000000284, 12.00000000000005862, 7.499999999999996447 ) ) ;
#551 = LINE ( 'NONE', #1749, #978 ) ;
#552 = VERTEX_POINT ( 'NONE', #2859 ) ;
#553 = LINE ( 'NONE', #1483, #408 ) ;
#554 = AXIS2_PLACEMENT_3D ( 'NONE', #1885, #946, #446 ) ;
#555 = CIRCLE ( 'NONE', #9, 3.000000000000016431 ) ;
#556 = DIRECTION ( 'NONE',  ( 1.000000000000000000, 0.000000000000000000, -1.734723475976806897E-15 ) ) ;
#557 = CARTESIAN_POINT ( 'NONE',  ( -16.33792355422242437, -6.946001540359997506, -3.902483937069925357 ) ) ;
#558 = ORIENTED_EDGE ( 'NONE', *, *, #267, .T. ) ;
#559 = CARTESIAN_POINT ( 'NONE',  ( 0.000000000000000000, 0.000000000000000000, 0.000000000000000000 ) ) ;
#560 = EDGE_CURVE ( 'NONE', #149, #922, #2074, .T. ) ;
#561 = EDGE_CURVE ( 'NONE', #2961, #1349, #1151, .T. ) ;
#562 = ORIENTED_EDGE ( 'NONE', *, *, #802, .T. ) ;
#563 = FACE_OUTER_BOUND ( 'NONE', #2916, .T. ) ;
#564 = VERTEX_POINT ( 'NONE', #1955 ) ;
#565 = CARTESIAN_POINT ( 'NONE',  ( 19.10000000000000142, 19.10000000000000142, -10.00000000000000000 ) ) ;
#566 = DIRECTION ( 'NONE',  ( -1.000000000000000000, -0.000000000000000000, -0.000000000000000000 ) ) ;
#567 = DIRECTION ( 'NONE',  ( 1.000000000000000000, 0.000000000000000000, 0.000000000000000000 ) ) ;
#568 = ORIENTED_EDGE ( 'NONE', *, *, #598, .T. ) ;
#569 = FACE_OUTER_BOUND ( 'NONE', #420, .T. ) ;
#570 = AXIS2_PLACEMENT_3D ( 'NONE', #1769, #1545, #1119 ) ;
#571 = LINE ( 'NONE', #1273, #2615 ) ;
#572 = CARTESIAN_POINT ( 'NONE',  ( -14.69999999999999574, 6.500000000000000000, -4.000000000000000000 ) ) ;
#573 = ORIENTED_EDGE ( 'NONE', *, *, #2761, .T. ) ;
#574 = CARTESIAN_POINT ( 'NONE',  ( -7.950000000000000178, -6.957857418303746131E-14, -6.800000000000000711 ) ) ;
#575 = ORIENTED_EDGE ( 'NONE', *, *, #1967, .F. ) ;
#576 = VECTOR ( 'NONE', #908, 1000.000000000000000 ) ;
#577 = EDGE_CURVE ( 'NONE', #2225, #774, #2313, .T. ) ;
#578 = CIRCLE ( 'NONE', #2514, 2.000000000000000000 ) ;
#579 = EDGE_CURVE ( 'NONE', #714, #1909, #1013, .T. ) ;
#580 = CARTESIAN_POINT ( 'NONE',  ( 17.70000000000004547, -6.499999999999777955, -1.700000000000000178 ) ) ;
#581 = ORIENTED_EDGE ( 'NONE', *, *, #1523, .T. ) ;
#582 = CARTESIAN_POINT ( 'NONE',  ( 17.70000000000000284, -11.99999999999994138, 7.499999999999985789 ) ) ;
#583 = CARTESIAN_POINT ( 'NONE',  ( -15.69999999999999574, -15.70000000000000995, 10.00000000000000000 ) ) ;
#584 = CARTESIAN_POINT ( 'NONE',  ( -10.50000000000025757, 19.09999999999989484, 7.499999999999996447 ) ) ;
#585 = ORIENTED_EDGE ( 'NONE', *, *, #1205, .F. ) ;
#586 = CARTESIAN_POINT ( 'NONE',  ( -16.79573229705846771, 7.242116284263014236, -3.681965326423289220 ) ) ;
#587 = AXIS2_PLACEMENT_3D ( 'NONE', #694, #2059, #1862 ) ;
#588 = CARTESIAN_POINT ( 'NONE',  ( -16.10000000000000142, 7.500000000000001776, -4.000000000000000000 ) ) ;
#589 = VERTEX_POINT ( 'NONE', #1726 ) ;
#590 = DIRECTION ( 'NONE',  ( 0.000000000000000000, 0.000000000000000000, 1.000000000000000000 ) ) ;
#591 = CIRCLE ( 'NONE', #2133, 2.000000000000000000 ) ;
#592 = DIRECTION ( 'NONE',  ( 0.000000000000000000, 0.000000000000000000, -1.000000000000000000 ) ) ;
#593 = ORIENTED_EDGE ( 'NONE', *, *, #1761, .F. ) ;
#594 = AXIS2_PLACEMENT_3D ( 'NONE', #2443, #361, #83 ) ;
#595 = DIRECTION ( 'NONE',  ( 1.000000000000000000, -0.000000000000000000, -0.000000000000000000 ) ) ;
#596 = ORIENTED_EDGE ( 'NONE', *, *, #136, .T. ) ;
#597 = DIRECTION ( 'NONE',  ( 0.000000000000000000, 2.168404344971008868E-16, 1.000000000000000000 ) ) ;
#598 = EDGE_CURVE ( 'NONE', #2130, #2237, #1457, .T. ) ;
#599 = EDGE_CURVE ( 'NONE', #2961, #263, #1289, .T. ) ;
#600 = DIRECTION ( 'NONE',  ( 0.000000000000000000, -1.000000000000000000, 0.000000000000000000 ) ) ;
#601 = ORIENTED_EDGE ( 'NONE', *, *, #155, .T. ) ;
#602 = DIRECTION ( 'NONE',  ( 1.000000000000000000, -0.000000000000000000, -0.000000000000000000 ) ) ;
#603 = CARTESIAN_POINT ( 'NONE',  ( 13.50000000000012079, -17.70000000000000284, 7.499999999999996447 ) ) ;
#604 = CIRCLE ( 'NONE', #1525, 1.500000000000001332 ) ;
#605 = VERTEX_POINT ( 'NONE', #58 ) ;
#606 = LINE ( 'NONE', #891, #2170 ) ;
#607 = VECTOR ( 'NONE', #2937, 1000.000000000000000 ) ;
#608 = LINE ( 'NONE', #850, #2178 ) ;
#609 = ORIENTED_EDGE ( 'NONE', *, *, #599, .F. ) ;
#610 = DIRECTION ( 'NONE',  ( 0.000000000000000000, 0.000000000000000000, -1.000000000000000000 ) ) ;
#611 = ORIENTED_EDGE ( 'NONE', *, *, #425, .T. ) ;
#612 = LINE ( 'NONE', #2243, #409 ) ;
#613 = DIRECTION ( 'NONE',  ( -1.000000000000000000, 0.000000000000000000, 0.000000000000000000 ) ) ;
#614 = VERTEX_POINT ( 'NONE', #574 ) ;
#615 = CARTESIAN_POINT ( 'NONE',  ( -17.69999999999999574, 6.500000000000003553, 3.000000000000000000 ) ) ;
#616 = ADVANCED_FACE ( 'NONE', ( #1741 ), #2647, .T. ) ;
#617 = ADVANCED_FACE ( 'NONE', ( #1487 ), #2597, .F. ) ;
#618 = DIRECTION ( 'NONE',  ( -1.000000000000000000, -0.000000000000000000, -0.000000000000000000 ) ) ;
#619 = EDGE_LOOP ( 'NONE', ( #125, #2015, #542, #2499 ) ) ;
#620 = DIRECTION ( 'NONE',  ( -1.000000000000000000, 0.000000000000000000, 0.000000000000000000 ) ) ;
#621 = VECTOR ( 'NONE', #1831, 1000.000000000000114 ) ;
#622 = LINE ( 'NONE', #132, #2610 ) ;
#623 = ORIENTED_EDGE ( 'NONE', *, *, #424, .F. ) ;
#624 = AXIS2_PLACEMENT_3D ( 'NONE', #1430, #2584, #2317 ) ;
#625 = VERTEX_POINT ( 'NONE', #1502 ) ;
#626 = AXIS2_PLACEMENT_3D ( 'NONE', #2505, #2918, #1535 ) ;
#627 = CYLINDRICAL_SURFACE ( 'NONE', #1187, 1.499999999999999556 ) ;
#628 = PRESENTATION_LAYER_ASSIGNMENT (  '', '', ( #2848 ) ) ;
#629 = CARTESIAN_POINT ( 'NONE',  ( -12.69999999999999574, 6.500000000000000000, -4.000000000000000000 ) ) ;
#630 = EDGE_LOOP ( 'NONE', ( #1729, #1505, #593, #2496, #832 ) ) ;
#631 = CARTESIAN_POINT ( 'NONE',  ( -17.69999999999999574, -7.499999999999996447, 3.000000000000001332 ) ) ;
#632 = CARTESIAN_POINT ( 'NONE',  ( 15.70000000000000639, 15.69999999999999929, -2.000000000000000000 ) ) ;
#633 = ADVANCED_FACE ( 'NONE', ( #2420 ), #1225, .F. ) ;
#634 = EDGE_CURVE ( 'NONE', #247, #2265, #868, .T. ) ;
#635 = ORIENTED_EDGE ( 'NONE', *, *, #909, .T. ) ;
#636 = DIRECTION ( 'NONE',  ( 1.000000000000000000, 0.000000000000000000, 0.000000000000000000 ) ) ;
#637 = CIRCLE ( 'NONE', #1989, 1.500000000000001332 ) ;
#638 = EDGE_CURVE ( 'NONE', #393, #980, #1346, .T. ) ;
#639 = DIRECTION ( 'NONE',  ( 0.000000000000000000, 0.000000000000000000, 1.000000000000000000 ) ) ;
#640 = EDGE_LOOP ( 'NONE', ( #971, #1353, #1210, #2012, #1288, #2788, #2349, #1086 ) ) ;
#641 = DIRECTION ( 'NONE',  ( 1.000000000000000000, -0.000000000000000000, 0.000000000000000000 ) ) ;
#642 = VECTOR ( 'NONE', #2784, 1000.000000000000000 ) ;
#643 = VECTOR ( 'NONE', #2606, 1000.000000000000000 ) ;
#644 = ORIENTED_EDGE ( 'NONE', *, *, #2148, .T. ) ;
#645 = CARTESIAN_POINT ( 'NONE',  ( -15.69999999999999929, 0.000000000000000000, -4.000000000000000000 ) ) ;
#646 = CARTESIAN_POINT ( 'NONE',  ( -15.69999999999999929, -15.70000000000000995, -2.000000000000000000 ) ) ;
#647 = EDGE_LOOP ( 'NONE', ( #252, #903, #414 ) ) ;
#648 = CARTESIAN_POINT ( 'NONE',  ( -19.10000000000000142, 11.99999999999994138, 8.999999999999987566 ) ) ;
#649 = CARTESIAN_POINT ( 'NONE',  ( -12.00000000000024514, 17.69999999999999574, 7.499999999999996447 ) ) ;
#650 = ORIENTED_EDGE ( 'NONE', *, *, #1115, .T. ) ;
#651 = DIRECTION ( 'NONE',  ( 1.000000000000000000, -0.000000000000000000, -0.000000000000000000 ) ) ;
#652 = ORIENTED_EDGE ( 'NONE', *, *, #638, .T. ) ;
#653 = CARTESIAN_POINT ( 'NONE',  ( 15.70000000000000639, -15.70000000000000639, 8.999999999999992895 ) ) ;
#654 = CIRCLE ( 'NONE', #1140, 1.499999999999999556 ) ;
#655 = EDGE_CURVE ( 'NONE', #27, #1398, #861, .T. ) ;
#656 = EDGE_CURVE ( 'NONE', #1026, #714, #2724, .T. ) ;
#657 = CARTESIAN_POINT ( 'NONE',  ( 14.70000000000011298, -6.499999999999911182, -4.000000000000000000 ) ) ;
#658 = CIRCLE ( 'NONE', #2598, 0.7500000000000002220 ) ;
#659 = ORIENTED_EDGE ( 'NONE', *, *, #367, .F. ) ;
#660 = CARTESIAN_POINT ( 'NONE',  ( -17.69999999999999574, 15.69999999999999929, 0.000000000000000000 ) ) ;
#661 = CARTESIAN_POINT ( 'NONE',  ( 15.70000000000000639, 17.69999999999999574, 8.999999999999992895 ) ) ;
#662 = ORIENTED_EDGE ( 'NONE', *, *, #892, .F. ) ;
#663 = DIRECTION ( 'NONE',  ( 1.000000000000000000, 0.000000000000000000, 0.000000000000000000 ) ) ;
#664 = LINE ( 'NONE', #1084, #138 ) ;
#665 = ORIENTED_EDGE ( 'NONE', *, *, #468, .F. ) ;
#666 = ORIENTED_EDGE ( 'NONE', *, *, #1673, .T. ) ;
#667 = FILL_AREA_STYLE ('',( #877 ) ) ;
#668 = CARTESIAN_POINT ( 'NONE',  ( -17.10000000000000497, 17.10000000000000497, 10.00000000000000000 ) ) ;
#669 = ORIENTED_EDGE ( 'NONE', *, *, #211, .F. ) ;
#670 = DIRECTION ( 'NONE',  ( 0.000000000000000000, -0.000000000000000000, -1.000000000000000000 ) ) ;
#671 = ORIENTED_EDGE ( 'NONE', *, *, #783, .F. ) ;
#672 = EDGE_CURVE ( 'NONE', #2432, #2159, #2414, .T. ) ;
#673 = ADVANCED_FACE ( 'NONE', ( #369 ), #1087, .T. ) ;
#674 = DIRECTION ( 'NONE',  ( 0.000000000000000000, 0.000000000000000000, 1.000000000000000000 ) ) ;
#675 = CARTESIAN_POINT ( 'NONE',  ( -18.70000000000001350, 15.69999999999999929, 10.00000000000000000 ) ) ;
#676 = LINE ( 'NONE', #1178, #1476 ) ;
#677 = ORIENTED_EDGE ( 'NONE', *, *, #2337, .T. ) ;
#678 = DIRECTION ( 'NONE',  ( -9.082321863752916905E-17, 1.000000000000000000, 0.000000000000000000 ) ) ;
#679 = DIRECTION ( 'NONE',  ( -0.000000000000000000, -1.000000000000000000, 0.000000000000000000 ) ) ;
#680 = ORIENTED_EDGE ( 'NONE', *, *, #2338, .T. ) ;
#681 = CARTESIAN_POINT ( 'NONE',  ( -19.10000000000000142, -12.00000000000005862, 7.499999999999996447 ) ) ;
#682 =( LENGTH_UNIT ( ) NAMED_UNIT ( * ) SI_UNIT ( .MILLI., .METRE. ) );
#683 = ORIENTED_EDGE ( 'NONE', *, *, #727, .F. ) ;
#684 = CARTESIAN_POINT ( 'NONE',  ( -14.10000000000000142, -9.000000000000000000, 3.903127820947814385E-15 ) ) ;
#685 = CIRCLE ( 'NONE', #2377, 2.000000000000000000 ) ;
#686 = EDGE_CURVE ( 'NONE', #1318, #847, #1301, .T. ) ;
#687 = DIRECTION ( 'NONE',  ( 0.000000000000000000, -2.168404344971008868E-16, -1.000000000000000000 ) ) ;
#688 = CIRCLE ( 'NONE', #1612, 2.000000000000000000 ) ;
#689 = CARTESIAN_POINT ( 'NONE',  ( -17.69999999999999574, 15.69999999999999929, 0.000000000000000000 ) ) ;
#690 = ADVANCED_FACE ( 'NONE', ( #1755 ), #2739, .F. ) ;
#691 = EDGE_CURVE ( 'NONE', #280, #31, #1495, .T. ) ;
#692 = CARTESIAN_POINT ( 'NONE',  ( 15.70000000000000639, 0.000000000000000000, -2.000000000000000000 ) ) ;
#693 = CARTESIAN_POINT ( 'NONE',  ( -12.00000000000024514, 17.69999999999999574, 7.499999999999996447 ) ) ;
#694 = CARTESIAN_POINT ( 'NONE',  ( 1.538709523889033182E-15, -15.70000000000000995, -2.000000000000000000 ) ) ;
#695 = ORIENTED_EDGE ( 'NONE', *, *, #2127, .F. ) ;
#696 = DIRECTION ( 'NONE',  ( 0.000000000000000000, 0.000000000000000000, -1.000000000000000000 ) ) ;
#697 = VERTEX_POINT ( 'NONE', #147 ) ;
#698 = VECTOR ( 'NONE', #1189, 1000.000000000000000 ) ;
#699 = CARTESIAN_POINT ( 'NONE',  ( -16.10000000000000142, -9.000000000000000000, 3.903127820947814385E-15 ) ) ;
#700 = AXIS2_PLACEMENT_3D ( 'NONE', #2442, #140, #1973 ) ;
#701 = ORIENTED_EDGE ( 'NONE', *, *, #744, .F. ) ;
#702 = DIRECTION ( 'NONE',  ( 0.000000000000000000, 1.000000000000000000, 0.000000000000000000 ) ) ;
#703 = DIRECTION ( 'NONE',  ( -1.000000000000000000, 0.000000000000000000, 0.000000000000000000 ) ) ;
#704 = ORIENTED_EDGE ( 'NONE', *, *, #876, .T. ) ;
#705 = EDGE_CURVE ( 'NONE', #2402, #2898, #606, .T. ) ;
#706 = EDGE_CURVE ( 'NONE', #242, #1492, #2010, .T. ) ;
#707 = DIRECTION ( 'NONE',  ( -0.000000000000000000, 0.000000000000000000, -1.000000000000000000 ) ) ;
#708 = CARTESIAN_POINT ( 'NONE',  ( -16.10000000000000142, 0.000000000000000000, -1.700000000000000178 ) ) ;
#709 = FACE_OUTER_BOUND ( 'NONE', #1536, .T. ) ;
#710 = ORIENTED_EDGE ( 'NONE', *, *, #1617, .F. ) ;
#711 = FACE_OUTER_BOUND ( 'NONE', #1660, .T. ) ;
#712 = EDGE_LOOP ( 'NONE', ( #1300, #2285, #1082, #112, #2952, #529 ) ) ;
#713 = AXIS2_PLACEMENT_3D ( 'NONE', #2875, #307, #1517 ) ;
#714 = VERTEX_POINT ( 'NONE', #2219 ) ;
#715 = CARTESIAN_POINT ( 'NONE',  ( -19.10000000000000142, 7.500000000000003553, 4.000000000000000000 ) ) ;
#716 = FACE_OUTER_BOUND ( 'NONE', #122, .T. ) ;
#717 = AXIS2_PLACEMENT_3D ( 'NONE', #2013, #1037, #201 ) ;
#718 = ORIENTED_EDGE ( 'NONE', *, *, #1175, .F. ) ;
#719 = VECTOR ( 'NONE', #595, 1000.000000000000000 ) ;
#720 = DIRECTION ( 'NONE',  ( -1.000000000000000000, 0.000000000000000000, 0.000000000000000000 ) ) ;
#721 = AXIS2_PLACEMENT_3D ( 'NONE', #2930, #2711, #2963 ) ;
#722 = EDGE_CURVE ( 'NONE', #697, #838, #1588, .T. ) ;
#723 = CARTESIAN_POINT ( 'NONE',  ( -14.69999999999999574, 6.500000000000000000, -1.700000000000000178 ) ) ;
#724 = CARTESIAN_POINT ( 'NONE',  ( -14.69999999999999574, 6.500000000000000000, -1.700000000000000178 ) ) ;
#725 = ORIENTED_EDGE ( 'NONE', *, *, #875, .T. ) ;
#726 = DIRECTION ( 'NONE',  ( 0.000000000000000000, 0.000000000000000000, 1.000000000000000000 ) ) ;
#727 = EDGE_CURVE ( 'NONE', #757, #84, #2946, .T. ) ;
#728 = EDGE_CURVE ( 'NONE', #1417, #1793, #473, .T. ) ;
#729 = CIRCLE ( 'NONE', #2847, 2.000000000000000000 ) ;
#730 = ORIENTED_EDGE ( 'NONE', *, *, #784, .T. ) ;
#731 = CONICAL_SURFACE ( 'NONE', #2037, 3.000000000000012879, 0.7853981633974509435 ) ;
#732 = LINE ( 'NONE', #1684, #372 ) ;
#733 = DIRECTION ( 'NONE',  ( -0.000000000000000000, 0.000000000000000000, 1.000000000000000000 ) ) ;
#734 = CIRCLE ( 'NONE', #1992, 2.000000000000000000 ) ;
#735 = VECTOR ( 'NONE', #1249, 1000.000000000000000 ) ;
#736 = CARTESIAN_POINT ( 'NONE',  ( -17.69999999999999574, 9.000000000000000000, 0.000000000000000000 ) ) ;
#737 = ORIENTED_EDGE ( 'NONE', *, *, #823, .F. ) ;
#738 = DIRECTION ( 'NONE',  ( -0.000000000000000000, 1.000000000000000000, -0.000000000000000000 ) ) ;
#739 = CARTESIAN_POINT ( 'NONE',  ( -19.10000000000000142, 17.10000000000000497, 10.00000000000000000 ) ) ;
#740 = EDGE_LOOP ( 'NONE', ( #1800, #2510, #2889, #1551 ) ) ;
#741 = CYLINDRICAL_SURFACE ( 'NONE', #1783, 1.999999999999998224 ) ;
#742 = EDGE_LOOP ( 'NONE', ( #2047, #1746, #107, #2895, #46, #2631 ) ) ;
#743 = ADVANCED_FACE ( 'NONE', ( #1996 ), #1331, .T. ) ;
#744 = EDGE_CURVE ( 'NONE', #1133, #1426, #2512, .T. ) ;
#745 = ORIENTED_EDGE ( 'NONE', *, *, #6, .T. ) ;
#746 = MANIFOLD_SOLID_BREP ( '\X2\52079664\X0\-\X2\62c94f38\X0\6', #222 ) ;
#747 = DIRECTION ( 'NONE',  ( -1.000000000000000000, 0.000000000000000000, 0.000000000000000000 ) ) ;
#748 = FACE_OUTER_BOUND ( 'NONE', #775, .T. ) ;
#749 = CIRCLE ( 'NONE', #2778, 2.000000000000000000 ) ;
#750 = DIRECTION ( 'NONE',  ( -1.000000000000000000, 0.000000000000000000, 0.000000000000000000 ) ) ;
#751 = VERTEX_POINT ( 'NONE', #2979 ) ;
#752 = DIRECTION ( 'NONE',  ( 0.000000000000000000, 0.000000000000000000, 1.000000000000000000 ) ) ;
#753 = CARTESIAN_POINT ( 'NONE',  ( 17.70000000000000284, -17.70000000000000284, -2.000000000000000000 ) ) ;
#754 = CARTESIAN_POINT ( 'NONE',  ( -17.69999999999999574, -6.500000000000000000, -1.700000000000000178 ) ) ;
#755 = ORIENTED_EDGE ( 'NONE', *, *, #1929, .T. ) ;
#756 = CARTESIAN_POINT ( 'NONE',  ( 11.99999999999974243, 19.10000000000012577, 7.499999999999985789 ) ) ;
#757 = VERTEX_POINT ( 'NONE', #1649 ) ;
#758 = EDGE_CURVE ( 'NONE', #27, #2532, #1248, .T. ) ;
#759 = VERTEX_POINT ( 'NONE', #465 ) ;
#760 = DIRECTION ( 'NONE',  ( -1.000000000000000000, -0.000000000000000000, -0.000000000000000000 ) ) ;
#761 = CARTESIAN_POINT ( 'NONE',  ( -19.10000000000000142, 9.000000000000000000, 0.7500000000000002220 ) ) ;
#762 = ADVANCED_FACE ( 'NONE', ( #2782, #3008, #1394 ), #2314, .F. ) ;
#763 = DIRECTION ( 'NONE',  ( 0.000000000000000000, -0.000000000000000000, 1.000000000000000000 ) ) ;
#764 = ORIENTED_EDGE ( 'NONE', *, *, #855, .T. ) ;
#765 = CARTESIAN_POINT ( 'NONE',  ( -17.21111149496748283, 7.457110958325090522, -3.323328276560877814 ) ) ;
#766 = CIRCLE ( 'NONE', #2845, 2.000000000000000000 ) ;
#767 = CIRCLE ( 'NONE', #2893, 2.000000000000001776 ) ;
#768 = PRODUCT ( 'LQ25-11FCMB-01-001', 'LQ25-11FCMB-01-001', '', ( #2014 ) ) ;
#769 = CARTESIAN_POINT ( 'NONE',  ( -17.33235766365019259, -7.499999999999999112, -3.172673590433434665 ) ) ;
#770 = ORIENTED_EDGE ( 'NONE', *, *, #2204, .F. ) ;
#771 = CARTESIAN_POINT ( 'NONE',  ( 17.70000000000000284, -17.70000000000000284, 8.999999999999992895 ) ) ;
#772 = AXIS2_PLACEMENT_3D ( 'NONE', #506, #1899, #2136 ) ;
#773 = VECTOR ( 'NONE', #340, 1000.000000000000000 ) ;
#774 = VERTEX_POINT ( 'NONE', #210 ) ;
#775 = EDGE_LOOP ( 'NONE', ( #181, #2293, #2844, #371 ) ) ;
#776 = DIRECTION ( 'NONE',  ( -1.047444401652940007E-14, 1.000000000000000000, -0.000000000000000000 ) ) ;
#777 = CARTESIAN_POINT ( 'NONE',  ( 15.70000000000000639, -17.70000000000000284, -2.000000000000000000 ) ) ;
#778 = VECTOR ( 'NONE', #884, 1000.000000000000114 ) ;
#779 = CARTESIAN_POINT ( 'NONE',  ( 12.00000000000009059, -9.099999999999960565, 7.499999999999996447 ) ) ;
#780 = ORIENTED_EDGE ( 'NONE', *, *, #2185, .T. ) ;
#781 = VECTOR ( 'NONE', #3010, 1000.000000000000000 ) ;
#782 = FACE_OUTER_BOUND ( 'NONE', #712, .T. ) ;
#783 = EDGE_CURVE ( 'NONE', #883, #1192, #511, .T. ) ;
#784 = EDGE_CURVE ( 'NONE', #1426, #16, #1163, .T. ) ;
#785 = AXIS2_PLACEMENT_3D ( 'NONE', #509, #750, #476 ) ;
#786 = CARTESIAN_POINT ( 'NONE',  ( 19.10000000000000142, -19.10000000000000142, -10.00000000000000000 ) ) ;
#787 = CARTESIAN_POINT ( 'NONE',  ( 19.10000000000000142, 12.00000000000005862, 7.499999999999996447 ) ) ;
#788 = VERTEX_POINT ( 'NONE', #2992 ) ;
#789 = DIRECTION ( 'NONE',  ( 1.000000000000000000, 0.000000000000000000, 0.000000000000000000 ) ) ;
#790 = VECTOR ( 'NONE', #1356, 1000.000000000000000 ) ;
#791 = ORIENTED_EDGE ( 'NONE', *, *, #1171, .T. ) ;
#792 = FACE_OUTER_BOUND ( 'NONE', #1185, .T. ) ;
#793 = ORIENTED_EDGE ( 'NONE', *, *, #2964, .T. ) ;
#794 = DIRECTION ( 'NONE',  ( -0.000000000000000000, 0.000000000000000000, 1.000000000000000000 ) ) ;
#795 = CARTESIAN_POINT ( 'NONE',  ( 14.69999999999996554, 4.500000000000000000, -4.000000000000000000 ) ) ;
#796 = CARTESIAN_POINT ( 'NONE',  ( -17.10000000000000497, 17.10000000000000497, 10.00000000000000000 ) ) ;
#797 = VERTEX_POINT ( 'NONE', #1634 ) ;
#798 = DIRECTION ( 'NONE',  ( 1.000000000000000000, 9.800697604388740006E-17, 0.000000000000000000 ) ) ;
#799 = VECTOR ( 'NONE', #2107, 1000.000000000000000 ) ;
#800 = AXIS2_PLACEMENT_3D ( 'NONE', #2183, #1926, #1945 ) ;
#801 = DIRECTION ( 'NONE',  ( 0.000000000000000000, -1.000000000000000000, 1.156482317317871478E-16 ) ) ;
#802 = EDGE_CURVE ( 'NONE', #2803, #2379, #1606, .T. ) ;
#803 = CARTESIAN_POINT ( 'NONE',  ( -16.79575998720207508, -7.242132769348490484, -3.681946771903740423 ) ) ;
#804 = EDGE_CURVE ( 'NONE', #1786, #247, #2936, .T. ) ;
#805 = ORIENTED_EDGE ( 'NONE', *, *, #1023, .F. ) ;
#806 = CARTESIAN_POINT ( 'NONE',  ( 17.70000000000000284, 12.00000000000005862, 7.499999999999996447 ) ) ;
#807 = ORIENTED_EDGE ( 'NONE', *, *, #2321, .F. ) ;
#808 = DIRECTION ( 'NONE',  ( -1.000000000000000000, 0.000000000000000000, -0.000000000000000000 ) ) ;
#809 = ORIENTED_EDGE ( 'NONE', *, *, #577, .T. ) ;
#810 = CARTESIAN_POINT ( 'NONE',  ( -10.00000000000000000, -6.982962677686266711E-14, -6.800000000000000711 ) ) ;
#811 = DIRECTION ( 'NONE',  ( 0.000000000000000000, 0.000000000000000000, 1.000000000000000000 ) ) ;
#812 = FACE_OUTER_BOUND ( 'NONE', #2792, .T. ) ;
#813 = ORIENTED_EDGE ( 'NONE', *, *, #135, .F. ) ;
#814 = PLANE ( 'NONE',  #1866 ) ;
#815 = AXIS2_PLACEMENT_3D ( 'NONE', #2251, #2084, #1859 ) ;
#816 = CYLINDRICAL_SURFACE ( 'NONE', #2476, 2.000000000000000000 ) ;
#817 = APPLICATION_CONTEXT ( 'automotive_design' ) ;
#818 = ORIENTED_EDGE ( 'NONE', *, *, #1578, .F. ) ;
#819 = CARTESIAN_POINT ( 'NONE',  ( 9.100000000000001421, 12.00000000000005862, 5.999999999999995559 ) ) ;
#820 = EDGE_LOOP ( 'NONE', ( #342, #1696 ) ) ;
#821 = VECTOR ( 'NONE', #1197, 1000.000000000000000 ) ;
#822 = ADVANCED_FACE ( 'NONE', ( #1381 ), #11, .T. ) ;
#823 = EDGE_CURVE ( 'NONE', #16, #1042, #1181, .T. ) ;
#824 = LINE ( 'NONE', #121, #872 ) ;
#825 = VERTEX_POINT ( 'NONE', #950 ) ;
#826 = CARTESIAN_POINT ( 'NONE',  ( -16.10000000000000142, 9.000000000000000000, 0.000000000000000000 ) ) ;
#827 = DIRECTION ( 'NONE',  ( 0.000000000000000000, 0.000000000000000000, 1.000000000000000000 ) ) ;
#828 = VERTEX_POINT ( 'NONE', #1874 ) ;
#829 = CARTESIAN_POINT ( 'NONE',  ( -15.69999999999999929, -15.70000000000000995, -2.000000000000000000 ) ) ;
#830 = CIRCLE ( 'NONE', #1940, 2.000000000000000000 ) ;
#831 = DIRECTION ( 'NONE',  ( -1.734723475976807094E-15, 0.000000000000000000, -1.000000000000000000 ) ) ;
#832 = ORIENTED_EDGE ( 'NONE', *, *, #519, .T. ) ;
#833 = CARTESIAN_POINT ( 'NONE',  ( -17.69999999999999574, 9.000000000000000000, 0.000000000000000000 ) ) ;
#834 = VECTOR ( 'NONE', #2202, 1000.000000000000000 ) ;
#835 = DIRECTION ( 'NONE',  ( 1.000000000000000000, 0.000000000000000000, 0.000000000000000000 ) ) ;
#836 = ORIENTED_EDGE ( 'NONE', *, *, #2687, .F. ) ;
#837 = LINE ( 'NONE', #547, #1650 ) ;
#838 = VERTEX_POINT ( 'NONE', #2300 ) ;
#839 = EDGE_CURVE ( 'NONE', #1192, #232, #2839, .T. ) ;
#840 = ADVANCED_FACE ( 'NONE', ( #1427 ), #2753, .F. ) ;
#841 = CARTESIAN_POINT ( 'NONE',  ( -17.69999999999999574, -17.70000000000000639, -4.000000000000000000 ) ) ;
#842 = DIRECTION ( 'NONE',  ( 0.000000000000000000, 0.000000000000000000, 1.000000000000000000 ) ) ;
#843 = VERTEX_POINT ( 'NONE', #2357 ) ;
#844 = DIRECTION ( 'NONE',  ( 0.000000000000000000, 0.000000000000000000, 1.000000000000000000 ) ) ;
#845 = DIRECTION ( 'NONE',  ( 0.000000000000000000, 0.000000000000000000, 1.000000000000000000 ) ) ;
#846 = AXIS2_PLACEMENT_3D ( 'NONE', #266, #507, #2137 ) ;
#847 = VERTEX_POINT ( 'NONE', #2343 ) ;
#848 = CARTESIAN_POINT ( 'NONE',  ( 15.70000000000000639, -17.70000000000000284, 8.999999999999992895 ) ) ;
#849 = VECTOR ( 'NONE', #1173, 1000.000000000000000 ) ;
#850 = CARTESIAN_POINT ( 'NONE',  ( -15.69999999999999929, 17.69999999999999574, -4.000000000000000000 ) ) ;
#851 = ORIENTED_EDGE ( 'NONE', *, *, #363, .T. ) ;
#852 = AXIS2_PLACEMENT_3D ( 'NONE', #2189, #2883, #100 ) ;
#853 = EDGE_LOOP ( 'NONE', ( #2438, #2274, #2719, #213 ) ) ;
#854 = FACE_OUTER_BOUND ( 'NONE', #1736, .T. ) ;
#855 = EDGE_CURVE ( 'NONE', #2882, #2734, #219, .T. ) ;
#856 = DIRECTION ( 'NONE',  ( 3.491481338843133355E-15, -1.000000000000000000, -0.000000000000000000 ) ) ;
#857 = CARTESIAN_POINT ( 'NONE',  ( 11.99999999999975486, 17.69999999999999574, 7.499999999999985789 ) ) ;
#858 = EDGE_CURVE ( 'NONE', #2803, #202, #270, .T. ) ;
#859 = DIRECTION ( 'NONE',  ( 0.000000000000000000, 0.000000000000000000, 1.000000000000000000 ) ) ;
#860 = ORIENTED_EDGE ( 'NONE', *, *, #1966, .T. ) ;
#861 = LINE ( 'NONE', #2899, #2461 ) ;
#862 = CARTESIAN_POINT ( 'NONE',  ( 15.70000000000000639, -15.70000000000000639, -2.000000000000000000 ) ) ;
#863 = ORIENTED_EDGE ( 'NONE', *, *, #1076, .F. ) ;
#864 = CARTESIAN_POINT ( 'NONE',  ( -15.69999999999999929, 15.69999999999999929, -2.000000000000000000 ) ) ;
#865 = CIRCLE ( 'NONE', #2556, 1.500000000000001332 ) ;
#866 = ORIENTED_EDGE ( 'NONE', *, *, #101, .F. ) ;
#867 = CARTESIAN_POINT ( 'NONE',  ( -12.00000000000015454, 9.099999999999877076, 7.499999999999996447 ) ) ;
#868 = CIRCLE ( 'NONE', #1777, 1.499999999999999556 ) ;
#869 = LINE ( 'NONE', #1568, #1564 ) ;
#870 = ORIENTED_EDGE ( 'NONE', *, *, #2258, .F. ) ;
#871 = DIRECTION ( 'NONE',  ( -1.000000000000000000, 0.000000000000000000, 0.000000000000000000 ) ) ;
#872 = VECTOR ( 'NONE', #1941, 1000.000000000000000 ) ;
#873 = CARTESIAN_POINT ( 'NONE',  ( -15.69999999999999929, -7.499999999999998224, -2.000000000000000000 ) ) ;
#874 = ORIENTED_EDGE ( 'NONE', *, *, #722, .F. ) ;
#875 = EDGE_CURVE ( 'NONE', #1786, #2799, #1040, .T. ) ;
#876 = EDGE_CURVE ( 'NONE', #1830, #2373, #2626, .T. ) ;
#877 = FILL_AREA_STYLE_COLOUR ( '', #318 ) ;
#878 = AXIS2_PLACEMENT_3D ( 'NONE', #1073, #835, #592 ) ;
#879 = DIRECTION ( 'NONE',  ( 0.000000000000000000, 0.000000000000000000, 1.000000000000000000 ) ) ;
#880 = EDGE_LOOP ( 'NONE', ( #1521, #1196, #2153, #1132, #2398, #974 ) ) ;
#881 = DIRECTION ( 'NONE',  ( -1.000000000000000000, 0.000000000000000000, 0.000000000000000000 ) ) ;
#882 = VECTOR ( 'NONE', #738, 1000.000000000000000 ) ;
#883 = VERTEX_POINT ( 'NONE', #1917 ) ;
#884 = DIRECTION ( 'NONE',  ( 0.000000000000000000, -0.7071067811865500152, -0.7071067811865451302 ) ) ;
#885 = CARTESIAN_POINT ( 'NONE',  ( 12.05000000000000071, 2.510525938252074679E-16, -6.800000000000000711 ) ) ;
#886 = ORIENTED_EDGE ( 'NONE', *, *, #61, .T. ) ;
#887 = CARTESIAN_POINT ( 'NONE',  ( -16.10000000000000142, 7.500000000000000000, 0.000000000000000000 ) ) ;
#888 = CARTESIAN_POINT ( 'NONE',  ( 19.10000000000000142, -17.10000000000000497, 10.00000000000000000 ) ) ;
#889 = ORIENTED_EDGE ( 'NONE', *, *, #2148, .F. ) ;
#890 = VERTEX_POINT ( 'NONE', #1028 ) ;
#891 = CARTESIAN_POINT ( 'NONE',  ( -14.10000000000000142, 9.750000000000000000, 0.000000000000000000 ) ) ;
#892 = EDGE_CURVE ( 'NONE', #1563, #825, #2855, .T. ) ;
#893 = ADVANCED_FACE ( 'NONE', ( #2140 ), #1903, .F. ) ;
#894 = CARTESIAN_POINT ( 'NONE',  ( -17.10000000000000853, -19.10000000000000497, 10.00000000000000000 ) ) ;
#895 = EDGE_LOOP ( 'NONE', ( #1032, #321, #1847, #994 ) ) ;
#896 = CARTESIAN_POINT ( 'NONE',  ( 10.50000000000012079, -17.70000000000000284, 7.499999999999996447 ) ) ;
#897 = CIRCLE ( 'NONE', #203, 2.000000000000000000 ) ;
#898 = ORIENTED_EDGE ( 'NONE', *, *, #986, .T. ) ;
#899 = CARTESIAN_POINT ( 'NONE',  ( -17.69999999999999574, 15.69999999999999929, -2.000000000000000000 ) ) ;
#900 = CARTESIAN_POINT ( 'NONE',  ( 19.10000000000000142, 17.10000000000000853, -10.00000000000000000 ) ) ;
#901 = CARTESIAN_POINT ( 'NONE',  ( -16.10000000000000142, -9.000000000000000000, 0.000000000000000000 ) ) ;
#902 = CARTESIAN_POINT ( 'NONE',  ( -12.69999999999999574, -4.499999999999996447, -4.000000000000000000 ) ) ;
#903 = ORIENTED_EDGE ( 'NONE', *, *, #1175, .T. ) ;
#904 = EDGE_LOOP ( 'NONE', ( #1937, #92, #154, #2948 ) ) ;
#905 = CARTESIAN_POINT ( 'NONE',  ( -17.69999999999999574, -15.70000000000000995, -4.000000000000000000 ) ) ;
#906 = CARTESIAN_POINT ( 'NONE',  ( -19.10000000000000142, 6.500000000000003553, 3.000000000000000000 ) ) ;
#907 = VERTEX_POINT ( 'NONE', #1691 ) ;
#908 = DIRECTION ( 'NONE',  ( 0.000000000000000000, 0.000000000000000000, -1.000000000000000000 ) ) ;
#909 = EDGE_CURVE ( 'NONE', #2599, #2489, #317, .T. ) ;
#910 =( NAMED_UNIT ( * ) SI_UNIT ( $, .STERADIAN. ) SOLID_ANGLE_UNIT ( ) );
#911 = ORIENTED_EDGE ( 'NONE', *, *, #1298, .F. ) ;
#912 = EDGE_CURVE ( 'NONE', #1909, #451, #461, .T. ) ;
#913 = EDGE_CURVE ( 'NONE', #230, #625, #523, .T. ) ;
#914 = FACE_OUTER_BOUND ( 'NONE', #2654, .T. ) ;
#915 = DIRECTION ( 'NONE',  ( -1.000000000000000000, 0.000000000000000000, 0.000000000000000000 ) ) ;
#916 = AXIS2_PLACEMENT_3D ( 'NONE', #1246, #2865, #2834 ) ;
#917 = CARTESIAN_POINT ( 'NONE',  ( -12.05000000000000071, -6.982962677686266711E-14, -10.00000000000000000 ) ) ;
#918 = DIRECTION ( 'NONE',  ( 0.000000000000000000, 0.000000000000000000, 1.000000000000000000 ) ) ;
#919 = ORIENTED_EDGE ( 'NONE', *, *, #2463, .T. ) ;
#920 = DIRECTION ( 'NONE',  ( -1.000000000000000000, 0.000000000000000000, 0.000000000000000000 ) ) ;
#921 = DIRECTION ( 'NONE',  ( 1.000000000000000000, 0.000000000000000000, 0.000000000000000000 ) ) ;
#922 = VERTEX_POINT ( 'NONE', #335 ) ;
#923 = DIRECTION ( 'NONE',  ( -0.000000000000000000, 0.000000000000000000, 1.000000000000000000 ) ) ;
#924 = AXIS2_PLACEMENT_3D ( 'NONE', #983, #2826, #1255 ) ;
#925 = ORIENTED_EDGE ( 'NONE', *, *, #1967, .T. ) ;
#926 = AXIS2_PLACEMENT_3D ( 'NONE', #2693, #2385, #304 ) ;
#927 = DIRECTION ( 'NONE',  ( 1.000000000000000000, 0.000000000000000000, 0.000000000000000000 ) ) ;
#928 = AXIS2_PLACEMENT_3D ( 'NONE', #332, #111, #827 ) ;
#929 = ADVANCED_FACE ( 'NONE', ( #1236 ), #814, .F. ) ;
#930 = ADVANCED_FACE ( 'NONE', ( #569 ), #2660, .F. ) ;
#931 = VERTEX_POINT ( 'NONE', #2608 ) ;
#932 = VECTOR ( 'NONE', #1281, 1000.000000000000000 ) ;
#933 = DIRECTION ( 'NONE',  ( 0.000000000000000000, 0.000000000000000000, -1.000000000000000000 ) ) ;
#934 = DIRECTION ( 'NONE',  ( -1.000000000000000000, 0.000000000000000000, 0.000000000000000000 ) ) ;
#935 = ORIENTED_EDGE ( 'NONE', *, *, #2446, .T. ) ;
#936 = CARTESIAN_POINT ( 'NONE',  ( 19.10000000000000142, -19.10000000000000142, 10.00000000000000000 ) ) ;
#937 = DIRECTION ( 'NONE',  ( 6.672013369141567386E-15, -1.000000000000000000, 0.000000000000000000 ) ) ;
#938 = FACE_OUTER_BOUND ( 'NONE', #2157, .T. ) ;
#939 = EDGE_LOOP ( 'NONE', ( #1241, #2816, #2864, #1975, #2188, #186, #2162, #99, #2698, #117, #2665, #1851, #2291, #2715 ) ) ;
#940 = CARTESIAN_POINT ( 'NONE',  ( -12.69999999999999574, 4.500000000000000000, -1.700000000000000178 ) ) ;
#941 = ORIENTED_EDGE ( 'NONE', *, *, #2692, .F. ) ;
#942 = CIRCLE ( 'NONE', #2389, 1.500000000000000444 ) ;
#943 = DIRECTION ( 'NONE',  ( 0.000000000000000000, -0.000000000000000000, -1.000000000000000000 ) ) ;
#944 = AXIS2_PLACEMENT_3D ( 'NONE', #170, #1049, #157 ) ;
#945 = EDGE_LOOP ( 'NONE', ( #1979, #1858, #2562, #2511 ) ) ;
#946 = DIRECTION ( 'NONE',  ( 3.491481338843133355E-15, -1.000000000000000000, 0.000000000000000000 ) ) ;
#947 = EDGE_CURVE ( 'NONE', #503, #20, #2922, .T. ) ;
#948 = DIRECTION ( 'NONE',  ( -0.000000000000000000, 0.000000000000000000, 1.000000000000000000 ) ) ;
#949 = ORIENTED_EDGE ( 'NONE', *, *, #951, .F. ) ;
#950 = CARTESIAN_POINT ( 'NONE',  ( 17.70000000000000284, -11.99999999999994138, 8.999999999999992895 ) ) ;
#951 = EDGE_CURVE ( 'NONE', #2873, #2969, #1603, .T. ) ;
#952 = CARTESIAN_POINT ( 'NONE',  ( 10.00000000000000000, 0.000000000000000000, -6.800000000000000711 ) ) ;
#953 = FACE_OUTER_BOUND ( 'NONE', #2745, .T. ) ;
#954 = EDGE_LOOP ( 'NONE', ( #984, #793, #2350, #1198 ) ) ;
#955 = DIRECTION ( 'NONE',  ( 0.000000000000000000, -1.000000000000000000, 0.000000000000000000 ) ) ;
#956 = ORIENTED_EDGE ( 'NONE', *, *, #468, .T. ) ;
#957 =( GEOMETRIC_REPRESENTATION_CONTEXT ( 3 ) GLOBAL_UNCERTAINTY_ASSIGNED_CONTEXT ( ( #2508 ) ) GLOBAL_UNIT_ASSIGNED_CONTEXT ( ( #1147, #2540, #2809 ) ) REPRESENTATION_CONTEXT ( 'NONE', 'WORKASPACE' ) );
#958 = VERTEX_POINT ( 'NONE', #1678 ) ;
#959 = DIRECTION ( 'NONE',  ( 0.000000000000000000, 0.000000000000000000, -1.000000000000000000 ) ) ;
#960 = CARTESIAN_POINT ( 'NONE',  ( 17.70000000000004547, -6.499999999999777955, -2.000000000000000000 ) ) ;
#961 = CARTESIAN_POINT ( 'NONE',  ( 17.10000000000000497, -17.10000000000000497, -10.00000000000000000 ) ) ;
#962 = AXIS2_PLACEMENT_3D ( 'NONE', #681, #1638, #1878 ) ;
#963 = ORIENTED_EDGE ( 'NONE', *, *, #1322, .T. ) ;
#964 = VECTOR ( 'NONE', #2453, 1000.000000000000000 ) ;
#965 = DIRECTION ( 'NONE',  ( -1.000000000000000000, 0.000000000000000000, -0.000000000000000000 ) ) ;
#966 = VECTOR ( 'NONE', #1436, 1000.000000000000000 ) ;
#967 = CYLINDRICAL_SURFACE ( 'NONE', #1942, 2.049999999999999822 ) ;
#968 = ADVANCED_FACE ( 'NONE', ( #782 ), #286, .F. ) ;
#969 = DIRECTION ( 'NONE',  ( -1.000000000000000000, 0.000000000000000000, 0.000000000000000000 ) ) ;
#970 = EDGE_CURVE ( 'NONE', #1048, #146, #553, .T. ) ;
#971 = ORIENTED_EDGE ( 'NONE', *, *, #1448, .F. ) ;
#972 = LINE ( 'NONE', #2787, #1352 ) ;
#973 = ORIENTED_EDGE ( 'NONE', *, *, #2966, .T. ) ;
#974 = ORIENTED_EDGE ( 'NONE', *, *, #487, .F. ) ;
#975 = CYLINDRICAL_SURFACE ( 'NONE', #1688, 2.000000000000000000 ) ;
#976 = CARTESIAN_POINT ( 'NONE',  ( 17.10000000000000497, -17.10000000000000497, 10.00000000000000000 ) ) ;
#977 = AXIS2_PLACEMENT_3D ( 'NONE', #2448, #2155, #1965 ) ;
#978 = VECTOR ( 'NONE', #600, 1000.000000000000000 ) ;
#979 = CARTESIAN_POINT ( 'NONE',  ( -12.00000000000025935, 19.09999999999987708, 7.499999999999996447 ) ) ;
#980 = VERTEX_POINT ( 'NONE', #1251 ) ;
#981 = CARTESIAN_POINT ( 'NONE',  ( 11.99999999999975486, 17.69999999999999574, 7.499999999999985789 ) ) ;
#982 = CARTESIAN_POINT ( 'NONE',  ( 15.70000000000000639, -15.70000000000000639, -2.000000000000000000 ) ) ;
#983 = CARTESIAN_POINT ( 'NONE',  ( 0.000000000000000000, 0.000000000000000000, -1.700000000000000178 ) ) ;
#984 = ORIENTED_EDGE ( 'NONE', *, *, #2874, .T. ) ;
#985 = FACE_BOUND ( 'NONE', #2635, .T. ) ;
#986 = EDGE_CURVE ( 'NONE', #1429, #2253, #658, .T. ) ;
#987 = ADVANCED_FACE ( 'NONE', ( #380 ), #2445, .F. ) ;
#988 = ORIENTED_EDGE ( 'NONE', *, *, #2832, .T. ) ;
#989 = AXIS2_PLACEMENT_3D ( 'NONE', #1296, #2214, #2691 ) ;
#990 = VERTEX_POINT ( 'NONE', #2036 ) ;
#991 = CARTESIAN_POINT ( 'NONE',  ( -18.70000000000001350, -15.70000000000000995, 10.00000000000000000 ) ) ;
#992 = CARTESIAN_POINT ( 'NONE',  ( -14.10000000000000142, -9.000000000000000000, -0.7499999999999963363 ) ) ;
#993 = DIRECTION ( 'NONE',  ( 0.000000000000000000, -0.7071067811865451302, 0.7071067811865500152 ) ) ;
#994 = ORIENTED_EDGE ( 'NONE', *, *, #598, .F. ) ;
#995 = CARTESIAN_POINT ( 'NONE',  ( -16.10000000000000142, -6.499999999999998224, -3.000000000000000000 ) ) ;
#996 = DIRECTION ( 'NONE',  ( -1.000000000000000000, -0.000000000000000000, -0.000000000000000000 ) ) ;
#997 = DIRECTION ( 'NONE',  ( 0.000000000000000000, -0.7071067811865512365, 0.7071067811865439090 ) ) ;
#998 = ORIENTED_EDGE ( 'NONE', *, *, #1544, .F. ) ;
#999 = DIRECTION ( 'NONE',  ( 0.000000000000000000, 0.000000000000000000, -1.000000000000000000 ) ) ;
#1000 = VERTEX_POINT ( 'NONE', #2261 ) ;
#1001 = EDGE_LOOP ( 'NONE', ( #350, #611, #489, #1658, #1445, #295 ) ) ;
#1002 = ADVANCED_FACE ( 'NONE', ( #2007 ), #1540, .F. ) ;
#1003 = EDGE_CURVE ( 'NONE', #751, #1671, #2941, .T. ) ;
#1004 = FACE_OUTER_BOUND ( 'NONE', #1204, .T. ) ;
#1005 = DIRECTION ( 'NONE',  ( 1.000000000000000000, 0.000000000000000000, -0.000000000000000000 ) ) ;
#1006 = VECTOR ( 'NONE', #2632, 1000.000000000000000 ) ;
#1007 = CARTESIAN_POINT ( 'NONE',  ( -19.10000000000000142, -7.499999999999996447, 4.000000000000000888 ) ) ;
#1008 = CARTESIAN_POINT ( 'NONE',  ( -17.43205080756887781, 7.500000000000001776, -3.000000000000000000 ) ) ;
#1009 = CIRCLE ( 'NONE', #2940, 2.049999999999999822 ) ;
#1010 = CARTESIAN_POINT ( 'NONE',  ( 17.70000000000000284, 17.69999999999999574, -2.000000000000000000 ) ) ;
#1011 = DIRECTION ( 'NONE',  ( 0.000000000000000000, 0.000000000000000000, -1.000000000000000000 ) ) ;
#1012 = ORIENTED_EDGE ( 'NONE', *, *, #1095, .F. ) ;
#1013 = LINE ( 'NONE', #354, #773 ) ;
#1014 = VECTOR ( 'NONE', #687, 1000.000000000000000 ) ;
#1015 = VECTOR ( 'NONE', #2450, 1000.000000000000000 ) ;
#1016 = ORIENTED_EDGE ( 'NONE', *, *, #23, .T. ) ;
#1017 = CARTESIAN_POINT ( 'NONE',  ( 17.70000000000000284, 12.00000000000005862, 5.999999999999995559 ) ) ;
#1018 = AXIS2_PLACEMENT_3D ( 'NONE', #94, #1986, #2890 ) ;
#1019 = ORIENTED_EDGE ( 'NONE', *, *, #1261, .F. ) ;
#1020 = DIRECTION ( 'NONE',  ( 0.000000000000000000, 0.000000000000000000, 1.000000000000000000 ) ) ;
#1021 = CARTESIAN_POINT ( 'NONE',  ( 17.70000000000000284, 12.00000000000005862, 8.999999999999992895 ) ) ;
#1022 = CIRCLE ( 'NONE', #285, 0.7500000000000002220 ) ;
#1023 = EDGE_CURVE ( 'NONE', #890, #1842, #2494, .T. ) ;
#1024 = EDGE_CURVE ( 'NONE', #451, #1956, #1310, .T. ) ;
#1025 = DIRECTION ( 'NONE',  ( 1.000000000000000000, 3.469446951953611033E-15, 0.000000000000000000 ) ) ;
#1026 = VERTEX_POINT ( 'NONE', #1283 ) ;
#1027 = AXIS2_PLACEMENT_3D ( 'NONE', #952, #1484, #1253 ) ;
#1028 = CARTESIAN_POINT ( 'NONE',  ( -15.69999999999999929, -15.70000000000000995, -4.000000000000000000 ) ) ;
#1029 = VECTOR ( 'NONE', #534, 1000.000000000000000 ) ;
#1030 = CARTESIAN_POINT ( 'NONE',  ( 10.49999999999974243, 19.10000000000011156, 7.499999999999985789 ) ) ;
#1031 = DIRECTION ( 'NONE',  ( -0.000000000000000000, -0.000000000000000000, -1.000000000000000000 ) ) ;
#1032 = ORIENTED_EDGE ( 'NONE', *, *, #2710, .F. ) ;
#1033 = CARTESIAN_POINT ( 'NONE',  ( 15.70000000000000639, 15.69999999999999929, 10.00000000000000000 ) ) ;
#1034 = ORIENTED_EDGE ( 'NONE', *, *, #1837, .T. ) ;
#1035 = DIRECTION ( 'NONE',  ( -0.000000000000000000, -0.000000000000000000, -1.000000000000000000 ) ) ;
#1036 = ORIENTED_EDGE ( 'NONE', *, *, #177, .T. ) ;
#1037 = DIRECTION ( 'NONE',  ( 1.000000000000000000, 0.000000000000000000, 0.000000000000000000 ) ) ;
#1038 = CARTESIAN_POINT ( 'NONE',  ( 12.69999999999996554, 4.499999999999986677, -1.700000000000000178 ) ) ;
#1039 = DIRECTION ( 'NONE',  ( -1.000000000000000000, -0.000000000000000000, -0.000000000000000000 ) ) ;
#1040 = LINE ( 'NONE', #1964, #2686 ) ;
#1041 = CONICAL_SURFACE ( 'NONE', #508, 3.000000000000012879, 0.7853981633974509435 ) ;
#1042 = VERTEX_POINT ( 'NONE', #1765 ) ;
#1043 = EDGE_CURVE ( 'NONE', #1154, #2422, #2247, .T. ) ;
#1044 = EDGE_CURVE ( 'NONE', #1963, #1731, #1794, .T. ) ;
#1045 = PLANE ( 'NONE',  #2650 ) ;
#1046 = VERTEX_POINT ( 'NONE', #648 ) ;
#1047 = DIRECTION ( 'NONE',  ( 1.000000000000000000, 0.000000000000000000, 0.000000000000000000 ) ) ;
#1048 = VERTEX_POINT ( 'NONE', #887 ) ;
#1049 = DIRECTION ( 'NONE',  ( -0.000000000000000000, 1.000000000000000000, 0.000000000000000000 ) ) ;
#1050 = LINE ( 'NONE', #2212, #932 ) ;
#1051 = EDGE_LOOP ( 'NONE', ( #683, #2680, #403, #300 ) ) ;
#1052 = CARTESIAN_POINT ( 'NONE',  ( 15.70000000000000639, -15.70000000000000639, -2.000000000000000000 ) ) ;
#1053 = CARTESIAN_POINT ( 'NONE',  ( -19.10000000000000142, -9.000000000000000000, -0.7499999999999963363 ) ) ;
#1054 = ORIENTED_EDGE ( 'NONE', *, *, #1076, .T. ) ;
#1055 = DIRECTION ( 'NONE',  ( -6.930139736421999815E-17, 0.7071067811865444641, 0.7071067811865505703 ) ) ;
#1056 = EDGE_CURVE ( 'NONE', #1363, #1842, #5, .T. ) ;
#1057 = EDGE_CURVE ( 'NONE', #838, #433, #654, .T. ) ;
#1058 = CYLINDRICAL_SURFACE ( 'NONE', #1366, 1.500000000000000444 ) ;
#1059 = EDGE_LOOP ( 'NONE', ( #623, #440, #1393, #2040, #1402 ) ) ;
#1060 = VECTOR ( 'NONE', #2366, 1000.000000000000000 ) ;
#1061 = CIRCLE ( 'NONE', #2072, 2.000000000000000000 ) ;
#1062 = CARTESIAN_POINT ( 'NONE',  ( 13.49999999999975486, 17.69999999999999574, 7.499999999999985789 ) ) ;
#1063 = ORIENTED_EDGE ( 'NONE', *, *, #1762, .F. ) ;
#1064 = DIRECTION ( 'NONE',  ( 0.000000000000000000, 0.000000000000000000, -1.000000000000000000 ) ) ;
#1065 = DIRECTION ( 'NONE',  ( 1.000000000000000000, 0.000000000000000000, 0.000000000000000000 ) ) ;
#1066 = ORIENTED_EDGE ( 'NONE', *, *, #328, .F. ) ;
#1067 = DIRECTION ( 'NONE',  ( 0.000000000000000000, 0.000000000000000000, 1.000000000000000000 ) ) ;
#1068 = VECTOR ( 'NONE', #1441, 1000.000000000000000 ) ;
#1069 = CYLINDRICAL_SURFACE ( 'NONE', #1512, 1.500000000000001332 ) ;
#1070 = ORIENTED_EDGE ( 'NONE', *, *, #1360, .F. ) ;
#1071 = DIRECTION ( 'NONE',  ( 0.000000000000000000, -1.000000000000000000, 0.000000000000000000 ) ) ;
#1072 = VECTOR ( 'NONE', #1841, 1000.000000000000000 ) ;
#1073 = CARTESIAN_POINT ( 'NONE',  ( -16.10000000000000142, -6.499999999999995559, 3.000000000000000888 ) ) ;
#1074 = ORIENTED_EDGE ( 'NONE', *, *, #1267, .F. ) ;
#1075 = CIRCLE ( 'NONE', #2479, 1.000000000000000000 ) ;
#1076 = EDGE_CURVE ( 'NONE', #1584, #1318, #604, .T. ) ;
#1077 = DIRECTION ( 'NONE',  ( 0.000000000000000000, -1.000000000000000000, 5.782411586589357392E-17 ) ) ;
#1078 = ORIENTED_EDGE ( 'NONE', *, *, #2503, .F. ) ;
#1079 = EDGE_CURVE ( 'NONE', #242, #2873, #1760, .T. ) ;
#1080 = CARTESIAN_POINT ( 'NONE',  ( -19.10000000000000142, 6.500000000000001776, -4.000000000000000000 ) ) ;
#1081 = CARTESIAN_POINT ( 'NONE',  ( 13.50000000000009237, -9.099999999999955236, 7.499999999999996447 ) ) ;
#1082 = ORIENTED_EDGE ( 'NONE', *, *, #77, .T. ) ;
#1083 = CARTESIAN_POINT ( 'NONE',  ( 17.70000000000000284, -17.70000000000000284, -2.000000000000000000 ) ) ;
#1084 = CARTESIAN_POINT ( 'NONE',  ( -16.10000000000000142, -10.49999999999999822, 0.000000000000000000 ) ) ;
#1085 = AXIS2_PLACEMENT_3D ( 'NONE', #81, #1719, #2411 ) ;
#1086 = ORIENTED_EDGE ( 'NONE', *, *, #2488, .T. ) ;
#1087 = CYLINDRICAL_SURFACE ( 'NONE', #1400, 2.000000000000000000 ) ;
#1088 = AXIS2_PLACEMENT_3D ( 'NONE', #699, #458, #2759 ) ;
#1089 = DIRECTION ( 'NONE',  ( 0.000000000000000000, -1.000000000000000000, 2.168404344971008868E-16 ) ) ;
#1090 = ORIENTED_EDGE ( 'NONE', *, *, #1360, .T. ) ;
#1091 = CARTESIAN_POINT ( 'NONE',  ( -19.10000000000000142, 7.500000000000003553, 3.000000000000000000 ) ) ;
#1092 = DIRECTION ( 'NONE',  ( 1.000000000000000000, 0.000000000000000000, 0.000000000000000000 ) ) ;
#1093 = ORIENTED_EDGE ( 'NONE', *, *, #706, .T. ) ;
#1094 = CARTESIAN_POINT ( 'NONE',  ( 17.10000000000000497, -17.10000000000000497, 10.00000000000000000 ) ) ;
#1095 = EDGE_CURVE ( 'NONE', #1939, #1489, #364, .T. ) ;
#1096 = ADVANCED_FACE ( 'NONE', ( #351 ), #2201, .F. ) ;
#1097 = CARTESIAN_POINT ( 'NONE',  ( -17.69999999999999574, -6.500000000000000000, -1.700000000000000178 ) ) ;
#1098 = VERTEX_POINT ( 'NONE', #2896 ) ;
#1099 = DIRECTION ( 'NONE',  ( -1.000000000000000000, 0.000000000000000000, 0.000000000000000000 ) ) ;
#1100 = DIRECTION ( 'NONE',  ( 1.000000000000000000, 0.000000000000000000, 0.000000000000000000 ) ) ;
#1101 = ORIENTED_EDGE ( 'NONE', *, *, #1856, .T. ) ;
#1102 = DIRECTION ( 'NONE',  ( 0.7071067811865500152, 0.000000000000000000, -0.7071067811865451302 ) ) ;
#1103 = VECTOR ( 'NONE', #527, 1000.000000000000000 ) ;
#1104 = DIRECTION ( 'NONE',  ( 1.000000000000000000, 9.082321863752915673E-17, -0.000000000000000000 ) ) ;
#1105 = ORIENTED_EDGE ( 'NONE', *, *, #155, .F. ) ;
#1106 = CARTESIAN_POINT ( 'NONE',  ( -17.69999999999999574, 6.500000000000000000, -1.700000000000000178 ) ) ;
#1107 = AXIS2_PLACEMENT_3D ( 'NONE', #582, #641, #2410 ) ;
#1108 = ORIENTED_EDGE ( 'NONE', *, *, #1707, .F. ) ;
#1109 = CIRCLE ( 'NONE', #2168, 2.000000000000000000 ) ;
#1110 = LINE ( 'NONE', #826, #2919 ) ;
#1111 = CARTESIAN_POINT ( 'NONE',  ( -19.10000000000000142, -9.000000000000000000, 3.903127820947814385E-15 ) ) ;
#1112 = CARTESIAN_POINT ( 'NONE',  ( -19.10000000000000142, 11.99999999999994138, 7.499999999999985789 ) ) ;
#1113 = DIRECTION ( 'NONE',  ( -1.000000000000000000, -1.040834085586084572E-14, 0.000000000000000000 ) ) ;
#1114 = EDGE_CURVE ( 'NONE', #433, #2926, #151, .T. ) ;
#1115 = EDGE_CURVE ( 'NONE', #1042, #1245, #2440, .T. ) ;
#1116 = CYLINDRICAL_SURFACE ( 'NONE', #1272, 1.500000000000000000 ) ;
#1117 = ORIENTED_EDGE ( 'NONE', *, *, #1779, .F. ) ;
#1118 = EDGE_LOOP ( 'NONE', ( #1138, #2067 ) ) ;
#1119 = DIRECTION ( 'NONE',  ( 0.000000000000000000, 1.000000000000000000, 0.000000000000000000 ) ) ;
#1120 = AXIS2_PLACEMENT_3D ( 'NONE', #1428, #1195, #1383 ) ;
#1121 = DIRECTION ( 'NONE',  ( 0.000000000000000000, 0.000000000000000000, -1.000000000000000000 ) ) ;
#1122 = EDGE_LOOP ( 'NONE', ( #1648, #160, #1277, #2998, #581, #362, #1282, #1501, #2049, #725, #2807, #499 ) ) ;
#1123 = LINE ( 'NONE', #2982, #576 ) ;
#1124 = AXIS2_PLACEMENT_3D ( 'NONE', #2645, #1209, #525 ) ;
#1125 = AXIS2_PLACEMENT_3D ( 'NONE', #1313, #1780, #450 ) ;
#1126 = ORIENTED_EDGE ( 'NONE', *, *, #116, .F. ) ;
#1127 = LINE ( 'NONE', #2, #2329 ) ;
#1128 = DIRECTION ( 'NONE',  ( -1.000000000000000000, 0.000000000000000000, -0.000000000000000000 ) ) ;
#1129 = ORIENTED_EDGE ( 'NONE', *, *, #705, .F. ) ;
#1130 = FACE_OUTER_BOUND ( 'NONE', #471, .T. ) ;
#1131 = DIRECTION ( 'NONE',  ( -1.000000000000000000, 0.000000000000000000, 0.000000000000000000 ) ) ;
#1132 = ORIENTED_EDGE ( 'NONE', *, *, #115, .F. ) ;
#1133 = VERTEX_POINT ( 'NONE', #2480 ) ;
#1134 = DIRECTION ( 'NONE',  ( -1.000000000000000000, 0.000000000000000000, 0.000000000000000000 ) ) ;
#1135 = EDGE_CURVE ( 'NONE', #2837, #242, #1327, .T. ) ;
#1136 = CARTESIAN_POINT ( 'NONE',  ( 9.100000000000001421, 12.00000000000005862, 7.499999999999996447 ) ) ;
#1137 = EDGE_CURVE ( 'NONE', #564, #2159, #1343, .T. ) ;
#1138 = ORIENTED_EDGE ( 'NONE', *, *, #986, .F. ) ;
#1139 = CARTESIAN_POINT ( 'NONE',  ( 19.10000000000000142, 12.00000000000005862, 5.999999999999995559 ) ) ;
#1140 = AXIS2_PLACEMENT_3D ( 'NONE', #415, #126, #398 ) ;
#1141 = EDGE_LOOP ( 'NONE', ( #2506, #2419, #2802 ) ) ;
#1142 = DIRECTION ( 'NONE',  ( -1.000000000000000000, -0.000000000000000000, -0.000000000000000000 ) ) ;
#1143 = DIRECTION ( 'NONE',  ( -1.000000000000000000, 0.000000000000000000, 0.000000000000000000 ) ) ;
#1144 = CARTESIAN_POINT ( 'NONE',  ( 17.70000000000004547, -6.499999999999777955, -1.700000000000000178 ) ) ;
#1145 = LINE ( 'NONE', #888, #2287 ) ;
#1146 = ORIENTED_EDGE ( 'NONE', *, *, #1687, .T. ) ;
#1147 =( LENGTH_UNIT ( ) NAMED_UNIT ( * ) SI_UNIT ( .MILLI., .METRE. ) );
#1148 = CARTESIAN_POINT ( 'NONE',  ( -16.10000000000000142, 6.500000000000003553, 3.000000000000000000 ) ) ;
#1149 = ORIENTED_EDGE ( 'NONE', *, *, #2390, .T. ) ;
#1150 = CARTESIAN_POINT ( 'NONE',  ( -14.10000000000000142, -9.000000000000000000, 0.7500000000000041078 ) ) ;
#1151 = CIRCLE ( 'NONE', #1734, 1.500000000000000444 ) ;
#1152 = EDGE_CURVE ( 'NONE', #1133, #1042, #491, .T. ) ;
#1153 = ADVANCED_FACE ( 'NONE', ( #254 ), #1840, .T. ) ;
#1154 = VERTEX_POINT ( 'NONE', #960 ) ;
#1155 = DIRECTION ( 'NONE',  ( 0.000000000000000000, 0.000000000000000000, -1.000000000000000000 ) ) ;
#1156 = CIRCLE ( 'NONE', #1107, 1.500000000000000444 ) ;
#1157 = DIRECTION ( 'NONE',  ( 0.000000000000000000, 1.000000000000000000, 0.000000000000000000 ) ) ;
#1158 = CIRCLE ( 'NONE', #2989, 0.7500000000000002220 ) ;
#1159 = AXIS2_PLACEMENT_3D ( 'NONE', #418, #636, #2484 ) ;
#1160 = FACE_BOUND ( 'NONE', #1677, .T. ) ;
#1161 = DIRECTION ( 'NONE',  ( 1.000000000000000000, 0.000000000000000000, 0.000000000000000000 ) ) ;
#1162 = ORIENTED_EDGE ( 'NONE', *, *, #2760, .F. ) ;
#1163 = LINE ( 'NONE', #226, #1541 ) ;
#1164 = DIRECTION ( 'NONE',  ( 0.000000000000000000, 0.000000000000000000, -1.000000000000000000 ) ) ;
#1165 = CARTESIAN_POINT ( 'NONE',  ( -14.69999999999999574, -6.500000000000000000, -1.700000000000000178 ) ) ;
#1166 = ORIENTED_EDGE ( 'NONE', *, *, #1095, .T. ) ;
#1167 = CARTESIAN_POINT ( 'NONE',  ( -13.49999999999988098, -17.70000000000000639, 7.499999999999985789 ) ) ;
#1168 = AXIS2_PLACEMENT_3D ( 'NONE', #2437, #2451, #402 ) ;
#1169 = EDGE_LOOP ( 'NONE', ( #1717, #2175, #730, #2516 ) ) ;
#1170 = VECTOR ( 'NONE', #1935, 1000.000000000000000 ) ;
#1171 = EDGE_CURVE ( 'NONE', #1959, #437, #897, .T. ) ;
#1172 = ADVANCED_FACE ( 'NONE', ( #2975 ), #3004, .T. ) ;
#1173 = DIRECTION ( 'NONE',  ( 0.000000000000000000, -1.000000000000000000, 0.000000000000000000 ) ) ;
#1174 = AXIS2_PLACEMENT_3D ( 'NONE', #256, #948, #1161 ) ;
#1175 = EDGE_CURVE ( 'NONE', #907, #605, #749, .T. ) ;
#1176 = ORIENTED_EDGE ( 'NONE', *, *, #1951, .F. ) ;
#1177 = AXIS2_PLACEMENT_3D ( 'NONE', #1990, #613, #1553 ) ;
#1178 = CARTESIAN_POINT ( 'NONE',  ( -17.69999999999999574, -17.70000000000000639, -2.000000000000000000 ) ) ;
#1179 = DIRECTION ( 'NONE',  ( 0.000000000000000000, 0.000000000000000000, 1.000000000000000000 ) ) ;
#1180 = ORIENTED_EDGE ( 'NONE', *, *, #2220, .T. ) ;
#1181 = LINE ( 'NONE', #496, #21 ) ;
#1182 = CARTESIAN_POINT ( 'NONE',  ( 19.10000000000000142, 12.00000000000005862, 8.999999999999998224 ) ) ;
#1183 = VERTEX_POINT ( 'NONE', #2565 ) ;
#1184 = LINE ( 'NONE', #1150, #74 ) ;
#1185 = EDGE_LOOP ( 'NONE', ( #2101, #1883 ) ) ;
#1186 = VECTOR ( 'NONE', #566, 1000.000000000000000 ) ;
#1187 = AXIS2_PLACEMENT_3D ( 'NONE', #867, #1522, #2700 ) ;
#1188 = CARTESIAN_POINT ( 'NONE',  ( -10.50000000000015454, 9.099999999999893063, 7.499999999999996447 ) ) ;
#1189 = DIRECTION ( 'NONE',  ( 0.000000000000000000, 0.000000000000000000, -1.000000000000000000 ) ) ;
#1190 = EDGE_CURVE ( 'NONE', #451, #2307, #2521, .T. ) ;
#1191 = FACE_OUTER_BOUND ( 'NONE', #2756, .T. ) ;
#1192 = VERTEX_POINT ( 'NONE', #917 ) ;
#1193 = CARTESIAN_POINT ( 'NONE',  ( 12.00000000000012079, -17.70000000000000284, 7.499999999999996447 ) ) ;
#1194 = LINE ( 'NONE', #723, #642 ) ;
#1195 = DIRECTION ( 'NONE',  ( 0.000000000000000000, -0.000000000000000000, 1.000000000000000000 ) ) ;
#1196 = ORIENTED_EDGE ( 'NONE', *, *, #1506, .F. ) ;
#1197 = DIRECTION ( 'NONE',  ( 1.000000000000000000, -0.000000000000000000, -0.000000000000000000 ) ) ;
#1198 = ORIENTED_EDGE ( 'NONE', *, *, #2042, .T. ) ;
#1199 = EDGE_LOOP ( 'NONE', ( #275, #1342 ) ) ;
#1200 = FACE_BOUND ( 'NONE', #2328, .T. ) ;
#1201 = LINE ( 'NONE', #1247, #2732 ) ;
#1202 = PLANE ( 'NONE',  #1174 ) ;
#1203 = AXIS2_PLACEMENT_3D ( 'NONE', #1385, #28, #696 ) ;
#1204 = EDGE_LOOP ( 'NONE', ( #644, #652, #1833, #963 ) ) ;
#1205 = EDGE_CURVE ( 'NONE', #2773, #1330, #1816, .T. ) ;
#1206 = ADVANCED_FACE ( 'NONE', ( #1616, #1160, #2053 ), #18, .F. ) ;
#1207 = CARTESIAN_POINT ( 'NONE',  ( -16.10000000000000142, -7.499999999999998224, -3.000000000000000000 ) ) ;
#1208 = SPHERICAL_SURFACE ( 'NONE', #539, 2.000000000000000000 ) ;
#1209 = DIRECTION ( 'NONE',  ( 0.000000000000000000, 0.000000000000000000, -1.000000000000000000 ) ) ;
#1210 = ORIENTED_EDGE ( 'NONE', *, *, #2874, .F. ) ;
#1211 = DIRECTION ( 'NONE',  ( 3.491481338843133355E-15, -1.000000000000000000, -0.000000000000000000 ) ) ;
#1212 = ORIENTED_EDGE ( 'NONE', *, *, #1560, .T. ) ;
#1213 = AXIS2_PLACEMENT_3D ( 'NONE', #668, #12, #2797 ) ;
#1214 = ORIENTED_EDGE ( 'NONE', *, *, #2999, .T. ) ;
#1215 = LINE ( 'NONE', #2165, #966 ) ;
#1216 = FACE_OUTER_BOUND ( 'NONE', #1291, .T. ) ;
#1217 = AXIS2_PLACEMENT_3D ( 'NONE', #2594, #2825, #2568 ) ;
#1218 = VECTOR ( 'NONE', #2482, 1000.000000000000000 ) ;
#1219 = CARTESIAN_POINT ( 'NONE',  ( 0.000000000000000000, 15.69999999999999929, -4.000000000000000000 ) ) ;
#1220 = ORIENTED_EDGE ( 'NONE', *, *, #1299, .T. ) ;
#1221 = CARTESIAN_POINT ( 'NONE',  ( -16.49218915779115946, 7.050165571278776078, -3.844470917196952442 ) ) ;
#1222 = DIRECTION ( 'NONE',  ( 0.000000000000000000, 0.000000000000000000, -1.000000000000000000 ) ) ;
#1223 = CARTESIAN_POINT ( 'NONE',  ( -17.43205080756887781, -7.499999999999998224, -2.999999999999999112 ) ) ;
#1224 = ORIENTED_EDGE ( 'NONE', *, *, #970, .F. ) ;
#1225 = CYLINDRICAL_SURFACE ( 'NONE', #76, 2.000000000000000000 ) ;
#1226 = ADVANCED_FACE ( 'NONE', ( #462 ), #475, .F. ) ;
#1227 = EDGE_CURVE ( 'NONE', #1489, #2613, #2295, .T. ) ;
#1228 = ORIENTED_EDGE ( 'NONE', *, *, #1434, .T. ) ;
#1229 = AXIS2_PLACEMENT_3D ( 'NONE', #976, #2851, #1900 ) ;
#1230 = ORIENTED_EDGE ( 'NONE', *, *, #2853, .T. ) ;
#1231 = LINE ( 'NONE', #2150, #2216 ) ;
#1232 = CARTESIAN_POINT ( 'NONE',  ( 9.100000000000001421, -11.99999999999994138, 5.999999999999985789 ) ) ;
#1233 = AXIS2_PLACEMENT_3D ( 'NONE', #2092, #2748, #204 ) ;
#1234 = CARTESIAN_POINT ( 'NONE',  ( 15.70000000000000639, -17.70000000000000284, 8.999999999999992895 ) ) ;
#1235 = ORIENTED_EDGE ( 'NONE', *, *, #2163, .F. ) ;
#1236 = FACE_OUTER_BOUND ( 'NONE', #939, .T. ) ;
#1237 = CARTESIAN_POINT ( 'NONE',  ( 13.50000000000012612, -19.09999999999995524, 7.499999999999996447 ) ) ;
#1238 = DIRECTION ( 'NONE',  ( -1.000000000000000000, 0.000000000000000000, 0.000000000000000000 ) ) ;
#1239 = ORIENTED_EDGE ( 'NONE', *, *, #2001, .F. ) ;
#1240 = FACE_OUTER_BOUND ( 'NONE', #535, .T. ) ;
#1241 = ORIENTED_EDGE ( 'NONE', *, *, #2058, .T. ) ;
#1242 = EDGE_CURVE ( 'NONE', #1183, #32, #192, .T. ) ;
#1243 = ADVANCED_FACE ( 'NONE', ( #1130 ), #1827, .F. ) ;
#1244 = CARTESIAN_POINT ( 'NONE',  ( 10.49999999999975486, 17.69999999999999574, 7.499999999999985789 ) ) ;
#1245 = VERTEX_POINT ( 'NONE', #207 ) ;
#1246 = CARTESIAN_POINT ( 'NONE',  ( -17.69999999999999574, 11.99999999999994138, 7.499999999999985789 ) ) ;
#1247 = CARTESIAN_POINT ( 'NONE',  ( 19.10000000000000142, 17.10000000000000853, 10.00000000000000000 ) ) ;
#1248 = CIRCLE ( 'NONE', #815, 3.000000000000012879 ) ;
#1249 = DIRECTION ( 'NONE',  ( -1.047444401652940007E-14, 1.000000000000000000, -0.000000000000000000 ) ) ;
#1250 = VERTEX_POINT ( 'NONE', #2326 ) ;
#1251 = CARTESIAN_POINT ( 'NONE',  ( 12.70000000000002416, -4.499999999999920064, -1.700000000000000178 ) ) ;
#1252 = AXIS2_PLACEMENT_3D ( 'NONE', #1106, #96, #670 ) ;
#1253 = DIRECTION ( 'NONE',  ( -1.000000000000000000, 0.000000000000000000, 0.000000000000000000 ) ) ;
#1254 = PRODUCT_DEFINITION_SHAPE ( 'NONE', 'NONE',  #2108 ) ;
#1255 = DIRECTION ( 'NONE',  ( 1.000000000000000000, 0.000000000000000000, 0.000000000000000000 ) ) ;
#1256 = EDGE_LOOP ( 'NONE', ( #2543, #1303, #1573, #1262 ) ) ;
#1257 = DIRECTION ( 'NONE',  ( 0.000000000000000000, -2.168404344971008868E-16, -1.000000000000000000 ) ) ;
#1258 = VERTEX_POINT ( 'NONE', #1144 ) ;
#1259 = CARTESIAN_POINT ( 'NONE',  ( -12.00000000000015454, 9.099999999999877076, 7.499999999999996447 ) ) ;
#1260 = EDGE_CURVE ( 'NONE', #1740, #2978, #238, .T. ) ;
#1261 = EDGE_CURVE ( 'NONE', #1669, #1548, #676, .T. ) ;
#1262 = ORIENTED_EDGE ( 'NONE', *, *, #1727, .F. ) ;
#1263 = CARTESIAN_POINT ( 'NONE',  ( 15.70000000000000639, 18.70000000000001350, 10.00000000000000000 ) ) ;
#1264 = FACE_BOUND ( 'NONE', #820, .T. ) ;
#1265 = VECTOR ( 'NONE', #235, 1000.000000000000000 ) ;
#1266 = EDGE_CURVE ( 'NONE', #249, #2613, #1869, .T. ) ;
#1267 = EDGE_CURVE ( 'NONE', #2585, #1334, #2244, .T. ) ;
#1268 = DIRECTION ( 'NONE',  ( 1.000000000000000000, 0.000000000000000000, -0.000000000000000000 ) ) ;
#1269 = ORIENTED_EDGE ( 'NONE', *, *, #784, .F. ) ;
#1270 = AXIS2_PLACEMENT_3D ( 'NONE', #540, #1679, #2331 ) ;
#1271 = CARTESIAN_POINT ( 'NONE',  ( -17.33235397634583919, 7.500000000000000888, -3.172679977031915843 ) ) ;
#1272 = AXIS2_PLACEMENT_3D ( 'NONE', #2008, #2944, #1542 ) ;
#1273 = CARTESIAN_POINT ( 'NONE',  ( 15.70000000000000639, -17.70000000000000284, -4.000000000000000000 ) ) ;
#1274 = LINE ( 'NONE', #739, #492 ) ;
#1275 = ORIENTED_EDGE ( 'NONE', *, *, #2446, .F. ) ;
#1276 = DIRECTION ( 'NONE',  ( 0.000000000000000000, 0.000000000000000000, 1.000000000000000000 ) ) ;
#1277 = ORIENTED_EDGE ( 'NONE', *, *, #1057, .T. ) ;
#1278 = CARTESIAN_POINT ( 'NONE',  ( -10.50000000000024514, 17.69999999999999574, 7.499999999999996447 ) ) ;
#1279 = EDGE_LOOP ( 'NONE', ( #2907, #2861, #1595, #2135 ) ) ;
#1280 = CARTESIAN_POINT ( 'NONE',  ( -19.10000000000000142, -6.499999999999995559, 4.000000000000000888 ) ) ;
#1281 = DIRECTION ( 'NONE',  ( -1.000000000000000000, 0.000000000000000000, 0.000000000000000000 ) ) ;
#1282 = ORIENTED_EDGE ( 'NONE', *, *, #804, .T. ) ;
#1283 = CARTESIAN_POINT ( 'NONE',  ( -15.69999999999999929, -6.500000000000000000, -4.000000000000000000 ) ) ;
#1284 = AXIS2_PLACEMENT_3D ( 'NONE', #429, #2805, #933 ) ;
#1285 = EDGE_CURVE ( 'NONE', #2969, #242, #1382, .T. ) ;
#1286 = EDGE_CURVE ( 'NONE', #1349, #2961, #942, .T. ) ;
#1287 = DIRECTION ( 'NONE',  ( -1.047444401652940007E-14, 1.000000000000000000, -0.000000000000000000 ) ) ;
#1288 = ORIENTED_EDGE ( 'NONE', *, *, #102, .F. ) ;
#1289 = LINE ( 'NONE', #819, #1006 ) ;
#1290 = DIRECTION ( 'NONE',  ( 3.491481338843133355E-15, -1.000000000000000000, -0.000000000000000000 ) ) ;
#1291 = EDGE_LOOP ( 'NONE', ( #941, #704, #548, #1913, #1019 ) ) ;
#1292 = CYLINDRICAL_SURFACE ( 'NONE', #2421, 2.000000000000000000 ) ;
#1293 = ORIENTED_EDGE ( 'NONE', *, *, #855, .F. ) ;
#1294 = DIRECTION ( 'NONE',  ( 1.000000000000000000, 0.000000000000000000, 0.000000000000000000 ) ) ;
#1295 = DIRECTION ( 'NONE',  ( 0.000000000000000000, 0.000000000000000000, 1.000000000000000000 ) ) ;
#1296 = CARTESIAN_POINT ( 'NONE',  ( -11.99999999999988098, -17.70000000000000639, 7.499999999999985789 ) ) ;
#1297 = DIRECTION ( 'NONE',  ( -1.000000000000000000, -0.000000000000000000, -0.000000000000000000 ) ) ;
#1298 = EDGE_CURVE ( 'NONE', #1497, #2253, #1685, .T. ) ;
#1299 = EDGE_CURVE ( 'NONE', #20, #2913, #1201, .T. ) ;
#1300 = ORIENTED_EDGE ( 'NONE', *, *, #7, .F. ) ;
#1301 = LINE ( 'NONE', #2497, #2021 ) ;
#1302 = CARTESIAN_POINT ( 'NONE',  ( 12.00000000000012079, -17.70000000000000284, 8.999999999999992895 ) ) ;
#1303 = ORIENTED_EDGE ( 'NONE', *, *, #329, .T. ) ;
#1304 = CIRCLE ( 'NONE', #1787, 1.500000000000001332 ) ;
#1305 = CIRCLE ( 'NONE', #1835, 0.7500000000000002220 ) ;
#1306 = CARTESIAN_POINT ( 'NONE',  ( 12.05000000000000071, 2.510525938252074186E-16, -6.800000000000000711 ) ) ;
#1307 = ORIENTED_EDGE ( 'NONE', *, *, #487, .T. ) ;
#1308 = DIRECTION ( 'NONE',  ( 0.000000000000000000, -0.000000000000000000, 1.000000000000000000 ) ) ;
#1309 = CARTESIAN_POINT ( 'NONE',  ( 10.50000000000012434, -19.09999999999996945, 7.499999999999996447 ) ) ;
#1310 = LINE ( 'NONE', #1812, #106 ) ;
#1311 = AXIS2_PLACEMENT_3D ( 'NONE', #1636, #212, #2995 ) ;
#1312 = VECTOR ( 'NONE', #996, 1000.000000000000000 ) ;
#1313 = CARTESIAN_POINT ( 'NONE',  ( -17.69999999999999574, -9.000000000000000000, 3.903127820947814385E-15 ) ) ;
#1314 = ORIENTED_EDGE ( 'NONE', *, *, #2057, .F. ) ;
#1315 = DIRECTION ( 'NONE',  ( 9.800697604388740006E-17, -1.000000000000000000, 0.000000000000000000 ) ) ;
#1316 = VECTOR ( 'NONE', #2152, 1000.000000000000000 ) ;
#1317 = DIRECTION ( 'NONE',  ( 0.000000000000000000, -0.000000000000000000, -1.000000000000000000 ) ) ;
#1318 = VERTEX_POINT ( 'NONE', #2396 ) ;
#1319 = VECTOR ( 'NONE', #1538, 1000.000000000000000 ) ;
#1320 = DIRECTION ( 'NONE',  ( 1.000000000000000000, 6.672013369141567386E-15, -0.000000000000000000 ) ) ;
#1321 = ADVANCED_FACE ( 'NONE', ( #518 ), #1915, .F. ) ;
#1322 = EDGE_CURVE ( 'NONE', #958, #2483, #314, .T. ) ;
#1323 = VERTEX_POINT ( 'NONE', #761 ) ;
#1324 = CARTESIAN_POINT ( 'NONE',  ( 0.000000000000000000, 0.000000000000000000, 0.000000000000000000 ) ) ;
#1325 = DIRECTION ( 'NONE',  ( 0.000000000000000000, 0.000000000000000000, -1.000000000000000000 ) ) ;
#1326 = ORIENTED_EDGE ( 'NONE', *, *, #2833, .T. ) ;
#1327 = LINE ( 'NONE', #2020, #2681 ) ;
#1328 = DIRECTION ( 'NONE',  ( 1.000000000000000000, -0.000000000000000000, -0.000000000000000000 ) ) ;
#1329 = VECTOR ( 'NONE', #175, 1000.000000000000000 ) ;
#1330 = VERTEX_POINT ( 'NONE', #2604 ) ;
#1331 = PLANE ( 'NONE',  #570 ) ;
#1332 = AXIS2_PLACEMENT_3D ( 'NONE', #841, #1773, #811 ) ;
#1333 = CARTESIAN_POINT ( 'NONE',  ( -17.69999999999999574, 7.500000000000000888, -2.000000000000000000 ) ) ;
#1334 = VERTEX_POINT ( 'NONE', #34 ) ;
#1335 = CARTESIAN_POINT ( 'NONE',  ( 10.00000000000000000, 0.000000000000000000, -10.00000000000000000 ) ) ;
#1336 = DIRECTION ( 'NONE',  ( -1.000000000000000000, 0.000000000000000000, 0.000000000000000000 ) ) ;
#1337 = ORIENTED_EDGE ( 'NONE', *, *, #2042, .F. ) ;
#1338 = ADVANCED_FACE ( 'NONE', ( #2835 ), #532, .T. ) ;
#1339 = EDGE_CURVE ( 'NONE', #589, #1250, #331, .T. ) ;
#1340 = PLANE ( 'NONE',  #700 ) ;
#1341 = LINE ( 'NONE', #2973, #2481 ) ;
#1342 = ORIENTED_EDGE ( 'NONE', *, *, #2369, .F. ) ;
#1343 = LINE ( 'NONE', #689, #799 ) ;
#1344 = FACE_OUTER_BOUND ( 'NONE', #647, .T. ) ;
#1345 = EDGE_LOOP ( 'NONE', ( #1983, #851, #1633, #264 ) ) ;
#1346 = LINE ( 'NONE', #2286, #1015 ) ;
#1347 = AXIS2_PLACEMENT_3D ( 'NONE', #1411, #920, #243 ) ;
#1348 = DIRECTION ( 'NONE',  ( 9.800697604388740006E-17, -1.000000000000000000, 0.000000000000000000 ) ) ;
#1349 = VERTEX_POINT ( 'NONE', #1021 ) ;
#1350 = DIRECTION ( 'NONE',  ( 1.000000000000000000, -0.000000000000000000, -0.000000000000000000 ) ) ;
#1351 = DIRECTION ( 'NONE',  ( -4.440892098500619220E-14, 1.000000000000000000, 0.000000000000000000 ) ) ;
#1352 = VECTOR ( 'NONE', #1211, 1000.000000000000000 ) ;
#1353 = ORIENTED_EDGE ( 'NONE', *, *, #135, .T. ) ;
#1354 = CARTESIAN_POINT ( 'NONE',  ( 19.10000000000000142, 12.00000000000005862, 7.499999999999996447 ) ) ;
#1355 = ADVANCED_FACE ( 'NONE', ( #748 ), #1041, .F. ) ;
#1356 = DIRECTION ( 'NONE',  ( 1.000000000000000000, -0.000000000000000000, -0.000000000000000000 ) ) ;
#1357 = ORIENTED_EDGE ( 'NONE', *, *, #2523, .T. ) ;
#1358 = DIRECTION ( 'NONE',  ( 0.000000000000000000, -1.000000000000000000, 0.000000000000000000 ) ) ;
#1359 = PRODUCT_DEFINITION_CONTEXT ( 'detailed design', #817, 'design' ) ;
#1360 = EDGE_CURVE ( 'NONE', #2483, #990, #1572, .T. ) ;
#1361 = EDGE_CURVE ( 'NONE', #2616, #1892, #2590, .T. ) ;
#1362 = DIRECTION ( 'NONE',  ( 0.000000000000000000, 0.000000000000000000, -1.000000000000000000 ) ) ;
#1363 = VERTEX_POINT ( 'NONE', #777 ) ;
#1364 = ORIENTED_EDGE ( 'NONE', *, *, #1635, .F. ) ;
#1365 = SURFACE_SIDE_STYLE ('',( #1801 ) ) ;
#1366 = AXIS2_PLACEMENT_3D ( 'NONE', #388, #651, #1121 ) ;
#1367 = FACE_OUTER_BOUND ( 'NONE', #1933, .T. ) ;
#1368 = ORIENTED_EDGE ( 'NONE', *, *, #2429, .T. ) ;
#1369 = DIRECTION ( 'NONE',  ( 1.000000000000000000, 0.000000000000000000, 0.000000000000000000 ) ) ;
#1370 = VECTOR ( 'NONE', #2856, 1000.000000000000000 ) ;
#1371 =( NAMED_UNIT ( * ) PLANE_ANGLE_UNIT ( ) SI_UNIT ( $, .RADIAN. ) );
#1372 = AXIS2_PLACEMENT_3D ( 'NONE', #2081, #993, #2791 ) ;
#1373 = ORIENTED_EDGE ( 'NONE', *, *, #1339, .F. ) ;
#1374 = CARTESIAN_POINT ( 'NONE',  ( 19.10000000000000142, -11.99999999999994138, 8.999999999999987566 ) ) ;
#1375 = LINE ( 'NONE', #2035, #1014 ) ;
#1376 = DIRECTION ( 'NONE',  ( 0.000000000000000000, -0.000000000000000000, -1.000000000000000000 ) ) ;
#1377 = DIRECTION ( 'NONE',  ( -1.047444401652940007E-14, 1.000000000000000000, 0.000000000000000000 ) ) ;
#1378 = ORIENTED_EDGE ( 'NONE', *, *, #875, .F. ) ;
#1379 = ADVANCED_FACE ( 'NONE', ( #2166, #1264, #97 ), #64, .F. ) ;
#1380 = ADVANCED_FACE ( 'NONE', ( #1216 ), #282, .F. ) ;
#1381 = FACE_OUTER_BOUND ( 'NONE', #2360, .T. ) ;
#1382 = CIRCLE ( 'NONE', #846, 1.500000000000001332 ) ;
#1383 = DIRECTION ( 'NONE',  ( 1.000000000000000000, 0.000000000000000000, 0.000000000000000000 ) ) ;
#1384 = ORIENTED_EDGE ( 'NONE', *, *, #196, .F. ) ;
#1385 = CARTESIAN_POINT ( 'NONE',  ( -19.10000000000000142, -19.10000000000000497, 10.00000000000000000 ) ) ;
#1386 = VECTOR ( 'NONE', #2490, 1000.000000000000000 ) ;
#1387 = VECTOR ( 'NONE', #52, 1000.000000000000000 ) ;
#1388 = ORIENTED_EDGE ( 'NONE', *, *, #2447, .F. ) ;
#1389 = DIRECTION ( 'NONE',  ( 0.000000000000000000, 0.000000000000000000, 1.000000000000000000 ) ) ;
#1390 = CARTESIAN_POINT ( 'NONE',  ( 15.70000000000000639, -18.70000000000001705, 10.00000000000000000 ) ) ;
#1391 = CARTESIAN_POINT ( 'NONE',  ( -14.10000000000000142, -9.000000000000000000, 3.903127820947814385E-15 ) ) ;
#1392 = CARTESIAN_POINT ( 'NONE',  ( 15.70000000000000639, 18.70000000000001350, 10.00000000000000000 ) ) ;
#1393 = ORIENTED_EDGE ( 'NONE', *, *, #1523, .F. ) ;
#1394 = FACE_OUTER_BOUND ( 'NONE', #1345, .T. ) ;
#1395 = ADVANCED_FACE ( 'NONE', ( #2577 ), #1702, .T. ) ;
#1396 = EDGE_CURVE ( 'NONE', #2898, #15, #1110, .T. ) ;
#1397 = CYLINDRICAL_SURFACE ( 'NONE', #2279, 1.999999999999998224 ) ;
#1398 = VERTEX_POINT ( 'NONE', #1733 ) ;
#1399 = FACE_OUTER_BOUND ( 'NONE', #2452, .T. ) ;
#1400 = AXIS2_PLACEMENT_3D ( 'NONE', #164, #384, #2235 ) ;
#1401 = EDGE_CURVE ( 'NONE', #2422, #1842, #1480, .T. ) ;
#1402 = ORIENTED_EDGE ( 'NONE', *, *, #1205, .T. ) ;
#1403 = CARTESIAN_POINT ( 'NONE',  ( 17.70000000000000284, 15.69999999999999574, 8.999999999999992895 ) ) ;
#1404 = AXIS2_PLACEMENT_3D ( 'NONE', #1848, #2772, #2544 ) ;
#1405 = VECTOR ( 'NONE', #1035, 1000.000000000000000 ) ;
#1406 = DIRECTION ( 'NONE',  ( 1.000000000000000000, 3.469446951953611033E-15, 0.000000000000000000 ) ) ;
#1407 = AXIS2_PLACEMENT_3D ( 'NONE', #1713, #322, #118 ) ;
#1408 = DIRECTION ( 'NONE',  ( 0.000000000000000000, -0.000000000000000000, 1.000000000000000000 ) ) ;
#1409 = DIRECTION ( 'NONE',  ( 0.000000000000000000, 1.000000000000000000, 0.000000000000000000 ) ) ;
#1410 = ORIENTED_EDGE ( 'NONE', *, *, #234, .F. ) ;
#1411 = CARTESIAN_POINT ( 'NONE',  ( -16.10000000000000142, -9.000000000000000000, 3.903127820947814385E-15 ) ) ;
#1412 = DIRECTION ( 'NONE',  ( -1.000000000000000000, -9.800697604388740006E-17, -0.000000000000000000 ) ) ;
#1413 = CYLINDRICAL_SURFACE ( 'NONE', #2474, 1.000000000000000000 ) ;
#1414 = ORIENTED_EDGE ( 'NONE', *, *, #291, .F. ) ;
#1415 = FACE_BOUND ( 'NONE', #1472, .T. ) ;
#1416 = AXIS2_PLACEMENT_3D ( 'NONE', #2069, #1589, #453 ) ;
#1417 = VERTEX_POINT ( 'NONE', #2921 ) ;
#1418 = AXIS2_PLACEMENT_3D ( 'NONE', #2190, #1297, #2871 ) ;
#1419 = ADVANCED_FACE ( 'NONE', ( #394 ), #1759, .F. ) ;
#1420 = EDGE_CURVE ( 'NONE', #2799, #31, #2427, .T. ) ;
#1421 = AXIS2_PLACEMENT_3D ( 'NONE', #736, #19, #1179 ) ;
#1422 = ORIENTED_EDGE ( 'NONE', *, *, #672, .T. ) ;
#1423 = ORIENTED_EDGE ( 'NONE', *, *, #2094, .F. ) ;
#1424 = CARTESIAN_POINT ( 'NONE',  ( 15.70000000000000639, 15.69999999999999929, -2.000000000000000000 ) ) ;
#1425 = FACE_OUTER_BOUND ( 'NONE', #1815, .T. ) ;
#1426 = VERTEX_POINT ( 'NONE', #1280 ) ;
#1427 = FACE_OUTER_BOUND ( 'NONE', #1001, .T. ) ;
#1428 = CARTESIAN_POINT ( 'NONE',  ( 17.10000000000000497, 17.10000000000000497, 10.00000000000000000 ) ) ;
#1429 = VERTEX_POINT ( 'NONE', #346 ) ;
#1430 = CARTESIAN_POINT ( 'NONE',  ( -10.00000000000000000, -6.982962677686266711E-14, -6.800000000000000711 ) ) ;
#1431 = EDGE_LOOP ( 'NONE', ( #1667, #2849, #1070, #2192 ) ) ;
#1432 = VECTOR ( 'NONE', #1776, 1000.000000000000000 ) ;
#1433 = ADVANCED_FACE ( 'NONE', ( #854 ), #1791, .F. ) ;
#1434 = EDGE_CURVE ( 'NONE', #625, #1731, #2256, .T. ) ;
#1435 = EDGE_LOOP ( 'NONE', ( #1074, #1534, #2105, #2234 ) ) ;
#1436 = DIRECTION ( 'NONE',  ( 0.000000000000000000, -1.000000000000000000, 0.000000000000000000 ) ) ;
#1437 = DIRECTION ( 'NONE',  ( 0.000000000000000000, 0.000000000000000000, 1.000000000000000000 ) ) ;
#1438 = CARTESIAN_POINT ( 'NONE',  ( -16.10000000000000142, 9.000000000000000000, 0.000000000000000000 ) ) ;
#1439 = ORIENTED_EDGE ( 'NONE', *, *, #913, .T. ) ;
#1440 = CARTESIAN_POINT ( 'NONE',  ( -11.99999999999990941, -9.100000000000044054, 7.499999999999985789 ) ) ;
#1441 = DIRECTION ( 'NONE',  ( 1.000000000000000000, 0.000000000000000000, 0.000000000000000000 ) ) ;
#1442 = EDGE_LOOP ( 'NONE', ( #1968, #2901, #2567, #635, #516, #2786 ) ) ;
#1443 = DIRECTION ( 'NONE',  ( -1.000000000000000000, 0.000000000000000000, 0.000000000000000000 ) ) ;
#1444 = ORIENTED_EDGE ( 'NONE', *, *, #672, .F. ) ;
#1445 = ORIENTED_EDGE ( 'NONE', *, *, #2257, .T. ) ;
#1446 = DIRECTION ( 'NONE',  ( -1.000000000000000000, 0.000000000000000000, 0.000000000000000000 ) ) ;
#1447 = DIRECTION ( 'NONE',  ( 0.000000000000000000, 0.000000000000000000, -1.000000000000000000 ) ) ;
#1448 = EDGE_CURVE ( 'NONE', #1771, #931, #2475, .T. ) ;
#1449 = DIRECTION ( 'NONE',  ( -0.000000000000000000, 0.000000000000000000, 1.000000000000000000 ) ) ;
#1450 = CIRCLE ( 'NONE', #916, 1.500000000000001332 ) ;
#1451 = DIRECTION ( 'NONE',  ( -0.000000000000000000, 0.000000000000000000, -1.000000000000000000 ) ) ;
#1452 = ADVANCED_FACE ( 'NONE', ( #2226 ), #2892, .T. ) ;
#1453 = ADVANCED_FACE ( 'NONE', ( #2211 ), #627, .F. ) ;
#1454 = CYLINDRICAL_SURFACE ( 'NONE', #1849, 1.500000000000001332 ) ;
#1455 = LINE ( 'NONE', #2141, #2522 ) ;
#1456 = ORIENTED_EDGE ( 'NONE', *, *, #2983, .T. ) ;
#1457 = LINE ( 'NONE', #2193, #1103 ) ;
#1458 = EDGE_LOOP ( 'NONE', ( #2305, #2394, #2939, #530 ) ) ;
#1459 = VECTOR ( 'NONE', #1891, 1000.000000000000000 ) ;
#1460 = ORIENTED_EDGE ( 'NONE', *, *, #1911, .F. ) ;
#1461 = CARTESIAN_POINT ( 'NONE',  ( 17.70000000000004547, -6.499999999999777955, -4.000000000000000000 ) ) ;
#1462 = CARTESIAN_POINT ( 'NONE',  ( 15.70000000000000639, -15.70000000000000639, 10.00000000000000000 ) ) ;
#1463 = AXIS2_PLACEMENT_3D ( 'NONE', #2676, #1952, #1739 ) ;
#1464 = AXIS2_PLACEMENT_3D ( 'NONE', #2766, #1377, #193 ) ;
#1465 = DIRECTION ( 'NONE',  ( 0.000000000000000000, 1.000000000000000000, -2.168404344971008868E-16 ) ) ;
#1466 = ORIENTED_EDGE ( 'NONE', *, *, #656, .F. ) ;
#1467 = DIRECTION ( 'NONE',  ( 0.000000000000000000, 1.000000000000000000, 0.000000000000000000 ) ) ;
#1468 = DIRECTION ( 'NONE',  ( -1.000000000000000000, 0.000000000000000000, 0.000000000000000000 ) ) ;
#1469 = ADVANCED_FACE ( 'NONE', ( #2908 ), #1340, .F. ) ;
#1470 = CARTESIAN_POINT ( 'NONE',  ( -16.94093755032453785, -7.327535588273407008, -3.579470619791190522 ) ) ;
#1471 = EDGE_CURVE ( 'NONE', #788, #202, #555, .T. ) ;
#1472 = EDGE_LOOP ( 'NONE', ( #1742, #1991, #2831, #1269, #464, #359, #1554, #1805 ) ) ;
#1473 = DIRECTION ( 'NONE',  ( -1.000000000000000000, -0.000000000000000000, -0.000000000000000000 ) ) ;
#1474 = EDGE_LOOP ( 'NONE', ( #1775, #1101, #836, #1239 ) ) ;
#1475 = FACE_OUTER_BOUND ( 'NONE', #1169, .T. ) ;
#1476 = VECTOR ( 'NONE', #2096, 1000.000000000000000 ) ;
#1477 = ORIENTED_EDGE ( 'NONE', *, *, #2001, .T. ) ;
#1478 = FACE_OUTER_BOUND ( 'NONE', #1643, .T. ) ;
#1479 = DIRECTION ( 'NONE',  ( 1.000000000000000000, -0.000000000000000000, 0.000000000000000000 ) ) ;
#1480 = CIRCLE ( 'NONE', #944, 2.000000000000000000 ) ;
#1481 = CARTESIAN_POINT ( 'NONE',  ( -17.69999999999999574, -6.500000000000000000, -4.000000000000000000 ) ) ;
#1482 = ORIENTED_EDGE ( 'NONE', *, *, #1599, .T. ) ;
#1483 = CARTESIAN_POINT ( 'NONE',  ( -16.10000000000000142, 9.000000000000000000, 0.000000000000000000 ) ) ;
#1484 = DIRECTION ( 'NONE',  ( 0.000000000000000000, 0.000000000000000000, -1.000000000000000000 ) ) ;
#1485 = CARTESIAN_POINT ( 'NONE',  ( -16.49222882713354821, -7.050191681892664874, -3.844453409151098455 ) ) ;
#1486 = VERTEX_POINT ( 'NONE', #2685 ) ;
#1487 = FACE_OUTER_BOUND ( 'NONE', #2649, .T. ) ;
#1488 = EDGE_CURVE ( 'NONE', #79, #366, #54, .T. ) ;
#1489 = VERTEX_POINT ( 'NONE', #1080 ) ;
#1490 = EDGE_CURVE ( 'NONE', #2532, #2501, #612, .T. ) ;
#1491 = DIRECTION ( 'NONE',  ( -1.000000000000000000, -1.040834085586084572E-14, 0.000000000000000000 ) ) ;
#1492 = VERTEX_POINT ( 'NONE', #1537 ) ;
#1493 = CARTESIAN_POINT ( 'NONE',  ( -17.69999999999999574, -12.00000000000005862, 7.499999999999996447 ) ) ;
#1494 = CARTESIAN_POINT ( 'NONE',  ( -9.100000000000001421, 11.99999999999994138, 7.499999999999985789 ) ) ;
#1495 = CIRCLE ( 'NONE', #721, 3.000000000000012879 ) ;
#1496 = DIRECTION ( 'NONE',  ( -0.000000000000000000, 2.168404344971008868E-16, 1.000000000000000000 ) ) ;
#1497 = VERTEX_POINT ( 'NONE', #1552 ) ;
#1498 = DIRECTION ( 'NONE',  ( 0.000000000000000000, 2.168404344971008868E-16, 1.000000000000000000 ) ) ;
#1499 = FACE_OUTER_BOUND ( 'NONE', #1587, .T. ) ;
#1500 = DIRECTION ( 'NONE',  ( 0.000000000000000000, 0.000000000000000000, 1.000000000000000000 ) ) ;
#1501 = ORIENTED_EDGE ( 'NONE', *, *, #634, .T. ) ;
#1502 = CARTESIAN_POINT ( 'NONE',  ( -17.69999999999999574, -7.500000000000000000, 0.000000000000000000 ) ) ;
#1503 = ORIENTED_EDGE ( 'NONE', *, *, #1190, .F. ) ;
#1504 = CARTESIAN_POINT ( 'NONE',  ( 19.10000000000000142, 17.10000000000000853, 10.00000000000000000 ) ) ;
#1505 = ORIENTED_EDGE ( 'NONE', *, *, #804, .F. ) ;
#1506 = EDGE_CURVE ( 'NONE', #202, #27, #1508, .T. ) ;
#1507 = EDGE_CURVE ( 'NONE', #1098, #2373, #2716, .T. ) ;
#1508 = LINE ( 'NONE', #2016, #607 ) ;
#1509 = AXIS2_PLACEMENT_3D ( 'NONE', #906, #2303, #436 ) ;
#1510 = LINE ( 'NONE', #1931, #1029 ) ;
#1511 = ORIENTED_EDGE ( 'NONE', *, *, #233, .F. ) ;
#1512 = AXIS2_PLACEMENT_3D ( 'NONE', #2912, #618, #845 ) ;
#1513 = CARTESIAN_POINT ( 'NONE',  ( 11.99999999999984546, 9.100000000000127542, 7.499999999999985789 ) ) ;
#1514 = CIRCLE ( 'NONE', #191, 2.000000000000000000 ) ;
#1515 = DIRECTION ( 'NONE',  ( -1.000000000000000000, 0.000000000000000000, 0.000000000000000000 ) ) ;
#1516 = ORIENTED_EDGE ( 'NONE', *, *, #2127, .T. ) ;
#1517 = DIRECTION ( 'NONE',  ( 1.000000000000000000, 0.000000000000000000, 0.000000000000000000 ) ) ;
#1518 = CARTESIAN_POINT ( 'NONE',  ( -19.10000000000000142, -17.10000000000000853, 10.00000000000000000 ) ) ;
#1519 = ORIENTED_EDGE ( 'NONE', *, *, #2942, .F. ) ;
#1520 = CARTESIAN_POINT ( 'NONE',  ( -16.10000000000000142, 9.750000000000000000, 0.000000000000000000 ) ) ;
#1521 = ORIENTED_EDGE ( 'NONE', *, *, #655, .F. ) ;
#1522 = DIRECTION ( 'NONE',  ( -1.047444401652940007E-14, 1.000000000000000000, -0.000000000000000000 ) ) ;
#1523 = EDGE_CURVE ( 'NONE', #2926, #838, #1910, .T. ) ;
#1524 = ADVANCED_FACE ( 'NONE', ( #914 ), #472, .T. ) ;
#1525 = AXIS2_PLACEMENT_3D ( 'NONE', #1570, #2927, #2459 ) ;
#1526 = LINE ( 'NONE', #1481, #1802 ) ;
#1527 = VERTEX_POINT ( 'NONE', #2324 ) ;
#1528 = CARTESIAN_POINT ( 'NONE',  ( 10.00000000000000000, 0.000000000000000000, -6.800000000000000711 ) ) ;
#1529 = VECTOR ( 'NONE', #2704, 1000.000000000000000 ) ;
#1530 = LINE ( 'NONE', #352, #834 ) ;
#1531 = EDGE_LOOP ( 'NONE', ( #1444, #2435, #292, #2749 ) ) ;
#1532 = DIRECTION ( 'NONE',  ( 1.000000000000000000, 0.000000000000000000, 0.000000000000000000 ) ) ;
#1533 = CYLINDRICAL_SURFACE ( 'NONE', #878, 1.000000000000000000 ) ;
#1534 = ORIENTED_EDGE ( 'NONE', *, *, #44, .T. ) ;
#1535 = DIRECTION ( 'NONE',  ( 0.000000000000000000, 0.000000000000000000, 1.000000000000000000 ) ) ;
#1536 = EDGE_LOOP ( 'NONE', ( #13, #1214, #1108, #1683 ) ) ;
#1537 = CARTESIAN_POINT ( 'NONE',  ( -12.00000000000024514, 17.69999999999999574, 8.999999999999992895 ) ) ;
#1538 = DIRECTION ( 'NONE',  ( -6.938893903907347496E-15, 1.000000000000000000, -0.000000000000000000 ) ) ;
#1539 = VERTEX_POINT ( 'NONE', #1374 ) ;
#1540 = CYLINDRICAL_SURFACE ( 'NONE', #1958, 1.499999999999999556 ) ;
#1541 = VECTOR ( 'NONE', #2068, 1000.000000000000000 ) ;
#1542 = DIRECTION ( 'NONE',  ( 0.000000000000000000, 0.000000000000000000, 1.000000000000000000 ) ) ;
#1543 = EDGE_LOOP ( 'NONE', ( #1034, #2203, #1637, #710, #998, #662 ) ) ;
#1544 = EDGE_CURVE ( 'NONE', #825, #1349, #2519, .T. ) ;
#1545 = DIRECTION ( 'NONE',  ( 0.7071067811865451302, -0.000000000000000000, 0.7071067811865500152 ) ) ;
#1546 = CIRCLE ( 'NONE', #1738, 2.049999999999999822 ) ;
#1547 = CARTESIAN_POINT ( 'NONE',  ( -17.69999999999999574, -7.499999999999996447, 3.000000000000001776 ) ) ;
#1548 = VERTEX_POINT ( 'NONE', #899 ) ;
#1549 = DIRECTION ( 'NONE',  ( -0.000000000000000000, 0.000000000000000000, -1.000000000000000000 ) ) ;
#1550 = FACE_OUTER_BOUND ( 'NONE', #2336, .T. ) ;
#1551 = ORIENTED_EDGE ( 'NONE', *, *, #505, .F. ) ;
#1552 = CARTESIAN_POINT ( 'NONE',  ( -16.10000000000000142, -9.000000000000000000, -0.7499999999999963363 ) ) ;
#1553 = DIRECTION ( 'NONE',  ( 0.000000000000000000, 0.000000000000000000, 1.000000000000000000 ) ) ;
#1554 = ORIENTED_EDGE ( 'NONE', *, *, #448, .T. ) ;
#1555 = DIRECTION ( 'NONE',  ( -1.000000000000000000, 0.000000000000000000, 0.000000000000000000 ) ) ;
#1556 = VECTOR ( 'NONE', #679, 1000.000000000000000 ) ;
#1557 = LINE ( 'NONE', #2707, #1218 ) ;
#1558 = ORIENTED_EDGE ( 'NONE', *, *, #1687, .F. ) ;
#1559 = DIRECTION ( 'NONE',  ( -1.000000000000000000, -0.000000000000000000, -0.000000000000000000 ) ) ;
#1560 = EDGE_CURVE ( 'NONE', #232, #1192, #459, .T. ) ;
#1561 = EDGE_CURVE ( 'NONE', #2432, #2402, #2731, .T. ) ;
#1562 = DIRECTION ( 'NONE',  ( 0.000000000000000000, 0.000000000000000000, -1.000000000000000000 ) ) ;
#1563 = VERTEX_POINT ( 'NONE', #1838 ) ;
#1564 = VECTOR ( 'NONE', #2456, 1000.000000000000000 ) ;
#1565 = CARTESIAN_POINT ( 'NONE',  ( 14.70000000000002416, -4.499999999999911182, -4.000000000000000000 ) ) ;
#1566 = EDGE_LOOP ( 'NONE', ( #2697, #2929, #2957, #2583 ) ) ;
#1567 = DIRECTION ( 'NONE',  ( 1.000000000000000000, 0.000000000000000000, 0.000000000000000000 ) ) ;
#1568 = CARTESIAN_POINT ( 'NONE',  ( 17.10000000000000497, -19.10000000000000142, 10.00000000000000000 ) ) ;
#1569 = ORIENTED_EDGE ( 'NONE', *, *, #1635, .T. ) ;
#1570 = CARTESIAN_POINT ( 'NONE',  ( -17.69999999999999574, -12.00000000000005862, 7.499999999999996447 ) ) ;
#1571 = CARTESIAN_POINT ( 'NONE',  ( 17.69999999999995666, 6.500000000000000000, -1.700000000000000178 ) ) ;
#1572 = CIRCLE ( 'NONE', #2972, 2.000000000000000000 ) ;
#1573 = ORIENTED_EDGE ( 'NONE', *, *, #2058, .F. ) ;
#1574 = PRESENTATION_STYLE_ASSIGNMENT (( #435 ) ) ;
#1575 = DIRECTION ( 'NONE',  ( 0.000000000000000000, 0.000000000000000000, 1.000000000000000000 ) ) ;
#1576 = EDGE_LOOP ( 'NONE', ( #1970, #353 ) ) ;
#1577 = DIRECTION ( 'NONE',  ( 1.000000000000000000, 0.000000000000000000, 0.000000000000000000 ) ) ;
#1578 = EDGE_CURVE ( 'NONE', #1584, #2842, #2292, .T. ) ;
#1579 = ORIENTED_EDGE ( 'NONE', *, *, #1339, .T. ) ;
#1580 = ADVANCED_FACE ( 'NONE', ( #442 ), #3000, .F. ) ;
#1581 = EDGE_CURVE ( 'NONE', #774, #2225, #2780, .T. ) ;
#1582 = CARTESIAN_POINT ( 'NONE',  ( 17.70000000000000284, 15.69999999999999574, 8.999999999999992895 ) ) ;
#1583 = CARTESIAN_POINT ( 'NONE',  ( -19.10000000000000142, -12.00000000000005862, 8.999999999999998224 ) ) ;
#1584 = VERTEX_POINT ( 'NONE', #2986 ) ;
#1585 = DIRECTION ( 'NONE',  ( 0.000000000000000000, 1.000000000000000000, 0.000000000000000000 ) ) ;
#1586 = DIRECTION ( 'NONE',  ( 0.000000000000000000, 0.000000000000000000, -1.000000000000000000 ) ) ;
#1587 = EDGE_LOOP ( 'NONE', ( #2575, #306, #1129, #334, #194, #2230 ) ) ;
#1588 = LINE ( 'NONE', #848, #2117 ) ;
#1589 = DIRECTION ( 'NONE',  ( -1.000000000000000000, 0.000000000000000000, 0.000000000000000000 ) ) ;
#1590 = AXIS2_PLACEMENT_3D ( 'NONE', #829, #144, #1751 ) ;
#1591 = EDGE_LOOP ( 'NONE', ( #47, #1016, #1212, #671 ) ) ;
#1592 = LINE ( 'NONE', #1263, #2119 ) ;
#1593 = SHAPE_DEFINITION_REPRESENTATION ( #1254, #2228 ) ;
#1594 = AXIS2_PLACEMENT_3D ( 'NONE', #485, #923, #231 ) ;
#1595 = ORIENTED_EDGE ( 'NONE', *, *, #1401, .F. ) ;
#1596 = CONICAL_SURFACE ( 'NONE', #1018, 3.000000000000016431, 0.7853981633974528309 ) ;
#1597 = DIRECTION ( 'NONE',  ( -1.000000000000000000, 0.000000000000000000, 0.000000000000000000 ) ) ;
#1598 = CIRCLE ( 'NONE', #772, 2.000000000000000000 ) ;
#1599 = EDGE_CURVE ( 'NONE', #847, #2842, #2636, .T. ) ;
#1600 = EDGE_CURVE ( 'NONE', #2616, #825, #2971, .T. ) ;
#1601 = CYLINDRICAL_SURFACE ( 'NONE', #431, 1.500000000000001332 ) ;
#1602 = DIRECTION ( 'NONE',  ( 1.000000000000000000, 0.000000000000000000, 0.000000000000000000 ) ) ;
#1603 = CIRCLE ( 'NONE', #381, 1.500000000000001332 ) ;
#1604 = CARTESIAN_POINT ( 'NONE',  ( 9.100000000000001421, 12.00000000000005862, 7.499999999999996447 ) ) ;
#1605 = ORIENTED_EDGE ( 'NONE', *, *, #308, .F. ) ;
#1606 = LINE ( 'NONE', #905, #2322 ) ;
#1607 = VECTOR ( 'NONE', #2755, 1000.000000000000114 ) ;
#1608 = CARTESIAN_POINT ( 'NONE',  ( 19.10000000000000142, -11.99999999999994138, 5.999999999999985789 ) ) ;
#1609 = ORIENTED_EDGE ( 'NONE', *, *, #196, .T. ) ;
#1610 = DIRECTION ( 'NONE',  ( 0.000000000000000000, 0.000000000000000000, -1.000000000000000000 ) ) ;
#1611 = AXIS2_PLACEMENT_3D ( 'NONE', #649, #2462, #918 ) ;
#1612 = AXIS2_PLACEMENT_3D ( 'NONE', #796, #1962, #1065 ) ;
#1613 = ORIENTED_EDGE ( 'NONE', *, *, #1561, .T. ) ;
#1614 = DIRECTION ( 'NONE',  ( 1.000000000000000000, -0.000000000000000000, 0.000000000000000000 ) ) ;
#1615 = CARTESIAN_POINT ( 'NONE',  ( -7.950000000000000178, -6.957857418303746131E-14, -6.800000000000000711 ) ) ;
#1616 = FACE_BOUND ( 'NONE', #1199, .T. ) ;
#1617 = EDGE_CURVE ( 'NONE', #1349, #2646, #2308, .T. ) ;
#1618 = ADVANCED_FACE ( 'NONE', ( #2504 ), #731, .F. ) ;
#1619 = DIRECTION ( 'NONE',  ( 3.491481338843133355E-15, -1.000000000000000000, 0.000000000000000000 ) ) ;
#1620 = ORIENTED_EDGE ( 'NONE', *, *, #1966, .F. ) ;
#1621 = EDGE_CURVE ( 'NONE', #2646, #2473, #1127, .T. ) ;
#1622 = VECTOR ( 'NONE', #2819, 1000.000000000000000 ) ;
#1623 = CARTESIAN_POINT ( 'NONE',  ( -17.69999999999999574, 15.69999999999999929, 0.000000000000000000 ) ) ;
#1624 = ORIENTED_EDGE ( 'NONE', *, *, #308, .T. ) ;
#1625 = DIRECTION ( 'NONE',  ( 0.000000000000000000, 0.000000000000000000, -1.000000000000000000 ) ) ;
#1626 = VECTOR ( 'NONE', #597, 1000.000000000000000 ) ;
#1627 = AXIS2_PLACEMENT_3D ( 'NONE', #995, #2433, #2838 ) ;
#1628 = ORIENTED_EDGE ( 'NONE', *, *, #1079, .F. ) ;
#1629 = CARTESIAN_POINT ( 'NONE',  ( 11.99999999999974243, 19.10000000000012577, 7.499999999999985789 ) ) ;
#1630 = CARTESIAN_POINT ( 'NONE',  ( -19.10000000000000142, 6.500000000000003553, 4.000000000000000000 ) ) ;
#1631 = DIRECTION ( 'NONE',  ( 0.000000000000000000, 1.000000000000000000, -5.782411586589357392E-17 ) ) ;
#1632 = CARTESIAN_POINT ( 'NONE',  ( -14.10000000000000142, 8.249999999999998224, 0.000000000000000000 ) ) ;
#1633 = ORIENTED_EDGE ( 'NONE', *, *, #1448, .T. ) ;
#1634 = CARTESIAN_POINT ( 'NONE',  ( -19.10000000000000142, 17.10000000000000497, -10.00000000000000000 ) ) ;
#1635 = EDGE_CURVE ( 'NONE', #2532, #2210, #423, .T. ) ;
#1636 = CARTESIAN_POINT ( 'NONE',  ( 15.70000000000000639, -6.499999999999865885, -2.000000000000000000 ) ) ;
#1637 = ORIENTED_EDGE ( 'NONE', *, *, #22, .T. ) ;
#1638 = DIRECTION ( 'NONE',  ( -1.000000000000000000, 0.000000000000000000, 0.000000000000000000 ) ) ;
#1639 = AXIS2_PLACEMENT_3D ( 'NONE', #2794, #24, #720 ) ;
#1640 = ORIENTED_EDGE ( 'NONE', *, *, #1361, .F. ) ;
#1641 = CIRCLE ( 'NONE', #717, 1.000000000000000000 ) ;
#1642 = VECTOR ( 'NONE', #2439, 1000.000000000000000 ) ;
#1643 = EDGE_LOOP ( 'NONE', ( #2454, #935, #345, #1220 ) ) ;
#1644 = CARTESIAN_POINT ( 'NONE',  ( -17.10000000000000853, -17.10000000000000853, 10.00000000000000000 ) ) ;
#1645 = AXIS2_PLACEMENT_3D ( 'NONE', #2528, #1844, #965 ) ;
#1646 = DIRECTION ( 'NONE',  ( -1.000000000000000000, 0.000000000000000000, 0.000000000000000000 ) ) ;
#1647 = CYLINDRICAL_SURFACE ( 'NONE', #1850, 1.500000000000001332 ) ;
#1648 = ORIENTED_EDGE ( 'NONE', *, *, #1707, .T. ) ;
#1649 = CARTESIAN_POINT ( 'NONE',  ( -16.10000000000000142, -9.750000000000000000, 2.311115933264683024E-30 ) ) ;
#1650 = VECTOR ( 'NONE', #2424, 1000.000000000000000 ) ;
#1651 = CARTESIAN_POINT ( 'NONE',  ( 12.69999999999995133, 6.500000000000000000, -4.000000000000000000 ) ) ;
#1652 = FACE_OUTER_BOUND ( 'NONE', #1863, .T. ) ;
#1653 = VERTEX_POINT ( 'NONE', #1809 ) ;
#1654 = FACE_BOUND ( 'NONE', #1118, .T. ) ;
#1655 = AXIS2_PLACEMENT_3D ( 'NONE', #419, #1997, #1770 ) ;
#1656 = EDGE_CURVE ( 'NONE', #263, #1906, #637, .T. ) ;
#1657 = ADVANCED_FACE ( 'NONE', ( #148 ), #165, .F. ) ;
#1658 = ORIENTED_EDGE ( 'NONE', *, *, #2747, .T. ) ;
#1659 = CIRCLE ( 'NONE', #1027, 2.049999999999999822 ) ;
#1660 = EDGE_LOOP ( 'NONE', ( #66, #166, #488, #677, #2124 ) ) ;
#1661 = LINE ( 'NONE', #517, #2026 ) ;
#1662 = CARTESIAN_POINT ( 'NONE',  ( 0.000000000000000000, 0.000000000000000000, -10.00000000000000000 ) ) ;
#1663 = FACE_OUTER_BOUND ( 'NONE', #2588, .T. ) ;
#1664 = ORIENTED_EDGE ( 'NONE', *, *, #2777, .T. ) ;
#1665 = CARTESIAN_POINT ( 'NONE',  ( -15.69999999999999929, 15.69999999999999929, -2.000000000000000000 ) ) ;
#1666 = LINE ( 'NONE', #2629, #2902 ) ;
#1667 = ORIENTED_EDGE ( 'NONE', *, *, #2551, .F. ) ;
#1668 = DIRECTION ( 'NONE',  ( -0.000000000000000000, -0.000000000000000000, 1.000000000000000000 ) ) ;
#1669 = VERTEX_POINT ( 'NONE', #1333 ) ;
#1670 = VECTOR ( 'NONE', #2151, 1000.000000000000000 ) ;
#1671 = VERTEX_POINT ( 'NONE', #1518 ) ;
#1672 = EDGE_CURVE ( 'NONE', #1323, #828, #1022, .T. ) ;
#1673 = EDGE_CURVE ( 'NONE', #1714, #79, #1804, .T. ) ;
#1674 = DIRECTION ( 'NONE',  ( 0.000000000000000000, 0.000000000000000000, 1.000000000000000000 ) ) ;
#1675 = DIRECTION ( 'NONE',  ( 1.000000000000000000, 0.000000000000000000, 0.000000000000000000 ) ) ;
#1676 = CARTESIAN_POINT ( 'NONE',  ( -11.99999999999990941, -9.100000000000044054, 7.499999999999985789 ) ) ;
#1677 = EDGE_LOOP ( 'NONE', ( #2985, #261 ) ) ;
#1678 = CARTESIAN_POINT ( 'NONE',  ( 12.69999999999996554, 4.499999999999987566, -1.700000000000000178 ) ) ;
#1679 = DIRECTION ( 'NONE',  ( -1.000000000000000000, 0.000000000000000000, 0.000000000000000000 ) ) ;
#1680 = CYLINDRICAL_SURFACE ( 'NONE', #2955, 2.049999999999999822 ) ;
#1681 = EDGE_LOOP ( 'NONE', ( #284, #863, #1902, #2659 ) ) ;
#1682 = DIRECTION ( 'NONE',  ( 1.000000000000000000, 0.000000000000000000, 0.000000000000000000 ) ) ;
#1683 = ORIENTED_EDGE ( 'NONE', *, *, #537, .F. ) ;
#1684 = CARTESIAN_POINT ( 'NONE',  ( -10.49999999999990941, -9.100000000000038725, 7.499999999999985789 ) ) ;
#1685 = LINE ( 'NONE', #992, #1186 ) ;
#1686 = ADVANCED_FACE ( 'NONE', ( #2696 ), #1058, .F. ) ;
#1687 = EDGE_CURVE ( 'NONE', #2213, #2978, #356, .T. ) ;
#1688 = AXIS2_PLACEMENT_3D ( 'NONE', #549, #959, #1446 ) ;
#1689 = FACE_BOUND ( 'NONE', #2055, .T. ) ;
#1690 = AXIS2_PLACEMENT_3D ( 'NONE', #1335, #167, #881 ) ;
#1691 = CARTESIAN_POINT ( 'NONE',  ( 15.70000000000000639, 17.69999999999999574, -2.000000000000000000 ) ) ;
#1692 = FACE_OUTER_BOUND ( 'NONE', #1474, .T. ) ;
#1693 = ORIENTED_EDGE ( 'NONE', *, *, #1894, .F. ) ;
#1694 = CARTESIAN_POINT ( 'NONE',  ( -9.100000000000001421, -12.00000000000005862, 7.499999999999996447 ) ) ;
#1695 = AXIS2_PLACEMENT_3D ( 'NONE', #2625, #1451, #538 ) ;
#1696 = ORIENTED_EDGE ( 'NONE', *, *, #1560, .F. ) ;
#1697 = CIRCLE ( 'NONE', #1843, 2.000000000000001776 ) ;
#1698 = CARTESIAN_POINT ( 'NONE',  ( 10.00000000000000000, 0.000000000000000000, -6.800000000000000711 ) ) ;
#1699 = AXIS2_PLACEMENT_3D ( 'NONE', #2099, #273, #1164 ) ;
#1700 = ORIENTED_EDGE ( 'NONE', *, *, #1889, .F. ) ;
#1701 = CARTESIAN_POINT ( 'NONE',  ( -17.69999999999999574, 6.500000000000000000, -4.000000000000000000 ) ) ;
#1702 = PLANE ( 'NONE',  #2392 ) ;
#1703 = VECTOR ( 'NONE', #50, 1000.000000000000000 ) ;
#1704 = VECTOR ( 'NONE', #2925, 1000.000000000000000 ) ;
#1705 = DIRECTION ( 'NONE',  ( 0.000000000000000000, -0.000000000000000000, 1.000000000000000000 ) ) ;
#1706 = ORIENTED_EDGE ( 'NONE', *, *, #2302, .F. ) ;
#1707 = EDGE_CURVE ( 'NONE', #1000, #697, #622, .T. ) ;
#1708 = DIRECTION ( 'NONE',  ( 0.000000000000000000, 2.168404344971008868E-16, 1.000000000000000000 ) ) ;
#1709 = LINE ( 'NONE', #2400, #1750 ) ;
#1710 = DIRECTION ( 'NONE',  ( 1.000000000000000000, 0.000000000000000000, 0.000000000000000000 ) ) ;
#1711 = ORIENTED_EDGE ( 'NONE', *, *, #2503, .T. ) ;
#1712 = EDGE_CURVE ( 'NONE', #247, #2781, #1982, .T. ) ;
#1713 = CARTESIAN_POINT ( 'NONE',  ( 15.70000000000000639, 6.500000000000000000, -2.000000000000000000 ) ) ;
#1714 = VERTEX_POINT ( 'NONE', #894 ) ;
#1715 = DIRECTION ( 'NONE',  ( 0.000000000000000000, 0.000000000000000000, -1.000000000000000000 ) ) ;
#1716 = VECTOR ( 'NONE', #2721, 1000.000000000000000 ) ;
#1717 = ORIENTED_EDGE ( 'NONE', *, *, #1152, .F. ) ;
#1718 = PLANE ( 'NONE',  #1881 ) ;
#1719 = DIRECTION ( 'NONE',  ( -1.000000000000000000, 0.000000000000000000, 0.000000000000000000 ) ) ;
#1720 = AXIS2_PLACEMENT_3D ( 'NONE', #188, #2050, #2774 ) ;
#1721 = LINE ( 'NONE', #2623, #735 ) ;
#1722 = CARTESIAN_POINT ( 'NONE',  ( 17.70000000000000284, 15.69999999999999574, 8.999999999999992895 ) ) ;
#1723 = CARTESIAN_POINT ( 'NONE',  ( -15.69999999999999929, 17.69999999999999574, 8.999999999999992895 ) ) ;
#1724 = CYLINDRICAL_SURFACE ( 'NONE', #1124, 2.000000000000000000 ) ;
#1725 = ORIENTED_EDGE ( 'NONE', *, *, #728, .T. ) ;
#1726 = CARTESIAN_POINT ( 'NONE',  ( 17.10000000000000497, 19.10000000000000142, 10.00000000000000000 ) ) ;
#1727 = EDGE_CURVE ( 'NONE', #1363, #2422, #1697, .T. ) ;
#1728 = ADVANCED_FACE ( 'NONE', ( #2664 ), #2027, .F. ) ;
#1729 = ORIENTED_EDGE ( 'NONE', *, *, #1712, .F. ) ;
#1730 = FACE_OUTER_BOUND ( 'NONE', #2827, .T. ) ;
#1731 = VERTEX_POINT ( 'NONE', #1547 ) ;
#1732 = DIRECTION ( 'NONE',  ( -1.000000000000000000, 0.000000000000000000, 0.000000000000000000 ) ) ;
#1733 = CARTESIAN_POINT ( 'NONE',  ( -17.69999999999999574, 15.69999999999999929, 8.999999999999992895 ) ) ;
#1734 = AXIS2_PLACEMENT_3D ( 'NONE', #806, #1980, #999 ) ;
#1735 = CARTESIAN_POINT ( 'NONE',  ( -17.43205080756887781, -7.499999999999998224, -2.999999999999999112 ) ) ;
#1736 = EDGE_LOOP ( 'NONE', ( #562, #526, #1439, #495, #2223, #2006, #2527, #1700, #1228, #1149, #1887, #650, #2250, #2441, #2596, #375, #184, #1422, #2752, #73, #2024, #1307, #444, #2312, #279, #1054, #601, #2967 ) ) ;
#1737 = CARTESIAN_POINT ( 'NONE',  ( 17.70000000000000284, -17.70000000000000284, -4.000000000000000000 ) ) ;
#1738 = AXIS2_PLACEMENT_3D ( 'NONE', #2071, #1625, #1443 ) ;
#1739 = DIRECTION ( 'NONE',  ( 0.000000000000000000, 0.000000000000000000, -1.000000000000000000 ) ) ;
#1740 = VERTEX_POINT ( 'NONE', #2498 ) ;
#1741 = FACE_OUTER_BOUND ( 'NONE', #180, .T. ) ;
#1742 = ORIENTED_EDGE ( 'NONE', *, *, #1227, .T. ) ;
#1743 = EDGE_CURVE ( 'NONE', #2210, #1486, #608, .T. ) ;
#1744 = EDGE_CURVE ( 'NONE', #1653, #32, #2485, .T. ) ;
#1745 = LINE ( 'NONE', #325, #1882 ) ;
#1746 = ORIENTED_EDGE ( 'NONE', *, *, #912, .T. ) ;
#1747 = DIRECTION ( 'NONE',  ( -0.000000000000000000, 0.000000000000000000, 1.000000000000000000 ) ) ;
#1748 = AXIS2_PLACEMENT_3D ( 'NONE', #1136, #467, #2346 ) ;
#1749 = CARTESIAN_POINT ( 'NONE',  ( -17.69999999999999574, 15.69999999999999929, 0.000000000000000000 ) ) ;
#1750 = VECTOR ( 'NONE', #2233, 1000.000000000000000 ) ;
#1751 = DIRECTION ( 'NONE',  ( 1.000000000000000000, 1.734723475976807094E-15, 0.000000000000000000 ) ) ;
#1752 = VECTOR ( 'NONE', #1039, 1000.000000000000000 ) ;
#1753 = DIRECTION ( 'NONE',  ( 3.491481338843133355E-15, -1.000000000000000000, 0.000000000000000000 ) ) ;
#1754 = ORIENTED_EDGE ( 'NONE', *, *, #102, .T. ) ;
#1755 = FACE_OUTER_BOUND ( 'NONE', #1122, .T. ) ;
#1756 = ORIENTED_EDGE ( 'NONE', *, *, #1856, .F. ) ;
#1757 = PLANE ( 'NONE',  #430 ) ;
#1758 = ORIENTED_EDGE ( 'NONE', *, *, #2304, .T. ) ;
#1759 = CYLINDRICAL_SURFACE ( 'NONE', #205, 1.500000000000000444 ) ;
#1760 = CIRCLE ( 'NONE', #1860, 1.500000000000001332 ) ;
#1761 = EDGE_CURVE ( 'NONE', #2265, #1786, #533, .T. ) ;
#1762 = EDGE_CURVE ( 'NONE', #15, #1048, #187, .T. ) ;
#1763 = CARTESIAN_POINT ( 'NONE',  ( -16.10000000000000142, 7.500000000000001776, -3.000000000000000888 ) ) ;
#1764 = ORIENTED_EDGE ( 'NONE', *, *, #60, .T. ) ;
#1765 = CARTESIAN_POINT ( 'NONE',  ( -17.69999999999999574, 6.500000000000002665, 4.000000000000000000 ) ) ;
#1766 = VECTOR ( 'NONE', #1825, 1000.000000000000000 ) ;
#1767 = CARTESIAN_POINT ( 'NONE',  ( 12.69999999999995133, 6.500000000000000000, -1.700000000000000178 ) ) ;
#1768 = VERTEX_POINT ( 'NONE', #2046 ) ;
#1769 = CARTESIAN_POINT ( 'NONE',  ( -17.69999999999999574, -17.70000000000000639, 8.999999999999992895 ) ) ;
#1770 = DIRECTION ( 'NONE',  ( 0.000000000000000000, 0.000000000000000000, 1.000000000000000000 ) ) ;
#1771 = VERTEX_POINT ( 'NONE', #119 ) ;
#1772 = ORIENTED_EDGE ( 'NONE', *, *, #116, .T. ) ;
#1773 = DIRECTION ( 'NONE',  ( -1.000000000000000000, 0.000000000000000000, 0.000000000000000000 ) ) ;
#1774 = LINE ( 'NONE', #2938, #3009 ) ;
#1775 = ORIENTED_EDGE ( 'NONE', *, *, #1743, .F. ) ;
#1776 = DIRECTION ( 'NONE',  ( 1.000000000000000000, 9.800697604388740006E-17, 0.000000000000000000 ) ) ;
#1777 = AXIS2_PLACEMENT_3D ( 'NONE', #105, #1315, #182 ) ;
#1778 = ADVANCED_FACE ( 'NONE', ( #2965 ), #1533, .F. ) ;
#1779 = EDGE_CURVE ( 'NONE', #883, #614, #37, .T. ) ;
#1780 = DIRECTION ( 'NONE',  ( 1.000000000000000000, 0.000000000000000000, 0.000000000000000000 ) ) ;
#1781 = ORIENTED_EDGE ( 'NONE', *, *, #1798, .T. ) ;
#1782 = CARTESIAN_POINT ( 'NONE',  ( -15.69999999999999574, 17.69999999999999574, 8.999999999999992895 ) ) ;
#1783 = AXIS2_PLACEMENT_3D ( 'NONE', #1907, #1864, #514 ) ;
#1784 = CIRCLE ( 'NONE', #2557, 0.7500000000000002220 ) ;
#1785 = DIRECTION ( 'NONE',  ( 1.000000000000000000, 0.000000000000000000, 0.000000000000000000 ) ) ;
#1786 = VERTEX_POINT ( 'NONE', #1302 ) ;
#1787 = AXIS2_PLACEMENT_3D ( 'NONE', #1112, #1143, #2064 ) ;
#1788 = VECTOR ( 'NONE', #1071, 1000.000000000000000 ) ;
#1789 = DIRECTION ( 'NONE',  ( -0.000000000000000000, -1.000000000000000000, -0.000000000000000000 ) ) ;
#1790 = ORIENTED_EDGE ( 'NONE', *, *, #2869, .F. ) ;
#1791 = PLANE ( 'NONE',  #1332 ) ;
#1792 = CYLINDRICAL_SURFACE ( 'NONE', #2320, 2.000000000000000000 ) ;
#1793 = VERTEX_POINT ( 'NONE', #2569 ) ;
#1794 = LINE ( 'NONE', #631, #302 ) ;
#1795 = VECTOR ( 'NONE', #1785, 1000.000000000000000 ) ;
#1796 = CIRCLE ( 'NONE', #1699, 0.7500000000000002220 ) ;
#1797 = CARTESIAN_POINT ( 'NONE',  ( -15.69999999999999929, 6.500000000000000000, -4.000000000000000000 ) ) ;
#1798 = EDGE_CURVE ( 'NONE', #2913, #589, #336, .T. ) ;
#1799 = EDGE_CURVE ( 'NONE', #249, #16, #2666, .T. ) ;
#1800 = ORIENTED_EDGE ( 'NONE', *, *, #234, .T. ) ;
#1801 = SURFACE_STYLE_FILL_AREA ( #667 ) ;
#1802 = VECTOR ( 'NONE', #567, 1000.000000000000000 ) ;
#1803 = ADVANCED_FACE ( 'NONE', ( #1367 ), #1876, .F. ) ;
#1804 = LINE ( 'NONE', #2727, #2953 ) ;
#1805 = ORIENTED_EDGE ( 'NONE', *, *, #177, .F. ) ;
#1806 = DIRECTION ( 'NONE',  ( -6.672013369141567386E-15, 1.000000000000000000, 0.000000000000000000 ) ) ;
#1807 = CARTESIAN_POINT ( 'NONE',  ( 17.70000000000004547, -6.499999999999777955, -1.700000000000000178 ) ) ;
#1808 = ORIENTED_EDGE ( 'NONE', *, *, #2630, .F. ) ;
#1809 = CARTESIAN_POINT ( 'NONE',  ( -17.69999999999999574, -8.250000000000000000, 0.000000000000000000 ) ) ;
#1810 = DIRECTION ( 'NONE',  ( -1.000000000000000000, 0.000000000000000000, 0.000000000000000000 ) ) ;
#1811 = ORIENTED_EDGE ( 'NONE', *, *, #251, .F. ) ;
#1812 = CARTESIAN_POINT ( 'NONE',  ( -12.69999999999999574, 6.500000000000000000, -1.700000000000000178 ) ) ;
#1813 = UNCERTAINTY_MEASURE_WITH_UNIT (LENGTH_MEASURE( 1.000000000000000082E-05 ), #682, 'distance_accuracy_value', 'NONE');
#1814 = LINE ( 'NONE', #2736, #392 ) ;
#1815 = EDGE_LOOP ( 'NONE', ( #2009, #128, #2910, #2572 ) ) ;
#1816 = CIRCLE ( 'NONE', #554, 1.500000000000001332 ) ;
#1817 = ORIENTED_EDGE ( 'NONE', *, *, #1471, .T. ) ;
#1818 = DIRECTION ( 'NONE',  ( -1.000000000000000000, 0.000000000000000000, 0.000000000000000000 ) ) ;
#1819 = ORIENTED_EDGE ( 'NONE', *, *, #1488, .F. ) ;
#1820 = DIRECTION ( 'NONE',  ( -0.000000000000000000, -0.000000000000000000, 1.000000000000000000 ) ) ;
#1821 = ADVANCED_FACE ( 'NONE', ( #1652 ), #1413, .F. ) ;
#1822 = ADVANCED_FACE ( 'NONE', ( #1832 ), #2288, .F. ) ;
#1823 = DIRECTION ( 'NONE',  ( 0.000000000000000000, 0.000000000000000000, 1.000000000000000000 ) ) ;
#1824 = ORIENTED_EDGE ( 'NONE', *, *, #858, .T. ) ;
#1825 = DIRECTION ( 'NONE',  ( 0.000000000000000000, 1.000000000000000000, 0.000000000000000000 ) ) ;
#1826 = DIRECTION ( 'NONE',  ( -0.7071067811865500152, 0.000000000000000000, -0.7071067811865451302 ) ) ;
#1827 = PLANE ( 'NONE',  #407 ) ;
#1828 = CARTESIAN_POINT ( 'NONE',  ( 15.70000000000000639, 15.69999999999999929, -2.000000000000000000 ) ) ;
#1829 = ORIENTED_EDGE ( 'NONE', *, *, #1242, .T. ) ;
#1830 = VERTEX_POINT ( 'NONE', #260 ) ;
#1831 = DIRECTION ( 'NONE',  ( -0.7071067811865500152, 0.000000000000000000, 0.7071067811865451302 ) ) ;
#1832 = FACE_OUTER_BOUND ( 'NONE', #2518, .T. ) ;
#1833 = ORIENTED_EDGE ( 'NONE', *, *, #2280, .F. ) ;
#1834 = CARTESIAN_POINT ( 'NONE',  ( 19.10000000000000142, -17.10000000000000497, 10.00000000000000000 ) ) ;
#1835 = AXIS2_PLACEMENT_3D ( 'NONE', #2614, #90, #293 ) ;
#1836 = ORIENTED_EDGE ( 'NONE', *, *, #348, .T. ) ;
#1837 = EDGE_CURVE ( 'NONE', #1563, #280, #3011, .T. ) ;
#1838 = CARTESIAN_POINT ( 'NONE',  ( 17.70000000000000284, -15.70000000000000639, 8.999999999999992895 ) ) ;
#1839 = FACE_OUTER_BOUND ( 'NONE', #619, .T. ) ;
#1840 = PLANE ( 'NONE',  #255 ) ;
#1841 = DIRECTION ( 'NONE',  ( -0.000000000000000000, -0.000000000000000000, -1.000000000000000000 ) ) ;
#1842 = VERTEX_POINT ( 'NONE', #199 ) ;
#1843 = AXIS2_PLACEMENT_3D ( 'NONE', #862, #2915, #2679 ) ;
#1844 = DIRECTION ( 'NONE',  ( 0.000000000000000000, 0.000000000000000000, -1.000000000000000000 ) ) ;
#1845 = AXIS2_PLACEMENT_3D ( 'NONE', #2542, #2529, #2515 ) ;
#1846 = CARTESIAN_POINT ( 'NONE',  ( -15.69999999999999929, 15.69999999999999929, 8.999999999999992895 ) ) ;
#1847 = ORIENTED_EDGE ( 'NONE', *, *, #328, .T. ) ;
#1848 = CARTESIAN_POINT ( 'NONE',  ( 15.70000000000000639, 15.69999999999999929, 8.999999999999992895 ) ) ;
#1849 = AXIS2_PLACEMENT_3D ( 'NONE', #1440, #228, #39 ) ;
#1850 = AXIS2_PLACEMENT_3D ( 'NONE', #2566, #35, #2311 ) ;
#1851 = ORIENTED_EDGE ( 'NONE', *, *, #2747, .F. ) ;
#1852 = CARTESIAN_POINT ( 'NONE',  ( -10.00000000000000000, -6.982962677686266711E-14, -10.00000000000000000 ) ) ;
#1853 = LINE ( 'NONE', #2339, #1930 ) ;
#1854 = DIRECTION ( 'NONE',  ( 1.000000000000000000, -1.734723475976807094E-15, 0.000000000000000000 ) ) ;
#1855 = EDGE_CURVE ( 'NONE', #843, #1154, #131, .T. ) ;
#1856 = EDGE_CURVE ( 'NONE', #2210, #1398, #385, .T. ) ;
#1857 = FACE_OUTER_BOUND ( 'NONE', #945, .T. ) ;
#1858 = ORIENTED_EDGE ( 'NONE', *, *, #424, .T. ) ;
#1859 = DIRECTION ( 'NONE',  ( 1.000000000000000000, 0.000000000000000000, 0.000000000000000000 ) ) ;
#1860 = AXIS2_PLACEMENT_3D ( 'NONE', #857, #1585, #844 ) ;
#1861 = CARTESIAN_POINT ( 'NONE',  ( -17.69999999999999574, 7.500000000000000000, 0.000000000000000000 ) ) ;
#1862 = DIRECTION ( 'NONE',  ( -9.800697604388737541E-17, 1.000000000000000000, 0.000000000000000000 ) ) ;
#1863 = EDGE_LOOP ( 'NONE', ( #513, #737, #2478, #2713 ) ) ;
#1864 = DIRECTION ( 'NONE',  ( 0.000000000000000000, 0.000000000000000000, -1.000000000000000000 ) ) ;
#1865 = AXIS2_PLACEMENT_3D ( 'NONE', #684, #2275, #674 ) ;
#1866 = AXIS2_PLACEMENT_3D ( 'NONE', #1737, #67, #2125 ) ;
#1867 = ORIENTED_EDGE ( 'NONE', *, *, #2852, .F. ) ;
#1868 = EDGE_LOOP ( 'NONE', ( #1516, #104, #1326, #665, #1725, #1388 ) ) ;
#1869 = LINE ( 'NONE', #715, #2917 ) ;
#1870 = DIRECTION ( 'NONE',  ( -1.000000000000000000, -0.000000000000000000, -0.000000000000000000 ) ) ;
#1871 = ORIENTED_EDGE ( 'NONE', *, *, #2258, .T. ) ;
#1872 = ADVANCED_FACE ( 'NONE', ( #938 ), #2980, .F. ) ;
#1873 = EDGE_CURVE ( 'NONE', #2991, #280, #2785, .T. ) ;
#1874 = CARTESIAN_POINT ( 'NONE',  ( -19.10000000000000142, 9.000000000000000000, -0.7500000000000002220 ) ) ;
#1875 = FACE_OUTER_BOUND ( 'NONE', #1591, .T. ) ;
#1876 = CYLINDRICAL_SURFACE ( 'NONE', #1416, 1.000000000000000000 ) ;
#1877 = ORIENTED_EDGE ( 'NONE', *, *, #1672, .F. ) ;
#1878 = DIRECTION ( 'NONE',  ( 0.000000000000000000, 0.000000000000000000, 1.000000000000000000 ) ) ;
#1879 = VECTOR ( 'NONE', #2025, 1000.000000000000000 ) ;
#1880 = ORIENTED_EDGE ( 'NONE', *, *, #2605, .F. ) ;
#1881 = AXIS2_PLACEMENT_3D ( 'NONE', #1925, #1320, #1806 ) ;
#1882 = VECTOR ( 'NONE', #344, 1000.000000000000000 ) ;
#1883 = ORIENTED_EDGE ( 'NONE', *, *, #2710, .T. ) ;
#1884 = CARTESIAN_POINT ( 'NONE',  ( -16.10000000000000142, 8.249999999999998224, 0.000000000000000000 ) ) ;
#1885 = CARTESIAN_POINT ( 'NONE',  ( -11.99999999999987566, -19.10000000000004405, 7.499999999999985789 ) ) ;
#1886 = LINE ( 'NONE', #1219, #2378 ) ;
#1887 = ORIENTED_EDGE ( 'NONE', *, *, #1152, .T. ) ;
#1888 = DIRECTION ( 'NONE',  ( 0.000000000000000000, 0.000000000000000000, 1.000000000000000000 ) ) ;
#1889 = EDGE_CURVE ( 'NONE', #625, #1653, #2332, .T. ) ;
#1890 = LINE ( 'NONE', #1651, #391 ) ;
#1891 = DIRECTION ( 'NONE',  ( 0.000000000000000000, 1.000000000000000000, 0.000000000000000000 ) ) ;
#1892 = VERTEX_POINT ( 'NONE', #1608 ) ;
#1893 = DIRECTION ( 'NONE',  ( -1.000000000000000000, 0.000000000000000000, 0.000000000000000000 ) ) ;
#1894 = EDGE_CURVE ( 'NONE', #1539, #1892, #236, .T. ) ;
#1895 = ADVANCED_FACE ( 'NONE', ( #709 ), #1397, .F. ) ;
#1896 = ORIENTED_EDGE ( 'NONE', *, *, #101, .T. ) ;
#1897 = CIRCLE ( 'NONE', #594, 2.049999999999999822 ) ;
#1898 = ORIENTED_EDGE ( 'NONE', *, *, #2726, .F. ) ;
#1899 = DIRECTION ( 'NONE',  ( -0.000000000000000000, 0.000000000000000000, -1.000000000000000000 ) ) ;
#1900 = DIRECTION ( 'NONE',  ( -1.000000000000000000, 0.000000000000000000, 0.000000000000000000 ) ) ;
#1901 = CYLINDRICAL_SURFACE ( 'NONE', #2862, 1.500000000000001332 ) ;
#1902 = ORIENTED_EDGE ( 'NONE', *, *, #1578, .T. ) ;
#1903 = CYLINDRICAL_SURFACE ( 'NONE', #2301, 1.499999999999999556 ) ;
#1904 = LINE ( 'NONE', #753, #2282 ) ;
#1905 = DIRECTION ( 'NONE',  ( 0.000000000000000000, -1.000000000000000000, 0.000000000000000000 ) ) ;
#1906 = VERTEX_POINT ( 'NONE', #1182 ) ;
#1907 = CARTESIAN_POINT ( 'NONE',  ( -17.10000000000000853, -17.10000000000000853, 10.00000000000000000 ) ) ;
#1908 = AXIS2_PLACEMENT_3D ( 'NONE', #2340, #2535, #1376 ) ;
#1909 = VERTEX_POINT ( 'NONE', #1165 ) ;
#1910 = CIRCLE ( 'NONE', #1233, 1.499999999999999556 ) ;
#1911 = EDGE_CURVE ( 'NONE', #797, #552, #830, .T. ) ;
#1912 = ADVANCED_FACE ( 'NONE', ( #953 ), #483, .T. ) ;
#1913 = ORIENTED_EDGE ( 'NONE', *, *, #267, .F. ) ;
#1914 = LINE ( 'NONE', #1188, #2363 ) ;
#1915 = CYLINDRICAL_SURFACE ( 'NONE', #53, 1.500000000000001332 ) ;
#1916 = CARTESIAN_POINT ( 'NONE',  ( -19.10000000000000142, -7.499999999999998224, -3.000000000000000000 ) ) ;
#1917 = CARTESIAN_POINT ( 'NONE',  ( -12.05000000000000071, -6.982962677686266711E-14, -6.800000000000000711 ) ) ;
#1918 = CARTESIAN_POINT ( 'NONE',  ( 15.70000000000000639, 0.000000000000000000, -4.000000000000000000 ) ) ;
#1919 = VERTEX_POINT ( 'NONE', #724 ) ;
#1920 = DIRECTION ( 'NONE',  ( 0.000000000000000000, 1.000000000000000000, 0.000000000000000000 ) ) ;
#1921 = EDGE_LOOP ( 'NONE', ( #200, #1871, #2139 ) ) ;
#1922 = AXIS2_PLACEMENT_3D ( 'NONE', #693, #258, #1888 ) ;
#1923 = EDGE_CURVE ( 'NONE', #1334, #1584, #1455, .T. ) ;
#1924 = EDGE_LOOP ( 'NONE', ( #807, #1314, #988, #1811, #925 ) ) ;
#1925 = CARTESIAN_POINT ( 'NONE',  ( 12.69999999999995133, 6.500000000000000000, -1.700000000000000178 ) ) ;
#1926 = DIRECTION ( 'NONE',  ( 0.000000000000000000, -1.000000000000000000, 0.000000000000000000 ) ) ;
#1927 = AXIS2_PLACEMENT_3D ( 'NONE', #150, #2757, #2487 ) ;
#1928 = CIRCLE ( 'NONE', #626, 1.500000000000001332 ) ;
#1929 = EDGE_CURVE ( 'NONE', #697, #788, #1666, .T. ) ;
#1930 = VECTOR ( 'NONE', #1826, 1000.000000000000114 ) ;
#1931 = CARTESIAN_POINT ( 'NONE',  ( 9.100000000000001421, -11.99999999999994138, 8.999999999999987566 ) ) ;
#1932 = VECTOR ( 'NONE', #452, 1000.000000000000000 ) ;
#1933 = EDGE_LOOP ( 'NONE', ( #2110, #2470, #417, #1012, #1605 ) ) ;
#1934 = DIRECTION ( 'NONE',  ( 0.000000000000000000, 1.000000000000000000, -2.168404344971008868E-16 ) ) ;
#1935 = DIRECTION ( 'NONE',  ( 6.672013369141567386E-15, -1.000000000000000000, 0.000000000000000000 ) ) ;
#1936 = CARTESIAN_POINT ( 'NONE',  ( -14.10000000000000142, 9.000000000000000000, 0.000000000000000000 ) ) ;
#1937 = ORIENTED_EDGE ( 'NONE', *, *, #1024, .F. ) ;
#1938 = CARTESIAN_POINT ( 'NONE',  ( 17.10000000000000497, 19.10000000000000142, -10.00000000000000000 ) ) ;
#1939 = VERTEX_POINT ( 'NONE', #305 ) ;
#1940 = AXIS2_PLACEMENT_3D ( 'NONE', #2100, #2740, #2553 ) ;
#1941 = DIRECTION ( 'NONE',  ( -0.000000000000000000, -1.000000000000000000, -0.000000000000000000 ) ) ;
#1942 = AXIS2_PLACEMENT_3D ( 'NONE', #259, #2840, #1468 ) ;
#1943 = ORIENTED_EDGE ( 'NONE', *, *, #1599, .F. ) ;
#1944 = CARTESIAN_POINT ( 'NONE',  ( 17.69999999999995666, 6.500000000000000000, -2.000000000000000000 ) ) ;
#1945 = DIRECTION ( 'NONE',  ( 0.000000000000000000, 0.000000000000000000, -1.000000000000000000 ) ) ;
#1946 = AXIS2_PLACEMENT_3D ( 'NONE', #1828, #2751, #2722 ) ;
#1947 = CARTESIAN_POINT ( 'NONE',  ( -17.10000000000000853, 19.10000000000000142, 10.00000000000000000 ) ) ;
#1948 = ORIENTED_EDGE ( 'NONE', *, *, #2605, .T. ) ;
#1949 = DIRECTION ( 'NONE',  ( 0.000000000000000000, 0.000000000000000000, 1.000000000000000000 ) ) ;
#1950 = EDGE_CURVE ( 'NONE', #2213, #1909, #290, .T. ) ;
#1951 = EDGE_CURVE ( 'NONE', #1492, #2210, #512, .T. ) ;
#1952 = DIRECTION ( 'NONE',  ( 1.000000000000000000, -0.000000000000000000, -0.000000000000000000 ) ) ;
#1953 = DIRECTION ( 'NONE',  ( -1.000000000000000000, 0.000000000000000000, 0.000000000000000000 ) ) ;
#1954 = ORIENTED_EDGE ( 'NONE', *, *, #1600, .F. ) ;
#1955 = CARTESIAN_POINT ( 'NONE',  ( -17.69999999999999574, 8.249999999999998224, 0.000000000000000000 ) ) ;
#1956 = VERTEX_POINT ( 'NONE', #541 ) ;
#1957 = DIRECTION ( 'NONE',  ( -0.000000000000000000, 0.000000000000000000, -1.000000000000000000 ) ) ;
#1958 = AXIS2_PLACEMENT_3D ( 'NONE', #2959, #113, #1113 ) ;
#1959 = VERTEX_POINT ( 'NONE', #572 ) ;
#1960 = LINE ( 'NONE', #2048, #2801 ) ;
#1961 = DIRECTION ( 'NONE',  ( -0.000000000000000000, 0.000000000000000000, -1.000000000000000000 ) ) ;
#1962 = DIRECTION ( 'NONE',  ( 0.000000000000000000, -0.000000000000000000, 1.000000000000000000 ) ) ;
#1963 = VERTEX_POINT ( 'NONE', #40 ) ;
#1964 = CARTESIAN_POINT ( 'NONE',  ( 15.70000000000000639, -17.70000000000000284, 8.999999999999992895 ) ) ;
#1965 = DIRECTION ( 'NONE',  ( 0.000000000000000000, 0.000000000000000000, 1.000000000000000000 ) ) ;
#1966 = EDGE_CURVE ( 'NONE', #922, #605, #2372, .T. ) ;
#1967 = EDGE_CURVE ( 'NONE', #1026, #2599, #2467, .T. ) ;
#1968 = ORIENTED_EDGE ( 'NONE', *, *, #1434, .F. ) ;
#1969 = CARTESIAN_POINT ( 'NONE',  ( 12.00000000000012434, -19.09999999999996234, 7.499999999999996447 ) ) ;
#1970 = ORIENTED_EDGE ( 'NONE', *, *, #1656, .F. ) ;
#1971 = LINE ( 'NONE', #1306, #1405 ) ;
#1972 = EDGE_LOOP ( 'NONE', ( #2181, #2323, #1664, #886 ) ) ;
#1973 = DIRECTION ( 'NONE',  ( 0.000000000000000000, 0.000000000000000000, -1.000000000000000000 ) ) ;
#1974 = FACE_OUTER_BOUND ( 'NONE', #1, .T. ) ;
#1975 = ORIENTED_EDGE ( 'NONE', *, *, #1600, .T. ) ;
#1976 = DIRECTION ( 'NONE',  ( 0.000000000000000000, 0.000000000000000000, 1.000000000000000000 ) ) ;
#1977 = VECTOR ( 'NONE', #1350, 1000.000000000000000 ) ;
#1978 = CARTESIAN_POINT ( 'NONE',  ( 7.950000000000000178, 0.000000000000000000, -10.00000000000000000 ) ) ;
#1979 = ORIENTED_EDGE ( 'NONE', *, *, #1114, .F. ) ;
#1980 = DIRECTION ( 'NONE',  ( 1.000000000000000000, -0.000000000000000000, 0.000000000000000000 ) ) ;
#1981 = ADVANCED_FACE ( 'NONE', ( #2612 ), #2191, .T. ) ;
#1982 = LINE ( 'NONE', #370, #134 ) ;
#1983 = ORIENTED_EDGE ( 'NONE', *, *, #1673, .F. ) ;
#1984 = ADVANCED_FACE ( 'NONE', ( #1692 ), #2841, .F. ) ;
#1985 = ADVANCED_FACE ( 'NONE', ( #2359 ), #274, .F. ) ;
#1986 = DIRECTION ( 'NONE',  ( -0.000000000000000000, -0.000000000000000000, 1.000000000000000000 ) ) ;
#1987 = ORIENTED_EDGE ( 'NONE', *, *, #1929, .F. ) ;
#1988 = DIRECTION ( 'NONE',  ( 1.000000000000000000, 0.000000000000000000, 0.000000000000000000 ) ) ;
#1989 = AXIS2_PLACEMENT_3D ( 'NONE', #1354, #2947, #2469 ) ;
#1990 = CARTESIAN_POINT ( 'NONE',  ( -17.69999999999999574, -9.000000000000000000, 3.903127820947814385E-15 ) ) ;
#1991 = ORIENTED_EDGE ( 'NONE', *, *, #1266, .F. ) ;
#1992 = AXIS2_PLACEMENT_3D ( 'NONE', #114, #556, #831 ) ;
#1993 = CIRCLE ( 'NONE', #1421, 0.7500000000000002220 ) ;
#1994 = FACE_OUTER_BOUND ( 'NONE', #1256, .T. ) ;
#1995 = ORIENTED_EDGE ( 'NONE', *, *, #1023, .T. ) ;
#1996 = FACE_OUTER_BOUND ( 'NONE', #880, .T. ) ;
#1997 = DIRECTION ( 'NONE',  ( 0.000000000000000000, 1.000000000000000000, -0.000000000000000000 ) ) ;
#1998 = EDGE_LOOP ( 'NONE', ( #949, #1230, #400, #2149 ) ) ;
#1999 = CARTESIAN_POINT ( 'NONE',  ( -19.10000000000000142, -17.10000000000000853, 10.00000000000000000 ) ) ;
#2000 = EDGE_LOOP ( 'NONE', ( #1126, #2391, #2981, #163, #1357 ) ) ;
#2001 = EDGE_CURVE ( 'NONE', #1486, #1548, #287, .T. ) ;
#2002 = EDGE_CURVE ( 'NONE', #1906, #263, #2180, .T. ) ;
#2003 = DIRECTION ( 'NONE',  ( 1.000000000000000000, -0.000000000000000000, -0.000000000000000000 ) ) ;
#2004 = AXIS2_PLACEMENT_3D ( 'NONE', #2763, #221, #2507 ) ;
#2005 = DIRECTION ( 'NONE',  ( -1.000000000000000000, -0.000000000000000000, -0.000000000000000000 ) ) ;
#2006 = ORIENTED_EDGE ( 'NONE', *, *, #728, .F. ) ;
#2007 = FACE_OUTER_BOUND ( 'NONE', #2316, .T. ) ;
#2008 = CARTESIAN_POINT ( 'NONE',  ( -16.10000000000000142, 9.000000000000000000, 0.000000000000000000 ) ) ;
#2009 = ORIENTED_EDGE ( 'NONE', *, *, #1889, .T. ) ;
#2010 = LINE ( 'NONE', #1782, #1879 ) ;
#2011 = CARTESIAN_POINT ( 'NONE',  ( -19.10000000000000142, 9.000000000000000000, 0.000000000000000000 ) ) ;
#2012 = ORIENTED_EDGE ( 'NONE', *, *, #1911, .T. ) ;
#2013 = CARTESIAN_POINT ( 'NONE',  ( -19.10000000000000142, -6.499999999999995559, 3.000000000000000888 ) ) ;
#2014 = PRODUCT_CONTEXT ( 'NONE', #449, 'mechanical' ) ;
#2015 = ORIENTED_EDGE ( 'NONE', *, *, #1712, .T. ) ;
#2016 = CARTESIAN_POINT ( 'NONE',  ( -18.70000000000001350, 15.69999999999999929, 10.00000000000000000 ) ) ;
#2017 = ADVANCED_FACE ( 'NONE', ( #2810 ), #1680, .F. ) ;
#2018 = DIRECTION ( 'NONE',  ( 0.000000000000000000, 0.000000000000000000, -1.000000000000000000 ) ) ;
#2019 = ORIENTED_EDGE ( 'NONE', *, *, #706, .F. ) ;
#2020 = CARTESIAN_POINT ( 'NONE',  ( -15.69999999999999574, 17.69999999999999574, 8.999999999999992895 ) ) ;
#2021 = VECTOR ( 'NONE', #1559, 1000.000000000000000 ) ;
#2022 = ADVANCED_FACE ( 'NONE', ( #2872 ), #1724, .T. ) ;
#2023 = LINE ( 'NONE', #1571, #1072 ) ;
#2024 = ORIENTED_EDGE ( 'NONE', *, *, #2687, .T. ) ;
#2025 = DIRECTION ( 'NONE',  ( -1.000000000000000000, 0.000000000000000000, 0.000000000000000000 ) ) ;
#2026 = VECTOR ( 'NONE', #2576, 1000.000000000000000 ) ;
#2027 = SPHERICAL_SURFACE ( 'NONE', #1655, 2.000000000000000000 ) ;
#2028 = ORIENTED_EDGE ( 'NONE', *, *, #2942, .T. ) ;
#2029 = VECTOR ( 'NONE', #2695, 1000.000000000000000 ) ;
#2030 = LINE ( 'NONE', #390, #374 ) ;
#2031 = ORIENTED_EDGE ( 'NONE', *, *, #1951, .T. ) ;
#2032 = DIRECTION ( 'NONE',  ( 0.000000000000000000, -0.7071067811865500152, 0.7071067811865451302 ) ) ;
#2033 = AXIS2_PLACEMENT_3D ( 'NONE', #1259, #2653, #1491 ) ;
#2034 = LINE ( 'NONE', #629, #1704 ) ;
#2035 = CARTESIAN_POINT ( 'NONE',  ( -17.69999999999999574, 7.500000000000000000, -4.000000000000005329 ) ) ;
#2036 = CARTESIAN_POINT ( 'NONE',  ( 14.69999999999996554, 6.500000000000000000, -4.000000000000000000 ) ) ;
#2037 = AXIS2_PLACEMENT_3D ( 'NONE', #218, #2078, #927 ) ;
#2038 = AXIS2_PLACEMENT_3D ( 'NONE', #2173, #1753, #103 ) ;
#2039 = CARTESIAN_POINT ( 'NONE',  ( -17.69999999999999574, 10.49999999999999822, 0.000000000000000000 ) ) ;
#2040 = ORIENTED_EDGE ( 'NONE', *, *, #171, .T. ) ;
#2041 = VERTEX_POINT ( 'NONE', #2418 ) ;
#2042 = EDGE_CURVE ( 'NONE', #751, #797, #1274, .T. ) ;
#2043 = ADVANCED_FACE ( 'NONE', ( #497 ), #2371, .T. ) ;
#2044 = CARTESIAN_POINT ( 'NONE',  ( -19.10000000000000142, -6.499999999999995559, 4.000000000000000888 ) ) ;
#2045 = AXIS2_PLACEMENT_3D ( 'NONE', #2526, #208, #162 ) ;
#2046 = CARTESIAN_POINT ( 'NONE',  ( -17.69999999999999574, -10.49999999999999822, 0.000000000000000000 ) ) ;
#2047 = ORIENTED_EDGE ( 'NONE', *, *, #1950, .T. ) ;
#2048 = CARTESIAN_POINT ( 'NONE',  ( -15.69999999999999929, 0.000000000000000000, -4.000000000000000000 ) ) ;
#2049 = ORIENTED_EDGE ( 'NONE', *, *, #1761, .T. ) ;
#2050 = DIRECTION ( 'NONE',  ( -1.000000000000000000, 0.000000000000000000, 0.000000000000000000 ) ) ;
#2051 = DIRECTION ( 'NONE',  ( 0.000000000000000000, 1.000000000000000000, 0.000000000000000000 ) ) ;
#2052 = ORIENTED_EDGE ( 'NONE', *, *, #2609, .F. ) ;
#2053 = FACE_OUTER_BOUND ( 'NONE', #2737, .T. ) ;
#2054 = DIRECTION ( 'NONE',  ( -1.000000000000000000, 0.000000000000000000, 0.000000000000000000 ) ) ;
#2055 = EDGE_LOOP ( 'NONE', ( #2638, #2365, #2858, #2197, #1817, #2356, #2561, #2264 ) ) ;
#2056 = CARTESIAN_POINT ( 'NONE',  ( -17.69999999999999574, -15.70000000000000995, 8.999999999999992895 ) ) ;
#2057 = EDGE_CURVE ( 'NONE', #2379, #230, #2126, .T. ) ;
#2058 = EDGE_CURVE ( 'NONE', #2422, #1563, #524, .T. ) ;
#2059 = DIRECTION ( 'NONE',  ( 1.000000000000000000, 9.800697604388740006E-17, 0.000000000000000000 ) ) ;
#2060 = EDGE_LOOP ( 'NONE', ( #2255, #2684, #2996, #1624, #1456 ) ) ;
#2061 = PLANE ( 'NONE',  #1252 ) ;
#2062 = ORIENTED_EDGE ( 'NONE', *, *, #1396, .T. ) ;
#2063 = DIRECTION ( 'NONE',  ( -1.047444401652940007E-14, 1.000000000000000000, 0.000000000000000000 ) ) ;
#2064 = DIRECTION ( 'NONE',  ( 0.000000000000000000, 0.000000000000000000, 1.000000000000000000 ) ) ;
#2065 = CARTESIAN_POINT ( 'NONE',  ( -14.69999999999999574, 4.500000000000000000, -4.000000000000000000 ) ) ;
#2066 = DIRECTION ( 'NONE',  ( 0.000000000000000000, 0.000000000000000000, -1.000000000000000000 ) ) ;
#2067 = ORIENTED_EDGE ( 'NONE', *, *, #2833, .F. ) ;
#2068 = DIRECTION ( 'NONE',  ( -0.000000000000000000, 1.000000000000000000, -5.782411586589357392E-17 ) ) ;
#2069 = CARTESIAN_POINT ( 'NONE',  ( 0.000000000000000000, 6.500000000000001776, -3.000000000000000000 ) ) ;
#2070 = EDGE_LOOP ( 'NONE', ( #1880, #1954, #312, #1180 ) ) ;
#2071 = CARTESIAN_POINT ( 'NONE',  ( 10.00000000000000000, 0.000000000000000000, -10.00000000000000000 ) ) ;
#2072 = AXIS2_PLACEMENT_3D ( 'NONE', #864, #1789, #2729 ) ;
#2073 = CIRCLE ( 'NONE', #2460, 1.500000000000001332 ) ;
#2074 = CIRCLE ( 'NONE', #1407, 2.000000000000000000 ) ;
#2075 = ORIENTED_EDGE ( 'NONE', *, *, #909, .F. ) ;
#2076 = ADVANCED_FACE ( 'NONE', ( #1875 ), #967, .F. ) ;
#2077 = ADVANCED_FACE ( 'NONE', ( #288 ), #1454, .F. ) ;
#2078 = DIRECTION ( 'NONE',  ( -0.000000000000000000, -0.000000000000000000, 1.000000000000000000 ) ) ;
#2079 = LINE ( 'NONE', #2987, #2559 ) ;
#2080 = DIRECTION ( 'NONE',  ( 0.000000000000000000, 0.000000000000000000, 1.000000000000000000 ) ) ;
#2081 = CARTESIAN_POINT ( 'NONE',  ( 17.70000000000000284, 17.69999999999999574, 8.999999999999992895 ) ) ;
#2082 = EDGE_LOOP ( 'NONE', ( #2674, #2771, #2449, #1898, #2404, #89 ) ) ;
#2083 = VECTOR ( 'NONE', #229, 1000.000000000000000 ) ;
#2084 = DIRECTION ( 'NONE',  ( -0.000000000000000000, 0.000000000000000000, -1.000000000000000000 ) ) ;
#2085 = VECTOR ( 'NONE', #801, 1000.000000000000000 ) ;
#2086 = CARTESIAN_POINT ( 'NONE',  ( 7.950000000000000178, 0.000000000000000000, -6.800000000000000711 ) ) ;
#2087 = DIRECTION ( 'NONE',  ( -0.000000000000000000, -0.000000000000000000, 1.000000000000000000 ) ) ;
#2088 = ORIENTED_EDGE ( 'NONE', *, *, #2966, .F. ) ;
#2089 = CARTESIAN_POINT ( 'NONE',  ( -19.10000000000000142, -6.499999999999998224, -3.000000000000000000 ) ) ;
#2090 = CIRCLE ( 'NONE', #1177, 1.500000000000000000 ) ;
#2091 = ORIENTED_EDGE ( 'NONE', *, *, #2574, .T. ) ;
#2092 = CARTESIAN_POINT ( 'NONE',  ( -11.99999999999988098, -17.70000000000000639, 7.499999999999985789 ) ) ;
#2093 = EDGE_CURVE ( 'NONE', #1183, #84, #2906, .T. ) ;
#2094 = EDGE_CURVE ( 'NONE', #1486, #1098, #591, .T. ) ;
#2095 = LINE ( 'NONE', #2789, #2600 ) ;
#2096 = DIRECTION ( 'NONE',  ( -0.000000000000000000, 1.000000000000000000, -0.000000000000000000 ) ) ;
#2097 = CARTESIAN_POINT ( 'NONE',  ( 14.69999999999996554, 4.500000000000000000, -1.700000000000000178 ) ) ;
#2098 = DIRECTION ( 'NONE',  ( 1.000000000000000000, -0.000000000000000000, -0.000000000000000000 ) ) ;
#2099 = CARTESIAN_POINT ( 'NONE',  ( -16.10000000000000142, -9.000000000000000000, 3.903127820947814385E-15 ) ) ;
#2100 = CARTESIAN_POINT ( 'NONE',  ( -17.10000000000000497, 17.10000000000000497, -10.00000000000000000 ) ) ;
#2101 = ORIENTED_EDGE ( 'NONE', *, *, #2164, .T. ) ;
#2102 = DIRECTION ( 'NONE',  ( -1.000000000000000000, -0.000000000000000000, -0.000000000000000000 ) ) ;
#2103 = VECTOR ( 'NONE', #1142, 1000.000000000000000 ) ;
#2104 = EDGE_LOOP ( 'NONE', ( #911, #490, #2945, #1368, #956, #898 ) ) ;
#2105 = ORIENTED_EDGE ( 'NONE', *, *, #2852, .T. ) ;
#2106 = CARTESIAN_POINT ( 'NONE',  ( 14.70000000000011298, -6.499999999999911182, -1.700000000000000178 ) ) ;
#2107 = DIRECTION ( 'NONE',  ( 0.000000000000000000, -1.000000000000000000, 0.000000000000000000 ) ) ;
#2108 = PRODUCT_DEFINITION ( '普通', '', #278, #1359 ) ;
#2109 = CYLINDRICAL_SURFACE ( 'NONE', #2335, 2.000000000000000000 ) ;
#2110 = ORIENTED_EDGE ( 'NONE', *, *, #876, .F. ) ;
#2111 = ADVANCED_FACE ( 'NONE', ( #245 ), #1208, .F. ) ;
#2112 = EDGE_CURVE ( 'NONE', #1919, #1959, #1194, .T. ) ;
#2113 = DIRECTION ( 'NONE',  ( -0.000000000000000000, 1.000000000000000000, 0.000000000000000000 ) ) ;
#2114 = CARTESIAN_POINT ( 'NONE',  ( 17.70000000000000284, -15.70000000000000639, 8.999999999999992895 ) ) ;
#2115 = ORIENTED_EDGE ( 'NONE', *, *, #951, .T. ) ;
#2116 = CARTESIAN_POINT ( 'NONE',  ( -17.69999999999999574, 7.500000000000000000, -4.000000000000005329 ) ) ;
#2117 = VECTOR ( 'NONE', #129, 1000.000000000000000 ) ;
#2118 = ORIENTED_EDGE ( 'NONE', *, *, #2239, .T. ) ;
#2119 = VECTOR ( 'NONE', #2933, 1000.000000000000114 ) ;
#2120 = ORIENTED_EDGE ( 'NONE', *, *, #1044, .F. ) ;
#2121 = PLANE ( 'NONE',  #178 ) ;
#2122 = DIRECTION ( 'NONE',  ( -1.000000000000000000, -0.000000000000000000, -0.000000000000000000 ) ) ;
#2123 = CARTESIAN_POINT ( 'NONE',  ( -17.69999999999999574, 11.99999999999994138, 5.999999999999985789 ) ) ;
#2124 = ORIENTED_EDGE ( 'NONE', *, *, #560, .T. ) ;
#2125 = DIRECTION ( 'NONE',  ( 0.000000000000000000, 0.000000000000000000, -1.000000000000000000 ) ) ;
#2126 = LINE ( 'NONE', #2581, #882 ) ;
#2127 = EDGE_CURVE ( 'NONE', #757, #1497, #1796, .T. ) ;
#2128 = DIRECTION ( 'NONE',  ( 0.000000000000000000, 0.000000000000000000, -1.000000000000000000 ) ) ;
#2129 = EDGE_CURVE ( 'NONE', #759, #828, #2358, .T. ) ;
#2130 = VERTEX_POINT ( 'NONE', #2086 ) ;
#2131 = PLANE ( 'NONE',  #2657 ) ;
#2132 = ORIENTED_EDGE ( 'NONE', *, *, #387, .F. ) ;
#2133 = AXIS2_PLACEMENT_3D ( 'NONE', #1665, #2795, #1222 ) ;
#2134 = CIRCLE ( 'NONE', #1946, 2.000000000000000000 ) ;
#2135 = ORIENTED_EDGE ( 'NONE', *, *, #1043, .F. ) ;
#2136 = DIRECTION ( 'NONE',  ( 1.000000000000000000, 0.000000000000000000, 0.000000000000000000 ) ) ;
#2137 = DIRECTION ( 'NONE',  ( 0.000000000000000000, 0.000000000000000000, 1.000000000000000000 ) ) ;
#2138 = CARTESIAN_POINT ( 'NONE',  ( -17.69999999999999574, 6.500000000000000000, -1.700000000000000178 ) ) ;
#2139 = ORIENTED_EDGE ( 'NONE', *, *, #2832, .F. ) ;
#2140 = FACE_OUTER_BOUND ( 'NONE', #1998, .T. ) ;
#2141 = CARTESIAN_POINT ( 'NONE',  ( -17.69999999999999574, -15.70000000000000995, 8.999999999999992895 ) ) ;
#2142 = ORIENTED_EDGE ( 'NONE', *, *, #1135, .T. ) ;
#2143 = CARTESIAN_POINT ( 'NONE',  ( 15.70000000000000639, 0.000000000000000000, -2.000000000000000000 ) ) ;
#2144 = EDGE_CURVE ( 'NONE', #2213, #2677, #25, .T. ) ;
#2145 = VECTOR ( 'NONE', #2750, 1000.000000000000000 ) ;
#2146 = ORIENTED_EDGE ( 'NONE', *, *, #1396, .F. ) ;
#2147 = AXIS2_PLACEMENT_3D ( 'NONE', #1852, #1155, #1597 ) ;
#2148 = EDGE_CURVE ( 'NONE', #2483, #393, #1890, .T. ) ;
#2149 = ORIENTED_EDGE ( 'NONE', *, *, #2239, .F. ) ;
#2150 = CARTESIAN_POINT ( 'NONE',  ( 17.70000000000004547, -6.499999999999777955, -1.700000000000000178 ) ) ;
#2151 = DIRECTION ( 'NONE',  ( 1.000000000000000000, -0.000000000000000000, -0.000000000000000000 ) ) ;
#2152 = DIRECTION ( 'NONE',  ( -0.000000000000000000, -0.000000000000000000, 1.000000000000000000 ) ) ;
#2153 = ORIENTED_EDGE ( 'NONE', *, *, #858, .F. ) ;
#2154 = CARTESIAN_POINT ( 'NONE',  ( -15.85930778044033396, 6.612647428104733827, -4.000000000000000888 ) ) ;
#2155 = DIRECTION ( 'NONE',  ( 1.000000000000000000, 0.000000000000000000, 0.000000000000000000 ) ) ;
#2156 = CARTESIAN_POINT ( 'NONE',  ( -15.86085925680880493, -6.613744485776393844, -3.999999999999999112 ) ) ;
#2157 = EDGE_LOOP ( 'NONE', ( #2260, #805, #870, #1235 ) ) ;
#2158 = DIRECTION ( 'NONE',  ( -1.047444401652940007E-14, 1.000000000000000000, 0.000000000000000000 ) ) ;
#2159 = VERTEX_POINT ( 'NONE', #1861 ) ;
#2160 = VECTOR ( 'NONE', #620, 1000.000000000000000 ) ;
#2161 = LINE ( 'NONE', #75, #1642 ) ;
#2162 = ORIENTED_EDGE ( 'NONE', *, *, #561, .T. ) ;
#2163 = EDGE_CURVE ( 'NONE', #1363, #1000, #1904, .T. ) ;
#2164 = EDGE_CURVE ( 'NONE', #2130, #2767, #1659, .T. ) ;
#2165 = CARTESIAN_POINT ( 'NONE',  ( -17.69999999999999574, -15.70000000000000995, 8.999999999999992895 ) ) ;
#2166 = FACE_BOUND ( 'NONE', #2607, .T. ) ;
#2167 = AXIS2_PLACEMENT_3D ( 'NONE', #1033, #2886, #789 ) ;
#2168 = AXIS2_PLACEMENT_3D ( 'NONE', #2934, #2951, #2472 ) ;
#2169 = LINE ( 'NONE', #2641, #2720 ) ;
#2170 = VECTOR ( 'NONE', #1532, 1000.000000000000000 ) ;
#2171 = ORIENTED_EDGE ( 'NONE', *, *, #2093, .F. ) ;
#2172 = CARTESIAN_POINT ( 'NONE',  ( -19.10000000000000142, -9.000000000000000000, 3.903127820947814385E-15 ) ) ;
#2173 = CARTESIAN_POINT ( 'NONE',  ( 12.00000000000012434, -19.09999999999996234, 7.499999999999996447 ) ) ;
#2174 = CARTESIAN_POINT ( 'NONE',  ( -15.69999999999999929, 15.69999999999999929, -4.000000000000000000 ) ) ;
#2175 = ORIENTED_EDGE ( 'NONE', *, *, #744, .T. ) ;
#2176 = FACE_OUTER_BOUND ( 'NONE', #1681, .T. ) ;
#2177 = VERTEX_POINT ( 'NONE', #2627 ) ;
#2178 = VECTOR ( 'NONE', #1317, 1000.000000000000000 ) ;
#2179 = CARTESIAN_POINT ( 'NONE',  ( -16.10000000000000142, 7.500000000000003553, 4.000000000000000000 ) ) ;
#2180 = CIRCLE ( 'NONE', #2227, 1.500000000000001332 ) ;
#2181 = ORIENTED_EDGE ( 'NONE', *, *, #44, .F. ) ;
#2182 = CARTESIAN_POINT ( 'NONE',  ( -17.69999999999999574, -7.499999999999997335, -2.000000000000000000 ) ) ;
#2183 = CARTESIAN_POINT ( 'NONE',  ( -15.69999999999999929, 0.000000000000000000, -2.000000000000000000 ) ) ;
#2184 = AXIS2_PLACEMENT_3D ( 'NONE', #2658, #1705, #1268 ) ;
#2185 = EDGE_CURVE ( 'NONE', #1939, #2978, #87, .T. ) ;
#2186 = EDGE_CURVE ( 'NONE', #2758, #20, #69, .T. ) ;
#2187 = LINE ( 'NONE', #1947, #1316 ) ;
#2188 = ORIENTED_EDGE ( 'NONE', *, *, #1544, .T. ) ;
#2189 = CARTESIAN_POINT ( 'NONE',  ( -14.69999999999999574, -4.500000000000000000, -1.700000000000000178 ) ) ;
#2190 = CARTESIAN_POINT ( 'NONE',  ( -14.10000000000000142, 9.000000000000000000, 0.000000000000000000 ) ) ;
#2191 = PLANE ( 'NONE',  #924 ) ;
#2192 = ORIENTED_EDGE ( 'NONE', *, *, #1322, .F. ) ;
#2193 = CARTESIAN_POINT ( 'NONE',  ( 7.950000000000000178, 0.000000000000000000, -6.800000000000000711 ) ) ;
#2194 = ORIENTED_EDGE ( 'NONE', *, *, #686, .T. ) ;
#2195 = LINE ( 'NONE', #2393, #719 ) ;
#2196 = AXIS2_PLACEMENT_3D ( 'NONE', #615, #1555, #1067 ) ;
#2197 = ORIENTED_EDGE ( 'NONE', *, *, #272, .T. ) ;
#2198 = CARTESIAN_POINT ( 'NONE',  ( 9.100000000000001421, -11.99999999999994138, 7.499999999999985789 ) ) ;
#2199 = CYLINDRICAL_SURFACE ( 'NONE', #2619, 1.500000000000001332 ) ;
#2200 = ORIENTED_EDGE ( 'NONE', *, *, #2144, .T. ) ;
#2201 = CYLINDRICAL_SURFACE ( 'NONE', #2824, 2.049999999999999822 ) ;
#2202 = DIRECTION ( 'NONE',  ( -1.000000000000000000, 0.000000000000000000, 0.000000000000000000 ) ) ;
#2203 = ORIENTED_EDGE ( 'NONE', *, *, #1873, .F. ) ;
#2204 = EDGE_CURVE ( 'NONE', #2781, #2299, #2860, .T. ) ;
#2205 = EDGE_CURVE ( 'NONE', #1497, #32, #2717, .T. ) ;
#2206 = CARTESIAN_POINT ( 'NONE',  ( -16.10000000000000142, 9.000000000000000000, 0.000000000000000000 ) ) ;
#2207 = CARTESIAN_POINT ( 'NONE',  ( -16.10000000000000142, -6.500000000000000000, -1.700000000000000178 ) ) ;
#2208 = EDGE_LOOP ( 'NONE', ( #2878, #1078, #718, #1706 ) ) ;
#2209 = CARTESIAN_POINT ( 'NONE',  ( 15.70000000000000639, 15.69999999999999929, -4.000000000000000000 ) ) ;
#2210 = VERTEX_POINT ( 'NONE', #1723 ) ;
#2211 = FACE_OUTER_BOUND ( 'NONE', #2000, .T. ) ;
#2212 = CARTESIAN_POINT ( 'NONE',  ( 17.69999999999995666, 6.500000000000000000, -4.000000000000000000 ) ) ;
#2213 = VERTEX_POINT ( 'NONE', #337 ) ;
#2214 = DIRECTION ( 'NONE',  ( 9.800697604388740006E-17, -1.000000000000000000, 0.000000000000000000 ) ) ;
#2215 = VECTOR ( 'NONE', #2534, 1000.000000000000000 ) ;
#2216 = VECTOR ( 'NONE', #63, 1000.000000000000000 ) ;
#2217 = LINE ( 'NONE', #1767, #1170 ) ;
#2218 = ORIENTED_EDGE ( 'NONE', *, *, #656, .T. ) ;
#2219 = CARTESIAN_POINT ( 'NONE',  ( -14.69999999999999574, -6.500000000000000000, -4.000000000000000000 ) ) ;
#2220 = EDGE_CURVE ( 'NONE', #1892, #1539, #536, .T. ) ;
#2221 = ADVANCED_FACE ( 'NONE', ( #1499 ), #2417, .F. ) ;
#2222 = DIRECTION ( 'NONE',  ( 0.000000000000000000, -2.168404344971008868E-16, -1.000000000000000000 ) ) ;
#2223 = ORIENTED_EDGE ( 'NONE', *, *, #2688, .F. ) ;
#2224 = PLANE ( 'NONE',  #2268 ) ;
#2225 = VERTEX_POINT ( 'NONE', #1030 ) ;
#2226 = FACE_OUTER_BOUND ( 'NONE', #1051, .T. ) ;
#2227 = AXIS2_PLACEMENT_3D ( 'NONE', #787, #1710, #88 ) ;
#2228 = ADVANCED_BREP_SHAPE_REPRESENTATION ( 'LQ25-11FCMB-01-001', ( #746, #333 ), #2949 ) ;
#2229 = LINE ( 'NONE', #1763, #790 ) ;
#2230 = ORIENTED_EDGE ( 'NONE', *, *, #1672, .T. ) ;
#2231 = CARTESIAN_POINT ( 'NONE',  ( 0.000000000000000000, 6.500000000000001776, -4.000000000000000000 ) ) ;
#2232 = AXIS2_PLACEMENT_3D ( 'NONE', #1604, #1328, #1586 ) ;
#2233 = DIRECTION ( 'NONE',  ( 0.000000000000000000, 1.000000000000000000, 0.000000000000000000 ) ) ;
#2234 = ORIENTED_EDGE ( 'NONE', *, *, #2777, .F. ) ;
#2235 = DIRECTION ( 'NONE',  ( -1.000000000000000000, 0.000000000000000000, 0.000000000000000000 ) ) ;
#2236 = DIRECTION ( 'NONE',  ( -1.000000000000000000, 0.000000000000000000, 0.000000000000000000 ) ) ;
#2237 = VERTEX_POINT ( 'NONE', #1978 ) ;
#2238 = CYLINDRICAL_SURFACE ( 'NONE', #1927, 2.000000000000000000 ) ;
#2239 = EDGE_CURVE ( 'NONE', #2969, #2225, #2434, .T. ) ;
#2240 = EDGE_CURVE ( 'NONE', #2799, #1363, #571, .T. ) ;
#2241 = ORIENTED_EDGE ( 'NONE', *, *, #1779, .T. ) ;
#2242 = ADVANCED_FACE ( 'NONE', ( #1994 ), #816, .F. ) ;
#2243 = CARTESIAN_POINT ( 'NONE',  ( 15.70000000000000639, 18.70000000000001350, 10.00000000000000000 ) ) ;
#2244 = CIRCLE ( 'NONE', #1085, 1.500000000000001332 ) ;
#2245 = DIRECTION ( 'NONE',  ( -1.000000000000000000, 0.000000000000000000, 0.000000000000000000 ) ) ;
#2246 = ORIENTED_EDGE ( 'NONE', *, *, #2999, .F. ) ;
#2247 = LINE ( 'NONE', #1083, #1529 ) ;
#2248 = AXIS2_PLACEMENT_3D ( 'NONE', #1629, #2063, #1389 ) ;
#2249 = CYLINDRICAL_SURFACE ( 'NONE', #2045, 2.000000000000000000 ) ;
#2250 = ORIENTED_EDGE ( 'NONE', *, *, #502, .T. ) ;
#2251 = CARTESIAN_POINT ( 'NONE',  ( -15.69999999999999929, 15.69999999999999929, 10.00000000000000000 ) ) ;
#2252 = DIRECTION ( 'NONE',  ( -1.000000000000000000, 0.000000000000000000, 0.000000000000000000 ) ) ;
#2253 = VERTEX_POINT ( 'NONE', #1053 ) ;
#2254 = DIRECTION ( 'NONE',  ( 0.000000000000000000, 0.000000000000000000, -1.000000000000000000 ) ) ;
#2255 = ORIENTED_EDGE ( 'NONE', *, *, #2587, .F. ) ;
#2256 = LINE ( 'NONE', #2455, #1626 ) ;
#2257 = EDGE_CURVE ( 'NONE', #2177, #2415, #1530, .T. ) ;
#2258 = EDGE_CURVE ( 'NONE', #1000, #890, #734, .T. ) ;
#2259 = FACE_OUTER_BOUND ( 'NONE', #10, .T. ) ;
#2260 = ORIENTED_EDGE ( 'NONE', *, *, #1056, .T. ) ;
#2261 = CARTESIAN_POINT ( 'NONE',  ( -15.69999999999999574, -17.70000000000000639, -2.000000000000000000 ) ) ;
#2262 = MECHANICAL_DESIGN_GEOMETRIC_PRESENTATION_REPRESENTATION (  '', ( #2848 ), #957 ) ;
#2263 = CARTESIAN_POINT ( 'NONE',  ( 14.69999999999996554, 6.500000000000000000, -1.700000000000000178 ) ) ;
#2264 = ORIENTED_EDGE ( 'NONE', *, *, #1490, .T. ) ;
#2265 = VERTEX_POINT ( 'NONE', #603 ) ;
#2266 = CARTESIAN_POINT ( 'NONE',  ( -16.10000000000000142, -9.000000000000000000, 0.000000000000000000 ) ) ;
#2267 = CIRCLE ( 'NONE', #962, 1.500000000000001332 ) ;
#2268 = AXIS2_PLACEMENT_3D ( 'NONE', #1698, #1715, #808 ) ;
#2269 = CARTESIAN_POINT ( 'NONE',  ( 12.00000000000012079, -17.70000000000000284, 7.499999999999996447 ) ) ;
#2270 = ORIENTED_EDGE ( 'NONE', *, *, #2798, .F. ) ;
#2271 = VECTOR ( 'NONE', #2818, 1000.000000000000000 ) ;
#2272 = FACE_OUTER_BOUND ( 'NONE', #2060, .T. ) ;
#2273 = PLANE ( 'NONE',  #2564 ) ;
#2274 = ORIENTED_EDGE ( 'NONE', *, *, #2464, .T. ) ;
#2275 = DIRECTION ( 'NONE',  ( -1.000000000000000000, -0.000000000000000000, -0.000000000000000000 ) ) ;
#2276 = CARTESIAN_POINT ( 'NONE',  ( -10.00000000000000000, -6.982962677686266711E-14, -6.800000000000000711 ) ) ;
#2277 = CARTESIAN_POINT ( 'NONE',  ( -16.10000000000000142, 10.49999999999999822, 0.000000000000000000 ) ) ;
#2278 = CARTESIAN_POINT ( 'NONE',  ( -12.69999999999999574, -4.500000000000000000, -1.700000000000000178 ) ) ;
#2279 = AXIS2_PLACEMENT_3D ( 'NONE', #2315, #26, #1818 ) ;
#2280 = EDGE_CURVE ( 'NONE', #958, #980, #2217, .T. ) ;
#2281 = ADVANCED_FACE ( 'NONE', ( #127 ), #1069, .F. ) ;
#2282 = VECTOR ( 'NONE', #1412, 1000.000000000000000 ) ;
#2283 = CYLINDRICAL_SURFACE ( 'NONE', #2232, 1.500000000000000444 ) ;
#2284 = ORIENTED_EDGE ( 'NONE', *, *, #2112, .F. ) ;
#2285 = ORIENTED_EDGE ( 'NONE', *, *, #502, .F. ) ;
#2286 = CARTESIAN_POINT ( 'NONE',  ( 12.70000000000002416, -4.499999999999923617, -1.700000000000000178 ) ) ;
#2287 = VECTOR ( 'NONE', #2066, 1000.000000000000000 ) ;
#2288 = CYLINDRICAL_SURFACE ( 'NONE', #1748, 1.500000000000000444 ) ;
#2289 = ORIENTED_EDGE ( 'NONE', *, *, #560, .F. ) ;
#2290 = CARTESIAN_POINT ( 'NONE',  ( -16.10000000000000142, -7.500000000000000000, 0.000000000000000000 ) ) ;
#2291 = ORIENTED_EDGE ( 'NONE', *, *, #211, .T. ) ;
#2292 = LINE ( 'NONE', #2970, #2103 ) ;
#2293 = ORIENTED_EDGE ( 'NONE', *, *, #691, .F. ) ;
#2294 = DIRECTION ( 'NONE',  ( -1.000000000000000000, -0.000000000000000000, -0.000000000000000000 ) ) ;
#2295 = CIRCLE ( 'NONE', #1284, 1.000000000000000000 ) ;
#2296 = FACE_OUTER_BOUND ( 'NONE', #1531, .T. ) ;
#2297 = EDGE_CURVE ( 'NONE', #2473, #907, #2425, .T. ) ;
#2298 = AXIS2_PLACEMENT_3D ( 'NONE', #1324, #1747, #1294 ) ;
#2299 = VERTEX_POINT ( 'NONE', #1237 ) ;
#2300 = CARTESIAN_POINT ( 'NONE',  ( -11.99999999999988098, -17.70000000000000639, 8.999999999999992895 ) ) ;
#2301 = AXIS2_PLACEMENT_3D ( 'NONE', #1513, #2822, #38 ) ;
#2302 = EDGE_CURVE ( 'NONE', #1486, #907, #319, .T. ) ;
#2303 = DIRECTION ( 'NONE',  ( 1.000000000000000000, 0.000000000000000000, 0.000000000000000000 ) ) ;
#2304 = EDGE_CURVE ( 'NONE', #1842, #843, #1709, .T. ) ;
#2305 = ORIENTED_EDGE ( 'NONE', *, *, #1798, .F. ) ;
#2306 = DIRECTION ( 'NONE',  ( 1.000000000000000000, 0.000000000000000000, 0.000000000000000000 ) ) ;
#2307 = VERTEX_POINT ( 'NONE', #902 ) ;
#2308 = LINE ( 'NONE', #1582, #1265 ) ;
#2309 = CARTESIAN_POINT ( 'NONE',  ( 12.00000000000009059, -9.099999999999960565, 7.499999999999996447 ) ) ;
#2310 = CARTESIAN_POINT ( 'NONE',  ( 0.000000000000000000, 0.000000000000000000, 0.000000000000000000 ) ) ;
#2311 = DIRECTION ( 'NONE',  ( 0.000000000000000000, 0.000000000000000000, 1.000000000000000000 ) ) ;
#2312 = ORIENTED_EDGE ( 'NONE', *, *, #1267, .T. ) ;
#2313 = CIRCLE ( 'NONE', #2405, 1.500000000000001332 ) ;
#2314 = PLANE ( 'NONE',  #481 ) ;
#2315 = CARTESIAN_POINT ( 'NONE',  ( -15.69999999999999574, -15.70000000000000995, -4.000000000000000000 ) ) ;
#2316 = EDGE_LOOP ( 'NONE', ( #2977, #1628, #41, #2118, #809 ) ) ;
#2317 = DIRECTION ( 'NONE',  ( -1.000000000000000000, 0.000000000000000000, 0.000000000000000000 ) ) ;
#2318 = CIRCLE ( 'NONE', #2513, 1.000000000000000000 ) ;
#2319 = EDGE_CURVE ( 'NONE', #2734, #1492, #443, .T. ) ;
#2320 = AXIS2_PLACEMENT_3D ( 'NONE', #396, #1325, #2245 ) ;
#2321 = EDGE_CURVE ( 'NONE', #230, #2599, #685, .T. ) ;
#2322 = VECTOR ( 'NONE', #707, 1000.000000000000000 ) ;
#2323 = ORIENTED_EDGE ( 'NONE', *, *, #176, .F. ) ;
#2324 = CARTESIAN_POINT ( 'NONE',  ( 14.70000000000011298, -6.499999999999911182, -1.700000000000000178 ) ) ;
#2325 = CARTESIAN_POINT ( 'NONE',  ( -16.10000000000000142, -8.249999999999998224, 0.000000000000000000 ) ) ;
#2326 = CARTESIAN_POINT ( 'NONE',  ( -17.10000000000000853, 19.10000000000000142, 10.00000000000000000 ) ) ;
#2327 = DIRECTION ( 'NONE',  ( 0.000000000000000000, 0.000000000000000000, 1.000000000000000000 ) ) ;
#2328 = EDGE_LOOP ( 'NONE', ( #427, #1693 ) ) ;
#2329 = VECTOR ( 'NONE', #943, 1000.000000000000000 ) ;
#2330 = AXIS2_PLACEMENT_3D ( 'NONE', #1936, #2582, #1500 ) ;
#2331 = DIRECTION ( 'NONE',  ( 0.000000000000000000, 0.000000000000000000, -1.000000000000000000 ) ) ;
#2332 = LINE ( 'NONE', #1623, #2083 ) ;
#2333 = ORIENTED_EDGE ( 'NONE', *, *, #2709, .F. ) ;
#2334 = FACE_OUTER_BOUND ( 'NONE', #954, .T. ) ;
#2335 = AXIS2_PLACEMENT_3D ( 'NONE', #692, #1409, #2327 ) ;
#2336 = EDGE_LOOP ( 'NONE', ( #389, #1896, #1609, #522, #669 ) ) ;
#2337 = EDGE_CURVE ( 'NONE', #2177, #149, #2023, .T. ) ;
#2338 = EDGE_CURVE ( 'NONE', #84, #1768, #664, .T. ) ;
#2339 = CARTESIAN_POINT ( 'NONE',  ( 18.70000000000001705, 15.69999999999999929, 10.00000000000000000 ) ) ;
#2340 = CARTESIAN_POINT ( 'NONE',  ( 19.10000000000000142, 19.10000000000000142, 10.00000000000000000 ) ) ;
#2341 = CARTESIAN_POINT ( 'NONE',  ( -16.10000000000000142, 7.500000000000000000, 0.000000000000000000 ) ) ;
#2342 = ORIENTED_EDGE ( 'NONE', *, *, #655, .T. ) ;
#2343 = CARTESIAN_POINT ( 'NONE',  ( -19.10000000000000142, -12.00000000000005862, 5.999999999999995559 ) ) ;
#2344 = AXIS2_PLACEMENT_3D ( 'NONE', #1052, #663, #1976 ) ;
#2345 = DIRECTION ( 'NONE',  ( -0.000000000000000000, 0.000000000000000000, 1.000000000000000000 ) ) ;
#2346 = DIRECTION ( 'NONE',  ( 0.000000000000000000, 0.000000000000000000, -1.000000000000000000 ) ) ;
#2347 = ORIENTED_EDGE ( 'NONE', *, *, #1656, .T. ) ;
#2348 = DIRECTION ( 'NONE',  ( 0.000000000000000000, -1.000000000000000000, 0.000000000000000000 ) ) ;
#2349 = ORIENTED_EDGE ( 'NONE', *, *, #2186, .F. ) ;
#2350 = ORIENTED_EDGE ( 'NONE', *, *, #1003, .F. ) ;
#2351 = CARTESIAN_POINT ( 'NONE',  ( 17.10000000000000497, 19.10000000000000142, 10.00000000000000000 ) ) ;
#2352 = DIRECTION ( 'NONE',  ( 0.000000000000000000, -2.168404344971008868E-16, -1.000000000000000000 ) ) ;
#2353 = ADVANCED_FACE ( 'NONE', ( #145 ), #2283, .F. ) ;
#2354 = ADVANCED_FACE ( 'NONE', ( #2509 ), #2249, .F. ) ;
#2355 = DIRECTION ( 'NONE',  ( 0.000000000000000000, 0.000000000000000000, 1.000000000000000000 ) ) ;
#2356 = ORIENTED_EDGE ( 'NONE', *, *, #1506, .T. ) ;
#2357 = CARTESIAN_POINT ( 'NONE',  ( 15.70000000000000639, -6.499999999999865885, -4.000000000000000000 ) ) ;
#2358 = LINE ( 'NONE', #482, #1312 ) ;
#2359 = FACE_OUTER_BOUND ( 'NONE', #2082, .T. ) ;
#2360 = EDGE_LOOP ( 'NONE', ( #2690, #1836, #327, #680 ) ) ;
#2361 = LINE ( 'NONE', #2812, #821 ) ;
#2362 = ORIENTED_EDGE ( 'NONE', *, *, #23, .F. ) ;
#2363 = VECTOR ( 'NONE', #776, 1000.000000000000000 ) ;
#2364 = VECTOR ( 'NONE', #1257, 1000.000000000000000 ) ;
#2365 = ORIENTED_EDGE ( 'NONE', *, *, #1873, .T. ) ;
#2366 = DIRECTION ( 'NONE',  ( -1.000000000000000000, 0.000000000000000000, 0.000000000000000000 ) ) ;
#2367 = DIRECTION ( 'NONE',  ( 0.000000000000000000, -0.000000000000000000, 1.000000000000000000 ) ) ;
#2368 = LINE ( 'NONE', #2138, #643 ) ;
#2369 = EDGE_CURVE ( 'NONE', #2668, #397, #141, .T. ) ;
#2370 = CARTESIAN_POINT ( 'NONE',  ( -16.02245974450362098, 6.728032856493241454, -3.980508307998626538 ) ) ;
#2371 = PLANE ( 'NONE',  #1217 ) ;
#2372 = LINE ( 'NONE', #1918, #1459 ) ;
#2373 = VERTEX_POINT ( 'NONE', #1797 ) ;
#2374 = DIRECTION ( 'NONE',  ( -1.000000000000000000, 0.000000000000000000, 0.000000000000000000 ) ) ;
#2375 = AXIS2_PLACEMENT_3D ( 'NONE', #2546, #1614, #2533 ) ;
#2376 = VERTEX_POINT ( 'NONE', #2960 ) ;
#2377 = AXIS2_PLACEMENT_3D ( 'NONE', #873, #432, #1362 ) ;
#2378 = VECTOR ( 'NONE', #703, 1000.000000000000000 ) ;
#2379 = VERTEX_POINT ( 'NONE', #2495 ) ;
#2380 = DIRECTION ( 'NONE',  ( 1.000000000000000000, 4.440892098500619220E-14, -0.000000000000000000 ) ) ;
#2381 = DIRECTION ( 'NONE',  ( 1.000000000000000000, 1.734723475976807094E-15, 0.000000000000000000 ) ) ;
#2382 = DIRECTION ( 'NONE',  ( 3.491481338843133355E-15, -1.000000000000000000, -0.000000000000000000 ) ) ;
#2383 = ORIENTED_EDGE ( 'NONE', *, *, #448, .F. ) ;
#2384 = CARTESIAN_POINT ( 'NONE',  ( -16.10000000000000142, 7.500000000000003553, 4.000000000000000000 ) ) ;
#2385 = DIRECTION ( 'NONE',  ( 0.000000000000000000, 0.000000000000000000, 1.000000000000000000 ) ) ;
#2386 = CARTESIAN_POINT ( 'NONE',  ( -15.69999999999999929, 15.69999999999999929, -2.000000000000000000 ) ) ;
#2387 = ORIENTED_EDGE ( 'NONE', *, *, #406, .T. ) ;
#2388 = DIRECTION ( 'NONE',  ( -1.000000000000000000, -9.800697604388740006E-17, 0.000000000000000000 ) ) ;
#2389 = AXIS2_PLACEMENT_3D ( 'NONE', #550, #1479, #2640 ) ;
#2390 = EDGE_CURVE ( 'NONE', #1731, #1133, #1075, .T. ) ;
#2391 = ORIENTED_EDGE ( 'NONE', *, *, #60, .F. ) ;
#2392 = AXIS2_PLACEMENT_3D ( 'NONE', #2622, #2866, #2671 ) ;
#2393 = CARTESIAN_POINT ( 'NONE',  ( 9.100000000000001421, 12.00000000000005862, 8.999999999999998224 ) ) ;
#2394 = ORIENTED_EDGE ( 'NONE', *, *, #1299, .F. ) ;
#2395 = LINE ( 'NONE', #2106, #2271 ) ;
#2396 = CARTESIAN_POINT ( 'NONE',  ( -17.69999999999999574, -12.00000000000005862, 5.999999999999995559 ) ) ;
#2397 = PLANE ( 'NONE',  #2184 ) ;
#2398 = ORIENTED_EDGE ( 'NONE', *, *, #1923, .F. ) ;
#2399 = DIRECTION ( 'NONE',  ( 0.000000000000000000, 1.000000000000000000, 0.000000000000000000 ) ) ;
#2400 = CARTESIAN_POINT ( 'NONE',  ( 15.70000000000000639, 0.000000000000000000, -4.000000000000000000 ) ) ;
#2401 = CARTESIAN_POINT ( 'NONE',  ( -17.21112080523678856, -7.457114201939409881, -3.323316800531745052 ) ) ;
#2402 = VERTEX_POINT ( 'NONE', #416 ) ;
#2403 = DIRECTION ( 'NONE',  ( 0.000000000000000000, 0.000000000000000000, 1.000000000000000000 ) ) ;
#2404 = ORIENTED_EDGE ( 'NONE', *, *, #504, .T. ) ;
#2405 = AXIS2_PLACEMENT_3D ( 'NONE', #756, #2158, #72 ) ;
#2406 = ADVANCED_FACE ( 'NONE', ( #1344 ), #2976, .F. ) ;
#2407 = EDGE_CURVE ( 'NONE', #2473, #605, #2134, .T. ) ;
#2408 = FACE_OUTER_BOUND ( 'NONE', #1566, .T. ) ;
#2409 = ORIENTED_EDGE ( 'NONE', *, *, #2302, .T. ) ;
#2410 = DIRECTION ( 'NONE',  ( 0.000000000000000000, 0.000000000000000000, -1.000000000000000000 ) ) ;
#2411 = DIRECTION ( 'NONE',  ( 0.000000000000000000, 0.000000000000000000, 1.000000000000000000 ) ) ;
#2412 = VECTOR ( 'NONE', #2714, 1000.000000000000000 ) ;
#2413 = CARTESIAN_POINT ( 'NONE',  ( -14.10000000000000142, 9.000000000000000000, 0.7500000000000002220 ) ) ;
#2414 = CIRCLE ( 'NONE', #227, 1.500000000000000000 ) ;
#2415 = VERTEX_POINT ( 'NONE', #2263 ) ;
#2416 = DIRECTION ( 'NONE',  ( 0.000000000000000000, 1.000000000000000000, 0.000000000000000000 ) ) ;
#2417 = CYLINDRICAL_SURFACE ( 'NONE', #1418, 0.7500000000000002220 ) ;
#2418 = CARTESIAN_POINT ( 'NONE',  ( 12.05000000000000071, 2.510525938252074679E-16, -10.00000000000000000 ) ) ;
#2419 = ORIENTED_EDGE ( 'NONE', *, *, #1401, .T. ) ;
#2420 = FACE_OUTER_BOUND ( 'NONE', #1279, .T. ) ;
#2421 = AXIS2_PLACEMENT_3D ( 'NONE', #2209, #610, #1336 ) ;
#2422 = VERTEX_POINT ( 'NONE', #179 ) ;
#2423 = VECTOR ( 'NONE', #1562, 1000.000000000000000 ) ;
#2424 = DIRECTION ( 'NONE',  ( -0.000000000000000000, -0.000000000000000000, 1.000000000000000000 ) ) ;
#2425 = CIRCLE ( 'NONE', #926, 2.000000000000001776 ) ;
#2426 = ORIENTED_EDGE ( 'NONE', *, *, #839, .T. ) ;
#2427 = LINE ( 'NONE', #110, #153 ) ;
#2428 = AXIS2_PLACEMENT_3D ( 'NONE', #632, #1100, #859 ) ;
#2429 = EDGE_CURVE ( 'NONE', #1653, #1417, #2769, .T. ) ;
#2430 = ADVANCED_FACE ( 'NONE', ( #2296 ), #1116, .T. ) ;
#2431 = CARTESIAN_POINT ( 'NONE',  ( 17.70000000000000284, -11.99999999999994138, 5.999999999999985789 ) ) ;
#2432 = VERTEX_POINT ( 'NONE', #2039 ) ;
#2433 = DIRECTION ( 'NONE',  ( -1.000000000000000000, 0.000000000000000000, 0.000000000000000000 ) ) ;
#2434 = LINE ( 'NONE', #2644, #91 ) ;
#2435 = ORIENTED_EDGE ( 'NONE', *, *, #447, .T. ) ;
#2436 = CYLINDRICAL_SURFACE ( 'NONE', #169, 1.500000000000001332 ) ;
#2437 = CARTESIAN_POINT ( 'NONE',  ( -10.00000000000000000, -6.982962677686266711E-14, -6.800000000000000711 ) ) ;
#2438 = ORIENTED_EDGE ( 'NONE', *, *, #970, .T. ) ;
#2439 = DIRECTION ( 'NONE',  ( -0.000000000000000000, 0.000000000000000000, 1.000000000000000000 ) ) ;
#2440 = CIRCLE ( 'NONE', #2196, 1.000000000000000000 ) ;
#2441 = ORIENTED_EDGE ( 'NONE', *, *, #1137, .F. ) ;
#2442 = CARTESIAN_POINT ( 'NONE',  ( -16.10000000000000142, 0.000000000000000000, 0.000000000000000000 ) ) ;
#2443 = CARTESIAN_POINT ( 'NONE',  ( 10.00000000000000000, 0.000000000000000000, -6.800000000000000711 ) ) ;
#2444 = ORIENTED_EDGE ( 'NONE', *, *, #2185, .F. ) ;
#2445 = SPHERICAL_SURFACE ( 'NONE', #1590, 2.000000000000000000 ) ;
#2446 = EDGE_CURVE ( 'NONE', #366, #2758, #1145, .T. ) ;
#2447 = EDGE_CURVE ( 'NONE', #757, #1793, #1814, .T. ) ;
#2448 = CARTESIAN_POINT ( 'NONE',  ( 19.10000000000000142, -11.99999999999994138, 7.499999999999985789 ) ) ;
#2449 = ORIENTED_EDGE ( 'NONE', *, *, #368, .T. ) ;
#2450 = DIRECTION ( 'NONE',  ( -0.000000000000000000, -0.000000000000000000, 1.000000000000000000 ) ) ;
#2451 = DIRECTION ( 'NONE',  ( 0.000000000000000000, 0.000000000000000000, -1.000000000000000000 ) ) ;
#2452 = EDGE_LOOP ( 'NONE', ( #237, #339, #813, #434 ) ) ;
#2453 = DIRECTION ( 'NONE',  ( -0.000000000000000000, -0.000000000000000000, 1.000000000000000000 ) ) ;
#2454 = ORIENTED_EDGE ( 'NONE', *, *, #2761, .F. ) ;
#2455 = CARTESIAN_POINT ( 'NONE',  ( -17.69999999999999574, -7.499999999999998224, -4.000000000000002665 ) ) ;
#2456 = DIRECTION ( 'NONE',  ( -0.000000000000000000, -0.000000000000000000, 1.000000000000000000 ) ) ;
#2457 = EDGE_LOOP ( 'NONE', ( #1477, #558, #1423 ) ) ;
#2458 = AXIS2_PLACEMENT_3D ( 'NONE', #48, #794, #297 ) ;
#2459 = DIRECTION ( 'NONE',  ( 0.000000000000000000, 0.000000000000000000, 1.000000000000000000 ) ) ;
#2460 = AXIS2_PLACEMENT_3D ( 'NONE', #1493, #747, #1674 ) ;
#2461 = VECTOR ( 'NONE', #1102, 1000.000000000000114 ) ;
#2462 = DIRECTION ( 'NONE',  ( 0.000000000000000000, 1.000000000000000000, 0.000000000000000000 ) ) ;
#2463 = EDGE_CURVE ( 'NONE', #907, #2837, #1557, .T. ) ;
#2464 = EDGE_CURVE ( 'NONE', #146, #564, #399, .T. ) ;
#2465 = ORIENTED_EDGE ( 'NONE', *, *, #2983, .F. ) ;
#2466 = DIRECTION ( 'NONE',  ( 0.000000000000000000, 0.000000000000000000, 1.000000000000000000 ) ) ;
#2467 = B_SPLINE_CURVE_WITH_KNOTS ( 'NONE', 3,
 ( #56, #2156, #70, #557, #1485, #803, #1470, #2401, #769, #1223 ),
 .UNSPECIFIED., .F., .F.,
 ( 4, 2, 2, 2, 4 ),
 ( -8.944281848868635118E-06, 0.0005820893894722121206, 0.001173123060793293017, 0.001764156732114373913, 0.002355190403435454376 ),
 .UNSPECIFIED. ) ;
#2468 = EDGE_CURVE ( 'NONE', #1048, #2159, #241, .T. ) ;
#2469 = DIRECTION ( 'NONE',  ( 0.000000000000000000, 0.000000000000000000, 1.000000000000000000 ) ) ;
#2470 = ORIENTED_EDGE ( 'NONE', *, *, #2796, .F. ) ;
#2471 = DIRECTION ( 'NONE',  ( 1.000000000000000000, 0.000000000000000000, 0.000000000000000000 ) ) ;
#2472 = DIRECTION ( 'NONE',  ( 1.000000000000000000, 0.000000000000000000, 0.000000000000000000 ) ) ;
#2473 = VERTEX_POINT ( 'NONE', #283 ) ;
#2474 = AXIS2_PLACEMENT_3D ( 'NONE', #1148, #921, #498 ) ;
#2475 = LINE ( 'NONE', #376, #303 ) ;
#2476 = AXIS2_PLACEMENT_3D ( 'NONE', #2897, #2661, #1515 ) ;
#2477 = CARTESIAN_POINT ( 'NONE',  ( 19.10000000000000142, -17.10000000000000497, -10.00000000000000000 ) ) ;
#2478 = ORIENTED_EDGE ( 'NONE', *, *, #1799, .F. ) ;
#2479 = AXIS2_PLACEMENT_3D ( 'NONE', #2990, #1131, #2928 ) ;
#2480 = CARTESIAN_POINT ( 'NONE',  ( -17.69999999999999574, -6.499999999999995559, 4.000000000000000888 ) ) ;
#2481 = VECTOR ( 'NONE', #2005, 1000.000000000000000 ) ;
#2482 = DIRECTION ( 'NONE',  ( -0.000000000000000000, 0.000000000000000000, 1.000000000000000000 ) ) ;
#2483 = VERTEX_POINT ( 'NONE', #2536 ) ;
#2484 = DIRECTION ( 'NONE',  ( 0.000000000000000000, 0.000000000000000000, 1.000000000000000000 ) ) ;
#2485 = LINE ( 'NONE', #2931, #1795 ) ;
#2486 = ORIENTED_EDGE ( 'NONE', *, *, #2164, .F. ) ;
#2487 = DIRECTION ( 'NONE',  ( -1.000000000000000000, 0.000000000000000000, 0.000000000000000000 ) ) ;
#2488 = EDGE_CURVE ( 'NONE', #2758, #931, #2958, .T. ) ;
#2489 = VERTEX_POINT ( 'NONE', #1916 ) ;
#2490 = DIRECTION ( 'NONE',  ( 0.000000000000000000, -1.000000000000000000, 0.000000000000000000 ) ) ;
#2491 = VECTOR ( 'NONE', #1447, 1000.000000000000000 ) ;
#2492 = PLANE ( 'NONE',  #395 ) ;
#2493 = ORIENTED_EDGE ( 'NONE', *, *, #2573, .F. ) ;
#2494 = LINE ( 'NONE', #2911, #1432 ) ;
#2495 = CARTESIAN_POINT ( 'NONE',  ( -17.69999999999999574, -15.70000000000000995, -2.000000000000000000 ) ) ;
#2496 = ORIENTED_EDGE ( 'NONE', *, *, #2783, .T. ) ;
#2497 = CARTESIAN_POINT ( 'NONE',  ( -9.100000000000001421, -12.00000000000005862, 5.999999999999995559 ) ) ;
#2498 = CARTESIAN_POINT ( 'NONE',  ( -19.10000000000000142, -6.499999999999997335, -3.999999999999998224 ) ) ;
#2499 = ORIENTED_EDGE ( 'NONE', *, *, #2783, .F. ) ;
#2500 = FACE_OUTER_BOUND ( 'NONE', #109, .T. ) ;
#2501 = VERTEX_POINT ( 'NONE', #1392 ) ;
#2502 = ADVANCED_FACE ( 'NONE', ( #463 ), #2578, .F. ) ;
#2503 = EDGE_CURVE ( 'NONE', #605, #1098, #1886, .T. ) ;
#2504 = FACE_OUTER_BOUND ( 'NONE', #740, .T. ) ;
#2505 = CARTESIAN_POINT ( 'NONE',  ( -19.10000000000000142, 11.99999999999994138, 7.499999999999985789 ) ) ;
#2506 = ORIENTED_EDGE ( 'NONE', *, *, #1727, .T. ) ;
#2507 = DIRECTION ( 'NONE',  ( 1.000000000000000000, 0.000000000000000000, -0.000000000000000000 ) ) ;
#2508 = UNCERTAINTY_MEASURE_WITH_UNIT (LENGTH_MEASURE( 1.000000000000000082E-05 ), #1147, 'distance_accuracy_value', 'NONE');
#2509 = FACE_OUTER_BOUND ( 'NONE', #1924, .T. ) ;
#2510 = ORIENTED_EDGE ( 'NONE', *, *, #486, .F. ) ;
#2511 = ORIENTED_EDGE ( 'NONE', *, *, #171, .F. ) ;
#2512 = LINE ( 'NONE', #2044, #2160 ) ;
#2513 = AXIS2_PLACEMENT_3D ( 'NONE', #2089, #2306, #1610 ) ;
#2514 = AXIS2_PLACEMENT_3D ( 'NONE', #2905, #1957, #1047 ) ;
#2515 = DIRECTION ( 'NONE',  ( 0.000000000000000000, 0.000000000000000000, 1.000000000000000000 ) ) ;
#2516 = ORIENTED_EDGE ( 'NONE', *, *, #823, .T. ) ;
#2517 = CARTESIAN_POINT ( 'NONE',  ( 18.70000000000001705, -15.70000000000000639, 10.00000000000000000 ) ) ;
#2518 = EDGE_LOOP ( 'NONE', ( #454, #2028, #410, #609 ) ) ;
#2519 = LINE ( 'NONE', #1403, #1766 ) ;
#2520 = DIRECTION ( 'NONE',  ( -1.000000000000000000, -0.000000000000000000, -0.000000000000000000 ) ) ;
#2521 = LINE ( 'NONE', #2278, #698 ) ;
#2522 = VECTOR ( 'NONE', #1905, 1000.000000000000000 ) ;
#2523 = EDGE_CURVE ( 'NONE', #397, #2668, #43, .T. ) ;
#2524 = ADVANCED_FACE ( 'NONE', ( #1425 ), #1202, .T. ) ;
#2525 = AXIS2_PLACEMENT_3D ( 'NONE', #2386, #2857, #338 ) ;
#2526 = CARTESIAN_POINT ( 'NONE',  ( -15.69999999999999929, 0.000000000000000000, -2.000000000000000000 ) ) ;
#2527 = ORIENTED_EDGE ( 'NONE', *, *, #2429, .F. ) ;
#2528 = CARTESIAN_POINT ( 'NONE',  ( 0.000000000000000000, 0.000000000000000000, -1.700000000000000178 ) ) ;
#2529 = DIRECTION ( 'NONE',  ( 1.000000000000000000, 0.000000000000000000, 0.000000000000000000 ) ) ;
#2530 = ORIENTED_EDGE ( 'NONE', *, *, #289, .F. ) ;
#2531 = CARTESIAN_POINT ( 'NONE',  ( -12.69999999999999574, -4.499999999999996447, -1.700000000000000178 ) ) ;
#2532 = VERTEX_POINT ( 'NONE', #2549 ) ;
#2533 = DIRECTION ( 'NONE',  ( 0.000000000000000000, 0.000000000000000000, -1.000000000000000000 ) ) ;
#2534 = DIRECTION ( 'NONE',  ( -0.000000000000000000, -0.000000000000000000, -1.000000000000000000 ) ) ;
#2535 = DIRECTION ( 'NONE',  ( 0.000000000000000000, -1.000000000000000000, 0.000000000000000000 ) ) ;
#2536 = CARTESIAN_POINT ( 'NONE',  ( 12.69999999999996554, 4.499999999999987566, -4.000000000000000000 ) ) ;
#2537 = ORIENTED_EDGE ( 'NONE', *, *, #271, .T. ) ;
#2538 = ADVANCED_FACE ( 'NONE', ( #1191 ), #2109, .F. ) ;
#2539 = EDGE_CURVE ( 'NONE', #2402, #2376, #1993, .T. ) ;
#2540 =( NAMED_UNIT ( * ) PLANE_ANGLE_UNIT ( ) SI_UNIT ( $, .RADIAN. ) );
#2541 = VECTOR ( 'NONE', #1498, 1000.000000000000000 ) ;
#2542 = CARTESIAN_POINT ( 'NONE',  ( 19.10000000000000142, -11.99999999999994138, 7.499999999999985789 ) ) ;
#2543 = ORIENTED_EDGE ( 'NONE', *, *, #2240, .F. ) ;
#2544 = DIRECTION ( 'NONE',  ( 1.000000000000000000, 0.000000000000000000, 0.000000000000000000 ) ) ;
#2545 = ORIENTED_EDGE ( 'NONE', *, *, #758, .F. ) ;
#2546 = CARTESIAN_POINT ( 'NONE',  ( 17.70000000000000284, -11.99999999999994138, 7.499999999999985789 ) ) ;
#2547 = DIRECTION ( 'NONE',  ( 3.491481338843133355E-15, -1.000000000000000000, -0.000000000000000000 ) ) ;
#2548 = DIRECTION ( 'NONE',  ( 0.000000000000000000, 0.000000000000000000, 1.000000000000000000 ) ) ;
#2549 = CARTESIAN_POINT ( 'NONE',  ( -15.69999999999999929, 18.70000000000001350, 10.00000000000000000 ) ) ;
#2550 = DIRECTION ( 'NONE',  ( 9.800697604388740006E-17, -1.000000000000000000, 0.000000000000000000 ) ) ;
#2551 = EDGE_CURVE ( 'NONE', #2415, #958, #240, .T. ) ;
#2552 = ADVANCED_FACE ( 'NONE', ( #1663 ), #8, .T. ) ;
#2553 = DIRECTION ( 'NONE',  ( 1.000000000000000000, 0.000000000000000000, 0.000000000000000000 ) ) ;
#2554 = ORIENTED_EDGE ( 'NONE', *, *, #1507, .T. ) ;
#2555 = LINE ( 'NONE', #940, #29 ) ;
#2556 = AXIS2_PLACEMENT_3D ( 'NONE', #1969, #2843, #544 ) ;
#2557 = AXIS2_PLACEMENT_3D ( 'NONE', #1111, #1810, #2733 ) ;
#2558 = ADVANCED_FACE ( 'NONE', ( #716 ), #1647, .F. ) ;
#2559 = VECTOR ( 'NONE', #915, 1000.000000000000000 ) ;
#2560 = AXIS2_PLACEMENT_3D ( 'NONE', #1193, #2550, #480 ) ;
#2561 = ORIENTED_EDGE ( 'NONE', *, *, #758, .T. ) ;
#2562 = ORIENTED_EDGE ( 'NONE', *, *, #2573, .T. ) ;
#2563 = ORIENTED_EDGE ( 'NONE', *, *, #1285, .T. ) ;
#2564 = AXIS2_PLACEMENT_3D ( 'NONE', #1807, #1351, #215 ) ;
#2565 = CARTESIAN_POINT ( 'NONE',  ( -16.10000000000000142, -7.500000000000000000, 0.000000000000000000 ) ) ;
#2566 = CARTESIAN_POINT ( 'NONE',  ( -9.100000000000001421, -12.00000000000005862, 7.499999999999996447 ) ) ;
#2567 = ORIENTED_EDGE ( 'NONE', *, *, #2321, .T. ) ;
#2568 = DIRECTION ( 'NONE',  ( 1.000000000000000000, 0.000000000000000000, -0.000000000000000000 ) ) ;
#2569 = CARTESIAN_POINT ( 'NONE',  ( -17.69999999999999574, -9.750000000000001776, 0.000000000000000000 ) ) ;
#2570 = ORIENTED_EDGE ( 'NONE', *, *, #251, .T. ) ;
#2571 = CARTESIAN_POINT ( 'NONE',  ( -17.69999999999999574, -15.70000000000000995, 8.999999999999992895 ) ) ;
#2572 = ORIENTED_EDGE ( 'NONE', *, *, #348, .F. ) ;
#2573 = EDGE_CURVE ( 'NONE', #1330, #2773, #2813, .T. ) ;
#2574 = EDGE_CURVE ( 'NONE', #759, #146, #343, .T. ) ;
#2575 = ORIENTED_EDGE ( 'NONE', *, *, #2129, .F. ) ;
#2576 = DIRECTION ( 'NONE',  ( 0.000000000000000000, -1.000000000000000000, 1.156482317317871478E-16 ) ) ;
#2577 = FACE_OUTER_BOUND ( 'NONE', #1543, .T. ) ;
#2578 = CYLINDRICAL_SURFACE ( 'NONE', #785, 2.000000000000000000 ) ;
#2579 = CARTESIAN_POINT ( 'NONE',  ( -12.05000000000000071, -6.982962677686266711E-14, -6.800000000000000711 ) ) ;
#2580 = AXIS2_PLACEMENT_3D ( 'NONE', #1391, #2294, #2080 ) ;
#2581 = CARTESIAN_POINT ( 'NONE',  ( -17.69999999999999574, -17.70000000000000639, -2.000000000000000000 ) ) ;
#2582 = DIRECTION ( 'NONE',  ( -1.000000000000000000, -0.000000000000000000, -0.000000000000000000 ) ) ;
#2583 = ORIENTED_EDGE ( 'NONE', *, *, #2297, .F. ) ;
#2584 = DIRECTION ( 'NONE',  ( -0.000000000000000000, -0.000000000000000000, -1.000000000000000000 ) ) ;
#2585 = VERTEX_POINT ( 'NONE', #2123 ) ;
#2586 = ADVANCED_FACE ( 'NONE', ( #1857 ), #1901, .F. ) ;
#2587 = EDGE_CURVE ( 'NONE', #1919, #2677, #2368, .T. ) ;
#2588 = EDGE_LOOP ( 'NONE', ( #2019, #59, #1410, #95, #1569, #1176 ) ) ;
#2589 = CARTESIAN_POINT ( 'NONE',  ( -16.10000000000000142, 9.000000000000000000, 0.000000000000000000 ) ) ;
#2590 = LINE ( 'NONE', #1232, #1670 ) ;
#2591 = DIRECTION ( 'NONE',  ( 3.491481338843133355E-15, -1.000000000000000000, -0.000000000000000000 ) ) ;
#2592 = ORIENTED_EDGE ( 'NONE', *, *, #1894, .T. ) ;
#2593 = CARTESIAN_POINT ( 'NONE',  ( -15.69999999999999929, 6.500000000000000000, -4.000000000000000000 ) ) ;
#2594 = CARTESIAN_POINT ( 'NONE',  ( 0.000000000000000000, 0.000000000000000000, -4.000000000000000000 ) ) ;
#2595 = CARTESIAN_POINT ( 'NONE',  ( 10.00000000000000000, 0.000000000000000000, -6.800000000000000711 ) ) ;
#2596 = ORIENTED_EDGE ( 'NONE', *, *, #504, .F. ) ;
#2597 = PLANE ( 'NONE',  #2793 ) ;
#2598 = AXIS2_PLACEMENT_3D ( 'NONE', #2172, #85, #1949 ) ;
#2599 = VERTEX_POINT ( 'NONE', #1735 ) ;
#2600 = VECTOR ( 'NONE', #2520, 1000.000000000000000 ) ;
#2601 = AXIS2_PLACEMENT_3D ( 'NONE', #2742, #421, #1369 ) ;
#2602 = ORIENTED_EDGE ( 'NONE', *, *, #156, .T. ) ;
#2603 = LINE ( 'NONE', #2351, #377 ) ;
#2604 = CARTESIAN_POINT ( 'NONE',  ( -13.49999999999987743, -19.10000000000005116, 7.499999999999985789 ) ) ;
#2605 = EDGE_CURVE ( 'NONE', #825, #1539, #1510, .T. ) ;
#2606 = DIRECTION ( 'NONE',  ( -1.000000000000000000, -0.000000000000000000, -0.000000000000000000 ) ) ;
#2607 = EDGE_LOOP ( 'NONE', ( #474, #1066 ) ) ;
#2608 = CARTESIAN_POINT ( 'NONE',  ( 17.10000000000000497, -19.10000000000000142, -10.00000000000000000 ) ) ;
#2609 = EDGE_CURVE ( 'NONE', #922, #990, #1050, .T. ) ;
#2610 = VECTOR ( 'NONE', #1575, 1000.000000000000000 ) ;
#2611 = CARTESIAN_POINT ( 'NONE',  ( 17.70000000000000284, -15.70000000000000639, 10.00000000000000000 ) ) ;
#2612 = FACE_OUTER_BOUND ( 'NONE', #742, .T. ) ;
#2613 = VERTEX_POINT ( 'NONE', #2854 ) ;
#2614 = CARTESIAN_POINT ( 'NONE',  ( -17.69999999999999574, 9.000000000000000000, 0.000000000000000000 ) ) ;
#2615 = VECTOR ( 'NONE', #2884, 1000.000000000000000 ) ;
#2616 = VERTEX_POINT ( 'NONE', #2431 ) ;
#2617 = AXIS2_PLACEMENT_3D ( 'NONE', #961, #2806, #268 ) ;
#2618 = CARTESIAN_POINT ( 'NONE',  ( -19.10000000000000142, -19.10000000000000497, -10.00000000000000000 ) ) ;
#2619 = AXIS2_PLACEMENT_3D ( 'NONE', #779, #2382, #1025 ) ;
#2620 = EDGE_LOOP ( 'NONE', ( #2723, #1867 ) ) ;
#2621 = DIRECTION ( 'NONE',  ( -1.000000000000000000, 0.000000000000000000, 0.000000000000000000 ) ) ;
#2622 = CARTESIAN_POINT ( 'NONE',  ( 17.70000000000000284, -17.70000000000000284, 8.999999999999992895 ) ) ;
#2623 = CARTESIAN_POINT ( 'NONE',  ( -13.50000000000015454, 9.099999999999861089, 7.499999999999996447 ) ) ;
#2624 = ORIENTED_EDGE ( 'NONE', *, *, #197, .F. ) ;
#2625 = CARTESIAN_POINT ( 'NONE',  ( 17.10000000000000497, 17.10000000000000497, -10.00000000000000000 ) ) ;
#2626 = B_SPLINE_CURVE_WITH_KNOTS ( 'NONE', 3,
 ( #1008, #1271, #765, #2870, #586, #1221, #301, #2370, #2154, #2593 ),
 .UNSPECIFIED., .F., .F.,
 ( 4, 2, 2, 2, 4 ),
 ( 4.336808689942017736E-19, 0.0005853331925781120413, 0.001170666385156223649, 0.001755999577734335257, 0.002341332770312446864 ),
 .UNSPECIFIED. ) ;
#2627 = CARTESIAN_POINT ( 'NONE',  ( 17.69999999999995666, 6.500000000000000000, -1.700000000000000178 ) ) ;
#2628 = EDGE_CURVE ( 'NONE', #838, #1786, #2673, .T. ) ;
#2629 = CARTESIAN_POINT ( 'NONE',  ( -15.69999999999999574, -17.70000000000000639, 8.999999999999992895 ) ) ;
#2630 = EDGE_CURVE ( 'NONE', #552, #1250, #2187, .T. ) ;
#2631 = ORIENTED_EDGE ( 'NONE', *, *, #2144, .F. ) ;
#2632 = DIRECTION ( 'NONE',  ( 1.000000000000000000, -0.000000000000000000, -0.000000000000000000 ) ) ;
#2633 = VECTOR ( 'NONE', #1358, 1000.000000000000000 ) ;
#2634 = AXIS2_PLACEMENT_3D ( 'NONE', #2384, #1934, #1708 ) ;
#2635 = EDGE_LOOP ( 'NONE', ( #659, #1943 ) ) ;
#2636 = CIRCLE ( 'NONE', #1720, 1.500000000000001332 ) ;
#2637 = CARTESIAN_POINT ( 'NONE',  ( -19.10000000000000142, 11.99999999999994138, 5.999999999999985789 ) ) ;
#2638 = ORIENTED_EDGE ( 'NONE', *, *, #505, .T. ) ;
#2639 = LINE ( 'NONE', #565, #1060 ) ;
#2640 = DIRECTION ( 'NONE',  ( 0.000000000000000000, 0.000000000000000000, -1.000000000000000000 ) ) ;
#2641 = CARTESIAN_POINT ( 'NONE',  ( -17.69999999999999574, 15.69999999999999929, 10.00000000000000000 ) ) ;
#2642 = ORIENTED_EDGE ( 'NONE', *, *, #1950, .F. ) ;
#2643 = CARTESIAN_POINT ( 'NONE',  ( -17.69999999999999574, -7.499999999999998224, -4.000000000000002665 ) ) ;
#2644 = CARTESIAN_POINT ( 'NONE',  ( 10.49999999999984546, 9.100000000000111555, 7.499999999999985789 ) ) ;
#2645 = CARTESIAN_POINT ( 'NONE',  ( -14.69999999999999574, -4.500000000000000000, -1.700000000000000178 ) ) ;
#2646 = VERTEX_POINT ( 'NONE', #124 ) ;
#2647 = PLANE ( 'NONE',  #2699 ) ;
#2648 = ADVANCED_FACE ( 'NONE', ( #2867 ), #2199, .F. ) ;
#2649 = EDGE_LOOP ( 'NONE', ( #1224, #1063, #2146, #2602, #2091 ) ) ;
#2650 = AXIS2_PLACEMENT_3D ( 'NONE', #771, #1055, #2388 ) ;
#2651 = ADVANCED_FACE ( 'NONE', ( #1689, #1974 ), #2397, .T. ) ;
#2652 = ADVANCED_FACE ( 'NONE', ( #315 ), #2894, .F. ) ;
#2653 = DIRECTION ( 'NONE',  ( -1.047444401652940007E-14, 1.000000000000000000, -0.000000000000000000 ) ) ;
#2654 = EDGE_LOOP ( 'NONE', ( #2171, #1829, #478, #695, #501 ) ) ;
#2655 = CARTESIAN_POINT ( 'NONE',  ( -15.69999999999999574, -18.70000000000002061, 10.00000000000000000 ) ) ;
#2656 = DIRECTION ( 'NONE',  ( 0.000000000000000000, 1.000000000000000000, 0.000000000000000000 ) ) ;
#2657 = AXIS2_PLACEMENT_3D ( 'NONE', #470, #955, #2997 ) ;
#2658 = CARTESIAN_POINT ( 'NONE',  ( 0.000000000000000000, 0.000000000000000000, 10.00000000000000000 ) ) ;
#2659 = ORIENTED_EDGE ( 'NONE', *, *, #367, .T. ) ;
#2660 = CYLINDRICAL_SURFACE ( 'NONE', #1627, 1.000000000000000000 ) ;
#2661 = DIRECTION ( 'NONE',  ( 0.000000000000000000, 0.000000000000000000, -1.000000000000000000 ) ) ;
#2662 = EDGE_LOOP ( 'NONE', ( #1036, #257, #2444, #1166 ) ) ;
#2663 = DIRECTION ( 'NONE',  ( -0.000000000000000000, 0.000000000000000000, 1.000000000000000000 ) ) ;
#2664 = FACE_OUTER_BOUND ( 'NONE', #2457, .T. ) ;
#2665 = ORIENTED_EDGE ( 'NONE', *, *, #2337, .F. ) ;
#2666 = CIRCLE ( 'NONE', #1509, 1.000000000000000000 ) ;
#2667 = DIRECTION ( 'NONE',  ( -0.000000000000000000, -1.000000000000000000, -0.000000000000000000 ) ) ;
#2668 = VERTEX_POINT ( 'NONE', #584 ) ;
#2669 = EDGE_CURVE ( 'NONE', #1250, #751, #688, .T. ) ;
#2670 = EDGE_CURVE ( 'NONE', #2734, #397, #1721, .T. ) ;
#2671 = DIRECTION ( 'NONE',  ( 0.000000000000000000, -1.000000000000000000, 0.000000000000000000 ) ) ;
#2672 = VECTOR ( 'NONE', #1496, 1000.000000000000000 ) ;
#2673 = LINE ( 'NONE', #1234, #545 ) ;
#2674 = ORIENTED_EDGE ( 'NONE', *, *, #2574, .F. ) ;
#2675 = CARTESIAN_POINT ( 'NONE',  ( -19.10000000000000142, -19.10000000000000497, 10.00000000000000000 ) ) ;
#2676 = CARTESIAN_POINT ( 'NONE',  ( -16.10000000000000142, -9.000000000000000000, 3.903127820947814385E-15 ) ) ;
#2677 = VERTEX_POINT ( 'NONE', #2836 ) ;
#2678 = CARTESIAN_POINT ( 'NONE',  ( 17.70000000000000284, -17.70000000000000284, -4.000000000000000000 ) ) ;
#2679 = DIRECTION ( 'NONE',  ( 1.000000000000000000, 0.000000000000000000, 0.000000000000000000 ) ) ;
#2680 = ORIENTED_EDGE ( 'NONE', *, *, #2447, .T. ) ;
#2681 = VECTOR ( 'NONE', #871, 1000.000000000000000 ) ;
#2682 = CARTESIAN_POINT ( 'NONE',  ( -16.10000000000000142, -6.500000000000000888, -3.999999999999998224 ) ) ;
#2683 = AXIS2_PLACEMENT_3D ( 'NONE', #1094, #1308, #412 ) ;
#2684 = ORIENTED_EDGE ( 'NONE', *, *, #2112, .T. ) ;
#2685 = CARTESIAN_POINT ( 'NONE',  ( -15.69999999999999929, 17.69999999999999574, -2.000000000000000000 ) ) ;
#2686 = VECTOR ( 'NONE', #798, 1000.000000000000000 ) ;
#2687 = EDGE_CURVE ( 'NONE', #1548, #1398, #2169, .T. ) ;
#2688 = EDGE_CURVE ( 'NONE', #1793, #1768, #551, .T. ) ;
#2689 = LINE ( 'NONE', #1081, #244 ) ;
#2690 = ORIENTED_EDGE ( 'NONE', *, *, #2814, .F. ) ;
#2691 = DIRECTION ( 'NONE',  ( 1.000000000000000000, 0.000000000000000000, 0.000000000000000000 ) ) ;
#2692 = EDGE_CURVE ( 'NONE', #1830, #1669, #1514, .T. ) ;
#2693 = CARTESIAN_POINT ( 'NONE',  ( 15.70000000000000639, 15.69999999999999929, -2.000000000000000000 ) ) ;
#2694 = EDGE_LOOP ( 'NONE', ( #2821, #2218, #515, #2642, #1146 ) ) ;
#2695 = DIRECTION ( 'NONE',  ( 1.000000000000000000, 0.000000000000000000, 0.000000000000000000 ) ) ;
#2696 = FACE_OUTER_BOUND ( 'NONE', #510, .T. ) ;
#2697 = ORIENTED_EDGE ( 'NONE', *, *, #1621, .F. ) ;
#2698 = ORIENTED_EDGE ( 'NONE', *, *, #1621, .T. ) ;
#2699 = AXIS2_PLACEMENT_3D ( 'NONE', #559, #2663, #1682 ) ;
#2700 = DIRECTION ( 'NONE',  ( -1.000000000000000000, -1.040834085586084572E-14, 0.000000000000000000 ) ) ;
#2701 = CARTESIAN_POINT ( 'NONE',  ( -19.10000000000000142, -17.10000000000000853, -10.00000000000000000 ) ) ;
#2702 = ORIENTED_EDGE ( 'NONE', *, *, #783, .T. ) ;
#2703 = CIRCLE ( 'NONE', #1404, 2.000000000000001776 ) ;
#2704 = DIRECTION ( 'NONE',  ( -0.000000000000000000, -1.000000000000000000, -0.000000000000000000 ) ) ;
#2705 = VECTOR ( 'NONE', #2863, 1000.000000000000000 ) ;
#2706 = AXIS2_PLACEMENT_3D ( 'NONE', #206, #1157, #220 ) ;
#2707 = CARTESIAN_POINT ( 'NONE',  ( 15.70000000000000639, 17.69999999999999574, 10.00000000000000000 ) ) ;
#2708 = EDGE_LOOP ( 'NONE', ( #2200, #2465, #780, #1558 ) ) ;
#2709 = EDGE_CURVE ( 'NONE', #2978, #1026, #1526, .T. ) ;
#2710 = EDGE_CURVE ( 'NONE', #2767, #2130, #1897, .T. ) ;
#2711 = DIRECTION ( 'NONE',  ( -0.000000000000000000, 0.000000000000000000, -1.000000000000000000 ) ) ;
#2712 = CARTESIAN_POINT ( 'NONE',  ( -16.10000000000000142, 9.000000000000000000, 0.000000000000000000 ) ) ;
#2713 = ORIENTED_EDGE ( 'NONE', *, *, #77, .F. ) ;
#2714 = DIRECTION ( 'NONE',  ( -1.000000000000000000, -9.800697604388740006E-17, 0.000000000000000000 ) ) ;
#2715 = ORIENTED_EDGE ( 'NONE', *, *, #1043, .T. ) ;
#2716 = LINE ( 'NONE', #645, #1386 ) ;
#2717 = CIRCLE ( 'NONE', #1463, 0.7500000000000002220 ) ;
#2718 = DIRECTION ( 'NONE',  ( 0.000000000000000000, 1.000000000000000000, 0.000000000000000000 ) ) ;
#2719 = ORIENTED_EDGE ( 'NONE', *, *, #1137, .T. ) ;
#2720 = VECTOR ( 'NONE', #763, 1000.000000000000000 ) ;
#2721 = DIRECTION ( 'NONE',  ( -1.000000000000000000, 0.000000000000000000, 0.000000000000000000 ) ) ;
#2722 = DIRECTION ( 'NONE',  ( 0.000000000000000000, 0.000000000000000000, -1.000000000000000000 ) ) ;
#2723 = ORIENTED_EDGE ( 'NONE', *, *, #61, .F. ) ;
#2724 = LINE ( 'NONE', #198, #2029 ) ;
#2725 = EDGE_CURVE ( 'NONE', #2489, #1963, #299, .T. ) ;
#2726 = EDGE_CURVE ( 'NONE', #2376, #1323, #98, .T. ) ;
#2727 = CARTESIAN_POINT ( 'NONE',  ( 19.10000000000000142, -19.10000000000000142, 10.00000000000000000 ) ) ;
#2728 = ORIENTED_EDGE ( 'NONE', *, *, #1743, .T. ) ;
#2729 = DIRECTION ( 'NONE',  ( 0.000000000000000000, 0.000000000000000000, -1.000000000000000000 ) ) ;
#2730 = ORIENTED_EDGE ( 'NONE', *, *, #272, .F. ) ;
#2731 = LINE ( 'NONE', #660, #849 ) ;
#2732 = VECTOR ( 'NONE', #298, 1000.000000000000000 ) ;
#2733 = DIRECTION ( 'NONE',  ( 0.000000000000000000, 0.000000000000000000, 1.000000000000000000 ) ) ;
#2734 = VERTEX_POINT ( 'NONE', #2881 ) ;
#2735 = DIRECTION ( 'NONE',  ( -0.000000000000000000, 1.000000000000000000, -0.000000000000000000 ) ) ;
#2736 = CARTESIAN_POINT ( 'NONE',  ( -14.10000000000000142, -9.750000000000000000, 0.000000000000000000 ) ) ;
#2737 = EDGE_LOOP ( 'NONE', ( #1373, #596, #1754, #168 ) ) ;
#2738 = ORIENTED_EDGE ( 'NONE', *, *, #2669, .F. ) ;
#2739 = PLANE ( 'NONE',  #68 ) ;
#2740 = DIRECTION ( 'NONE',  ( -0.000000000000000000, 0.000000000000000000, -1.000000000000000000 ) ) ;
#2741 = EDGE_LOOP ( 'NONE', ( #2868, #770 ) ) ;
#2742 = CARTESIAN_POINT ( 'NONE',  ( -15.69999999999999929, 15.69999999999999929, 10.00000000000000000 ) ) ;
#2743 = PRODUCT_RELATED_PRODUCT_CATEGORY ( 'part', '', ( #768 ) ) ;
#2744 = APPLICATION_PROTOCOL_DEFINITION ( 'draft international standard', 'automotive_design', 1998, #449 ) ;
#2745 = EDGE_LOOP ( 'NONE', ( #2738, #1808, #1460, #1337 ) ) ;
#2746 = ADVANCED_FACE ( 'NONE', ( #812 ), #2492, .T. ) ;
#2747 = EDGE_CURVE ( 'NONE', #1258, #2177, #189, .T. ) ;
#2748 = DIRECTION ( 'NONE',  ( 9.800697604388740006E-17, -1.000000000000000000, 0.000000000000000000 ) ) ;
#2749 = ORIENTED_EDGE ( 'NONE', *, *, #2468, .T. ) ;
#2750 = DIRECTION ( 'NONE',  ( 1.000000000000000000, -0.000000000000000000, -0.000000000000000000 ) ) ;
#2751 = DIRECTION ( 'NONE',  ( -0.000000000000000000, 1.000000000000000000, -0.000000000000000000 ) ) ;
#2752 = ORIENTED_EDGE ( 'NONE', *, *, #7, .T. ) ;
#2753 = PLANE ( 'NONE',  #1645 ) ;
#2754 = AXIS2_PLACEMENT_3D ( 'NONE', #1565, #1549, #2471 ) ;
#2755 = DIRECTION ( 'NONE',  ( 0.7071067811865500152, 0.000000000000000000, 0.7071067811865451302 ) ) ;
#2756 = EDGE_LOOP ( 'NONE', ( #2289, #1790, #309, #1620 ) ) ;
#2757 = DIRECTION ( 'NONE',  ( 0.000000000000000000, 0.000000000000000000, -1.000000000000000000 ) ) ;
#2758 = VERTEX_POINT ( 'NONE', #2477 ) ;
#2759 = DIRECTION ( 'NONE',  ( -0.000000000000000000, 0.000000000000000000, -1.000000000000000000 ) ) ;
#2760 = EDGE_CURVE ( 'NONE', #931, #79, #869, .T. ) ;
#2761 = EDGE_CURVE ( 'NONE', #366, #2913, #1774, .T. ) ;
#2762 = EDGE_LOOP ( 'NONE', ( #1877, #3 ) ) ;
#2763 = CARTESIAN_POINT ( 'NONE',  ( 0.000000000000000000, 0.000000000000000000, -4.000000000000000000 ) ) ;
#2764 = VECTOR ( 'NONE', #1238, 1000.000000000000000 ) ;
#2765 = AXIS2_PLACEMENT_3D ( 'NONE', #2174, #1011, #969 ) ;
#2766 = CARTESIAN_POINT ( 'NONE',  ( -12.00000000000025935, 19.09999999999987708, 7.499999999999996447 ) ) ;
#2767 = VERTEX_POINT ( 'NONE', #885 ) ;
#2768 = DIRECTION ( 'NONE',  ( -1.000000000000000000, -9.082321863752916905E-17, 0.000000000000000000 ) ) ;
#2769 = CIRCLE ( 'NONE', #1125, 0.7500000000000002220 ) ;
#2770 = DIRECTION ( 'NONE',  ( 1.000000000000000000, 0.000000000000000000, 0.000000000000000000 ) ) ;
#2771 = ORIENTED_EDGE ( 'NONE', *, *, #2129, .T. ) ;
#2772 = DIRECTION ( 'NONE',  ( -0.000000000000000000, -0.000000000000000000, 1.000000000000000000 ) ) ;
#2773 = VERTEX_POINT ( 'NONE', #142 ) ;
#2774 = DIRECTION ( 'NONE',  ( 0.000000000000000000, 0.000000000000000000, 1.000000000000000000 ) ) ;
#2775 = LINE ( 'NONE', #1701, #2993 ) ;
#2776 = CARTESIAN_POINT ( 'NONE',  ( 17.70000000000000284, 17.69999999999999574, -4.000000000000000000 ) ) ;
#2777 = EDGE_CURVE ( 'NONE', #1334, #1046, #1341, .T. ) ;
#2778 = AXIS2_PLACEMENT_3D ( 'NONE', #1424, #1646, #2548 ) ;
#2779 = DIRECTION ( 'NONE',  ( 0.000000000000000000, 0.000000000000000000, 1.000000000000000000 ) ) ;
#2780 = CIRCLE ( 'NONE', #2248, 1.500000000000001332 ) ;
#2781 = VERTEX_POINT ( 'NONE', #1309 ) ;
#2782 = FACE_BOUND ( 'NONE', #2741, .T. ) ;
#2783 = EDGE_CURVE ( 'NONE', #2265, #2299, #2689, .T. ) ;
#2784 = DIRECTION ( 'NONE',  ( 0.000000000000000000, 0.000000000000000000, -1.000000000000000000 ) ) ;
#2785 = LINE ( 'NONE', #246, #1556 ) ;
#2786 = ORIENTED_EDGE ( 'NONE', *, *, #1044, .T. ) ;
#2787 = CARTESIAN_POINT ( 'NONE',  ( -13.49999999999991118, -9.100000000000049383, 7.499999999999985789 ) ) ;
#2788 = ORIENTED_EDGE ( 'NONE', *, *, #947, .T. ) ;
#2789 = CARTESIAN_POINT ( 'NONE',  ( -9.100000000000001421, 11.99999999999994138, 5.999999999999985789 ) ) ;
#2790 = CARTESIAN_POINT ( 'NONE',  ( -17.69999999999999574, -17.70000000000000639, 4.000000000000001776 ) ) ;
#2791 = DIRECTION ( 'NONE',  ( 1.000000000000000000, 0.000000000000000000, -0.000000000000000000 ) ) ;
#2792 = EDGE_LOOP ( 'NONE', ( #2241, #2537 ) ) ;
#2793 = AXIS2_PLACEMENT_3D ( 'NONE', #2206, #2374, #2403 ) ;
#2794 = CARTESIAN_POINT ( 'NONE',  ( -10.00000000000000000, -6.982962677686266711E-14, -10.00000000000000000 ) ) ;
#2795 = DIRECTION ( 'NONE',  ( -1.000000000000000000, 0.000000000000000000, -0.000000000000000000 ) ) ;
#2796 = EDGE_CURVE ( 'NONE', #2613, #1830, #2229, .T. ) ;
#2797 = DIRECTION ( 'NONE',  ( -1.000000000000000000, 0.000000000000000000, 0.000000000000000000 ) ) ;
#2798 = EDGE_CURVE ( 'NONE', #2307, #437, #2034, .T. ) ;
#2799 = VERTEX_POINT ( 'NONE', #413 ) ;
#2800 = CARTESIAN_POINT ( 'NONE',  ( 12.70000000000002416, -4.499999999999920064, -4.000000000000000000 ) ) ;
#2801 = VECTOR ( 'NONE', #2968, 1000.000000000000000 ) ;
#2802 = ORIENTED_EDGE ( 'NONE', *, *, #1056, .F. ) ;
#2803 = VERTEX_POINT ( 'NONE', #2956 ) ;
#2804 = DIRECTION ( 'NONE',  ( -1.000000000000000000, 0.000000000000000000, 0.000000000000000000 ) ) ;
#2805 = DIRECTION ( 'NONE',  ( 1.000000000000000000, 0.000000000000000000, 0.000000000000000000 ) ) ;
#2806 = DIRECTION ( 'NONE',  ( -0.000000000000000000, 0.000000000000000000, -1.000000000000000000 ) ) ;
#2807 = ORIENTED_EDGE ( 'NONE', *, *, #2240, .T. ) ;
#2808 = AXIS2_PLACEMENT_3D ( 'NONE', #2269, #1348, #183 ) ;
#2809 =( NAMED_UNIT ( * ) SI_UNIT ( $, .STERADIAN. ) SOLID_ANGLE_UNIT ( ) );
#2810 = FACE_OUTER_BOUND ( 'NONE', #895, .T. ) ;
#2811 = VERTEX_POINT ( 'NONE', #2701 ) ;
#2812 = CARTESIAN_POINT ( 'NONE',  ( -16.10000000000000142, 10.49999999999999822, 0.000000000000000000 ) ) ;
#2813 = CIRCLE ( 'NONE', #445, 1.500000000000001332 ) ;
#2814 = EDGE_CURVE ( 'NONE', #625, #1768, #2090, .T. ) ;
#2815 = ADVANCED_FACE ( 'NONE', ( #2259 ), #1792, .T. ) ;
#2816 = ORIENTED_EDGE ( 'NONE', *, *, #892, .T. ) ;
#2817 = EDGE_LOOP ( 'NONE', ( #1819, #1162, #139, #1275 ) ) ;
#2818 = DIRECTION ( 'NONE',  ( 0.000000000000000000, 0.000000000000000000, -1.000000000000000000 ) ) ;
#2819 = DIRECTION ( 'NONE',  ( -1.000000000000000000, 0.000000000000000000, 0.000000000000000000 ) ) ;
#2820 = DIRECTION ( 'NONE',  ( -1.000000000000000000, 1.864827736675067626E-14, 0.000000000000000000 ) ) ;
#2821 = ORIENTED_EDGE ( 'NONE', *, *, #2709, .T. ) ;
#2822 = DIRECTION ( 'NONE',  ( -1.047444401652940007E-14, 1.000000000000000000, -0.000000000000000000 ) ) ;
#2823 = VECTOR ( 'NONE', #1631, 1000.000000000000000 ) ;
#2824 = AXIS2_PLACEMENT_3D ( 'NONE', #1528, #161, #1099 ) ;
#2825 = DIRECTION ( 'NONE',  ( 0.000000000000000000, -0.000000000000000000, 1.000000000000000000 ) ) ;
#2826 = DIRECTION ( 'NONE',  ( -0.000000000000000000, 0.000000000000000000, 1.000000000000000000 ) ) ;
#2827 = EDGE_LOOP ( 'NONE', ( #1824, #2876, #1987, #2246 ) ) ;
#2828 = PLANE ( 'NONE',  #1203 ) ;
#2829 = ORIENTED_EDGE ( 'NONE', *, *, #1003, .T. ) ;
#2830 = ADVANCED_FACE ( 'NONE', ( #379 ), #159, .F. ) ;
#2831 = ORIENTED_EDGE ( 'NONE', *, *, #1799, .T. ) ;
#2832 = EDGE_CURVE ( 'NONE', #2379, #890, #729, .T. ) ;
#2833 = EDGE_CURVE ( 'NONE', #2253, #1429, #1784, .T. ) ;
#2834 = DIRECTION ( 'NONE',  ( 0.000000000000000000, 0.000000000000000000, 1.000000000000000000 ) ) ;
#2835 = FACE_OUTER_BOUND ( 'NONE', #2817, .T. ) ;
#2836 = CARTESIAN_POINT ( 'NONE',  ( -16.10000000000000142, 6.500000000000000000, -1.700000000000000178 ) ) ;
#2837 = VERTEX_POINT ( 'NONE', #661 ) ;
#2838 = DIRECTION ( 'NONE',  ( 0.000000000000000000, 0.000000000000000000, 1.000000000000000000 ) ) ;
#2839 = CIRCLE ( 'NONE', #1639, 2.049999999999999822 ) ;
#2840 = DIRECTION ( 'NONE',  ( -0.000000000000000000, -0.000000000000000000, -1.000000000000000000 ) ) ;
#2841 = CYLINDRICAL_SURFACE ( 'NONE', #2765, 2.000000000000001776 ) ;
#2842 = VERTEX_POINT ( 'NONE', #1583 ) ;
#2843 = DIRECTION ( 'NONE',  ( 3.491481338843133355E-15, -1.000000000000000000, 0.000000000000000000 ) ) ;
#2844 = ORIENTED_EDGE ( 'NONE', *, *, #1837, .F. ) ;
#2845 = AXIS2_PLACEMENT_3D ( 'NONE', #1644, #2974, #460 ) ;
#2846 = AXIS2_PLACEMENT_3D ( 'NONE', #3013, #1893, #726 ) ;
#2847 = AXIS2_PLACEMENT_3D ( 'NONE', #646, #172, #842 ) ;
#2848 = STYLED_ITEM ( 'NONE', ( #1574 ), #746 ) ;
#2849 = ORIENTED_EDGE ( 'NONE', *, *, #2923, .F. ) ;
#2850 = FACE_BOUND ( 'NONE', #1576, .T. ) ;
#2851 = DIRECTION ( 'NONE',  ( 0.000000000000000000, 0.000000000000000000, -1.000000000000000000 ) ) ;
#2852 = EDGE_CURVE ( 'NONE', #2891, #1046, #1928, .T. ) ;
#2853 = EDGE_CURVE ( 'NONE', #2873, #774, #1745, .T. ) ;
#2854 = CARTESIAN_POINT ( 'NONE',  ( -19.10000000000000142, 7.500000000000001776, -3.000000000000000888 ) ) ;
#2855 = LINE ( 'NONE', #1722, #158 ) ;
#2856 = DIRECTION ( 'NONE',  ( 1.000000000000000000, -0.000000000000000000, -0.000000000000000000 ) ) ;
#2857 = DIRECTION ( 'NONE',  ( 0.000000000000000000, -0.000000000000000000, 1.000000000000000000 ) ) ;
#2858 = ORIENTED_EDGE ( 'NONE', *, *, #691, .T. ) ;
#2859 = CARTESIAN_POINT ( 'NONE',  ( -17.10000000000000853, 19.10000000000000142, -10.00000000000000000 ) ) ;
#2860 = CIRCLE ( 'NONE', #2038, 1.500000000000001332 ) ;
#2861 = ORIENTED_EDGE ( 'NONE', *, *, #2304, .F. ) ;
#2862 = AXIS2_PLACEMENT_3D ( 'NONE', #1676, #2591, #521 ) ;
#2863 = DIRECTION ( 'NONE',  ( 1.000000000000000000, 4.440892098500619220E-14, -0.000000000000000000 ) ) ;
#2864 = ORIENTED_EDGE ( 'NONE', *, *, #289, .T. ) ;
#2865 = DIRECTION ( 'NONE',  ( -1.000000000000000000, 0.000000000000000000, 0.000000000000000000 ) ) ;
#2866 = DIRECTION ( 'NONE',  ( -0.7071067811865451302, 0.000000000000000000, 0.7071067811865500152 ) ) ;
#2867 = FACE_OUTER_BOUND ( 'NONE', #630, .T. ) ;
#2868 = ORIENTED_EDGE ( 'NONE', *, *, #519, .F. ) ;
#2869 = EDGE_CURVE ( 'NONE', #2473, #149, #824, .T. ) ;
#2870 = CARTESIAN_POINT ( 'NONE',  ( -16.94091688108761673, 7.327524453722516817, -3.579487566269583976 ) ) ;
#2871 = DIRECTION ( 'NONE',  ( 0.000000000000000000, 0.000000000000000000, 1.000000000000000000 ) ) ;
#2872 = FACE_OUTER_BOUND ( 'NONE', #36, .T. ) ;
#2873 = VERTEX_POINT ( 'NONE', #1062 ) ;
#2874 = EDGE_CURVE ( 'NONE', #797, #2811, #2877, .T. ) ;
#2875 = CARTESIAN_POINT ( 'NONE',  ( -15.69999999999999929, -15.70000000000000995, -2.000000000000000000 ) ) ;
#2876 = ORIENTED_EDGE ( 'NONE', *, *, #1471, .F. ) ;
#2877 = LINE ( 'NONE', #2618, #479 ) ;
#2878 = ORIENTED_EDGE ( 'NONE', *, *, #2094, .T. ) ;
#2879 = CARTESIAN_POINT ( 'NONE',  ( -7.950000000000000178, -6.957857418303746131E-14, -10.00000000000000000 ) ) ;
#2880 = DIRECTION ( 'NONE',  ( -0.000000000000000000, -0.000000000000000000, 1.000000000000000000 ) ) ;
#2881 = CARTESIAN_POINT ( 'NONE',  ( -13.50000000000024691, 17.69999999999999574, 7.499999999999996447 ) ) ;
#2882 = VERTEX_POINT ( 'NONE', #1278 ) ;
#2883 = DIRECTION ( 'NONE',  ( -0.000000000000000000, 0.000000000000000000, 1.000000000000000000 ) ) ;
#2884 = DIRECTION ( 'NONE',  ( -0.000000000000000000, -0.000000000000000000, -1.000000000000000000 ) ) ;
#2885 = EDGE_LOOP ( 'NONE', ( #2920, #2486, #568, #2387 ) ) ;
#2886 = DIRECTION ( 'NONE',  ( -0.000000000000000000, 0.000000000000000000, -1.000000000000000000 ) ) ;
#2887 = ADVANCED_FACE ( 'NONE', ( #1730 ), #1596, .F. ) ;
#2888 = ADVANCED_FACE ( 'NONE', ( #792 ), #2224, .T. ) ;
#2889 = ORIENTED_EDGE ( 'NONE', *, *, #22, .F. ) ;
#2890 = DIRECTION ( 'NONE',  ( 1.000000000000000000, 0.000000000000000000, 0.000000000000000000 ) ) ;
#2891 = VERTEX_POINT ( 'NONE', #2637 ) ;
#2892 = PLANE ( 'NONE',  #2298 ) ;
#2893 = AXIS2_PLACEMENT_3D ( 'NONE', #653, #1820, #1577 ) ;
#2894 = PLANE ( 'NONE',  #928 ) ;
#2895 = ORIENTED_EDGE ( 'NONE', *, *, #197, .T. ) ;
#2896 = CARTESIAN_POINT ( 'NONE',  ( -15.69999999999999929, 15.69999999999999929, -4.000000000000000000 ) ) ;
#2897 = CARTESIAN_POINT ( 'NONE',  ( 15.70000000000000639, -15.70000000000000639, -4.000000000000000000 ) ) ;
#2898 = VERTEX_POINT ( 'NONE', #1520 ) ;
#2899 = CARTESIAN_POINT ( 'NONE',  ( -18.70000000000001350, 15.69999999999999929, 10.00000000000000000 ) ) ;
#2900 = CARTESIAN_POINT ( 'NONE',  ( -16.10000000000000142, -7.499999999999996447, 4.000000000000000888 ) ) ;
#2901 = ORIENTED_EDGE ( 'NONE', *, *, #913, .F. ) ;
#2902 = VECTOR ( 'NONE', #997, 1000.000000000000000 ) ;
#2903 = ADVANCED_FACE ( 'NONE', ( #563 ), #373, .F. ) ;
#2904 = EDGE_CURVE ( 'NONE', #1527, #1258, #311, .T. ) ;
#2905 = CARTESIAN_POINT ( 'NONE',  ( -14.69999999999999574, -4.500000000000000000, -4.000000000000000000 ) ) ;
#2906 = CIRCLE ( 'NONE', #1270, 1.500000000000000000 ) ;
#2907 = ORIENTED_EDGE ( 'NONE', *, *, #1855, .F. ) ;
#2908 = FACE_OUTER_BOUND ( 'NONE', #2708, .T. ) ;
#2909 = DIRECTION ( 'NONE',  ( 0.000000000000000000, -0.000000000000000000, 1.000000000000000000 ) ) ;
#2910 = ORIENTED_EDGE ( 'NONE', *, *, #1242, .F. ) ;
#2911 = CARTESIAN_POINT ( 'NONE',  ( 1.538709523889033182E-15, -15.70000000000000995, -4.000000000000000000 ) ) ;
#2912 = CARTESIAN_POINT ( 'NONE',  ( -9.100000000000001421, 11.99999999999994138, 7.499999999999985789 ) ) ;
#2913 = VERTEX_POINT ( 'NONE', #1504 ) ;
#2914 = DIRECTION ( 'NONE',  ( 9.800697604388740006E-17, -1.000000000000000000, 0.000000000000000000 ) ) ;
#2915 = DIRECTION ( 'NONE',  ( -0.000000000000000000, 0.000000000000000000, 1.000000000000000000 ) ) ;
#2916 = EDGE_LOOP ( 'NONE', ( #1293, #1772, #173, #323 ) ) ;
#2917 = VECTOR ( 'NONE', #2352, 1000.000000000000000 ) ;
#2918 = DIRECTION ( 'NONE',  ( -1.000000000000000000, 0.000000000000000000, 0.000000000000000000 ) ) ;
#2919 = VECTOR ( 'NONE', #2656, 1000.000000000000000 ) ;
#2920 = ORIENTED_EDGE ( 'NONE', *, *, #2943, .F. ) ;
#2921 = CARTESIAN_POINT ( 'NONE',  ( -17.69999999999999574, -9.000000000000000000, 0.7500000000000041078 ) ) ;
#2922 = CIRCLE ( 'NONE', #1695, 2.000000000000001776 ) ;
#2923 = EDGE_CURVE ( 'NONE', #990, #2415, #837, .T. ) ;
#2924 = ADVANCED_FACE ( 'NONE', ( #1475 ), #1757, .F. ) ;
#2925 = DIRECTION ( 'NONE',  ( -0.000000000000000000, 1.000000000000000000, -0.000000000000000000 ) ) ;
#2926 = VERTEX_POINT ( 'NONE', #108 ) ;
#2927 = DIRECTION ( 'NONE',  ( -1.000000000000000000, 0.000000000000000000, 0.000000000000000000 ) ) ;
#2928 = DIRECTION ( 'NONE',  ( 0.000000000000000000, 0.000000000000000000, 1.000000000000000000 ) ) ;
#2929 = ORIENTED_EDGE ( 'NONE', *, *, #486, .T. ) ;
#2930 = CARTESIAN_POINT ( 'NONE',  ( 15.70000000000000639, -15.70000000000000639, 10.00000000000000000 ) ) ;
#2931 = CARTESIAN_POINT ( 'NONE',  ( -14.10000000000000142, -8.249999999999998224, 0.000000000000000000 ) ) ;
#2932 = EDGE_LOOP ( 'NONE', ( #2624, #2132, #217, #2284 ) ) ;
#2933 = DIRECTION ( 'NONE',  ( 0.000000000000000000, -0.7071067811865500152, -0.7071067811865451302 ) ) ;
#2934 = CARTESIAN_POINT ( 'NONE',  ( -15.69999999999999574, -15.70000000000000995, 8.999999999999992895 ) ) ;
#2935 = ORIENTED_EDGE ( 'NONE', *, *, #912, .F. ) ;
#2936 = CIRCLE ( 'NONE', #2560, 1.499999999999999556 ) ;
#2937 = DIRECTION ( 'NONE',  ( 0.000000000000000000, 1.000000000000000000, 0.000000000000000000 ) ) ;
#2938 = CARTESIAN_POINT ( 'NONE',  ( 19.10000000000000142, -19.10000000000000142, 10.00000000000000000 ) ) ;
#2939 = ORIENTED_EDGE ( 'NONE', *, *, #947, .F. ) ;
#2940 = AXIS2_PLACEMENT_3D ( 'NONE', #810, #2254, #1732 ) ;
#2941 = LINE ( 'NONE', #2675, #1329 ) ;
#2942 = EDGE_CURVE ( 'NONE', #1349, #1906, #2195, .T. ) ;
#2943 = EDGE_CURVE ( 'NONE', #2767, #2041, #1971, .T. ) ;
#2944 = DIRECTION ( 'NONE',  ( -1.000000000000000000, 0.000000000000000000, 0.000000000000000000 ) ) ;
#2945 = ORIENTED_EDGE ( 'NONE', *, *, #1744, .F. ) ;
#2946 = LINE ( 'NONE', #2266, #1788 ) ;
#2947 = DIRECTION ( 'NONE',  ( 1.000000000000000000, 0.000000000000000000, 0.000000000000000000 ) ) ;
#2948 = ORIENTED_EDGE ( 'NONE', *, *, #387, .T. ) ;
#2949 =( GEOMETRIC_REPRESENTATION_CONTEXT ( 3 ) GLOBAL_UNCERTAINTY_ASSIGNED_CONTEXT ( ( #1813 ) ) GLOBAL_UNIT_ASSIGNED_CONTEXT ( ( #682, #1371, #910 ) ) REPRESENTATION_CONTEXT ( 'NONE', 'WORKASPACE' ) );
#2950 = FACE_OUTER_BOUND ( 'NONE', #1458, .T. ) ;
#2951 = DIRECTION ( 'NONE',  ( -0.000000000000000000, -0.000000000000000000, 1.000000000000000000 ) ) ;
#2952 = ORIENTED_EDGE ( 'NONE', *, *, #2796, .T. ) ;
#2953 = VECTOR ( 'NONE', #1104, 1000.000000000000000 ) ;
#2954 = CARTESIAN_POINT ( 'NONE',  ( -15.69999999999999929, 18.70000000000001350, 10.00000000000000000 ) ) ;
#2955 = AXIS2_PLACEMENT_3D ( 'NONE', #2595, #1031, #1953 ) ;
#2956 = CARTESIAN_POINT ( 'NONE',  ( -17.69999999999999574, -15.70000000000000995, 8.999999999999992895 ) ) ;
#2957 = ORIENTED_EDGE ( 'NONE', *, *, #2463, .F. ) ;
#2958 = CIRCLE ( 'NONE', #2617, 2.000000000000001776 ) ;
#2959 = CARTESIAN_POINT ( 'NONE',  ( 11.99999999999984546, 9.100000000000127542, 7.499999999999985789 ) ) ;
#2960 = CARTESIAN_POINT ( 'NONE',  ( -17.69999999999999574, 9.000000000000000000, 0.7500000000000002220 ) ) ;
#2961 = VERTEX_POINT ( 'NONE', #1017 ) ;
#2962 = ORIENTED_EDGE ( 'NONE', *, *, #579, .F. ) ;
#2963 = DIRECTION ( 'NONE',  ( 1.000000000000000000, 0.000000000000000000, 0.000000000000000000 ) ) ;
#2964 = EDGE_CURVE ( 'NONE', #2811, #1671, #137, .T. ) ;
#2965 = FACE_OUTER_BOUND ( 'NONE', #546, .T. ) ;
#2966 = EDGE_CURVE ( 'NONE', #2307, #714, #578, .T. ) ;
#2967 = ORIENTED_EDGE ( 'NONE', *, *, #115, .T. ) ;
#2968 = DIRECTION ( 'NONE',  ( 0.000000000000000000, -1.000000000000000000, 0.000000000000000000 ) ) ;
#2969 = VERTEX_POINT ( 'NONE', #1244 ) ;
#2970 = CARTESIAN_POINT ( 'NONE',  ( -9.100000000000001421, -12.00000000000005862, 8.999999999999998224 ) ) ;
#2971 = CIRCLE ( 'NONE', #2375, 1.500000000000000444 ) ;
#2972 = AXIS2_PLACEMENT_3D ( 'NONE', #795, #1961, #2381 ) ;
#2973 = CARTESIAN_POINT ( 'NONE',  ( -9.100000000000001421, 11.99999999999994138, 8.999999999999987566 ) ) ;
#2974 = DIRECTION ( 'NONE',  ( 0.000000000000000000, -0.000000000000000000, 1.000000000000000000 ) ) ;
#2975 = FACE_OUTER_BOUND ( 'NONE', #2662, .T. ) ;
#2976 = SPHERICAL_SURFACE ( 'NONE', #2428, 2.000000000000000000 ) ;
#2977 = ORIENTED_EDGE ( 'NONE', *, *, #2853, .F. ) ;
#2978 = VERTEX_POINT ( 'NONE', #2682 ) ;
#2979 = CARTESIAN_POINT ( 'NONE',  ( -19.10000000000000142, 17.10000000000000497, 10.00000000000000000 ) ) ;
#2980 = CYLINDRICAL_SURFACE ( 'NONE', #587, 2.000000000000000000 ) ;
#2981 = ORIENTED_EDGE ( 'NONE', *, *, #2319, .F. ) ;
#2982 = CARTESIAN_POINT ( 'NONE',  ( -17.10000000000000853, -19.10000000000000497, 10.00000000000000000 ) ) ;
#2983 = EDGE_CURVE ( 'NONE', #1939, #2677, #2161, .T. ) ;
#2984 = ADVANCED_FACE ( 'NONE', ( #2408 ), #1292, .F. ) ;
#2985 = ORIENTED_EDGE ( 'NONE', *, *, #577, .F. ) ;
#2986 = CARTESIAN_POINT ( 'NONE',  ( -17.69999999999999574, -12.00000000000005862, 8.999999999999992895 ) ) ;
#2987 = CARTESIAN_POINT ( 'NONE',  ( -19.10000000000000142, 7.500000000000003553, 3.000000000000000000 ) ) ;
#2988 = DIRECTION ( 'NONE',  ( -0.000000000000000000, 0.000000000000000000, -1.000000000000000000 ) ) ;
#2989 = AXIS2_PLACEMENT_3D ( 'NONE', #2589, #2804, #1020 ) ;
#2990 = CARTESIAN_POINT ( 'NONE',  ( -17.69999999999999574, -6.499999999999995559, 3.000000000000000888 ) ) ;
#2991 = VERTEX_POINT ( 'NONE', #439 ) ;
#2992 = CARTESIAN_POINT ( 'NONE',  ( -15.69999999999999574, -18.70000000000002416, 10.00000000000000000 ) ) ;
#2993 = VECTOR ( 'NONE', #760, 1000.000000000000000 ) ;
#2994 = CIRCLE ( 'NONE', #2754, 2.000000000000000000 ) ;
#2995 = DIRECTION ( 'NONE',  ( -1.000000000000000000, -4.423544863740858091E-14, 0.000000000000000000 ) ) ;
#2996 = ORIENTED_EDGE ( 'NONE', *, *, #78, .T. ) ;
#2997 = DIRECTION ( 'NONE',  ( 0.000000000000000000, -0.000000000000000000, -1.000000000000000000 ) ) ;
#2998 = ORIENTED_EDGE ( 'NONE', *, *, #1114, .T. ) ;
#2999 = EDGE_CURVE ( 'NONE', #2803, #697, #1109, .T. ) ;
#3000 = CYLINDRICAL_SURFACE ( 'NONE', #1865, 0.7500000000000002220 ) ;
#3001 = AXIS2_PLACEMENT_3D ( 'NONE', #2712, #2236, #639 ) ;
#3002 = ADVANCED_FACE ( 'NONE', ( #1550 ), #2273, .F. ) ;
#3003 = VERTEX_POINT ( 'NONE', #657 ) ;
#3004 = PLANE ( 'NONE',  #2004 ) ;
#3005 = AXIS2_PLACEMENT_3D ( 'NONE', #2097, #1449, #2820 ) ;
#3006 = DIRECTION ( 'NONE',  ( 0.000000000000000000, 0.000000000000000000, 1.000000000000000000 ) ) ;
#3007 = ORIENTED_EDGE ( 'NONE', *, *, #78, .F. ) ;
#3008 = FACE_BOUND ( 'NONE', #269, .T. ) ;
#3009 = VECTOR ( 'NONE', #2051, 1000.000000000000000 ) ;
#3010 = DIRECTION ( 'NONE',  ( 0.000000000000000000, 1.000000000000000000, -0.000000000000000000 ) ) ;
#3011 = LINE ( 'NONE', #2114, #1607 ) ;
#3012 = ORIENTED_EDGE ( 'NONE', *, *, #447, .F. ) ;
#3013 = CARTESIAN_POINT ( 'NONE',  ( -19.10000000000000142, 9.000000000000000000, 0.000000000000000000 ) ) ;
ENDSEC;
END-ISO-10303-21;
