ISO-10303-21;
HEADER;
FILE_DESCRIPTION (( 'STEP AP214' ),
    '1' );
FILE_NAME ('LQ26-05HGI-01-001.STEP',
    '2026-05-07T08:55:11',
    ( '' ),
    ( '' ),
    'SwSTEP 2.0',
    'SolidWorks 2025',
    '' );
FILE_SCHEMA (( 'AUTOMOTIVE_DESIGN' ));
ENDSEC;

DATA;
#1 = EDGE_LOOP ( 'NONE', ( #2342, #878, #232, #2228 ) ) ;
#2 = DIRECTION ( 'NONE',  ( 1.000000000000000000, 0.000000000000000000, 0.000000000000000000 ) ) ;
#3 = VERTEX_POINT ( 'NONE', #592 ) ;
#4 = PLANE ( 'NONE',  #155 ) ;
#5 = DIRECTION ( 'NONE',  ( -2.118732721235209962E-16, 0.7071067811865481278, -0.7071067811865469066 ) ) ;
#6 = EDGE_CURVE ( 'NONE', #1456, #598, #2896, .T. ) ;
#7 = ADVANCED_FACE ( 'NONE', ( #2951, #2243 ), #2470, .F. ) ;
#8 = EDGE_LOOP ( 'NONE', ( #1240, #1922, #96, #2474 ) ) ;
#9 = DIRECTION ( 'NONE',  ( -8.920979878885375218E-17, 0.7071067811865536790, -0.7071067811865413555 ) ) ;
#10 = DIRECTION ( 'NONE',  ( 0.000000000000000000, 0.7071067811865469066, 0.7071067811865482389 ) ) ;
#11 = DIRECTION ( 'NONE',  ( -1.000000000000000000, -2.996340549414485340E-16, -1.807003620809173954E-17 ) ) ;
#12 = DIRECTION ( 'NONE',  ( -1.000000000000000000, 0.000000000000000000, 0.000000000000000000 ) ) ;
#13 = VERTEX_POINT ( 'NONE', #828 ) ;
#14 = EDGE_LOOP ( 'NONE', ( #2010, #2870 ) ) ;
#15 = LINE ( 'NONE', #1972, #932 ) ;
#16 = CARTESIAN_POINT ( 'NONE',  ( 7.499999999999998224, 5.000000000000005329, 4.999999999999996447 ) ) ;
#17 = VERTEX_POINT ( 'NONE', #345 ) ;
#18 = CARTESIAN_POINT ( 'NONE',  ( 8.453414330924861275, -4.825834261322596852, -5.174165738677387161 ) ) ;
#19 = AXIS2_PLACEMENT_3D ( 'NONE', #2454, #2156, #737 ) ;
#20 = EDGE_CURVE ( 'NONE', #1132, #1264, #1279, .T. ) ;
#21 = EDGE_CURVE ( 'NONE', #2895, #2005, #1491, .T. ) ;
#22 = DIRECTION ( 'NONE',  ( -0.000000000000000000, -0.000000000000000000, 1.000000000000000000 ) ) ;
#23 = ORIENTED_EDGE ( 'NONE', *, *, #291, .F. ) ;
#24 = ORIENTED_EDGE ( 'NONE', *, *, #2107, .T. ) ;
#25 = CARTESIAN_POINT ( 'NONE',  ( -32.50000000000000000, -6.123233995736766085E-15, 10.00000000000000000 ) ) ;
#26 = CARTESIAN_POINT ( 'NONE',  ( 23.74999999999999289, 5.000000000000047962, 2.500000000000003553 ) ) ;
#27 = AXIS2_PLACEMENT_3D ( 'NONE', #1726, #1475, #1460 ) ;
#28 = PRODUCT ( 'LQ26-05HGI-01-001', 'LQ26-05HGI-01-001', '', ( #2708 ) ) ;
#29 = CIRCLE ( 'NONE', #2752, 2.500000000000000000 ) ;
#30 = VERTEX_POINT ( 'NONE', #2201 ) ;
#31 = AXIS2_PLACEMENT_3D ( 'NONE', #1141, #2071, #1546 ) ;
#32 = VECTOR ( 'NONE', #269, 1000.000000000000000 ) ;
#33 = EDGE_LOOP ( 'NONE', ( #2551, #2556, #811, #159 ) ) ;
#34 = DIRECTION ( 'NONE',  ( 1.000000000000000000, 2.996340549414485340E-16, 1.508455196501571429E-16 ) ) ;
#35 = LINE ( 'NONE', #1045, #3055 ) ;
#36 = ORIENTED_EDGE ( 'NONE', *, *, #2676, .F. ) ;
#37 = DIRECTION ( 'NONE',  ( 3.854941057726237604E-16, 1.155071620686788892E-31, -1.000000000000000000 ) ) ;
#38 = DIRECTION ( 'NONE',  ( -0.000000000000000000, 1.000000000000000000, -0.000000000000000000 ) ) ;
#39 = AXIS2_PLACEMENT_3D ( 'NONE', #2667, #544, #1275 ) ;
#40 = EDGE_CURVE ( 'NONE', #1473, #1097, #1034, .T. ) ;
#41 = ORIENTED_EDGE ( 'NONE', *, *, #2978, .T. ) ;
#42 = DIRECTION ( 'NONE',  ( 0.000000000000000000, 0.000000000000000000, -1.000000000000000000 ) ) ;
#43 = DIRECTION ( 'NONE',  ( -0.000000000000000000, -0.000000000000000000, -1.000000000000000000 ) ) ;
#44 = EDGE_CURVE ( 'NONE', #2036, #1545, #1618, .T. ) ;
#45 = EDGE_LOOP ( 'NONE', ( #626, #1601, #263, #572, #2522 ) ) ;
#46 = EDGE_LOOP ( 'NONE', ( #696, #693, #1963, #2859 ) ) ;
#47 = DIRECTION ( 'NONE',  ( -0.7071067811865524577, 0.000000000000000000, -0.7071067811865426878 ) ) ;
#48 = CARTESIAN_POINT ( 'NONE',  ( -18.75000000000000355, 1.780640621336459072E-16, -12.00000000000001243 ) ) ;
#49 = ORIENTED_EDGE ( 'NONE', *, *, #588, .T. ) ;
#50 = CARTESIAN_POINT ( 'NONE',  ( 25.00000000000000355, 3.061616997868381662E-16, -7.900000000000018119 ) ) ;
#51 = ADVANCED_BREP_SHAPE_REPRESENTATION ( 'LQ26-05HGI-01-001', ( #295, #1063 ), #2399 ) ;
#52 = CARTESIAN_POINT ( 'NONE',  ( 27.50000000000000000, 5.000000000000011546, 10.00000000000000000 ) ) ;
#53 = DIRECTION ( 'NONE',  ( 3.854941057726237604E-16, 1.155071620686789111E-31, -1.000000000000000000 ) ) ;
#54 = ORIENTED_EDGE ( 'NONE', *, *, #1216, .F. ) ;
#55 = FACE_OUTER_BOUND ( 'NONE', #1345, .T. ) ;
#56 = CARTESIAN_POINT ( 'NONE',  ( -8.749999999999998224, 2.015034260854676310E-15, -4.000000000000000000 ) ) ;
#57 = ORIENTED_EDGE ( 'NONE', *, *, #1994, .F. ) ;
#58 = EDGE_CURVE ( 'NONE', #2688, #1157, #1292, .T. ) ;
#59 = ADVANCED_FACE ( 'NONE', ( #2231 ), #1974, .F. ) ;
#60 = ORIENTED_EDGE ( 'NONE', *, *, #2176, .T. ) ;
#61 = DIRECTION ( 'NONE',  ( -0.000000000000000000, -0.000000000000000000, 1.000000000000000000 ) ) ;
#62 = LINE ( 'NONE', #1011, #1818 ) ;
#63 = LINE ( 'NONE', #1541, #2400 ) ;
#64 = CARTESIAN_POINT ( 'NONE',  ( 9.500000000000000000, 5.000000000000023981, -9.499999999999992895 ) ) ;
#65 = LINE ( 'NONE', #1282, #2109 ) ;
#66 = ORIENTED_EDGE ( 'NONE', *, *, #758, .T. ) ;
#67 = AXIS2_PLACEMENT_3D ( 'NONE', #2518, #2967, #2232 ) ;
#68 = EDGE_LOOP ( 'NONE', ( #2824, #3019, #1531, #372, #555, #2792, #414 ) ) ;
#69 = CARTESIAN_POINT ( 'NONE',  ( 7.500000000000003553, -4.999999999999996447, 10.00000000000000711 ) ) ;
#70 = CYLINDRICAL_SURFACE ( 'NONE', #3009, 5.000000000000000888 ) ;
#71 = VECTOR ( 'NONE', #2893, 1000.000000000000000 ) ;
#72 = EDGE_LOOP ( 'NONE', ( #2094, #2027, #1615, #1751, #287 ) ) ;
#73 = VECTOR ( 'NONE', #371, 1000.000000000000000 ) ;
#74 = CIRCLE ( 'NONE', #2353, 1.499999999999984901 ) ;
#75 = LINE ( 'NONE', #1536, #73 ) ;
#76 = CIRCLE ( 'NONE', #1659, 2.000000000000001776 ) ;
#77 = ORIENTED_EDGE ( 'NONE', *, *, #359, .F. ) ;
#78 = EDGE_CURVE ( 'NONE', #711, #2135, #2420, .T. ) ;
#79 = EDGE_CURVE ( 'NONE', #1778, #457, #300, .T. ) ;
#80 = CIRCLE ( 'NONE', #1813, 3.000000000000013323 ) ;
#81 = DIRECTION ( 'NONE',  ( -0.000000000000000000, -0.000000000000000000, -1.000000000000000000 ) ) ;
#82 = CARTESIAN_POINT ( 'NONE',  ( 27.50000000000000355, 0.000000000000000000, 1000.000000000000000 ) ) ;
#83 = AXIS2_PLACEMENT_3D ( 'NONE', #2020, #605, #656 ) ;
#84 = EDGE_CURVE ( 'NONE', #1107, #2058, #63, .T. ) ;
#85 = CARTESIAN_POINT ( 'NONE',  ( 27.50000000000000000, 5.000000000000011546, 10.00000000000000000 ) ) ;
#86 = CONICAL_SURFACE ( 'NONE', #2700, 5.000000000000000888, 0.7853981633974482790 ) ;
#87 = LINE ( 'NONE', #1035, #2453 ) ;
#88 = FACE_OUTER_BOUND ( 'NONE', #2810, .T. ) ;
#89 = VERTEX_POINT ( 'NONE', #1956 ) ;
#90 = ORIENTED_EDGE ( 'NONE', *, *, #3037, .F. ) ;
#91 = CARTESIAN_POINT ( 'NONE',  ( 3.750000000000002220, -4.499999999999991118, 2.500000000000000000 ) ) ;
#92 = DIRECTION ( 'NONE',  ( 0.000000000000000000, 0.000000000000000000, -1.000000000000000000 ) ) ;
#93 = AXIS2_PLACEMENT_3D ( 'NONE', #2404, #81, #1681 ) ;
#94 = ORIENTED_EDGE ( 'NONE', *, *, #1162, .T. ) ;
#95 = DIRECTION ( 'NONE',  ( 2.118732721235208236E-16, -0.7071067811865475727, -0.7071067811865475727 ) ) ;
#96 = ORIENTED_EDGE ( 'NONE', *, *, #1087, .F. ) ;
#97 = CARTESIAN_POINT ( 'NONE',  ( 27.50000000000000355, 0.000000000000000000, 5.499999999999949374 ) ) ;
#98 = CARTESIAN_POINT ( 'NONE',  ( -27.50000000000000000, -6.123233995736766085E-15, -4.000000000000000000 ) ) ;
#99 = CARTESIAN_POINT ( 'NONE',  ( -6.249999999999996447, 2.015034260854676310E-15, -10.00000000000000000 ) ) ;
#100 = CARTESIAN_POINT ( 'NONE',  ( -8.750000000000000000, 2.500000000000000888, -12.00000000000001243 ) ) ;
#101 = LINE ( 'NONE', #2223, #1365 ) ;
#102 = EDGE_CURVE ( 'NONE', #2135, #2607, #29, .T. ) ;
#103 = EDGE_LOOP ( 'NONE', ( #1084, #66, #1467, #631 ) ) ;
#104 = ORIENTED_EDGE ( 'NONE', *, *, #606, .F. ) ;
#105 = DIRECTION ( 'NONE',  ( 1.000000000000000000, 0.000000000000000000, 0.000000000000000000 ) ) ;
#106 = VERTEX_POINT ( 'NONE', #795 ) ;
#107 = CARTESIAN_POINT ( 'NONE',  ( 9.500000000000000000, 5.000000000000023981, -9.999999999999996447 ) ) ;
#108 = EDGE_LOOP ( 'NONE', ( #2024, #57, #1627, #2507 ) ) ;
#109 = CARTESIAN_POINT ( 'NONE',  ( -29.69999999999999929, -5.853811699924348286E-15, -12.00000000000001243 ) ) ;
#110 = DIRECTION ( 'NONE',  ( 0.000000000000000000, 0.000000000000000000, -1.000000000000000000 ) ) ;
#111 = DIRECTION ( 'NONE',  ( -0.000000000000000000, -0.000000000000000000, 1.000000000000000000 ) ) ;
#112 = DIRECTION ( 'NONE',  ( 0.000000000000000000, 0.000000000000000000, 1.000000000000000000 ) ) ;
#113 = ORIENTED_EDGE ( 'NONE', *, *, #2832, .T. ) ;
#114 = ORIENTED_EDGE ( 'NONE', *, *, #2815, .T. ) ;
#115 = EDGE_CURVE ( 'NONE', #1640, #1138, #972, .T. ) ;
#116 = EDGE_CURVE ( 'NONE', #1788, #2005, #558, .T. ) ;
#117 = DIRECTION ( 'NONE',  ( -3.854941057726237604E-16, -1.155071620686789111E-31, -1.000000000000000000 ) ) ;
#118 = VERTEX_POINT ( 'NONE', #2452 ) ;
#119 = DIRECTION ( 'NONE',  ( -0.000000000000000000, 1.000000000000000000, -0.000000000000000000 ) ) ;
#120 = CARTESIAN_POINT ( 'NONE',  ( -18.75000000000000355, 2.499999999999999112, -4.000000000000000000 ) ) ;
#121 = VERTEX_POINT ( 'NONE', #99 ) ;
#122 = FACE_OUTER_BOUND ( 'NONE', #1028, .T. ) ;
#123 = VECTOR ( 'NONE', #615, 1000.000000000000000 ) ;
#124 = AXIS2_PLACEMENT_3D ( 'NONE', #2283, #3021, #2239 ) ;
#125 = DIRECTION ( 'NONE',  ( 3.083952846180990774E-16, -1.000000000000000000, -0.000000000000000000 ) ) ;
#126 = CARTESIAN_POINT ( 'NONE',  ( -18.75000000000000355, -2.500000000000000888, -12.00000000000001243 ) ) ;
#127 = CIRCLE ( 'NONE', #2901, 2.999999999999958256 ) ;
#128 = FACE_BOUND ( 'NONE', #1404, .T. ) ;
#129 = ORIENTED_EDGE ( 'NONE', *, *, #1881, .T. ) ;
#130 = CONICAL_SURFACE ( 'NONE', #2606, 3.099999999999998757, 0.7853981633974582710 ) ;
#131 = ORIENTED_EDGE ( 'NONE', *, *, #2621, .F. ) ;
#132 = DIRECTION ( 'NONE',  ( -1.734723475976807587E-16, -5.197822293090553298E-32, 1.000000000000000000 ) ) ;
#133 = VECTOR ( 'NONE', #1408, 1000.000000000000000 ) ;
#134 = ADVANCED_FACE ( 'NONE', ( #1988 ), #2936, .F. ) ;
#135 = ORIENTED_EDGE ( 'NONE', *, *, #689, .T. ) ;
#136 = CARTESIAN_POINT ( 'NONE',  ( 3.749999999999999112, 5.000000000000041744, -2.500000000000000000 ) ) ;
#137 = CIRCLE ( 'NONE', #2215, 5.000000000000000888 ) ;
#138 = EDGE_CURVE ( 'NONE', #786, #1297, #576, .T. ) ;
#139 = EDGE_CURVE ( 'NONE', #2385, #973, #1602, .T. ) ;
#140 = VERTEX_POINT ( 'NONE', #1092 ) ;
#141 = DIRECTION ( 'NONE',  ( 1.000000000000000000, 0.000000000000000000, 0.000000000000000000 ) ) ;
#142 = CARTESIAN_POINT ( 'NONE',  ( 7.500000000000000000, 5.000000000000005329, 10.00000000000000711 ) ) ;
#143 = DIRECTION ( 'NONE',  ( -0.000000000000000000, -0.000000000000000000, -1.000000000000000000 ) ) ;
#144 = DIRECTION ( 'NONE',  ( -1.000000000000000000, 0.000000000000000000, 0.000000000000000000 ) ) ;
#145 = ORIENTED_EDGE ( 'NONE', *, *, #1694, .T. ) ;
#146 = DIRECTION ( 'NONE',  ( -0.000000000000000000, 0.000000000000000000, -1.000000000000000000 ) ) ;
#147 = VERTEX_POINT ( 'NONE', #394 ) ;
#148 = CARTESIAN_POINT ( 'NONE',  ( 27.50000000000000355, 0.000000000000000000, 12.00000000000001066 ) ) ;
#149 = CARTESIAN_POINT ( 'NONE',  ( 23.74999999999999645, -4.499999999999984901, 2.500000000000003553 ) ) ;
#150 = PLANE ( 'NONE',  #1860 ) ;
#151 = ORIENTED_EDGE ( 'NONE', *, *, #1371, .F. ) ;
#152 = EDGE_CURVE ( 'NONE', #892, #2639, #2062, .T. ) ;
#153 = ADVANCED_FACE ( 'NONE', ( #1336 ), #375, .T. ) ;
#154 = DIRECTION ( 'NONE',  ( 1.000000000000000000, 0.000000000000000000, 0.000000000000000000 ) ) ;
#155 = AXIS2_PLACEMENT_3D ( 'NONE', #903, #2340, #423 ) ;
#156 = CARTESIAN_POINT ( 'NONE',  ( -8.749999999999998224, -2.499999999999999112, -10.00000000000000000 ) ) ;
#157 = CARTESIAN_POINT ( 'NONE',  ( 7.500000000000002665, -2.999999999999995559, -9.499999999999992895 ) ) ;
#158 = CARTESIAN_POINT ( 'NONE',  ( 30.10000000000000142, 0.000000000000000000, 12.00000000000001066 ) ) ;
#159 = ORIENTED_EDGE ( 'NONE', *, *, #1499, .T. ) ;
#160 = CARTESIAN_POINT ( 'NONE',  ( -27.50000000000000000, -6.123233995736766085E-15, -5.799999999999999822 ) ) ;
#161 = CARTESIAN_POINT ( 'NONE',  ( -5.994448530786177898, 4.500000000000000888, -4.000000000000000000 ) ) ;
#162 = ORIENTED_EDGE ( 'NONE', *, *, #570, .F. ) ;
#163 = FACE_OUTER_BOUND ( 'NONE', #1341, .T. ) ;
#164 = LINE ( 'NONE', #1754, #2915 ) ;
#165 = VERTEX_POINT ( 'NONE', #2018 ) ;
#166 = AXIS2_PLACEMENT_3D ( 'NONE', #955, #493, #2379 ) ;
#167 = CARTESIAN_POINT ( 'NONE',  ( -5.624987206178666099, 4.825834261322585306, -4.325834261322584418 ) ) ;
#168 = EDGE_CURVE ( 'NONE', #729, #2877, #2031, .T. ) ;
#169 = CARTESIAN_POINT ( 'NONE',  ( -56.50000000000000000, -4.500000000000015987, 4.000000000000000000 ) ) ;
#170 = CARTESIAN_POINT ( 'NONE',  ( -27.50000000000000000, -6.123233995736766085E-15, 9.499999999999985789 ) ) ;
#171 = CIRCLE ( 'NONE', #1166, 3.099999999999998757 ) ;
#172 = CARTESIAN_POINT ( 'NONE',  ( 27.50000000000000355, 5.000000000000011546, -2.999999999999956035 ) ) ;
#173 = AXIS2_PLACEMENT_3D ( 'NONE', #2241, #2041, #154 ) ;
#174 = EDGE_CURVE ( 'NONE', #550, #711, #1810, .T. ) ;
#175 = VECTOR ( 'NONE', #763, 1000.000000000000000 ) ;
#176 = VERTEX_POINT ( 'NONE', #2277 ) ;
#177 = CIRCLE ( 'NONE', #1268, 4.499999999999986677 ) ;
#178 = UNCERTAINTY_MEASURE_WITH_UNIT (LENGTH_MEASURE( 1.000000000000000082E-05 ), #412, 'distance_accuracy_value', 'NONE');
#179 = CARTESIAN_POINT ( 'NONE',  ( -27.50000000000000000, 4.499999999999994671, 4.000000000000000888 ) ) ;
#180 = ORIENTED_EDGE ( 'NONE', *, *, #2107, .F. ) ;
#181 = LINE ( 'NONE', #585, #1705 ) ;
#182 = CARTESIAN_POINT ( 'NONE',  ( -4.671572875253781731, -3.000000000000000000, 10.00000000000000000 ) ) ;
#183 = CARTESIAN_POINT ( 'NONE',  ( 32.50000000000000000, -4.499999999999988454, 5.500000000000000888 ) ) ;
#184 = CIRCLE ( 'NONE', #1127, 2.500000000000000444 ) ;
#185 = ORIENTED_EDGE ( 'NONE', *, *, #744, .F. ) ;
#186 =( BOUNDED_CURVE ( )  B_SPLINE_CURVE ( 3, ( #1779, #2726, #2490, #2986 ),
 .UNSPECIFIED., .F., .T. ) 
 B_SPLINE_CURVE_WITH_KNOTS ( ( 4, 4 ),
 ( 1.885188072597543562E-16, 0.7227342478134162196 ),
 .UNSPECIFIED. ) 
 CURVE ( )  GEOMETRIC_REPRESENTATION_ITEM ( )  RATIONAL_B_SPLINE_CURVE ( ( 1.000000000000000000, 0.9569428977956567772, 0.9569428977956567772, 1.000000000000000000 ) ) 
 REPRESENTATION_ITEM ( '' )  );
#187 = DIRECTION ( 'NONE',  ( 0.000000000000000000, -1.000000000000000000, 0.000000000000000000 ) ) ;
#188 = CIRCLE ( 'NONE', #490, 4.499999999999997335 ) ;
#189 = VERTEX_POINT ( 'NONE', #2309 ) ;
#190 = FACE_BOUND ( 'NONE', #790, .T. ) ;
#191 = FACE_OUTER_BOUND ( 'NONE', #883, .T. ) ;
#192 = CARTESIAN_POINT ( 'NONE',  ( 25.50000000000000355, 2.449293598294708880E-16, -12.00000000000001066 ) ) ;
#193 = CARTESIAN_POINT ( 'NONE',  ( -27.50000000000000000, -6.123233995736766085E-15, -12.00000000000001243 ) ) ;
#194 = EDGE_LOOP ( 'NONE', ( #1287, #1227, #2591, #2545 ) ) ;
#195 = DIRECTION ( 'NONE',  ( 1.000000000000000000, 0.000000000000000000, 0.000000000000000000 ) ) ;
#196 = EDGE_CURVE ( 'NONE', #1128, #2627, #2000, .T. ) ;
#197 = ADVANCED_FACE ( 'NONE', ( #190, #2289 ), #3028, .T. ) ;
#198 = DIRECTION ( 'NONE',  ( -0.000000000000000000, -0.000000000000000000, -1.000000000000000000 ) ) ;
#199 = ORIENTED_EDGE ( 'NONE', *, *, #762, .T. ) ;
#200 = DIRECTION ( 'NONE',  ( 1.000000000000000000, 0.000000000000000000, 0.000000000000000000 ) ) ;
#201 = LINE ( 'NONE', #2698, #583 ) ;
#202 = DIRECTION ( 'NONE',  ( 0.000000000000000000, 0.000000000000000000, 1.000000000000000000 ) ) ;
#203 = VERTEX_POINT ( 'NONE', #2733 ) ;
#204 = CARTESIAN_POINT ( 'NONE',  ( 23.74999999999999289, 5.000000000000010658, -2.999999999999956479 ) ) ;
#205 = ORIENTED_EDGE ( 'NONE', *, *, #1161, .T. ) ;
#206 = LINE ( 'NONE', #920, #369 ) ;
#207 = DIRECTION ( 'NONE',  ( 0.000000000000000000, 0.000000000000000000, 1.000000000000000000 ) ) ;
#208 = ORIENTED_EDGE ( 'NONE', *, *, #1826, .F. ) ;
#209 = CARTESIAN_POINT ( 'NONE',  ( 7.992615099476607199, -4.999999999999995559, -4.999999999999990230 ) ) ;
#210 = CARTESIAN_POINT ( 'NONE',  ( 27.50000000000000000, 4.499999999999997335, -5.500000000000000000 ) ) ;
#211 = ADVANCED_FACE ( 'NONE', ( #3013 ), #889, .F. ) ;
#212 = EDGE_CURVE ( 'NONE', #2447, #2322, #1115, .T. ) ;
#213 = VERTEX_POINT ( 'NONE', #377 ) ;
#214 = LINE ( 'NONE', #1856, #614 ) ;
#215 = CARTESIAN_POINT ( 'NONE',  ( 32.50000000000000000, 1.071565949253933651E-14, -4.999999999999992006 ) ) ;
#216 = CARTESIAN_POINT ( 'NONE',  ( -5.074825861638577074, 2.596747013615190003, -12.00000000000001243 ) ) ;
#217 = EDGE_CURVE ( 'NONE', #2110, #2193, #2264, .T. ) ;
#218 = ORIENTED_EDGE ( 'NONE', *, *, #2691, .T. ) ;
#219 = FACE_OUTER_BOUND ( 'NONE', #466, .T. ) ;
#220 = VECTOR ( 'NONE', #288, 1000.000000000000000 ) ;
#221 = ORIENTED_EDGE ( 'NONE', *, *, #1523, .F. ) ;
#222 = CARTESIAN_POINT ( 'NONE',  ( 27.50000000000000355, 0.000000000000000000, 5.499999999999949374 ) ) ;
#223 = CARTESIAN_POINT ( 'NONE',  ( -6.249999999999996447, 2.015034260854676310E-15, 10.00000000000000000 ) ) ;
#224 = AXIS2_PLACEMENT_3D ( 'NONE', #2569, #1673, #2119 ) ;
#225 = AXIS2_PLACEMENT_3D ( 'NONE', #1712, #314, #1013 ) ;
#226 = ORIENTED_EDGE ( 'NONE', *, *, #758, .F. ) ;
#227 = AXIS2_PLACEMENT_3D ( 'NONE', #856, #621, #1572 ) ;
#228 = VECTOR ( 'NONE', #1617, 1000.000000000000000 ) ;
#229 = DIRECTION ( 'NONE',  ( -0.000000000000000000, -0.000000000000000000, 1.000000000000000000 ) ) ;
#230 = CONICAL_SURFACE ( 'NONE', #962, 2.999999999999958700, 0.7853981633974482790 ) ;
#231 = CIRCLE ( 'NONE', #2057, 3.099999999999998757 ) ;
#232 = ORIENTED_EDGE ( 'NONE', *, *, #139, .F. ) ;
#233 = CARTESIAN_POINT ( 'NONE',  ( -27.50000000000000000, -6.123233995736766085E-15, -5.799999999999999822 ) ) ;
#234 = DIRECTION ( 'NONE',  ( 0.000000000000000000, 0.000000000000000000, 1.000000000000000000 ) ) ;
#235 = VECTOR ( 'NONE', #503, 1000.000000000000000 ) ;
#236 = CARTESIAN_POINT ( 'NONE',  ( -8.750000000000000000, 2.500000000000000888, -10.00000000000000000 ) ) ;
#237 = ORIENTED_EDGE ( 'NONE', *, *, #800, .T. ) ;
#238 = CIRCLE ( 'NONE', #1416, 2.500000000000000444 ) ;
#239 = EDGE_CURVE ( 'NONE', #2077, #1008, #1561, .T. ) ;
#240 = LINE ( 'NONE', #452, #2751 ) ;
#241 = VECTOR ( 'NONE', #708, 1000.000000000000000 ) ;
#242 = ORIENTED_EDGE ( 'NONE', *, *, #1639, .F. ) ;
#243 = CARTESIAN_POINT ( 'NONE',  ( 27.50000000000000355, 0.000000000000000000, 7.900000000000018119 ) ) ;
#244 = CIRCLE ( 'NONE', #2818, 3.099999999999998757 ) ;
#245 = PLANE ( 'NONE',  #1369 ) ;
#246 = EDGE_LOOP ( 'NONE', ( #2616, #1620, #2267, #367, #1255 ) ) ;
#247 = CARTESIAN_POINT ( 'NONE',  ( -4.671572875253780843, -5.000000000000000000, -4.500000000000000888 ) ) ;
#248 = CARTESIAN_POINT ( 'NONE',  ( -27.50000000000000000, -6.123233995736766085E-15, -5.799999999999999822 ) ) ;
#249 = ORIENTED_EDGE ( 'NONE', *, *, #2237, .F. ) ;
#250 = ORIENTED_EDGE ( 'NONE', *, *, #2649, .F. ) ;
#251 = CARTESIAN_POINT ( 'NONE',  ( 27.50000000000000355, -4.999999999999990230, -3.000000000000011546 ) ) ;
#252 = DIRECTION ( 'NONE',  ( 1.000000000000000000, 0.000000000000000000, -0.000000000000000000 ) ) ;
#253 = VERTEX_POINT ( 'NONE', #156 ) ;
#254 = ORIENTED_EDGE ( 'NONE', *, *, #152, .F. ) ;
#255 = EDGE_CURVE ( 'NONE', #1889, #2143, #717, .T. ) ;
#256 = EDGE_CURVE ( 'NONE', #2877, #1788, #2101, .T. ) ;
#257 = DIRECTION ( 'NONE',  ( -1.000000000000000000, 0.000000000000000000, -1.927470528863120035E-16 ) ) ;
#258 = CARTESIAN_POINT ( 'NONE',  ( -27.50000000000000000, -6.123233995736766085E-15, -10.00000000000000000 ) ) ;
#259 = APPLICATION_CONTEXT ( 'automotive_design' ) ;
#260 = ORIENTED_EDGE ( 'NONE', *, *, #2125, .T. ) ;
#261 = CARTESIAN_POINT ( 'NONE',  ( 26.24999999999999289, 4.500000000000051514, 3.291382889819968651E-15 ) ) ;
#262 = DIRECTION ( 'NONE',  ( -1.000000000000000000, 0.000000000000000000, -1.734723475976807587E-16 ) ) ;
#263 = ORIENTED_EDGE ( 'NONE', *, *, #1500, .F. ) ;
#264 = CARTESIAN_POINT ( 'NONE',  ( 7.499999999999996447, -4.999999999999996447, 9.999999999999992895 ) ) ;
#265 = DIRECTION ( 'NONE',  ( 0.7071067811865524577, 0.000000000000000000, 0.7071067811865426878 ) ) ;
#266 = EDGE_LOOP ( 'NONE', ( #2438, #1481, #2128, #355 ) ) ;
#267 = VERTEX_POINT ( 'NONE', #1349 ) ;
#268 = CARTESIAN_POINT ( 'NONE',  ( 9.500000000000000000, 3.000000000000005773, -9.499999999999992895 ) ) ;
#269 = DIRECTION ( 'NONE',  ( 0.000000000000000000, -0.7071067811865426878, -0.7071067811865524577 ) ) ;
#270 = ADVANCED_FACE ( 'NONE', ( #408 ), #1984, .T. ) ;
#271 = ORIENTED_EDGE ( 'NONE', *, *, #1252, .F. ) ;
#272 = DIRECTION ( 'NONE',  ( -0.000000000000000000, -0.000000000000000000, 1.000000000000000000 ) ) ;
#273 = CARTESIAN_POINT ( 'NONE',  ( 23.74999999999999289, 4.500000000000051514, 3.291382889819968651E-15 ) ) ;
#274 = EDGE_CURVE ( 'NONE', #106, #323, #171, .T. ) ;
#275 = EDGE_CURVE ( 'NONE', #2005, #2240, #2897, .T. ) ;
#276 = VECTOR ( 'NONE', #564, 1000.000000000000114 ) ;
#277 = ORIENTED_EDGE ( 'NONE', *, *, #1184, .F. ) ;
#278 = LINE ( 'NONE', #1224, #766 ) ;
#279 = LINE ( 'NONE', #1428, #133 ) ;
#280 = VECTOR ( 'NONE', #718, 1000.000000000000000 ) ;
#281 = AXIS2_PLACEMENT_3D ( 'NONE', #82, #1031, #1973 ) ;
#282 = VERTEX_POINT ( 'NONE', #1054 ) ;
#283 = AXIS2_PLACEMENT_3D ( 'NONE', #98, #1937, #2903 ) ;
#284 = ORIENTED_EDGE ( 'NONE', *, *, #838, .F. ) ;
#285 = CARTESIAN_POINT ( 'NONE',  ( -24.40000000000000213, -5.743593488001086495E-15, -9.499999999999984013 ) ) ;
#286 = DIRECTION ( 'NONE',  ( 1.000000000000000000, 0.000000000000000000, 0.000000000000000000 ) ) ;
#287 = ORIENTED_EDGE ( 'NONE', *, *, #665, .F. ) ;
#288 = DIRECTION ( 'NONE',  ( -0.000000000000000000, -0.000000000000000000, -1.000000000000000000 ) ) ;
#289 = FACE_OUTER_BOUND ( 'NONE', #1436, .T. ) ;
#290 = ORIENTED_EDGE ( 'NONE', *, *, #802, .T. ) ;
#291 = EDGE_CURVE ( 'NONE', #1114, #2036, #75, .T. ) ;
#292 = CARTESIAN_POINT ( 'NONE',  ( -6.489039424011665780, 4.010960575988293364, 4.000000000000001776 ) ) ;
#293 = EDGE_CURVE ( 'NONE', #1194, #3016, #1463, .T. ) ;
#294 = CARTESIAN_POINT ( 'NONE',  ( 3.750000000000002220, -4.499999999999991118, -3.825575076220905264E-16 ) ) ;
#295 = MANIFOLD_SOLID_BREP ( '\X2\570689d2\X0\2', #767 ) ;
#296 = EDGE_LOOP ( 'NONE', ( #543, #2964, #2740, #311, #1992, #2537, #1636, #1187, #3024, #724, #2261, #1855, #49, #2382, #41 ) ) ;
#297 = EDGE_LOOP ( 'NONE', ( #1208, #1248, #2955, #706 ) ) ;
#298 = DIRECTION ( 'NONE',  ( 1.000000000000000000, 0.000000000000000000, -0.000000000000000000 ) ) ;
#299 = DIRECTION ( 'NONE',  ( 1.000000000000000000, 0.000000000000000000, 0.000000000000000000 ) ) ;
#300 = LINE ( 'NONE', #1046, #2499 ) ;
#301 = CARTESIAN_POINT ( 'NONE',  ( 9.500000000000001776, -2.999999999999994671, -9.999999999999996447 ) ) ;
#302 = DIRECTION ( 'NONE',  ( -0.7071067811865403563, -2.180683970394110167E-16, 0.7071067811865547892 ) ) ;
#303 = VERTEX_POINT ( 'NONE', #1503 ) ;
#304 = VERTEX_POINT ( 'NONE', #120 ) ;
#305 = LINE ( 'NONE', #1735, #2697 ) ;
#306 = CARTESIAN_POINT ( 'NONE',  ( 23.74999999999999645, -4.499999999999984901, 2.500000000000003553 ) ) ;
#307 = ADVANCED_FACE ( 'NONE', ( #836 ), #1752, .F. ) ;
#308 = EDGE_CURVE ( 'NONE', #1774, #1269, #1317, .T. ) ;
#309 = VERTEX_POINT ( 'NONE', #823 ) ;
#310 = ADVANCED_FACE ( 'NONE', ( #340 ), #2478, .F. ) ;
#311 = ORIENTED_EDGE ( 'NONE', *, *, #44, .T. ) ;
#312 = DIRECTION ( 'NONE',  ( 1.000000000000000000, 2.996340549414484847E-16, 0.000000000000000000 ) ) ;
#313 = DIRECTION ( 'NONE',  ( 1.000000000000000000, 0.000000000000000000, 0.000000000000000000 ) ) ;
#314 = DIRECTION ( 'NONE',  ( 0.000000000000000000, 0.000000000000000000, 1.000000000000000000 ) ) ;
#315 = LINE ( 'NONE', #1260, #478 ) ;
#316 = DIRECTION ( 'NONE',  ( 1.000000000000000000, 0.000000000000000000, 0.000000000000000000 ) ) ;
#317 = ORIENTED_EDGE ( 'NONE', *, *, #2881, .F. ) ;
#318 = CIRCLE ( 'NONE', #773, 2.000000000000000888 ) ;
#319 = ORIENTED_EDGE ( 'NONE', *, *, #1882, .T. ) ;
#320 = CARTESIAN_POINT ( 'NONE',  ( -27.50000000000000000, -6.123233995736766085E-15, -10.00000000000000000 ) ) ;
#321 = DIRECTION ( 'NONE',  ( 0.000000000000000000, -0.7071067811865524577, 0.7071067811865426878 ) ) ;
#322 = VECTOR ( 'NONE', #2209, 1000.000000000000000 ) ;
#323 = VERTEX_POINT ( 'NONE', #1042 ) ;
#324 = DIRECTION ( 'NONE',  ( -0.000000000000000000, -0.000000000000000000, 1.000000000000000000 ) ) ;
#325 = ORIENTED_EDGE ( 'NONE', *, *, #802, .F. ) ;
#326 = EDGE_CURVE ( 'NONE', #3027, #1328, #2259, .T. ) ;
#327 = CARTESIAN_POINT ( 'NONE',  ( -4.671572875253780843, -5.000000000000000000, -4.500000000000000888 ) ) ;
#328 = DIRECTION ( 'NONE',  ( -0.7071067811865426878, 0.000000000000000000, -0.7071067811865524577 ) ) ;
#329 = CIRCLE ( 'NONE', #2059, 3.600000000000005862 ) ;
#330 = CARTESIAN_POINT ( 'NONE',  ( -56.50000000000000000, 5.000000000000004441, 4.000000000000000000 ) ) ;
#331 = AXIS2_PLACEMENT_3D ( 'NONE', #826, #619, #1305 ) ;
#332 = CARTESIAN_POINT ( 'NONE',  ( 27.50000000000000000, 1.071565949253933651E-14, 4.999999999999999112 ) ) ;
#333 = CARTESIAN_POINT ( 'NONE',  ( 23.74999999999999645, -4.999999999999991118, 3.000000000000016875 ) ) ;
#334 = CONICAL_SURFACE ( 'NONE', #2513, 1.499999999999992673, 0.7853981633974415066 ) ;
#335 = VERTEX_POINT ( 'NONE', #1303 ) ;
#336 = ORIENTED_EDGE ( 'NONE', *, *, #1845, .F. ) ;
#337 = DIRECTION ( 'NONE',  ( 1.000000000000000000, 0.000000000000000000, 0.000000000000000000 ) ) ;
#338 = CARTESIAN_POINT ( 'NONE',  ( 7.500000000000002665, -2.999999999999995559, 9.499999999999985789 ) ) ;
#339 = ORIENTED_EDGE ( 'NONE', *, *, #800, .F. ) ;
#340 = FACE_OUTER_BOUND ( 'NONE', #46, .T. ) ;
#341 = EDGE_LOOP ( 'NONE', ( #961, #242, #1847, #461 ) ) ;
#342 = PLANE ( 'NONE',  #1424 ) ;
#343 = ADVANCED_FACE ( 'NONE', ( #2465, #1288 ), #1088, .T. ) ;
#344 = EDGE_CURVE ( 'NONE', #2114, #118, #1071, .T. ) ;
#345 = CARTESIAN_POINT ( 'NONE',  ( -25.30000000000000071, -6.123233995736766085E-15, -5.799999999999999822 ) ) ;
#346 = CARTESIAN_POINT ( 'NONE',  ( 3.749999999999999112, 5.000000000000041744, 2.500000000000000000 ) ) ;
#347 = DIRECTION ( 'NONE',  ( -1.000000000000000000, -2.996340549414485340E-16, 0.000000000000000000 ) ) ;
#348 = VERTEX_POINT ( 'NONE', #1633 ) ;
#349 = ORIENTED_EDGE ( 'NONE', *, *, #2884, .T. ) ;
#350 = DIRECTION ( 'NONE',  ( -1.000000000000000000, 0.000000000000000000, 0.000000000000000000 ) ) ;
#351 = CYLINDRICAL_SURFACE ( 'NONE', #930, 2.000000000000000000 ) ;
#352 = ORIENTED_EDGE ( 'NONE', *, *, #116, .F. ) ;
#353 = DIRECTION ( 'NONE',  ( 0.000000000000000000, 0.000000000000000000, 1.000000000000000000 ) ) ;
#354 = DIRECTION ( 'NONE',  ( 1.000000000000000000, 0.000000000000000000, 0.000000000000000000 ) ) ;
#355 = ORIENTED_EDGE ( 'NONE', *, *, #2138, .F. ) ;
#356 = DIRECTION ( 'NONE',  ( -1.000000000000000000, 0.000000000000000000, 0.000000000000000000 ) ) ;
#357 = DIRECTION ( 'NONE',  ( -0.000000000000000000, -0.000000000000000000, -1.000000000000000000 ) ) ;
#358 = CARTESIAN_POINT ( 'NONE',  ( 27.50000000000000000, -4.499999999999983125, 10.00000000000000000 ) ) ;
#359 = EDGE_CURVE ( 'NONE', #2970, #2631, #913, .T. ) ;
#360 = CARTESIAN_POINT ( 'NONE',  ( 7.500000000000000000, 5.000000000000005329, 9.499999999999985789 ) ) ;
#361 = CARTESIAN_POINT ( 'NONE',  ( -27.50000000000000000, -6.123233995736766085E-15, 10.00000000000000000 ) ) ;
#362 = ORIENTED_EDGE ( 'NONE', *, *, #2884, .F. ) ;
#363 = ORIENTED_EDGE ( 'NONE', *, *, #2731, .F. ) ;
#364 = ADVANCED_FACE ( 'NONE', ( #682, #1393 ), #150, .T. ) ;
#365 = EDGE_CURVE ( 'NONE', #457, #1173, #2401, .T. ) ;
#366 = CARTESIAN_POINT ( 'NONE',  ( -8.749999999999996447, -2.499999999999997780, -4.000000000000000000 ) ) ;
#367 = ORIENTED_EDGE ( 'NONE', *, *, #515, .T. ) ;
#368 = CARTESIAN_POINT ( 'NONE',  ( 32.50000000000000000, 1.071565949253933651E-14, -4.999999999999992006 ) ) ;
#369 = VECTOR ( 'NONE', #454, 1000.000000000000000 ) ;
#370 = CONICAL_SURFACE ( 'NONE', #2097, 5.000000000000000888, 0.7853981633974482790 ) ;
#371 = DIRECTION ( 'NONE',  ( -0.000000000000000000, -0.000000000000000000, -1.000000000000000000 ) ) ;
#372 = ORIENTED_EDGE ( 'NONE', *, *, #855, .T. ) ;
#373 = COLOUR_RGB ( '',0.7921568627450980005, 0.8196078431372548767, 0.9333333333333333481 ) ;
#374 = FACE_OUTER_BOUND ( 'NONE', #2131, .T. ) ;
#375 = CONICAL_SURFACE ( 'NONE', #2103, 5.000000000000000888, 0.7853981633974552734 ) ;
#376 = AXIS2_PLACEMENT_3D ( 'NONE', #2171, #53, #1940 ) ;
#377 = CARTESIAN_POINT ( 'NONE',  ( 8.822875655532293138, 4.500000000000005329, 5.499999999999997335 ) ) ;
#378 = CIRCLE ( 'NONE', #1420, 2.200000000000000622 ) ;
#379 = FACE_OUTER_BOUND ( 'NONE', #2838, .T. ) ;
#380 = AXIS2_PLACEMENT_3D ( 'NONE', #2610, #965, #1652 ) ;
#381 = AXIS2_PLACEMENT_3D ( 'NONE', #1417, #2360, #1603 ) ;
#382 = ORIENTED_EDGE ( 'NONE', *, *, #515, .F. ) ;
#383 = DIRECTION ( 'NONE',  ( -1.508455196501571429E-16, -4.652004696587526895E-32, -1.000000000000000000 ) ) ;
#384 = VECTOR ( 'NONE', #465, 1000.000000000000000 ) ;
#385 = ADVANCED_FACE ( 'NONE', ( #2337 ), #2512, .T. ) ;
#386 = ADVANCED_FACE ( 'NONE', ( #1333 ), #2571, .T. ) ;
#387 = EDGE_LOOP ( 'NONE', ( #1385, #813, #1231, #284 ) ) ;
#388 = CYLINDRICAL_SURFACE ( 'NONE', #1070, 3.400000000000000355 ) ;
#389 = AXIS2_PLACEMENT_3D ( 'NONE', #1229, #2433, #1505 ) ;
#390 = DIRECTION ( 'NONE',  ( 1.508455196501571429E-16, 4.652004696587526895E-32, 1.000000000000000000 ) ) ;
#391 = DIRECTION ( 'NONE',  ( 1.000000000000000000, 2.996340549414485340E-16, 0.000000000000000000 ) ) ;
#392 = ORIENTED_EDGE ( 'NONE', *, *, #1729, .F. ) ;
#393 = CARTESIAN_POINT ( 'NONE',  ( -4.671572875253760415, 5.000000000000001776, -4.500000000000000888 ) ) ;
#394 = CARTESIAN_POINT ( 'NONE',  ( 9.499999999999998224, 3.000000000000005773, -5.499999999999997335 ) ) ;
#395 = CARTESIAN_POINT ( 'NONE',  ( -27.50000000000000000, -6.123233995736766085E-15, -5.799999999999999822 ) ) ;
#396 = CARTESIAN_POINT ( 'NONE',  ( 27.50000000000000355, 0.000000000000000000, -12.00000000000001066 ) ) ;
#397 = ORIENTED_EDGE ( 'NONE', *, *, #854, .F. ) ;
#398 = DIRECTION ( 'NONE',  ( -1.508455196501571429E-16, -4.652004696587526895E-32, -1.000000000000000000 ) ) ;
#399 = VERTEX_POINT ( 'NONE', #1100 ) ;
#400 = CYLINDRICAL_SURFACE ( 'NONE', #2403, 2.000000000000000000 ) ;
#401 = CARTESIAN_POINT ( 'NONE',  ( 7.992615099476594764, 5.000000000000005329, 4.999999999999994671 ) ) ;
#402 = EDGE_CURVE ( 'NONE', #121, #453, #1414, .T. ) ;
#403 = EDGE_CURVE ( 'NONE', #1680, #2631, #436, .T. ) ;
#404 = AXIS2_PLACEMENT_3D ( 'NONE', #222, #1168, #938 ) ;
#405 = ORIENTED_EDGE ( 'NONE', *, *, #139, .T. ) ;
#406 = EDGE_CURVE ( 'NONE', #309, #587, #1794, .T. ) ;
#407 = CARTESIAN_POINT ( 'NONE',  ( -27.50000000000000000, -4.499999999999992895, -10.00000000000000000 ) ) ;
#408 = FACE_OUTER_BOUND ( 'NONE', #2568, .T. ) ;
#409 = PLANE ( 'NONE',  #67 ) ;
#410 = LINE ( 'NONE', #2033, #1025 ) ;
#411 = ORIENTED_EDGE ( 'NONE', *, *, #879, .F. ) ;
#412 =( LENGTH_UNIT ( ) NAMED_UNIT ( * ) SI_UNIT ( .MILLI., .METRE. ) );
#413 = DIRECTION ( 'NONE',  ( -1.000000000000000000, 0.000000000000000000, 0.000000000000000000 ) ) ;
#414 = ORIENTED_EDGE ( 'NONE', *, *, #443, .T. ) ;
#415 = CARTESIAN_POINT ( 'NONE',  ( -32.50000000000000000, -6.123233995736766085E-15, 9.499999999999985789 ) ) ;
#416 = DIRECTION ( 'NONE',  ( 1.000000000000000000, 0.000000000000000000, 0.000000000000000000 ) ) ;
#417 = ORIENTED_EDGE ( 'NONE', *, *, #1103, .F. ) ;
#418 = CIRCLE ( 'NONE', #2146, 5.000000000000000888 ) ;
#419 = CARTESIAN_POINT ( 'NONE',  ( -27.50000000000000000, 4.999999999999994671, 4.500000000000001776 ) ) ;
#420 = VERTEX_POINT ( 'NONE', #867 ) ;
#421 = ADVANCED_FACE ( 'NONE', ( #1833 ), #2742, .T. ) ;
#422 = DIRECTION ( 'NONE',  ( 0.000000000000000000, 0.7071067811865524577, 0.7071067811865426878 ) ) ;
#423 = DIRECTION ( 'NONE',  ( 1.000000000000000000, 1.734723475976806108E-16, 0.000000000000000000 ) ) ;
#424 = AXIS2_PLACEMENT_3D ( 'NONE', #2026, #2917, #2665 ) ;
#425 = DIRECTION ( 'NONE',  ( -0.000000000000000000, -0.000000000000000000, 1.000000000000000000 ) ) ;
#426 = AXIS2_PLACEMENT_3D ( 'NONE', #1363, #187, #666 ) ;
#427 = AXIS2_PLACEMENT_3D ( 'NONE', #808, #1306, #2701 ) ;
#428 = VERTEX_POINT ( 'NONE', #2779 ) ;
#429 = VECTOR ( 'NONE', #1478, 1000.000000000000000 ) ;
#430 = DIRECTION ( 'NONE',  ( 0.000000000000000000, 0.000000000000000000, -1.000000000000000000 ) ) ;
#431 = DIRECTION ( 'NONE',  ( -0.000000000000000000, -0.000000000000000000, 1.000000000000000000 ) ) ;
#432 = CONICAL_SURFACE ( 'NONE', #1962, 1.499999999999992673, 0.7853981633974415066 ) ;
#433 = ORIENTED_EDGE ( 'NONE', *, *, #2272, .F. ) ;
#434 = FACE_BOUND ( 'NONE', #1263, .T. ) ;
#435 = CARTESIAN_POINT ( 'NONE',  ( 8.822875655532293138, 4.500000000000005329, 5.499999999999997335 ) ) ;
#436 = LINE ( 'NONE', #3008, #2599 ) ;
#437 = ORIENTED_EDGE ( 'NONE', *, *, #442, .F. ) ;
#438 = LINE ( 'NONE', #467, #618 ) ;
#439 = EDGE_LOOP ( 'NONE', ( #1738, #2149, #792, #832 ) ) ;
#440 = CARTESIAN_POINT ( 'NONE',  ( 7.992615099476603646, 5.000000000000006217, -4.999999999999988454 ) ) ;
#441 = PLANE ( 'NONE',  #2811 ) ;
#442 = EDGE_CURVE ( 'NONE', #2692, #2368, #2644, .T. ) ;
#443 = EDGE_CURVE ( 'NONE', #997, #944, #1360, .T. ) ;
#444 = ORIENTED_EDGE ( 'NONE', *, *, #1461, .F. ) ;
#445 = CARTESIAN_POINT ( 'NONE',  ( -18.75000000000000355, 2.499999999999999112, 4.000000000000001776 ) ) ;
#446 = CARTESIAN_POINT ( 'NONE',  ( 25.50000000000000355, 2.449293598294708880E-16, 1000.000000000000000 ) ) ;
#447 = ORIENTED_EDGE ( 'NONE', *, *, #3020, .F. ) ;
#448 = CARTESIAN_POINT ( 'NONE',  ( 32.50000000000000000, -4.499999999999976019, -5.500000000000000888 ) ) ;
#449 = CARTESIAN_POINT ( 'NONE',  ( -32.50000000000000000, -6.123233995736766085E-15, -9.499999999999992895 ) ) ;
#450 = DIRECTION ( 'NONE',  ( -0.000000000000000000, -0.000000000000000000, 1.000000000000000000 ) ) ;
#451 = ORIENTED_EDGE ( 'NONE', *, *, #239, .T. ) ;
#452 = CARTESIAN_POINT ( 'NONE',  ( 24.10000000000000497, 4.163799117101001052E-16, 1000.000000000000000 ) ) ;
#453 = VERTEX_POINT ( 'NONE', #236 ) ;
#454 = DIRECTION ( 'NONE',  ( -1.000000000000000000, -2.996340549414485340E-16, 0.000000000000000000 ) ) ;
#455 = CIRCLE ( 'NONE', #2179, 2.200000000000000622 ) ;
#456 = DIRECTION ( 'NONE',  ( -0.7071067811865545671, 8.659560562355020372E-17, 0.7071067811865404673 ) ) ;
#457 = VERTEX_POINT ( 'NONE', #752 ) ;
#458 = DIRECTION ( 'NONE',  ( -0.000000000000000000, -0.000000000000000000, 1.000000000000000000 ) ) ;
#459 = DIRECTION ( 'NONE',  ( -0.000000000000000000, -0.000000000000000000, 1.000000000000000000 ) ) ;
#460 = ORIENTED_EDGE ( 'NONE', *, *, #3017, .F. ) ;
#461 = ORIENTED_EDGE ( 'NONE', *, *, #102, .F. ) ;
#462 = ADVANCED_FACE ( 'NONE', ( #785 ), #2412, .T. ) ;
#463 = LINE ( 'NONE', #661, #1760 ) ;
#464 = ADVANCED_FACE ( 'NONE', ( #2658 ), #1713, .F. ) ;
#465 = DIRECTION ( 'NONE',  ( 3.083952846180990774E-16, -1.000000000000000000, 0.000000000000000000 ) ) ;
#466 = EDGE_LOOP ( 'NONE', ( #651, #1397, #2208, #54 ) ) ;
#467 = CARTESIAN_POINT ( 'NONE',  ( 3.749999999999999112, 4.500000000000045297, -2.500000000000000000 ) ) ;
#468 = AXIS2_PLACEMENT_3D ( 'NONE', #1927, #2888, #2184 ) ;
#469 = ORIENTED_EDGE ( 'NONE', *, *, #2774, .F. ) ;
#470 = CYLINDRICAL_SURFACE ( 'NONE', #381, 5.000000000000000888 ) ;
#471 = LINE ( 'NONE', #904, #2358 ) ;
#472 = AXIS2_PLACEMENT_3D ( 'NONE', #1564, #884, #2073 ) ;
#473 = VERTEX_POINT ( 'NONE', #1978 ) ;
#474 = AXIS2_PLACEMENT_3D ( 'NONE', #638, #1586, #2528 ) ;
#475 = LINE ( 'NONE', #1422, #562 ) ;
#476 = VECTOR ( 'NONE', #2076, 1000.000000000000000 ) ;
#477 = LINE ( 'NONE', #1156, #1764 ) ;
#478 = VECTOR ( 'NONE', #1281, 1000.000000000000000 ) ;
#479 = AXIS2_PLACEMENT_3D ( 'NONE', #1913, #2096, #1629 ) ;
#480 = ORIENTED_EDGE ( 'NONE', *, *, #648, .F. ) ;
#481 = CYLINDRICAL_SURFACE ( 'NONE', #1412, 2.599999999999998312 ) ;
#482 = DIRECTION ( 'NONE',  ( 0.000000000000000000, -1.000000000000000000, 0.000000000000000000 ) ) ;
#483 = AXIS2_PLACEMENT_3D ( 'NONE', #1435, #425, #1637 ) ;
#484 = EDGE_CURVE ( 'NONE', #495, #933, #1732, .T. ) ;
#485 = EDGE_CURVE ( 'NONE', #1356, #2723, #1708, .T. ) ;
#486 = ORIENTED_EDGE ( 'NONE', *, *, #501, .F. ) ;
#487 = CIRCLE ( 'NONE', #2061, 2.200000000000000622 ) ;
#488 = ORIENTED_EDGE ( 'NONE', *, *, #1750, .T. ) ;
#489 = DIRECTION ( 'NONE',  ( -0.000000000000000000, -0.000000000000000000, 1.000000000000000000 ) ) ;
#490 = AXIS2_PLACEMENT_3D ( 'NONE', #2388, #2647, #257 ) ;
#491 = CARTESIAN_POINT ( 'NONE',  ( 7.500000000000000000, 3.000000000000005329, 10.00000000000000000 ) ) ;
#492 = ORIENTED_EDGE ( 'NONE', *, *, #484, .T. ) ;
#493 = DIRECTION ( 'NONE',  ( -0.000000000000000000, -0.000000000000000000, 1.000000000000000000 ) ) ;
#494 = CARTESIAN_POINT ( 'NONE',  ( 7.500000000000000000, 3.000000000000005329, 9.499999999999985789 ) ) ;
#495 = VERTEX_POINT ( 'NONE', #1153 ) ;
#496 = CARTESIAN_POINT ( 'NONE',  ( -18.75000000000000355, 2.499999999999999112, 10.00000000000000000 ) ) ;
#497 = LINE ( 'NONE', #1181, #384 ) ;
#498 = EDGE_LOOP ( 'NONE', ( #2916, #743, #983, #2931 ) ) ;
#499 = ADVANCED_FACE ( 'NONE', ( #657 ), #1605, .F. ) ;
#500 = EDGE_LOOP ( 'NONE', ( #1235, #831, #2387, #185 ) ) ;
#501 = EDGE_CURVE ( 'NONE', #711, #1522, #3066, .T. ) ;
#502 = FACE_OUTER_BOUND ( 'NONE', #2407, .T. ) ;
#503 = DIRECTION ( 'NONE',  ( 1.000000000000000000, 2.996340549414485340E-16, 1.807003620809173954E-17 ) ) ;
#504 = VERTEX_POINT ( 'NONE', #1203 ) ;
#505 = CARTESIAN_POINT ( 'NONE',  ( -32.50000000000000000, -6.123233995736766085E-15, 4.500000000000001776 ) ) ;
#506 = CARTESIAN_POINT ( 'NONE',  ( 27.50000000000000355, 0.000000000000000000, 10.00000000000000888 ) ) ;
#507 = ORIENTED_EDGE ( 'NONE', *, *, #2978, .F. ) ;
#508 = LINE ( 'NONE', #292, #2947 ) ;
#509 = CARTESIAN_POINT ( 'NONE',  ( 27.50000000000000355, 0.000000000000000000, 7.900000000000018119 ) ) ;
#510 = ORIENTED_EDGE ( 'NONE', *, *, #1954, .T. ) ;
#511 = ORIENTED_EDGE ( 'NONE', *, *, #1993, .T. ) ;
#512 = CARTESIAN_POINT ( 'NONE',  ( -27.50000000000000000, -6.123233995736766085E-15, -9.499999999999992895 ) ) ;
#513 = CYLINDRICAL_SURFACE ( 'NONE', #730, 3.400000000000000355 ) ;
#514 = ADVANCED_FACE ( 'NONE', ( #2316 ), #969, .F. ) ;
#515 = EDGE_CURVE ( 'NONE', #2058, #2772, #2847, .T. ) ;
#516 = ORIENTED_EDGE ( 'NONE', *, *, #1768, .T. ) ;
#517 = CARTESIAN_POINT ( 'NONE',  ( -18.75000000000000355, 1.780640621336459072E-16, -12.00000000000001243 ) ) ;
#518 = PLANE ( 'NONE',  #2703 ) ;
#519 = AXIS2_PLACEMENT_3D ( 'NONE', #2961, #1793, #2777 ) ;
#520 = ORIENTED_EDGE ( 'NONE', *, *, #822, .F. ) ;
#521 = CARTESIAN_POINT ( 'NONE',  ( 27.50000000000000355, 5.000000000000011546, -2.999999999999956035 ) ) ;
#522 = CARTESIAN_POINT ( 'NONE',  ( 7.500000000000001776, -4.999999999999996447, 4.999999999999996447 ) ) ;
#523 = AXIS2_PLACEMENT_3D ( 'NONE', #2039, #1163, #2555 ) ;
#524 = VERTEX_POINT ( 'NONE', #907 ) ;
#525 = AXIS2_PLACEMENT_3D ( 'NONE', #692, #1898, #2848 ) ;
#526 = CIRCLE ( 'NONE', #1816, 1.499999999999992673 ) ;
#527 = ORIENTED_EDGE ( 'NONE', *, *, #838, .T. ) ;
#528 = CARTESIAN_POINT ( 'NONE',  ( 30.00000000000000355, 0.000000000000000000, -5.500000000000060396 ) ) ;
#529 = DIRECTION ( 'NONE',  ( 1.000000000000000000, 0.000000000000000000, 0.000000000000000000 ) ) ;
#530 = DIRECTION ( 'NONE',  ( 1.000000000000000000, 2.996340549414485340E-16, 0.000000000000000000 ) ) ;
#531 = CONICAL_SURFACE ( 'NONE', #93, 5.000000000000000888, 0.7853981633974482790 ) ;
#532 = FACE_OUTER_BOUND ( 'NONE', #2660, .T. ) ;
#533 = EDGE_CURVE ( 'NONE', #89, #2612, #812, .T. ) ;
#534 = EDGE_CURVE ( 'NONE', #944, #1107, #1373, .T. ) ;
#535 = CARTESIAN_POINT ( 'NONE',  ( 32.50000000000000000, 5.000000000000031974, 5.500000000000000888 ) ) ;
#536 = ORIENTED_EDGE ( 'NONE', *, *, #1694, .F. ) ;
#537 = ORIENTED_EDGE ( 'NONE', *, *, #2409, .T. ) ;
#538 = DIRECTION ( 'NONE',  ( -1.807003620809173954E-17, -5.572713959453807775E-33, 1.000000000000000000 ) ) ;
#539 = EDGE_CURVE ( 'NONE', #2327, #683, #1555, .T. ) ;
#540 = DIRECTION ( 'NONE',  ( -1.000000000000000000, 0.000000000000000000, 0.000000000000000000 ) ) ;
#541 = ORIENTED_EDGE ( 'NONE', *, *, #2485, .T. ) ;
#542 = DIRECTION ( 'NONE',  ( 1.000000000000000000, 0.000000000000000000, 0.000000000000000000 ) ) ;
#543 = ORIENTED_EDGE ( 'NONE', *, *, #1540, .T. ) ;
#544 = DIRECTION ( 'NONE',  ( -1.807003620809173954E-17, -5.572713959453807775E-33, 1.000000000000000000 ) ) ;
#545 = FACE_OUTER_BOUND ( 'NONE', #1072, .T. ) ;
#546 = DIRECTION ( 'NONE',  ( -1.807003620809173954E-17, -5.572713959453807775E-33, 1.000000000000000000 ) ) ;
#547 = DIRECTION ( 'NONE',  ( -0.000000000000000000, -0.000000000000000000, 1.000000000000000000 ) ) ;
#548 = LINE ( 'NONE', #1928, #429 ) ;
#549 = ORIENTED_EDGE ( 'NONE', *, *, #2373, .F. ) ;
#550 = VERTEX_POINT ( 'NONE', #261 ) ;
#551 = CARTESIAN_POINT ( 'NONE',  ( 9.500000000000000000, -2.999999999999994671, -5.499999999999997335 ) ) ;
#552 = DIRECTION ( 'NONE',  ( -3.854941057726237604E-16, -1.155071620686789111E-31, -1.000000000000000000 ) ) ;
#553 = EDGE_CURVE ( 'NONE', #267, #636, #2386, .T. ) ;
#554 = ORIENTED_EDGE ( 'NONE', *, *, #402, .T. ) ;
#555 = ORIENTED_EDGE ( 'NONE', *, *, #20, .T. ) ;
#556 = DIRECTION ( 'NONE',  ( 3.854941057726237604E-16, 0.000000000000000000, 1.000000000000000000 ) ) ;
#557 = LINE ( 'NONE', #748, #32 ) ;
#558 = LINE ( 'NONE', #1508, #1169 ) ;
#559 = DIRECTION ( 'NONE',  ( -3.083952846180990774E-16, 1.000000000000000000, 0.000000000000000000 ) ) ;
#560 = FACE_OUTER_BOUND ( 'NONE', #68, .T. ) ;
#561 = ORIENTED_EDGE ( 'NONE', *, *, #174, .T. ) ;
#562 = VECTOR ( 'NONE', #2365, 1000.000000000000000 ) ;
#563 = ORIENTED_EDGE ( 'NONE', *, *, #1087, .T. ) ;
#564 = DIRECTION ( 'NONE',  ( 0.000000000000000000, 0.7071067811865474617, -0.7071067811865474617 ) ) ;
#565 = DIRECTION ( 'NONE',  ( -1.000000000000000000, 0.000000000000000000, 0.000000000000000000 ) ) ;
#566 = ORIENTED_EDGE ( 'NONE', *, *, #2029, .F. ) ;
#567 = MECHANICAL_DESIGN_GEOMETRIC_PRESENTATION_REPRESENTATION (  '', ( #2949 ), #617 ) ;
#568 = ADVANCED_FACE ( 'NONE', ( #1884 ), #230, .F. ) ;
#569 = VECTOR ( 'NONE', #2122, 1000.000000000000000 ) ;
#570 = EDGE_CURVE ( 'NONE', #1164, #1513, #2199, .T. ) ;
#571 = CARTESIAN_POINT ( 'NONE',  ( 3.750000000000002220, -4.999999999999997335, 3.000000000000012879 ) ) ;
#572 = ORIENTED_EDGE ( 'NONE', *, *, #855, .F. ) ;
#573 = CARTESIAN_POINT ( 'NONE',  ( -27.50000000000000000, -6.123233995736766085E-15, -5.799999999999999822 ) ) ;
#574 = DIRECTION ( 'NONE',  ( -1.000000000000000000, 0.000000000000000000, 0.000000000000000000 ) ) ;
#575 = VECTOR ( 'NONE', #922, 1000.000000000000000 ) ;
#576 = LINE ( 'NONE', #1527, #2246 ) ;
#577 = DIRECTION ( 'NONE',  ( -0.000000000000000000, -0.000000000000000000, 1.000000000000000000 ) ) ;
#578 = DIRECTION ( 'NONE',  ( -1.807003620809173954E-17, -5.572713959453807775E-33, 1.000000000000000000 ) ) ;
#579 = VECTOR ( 'NONE', #1250, 1000.000000000000000 ) ;
#580 = ORIENTED_EDGE ( 'NONE', *, *, #1730, .T. ) ;
#581 = VERTEX_POINT ( 'NONE', #445 ) ;
#582 = FACE_OUTER_BOUND ( 'NONE', #296, .T. ) ;
#583 = VECTOR ( 'NONE', #2764, 1000.000000000000114 ) ;
#584 = EDGE_LOOP ( 'NONE', ( #2307, #753, #2785, #2315 ) ) ;
#585 = CARTESIAN_POINT ( 'NONE',  ( 27.50000000000000000, -4.999999999999990230, 3.000000000000019096 ) ) ;
#586 = DIRECTION ( 'NONE',  ( 0.000000000000000000, -0.000000000000000000, 1.000000000000000000 ) ) ;
#587 = VERTEX_POINT ( 'NONE', #675 ) ;
#588 = EDGE_CURVE ( 'NONE', #1563, #13, #2115, .T. ) ;
#589 = CARTESIAN_POINT ( 'NONE',  ( -5.994448530786177898, 4.500000000000000888, -4.000000000000000000 ) ) ;
#590 = EDGE_CURVE ( 'NONE', #1101, #933, #318, .T. ) ;
#591 = ADVANCED_FACE ( 'NONE', ( #2835 ), #1641, .F. ) ;
#592 = CARTESIAN_POINT ( 'NONE',  ( -31.10000000000000497, -6.123233995736766085E-15, -10.00000000000000000 ) ) ;
#593 = CARTESIAN_POINT ( 'NONE',  ( -27.50000000000000000, -5.000000000000007105, -4.500000000000000888 ) ) ;
#594 = DIRECTION ( 'NONE',  ( 0.000000000000000000, 0.000000000000000000, 1.000000000000000000 ) ) ;
#595 = EDGE_LOOP ( 'NONE', ( #1049, #954, #382, #2318 ) ) ;
#596 = ORIENTED_EDGE ( 'NONE', *, *, #485, .T. ) ;
#597 = DIRECTION ( 'NONE',  ( -0.000000000000000000, -0.000000000000000000, 1.000000000000000000 ) ) ;
#598 = VERTEX_POINT ( 'NONE', #702 ) ;
#599 = CARTESIAN_POINT ( 'NONE',  ( -31.99999999999999289, -6.123233995736766085E-15, 10.00000000000000000 ) ) ;
#600 = SURFACE_STYLE_FILL_AREA ( #1780 ) ;
#601 = ORIENTED_EDGE ( 'NONE', *, *, #1090, .T. ) ;
#602 = DIRECTION ( 'NONE',  ( 1.000000000000000000, -8.673617379884123233E-16, 0.000000000000000000 ) ) ;
#603 = CARTESIAN_POINT ( 'NONE',  ( -27.50000000000000000, -6.123233995736766085E-15, -4.000000000000000000 ) ) ;
#604 = CARTESIAN_POINT ( 'NONE',  ( 7.499999999999998224, 3.000000000000005329, 5.499999999999997335 ) ) ;
#605 = DIRECTION ( 'NONE',  ( 8.920979878885113908E-17, -0.7071067811865481278, 0.7071067811865469066 ) ) ;
#606 = EDGE_CURVE ( 'NONE', #2487, #892, #862, .T. ) ;
#607 = EDGE_CURVE ( 'NONE', #2612, #2036, #475, .T. ) ;
#608 = ORIENTED_EDGE ( 'NONE', *, *, #2333, .F. ) ;
#609 =( NAMED_UNIT ( * ) PLANE_ANGLE_UNIT ( ) SI_UNIT ( $, .RADIAN. ) );
#610 = FACE_OUTER_BOUND ( 'NONE', #194, .T. ) ;
#611 = AXIS2_PLACEMENT_3D ( 'NONE', #517, #272, #796 ) ;
#612 = ORIENTED_EDGE ( 'NONE', *, *, #79, .T. ) ;
#613 = LINE ( 'NONE', #25, #1212 ) ;
#614 = VECTOR ( 'NONE', #2788, 1000.000000000000114 ) ;
#615 = DIRECTION ( 'NONE',  ( -1.000000000000000000, -2.996340549414485340E-16, -1.807003620809173954E-17 ) ) ;
#616 = ORIENTED_EDGE ( 'NONE', *, *, #1580, .T. ) ;
#617 =( GEOMETRIC_REPRESENTATION_CONTEXT ( 3 ) GLOBAL_UNCERTAINTY_ASSIGNED_CONTEXT ( ( #1827 ) ) GLOBAL_UNIT_ASSIGNED_CONTEXT ( ( #2932, #2491, #2680 ) ) REPRESENTATION_CONTEXT ( 'NONE', 'WORKASPACE' ) );
#618 = VECTOR ( 'NONE', #1186, 1000.000000000000000 ) ;
#619 = DIRECTION ( 'NONE',  ( -0.000000000000000000, -0.000000000000000000, 1.000000000000000000 ) ) ;
#620 = CIRCLE ( 'NONE', #2344, 2.499999999999998668 ) ;
#621 = DIRECTION ( 'NONE',  ( -0.000000000000000000, -0.000000000000000000, 1.000000000000000000 ) ) ;
#622 = DIRECTION ( 'NONE',  ( -1.000000000000000000, 0.000000000000000000, 0.000000000000000000 ) ) ;
#623 = VECTOR ( 'NONE', #1246, 1000.000000000000000 ) ;
#624 = CYLINDRICAL_SURFACE ( 'NONE', #827, 2.000000000000001776 ) ;
#625 = AXIS2_PLACEMENT_3D ( 'NONE', #1321, #2767, #356 ) ;
#626 = ORIENTED_EDGE ( 'NONE', *, *, #217, .F. ) ;
#627 = EDGE_CURVE ( 'NONE', #13, #304, #620, .T. ) ;
#628 = EDGE_CURVE ( 'NONE', #1456, #323, #1451, .T. ) ;
#629 = CARTESIAN_POINT ( 'NONE',  ( -27.50000000000000000, -6.123233995736766085E-15, -10.00000000000000000 ) ) ;
#630 = AXIS2_PLACEMENT_3D ( 'NONE', #509, #2100, #2145 ) ;
#631 = ORIENTED_EDGE ( 'NONE', *, *, #1784, .T. ) ;
#632 = EDGE_CURVE ( 'NONE', #428, #2776, #1245, .T. ) ;
#633 = DIRECTION ( 'NONE',  ( 0.000000000000000000, 0.000000000000000000, -1.000000000000000000 ) ) ;
#634 = VECTOR ( 'NONE', #47, 1000.000000000000000 ) ;
#635 = CARTESIAN_POINT ( 'NONE',  ( 30.90000000000000213, 0.000000000000000000, 1000.000000000000000 ) ) ;
#636 = VERTEX_POINT ( 'NONE', #1492 ) ;
#637 = CARTESIAN_POINT ( 'NONE',  ( -24.40000000000000213, -5.743593488001086495E-15, -5.799999999999999822 ) ) ;
#638 = CARTESIAN_POINT ( 'NONE',  ( -18.75000000000000355, 1.780640621336459072E-16, 10.00000000000000000 ) ) ;
#639 = CARTESIAN_POINT ( 'NONE',  ( -32.50000000000000000, -6.123233995736766085E-15, -4.500000000000000888 ) ) ;
#640 = DIRECTION ( 'NONE',  ( -1.000000000000000000, -1.734723475976807094E-16, 0.000000000000000000 ) ) ;
#641 = ORIENTED_EDGE ( 'NONE', *, *, #957, .F. ) ;
#642 = PRODUCT_DEFINITION_CONTEXT ( 'detailed design', #2211, 'design' ) ;
#643 = CARTESIAN_POINT ( 'NONE',  ( 25.00000000000000355, 3.061616997868381662E-16, -5.500000000000060396 ) ) ;
#644 = VERTEX_POINT ( 'NONE', #2653 ) ;
#645 = DIRECTION ( 'NONE',  ( -1.000000000000000000, -2.996340549414485340E-16, -1.734723475976807587E-16 ) ) ;
#646 = CARTESIAN_POINT ( 'NONE',  ( -6.489039424011678214, -4.010960575988285370, 4.000000000000000888 ) ) ;
#647 = EDGE_CURVE ( 'NONE', #2332, #1808, #2922, .T. ) ;
#648 = EDGE_CURVE ( 'NONE', #805, #1101, #2863, .T. ) ;
#649 = CARTESIAN_POINT ( 'NONE',  ( -27.50000000000000000, -6.123233995736766085E-15, 10.00000000000000000 ) ) ;
#650 = CIRCLE ( 'NONE', #2679, 2.599999999999998312 ) ;
#651 = ORIENTED_EDGE ( 'NONE', *, *, #745, .T. ) ;
#652 = LINE ( 'NONE', #2794, #228 ) ;
#653 = ORIENTED_EDGE ( 'NONE', *, *, #2237, .T. ) ;
#654 = CARTESIAN_POINT ( 'NONE',  ( -27.50000000000000000, -6.123233995736766085E-15, -9.499999999999992895 ) ) ;
#655 = CARTESIAN_POINT ( 'NONE',  ( -27.50000000000000000, 4.499999999999980460, -10.00000000000000000 ) ) ;
#656 = DIRECTION ( 'NONE',  ( -1.000000000000000000, -2.996340549414485340E-16, -1.734723475976807587E-16 ) ) ;
#657 = FACE_OUTER_BOUND ( 'NONE', #667, .T. ) ;
#658 = ORIENTED_EDGE ( 'NONE', *, *, #1977, .F. ) ;
#659 = LINE ( 'NONE', #1096, #775 ) ;
#660 = ORIENTED_EDGE ( 'NONE', *, *, #2998, .F. ) ;
#661 = CARTESIAN_POINT ( 'NONE',  ( -8.749999999999996447, -2.499999999999997780, -12.00000000000001243 ) ) ;
#662 = CYLINDRICAL_SURFACE ( 'NONE', #2768, 5.000000000000000888 ) ;
#663 = ORIENTED_EDGE ( 'NONE', *, *, #1051, .T. ) ;
#664 = ADVANCED_FACE ( 'NONE', ( #764 ), #2637, .F. ) ;
#665 = EDGE_CURVE ( 'NONE', #987, #1680, #2693, .T. ) ;
#666 = DIRECTION ( 'NONE',  ( 0.000000000000000000, 0.000000000000000000, 1.000000000000000000 ) ) ;
#667 = EDGE_LOOP ( 'NONE', ( #1886, #900, #1038, #658 ) ) ;
#668 = CARTESIAN_POINT ( 'NONE',  ( -27.50000000000000000, -6.123233995736766085E-15, -5.799999999999999822 ) ) ;
#669 = VECTOR ( 'NONE', #530, 1000.000000000000000 ) ;
#670 = AXIS2_PLACEMENT_3D ( 'NONE', #1853, #9, #942 ) ;
#671 = CARTESIAN_POINT ( 'NONE',  ( 23.74999999999999645, -4.999999999999991118, -3.000000000000011990 ) ) ;
#672 = CIRCLE ( 'NONE', #124, 2.000000000000000000 ) ;
#673 = ORIENTED_EDGE ( 'NONE', *, *, #2774, .T. ) ;
#674 = CIRCLE ( 'NONE', #2153, 2.000000000000000000 ) ;
#675 = CARTESIAN_POINT ( 'NONE',  ( -6.489039424011678214, -4.010960575988285370, -4.000000000000000000 ) ) ;
#676 = CARTESIAN_POINT ( 'NONE',  ( -18.75000000000000000, -2.500000000000000888, 10.00000000000000000 ) ) ;
#677 = VECTOR ( 'NONE', #2797, 1000.000000000000000 ) ;
#678 = ORIENTED_EDGE ( 'NONE', *, *, #1218, .F. ) ;
#679 = LINE ( 'NONE', #694, #1557 ) ;
#680 = VECTOR ( 'NONE', #1943, 1000.000000000000000 ) ;
#681 = LINE ( 'NONE', #2217, #1872 ) ;
#682 = FACE_OUTER_BOUND ( 'NONE', #1932, .T. ) ;
#683 = VERTEX_POINT ( 'NONE', #50 ) ;
#684 = FACE_OUTER_BOUND ( 'NONE', #1792, .T. ) ;
#685 = ORIENTED_EDGE ( 'NONE', *, *, #402, .F. ) ;
#686 = DIRECTION ( 'NONE',  ( -0.000000000000000000, -0.000000000000000000, 1.000000000000000000 ) ) ;
#687 = LINE ( 'NONE', #1419, #2305 ) ;
#688 = EDGE_CURVE ( 'NONE', #746, #2975, #1355, .T. ) ;
#689 = EDGE_CURVE ( 'NONE', #2989, #805, #1684, .T. ) ;
#690 = DIRECTION ( 'NONE',  ( 1.000000000000000000, 0.000000000000000000, 0.000000000000000000 ) ) ;
#691 = VERTEX_POINT ( 'NONE', #505 ) ;
#692 = CARTESIAN_POINT ( 'NONE',  ( 23.74999999999999645, -4.499999999999984901, 3.291382889819968651E-15 ) ) ;
#693 = ORIENTED_EDGE ( 'NONE', *, *, #1579, .F. ) ;
#694 = CARTESIAN_POINT ( 'NONE',  ( 7.499999999999992895, 5.000000000000005329, 9.999999999999992895 ) ) ;
#695 = CARTESIAN_POINT ( 'NONE',  ( 27.50000000000000000, 1.071565949253933651E-14, 10.00000000000000000 ) ) ;
#696 = ORIENTED_EDGE ( 'NONE', *, *, #2837, .T. ) ;
#697 = DIRECTION ( 'NONE',  ( 1.000000000000000000, 0.000000000000000000, 0.000000000000000000 ) ) ;
#698 = ORIENTED_EDGE ( 'NONE', *, *, #2162, .F. ) ;
#699 = FACE_OUTER_BOUND ( 'NONE', #1849, .T. ) ;
#700 = LINE ( 'NONE', #1370, #677 ) ;
#701 = ORIENTED_EDGE ( 'NONE', *, *, #326, .T. ) ;
#702 = CARTESIAN_POINT ( 'NONE',  ( -30.59999999999999787, -5.743593488001086495E-15, 5.799999999999999822 ) ) ;
#703 = ADVANCED_FACE ( 'NONE', ( #1001, #532 ), #988, .F. ) ;
#704 = EDGE_CURVE ( 'NONE', #1473, #1107, #1409, .T. ) ;
#705 = DIRECTION ( 'NONE',  ( 1.000000000000000000, 0.000000000000000000, 0.000000000000000000 ) ) ;
#706 = ORIENTED_EDGE ( 'NONE', *, *, #2125, .F. ) ;
#707 = CARTESIAN_POINT ( 'NONE',  ( -8.750000000000000000, 2.500000000000000888, -12.00000000000001243 ) ) ;
#708 = DIRECTION ( 'NONE',  ( 2.996340549414485340E-16, -1.000000000000000000, -0.000000000000000000 ) ) ;
#709 = VERTEX_POINT ( 'NONE', #1477 ) ;
#710 = AXIS2_PLACEMENT_3D ( 'NONE', #395, #1337, #2278 ) ;
#711 = VERTEX_POINT ( 'NONE', #2421 ) ;
#712 = CARTESIAN_POINT ( 'NONE',  ( -8.750000000000000000, 2.500000000000000888, -4.000000000000000000 ) ) ;
#713 = DIRECTION ( 'NONE',  ( -1.000000000000000000, -2.996340549414485340E-16, 0.000000000000000000 ) ) ;
#714 = VECTOR ( 'NONE', #2741, 1000.000000000000000 ) ;
#715 = DIRECTION ( 'NONE',  ( 0.000000000000000000, 0.000000000000000000, 1.000000000000000000 ) ) ;
#716 = ORIENTED_EDGE ( 'NONE', *, *, #2428, .F. ) ;
#717 = CIRCLE ( 'NONE', #1069, 3.000000000000012879 ) ;
#718 = DIRECTION ( 'NONE',  ( 2.996340549414485340E-16, -1.000000000000000000, -0.000000000000000000 ) ) ;
#719 = CIRCLE ( 'NONE', #1953, 2.500000000000000444 ) ;
#720 = FACE_OUTER_BOUND ( 'NONE', #387, .T. ) ;
#721 = VECTOR ( 'NONE', #2265, 1000.000000000000114 ) ;
#722 = EDGE_CURVE ( 'NONE', #1097, #2022, #1728, .T. ) ;
#723 = AXIS2_PLACEMENT_3D ( 'NONE', #506, #229, #705 ) ;
#724 = ORIENTED_EDGE ( 'NONE', *, *, #406, .T. ) ;
#725 = CYLINDRICAL_SURFACE ( 'NONE', #224, 2.499999999999999556 ) ;
#726 = DIRECTION ( 'NONE',  ( -1.052093822672838394E-16, 0.7071067811865425767, 0.7071067811865525687 ) ) ;
#727 = VECTOR ( 'NONE', #640, 1000.000000000000000 ) ;
#728 = EDGE_CURVE ( 'NONE', #848, #2805, #315, .T. ) ;
#729 = VERTEX_POINT ( 'NONE', #2202 ) ;
#730 = AXIS2_PLACEMENT_3D ( 'NONE', #2405, #1243, #313 ) ;
#731 = AXIS2_PLACEMENT_3D ( 'NONE', #338, #2461, #2641 ) ;
#732 = ORIENTED_EDGE ( 'NONE', *, *, #1346, .F. ) ;
#733 = DIRECTION ( 'NONE',  ( -0.000000000000000000, -0.000000000000000000, 1.000000000000000000 ) ) ;
#734 = AXIS2_PLACEMENT_3D ( 'NONE', #1146, #390, #1358 ) ;
#735 = CARTESIAN_POINT ( 'NONE',  ( -5.499999999999945821, 5.000000000000001776, 10.00000000000000000 ) ) ;
#736 = EDGE_LOOP ( 'NONE', ( #536, #208, #2799, #451 ) ) ;
#737 = DIRECTION ( 'NONE',  ( 1.000000000000000000, 0.000000000000000000, 0.000000000000000000 ) ) ;
#738 = CARTESIAN_POINT ( 'NONE',  ( -6.708236589799212446, -1.442637229786218889, -4.000000000000000000 ) ) ;
#739 = EDGE_LOOP ( 'NONE', ( #2147, #1739, #1547, #2430, #2249 ) ) ;
#740 = ORIENTED_EDGE ( 'NONE', *, *, #2924, .T. ) ;
#741 = FACE_OUTER_BOUND ( 'NONE', #1876, .T. ) ;
#742 = FACE_BOUND ( 'NONE', #2492, .T. ) ;
#743 = ORIENTED_EDGE ( 'NONE', *, *, #1445, .F. ) ;
#744 = EDGE_CURVE ( 'NONE', #2118, #89, #87, .T. ) ;
#745 = EDGE_CURVE ( 'NONE', #189, #729, #2222, .T. ) ;
#746 = VERTEX_POINT ( 'NONE', #1798 ) ;
#747 = CARTESIAN_POINT ( 'NONE',  ( -6.085786437626885537, -4.414213562373089594, 4.500000000000001776 ) ) ;
#748 = CARTESIAN_POINT ( 'NONE',  ( 7.500000000000003553, -4.499999999999989342, 10.00000000000000000 ) ) ;
#749 = ORIENTED_EDGE ( 'NONE', *, *, #78, .T. ) ;
#750 = DIRECTION ( 'NONE',  ( -1.000000000000000000, 0.000000000000000000, 0.000000000000000000 ) ) ;
#751 = FACE_BOUND ( 'NONE', #2565, .T. ) ;
#752 = CARTESIAN_POINT ( 'NONE',  ( -6.708236589799212446, -1.442637229786218889, 4.000000000000001776 ) ) ;
#753 = ORIENTED_EDGE ( 'NONE', *, *, #2564, .F. ) ;
#754 = DIRECTION ( 'NONE',  ( -0.000000000000000000, -0.000000000000000000, 1.000000000000000000 ) ) ;
#755 = CARTESIAN_POINT ( 'NONE',  ( -5.164187974730391595, 5.000000000000001776, 4.500000000000000888 ) ) ;
#756 = ORIENTED_EDGE ( 'NONE', *, *, #274, .F. ) ;
#757 = ORIENTED_EDGE ( 'NONE', *, *, #953, .F. ) ;
#758 = EDGE_CURVE ( 'NONE', #2447, #2457, #829, .T. ) ;
#759 = EDGE_CURVE ( 'NONE', #2457, #2688, #418, .T. ) ;
#760 = DIRECTION ( 'NONE',  ( -1.000000000000000000, -2.996340549414485340E-16, 0.000000000000000000 ) ) ;
#761 = CARTESIAN_POINT ( 'NONE',  ( 3.750000000000002220, -4.499999999999991118, 2.500000000000000000 ) ) ;
#762 = EDGE_CURVE ( 'NONE', #2607, #1328, #2471, .T. ) ;
#763 = DIRECTION ( 'NONE',  ( -0.000000000000000000, -0.000000000000000000, 1.000000000000000000 ) ) ;
#764 = FACE_OUTER_BOUND ( 'NONE', #2476, .T. ) ;
#765 = DIRECTION ( 'NONE',  ( 2.996340549414485340E-16, -1.000000000000000000, 0.000000000000000000 ) ) ;
#766 = VECTOR ( 'NONE', #2866, 1000.000000000000000 ) ;
#767 = CLOSED_SHELL ( 'NONE', ( #2929, #2013, #2996, #1656, #1065, #2335, #2538, #499, #952, #3061, #591, #2851, #2943, #1710, #2674, #1693, #1296, #976, #2484, #1295, #1948, #1524, #2028, #1311, #1009, #703, #307, #1934, #1123, #1502, #7, #2275, #2906, #364, #2372, #343, #2375, #421, #816, #2069, #197, #1896, #1347, #1643, #2853, #2390, #1861, #2869, #1638, #2833, #1830, #2354, #664, #1783, #2594, #134, #895, #994, #462, #2732, #1466, #1484, #2178, #2816, #2043, #2656, #568, #2014, #514, #1947, #1388, #3056, #211, #2469, #2195, #2254, #2563, #310, #59, #2923, #1201, #1862, #2429, #1387, #2502, #153, #858, #1033, #1933, #1273, #464, #2219, #821, #2042, #1825, #270, #784, #1405, #386, #2717, #385, #1278 ) ) ;
#768 = VECTOR ( 'NONE', #2980, 1000.000000000000000 ) ;
#769 = EDGE_LOOP ( 'NONE', ( #397, #2960 ) ) ;
#770 = DIRECTION ( 'NONE',  ( -0.000000000000000000, -0.000000000000000000, 1.000000000000000000 ) ) ;
#771 = DIRECTION ( 'NONE',  ( -1.000000000000000000, 0.000000000000000000, -0.000000000000000000 ) ) ;
#772 = VECTOR ( 'NONE', #1077, 1000.000000000000000 ) ;
#773 = AXIS2_PLACEMENT_3D ( 'NONE', #2821, #3047, #925 ) ;
#774 = ORIENTED_EDGE ( 'NONE', *, *, #1994, .T. ) ;
#775 = VECTOR ( 'NONE', #597, 1000.000000000000000 ) ;
#776 = ORIENTED_EDGE ( 'NONE', *, *, #308, .F. ) ;
#777 = DIRECTION ( 'NONE',  ( 0.000000000000000000, -0.7071067811865469066, 0.7071067811865482389 ) ) ;
#778 = AXIS2_PLACEMENT_3D ( 'NONE', #294, #1498, #1533 ) ;
#779 = CARTESIAN_POINT ( 'NONE',  ( 30.00000000000000355, 0.000000000000000000, -7.900000000000018119 ) ) ;
#780 = DIRECTION ( 'NONE',  ( 1.000000000000000000, 0.000000000000000000, 1.807003620809173954E-17 ) ) ;
#781 = CIRCLE ( 'NONE', #985, 3.099999999999998757 ) ;
#782 = DIRECTION ( 'NONE',  ( -0.000000000000000000, -0.000000000000000000, 1.000000000000000000 ) ) ;
#783 = DIRECTION ( 'NONE',  ( 0.000000000000000000, -1.000000000000000000, 0.000000000000000000 ) ) ;
#784 = ADVANCED_FACE ( 'NONE', ( #2952 ), #1093, .T. ) ;
#785 = FACE_OUTER_BOUND ( 'NONE', #739, .T. ) ;
#786 = VERTEX_POINT ( 'NONE', #593 ) ;
#787 = ORIENTED_EDGE ( 'NONE', *, *, #1331, .F. ) ;
#788 = LINE ( 'NONE', #1942, #71 ) ;
#789 = CARTESIAN_POINT ( 'NONE',  ( -27.50000000000000000, -6.123233995736766085E-15, 10.00000000000000000 ) ) ;
#790 = EDGE_LOOP ( 'NONE', ( #1878, #928 ) ) ;
#791 = CARTESIAN_POINT ( 'NONE',  ( -18.75000000000000355, 1.780640621336459072E-16, -10.00000000000000000 ) ) ;
#792 = ORIENTED_EDGE ( 'NONE', *, *, #274, .T. ) ;
#793 = DIRECTION ( 'NONE',  ( -0.000000000000000000, -0.000000000000000000, -1.000000000000000000 ) ) ;
#794 = CARTESIAN_POINT ( 'NONE',  ( -27.50000000000000000, -5.000000000000007105, 4.500000000000001776 ) ) ;
#795 = CARTESIAN_POINT ( 'NONE',  ( -30.59999999999999787, -5.743593488001086495E-15, 9.499999999999982236 ) ) ;
#796 = DIRECTION ( 'NONE',  ( 1.000000000000000000, 0.000000000000000000, 0.000000000000000000 ) ) ;
#797 = CARTESIAN_POINT ( 'NONE',  ( 30.90000000000000213, 0.000000000000000000, 7.900000000000018119 ) ) ;
#798 = EDGE_LOOP ( 'NONE', ( #2577, #1228, #2256, #818, #1745 ) ) ;
#799 = ORIENTED_EDGE ( 'NONE', *, *, #3057, .T. ) ;
#800 = EDGE_CURVE ( 'NONE', #2588, #1788, #1821, .T. ) ;
#801 = CARTESIAN_POINT ( 'NONE',  ( -56.50000000000000711, 2.499999999999992895, -4.000000000000000000 ) ) ;
#802 = EDGE_CURVE ( 'NONE', #2975, #746, #2592, .T. ) ;
#803 = DIRECTION ( 'NONE',  ( 0.000000000000000000, 0.000000000000000000, 1.000000000000000000 ) ) ;
#804 = ORIENTED_EDGE ( 'NONE', *, *, #1709, .F. ) ;
#805 = VERTEX_POINT ( 'NONE', #2981 ) ;
#806 = CARTESIAN_POINT ( 'NONE',  ( -18.75000000000000355, 2.499999999999999112, -10.00000000000000000 ) ) ;
#807 = FACE_OUTER_BOUND ( 'NONE', #1690, .T. ) ;
#808 = CARTESIAN_POINT ( 'NONE',  ( -18.75000000000000355, -2.500000000000000888, -12.00000000000001243 ) ) ;
#809 = DIRECTION ( 'NONE',  ( -0.000000000000000000, -0.000000000000000000, 1.000000000000000000 ) ) ;
#810 = CARTESIAN_POINT ( 'NONE',  ( 23.74999999999999289, 4.500000000000051514, 2.500000000000003553 ) ) ;
#811 = ORIENTED_EDGE ( 'NONE', *, *, #628, .T. ) ;
#812 = CIRCLE ( 'NONE', #2292, 2.000000000000000000 ) ;
#813 = ORIENTED_EDGE ( 'NONE', *, *, #485, .F. ) ;
#814 = DIRECTION ( 'NONE',  ( 0.000000000000000000, 0.000000000000000000, 1.000000000000000000 ) ) ;
#815 = LINE ( 'NONE', #1763, #680 ) ;
#816 = ADVANCED_FACE ( 'NONE', ( #1587 ), #409, .T. ) ;
#817 = CIRCLE ( 'NONE', #1511, 1.499999999999984901 ) ;
#818 = ORIENTED_EDGE ( 'NONE', *, *, #2633, .T. ) ;
#819 = VECTOR ( 'NONE', #2205, 1000.000000000000000 ) ;
#820 = AXIS2_PLACEMENT_3D ( 'NONE', #2509, #119, #864 ) ;
#821 = ADVANCED_FACE ( 'NONE', ( #1542 ), #2482, .T. ) ;
#822 = EDGE_CURVE ( 'NONE', #892, #495, #2290, .T. ) ;
#823 = CARTESIAN_POINT ( 'NONE',  ( -6.085786437626878431, -4.414213562373089594, -4.000000000000000000 ) ) ;
#824 = ORIENTED_EDGE ( 'NONE', *, *, #2070, .T. ) ;
#825 = AXIS2_PLACEMENT_3D ( 'NONE', #1990, #2686, #2654 ) ;
#826 = CARTESIAN_POINT ( 'NONE',  ( 27.50000000000000000, 1.071565949253933651E-14, -4.999999999999992006 ) ) ;
#827 = AXIS2_PLACEMENT_3D ( 'NONE', #1822, #2519, #1325 ) ;
#828 = CARTESIAN_POINT ( 'NONE',  ( -18.75000000000000355, -2.500000000000000888, -4.000000000000000000 ) ) ;
#829 = LINE ( 'NONE', #639, #721 ) ;
#830 = DIRECTION ( 'NONE',  ( 3.345367454581909272E-16, -0.7071067811865484609, -0.7071067811865465735 ) ) ;
#831 = ORIENTED_EDGE ( 'NONE', *, *, #2963, .F. ) ;
#832 = ORIENTED_EDGE ( 'NONE', *, *, #628, .F. ) ;
#833 = CARTESIAN_POINT ( 'NONE',  ( -27.50000000000000000, -6.123233995736766085E-15, 5.799999999999998046 ) ) ;
#834 = ORIENTED_EDGE ( 'NONE', *, *, #3057, .F. ) ;
#835 = CARTESIAN_POINT ( 'NONE',  ( -30.59999999999999787, -5.743593488001086495E-15, 5.799999999999999822 ) ) ;
#836 = FACE_OUTER_BOUND ( 'NONE', #1150, .T. ) ;
#837 = ORIENTED_EDGE ( 'NONE', *, *, #365, .F. ) ;
#838 = EDGE_CURVE ( 'NONE', #2645, #1425, #2753, .T. ) ;
#839 = EDGE_CURVE ( 'NONE', #176, #2776, #2999, .T. ) ;
#840 = DIRECTION ( 'NONE',  ( 1.000000000000000000, 0.000000000000000000, 0.000000000000000000 ) ) ;
#841 = CARTESIAN_POINT ( 'NONE',  ( 29.50000000000000711, 0.000000000000000000, -7.899999999999995914 ) ) ;
#842 = CARTESIAN_POINT ( 'NONE',  ( 27.50000000000000000, 4.499999999999997335, -10.00000000000000000 ) ) ;
#843 = DIRECTION ( 'NONE',  ( 1.000000000000000000, 0.000000000000000000, 0.000000000000000000 ) ) ;
#844 = ORIENTED_EDGE ( 'NONE', *, *, #1977, .T. ) ;
#845 = ORIENTED_EDGE ( 'NONE', *, *, #995, .T. ) ;
#846 = APPLICATION_PROTOCOL_DEFINITION ( 'draft international standard', 'automotive_design', 1998, #259 ) ;
#847 = CARTESIAN_POINT ( 'NONE',  ( 27.50000000000000000, 1.071565949253933651E-14, -4.999999999999992006 ) ) ;
#848 = VERTEX_POINT ( 'NONE', #2702 ) ;
#849 = CARTESIAN_POINT ( 'NONE',  ( -5.074825861638583291, -2.596747013615196220, -4.000000000000000000 ) ) ;
#850 = CIRCLE ( 'NONE', #2582, 4.500000000000000888 ) ;
#851 = DIRECTION ( 'NONE',  ( -0.7071067811865439090, 0.7071067811865512365, -0.000000000000000000 ) ) ;
#852 = EDGE_LOOP ( 'NONE', ( #947, #2075, #2666, #2371 ) ) ;
#853 = CARTESIAN_POINT ( 'NONE',  ( 9.500000000000001776, -2.999999999999994671, 9.499999999999985789 ) ) ;
#854 = EDGE_CURVE ( 'NONE', #1734, #2216, #76, .T. ) ;
#855 = EDGE_CURVE ( 'NONE', #213, #1132, #1811, .T. ) ;
#856 = CARTESIAN_POINT ( 'NONE',  ( 27.50000000000000355, 0.000000000000000000, 12.00000000000001066 ) ) ;
#857 = FACE_OUTER_BOUND ( 'NONE', #1496, .T. ) ;
#858 = ADVANCED_FACE ( 'NONE', ( #2937 ), #1945, .T. ) ;
#859 = ORIENTED_EDGE ( 'NONE', *, *, #1802, .F. ) ;
#860 = LINE ( 'NONE', #2755, #2596 ) ;
#861 = DIRECTION ( 'NONE',  ( 1.000000000000000000, 0.000000000000000000, 0.000000000000000000 ) ) ;
#862 = CIRCLE ( 'NONE', #1800, 4.499999999999986677 ) ;
#863 = ORIENTED_EDGE ( 'NONE', *, *, #1252, .T. ) ;
#864 = DIRECTION ( 'NONE',  ( 0.000000000000000000, 0.000000000000000000, 1.000000000000000000 ) ) ;
#865 = CARTESIAN_POINT ( 'NONE',  ( -5.164187974730410247, -5.000000000000000888, 4.500000000000002665 ) ) ;
#866 = CIRCLE ( 'NONE', #2494, 2.200000000000000622 ) ;
#867 = CARTESIAN_POINT ( 'NONE',  ( 23.74999999999999289, 5.000000000000010658, -2.999999999999956479 ) ) ;
#868 = EDGE_LOOP ( 'NONE', ( #3039, #1390 ) ) ;
#869 = AXIS2_PLACEMENT_3D ( 'NONE', #841, #1785, #1836 ) ;
#870 = CIRCLE ( 'NONE', #2150, 2.599999999999998312 ) ;
#871 = LINE ( 'NONE', #1102, #970 ) ;
#872 = AXIS2_PLACEMENT_3D ( 'NONE', #2169, #1509, #1958 ) ;
#873 = VECTOR ( 'NONE', #10, 999.9999999999998863 ) ;
#874 = DIRECTION ( 'NONE',  ( -2.996340549414485340E-16, 1.000000000000000000, 0.000000000000000000 ) ) ;
#875 = DIRECTION ( 'NONE',  ( -1.000000000000000000, 0.000000000000000000, 0.000000000000000000 ) ) ;
#876 = AXIS2_PLACEMENT_3D ( 'NONE', #1893, #2311, #2576 ) ;
#877 = DIRECTION ( 'NONE',  ( 1.508455196501571429E-16, 4.652004696587526895E-32, 1.000000000000000000 ) ) ;
#878 = ORIENTED_EDGE ( 'NONE', *, *, #1239, .T. ) ;
#879 = EDGE_CURVE ( 'NONE', #1361, #2332, #1160, .T. ) ;
#880 = EDGE_CURVE ( 'NONE', #848, #805, #2443, .T. ) ;
#881 = DIRECTION ( 'NONE',  ( 0.7071067811865426878, 0.000000000000000000, -0.7071067811865524577 ) ) ;
#882 = AXIS2_PLACEMENT_3D ( 'NONE', #1931, #234, #252 ) ;
#883 = EDGE_LOOP ( 'NONE', ( #716, #3034, #1770, #444, #612, #1326, #2795, #949 ) ) ;
#884 = DIRECTION ( 'NONE',  ( 3.854941057726237604E-16, 1.155071620686789111E-31, -1.000000000000000000 ) ) ;
#885 = VECTOR ( 'NONE', #777, 999.9999999999998863 ) ;
#886 = CARTESIAN_POINT ( 'NONE',  ( 29.50000000000000711, 0.000000000000000000, -7.900000000000018119 ) ) ;
#887 = ORIENTED_EDGE ( 'NONE', *, *, #553, .T. ) ;
#888 = DIRECTION ( 'NONE',  ( -1.000000000000000000, -2.996340549414485340E-16, 0.000000000000000000 ) ) ;
#889 = PLANE ( 'NONE',  #2497 ) ;
#890 = FACE_OUTER_BOUND ( 'NONE', #1148, .T. ) ;
#891 = DIRECTION ( 'NONE',  ( 2.996340549414485340E-16, -1.000000000000000000, -0.000000000000000000 ) ) ;
#892 = VERTEX_POINT ( 'NONE', #655 ) ;
#893 = LINE ( 'NONE', #1340, #1180 ) ;
#894 = EDGE_CURVE ( 'NONE', #504, #1356, #206, .T. ) ;
#895 = ADVANCED_FACE ( 'NONE', ( #3062 ), #4, .F. ) ;
#896 = ORIENTED_EDGE ( 'NONE', *, *, #2084, .F. ) ;
#897 = CARTESIAN_POINT ( 'NONE',  ( 27.50000000000000355, 0.000000000000000000, 1000.000000000000000 ) ) ;
#898 = DIRECTION ( 'NONE',  ( -3.854941057726237604E-16, -1.155071620686788892E-31, 1.000000000000000000 ) ) ;
#899 = DIRECTION ( 'NONE',  ( 0.000000000000000000, -0.000000000000000000, 1.000000000000000000 ) ) ;
#900 = ORIENTED_EDGE ( 'NONE', *, *, #1691, .T. ) ;
#901 = CARTESIAN_POINT ( 'NONE',  ( -6.489039424011661339, 4.010960575988303134, -4.000000000000000000 ) ) ;
#902 = ORIENTED_EDGE ( 'NONE', *, *, #2655, .T. ) ;
#903 = CARTESIAN_POINT ( 'NONE',  ( -18.75000000000000355, -2.500000000000000888, -12.00000000000001243 ) ) ;
#904 = CARTESIAN_POINT ( 'NONE',  ( -27.50000000000000000, -4.499999999999992895, -10.00000000000000000 ) ) ;
#905 = DIRECTION ( 'NONE',  ( -0.000000000000000000, -0.000000000000000000, 1.000000000000000000 ) ) ;
#906 = ORIENTED_EDGE ( 'NONE', *, *, #2467, .T. ) ;
#907 = CARTESIAN_POINT ( 'NONE',  ( 8.999999999999984013, 3.000000000000005773, -10.00000000000000000 ) ) ;
#908 = LINE ( 'NONE', #2366, #2756 ) ;
#909 = EDGE_LOOP ( 'NONE', ( #2459, #1803, #2880, #3046, #554 ) ) ;
#910 = CARTESIAN_POINT ( 'NONE',  ( 32.00000000000000000, 0.000000000000000000, 7.900000000000018119 ) ) ;
#911 = DIRECTION ( 'NONE',  ( 0.000000000000000000, 0.000000000000000000, 1.000000000000000000 ) ) ;
#912 = EDGE_CURVE ( 'NONE', #1968, #348, #1890, .T. ) ;
#913 = LINE ( 'NONE', #1846, #123 ) ;
#914 = ORIENTED_EDGE ( 'NONE', *, *, #606, .T. ) ;
#915 = VECTOR ( 'NONE', #2617, 1000.000000000000000 ) ;
#916 = EDGE_CURVE ( 'NONE', #581, #2588, #2730, .T. ) ;
#917 = EDGE_CURVE ( 'NONE', #2022, #1829, #1439, .T. ) ;
#918 = CARTESIAN_POINT ( 'NONE',  ( -8.749999999999998224, 2.015034260854676310E-15, 4.000000000000001776 ) ) ;
#919 = ORIENTED_EDGE ( 'NONE', *, *, #291, .T. ) ;
#920 = CARTESIAN_POINT ( 'NONE',  ( -27.50000000000000000, 4.499999999999987566, 10.00000000000000000 ) ) ;
#921 = AXIS2_PLACEMENT_3D ( 'NONE', #2192, #2727, #542 ) ;
#922 = DIRECTION ( 'NONE',  ( -0.7071067811865513475, -0.7071067811865437980, -1.277744513902819023E-17 ) ) ;
#923 = ORIENTED_EDGE ( 'NONE', *, *, #196, .F. ) ;
#924 = VECTOR ( 'NONE', #146, 1000.000000000000000 ) ;
#925 = DIRECTION ( 'NONE',  ( 1.000000000000000000, 0.000000000000000000, 0.000000000000000000 ) ) ;
#926 = CARTESIAN_POINT ( 'NONE',  ( -27.50000000000000000, -5.000000000000007105, -4.500000000000000888 ) ) ;
#927 = CIRCLE ( 'NONE', #1322, 5.000000000000000888 ) ;
#928 = ORIENTED_EDGE ( 'NONE', *, *, #308, .T. ) ;
#929 = DIRECTION ( 'NONE',  ( -0.000000000000000000, -0.000000000000000000, 1.000000000000000000 ) ) ;
#930 = AXIS2_PLACEMENT_3D ( 'NONE', #1702, #117, #1006 ) ;
#931 = CARTESIAN_POINT ( 'NONE',  ( 27.50000000000000000, -4.499999999999976019, -5.500000000000000000 ) ) ;
#932 = VECTOR ( 'NONE', #2919, 1000.000000000000114 ) ;
#933 = VERTEX_POINT ( 'NONE', #1850 ) ;
#934 = CARTESIAN_POINT ( 'NONE',  ( 27.50000000000000000, -4.499999999999976019, -10.00000000000000000 ) ) ;
#935 = EDGE_LOOP ( 'NONE', ( #1775, #1488, #2269, #520 ) ) ;
#936 = EDGE_CURVE ( 'NONE', #17, #1283, #455, .T. ) ;
#937 = EDGE_CURVE ( 'NONE', #3000, #2447, #850, .T. ) ;
#938 = DIRECTION ( 'NONE',  ( -1.000000000000000000, 0.000000000000000000, -1.927470528863120035E-16 ) ) ;
#939 = FACE_OUTER_BOUND ( 'NONE', #2814, .T. ) ;
#940 = EDGE_LOOP ( 'NONE', ( #249, #2586, #2081, #2583 ) ) ;
#941 =( BOUNDED_CURVE ( )  B_SPLINE_CURVE ( 3, ( #2320, #1565, #865, #2284 ),
 .UNSPECIFIED., .F., .T. ) 
 B_SPLINE_CURVE_WITH_KNOTS ( ( 4, 4 ),
 ( 2.418858405776334486, 3.141592653589793116 ),
 .UNSPECIFIED. ) 
 CURVE ( )  GEOMETRIC_REPRESENTATION_ITEM ( )  RATIONAL_B_SPLINE_CURVE ( ( 1.000000000000000000, 0.9569428977956517812, 0.9569428977956517812, 1.000000000000000000 ) ) 
 REPRESENTATION_ITEM ( '' )  );
#942 = DIRECTION ( 'NONE',  ( 1.000000000000000000, 2.996340549414485340E-16, 1.734723475976807587E-16 ) ) ;
#943 = PLANE ( 'NONE',  #2406 ) ;
#944 = VERTEX_POINT ( 'NONE', #2783 ) ;
#945 = DIRECTION ( 'NONE',  ( 1.000000000000000000, 0.000000000000000000, 0.000000000000000000 ) ) ;
#946 = DIRECTION ( 'NONE',  ( -1.000000000000000000, -2.996340549414485340E-16, 1.508455196501571429E-16 ) ) ;
#947 = ORIENTED_EDGE ( 'NONE', *, *, #1897, .F. ) ;
#948 = CARTESIAN_POINT ( 'NONE',  ( 32.50000000000000000, 4.500000000000012434, 5.500000000000000888 ) ) ;
#949 = ORIENTED_EDGE ( 'NONE', *, *, #275, .T. ) ;
#950 = CARTESIAN_POINT ( 'NONE',  ( -18.75000000000000355, 1.780640621336459072E-16, 4.000000000000001776 ) ) ;
#951 = DIRECTION ( 'NONE',  ( 0.000000000000000000, -0.7071067811865524577, 0.7071067811865426878 ) ) ;
#952 = ADVANCED_FACE ( 'NONE', ( #1879 ), #2543, .F. ) ;
#953 = EDGE_CURVE ( 'NONE', #2186, #428, #2977, .T. ) ;
#954 = ORIENTED_EDGE ( 'NONE', *, *, #1346, .T. ) ;
#955 = CARTESIAN_POINT ( 'NONE',  ( 27.50000000000000355, 0.000000000000000000, -7.900000000000018119 ) ) ;
#956 = CARTESIAN_POINT ( 'NONE',  ( 27.50000000000000355, 0.000000000000000000, 1000.000000000000000 ) ) ;
#957 = EDGE_CURVE ( 'NONE', #2572, #1334, #650, .T. ) ;
#958 = ORIENTED_EDGE ( 'NONE', *, *, #1749, .F. ) ;
#959 = DIRECTION ( 'NONE',  ( 2.996340549414485340E-16, -1.000000000000000000, -0.000000000000000000 ) ) ;
#960 = CYLINDRICAL_SURFACE ( 'NONE', #1528, 5.000000000000000888 ) ;
#961 = ORIENTED_EDGE ( 'NONE', *, *, #2620, .T. ) ;
#962 = AXIS2_PLACEMENT_3D ( 'NONE', #1912, #1155, #2095 ) ;
#963 = EDGE_LOOP ( 'NONE', ( #1915, #1289, #180, #1462, #352 ) ) ;
#964 = CARTESIAN_POINT ( 'NONE',  ( -27.50000000000000000, -6.123233995736766085E-15, -9.499999999999984013 ) ) ;
#965 = DIRECTION ( 'NONE',  ( 1.508455196501571429E-16, 4.652004696587526895E-32, -1.000000000000000000 ) ) ;
#966 = AXIS2_PLACEMENT_3D ( 'NONE', #160, #2532, #350 ) ;
#967 = ORIENTED_EDGE ( 'NONE', *, *, #2579, .T. ) ;
#968 = AXIS2_PLACEMENT_3D ( 'NONE', #2809, #1344, #2791 ) ;
#969 = PLANE ( 'NONE',  #670 ) ;
#970 = VECTOR ( 'NONE', #1056, 1000.000000000000000 ) ;
#971 = CARTESIAN_POINT ( 'NONE',  ( 23.00000000000000711, 5.510910596163085611E-16, 1000.000000000000000 ) ) ;
#972 = CIRCLE ( 'NONE', #1068, 2.499999999999998668 ) ;
#973 = VERTEX_POINT ( 'NONE', #2830 ) ;
#974 = VECTOR ( 'NONE', #2822, 1000.000000000000000 ) ;
#975 = ORIENTED_EDGE ( 'NONE', *, *, #1086, .F. ) ;
#976 = ADVANCED_FACE ( 'NONE', ( #699 ), #470, .T. ) ;
#977 = CARTESIAN_POINT ( 'NONE',  ( 3.750000000000002220, -4.999999999999997335, 3.000000000000012879 ) ) ;
#978 = EDGE_CURVE ( 'NONE', #348, #1968, #1626, .T. ) ;
#979 = DIRECTION ( 'NONE',  ( 0.000000000000000000, 0.000000000000000000, -1.000000000000000000 ) ) ;
#980 = CONICAL_SURFACE ( 'NONE', #2652, 3.099999999999998757, 0.7853981633974582710 ) ;
#981 = ORIENTED_EDGE ( 'NONE', *, *, #2288, .T. ) ;
#982 = CIRCLE ( 'NONE', #2363, 2.500000000000000444 ) ;
#983 = ORIENTED_EDGE ( 'NONE', *, *, #1622, .F. ) ;
#984 = PLANE ( 'NONE',  #1377 ) ;
#985 = AXIS2_PLACEMENT_3D ( 'NONE', #573, #1378, #416 ) ;
#986 = CARTESIAN_POINT ( 'NONE',  ( -31.99999999999999289, -6.123233995736766085E-15, 10.00000000000000000 ) ) ;
#987 = VERTEX_POINT ( 'NONE', #2843 ) ;
#988 = PLANE ( 'NONE',  #468 ) ;
#989 = PLANE ( 'NONE',  #2808 ) ;
#990 = VERTEX_POINT ( 'NONE', #712 ) ;
#991 = ORIENTED_EDGE ( 'NONE', *, *, #196, .T. ) ;
#992 = CARTESIAN_POINT ( 'NONE',  ( -27.50000000000000000, -6.123233995736766085E-15, 4.000000000000001776 ) ) ;
#993 = FACE_BOUND ( 'NONE', #14, .T. ) ;
#994 = ADVANCED_FACE ( 'NONE', ( #191 ), #1663, .F. ) ;
#995 = EDGE_CURVE ( 'NONE', #524, #2206, #1434, .T. ) ;
#996 = ORIENTED_EDGE ( 'NONE', *, *, #58, .T. ) ;
#997 = VERTEX_POINT ( 'NONE', #3014 ) ;
#998 = CARTESIAN_POINT ( 'NONE',  ( -6.085786437626847345, 4.414213562373106470, 4.000000000000001776 ) ) ;
#999 = DIRECTION ( 'NONE',  ( -1.000000000000000000, 0.000000000000000000, -1.927470528863120035E-16 ) ) ;
#1000 = ORIENTED_EDGE ( 'NONE', *, *, #1920, .T. ) ;
#1001 = FACE_BOUND ( 'NONE', #2121, .T. ) ;
#1002 = DIRECTION ( 'NONE',  ( -0.000000000000000000, -0.000000000000000000, 1.000000000000000000 ) ) ;
#1003 = ORIENTED_EDGE ( 'NONE', *, *, #2595, .F. ) ;
#1004 = ORIENTED_EDGE ( 'NONE', *, *, #1139, .T. ) ;
#1005 = DIRECTION ( 'NONE',  ( -0.000000000000000000, -0.000000000000000000, -1.000000000000000000 ) ) ;
#1006 = DIRECTION ( 'NONE',  ( -1.000000000000000000, 0.000000000000000000, 0.000000000000000000 ) ) ;
#1007 = ORIENTED_EDGE ( 'NONE', *, *, #20, .F. ) ;
#1008 = VERTEX_POINT ( 'NONE', #2079 ) ;
#1009 = ADVANCED_FACE ( 'NONE', ( #890, #1837, #3029 ), #984, .F. ) ;
#1010 = DIRECTION ( 'NONE',  ( 1.000000000000000000, 0.000000000000000000, 0.000000000000000000 ) ) ;
#1011 = CARTESIAN_POINT ( 'NONE',  ( 27.50000000000000000, -4.999999999999990230, -9.499999999999992895 ) ) ;
#1012 = AXIS2_PLACEMENT_3D ( 'NONE', #2578, #458, #1654 ) ;
#1013 = DIRECTION ( 'NONE',  ( 1.000000000000000000, 0.000000000000000000, 0.000000000000000000 ) ) ;
#1014 = CARTESIAN_POINT ( 'NONE',  ( -27.50000000000000000, -6.123233995736766085E-15, -12.00000000000001243 ) ) ;
#1015 = VECTOR ( 'NONE', #754, 1000.000000000000000 ) ;
#1016 = AXIS2_PLACEMENT_3D ( 'NONE', #1769, #95, #2695 ) ;
#1017 = ORIENTED_EDGE ( 'NONE', *, *, #2503, .F. ) ;
#1018 = EDGE_LOOP ( 'NONE', ( #1971, #981 ) ) ;
#1019 = CARTESIAN_POINT ( 'NONE',  ( 27.50000000000000355, 0.000000000000000000, 1000.000000000000000 ) ) ;
#1020 = CARTESIAN_POINT ( 'NONE',  ( -27.50000000000000000, -6.123233995736766085E-15, 10.00000000000000000 ) ) ;
#1021 = AXIS2_PLACEMENT_3D ( 'NONE', #2221, #1771, #2887 ) ;
#1022 = VECTOR ( 'NONE', #2529, 1000.000000000000000 ) ;
#1023 = AXIS2_PLACEMENT_3D ( 'NONE', #956, #22, #1193 ) ;
#1024 = ORIENTED_EDGE ( 'NONE', *, *, #239, .F. ) ;
#1025 = VECTOR ( 'NONE', #1574, 1000.000000000000000 ) ;
#1026 = FILL_AREA_STYLE_COLOUR ( '', #373 ) ;
#1027 = AXIS2_PLACEMENT_3D ( 'NONE', #1230, #1707, #299 ) ;
#1028 = EDGE_LOOP ( 'NONE', ( #2164, #1762, #580, #2172 ) ) ;
#1029 = CARTESIAN_POINT ( 'NONE',  ( 27.50000000000000000, 5.000000000000011546, -4.999999999999992006 ) ) ;
#1030 = CIRCLE ( 'NONE', #3059, 4.499999999999986677 ) ;
#1031 = DIRECTION ( 'NONE',  ( -0.000000000000000000, -0.000000000000000000, 1.000000000000000000 ) ) ;
#1032 = EDGE_CURVE ( 'NONE', #2322, #1513, #2623, .T. ) ;
#1033 = ADVANCED_FACE ( 'NONE', ( #1489 ), #1474, .F. ) ;
#1034 = LINE ( 'NONE', #85, #772 ) ;
#1035 = CARTESIAN_POINT ( 'NONE',  ( -6.708236589799208005, 1.442637229786217778, -12.00000000000001243 ) ) ;
#1036 = DIRECTION ( 'NONE',  ( 1.508455196501571429E-16, 4.652004696587526895E-32, -1.000000000000000000 ) ) ;
#1037 = ORIENTED_EDGE ( 'NONE', *, *, #2176, .F. ) ;
#1038 = ORIENTED_EDGE ( 'NONE', *, *, #1410, .T. ) ;
#1039 = DIRECTION ( 'NONE',  ( -1.000000000000000000, 0.000000000000000000, 0.000000000000000000 ) ) ;
#1040 = LINE ( 'NONE', #306, #579 ) ;
#1041 = EDGE_LOOP ( 'NONE', ( #2425, #94 ) ) ;
#1042 = CARTESIAN_POINT ( 'NONE',  ( -24.40000000000000213, -6.123233995736766085E-15, 9.499999999999982236 ) ) ;
#1043 = ORIENTED_EDGE ( 'NONE', *, *, #2312, .T. ) ;
#1044 = DIRECTION ( 'NONE',  ( 0.000000000000000000, 0.000000000000000000, 1.000000000000000000 ) ) ;
#1045 = CARTESIAN_POINT ( 'NONE',  ( 7.500000000000000000, 5.000000000000005329, 9.499999999999985789 ) ) ;
#1046 = CARTESIAN_POINT ( 'NONE',  ( -6.708236589799212446, -1.442637229786219111, -12.00000000000001243 ) ) ;
#1047 = EDGE_CURVE ( 'NONE', #282, #140, #2136, .T. ) ;
#1048 = FACE_OUTER_BOUND ( 'NONE', #33, .T. ) ;
#1049 = ORIENTED_EDGE ( 'NONE', *, *, #1677, .F. ) ;
#1050 = FACE_OUTER_BOUND ( 'NONE', #1824, .T. ) ;
#1051 = EDGE_CURVE ( 'NONE', #2193, #1473, #2872, .T. ) ;
#1052 = CARTESIAN_POINT ( 'NONE',  ( 27.50000000000000000, 5.000000000000011546, 4.999999999999999112 ) ) ;
#1053 = ORIENTED_EDGE ( 'NONE', *, *, #2694, .T. ) ;
#1054 = CARTESIAN_POINT ( 'NONE',  ( 7.500000000000003553, -4.999999999999996447, 9.499999999999985789 ) ) ;
#1055 = ORIENTED_EDGE ( 'NONE', *, *, #2962, .F. ) ;
#1056 = DIRECTION ( 'NONE',  ( -0.000000000000000000, -0.000000000000000000, 1.000000000000000000 ) ) ;
#1057 = DIRECTION ( 'NONE',  ( -0.000000000000000000, -0.000000000000000000, -1.000000000000000000 ) ) ;
#1058 = CARTESIAN_POINT ( 'NONE',  ( 27.50000000000000355, 0.000000000000000000, -12.00000000000001066 ) ) ;
#1059 = DIRECTION ( 'NONE',  ( 1.000000000000000000, 2.996340549414485340E-16, 1.734723475976807587E-16 ) ) ;
#1060 = ORIENTED_EDGE ( 'NONE', *, *, #722, .T. ) ;
#1061 = ORIENTED_EDGE ( 'NONE', *, *, #1844, .T. ) ;
#1062 = DIRECTION ( 'NONE',  ( -0.000000000000000000, -0.000000000000000000, -1.000000000000000000 ) ) ;
#1063 = AXIS2_PLACEMENT_3D ( 'NONE', #1353, #814, #2958 ) ;
#1064 = EDGE_CURVE ( 'NONE', #1873, #2186, #188, .T. ) ;
#1065 = ADVANCED_FACE ( 'NONE', ( #2634 ), #531, .T. ) ;
#1066 = ORIENTED_EDGE ( 'NONE', *, *, #2255, .F. ) ;
#1067 = FACE_OUTER_BOUND ( 'NONE', #1241, .T. ) ;
#1068 = AXIS2_PLACEMENT_3D ( 'NONE', #2669, #1742, #2684 ) ;
#1069 = AXIS2_PLACEMENT_3D ( 'NONE', #1104, #874, #2769 ) ;
#1070 = AXIS2_PLACEMENT_3D ( 'NONE', #897, #1593, #2762 ) ;
#1071 = LINE ( 'NONE', #2015, #2198 ) ;
#1072 = EDGE_LOOP ( 'NONE', ( #131, #2053, #1443, #2972 ) ) ;
#1073 = AXIS2_PLACEMENT_3D ( 'NONE', #2170, #302, #2876 ) ;
#1074 = DIRECTION ( 'NONE',  ( 0.000000000000000000, 0.000000000000000000, -1.000000000000000000 ) ) ;
#1075 = AXIS2_PLACEMENT_3D ( 'NONE', #172, #830, #1059 ) ;
#1076 = VECTOR ( 'NONE', #1062, 1000.000000000000000 ) ;
#1077 = DIRECTION ( 'NONE',  ( -0.000000000000000000, -0.000000000000000000, -1.000000000000000000 ) ) ;
#1078 = DIRECTION ( 'NONE',  ( 2.118732721235222781E-16, -0.7071067811865524577, 0.7071067811865425767 ) ) ;
#1079 = DIRECTION ( 'NONE',  ( 1.000000000000000000, 0.000000000000000000, 0.000000000000000000 ) ) ;
#1080 = ORIENTED_EDGE ( 'NONE', *, *, #539, .F. ) ;
#1081 = ORIENTED_EDGE ( 'NONE', *, *, #2868, .T. ) ;
#1082 = DIRECTION ( 'NONE',  ( -1.000000000000000000, -2.996340549414485340E-16, -1.734723475976807587E-16 ) ) ;
#1083 = DIRECTION ( 'NONE',  ( 2.996340549414485340E-16, -1.000000000000000000, 0.000000000000000000 ) ) ;
#1084 = ORIENTED_EDGE ( 'NONE', *, *, #212, .F. ) ;
#1085 = CARTESIAN_POINT ( 'NONE',  ( 7.500000000000002665, -2.999999999999995559, 10.00000000000000000 ) ) ;
#1086 = EDGE_CURVE ( 'NONE', #309, #1929, #1242, .T. ) ;
#1087 = EDGE_CURVE ( 'NONE', #805, #2206, #1695, .T. ) ;
#1088 = PLANE ( 'NONE',  #2749 ) ;
#1089 = EDGE_LOOP ( 'NONE', ( #1433, #2574, #2957, #1406, #757 ) ) ;
#1090 = EDGE_CURVE ( 'NONE', #1522, #2143, #15, .T. ) ;
#1091 = CYLINDRICAL_SURFACE ( 'NONE', #173, 2.200000000000000622 ) ;
#1092 = CARTESIAN_POINT ( 'NONE',  ( -27.50000000000000000, -5.000000000000007105, 9.499999999999985789 ) ) ;
#1093 = PLANE ( 'NONE',  #1267 ) ;
#1094 = FACE_OUTER_BOUND ( 'NONE', #498, .T. ) ;
#1095 = ORIENTED_EDGE ( 'NONE', *, *, #1845, .T. ) ;
#1096 = CARTESIAN_POINT ( 'NONE',  ( -29.69999999999999929, -5.853811699924348286E-15, -12.00000000000001243 ) ) ;
#1097 = VERTEX_POINT ( 'NONE', #1029 ) ;
#1098 = DIRECTION ( 'NONE',  ( -0.000000000000000000, -0.000000000000000000, 1.000000000000000000 ) ) ;
#1099 = DIRECTION ( 'NONE',  ( 0.7071067811865439090, -0.7071067811865512365, 1.277744513902804694E-17 ) ) ;
#1100 = CARTESIAN_POINT ( 'NONE',  ( 23.74999999999999289, 5.000000000000010658, 2.999999999999961808 ) ) ;
#1101 = VERTEX_POINT ( 'NONE', #268 ) ;
#1102 = CARTESIAN_POINT ( 'NONE',  ( -6.249999999999996447, 2.015034260854676310E-15, -12.00000000000001243 ) ) ;
#1103 = EDGE_CURVE ( 'NONE', #2639, #1304, #1921, .T. ) ;
#1104 = CARTESIAN_POINT ( 'NONE',  ( 23.74999999999999645, -4.999999999999991118, 3.291382889819968651E-15 ) ) ;
#1105 = DIRECTION ( 'NONE',  ( 0.000000000000000000, 0.000000000000000000, 1.000000000000000000 ) ) ;
#1106 = CARTESIAN_POINT ( 'NONE',  ( 3.749999999999999112, 4.500000000000045297, 2.500000000000000000 ) ) ;
#1107 = VERTEX_POINT ( 'NONE', #1448 ) ;
#1108 = DIRECTION ( 'NONE',  ( 1.000000000000000000, 0.000000000000000000, 0.000000000000000000 ) ) ;
#1109 = AXIS2_PLACEMENT_3D ( 'NONE', #157, #1105, #2111 ) ;
#1110 = ORIENTED_EDGE ( 'NONE', *, *, #84, .F. ) ;
#1111 = DIRECTION ( 'NONE',  ( -1.000000000000000000, 0.000000000000000000, 0.000000000000000000 ) ) ;
#1112 = DIRECTION ( 'NONE',  ( 0.7071067811865451302, 0.000000000000000000, -0.7071067811865500152 ) ) ;
#1113 = VECTOR ( 'NONE', #2173, 1000.000000000000000 ) ;
#1114 = VERTEX_POINT ( 'NONE', #998 ) ;
#1115 = CIRCLE ( 'NONE', #2803, 4.500000000000000888 ) ;
#1116 = CONICAL_SURFACE ( 'NONE', #820, 2.999999999999958700, 0.7853981633974482790 ) ;
#1117 = LINE ( 'NONE', #2060, #1906 ) ;
#1118 = CIRCLE ( 'NONE', #479, 3.600000000000026734 ) ;
#1119 = DIRECTION ( 'NONE',  ( 1.000000000000000000, 2.996340549414485340E-16, 1.807003620809173954E-17 ) ) ;
#1120 = DIRECTION ( 'NONE',  ( 3.083952846180990774E-16, -1.000000000000000000, 0.000000000000000000 ) ) ;
#1121 = CARTESIAN_POINT ( 'NONE',  ( -8.749999999999996447, -2.499999999999997780, 10.00000000000000000 ) ) ;
#1122 = EDGE_CURVE ( 'NONE', #1128, #1808, #244, .T. ) ;
#1123 = ADVANCED_FACE ( 'NONE', ( #502 ), #1706, .F. ) ;
#1124 = AXIS2_PLACEMENT_3D ( 'NONE', #1165, #1835, #697 ) ;
#1125 = ORIENTED_EDGE ( 'NONE', *, *, #2255, .T. ) ;
#1126 = CARTESIAN_POINT ( 'NONE',  ( 3.749999999999999112, 5.000000000000004441, -3.825575076220905264E-16 ) ) ;
#1127 = AXIS2_PLACEMENT_3D ( 'NONE', #56, #92, #1748 ) ;
#1128 = VERTEX_POINT ( 'NONE', #285 ) ;
#1129 = LINE ( 'NONE', #2270, #2950 ) ;
#1130 = CIRCLE ( 'NONE', #630, 4.499999999999997335 ) ;
#1131 = DIRECTION ( 'NONE',  ( 0.000000000000000000, 0.000000000000000000, -1.000000000000000000 ) ) ;
#1132 = VERTEX_POINT ( 'NONE', #2418 ) ;
#1133 = DIRECTION ( 'NONE',  ( -1.000000000000000000, 0.000000000000000000, 0.000000000000000000 ) ) ;
#1134 = ORIENTED_EDGE ( 'NONE', *, *, #995, .F. ) ;
#1135 = CARTESIAN_POINT ( 'NONE',  ( -27.50000000000000000, 4.499999999999980460, -10.00000000000000000 ) ) ;
#1136 = DIRECTION ( 'NONE',  ( 1.000000000000000000, 0.000000000000000000, 0.000000000000000000 ) ) ;
#1137 = DIRECTION ( 'NONE',  ( 1.000000000000000000, 0.000000000000000000, 0.000000000000000000 ) ) ;
#1138 = VERTEX_POINT ( 'NONE', #528 ) ;
#1139 = EDGE_CURVE ( 'NONE', #420, #399, #1823, .T. ) ;
#1140 = CARTESIAN_POINT ( 'NONE',  ( 27.50000000000000000, 1.071565949253933651E-14, -4.999999999999992006 ) ) ;
#1141 = CARTESIAN_POINT ( 'NONE',  ( 27.50000000000000355, 0.000000000000000000, 1000.000000000000000 ) ) ;
#1142 = EDGE_LOOP ( 'NONE', ( #1080, #1003 ) ) ;
#1143 = EDGE_CURVE ( 'NONE', #691, #2385, #137, .T. ) ;
#1144 = LINE ( 'NONE', #2334, #2003 ) ;
#1145 = EDGE_CURVE ( 'NONE', #987, #2385, #1950, .T. ) ;
#1146 = CARTESIAN_POINT ( 'NONE',  ( 27.50000000000000355, 0.000000000000000000, -5.500000000000060396 ) ) ;
#1147 = DIRECTION ( 'NONE',  ( 1.000000000000000000, 2.996340549414485340E-16, 1.508455196501571429E-16 ) ) ;
#1148 = EDGE_LOOP ( 'NONE', ( #1606, #537, #845, #2479, #2534, #914 ) ) ;
#1149 = PLANE ( 'NONE',  #2451 ) ;
#1150 = EDGE_LOOP ( 'NONE', ( #135, #3065, #2933, #1247 ) ) ;
#1151 = DIRECTION ( 'NONE',  ( 0.000000000000000000, 0.000000000000000000, -1.000000000000000000 ) ) ;
#1152 = PLANE ( 'NONE',  #876 ) ;
#1153 = CARTESIAN_POINT ( 'NONE',  ( 7.500000000000000888, 4.499999999999991118, -10.00000000000000000 ) ) ;
#1154 = ORIENTED_EDGE ( 'NONE', *, *, #1558, .T. ) ;
#1155 = DIRECTION ( 'NONE',  ( -0.000000000000000000, 1.000000000000000000, -0.000000000000000000 ) ) ;
#1156 = CARTESIAN_POINT ( 'NONE',  ( 30.00000000000000355, 0.000000000000000000, 1000.000000000000000 ) ) ;
#1157 = VERTEX_POINT ( 'NONE', #1725 ) ;
#1158 = CARTESIAN_POINT ( 'NONE',  ( 27.50000000000000355, 0.000000000000000000, 1000.000000000000000 ) ) ;
#1159 = CARTESIAN_POINT ( 'NONE',  ( -27.50000000000000000, -5.000000000000007105, -9.499999999999992895 ) ) ;
#1160 = CIRCLE ( 'NONE', #710, 3.099999999999998757 ) ;
#1161 = EDGE_CURVE ( 'NONE', #1929, #335, #2367, .T. ) ;
#1162 = EDGE_CURVE ( 'NONE', #598, #1456, #3012, .T. ) ;
#1163 = DIRECTION ( 'NONE',  ( 0.000000000000000000, 0.000000000000000000, 1.000000000000000000 ) ) ;
#1164 = VERTEX_POINT ( 'NONE', #327 ) ;
#1165 = CARTESIAN_POINT ( 'NONE',  ( 27.50000000000000355, 0.000000000000000000, -7.900000000000018119 ) ) ;
#1166 = AXIS2_PLACEMENT_3D ( 'NONE', #2974, #1254, #1722 ) ;
#1167 = ORIENTED_EDGE ( 'NONE', *, *, #1274, .T. ) ;
#1168 = DIRECTION ( 'NONE',  ( 1.508455196501571429E-16, 4.652004696587526895E-32, -1.000000000000000000 ) ) ;
#1169 = VECTOR ( 'NONE', #2481, 1000.000000000000000 ) ;
#1170 = VECTOR ( 'NONE', #2496, 1000.000000000000000 ) ;
#1171 = DIRECTION ( 'NONE',  ( 1.000000000000000000, 0.000000000000000000, 0.000000000000000000 ) ) ;
#1172 = AXIS2_PLACEMENT_3D ( 'NONE', #1840, #132, #1591 ) ;
#1173 = VERTEX_POINT ( 'NONE', #646 ) ;
#1174 = VECTOR ( 'NONE', #1625, 1000.000000000000000 ) ;
#1175 = CARTESIAN_POINT ( 'NONE',  ( -5.074825861638577074, 2.596747013615190003, -4.000000000000000000 ) ) ;
#1176 = LINE ( 'NONE', #210, #1222 ) ;
#1177 = CIRCLE ( 'NONE', #27, 5.000000000000000888 ) ;
#1178 = ORIENTED_EDGE ( 'NONE', *, *, #102, .T. ) ;
#1179 = CYLINDRICAL_SURFACE ( 'NONE', #2148, 2.499999999999998668 ) ;
#1180 = VECTOR ( 'NONE', #2281, 1000.000000000000000 ) ;
#1181 = CARTESIAN_POINT ( 'NONE',  ( 9.500000000000001776, -2.999999999999994671, 9.499999999999985789 ) ) ;
#1182 = AXIS2_PLACEMENT_3D ( 'NONE', #1210, #1459, #556 ) ;
#1183 = ORIENTED_EDGE ( 'NONE', *, *, #293, .F. ) ;
#1184 = EDGE_CURVE ( 'NONE', #1808, #3, #201, .T. ) ;
#1185 = EDGE_CURVE ( 'NONE', #2378, #709, #1612, .T. ) ;
#1186 = DIRECTION ( 'NONE',  ( 0.000000000000000000, 0.7071067811865465735, -0.7071067811865484609 ) ) ;
#1187 = ORIENTED_EDGE ( 'NONE', *, *, #1032, .T. ) ;
#1188 = EDGE_CURVE ( 'NONE', #1101, #147, #3036, .T. ) ;
#1189 = CARTESIAN_POINT ( 'NONE',  ( -27.50000000000000000, -6.123233995736766085E-15, -12.00000000000001243 ) ) ;
#1190 = CARTESIAN_POINT ( 'NONE',  ( 27.50000000000000000, -4.999999999999990230, -4.500000000000000888 ) ) ;
#1191 = ORIENTED_EDGE ( 'NONE', *, *, #1446, .F. ) ;
#1192 = CARTESIAN_POINT ( 'NONE',  ( -18.75000000000000355, 1.780640621336459072E-16, -4.000000000000000000 ) ) ;
#1193 = DIRECTION ( 'NONE',  ( 1.000000000000000000, 0.000000000000000000, 0.000000000000000000 ) ) ;
#1194 = VERTEX_POINT ( 'NONE', #806 ) ;
#1195 = LINE ( 'NONE', #2349, #1262 ) ;
#1196 = DIRECTION ( 'NONE',  ( -1.807003620809173954E-17, -5.572713959453807775E-33, 1.000000000000000000 ) ) ;
#1197 = VERTEX_POINT ( 'NONE', #149 ) ;
#1198 = ORIENTED_EDGE ( 'NONE', *, *, #957, .T. ) ;
#1199 = CARTESIAN_POINT ( 'NONE',  ( 9.500000000000001776, -2.999999999999994671, -9.499999999999992895 ) ) ;
#1200 = FACE_OUTER_BOUND ( 'NONE', #1916, .T. ) ;
#1201 = ADVANCED_FACE ( 'NONE', ( #2553 ), #2448, .F. ) ;
#1202 = ORIENTED_EDGE ( 'NONE', *, *, #2621, .T. ) ;
#1203 = CARTESIAN_POINT ( 'NONE',  ( 7.500000000000000000, 4.499999999999998224, 10.00000000000000000 ) ) ;
#1204 = LINE ( 'NONE', #2626, #1518 ) ;
#1205 = ORIENTED_EDGE ( 'NONE', *, *, #1768, .F. ) ;
#1206 = LINE ( 'NONE', #448, #2746 ) ;
#1207 = CARTESIAN_POINT ( 'NONE',  ( 7.500000000000000000, 3.000000000000005329, 10.00000000000000000 ) ) ;
#1208 = ORIENTED_EDGE ( 'NONE', *, *, #1185, .T. ) ;
#1209 = ORIENTED_EDGE ( 'NONE', *, *, #1253, .F. ) ;
#1210 = CARTESIAN_POINT ( 'NONE',  ( 9.500000000000000000, 5.000000000000023981, 9.999999999999996447 ) ) ;
#1211 = CARTESIAN_POINT ( 'NONE',  ( 27.50000000000000355, 0.000000000000000000, 5.499999999999949374 ) ) ;
#1212 = VECTOR ( 'NONE', #3051, 1000.000000000000000 ) ;
#1213 = ORIENTED_EDGE ( 'NONE', *, *, #1540, .F. ) ;
#1214 = AXIS2_PLACEMENT_3D ( 'NONE', #361, #715, #690 ) ;
#1215 = DIRECTION ( 'NONE',  ( -1.000000000000000000, 0.000000000000000000, 0.000000000000000000 ) ) ;
#1216 = EDGE_CURVE ( 'NONE', #189, #581, #681, .T. ) ;
#1217 = CIRCLE ( 'NONE', #426, 2.500000000000000000 ) ;
#1218 = EDGE_CURVE ( 'NONE', #1968, #2975, #1594, .T. ) ;
#1219 = CARTESIAN_POINT ( 'NONE',  ( -18.75000000000000355, 2.499999999999999112, -12.00000000000001243 ) ) ;
#1220 = VECTOR ( 'NONE', #125, 1000.000000000000000 ) ;
#1221 = ORIENTED_EDGE ( 'NONE', *, *, #1993, .F. ) ;
#1222 = VECTOR ( 'NONE', #1642, 1000.000000000000000 ) ;
#1223 = EDGE_LOOP ( 'NONE', ( #601, #2787, #221, #859, #2940 ) ) ;
#1224 = CARTESIAN_POINT ( 'NONE',  ( -27.50000000000000000, -5.000000000000007105, 10.00000000000000000 ) ) ;
#1225 = CARTESIAN_POINT ( 'NONE',  ( 3.750000000000002220, -4.499999999999991118, -3.825575076220905264E-16 ) ) ;
#1226 = AXIS2_PLACEMENT_3D ( 'NONE', #1211, #2218, #999 ) ;
#1227 = ORIENTED_EDGE ( 'NONE', *, *, #2083, .T. ) ;
#1228 = ORIENTED_EDGE ( 'NONE', *, *, #1445, .T. ) ;
#1229 = CARTESIAN_POINT ( 'NONE',  ( 23.74999999999999289, 5.000000000000010658, 3.291382889819968651E-15 ) ) ;
#1230 = CARTESIAN_POINT ( 'NONE',  ( -8.749999999999998224, 2.015034260854676310E-15, -12.00000000000001243 ) ) ;
#1231 = ORIENTED_EDGE ( 'NONE', *, *, #1881, .F. ) ;
#1232 = CARTESIAN_POINT ( 'NONE',  ( -30.59999999999999787, -6.123233995736766085E-15, -5.799999999999999822 ) ) ;
#1233 = CARTESIAN_POINT ( 'NONE',  ( 8.999999999999994671, -2.999999999999994671, 10.00000000000000000 ) ) ;
#1234 = EDGE_CURVE ( 'NONE', #213, #2193, #3022, .T. ) ;
#1235 = ORIENTED_EDGE ( 'NONE', *, *, #1920, .F. ) ;
#1236 = DIRECTION ( 'NONE',  ( 0.000000000000000000, 0.000000000000000000, 1.000000000000000000 ) ) ;
#1237 = DIRECTION ( 'NONE',  ( 0.000000000000000000, 0.000000000000000000, 1.000000000000000000 ) ) ;
#1238 = EDGE_CURVE ( 'NONE', #2332, #1361, #781, .T. ) ;
#1239 = EDGE_CURVE ( 'NONE', #335, #973, #941, .T. ) ;
#1240 = ORIENTED_EDGE ( 'NONE', *, *, #728, .T. ) ;
#1241 = EDGE_LOOP ( 'NONE', ( #36, #834, #837, #2224 ) ) ;
#1242 = LINE ( 'NONE', #747, #2516 ) ;
#1243 = DIRECTION ( 'NONE',  ( -0.000000000000000000, -0.000000000000000000, 1.000000000000000000 ) ) ;
#1244 = DIRECTION ( 'NONE',  ( 1.000000000000000000, 2.996340549414485340E-16, 1.508455196501571429E-16 ) ) ;
#1245 = LINE ( 'NONE', #1698, #2891 ) ;
#1246 = DIRECTION ( 'NONE',  ( -0.000000000000000000, -0.000000000000000000, 1.000000000000000000 ) ) ;
#1247 = ORIENTED_EDGE ( 'NONE', *, *, #2649, .T. ) ;
#1248 = ORIENTED_EDGE ( 'NONE', *, *, #1801, .F. ) ;
#1249 = CARTESIAN_POINT ( 'NONE',  ( 31.99999999999998579, 1.071565949253933651E-14, -5.500000000000000888 ) ) ;
#1250 = DIRECTION ( 'NONE',  ( 0.000000000000000000, -0.7071067811865426878, 0.7071067811865524577 ) ) ;
#1251 = ORIENTED_EDGE ( 'NONE', *, *, #2539, .F. ) ;
#1252 = EDGE_CURVE ( 'NONE', #428, #944, #2314, .T. ) ;
#1253 = EDGE_CURVE ( 'NONE', #1173, #1929, #164, .T. ) ;
#1254 = DIRECTION ( 'NONE',  ( 0.000000000000000000, 0.000000000000000000, 1.000000000000000000 ) ) ;
#1255 = ORIENTED_EDGE ( 'NONE', *, *, #2503, .T. ) ;
#1256 = DIRECTION ( 'NONE',  ( 2.118732721235193198E-16, -0.7071067811865425767, 0.7071067811865524577 ) ) ;
#1257 = FACE_OUTER_BOUND ( 'NONE', #2664, .T. ) ;
#1258 = VECTOR ( 'NONE', #1758, 1000.000000000000000 ) ;
#1259 = CARTESIAN_POINT ( 'NONE',  ( 9.499999999999998224, 5.000000000000023981, 5.499999999999997335 ) ) ;
#1260 = CARTESIAN_POINT ( 'NONE',  ( 7.500000000000004441, -4.999999999999996447, -9.499999999999992895 ) ) ;
#1261 = CARTESIAN_POINT ( 'NONE',  ( 23.00000000000000711, 5.510910596163085611E-16, 5.499999999999948486 ) ) ;
#1262 = VECTOR ( 'NONE', #11, 1000.000000000000000 ) ;
#1263 = EDGE_LOOP ( 'NONE', ( #3050, #2068 ) ) ;
#1264 = VERTEX_POINT ( 'NONE', #1812 ) ;
#1265 = DIRECTION ( 'NONE',  ( 3.854941057726237604E-16, 1.155071620686788892E-31, 1.000000000000000000 ) ) ;
#1266 = DIRECTION ( 'NONE',  ( 0.000000000000000000, 0.000000000000000000, -1.000000000000000000 ) ) ;
#1267 = AXIS2_PLACEMENT_3D ( 'NONE', #2045, #1989, #2770 ) ;
#1268 = AXIS2_PLACEMENT_3D ( 'NONE', #1374, #383, #1354 ) ;
#1269 = VERTEX_POINT ( 'NONE', #886 ) ;
#1270 = CIRCLE ( 'NONE', #2155, 1.999999999999999112 ) ;
#1271 = VECTOR ( 'NONE', #2540, 1000.000000000000000 ) ;
#1272 = ORIENTED_EDGE ( 'NONE', *, *, #2580, .F. ) ;
#1273 = ADVANCED_FACE ( 'NONE', ( #1832 ), #1429, .T. ) ;
#1274 = EDGE_CURVE ( 'NONE', #1138, #1640, #2865, .T. ) ;
#1275 = DIRECTION ( 'NONE',  ( 1.000000000000000000, 0.000000000000000000, 0.000000000000000000 ) ) ;
#1276 = AXIS2_PLACEMENT_3D ( 'NONE', #2415, #1237, #1965 ) ;
#1277 = DIRECTION ( 'NONE',  ( -0.000000000000000000, -0.000000000000000000, 1.000000000000000000 ) ) ;
#1278 = ADVANCED_FACE ( 'NONE', ( #2301 ), #2087, .T. ) ;
#1279 = LINE ( 'NONE', #1259, #1220 ) ;
#1280 = AXIS2_PLACEMENT_3D ( 'NONE', #1330, #1044, #2778 ) ;
#1281 = DIRECTION ( 'NONE',  ( -1.226634733346672686E-15, 0.7071067811865524577, -0.7071067811865426878 ) ) ;
#1282 = CARTESIAN_POINT ( 'NONE',  ( 3.750000000000002220, -4.999999999999997335, -3.000000000000015543 ) ) ;
#1283 = VERTEX_POINT ( 'NONE', #1843 ) ;
#1284 = ORIENTED_EDGE ( 'NONE', *, *, #744, .T. ) ;
#1285 = CARTESIAN_POINT ( 'NONE',  ( 30.90000000000000213, 0.000000000000000000, 12.00000000000001066 ) ) ;
#1286 = CARTESIAN_POINT ( 'NONE',  ( -5.994448530786177898, 4.500000000000000888, 4.000000000000000888 ) ) ;
#1287 = ORIENTED_EDGE ( 'NONE', *, *, #762, .F. ) ;
#1288 = FACE_BOUND ( 'NONE', #1859, .T. ) ;
#1289 = ORIENTED_EDGE ( 'NONE', *, *, #168, .F. ) ;
#1290 = CARTESIAN_POINT ( 'NONE',  ( 27.50000000000000000, -4.999999999999990230, -9.499999999999992895 ) ) ;
#1291 = PRODUCT_DEFINITION ( '未知', '', #2798, #642 ) ;
#1292 = LINE ( 'NONE', #2651, #669 ) ;
#1293 = CARTESIAN_POINT ( 'NONE',  ( 27.50000000000000355, 0.000000000000000000, 7.900000000000018119 ) ) ;
#1294 = CARTESIAN_POINT ( 'NONE',  ( 27.50000000000000000, -4.999999999999990230, -4.999999999999992006 ) ) ;
#1295 = ADVANCED_FACE ( 'NONE', ( #2789 ), #662, .T. ) ;
#1296 = ADVANCED_FACE ( 'NONE', ( #2867 ), #960, .T. ) ;
#1297 = VERTEX_POINT ( 'NONE', #1159 ) ;
#1298 = ORIENTED_EDGE ( 'NONE', *, *, #2525, .T. ) ;
#1299 = SHAPE_DEFINITION_REPRESENTATION ( #1559, #51 ) ;
#1300 = CARTESIAN_POINT ( 'NONE',  ( -27.50000000000000000, 4.999999999999994671, 9.499999999999985789 ) ) ;
#1301 = ORIENTED_EDGE ( 'NONE', *, *, #1274, .F. ) ;
#1302 = DIRECTION ( 'NONE',  ( 1.000000000000000000, 0.000000000000000000, 0.000000000000000000 ) ) ;
#1303 = CARTESIAN_POINT ( 'NONE',  ( -5.994448530786192109, -4.500000000000001776, 4.000000000000000888 ) ) ;
#1304 = VERTEX_POINT ( 'NONE', #449 ) ;
#1305 = DIRECTION ( 'NONE',  ( 1.000000000000000000, 0.000000000000000000, 0.000000000000000000 ) ) ;
#1306 = DIRECTION ( 'NONE',  ( 1.734723475976806108E-16, -1.000000000000000000, 0.000000000000000000 ) ) ;
#1307 = CARTESIAN_POINT ( 'NONE',  ( -27.50000000000000000, -4.500000000000000000, 10.00000000000000000 ) ) ;
#1308 = EDGE_LOOP ( 'NONE', ( #2687, #561, #1946, #1298 ) ) ;
#1309 = VERTEX_POINT ( 'NONE', #931 ) ;
#1310 = EDGE_CURVE ( 'NONE', #2776, #176, #1130, .T. ) ;
#1311 = ADVANCED_FACE ( 'NONE', ( #742, #2629, #3052 ), #2840, .T. ) ;
#1312 = AXIS2_PLACEMENT_3D ( 'NONE', #1158, #929, #2132 ) ;
#1313 = LINE ( 'NONE', #2051, #2504 ) ;
#1314 = EDGE_LOOP ( 'NONE', ( #923, #2766, #2722, #2827 ) ) ;
#1315 = CARTESIAN_POINT ( 'NONE',  ( -5.074825861638583291, -2.596747013615196220, -12.00000000000001243 ) ) ;
#1316 = VECTOR ( 'NONE', #422, 1000.000000000000000 ) ;
#1317 = CIRCLE ( 'NONE', #2351, 2.000000000000001776 ) ;
#1318 = DIRECTION ( 'NONE',  ( -1.000000000000000000, -3.083952846180990774E-16, -3.854941057726237604E-16 ) ) ;
#1319 = ORIENTED_EDGE ( 'NONE', *, *, #2559, .F. ) ;
#1320 = VECTOR ( 'NONE', #2204, 1000.000000000000000 ) ;
#1321 = CARTESIAN_POINT ( 'NONE',  ( -27.50000000000000000, -6.123233995736766085E-15, -4.500000000000000888 ) ) ;
#1322 = AXIS2_PLACEMENT_3D ( 'NONE', #2419, #1277, #286 ) ;
#1323 = AXIS2_PLACEMENT_3D ( 'NONE', #2894, #1266, #771 ) ;
#1324 = DIRECTION ( 'NONE',  ( -0.000000000000000000, -0.000000000000000000, 1.000000000000000000 ) ) ;
#1325 = DIRECTION ( 'NONE',  ( 1.000000000000000000, 0.000000000000000000, 0.000000000000000000 ) ) ;
#1326 = ORIENTED_EDGE ( 'NONE', *, *, #2736, .F. ) ;
#1327 = DIRECTION ( 'NONE',  ( 0.000000000000000000, 0.000000000000000000, 1.000000000000000000 ) ) ;
#1328 = VERTEX_POINT ( 'NONE', #2570 ) ;
#1329 = DIRECTION ( 'NONE',  ( 3.083952846180990774E-16, -1.000000000000000000, -0.000000000000000000 ) ) ;
#1330 = CARTESIAN_POINT ( 'NONE',  ( 7.500000000000000888, 3.000000000000005329, -10.00000000000000000 ) ) ;
#1331 = EDGE_CURVE ( 'NONE', #1910, #1197, #2133, .T. ) ;
#1332 = EDGE_CURVE ( 'NONE', #1734, #1269, #279, .T. ) ;
#1333 = FACE_OUTER_BOUND ( 'NONE', #500, .T. ) ;
#1334 = VERTEX_POINT ( 'NONE', #1689 ) ;
#1335 = CARTESIAN_POINT ( 'NONE',  ( -32.50000000000000000, -6.123233995736766085E-15, 10.00000000000000000 ) ) ;
#1336 = FACE_OUTER_BOUND ( 'NONE', #3054, .T. ) ;
#1337 = DIRECTION ( 'NONE',  ( -0.000000000000000000, -0.000000000000000000, 1.000000000000000000 ) ) ;
#1338 = DIRECTION ( 'NONE',  ( -0.000000000000000000, -0.000000000000000000, 1.000000000000000000 ) ) ;
#1339 = VERTEX_POINT ( 'NONE', #1455 ) ;
#1340 = CARTESIAN_POINT ( 'NONE',  ( 27.50000000000000000, 5.000000000000011546, -9.499999999999992895 ) ) ;
#1341 = EDGE_LOOP ( 'NONE', ( #317, #2282, #2402, #566, #887 ) ) ;
#1342 = DIRECTION ( 'NONE',  ( 1.000000000000000000, 0.000000000000000000, 0.000000000000000000 ) ) ;
#1343 = DIRECTION ( 'NONE',  ( -1.000000000000000000, 0.000000000000000000, -1.927470528863120035E-16 ) ) ;
#1344 = DIRECTION ( 'NONE',  ( -1.807003620809173954E-17, -5.572713959453807775E-33, 1.000000000000000000 ) ) ;
#1345 = EDGE_LOOP ( 'NONE', ( #1891, #991, #1567, #277 ) ) ;
#1346 = EDGE_CURVE ( 'NONE', #2912, #2772, #1646, .T. ) ;
#1347 = ADVANCED_FACE ( 'NONE', ( #993, #1632 ), #2350, .T. ) ;
#1348 = DIRECTION ( 'NONE',  ( -0.000000000000000000, -0.000000000000000000, 1.000000000000000000 ) ) ;
#1349 = CARTESIAN_POINT ( 'NONE',  ( 8.822875655532310901, -4.499999999999981348, -5.499999999999997335 ) ) ;
#1350 = CARTESIAN_POINT ( 'NONE',  ( 27.50000000000000355, 0.000000000000000000, 12.00000000000001066 ) ) ;
#1351 = FACE_OUTER_BOUND ( 'NONE', #2359, .T. ) ;
#1352 = ORIENTED_EDGE ( 'NONE', *, *, #1310, .T. ) ;
#1353 = CARTESIAN_POINT ( 'NONE',  ( 0.000000000000000000, 0.000000000000000000, 0.000000000000000000 ) ) ;
#1354 = DIRECTION ( 'NONE',  ( 1.000000000000000000, 0.000000000000000000, -1.927470528863124719E-16 ) ) ;
#1355 = CIRCLE ( 'NONE', #19, 3.400000000000000355 ) ;
#1356 = VERTEX_POINT ( 'NONE', #2826 ) ;
#1357 = LINE ( 'NONE', #2299, #3045 ) ;
#1358 = DIRECTION ( 'NONE',  ( 1.000000000000000000, 0.000000000000000000, 0.000000000000000000 ) ) ;
#1359 = AXIS2_PLACEMENT_3D ( 'NONE', #2640, #42, #1917 ) ;
#1360 = LINE ( 'NONE', #183, #1512 ) ;
#1361 = VERTEX_POINT ( 'NONE', #1658 ) ;
#1362 = AXIS2_PLACEMENT_3D ( 'NONE', #2527, #1999, #574 ) ;
#1363 = CARTESIAN_POINT ( 'NONE',  ( 23.74999999999999645, -4.499999999999984901, 3.291382889819968651E-15 ) ) ;
#1364 = EDGE_CURVE ( 'NONE', #644, #2659, #2710, .T. ) ;
#1365 = VECTOR ( 'NONE', #2157, 1000.000000000000000 ) ;
#1366 = ORIENTED_EDGE ( 'NONE', *, *, #2124, .F. ) ;
#1367 = DIRECTION ( 'NONE',  ( 0.000000000000000000, 0.000000000000000000, -1.000000000000000000 ) ) ;
#1368 = DIRECTION ( 'NONE',  ( 1.000000000000000000, 0.000000000000000000, 0.000000000000000000 ) ) ;
#1369 = AXIS2_PLACEMENT_3D ( 'NONE', #1190, #5, #713 ) ;
#1370 = CARTESIAN_POINT ( 'NONE',  ( 27.50000000000000000, -2.499999999999992895, -10.00000000000000000 ) ) ;
#1371 = EDGE_CURVE ( 'NONE', #709, #2424, #497, .T. ) ;
#1372 = EDGE_LOOP ( 'NONE', ( #1550, #2072, #701, #608 ) ) ;
#1373 = LINE ( 'NONE', #3032, #1957 ) ;
#1374 = CARTESIAN_POINT ( 'NONE',  ( 27.50000000000000000, 1.071565949253933651E-14, -5.500000000000000000 ) ) ;
#1375 = ORIENTED_EDGE ( 'NONE', *, *, #2445, .T. ) ;
#1376 = DIRECTION ( 'NONE',  ( -0.000000000000000000, -0.000000000000000000, 1.000000000000000000 ) ) ;
#1377 = AXIS2_PLACEMENT_3D ( 'NONE', #2885, #1740, #298 ) ;
#1378 = DIRECTION ( 'NONE',  ( -0.000000000000000000, -0.000000000000000000, 1.000000000000000000 ) ) ;
#1379 = CARTESIAN_POINT ( 'NONE',  ( 27.50000000000000355, 0.000000000000000000, 1000.000000000000000 ) ) ;
#1380 = ORIENTED_EDGE ( 'NONE', *, *, #2579, .F. ) ;
#1381 = DIRECTION ( 'NONE',  ( -1.000000000000000000, -1.734723475976807094E-16, 0.000000000000000000 ) ) ;
#1382 = EDGE_LOOP ( 'NONE', ( #1411, #1991 ) ) ;
#1383 = CARTESIAN_POINT ( 'NONE',  ( -27.50000000000000000, -6.123233995736766085E-15, -4.000000000000000000 ) ) ;
#1384 = CARTESIAN_POINT ( 'NONE',  ( 27.50000000000000000, 4.499999999999997335, 5.499999999999949374 ) ) ;
#1385 = ORIENTED_EDGE ( 'NONE', *, *, #2287, .F. ) ;
#1386 = DIRECTION ( 'NONE',  ( -1.000000000000000000, -1.734723475976806355E-16, 0.000000000000000000 ) ) ;
#1387 = ADVANCED_FACE ( 'NONE', ( #2120 ), #1901, .F. ) ;
#1388 = ADVANCED_FACE ( 'NONE', ( #1888 ), #2611, .F. ) ;
#1389 = LINE ( 'NONE', #446, #974 ) ;
#1390 = ORIENTED_EDGE ( 'NONE', *, *, #1364, .T. ) ;
#1391 = LINE ( 'NONE', #707, #2242 ) ;
#1392 = DIRECTION ( 'NONE',  ( -1.000000000000000000, 0.000000000000000000, 0.000000000000000000 ) ) ;
#1393 = FACE_BOUND ( 'NONE', #2531, .T. ) ;
#1394 = ORIENTED_EDGE ( 'NONE', *, *, #2793, .T. ) ;
#1395 = AXIS2_PLACEMENT_3D ( 'NONE', #950, #2589, #2092 ) ;
#1396 = DIRECTION ( 'NONE',  ( -1.000000000000000000, 0.000000000000000000, 0.000000000000000000 ) ) ;
#1397 = ORIENTED_EDGE ( 'NONE', *, *, #168, .T. ) ;
#1398 = CARTESIAN_POINT ( 'NONE',  ( 8.822875655532309125, 4.499999999999992006, -5.499999999999996447 ) ) ;
#1399 = DIRECTION ( 'NONE',  ( 0.000000000000000000, 0.000000000000000000, 1.000000000000000000 ) ) ;
#1400 = EDGE_LOOP ( 'NONE', ( #2823, #2235, #460, #1183 ) ) ;
#1401 = CARTESIAN_POINT ( 'NONE',  ( -27.50000000000000000, -6.123233995736766085E-15, -10.00000000000000000 ) ) ;
#1402 = FACE_OUTER_BOUND ( 'NONE', #1592, .T. ) ;
#1403 = EDGE_CURVE ( 'NONE', #2688, #2639, #2370, .T. ) ;
#1404 = EDGE_LOOP ( 'NONE', ( #488, #1634, #1687, #114 ) ) ;
#1405 = ADVANCED_FACE ( 'NONE', ( #2384 ), #334, .T. ) ;
#1406 = ORIENTED_EDGE ( 'NONE', *, *, #632, .F. ) ;
#1407 = CARTESIAN_POINT ( 'NONE',  ( -8.500000000000000000, -1.999999999999948930, -4.000000000000000000 ) ) ;
#1408 = DIRECTION ( 'NONE',  ( -0.000000000000000000, -0.000000000000000000, 1.000000000000000000 ) ) ;
#1409 = CIRCLE ( 'NONE', #2105, 5.000000000000000888 ) ;
#1410 = EDGE_CURVE ( 'NONE', #1926, #2439, #487, .T. ) ;
#1411 = ORIENTED_EDGE ( 'NONE', *, *, #1595, .T. ) ;
#1412 = AXIS2_PLACEMENT_3D ( 'NONE', #1019, #2396, #337 ) ;
#1413 = DIRECTION ( 'NONE',  ( 2.996340549414485340E-16, -1.000000000000000000, -0.000000000000000000 ) ) ;
#1414 = CIRCLE ( 'NONE', #523, 2.500000000000000444 ) ;
#1415 = ORIENTED_EDGE ( 'NONE', *, *, #978, .F. ) ;
#1416 = AXIS2_PLACEMENT_3D ( 'NONE', #2965, #1782, #141 ) ;
#1417 = CARTESIAN_POINT ( 'NONE',  ( -27.50000000000000000, -6.123233995736766085E-15, 10.00000000000000000 ) ) ;
#1418 = AXIS2_PLACEMENT_3D ( 'NONE', #1293, #111, #1786 ) ;
#1419 = CARTESIAN_POINT ( 'NONE',  ( -30.59999999999999787, -5.743593488001086495E-15, 9.499999999999982236 ) ) ;
#1420 = AXIS2_PLACEMENT_3D ( 'NONE', #248, #3033, #1854 ) ;
#1421 = ORIENTED_EDGE ( 'NONE', *, *, #443, .F. ) ;
#1422 = CARTESIAN_POINT ( 'NONE',  ( -31.00000000000025224, -20.50000000000002487, -4.000000000000000000 ) ) ;
#1423 = DIRECTION ( 'NONE',  ( 0.000000000000000000, 0.000000000000000000, -1.000000000000000000 ) ) ;
#1424 = AXIS2_PLACEMENT_3D ( 'NONE', #1290, #2745, #2017 ) ;
#1425 = VERTEX_POINT ( 'NONE', #1300 ) ;
#1426 = FACE_OUTER_BOUND ( 'NONE', #2678, .T. ) ;
#1427 = VECTOR ( 'NONE', #1442, 1000.000000000000000 ) ;
#1428 = CARTESIAN_POINT ( 'NONE',  ( 29.50000000000000711, 0.000000000000000000, 1000.000000000000000 ) ) ;
#1429 = CONICAL_SURFACE ( 'NONE', #1280, 1.499999999999984901, 0.7853981633974561616 ) ;
#1430 = ORIENTED_EDGE ( 'NONE', *, *, #1403, .F. ) ;
#1431 = EDGE_CURVE ( 'NONE', #1309, #2058, #1517, .T. ) ;
#1432 = EDGE_CURVE ( 'NONE', #1328, #2442, #1868, .T. ) ;
#1433 = ORIENTED_EDGE ( 'NONE', *, *, #1064, .F. ) ;
#1434 = LINE ( 'NONE', #2376, #3026 ) ;
#1435 = CARTESIAN_POINT ( 'NONE',  ( 27.50000000000000355, 0.000000000000000000, -7.900000000000018119 ) ) ;
#1436 = EDGE_LOOP ( 'NONE', ( #2622, #2346, #2280, #1501, #2158, #663, #1789, #1060, #1081, #1154, #1430, #996 ) ) ;
#1437 = CARTESIAN_POINT ( 'NONE',  ( 23.74999999999999289, 5.000000000000047962, -2.499999999999996447 ) ) ;
#1438 = DIRECTION ( 'NONE',  ( 0.000000000000000000, 0.000000000000000000, -1.000000000000000000 ) ) ;
#1439 =( BOUNDED_CURVE ( )  B_SPLINE_CURVE ( 3, ( #2063, #440, #2796, #1398 ),
 .UNSPECIFIED., .F., .T. ) 
 B_SPLINE_CURVE_WITH_KNOTS ( ( 4, 4 ),
 ( 3.141592653589793560, 3.864326901403219772 ),
 .UNSPECIFIED. ) 
 CURVE ( )  GEOMETRIC_REPRESENTATION_ITEM ( )  RATIONAL_B_SPLINE_CURVE ( ( 1.000000000000000000, 0.9569428977956555560, 0.9569428977956555560, 1.000000000000000000 ) ) 
 REPRESENTATION_ITEM ( '' )  );
#1440 = ORIENTED_EDGE ( 'NONE', *, *, #1767, .F. ) ;
#1441 = DIRECTION ( 'NONE',  ( -3.854941057726237604E-16, -1.155071620686788892E-31, 1.000000000000000000 ) ) ;
#1442 = DIRECTION ( 'NONE',  ( -0.000000000000000000, -0.000000000000000000, -1.000000000000000000 ) ) ;
#1443 = ORIENTED_EDGE ( 'NONE', *, *, #1218, .T. ) ;
#1444 = VERTEX_POINT ( 'NONE', #522 ) ;
#1445 = EDGE_CURVE ( 'NONE', #2424, #282, #2260, .T. ) ;
#1446 = EDGE_CURVE ( 'NONE', #2970, #165, #2604, .T. ) ;
#1447 = AXIS2_PLACEMENT_3D ( 'NONE', #2608, #489, #1136 ) ;
#1448 = CARTESIAN_POINT ( 'NONE',  ( 27.50000000000000000, -4.999999999999990230, 4.999999999999999112 ) ) ;
#1449 = CARTESIAN_POINT ( 'NONE',  ( 30.10000000000000142, 0.000000000000000000, 10.00000000000000355 ) ) ;
#1450 = ORIENTED_EDGE ( 'NONE', *, *, #1143, .T. ) ;
#1451 = LINE ( 'NONE', #2393, #2055 ) ;
#1452 = DIRECTION ( 'NONE',  ( 0.7071067811865545671, 0.000000000000000000, 0.7071067811865404673 ) ) ;
#1453 = ORIENTED_EDGE ( 'NONE', *, *, #78, .F. ) ;
#1454 = DIRECTION ( 'NONE',  ( 1.000000000000000000, 2.996340549414485340E-16, 1.734723475976807587E-16 ) ) ;
#1455 = CARTESIAN_POINT ( 'NONE',  ( 3.750000000000002220, -4.999999999999997335, -3.000000000000015543 ) ) ;
#1456 = VERTEX_POINT ( 'NONE', #2174 ) ;
#1457 = ORIENTED_EDGE ( 'NONE', *, *, #2508, .F. ) ;
#1458 = AXIS2_PLACEMENT_3D ( 'NONE', #1407, #2369, #2825 ) ;
#1459 = DIRECTION ( 'NONE',  ( -1.000000000000000000, -3.083952846180990774E-16, 3.854941057726237604E-16 ) ) ;
#1460 = DIRECTION ( 'NONE',  ( 1.000000000000000000, 0.000000000000000000, 0.000000000000000000 ) ) ;
#1461 = EDGE_CURVE ( 'NONE', #1778, #1563, #184, .T. ) ;
#1462 = ORIENTED_EDGE ( 'NONE', *, *, #275, .F. ) ;
#1463 = CIRCLE ( 'NONE', #2296, 2.499999999999998668 ) ;
#1464 = VECTOR ( 'NONE', #2712, 1000.000000000000000 ) ;
#1465 = FACE_OUTER_BOUND ( 'NONE', #2034, .T. ) ;
#1466 = ADVANCED_FACE ( 'NONE', ( #2427 ), #351, .T. ) ;
#1467 = ORIENTED_EDGE ( 'NONE', *, *, #2445, .F. ) ;
#1468 = DIRECTION ( 'NONE',  ( -0.000000000000000000, -0.000000000000000000, 1.000000000000000000 ) ) ;
#1469 = LINE ( 'NONE', #2227, #1076 ) ;
#1470 = VECTOR ( 'NONE', #2127, 999.9999999999998863 ) ;
#1471 = VECTOR ( 'NONE', #2252, 1000.000000000000000 ) ;
#1472 = ORIENTED_EDGE ( 'NONE', *, *, #2313, .F. ) ;
#1473 = VERTEX_POINT ( 'NONE', #1052 ) ;
#1474 = PLANE ( 'NONE',  #1575 ) ;
#1475 = DIRECTION ( 'NONE',  ( -0.000000000000000000, -0.000000000000000000, 1.000000000000000000 ) ) ;
#1476 = CARTESIAN_POINT ( 'NONE',  ( 3.749999999999999112, 4.500000000000045297, -2.500000000000000000 ) ) ;
#1477 = CARTESIAN_POINT ( 'NONE',  ( 9.500000000000000000, 3.000000000000005773, 9.499999999999985789 ) ) ;
#1478 = DIRECTION ( 'NONE',  ( 1.000000000000000000, 2.996340549414485340E-16, -1.508455196501571429E-16 ) ) ;
#1479 = CARTESIAN_POINT ( 'NONE',  ( -27.50000000000000000, -6.123233995736766085E-15, -10.00000000000000000 ) ) ;
#1480 = ORIENTED_EDGE ( 'NONE', *, *, #1730, .F. ) ;
#1481 = ORIENTED_EDGE ( 'NONE', *, *, #588, .F. ) ;
#1482 = EDGE_CURVE ( 'NONE', #1425, #2631, #1469, .T. ) ;
#1483 = CARTESIAN_POINT ( 'NONE',  ( -4.671572875253761303, 5.000000000000001776, 4.500000000000001776 ) ) ;
#1484 = ADVANCED_FACE ( 'NONE', ( #2008 ), #2941, .T. ) ;
#1485 = CARTESIAN_POINT ( 'NONE',  ( 27.50000000000000000, -4.499999999999976019, -5.500000000000000000 ) ) ;
#1486 = ORIENTED_EDGE ( 'NONE', *, *, #2942, .T. ) ;
#1487 = DIRECTION ( 'NONE',  ( 1.000000000000000000, 0.000000000000000000, 0.000000000000000000 ) ) ;
#1488 = ORIENTED_EDGE ( 'NONE', *, *, #1558, .F. ) ;
#1489 = FACE_OUTER_BOUND ( 'NONE', #935, .T. ) ;
#1490 = DIRECTION ( 'NONE',  ( 1.000000000000000000, 2.996340549414485340E-16, 0.000000000000000000 ) ) ;
#1491 = LINE ( 'NONE', #1727, #175 ) ;
#1492 = CARTESIAN_POINT ( 'NONE',  ( 7.500000000000002665, -4.999999999999996447, -4.999999999999989342 ) ) ;
#1493 = DIRECTION ( 'NONE',  ( 0.000000000000000000, 0.000000000000000000, -1.000000000000000000 ) ) ;
#1494 = CARTESIAN_POINT ( 'NONE',  ( 7.500000000000000888, 4.499999999999991118, -10.00000000000000000 ) ) ;
#1495 = ORIENTED_EDGE ( 'NONE', *, *, #722, .F. ) ;
#1496 = EDGE_LOOP ( 'NONE', ( #2159, #1679, #2486, #1795 ) ) ;
#1497 = DIRECTION ( 'NONE',  ( -1.000000000000000000, 0.000000000000000000, 0.000000000000000000 ) ) ;
#1498 = DIRECTION ( 'NONE',  ( 0.000000000000000000, -1.000000000000000000, 0.000000000000000000 ) ) ;
#1499 = EDGE_CURVE ( 'NONE', #323, #106, #2657, .T. ) ;
#1500 = EDGE_CURVE ( 'NONE', #1132, #709, #815, .T. ) ;
#1501 = ORIENTED_EDGE ( 'NONE', *, *, #2757, .T. ) ;
#1502 = ADVANCED_FACE ( 'NONE', ( #1718, #582 ), #2441, .F. ) ;
#1503 = CARTESIAN_POINT ( 'NONE',  ( -6.489039424011664892, 4.010960575988292476, 4.000000000000001776 ) ) ;
#1504 = ORIENTED_EDGE ( 'NONE', *, *, #21, .F. ) ;
#1505 = DIRECTION ( 'NONE',  ( 1.000000000000000000, 2.891205793294719742E-16, 0.000000000000000000 ) ) ;
#1506 = FACE_OUTER_BOUND ( 'NONE', #2892, .T. ) ;
#1507 = AXIS2_PLACEMENT_3D ( 'NONE', #358, #1078, #2019 ) ;
#1508 = CARTESIAN_POINT ( 'NONE',  ( -18.75000000000000355, -2.500000000000000888, 10.00000000000000000 ) ) ;
#1509 = DIRECTION ( 'NONE',  ( 1.807003620809173954E-17, 5.572713959453807775E-33, -1.000000000000000000 ) ) ;
#1510 = CARTESIAN_POINT ( 'NONE',  ( -25.30000000000000071, -6.123233995736766085E-15, -12.00000000000001243 ) ) ;
#1511 = AXIS2_PLACEMENT_3D ( 'NONE', #3069, #1645, #945 ) ;
#1512 = VECTOR ( 'NONE', #1147, 1000.000000000000000 ) ;
#1513 = VERTEX_POINT ( 'NONE', #2662 ) ;
#1514 = ORIENTED_EDGE ( 'NONE', *, *, #1598, .T. ) ;
#1515 = AXIS2_PLACEMENT_3D ( 'NONE', #1600, #1863, #1396 ) ;
#1516 = FACE_OUTER_BOUND ( 'NONE', #1372, .T. ) ;
#1517 = LINE ( 'NONE', #1485, #2308 ) ;
#1518 = VECTOR ( 'NONE', #1452, 1000.000000000000000 ) ;
#1519 = ORIENTED_EDGE ( 'NONE', *, *, #647, .F. ) ;
#1520 = AXIS2_PLACEMENT_3D ( 'NONE', #1665, #2562, #1171 ) ;
#1521 = DIRECTION ( 'NONE',  ( 0.000000000000000000, 0.7071067811865426878, -0.7071067811865524577 ) ) ;
#1522 = VERTEX_POINT ( 'NONE', #2210 ) ;
#1523 = EDGE_CURVE ( 'NONE', #1197, #1889, #1040, .T. ) ;
#1524 = ADVANCED_FACE ( 'NONE', ( #2189 ), #70, .T. ) ;
#1525 = AXIS2_PLACEMENT_3D ( 'NONE', #1225, #482, #2163 ) ;
#1526 = LINE ( 'NONE', #109, #1562 ) ;
#1527 = CARTESIAN_POINT ( 'NONE',  ( -27.50000000000000000, -5.000000000000007105, 10.00000000000000000 ) ) ;
#1528 = AXIS2_PLACEMENT_3D ( 'NONE', #1675, #43, #1392 ) ;
#1529 = DIRECTION ( 'NONE',  ( 0.000000000000000000, 0.000000000000000000, 1.000000000000000000 ) ) ;
#1530 = DIRECTION ( 'NONE',  ( 0.000000000000000000, 0.000000000000000000, -1.000000000000000000 ) ) ;
#1531 = ORIENTED_EDGE ( 'NONE', *, *, #2564, .T. ) ;
#1532 = ORIENTED_EDGE ( 'NONE', *, *, #2979, .F. ) ;
#1533 = DIRECTION ( 'NONE',  ( 0.000000000000000000, 0.000000000000000000, 1.000000000000000000 ) ) ;
#1534 = EDGE_LOOP ( 'NONE', ( #2636, #975, #363, #162, #2213, #2049 ) ) ;
#1535 = DIRECTION ( 'NONE',  ( 1.000000000000000000, 2.996340549414485340E-16, 1.734723475976807587E-16 ) ) ;
#1536 = CARTESIAN_POINT ( 'NONE',  ( -6.085786437626849121, 4.414213562373105582, -4.500000000000000888 ) ) ;
#1537 = ORIENTED_EDGE ( 'NONE', *, *, #728, .F. ) ;
#1538 = DIRECTION ( 'NONE',  ( 1.000000000000000000, 0.000000000000000000, 0.000000000000000000 ) ) ;
#1539 = EDGE_CURVE ( 'NONE', #2723, #2114, #2813, .T. ) ;
#1540 = EDGE_CURVE ( 'NONE', #990, #89, #982, .T. ) ;
#1541 = CARTESIAN_POINT ( 'NONE',  ( 27.50000000000000000, -4.999999999999990230, 10.00000000000000000 ) ) ;
#1542 = FACE_OUTER_BOUND ( 'NONE', #940, .T. ) ;
#1543 = LINE ( 'NONE', #2995, #727 ) ;
#1544 = ORIENTED_EDGE ( 'NONE', *, *, #2881, .T. ) ;
#1545 = VERTEX_POINT ( 'NONE', #161 ) ;
#1546 = DIRECTION ( 'NONE',  ( 1.000000000000000000, 0.000000000000000000, 0.000000000000000000 ) ) ;
#1547 = ORIENTED_EDGE ( 'NONE', *, *, #2868, .F. ) ;
#1548 = DIRECTION ( 'NONE',  ( 1.000000000000000000, 2.996340549414485340E-16, 0.000000000000000000 ) ) ;
#1549 = SURFACE_SIDE_STYLE ('',( #600 ) ) ;
#1550 = ORIENTED_EDGE ( 'NONE', *, *, #1523, .T. ) ;
#1551 = FACE_OUTER_BOUND ( 'NONE', #2395, .T. ) ;
#1552 = DIRECTION ( 'NONE',  ( -0.000000000000000000, -0.000000000000000000, 1.000000000000000000 ) ) ;
#1553 = DIRECTION ( 'NONE',  ( 1.508455196501571429E-16, 4.652004696587526895E-32, -1.000000000000000000 ) ) ;
#1554 = CARTESIAN_POINT ( 'NONE',  ( -6.085786437626850898, 4.414213562373110022, -4.000000000000000000 ) ) ;
#1555 = CIRCLE ( 'NONE', #166, 2.499999999999998668 ) ;
#1556 = VERTEX_POINT ( 'NONE', #2488 ) ;
#1557 = VECTOR ( 'NONE', #1887, 1000.000000000000000 ) ;
#1558 = EDGE_CURVE ( 'NONE', #933, #2639, #893, .T. ) ;
#1559 = PRODUCT_DEFINITION_SHAPE ( 'NONE', 'NONE',  #1291 ) ;
#1560 = LINE ( 'NONE', #2268, #924 ) ;
#1561 = CIRCLE ( 'NONE', #227, 2.599999999999998312 ) ;
#1562 = VECTOR ( 'NONE', #2493, 1000.000000000000000 ) ;
#1563 = VERTEX_POINT ( 'NONE', #366 ) ;
#1564 = CARTESIAN_POINT ( 'NONE',  ( 7.500000000000002665, -2.999999999999995559, -9.999999999999996447 ) ) ;
#1565 = CARTESIAN_POINT ( 'NONE',  ( -5.624987206178682975, -4.825834261322585306, 4.325834261322586194 ) ) ;
#1566 = CARTESIAN_POINT ( 'NONE',  ( 30.90000000000000213, 0.000000000000000000, 12.00000000000000355 ) ) ;
#1567 = ORIENTED_EDGE ( 'NONE', *, *, #1595, .F. ) ;
#1568 = AXIS2_PLACEMENT_3D ( 'NONE', #1604, #2954, #347 ) ;
#1569 = CARTESIAN_POINT ( 'NONE',  ( -25.30000000000000071, -6.123233995736766085E-15, 5.799999999999998046 ) ) ;
#1570 = AXIS2_PLACEMENT_3D ( 'NONE', #1817, #1755, #840 ) ;
#1571 = AXIS2_PLACEMENT_3D ( 'NONE', #3070, #726, #946 ) ;
#1572 = DIRECTION ( 'NONE',  ( 1.000000000000000000, 0.000000000000000000, 0.000000000000000000 ) ) ;
#1573 = CARTESIAN_POINT ( 'NONE',  ( 7.500000000000002665, -2.999999999999995559, -10.00000000000000000 ) ) ;
#1574 = DIRECTION ( 'NONE',  ( 1.000000000000000000, 2.996340549414485340E-16, -1.508455196501571429E-16 ) ) ;
#1575 = AXIS2_PLACEMENT_3D ( 'NONE', #1936, #1256, #2682 ) ;
#1576 = ORIENTED_EDGE ( 'NONE', *, *, #1499, .F. ) ;
#1577 = APPLICATION_PROTOCOL_DEFINITION ( 'draft international standard', 'automotive_design', 1998, #2211 ) ;
#1578 = DIRECTION ( 'NONE',  ( -0.000000000000000000, -0.000000000000000000, 1.000000000000000000 ) ) ;
#1579 = EDGE_CURVE ( 'NONE', #1545, #3000, #2739, .T. ) ;
#1580 = EDGE_CURVE ( 'NONE', #30, #2912, #1030, .T. ) ;
#1581 = ORIENTED_EDGE ( 'NONE', *, *, #1047, .T. ) ;
#1582 = DIRECTION ( 'NONE',  ( 1.000000000000000000, 0.000000000000000000, 0.000000000000000000 ) ) ;
#1583 = DIRECTION ( 'NONE',  ( -0.000000000000000000, -0.000000000000000000, 1.000000000000000000 ) ) ;
#1584 = ORIENTED_EDGE ( 'NONE', *, *, #912, .F. ) ;
#1585 = CYLINDRICAL_SURFACE ( 'NONE', #1362, 5.000000000000000888 ) ;
#1586 = DIRECTION ( 'NONE',  ( 0.000000000000000000, 0.000000000000000000, 1.000000000000000000 ) ) ;
#1587 = FACE_OUTER_BOUND ( 'NONE', #769, .T. ) ;
#1588 = LINE ( 'NONE', #1773, #2112 ) ;
#1589 = ORIENTED_EDGE ( 'NONE', *, *, #1622, .T. ) ;
#1590 = DIRECTION ( 'NONE',  ( -0.000000000000000000, -0.000000000000000000, -1.000000000000000000 ) ) ;
#1591 = DIRECTION ( 'NONE',  ( 1.000000000000000000, 0.000000000000000000, 1.734723475976807587E-16 ) ) ;
#1592 = EDGE_LOOP ( 'NONE', ( #349, #507, #90, #896 ) ) ;
#1593 = DIRECTION ( 'NONE',  ( -0.000000000000000000, -0.000000000000000000, 1.000000000000000000 ) ) ;
#1594 = LINE ( 'NONE', #635, #2615 ) ;
#1595 = EDGE_CURVE ( 'NONE', #3, #2627, #1674, .T. ) ;
#1596 = DIRECTION ( 'NONE',  ( -0.000000000000000000, -0.000000000000000000, -1.000000000000000000 ) ) ;
#1597 = ORIENTED_EDGE ( 'NONE', *, *, #2559, .T. ) ;
#1598 = EDGE_CURVE ( 'NONE', #2439, #1926, #2765, .T. ) ;
#1599 = EDGE_CURVE ( 'NONE', #1808, #1128, #231, .T. ) ;
#1600 = CARTESIAN_POINT ( 'NONE',  ( -27.50000000000000000, -6.123233995736766085E-15, -4.000000000000000000 ) ) ;
#1601 = ORIENTED_EDGE ( 'NONE', *, *, #1801, .T. ) ;
#1602 = LINE ( 'NONE', #2542, #2643 ) ;
#1603 = DIRECTION ( 'NONE',  ( -1.000000000000000000, 0.000000000000000000, 0.000000000000000000 ) ) ;
#1604 = CARTESIAN_POINT ( 'NONE',  ( 27.50000000000000000, -4.999999999999990230, 10.00000000000000000 ) ) ;
#1605 = CYLINDRICAL_SURFACE ( 'NONE', #2004, 2.200000000000000622 ) ;
#1606 = ORIENTED_EDGE ( 'NONE', *, *, #822, .T. ) ;
#1607 = CARTESIAN_POINT ( 'NONE',  ( -5.624987206178682975, -4.825834261322585306, -4.325834261322585306 ) ) ;
#1608 = DIRECTION ( 'NONE',  ( -0.000000000000000000, -0.000000000000000000, 1.000000000000000000 ) ) ;
#1609 = ORIENTED_EDGE ( 'NONE', *, *, #917, .F. ) ;
#1610 = FACE_OUTER_BOUND ( 'NONE', #2927, .T. ) ;
#1611 = AXIS2_PLACEMENT_3D ( 'NONE', #243, #2126, #1892 ) ;
#1612 = LINE ( 'NONE', #2038, #2663 ) ;
#1613 = AXIS2_PLACEMENT_3D ( 'NONE', #320, #1005, #1497 ) ;
#1614 = DIRECTION ( 'NONE',  ( 1.000000000000000000, 0.000000000000000000, 0.000000000000000000 ) ) ;
#1615 = ORIENTED_EDGE ( 'NONE', *, *, #2352, .F. ) ;
#1616 = VECTOR ( 'NONE', #2976, 1000.000000000000000 ) ;
#1617 = DIRECTION ( 'NONE',  ( -0.7071067811865536790, 0.000000000000000000, -0.7071067811865414665 ) ) ;
#1618 = CIRCLE ( 'NONE', #1021, 2.000000000000000000 ) ;
#1619 = AXIS2_PLACEMENT_3D ( 'NONE', #273, #38, #1493 ) ;
#1620 = ORIENTED_EDGE ( 'NONE', *, *, #704, .T. ) ;
#1621 = EDGE_CURVE ( 'NONE', #683, #1640, #1313, .T. ) ;
#1622 = EDGE_CURVE ( 'NONE', #1938, #2424, #1828, .T. ) ;
#1623 = DIRECTION ( 'NONE',  ( -1.000000000000000000, 0.000000000000000000, 0.000000000000000000 ) ) ;
#1624 = CIRCLE ( 'NONE', #283, 2.200000000000000622 ) ;
#1625 = DIRECTION ( 'NONE',  ( -3.854941057726237604E-16, -1.155071620686788892E-31, -1.000000000000000000 ) ) ;
#1626 = CIRCLE ( 'NONE', #1611, 3.400000000000000355 ) ;
#1627 = ORIENTED_EDGE ( 'NONE', *, *, #553, .F. ) ;
#1628 = CARTESIAN_POINT ( 'NONE',  ( -5.994448530786192109, -4.500000000000001776, -4.000000000000000000 ) ) ;
#1629 = DIRECTION ( 'NONE',  ( 1.000000000000000000, 0.000000000000000000, 0.000000000000000000 ) ) ;
#1630 = ORIENTED_EDGE ( 'NONE', *, *, #2444, .F. ) ;
#1631 = FACE_OUTER_BOUND ( 'NONE', #2187, .T. ) ;
#1632 = FACE_OUTER_BOUND ( 'NONE', #1041, .T. ) ;
#1633 = CARTESIAN_POINT ( 'NONE',  ( 24.10000000000000497, 4.163799117101001052E-16, 7.900000000000018119 ) ) ;
#1634 = ORIENTED_EDGE ( 'NONE', *, *, #2758, .T. ) ;
#1635 = CARTESIAN_POINT ( 'NONE',  ( -27.50000000000000000, -6.123233995736766085E-15, -4.500000000000000888 ) ) ;
#1636 = ORIENTED_EDGE ( 'NONE', *, *, #212, .T. ) ;
#1637 = DIRECTION ( 'NONE',  ( 1.000000000000000000, 0.000000000000000000, 0.000000000000000000 ) ) ;
#1638 = ADVANCED_FACE ( 'NONE', ( #610 ), #2773, .F. ) ;
#1639 = EDGE_CURVE ( 'NONE', #473, #2969, #127, .T. ) ;
#1640 = VERTEX_POINT ( 'NONE', #643 ) ;
#1641 = CYLINDRICAL_SURFACE ( 'NONE', #1012, 3.099999999999998757 ) ;
#1642 = DIRECTION ( 'NONE',  ( 0.000000000000000000, 0.7071067811865524577, 0.7071067811865426878 ) ) ;
#1643 = ADVANCED_FACE ( 'NONE', ( #2786 ), #2023, .F. ) ;
#1644 = ORIENTED_EDGE ( 'NONE', *, *, #647, .T. ) ;
#1645 = DIRECTION ( 'NONE',  ( -0.000000000000000000, -0.000000000000000000, -1.000000000000000000 ) ) ;
#1646 = LINE ( 'NONE', #215, #2463 ) ;
#1647 = ORIENTED_EDGE ( 'NONE', *, *, #539, .T. ) ;
#1648 = AXIS2_PLACEMENT_3D ( 'NONE', #1189, #2817, #1368 ) ;
#1649 = DIRECTION ( 'NONE',  ( -1.807003620809173954E-17, -5.572713959453807775E-33, 1.000000000000000000 ) ) ;
#1650 = EDGE_LOOP ( 'NONE', ( #3004, #23, #1037, #1191, #660, #1457 ) ) ;
#1651 = CARTESIAN_POINT ( 'NONE',  ( 27.50000000000000355, 0.000000000000000000, 7.900000000000018119 ) ) ;
#1652 = DIRECTION ( 'NONE',  ( -1.000000000000000000, 0.000000000000000000, 0.000000000000000000 ) ) ;
#1653 = ORIENTED_EDGE ( 'NONE', *, *, #1599, .T. ) ;
#1654 = DIRECTION ( 'NONE',  ( 1.000000000000000000, 0.000000000000000000, 0.000000000000000000 ) ) ;
#1655 = CARTESIAN_POINT ( 'NONE',  ( 3.749999999999999112, 5.000000000000041744, -2.500000000000000000 ) ) ;
#1656 = ADVANCED_FACE ( 'NONE', ( #2971 ), #2605, .T. ) ;
#1657 = DIRECTION ( 'NONE',  ( -1.000000000000000000, -2.996340549414485340E-16, 1.508455196501571429E-16 ) ) ;
#1658 = CARTESIAN_POINT ( 'NONE',  ( -24.40000000000000213, -5.743593488001086495E-15, -5.799999999999999822 ) ) ;
#1659 = AXIS2_PLACEMENT_3D ( 'NONE', #1058, #577, #2734 ) ;
#1660 = ORIENTED_EDGE ( 'NONE', *, *, #1332, .F. ) ;
#1661 = ORIENTED_EDGE ( 'NONE', *, *, #1749, .T. ) ;
#1662 = CIRCLE ( 'NONE', #331, 5.000000000000000888 ) ;
#1663 = CYLINDRICAL_SURFACE ( 'NONE', #1447, 2.500000000000000444 ) ;
#1664 = AXIS2_PLACEMENT_3D ( 'NONE', #604, #1553, #622 ) ;
#1665 = CARTESIAN_POINT ( 'NONE',  ( -4.671572875253760415, 3.000000000000001776, 4.000000000000000888 ) ) ;
#1666 = AXIS2_PLACEMENT_3D ( 'NONE', #494, #1423, #1871 ) ;
#1667 = ORIENTED_EDGE ( 'NONE', *, *, #2029, .T. ) ;
#1668 = CIRCLE ( 'NONE', #2904, 2.000000000000001776 ) ;
#1669 = DIRECTION ( 'NONE',  ( -1.000000000000000000, 0.000000000000000000, 0.000000000000000000 ) ) ;
#1670 = DIRECTION ( 'NONE',  ( -1.000000000000000000, 0.000000000000000000, 0.000000000000000000 ) ) ;
#1671 = CIRCLE ( 'NONE', #1124, 2.499999999999998668 ) ;
#1672 = ORIENTED_EDGE ( 'NONE', *, *, #2220, .F. ) ;
#1673 = DIRECTION ( 'NONE',  ( 2.996340549414485340E-16, -1.000000000000000000, -0.000000000000000000 ) ) ;
#1674 = CIRCLE ( 'NONE', #1720, 3.600000000000005862 ) ;
#1675 = CARTESIAN_POINT ( 'NONE',  ( -27.50000000000000000, -6.123233995736766085E-15, 10.00000000000000000 ) ) ;
#1676 = EDGE_CURVE ( 'NONE', #973, #1164, #1560, .T. ) ;
#1677 = EDGE_CURVE ( 'NONE', #2912, #1309, #177, .T. ) ;
#1678 = AXIS2_PLACEMENT_3D ( 'NONE', #182, #1131, #3023 ) ;
#1679 = ORIENTED_EDGE ( 'NONE', *, *, #2083, .F. ) ;
#1680 = VERTEX_POINT ( 'NONE', #179 ) ;
#1681 = DIRECTION ( 'NONE',  ( -1.000000000000000000, 0.000000000000000000, 0.000000000000000000 ) ) ;
#1682 = FACE_OUTER_BOUND ( 'NONE', #2190, .T. ) ;
#1683 = ORIENTED_EDGE ( 'NONE', *, *, #138, .T. ) ;
#1684 = LINE ( 'NONE', #301, #1756 ) ;
#1685 = DIRECTION ( 'NONE',  ( -1.734723475976807094E-16, 1.000000000000000000, 0.000000000000000000 ) ) ;
#1686 = ORIENTED_EDGE ( 'NONE', *, *, #2757, .F. ) ;
#1687 = ORIENTED_EDGE ( 'NONE', *, *, #255, .T. ) ;
#1688 = CARTESIAN_POINT ( 'NONE',  ( 27.50000000000000355, 0.000000000000000000, 1000.000000000000000 ) ) ;
#1689 = CARTESIAN_POINT ( 'NONE',  ( 30.10000000000000142, 0.000000000000000000, 10.00000000000000888 ) ) ;
#1690 = EDGE_LOOP ( 'NONE', ( #1537, #549, #1366, #1251 ) ) ;
#1691 = EDGE_CURVE ( 'NONE', #644, #1926, #659, .T. ) ;
#1692 = ORIENTED_EDGE ( 'NONE', *, *, #2287, .T. ) ;
#1693 = ADVANCED_FACE ( 'NONE', ( #2035 ), #2984, .F. ) ;
#1694 = EDGE_CURVE ( 'NONE', #2572, #1008, #2548, .T. ) ;
#1695 = LINE ( 'NONE', #1199, #634 ) ;
#1696 = DIRECTION ( 'NONE',  ( -1.000000000000000000, -2.996340549414485340E-16, -1.734723475976807587E-16 ) ) ;
#1697 = ORIENTED_EDGE ( 'NONE', *, *, #2632, .F. ) ;
#1698 = CARTESIAN_POINT ( 'NONE',  ( 32.00000000000000000, 0.000000000000000000, 1000.000000000000000 ) ) ;
#1699 = DIRECTION ( 'NONE',  ( -1.000000000000000000, -2.996340549414485340E-16, 1.508455196501571429E-16 ) ) ;
#1700 = ORIENTED_EDGE ( 'NONE', *, *, #1621, .F. ) ;
#1701 = LINE ( 'NONE', #2878, #1015 ) ;
#1702 = CARTESIAN_POINT ( 'NONE',  ( 7.500000000000000000, 3.000000000000005329, 10.00000000000000711 ) ) ;
#1703 = ORIENTED_EDGE ( 'NONE', *, *, #138, .F. ) ;
#1704 = ORIENTED_EDGE ( 'NONE', *, *, #1539, .F. ) ;
#1705 = VECTOR ( 'NONE', #1535, 1000.000000000000000 ) ;
#1706 = PLANE ( 'NONE',  #1182 ) ;
#1707 = DIRECTION ( 'NONE',  ( -0.000000000000000000, -0.000000000000000000, 1.000000000000000000 ) ) ;
#1708 = CIRCLE ( 'NONE', #1214, 4.499999999999993783 ) ;
#1709 = EDGE_CURVE ( 'NONE', #1873, #176, #2959, .T. ) ;
#1710 = ADVANCED_FACE ( 'NONE', ( #2567 ), #2330, .T. ) ;
#1711 = VECTOR ( 'NONE', #2782, 1000.000000000000000 ) ;
#1712 = CARTESIAN_POINT ( 'NONE',  ( -27.50000000000000000, -6.123233995736766085E-15, 5.799999999999999822 ) ) ;
#1713 = CONICAL_SURFACE ( 'NONE', #2549, 3.600000000000005862, 0.7853981633974391752 ) ;
#1714 = CARTESIAN_POINT ( 'NONE',  ( -5.074825861638577074, 2.596747013615190003, 4.000000000000001776 ) ) ;
#1715 = ORIENTED_EDGE ( 'NONE', *, *, #1897, .T. ) ;
#1716 = AXIS2_PLACEMENT_3D ( 'NONE', #2889, #783, #1530 ) ;
#1717 = LINE ( 'NONE', #69, #1804 ) ;
#1718 = FACE_BOUND ( 'NONE', #1018, .T. ) ;
#1719 = VECTOR ( 'NONE', #1696, 1000.000000000000000 ) ;
#1720 = AXIS2_PLACEMENT_3D ( 'NONE', #629, #2759, #1791 ) ;
#1721 = ORIENTED_EDGE ( 'NONE', *, *, #1802, .T. ) ;
#1722 = DIRECTION ( 'NONE',  ( 1.000000000000000000, 0.000000000000000000, 0.000000000000000000 ) ) ;
#1723 = AXIS2_PLACEMENT_3D ( 'NONE', #512, #61, #2151 ) ;
#1724 = ORIENTED_EDGE ( 'NONE', *, *, #442, .T. ) ;
#1725 = CARTESIAN_POINT ( 'NONE',  ( -4.671572875253760415, 5.000000000000001776, -4.500000000000000888 ) ) ;
#1726 = CARTESIAN_POINT ( 'NONE',  ( -27.50000000000000000, -6.123233995736766085E-15, 4.500000000000001776 ) ) ;
#1727 = CARTESIAN_POINT ( 'NONE',  ( -8.749999999999996447, -2.499999999999997780, -12.00000000000001243 ) ) ;
#1728 = LINE ( 'NONE', #2670, #2356 ) ;
#1729 = EDGE_CURVE ( 'NONE', #2216, #1774, #1389, .T. ) ;
#1730 = EDGE_CURVE ( 'NONE', #17, #203, #908, .T. ) ;
#1731 = PLANE ( 'NONE',  #1073 ) ;
#1732 = LINE ( 'NONE', #1494, #819 ) ;
#1733 = ORIENTED_EDGE ( 'NONE', *, *, #2352, .T. ) ;
#1734 = VERTEX_POINT ( 'NONE', #2140 ) ;
#1735 = CARTESIAN_POINT ( 'NONE',  ( -18.75000000000000355, 2.499999999999999112, -12.00000000000001243 ) ) ;
#1736 = EDGE_CURVE ( 'NONE', #1283, #17, #378, .T. ) ;
#1737 = DIRECTION ( 'NONE',  ( 1.000000000000000000, 0.000000000000000000, 0.000000000000000000 ) ) ;
#1738 = ORIENTED_EDGE ( 'NONE', *, *, #1162, .F. ) ;
#1739 = ORIENTED_EDGE ( 'NONE', *, *, #590, .T. ) ;
#1740 = DIRECTION ( 'NONE',  ( 0.000000000000000000, 0.000000000000000000, 1.000000000000000000 ) ) ;
#1741 = LINE ( 'NONE', #986, #2956 ) ;
#1742 = DIRECTION ( 'NONE',  ( 1.508455196501571429E-16, 4.652004696587526895E-32, 1.000000000000000000 ) ) ;
#1743 = FACE_OUTER_BOUND ( 'NONE', #2834, .T. ) ;
#1744 = DIRECTION ( 'NONE',  ( -0.000000000000000000, -0.000000000000000000, -1.000000000000000000 ) ) ;
#1745 = ORIENTED_EDGE ( 'NONE', *, *, #2141, .F. ) ;
#1746 = ORIENTED_EDGE ( 'NONE', *, *, #1253, .T. ) ;
#1747 = CARTESIAN_POINT ( 'NONE',  ( 3.749999999999999112, 5.000000000000004441, -2.999999999999960032 ) ) ;
#1748 = DIRECTION ( 'NONE',  ( -1.000000000000000000, 0.000000000000000000, 0.000000000000000000 ) ) ;
#1749 = EDGE_CURVE ( 'NONE', #30, #1097, #1176, .T. ) ;
#1750 = EDGE_CURVE ( 'NONE', #1339, #3027, #80, .T. ) ;
#1751 = ORIENTED_EDGE ( 'NONE', *, *, #403, .F. ) ;
#1752 = PLANE ( 'NONE',  #2450 ) ;
#1753 = ORIENTED_EDGE ( 'NONE', *, *, #1676, .T. ) ;
#1754 = CARTESIAN_POINT ( 'NONE',  ( -35.99999999999972999, 25.50000000000006750, 4.000000000000000000 ) ) ;
#1755 = DIRECTION ( 'NONE',  ( -0.000000000000000000, -0.000000000000000000, 1.000000000000000000 ) ) ;
#1756 = VECTOR ( 'NONE', #37, 1000.000000000000000 ) ;
#1757 = DIRECTION ( 'NONE',  ( -0.000000000000000000, 1.000000000000000000, -0.000000000000000000 ) ) ;
#1758 = DIRECTION ( 'NONE',  ( 1.000000000000000000, 2.996340549414485340E-16, 0.000000000000000000 ) ) ;
#1759 = LINE ( 'NONE', #2704, #1320 ) ;
#1760 = VECTOR ( 'NONE', #1376, 1000.000000000000000 ) ;
#1761 = ORIENTED_EDGE ( 'NONE', *, *, #534, .F. ) ;
#1762 = ORIENTED_EDGE ( 'NONE', *, *, #1736, .T. ) ;
#1763 = CARTESIAN_POINT ( 'NONE',  ( 9.500000000000000000, 3.000000000000005773, 9.999999999999996447 ) ) ;
#1764 = VECTOR ( 'NONE', #2864, 1000.000000000000000 ) ;
#1765 = ORIENTED_EDGE ( 'NONE', *, *, #2409, .F. ) ;
#1766 = AXIS2_PLACEMENT_3D ( 'NONE', #1449, #2182, #2449 ) ;
#1767 = EDGE_CURVE ( 'NONE', #2327, #1138, #477, .T. ) ;
#1768 = EDGE_CURVE ( 'NONE', #2368, #2692, #1118, .T. ) ;
#1769 = CARTESIAN_POINT ( 'NONE',  ( 27.50000000000000000, 5.000000000000011546, -4.500000000000000888 ) ) ;
#1770 = ORIENTED_EDGE ( 'NONE', *, *, #2790, .T. ) ;
#1771 = DIRECTION ( 'NONE',  ( 0.000000000000000000, 0.000000000000000000, -1.000000000000000000 ) ) ;
#1772 = AXIS2_PLACEMENT_3D ( 'NONE', #2056, #911, #2536 ) ;
#1773 = CARTESIAN_POINT ( 'NONE',  ( 26.24999999999999289, 5.000000000000048850, 3.291382889819968651E-15 ) ) ;
#1774 = VERTEX_POINT ( 'NONE', #2082 ) ;
#1775 = ORIENTED_EDGE ( 'NONE', *, *, #152, .T. ) ;
#1776 =( NAMED_UNIT ( * ) SI_UNIT ( $, .STERADIAN. ) SOLID_ANGLE_UNIT ( ) );
#1777 = CARTESIAN_POINT ( 'NONE',  ( -27.50000000000000000, -6.123233995736766085E-15, -5.799999999999999822 ) ) ;
#1778 = VERTEX_POINT ( 'NONE', #738 ) ;
#1779 = CARTESIAN_POINT ( 'NONE',  ( 7.500000000000001776, -4.999999999999996447, 4.999999999999996447 ) ) ;
#1780 = FILL_AREA_STYLE ('',( #1026 ) ) ;
#1781 = ORIENTED_EDGE ( 'NONE', *, *, #1432, .T. ) ;
#1782 = DIRECTION ( 'NONE',  ( 0.000000000000000000, 0.000000000000000000, 1.000000000000000000 ) ) ;
#1783 = ADVANCED_FACE ( 'NONE', ( #1402 ), #2380, .F. ) ;
#1784 = EDGE_CURVE ( 'NONE', #786, #2322, #3048, .T. ) ;
#1785 = DIRECTION ( 'NONE',  ( 0.000000000000000000, 0.000000000000000000, -1.000000000000000000 ) ) ;
#1786 = DIRECTION ( 'NONE',  ( 1.000000000000000000, 0.000000000000000000, 0.000000000000000000 ) ) ;
#1787 = FACE_OUTER_BOUND ( 'NONE', #2293, .T. ) ;
#1788 = VERTEX_POINT ( 'NONE', #676 ) ;
#1789 = ORIENTED_EDGE ( 'NONE', *, *, #40, .T. ) ;
#1790 = CYLINDRICAL_SURFACE ( 'NONE', #966, 3.099999999999998757 ) ;
#1791 = DIRECTION ( 'NONE',  ( 1.000000000000000000, 0.000000000000000000, 0.000000000000000000 ) ) ;
#1792 = EDGE_LOOP ( 'NONE', ( #1095, #2134, #1721, #787 ) ) ;
#1793 = DIRECTION ( 'NONE',  ( -1.807003620809173954E-17, -5.572713959453807775E-33, 1.000000000000000000 ) ) ;
#1794 = LINE ( 'NONE', #2102, #2994 ) ;
#1795 = ORIENTED_EDGE ( 'NONE', *, *, #2694, .F. ) ;
#1796 = CARTESIAN_POINT ( 'NONE',  ( -32.50000000000000000, -6.123233995736766085E-15, -4.500000000000000888 ) ) ;
#1797 = CARTESIAN_POINT ( 'NONE',  ( -18.75000000000000355, 2.499999999999999112, 10.00000000000000000 ) ) ;
#1798 = CARTESIAN_POINT ( 'NONE',  ( 24.10000000000000497, 4.163799117101001052E-16, 12.00000000000001066 ) ) ;
#1799 = PLANE ( 'NONE',  #1568 ) ;
#1800 = AXIS2_PLACEMENT_3D ( 'NONE', #1401, #1895, #2343 ) ;
#1801 = EDGE_CURVE ( 'NONE', #2110, #709, #3001, .T. ) ;
#1802 = EDGE_CURVE ( 'NONE', #2154, #1197, #2650, .T. ) ;
#1803 = ORIENTED_EDGE ( 'NONE', *, *, #293, .T. ) ;
#1804 = VECTOR ( 'NONE', #1265, 1000.000000000000000 ) ;
#1805 = CARTESIAN_POINT ( 'NONE',  ( 24.90000000000000568, 3.184081677783116219E-16, 1000.000000000000000 ) ) ;
#1806 = AXIS2_PLACEMENT_3D ( 'NONE', #216, #450, #2273 ) ;
#1807 = CONICAL_SURFACE ( 'NONE', #3006, 5.000000000000000888, 0.7853981633974482790 ) ;
#1808 = VERTEX_POINT ( 'NONE', #2345 ) ;
#1809 = CARTESIAN_POINT ( 'NONE',  ( -25.30000000000000071, -6.123233995736766085E-15, 4.000000000000001776 ) ) ;
#1810 = CIRCLE ( 'NONE', #3044, 2.500000000000000000 ) ;
#1811 = CIRCLE ( 'NONE', #1664, 2.000000000000000000 ) ;
#1812 = CARTESIAN_POINT ( 'NONE',  ( 9.500000000000000000, -2.999999999999994671, 5.499999999999997335 ) ) ;
#1813 = AXIS2_PLACEMENT_3D ( 'NONE', #2614, #1885, #2581 ) ;
#1814 = DIRECTION ( 'NONE',  ( 1.000000000000000000, 0.000000000000000000, 0.000000000000000000 ) ) ;
#1815 = ORIENTED_EDGE ( 'NONE', *, *, #1482, .T. ) ;
#1816 = AXIS2_PLACEMENT_3D ( 'NONE', #491, #1851, #1137 ) ;
#1817 = CARTESIAN_POINT ( 'NONE',  ( 27.50000000000000000, 1.071565949253933651E-14, -4.999999999999992006 ) ) ;
#1818 = VECTOR ( 'NONE', #1490, 1000.000000000000000 ) ;
#1819 = AXIS2_PLACEMENT_3D ( 'NONE', #2598, #1196, #2585 ) ;
#1820 = DIRECTION ( 'NONE',  ( -0.000000000000000000, 1.000000000000000000, -0.000000000000000000 ) ) ;
#1821 = LINE ( 'NONE', #126, #2191 ) ;
#1822 = CARTESIAN_POINT ( 'NONE',  ( 27.50000000000000355, 0.000000000000000000, 1000.000000000000000 ) ) ;
#1823 = CIRCLE ( 'NONE', #389, 2.999999999999957367 ) ;
#1824 = EDGE_LOOP ( 'NONE', ( #1905, #906, #1941, #1519 ) ) ;
#1825 = ADVANCED_FACE ( 'NONE', ( #720 ), #2455, .T. ) ;
#1826 = EDGE_CURVE ( 'NONE', #1334, #2572, #1909, .T. ) ;
#1827 = UNCERTAINTY_MEASURE_WITH_UNIT (LENGTH_MEASURE( 1.000000000000000082E-05 ), #2932, 'distance_accuracy_value', 'NONE');
#1828 = LINE ( 'NONE', #2505, #2506 ) ;
#1829 = VERTEX_POINT ( 'NONE', #2116 ) ;
#1830 = ADVANCED_FACE ( 'NONE', ( #3067 ), #943, .F. ) ;
#1831 = FACE_OUTER_BOUND ( 'NONE', #2236, .T. ) ;
#1832 = FACE_OUTER_BOUND ( 'NONE', #1935, .T. ) ;
#1833 = FACE_OUTER_BOUND ( 'NONE', #1983, .T. ) ;
#1834 = ORIENTED_EDGE ( 'NONE', *, *, #2837, .F. ) ;
#1835 = DIRECTION ( 'NONE',  ( -0.000000000000000000, -0.000000000000000000, 1.000000000000000000 ) ) ;
#1836 = DIRECTION ( 'NONE',  ( -1.000000000000000000, 0.000000000000000000, -0.000000000000000000 ) ) ;
#1837 = FACE_BOUND ( 'NONE', #1382, .T. ) ;
#1838 = DIRECTION ( 'NONE',  ( 1.508455196501571429E-16, 4.652004696587526895E-32, 1.000000000000000000 ) ) ;
#1839 = ORIENTED_EDGE ( 'NONE', *, *, #2410, .T. ) ;
#1840 = CARTESIAN_POINT ( 'NONE',  ( 3.749999999999999112, 5.000000000000041744, 2.500000000000000000 ) ) ;
#1841 = ORIENTED_EDGE ( 'NONE', *, *, #3038, .T. ) ;
#1842 = CARTESIAN_POINT ( 'NONE',  ( 7.500000000000003553, -4.499999999999982236, -10.00000000000000000 ) ) ;
#1843 = CARTESIAN_POINT ( 'NONE',  ( -29.69999999999999929, -5.853811699924348286E-15, -5.799999999999999822 ) ) ;
#1844 = EDGE_CURVE ( 'NONE', #323, #2368, #1204, .T. ) ;
#1845 = EDGE_CURVE ( 'NONE', #1910, #550, #2253, .T. ) ;
#1846 = CARTESIAN_POINT ( 'NONE',  ( 27.50000000000000000, 5.000000000000011546, 4.500000000000002665 ) ) ;
#1847 = ORIENTED_EDGE ( 'NONE', *, *, #2524, .F. ) ;
#1848 = DIRECTION ( 'NONE',  ( -1.734723475976807094E-16, 1.000000000000000000, 0.000000000000000000 ) ) ;
#1849 = EDGE_LOOP ( 'NONE', ( #1375, #2874, #2123, #1703 ) ) ;
#1850 = CARTESIAN_POINT ( 'NONE',  ( 7.500000000000000888, 5.000000000000005329, -9.499999999999992895 ) ) ;
#1851 = DIRECTION ( 'NONE',  ( 0.000000000000000000, 0.000000000000000000, 1.000000000000000000 ) ) ;
#1852 = ORIENTED_EDGE ( 'NONE', *, *, #1580, .F. ) ;
#1853 = CARTESIAN_POINT ( 'NONE',  ( 3.750000000000002220, -4.499999999999991118, -2.500000000000000000 ) ) ;
#1854 = DIRECTION ( 'NONE',  ( -1.000000000000000000, 0.000000000000000000, 0.000000000000000000 ) ) ;
#1855 = ORIENTED_EDGE ( 'NONE', *, *, #1461, .T. ) ;
#1856 = CARTESIAN_POINT ( 'NONE',  ( -27.50000000000000000, 4.999999999999994671, -4.500000000000000888 ) ) ;
#1857 = CARTESIAN_POINT ( 'NONE',  ( 9.500000000000000000, 3.000000000000005773, -9.999999999999996447 ) ) ;
#1858 = DIRECTION ( 'NONE',  ( 1.000000000000000000, 0.000000000000000000, 0.000000000000000000 ) ) ;
#1859 = EDGE_LOOP ( 'NONE', ( #1584, #1415 ) ) ;
#1860 = AXIS2_PLACEMENT_3D ( 'NONE', #1566, #899, #1614 ) ;
#1861 = ADVANCED_FACE ( 'NONE', ( #1743 ), #2437, .F. ) ;
#1862 = ADVANCED_FACE ( 'NONE', ( #1465 ), #518, .F. ) ;
#1863 = DIRECTION ( 'NONE',  ( 0.000000000000000000, 0.000000000000000000, -1.000000000000000000 ) ) ;
#1864 = AXIS2_PLACEMENT_3D ( 'NONE', #52, #765, #2472 ) ;
#1865 = ORIENTED_EDGE ( 'NONE', *, *, #2048, .T. ) ;
#1866 = DIRECTION ( 'NONE',  ( 1.000000000000000000, 0.000000000000000000, 0.000000000000000000 ) ) ;
#1867 = DIRECTION ( 'NONE',  ( 0.7071067811865437980, -0.7071067811865513475, 0.000000000000000000 ) ) ;
#1868 = CIRCLE ( 'NONE', #778, 2.500000000000000000 ) ;
#1869 = ORIENTED_EDGE ( 'NONE', *, *, #1539, .T. ) ;
#1870 = CARTESIAN_POINT ( 'NONE',  ( -5.164187974730410247, -5.000000000000000888, -4.500000000000000888 ) ) ;
#1871 = DIRECTION ( 'NONE',  ( 1.000000000000000000, -8.673617379884035472E-16, 0.000000000000000000 ) ) ;
#1872 = VECTOR ( 'NONE', #2934, 1000.000000000000000 ) ;
#1873 = VERTEX_POINT ( 'NONE', #1261 ) ;
#1874 = CARTESIAN_POINT ( 'NONE',  ( -8.749999999999996447, -2.499999999999997780, 4.000000000000001776 ) ) ;
#1875 = DIRECTION ( 'NONE',  ( 0.000000000000000000, 0.000000000000000000, 1.000000000000000000 ) ) ;
#1876 = EDGE_LOOP ( 'NONE', ( #1647, #2464, #1301, #1440 ) ) ;
#1877 = CARTESIAN_POINT ( 'NONE',  ( 24.90000000000000568, 3.184081677783116219E-16, 10.00000000000000888 ) ) ;
#1878 = ORIENTED_EDGE ( 'NONE', *, *, #2142, .T. ) ;
#1879 = FACE_OUTER_BOUND ( 'NONE', #1899, .T. ) ;
#1880 = CARTESIAN_POINT ( 'NONE',  ( 3.749999999999999112, 4.500000000000045297, -2.500000000000000000 ) ) ;
#1881 = EDGE_CURVE ( 'NONE', #1425, #1356, #101, .T. ) ;
#1882 = EDGE_CURVE ( 'NONE', #1829, #30, #548, .T. ) ;
#1883 = ORIENTED_EDGE ( 'NONE', *, *, #1238, .F. ) ;
#1884 = FACE_OUTER_BOUND ( 'NONE', #341, .T. ) ;
#1885 = DIRECTION ( 'NONE',  ( -2.996340549414485340E-16, 1.000000000000000000, 0.000000000000000000 ) ) ;
#1886 = ORIENTED_EDGE ( 'NONE', *, *, #1364, .F. ) ;
#1887 = DIRECTION ( 'NONE',  ( 3.854941057726237604E-16, 1.155071620686788892E-31, -1.000000000000000000 ) ) ;
#1888 = FACE_OUTER_BOUND ( 'NONE', #2856, .T. ) ;
#1889 = VERTEX_POINT ( 'NONE', #333 ) ;
#1890 = CIRCLE ( 'NONE', #2331, 3.400000000000000355 ) ;
#1891 = ORIENTED_EDGE ( 'NONE', *, *, #1122, .F. ) ;
#1892 = DIRECTION ( 'NONE',  ( 1.000000000000000000, 0.000000000000000000, 0.000000000000000000 ) ) ;
#1893 = CARTESIAN_POINT ( 'NONE',  ( 27.50000000000000000, 5.000000000000011546, 4.500000000000002665 ) ) ;
#1894 = ORIENTED_EDGE ( 'NONE', *, *, #326, .F. ) ;
#1895 = DIRECTION ( 'NONE',  ( -0.000000000000000000, -0.000000000000000000, -1.000000000000000000 ) ) ;
#1896 = ADVANCED_FACE ( 'NONE', ( #1048 ), #1939, .F. ) ;
#1897 = EDGE_CURVE ( 'NONE', #1339, #2442, #65, .T. ) ;
#1898 = DIRECTION ( 'NONE',  ( 0.000000000000000000, -1.000000000000000000, 0.000000000000000000 ) ) ;
#1899 = EDGE_LOOP ( 'NONE', ( #2761, #1839, #1697, #1480 ) ) ;
#1900 = DIRECTION ( 'NONE',  ( -3.083952846180990774E-16, 1.000000000000000000, 0.000000000000000000 ) ) ;
#1901 = PLANE ( 'NONE',  #1571 ) ;
#1902 = ORIENTED_EDGE ( 'NONE', *, *, #665, .T. ) ;
#1903 = CONICAL_SURFACE ( 'NONE', #1613, 3.600000000000005862, 0.7853981633974391752 ) ;
#1904 = AXIS2_PLACEMENT_3D ( 'NONE', #649, #1596, #2321 ) ;
#1905 = ORIENTED_EDGE ( 'NONE', *, *, #1238, .T. ) ;
#1906 = VECTOR ( 'NONE', #2718, 1000.000000000000114 ) ;
#1907 = CARTESIAN_POINT ( 'NONE',  ( -56.50000000000000711, -4.500000000000015987, -4.000000000000000000 ) ) ;
#1908 = FACE_OUTER_BOUND ( 'NONE', #2229, .T. ) ;
#1909 = CIRCLE ( 'NONE', #723, 2.599999999999998312 ) ;
#1910 = VERTEX_POINT ( 'NONE', #810 ) ;
#1911 = VECTOR ( 'NONE', #2245, 1000.000000000000000 ) ;
#1912 = CARTESIAN_POINT ( 'NONE',  ( 3.749999999999999112, 5.000000000000004441, -3.825575076220905264E-16 ) ) ;
#1913 = CARTESIAN_POINT ( 'NONE',  ( -27.50000000000000000, -6.123233995736766085E-15, 10.00000000000000000 ) ) ;
#1914 = EDGE_CURVE ( 'NONE', #2442, #1522, #1759, .T. ) ;
#1915 = ORIENTED_EDGE ( 'NONE', *, *, #256, .F. ) ;
#1916 = EDGE_LOOP ( 'NONE', ( #2918, #2841, #1672, #919 ) ) ;
#1917 = DIRECTION ( 'NONE',  ( -1.000000000000000000, 0.000000000000000000, 0.000000000000000000 ) ) ;
#1918 = AXIS2_PLACEMENT_3D ( 'NONE', #1982, #552, #540 ) ;
#1919 = DIRECTION ( 'NONE',  ( -1.000000000000000000, 0.000000000000000000, 0.000000000000000000 ) ) ;
#1920 = EDGE_CURVE ( 'NONE', #303, #2118, #674, .T. ) ;
#1921 = CIRCLE ( 'NONE', #1723, 5.000000000000000888 ) ;
#1922 = ORIENTED_EDGE ( 'NONE', *, *, #2905, .F. ) ;
#1923 = ORIENTED_EDGE ( 'NONE', *, *, #2428, .T. ) ;
#1924 = CARTESIAN_POINT ( 'NONE',  ( -27.50000000000000000, -5.000000000000007105, 9.499999999999985789 ) ) ;
#1925 = DIRECTION ( 'NONE',  ( 0.000000000000000000, -0.7071067811865426878, 0.7071067811865524577 ) ) ;
#1926 = VERTEX_POINT ( 'NONE', #2925 ) ;
#1927 = CARTESIAN_POINT ( 'NONE',  ( 32.50000000000000000, 5.000000000000031974, -5.500000000000000888 ) ) ;
#1928 = CARTESIAN_POINT ( 'NONE',  ( 32.50000000000000000, 4.499999999999999112, -5.500000000000000888 ) ) ;
#1929 = VERTEX_POINT ( 'NONE', #2411 ) ;
#1930 = LINE ( 'NONE', #801, #1113 ) ;
#1931 = CARTESIAN_POINT ( 'NONE',  ( -27.50000000000000000, -6.123233995736766085E-15, 5.799999999999999822 ) ) ;
#1932 = EDGE_LOOP ( 'NONE', ( #290, #3068 ) ) ;
#1933 = ADVANCED_FACE ( 'NONE', ( #88 ), #1731, .F. ) ;
#1934 = ADVANCED_FACE ( 'NONE', ( #560 ), #989, .F. ) ;
#1935 = EDGE_LOOP ( 'NONE', ( #492, #2016, #967, #1765 ) ) ;
#1936 = CARTESIAN_POINT ( 'NONE',  ( 27.50000000000000000, 5.000000000000011546, -9.499999999999992895 ) ) ;
#1937 = DIRECTION ( 'NONE',  ( 0.000000000000000000, 0.000000000000000000, -1.000000000000000000 ) ) ;
#1938 = VERTEX_POINT ( 'NONE', #1233 ) ;
#1939 = CYLINDRICAL_SURFACE ( 'NONE', #825, 3.099999999999998757 ) ;
#1940 = DIRECTION ( 'NONE',  ( -1.000000000000000000, 0.000000000000000000, 0.000000000000000000 ) ) ;
#1941 = ORIENTED_EDGE ( 'NONE', *, *, #1122, .T. ) ;
#1942 = CARTESIAN_POINT ( 'NONE',  ( -18.75000000000000355, -2.500000000000000888, -12.00000000000001243 ) ) ;
#1943 = DIRECTION ( 'NONE',  ( 3.854941057726237604E-16, 1.155071620686788892E-31, 1.000000000000000000 ) ) ;
#1944 = ORIENTED_EDGE ( 'NONE', *, *, #1729, .T. ) ;
#1945 = CONICAL_SURFACE ( 'NONE', #2047, 1.499999999999984901, 0.7853981633974552734 ) ;
#1946 = ORIENTED_EDGE ( 'NONE', *, *, #501, .T. ) ;
#1947 = ADVANCED_FACE ( 'NONE', ( #2422 ), #3053, .F. ) ;
#1948 = ADVANCED_FACE ( 'NONE', ( #751, #289 ), #1976, .F. ) ;
#1949 = VECTOR ( 'NONE', #1441, 1000.000000000000000 ) ;
#1950 = LINE ( 'NONE', #2902, #885 ) ;
#1951 = CARTESIAN_POINT ( 'NONE',  ( -23.89999999999997371, -6.123233995736766085E-15, 10.00000000000000000 ) ) ;
#1952 = PRESENTATION_LAYER_ASSIGNMENT (  '', '', ( #2949 ) ) ;
#1953 = AXIS2_PLACEMENT_3D ( 'NONE', #918, #1649, #2 ) ;
#1954 = EDGE_CURVE ( 'NONE', #581, #2877, #2671, .T. ) ;
#1955 = AXIS2_PLACEMENT_3D ( 'NONE', #330, #546, #780 ) ;
#1956 = CARTESIAN_POINT ( 'NONE',  ( -6.708236589799208893, 1.442637229786217334, -4.000000000000000000 ) ) ;
#1957 = VECTOR ( 'NONE', #2613, 1000.000000000000114 ) ;
#1958 = DIRECTION ( 'NONE',  ( 1.000000000000000000, 0.000000000000000000, 0.000000000000000000 ) ) ;
#1959 = AXIS2_PLACEMENT_3D ( 'NONE', #847, #1578, #2521 ) ;
#1960 = DIRECTION ( 'NONE',  ( 3.185371619797548742E-16, -0.7071067811865429098, 0.7071067811865522357 ) ) ;
#1961 = ORIENTED_EDGE ( 'NONE', *, *, #2620, .F. ) ;
#1962 = AXIS2_PLACEMENT_3D ( 'NONE', #2721, #2498, #144 ) ;
#1963 = ORIENTED_EDGE ( 'NONE', *, *, #2508, .T. ) ;
#1964 = LINE ( 'NONE', #521, #2347 ) ;
#1965 = DIRECTION ( 'NONE',  ( 1.000000000000000000, 0.000000000000000000, 0.000000000000000000 ) ) ;
#1966 = CIRCLE ( 'NONE', #625, 5.000000000000000888 ) ;
#1967 = AXIS2_PLACEMENT_3D ( 'NONE', #789, #803, #1737 ) ;
#1968 = VERTEX_POINT ( 'NONE', #797 ) ;
#1969 = PRESENTATION_STYLE_ASSIGNMENT (( #2431 ) ) ;
#1970 = VECTOR ( 'NONE', #760, 1000.000000000000000 ) ;
#1971 = ORIENTED_EDGE ( 'NONE', *, *, #2632, .T. ) ;
#1972 = CARTESIAN_POINT ( 'NONE',  ( 23.74999999999999645, -4.499999999999984901, -2.499999999999996447 ) ) ;
#1973 = DIRECTION ( 'NONE',  ( 1.000000000000000000, 0.000000000000000000, 0.000000000000000000 ) ) ;
#1974 = PLANE ( 'NONE',  #2601 ) ;
#1975 = DIRECTION ( 'NONE',  ( 0.000000000000000000, 0.000000000000000000, -1.000000000000000000 ) ) ;
#1976 = PLANE ( 'NONE',  #1864 ) ;
#1977 = EDGE_CURVE ( 'NONE', #2659, #2439, #2185, .T. ) ;
#1978 = CARTESIAN_POINT ( 'NONE',  ( 3.749999999999999112, 5.000000000000004441, 2.999999999999958256 ) ) ;
#1979 = ORIENTED_EDGE ( 'NONE', *, *, #344, .T. ) ;
#1980 = EDGE_LOOP ( 'NONE', ( #1352, #2432 ) ) ;
#1981 = CARTESIAN_POINT ( 'NONE',  ( -4.671572875253761303, 5.000000000000001776, 4.500000000000001776 ) ) ;
#1982 = CARTESIAN_POINT ( 'NONE',  ( 7.500000000000002665, -2.999999999999995559, 9.999999999999996447 ) ) ;
#1983 = EDGE_LOOP ( 'NONE', ( #1700, #2139, #2882, #2006 ) ) ;
#1984 = PLANE ( 'NONE',  #424 ) ;
#1985 = ORIENTED_EDGE ( 'NONE', *, *, #632, .T. ) ;
#1986 = DIRECTION ( 'NONE',  ( 1.000000000000000000, 2.996340549414485340E-16, 1.508455196501571429E-16 ) ) ;
#1987 = CARTESIAN_POINT ( 'NONE',  ( -30.59999999999999787, -6.123233995736766085E-15, -5.799999999999999822 ) ) ;
#1988 = FACE_OUTER_BOUND ( 'NONE', #266, .T. ) ;
#1989 = DIRECTION ( 'NONE',  ( -2.118732721235222781E-16, 0.7071067811865524577, 0.7071067811865425767 ) ) ;
#1990 = CARTESIAN_POINT ( 'NONE',  ( -27.50000000000000000, -6.123233995736766085E-15, 5.799999999999999822 ) ) ;
#1991 = ORIENTED_EDGE ( 'NONE', *, *, #2160, .T. ) ;
#1992 = ORIENTED_EDGE ( 'NONE', *, *, #1579, .T. ) ;
#1993 = EDGE_CURVE ( 'NONE', #2588, #2895, #2234, .T. ) ;
#1994 = EDGE_CURVE ( 'NONE', #636, #2058, #410, .T. ) ;
#1995 = DIRECTION ( 'NONE',  ( 0.000000000000000000, 0.000000000000000000, 1.000000000000000000 ) ) ;
#1996 = EDGE_LOOP ( 'NONE', ( #226, #2681, #1834, #2520 ) ) ;
#1997 = DIRECTION ( 'NONE',  ( 0.000000000000000000, 0.000000000000000000, 1.000000000000000000 ) ) ;
#1998 = ORIENTED_EDGE ( 'NONE', *, *, #1677, .T. ) ;
#1999 = DIRECTION ( 'NONE',  ( -0.000000000000000000, -0.000000000000000000, -1.000000000000000000 ) ) ;
#2000 = LINE ( 'NONE', #2966, #2052 ) ;
#2001 = DIRECTION ( 'NONE',  ( 1.000000000000000000, 0.000000000000000000, 0.000000000000000000 ) ) ;
#2002 = LINE ( 'NONE', #1106, #2858 ) ;
#2003 = VECTOR ( 'NONE', #1900, 1000.000000000000000 ) ;
#2004 = AXIS2_PLACEMENT_3D ( 'NONE', #193, #905, #2547 ) ;
#2005 = VERTEX_POINT ( 'NONE', #1121 ) ;
#2006 = ORIENTED_EDGE ( 'NONE', *, *, #115, .F. ) ;
#2007 = AXIS2_PLACEMENT_3D ( 'NONE', #849, #633, #1111 ) ;
#2008 = FACE_OUTER_BOUND ( 'NONE', #798, .T. ) ;
#2009 = AXIS2_PLACEMENT_3D ( 'NONE', #1777, #2724, #413 ) ;
#2010 = ORIENTED_EDGE ( 'NONE', *, *, #1598, .F. ) ;
#2011 = DIRECTION ( 'NONE',  ( -0.000000000000000000, -0.000000000000000000, 1.000000000000000000 ) ) ;
#2012 = CIRCLE ( 'NONE', #2908, 2.500000000000000444 ) ;
#2013 = ADVANCED_FACE ( 'NONE', ( #1351 ), #980, .F. ) ;
#2014 = ADVANCED_FACE ( 'NONE', ( #857 ), #2065, .F. ) ;
#2015 = CARTESIAN_POINT ( 'NONE',  ( 7.500000000000003553, -4.499999999999989342, 10.00000000000000000 ) ) ;
#2016 = ORIENTED_EDGE ( 'NONE', *, *, #590, .F. ) ;
#2017 = DIRECTION ( 'NONE',  ( 1.000000000000000000, 2.996340549414485340E-16, -0.000000000000000000 ) ) ;
#2018 = CARTESIAN_POINT ( 'NONE',  ( -5.994448530786177898, 4.500000000000000888, 4.000000000000000888 ) ) ;
#2019 = DIRECTION ( 'NONE',  ( -1.000000000000000000, -2.996340549414485340E-16, 0.000000000000000000 ) ) ;
#2020 = CARTESIAN_POINT ( 'NONE',  ( 27.50000000000000000, 5.000000000000011546, 2.999999999999963585 ) ) ;
#2021 = ORIENTED_EDGE ( 'NONE', *, *, #115, .T. ) ;
#2022 = VERTEX_POINT ( 'NONE', #2968 ) ;
#2023 = CYLINDRICAL_SURFACE ( 'NONE', #2009, 3.099999999999998757 ) ;
#2024 = ORIENTED_EDGE ( 'NONE', *, *, #1431, .T. ) ;
#2025 = LINE ( 'NONE', #835, #1464 ) ;
#2026 = CARTESIAN_POINT ( 'NONE',  ( 9.500000000000000000, 5.000000000000023981, 9.499999999999985789 ) ) ;
#2027 = ORIENTED_EDGE ( 'NONE', *, *, #1143, .F. ) ;
#2028 = ADVANCED_FACE ( 'NONE', ( #128, #1787 ), #1799, .F. ) ;
#2029 = EDGE_CURVE ( 'NONE', #267, #2989, #2458, .T. ) ;
#2030 = DIRECTION ( 'NONE',  ( -0.000000000000000000, -0.000000000000000000, -1.000000000000000000 ) ) ;
#2031 = LINE ( 'NONE', #1797, #1711 ) ;
#2032 = DIRECTION ( 'NONE',  ( 1.000000000000000000, 0.000000000000000000, 0.000000000000000000 ) ) ;
#2033 = CARTESIAN_POINT ( 'NONE',  ( 27.49999999999999645, -4.999999999999990230, -4.999999999999992006 ) ) ;
#2034 = EDGE_LOOP ( 'NONE', ( #1609, #1495, #958, #2417 ) ) ;
#2035 = FACE_OUTER_BOUND ( 'NONE', #2944, .T. ) ;
#2036 = VERTEX_POINT ( 'NONE', #1554 ) ;
#2037 = FACE_OUTER_BOUND ( 'NONE', #2180, .T. ) ;
#2038 = CARTESIAN_POINT ( 'NONE',  ( 8.999999999999989342, 3.000000000000005773, 10.00000000000000000 ) ) ;
#2039 = CARTESIAN_POINT ( 'NONE',  ( -8.749999999999998224, 2.015034260854676310E-15, -10.00000000000000000 ) ) ;
#2040 = EDGE_LOOP ( 'NONE', ( #2672, #1944, #2304, #1660 ) ) ;
#2041 = DIRECTION ( 'NONE',  ( -0.000000000000000000, -0.000000000000000000, 1.000000000000000000 ) ) ;
#2042 = ADVANCED_FACE ( 'NONE', ( #1094 ), #432, .T. ) ;
#2043 = ADVANCED_FACE ( 'NONE', ( #2750 ), #2771, .F. ) ;
#2044 = DIRECTION ( 'NONE',  ( 0.7071067811865411334, 8.659560562354853972E-17, -0.7071067811865539010 ) ) ;
#2045 = CARTESIAN_POINT ( 'NONE',  ( 27.50000000000000000, 4.500000000000003553, 10.00000000000000000 ) ) ;
#2046 = DIRECTION ( 'NONE',  ( 1.000000000000000000, 2.996340549414485340E-16, 1.734723475976807587E-16 ) ) ;
#2047 = AXIS2_PLACEMENT_3D ( 'NONE', #1573, #1529, #2001 ) ;
#2048 = EDGE_CURVE ( 'NONE', #147, #1829, #1270, .T. ) ;
#2049 = ORIENTED_EDGE ( 'NONE', *, *, #1239, .F. ) ;
#2050 = CIRCLE ( 'NONE', #519, 2.500000000000000444 ) ;
#2051 = CARTESIAN_POINT ( 'NONE',  ( 25.00000000000000355, 3.061616997868381662E-16, 1000.000000000000000 ) ) ;
#2052 = VECTOR ( 'NONE', #2044, 1000.000000000000114 ) ;
#2053 = ORIENTED_EDGE ( 'NONE', *, *, #978, .T. ) ;
#2054 = LINE ( 'NONE', #2523, #2646 ) ;
#2055 = VECTOR ( 'NONE', #782, 1000.000000000000000 ) ;
#2056 = CARTESIAN_POINT ( 'NONE',  ( -27.50000000000000000, -6.123233995736766085E-15, 5.799999999999999822 ) ) ;
#2057 = AXIS2_PLACEMENT_3D ( 'NONE', #2295, #198, #1108 ) ;
#2058 = VERTEX_POINT ( 'NONE', #1294 ) ;
#2059 = AXIS2_PLACEMENT_3D ( 'NONE', #258, #2544, #2377 ) ;
#2060 = CARTESIAN_POINT ( 'NONE',  ( 3.749999999999999112, 4.500000000000045297, 2.499999999999999556 ) ) ;
#2061 = AXIS2_PLACEMENT_3D ( 'NONE', #2879, #1995, #105 ) ;
#2062 = LINE ( 'NONE', #1135, #1316 ) ;
#2063 = CARTESIAN_POINT ( 'NONE',  ( 7.499999999999999112, 5.000000000000005329, -4.999999999999988454 ) ) ;
#2064 = PRODUCT_RELATED_PRODUCT_CATEGORY ( 'part', '', ( #28 ) ) ;
#2065 = PLANE ( 'NONE',  #83 ) ;
#2066 = AXIS2_PLACEMENT_3D ( 'NONE', #3007, #2807, #1986 ) ;
#2067 =( BOUNDED_CURVE ( )  B_SPLINE_CURVE ( 3, ( #589, #167, #2991, #393 ),
 .UNSPECIFIED., .F., .T. ) 
 B_SPLINE_CURVE_WITH_KNOTS ( ( 4, 4 ),
 ( 2.418858405776331821, 3.141592653589793116 ),
 .UNSPECIFIED. ) 
 CURVE ( )  GEOMETRIC_REPRESENTATION_ITEM ( )  RATIONAL_B_SPLINE_CURVE ( ( 1.000000000000000000, 0.9569428977956514482, 0.9569428977956514482, 1.000000000000000000 ) ) 
 REPRESENTATION_ITEM ( '' )  );
#2068 = ORIENTED_EDGE ( 'NONE', *, *, #1736, .F. ) ;
#2069 = ADVANCED_FACE ( 'NONE', ( #379 ), #624, .T. ) ;
#2070 = EDGE_CURVE ( 'NONE', #2216, #1734, #1668, .T. ) ;
#2071 = DIRECTION ( 'NONE',  ( -0.000000000000000000, -0.000000000000000000, 1.000000000000000000 ) ) ;
#2072 = ORIENTED_EDGE ( 'NONE', *, *, #2758, .F. ) ;
#2073 = DIRECTION ( 'NONE',  ( -1.000000000000000000, 0.000000000000000000, 0.000000000000000000 ) ) ;
#2074 = DIRECTION ( 'NONE',  ( 1.508455196501571429E-16, 4.652004696587526895E-32, -1.000000000000000000 ) ) ;
#2075 = ORIENTED_EDGE ( 'NONE', *, *, #2815, .F. ) ;
#2076 = DIRECTION ( 'NONE',  ( -1.000000000000000000, -2.996340549414485340E-16, -1.508455196501571429E-16 ) ) ;
#2077 = VERTEX_POINT ( 'NONE', #158 ) ;
#2078 = CARTESIAN_POINT ( 'NONE',  ( 23.74999999999999289, 4.500000000000051514, 3.291382889819968651E-15 ) ) ;
#2079 = CARTESIAN_POINT ( 'NONE',  ( 24.90000000000000568, 3.184081677783116219E-16, 12.00000000000001066 ) ) ;
#2080 = CARTESIAN_POINT ( 'NONE',  ( 23.74999999999999289, 5.000000000000010658, 2.999999999999961808 ) ) ;
#2081 = ORIENTED_EDGE ( 'NONE', *, *, #2271, .F. ) ;
#2082 = CARTESIAN_POINT ( 'NONE',  ( 25.50000000000000355, 2.449293598294708880E-16, -7.900000000000018119 ) ) ;
#2083 = EDGE_CURVE ( 'NONE', #2607, #1910, #2002, .T. ) ;
#2084 = EDGE_CURVE ( 'NONE', #453, #1194, #1543, .T. ) ;
#2085 = ORIENTED_EDGE ( 'NONE', *, *, #1784, .F. ) ;
#2086 = FACE_OUTER_BOUND ( 'NONE', #2040, .T. ) ;
#2087 = CYLINDRICAL_SURFACE ( 'NONE', #1678, 2.000000000000000000 ) ;
#2088 = DIRECTION ( 'NONE',  ( -0.000000000000000000, -0.000000000000000000, 1.000000000000000000 ) ) ;
#2089 = ORIENTED_EDGE ( 'NONE', *, *, #1914, .T. ) ;
#2090 = CARTESIAN_POINT ( 'NONE',  ( -23.89999999999999503, -5.682361148043718132E-15, -10.00000000000000000 ) ) ;
#2091 = ORIENTED_EDGE ( 'NONE', *, *, #2124, .T. ) ;
#2092 = DIRECTION ( 'NONE',  ( 1.000000000000000000, 0.000000000000000000, 0.000000000000000000 ) ) ;
#2093 = CARTESIAN_POINT ( 'NONE',  ( -31.00000000000024514, -20.50000000000002487, 4.000000000000000888 ) ) ;
#2094 = ORIENTED_EDGE ( 'NONE', *, *, #1145, .T. ) ;
#2095 = DIRECTION ( 'NONE',  ( 0.000000000000000000, 0.000000000000000000, 1.000000000000000000 ) ) ;
#2096 = DIRECTION ( 'NONE',  ( -0.000000000000000000, -0.000000000000000000, -1.000000000000000000 ) ) ;
#2097 = AXIS2_PLACEMENT_3D ( 'NONE', #2188, #2661, #1039 ) ;
#2098 = ORIENTED_EDGE ( 'NONE', *, *, #1432, .F. ) ;
#2099 = FACE_OUTER_BOUND ( 'NONE', #1308, .T. ) ;
#2100 = DIRECTION ( 'NONE',  ( -0.000000000000000000, -0.000000000000000000, 1.000000000000000000 ) ) ;
#2101 = CIRCLE ( 'NONE', #474, 2.499999999999998668 ) ;
#2102 = CARTESIAN_POINT ( 'NONE',  ( -35.99999999999972999, 25.50000000000006750, -4.000000000000000000 ) ) ;
#2103 = AXIS2_PLACEMENT_3D ( 'NONE', #654, #1324, #2747 ) ;
#2104 = ORIENTED_EDGE ( 'NONE', *, *, #912, .T. ) ;
#2105 = AXIS2_PLACEMENT_3D ( 'NONE', #332, #2875, #750 ) ;
#2106 = EDGE_CURVE ( 'NONE', #550, #2154, #1588, .T. ) ;
#2107 = EDGE_CURVE ( 'NONE', #2240, #729, #2012, .T. ) ;
#2108 = CARTESIAN_POINT ( 'NONE',  ( 3.749999999999999112, 4.500000000000045297, 2.500000000000000000 ) ) ;
#2109 = VECTOR ( 'NONE', #2938, 1000.000000000000114 ) ;
#2110 = VERTEX_POINT ( 'NONE', #360 ) ;
#2111 = DIRECTION ( 'NONE',  ( 1.000000000000000000, 0.000000000000000000, 0.000000000000000000 ) ) ;
#2112 = VECTOR ( 'NONE', #891, 1000.000000000000000 ) ;
#2113 = CARTESIAN_POINT ( 'NONE',  ( -27.50000000000000000, -5.000000000000007105, 9.499999999999985789 ) ) ;
#2114 = VERTEX_POINT ( 'NONE', #1307 ) ;
#2115 = LINE ( 'NONE', #2566, #2500 ) ;
#2116 = CARTESIAN_POINT ( 'NONE',  ( 8.822875655532309125, 4.499999999999992006, -5.499999999999996447 ) ) ;
#2117 = VECTOR ( 'NONE', #898, 1000.000000000000000 ) ;
#2118 = VERTEX_POINT ( 'NONE', #2590 ) ;
#2119 = DIRECTION ( 'NONE',  ( 1.000000000000000000, 3.469446951953614682E-16, 0.000000000000000000 ) ) ;
#2120 = FACE_OUTER_BOUND ( 'NONE', #108, .T. ) ;
#2121 = EDGE_LOOP ( 'NONE', ( #1167, #2021 ) ) ;
#2122 = DIRECTION ( 'NONE',  ( 0.000000000000000000, -0.7071067811865465735, 0.7071067811865484609 ) ) ;
#2123 = ORIENTED_EDGE ( 'NONE', *, *, #2313, .T. ) ;
#2124 = EDGE_CURVE ( 'NONE', #2487, #1297, #471, .T. ) ;
#2125 = EDGE_CURVE ( 'NONE', #2378, #504, #526, .T. ) ;
#2126 = DIRECTION ( 'NONE',  ( -0.000000000000000000, -0.000000000000000000, 1.000000000000000000 ) ) ;
#2127 = DIRECTION ( 'NONE',  ( 0.000000000000000000, -0.7071067811865479058, -0.7071067811865472397 ) ) ;
#2128 = ORIENTED_EDGE ( 'NONE', *, *, #2790, .F. ) ;
#2129 = CARTESIAN_POINT ( 'NONE',  ( -18.75000000000000355, 2.499999999999999112, -12.00000000000001243 ) ) ;
#2130 = ORIENTED_EDGE ( 'NONE', *, *, #116, .T. ) ;
#2131 = EDGE_LOOP ( 'NONE', ( #732, #1852, #1661, #1017 ) ) ;
#2132 = DIRECTION ( 'NONE',  ( 1.000000000000000000, 0.000000000000000000, 0.000000000000000000 ) ) ;
#2133 = LINE ( 'NONE', #26, #241 ) ;
#2134 = ORIENTED_EDGE ( 'NONE', *, *, #2106, .T. ) ;
#2135 = VERTEX_POINT ( 'NONE', #1880 ) ;
#2136 = LINE ( 'NONE', #1924, #1970 ) ;
#2137 = CARTESIAN_POINT ( 'NONE',  ( 26.24999999999999645, -4.499999999999984901, 3.291382889819968651E-15 ) ) ;
#2138 = EDGE_CURVE ( 'NONE', #3016, #253, #700, .T. ) ;
#2139 = ORIENTED_EDGE ( 'NONE', *, *, #2595, .T. ) ;
#2140 = CARTESIAN_POINT ( 'NONE',  ( 29.50000000000000711, 0.000000000000000000, -12.00000000000001066 ) ) ;
#2141 = EDGE_CURVE ( 'NONE', #1264, #997, #2760, .T. ) ;
#2142 = EDGE_CURVE ( 'NONE', #1269, #1774, #3003, .T. ) ;
#2143 = VERTEX_POINT ( 'NONE', #671 ) ;
#2144 = DIRECTION ( 'NONE',  ( 0.000000000000000000, 0.000000000000000000, -1.000000000000000000 ) ) ;
#2145 = DIRECTION ( 'NONE',  ( 1.000000000000000000, 0.000000000000000000, 0.000000000000000000 ) ) ;
#2146 = AXIS2_PLACEMENT_3D ( 'NONE', #2244, #143, #875 ) ;
#2147 = ORIENTED_EDGE ( 'NONE', *, *, #1188, .F. ) ;
#2148 = AXIS2_PLACEMENT_3D ( 'NONE', #2839, #959, #2852 ) ;
#2149 = ORIENTED_EDGE ( 'NONE', *, *, #2716, .T. ) ;
#2150 = AXIS2_PLACEMENT_3D ( 'NONE', #148, #1098, #1302 ) ;
#2151 = DIRECTION ( 'NONE',  ( 1.000000000000000000, 0.000000000000000000, 0.000000000000000000 ) ) ;
#2152 = DIRECTION ( 'NONE',  ( -1.000000000000000000, -2.996340549414485340E-16, -1.508455196501571429E-16 ) ) ;
#2153 = AXIS2_PLACEMENT_3D ( 'NONE', #1714, #578, #2909 ) ;
#2154 = VERTEX_POINT ( 'NONE', #2137 ) ;
#2155 = AXIS2_PLACEMENT_3D ( 'NONE', #3015, #877, #2735 ) ;
#2156 = DIRECTION ( 'NONE',  ( -0.000000000000000000, -0.000000000000000000, 1.000000000000000000 ) ) ;
#2157 = DIRECTION ( 'NONE',  ( 0.000000000000000000, -0.7071067811865426878, 0.7071067811865524577 ) ) ;
#2158 = ORIENTED_EDGE ( 'NONE', *, *, #217, .T. ) ;
#2159 = ORIENTED_EDGE ( 'NONE', *, *, #2162, .T. ) ;
#2160 = EDGE_CURVE ( 'NONE', #2627, #3, #329, .T. ) ;
#2161 = FACE_OUTER_BOUND ( 'NONE', #2728, .T. ) ;
#2162 = EDGE_CURVE ( 'NONE', #399, #1910, #3043, .T. ) ;
#2163 = DIRECTION ( 'NONE',  ( 0.000000000000000000, 0.000000000000000000, -1.000000000000000000 ) ) ;
#2164 = ORIENTED_EDGE ( 'NONE', *, *, #2410, .F. ) ;
#2165 = ORIENTED_EDGE ( 'NONE', *, *, #1086, .T. ) ;
#2166 = CARTESIAN_POINT ( 'NONE',  ( -27.50000000000000000, -6.123233995736766085E-15, 4.500000000000001776 ) ) ;
#2167 = CYLINDRICAL_SURFACE ( 'NONE', #2297, 2.499999999999998668 ) ;
#2168 = ORIENTED_EDGE ( 'NONE', *, *, #2175, .T. ) ;
#2169 = CARTESIAN_POINT ( 'NONE',  ( -27.50000000000000000, -6.123233995736766085E-15, 4.000000000000000888 ) ) ;
#2170 = CARTESIAN_POINT ( 'NONE',  ( 8.999999999999984013, 5.010346727104498326E-15, -10.00000000000000000 ) ) ;
#2171 = CARTESIAN_POINT ( 'NONE',  ( 7.499999999999992895, 3.000000000000005329, 9.999999999999992895 ) ) ;
#2172 = ORIENTED_EDGE ( 'NONE', *, *, #2288, .F. ) ;
#2173 = DIRECTION ( 'NONE',  ( 1.000000000000000000, 1.734723475976807341E-16, 0.000000000000000000 ) ) ;
#2174 = CARTESIAN_POINT ( 'NONE',  ( -24.40000000000000213, -6.123233995736766085E-15, 5.799999999999999822 ) ) ;
#2175 = EDGE_CURVE ( 'NONE', #2424, #1264, #2844, .T. ) ;
#2176 = EDGE_CURVE ( 'NONE', #165, #1114, #2207, .T. ) ;
#2177 = ORIENTED_EDGE ( 'NONE', *, *, #916, .T. ) ;
#2178 = ADVANCED_FACE ( 'NONE', ( #1200 ), #441, .F. ) ;
#2179 = AXIS2_PLACEMENT_3D ( 'NONE', #668, #1151, #1623 ) ;
#2180 = EDGE_LOOP ( 'NONE', ( #1597, #2466, #336, #698, #3060 ) ) ;
#2181 = DIRECTION ( 'NONE',  ( -0.000000000000000000, -0.000000000000000000, 1.000000000000000000 ) ) ;
#2182 = DIRECTION ( 'NONE',  ( 0.000000000000000000, -0.000000000000000000, 1.000000000000000000 ) ) ;
#2183 = DIRECTION ( 'NONE',  ( -1.052093822672860704E-16, 0.7071067811865474617, -0.7071067811865475727 ) ) ;
#2184 = DIRECTION ( 'NONE',  ( 1.000000000000000000, 0.000000000000000000, -1.508455196501571429E-16 ) ) ;
#2185 = LINE ( 'NONE', #1510, #2408 ) ;
#2186 = VERTEX_POINT ( 'NONE', #1384 ) ;
#2187 = EDGE_LOOP ( 'NONE', ( #469, #1178, #199, #1781 ) ) ;
#2188 = CARTESIAN_POINT ( 'NONE',  ( 27.50000000000000000, 1.071565949253933651E-14, 4.999999999999999112 ) ) ;
#2189 = FACE_OUTER_BOUND ( 'NONE', #2705, .T. ) ;
#2190 = EDGE_LOOP ( 'NONE', ( #685, #1923, #24, #2274, #1272, #1284, #1213, #362 ) ) ;
#2191 = VECTOR ( 'NONE', #809, 1000.000000000000000 ) ;
#2192 = CARTESIAN_POINT ( 'NONE',  ( -8.749999999999998224, 2.015034260854676310E-15, 10.00000000000000000 ) ) ;
#2193 = VERTEX_POINT ( 'NONE', #16 ) ;
#2194 = AXIS2_PLACEMENT_3D ( 'NONE', #91, #2251, #1082 ) ;
#2195 = ADVANCED_FACE ( 'NONE', ( #1908 ), #1152, .F. ) ;
#2196 = CARTESIAN_POINT ( 'NONE',  ( 27.50000000000000000, 5.000000000000011546, 4.999999999999999112 ) ) ;
#2197 = CYLINDRICAL_SURFACE ( 'NONE', #281, 4.499999999999997335 ) ;
#2198 = VECTOR ( 'NONE', #391, 1000.000000000000000 ) ;
#2199 =( BOUNDED_CURVE ( )  B_SPLINE_CURVE ( 3, ( #247, #1870, #1607, #1628 ),
 .UNSPECIFIED., .F., .T. ) 
 B_SPLINE_CURVE_WITH_KNOTS ( ( 4, 4 ),
 ( 0.000000000000000000, 0.7227342478134588521 ),
 .UNSPECIFIED. ) 
 CURVE ( )  GEOMETRIC_REPRESENTATION_ITEM ( )  RATIONAL_B_SPLINE_CURVE ( ( 1.000000000000000000, 0.9569428977956517812, 0.9569428977956517812, 1.000000000000000000 ) ) 
 REPRESENTATION_ITEM ( '' )  );
#2200 = CIRCLE ( 'NONE', #1515, 2.200000000000000622 ) ;
#2201 = CARTESIAN_POINT ( 'NONE',  ( 27.50000000000000000, 4.499999999999997335, -5.500000000000000000 ) ) ;
#2202 = CARTESIAN_POINT ( 'NONE',  ( -8.750000000000000000, 2.500000000000000888, 10.00000000000000000 ) ) ;
#2203 = AXIS2_PLACEMENT_3D ( 'NONE', #2129, #1685, #2802 ) ;
#2204 = DIRECTION ( 'NONE',  ( 1.000000000000000000, 2.996340549414485340E-16, 1.734723475976807587E-16 ) ) ;
#2205 = DIRECTION ( 'NONE',  ( 0.000000000000000000, 0.7071067811865524577, 0.7071067811865426878 ) ) ;
#2206 = VERTEX_POINT ( 'NONE', #2831 ) ;
#2207 = CIRCLE ( 'NONE', #1520, 2.000000000000000000 ) ;
#2208 = ORIENTED_EDGE ( 'NONE', *, *, #1954, .F. ) ;
#2209 = DIRECTION ( 'NONE',  ( -0.000000000000000000, -0.000000000000000000, 1.000000000000000000 ) ) ;
#2210 = CARTESIAN_POINT ( 'NONE',  ( 23.74999999999999645, -4.499999999999984901, -2.499999999999996447 ) ) ;
#2211 = APPLICATION_CONTEXT ( 'automotive_design' ) ;
#2212 = AXIS2_PLACEMENT_3D ( 'NONE', #2618, #1875, #2336 ) ;
#2213 = ORIENTED_EDGE ( 'NONE', *, *, #1676, .F. ) ;
#2214 = DIRECTION ( 'NONE',  ( 1.000000000000000000, 0.000000000000000000, 0.000000000000000000 ) ) ;
#2215 = AXIS2_PLACEMENT_3D ( 'NONE', #2166, #2181, #1010 ) ;
#2216 = VERTEX_POINT ( 'NONE', #192 ) ;
#2217 = CARTESIAN_POINT ( 'NONE',  ( -56.50000000000000000, 2.499999999999992895, 4.000000000000000000 ) ) ;
#2218 = DIRECTION ( 'NONE',  ( 1.508455196501571429E-16, 4.652004696587526895E-32, -1.000000000000000000 ) ) ;
#2219 = ADVANCED_FACE ( 'NONE', ( #2819 ), #130, .F. ) ;
#2220 = EDGE_CURVE ( 'NONE', #1114, #303, #2861, .T. ) ;
#2221 = CARTESIAN_POINT ( 'NONE',  ( -4.671572875253760415, 3.000000000000001776, -4.000000000000000000 ) ) ;
#2222 = LINE ( 'NONE', #100, #1170 ) ;
#2223 = CARTESIAN_POINT ( 'NONE',  ( -27.50000000000000000, 4.999999999999994671, 9.499999999999985789 ) ) ;
#2224 = ORIENTED_EDGE ( 'NONE', *, *, #79, .F. ) ;
#2225 = ORIENTED_EDGE ( 'NONE', *, *, #1844, .F. ) ;
#2226 = LINE ( 'NONE', #2689, #276 ) ;
#2227 = CARTESIAN_POINT ( 'NONE',  ( -27.50000000000000000, 4.999999999999994671, 10.00000000000000000 ) ) ;
#2228 = ORIENTED_EDGE ( 'NONE', *, *, #1145, .F. ) ;
#2229 = EDGE_LOOP ( 'NONE', ( #77, #2829, #1066, #2285 ) ) ;
#2230 = DIRECTION ( 'NONE',  ( -0.000000000000000000, -0.000000000000000000, -1.000000000000000000 ) ) ;
#2231 = FACE_OUTER_BOUND ( 'NONE', #2738, .T. ) ;
#2232 = DIRECTION ( 'NONE',  ( -1.000000000000000000, 0.000000000000000000, -0.000000000000000000 ) ) ;
#2233 = EDGE_CURVE ( 'NONE', #106, #2692, #687, .T. ) ;
#2234 = LINE ( 'NONE', #2291, #1911 ) ;
#2235 = ORIENTED_EDGE ( 'NONE', *, *, #627, .F. ) ;
#2236 = EDGE_LOOP ( 'NONE', ( #2104, #1202, #325, #678 ) ) ;
#2237 = EDGE_CURVE ( 'NONE', #140, #2114, #2341, .T. ) ;
#2238 = ORIENTED_EDGE ( 'NONE', *, *, #759, .T. ) ;
#2239 = DIRECTION ( 'NONE',  ( -1.000000000000000000, 0.000000000000000000, 0.000000000000000000 ) ) ;
#2240 = VERTEX_POINT ( 'NONE', #223 ) ;
#2241 = CARTESIAN_POINT ( 'NONE',  ( -27.50000000000000000, -6.123233995736766085E-15, -12.00000000000001243 ) ) ;
#2242 = VECTOR ( 'NONE', #2584, 1000.000000000000000 ) ;
#2243 = FACE_BOUND ( 'NONE', #868, .T. ) ;
#2244 = CARTESIAN_POINT ( 'NONE',  ( -27.50000000000000000, -6.123233995736766085E-15, -4.500000000000000888 ) ) ;
#2245 = DIRECTION ( 'NONE',  ( 1.000000000000000000, 1.734723475976806108E-16, 1.807003620809173954E-17 ) ) ;
#2246 = VECTOR ( 'NONE', #1057, 1000.000000000000000 ) ;
#2247 = AXIS2_PLACEMENT_3D ( 'NONE', #2303, #202, #1858 ) ;
#2248 = ORIENTED_EDGE ( 'NONE', *, *, #1750, .F. ) ;
#2249 = ORIENTED_EDGE ( 'NONE', *, *, #2048, .F. ) ;
#2250 = AXIS2_PLACEMENT_3D ( 'NONE', #1085, #353, #1582 ) ;
#2251 = DIRECTION ( 'NONE',  ( -3.345367454581915189E-16, 0.7071067811865533459, 0.7071067811865416886 ) ) ;
#2252 = DIRECTION ( 'NONE',  ( -1.000000000000000000, -2.996340549414484847E-16, 0.000000000000000000 ) ) ;
#2253 = CIRCLE ( 'NONE', #1619, 2.500000000000000000 ) ;
#2254 = ADVANCED_FACE ( 'NONE', ( #939 ), #245, .F. ) ;
#2255 = EDGE_CURVE ( 'NONE', #1680, #165, #2683, .T. ) ;
#2256 = ORIENTED_EDGE ( 'NONE', *, *, #3038, .F. ) ;
#2257 = LINE ( 'NONE', #136, #714 ) ;
#2258 = VECTOR ( 'NONE', #2152, 1000.000000000000000 ) ;
#2259 = LINE ( 'NONE', #571, #2855 ) ;
#2260 = CIRCLE ( 'NONE', #731, 1.999999999999999112 ) ;
#2261 = ORIENTED_EDGE ( 'NONE', *, *, #2676, .T. ) ;
#2262 = FACE_OUTER_BOUND ( 'NONE', #72, .T. ) ;
#2263 = VECTOR ( 'NONE', #312, 1000.000000000000000 ) ;
#2264 = LINE ( 'NONE', #142, #768 ) ;
#2265 = DIRECTION ( 'NONE',  ( -0.7071067811865474617, 0.000000000000000000, -0.7071067811865474617 ) ) ;
#2266 = CARTESIAN_POINT ( 'NONE',  ( 7.500000000000000888, -2.999999999999995559, -5.499999999999997335 ) ) ;
#2267 = ORIENTED_EDGE ( 'NONE', *, *, #84, .T. ) ;
#2268 = CARTESIAN_POINT ( 'NONE',  ( -4.671572875253780843, -5.000000000000000000, -4.500000000000000888 ) ) ;
#2269 = ORIENTED_EDGE ( 'NONE', *, *, #484, .F. ) ;
#2270 = CARTESIAN_POINT ( 'NONE',  ( 9.499999999999998224, 5.000000000000023981, -5.499999999999997335 ) ) ;
#2271 = EDGE_CURVE ( 'NONE', #118, #282, #557, .T. ) ;
#2272 = EDGE_CURVE ( 'NONE', #944, #1873, #2557, .T. ) ;
#2273 = DIRECTION ( 'NONE',  ( 1.000000000000000000, 0.000000000000000000, 0.000000000000000000 ) ) ;
#2274 = ORIENTED_EDGE ( 'NONE', *, *, #745, .F. ) ;
#2275 = ADVANCED_FACE ( 'NONE', ( #1506 ), #2624, .T. ) ;
#2276 = CARTESIAN_POINT ( 'NONE',  ( 7.500000000000000888, 3.000000000000005329, -10.00000000000000000 ) ) ;
#2277 = CARTESIAN_POINT ( 'NONE',  ( 23.00000000000000711, 5.510910596163085611E-16, 7.900000000000018119 ) ) ;
#2278 = DIRECTION ( 'NONE',  ( 1.000000000000000000, 0.000000000000000000, 0.000000000000000000 ) ) ;
#2279 = DIRECTION ( 'NONE',  ( 1.000000000000000000, 0.000000000000000000, 0.000000000000000000 ) ) ;
#2280 = ORIENTED_EDGE ( 'NONE', *, *, #1482, .F. ) ;
#2281 = DIRECTION ( 'NONE',  ( -1.000000000000000000, -2.996340549414485340E-16, 0.000000000000000000 ) ) ;
#2282 = ORIENTED_EDGE ( 'NONE', *, *, #880, .T. ) ;
#2283 = CARTESIAN_POINT ( 'NONE',  ( -4.671572875253781731, -3.000000000000000000, -4.000000000000000000 ) ) ;
#2284 = CARTESIAN_POINT ( 'NONE',  ( -4.671572875253781731, -5.000000000000000000, 4.500000000000001776 ) ) ;
#2285 = ORIENTED_EDGE ( 'NONE', *, *, #403, .T. ) ;
#2286 = CARTESIAN_POINT ( 'NONE',  ( 3.750000000000002220, -4.499999999999991118, -2.500000000000000000 ) ) ;
#2287 = EDGE_CURVE ( 'NONE', #2723, #2645, #1741, .T. ) ;
#2288 = EDGE_CURVE ( 'NONE', #1556, #203, #1624, .T. ) ;
#2289 = FACE_OUTER_BOUND ( 'NONE', #1142, .T. ) ;
#2290 = LINE ( 'NONE', #842, #1258 ) ;
#2291 = CARTESIAN_POINT ( 'NONE',  ( -56.50000000000000000, -2.500000000000007550, 4.000000000000000000 ) ) ;
#2292 = AXIS2_PLACEMENT_3D ( 'NONE', #1175, #430, #1669 ) ;
#2293 = EDGE_LOOP ( 'NONE', ( #1753, #2842, #1683, #2849, #1544, #774, #1110, #1043, #1841, #1581, #1486, #405 ) ) ;
#2294 = AXIS2_PLACEMENT_3D ( 'NONE', #233, #2144, #200 ) ;
#2295 = CARTESIAN_POINT ( 'NONE',  ( -27.50000000000000000, -6.123233995736766085E-15, -9.499999999999984013 ) ) ;
#2296 = AXIS2_PLACEMENT_3D ( 'NONE', #791, #1997, #1487 ) ;
#2297 = AXIS2_PLACEMENT_3D ( 'NONE', #48, #2648, #529 ) ;
#2298 = ORIENTED_EDGE ( 'NONE', *, *, #1639, .T. ) ;
#2299 = CARTESIAN_POINT ( 'NONE',  ( 7.500000000000000000, 5.000000000000005329, 9.499999999999985789 ) ) ;
#2300 = VECTOR ( 'NONE', #2719, 1000.000000000000000 ) ;
#2301 = FACE_OUTER_BOUND ( 'NONE', #1534, .T. ) ;
#2302 = VECTOR ( 'NONE', #431, 1000.000000000000000 ) ;
#2303 = CARTESIAN_POINT ( 'NONE',  ( -4.671572875253760415, 3.000000000000001776, 10.00000000000000000 ) ) ;
#2304 = ORIENTED_EDGE ( 'NONE', *, *, #2142, .F. ) ;
#2305 = VECTOR ( 'NONE', #456, 1000.000000000000000 ) ;
#2306 = CARTESIAN_POINT ( 'NONE',  ( -18.75000000000000355, -2.500000000000000888, 4.000000000000001776 ) ) ;
#2307 = ORIENTED_EDGE ( 'NONE', *, *, #1234, .F. ) ;
#2308 = VECTOR ( 'NONE', #321, 1000.000000000000000 ) ;
#2309 = CARTESIAN_POINT ( 'NONE',  ( -8.750000000000000000, 2.500000000000000888, 4.000000000000001776 ) ) ;
#2310 = DIRECTION ( 'NONE',  ( 1.000000000000000000, 0.000000000000000000, 0.000000000000000000 ) ) ;
#2311 = DIRECTION ( 'NONE',  ( 1.990958269844927428E-16, -0.7071067811865476838, 0.7071067811865473507 ) ) ;
#2312 = EDGE_CURVE ( 'NONE', #1107, #1444, #2886, .T. ) ;
#2313 = EDGE_CURVE ( 'NONE', #1304, #1297, #927, .T. ) ;
#2314 = CIRCLE ( 'NONE', #2714, 4.499999999999997335 ) ;
#2315 = ORIENTED_EDGE ( 'NONE', *, *, #1051, .F. ) ;
#2316 = FACE_OUTER_BOUND ( 'NONE', #852, .T. ) ;
#2317 = CARTESIAN_POINT ( 'NONE',  ( 27.50000000000000000, 1.071565949253933651E-14, -5.500000000000000000 ) ) ;
#2318 = ORIENTED_EDGE ( 'NONE', *, *, #1431, .F. ) ;
#2319 = LINE ( 'NONE', #251, #915 ) ;
#2320 = CARTESIAN_POINT ( 'NONE',  ( -5.994448530786192109, -4.500000000000001776, 4.000000000000000888 ) ) ;
#2321 = DIRECTION ( 'NONE',  ( 1.000000000000000000, 0.000000000000000000, 0.000000000000000000 ) ) ;
#2322 = VERTEX_POINT ( 'NONE', #2873 ) ;
#2323 = LINE ( 'NONE', #3011, #2898 ) ;
#2324 = EDGE_LOOP ( 'NONE', ( #2625, #2355, #1644, #1653 ) ) ;
#2325 = DIRECTION ( 'NONE',  ( -1.000000000000000000, 0.000000000000000000, 0.000000000000000000 ) ) ;
#2326 = CARTESIAN_POINT ( 'NONE',  ( -27.50000000000000000, -6.123233995736766085E-15, 9.499999999999982236 ) ) ;
#2327 = VERTEX_POINT ( 'NONE', #779 ) ;
#2328 = EDGE_CURVE ( 'NONE', #2110, #504, #35, .T. ) ;
#2329 = CARTESIAN_POINT ( 'NONE',  ( 7.500000000000002665, -4.999999999999996447, -4.999999999999989342 ) ) ;
#2330 = CYLINDRICAL_SURFACE ( 'NONE', #1023, 4.499999999999997335 ) ;
#2331 = AXIS2_PLACEMENT_3D ( 'NONE', #1651, #2561, #1866 ) ;
#2332 = VERTEX_POINT ( 'NONE', #1987 ) ;
#2333 = EDGE_CURVE ( 'NONE', #1197, #1328, #2935, .T. ) ;
#2334 = CARTESIAN_POINT ( 'NONE',  ( 8.999999999999989342, 3.000000000000005773, 10.00000000000000000 ) ) ;
#2335 = ADVANCED_FACE ( 'NONE', ( #1682 ), #2635, .F. ) ;
#2336 = DIRECTION ( 'NONE',  ( 1.000000000000000000, 0.000000000000000000, -0.000000000000000000 ) ) ;
#2337 = FACE_OUTER_BOUND ( 'NONE', #1650, .T. ) ;
#2338 = EDGE_LOOP ( 'NONE', ( #486, #749, #673, #2089 ) ) ;
#2339 = ORIENTED_EDGE ( 'NONE', *, *, #1103, .T. ) ;
#2340 = DIRECTION ( 'NONE',  ( 1.734723475976806108E-16, -1.000000000000000000, 0.000000000000000000 ) ) ;
#2341 = LINE ( 'NONE', #2113, #2706 ) ;
#2342 = ORIENTED_EDGE ( 'NONE', *, *, #2832, .F. ) ;
#2343 = DIRECTION ( 'NONE',  ( 1.000000000000000000, 0.000000000000000000, 0.000000000000000000 ) ) ;
#2344 = AXIS2_PLACEMENT_3D ( 'NONE', #1192, #2685, #1215 ) ;
#2345 = CARTESIAN_POINT ( 'NONE',  ( -30.59999999999999787, -6.123233995736766085E-15, -9.499999999999984013 ) ) ;
#2346 = ORIENTED_EDGE ( 'NONE', *, *, #359, .T. ) ;
#2347 = VECTOR ( 'NONE', #1454, 1000.000000000000000 ) ;
#2348 = ORIENTED_EDGE ( 'NONE', *, *, #2312, .F. ) ;
#2349 = CARTESIAN_POINT ( 'NONE',  ( -56.50000000000000000, -4.500000000000015987, 4.000000000000000000 ) ) ;
#2350 = PLANE ( 'NONE',  #882 ) ;
#2351 = AXIS2_PLACEMENT_3D ( 'NONE', #2446, #324, #2214 ) ;
#2352 = EDGE_CURVE ( 'NONE', #2631, #691, #1177, .T. ) ;
#2353 = AXIS2_PLACEMENT_3D ( 'NONE', #2276, #2030, #602 ) ;
#2354 = ADVANCED_FACE ( 'NONE', ( #2668 ), #2167, .F. ) ;
#2355 = ORIENTED_EDGE ( 'NONE', *, *, #879, .T. ) ;
#2356 = VECTOR ( 'NONE', #2436, 1000.000000000000000 ) ;
#2357 = DIRECTION ( 'NONE',  ( -0.000000000000000000, -0.000000000000000000, -1.000000000000000000 ) ) ;
#2358 = VECTOR ( 'NONE', #951, 1000.000000000000000 ) ;
#2359 = EDGE_LOOP ( 'NONE', ( #756, #2489, #1205, #2225 ) ) ;
#2360 = DIRECTION ( 'NONE',  ( -0.000000000000000000, -0.000000000000000000, -1.000000000000000000 ) ) ;
#2361 = VECTOR ( 'NONE', #2230, 1000.000000000000000 ) ;
#2362 = DIRECTION ( 'NONE',  ( 0.000000000000000000, 0.7071067811865426878, 0.7071067811865524577 ) ) ;
#2363 = AXIS2_PLACEMENT_3D ( 'NONE', #2690, #2677, #565 ) ;
#2364 = ORIENTED_EDGE ( 'NONE', *, *, #839, .F. ) ;
#2365 = DIRECTION ( 'NONE',  ( 0.7071067811865513475, 0.7071067811865437980, -0.000000000000000000 ) ) ;
#2366 = CARTESIAN_POINT ( 'NONE',  ( -25.30000000000000071, -6.123233995736766085E-15, -12.00000000000001243 ) ) ;
#2367 = CIRCLE ( 'NONE', #39, 2.000000000000000000 ) ;
#2368 = VERTEX_POINT ( 'NONE', #1951 ) ;
#2369 = DIRECTION ( 'NONE',  ( 0.7071067811865512365, 0.7071067811865439090, -0.000000000000000000 ) ) ;
#2370 = LINE ( 'NONE', #2854, #1427 ) ;
#2371 = ORIENTED_EDGE ( 'NONE', *, *, #1914, .F. ) ;
#2372 = ADVANCED_FACE ( 'NONE', ( #545 ), #513, .T. ) ;
#2373 = EDGE_CURVE ( 'NONE', #1297, #848, #62, .T. ) ;
#2374 = ORIENTED_EDGE ( 'NONE', *, *, #894, .T. ) ;
#2375 = ADVANCED_FACE ( 'NONE', ( #1257 ), #2197, .T. ) ;
#2376 = CARTESIAN_POINT ( 'NONE',  ( 8.999999999999984013, 5.010346727104498326E-15, -10.00000000000000000 ) ) ;
#2377 = DIRECTION ( 'NONE',  ( 1.000000000000000000, 0.000000000000000000, 0.000000000000000000 ) ) ;
#2378 = VERTEX_POINT ( 'NONE', #2920 ) ;
#2379 = DIRECTION ( 'NONE',  ( 1.000000000000000000, 0.000000000000000000, 0.000000000000000000 ) ) ;
#2380 = PLANE ( 'NONE',  #2203 ) ;
#2381 = EDGE_LOOP ( 'NONE', ( #1394, #260, #2374, #596, #1869, #1979, #218 ) ) ;
#2382 = ORIENTED_EDGE ( 'NONE', *, *, #627, .T. ) ;
#2383 = LINE ( 'NONE', #264, #1949 ) ;
#2384 = FACE_OUTER_BOUND ( 'NONE', #297, .T. ) ;
#2385 = VERTEX_POINT ( 'NONE', #794 ) ;
#2386 =( BOUNDED_CURVE ( )  B_SPLINE_CURVE ( 3, ( #2801, #18, #209, #2329 ),
 .UNSPECIFIED., .F., .T. ) 
 B_SPLINE_CURVE_WITH_KNOTS ( ( 4, 4 ),
 ( 2.418858405776367348, 3.141592653589792672 ),
 .UNSPECIFIED. ) 
 CURVE ( )  GEOMETRIC_REPRESENTATION_ITEM ( )  RATIONAL_B_SPLINE_CURVE ( ( 1.000000000000000000, 0.9569428977956557780, 0.9569428977956557780, 1.000000000000000000 ) ) 
 REPRESENTATION_ITEM ( '' )  );
#2387 = ORIENTED_EDGE ( 'NONE', *, *, #533, .F. ) ;
#2388 = CARTESIAN_POINT ( 'NONE',  ( 27.50000000000000355, 0.000000000000000000, 5.499999999999949374 ) ) ;
#2389 = CARTESIAN_POINT ( 'NONE',  ( 27.50000000000000000, -4.999999999999990230, 4.999999999999999112 ) ) ;
#2390 = ADVANCED_FACE ( 'NONE', ( #122 ), #1091, .F. ) ;
#2391 = EDGE_CURVE ( 'NONE', #253, #121, #238, .T. ) ;
#2392 = ORIENTED_EDGE ( 'NONE', *, *, #2233, .F. ) ;
#2393 = CARTESIAN_POINT ( 'NONE',  ( -24.40000000000000213, -6.123233995736766085E-15, 5.799999999999999822 ) ) ;
#2394 = DIRECTION ( 'NONE',  ( -0.000000000000000000, -0.000000000000000000, 1.000000000000000000 ) ) ;
#2395 = EDGE_LOOP ( 'NONE', ( #2862, #2238, #3041, #2339 ) ) ;
#2396 = DIRECTION ( 'NONE',  ( -0.000000000000000000, -0.000000000000000000, 1.000000000000000000 ) ) ;
#2397 = DIRECTION ( 'NONE',  ( -0.000000000000000000, -0.000000000000000000, -1.000000000000000000 ) ) ;
#2398 = ORIENTED_EDGE ( 'NONE', *, *, #406, .F. ) ;
#2399 =( GEOMETRIC_REPRESENTATION_CONTEXT ( 3 ) GLOBAL_UNCERTAINTY_ASSIGNED_CONTEXT ( ( #178 ) ) GLOBAL_UNIT_ASSIGNED_CONTEXT ( ( #412, #609, #1776 ) ) REPRESENTATION_CONTEXT ( 'NONE', 'WORKASPACE' ) );
#2400 = VECTOR ( 'NONE', #357, 1000.000000000000000 ) ;
#2401 = CIRCLE ( 'NONE', #968, 2.000000000000000000 ) ;
#2402 = ORIENTED_EDGE ( 'NONE', *, *, #689, .F. ) ;
#2403 = AXIS2_PLACEMENT_3D ( 'NONE', #1315, #2011, #1342 ) ;
#2404 = CARTESIAN_POINT ( 'NONE',  ( -27.50000000000000000, -6.123233995736766085E-15, -4.500000000000000888 ) ) ;
#2405 = CARTESIAN_POINT ( 'NONE',  ( 27.50000000000000355, 0.000000000000000000, 1000.000000000000000 ) ) ;
#2406 = AXIS2_PLACEMENT_3D ( 'NONE', #1655, #2593, #262 ) ;
#2407 = EDGE_LOOP ( 'NONE', ( #2754, #2725, #2168, #1007 ) ) ;
#2408 = VECTOR ( 'NONE', #2784, 1000.000000000000000 ) ;
#2409 = EDGE_CURVE ( 'NONE', #495, #524, #74, .T. ) ;
#2410 = EDGE_CURVE ( 'NONE', #1283, #1556, #1526, .T. ) ;
#2411 = CARTESIAN_POINT ( 'NONE',  ( -6.085786437626878431, -4.414213562373089594, 4.000000000000000888 ) ) ;
#2412 = CYLINDRICAL_SURFACE ( 'NONE', #376, 2.000000000000000000 ) ;
#2413 = ORIENTED_EDGE ( 'NONE', *, *, #916, .F. ) ;
#2414 = DIRECTION ( 'NONE',  ( 1.000000000000000000, 0.000000000000000000, 0.000000000000000000 ) ) ;
#2415 = CARTESIAN_POINT ( 'NONE',  ( -27.50000000000000000, -6.123233995736766085E-15, 9.499999999999982236 ) ) ;
#2416 = EDGE_LOOP ( 'NONE', ( #2392, #1576, #1061, #437 ) ) ;
#2417 = ORIENTED_EDGE ( 'NONE', *, *, #1882, .F. ) ;
#2418 = CARTESIAN_POINT ( 'NONE',  ( 9.499999999999998224, 3.000000000000005773, 5.499999999999997335 ) ) ;
#2419 = CARTESIAN_POINT ( 'NONE',  ( -27.50000000000000000, -6.123233995736766085E-15, -9.499999999999992895 ) ) ;
#2420 = LINE ( 'NONE', #1476, #2300 ) ;
#2421 = CARTESIAN_POINT ( 'NONE',  ( 23.74999999999999289, 4.500000000000051514, -2.499999999999996447 ) ) ;
#2422 = FACE_OUTER_BOUND ( 'NONE', #1223, .T. ) ;
#2423 = DIRECTION ( 'NONE',  ( -1.000000000000000000, 0.000000000000000000, 0.000000000000000000 ) ) ;
#2424 = VERTEX_POINT ( 'NONE', #853 ) ;
#2425 = ORIENTED_EDGE ( 'NONE', *, *, #6, .T. ) ;
#2426 = CARTESIAN_POINT ( 'NONE',  ( -18.75000000000000355, -2.500000000000000888, -10.00000000000000000 ) ) ;
#2427 = FACE_OUTER_BOUND ( 'NONE', #45, .T. ) ;
#2428 = EDGE_CURVE ( 'NONE', #121, #2240, #871, .T. ) ;
#2429 = ADVANCED_FACE ( 'NONE', ( #374 ), #2997, .T. ) ;
#2430 = ORIENTED_EDGE ( 'NONE', *, *, #917, .T. ) ;
#2431 = SURFACE_STYLE_USAGE ( .BOTH. , #1549 ) ;
#2432 = ORIENTED_EDGE ( 'NONE', *, *, #839, .T. ) ;
#2433 = DIRECTION ( 'NONE',  ( 2.996340549414485340E-16, -1.000000000000000000, 0.000000000000000000 ) ) ;
#2434 = CARTESIAN_POINT ( 'NONE',  ( -56.50000000000000000, 4.499999999999985789, 4.000000000000000000 ) ) ;
#2435 = CARTESIAN_POINT ( 'NONE',  ( 32.50000000000000000, -4.499999999999988454, 5.500000000000000888 ) ) ;
#2436 = DIRECTION ( 'NONE',  ( -1.000000000000000000, -2.996340549414485340E-16, 1.508455196501571429E-16 ) ) ;
#2437 = CYLINDRICAL_SURFACE ( 'NONE', #2953, 2.200000000000000622 ) ;
#2438 = ORIENTED_EDGE ( 'NONE', *, *, #3017, .T. ) ;
#2439 = VERTEX_POINT ( 'NONE', #1569 ) ;
#2440 = LINE ( 'NONE', #1483, #322 ) ;
#2441 = PLANE ( 'NONE',  #1323 ) ;
#2442 = VERTEX_POINT ( 'NONE', #2286 ) ;
#2443 = CIRCLE ( 'NONE', #1109, 1.999999999999999112 ) ;
#2444 = EDGE_CURVE ( 'NONE', #140, #2645, #2763, .T. ) ;
#2445 = EDGE_CURVE ( 'NONE', #786, #2457, #1966, .T. ) ;
#2446 = CARTESIAN_POINT ( 'NONE',  ( 27.50000000000000355, 0.000000000000000000, -7.900000000000018119 ) ) ;
#2447 = VERTEX_POINT ( 'NONE', #2468 ) ;
#2448 = PLANE ( 'NONE',  #2066 ) ;
#2449 = DIRECTION ( 'NONE',  ( 1.000000000000000000, 0.000000000000000000, 0.000000000000000000 ) ) ;
#2450 = AXIS2_PLACEMENT_3D ( 'NONE', #107, #1318, #2945 ) ;
#2451 = AXIS2_PLACEMENT_3D ( 'NONE', #2558, #1848, #1381 ) ;
#2452 = CARTESIAN_POINT ( 'NONE',  ( 7.500000000000003553, -4.499999999999989342, 10.00000000000000000 ) ) ;
#2453 = VECTOR ( 'NONE', #1975, 1000.000000000000000 ) ;
#2454 = CARTESIAN_POINT ( 'NONE',  ( 27.50000000000000355, 0.000000000000000000, 12.00000000000001066 ) ) ;
#2455 = CONICAL_SURFACE ( 'NONE', #2857, 4.499999999999993783, 0.7853981633974415066 ) ;
#2456 = DIRECTION ( 'NONE',  ( -1.000000000000000000, 0.000000000000000000, -1.508455196501571429E-16 ) ) ;
#2457 = VERTEX_POINT ( 'NONE', #1796 ) ;
#2458 = CIRCLE ( 'NONE', #2510, 2.000000000000000888 ) ;
#2459 = ORIENTED_EDGE ( 'NONE', *, *, #2084, .T. ) ;
#2460 = CARTESIAN_POINT ( 'NONE',  ( -27.50000000000000000, 4.499999999999994671, -4.000000000000000000 ) ) ;
#2461 = DIRECTION ( 'NONE',  ( 0.000000000000000000, 0.000000000000000000, -1.000000000000000000 ) ) ;
#2462 = AXIS2_PLACEMENT_3D ( 'NONE', #2699, #1074, #2729 ) ;
#2463 = VECTOR ( 'NONE', #265, 1000.000000000000000 ) ;
#2464 = ORIENTED_EDGE ( 'NONE', *, *, #1621, .T. ) ;
#2465 = FACE_OUTER_BOUND ( 'NONE', #1980, .T. ) ;
#2466 = ORIENTED_EDGE ( 'NONE', *, *, #174, .F. ) ;
#2467 = EDGE_CURVE ( 'NONE', #1361, #1128, #2480, .T. ) ;
#2468 = CARTESIAN_POINT ( 'NONE',  ( -32.00000000000000000, -6.123233995736766085E-15, -4.000000000000000000 ) ) ;
#2469 = ADVANCED_FACE ( 'NONE', ( #2262 ), #86, .T. ) ;
#2470 = PLANE ( 'NONE',  #1955 ) ;
#2471 = LINE ( 'NONE', #346, #1022 ) ;
#2472 = DIRECTION ( 'NONE',  ( 1.000000000000000000, 2.996340549414485340E-16, 0.000000000000000000 ) ) ;
#2473 = ORIENTED_EDGE ( 'NONE', *, *, #2600, .F. ) ;
#2474 = ORIENTED_EDGE ( 'NONE', *, *, #880, .F. ) ;
#2475 = CARTESIAN_POINT ( 'NONE',  ( -4.671572875253761303, 5.000000000000001776, 4.500000000000001776 ) ) ;
#2476 = EDGE_LOOP ( 'NONE', ( #510, #2871, #339, #2413 ) ) ;
#2477 = CARTESIAN_POINT ( 'NONE',  ( -27.50000000000000000, 4.999999999999994671, -9.499999999999992895 ) ) ;
#2478 = PLANE ( 'NONE',  #1016 ) ;
#2479 = ORIENTED_EDGE ( 'NONE', *, *, #2905, .T. ) ;
#2480 = LINE ( 'NONE', #637, #2361 ) ;
#2481 = DIRECTION ( 'NONE',  ( 1.000000000000000000, 1.734723475976805862E-16, 0.000000000000000000 ) ) ;
#2482 = PLANE ( 'NONE',  #1507 ) ;
#2483 = DIRECTION ( 'NONE',  ( 1.000000000000000000, 0.000000000000000000, 0.000000000000000000 ) ) ;
#2484 = ADVANCED_FACE ( 'NONE', ( #1551 ), #1585, .T. ) ;
#2485 = EDGE_CURVE ( 'NONE', #2645, #691, #2948, .T. ) ;
#2486 = ORIENTED_EDGE ( 'NONE', *, *, #2524, .T. ) ;
#2487 = VERTEX_POINT ( 'NONE', #407 ) ;
#2488 = CARTESIAN_POINT ( 'NONE',  ( -29.69999999999999929, -5.853811699924348286E-15, -4.000000000000000000 ) ) ;
#2489 = ORIENTED_EDGE ( 'NONE', *, *, #2233, .T. ) ;
#2490 = CARTESIAN_POINT ( 'NONE',  ( 8.453414330924847064, -4.825834261322601293, 5.174165738677390713 ) ) ;
#2491 =( NAMED_UNIT ( * ) PLANE_ANGLE_UNIT ( ) SI_UNIT ( $, .RADIAN. ) );
#2492 = EDGE_LOOP ( 'NONE', ( #516, #1724 ) ) ;
#2493 = DIRECTION ( 'NONE',  ( -0.000000000000000000, -0.000000000000000000, 1.000000000000000000 ) ) ;
#2494 = AXIS2_PLACEMENT_3D ( 'NONE', #992, #538, #2628 ) ;
#2495 = DIRECTION ( 'NONE',  ( -1.000000000000000000, 0.000000000000000000, 0.000000000000000000 ) ) ;
#2496 = DIRECTION ( 'NONE',  ( -0.000000000000000000, -0.000000000000000000, 1.000000000000000000 ) ) ;
#2497 = AXIS2_PLACEMENT_3D ( 'NONE', #169, #2517, #2992 ) ;
#2498 = DIRECTION ( 'NONE',  ( 0.000000000000000000, 0.000000000000000000, -1.000000000000000000 ) ) ;
#2499 = VECTOR ( 'NONE', #2921, 1000.000000000000000 ) ;
#2500 = VECTOR ( 'NONE', #1386, 1000.000000000000000 ) ;
#2501 = ORIENTED_EDGE ( 'NONE', *, *, #1691, .F. ) ;
#2502 = ADVANCED_FACE ( 'NONE', ( #807 ), #342, .F. ) ;
#2503 = EDGE_CURVE ( 'NONE', #2772, #1097, #1662, .T. ) ;
#2504 = VECTOR ( 'NONE', #1608, 1000.000000000000000 ) ;
#2505 = CARTESIAN_POINT ( 'NONE',  ( 8.999999999999994671, -2.999999999999994671, 10.00000000000000000 ) ) ;
#2506 = VECTOR ( 'NONE', #881, 1000.000000000000000 ) ;
#2507 = ORIENTED_EDGE ( 'NONE', *, *, #2883, .F. ) ;
#2508 = EDGE_CURVE ( 'NONE', #1545, #1157, #2067, .T. ) ;
#2509 = CARTESIAN_POINT ( 'NONE',  ( 23.74999999999999289, 5.000000000000010658, 3.291382889819968651E-15 ) ) ;
#2510 = AXIS2_PLACEMENT_3D ( 'NONE', #2266, #1838, #1079 ) ;
#2511 = CARTESIAN_POINT ( 'NONE',  ( 7.499999999999998224, 5.000000000000005329, 4.999999999999996447 ) ) ;
#2512 = CYLINDRICAL_SURFACE ( 'NONE', #2247, 2.000000000000000000 ) ;
#2513 = AXIS2_PLACEMENT_3D ( 'NONE', #1207, #979, #1919 ) ;
#2514 = ORIENTED_EDGE ( 'NONE', *, *, #704, .F. ) ;
#2515 = CARTESIAN_POINT ( 'NONE',  ( -27.50000000000000000, -6.123233995736766085E-15, 4.500000000000001776 ) ) ;
#2516 = VECTOR ( 'NONE', #733, 1000.000000000000000 ) ;
#2517 = DIRECTION ( 'NONE',  ( -2.246507172625491510E-16, 0.7071067811865483499, 0.7071067811865466846 ) ) ;
#2518 = CARTESIAN_POINT ( 'NONE',  ( 27.50000000000000355, 0.000000000000000000, -11.99999999999999645 ) ) ;
#2519 = DIRECTION ( 'NONE',  ( -0.000000000000000000, -0.000000000000000000, 1.000000000000000000 ) ) ;
#2520 = ORIENTED_EDGE ( 'NONE', *, *, #759, .F. ) ;
#2521 = DIRECTION ( 'NONE',  ( 1.000000000000000000, 0.000000000000000000, 0.000000000000000000 ) ) ;
#2522 = ORIENTED_EDGE ( 'NONE', *, *, #1234, .T. ) ;
#2523 = CARTESIAN_POINT ( 'NONE',  ( 27.50000000000000000, 5.000000000000011546, 2.999999999999963585 ) ) ;
#2524 = EDGE_CURVE ( 'NONE', #2607, #473, #1117, .T. ) ;
#2525 = EDGE_CURVE ( 'NONE', #1522, #2154, #1217, .T. ) ;
#2526 = ORIENTED_EDGE ( 'NONE', *, *, #1185, .F. ) ;
#2527 = CARTESIAN_POINT ( 'NONE',  ( -27.50000000000000000, -6.123233995736766085E-15, 10.00000000000000000 ) ) ;
#2528 = DIRECTION ( 'NONE',  ( 1.000000000000000000, 0.000000000000000000, 0.000000000000000000 ) ) ;
#2529 = DIRECTION ( 'NONE',  ( 2.996340549414485340E-16, -1.000000000000000000, -0.000000000000000000 ) ) ;
#2530 = CARTESIAN_POINT ( 'NONE',  ( -8.749999999999998224, 2.015034260854676310E-15, 10.00000000000000000 ) ) ;
#2531 = EDGE_LOOP ( 'NONE', ( #1024, #2900 ) ) ;
#2532 = DIRECTION ( 'NONE',  ( -0.000000000000000000, -0.000000000000000000, -1.000000000000000000 ) ) ;
#2533 = DIRECTION ( 'NONE',  ( 1.000000000000000000, 2.891205793294718755E-16, 0.000000000000000000 ) ) ;
#2534 = ORIENTED_EDGE ( 'NONE', *, *, #2539, .T. ) ;
#2535 = CARTESIAN_POINT ( 'NONE',  ( -31.10000000000002629, -5.682361148043715765E-15, 10.00000000000000000 ) ) ;
#2536 = DIRECTION ( 'NONE',  ( 1.000000000000000000, 0.000000000000000000, 0.000000000000000000 ) ) ;
#2537 = ORIENTED_EDGE ( 'NONE', *, *, #937, .T. ) ;
#2538 = ADVANCED_FACE ( 'NONE', ( #684 ), #2812, .F. ) ;
#2539 = EDGE_CURVE ( 'NONE', #2805, #2487, #2587, .T. ) ;
#2540 = DIRECTION ( 'NONE',  ( -1.000000000000000000, -2.996340549414485340E-16, 0.000000000000000000 ) ) ;
#2541 = ORIENTED_EDGE ( 'NONE', *, *, #2328, .F. ) ;
#2542 = CARTESIAN_POINT ( 'NONE',  ( 27.50000000000000000, -4.999999999999990230, 4.500000000000002665 ) ) ;
#2543 = CYLINDRICAL_SURFACE ( 'NONE', #1648, 2.200000000000000622 ) ;
#2544 = DIRECTION ( 'NONE',  ( 0.000000000000000000, 0.000000000000000000, 1.000000000000000000 ) ) ;
#2545 = ORIENTED_EDGE ( 'NONE', *, *, #2333, .T. ) ;
#2546 = CONICAL_SURFACE ( 'NONE', #1359, 4.499999999999993783, 0.7853981633974415066 ) ;
#2547 = DIRECTION ( 'NONE',  ( 1.000000000000000000, 0.000000000000000000, 0.000000000000000000 ) ) ;
#2548 = LINE ( 'NONE', #1805, #2302 ) ;
#2549 = AXIS2_PLACEMENT_3D ( 'NONE', #1479, #1744, #2423 ) ;
#2550 = CIRCLE ( 'NONE', #2007, 2.000000000000000000 ) ;
#2551 = ORIENTED_EDGE ( 'NONE', *, *, #2716, .F. ) ;
#2552 = PLANE ( 'NONE',  #2294 ) ;
#2553 = FACE_OUTER_BOUND ( 'NONE', #584, .T. ) ;
#2554 = VECTOR ( 'NONE', #2394, 1000.000000000000000 ) ;
#2555 = DIRECTION ( 'NONE',  ( 1.000000000000000000, 0.000000000000000000, 0.000000000000000000 ) ) ;
#2556 = ORIENTED_EDGE ( 'NONE', *, *, #6, .F. ) ;
#2557 = CIRCLE ( 'NONE', #1226, 4.499999999999997335 ) ;
#2558 = CARTESIAN_POINT ( 'NONE',  ( -18.75000000000000355, 2.499999999999999112, -12.00000000000001243 ) ) ;
#2559 = EDGE_CURVE ( 'NONE', #420, #711, #3040, .T. ) ;
#2560 = EDGE_LOOP ( 'NONE', ( #1961, #1453, #1319, #2673 ) ) ;
#2561 = DIRECTION ( 'NONE',  ( -0.000000000000000000, -0.000000000000000000, 1.000000000000000000 ) ) ;
#2562 = DIRECTION ( 'NONE',  ( -1.807003620809173954E-17, -5.572713959453807775E-33, 1.000000000000000000 ) ) ;
#2563 = ADVANCED_FACE ( 'NONE', ( #2828 ), #1807, .T. ) ;
#2564 = EDGE_CURVE ( 'NONE', #2186, #213, #2573, .T. ) ;
#2565 = EDGE_LOOP ( 'NONE', ( #1004, #1053, #2298, #740 ) ) ;
#2566 = CARTESIAN_POINT ( 'NONE',  ( -56.50000000000000711, -2.500000000000007550, -4.000000000000000000 ) ) ;
#2567 = FACE_OUTER_BOUND ( 'NONE', #1089, .T. ) ;
#2568 = EDGE_LOOP ( 'NONE', ( #1589, #151, #2526, #2602 ) ) ;
#2569 = CARTESIAN_POINT ( 'NONE',  ( 3.749999999999999112, 5.000000000000041744, -3.825575076220905264E-16 ) ) ;
#2570 = CARTESIAN_POINT ( 'NONE',  ( 3.750000000000002220, -4.499999999999991118, 2.500000000000000000 ) ) ;
#2571 = CYLINDRICAL_SURFACE ( 'NONE', #1806, 2.000000000000000000 ) ;
#2572 = VERTEX_POINT ( 'NONE', #1877 ) ;
#2573 = LINE ( 'NONE', #948, #476 ) ;
#2574 = ORIENTED_EDGE ( 'NONE', *, *, #1709, .T. ) ;
#2575 = DIRECTION ( 'NONE',  ( -0.000000000000000000, -0.000000000000000000, 1.000000000000000000 ) ) ;
#2576 = DIRECTION ( 'NONE',  ( -1.000000000000000000, -2.996340549414485340E-16, -1.807003620809173954E-17 ) ) ;
#2577 = ORIENTED_EDGE ( 'NONE', *, *, #2175, .F. ) ;
#2578 = CARTESIAN_POINT ( 'NONE',  ( -27.50000000000000000, -6.123233995736766085E-15, 5.799999999999999822 ) ) ;
#2579 = EDGE_CURVE ( 'NONE', #1101, #524, #652, .T. ) ;
#2580 = EDGE_CURVE ( 'NONE', #2118, #189, #719, .T. ) ;
#2581 = DIRECTION ( 'NONE',  ( -1.000000000000000000, -2.891205793294665507E-16, 0.000000000000000000 ) ) ;
#2582 = AXIS2_PLACEMENT_3D ( 'NONE', #1383, #2575, #2325 ) ;
#2583 = ORIENTED_EDGE ( 'NONE', *, *, #344, .F. ) ;
#2584 = DIRECTION ( 'NONE',  ( -0.000000000000000000, -0.000000000000000000, 1.000000000000000000 ) ) ;
#2585 = DIRECTION ( 'NONE',  ( 1.000000000000000000, 0.000000000000000000, 0.000000000000000000 ) ) ;
#2586 = ORIENTED_EDGE ( 'NONE', *, *, #1047, .F. ) ;
#2587 = LINE ( 'NONE', #934, #1271 ) ;
#2588 = VERTEX_POINT ( 'NONE', #2306 ) ;
#2589 = DIRECTION ( 'NONE',  ( -1.807003620809173954E-17, -5.572713959453807775E-33, 1.000000000000000000 ) ) ;
#2590 = CARTESIAN_POINT ( 'NONE',  ( -6.708236589799208893, 1.442637229786217334, 4.000000000000001776 ) ) ;
#2591 = ORIENTED_EDGE ( 'NONE', *, *, #1331, .T. ) ;
#2592 = CIRCLE ( 'NONE', #2899, 3.400000000000000355 ) ;
#2593 = DIRECTION ( 'NONE',  ( 1.734723475976807587E-16, 5.197822293090553298E-32, -1.000000000000000000 ) ) ;
#2594 = ADVANCED_FACE ( 'NONE', ( #219 ), #1149, .F. ) ;
#2595 = EDGE_CURVE ( 'NONE', #683, #2327, #1671, .T. ) ;
#2596 = VECTOR ( 'NONE', #1590, 1000.000000000000000 ) ;
#2597 = FACE_OUTER_BOUND ( 'NONE', #736, .T. ) ;
#2598 = CARTESIAN_POINT ( 'NONE',  ( -27.50000000000000000, -6.123233995736766085E-15, 4.000000000000001776 ) ) ;
#2599 = VECTOR ( 'NONE', #2988, 1000.000000000000114 ) ;
#2600 = EDGE_CURVE ( 'NONE', #1164, #786, #2323, .T. ) ;
#2601 = AXIS2_PLACEMENT_3D ( 'NONE', #2435, #2183, #1244 ) ;
#2602 = ORIENTED_EDGE ( 'NONE', *, *, #2793, .F. ) ;
#2603 = AXIS2_PLACEMENT_3D ( 'NONE', #1140, #2846, #195 ) ;
#2604 =( BOUNDED_CURVE ( )  B_SPLINE_CURVE ( 3, ( #2475, #755, #2709, #1286 ),
 .UNSPECIFIED., .F., .T. ) 
 B_SPLINE_CURVE_WITH_KNOTS ( ( 4, 4 ),
 ( 1.521168502608449144E-16, 0.7227342478134616277 ),
 .UNSPECIFIED. ) 
 CURVE ( )  GEOMETRIC_REPRESENTATION_ITEM ( )  RATIONAL_B_SPLINE_CURVE ( ( 1.000000000000000000, 0.9569428977956514482, 0.9569428977956514482, 1.000000000000000000 ) ) 
 REPRESENTATION_ITEM ( '' )  );
#2605 = CONICAL_SURFACE ( 'NONE', #1959, 5.000000000000000888, 0.7853981633974552734 ) ;
#2606 = AXIS2_PLACEMENT_3D ( 'NONE', #2326, #207, #3064 ) ;
#2607 = VERTEX_POINT ( 'NONE', #2108 ) ;
#2608 = CARTESIAN_POINT ( 'NONE',  ( -8.749999999999998224, 2.015034260854676310E-15, -12.00000000000001243 ) ) ;
#2609 = AXIS2_PLACEMENT_3D ( 'NONE', #3025, #1413, #3058 ) ;
#2610 = CARTESIAN_POINT ( 'NONE',  ( 7.500000000000000888, -2.999999999999995559, 5.499999999999997335 ) ) ;
#2611 = CONICAL_SURFACE ( 'NONE', #1525, 2.500000000000000000, 0.7853981633974552734 ) ;
#2612 = VERTEX_POINT ( 'NONE', #901 ) ;
#2613 = DIRECTION ( 'NONE',  ( 0.000000000000000000, -0.7071067811865474617, -0.7071067811865474617 ) ) ;
#2614 = CARTESIAN_POINT ( 'NONE',  ( 3.750000000000002220, -4.999999999999997335, -3.825575076220905264E-16 ) ) ;
#2615 = VECTOR ( 'NONE', #1583, 1000.000000000000000 ) ;
#2616 = ORIENTED_EDGE ( 'NONE', *, *, #40, .F. ) ;
#2617 = DIRECTION ( 'NONE',  ( -1.000000000000000000, -2.996340549414485340E-16, -1.734723475976807587E-16 ) ) ;
#2618 = CARTESIAN_POINT ( 'NONE',  ( 27.50000000000000000, 1.071565949253933651E-14, 10.00000000000000000 ) ) ;
#2619 = EDGE_LOOP ( 'NONE', ( #129, #2737, #2541, #1686 ) ) ;
#2620 = EDGE_CURVE ( 'NONE', #2135, #2969, #438, .T. ) ;
#2621 = EDGE_CURVE ( 'NONE', #348, #746, #240, .T. ) ;
#2622 = ORIENTED_EDGE ( 'NONE', *, *, #2998, .T. ) ;
#2623 = LINE ( 'NONE', #1907, #2263 ) ;
#2624 = PLANE ( 'NONE',  #1766 ) ;
#2625 = ORIENTED_EDGE ( 'NONE', *, *, #2467, .F. ) ;
#2626 = CARTESIAN_POINT ( 'NONE',  ( -24.40000000000000213, -6.123233995736766085E-15, 9.499999999999982236 ) ) ;
#2627 = VERTEX_POINT ( 'NONE', #2090 ) ;
#2628 = DIRECTION ( 'NONE',  ( 1.000000000000000000, 0.000000000000000000, 0.000000000000000000 ) ) ;
#2629 = FACE_OUTER_BOUND ( 'NONE', #2381, .T. ) ;
#2630 = ORIENTED_EDGE ( 'NONE', *, *, #2633, .F. ) ;
#2631 = VERTEX_POINT ( 'NONE', #419 ) ;
#2632 = EDGE_CURVE ( 'NONE', #203, #1556, #2200, .T. ) ;
#2633 = EDGE_CURVE ( 'NONE', #1444, #997, #186, .T. ) ;
#2634 = FACE_OUTER_BOUND ( 'NONE', #103, .T. ) ;
#2635 = CYLINDRICAL_SURFACE ( 'NONE', #1027, 2.500000000000000444 ) ;
#2636 = ORIENTED_EDGE ( 'NONE', *, *, #1161, .F. ) ;
#2637 = CYLINDRICAL_SURFACE ( 'NONE', #611, 2.499999999999998668 ) ;
#2638 = CARTESIAN_POINT ( 'NONE',  ( 27.49999999999999645, 5.000000000000011546, -4.999999999999992006 ) ) ;
#2639 = VERTEX_POINT ( 'NONE', #2477 ) ;
#2640 = CARTESIAN_POINT ( 'NONE',  ( -27.50000000000000000, -6.123233995736766085E-15, 10.00000000000000000 ) ) ;
#2641 = DIRECTION ( 'NONE',  ( 1.000000000000000000, 0.000000000000000000, 0.000000000000000000 ) ) ;
#2642 = ORIENTED_EDGE ( 'NONE', *, *, #2736, .T. ) ;
#2643 = VECTOR ( 'NONE', #1119, 1000.000000000000000 ) ;
#2644 = CIRCLE ( 'NONE', #1904, 3.600000000000026734 ) ;
#2645 = VERTEX_POINT ( 'NONE', #415 ) ;
#2646 = VECTOR ( 'NONE', #645, 1000.000000000000000 ) ;
#2647 = DIRECTION ( 'NONE',  ( 1.508455196501571429E-16, 4.652004696587526895E-32, -1.000000000000000000 ) ) ;
#2648 = DIRECTION ( 'NONE',  ( -0.000000000000000000, -0.000000000000000000, 1.000000000000000000 ) ) ;
#2649 = EDGE_CURVE ( 'NONE', #147, #2989, #1129, .T. ) ;
#2650 = CIRCLE ( 'NONE', #525, 2.500000000000000000 ) ;
#2651 = CARTESIAN_POINT ( 'NONE',  ( 27.50000000000000000, 5.000000000000011546, -4.500000000000000888 ) ) ;
#2652 = AXIS2_PLACEMENT_3D ( 'NONE', #2982, #112, #843 ) ;
#2653 = CARTESIAN_POINT ( 'NONE',  ( -29.69999999999999929, -5.853811699924348286E-15, 4.000000000000001776 ) ) ;
#2654 = DIRECTION ( 'NONE',  ( 1.000000000000000000, 0.000000000000000000, 0.000000000000000000 ) ) ;
#2655 = EDGE_CURVE ( 'NONE', #1008, #2077, #870, .T. ) ;
#2656 = ADVANCED_FACE ( 'NONE', ( #2037 ), #1116, .F. ) ;
#2657 = CIRCLE ( 'NONE', #1276, 3.099999999999998757 ) ;
#2658 = FACE_OUTER_BOUND ( 'NONE', #1314, .T. ) ;
#2659 = VERTEX_POINT ( 'NONE', #1809 ) ;
#2660 = EDGE_LOOP ( 'NONE', ( #616, #1998, #3031, #1667, #250, #1865, #319 ) ) ;
#2661 = DIRECTION ( 'NONE',  ( -0.000000000000000000, -0.000000000000000000, -1.000000000000000000 ) ) ;
#2662 = CARTESIAN_POINT ( 'NONE',  ( -5.994448530786192109, -4.500000000000001776, -4.000000000000000000 ) ) ;
#2663 = VECTOR ( 'NONE', #1112, 1000.000000000000114 ) ;
#2664 = EDGE_LOOP ( 'NONE', ( #804, #433, #271, #1985, #2364 ) ) ;
#2665 = DIRECTION ( 'NONE',  ( -3.083952846180990774E-16, 1.000000000000000000, 0.000000000000000000 ) ) ;
#2666 = ORIENTED_EDGE ( 'NONE', *, *, #1090, .F. ) ;
#2667 = CARTESIAN_POINT ( 'NONE',  ( -4.671572875253781731, -3.000000000000000000, 4.000000000000000888 ) ) ;
#2668 = FACE_OUTER_BOUND ( 'NONE', #1400, .T. ) ;
#2669 = CARTESIAN_POINT ( 'NONE',  ( 27.50000000000000355, 0.000000000000000000, -5.500000000000060396 ) ) ;
#2670 = CARTESIAN_POINT ( 'NONE',  ( 27.49999999999999645, 5.000000000000011546, -4.999999999999992006 ) ) ;
#2671 = LINE ( 'NONE', #1219, #623 ) ;
#2672 = ORIENTED_EDGE ( 'NONE', *, *, #854, .T. ) ;
#2673 = ORIENTED_EDGE ( 'NONE', *, *, #2924, .F. ) ;
#2674 = ADVANCED_FACE ( 'NONE', ( #1831 ), #388, .T. ) ;
#2675 = PLANE ( 'NONE',  #2194 ) ;
#2676 = EDGE_CURVE ( 'NONE', #587, #1778, #2550, .T. ) ;
#2677 = DIRECTION ( 'NONE',  ( 0.000000000000000000, 0.000000000000000000, -1.000000000000000000 ) ) ;
#2678 = EDGE_LOOP ( 'NONE', ( #1209, #799, #2398, #2165 ) ) ;
#2679 = AXIS2_PLACEMENT_3D ( 'NONE', #3042, #686, #2310 ) ;
#2680 =( NAMED_UNIT ( * ) SI_UNIT ( $, .STERADIAN. ) SOLID_ANGLE_UNIT ( ) );
#2681 = ORIENTED_EDGE ( 'NONE', *, *, #937, .F. ) ;
#2682 = DIRECTION ( 'NONE',  ( -1.000000000000000000, -2.996340549414485340E-16, 0.000000000000000000 ) ) ;
#2683 = LINE ( 'NONE', #2434, #235 ) ;
#2684 = DIRECTION ( 'NONE',  ( 1.000000000000000000, 0.000000000000000000, 0.000000000000000000 ) ) ;
#2685 = DIRECTION ( 'NONE',  ( 0.000000000000000000, 0.000000000000000000, -1.000000000000000000 ) ) ;
#2686 = DIRECTION ( 'NONE',  ( -0.000000000000000000, -0.000000000000000000, 1.000000000000000000 ) ) ;
#2687 = ORIENTED_EDGE ( 'NONE', *, *, #2106, .F. ) ;
#2688 = VERTEX_POINT ( 'NONE', #2973 ) ;
#2689 = CARTESIAN_POINT ( 'NONE',  ( 27.50000000000000000, 4.500000000000010658, 5.500000000000000000 ) ) ;
#2690 = CARTESIAN_POINT ( 'NONE',  ( -8.749999999999998224, 2.015034260854676310E-15, -4.000000000000000000 ) ) ;
#2691 = EDGE_CURVE ( 'NONE', #118, #1938, #2804, .T. ) ;
#2692 = VERTEX_POINT ( 'NONE', #2535 ) ;
#2693 = CIRCLE ( 'NONE', #872, 4.500000000000000888 ) ;
#2694 = EDGE_CURVE ( 'NONE', #399, #473, #2054, .T. ) ;
#2695 = DIRECTION ( 'NONE',  ( 1.000000000000000000, 2.996340549414485340E-16, 0.000000000000000000 ) ) ;
#2696 = EDGE_LOOP ( 'NONE', ( #1902, #1125, #60, #2939, #1000, #2946, #2711, #2177, #511, #2642, #2707, #1746, #205, #113 ) ) ;
#2697 = VECTOR ( 'NONE', #770, 1000.000000000000000 ) ;
#2698 = CARTESIAN_POINT ( 'NONE',  ( -31.10000000000000497, -6.123233995736766085E-15, -10.00000000000000000 ) ) ;
#2699 = CARTESIAN_POINT ( 'NONE',  ( -27.50000000000000000, -6.123233995736766085E-15, 9.499999999999985789 ) ) ;
#2700 = AXIS2_PLACEMENT_3D ( 'NONE', #2515, #1348, #1538 ) ;
#2701 = DIRECTION ( 'NONE',  ( 1.000000000000000000, 1.734723475976806108E-16, 0.000000000000000000 ) ) ;
#2702 = CARTESIAN_POINT ( 'NONE',  ( 7.500000000000004441, -4.999999999999996447, -9.499999999999992895 ) ) ;
#2703 = AXIS2_PLACEMENT_3D ( 'NONE', #2638, #1960, #1699 ) ;
#2704 = CARTESIAN_POINT ( 'NONE',  ( 3.750000000000002220, -4.499999999999989342, -2.500000000000000000 ) ) ;
#2705 = EDGE_LOOP ( 'NONE', ( #2890, #527, #1815, #1733 ) ) ;
#2706 = VECTOR ( 'NONE', #2362, 1000.000000000000000 ) ;
#2707 = ORIENTED_EDGE ( 'NONE', *, *, #365, .T. ) ;
#2708 = PRODUCT_CONTEXT ( 'NONE', #259, 'mechanical' ) ;
#2709 = CARTESIAN_POINT ( 'NONE',  ( -5.624987206178666987, 4.825834261322585306, 4.325834261322585306 ) ) ;
#2710 = CIRCLE ( 'NONE', #1819, 2.200000000000000622 ) ;
#2711 = ORIENTED_EDGE ( 'NONE', *, *, #1216, .T. ) ;
#2712 = DIRECTION ( 'NONE',  ( -0.000000000000000000, -0.000000000000000000, 1.000000000000000000 ) ) ;
#2713 = CARTESIAN_POINT ( 'NONE',  ( 32.00000000000000000, 0.000000000000000000, 7.900000000000003908 ) ) ;
#2714 = AXIS2_PLACEMENT_3D ( 'NONE', #97, #2074, #1343 ) ;
#2715 = ORIENTED_EDGE ( 'NONE', *, *, #2942, .F. ) ;
#2716 = EDGE_CURVE ( 'NONE', #598, #106, #2025, .T. ) ;
#2717 = ADVANCED_FACE ( 'NONE', ( #1067 ), #400, .T. ) ;
#2718 = DIRECTION ( 'NONE',  ( 0.000000000000000000, 0.7071067811865474617, 0.7071067811865474617 ) ) ;
#2719 = DIRECTION ( 'NONE',  ( -1.000000000000000000, -2.996340549414485340E-16, -1.734723475976807587E-16 ) ) ;
#2720 = DIRECTION ( 'NONE',  ( 0.000000000000000000, 0.000000000000000000, -1.000000000000000000 ) ) ;
#2721 = CARTESIAN_POINT ( 'NONE',  ( 7.500000000000002665, -2.999999999999995559, 10.00000000000000000 ) ) ;
#2722 = ORIENTED_EDGE ( 'NONE', *, *, #1184, .T. ) ;
#2723 = VERTEX_POINT ( 'NONE', #599 ) ;
#2724 = DIRECTION ( 'NONE',  ( -0.000000000000000000, -0.000000000000000000, -1.000000000000000000 ) ) ;
#2725 = ORIENTED_EDGE ( 'NONE', *, *, #1371, .T. ) ;
#2726 = CARTESIAN_POINT ( 'NONE',  ( 7.992615099476598317, -4.999999999999994671, 4.999999999999997335 ) ) ;
#2727 = DIRECTION ( 'NONE',  ( 0.000000000000000000, 0.000000000000000000, 1.000000000000000000 ) ) ;
#2728 = EDGE_LOOP ( 'NONE', ( #1704, #1692, #1630, #653 ) ) ;
#2729 = DIRECTION ( 'NONE',  ( 1.000000000000000000, 0.000000000000000000, 0.000000000000000000 ) ) ;
#2730 = CIRCLE ( 'NONE', #1395, 2.499999999999998668 ) ;
#2731 = EDGE_CURVE ( 'NONE', #1513, #309, #672, .T. ) ;
#2732 = ADVANCED_FACE ( 'NONE', ( #163 ), #3005, .T. ) ;
#2733 = CARTESIAN_POINT ( 'NONE',  ( -25.30000000000000071, -6.123233995736766085E-15, -4.000000000000000000 ) ) ;
#2734 = DIRECTION ( 'NONE',  ( 1.000000000000000000, 0.000000000000000000, 0.000000000000000000 ) ) ;
#2735 = DIRECTION ( 'NONE',  ( 1.000000000000000000, 0.000000000000000000, 0.000000000000000000 ) ) ;
#2736 = EDGE_CURVE ( 'NONE', #2895, #457, #2050, .T. ) ;
#2737 = ORIENTED_EDGE ( 'NONE', *, *, #894, .F. ) ;
#2738 = EDGE_LOOP ( 'NONE', ( #2630, #2348, #1761, #1421 ) ) ;
#2739 = LINE ( 'NONE', #3002, #1471 ) ;
#2740 = ORIENTED_EDGE ( 'NONE', *, *, #607, .T. ) ;
#2741 = DIRECTION ( 'NONE',  ( 2.996340549414485340E-16, -1.000000000000000000, -0.000000000000000000 ) ) ;
#2742 = CYLINDRICAL_SURFACE ( 'NONE', #3049, 2.499999999999998668 ) ;
#2743 = ORIENTED_EDGE ( 'NONE', *, *, #1826, .T. ) ;
#2744 = VECTOR ( 'NONE', #559, 1000.000000000000000 ) ;
#2745 = DIRECTION ( 'NONE',  ( -2.118732721235193198E-16, 0.7071067811865425767, 0.7071067811865524577 ) ) ;
#2746 = VECTOR ( 'NONE', #1657, 1000.000000000000000 ) ;
#2747 = DIRECTION ( 'NONE',  ( 1.000000000000000000, 0.000000000000000000, 0.000000000000000000 ) ) ;
#2748 = DIRECTION ( 'NONE',  ( 1.000000000000000000, 0.000000000000000000, 0.000000000000000000 ) ) ;
#2749 = AXIS2_PLACEMENT_3D ( 'NONE', #2713, #586, #354 ) ;
#2750 = FACE_OUTER_BOUND ( 'NONE', #2560, .T. ) ;
#2751 = VECTOR ( 'NONE', #2781, 1000.000000000000000 ) ;
#2752 = AXIS2_PLACEMENT_3D ( 'NONE', #2907, #1757, #110 ) ;
#2753 = CIRCLE ( 'NONE', #2990, 5.000000000000000888 ) ;
#2754 = ORIENTED_EDGE ( 'NONE', *, *, #1500, .T. ) ;
#2755 = CARTESIAN_POINT ( 'NONE',  ( -6.489039424011685320, -4.010960575988283594, -4.000000000000000000 ) ) ;
#2756 = VECTOR ( 'NONE', #459, 1000.000000000000000 ) ;
#2757 = EDGE_CURVE ( 'NONE', #1425, #2110, #1357, .T. ) ;
#2758 = EDGE_CURVE ( 'NONE', #3027, #1889, #181, .T. ) ;
#2759 = DIRECTION ( 'NONE',  ( 0.000000000000000000, 0.000000000000000000, 1.000000000000000000 ) ) ;
#2760 = CIRCLE ( 'NONE', #380, 2.000000000000000000 ) ;
#2761 = ORIENTED_EDGE ( 'NONE', *, *, #936, .T. ) ;
#2762 = DIRECTION ( 'NONE',  ( 1.000000000000000000, 0.000000000000000000, 0.000000000000000000 ) ) ;
#2763 = CIRCLE ( 'NONE', #2462, 5.000000000000000888 ) ;
#2764 = DIRECTION ( 'NONE',  ( -0.7071067811865411334, 0.000000000000000000, -0.7071067811865539010 ) ) ;
#2765 = CIRCLE ( 'NONE', #2910, 2.200000000000000622 ) ;
#2766 = ORIENTED_EDGE ( 'NONE', *, *, #1599, .F. ) ;
#2767 = DIRECTION ( 'NONE',  ( -0.000000000000000000, -0.000000000000000000, -1.000000000000000000 ) ) ;
#2768 = AXIS2_PLACEMENT_3D ( 'NONE', #695, #2397, #12 ) ;
#2769 = DIRECTION ( 'NONE',  ( -1.000000000000000000, -2.891205793294666000E-16, 0.000000000000000000 ) ) ;
#2770 = DIRECTION ( 'NONE',  ( 1.000000000000000000, 2.996340549414485340E-16, -0.000000000000000000 ) ) ;
#2771 = PLANE ( 'NONE',  #1075 ) ;
#2772 = VERTEX_POINT ( 'NONE', #368 ) ;
#2773 = PLANE ( 'NONE',  #1172 ) ;
#2774 = EDGE_CURVE ( 'NONE', #2135, #2442, #2257, .T. ) ;
#2775 = EDGE_CURVE ( 'NONE', #2457, #1304, #613, .T. ) ;
#2776 = VERTEX_POINT ( 'NONE', #910 ) ;
#2777 = DIRECTION ( 'NONE',  ( 1.000000000000000000, 0.000000000000000000, 0.000000000000000000 ) ) ;
#2778 = DIRECTION ( 'NONE',  ( 1.000000000000000000, 0.000000000000000000, 0.000000000000000000 ) ) ;
#2779 = CARTESIAN_POINT ( 'NONE',  ( 32.00000000000000000, -3.157803296422724705E-47, 5.499999999999950262 ) ) ;
#2780 = ORIENTED_EDGE ( 'NONE', *, *, #2444, .T. ) ;
#2781 = DIRECTION ( 'NONE',  ( -0.000000000000000000, -0.000000000000000000, 1.000000000000000000 ) ) ;
#2782 = DIRECTION ( 'NONE',  ( -1.000000000000000000, -1.734723475976806848E-16, -0.000000000000000000 ) ) ;
#2783 = CARTESIAN_POINT ( 'NONE',  ( 27.50000000000000355, -4.499999999999990230, 5.499999999999949374 ) ) ;
#2784 = DIRECTION ( 'NONE',  ( -0.000000000000000000, -0.000000000000000000, 1.000000000000000000 ) ) ;
#2785 = ORIENTED_EDGE ( 'NONE', *, *, #3020, .T. ) ;
#2786 = FACE_OUTER_BOUND ( 'NONE', #2324, .T. ) ;
#2787 = ORIENTED_EDGE ( 'NONE', *, *, #255, .F. ) ;
#2788 = DIRECTION ( 'NONE',  ( 0.000000000000000000, -0.7071067811865474617, 0.7071067811865474617 ) ) ;
#2789 = FACE_OUTER_BOUND ( 'NONE', #246, .T. ) ;
#2790 = EDGE_CURVE ( 'NONE', #253, #1563, #463, .T. ) ;
#2791 = DIRECTION ( 'NONE',  ( 1.000000000000000000, 0.000000000000000000, 0.000000000000000000 ) ) ;
#2792 = ORIENTED_EDGE ( 'NONE', *, *, #2141, .T. ) ;
#2793 = EDGE_CURVE ( 'NONE', #1938, #2378, #1144, .T. ) ;
#2794 = CARTESIAN_POINT ( 'NONE',  ( 9.500000000000000000, 3.000000000000005773, -9.499999999999992895 ) ) ;
#2795 = ORIENTED_EDGE ( 'NONE', *, *, #21, .T. ) ;
#2796 = CARTESIAN_POINT ( 'NONE',  ( 8.453414330924855946, 4.825834261322606622, -5.174165738677385384 ) ) ;
#2797 = DIRECTION ( 'NONE',  ( 1.000000000000000000, 1.734723475976806108E-16, -0.000000000000000000 ) ) ;
#2798 = PRODUCT_DEFINITION_FORMATION_WITH_SPECIFIED_SOURCE ( '任何', '', #28, .NOT_KNOWN. ) ;
#2799 = ORIENTED_EDGE ( 'NONE', *, *, #2979, .T. ) ;
#2800 = AXIS2_PLACEMENT_3D ( 'NONE', #1688, #1468, #2414 ) ;
#2801 = CARTESIAN_POINT ( 'NONE',  ( 8.822875655532310901, -4.499999999999981348, -5.499999999999997335 ) ) ;
#2802 = DIRECTION ( 'NONE',  ( -1.000000000000000000, -1.734723475976807094E-16, 0.000000000000000000 ) ) ;
#2803 = AXIS2_PLACEMENT_3D ( 'NONE', #603, #1552, #2495 ) ;
#2804 = CIRCLE ( 'NONE', #2250, 1.499999999999991784 ) ;
#2805 = VERTEX_POINT ( 'NONE', #1842 ) ;
#2806 = CYLINDRICAL_SURFACE ( 'NONE', #1312, 2.000000000000001776 ) ;
#2807 = DIRECTION ( 'NONE',  ( 3.185371619797555645E-16, -0.7071067811865477948, -0.7071067811865473507 ) ) ;
#2808 = AXIS2_PLACEMENT_3D ( 'NONE', #535, #1036, #2456 ) ;
#2809 = CARTESIAN_POINT ( 'NONE',  ( -5.074825861638583291, -2.596747013615196220, 4.000000000000001776 ) ) ;
#2810 = EDGE_LOOP ( 'NONE', ( #563, #1134, #1380, #480 ) ) ;
#2811 = AXIS2_PLACEMENT_3D ( 'NONE', #735, #1867, #1399 ) ;
#2812 = CYLINDRICAL_SURFACE ( 'NONE', #2609, 2.499999999999998668 ) ;
#2813 = CIRCLE ( 'NONE', #1967, 4.499999999999993783 ) ;
#2814 = EDGE_LOOP ( 'NONE', ( #2473, #2820, #2850, #2085 ) ) ;
#2815 = EDGE_CURVE ( 'NONE', #2143, #1339, #2319, .T. ) ;
#2816 = ADVANCED_FACE ( 'NONE', ( #1426 ), #3035, .F. ) ;
#2817 = DIRECTION ( 'NONE',  ( -0.000000000000000000, -0.000000000000000000, 1.000000000000000000 ) ) ;
#2818 = AXIS2_PLACEMENT_3D ( 'NONE', #964, #793, #2860 ) ;
#2819 = FACE_OUTER_BOUND ( 'NONE', #2416, .T. ) ;
#2820 = ORIENTED_EDGE ( 'NONE', *, *, #570, .T. ) ;
#2821 = CARTESIAN_POINT ( 'NONE',  ( 7.500000000000000888, 3.000000000000005329, -9.499999999999992895 ) ) ;
#2822 = DIRECTION ( 'NONE',  ( -0.000000000000000000, -0.000000000000000000, 1.000000000000000000 ) ) ;
#2823 = ORIENTED_EDGE ( 'NONE', *, *, #3037, .T. ) ;
#2824 = ORIENTED_EDGE ( 'NONE', *, *, #2272, .T. ) ;
#2825 = DIRECTION ( 'NONE',  ( 0.000000000000000000, 0.000000000000000000, 1.000000000000000000 ) ) ;
#2826 = CARTESIAN_POINT ( 'NONE',  ( -27.50000000000000000, 4.499999999999987566, 10.00000000000000000 ) ) ;
#2827 = ORIENTED_EDGE ( 'NONE', *, *, #2160, .F. ) ;
#2828 = FACE_OUTER_BOUND ( 'NONE', #1996, .T. ) ;
#2829 = ORIENTED_EDGE ( 'NONE', *, *, #1446, .T. ) ;
#2830 = CARTESIAN_POINT ( 'NONE',  ( -4.671572875253781731, -5.000000000000000000, 4.500000000000001776 ) ) ;
#2831 = CARTESIAN_POINT ( 'NONE',  ( 8.999999999999987566, -2.999999999999994671, -10.00000000000000000 ) ) ;
#2832 = EDGE_CURVE ( 'NONE', #335, #987, #1195, .T. ) ;
#2833 = ADVANCED_FACE ( 'NONE', ( #2099 ), #1179, .F. ) ;
#2834 = EDGE_LOOP ( 'NONE', ( #2501, #1055, #844, #1514 ) ) ;
#2835 = FACE_OUTER_BOUND ( 'NONE', #439, .T. ) ;
#2836 = CARTESIAN_POINT ( 'NONE',  ( -27.50000000000000000, -6.123233995736766085E-15, 10.00000000000000000 ) ) ;
#2837 = EDGE_CURVE ( 'NONE', #2688, #3000, #214, .T. ) ;
#2838 = EDGE_LOOP ( 'NONE', ( #392, #824, #2911, #776 ) ) ;
#2839 = CARTESIAN_POINT ( 'NONE',  ( 23.74999999999999289, 5.000000000000047962, 3.291382889819968651E-15 ) ) ;
#2840 = PLANE ( 'NONE',  #2212 ) ;
#2841 = ORIENTED_EDGE ( 'NONE', *, *, #2963, .T. ) ;
#2842 = ORIENTED_EDGE ( 'NONE', *, *, #2600, .T. ) ;
#2843 = CARTESIAN_POINT ( 'NONE',  ( -27.50000000000000000, -4.500000000000007105, 4.000000000000000888 ) ) ;
#2844 = LINE ( 'NONE', #3030, #1174 ) ;
#2845 = ORIENTED_EDGE ( 'NONE', *, *, #953, .T. ) ;
#2846 = DIRECTION ( 'NONE',  ( -0.000000000000000000, -0.000000000000000000, 1.000000000000000000 ) ) ;
#2847 = CIRCLE ( 'NONE', #2603, 5.000000000000000888 ) ;
#2848 = DIRECTION ( 'NONE',  ( 0.000000000000000000, 0.000000000000000000, 1.000000000000000000 ) ) ;
#2849 = ORIENTED_EDGE ( 'NONE', *, *, #2373, .T. ) ;
#2850 = ORIENTED_EDGE ( 'NONE', *, *, #1032, .F. ) ;
#2851 = ADVANCED_FACE ( 'NONE', ( #2086 ), #2806, .T. ) ;
#2852 = DIRECTION ( 'NONE',  ( 1.000000000000000000, 3.469446951953616161E-16, 0.000000000000000000 ) ) ;
#2853 = ADVANCED_FACE ( 'NONE', ( #434, #1610 ), #2552, .T. ) ;
#2854 = CARTESIAN_POINT ( 'NONE',  ( -27.50000000000000000, 4.999999999999994671, 10.00000000000000000 ) ) ;
#2855 = VECTOR ( 'NONE', #1521, 1000.000000000000000 ) ;
#2856 = EDGE_LOOP ( 'NONE', ( #1715, #2098, #1894, #2248 ) ) ;
#2857 = AXIS2_PLACEMENT_3D ( 'NONE', #2836, #1438, #1670 ) ;
#2858 = VECTOR ( 'NONE', #2046, 1000.000000000000000 ) ;
#2859 = ORIENTED_EDGE ( 'NONE', *, *, #58, .F. ) ;
#2860 = DIRECTION ( 'NONE',  ( 1.000000000000000000, 0.000000000000000000, 0.000000000000000000 ) ) ;
#2861 = LINE ( 'NONE', #2093, #575 ) ;
#2862 = ORIENTED_EDGE ( 'NONE', *, *, #2775, .F. ) ;
#2863 = LINE ( 'NONE', #64, #2744 ) ;
#2864 = DIRECTION ( 'NONE',  ( -0.000000000000000000, -0.000000000000000000, 1.000000000000000000 ) ) ;
#2865 = CIRCLE ( 'NONE', #734, 2.499999999999998668 ) ;
#2866 = DIRECTION ( 'NONE',  ( -0.000000000000000000, -0.000000000000000000, -1.000000000000000000 ) ) ;
#2867 = FACE_OUTER_BOUND ( 'NONE', #2983, .T. ) ;
#2868 = EDGE_CURVE ( 'NONE', #2022, #933, #679, .T. ) ;
#2869 = ADVANCED_FACE ( 'NONE', ( #1631 ), #725, .F. ) ;
#2870 = ORIENTED_EDGE ( 'NONE', *, *, #1410, .F. ) ;
#2871 = ORIENTED_EDGE ( 'NONE', *, *, #256, .T. ) ;
#2872 = LINE ( 'NONE', #2196, #3063 ) ;
#2873 = CARTESIAN_POINT ( 'NONE',  ( -27.50000000000000000, -4.500000000000007105, -4.000000000000000000 ) ) ;
#2874 = ORIENTED_EDGE ( 'NONE', *, *, #2775, .T. ) ;
#2875 = DIRECTION ( 'NONE',  ( -0.000000000000000000, -0.000000000000000000, -1.000000000000000000 ) ) ;
#2876 = DIRECTION ( 'NONE',  ( 3.083952846180990774E-16, -1.000000000000000000, 0.000000000000000000 ) ) ;
#2877 = VERTEX_POINT ( 'NONE', #496 ) ;
#2878 = CARTESIAN_POINT ( 'NONE',  ( 30.10000000000000142, 0.000000000000000000, 1000.000000000000000 ) ) ;
#2879 = CARTESIAN_POINT ( 'NONE',  ( -27.50000000000000000, -6.123233995736766085E-15, 5.799999999999998046 ) ) ;
#2880 = ORIENTED_EDGE ( 'NONE', *, *, #2138, .T. ) ;
#2881 = EDGE_CURVE ( 'NONE', #848, #636, #2383, .T. ) ;
#2882 = ORIENTED_EDGE ( 'NONE', *, *, #1767, .T. ) ;
#2883 = EDGE_CURVE ( 'NONE', #1309, #267, #1206, .T. ) ;
#2884 = EDGE_CURVE ( 'NONE', #453, #990, #1391, .T. ) ;
#2885 = CARTESIAN_POINT ( 'NONE',  ( 27.50000000000000000, 1.071565949253933651E-14, -10.00000000000000000 ) ) ;
#2886 = LINE ( 'NONE', #2389, #2258 ) ;
#2887 = DIRECTION ( 'NONE',  ( -1.000000000000000000, 0.000000000000000000, 0.000000000000000000 ) ) ;
#2888 = DIRECTION ( 'NONE',  ( 1.508455196501571429E-16, 4.652004696587526895E-32, 1.000000000000000000 ) ) ;
#2889 = CARTESIAN_POINT ( 'NONE',  ( 23.74999999999999645, -4.499999999999984901, 3.291382889819968651E-15 ) ) ;
#2890 = ORIENTED_EDGE ( 'NONE', *, *, #2485, .F. ) ;
#2891 = VECTOR ( 'NONE', #547, 1000.000000000000000 ) ;
#2892 = EDGE_LOOP ( 'NONE', ( #2743, #1198 ) ) ;
#2893 = DIRECTION ( 'NONE',  ( -0.000000000000000000, -0.000000000000000000, 1.000000000000000000 ) ) ;
#2894 = CARTESIAN_POINT ( 'NONE',  ( -56.50000000000000711, 5.000000000000004441, -4.000000000000000000 ) ) ;
#2895 = VERTEX_POINT ( 'NONE', #1874 ) ;
#2896 = CIRCLE ( 'NONE', #225, 3.099999999999998757 ) ;
#2897 = CIRCLE ( 'NONE', #921, 2.500000000000000444 ) ;
#2898 = VECTOR ( 'NONE', #888, 1000.000000000000000 ) ;
#2899 = AXIS2_PLACEMENT_3D ( 'NONE', #1350, #2993, #2032 ) ;
#2900 = ORIENTED_EDGE ( 'NONE', *, *, #2655, .F. ) ;
#2901 = AXIS2_PLACEMENT_3D ( 'NONE', #1126, #1083, #2533 ) ;
#2902 = CARTESIAN_POINT ( 'NONE',  ( -27.50000000000000000, -4.500000000000007105, 4.000000000000000888 ) ) ;
#2903 = DIRECTION ( 'NONE',  ( -1.000000000000000000, 0.000000000000000000, 0.000000000000000000 ) ) ;
#2904 = AXIS2_PLACEMENT_3D ( 'NONE', #396, #1338, #2279 ) ;
#2905 = EDGE_CURVE ( 'NONE', #2206, #2805, #817, .T. ) ;
#2906 = ADVANCED_FACE ( 'NONE', ( #2597 ), #481, .F. ) ;
#2907 = CARTESIAN_POINT ( 'NONE',  ( 3.749999999999999112, 4.500000000000045297, -3.825575076220905264E-16 ) ) ;
#2908 = AXIS2_PLACEMENT_3D ( 'NONE', #2530, #594, #2483 ) ;
#2909 = DIRECTION ( 'NONE',  ( 1.000000000000000000, 0.000000000000000000, 0.000000000000000000 ) ) ;
#2910 = AXIS2_PLACEMENT_3D ( 'NONE', #833, #1327, #861 ) ;
#2911 = ORIENTED_EDGE ( 'NONE', *, *, #1332, .T. ) ;
#2912 = VERTEX_POINT ( 'NONE', #1249 ) ;
#2913 = CYLINDRICAL_SURFACE ( 'NONE', #2800, 2.499999999999998668 ) ;
#2914 = DIRECTION ( 'NONE',  ( -1.000000000000000000, 0.000000000000000000, 0.000000000000000000 ) ) ;
#2915 = VECTOR ( 'NONE', #1099, 1000.000000000000000 ) ;
#2916 = ORIENTED_EDGE ( 'NONE', *, *, #2271, .T. ) ;
#2917 = DIRECTION ( 'NONE',  ( 0.7071067811865501263, 2.180683970394140243E-16, 0.7071067811865450192 ) ) ;
#2918 = ORIENTED_EDGE ( 'NONE', *, *, #607, .F. ) ;
#2919 = DIRECTION ( 'NONE',  ( 0.000000000000000000, -0.7071067811865411334, -0.7071067811865539010 ) ) ;
#2920 = CARTESIAN_POINT ( 'NONE',  ( 8.999999999999989342, 3.000000000000005773, 10.00000000000000000 ) ) ;
#2921 = DIRECTION ( 'NONE',  ( -0.000000000000000000, -0.000000000000000000, 1.000000000000000000 ) ) ;
#2922 = LINE ( 'NONE', #1232, #220 ) ;
#2923 = ADVANCED_FACE ( 'NONE', ( #2928 ), #370, .T. ) ;
#2924 = EDGE_CURVE ( 'NONE', #2969, #420, #1964, .T. ) ;
#2925 = CARTESIAN_POINT ( 'NONE',  ( -29.69999999999999929, -5.853811699924348286E-15, 5.799999999999998046 ) ) ;
#2926 = EDGE_LOOP ( 'NONE', ( #237, #2130, #1504, #1221 ) ) ;
#2927 = EDGE_LOOP ( 'NONE', ( #1883, #411 ) ) ;
#2928 = FACE_OUTER_BOUND ( 'NONE', #3010, .T. ) ;
#2929 = ADVANCED_FACE ( 'NONE', ( #2161 ), #2546, .T. ) ;
#2930 = DIRECTION ( 'NONE',  ( -0.000000000000000000, -0.000000000000000000, -1.000000000000000000 ) ) ;
#2931 = ORIENTED_EDGE ( 'NONE', *, *, #2691, .F. ) ;
#2932 =( LENGTH_UNIT ( ) NAMED_UNIT ( * ) SI_UNIT ( .MILLI., .METRE. ) );
#2933 = ORIENTED_EDGE ( 'NONE', *, *, #1188, .T. ) ;
#2934 = DIRECTION ( 'NONE',  ( -1.000000000000000000, -1.734723475976807094E-16, -1.807003620809173954E-17 ) ) ;
#2935 = LINE ( 'NONE', #761, #1719 ) ;
#2936 = PLANE ( 'NONE',  #427 ) ;
#2937 = FACE_OUTER_BOUND ( 'NONE', #8, .T. ) ;
#2938 = DIRECTION ( 'NONE',  ( 0.000000000000000000, 0.7071067811865411334, 0.7071067811865539010 ) ) ;
#2939 = ORIENTED_EDGE ( 'NONE', *, *, #2220, .T. ) ;
#2940 = ORIENTED_EDGE ( 'NONE', *, *, #2525, .F. ) ;
#2941 = CYLINDRICAL_SURFACE ( 'NONE', #1918, 2.000000000000000000 ) ;
#2942 = EDGE_CURVE ( 'NONE', #140, #2385, #278, .T. ) ;
#2943 = ADVANCED_FACE ( 'NONE', ( #741 ), #2913, .T. ) ;
#2944 = EDGE_LOOP ( 'NONE', ( #641, #145, #902, #1532 ) ) ;
#2945 = DIRECTION ( 'NONE',  ( -3.854941057726237604E-16, 0.000000000000000000, 1.000000000000000000 ) ) ;
#2946 = ORIENTED_EDGE ( 'NONE', *, *, #2580, .T. ) ;
#2947 = VECTOR ( 'NONE', #1236, 1000.000000000000000 ) ;
#2948 = LINE ( 'NONE', #1335, #1616 ) ;
#2949 = STYLED_ITEM ( 'NONE', ( #1969 ), #295 ) ;
#2950 = VECTOR ( 'NONE', #1329, 1000.000000000000000 ) ;
#2951 = FACE_OUTER_BOUND ( 'NONE', #2696, .T. ) ;
#2952 = FACE_OUTER_BOUND ( 'NONE', #2619, .T. ) ;
#2953 = AXIS2_PLACEMENT_3D ( 'NONE', #1014, #1002, #316 ) ;
#2954 = DIRECTION ( 'NONE',  ( -2.996340549414485340E-16, 1.000000000000000000, 0.000000000000000000 ) ) ;
#2955 = ORIENTED_EDGE ( 'NONE', *, *, #2328, .T. ) ;
#2956 = VECTOR ( 'NONE', #328, 1000.000000000000000 ) ;
#2957 = ORIENTED_EDGE ( 'NONE', *, *, #1310, .F. ) ;
#2958 = DIRECTION ( 'NONE',  ( 1.000000000000000000, 0.000000000000000000, 0.000000000000000000 ) ) ;
#2959 = LINE ( 'NONE', #971, #2554 ) ;
#2960 = ORIENTED_EDGE ( 'NONE', *, *, #2070, .F. ) ;
#2961 = CARTESIAN_POINT ( 'NONE',  ( -8.749999999999998224, 2.015034260854676310E-15, 4.000000000000001776 ) ) ;
#2962 = EDGE_CURVE ( 'NONE', #2659, #644, #866, .T. ) ;
#2963 = EDGE_CURVE ( 'NONE', #2612, #303, #508, .T. ) ;
#2964 = ORIENTED_EDGE ( 'NONE', *, *, #533, .T. ) ;
#2965 = CARTESIAN_POINT ( 'NONE',  ( -8.749999999999998224, 2.015034260854676310E-15, -10.00000000000000000 ) ) ;
#2966 = CARTESIAN_POINT ( 'NONE',  ( -23.89999999999999503, -5.682361148043718132E-15, -10.00000000000000000 ) ) ;
#2967 = DIRECTION ( 'NONE',  ( 0.000000000000000000, 0.000000000000000000, -1.000000000000000000 ) ) ;
#2968 = CARTESIAN_POINT ( 'NONE',  ( 7.499999999999999112, 5.000000000000005329, -4.999999999999988454 ) ) ;
#2969 = VERTEX_POINT ( 'NONE', #1747 ) ;
#2970 = VERTEX_POINT ( 'NONE', #1981 ) ;
#2971 = FACE_OUTER_BOUND ( 'NONE', #595, .T. ) ;
#2972 = ORIENTED_EDGE ( 'NONE', *, *, #688, .F. ) ;
#2973 = CARTESIAN_POINT ( 'NONE',  ( -27.50000000000000000, 4.999999999999994671, -4.500000000000000888 ) ) ;
#2974 = CARTESIAN_POINT ( 'NONE',  ( -27.50000000000000000, -6.123233995736766085E-15, 9.499999999999982236 ) ) ;
#2975 = VERTEX_POINT ( 'NONE', #1285 ) ;
#2976 = DIRECTION ( 'NONE',  ( -0.000000000000000000, -0.000000000000000000, -1.000000000000000000 ) ) ;
#2977 = CIRCLE ( 'NONE', #404, 4.499999999999997335 ) ;
#2978 = EDGE_CURVE ( 'NONE', #304, #990, #1930, .T. ) ;
#2979 = EDGE_CURVE ( 'NONE', #1334, #2077, #1701, .T. ) ;
#2980 = DIRECTION ( 'NONE',  ( -3.854941057726237604E-16, -1.155071620686788892E-31, -1.000000000000000000 ) ) ;
#2981 = CARTESIAN_POINT ( 'NONE',  ( 9.500000000000001776, -2.999999999999994671, -9.499999999999992895 ) ) ;
#2982 = CARTESIAN_POINT ( 'NONE',  ( -27.50000000000000000, -6.123233995736766085E-15, 9.499999999999982236 ) ) ;
#2983 = EDGE_LOOP ( 'NONE', ( #2780, #541, #1450, #2715 ) ) ;
#2984 = CYLINDRICAL_SURFACE ( 'NONE', #31, 2.599999999999998312 ) ;
#2985 = ORIENTED_EDGE ( 'NONE', *, *, #534, .T. ) ;
#2986 = CARTESIAN_POINT ( 'NONE',  ( 8.822875655532296690, -4.499999999999995559, 5.499999999999997335 ) ) ;
#2987 = CARTESIAN_POINT ( 'NONE',  ( 8.453414330924843512, 4.825834261322611063, 5.174165738677390713 ) ) ;
#2988 = DIRECTION ( 'NONE',  ( 0.000000000000000000, 0.7071067811865474617, 0.7071067811865474617 ) ) ;
#2989 = VERTEX_POINT ( 'NONE', #551 ) ;
#2990 = AXIS2_PLACEMENT_3D ( 'NONE', #170, #2720, #2748 ) ;
#2991 = CARTESIAN_POINT ( 'NONE',  ( -5.164187974730391595, 5.000000000000001776, -4.500000000000000888 ) ) ;
#2992 = DIRECTION ( 'NONE',  ( -1.000000000000000000, -2.996340549414485340E-16, -1.807003620809173954E-17 ) ) ;
#2993 = DIRECTION ( 'NONE',  ( -0.000000000000000000, -0.000000000000000000, 1.000000000000000000 ) ) ;
#2994 = VECTOR ( 'NONE', #851, 1000.000000000000000 ) ;
#2995 = CARTESIAN_POINT ( 'NONE',  ( 27.50000000000000000, 2.500000000000007105, -10.00000000000000000 ) ) ;
#2996 = ADVANCED_FACE ( 'NONE', ( #55 ), #1903, .F. ) ;
#2997 = CONICAL_SURFACE ( 'NONE', #1570, 5.000000000000000888, 0.7853981633974552734 ) ;
#2998 = EDGE_CURVE ( 'NONE', #1157, #2970, #2440, .T. ) ;
#2999 = CIRCLE ( 'NONE', #1418, 4.499999999999997335 ) ;
#3000 = VERTEX_POINT ( 'NONE', #2460 ) ;
#3001 = CIRCLE ( 'NONE', #1666, 2.000000000000000000 ) ;
#3002 = CARTESIAN_POINT ( 'NONE',  ( -56.50000000000000711, 4.499999999999985789, -4.000000000000000000 ) ) ;
#3003 = CIRCLE ( 'NONE', #483, 2.000000000000001776 ) ;
#3004 = ORIENTED_EDGE ( 'NONE', *, *, #44, .F. ) ;
#3005 = CYLINDRICAL_SURFACE ( 'NONE', #472, 2.000000000000000000 ) ;
#3006 = AXIS2_PLACEMENT_3D ( 'NONE', #1635, #2357, #1133 ) ;
#3007 = CARTESIAN_POINT ( 'NONE',  ( 27.50000000000000000, 5.000000000000011546, 4.999999999999999112 ) ) ;
#3008 = CARTESIAN_POINT ( 'NONE',  ( -27.50000000000000000, 4.499999999999994671, 4.000000000000000888 ) ) ;
#3009 = AXIS2_PLACEMENT_3D ( 'NONE', #1020, #2930, #2914 ) ;
#3010 = EDGE_LOOP ( 'NONE', ( #2985, #2514, #447, #2845, #863 ) ) ;
#3011 = CARTESIAN_POINT ( 'NONE',  ( 27.50000000000000000, -4.999999999999990230, -4.500000000000000888 ) ) ;
#3012 = CIRCLE ( 'NONE', #1772, 3.099999999999998757 ) ;
#3013 = FACE_OUTER_BOUND ( 'NONE', #1, .T. ) ;
#3014 = CARTESIAN_POINT ( 'NONE',  ( 8.822875655532296690, -4.499999999999995559, 5.499999999999997335 ) ) ;
#3015 = CARTESIAN_POINT ( 'NONE',  ( 7.499999999999999112, 3.000000000000005329, -5.499999999999996447 ) ) ;
#3016 = VERTEX_POINT ( 'NONE', #2426 ) ;
#3017 = EDGE_CURVE ( 'NONE', #3016, #13, #788, .T. ) ;
#3018 = DIRECTION ( 'NONE',  ( 1.000000000000000000, 0.000000000000000000, -1.927470528863124719E-16 ) ) ;
#3019 = ORIENTED_EDGE ( 'NONE', *, *, #1064, .T. ) ;
#3020 = EDGE_CURVE ( 'NONE', #2186, #1473, #2226, .T. ) ;
#3021 = DIRECTION ( 'NONE',  ( 0.000000000000000000, 0.000000000000000000, -1.000000000000000000 ) ) ;
#3022 =( BOUNDED_CURVE ( )  B_SPLINE_CURVE ( 3, ( #435, #2987, #401, #2511 ),
 .UNSPECIFIED., .F., .T. ) 
 B_SPLINE_CURVE_WITH_KNOTS ( ( 4, 4 ),
 ( 5.560451059366170234, 6.283185307179586232 ),
 .UNSPECIFIED. ) 
 CURVE ( )  GEOMETRIC_REPRESENTATION_ITEM ( )  RATIONAL_B_SPLINE_CURVE ( ( 1.000000000000000000, 0.9569428977956567772, 0.9569428977956567772, 1.000000000000000000 ) ) 
 REPRESENTATION_ITEM ( '' )  );
#3023 = DIRECTION ( 'NONE',  ( -1.000000000000000000, 0.000000000000000000, 0.000000000000000000 ) ) ;
#3024 = ORIENTED_EDGE ( 'NONE', *, *, #2731, .T. ) ;
#3025 = CARTESIAN_POINT ( 'NONE',  ( 23.74999999999999289, 5.000000000000047962, 3.291382889819968651E-15 ) ) ;
#3026 = VECTOR ( 'NONE', #1120, 1000.000000000000000 ) ;
#3027 = VERTEX_POINT ( 'NONE', #977 ) ;
#3028 = PLANE ( 'NONE',  #869 ) ;
#3029 = FACE_BOUND ( 'NONE', #909, .T. ) ;
#3030 = CARTESIAN_POINT ( 'NONE',  ( 9.500000000000001776, -2.999999999999994671, 9.999999999999996447 ) ) ;
#3031 = ORIENTED_EDGE ( 'NONE', *, *, #2883, .T. ) ;
#3032 = CARTESIAN_POINT ( 'NONE',  ( 27.50000000000000000, -4.499999999999990230, 5.500000000000000000 ) ) ;
#3033 = DIRECTION ( 'NONE',  ( 0.000000000000000000, 0.000000000000000000, -1.000000000000000000 ) ) ;
#3034 = ORIENTED_EDGE ( 'NONE', *, *, #2391, .F. ) ;
#3035 = PLANE ( 'NONE',  #1458 ) ;
#3036 = LINE ( 'NONE', #1857, #2117 ) ;
#3037 = EDGE_CURVE ( 'NONE', #1194, #304, #305, .T. ) ;
#3038 = EDGE_CURVE ( 'NONE', #1444, #282, #1717, .T. ) ;
#3039 = ORIENTED_EDGE ( 'NONE', *, *, #2962, .T. ) ;
#3040 = LINE ( 'NONE', #204, #569 ) ;
#3041 = ORIENTED_EDGE ( 'NONE', *, *, #1403, .T. ) ;
#3042 = CARTESIAN_POINT ( 'NONE',  ( 27.50000000000000355, 0.000000000000000000, 10.00000000000000888 ) ) ;
#3043 = LINE ( 'NONE', #2080, #1470 ) ;
#3044 = AXIS2_PLACEMENT_3D ( 'NONE', #2078, #1820, #1367 ) ;
#3045 = VECTOR ( 'NONE', #1548, 1000.000000000000000 ) ;
#3046 = ORIENTED_EDGE ( 'NONE', *, *, #2391, .T. ) ;
#3047 = DIRECTION ( 'NONE',  ( 0.000000000000000000, 0.000000000000000000, 1.000000000000000000 ) ) ;
#3048 = LINE ( 'NONE', #926, #873 ) ;
#3049 = AXIS2_PLACEMENT_3D ( 'NONE', #1379, #2088, #1814 ) ;
#3050 = ORIENTED_EDGE ( 'NONE', *, *, #936, .F. ) ;
#3051 = DIRECTION ( 'NONE',  ( -0.000000000000000000, -0.000000000000000000, -1.000000000000000000 ) ) ;
#3052 = FACE_BOUND ( 'NONE', #963, .T. ) ;
#3053 = CONICAL_SURFACE ( 'NONE', #1716, 2.500000000000000000, 0.7853981633974552734 ) ;
#3054 = EDGE_LOOP ( 'NONE', ( #2091, #1472, #417, #254, #104 ) ) ;
#3055 = VECTOR ( 'NONE', #1925, 1000.000000000000000 ) ;
#3056 = ADVANCED_FACE ( 'NONE', ( #1516 ), #2675, .F. ) ;
#3057 = EDGE_CURVE ( 'NONE', #1173, #587, #860, .T. ) ;
#3058 = DIRECTION ( 'NONE',  ( 1.000000000000000000, 3.469446951953616161E-16, 0.000000000000000000 ) ) ;
#3059 = AXIS2_PLACEMENT_3D ( 'NONE', #2317, #398, #3018 ) ;
#3060 = ORIENTED_EDGE ( 'NONE', *, *, #1139, .F. ) ;
#3061 = ADVANCED_FACE ( 'NONE', ( #1050 ), #1790, .F. ) ;
#3062 = FACE_OUTER_BOUND ( 'NONE', #2926, .T. ) ;
#3063 = VECTOR ( 'NONE', #34, 1000.000000000000000 ) ;
#3064 = DIRECTION ( 'NONE',  ( 1.000000000000000000, 0.000000000000000000, 0.000000000000000000 ) ) ;
#3065 = ORIENTED_EDGE ( 'NONE', *, *, #648, .T. ) ;
#3066 = LINE ( 'NONE', #1437, #280 ) ;
#3067 = FACE_OUTER_BOUND ( 'NONE', #2338, .T. ) ;
#3068 = ORIENTED_EDGE ( 'NONE', *, *, #688, .T. ) ;
#3069 = CARTESIAN_POINT ( 'NONE',  ( 7.500000000000002665, -2.999999999999995559, -10.00000000000000000 ) ) ;
#3070 = CARTESIAN_POINT ( 'NONE',  ( 32.50000000000000000, -4.499999999999974243, -5.500000000000000888 ) ) ;
ENDSEC;
END-ISO-10303-21;
