ISO-10303-21;
HEADER;
FILE_DESCRIPTION (( 'STEP AP214' ),
    '1' );
FILE_NAME ('LQ26-05HGI-01-005.STEP',
    '2026-05-07T08:55:12',
    ( '' ),
    ( '' ),
    'SwSTEP 2.0',
    'SolidWorks 2025',
    '' );
FILE_SCHEMA (( 'AUTOMOTIVE_DESIGN' ));
ENDSEC;

DATA;
#1 = CARTESIAN_POINT ( 'NONE',  ( 4.999999999999993783, -1.000000000000000000, -5.999999999999992006 ) ) ;
#2 = ADVANCED_FACE ( 'NONE', ( #3050 ), #5131, .F. ) ;
#3 = ORIENTED_EDGE ( 'NONE', *, *, #5370, .T. ) ;
#4 = ORIENTED_EDGE ( 'NONE', *, *, #4777, .T. ) ;
#5 = CARTESIAN_POINT ( 'NONE',  ( 40.14487539711818442, -48.77946718360625766, -5.500000000000000000 ) ) ;
#6 = CARTESIAN_POINT ( 'NONE',  ( -26.00000000000000000, 9.999999999999998224, -7.000000000000000000 ) ) ;
#7 = ORIENTED_EDGE ( 'NONE', *, *, #3163, .F. ) ;
#8 = ADVANCED_FACE ( 'NONE', ( #2648 ), #5259, .F. ) ;
#9 = VERTEX_POINT ( 'NONE', #565 ) ;
#10 = VERTEX_POINT ( 'NONE', #5750 ) ;
#11 = DIRECTION ( 'NONE',  ( -0.7071067811865426878, -1.350123544950496847E-16, -0.7071067811865522357 ) ) ;
#12 = VECTOR ( 'NONE', #5378, 1000.000000000000000 ) ;
#13 = CARTESIAN_POINT ( 'NONE',  ( 6.000000000000001776, -12.99999999999999467, -1.999999999999999556 ) ) ;
#14 = FACE_OUTER_BOUND ( 'NONE', #2917, .T. ) ;
#15 = ORIENTED_EDGE ( 'NONE', *, *, #2951, .F. ) ;
#16 = EDGE_CURVE ( 'NONE', #2232, #3448, #3120, .T. ) ;
#17 = ADVANCED_FACE ( 'NONE', ( #501 ), #5779, .F. ) ;
#18 = DIRECTION ( 'NONE',  ( -0.000000000000000000, -0.000000000000000000, -1.000000000000000000 ) ) ;
#19 = AXIS2_PLACEMENT_3D ( 'NONE', #4633, #3639, #3536 ) ;
#20 = DIRECTION ( 'NONE',  ( -0.000000000000000000, -0.000000000000000000, -1.000000000000000000 ) ) ;
#21 = DIRECTION ( 'NONE',  ( 0.000000000000000000, 0.000000000000000000, 1.000000000000000000 ) ) ;
#22 = LINE ( 'NONE', #4171, #3657 ) ;
#23 = DIRECTION ( 'NONE',  ( 1.000000000000000000, 0.000000000000000000, 0.000000000000000000 ) ) ;
#24 = ORIENTED_EDGE ( 'NONE', *, *, #698, .F. ) ;
#25 = AXIS2_PLACEMENT_3D ( 'NONE', #5791, #1085, #138 ) ;
#26 = VERTEX_POINT ( 'NONE', #2073 ) ;
#27 = VERTEX_POINT ( 'NONE', #1554 ) ;
#28 = LINE ( 'NONE', #6160, #4318 ) ;
#29 = DIRECTION ( 'NONE',  ( -1.000000000000000000, 0.000000000000000000, 0.000000000000000000 ) ) ;
#30 = FACE_OUTER_BOUND ( 'NONE', #5806, .T. ) ;
#31 = DIRECTION ( 'NONE',  ( 2.778410463722107845E-14, 1.000000000000000000, 0.000000000000000000 ) ) ;
#32 = EDGE_CURVE ( 'NONE', #5674, #4532, #2243, .T. ) ;
#33 = CARTESIAN_POINT ( 'NONE',  ( 31.25537671716912413, -6.455175196550624328, -5.500000000000000000 ) ) ;
#34 = ORIENTED_EDGE ( 'NONE', *, *, #2977, .F. ) ;
#35 = ORIENTED_EDGE ( 'NONE', *, *, #4453, .T. ) ;
#36 = DIRECTION ( 'NONE',  ( -1.000000000000000000, -1.615063890455122944E-16, -0.000000000000000000 ) ) ;
#37 = CARTESIAN_POINT ( 'NONE',  ( -27.99999999999999645, 9.999999999999998224, -7.000000000000000000 ) ) ;
#38 = EDGE_CURVE ( 'NONE', #1622, #4979, #127, .T. ) ;
#39 = VERTEX_POINT ( 'NONE', #1657 ) ;
#40 = EDGE_LOOP ( 'NONE', ( #4186, #564 ) ) ;
#41 = DIRECTION ( 'NONE',  ( -1.000000000000000000, 0.000000000000000000, 0.000000000000000000 ) ) ;
#42 = DIRECTION ( 'NONE',  ( -0.000000000000000000, -0.000000000000000000, -1.000000000000000000 ) ) ;
#43 = DIRECTION ( 'NONE',  ( 0.000000000000000000, -0.000000000000000000, -1.000000000000000000 ) ) ;
#44 = EDGE_CURVE ( 'NONE', #1117, #3612, #534, .T. ) ;
#45 = ORIENTED_EDGE ( 'NONE', *, *, #1237, .F. ) ;
#46 = CARTESIAN_POINT ( 'NONE',  ( 1.199999999999991518, 17.61612204515214231, -7.000000000000000000 ) ) ;
#47 = FACE_OUTER_BOUND ( 'NONE', #4758, .T. ) ;
#48 = CARTESIAN_POINT ( 'NONE',  ( -22.56935410655547258, 11.99999999999999822, -4.000000000000000000 ) ) ;
#49 = CARTESIAN_POINT ( 'NONE',  ( 12.01999999999999780, 16.78494783831930803, -6.879743653221272126 ) ) ;
#50 = CYLINDRICAL_SURFACE ( 'NONE', #4093, 1.899999999999999023 ) ;
#51 = VECTOR ( 'NONE', #1436, 1000.000000000000000 ) ;
#52 = ADVANCED_FACE ( 'NONE', ( #2679 ), #2584, .F. ) ;
#53 = EDGE_CURVE ( 'NONE', #5965, #3465, #2883, .T. ) ;
#54 = ORIENTED_EDGE ( 'NONE', *, *, #3627, .T. ) ;
#55 = VECTOR ( 'NONE', #774, 999.9999999999998863 ) ;
#56 = ORIENTED_EDGE ( 'NONE', *, *, #590, .F. ) ;
#57 = CARTESIAN_POINT ( 'NONE',  ( 8.816810140654567363, -46.79401660906226823, -4.725724910084466934 ) ) ;
#58 = ORIENTED_EDGE ( 'NONE', *, *, #6382, .T. ) ;
#59 = LINE ( 'NONE', #1592, #1607 ) ;
#60 = CARTESIAN_POINT ( 'NONE',  ( -18.50185265928675804, 13.75465942564961530, -6.500000000000000888 ) ) ;
#61 = LINE ( 'NONE', #3698, #2988 ) ;
#62 = CIRCLE ( 'NONE', #6588, 5.049999999999998934 ) ;
#63 = DIRECTION ( 'NONE',  ( -0.7071067811865424657, 0.000000000000000000, 0.7071067811865526798 ) ) ;
#64 = CIRCLE ( 'NONE', #2345, 3.980000000000000870 ) ;
#65 = DIRECTION ( 'NONE',  ( 0.000000000000000000, 0.000000000000000000, 1.000000000000000000 ) ) ;
#66 = CIRCLE ( 'NONE', #3318, 4.000000000000000000 ) ;
#67 = ORIENTED_EDGE ( 'NONE', *, *, #316, .F. ) ;
#68 = AXIS2_PLACEMENT_3D ( 'NONE', #6229, #1134, #5299 ) ;
#69 = ORIENTED_EDGE ( 'NONE', *, *, #3356, .F. ) ;
#70 = DIRECTION ( 'NONE',  ( -1.000000000000000000, -1.734723475976807341E-16, -0.000000000000000000 ) ) ;
#71 = AXIS2_PLACEMENT_3D ( 'NONE', #1995, #3148, #1516 ) ;
#72 = CARTESIAN_POINT ( 'NONE',  ( -30.14487539711820929, 0.000000000000000000, -1.000000000000000000 ) ) ;
#73 = EDGE_LOOP ( 'NONE', ( #3431, #841, #4027, #6236 ) ) ;
#74 = EDGE_CURVE ( 'NONE', #5446, #4849, #2137, .T. ) ;
#75 = ORIENTED_EDGE ( 'NONE', *, *, #431, .F. ) ;
#76 = AXIS2_PLACEMENT_3D ( 'NONE', #2505, #6636, #2436 ) ;
#77 = DIRECTION ( 'NONE',  ( 1.000000000000000000, 0.000000000000000000, 0.000000000000000000 ) ) ;
#78 = AXIS2_PLACEMENT_3D ( 'NONE', #3651, #2066, #6666 ) ;
#79 = CARTESIAN_POINT ( 'NONE',  ( 30.14487539711820929, 2.220446049250313081E-13, -7.000000000000000000 ) ) ;
#80 = AXIS2_PLACEMENT_3D ( 'NONE', #2123, #6245, #6733 ) ;
#81 = ORIENTED_EDGE ( 'NONE', *, *, #4201, .F. ) ;
#82 = VECTOR ( 'NONE', #6030, 1000.000000000000000 ) ;
#83 = PLANE ( 'NONE',  #3327 ) ;
#84 = VECTOR ( 'NONE', #3718, 1000.000000000000000 ) ;
#85 = EDGE_CURVE ( 'NONE', #2555, #1431, #5721, .T. ) ;
#86 = CARTESIAN_POINT ( 'NONE',  ( 7.999999999999835687, 24.22277336810119763, -4.000000000000000000 ) ) ;
#87 = CIRCLE ( 'NONE', #5741, 2.649999999999972378 ) ;
#88 = CARTESIAN_POINT ( 'NONE',  ( 14.90000000000000036, -43.22269074732326999, 3.799999999999999822 ) ) ;
#89 = AXIS2_PLACEMENT_3D ( 'NONE', #297, #4999, #234 ) ;
#90 = CARTESIAN_POINT ( 'NONE',  ( -30.14487539711820929, 0.000000000000000000, -5.000000000000000000 ) ) ;
#91 = FACE_OUTER_BOUND ( 'NONE', #6224, .T. ) ;
#92 = DIRECTION ( 'NONE',  ( -0.000000000000000000, -0.000000000000000000, 1.000000000000000000 ) ) ;
#93 = VERTEX_POINT ( 'NONE', #4954 ) ;
#94 = EDGE_CURVE ( 'NONE', #2035, #6138, #2677, .T. ) ;
#95 = ORIENTED_EDGE ( 'NONE', *, *, #2291, .T. ) ;
#96 = CARTESIAN_POINT ( 'NONE',  ( 8.676806735756557032, -46.62269074732328278, -3.999999999999996447 ) ) ;
#97 = ORIENTED_EDGE ( 'NONE', *, *, #5795, .T. ) ;
#98 = LINE ( 'NONE', #3155, #1940 ) ;
#99 = DIRECTION ( 'NONE',  ( -1.000000000000000000, 0.000000000000000000, 0.000000000000000000 ) ) ;
#100 = DIRECTION ( 'NONE',  ( -0.000000000000000000, -0.000000000000000000, -1.000000000000000000 ) ) ;
#101 = CARTESIAN_POINT ( 'NONE',  ( 9.799999999999993605, -43.22269074732326999, 7.000000000000000000 ) ) ;
#102 = CARTESIAN_POINT ( 'NONE',  ( 8.676806735756557032, -46.62269074732328278, -3.999999999999996447 ) ) ;
#103 = EDGE_CURVE ( 'NONE', #655, #1969, #3539, .T. ) ;
#104 = ORIENTED_EDGE ( 'NONE', *, *, #5576, .T. ) ;
#105 = ORIENTED_EDGE ( 'NONE', *, *, #3650, .F. ) ;
#106 = CARTESIAN_POINT ( 'NONE',  ( 19.33955556881037907, -28.43451699311967573, 6.999999999999999112 ) ) ;
#107 = LINE ( 'NONE', #1636, #563 ) ;
#108 = ORIENTED_EDGE ( 'NONE', *, *, #1588, .F. ) ;
#109 = ORIENTED_EDGE ( 'NONE', *, *, #4802, .T. ) ;
#110 = DIRECTION ( 'NONE',  ( -0.000000000000000000, -0.000000000000000000, -1.000000000000000000 ) ) ;
#111 = LINE ( 'NONE', #3265, #2627 ) ;
#112 = ORIENTED_EDGE ( 'NONE', *, *, #571, .T. ) ;
#113 = EDGE_CURVE ( 'NONE', #6642, #2189, #1787, .T. ) ;
#114 = DIRECTION ( 'NONE',  ( 1.000000000000000000, 0.000000000000000000, 0.000000000000000000 ) ) ;
#115 = FACE_OUTER_BOUND ( 'NONE', #6060, .T. ) ;
#116 = AXIS2_PLACEMENT_3D ( 'NONE', #2192, #2163, #5864 ) ;
#117 = DIRECTION ( 'NONE',  ( 1.000000000000000000, 0.000000000000000000, 0.000000000000000000 ) ) ;
#118 = CARTESIAN_POINT ( 'NONE',  ( 7.999999999999739764, 37.74406644123207144, -1.000000000000000000 ) ) ;
#119 = CARTESIAN_POINT ( 'NONE',  ( -11.76117979121741364, -48.58657113160057861, -2.440605567474638082 ) ) ;
#120 = DIRECTION ( 'NONE',  ( 0.000000000000000000, 0.000000000000000000, 1.000000000000000000 ) ) ;
#121 = B_SPLINE_CURVE_WITH_KNOTS ( 'NONE', 3,
 ( #3845, #5038, #4905, #5928 ),
 .UNSPECIFIED., .F., .F.,
 ( 4, 4 ),
 ( 0.0002660870823668449276, 0.001445110242601276625 ),
 .UNSPECIFIED. ) ;
#122 = ORIENTED_EDGE ( 'NONE', *, *, #646, .F. ) ;
#123 = ADVANCED_FACE ( 'NONE', ( #2332 ), #4342, .F. ) ;
#124 = CIRCLE ( 'NONE', #4899, 4.000000000000003553 ) ;
#125 = CARTESIAN_POINT ( 'NONE',  ( 4.999999999999993783, -1.000000000000000000, -6.000000000000000000 ) ) ;
#126 = ORIENTED_EDGE ( 'NONE', *, *, #3372, .T. ) ;
#127 = LINE ( 'NONE', #4213, #1471 ) ;
#128 = ORIENTED_EDGE ( 'NONE', *, *, #550, .F. ) ;
#129 = CARTESIAN_POINT ( 'NONE',  ( -13.00000000000000178, -43.22269074732326999, 9.000000000000001776 ) ) ;
#130 = CYLINDRICAL_SURFACE ( 'NONE', #1811, 3.200000000000006839 ) ;
#131 = CARTESIAN_POINT ( 'NONE',  ( 21.49999999999983302, 24.22277336810119763, -4.000000000000000000 ) ) ;
#132 = VECTOR ( 'NONE', #4485, 1000.000000000000000 ) ;
#133 = CARTESIAN_POINT ( 'NONE',  ( -21.05000000000000071, 16.85000000000000142, -5.000000000000000000 ) ) ;
#134 = EDGE_CURVE ( 'NONE', #6192, #213, #5429, .T. ) ;
#135 = ORIENTED_EDGE ( 'NONE', *, *, #2465, .F. ) ;
#136 = ORIENTED_EDGE ( 'NONE', *, *, #2873, .T. ) ;
#137 = CARTESIAN_POINT ( 'NONE',  ( -26.26794919243111437, 11.00000000000000355, -7.000000000000000000 ) ) ;
#138 = DIRECTION ( 'NONE',  ( 1.000000000000000000, 0.000000000000000000, 0.000000000000000000 ) ) ;
#139 = ADVANCED_FACE ( 'NONE', ( #5874, #656 ), #1859, .T. ) ;
#140 = EDGE_CURVE ( 'NONE', #4015, #593, #4629, .T. ) ;
#141 = VERTEX_POINT ( 'NONE', #153 ) ;
#142 = ORIENTED_EDGE ( 'NONE', *, *, #2079, .T. ) ;
#143 = LINE ( 'NONE', #4389, #1647 ) ;
#144 = CARTESIAN_POINT ( 'NONE',  ( -13.79999999999999893, -48.22269074732327709, -3.999999999999998224 ) ) ;
#145 = ORIENTED_EDGE ( 'NONE', *, *, #2823, .T. ) ;
#146 = DIRECTION ( 'NONE',  ( -0.000000000000000000, -0.000000000000000000, -1.000000000000000000 ) ) ;
#147 = DIRECTION ( 'NONE',  ( -0.000000000000000000, -0.000000000000000000, 1.000000000000000000 ) ) ;
#148 = CARTESIAN_POINT ( 'NONE',  ( 7.999999999999803713, 27.09831513016748872, -1.000000000000000000 ) ) ;
#149 = DIRECTION ( 'NONE',  ( 0.7071067811865423547, 0.000000000000000000, 0.7071067811865526798 ) ) ;
#150 = CARTESIAN_POINT ( 'NONE',  ( -27.00000000000000355, -34.86239308998524677, 6.999999999999999112 ) ) ;
#151 = VERTEX_POINT ( 'NONE', #284 ) ;
#152 = ORIENTED_EDGE ( 'NONE', *, *, #3356, .T. ) ;
#153 = CARTESIAN_POINT ( 'NONE',  ( -4.008722593841411275, 31.00000000000001421, -6.000000000000000888 ) ) ;
#154 = EDGE_CURVE ( 'NONE', #4356, #5176, #1755, .T. ) ;
#155 = VERTEX_POINT ( 'NONE', #3828 ) ;
#156 = DIRECTION ( 'NONE',  ( -0.000000000000000000, -0.000000000000000000, -1.000000000000000000 ) ) ;
#157 = PLANE ( 'NONE',  #1372 ) ;
#158 = CARTESIAN_POINT ( 'NONE',  ( -3.849999999999980993, -20.99999999999999645, 7.000000000000000000 ) ) ;
#159 = DIRECTION ( 'NONE',  ( 0.000000000000000000, -1.000000000000000000, 0.000000000000000000 ) ) ;
#160 = AXIS2_PLACEMENT_3D ( 'NONE', #849, #5140, #1424 ) ;
#161 = VERTEX_POINT ( 'NONE', #3860 ) ;
#162 = ORIENTED_EDGE ( 'NONE', *, *, #2896, .T. ) ;
#163 = EDGE_CURVE ( 'NONE', #1910, #5708, #6693, .T. ) ;
#164 = VECTOR ( 'NONE', #5631, 1000.000000000000000 ) ;
#165 = DIRECTION ( 'NONE',  ( -1.000000000000000000, 0.000000000000000000, 0.000000000000000000 ) ) ;
#166 = AXIS2_PLACEMENT_3D ( 'NONE', #1407, #5596, #2971 ) ;
#167 = CARTESIAN_POINT ( 'NONE',  ( 9.449999999999885603, 19.24406644123207144, 6.999999999999999112 ) ) ;
#168 = AXIS2_PLACEMENT_3D ( 'NONE', #2913, #5055, #3455 ) ;
#169 = DIRECTION ( 'NONE',  ( 1.000000000000000000, 0.000000000000000000, 0.000000000000000000 ) ) ;
#170 = CARTESIAN_POINT ( 'NONE',  ( -11.39999999999999858, -43.22269074732326999, -7.000000000000000000 ) ) ;
#171 = VECTOR ( 'NONE', #1873, 1000.000000000000000 ) ;
#172 = VERTEX_POINT ( 'NONE', #3932 ) ;
#173 = ORIENTED_EDGE ( 'NONE', *, *, #6005, .F. ) ;
#174 = ADVANCED_FACE ( 'NONE', ( #5328 ), #1827, .F. ) ;
#175 = EDGE_CURVE ( 'NONE', #1698, #6168, #1270, .T. ) ;
#176 = CARTESIAN_POINT ( 'NONE',  ( 14.60000000000000497, -43.22269074732326999, 7.000000000000000000 ) ) ;
#177 = CARTESIAN_POINT ( 'NONE',  ( 13.00000000000000355, -50.45110689472375043, -5.500000000000000000 ) ) ;
#178 = ORIENTED_EDGE ( 'NONE', *, *, #966, .F. ) ;
#179 = AXIS2_PLACEMENT_3D ( 'NONE', #6052, #2473, #6119 ) ;
#180 = VECTOR ( 'NONE', #3036, 1000.000000000000000 ) ;
#181 = DIRECTION ( 'NONE',  ( -0.6755902076156634628, -0.7372773368101210867, 0.000000000000000000 ) ) ;
#182 = EDGE_CURVE ( 'NONE', #161, #1609, #5275, .T. ) ;
#183 = VECTOR ( 'NONE', #2610, 1000.000000000000000 ) ;
#184 = CARTESIAN_POINT ( 'NONE',  ( 12.55904064356565186, -49.19470697376018364, -2.724987536042525971 ) ) ;
#185 = VECTOR ( 'NONE', #2912, 1000.000000000000000 ) ;
#186 = DIRECTION ( 'NONE',  ( -0.000000000000000000, -0.000000000000000000, 1.000000000000000000 ) ) ;
#187 = DIRECTION ( 'NONE',  ( 1.000000000000000000, 0.000000000000000000, 0.000000000000000000 ) ) ;
#188 = FACE_OUTER_BOUND ( 'NONE', #5359, .T. ) ;
#189 = CIRCLE ( 'NONE', #722, 3.999999999999998224 ) ;
#190 = ORIENTED_EDGE ( 'NONE', *, *, #2550, .T. ) ;
#191 = VECTOR ( 'NONE', #4909, 1000.000000000000000 ) ;
#192 = AXIS2_PLACEMENT_3D ( 'NONE', #129, #4274, #6359 ) ;
#193 = AXIS2_PLACEMENT_3D ( 'NONE', #2458, #4570, #376 ) ;
#194 = ORIENTED_EDGE ( 'NONE', *, *, #5485, .T. ) ;
#195 = DIRECTION ( 'NONE',  ( 1.000000000000000000, 0.000000000000000000, -0.000000000000000000 ) ) ;
#196 = ORIENTED_EDGE ( 'NONE', *, *, #6594, .F. ) ;
#197 = CARTESIAN_POINT ( 'NONE',  ( 9.449999999999885603, 16.85000000000000142, -5.500000000000000000 ) ) ;
#198 = DIRECTION ( 'NONE',  ( -1.000000000000000000, 4.336808689942017120E-17, 0.000000000000000000 ) ) ;
#199 = DIRECTION ( 'NONE',  ( 0.000000000000000000, -0.000000000000000000, -1.000000000000000000 ) ) ;
#200 = DIRECTION ( 'NONE',  ( -1.000000000000000000, 1.734723475976807341E-16, -0.000000000000000000 ) ) ;
#201 = EDGE_CURVE ( 'NONE', #1698, #3541, #1333, .T. ) ;
#202 = ORIENTED_EDGE ( 'NONE', *, *, #3776, .F. ) ;
#203 = EDGE_LOOP ( 'NONE', ( #5606, #2488, #1826, #5313, #3365, #2758 ) ) ;
#204 = PLANE ( 'NONE',  #1825 ) ;
#205 = DIRECTION ( 'NONE',  ( -0.000000000000000000, 0.000000000000000000, -1.000000000000000000 ) ) ;
#206 = EDGE_CURVE ( 'NONE', #5788, #5985, #3382, .T. ) ;
#207 = FACE_OUTER_BOUND ( 'NONE', #1100, .T. ) ;
#208 = DIRECTION ( 'NONE',  ( -1.000000000000000000, 0.000000000000000000, 0.000000000000000000 ) ) ;
#209 = EDGE_LOOP ( 'NONE', ( #1197, #4013, #4569, #5397 ) ) ;
#210 = VERTEX_POINT ( 'NONE', #4443 ) ;
#211 = FACE_OUTER_BOUND ( 'NONE', #5245, .T. ) ;
#212 = DIRECTION ( 'NONE',  ( -0.000000000000000000, -1.000000000000000000, -0.000000000000000000 ) ) ;
#213 = VERTEX_POINT ( 'NONE', #6396 ) ;
#214 = ADVANCED_FACE ( 'NONE', ( #1725 ), #3795, .F. ) ;
#215 = CARTESIAN_POINT ( 'NONE',  ( -6.600000000000003197, 29.74406644123207144, 3.799999999999999822 ) ) ;
#216 = DIRECTION ( 'NONE',  ( -1.000000000000000000, 0.000000000000000000, 0.000000000000000000 ) ) ;
#217 = CYLINDRICAL_SURFACE ( 'NONE', #1701, 3.350000000000000089 ) ;
#218 = LINE ( 'NONE', #2297, #4750 ) ;
#219 = CARTESIAN_POINT ( 'NONE',  ( -8.676806735756562361, -46.62269074732330409, -3.910248000700280002 ) ) ;
#220 = ORIENTED_EDGE ( 'NONE', *, *, #2384, .T. ) ;
#221 = EDGE_CURVE ( 'NONE', #5211, #3257, #4292, .T. ) ;
#222 = EDGE_CURVE ( 'NONE', #6551, #3842, #5170, .T. ) ;
#223 = DIRECTION ( 'NONE',  ( 2.312964634635742464E-16, 1.000000000000000000, -0.000000000000000000 ) ) ;
#224 = ORIENTED_EDGE ( 'NONE', *, *, #1963, .F. ) ;
#225 = DIRECTION ( 'NONE',  ( 1.000000000000000000, 0.000000000000000000, 0.000000000000000000 ) ) ;
#226 = CARTESIAN_POINT ( 'NONE',  ( -7.500000000000005329, -56.22269074732326999, -7.000000000000000000 ) ) ;
#227 = DIRECTION ( 'NONE',  ( 0.000000000000000000, 0.000000000000000000, -1.000000000000000000 ) ) ;
#228 = FACE_OUTER_BOUND ( 'NONE', #1984, .T. ) ;
#229 = LINE ( 'NONE', #2279, #5551 ) ;
#230 = AXIS2_PLACEMENT_3D ( 'NONE', #4231, #6413, #212 ) ;
#231 = ORIENTED_EDGE ( 'NONE', *, *, #6303, .T. ) ;
#232 = VECTOR ( 'NONE', #6688, 1000.000000000000000 ) ;
#233 = ORIENTED_EDGE ( 'NONE', *, *, #4411, .F. ) ;
#234 = DIRECTION ( 'NONE',  ( 1.000000000000000000, 0.000000000000000000, 0.000000000000000000 ) ) ;
#235 = FACE_OUTER_BOUND ( 'NONE', #4208, .T. ) ;
#236 = LINE ( 'NONE', #3877, #4726 ) ;
#237 = FACE_OUTER_BOUND ( 'NONE', #3940, .T. ) ;
#238 = ORIENTED_EDGE ( 'NONE', *, *, #5612, .F. ) ;
#239 = ORIENTED_EDGE ( 'NONE', *, *, #2122, .T. ) ;
#240 = DIRECTION ( 'NONE',  ( -0.000000000000000000, -0.000000000000000000, 1.000000000000000000 ) ) ;
#241 = EDGE_CURVE ( 'NONE', #2292, #694, #1580, .T. ) ;
#242 = DIRECTION ( 'NONE',  ( -1.000000000000000000, 0.000000000000000000, 0.000000000000000000 ) ) ;
#243 = ORIENTED_EDGE ( 'NONE', *, *, #5213, .T. ) ;
#244 = DIRECTION ( 'NONE',  ( -0.000000000000000000, -0.000000000000000000, -1.000000000000000000 ) ) ;
#245 = CARTESIAN_POINT ( 'NONE',  ( 12.71816005577112563, -49.42446917498903503, -2.937762147250987610 ) ) ;
#246 = EDGE_CURVE ( 'NONE', #435, #4432, #1964, .T. ) ;
#247 = FACE_OUTER_BOUND ( 'NONE', #1170, .T. ) ;
#248 = DIRECTION ( 'NONE',  ( -1.000000000000000000, 0.000000000000000000, 0.000000000000000000 ) ) ;
#249 = CARTESIAN_POINT ( 'NONE',  ( 5.000000000000000888, 29.74406644123207144, 3.799999999999999822 ) ) ;
#250 = EDGE_LOOP ( 'NONE', ( #2509, #5504, #4382, #1279 ) ) ;
#251 = ORIENTED_EDGE ( 'NONE', *, *, #1110, .F. ) ;
#252 = DIRECTION ( 'NONE',  ( 0.000000000000000000, 0.000000000000000000, 1.000000000000000000 ) ) ;
#253 = EDGE_CURVE ( 'NONE', #744, #5686, #3534, .T. ) ;
#254 = EDGE_CURVE ( 'NONE', #1465, #5824, #1352, .T. ) ;
#255 = CARTESIAN_POINT ( 'NONE',  ( -11.00000000000000355, -50.45110689472375043, -5.500000000000000000 ) ) ;
#256 = CARTESIAN_POINT ( 'NONE',  ( 9.449999999999885603, -11.73931215304559927, -1.000000000000000000 ) ) ;
#257 = CARTESIAN_POINT ( 'NONE',  ( -9.450000000000002842, 24.24406644123207499, 6.999999999999999112 ) ) ;
#258 = ORIENTED_EDGE ( 'NONE', *, *, #6087, .F. ) ;
#259 = ORIENTED_EDGE ( 'NONE', *, *, #6304, .T. ) ;
#260 = VERTEX_POINT ( 'NONE', #864 ) ;
#261 = DIRECTION ( 'NONE',  ( -1.000000000000000000, 0.000000000000000000, 0.000000000000000000 ) ) ;
#262 = CARTESIAN_POINT ( 'NONE',  ( -27.25605529807278415, -19.00000000000000711, 61.74093716448774671 ) ) ;
#263 = CARTESIAN_POINT ( 'NONE',  ( 7.999999999999739764, 37.74406644123207144, -4.000000000000000000 ) ) ;
#264 = DIRECTION ( 'NONE',  ( 1.000000000000000000, 0.000000000000000000, 0.000000000000000000 ) ) ;
#265 = AXIS2_PLACEMENT_3D ( 'NONE', #524, #1572, #963 ) ;
#266 = ORIENTED_EDGE ( 'NONE', *, *, #5648, .F. ) ;
#267 = EDGE_LOOP ( 'NONE', ( #4772, #1538, #220, #6046, #2990, #1670, #5840, #4414, #122, #6196, #233, #4493, #4615, #344, #3760, #1520, #2562, #5375, #6314, #1381, #194, #4512, #5570, #3065, #1706 ) ) ;
#268 = CYLINDRICAL_SURFACE ( 'NONE', #5081, 2.000000000000001776 ) ;
#269 = FACE_OUTER_BOUND ( 'NONE', #3400, .T. ) ;
#270 = VECTOR ( 'NONE', #2638, 999.9999999999998863 ) ;
#271 = ORIENTED_EDGE ( 'NONE', *, *, #1551, .T. ) ;
#272 = VECTOR ( 'NONE', #791, 1000.000000000000000 ) ;
#273 = EDGE_CURVE ( 'NONE', #5856, #555, #4735, .T. ) ;
#274 = FACE_OUTER_BOUND ( 'NONE', #1456, .T. ) ;
#275 = DIRECTION ( 'NONE',  ( -1.000000000000000000, 0.000000000000000000, 0.000000000000000000 ) ) ;
#276 = LINE ( 'NONE', #2361, #2244 ) ;
#277 =( NAMED_UNIT ( * ) PLANE_ANGLE_UNIT ( ) SI_UNIT ( $, .RADIAN. ) );
#278 = CARTESIAN_POINT ( 'NONE',  ( -12.89870828346177234, -49.82269074732328562, -4.181989469428732953 ) ) ;
#279 = LINE ( 'NONE', #350, #2983 ) ;
#280 = ORIENTED_EDGE ( 'NONE', *, *, #2606, .F. ) ;
#281 = EDGE_CURVE ( 'NONE', #5298, #5674, #6633, .T. ) ;
#282 = ORIENTED_EDGE ( 'NONE', *, *, #163, .F. ) ;
#283 = AXIS2_PLACEMENT_3D ( 'NONE', #3525, #2515, #1975 ) ;
#284 = CARTESIAN_POINT ( 'NONE',  ( 3.305443769227863982, -19.00000000000000000, 6.455443769227859008 ) ) ;
#285 = AXIS2_PLACEMENT_3D ( 'NONE', #3475, #4065, #5117 ) ;
#286 = LINE ( 'NONE', #2374, #2890 ) ;
#287 = DIRECTION ( 'NONE',  ( -1.000000000000000000, 0.000000000000000000, 0.000000000000000000 ) ) ;
#288 = FACE_OUTER_BOUND ( 'NONE', #5203, .T. ) ;
#289 = CIRCLE ( 'NONE', #6279, 5.049999999999998934 ) ;
#290 = VERTEX_POINT ( 'NONE', #897 ) ;
#291 = VECTOR ( 'NONE', #3185, 1000.000000000000000 ) ;
#292 = ADVANCED_FACE ( 'NONE', ( #2939 ), #6118, .F. ) ;
#293 = ORIENTED_EDGE ( 'NONE', *, *, #920, .F. ) ;
#294 = ORIENTED_EDGE ( 'NONE', *, *, #5655, .F. ) ;
#295 = ORIENTED_EDGE ( 'NONE', *, *, #5814, .T. ) ;
#296 = VECTOR ( 'NONE', #6599, 1000.000000000000000 ) ;
#297 = CARTESIAN_POINT ( 'NONE',  ( -16.00000000000000000, 16.85000000000000142, -7.000000000000000000 ) ) ;
#298 = AXIS2_PLACEMENT_3D ( 'NONE', #1869, #3942, #1343 ) ;
#299 = LINE ( 'NONE', #3872, #5130 ) ;
#300 = EDGE_CURVE ( 'NONE', #1143, #4413, #4667, .T. ) ;
#301 = EDGE_CURVE ( 'NONE', #1384, #3676, #6563, .T. ) ;
#302 = CARTESIAN_POINT ( 'NONE',  ( -8.000000000000000000, 37.74406644123207144, 7.000000000000000000 ) ) ;
#303 = DIRECTION ( 'NONE',  ( 1.000000000000000000, 0.000000000000000000, 0.000000000000000000 ) ) ;
#304 = ORIENTED_EDGE ( 'NONE', *, *, #4961, .F. ) ;
#305 = ORIENTED_EDGE ( 'NONE', *, *, #5814, .F. ) ;
#306 = CARTESIAN_POINT ( 'NONE',  ( -9.450000000000002842, 24.22277336810119763, -1.000000000000000000 ) ) ;
#307 = CARTESIAN_POINT ( 'NONE',  ( -5.000000000000000888, 29.74406644123207144, -4.000000000000000000 ) ) ;
#308 = ORIENTED_EDGE ( 'NONE', *, *, #1845, .F. ) ;
#309 = ORIENTED_EDGE ( 'NONE', *, *, #182, .T. ) ;
#310 = DIRECTION ( 'NONE',  ( -0.000000000000000000, -0.000000000000000000, -1.000000000000000000 ) ) ;
#311 = DIRECTION ( 'NONE',  ( 1.000000000000000000, 0.000000000000000000, 0.000000000000000000 ) ) ;
#312 = DIRECTION ( 'NONE',  ( -1.000000000000000000, 0.000000000000000000, 0.000000000000000000 ) ) ;
#313 = DIRECTION ( 'NONE',  ( -0.000000000000000000, 1.000000000000000000, -0.000000000000000000 ) ) ;
#314 = CARTESIAN_POINT ( 'NONE',  ( 3.305443769227832451, 21.24406644123207144, 6.455443769227855455 ) ) ;
#315 = DIRECTION ( 'NONE',  ( -0.000000000000000000, 0.000000000000000000, -1.000000000000000000 ) ) ;
#316 = EDGE_CURVE ( 'NONE', #2602, #3051, #4579, .T. ) ;
#317 = VERTEX_POINT ( 'NONE', #1994 ) ;
#318 = DIRECTION ( 'NONE',  ( 1.000000000000000000, 0.000000000000000000, 0.000000000000000000 ) ) ;
#319 = CARTESIAN_POINT ( 'NONE',  ( -8.938095043629026293, -46.93161860802429430, -4.948714392422296271 ) ) ;
#320 = DIRECTION ( 'NONE',  ( 1.000000000000000000, 0.000000000000000000, 0.000000000000000000 ) ) ;
#321 = FACE_OUTER_BOUND ( 'NONE', #905, .T. ) ;
#322 = DIRECTION ( 'NONE',  ( 0.000000000000000000, 0.000000000000000000, 1.000000000000000000 ) ) ;
#323 = ADVANCED_FACE ( 'NONE', ( #4006 ), #3452, .F. ) ;
#324 = ORIENTED_EDGE ( 'NONE', *, *, #1245, .T. ) ;
#325 = ORIENTED_EDGE ( 'NONE', *, *, #3962, .F. ) ;
#326 = ORIENTED_EDGE ( 'NONE', *, *, #2079, .F. ) ;
#327 = ORIENTED_EDGE ( 'NONE', *, *, #1914, .T. ) ;
#328 = CARTESIAN_POINT ( 'NONE',  ( 7.999999999999812594, 27.09831513016748161, -4.000000000000000000 ) ) ;
#329 = AXIS2_PLACEMENT_3D ( 'NONE', #1630, #2716, #1559 ) ;
#330 = EDGE_CURVE ( 'NONE', #2609, #4966, #457, .T. ) ;
#331 = CARTESIAN_POINT ( 'NONE',  ( -9.450000000000002842, 19.24406644123207144, 6.999999999999999112 ) ) ;
#332 = CIRCLE ( 'NONE', #3266, 6.549999999999997158 ) ;
#333 = CARTESIAN_POINT ( 'NONE',  ( 6.000000000000001776, -12.99999999999999467, -2.499999999999977796 ) ) ;
#334 = PLANE ( 'NONE',  #4614 ) ;
#335 = ORIENTED_EDGE ( 'NONE', *, *, #2324, .F. ) ;
#336 = EDGE_LOOP ( 'NONE', ( #1841, #5825, #959, #81 ) ) ;
#337 = CARTESIAN_POINT ( 'NONE',  ( 13.00000000000000178, -43.22269074732326999, 7.000000000000000000 ) ) ;
#338 = EDGE_CURVE ( 'NONE', #3373, #3369, #1911, .T. ) ;
#339 = EDGE_CURVE ( 'NONE', #3068, #3887, #4608, .T. ) ;
#340 = CARTESIAN_POINT ( 'NONE',  ( 21.59487539711815174, 8.300000000000002487, -5.500000000000000000 ) ) ;
#341 = VECTOR ( 'NONE', #4592, 1000.000000000000114 ) ;
#342 = ORIENTED_EDGE ( 'NONE', *, *, #5023, .T. ) ;
#343 = CIRCLE ( 'NONE', #4156, 2.150000000000000799 ) ;
#344 = ORIENTED_EDGE ( 'NONE', *, *, #6723, .T. ) ;
#345 = DIRECTION ( 'NONE',  ( 1.000000000000000000, 0.000000000000000000, -0.000000000000000000 ) ) ;
#346 = DIRECTION ( 'NONE',  ( 0.000000000000000000, 0.000000000000000000, 1.000000000000000000 ) ) ;
#347 = CARTESIAN_POINT ( 'NONE',  ( -30.14487539711820929, 9.999999999999998224, -7.000000000000000000 ) ) ;
#348 = DIRECTION ( 'NONE',  ( 0.7071067811865426878, 1.350123544950496847E-16, 0.7071067811865522357 ) ) ;
#349 = CARTESIAN_POINT ( 'NONE',  ( -1.214306433183764966E-14, 23.49489742783178414, -7.000000000000000000 ) ) ;
#350 = CARTESIAN_POINT ( 'NONE',  ( 7.999999999999812594, 27.09831513016748161, -1.000000000000000000 ) ) ;
#351 = ORIENTED_EDGE ( 'NONE', *, *, #4907, .T. ) ;
#352 = CARTESIAN_POINT ( 'NONE',  ( -1.000000000000000888, 29.74406644123207144, -1.000000000000000000 ) ) ;
#353 = DIRECTION ( 'NONE',  ( 1.000000000000000000, 0.000000000000000000, 0.000000000000000000 ) ) ;
#354 = DIRECTION ( 'NONE',  ( 0.000000000000000000, 0.000000000000000000, 1.000000000000000000 ) ) ;
#355 = LINE ( 'NONE', #494, #3451 ) ;
#356 = CARTESIAN_POINT ( 'NONE',  ( 7.999999999999812594, 27.09831513016748161, -1.000000000000000000 ) ) ;
#357 = EDGE_CURVE ( 'NONE', #2894, #3145, #699, .T. ) ;
#358 = ORIENTED_EDGE ( 'NONE', *, *, #4815, .F. ) ;
#359 = ORIENTED_EDGE ( 'NONE', *, *, #2550, .F. ) ;
#360 = EDGE_LOOP ( 'NONE', ( #5898, #5056 ) ) ;
#361 = LINE ( 'NONE', #1797, #3888 ) ;
#362 = DIRECTION ( 'NONE',  ( -0.000000000000000000, -0.000000000000000000, -1.000000000000000000 ) ) ;
#363 = DIRECTION ( 'NONE',  ( 0.000000000000000000, 0.000000000000000000, -1.000000000000000000 ) ) ;
#364 = CARTESIAN_POINT ( 'NONE',  ( 9.449999999999885603, 19.24406644123207144, 26.55019181491567792 ) ) ;
#365 = EDGE_CURVE ( 'NONE', #3903, #684, #1126, .T. ) ;
#366 = VERTEX_POINT ( 'NONE', #3177 ) ;
#367 = ORIENTED_EDGE ( 'NONE', *, *, #1021, .F. ) ;
#368 = CARTESIAN_POINT ( 'NONE',  ( -12.01999999999998536, 16.85000000000002629, -6.819204917418021594 ) ) ;
#369 = AXIS2_PLACEMENT_3D ( 'NONE', #5385, #1716, #1222 ) ;
#370 = PLANE ( 'NONE',  #5660 ) ;
#371 = ORIENTED_EDGE ( 'NONE', *, *, #622, .T. ) ;
#372 = CIRCLE ( 'NONE', #265, 3.200000000000006839 ) ;
#373 = ADVANCED_FACE ( 'NONE', ( #3207 ), #6220, .F. ) ;
#374 = VERTEX_POINT ( 'NONE', #2099 ) ;
#375 = DIRECTION ( 'NONE',  ( 1.909363028148246276E-16, -1.000000000000000000, 0.000000000000000000 ) ) ;
#376 = DIRECTION ( 'NONE',  ( -1.823796845045658185E-16, -1.000000000000000000, 0.000000000000000000 ) ) ;
#377 = CARTESIAN_POINT ( 'NONE',  ( 13.00000000000003553, -35.99427459992281797, -1.000000000000000000 ) ) ;
#378 = CIRCLE ( 'NONE', #3419, 1.600000000000002531 ) ;
#379 = DIRECTION ( 'NONE',  ( 0.000000000000000000, -1.000000000000000000, 0.000000000000000000 ) ) ;
#380 = DIRECTION ( 'NONE',  ( -1.000000000000000000, 0.000000000000000000, 0.000000000000000000 ) ) ;
#381 = DIRECTION ( 'NONE',  ( 0.000000000000000000, 0.000000000000000000, 1.000000000000000000 ) ) ;
#382 = AXIS2_PLACEMENT_3D ( 'NONE', #585, #621, #4712 ) ;
#383 = ORIENTED_EDGE ( 'NONE', *, *, #175, .F. ) ;
#384 = AXIS2_PLACEMENT_3D ( 'NONE', #1445, #794, #4011 ) ;
#385 = EDGE_CURVE ( 'NONE', #3677, #5686, #6249, .T. ) ;
#386 = CARTESIAN_POINT ( 'NONE',  ( -13.00000000000000178, -43.22269074732326999, 9.000000000000001776 ) ) ;
#387 = AXIS2_PLACEMENT_3D ( 'NONE', #4756, #2175, #4243 ) ;
#388 = DIRECTION ( 'NONE',  ( -0.000000000000000000, -0.000000000000000000, 1.000000000000000000 ) ) ;
#389 = CARTESIAN_POINT ( 'NONE',  ( 1.500000000000000444, -12.99999999999999467, -5.500000000000000000 ) ) ;
#390 = DIRECTION ( 'NONE',  ( 1.000000000000000000, 0.000000000000000000, 0.000000000000000000 ) ) ;
#391 = CARTESIAN_POINT ( 'NONE',  ( 10.39129341151854469, -27.00000000000000000, 7.000000000000000888 ) ) ;
#392 = UNCERTAINTY_MEASURE_WITH_UNIT (LENGTH_MEASURE( 1.000000000000000082E-05 ), #4944, 'distance_accuracy_value', 'NONE');
#393 = ORIENTED_EDGE ( 'NONE', *, *, #3834, .F. ) ;
#394 = VECTOR ( 'NONE', #1165, 1000.000000000000000 ) ;
#395 = VECTOR ( 'NONE', #3243, 1000.000000000000000 ) ;
#396 = VERTEX_POINT ( 'NONE', #5742 ) ;
#397 = EDGE_LOOP ( 'NONE', ( #3593, #2256, #5428, #5530 ) ) ;
#398 = EDGE_LOOP ( 'NONE', ( #2480, #2388 ) ) ;
#399 = VECTOR ( 'NONE', #2226, 1000.000000000000000 ) ;
#400 = DIRECTION ( 'NONE',  ( -1.000000000000000000, -1.734723475976807587E-16, -0.000000000000000000 ) ) ;
#401 = DIRECTION ( 'NONE',  ( 0.000000000000000000, 0.000000000000000000, 1.000000000000000000 ) ) ;
#402 = AXIS2_PLACEMENT_3D ( 'NONE', #5607, #362, #6609 ) ;
#403 = CARTESIAN_POINT ( 'NONE',  ( -13.80000000000000071, -50.12269074732328278, -3.999999999999998224 ) ) ;
#404 = EDGE_CURVE ( 'NONE', #2680, #5690, #6290, .T. ) ;
#405 = AXIS2_PLACEMENT_3D ( 'NONE', #6238, #3535, #476 ) ;
#406 = AXIS2_PLACEMENT_3D ( 'NONE', #855, #6585, #5973 ) ;
#407 = CARTESIAN_POINT ( 'NONE',  ( -26.26794919243111437, 11.00000000000000355, -6.000000000000000888 ) ) ;
#408 = CARTESIAN_POINT ( 'NONE',  ( -26.00000000000000000, 11.99999999999999822, -4.000000000000000000 ) ) ;
#409 = AXIS2_PLACEMENT_3D ( 'NONE', #2277, #6053, #4345 ) ;
#410 = EDGE_LOOP ( 'NONE', ( #6137, #1487, #4049, #5414 ) ) ;
#411 = ORIENTED_EDGE ( 'NONE', *, *, #4411, .T. ) ;
#412 = AXIS2_PLACEMENT_3D ( 'NONE', #2852, #2343, #5959 ) ;
#413 = CARTESIAN_POINT ( 'NONE',  ( -16.00000000000000000, 16.85000000000000142, -5.000000000000000000 ) ) ;
#414 = CARTESIAN_POINT ( 'NONE',  ( 15.99999999999993072, 10.30000000000000071, -5.500000000000000000 ) ) ;
#415 = ADVANCED_FACE ( 'NONE', ( #4682 ), #1546, .F. ) ;
#416 = VERTEX_POINT ( 'NONE', #3620 ) ;
#417 = EDGE_LOOP ( 'NONE', ( #4, #5078, #1341, #5257 ) ) ;
#418 = ORIENTED_EDGE ( 'NONE', *, *, #2291, .F. ) ;
#419 = CARTESIAN_POINT ( 'NONE',  ( -7.500000000000006217, -43.22269074732326999, -5.500000000000000000 ) ) ;
#420 = LINE ( 'NONE', #2496, #3847 ) ;
#421 = CARTESIAN_POINT ( 'NONE',  ( -21.59487539711820503, 10.30000000000000249, -5.500000000000000000 ) ) ;
#422 = CARTESIAN_POINT ( 'NONE',  ( -23.59487539711820858, 10.30000000000000249, -5.500000000000000000 ) ) ;
#423 = ADVANCED_FACE ( 'NONE', ( #2129 ), #5668, .T. ) ;
#424 = ORIENTED_EDGE ( 'NONE', *, *, #4210, .T. ) ;
#425 = LINE ( 'NONE', #2534, #997 ) ;
#426 = FACE_OUTER_BOUND ( 'NONE', #449, .T. ) ;
#427 = CARTESIAN_POINT ( 'NONE',  ( -9.463470931628968685, -47.43859243415859339, -5.401888479285965161 ) ) ;
#428 = CARTESIAN_POINT ( 'NONE',  ( -14.60000000000000320, -43.22269074732326999, 7.000000000000000000 ) ) ;
#429 = LINE ( 'NONE', #5025, #5292 ) ;
#430 = CARTESIAN_POINT ( 'NONE',  ( -1.500000000000002220, -12.99999999999999467, -1.999999999999999556 ) ) ;
#431 = EDGE_CURVE ( 'NONE', #4789, #3490, #4236, .T. ) ;
#432 = EDGE_CURVE ( 'NONE', #694, #2292, #64, .T. ) ;
#433 = ORIENTED_EDGE ( 'NONE', *, *, #4375, .F. ) ;
#434 = VERTEX_POINT ( 'NONE', #5224 ) ;
#435 = VERTEX_POINT ( 'NONE', #558 ) ;
#436 = EDGE_LOOP ( 'NONE', ( #982, #4517, #2563, #4674 ) ) ;
#437 = FACE_OUTER_BOUND ( 'NONE', #1640, .T. ) ;
#438 = PLANE ( 'NONE',  #1866 ) ;
#439 = LINE ( 'NONE', #980, #499 ) ;
#440 = LINE ( 'NONE', #3529, #802 ) ;
#441 = VERTEX_POINT ( 'NONE', #1618 ) ;
#442 = VECTOR ( 'NONE', #3732, 1000.000000000000000 ) ;
#443 = VERTEX_POINT ( 'NONE', #5801 ) ;
#444 = CARTESIAN_POINT ( 'NONE',  ( -13.15651736460734789, -28.16341587115827139, -5.500000000000000000 ) ) ;
#445 = DIRECTION ( 'NONE',  ( -1.000000000000000000, 0.000000000000000000, 0.000000000000000000 ) ) ;
#446 = ORIENTED_EDGE ( 'NONE', *, *, #4233, .T. ) ;
#447 = VERTEX_POINT ( 'NONE', #2642 ) ;
#448 = EDGE_CURVE ( 'NONE', #2997, #5907, #926, .T. ) ;
#449 = EDGE_LOOP ( 'NONE', ( #4291, #4705, #5199, #2819 ) ) ;
#450 = LINE ( 'NONE', #4738, #2514 ) ;
#451 = CARTESIAN_POINT ( 'NONE',  ( 8.150000000000002132, -12.99999999999999467, -2.499999999999977796 ) ) ;
#452 = CARTESIAN_POINT ( 'NONE',  ( -23.06055714218643260, -24.00000000000000000, 6.999999999999999112 ) ) ;
#453 = ORIENTED_EDGE ( 'NONE', *, *, #2116, .T. ) ;
#454 = VECTOR ( 'NONE', #5169, 1000.000000000000000 ) ;
#455 = DIRECTION ( 'NONE',  ( -0.7071067811865529018, -1.350123544950516076E-16, -0.7071067811865421326 ) ) ;
#456 = EDGE_CURVE ( 'NONE', #4728, #1186, #2451, .T. ) ;
#457 = LINE ( 'NONE', #4508, #4952 ) ;
#458 = DIRECTION ( 'NONE',  ( -1.000000000000000000, 8.673617379884027583E-16, 0.000000000000000000 ) ) ;
#459 = CARTESIAN_POINT ( 'NONE',  ( 31.25537671716912413, -6.455175196550624328, -5.500000000000000000 ) ) ;
#460 = DIRECTION ( 'NONE',  ( 6.032683993190498741E-16, 1.000000000000000000, -0.000000000000000000 ) ) ;
#461 = ORIENTED_EDGE ( 'NONE', *, *, #4505, .F. ) ;
#462 = ADVANCED_FACE ( 'NONE', ( #47 ), #2704, .F. ) ;
#463 = EDGE_LOOP ( 'NONE', ( #2218, #2160, #3663, #6186 ) ) ;
#464 = EDGE_CURVE ( 'NONE', #975, #2292, #2668, .T. ) ;
#465 = CARTESIAN_POINT ( 'NONE',  ( -11.00000000000000178, -35.99427459992278244, -5.500000000000000000 ) ) ;
#466 = VERTEX_POINT ( 'NONE', #5154 ) ;
#467 = CARTESIAN_POINT ( 'NONE',  ( -8.000000000000001776, 24.22277336810119763, -4.000000000000000000 ) ) ;
#468 = PLANE ( 'NONE',  #3438 ) ;
#469 = DIRECTION ( 'NONE',  ( 0.08715574274766843543, -0.9961946980917446570, 0.000000000000000000 ) ) ;
#470 = LINE ( 'NONE', #403, #3059 ) ;
#471 = FACE_BOUND ( 'NONE', #3626, .T. ) ;
#472 = CYLINDRICAL_SURFACE ( 'NONE', #5706, 2.000000000000000000 ) ;
#473 = EDGE_CURVE ( 'NONE', #6526, #155, #4265, .T. ) ;
#474 = ORIENTED_EDGE ( 'NONE', *, *, #1308, .F. ) ;
#475 = ORIENTED_EDGE ( 'NONE', *, *, #2497, .F. ) ;
#476 = DIRECTION ( 'NONE',  ( 1.000000000000000000, -7.304098846218135653E-16, 0.000000000000000000 ) ) ;
#477 = DIRECTION ( 'NONE',  ( 1.000000000000000000, 0.000000000000000000, 0.000000000000000000 ) ) ;
#478 = ORIENTED_EDGE ( 'NONE', *, *, #1323, .F. ) ;
#479 = EDGE_LOOP ( 'NONE', ( #2161, #6109, #6335, #1599 ) ) ;
#480 = AXIS2_PLACEMENT_3D ( 'NONE', #4385, #4455, #5994 ) ;
#481 = ORIENTED_EDGE ( 'NONE', *, *, #3938, .F. ) ;
#482 = CIRCLE ( 'NONE', #3090, 20.00000000000000000 ) ;
#483 = DIRECTION ( 'NONE',  ( -0.000000000000000000, -0.000000000000000000, 1.000000000000000000 ) ) ;
#484 = CARTESIAN_POINT ( 'NONE',  ( -5.000000000000000888, -1.000000000000000000, -7.000000000000000000 ) ) ;
#485 = CARTESIAN_POINT ( 'NONE',  ( -10.95000000000000107, 16.85000000000000142, -5.000000000000000000 ) ) ;
#486 = VECTOR ( 'NONE', #1819, 1000.000000000000000 ) ;
#487 = VERTEX_POINT ( 'NONE', #1515 ) ;
#488 = EDGE_CURVE ( 'NONE', #2542, #1868, #5490, .T. ) ;
#489 = DIRECTION ( 'NONE',  ( 0.000000000000000000, -1.000000000000000000, -0.000000000000000000 ) ) ;
#490 = AXIS2_PLACEMENT_3D ( 'NONE', #6637, #4511, #4993 ) ;
#491 = DIRECTION ( 'NONE',  ( -0.000000000000000000, -0.000000000000000000, -1.000000000000000000 ) ) ;
#492 = VECTOR ( 'NONE', #147, 1000.000000000000000 ) ;
#493 = LINE ( 'NONE', #428, #3003 ) ;
#494 = CARTESIAN_POINT ( 'NONE',  ( -21.50000000000000000, 24.22277336810119763, -4.000000000000000000 ) ) ;
#495 = CARTESIAN_POINT ( 'NONE',  ( 5.000000000000000888, 29.74406644123207144, -1.000000000000000000 ) ) ;
#496 = ORIENTED_EDGE ( 'NONE', *, *, #2921, .T. ) ;
#497 = EDGE_CURVE ( 'NONE', #1186, #1052, #1243, .T. ) ;
#498 = AXIS2_PLACEMENT_3D ( 'NONE', #5536, #4957, #4550 ) ;
#499 = VECTOR ( 'NONE', #2518, 1000.000000000000000 ) ;
#500 = ORIENTED_EDGE ( 'NONE', *, *, #1968, .T. ) ;
#501 = FACE_OUTER_BOUND ( 'NONE', #6706, .T. ) ;
#502 = CIRCLE ( 'NONE', #4303, 2.150000000000000799 ) ;
#503 = ORIENTED_EDGE ( 'NONE', *, *, #3407, .F. ) ;
#504 = DIRECTION ( 'NONE',  ( 1.000000000000000000, 0.000000000000000000, 0.000000000000000000 ) ) ;
#505 = CYLINDRICAL_SURFACE ( 'NONE', #402, 4.500000000000001776 ) ;
#506 = DIRECTION ( 'NONE',  ( -1.000000000000000000, 0.000000000000000000, 0.000000000000000000 ) ) ;
#507 = ADVANCED_FACE ( 'NONE', ( #4910 ), #6483, .T. ) ;
#508 = CARTESIAN_POINT ( 'NONE',  ( -7.500000000000007105, -24.00000000000000000, -5.500000000000000000 ) ) ;
#509 = CARTESIAN_POINT ( 'NONE',  ( 7.500000000000003553, -56.22269074732326999, -7.000000000000000000 ) ) ;
#510 = VERTEX_POINT ( 'NONE', #1679 ) ;
#511 = VERTEX_POINT ( 'NONE', #1193 ) ;
#512 = VECTOR ( 'NONE', #2620, 1000.000000000000000 ) ;
#513 = DIRECTION ( 'NONE',  ( 1.909363028148246276E-16, -1.000000000000000000, 0.000000000000000000 ) ) ;
#514 = CARTESIAN_POINT ( 'NONE',  ( -5.000000000000000888, 29.74406644123207144, 3.799999999999999822 ) ) ;
#515 = EDGE_CURVE ( 'NONE', #6526, #3628, #3746, .T. ) ;
#516 = CIRCLE ( 'NONE', #2586, 2.649999999999971934 ) ;
#517 = ORIENTED_EDGE ( 'NONE', *, *, #6129, .F. ) ;
#518 = AXIS2_PLACEMENT_3D ( 'NONE', #3126, #976, #4078 ) ;
#519 = VECTOR ( 'NONE', #6644, 1000.000000000000000 ) ;
#520 = ORIENTED_EDGE ( 'NONE', *, *, #1937, .F. ) ;
#521 = VERTEX_POINT ( 'NONE', #2805 ) ;
#522 = CARTESIAN_POINT ( 'NONE',  ( 11.00000000000000355, -54.22269074732326999, -1.000000000000000000 ) ) ;
#523 = FACE_OUTER_BOUND ( 'NONE', #2494, .T. ) ;
#524 = CARTESIAN_POINT ( 'NONE',  ( 13.00000000000000178, -43.22269074732326999, 7.000000000000000000 ) ) ;
#525 = AXIS2_PLACEMENT_3D ( 'NONE', #5054, #5125, #4581 ) ;
#526 = ORIENTED_EDGE ( 'NONE', *, *, #3962, .T. ) ;
#527 = LINE ( 'NONE', #1962, #183 ) ;
#528 = DIRECTION ( 'NONE',  ( -0.000000000000000000, -0.000000000000000000, -1.000000000000000000 ) ) ;
#529 = DIRECTION ( 'NONE',  ( 0.000000000000000000, 0.000000000000000000, 1.000000000000000000 ) ) ;
#530 = CARTESIAN_POINT ( 'NONE',  ( 13.00000000000000355, -50.45110689472375043, -5.500000000000000000 ) ) ;
#531 = LINE ( 'NONE', #1997, #5384 ) ;
#532 = ORIENTED_EDGE ( 'NONE', *, *, #2061, .T. ) ;
#533 = EDGE_LOOP ( 'NONE', ( #1290, #3823, #6425, #2649, #4304, #5604 ) ) ;
#534 = LINE ( 'NONE', #6258, #5274 ) ;
#535 = EDGE_CURVE ( 'NONE', #1426, #487, #6045, .T. ) ;
#536 = ORIENTED_EDGE ( 'NONE', *, *, #365, .T. ) ;
#537 = LINE ( 'NONE', #4216, #291 ) ;
#538 = CARTESIAN_POINT ( 'NONE',  ( -21.50000000000000000, 24.22277336810119763, -4.000000000000000000 ) ) ;
#539 = CARTESIAN_POINT ( 'NONE',  ( -16.99999999999999289, -59.22269074732326999, 7.000000000000000000 ) ) ;
#540 = LINE ( 'NONE', #1108, #442 ) ;
#541 = CARTESIAN_POINT ( 'NONE',  ( -5.000000000000000888, 29.74406644123207144, 3.799999999999999822 ) ) ;
#542 = ORIENTED_EDGE ( 'NONE', *, *, #3673, .F. ) ;
#543 = ORIENTED_EDGE ( 'NONE', *, *, #6634, .T. ) ;
#544 = EDGE_CURVE ( 'NONE', #1656, #1082, #4333, .T. ) ;
#545 = DIRECTION ( 'NONE',  ( 0.000000000000000000, 0.000000000000000000, 1.000000000000000000 ) ) ;
#546 = CARTESIAN_POINT ( 'NONE',  ( 7.999999999999777955, 32.38981775229666482, -1.000000000000000000 ) ) ;
#547 = EDGE_LOOP ( 'NONE', ( #1432, #870, #2615 ) ) ;
#548 = ORIENTED_EDGE ( 'NONE', *, *, #5875, .F. ) ;
#549 = EDGE_CURVE ( 'NONE', #5106, #6505, #1294, .T. ) ;
#550 = EDGE_CURVE ( 'NONE', #5759, #1150, #2234, .T. ) ;
#551 = DIRECTION ( 'NONE',  ( -1.000000000000000000, -1.734723475976807341E-16, -0.000000000000000000 ) ) ;
#552 = CIRCLE ( 'NONE', #3370, 3.979999999999997318 ) ;
#553 = LINE ( 'NONE', #2063, #6170 ) ;
#554 = CARTESIAN_POINT ( 'NONE',  ( 12.11038420302125118, 17.69337948273200567, -6.000000000000000000 ) ) ;
#555 = VERTEX_POINT ( 'NONE', #5834 ) ;
#556 = FACE_OUTER_BOUND ( 'NONE', #605, .T. ) ;
#557 = AXIS2_PLACEMENT_3D ( 'NONE', #3576, #6622, #445 ) ;
#558 = CARTESIAN_POINT ( 'NONE',  ( -12.89870828346177412, -49.82269074732327852, -3.999999999999998224 ) ) ;
#559 = DIRECTION ( 'NONE',  ( 1.000000000000000000, -6.032683993190498741E-16, 0.000000000000000000 ) ) ;
#560 = CARTESIAN_POINT ( 'NONE',  ( -12.49410402561057509, -49.11712983757388429, -2.670328857614548301 ) ) ;
#561 = DIRECTION ( 'NONE',  ( -0.000000000000000000, -0.000000000000000000, -1.000000000000000000 ) ) ;
#562 = ORIENTED_EDGE ( 'NONE', *, *, #6641, .F. ) ;
#563 = VECTOR ( 'NONE', #668, 1000.000000000000114 ) ;
#564 = ORIENTED_EDGE ( 'NONE', *, *, #74, .T. ) ;
#565 = CARTESIAN_POINT ( 'NONE',  ( 22.75590207615656624, 24.22277336810111947, -4.000000000000000000 ) ) ;
#566 = ORIENTED_EDGE ( 'NONE', *, *, #4338, .F. ) ;
#567 = CARTESIAN_POINT ( 'NONE',  ( 13.00000000000000178, -35.99427459992278244, 6.999999999999999112 ) ) ;
#568 = CARTESIAN_POINT ( 'NONE',  ( -8.000000000000000000, 37.74406644123207144, 7.000000000000000000 ) ) ;
#569 = CARTESIAN_POINT ( 'NONE',  ( 25.09487539711820858, 2.226630515586007067E-13, -5.000000000000000000 ) ) ;
#570 = CARTESIAN_POINT ( 'NONE',  ( 13.00000000000019718, -28.93902645193045231, 6.999999999999999112 ) ) ;
#571 = EDGE_CURVE ( 'NONE', #2454, #4348, #1258, .T. ) ;
#572 = CARTESIAN_POINT ( 'NONE',  ( -16.00000000000000000, 10.30000000000000249, -5.500000000000000000 ) ) ;
#573 = ORIENTED_EDGE ( 'NONE', *, *, #4114, .F. ) ;
#574 = ORIENTED_EDGE ( 'NONE', *, *, #4587, .T. ) ;
#575 = DIRECTION ( 'NONE',  ( -0.000000000000000000, -0.000000000000000000, 1.000000000000000000 ) ) ;
#576 = DIRECTION ( 'NONE',  ( 1.000000000000000000, 1.909363028148246276E-16, 0.000000000000000000 ) ) ;
#577 = EDGE_CURVE ( 'NONE', #3134, #2839, #5472, .T. ) ;
#578 = ORIENTED_EDGE ( 'NONE', *, *, #4241, .T. ) ;
#579 = ORIENTED_EDGE ( 'NONE', *, *, #5001, .F. ) ;
#580 = DIRECTION ( 'NONE',  ( 0.000000000000000000, 0.000000000000000000, 1.000000000000000000 ) ) ;
#581 = DIRECTION ( 'NONE',  ( 1.000000000000000000, 1.734723475976807341E-16, -0.000000000000000000 ) ) ;
#582 = ORIENTED_EDGE ( 'NONE', *, *, #3349, .T. ) ;
#583 = ADVANCED_FACE ( 'NONE', ( #1746 ), #3819, .F. ) ;
#584 = DIRECTION ( 'NONE',  ( -0.000000000000000000, -0.000000000000000000, -1.000000000000000000 ) ) ;
#585 = CARTESIAN_POINT ( 'NONE',  ( -5.000000000000000888, 29.74406644123207144, -1.000000000000000000 ) ) ;
#586 = DIRECTION ( 'NONE',  ( 0.000000000000000000, 0.000000000000000000, -1.000000000000000000 ) ) ;
#587 = CARTESIAN_POINT ( 'NONE',  ( -12.56082502445013382, -49.19692214645984052, -2.726654360310952541 ) ) ;
#588 = DIRECTION ( 'NONE',  ( -0.000000000000000000, -0.000000000000000000, -1.000000000000000000 ) ) ;
#589 = VERTEX_POINT ( 'NONE', #782 ) ;
#590 = EDGE_CURVE ( 'NONE', #2761, #919, #3240, .T. ) ;
#591 = EDGE_CURVE ( 'NONE', #1883, #2464, #648, .T. ) ;
#592 = AXIS2_PLACEMENT_3D ( 'NONE', #1874, #3808, #264 ) ;
#593 = VERTEX_POINT ( 'NONE', #2765 ) ;
#594 = DIRECTION ( 'NONE',  ( -1.000000000000000000, 0.000000000000000000, 0.000000000000000000 ) ) ;
#595 = ORIENTED_EDGE ( 'NONE', *, *, #222, .T. ) ;
#596 = CARTESIAN_POINT ( 'NONE',  ( 13.00000000000003553, -35.99427459992281797, -1.000000000000000000 ) ) ;
#597 = FACE_OUTER_BOUND ( 'NONE', #5677, .T. ) ;
#598 = DIRECTION ( 'NONE',  ( 0.1414213562373091981, 0.6928203230275519209, 0.7071067811865465735 ) ) ;
#599 = VECTOR ( 'NONE', #3316, 1000.000000000000000 ) ;
#600 = LINE ( 'NONE', #6266, #2508 ) ;
#601 = AXIS2_PLACEMENT_3D ( 'NONE', #3351, #388, #2502 ) ;
#602 = CARTESIAN_POINT ( 'NONE',  ( -6.600000000000003197, 29.74406644123207144, -6.000000000000000888 ) ) ;
#603 = AXIS2_PLACEMENT_3D ( 'NONE', #3305, #6453, #2201 ) ;
#604 = ORIENTED_EDGE ( 'NONE', *, *, #3747, .F. ) ;
#605 = EDGE_LOOP ( 'NONE', ( #974, #5419, #6298, #3313 ) ) ;
#606 = PLANE ( 'NONE',  #4766 ) ;
#607 = EDGE_CURVE ( 'NONE', #2377, #6228, #2864, .T. ) ;
#608 = VECTOR ( 'NONE', #3414, 1000.000000000000000 ) ;
#609 = DIRECTION ( 'NONE',  ( 0.000000000000000000, 0.000000000000000000, 1.000000000000000000 ) ) ;
#610 = AXIS2_PLACEMENT_3D ( 'NONE', #3567, #977, #3054 ) ;
#611 = EDGE_LOOP ( 'NONE', ( #6114, #4343, #6671, #5621 ) ) ;
#612 = EDGE_LOOP ( 'NONE', ( #2930, #3347 ) ) ;
#613 = VECTOR ( 'NONE', #825, 1000.000000000000000 ) ;
#614 = DIRECTION ( 'NONE',  ( -0.000000000000000000, -0.000000000000000000, 1.000000000000000000 ) ) ;
#615 = EDGE_CURVE ( 'NONE', #1359, #1009, #276, .T. ) ;
#616 =( GEOMETRIC_REPRESENTATION_CONTEXT ( 3 ) GLOBAL_UNCERTAINTY_ASSIGNED_CONTEXT ( ( #4012 ) ) GLOBAL_UNIT_ASSIGNED_CONTEXT ( ( #5021, #5532, #789 ) ) REPRESENTATION_CONTEXT ( 'NONE', 'WORKASPACE' ) );
#617 = FACE_BOUND ( 'NONE', #1239, .T. ) ;
#618 = AXIS2_PLACEMENT_3D ( 'NONE', #6747, #1556, #2143 ) ;
#619 = VERTEX_POINT ( 'NONE', #4435 ) ;
#620 = LINE ( 'NONE', #5933, #191 ) ;
#621 = DIRECTION ( 'NONE',  ( 0.000000000000000000, 0.000000000000000000, 1.000000000000000000 ) ) ;
#622 = EDGE_CURVE ( 'NONE', #2720, #5587, #4499, .T. ) ;
#623 = CIRCLE ( 'NONE', #2479, 3.350000000000000089 ) ;
#624 = DIRECTION ( 'NONE',  ( 1.000000000000000000, 0.000000000000000000, 0.000000000000000000 ) ) ;
#625 = CARTESIAN_POINT ( 'NONE',  ( 18.50185265928675804, 13.75465942564961885, -6.000000000000000000 ) ) ;
#626 = CARTESIAN_POINT ( 'NONE',  ( -8.682891930103208367, -46.63046781427280507, -3.818956266623703133 ) ) ;
#627 = EDGE_LOOP ( 'NONE', ( #4704, #2482, #736, #3780 ) ) ;
#628 = VERTEX_POINT ( 'NONE', #3508 ) ;
#629 = CARTESIAN_POINT ( 'NONE',  ( 14.99999999999999467, -59.22269074732326999, -1.000000000000000000 ) ) ;
#630 = EDGE_CURVE ( 'NONE', #5190, #4457, #2428, .T. ) ;
#631 = VERTEX_POINT ( 'NONE', #1886 ) ;
#632 = EDGE_CURVE ( 'NONE', #5697, #5481, #4283, .T. ) ;
#633 = DIRECTION ( 'NONE',  ( -0.000000000000000000, -0.000000000000000000, -1.000000000000000000 ) ) ;
#634 = CARTESIAN_POINT ( 'NONE',  ( 7.999999999999835687, 24.22277336810119763, -4.000000000000000000 ) ) ;
#635 = DIRECTION ( 'NONE',  ( 0.000000000000000000, 1.000000000000000000, 0.000000000000000000 ) ) ;
#636 = CARTESIAN_POINT ( 'NONE',  ( -14.60000000000000320, -43.22269074732326999, -7.000000000000000000 ) ) ;
#637 = ORIENTED_EDGE ( 'NONE', *, *, #2307, .F. ) ;
#638 = EDGE_LOOP ( 'NONE', ( #112, #5614, #1776, #2725, #918 ) ) ;
#639 = CARTESIAN_POINT ( 'NONE',  ( 6.000000000000001776, -12.99999999999999467, 9.000000000000001776 ) ) ;
#640 = CARTESIAN_POINT ( 'NONE',  ( 3.305443769227832451, 19.24406644123207144, 6.455443769227855455 ) ) ;
#641 = ORIENTED_EDGE ( 'NONE', *, *, #1331, .T. ) ;
#642 = ORIENTED_EDGE ( 'NONE', *, *, #1286, .F. ) ;
#643 = DIRECTION ( 'NONE',  ( 0.6755902076156634628, -0.7372773368101210867, 0.000000000000000000 ) ) ;
#644 = CARTESIAN_POINT ( 'NONE',  ( 26.26794919243111792, 11.00000000000000000, -7.000000000000000000 ) ) ;
#645 = ORIENTED_EDGE ( 'NONE', *, *, #4530, .T. ) ;
#646 = EDGE_CURVE ( 'NONE', #443, #3612, #5045, .T. ) ;
#647 = VECTOR ( 'NONE', #692, 1000.000000000000000 ) ;
#648 = LINE ( 'NONE', #4811, #6356 ) ;
#649 = LINE ( 'NONE', #5254, #5609 ) ;
#650 = CARTESIAN_POINT ( 'NONE',  ( 10.94999999999999929, 16.85000000000000142, -1.000000000000000000 ) ) ;
#651 = CYLINDRICAL_SURFACE ( 'NONE', #2676, 4.000000000000000000 ) ;
#652 = ORIENTED_EDGE ( 'NONE', *, *, #3024, .T. ) ;
#653 = VECTOR ( 'NONE', #5927, 1000.000000000000000 ) ;
#654 = EDGE_CURVE ( 'NONE', #3643, #5965, #6626, .T. ) ;
#655 = VERTEX_POINT ( 'NONE', #347 ) ;
#656 = FACE_OUTER_BOUND ( 'NONE', #1387, .T. ) ;
#657 = ORIENTED_EDGE ( 'NONE', *, *, #5434, .F. ) ;
#658 = DIRECTION ( 'NONE',  ( -1.909363028148246276E-16, 1.000000000000000000, 0.000000000000000000 ) ) ;
#659 = CARTESIAN_POINT ( 'NONE',  ( -16.00000000000000000, 16.85000000000000142, -6.000000000000000000 ) ) ;
#660 = FACE_OUTER_BOUND ( 'NONE', #4060, .T. ) ;
#661 = VECTOR ( 'NONE', #6024, 1000.000000000000000 ) ;
#662 = CARTESIAN_POINT ( 'NONE',  ( 40.00000000000000711, 31.00000000000001066, -6.000000000000000000 ) ) ;
#663 = EDGE_CURVE ( 'NONE', #5217, #2351, #1037, .T. ) ;
#664 = EDGE_CURVE ( 'NONE', #3123, #4966, #4183, .T. ) ;
#665 = ORIENTED_EDGE ( 'NONE', *, *, #6193, .T. ) ;
#666 = ORIENTED_EDGE ( 'NONE', *, *, #2600, .T. ) ;
#667 = DIRECTION ( 'NONE',  ( -0.000000000000000000, -0.000000000000000000, -1.000000000000000000 ) ) ;
#668 = DIRECTION ( 'NONE',  ( 0.7372773368101210867, 0.6755902076156634628, 0.000000000000000000 ) ) ;
#669 = EDGE_CURVE ( 'NONE', #5824, #1465, #1695, .T. ) ;
#670 = DIRECTION ( 'NONE',  ( 0.000000000000000000, 0.000000000000000000, 1.000000000000000000 ) ) ;
#671 = DIRECTION ( 'NONE',  ( 1.000000000000000000, 0.000000000000000000, 0.000000000000000000 ) ) ;
#672 = ORIENTED_EDGE ( 'NONE', *, *, #3503, .F. ) ;
#673 = VERTEX_POINT ( 'NONE', #3403 ) ;
#674 = CARTESIAN_POINT ( 'NONE',  ( -16.00000000000000000, 16.85000000000000142, -5.500000000000000000 ) ) ;
#675 = CARTESIAN_POINT ( 'NONE',  ( 13.00000000000003553, -35.99427459992281797, -5.500000000000000000 ) ) ;
#676 = VERTEX_POINT ( 'NONE', #5526 ) ;
#677 = CARTESIAN_POINT ( 'NONE',  ( -9.450000000000002842, 24.24406644123207499, -1.000000000000000000 ) ) ;
#678 = CARTESIAN_POINT ( 'NONE',  ( 12.89870828346177234, -49.82269074732327141, -3.999999999999998224 ) ) ;
#679 = DIRECTION ( 'NONE',  ( -1.909363028148246276E-16, 1.000000000000000000, 0.000000000000000000 ) ) ;
#680 = CARTESIAN_POINT ( 'NONE',  ( -12.80419935019805600, -49.57922258812267557, -4.865792387959570142 ) ) ;
#681 = LINE ( 'NONE', #3244, #1915 ) ;
#682 = ADVANCED_FACE ( 'NONE', ( #2933 ), #1921, .T. ) ;
#683 = ORIENTED_EDGE ( 'NONE', *, *, #5543, .T. ) ;
#684 = VERTEX_POINT ( 'NONE', #1326 ) ;
#685 = VECTOR ( 'NONE', #2348, 1000.000000000000000 ) ;
#686 = CARTESIAN_POINT ( 'NONE',  ( -7.500000000000007105, -24.00000000000000000, -7.000000000000000000 ) ) ;
#687 = ORIENTED_EDGE ( 'NONE', *, *, #1237, .T. ) ;
#688 = DIRECTION ( 'NONE',  ( 0.000000000000000000, 0.000000000000000000, 1.000000000000000000 ) ) ;
#689 = LINE ( 'NONE', #5499, #2254 ) ;
#690 = DIRECTION ( 'NONE',  ( 0.000000000000000000, 0.000000000000000000, 1.000000000000000000 ) ) ;
#691 = EDGE_CURVE ( 'NONE', #3134, #5856, #922, .T. ) ;
#692 = DIRECTION ( 'NONE',  ( 2.312964634635742464E-16, -1.000000000000000000, 0.000000000000000000 ) ) ;
#693 = AXIS2_PLACEMENT_3D ( 'NONE', #1804, #703, #2825 ) ;
#694 = VERTEX_POINT ( 'NONE', #5556 ) ;
#695 = VERTEX_POINT ( 'NONE', #6081 ) ;
#696 = VECTOR ( 'NONE', #1470, 1000.000000000000000 ) ;
#697 = CARTESIAN_POINT ( 'NONE',  ( -5.000000000000000888, 29.74406644123207144, -7.000000000000000000 ) ) ;
#698 = EDGE_CURVE ( 'NONE', #6159, #1017, #2900, .T. ) ;
#699 = CIRCLE ( 'NONE', #2772, 2.000000000000001776 ) ;
#700 = LINE ( 'NONE', #2885, #4365 ) ;
#701 = VECTOR ( 'NONE', #2102, 1000.000000000000000 ) ;
#702 = CARTESIAN_POINT ( 'NONE',  ( 13.80000000000000071, -48.22269074732328420, -3.999999999999998224 ) ) ;
#703 = DIRECTION ( 'NONE',  ( -0.000000000000000000, -0.000000000000000000, 1.000000000000000000 ) ) ;
#704 = VECTOR ( 'NONE', #6660, 1000.000000000000000 ) ;
#705 = VECTOR ( 'NONE', #1919, 1000.000000000000000 ) ;
#706 = VERTEX_POINT ( 'NONE', #2396 ) ;
#707 = ORIENTED_EDGE ( 'NONE', *, *, #3570, .T. ) ;
#708 = DIRECTION ( 'NONE',  ( 0.000000000000000000, 0.000000000000000000, 1.000000000000000000 ) ) ;
#709 = EDGE_CURVE ( 'NONE', #3710, #4483, #1401, .T. ) ;
#710 = LINE ( 'NONE', #177, #4807 ) ;
#711 = ORIENTED_EDGE ( 'NONE', *, *, #4136, .T. ) ;
#712 = CIRCLE ( 'NONE', #4526, 1.600000000000001643 ) ;
#713 = AXIS2_PLACEMENT_3D ( 'NONE', #3454, #3557, #3591 ) ;
#714 = EDGE_LOOP ( 'NONE', ( #4048, #6365, #1665, #1350 ) ) ;
#715 = DIRECTION ( 'NONE',  ( -1.000000000000000000, 0.000000000000000000, 0.000000000000000000 ) ) ;
#716 = AXIS2_PLACEMENT_3D ( 'NONE', #4506, #3348, #6597 ) ;
#717 = CARTESIAN_POINT ( 'NONE',  ( -13.80000000000000071, -48.22269074732328420, -3.999999999999998224 ) ) ;
#718 = AXIS2_PLACEMENT_3D ( 'NONE', #3186, #4275, #1690 ) ;
#719 = DIRECTION ( 'NONE',  ( -1.000000000000000000, 0.000000000000000000, 0.000000000000000000 ) ) ;
#720 = DIRECTION ( 'NONE',  ( 0.6427876096865351441, -0.7660444431189815662, 0.000000000000000000 ) ) ;
#721 = DIRECTION ( 'NONE',  ( -0.000000000000000000, -0.000000000000000000, -1.000000000000000000 ) ) ;
#722 = AXIS2_PLACEMENT_3D ( 'NONE', #6205, #5724, #5617 ) ;
#723 = EDGE_LOOP ( 'NONE', ( #1552, #6491, #1022, #4143 ) ) ;
#724 = CIRCLE ( 'NONE', #1606, 2.000000000000001776 ) ;
#725 = VECTOR ( 'NONE', #5464, 1000.000000000000000 ) ;
#726 = CARTESIAN_POINT ( 'NONE',  ( 13.00000000000019007, -28.21108598339804630, -5.500000000000000000 ) ) ;
#727 = VECTOR ( 'NONE', #1700, 1000.000000000000000 ) ;
#728 = ORIENTED_EDGE ( 'NONE', *, *, #497, .F. ) ;
#729 = CARTESIAN_POINT ( 'NONE',  ( -7.500000000000007105, -24.00000000000000000, -7.000000000000000000 ) ) ;
#730 = ORIENTED_EDGE ( 'NONE', *, *, #5132, .T. ) ;
#731 = DIRECTION ( 'NONE',  ( 1.000000000000000000, 0.000000000000000000, 0.000000000000000000 ) ) ;
#732 = CARTESIAN_POINT ( 'NONE',  ( -3.850000000000010747, 19.24406644123207144, 6.999999999999999112 ) ) ;
#733 = DIRECTION ( 'NONE',  ( 0.000000000000000000, 0.000000000000000000, 1.000000000000000000 ) ) ;
#734 = CARTESIAN_POINT ( 'NONE',  ( -16.99999999999999289, -61.22269074732326999, 7.000000000000000000 ) ) ;
#735 = EDGE_CURVE ( 'NONE', #366, #4532, #420, .T. ) ;
#736 = ORIENTED_EDGE ( 'NONE', *, *, #3082, .F. ) ;
#737 = ORIENTED_EDGE ( 'NONE', *, *, #3776, .T. ) ;
#738 = CARTESIAN_POINT ( 'NONE',  ( -10.39129341151836705, -24.00000000000000000, 6.999999999999999112 ) ) ;
#739 = FACE_OUTER_BOUND ( 'NONE', #336, .T. ) ;
#740 = DIRECTION ( 'NONE',  ( 1.000000000000000000, 0.000000000000000000, 0.000000000000000000 ) ) ;
#741 = CARTESIAN_POINT ( 'NONE',  ( -14.99999999999999467, -59.22269074732326999, -1.000000000000000000 ) ) ;
#742 = EDGE_CURVE ( 'NONE', #4262, #2776, #4504, .T. ) ;
#743 = ORIENTED_EDGE ( 'NONE', *, *, #3118, .F. ) ;
#744 = VERTEX_POINT ( 'NONE', #4869 ) ;
#745 = DIRECTION ( 'NONE',  ( -0.000000000000000000, -0.000000000000000000, -1.000000000000000000 ) ) ;
#746 = DIRECTION ( 'NONE',  ( 0.000000000000000000, -0.000000000000000000, -1.000000000000000000 ) ) ;
#747 = ORIENTED_EDGE ( 'NONE', *, *, #316, .T. ) ;
#748 = EDGE_CURVE ( 'NONE', #3490, #5687, #4631, .T. ) ;
#749 = ADVANCED_FACE ( 'NONE', ( #2386 ), #805, .T. ) ;
#750 = CARTESIAN_POINT ( 'NONE',  ( 13.00000000000000355, -48.72269074732326288, -1.000000000000000000 ) ) ;
#751 = DIRECTION ( 'NONE',  ( 1.000000000000000000, 0.000000000000000000, -0.000000000000000000 ) ) ;
#752 = CARTESIAN_POINT ( 'NONE',  ( 3.849999999999997424, -19.00000000000000000, 7.000000000000000000 ) ) ;
#753 = CARTESIAN_POINT ( 'NONE',  ( -12.89870828346177412, -49.82269074732327852, -3.999999999999998224 ) ) ;
#754 = CARTESIAN_POINT ( 'NONE',  ( -27.99999999999999645, 11.99999999999999822, -6.000000000000000888 ) ) ;
#755 = ORIENTED_EDGE ( 'NONE', *, *, #1046, .F. ) ;
#756 = CARTESIAN_POINT ( 'NONE',  ( -30.14487539711820929, 0.000000000000000000, -5.500000000000000000 ) ) ;
#757 = VECTOR ( 'NONE', #242, 1000.000000000000000 ) ;
#758 = ORIENTED_EDGE ( 'NONE', *, *, #3810, .F. ) ;
#759 = CARTESIAN_POINT ( 'NONE',  ( -17.00000000000000000, -48.22269074732328420, -3.999999999999998224 ) ) ;
#760 = DIRECTION ( 'NONE',  ( -0.000000000000000000, -0.000000000000000000, 1.000000000000000000 ) ) ;
#761 = CARTESIAN_POINT ( 'NONE',  ( -5.000000000000000888, -1.000000000000000000, -6.000000000000000000 ) ) ;
#762 = CARTESIAN_POINT ( 'NONE',  ( 18.50185265928675804, 13.75465942564961175, -6.500000000000000888 ) ) ;
#763 = LINE ( 'NONE', #5881, #647 ) ;
#764 = CIRCLE ( 'NONE', #6542, 10.00000000000000000 ) ;
#765 = VERTEX_POINT ( 'NONE', #3909 ) ;
#766 = AXIS2_PLACEMENT_3D ( 'NONE', #4874, #240, #1708 ) ;
#767 = ORIENTED_EDGE ( 'NONE', *, *, #6384, .F. ) ;
#768 = ORIENTED_EDGE ( 'NONE', *, *, #4223, .T. ) ;
#769 = DIRECTION ( 'NONE',  ( 0.000000000000000000, 0.000000000000000000, 1.000000000000000000 ) ) ;
#770 = FACE_OUTER_BOUND ( 'NONE', #5997, .T. ) ;
#771 = ADVANCED_FACE ( 'NONE', ( #2315 ), #2886, .F. ) ;
#772 = B_SPLINE_CURVE_WITH_KNOTS ( 'NONE', 3,
 ( #102, #3190, #5757, #5266, #4886, #4697, #2301, #4372, #6455, #1080, #3825, #1049, #5685, #3159 ),
 .UNSPECIFIED., .F., .F.,
 ( 4, 2, 2, 2, 2, 2, 4 ),
 ( 0.002289157991402753292, 0.002821504106997765101, 0.003353850222592776910, 0.003886196338187789152, 0.004418542453782800528, 0.005483234684972812870, 0.006547926916162824344 ),
 .UNSPECIFIED. ) ;
#773 = CARTESIAN_POINT ( 'NONE',  ( 16.99999999999999289, -59.22269074732326999, -7.000000000000000000 ) ) ;
#774 = DIRECTION ( 'NONE',  ( -0.7071067811865430208, 8.659560562354877391E-17, 0.7071067811865521247 ) ) ;
#775 = VERTEX_POINT ( 'NONE', #6543 ) ;
#776 = VERTEX_POINT ( 'NONE', #773 ) ;
#777 = DIRECTION ( 'NONE',  ( 1.000000000000000000, 0.000000000000000000, 0.000000000000000000 ) ) ;
#778 = LINE ( 'NONE', #1252, #1531 ) ;
#779 = ADVANCED_FACE ( 'NONE', ( #1803 ), #5963, .F. ) ;
#780 = EDGE_LOOP ( 'NONE', ( #1309, #97, #2595, #5749, #136, #1415 ) ) ;
#781 = CARTESIAN_POINT ( 'NONE',  ( 26.26794919243111792, 11.00000000000000000, -6.000000000000000888 ) ) ;
#782 = CARTESIAN_POINT ( 'NONE',  ( -11.53333333333333499, -37.92185223922958670, -1.000000000000000000 ) ) ;
#783 = CARTESIAN_POINT ( 'NONE',  ( 3.849999999999999201, -20.99999999999999289, 7.000000000000000000 ) ) ;
#784 = DIRECTION ( 'NONE',  ( 0.000000000000000000, 0.000000000000000000, 1.000000000000000000 ) ) ;
#785 = CARTESIAN_POINT ( 'NONE',  ( -3.849999999999981881, -19.00000000000000355, 6.999999999999999112 ) ) ;
#786 = EDGE_CURVE ( 'NONE', #2680, #4998, #1839, .T. ) ;
#787 = ORIENTED_EDGE ( 'NONE', *, *, #1115, .T. ) ;
#788 = CARTESIAN_POINT ( 'NONE',  ( 5.991277406158590502, 31.00000000000001066, -7.000000000000000000 ) ) ;
#789 =( NAMED_UNIT ( * ) SI_UNIT ( $, .STERADIAN. ) SOLID_ANGLE_UNIT ( ) );
#790 = EDGE_LOOP ( 'NONE', ( #4769, #4349, #3531, #911 ) ) ;
#791 = DIRECTION ( 'NONE',  ( 5.383546301517076067E-17, -1.000000000000000000, 0.000000000000000000 ) ) ;
#792 = FACE_OUTER_BOUND ( 'NONE', #1369, .T. ) ;
#793 = CARTESIAN_POINT ( 'NONE',  ( -20.72901885141141776, -19.00000000000000711, -1.000000000000000000 ) ) ;
#794 = DIRECTION ( 'NONE',  ( -0.000000000000000000, -0.000000000000000000, -1.000000000000000000 ) ) ;
#795 = EDGE_CURVE ( 'NONE', #3021, #1473, #5473, .T. ) ;
#796 = EDGE_CURVE ( 'NONE', #5277, #4317, #236, .T. ) ;
#797 = VERTEX_POINT ( 'NONE', #3328 ) ;
#798 = EDGE_LOOP ( 'NONE', ( #2135, #2881, #1180, #1060 ) ) ;
#799 = EDGE_LOOP ( 'NONE', ( #4381, #108, #5940, #4286 ) ) ;
#800 = ORIENTED_EDGE ( 'NONE', *, *, #5229, .T. ) ;
#801 = LINE ( 'NONE', #1836, #1268 ) ;
#802 = VECTOR ( 'NONE', #5611, 1000.000000000000000 ) ;
#803 = FACE_OUTER_BOUND ( 'NONE', #627, .T. ) ;
#804 = AXIS2_PLACEMENT_3D ( 'NONE', #5908, #252, #6529 ) ;
#805 = CYLINDRICAL_SURFACE ( 'NONE', #1586, 1.999999999999998224 ) ;
#806 = DIRECTION ( 'NONE',  ( 1.000000000000000000, 0.000000000000000000, 0.000000000000000000 ) ) ;
#807 = AXIS2_PLACEMENT_3D ( 'NONE', #6461, #3354, #5432 ) ;
#808 = VERTEX_POINT ( 'NONE', #3292 ) ;
#809 = EDGE_CURVE ( 'NONE', #3477, #1731, #2781, .T. ) ;
#810 = ORIENTED_EDGE ( 'NONE', *, *, #1168, .F. ) ;
#811 = AXIS2_PLACEMENT_3D ( 'NONE', #5422, #5900, #751 ) ;
#812 = FACE_OUTER_BOUND ( 'NONE', #3829, .T. ) ;
#813 = DIRECTION ( 'NONE',  ( -0.000000000000000000, -0.000000000000000000, -1.000000000000000000 ) ) ;
#814 = AXIS2_PLACEMENT_3D ( 'NONE', #3558, #6223, #4715 ) ;
#815 = ORIENTED_EDGE ( 'NONE', *, *, #1496, .F. ) ;
#816 = AXIS2_PLACEMENT_3D ( 'NONE', #6426, #5981, #195 ) ;
#817 = AXIS2_PLACEMENT_3D ( 'NONE', #6738, #3849, #3753 ) ;
#818 = ORIENTED_EDGE ( 'NONE', *, *, #338, .T. ) ;
#819 = DIRECTION ( 'NONE',  ( -0.000000000000000000, -0.000000000000000000, -1.000000000000000000 ) ) ;
#820 = ADVANCED_FACE ( 'NONE', ( #207 ), #6470, .F. ) ;
#821 = AXIS2_PLACEMENT_3D ( 'NONE', #4771, #609, #5310 ) ;
#822 = CARTESIAN_POINT ( 'NONE',  ( -12.02484608215055317, 16.65365507542541934, -7.000000000000000000 ) ) ;
#823 = DIRECTION ( 'NONE',  ( 0.000000000000000000, -1.000000000000000000, 0.000000000000000000 ) ) ;
#824 = DIRECTION ( 'NONE',  ( -3.083923978207811463E-16, -1.000000000000000000, 0.000000000000000000 ) ) ;
#825 = DIRECTION ( 'NONE',  ( 1.000000000000000000, -0.000000000000000000, -0.000000000000000000 ) ) ;
#826 = PLANE ( 'NONE',  #6691 ) ;
#827 = ORIENTED_EDGE ( 'NONE', *, *, #4828, .F. ) ;
#828 = AXIS2_PLACEMENT_3D ( 'NONE', #3378, #784, #5937 ) ;
#829 = CARTESIAN_POINT ( 'NONE',  ( -26.00000000000000000, 11.99999999999999822, -4.000000000000000000 ) ) ;
#830 = EDGE_CURVE ( 'NONE', #2464, #6346, #1214, .T. ) ;
#831 = CIRCLE ( 'NONE', #1149, 6.000000000000014211 ) ;
#832 = VECTOR ( 'NONE', #6268, 1000.000000000000000 ) ;
#833 = DIRECTION ( 'NONE',  ( 0.000000000000000000, 0.000000000000000000, 1.000000000000000000 ) ) ;
#834 = CIRCLE ( 'NONE', #1932, 1.600000000000001643 ) ;
#835 = LINE ( 'NONE', #5498, #608 ) ;
#836 = DIRECTION ( 'NONE',  ( 0.000000000000000000, 0.000000000000000000, -1.000000000000000000 ) ) ;
#837 = CARTESIAN_POINT ( 'NONE',  ( -5.000000000000000888, 29.74406644123207144, 7.000000000000000000 ) ) ;
#838 = VECTOR ( 'NONE', #2970, 1000.000000000000000 ) ;
#839 = ORIENTED_EDGE ( 'NONE', *, *, #385, .F. ) ;
#840 = EDGE_CURVE ( 'NONE', #2232, #6403, #5704, .T. ) ;
#841 = ORIENTED_EDGE ( 'NONE', *, *, #2640, .T. ) ;
#842 = EDGE_CURVE ( 'NONE', #676, #4672, #1338, .T. ) ;
#843 = ORIENTED_EDGE ( 'NONE', *, *, #5312, .F. ) ;
#844 = ORIENTED_EDGE ( 'NONE', *, *, #515, .F. ) ;
#845 = DIRECTION ( 'NONE',  ( 0.000000000000000000, 1.000000000000000000, 0.000000000000000000 ) ) ;
#846 = VECTOR ( 'NONE', #4653, 1000.000000000000000 ) ;
#847 = LINE ( 'NONE', #331, #132 ) ;
#848 = CARTESIAN_POINT ( 'NONE',  ( 27.99999999999999645, 11.99999999999999822, -6.000000000000000888 ) ) ;
#849 = CARTESIAN_POINT ( 'NONE',  ( 30.14487539711820929, 2.220446049250313081E-13, 7.000000000000000000 ) ) ;
#850 = ORIENTED_EDGE ( 'NONE', *, *, #6004, .T. ) ;
#851 = ORIENTED_EDGE ( 'NONE', *, *, #4359, .T. ) ;
#852 = DIRECTION ( 'NONE',  ( 0.000000000000000000, 0.000000000000000000, -1.000000000000000000 ) ) ;
#853 = CARTESIAN_POINT ( 'NONE',  ( 25.99999999999991473, 11.99999999999999822, -4.000000000000000000 ) ) ;
#854 = ORIENTED_EDGE ( 'NONE', *, *, #357, .T. ) ;
#855 = CARTESIAN_POINT ( 'NONE',  ( -13.00000000000000178, -43.22269074732326999, 3.799999999999999822 ) ) ;
#856 = CARTESIAN_POINT ( 'NONE',  ( -13.80000000000000071, -50.12269074732328278, -3.999999999999998224 ) ) ;
#857 = CARTESIAN_POINT ( 'NONE',  ( 13.00000000000017586, -28.93902645193041323, -5.500000000000000000 ) ) ;
#858 = DIRECTION ( 'NONE',  ( 1.000000000000000000, 0.000000000000000000, 0.000000000000000000 ) ) ;
#859 = DIRECTION ( 'NONE',  ( -0.000000000000000000, 1.000000000000000000, -0.000000000000000000 ) ) ;
#860 = DIRECTION ( 'NONE',  ( 0.000000000000000000, 0.000000000000000000, -1.000000000000000000 ) ) ;
#861 = ORIENTED_EDGE ( 'NONE', *, *, #1616, .F. ) ;
#862 = EDGE_CURVE ( 'NONE', #4162, #1117, #4929, .T. ) ;
#863 = CARTESIAN_POINT ( 'NONE',  ( 10.39129341151854469, -24.00000000000000000, 61.74093716448774671 ) ) ;
#864 = CARTESIAN_POINT ( 'NONE',  ( 22.75590207615663729, 24.22277336810120474, -6.000000000000000888 ) ) ;
#865 = DIRECTION ( 'NONE',  ( 1.000000000000000000, 0.000000000000000000, 0.000000000000000000 ) ) ;
#866 = CARTESIAN_POINT ( 'NONE',  ( -17.00000000000000000, -35.99427459992278244, 6.999999999999999112 ) ) ;
#867 = CARTESIAN_POINT ( 'NONE',  ( -8.000000000000000000, 35.74406644123207144, -1.000000000000000000 ) ) ;
#868 = ORIENTED_EDGE ( 'NONE', *, *, #5281, .F. ) ;
#869 = ADVANCED_FACE ( 'NONE', ( #2251 ), #3807, .F. ) ;
#870 = ORIENTED_EDGE ( 'NONE', *, *, #4802, .F. ) ;
#871 = ORIENTED_EDGE ( 'NONE', *, *, #3459, .T. ) ;
#872 = ORIENTED_EDGE ( 'NONE', *, *, #630, .T. ) ;
#873 = DIRECTION ( 'NONE',  ( -0.000000000000000000, -0.000000000000000000, 1.000000000000000000 ) ) ;
#874 = AXIS2_PLACEMENT_3D ( 'NONE', #144, #581, #3782 ) ;
#875 = LINE ( 'NONE', #6646, #454 ) ;
#876 = EDGE_CURVE ( 'NONE', #9, #5277, #2855, .T. ) ;
#877 = ADVANCED_FACE ( 'NONE', ( #1768 ), #4422, .F. ) ;
#878 = AXIS2_PLACEMENT_3D ( 'NONE', #1642, #3035, #5114 ) ;
#879 = DIRECTION ( 'NONE',  ( -1.000000000000000000, 0.000000000000000000, 0.000000000000000000 ) ) ;
#880 = VECTOR ( 'NONE', #2112, 1000.000000000000000 ) ;
#881 = ORIENTED_EDGE ( 'NONE', *, *, #3875, .T. ) ;
#882 = ORIENTED_EDGE ( 'NONE', *, *, #134, .T. ) ;
#883 = CARTESIAN_POINT ( 'NONE',  ( -5.000000000000000888, 29.74406644123207144, -6.000000000000000888 ) ) ;
#884 = DIRECTION ( 'NONE',  ( 0.000000000000000000, 0.000000000000000000, 1.000000000000000000 ) ) ;
#885 = AXIS2_PLACEMENT_3D ( 'NONE', #6371, #4321, #4800 ) ;
#886 = ADVANCED_FACE ( 'NONE', ( #471, #4054 ), #1978, .F. ) ;
#887 = ORIENTED_EDGE ( 'NONE', *, *, #2943, .T. ) ;
#888 = ORIENTED_EDGE ( 'NONE', *, *, #4828, .T. ) ;
#889 = CARTESIAN_POINT ( 'NONE',  ( 27.25605529807269178, -18.99999999999999645, 61.74093716448774671 ) ) ;
#890 = CARTESIAN_POINT ( 'NONE',  ( 13.00000000000000178, -43.22269074732326999, -7.000000000000000000 ) ) ;
#891 = DIRECTION ( 'NONE',  ( 1.000000000000000000, 0.000000000000000000, 0.000000000000000000 ) ) ;
#892 = DIRECTION ( 'NONE',  ( -0.000000000000000000, -0.000000000000000000, -1.000000000000000000 ) ) ;
#893 = CYLINDRICAL_SURFACE ( 'NONE', #5952, 2.000000000000001776 ) ;
#894 = FACE_OUTER_BOUND ( 'NONE', #6085, .T. ) ;
#895 = ORIENTED_EDGE ( 'NONE', *, *, #4862, .F. ) ;
#896 = CARTESIAN_POINT ( 'NONE',  ( -13.00000000000000178, -43.22269074732326999, -1.000000000000000000 ) ) ;
#897 = CARTESIAN_POINT ( 'NONE',  ( -3.850000000000004086, -12.99999999999999467, -2.499999999999981348 ) ) ;
#898 = ADVANCED_FACE ( 'NONE', ( #6101 ), #5069, .F. ) ;
#899 = FACE_OUTER_BOUND ( 'NONE', #6077, .T. ) ;
#900 = DIRECTION ( 'NONE',  ( -0.000000000000000000, -0.000000000000000000, 1.000000000000000000 ) ) ;
#901 = DIRECTION ( 'NONE',  ( 0.000000000000000000, 0.000000000000000000, -1.000000000000000000 ) ) ;
#902 = ORIENTED_EDGE ( 'NONE', *, *, #3699, .F. ) ;
#903 = VERTEX_POINT ( 'NONE', #6130 ) ;
#904 = EDGE_CURVE ( 'NONE', #3032, #466, #3107, .T. ) ;
#905 = EDGE_LOOP ( 'NONE', ( #5129, #5282, #989, #4225 ) ) ;
#906 = CARTESIAN_POINT ( 'NONE',  ( 15.99999999999993072, 10.30000000000000071, -1.000000000000000000 ) ) ;
#907 = DIRECTION ( 'NONE',  ( -0.000000000000000000, -0.000000000000000000, -1.000000000000000000 ) ) ;
#908 = LINE ( 'NONE', #2047, #5675 ) ;
#909 = FACE_OUTER_BOUND ( 'NONE', #4768, .T. ) ;
#910 = VERTEX_POINT ( 'NONE', #1494 ) ;
#911 = ORIENTED_EDGE ( 'NONE', *, *, #3609, .T. ) ;
#912 = EDGE_CURVE ( 'NONE', #4046, #4278, #6614, .T. ) ;
#913 = LINE ( 'NONE', #4491, #5738 ) ;
#914 = VECTOR ( 'NONE', #6408, 1000.000000000000000 ) ;
#915 = CARTESIAN_POINT ( 'NONE',  ( -6.000000000000001776, -12.99999999999999467, -1.999999999999999556 ) ) ;
#916 = ORIENTED_EDGE ( 'NONE', *, *, #2921, .F. ) ;
#917 = VECTOR ( 'NONE', #6647, 1000.000000000000000 ) ;
#918 = ORIENTED_EDGE ( 'NONE', *, *, #5756, .T. ) ;
#919 = VERTEX_POINT ( 'NONE', #407 ) ;
#920 = EDGE_CURVE ( 'NONE', #3263, #5344, #4021, .T. ) ;
#921 = CARTESIAN_POINT ( 'NONE',  ( -13.00000000000000355, -50.45110689472375043, -1.000000000000000000 ) ) ;
#922 = LINE ( 'NONE', #1957, #3960 ) ;
#923 = VECTOR ( 'NONE', #2652, 1000.000000000000000 ) ;
#924 = DIRECTION ( 'NONE',  ( 0.000000000000000000, 0.000000000000000000, -1.000000000000000000 ) ) ;
#925 = DIRECTION ( 'NONE',  ( 0.000000000000000000, 1.000000000000000000, 0.000000000000000000 ) ) ;
#926 = CIRCLE ( 'NONE', #6154, 5.049999999999998934 ) ;
#927 = ORIENTED_EDGE ( 'NONE', *, *, #5068, .F. ) ;
#928 = AXIS2_PLACEMENT_3D ( 'NONE', #5746, #1069, #5639 ) ;
#929 = CARTESIAN_POINT ( 'NONE',  ( -3.350000000000001421, -12.99999999999999467, -7.000000000000000000 ) ) ;
#930 = AXIS2_PLACEMENT_3D ( 'NONE', #629, #2711, #4788 ) ;
#931 = CARTESIAN_POINT ( 'NONE',  ( -9.086304466762820553, -47.08971263438573374, -5.141956945185629735 ) ) ;
#932 = CIRCLE ( 'NONE', #5727, 9.999999999999960920 ) ;
#933 = DIRECTION ( 'NONE',  ( -1.000000000000000000, 0.000000000000000000, 0.000000000000000000 ) ) ;
#934 = CARTESIAN_POINT ( 'NONE',  ( 22.75590207615663374, 24.22277336810120474, 7.000000000000000000 ) ) ;
#935 = CARTESIAN_POINT ( 'NONE',  ( 14.99999999999999289, -61.22269074732326999, -1.000000000000000000 ) ) ;
#936 = ORIENTED_EDGE ( 'NONE', *, *, #1245, .F. ) ;
#937 = CIRCLE ( 'NONE', #3009, 4.000000000000000000 ) ;
#938 = VECTOR ( 'NONE', #4610, 1000.000000000000000 ) ;
#939 = EDGE_LOOP ( 'NONE', ( #4405, #6122, #243, #604 ) ) ;
#940 = EDGE_LOOP ( 'NONE', ( #3152, #6241, #6366, #3868, #927, #2449, #2205, #4833, #6242, #5063, #308, #5613, #2961, #2059, #1173, #5336, #2389, #2247 ) ) ;
#941 = VERTEX_POINT ( 'NONE', #1347 ) ;
#942 = AXIS2_PLACEMENT_3D ( 'NONE', #1030, #3588, #2535 ) ;
#943 = DIRECTION ( 'NONE',  ( -0.6427876096865351441, -0.7660444431189815662, 0.000000000000000000 ) ) ;
#944 = VECTOR ( 'NONE', #6360, 1000.000000000000000 ) ;
#945 = LINE ( 'NONE', #4248, #2636 ) ;
#946 = CIRCLE ( 'NONE', #5511, 2.999999999999999112 ) ;
#947 = ADVANCED_FACE ( 'NONE', ( #5513 ), #3496, .F. ) ;
#948 = VECTOR ( 'NONE', #6553, 1000.000000000000000 ) ;
#949 = CARTESIAN_POINT ( 'NONE',  ( -13.00000000000000178, -43.22269074732326999, 7.000000000000000000 ) ) ;
#950 = DIRECTION ( 'NONE',  ( 0.000000000000000000, 0.000000000000000000, -1.000000000000000000 ) ) ;
#951 = VECTOR ( 'NONE', #5947, 1000.000000000000000 ) ;
#952 = ORIENTED_EDGE ( 'NONE', *, *, #1046, .T. ) ;
#953 = ORIENTED_EDGE ( 'NONE', *, *, #965, .F. ) ;
#954 = CIRCLE ( 'NONE', #3132, 1.600000000000001643 ) ;
#955 = CARTESIAN_POINT ( 'NONE',  ( -13.80000000000000071, -48.22269074732328420, -3.999999999999998224 ) ) ;
#956 = CARTESIAN_POINT ( 'NONE',  ( 22.56935410655539087, 11.99999999999999822, -4.000000000000000000 ) ) ;
#957 = ORIENTED_EDGE ( 'NONE', *, *, #796, .F. ) ;
#958 = EDGE_CURVE ( 'NONE', #6204, #6247, #439, .T. ) ;
#959 = ORIENTED_EDGE ( 'NONE', *, *, #5914, .T. ) ;
#960 = ORIENTED_EDGE ( 'NONE', *, *, #669, .T. ) ;
#961 = CARTESIAN_POINT ( 'NONE',  ( -8.000000000000001776, 35.74406644123207144, 7.000000000000000000 ) ) ;
#962 = LINE ( 'NONE', #1402, #6492 ) ;
#963 = DIRECTION ( 'NONE',  ( -1.000000000000000000, 0.000000000000000000, 0.000000000000000000 ) ) ;
#964 = ORIENTED_EDGE ( 'NONE', *, *, #3952, .F. ) ;
#965 = EDGE_CURVE ( 'NONE', #5267, #3485, #5369, .T. ) ;
#966 = EDGE_CURVE ( 'NONE', #910, #1622, #1358, .T. ) ;
#967 = CARTESIAN_POINT ( 'NONE',  ( -17.00000000000000355, -43.22269074732326999, 9.000000000000001776 ) ) ;
#968 = CARTESIAN_POINT ( 'NONE',  ( 16.00000000000000000, 16.85000000000000142, -5.000000000000000000 ) ) ;
#969 = DIRECTION ( 'NONE',  ( -8.673617379884027583E-16, -1.000000000000000000, 0.000000000000000000 ) ) ;
#970 = CARTESIAN_POINT ( 'NONE',  ( 6.000000000000001776, -12.99999999999999467, -1.999999999999999556 ) ) ;
#971 = CARTESIAN_POINT ( 'NONE',  ( -16.00000000000000000, 16.85000000000000142, -5.000000000000000000 ) ) ;
#972 = VERTEX_POINT ( 'NONE', #6026 ) ;
#973 = ORIENTED_EDGE ( 'NONE', *, *, #615, .F. ) ;
#974 = ORIENTED_EDGE ( 'NONE', *, *, #2404, .F. ) ;
#975 = VERTEX_POINT ( 'NONE', #5003 ) ;
#976 = DIRECTION ( 'NONE',  ( 0.000000000000000000, 0.000000000000000000, 1.000000000000000000 ) ) ;
#977 = DIRECTION ( 'NONE',  ( 0.000000000000000000, 0.000000000000000000, 1.000000000000000000 ) ) ;
#978 = LINE ( 'NONE', #5683, #1578 ) ;
#979 = CARTESIAN_POINT ( 'NONE',  ( 19.98000000000000043, 16.85000000000000142, -6.000000000000000000 ) ) ;
#980 = CARTESIAN_POINT ( 'NONE',  ( -16.00000000000000000, 10.30000000000000249, -1.000000000000000000 ) ) ;
#981 = DIRECTION ( 'NONE',  ( -0.000000000000000000, -0.000000000000000000, -1.000000000000000000 ) ) ;
#982 = ORIENTED_EDGE ( 'NONE', *, *, #5544, .F. ) ;
#983 = ORIENTED_EDGE ( 'NONE', *, *, #253, .T. ) ;
#984 = DIRECTION ( 'NONE',  ( -0.000000000000000000, -0.000000000000000000, -1.000000000000000000 ) ) ;
#985 = EDGE_CURVE ( 'NONE', #4212, #5461, #343, .T. ) ;
#986 = DIRECTION ( 'NONE',  ( 0.000000000000000000, 0.000000000000000000, 1.000000000000000000 ) ) ;
#987 = ORIENTED_EDGE ( 'NONE', *, *, #3082, .T. ) ;
#988 = CIRCLE ( 'NONE', #4797, 2.149999999999997691 ) ;
#989 = ORIENTED_EDGE ( 'NONE', *, *, #1891, .T. ) ;
#990 = ORIENTED_EDGE ( 'NONE', *, *, #550, .T. ) ;
#991 = CARTESIAN_POINT ( 'NONE',  ( 20.72901885141147815, -18.99999999999999645, -5.500000000000000000 ) ) ;
#992 = CIRCLE ( 'NONE', #5562, 1.899999999999999023 ) ;
#993 = EDGE_CURVE ( 'NONE', #2585, #1404, #1906, .T. ) ;
#994 = SHAPE_DEFINITION_REPRESENTATION ( #5726, #6227 ) ;
#995 = FACE_OUTER_BOUND ( 'NONE', #2596, .T. ) ;
#996 = LINE ( 'NONE', #4679, #164 ) ;
#997 = VECTOR ( 'NONE', #1992, 1000.000000000000000 ) ;
#998 = ORIENTED_EDGE ( 'NONE', *, *, #6665, .F. ) ;
#999 = DIRECTION ( 'NONE',  ( 0.08715574274766843543, -0.9961946980917446570, 0.000000000000000000 ) ) ;
#1000 = DIRECTION ( 'NONE',  ( -0.000000000000000000, -0.000000000000000000, 1.000000000000000000 ) ) ;
#1001 = EDGE_CURVE ( 'NONE', #2481, #5690, #3793, .T. ) ;
#1002 = DIRECTION ( 'NONE',  ( 0.000000000000000000, -1.000000000000000000, 0.000000000000000000 ) ) ;
#1003 = DIRECTION ( 'NONE',  ( 0.6427876096865279276, 0.7660444431189875614, 0.000000000000000000 ) ) ;
#1004 = DIRECTION ( 'NONE',  ( -1.000000000000000000, -1.734723475976807341E-16, 0.000000000000000000 ) ) ;
#1005 = VERTEX_POINT ( 'NONE', #3824 ) ;
#1006 = VERTEX_POINT ( 'NONE', #3277 ) ;
#1007 = EDGE_LOOP ( 'NONE', ( #4666, #2925, #6415, #4194 ) ) ;
#1008 = EDGE_CURVE ( 'NONE', #5222, #3618, #4339, .T. ) ;
#1009 = VERTEX_POINT ( 'NONE', #5296 ) ;
#1010 = ADVANCED_FACE ( 'NONE', ( #4786 ), #5325, .T. ) ;
#1011 = CARTESIAN_POINT ( 'NONE',  ( 13.39129341151854291, -27.00000000000000000, -5.500000000000000000 ) ) ;
#1012 = CARTESIAN_POINT ( 'NONE',  ( 21.59487539711815174, 8.300000000000002487, -5.500000000000000000 ) ) ;
#1013 = DIRECTION ( 'NONE',  ( -1.000000000000000000, 0.000000000000000000, 0.000000000000000000 ) ) ;
#1014 = CARTESIAN_POINT ( 'NONE',  ( 26.00000000000000355, 16.84999999999999432, 7.000000000000000000 ) ) ;
#1015 = LINE ( 'NONE', #33, #2735 ) ;
#1016 = ORIENTED_EDGE ( 'NONE', *, *, #4794, .F. ) ;
#1017 = VERTEX_POINT ( 'NONE', #788 ) ;
#1018 = CYLINDRICAL_SURFACE ( 'NONE', #5846, 2.999999999999999112 ) ;
#1019 = CARTESIAN_POINT ( 'NONE',  ( -16.99999999999999289, -61.22269074732326999, -7.000000000000000000 ) ) ;
#1020 = VERTEX_POINT ( 'NONE', #1575 ) ;
#1021 = EDGE_CURVE ( 'NONE', #1764, #1020, #425, .T. ) ;
#1022 = ORIENTED_EDGE ( 'NONE', *, *, #5921, .F. ) ;
#1023 = AXIS2_PLACEMENT_3D ( 'NONE', #1282, #2824, #5343 ) ;
#1024 = ORIENTED_EDGE ( 'NONE', *, *, #5692, .T. ) ;
#1025 = DIRECTION ( 'NONE',  ( -0.000000000000000000, -0.000000000000000000, -1.000000000000000000 ) ) ;
#1026 = CARTESIAN_POINT ( 'NONE',  ( -30.14487539711820929, 0.000000000000000000, -5.000000000000000000 ) ) ;
#1027 = PLANE ( 'NONE',  #2448 ) ;
#1028 = ORIENTED_EDGE ( 'NONE', *, *, #6079, .F. ) ;
#1029 = EDGE_CURVE ( 'NONE', #6681, #3358, #1871, .T. ) ;
#1030 = CARTESIAN_POINT ( 'NONE',  ( -16.00000000000000355, 16.84999999999999787, 7.000000000000000000 ) ) ;
#1031 = DIRECTION ( 'NONE',  ( -0.6427876096865353661, 0.7660444431189812331, 0.000000000000000000 ) ) ;
#1032 = DIRECTION ( 'NONE',  ( 0.000000000000000000, 0.000000000000000000, 1.000000000000000000 ) ) ;
#1033 = DIRECTION ( 'NONE',  ( 0.000000000000000000, -0.000000000000000000, -1.000000000000000000 ) ) ;
#1034 = CARTESIAN_POINT ( 'NONE',  ( -6.000000000000001776, -12.99999999999999467, -1.999999999999999556 ) ) ;
#1035 = ORIENTED_EDGE ( 'NONE', *, *, #1831, .T. ) ;
#1036 = EDGE_CURVE ( 'NONE', #4996, #2894, #1015, .T. ) ;
#1037 = CIRCLE ( 'NONE', #5386, 2.000000000000000000 ) ;
#1038 = ORIENTED_EDGE ( 'NONE', *, *, #1185, .F. ) ;
#1039 = CARTESIAN_POINT ( 'NONE',  ( 8.784340083122721410, -46.75538741790095543, -4.644588232355006063 ) ) ;
#1040 = ORIENTED_EDGE ( 'NONE', *, *, #3570, .F. ) ;
#1041 = DIRECTION ( 'NONE',  ( -0.000000000000000000, -0.000000000000000000, 1.000000000000000000 ) ) ;
#1042 = FACE_BOUND ( 'NONE', #5872, .T. ) ;
#1043 = CARTESIAN_POINT ( 'NONE',  ( 21.49999999999983302, 24.22277336810119763, -4.000000000000000000 ) ) ;
#1044 = CARTESIAN_POINT ( 'NONE',  ( 27.00000000000024514, -34.86239308998502651, 6.999999999999999112 ) ) ;
#1045 = CIRCLE ( 'NONE', #6714, 1.599999999999997202 ) ;
#1046 = EDGE_CURVE ( 'NONE', #2585, #6729, #6552, .T. ) ;
#1047 = AXIS2_PLACEMENT_3D ( 'NONE', #2613, #1582, #3689 ) ;
#1048 = EDGE_CURVE ( 'NONE', #5985, #6022, #5786, .T. ) ;
#1049 = CARTESIAN_POINT ( 'NONE',  ( 10.85573459261985363, -48.30011647367800265, -2.393825752622864123 ) ) ;
#1050 = ORIENTED_EDGE ( 'NONE', *, *, #4338, .T. ) ;
#1051 = VECTOR ( 'NONE', #2027, 1000.000000000000114 ) ;
#1052 = VERTEX_POINT ( 'NONE', #2594 ) ;
#1053 = DIRECTION ( 'NONE',  ( 1.000000000000000000, 0.000000000000000000, 0.000000000000000000 ) ) ;
#1054 = VECTOR ( 'NONE', #3608, 1000.000000000000000 ) ;
#1055 = DIRECTION ( 'NONE',  ( 0.000000000000000000, 0.000000000000000000, 1.000000000000000000 ) ) ;
#1056 = AXIS2_PLACEMENT_3D ( 'NONE', #2803, #2863, #345 ) ;
#1057 = AXIS2_PLACEMENT_3D ( 'NONE', #3384, #5431, #4857 ) ;
#1058 = AXIS2_PLACEMENT_3D ( 'NONE', #6080, #3507, #4498 ) ;
#1059 = EDGE_LOOP ( 'NONE', ( #4796, #4024 ) ) ;
#1060 = ORIENTED_EDGE ( 'NONE', *, *, #1332, .T. ) ;
#1061 = CARTESIAN_POINT ( 'NONE',  ( 27.25605529807279126, -18.99999999999999645, -1.000000000000000000 ) ) ;
#1062 = PLANE ( 'NONE',  #4746 ) ;
#1063 = LINE ( 'NONE', #6662, #1345 ) ;
#1064 = ORIENTED_EDGE ( 'NONE', *, *, #2426, .T. ) ;
#1065 = FACE_OUTER_BOUND ( 'NONE', #397, .T. ) ;
#1066 = DIRECTION ( 'NONE',  ( 1.000000000000000000, 0.000000000000000000, 0.000000000000000000 ) ) ;
#1067 = FACE_OUTER_BOUND ( 'NONE', #2811, .T. ) ;
#1068 = CARTESIAN_POINT ( 'NONE',  ( -12.89451006063635674, -49.80957243241605426, -3.764455167254121548 ) ) ;
#1069 = DIRECTION ( 'NONE',  ( 0.000000000000000000, 0.000000000000000000, 1.000000000000000000 ) ) ;
#1070 = EDGE_CURVE ( 'NONE', #4998, #5298, #1228, .T. ) ;
#1071 = ORIENTED_EDGE ( 'NONE', *, *, #1460, .T. ) ;
#1072 = ORIENTED_EDGE ( 'NONE', *, *, #5068, .T. ) ;
#1073 = CARTESIAN_POINT ( 'NONE',  ( 8.683618383218826509, -46.63140338205013791, -4.192009911205671457 ) ) ;
#1074 = EDGE_LOOP ( 'NONE', ( #3267, #6306, #3141, #6070, #3896, #5538, #3665, #6464, #305, #5316, #3151, #4729 ) ) ;
#1075 = DIRECTION ( 'NONE',  ( 0.000000000000000000, 0.000000000000000000, 1.000000000000000000 ) ) ;
#1076 = LINE ( 'NONE', #3156, #5189 ) ;
#1077 = DIRECTION ( 'NONE',  ( 0.000000000000000000, -0.000000000000000000, 1.000000000000000000 ) ) ;
#1078 = EDGE_CURVE ( 'NONE', #3643, #5587, #5392, .T. ) ;
#1079 = LINE ( 'NONE', #570, #5882 ) ;
#1080 = CARTESIAN_POINT ( 'NONE',  ( 9.914232278121122732, -47.78866008801809073, -2.442715724517539488 ) ) ;
#1081 = ORIENTED_EDGE ( 'NONE', *, *, #5239, .F. ) ;
#1082 = VERTEX_POINT ( 'NONE', #602 ) ;
#1083 = CARTESIAN_POINT ( 'NONE',  ( 23.59487539711820858, 0.000000000000000000, -1.000000000000000000 ) ) ;
#1084 = EDGE_CURVE ( 'NONE', #5658, #1832, #1753, .T. ) ;
#1085 = DIRECTION ( 'NONE',  ( -0.000000000000000000, -0.000000000000000000, -1.000000000000000000 ) ) ;
#1086 = EDGE_LOOP ( 'NONE', ( #2916, #3049, #5357, #1754 ) ) ;
#1087 = ORIENTED_EDGE ( 'NONE', *, *, #5986, .F. ) ;
#1088 = FACE_OUTER_BOUND ( 'NONE', #1007, .T. ) ;
#1089 = EDGE_CURVE ( 'NONE', #3680, #1622, #3675, .T. ) ;
#1090 = EDGE_CURVE ( 'NONE', #1910, #5546, #4152, .T. ) ;
#1091 = CARTESIAN_POINT ( 'NONE',  ( -16.20000000000000284, -43.22269074732326999, 9.000000000000001776 ) ) ;
#1092 = CARTESIAN_POINT ( 'NONE',  ( 17.00000000000000000, -46.32269074732328562, -3.999999999999998224 ) ) ;
#1093 = ORIENTED_EDGE ( 'NONE', *, *, #338, .F. ) ;
#1094 = CARTESIAN_POINT ( 'NONE',  ( 13.79999999999999893, -48.22269074732327709, -3.999999999999998224 ) ) ;
#1095 = AXIS2_PLACEMENT_3D ( 'NONE', #915, #2491, #4565 ) ;
#1096 = DIRECTION ( 'NONE',  ( 0.000000000000000000, 1.000000000000000000, 0.000000000000000000 ) ) ;
#1097 = CYLINDRICAL_SURFACE ( 'NONE', #6381, 3.000000000000000000 ) ;
#1098 = CARTESIAN_POINT ( 'NONE',  ( -12.87642667779303984, -49.75846141610760043, -3.536229255323447784 ) ) ;
#1099 = LINE ( 'NONE', #6151, #4843 ) ;
#1100 = EDGE_LOOP ( 'NONE', ( #4700, #2423, #5382, #6744 ) ) ;
#1101 = AXIS2_PLACEMENT_3D ( 'NONE', #3230, #3775, #4254 ) ;
#1102 = EDGE_CURVE ( 'NONE', #3448, #3134, #772, .T. ) ;
#1103 = VERTEX_POINT ( 'NONE', #572 ) ;
#1104 = ORIENTED_EDGE ( 'NONE', *, *, #5092, .F. ) ;
#1105 = CARTESIAN_POINT ( 'NONE',  ( -27.29659163829112956, -8.061623882891206350, -5.500000000000000000 ) ) ;
#1106 = LINE ( 'NONE', #1204, #944 ) ;
#1107 = DIRECTION ( 'NONE',  ( 1.000000000000000000, 0.000000000000000000, 0.000000000000000000 ) ) ;
#1108 = CARTESIAN_POINT ( 'NONE',  ( -9.799999999999998934, -43.22269074732326999, 9.000000000000001776 ) ) ;
#1109 = CARTESIAN_POINT ( 'NONE',  ( 26.26794919243111792, 11.00000000000000000, 7.000000000000000000 ) ) ;
#1110 = EDGE_CURVE ( 'NONE', #6729, #1357, #5717, .T. ) ;
#1111 = VERTEX_POINT ( 'NONE', #509 ) ;
#1112 = ORIENTED_EDGE ( 'NONE', *, *, #4073, .F. ) ;
#1113 = LINE ( 'NONE', #4827, #2905 ) ;
#1114 = DIRECTION ( 'NONE',  ( 0.000000000000000000, -1.000000000000000000, 0.000000000000000000 ) ) ;
#1115 = EDGE_CURVE ( 'NONE', #2331, #6519, #3173, .T. ) ;
#1116 = ORIENTED_EDGE ( 'NONE', *, *, #3502, .T. ) ;
#1117 = VERTEX_POINT ( 'NONE', #2654 ) ;
#1118 = CARTESIAN_POINT ( 'NONE',  ( -8.149999999999998579, -12.99999999999999467, 9.000000000000001776 ) ) ;
#1119 = DIRECTION ( 'NONE',  ( -1.000000000000000000, 0.000000000000000000, 0.000000000000000000 ) ) ;
#1120 = VERTEX_POINT ( 'NONE', #4665 ) ;
#1121 = ADVANCED_FACE ( 'NONE', ( #6305 ), #6498, .T. ) ;
#1122 = EDGE_CURVE ( 'NONE', #4425, #5308, #516, .T. ) ;
#1123 = DIRECTION ( 'NONE',  ( 1.000000000000000000, 0.000000000000000000, 0.000000000000000000 ) ) ;
#1124 = AXIS2_PLACEMENT_3D ( 'NONE', #3474, #892, #3344 ) ;
#1125 = CARTESIAN_POINT ( 'NONE',  ( -12.11038420302123697, 17.69337948273200922, -6.000000000000000000 ) ) ;
#1126 = LINE ( 'NONE', #4169, #5602 ) ;
#1127 = AXIS2_PLACEMENT_3D ( 'NONE', #2286, #3363, #806 ) ;
#1128 = CYLINDRICAL_SURFACE ( 'NONE', #2352, 3.980000000000004423 ) ;
#1129 = CARTESIAN_POINT ( 'NONE',  ( -11.97529123146689578, -48.69000135598374612, -2.463013678650226801 ) ) ;
#1130 = CARTESIAN_POINT ( 'NONE',  ( -9.503906377641433423, -47.47207296681275324, -2.582290937030893740 ) ) ;
#1131 = ORIENTED_EDGE ( 'NONE', *, *, #5023, .F. ) ;
#1132 = VECTOR ( 'NONE', #6027, 1000.000000000000000 ) ;
#1133 = ORIENTED_EDGE ( 'NONE', *, *, #2330, .T. ) ;
#1134 = DIRECTION ( 'NONE',  ( -1.000000000000000000, -1.734723475976807341E-16, 0.000000000000000000 ) ) ;
#1135 = ORIENTED_EDGE ( 'NONE', *, *, #5763, .T. ) ;
#1136 = DIRECTION ( 'NONE',  ( -1.000000000000000000, 0.000000000000000000, 0.000000000000000000 ) ) ;
#1137 = LINE ( 'NONE', #1728, #2036 ) ;
#1138 = CARTESIAN_POINT ( 'NONE',  ( 13.80000000000000071, -48.22269074732328420, -3.999999999999998224 ) ) ;
#1139 = VECTOR ( 'NONE', #5137, 1000.000000000000000 ) ;
#1140 = DIRECTION ( 'NONE',  ( -1.000000000000000000, 0.000000000000000000, 0.000000000000000000 ) ) ;
#1141 = VECTOR ( 'NONE', #1893, 1000.000000000000000 ) ;
#1142 = CIRCLE ( 'NONE', #928, 3.200000000000006839 ) ;
#1143 = VERTEX_POINT ( 'NONE', #3634 ) ;
#1144 = ORIENTED_EDGE ( 'NONE', *, *, #32, .F. ) ;
#1145 = FACE_OUTER_BOUND ( 'NONE', #5547, .T. ) ;
#1146 = VECTOR ( 'NONE', #2836, 1000.000000000000000 ) ;
#1147 = LINE ( 'NONE', #2722, #1314 ) ;
#1148 = EDGE_CURVE ( 'NONE', #511, #2223, #3876, .T. ) ;
#1149 = AXIS2_PLACEMENT_3D ( 'NONE', #349, #4099, #380 ) ;
#1150 = VERTEX_POINT ( 'NONE', #2624 ) ;
#1151 = VERTEX_POINT ( 'NONE', #2148 ) ;
#1152 = CIRCLE ( 'NONE', #4528, 3.000000000000000000 ) ;
#1153 = CARTESIAN_POINT ( 'NONE',  ( 6.000000000000001776, -12.99999999999999467, -1.999999999999999556 ) ) ;
#1154 = VECTOR ( 'NONE', #999, 1000.000000000000114 ) ;
#1155 = CYLINDRICAL_SURFACE ( 'NONE', #3936, 3.980000000000000870 ) ;
#1156 = EDGE_CURVE ( 'NONE', #3677, #521, #3119, .T. ) ;
#1157 = MANIFOLD_SOLID_BREP ( '\X2\52079664\X0\-\X2\62c94f38\X0\15', #6369 ) ;
#1158 = CIRCLE ( 'NONE', #2046, 20.00000000000000000 ) ;
#1159 = ORIENTED_EDGE ( 'NONE', *, *, #2818, .T. ) ;
#1160 = VECTOR ( 'NONE', #4597, 1000.000000000000000 ) ;
#1161 = LINE ( 'NONE', #4810, #4209 ) ;
#1162 = CARTESIAN_POINT ( 'NONE',  ( -9.450000000000002842, 19.24406644123207144, -5.500000000000000000 ) ) ;
#1163 = CARTESIAN_POINT ( 'NONE',  ( 11.96630948064545485, -48.69619021504818335, -2.470788062049368961 ) ) ;
#1164 = AXIS2_PLACEMENT_3D ( 'NONE', #1920, #4030, #3954 ) ;
#1165 = DIRECTION ( 'NONE',  ( -0.000000000000000000, -0.000000000000000000, -1.000000000000000000 ) ) ;
#1166 = DIRECTION ( 'NONE',  ( 0.000000000000000000, 0.000000000000000000, 1.000000000000000000 ) ) ;
#1167 = DIRECTION ( 'NONE',  ( 1.000000000000000000, 0.000000000000000000, 0.000000000000000000 ) ) ;
#1168 = EDGE_CURVE ( 'NONE', #589, #434, #3441, .T. ) ;
#1169 = EDGE_CURVE ( 'NONE', #5942, #3020, #3411, .T. ) ;
#1170 = EDGE_LOOP ( 'NONE', ( #3511, #4029, #2302, #5710, #2879, #3504, #3160, #4330 ) ) ;
#1171 = ORIENTED_EDGE ( 'NONE', *, *, #1937, .T. ) ;
#1172 = DIRECTION ( 'NONE',  ( -0.000000000000000000, 0.000000000000000000, 1.000000000000000000 ) ) ;
#1173 = ORIENTED_EDGE ( 'NONE', *, *, #3790, .T. ) ;
#1174 = FACE_OUTER_BOUND ( 'NONE', #6701, .T. ) ;
#1175 = LINE ( 'NONE', #634, #6283 ) ;
#1176 = FACE_BOUND ( 'NONE', #1953, .T. ) ;
#1177 = ADVANCED_FACE ( 'NONE', ( #4989 ), #1784, .F. ) ;
#1178 = FACE_OUTER_BOUND ( 'NONE', #1200, .T. ) ;
#1179 = ORIENTED_EDGE ( 'NONE', *, *, #4659, .T. ) ;
#1180 = ORIENTED_EDGE ( 'NONE', *, *, #3674, .T. ) ;
#1181 = DIRECTION ( 'NONE',  ( 0.000000000000000000, 0.000000000000000000, 1.000000000000000000 ) ) ;
#1182 = DIRECTION ( 'NONE',  ( 1.000000000000000000, 0.000000000000000000, 0.000000000000000000 ) ) ;
#1183 = DIRECTION ( 'NONE',  ( -1.000000000000000000, 0.000000000000000000, 0.000000000000000000 ) ) ;
#1184 = EDGE_LOOP ( 'NONE', ( #5327, #259 ) ) ;
#1185 = EDGE_CURVE ( 'NONE', #1832, #4356, #2401, .T. ) ;
#1186 = VERTEX_POINT ( 'NONE', #352 ) ;
#1187 = PLANE ( 'NONE',  #1977 ) ;
#1188 = CARTESIAN_POINT ( 'NONE',  ( -10.50000000000000178, -12.99999999999999467, -5.500000000000000000 ) ) ;
#1189 = ORIENTED_EDGE ( 'NONE', *, *, #3306, .F. ) ;
#1190 = CARTESIAN_POINT ( 'NONE',  ( 8.000000000000000000, 37.74406644123207144, 7.000000000000000000 ) ) ;
#1191 = ADVANCED_FACE ( 'NONE', ( #4474, #6562 ), #2908, .T. ) ;
#1192 = CIRCLE ( 'NONE', #116, 1.600000000000001643 ) ;
#1193 = CARTESIAN_POINT ( 'NONE',  ( -3.100000000000001865, 29.74406644123207144, 3.799999999999999822 ) ) ;
#1194 = LINE ( 'NONE', #118, #5394 ) ;
#1195 = CARTESIAN_POINT ( 'NONE',  ( -12.38077773344881116, -48.99497154007501365, -5.409001208991387699 ) ) ;
#1196 = CARTESIAN_POINT ( 'NONE',  ( -3.399999999999999467, 29.74406644123207144, 7.000000000000000000 ) ) ;
#1197 = ORIENTED_EDGE ( 'NONE', *, *, #6322, .T. ) ;
#1198 = AXIS2_PLACEMENT_3D ( 'NONE', #3468, #884, #1502 ) ;
#1199 = ADVANCED_FACE ( 'NONE', ( #1371 ), #5460, .F. ) ;
#1200 = EDGE_LOOP ( 'NONE', ( #2113, #4630, #178, #6012, #520, #2512, #973 ) ) ;
#1201 = DIRECTION ( 'NONE',  ( 0.000000000000000000, 0.000000000000000000, 1.000000000000000000 ) ) ;
#1202 = ORIENTED_EDGE ( 'NONE', *, *, #1775, .T. ) ;
#1203 = DIRECTION ( 'NONE',  ( 0.7071067811865424657, -0.000000000000000000, 0.7071067811865526798 ) ) ;
#1204 = CARTESIAN_POINT ( 'NONE',  ( 9.449999999999885603, -11.73931215304559927, -1.000000000000000000 ) ) ;
#1205 = DIRECTION ( 'NONE',  ( -1.000000000000000000, 0.000000000000000000, 0.000000000000000000 ) ) ;
#1206 = VECTOR ( 'NONE', #363, 1000.000000000000000 ) ;
#1207 = CARTESIAN_POINT ( 'NONE',  ( -3.399999999999999023, 29.74406644123207144, -6.000000000000000888 ) ) ;
#1208 = EDGE_CURVE ( 'NONE', #2701, #3034, #2868, .T. ) ;
#1209 = ORIENTED_EDGE ( 'NONE', *, *, #3335, .F. ) ;
#1210 = EDGE_CURVE ( 'NONE', #521, #3677, #5951, .T. ) ;
#1211 = ORIENTED_EDGE ( 'NONE', *, *, #1535, .F. ) ;
#1212 = LINE ( 'NONE', #1733, #2053 ) ;
#1213 = FACE_OUTER_BOUND ( 'NONE', #611, .T. ) ;
#1214 = LINE ( 'NONE', #302, #3633 ) ;
#1215 = CARTESIAN_POINT ( 'NONE',  ( 7.500000000000005329, -56.22269074732326999, -5.500000000000000000 ) ) ;
#1216 = ORIENTED_EDGE ( 'NONE', *, *, #4961, .T. ) ;
#1217 = ORIENTED_EDGE ( 'NONE', *, *, #4922, .F. ) ;
#1218 = LINE ( 'NONE', #3199, #3709 ) ;
#1219 = DIRECTION ( 'NONE',  ( 0.000000000000000000, 0.000000000000000000, 1.000000000000000000 ) ) ;
#1220 = EDGE_LOOP ( 'NONE', ( #4566, #1890, #6686, #67, #2214, #5729 ) ) ;
#1221 = DIRECTION ( 'NONE',  ( 0.000000000000000000, 0.000000000000000000, 1.000000000000000000 ) ) ;
#1222 = DIRECTION ( 'NONE',  ( 0.000000000000000000, 0.000000000000000000, -1.000000000000000000 ) ) ;
#1223 = DIRECTION ( 'NONE',  ( -0.000000000000000000, -0.000000000000000000, -1.000000000000000000 ) ) ;
#1224 = LINE ( 'NONE', #314, #1255 ) ;
#1225 = CARTESIAN_POINT ( 'NONE',  ( -9.373692502027253681, -47.36090735169135257, -2.645168406009759554 ) ) ;
#1226 = ORIENTED_EDGE ( 'NONE', *, *, #2378, .F. ) ;
#1227 = EDGE_CURVE ( 'NONE', #3842, #4302, #4005, .T. ) ;
#1228 = LINE ( 'NONE', #1597, #3550 ) ;
#1229 = ORIENTED_EDGE ( 'NONE', *, *, #2784, .F. ) ;
#1230 = VECTOR ( 'NONE', #4031, 1000.000000000000000 ) ;
#1231 = DIRECTION ( 'NONE',  ( 0.000000000000000000, -1.000000000000000000, 0.000000000000000000 ) ) ;
#1232 = VERTEX_POINT ( 'NONE', #5427 ) ;
#1233 = DIRECTION ( 'NONE',  ( -0.000000000000000000, -0.000000000000000000, -1.000000000000000000 ) ) ;
#1234 = CARTESIAN_POINT ( 'NONE',  ( 40.00000000000000711, 31.00000000000001066, -6.000000000000000000 ) ) ;
#1235 = DIRECTION ( 'NONE',  ( 0.08715574274766170471, 0.9961946980917453232, 0.000000000000000000 ) ) ;
#1236 = CARTESIAN_POINT ( 'NONE',  ( -7.500000000000007105, -24.00000000000000000, -5.500000000000000000 ) ) ;
#1237 = EDGE_CURVE ( 'NONE', #4933, #1834, #2359, .T. ) ;
#1238 = AXIS2_PLACEMENT_3D ( 'NONE', #2791, #2316, #4870 ) ;
#1239 = EDGE_LOOP ( 'NONE', ( #4327, #1093 ) ) ;
#1240 = ORIENTED_EDGE ( 'NONE', *, *, #3609, .F. ) ;
#1241 = AXIS2_PLACEMENT_3D ( 'NONE', #4181, #1629, #6711 ) ;
#1242 = DIRECTION ( 'NONE',  ( 1.000000000000000000, 0.000000000000000000, 0.000000000000000000 ) ) ;
#1243 = CIRCLE ( 'NONE', #817, 4.000000000000000000 ) ;
#1244 = DIRECTION ( 'NONE',  ( -1.000000000000000000, 0.000000000000000000, -0.000000000000000000 ) ) ;
#1245 = EDGE_CURVE ( 'NONE', #3422, #374, #289, .T. ) ;
#1246 = EDGE_CURVE ( 'NONE', #2929, #4373, #1519, .T. ) ;
#1247 = DIRECTION ( 'NONE',  ( 7.127781821258276232E-15, -1.000000000000000000, 0.000000000000000000 ) ) ;
#1248 = DIRECTION ( 'NONE',  ( -0.7660444431189817882, -0.6427876096865350330, 0.000000000000000000 ) ) ;
#1249 = ORIENTED_EDGE ( 'NONE', *, *, #3067, .F. ) ;
#1250 = VERTEX_POINT ( 'NONE', #1824 ) ;
#1251 = DIRECTION ( 'NONE',  ( -0.000000000000000000, -0.000000000000000000, 1.000000000000000000 ) ) ;
#1252 = CARTESIAN_POINT ( 'NONE',  ( 8.000000000000000000, 37.74406644123207144, 7.000000000000000000 ) ) ;
#1253 = VERTEX_POINT ( 'NONE', #3619 ) ;
#1254 = AXIS2_PLACEMENT_3D ( 'NONE', #1408, #320, #3482 ) ;
#1255 = VECTOR ( 'NONE', #6010, 1000.000000000000000 ) ;
#1256 = DIRECTION ( 'NONE',  ( -1.000000000000000000, 0.000000000000000000, 0.000000000000000000 ) ) ;
#1257 = AXIS2_PLACEMENT_3D ( 'NONE', #1190, #181, #4263 ) ;
#1258 = LINE ( 'NONE', #1815, #2549 ) ;
#1259 = AXIS2_PLACEMENT_3D ( 'NONE', #659, #1661, #2745 ) ;
#1260 = LINE ( 'NONE', #3956, #3410 ) ;
#1261 = CARTESIAN_POINT ( 'NONE',  ( -12.67677299291288406, -49.35851555408321900, -5.129777434290622828 ) ) ;
#1262 = DIRECTION ( 'NONE',  ( -1.000000000000000000, 0.000000000000000000, 0.000000000000000000 ) ) ;
#1263 = AXIS2_PLACEMENT_3D ( 'NONE', #3227, #2751, #3193 ) ;
#1264 = ORIENTED_EDGE ( 'NONE', *, *, #3855, .T. ) ;
#1265 = VECTOR ( 'NONE', #1813, 1000.000000000000000 ) ;
#1266 = CIRCLE ( 'NONE', #6176, 2.000000000000000000 ) ;
#1267 = DIRECTION ( 'NONE',  ( 1.000000000000000000, 0.000000000000000000, -0.000000000000000000 ) ) ;
#1268 = VECTOR ( 'NONE', #1312, 1000.000000000000000 ) ;
#1269 = ORIENTED_EDGE ( 'NONE', *, *, #113, .F. ) ;
#1270 = LINE ( 'NONE', #729, #272 ) ;
#1271 = EDGE_CURVE ( 'NONE', #4798, #1610, #6068, .T. ) ;
#1272 = CARTESIAN_POINT ( 'NONE',  ( -5.000000000000000888, -1.000000000000000000, -6.000000000000000000 ) ) ;
#1273 = DIRECTION ( 'NONE',  ( -0.7071067811865424657, 0.000000000000000000, -0.7071067811865526798 ) ) ;
#1274 = CARTESIAN_POINT ( 'NONE',  ( 8.000000000000000000, 37.74406644123207144, 7.000000000000000000 ) ) ;
#1275 = CARTESIAN_POINT ( 'NONE',  ( 17.00000000000000000, -48.22269074732328420, -3.999999999999998224 ) ) ;
#1276 = ORIENTED_EDGE ( 'NONE', *, *, #2385, .F. ) ;
#1277 = ORIENTED_EDGE ( 'NONE', *, *, #3268, .F. ) ;
#1278 = EDGE_CURVE ( 'NONE', #2107, #2300, #4138, .T. ) ;
#1279 = ORIENTED_EDGE ( 'NONE', *, *, #4794, .T. ) ;
#1280 = CARTESIAN_POINT ( 'NONE',  ( -30.14487539711820929, 0.000000000000000000, -1.000000000000000000 ) ) ;
#1281 = CYLINDRICAL_SURFACE ( 'NONE', #2092, 2.149999999999997247 ) ;
#1282 = CARTESIAN_POINT ( 'NONE',  ( 13.00000000000000178, -43.22269074732326999, 3.799999999999999822 ) ) ;
#1283 = DIRECTION ( 'NONE',  ( -0.000000000000000000, -0.000000000000000000, -1.000000000000000000 ) ) ;
#1284 = ORIENTED_EDGE ( 'NONE', *, *, #4522, .T. ) ;
#1285 = ORIENTED_EDGE ( 'NONE', *, *, #3364, .F. ) ;
#1286 = EDGE_CURVE ( 'NONE', #3320, #4583, #3110, .T. ) ;
#1287 = CARTESIAN_POINT ( 'NONE',  ( -26.00000000000000000, 11.99999999999999822, -1.000000000000000000 ) ) ;
#1288 = DIRECTION ( 'NONE',  ( 1.000000000000000000, 0.000000000000000000, 0.000000000000000000 ) ) ;
#1289 = ORIENTED_EDGE ( 'NONE', *, *, #6025, .T. ) ;
#1290 = ORIENTED_EDGE ( 'NONE', *, *, #4137, .F. ) ;
#1291 = CARTESIAN_POINT ( 'NONE',  ( 7.500000000000000000, -24.00000000000000000, -7.000000000000000000 ) ) ;
#1292 = ADVANCED_FACE ( 'NONE', ( #6632 ), #1576, .F. ) ;
#1293 = ADVANCED_FACE ( 'NONE', ( #4607 ), #6218, .F. ) ;
#1294 = LINE ( 'NONE', #6417, #492 ) ;
#1295 = DIRECTION ( 'NONE',  ( -1.000000000000000000, 0.000000000000000000, 0.000000000000000000 ) ) ;
#1296 = DIRECTION ( 'NONE',  ( 1.000000000000000000, 0.000000000000000000, 0.000000000000000000 ) ) ;
#1297 = DIRECTION ( 'NONE',  ( -1.000000000000000000, 1.734723475976807341E-16, -0.000000000000000000 ) ) ;
#1298 = ORIENTED_EDGE ( 'NONE', *, *, #2116, .F. ) ;
#1299 = CARTESIAN_POINT ( 'NONE',  ( -12.11038420302123697, 17.69337948273200922, -6.000000000000000000 ) ) ;
#1300 = AXIS2_PLACEMENT_3D ( 'NONE', #4329, #3716, #1119 ) ;
#1301 = ORIENTED_EDGE ( 'NONE', *, *, #4136, .F. ) ;
#1302 = DIRECTION ( 'NONE',  ( -0.000000000000000000, -0.000000000000000000, -1.000000000000000000 ) ) ;
#1303 = FACE_OUTER_BOUND ( 'NONE', #4876, .T. ) ;
#1304 = CARTESIAN_POINT ( 'NONE',  ( -9.799999999999998934, -43.22269074732326999, 7.000000000000000000 ) ) ;
#1305 = LINE ( 'NONE', #3385, #3750 ) ;
#1306 = ORIENTED_EDGE ( 'NONE', *, *, #2122, .F. ) ;
#1307 = AXIS2_PLACEMENT_3D ( 'NONE', #3712, #4132, #2162 ) ;
#1308 = EDGE_CURVE ( 'NONE', #4240, #510, #5739, .T. ) ;
#1309 = ORIENTED_EDGE ( 'NONE', *, *, #4940, .F. ) ;
#1310 = ORIENTED_EDGE ( 'NONE', *, *, #6382, .F. ) ;
#1311 = ORIENTED_EDGE ( 'NONE', *, *, #53, .T. ) ;
#1312 = DIRECTION ( 'NONE',  ( -1.000000000000000000, -1.734723475976807587E-16, -0.000000000000000000 ) ) ;
#1313 = CARTESIAN_POINT ( 'NONE',  ( 13.00000000000000178, -43.22269074732326999, 7.000000000000000000 ) ) ;
#1314 = VECTOR ( 'NONE', #2693, 1000.000000000000000 ) ;
#1315 = ADVANCED_FACE ( 'NONE', ( #1065 ), #2572, .T. ) ;
#1316 = CARTESIAN_POINT ( 'NONE',  ( -13.00000000000000178, -35.99427459992278244, 6.999999999999999112 ) ) ;
#1317 = DIRECTION ( 'NONE',  ( 0.6427876096865349220, -0.7660444431189816772, 0.000000000000000000 ) ) ;
#1318 = VERTEX_POINT ( 'NONE', #3146 ) ;
#1319 = EDGE_LOOP ( 'NONE', ( #3019, #3366, #6021, #5978 ) ) ;
#1320 = DIRECTION ( 'NONE',  ( 0.6427876096865349220, -0.7660444431189815662, 0.000000000000000000 ) ) ;
#1321 = DIRECTION ( 'NONE',  ( 1.000000000000000000, 0.000000000000000000, 0.000000000000000000 ) ) ;
#1322 = ORIENTED_EDGE ( 'NONE', *, *, #1511, .T. ) ;
#1323 = EDGE_CURVE ( 'NONE', #2089, #5267, #5223, .T. ) ;
#1324 = PLANE ( 'NONE',  #406 ) ;
#1325 = PLANE ( 'NONE',  #193 ) ;
#1326 = CARTESIAN_POINT ( 'NONE',  ( -27.25605529807278415, -19.00000000000000711, 6.999999999999999112 ) ) ;
#1327 = DIRECTION ( 'NONE',  ( -0.000000000000000000, -0.000000000000000000, -1.000000000000000000 ) ) ;
#1328 = DIRECTION ( 'NONE',  ( 1.000000000000000000, 0.000000000000000000, 0.000000000000000000 ) ) ;
#1329 = LINE ( 'NONE', #6525, #2556 ) ;
#1330 = ORIENTED_EDGE ( 'NONE', *, *, #5719, .F. ) ;
#1331 = EDGE_CURVE ( 'NONE', #5965, #5546, #527, .T. ) ;
#1332 = EDGE_CURVE ( 'NONE', #3724, #4302, #1814, .T. ) ;
#1333 = LINE ( 'NONE', #2373, #1686 ) ;
#1334 = CARTESIAN_POINT ( 'NONE',  ( 3.849999999999968114, 19.24406644123207144, 6.999999999999999112 ) ) ;
#1335 = DIRECTION ( 'NONE',  ( -0.000000000000000000, -0.000000000000000000, 1.000000000000000000 ) ) ;
#1336 = LINE ( 'NONE', #5465, #3974 ) ;
#1337 = ORIENTED_EDGE ( 'NONE', *, *, #2165, .T. ) ;
#1338 = CIRCLE ( 'NONE', #2225, 1.899999999999999023 ) ;
#1339 = EDGE_LOOP ( 'NONE', ( #4975, #6570, #2381, #5954 ) ) ;
#1340 = VECTOR ( 'NONE', #2934, 1000.000000000000000 ) ;
#1341 = ORIENTED_EDGE ( 'NONE', *, *, #5265, .F. ) ;
#1342 = EDGE_LOOP ( 'NONE', ( #2103, #5764, #707, #481, #3658, #3734, #4077, #4554, #5329, #126, #6297, #282, #2782, #6156, #1311, #6336, #4716, #2176, #711, #3573, #3959, #4096, #1981, #4117, #810 ) ) ;
#1343 = DIRECTION ( 'NONE',  ( 1.000000000000000000, 0.000000000000000000, 0.000000000000000000 ) ) ;
#1344 = EDGE_CURVE ( 'NONE', #2507, #2184, #3989, .T. ) ;
#1345 = VECTOR ( 'NONE', #3510, 1000.000000000000000 ) ;
#1346 = CYLINDRICAL_SURFACE ( 'NONE', #4588, 4.000000000000000000 ) ;
#1347 = CARTESIAN_POINT ( 'NONE',  ( -9.000000000000001776, 29.74406644123207144, 7.000000000000000000 ) ) ;
#1348 = LINE ( 'NONE', #3430, #3739 ) ;
#1349 = VECTOR ( 'NONE', #3766, 1000.000000000000000 ) ;
#1350 = ORIENTED_EDGE ( 'NONE', *, *, #1364, .F. ) ;
#1351 = ORIENTED_EDGE ( 'NONE', *, *, #3594, .T. ) ;
#1352 = CIRCLE ( 'NONE', #4404, 3.200000000000001510 ) ;
#1353 = CARTESIAN_POINT ( 'NONE',  ( 17.00000000000000000, -31.22269074732326288, -7.000000000000000000 ) ) ;
#1354 = ADVANCED_FACE ( 'NONE', ( #556 ), #2641, .F. ) ;
#1355 = FACE_OUTER_BOUND ( 'NONE', #5457, .T. ) ;
#1356 = AXIS2_PLACEMENT_3D ( 'NONE', #971, #6191, #2645 ) ;
#1357 = VERTEX_POINT ( 'NONE', #929 ) ;
#1358 = CIRCLE ( 'NONE', #5177, 2.000000000000001776 ) ;
#1359 = VERTEX_POINT ( 'NONE', #6694 ) ;
#1360 = DIRECTION ( 'NONE',  ( 1.000000000000000000, 0.000000000000000000, 0.000000000000000000 ) ) ;
#1361 = VECTOR ( 'NONE', #3737, 1000.000000000000000 ) ;
#1362 = CARTESIAN_POINT ( 'NONE',  ( -15.35985703909246425, 31.00000000000001421, -6.000000000000000000 ) ) ;
#1363 = CARTESIAN_POINT ( 'NONE',  ( 37.80531982830802207, -6.427876096865348998, -7.000000000000000000 ) ) ;
#1364 = EDGE_CURVE ( 'NONE', #1250, #2580, #5666, .T. ) ;
#1365 = CYLINDRICAL_SURFACE ( 'NONE', #6140, 5.499999999999998224 ) ;
#1366 = CARTESIAN_POINT ( 'NONE',  ( -8.000000000000000000, 37.74406644123207144, -7.000000000000000000 ) ) ;
#1367 = DIRECTION ( 'NONE',  ( 0.000000000000000000, 0.000000000000000000, -1.000000000000000000 ) ) ;
#1368 = AXIS2_PLACEMENT_3D ( 'NONE', #5597, #4476, #1894 ) ;
#1369 = EDGE_LOOP ( 'NONE', ( #58, #4709, #5216, #239, #747 ) ) ;
#1370 = CIRCLE ( 'NONE', #5945, 2.000000000000000000 ) ;
#1371 = FACE_OUTER_BOUND ( 'NONE', #2633, .T. ) ;
#1372 = AXIS2_PLACEMENT_3D ( 'NONE', #568, #1593, #5753 ) ;
#1373 = CARTESIAN_POINT ( 'NONE',  ( -13.00000000000000178, -35.99427459992278244, 22.65494915959678224 ) ) ;
#1374 = ADVANCED_FACE ( 'NONE', ( #426 ), #2501, .F. ) ;
#1375 = AXIS2_PLACEMENT_3D ( 'NONE', #3638, #2084, #1053 ) ;
#1376 = EDGE_CURVE ( 'NONE', #4015, #3369, #6145, .T. ) ;
#1377 = DIRECTION ( 'NONE',  ( -1.000000000000000000, 0.000000000000000000, 0.000000000000000000 ) ) ;
#1378 = DIRECTION ( 'NONE',  ( 0.000000000000000000, 0.000000000000000000, 1.000000000000000000 ) ) ;
#1379 = DIRECTION ( 'NONE',  ( 1.000000000000000000, 0.000000000000000000, 0.000000000000000000 ) ) ;
#1380 = VECTOR ( 'NONE', #6086, 1000.000000000000000 ) ;
#1381 = ORIENTED_EDGE ( 'NONE', *, *, #4008, .F. ) ;
#1382 = AXIS2_PLACEMENT_3D ( 'NONE', #4245, #760, #2846 ) ;
#1383 = AXIS2_PLACEMENT_3D ( 'NONE', #4983, #5525, #311 ) ;
#1384 = VERTEX_POINT ( 'NONE', #967 ) ;
#1385 = ORIENTED_EDGE ( 'NONE', *, *, #1344, .T. ) ;
#1386 = EDGE_CURVE ( 'NONE', #4655, #4413, #3040, .T. ) ;
#1387 = EDGE_LOOP ( 'NONE', ( #787, #582 ) ) ;
#1388 = DIRECTION ( 'NONE',  ( -0.000000000000000000, -0.000000000000000000, -1.000000000000000000 ) ) ;
#1389 = VECTOR ( 'NONE', #4071, 1000.000000000000000 ) ;
#1390 = DIRECTION ( 'NONE',  ( 1.000000000000000000, 0.000000000000000000, 0.000000000000000000 ) ) ;
#1391 = DIRECTION ( 'NONE',  ( 0.000000000000000000, 0.000000000000000000, 1.000000000000000000 ) ) ;
#1392 = ORIENTED_EDGE ( 'NONE', *, *, #4745, .T. ) ;
#1393 = ORIENTED_EDGE ( 'NONE', *, *, #221, .F. ) ;
#1394 = CARTESIAN_POINT ( 'NONE',  ( -5.000000000000000888, 29.74406644123207144, 3.799999999999999822 ) ) ;
#1395 = DIRECTION ( 'NONE',  ( 1.000000000000000000, 0.000000000000000000, 0.000000000000000000 ) ) ;
#1396 = ORIENTED_EDGE ( 'NONE', *, *, #591, .T. ) ;
#1397 = EDGE_CURVE ( 'NONE', #2089, #6516, #2789, .T. ) ;
#1398 = VERTEX_POINT ( 'NONE', #5770 ) ;
#1399 = CARTESIAN_POINT ( 'NONE',  ( 40.14487539711818442, -49.82269074732327141, -3.999999999999998224 ) ) ;
#1400 = DIRECTION ( 'NONE',  ( 0.000000000000000000, 0.000000000000000000, 1.000000000000000000 ) ) ;
#1401 = LINE ( 'NONE', #3000, #6050 ) ;
#1402 = CARTESIAN_POINT ( 'NONE',  ( -13.00000000000000355, -56.22269074732326999, -5.500000000000000000 ) ) ;
#1403 = LINE ( 'NONE', #4471, #486 ) ;
#1404 = VERTEX_POINT ( 'NONE', #4711 ) ;
#1405 = EDGE_CURVE ( 'NONE', #5111, #2377, #2731, .T. ) ;
#1406 = CARTESIAN_POINT ( 'NONE',  ( -13.00000000000000355, -54.22269074732326999, -5.500000000000000000 ) ) ;
#1407 = CARTESIAN_POINT ( 'NONE',  ( 13.00000000000000178, -43.22269074732326999, -7.000000000000000000 ) ) ;
#1408 = CARTESIAN_POINT ( 'NONE',  ( -9.450000000000002842, 19.24406644123207144, 26.55019181491567792 ) ) ;
#1409 = CARTESIAN_POINT ( 'NONE',  ( -4.008722593841413051, 31.00000000000001421, -7.000000000000000000 ) ) ;
#1410 = LINE ( 'NONE', #3484, #5934 ) ;
#1411 = EDGE_LOOP ( 'NONE', ( #2272, #4567, #3740, #4931, #3214 ) ) ;
#1412 = EDGE_CURVE ( 'NONE', #673, #5049, #3659, .T. ) ;
#1413 = ORIENTED_EDGE ( 'NONE', *, *, #5109, .T. ) ;
#1414 = ORIENTED_EDGE ( 'NONE', *, *, #904, .F. ) ;
#1415 = ORIENTED_EDGE ( 'NONE', *, *, #300, .T. ) ;
#1416 = DIRECTION ( 'NONE',  ( 0.000000000000000000, 0.000000000000000000, -1.000000000000000000 ) ) ;
#1417 = CIRCLE ( 'NONE', #3480, 1.899999999999999023 ) ;
#1418 = CARTESIAN_POINT ( 'NONE',  ( 12.24900101694101373, -48.87864640508900749, -5.463186231006345928 ) ) ;
#1419 = DIRECTION ( 'NONE',  ( 0.000000000000000000, -1.000000000000000000, 0.000000000000000000 ) ) ;
#1420 = ADVANCED_FACE ( 'NONE', ( #5799 ), #83, .F. ) ;
#1421 = EDGE_CURVE ( 'NONE', #93, #10, #1744, .T. ) ;
#1422 = VECTOR ( 'NONE', #6724, 1000.000000000000000 ) ;
#1423 = CARTESIAN_POINT ( 'NONE',  ( 15.99999999999993072, 10.30000000000000249, -5.500000000000000000 ) ) ;
#1424 = DIRECTION ( 'NONE',  ( -1.000000000000000000, 0.000000000000000000, 0.000000000000000000 ) ) ;
#1425 = VECTOR ( 'NONE', #5237, 1000.000000000000000 ) ;
#1426 = VERTEX_POINT ( 'NONE', #46 ) ;
#1427 = ORIENTED_EDGE ( 'NONE', *, *, #2719, .T. ) ;
#1428 = DIRECTION ( 'NONE',  ( 0.000000000000000000, 0.000000000000000000, 1.000000000000000000 ) ) ;
#1429 = CYLINDRICAL_SURFACE ( 'NONE', #1095, 4.500000000000000888 ) ;
#1430 = VECTOR ( 'NONE', #1114, 1000.000000000000000 ) ;
#1431 = VERTEX_POINT ( 'NONE', #3686 ) ;
#1432 = ORIENTED_EDGE ( 'NONE', *, *, #2740, .F. ) ;
#1433 = ORIENTED_EDGE ( 'NONE', *, *, #6431, .T. ) ;
#1434 = CARTESIAN_POINT ( 'NONE',  ( -8.000000000000003553, 27.09831513016748161, -4.000000000000000000 ) ) ;
#1435 = APPLICATION_CONTEXT ( 'automotive_design' ) ;
#1436 = DIRECTION ( 'NONE',  ( -0.000000000000000000, -0.000000000000000000, 1.000000000000000000 ) ) ;
#1437 = DIRECTION ( 'NONE',  ( 1.000000000000000000, 1.909363028148246276E-16, 0.000000000000000000 ) ) ;
#1438 = CARTESIAN_POINT ( 'NONE',  ( 30.14487539711820929, 2.220446049250313081E-13, -5.000000000000000000 ) ) ;
#1439 = EDGE_LOOP ( 'NONE', ( #2857, #4994, #1087, #6653 ) ) ;
#1440 = CARTESIAN_POINT ( 'NONE',  ( -30.14487539711820929, 0.000000000000000000, -7.000000000000000000 ) ) ;
#1441 = CARTESIAN_POINT ( 'NONE',  ( -3.849999999999980993, -20.99999999999999645, 7.000000000000000000 ) ) ;
#1442 = CARTESIAN_POINT ( 'NONE',  ( -8.894064909271785169, -46.88257047673796762, -4.878523231569166896 ) ) ;
#1443 = LINE ( 'NONE', #6495, #6182 ) ;
#1444 = LINE ( 'NONE', #2069, #4308 ) ;
#1445 = CARTESIAN_POINT ( 'NONE',  ( 4.999999999999798383, 29.74406644123207144, -4.000000000000000000 ) ) ;
#1446 = EDGE_CURVE ( 'NONE', #2525, #3918, #1161, .T. ) ;
#1447 = ORIENTED_EDGE ( 'NONE', *, *, #1168, .T. ) ;
#1448 = VERTEX_POINT ( 'NONE', #3269 ) ;
#1449 = ORIENTED_EDGE ( 'NONE', *, *, #3286, .T. ) ;
#1450 = ORIENTED_EDGE ( 'NONE', *, *, #1397, .T. ) ;
#1451 = DIRECTION ( 'NONE',  ( 1.000000000000000000, 0.000000000000000000, -0.000000000000000000 ) ) ;
#1452 = ADVANCED_FACE ( 'NONE', ( #1715 ), #3204, .F. ) ;
#1453 = DIRECTION ( 'NONE',  ( -0.000000000000000000, -0.000000000000000000, -1.000000000000000000 ) ) ;
#1454 = VECTOR ( 'NONE', #824, 1000.000000000000000 ) ;
#1455 = PLANE ( 'NONE',  #1903 ) ;
#1456 = EDGE_LOOP ( 'NONE', ( #1298, #5925, #4686, #109, #645, #3198, #238, #4805 ) ) ;
#1457 = EDGE_LOOP ( 'NONE', ( #5817, #5815, #4315, #4719 ) ) ;
#1458 = DIRECTION ( 'NONE',  ( -1.000000000000000000, 0.000000000000000000, 0.000000000000000000 ) ) ;
#1459 = ADVANCED_FACE ( 'NONE', ( #4332 ), #6416, .T. ) ;
#1460 = EDGE_CURVE ( 'NONE', #3460, #619, #3015, .T. ) ;
#1461 = CYLINDRICAL_SURFACE ( 'NONE', #5777, 1.899999999999999023 ) ;
#1462 = ORIENTED_EDGE ( 'NONE', *, *, #4578, .F. ) ;
#1463 = AXIS2_PLACEMENT_3D ( 'NONE', #6084, #3476, #5559 ) ;
#1464 = VERTEX_POINT ( 'NONE', #1617 ) ;
#1465 = VERTEX_POINT ( 'NONE', #3238 ) ;
#1466 = LINE ( 'NONE', #5014, #4980 ) ;
#1467 = AXIS2_PLACEMENT_3D ( 'NONE', #2547, #2110, #1013 ) ;
#1468 = DIRECTION ( 'NONE',  ( 0.000000000000000000, 0.000000000000000000, 1.000000000000000000 ) ) ;
#1469 = CARTESIAN_POINT ( 'NONE',  ( -9.450000000000002842, 19.24406644123207144, 26.55019181491567792 ) ) ;
#1470 = DIRECTION ( 'NONE',  ( -0.000000000000000000, -0.000000000000000000, 1.000000000000000000 ) ) ;
#1471 = VECTOR ( 'NONE', #594, 1000.000000000000000 ) ;
#1472 = VECTOR ( 'NONE', #5022, 1000.000000000000000 ) ;
#1473 = VERTEX_POINT ( 'NONE', #6287 ) ;
#1474 = VECTOR ( 'NONE', #3115, 1000.000000000000000 ) ;
#1475 = CARTESIAN_POINT ( 'NONE',  ( -11.10000000000000142, -43.22269074732326999, 3.799999999999999822 ) ) ;
#1476 = CARTESIAN_POINT ( 'NONE',  ( -8.783908166709043286, -46.75487196632149534, -4.643448901866436884 ) ) ;
#1477 = AXIS2_PLACEMENT_3D ( 'NONE', #2199, #5936, #3178 ) ;
#1478 = PLANE ( 'NONE',  #1807 ) ;
#1479 = DIRECTION ( 'NONE',  ( 0.000000000000000000, 0.000000000000000000, -1.000000000000000000 ) ) ;
#1480 = DIRECTION ( 'NONE',  ( 0.000000000000000000, -1.000000000000000000, 0.000000000000000000 ) ) ;
#1481 = ORIENTED_EDGE ( 'NONE', *, *, #5058, .F. ) ;
#1482 = AXIS2_PLACEMENT_3D ( 'NONE', #3600, #4619, #943 ) ;
#1483 = EDGE_CURVE ( 'NONE', #5300, #808, #3995, .T. ) ;
#1484 = CIRCLE ( 'NONE', #4970, 2.000000000000000000 ) ;
#1485 = ORIENTED_EDGE ( 'NONE', *, *, #2104, .T. ) ;
#1486 = ORIENTED_EDGE ( 'NONE', *, *, #3189, .F. ) ;
#1487 = ORIENTED_EDGE ( 'NONE', *, *, #2318, .T. ) ;
#1488 = DIRECTION ( 'NONE',  ( -0.000000000000000000, -0.000000000000000000, 1.000000000000000000 ) ) ;
#1489 = DIRECTION ( 'NONE',  ( 0.000000000000000000, 0.000000000000000000, -1.000000000000000000 ) ) ;
#1490 = CARTESIAN_POINT ( 'NONE',  ( 16.00000000000000000, 16.85000000000000142, -5.000000000000000000 ) ) ;
#1491 = CIRCLE ( 'NONE', #3553, 2.149999999999997247 ) ;
#1492 = FACE_OUTER_BOUND ( 'NONE', #5175, .T. ) ;
#1493 = AXIS2_PLACEMENT_3D ( 'NONE', #3812, #1428, #5581 ) ;
#1494 = CARTESIAN_POINT ( 'NONE',  ( 25.99999999999999645, 11.99999999999999822, -6.000000000000000888 ) ) ;
#1495 = FACE_BOUND ( 'NONE', #2604, .T. ) ;
#1496 = EDGE_CURVE ( 'NONE', #4356, #1006, #724, .T. ) ;
#1497 = CIRCLE ( 'NONE', #2695, 3.350000000000000089 ) ;
#1498 = EDGE_LOOP ( 'NONE', ( #6076, #3168, #6454, #4057 ) ) ;
#1499 = ORIENTED_EDGE ( 'NONE', *, *, #809, .T. ) ;
#1500 = VECTOR ( 'NONE', #2919, 1000.000000000000000 ) ;
#1501 = CARTESIAN_POINT ( 'NONE',  ( -14.99999999999999467, -61.22269074732326999, -7.000000000000000000 ) ) ;
#1502 = DIRECTION ( 'NONE',  ( -1.000000000000000000, 0.000000000000000000, 0.000000000000000000 ) ) ;
#1503 = EDGE_LOOP ( 'NONE', ( #861, #3728, #2770, #952 ) ) ;
#1504 = EDGE_CURVE ( 'NONE', #416, #4699, #4743, .T. ) ;
#1505 = ORIENTED_EDGE ( 'NONE', *, *, #607, .F. ) ;
#1506 = ORIENTED_EDGE ( 'NONE', *, *, #3251, .F. ) ;
#1507 = CYLINDRICAL_SURFACE ( 'NONE', #2087, 1.899999999999999023 ) ;
#1508 = CARTESIAN_POINT ( 'NONE',  ( -27.99999999999999645, 11.99999999999999822, -7.000000000000000000 ) ) ;
#1509 = FACE_OUTER_BOUND ( 'NONE', #5258, .T. ) ;
#1510 = VERTEX_POINT ( 'NONE', #5899 ) ;
#1511 = EDGE_CURVE ( 'NONE', #3644, #1465, #6315, .T. ) ;
#1512 = EDGE_CURVE ( 'NONE', #6606, #1052, #6385, .T. ) ;
#1513 = DIRECTION ( 'NONE',  ( 1.000000000000000000, 0.000000000000000000, 0.000000000000000000 ) ) ;
#1514 = DIRECTION ( 'NONE',  ( -0.000000000000000000, -0.000000000000000000, -1.000000000000000000 ) ) ;
#1515 = CARTESIAN_POINT ( 'NONE',  ( 12.02484608215055317, 16.65365507542541934, -7.000000000000000000 ) ) ;
#1516 = DIRECTION ( 'NONE',  ( -1.000000000000000000, 0.000000000000000000, 0.000000000000000000 ) ) ;
#1517 = LINE ( 'NONE', #2474, #938 ) ;
#1518 = LINE ( 'NONE', #3656, #4410 ) ;
#1519 = B_SPLINE_CURVE_WITH_KNOTS ( 'NONE', 3,
 ( #1299, #4168, #2098, #6737 ),
 .UNSPECIFIED., .F., .F.,
 ( 4, 4 ),
 ( 4.336808689942017736E-18, 0.001179023160234433107 ),
 .UNSPECIFIED. ) ;
#1520 = ORIENTED_EDGE ( 'NONE', *, *, #32, .T. ) ;
#1521 = ORIENTED_EDGE ( 'NONE', *, *, #206, .F. ) ;
#1522 = ORIENTED_EDGE ( 'NONE', *, *, #5623, .T. ) ;
#1523 = ORIENTED_EDGE ( 'NONE', *, *, #5239, .T. ) ;
#1524 = DIRECTION ( 'NONE',  ( 0.000000000000000000, -1.000000000000000000, 0.000000000000000000 ) ) ;
#1525 = CYLINDRICAL_SURFACE ( 'NONE', #283, 5.049999999999998934 ) ;
#1526 = LINE ( 'NONE', #1558, #4086 ) ;
#1527 = DIRECTION ( 'NONE',  ( 0.000000000000000000, 0.000000000000000000, 1.000000000000000000 ) ) ;
#1528 = EDGE_CURVE ( 'NONE', #4966, #3123, #6613, .T. ) ;
#1529 = FACE_BOUND ( 'NONE', #5010, .T. ) ;
#1530 = ORIENTED_EDGE ( 'NONE', *, *, #1496, .T. ) ;
#1531 = VECTOR ( 'NONE', #5970, 1000.000000000000000 ) ;
#1532 = ORIENTED_EDGE ( 'NONE', *, *, #2420, .T. ) ;
#1533 = LINE ( 'NONE', #2557, #1054 ) ;
#1534 = LINE ( 'NONE', #1564, #1422 ) ;
#1535 = EDGE_CURVE ( 'NONE', #2367, #6340, #620, .T. ) ;
#1536 = ORIENTED_EDGE ( 'NONE', *, *, #3961, .F. ) ;
#1537 = ORIENTED_EDGE ( 'NONE', *, *, #1008, .T. ) ;
#1538 = ORIENTED_EDGE ( 'NONE', *, *, #535, .T. ) ;
#1539 = CYLINDRICAL_SURFACE ( 'NONE', #4577, 5.049999999999998934 ) ;
#1540 = AXIS2_PLACEMENT_3D ( 'NONE', #6510, #4868, #1390 ) ;
#1541 = CYLINDRICAL_SURFACE ( 'NONE', #5615, 1.600000000000001643 ) ;
#1542 = CARTESIAN_POINT ( 'NONE',  ( -11.53333333333333499, -37.92185223922958670, -5.500000000000000000 ) ) ;
#1543 = EDGE_CURVE ( 'NONE', #5183, #4341, #2156, .T. ) ;
#1544 = ORIENTED_EDGE ( 'NONE', *, *, #3920, .T. ) ;
#1545 = CARTESIAN_POINT ( 'NONE',  ( 21.49999999999983302, 24.22277336810119763, -4.000000000000000000 ) ) ;
#1546 = CYLINDRICAL_SURFACE ( 'NONE', #2991, 3.980000000000000870 ) ;
#1547 = CARTESIAN_POINT ( 'NONE',  ( -10.39129341151836705, -27.00000000000000000, -5.500000000000000000 ) ) ;
#1548 = CARTESIAN_POINT ( 'NONE',  ( -16.00000000000000000, 16.85000000000000142, -5.500000000000000000 ) ) ;
#1549 = CARTESIAN_POINT ( 'NONE',  ( 13.00000000000019718, -28.93902645193045231, 6.999999999999999112 ) ) ;
#1550 = ADVANCED_FACE ( 'NONE', ( #2898 ), #6520, .T. ) ;
#1551 = EDGE_CURVE ( 'NONE', #5561, #4489, #6006, .T. ) ;
#1552 = ORIENTED_EDGE ( 'NONE', *, *, #4932, .F. ) ;
#1553 = ORIENTED_EDGE ( 'NONE', *, *, #664, .T. ) ;
#1554 = CARTESIAN_POINT ( 'NONE',  ( -30.14487539711820929, 9.999999999999998224, -1.000000000000000000 ) ) ;
#1555 = ORIENTED_EDGE ( 'NONE', *, *, #3898, .F. ) ;
#1556 = DIRECTION ( 'NONE',  ( -0.000000000000000000, -0.000000000000000000, 1.000000000000000000 ) ) ;
#1557 = DIRECTION ( 'NONE',  ( 0.000000000000000000, 0.000000000000000000, 1.000000000000000000 ) ) ;
#1558 = CARTESIAN_POINT ( 'NONE',  ( -25.09487539711820858, 0.000000000000000000, -5.000000000000000000 ) ) ;
#1559 = DIRECTION ( 'NONE',  ( -1.000000000000000000, 0.000000000000000000, 0.000000000000000000 ) ) ;
#1560 = DIRECTION ( 'NONE',  ( 1.000000000000000000, 0.000000000000000000, 0.000000000000000000 ) ) ;
#1561 = VERTEX_POINT ( 'NONE', #2358 ) ;
#1562 = ORIENTED_EDGE ( 'NONE', *, *, #253, .F. ) ;
#1563 = DIRECTION ( 'NONE',  ( 0.000000000000000000, 0.000000000000000000, 1.000000000000000000 ) ) ;
#1564 = CARTESIAN_POINT ( 'NONE',  ( 27.25605529807269178, -18.99999999999999645, -5.500000000000000000 ) ) ;
#1565 = APPLICATION_CONTEXT ( 'automotive_design' ) ;
#1566 = EDGE_LOOP ( 'NONE', ( #1806, #6687, #3108, #5781 ) ) ;
#1567 = AXIS2_PLACEMENT_3D ( 'NONE', #2923, #5610, #3945 ) ;
#1568 = EDGE_CURVE ( 'NONE', #4212, #2609, #6481, .T. ) ;
#1569 = EDGE_LOOP ( 'NONE', ( #3771, #4817, #2432, #1562 ) ) ;
#1570 = DIRECTION ( 'NONE',  ( 1.000000000000000000, 0.000000000000000000, 0.000000000000000000 ) ) ;
#1571 = CYLINDRICAL_SURFACE ( 'NONE', #6387, 5.049999999999998934 ) ;
#1572 = DIRECTION ( 'NONE',  ( 0.000000000000000000, 0.000000000000000000, 1.000000000000000000 ) ) ;
#1573 = AXIS2_PLACEMENT_3D ( 'NONE', #1737, #3394, #2252 ) ;
#1574 = ORIENTED_EDGE ( 'NONE', *, *, #4359, .F. ) ;
#1575 = CARTESIAN_POINT ( 'NONE',  ( 7.500000000000004441, -48.77946718360626477, -5.500000000000000000 ) ) ;
#1576 = CYLINDRICAL_SURFACE ( 'NONE', #78, 2.150000000000000355 ) ;
#1577 = ADVANCED_FACE ( 'NONE', ( #1777 ), #5451, .F. ) ;
#1578 = VECTOR ( 'NONE', #6749, 999.9999999999998863 ) ;
#1579 = CARTESIAN_POINT ( 'NONE',  ( 11.39999999999999680, -43.22269074732326999, 7.000000000000000000 ) ) ;
#1580 = CIRCLE ( 'NONE', #3971, 3.980000000000000870 ) ;
#1581 = CARTESIAN_POINT ( 'NONE',  ( -16.00000000000000000, 16.85000000000000142, -5.500000000000000000 ) ) ;
#1582 = DIRECTION ( 'NONE',  ( 1.000000000000000000, 1.615063890455122944E-16, 0.000000000000000000 ) ) ;
#1583 = FACE_OUTER_BOUND ( 'NONE', #5505, .T. ) ;
#1584 = ORIENTED_EDGE ( 'NONE', *, *, #4552, .T. ) ;
#1585 = CIRCLE ( 'NONE', #2571, 4.000000000000000000 ) ;
#1586 = AXIS2_PLACEMENT_3D ( 'NONE', #5443, #3840, #5890 ) ;
#1587 = AXIS2_PLACEMENT_3D ( 'NONE', #1849, #6448, #5482 ) ;
#1588 = EDGE_CURVE ( 'NONE', #4130, #6538, #2798, .T. ) ;
#1589 = EDGE_LOOP ( 'NONE', ( #5133, #6020, #3101, #6568 ) ) ;
#1590 = CARTESIAN_POINT ( 'NONE',  ( -27.00000000000000355, -34.86239308998524677, -7.000000000000000000 ) ) ;
#1591 = ORIENTED_EDGE ( 'NONE', *, *, #2697, .F. ) ;
#1592 = CARTESIAN_POINT ( 'NONE',  ( 3.849999999999995648, 2.170239586337290479E-13, 7.000000000000000000 ) ) ;
#1593 = DIRECTION ( 'NONE',  ( 0.000000000000000000, -1.000000000000000000, 0.000000000000000000 ) ) ;
#1594 = DIRECTION ( 'NONE',  ( 1.000000000000000000, 0.000000000000000000, 0.000000000000000000 ) ) ;
#1595 = DIRECTION ( 'NONE',  ( -1.000000000000000000, -2.081668171172164569E-15, 0.000000000000000000 ) ) ;
#1596 = CIRCLE ( 'NONE', #3324, 3.350000000000000089 ) ;
#1597 = CARTESIAN_POINT ( 'NONE',  ( -17.00000000000000000, -34.86239308998524677, 6.999999999999999112 ) ) ;
#1598 = ADVANCED_FACE ( 'NONE', ( #2425 ), #3994, .F. ) ;
#1599 = ORIENTED_EDGE ( 'NONE', *, *, #1968, .F. ) ;
#1600 = VECTOR ( 'NONE', #5979, 1000.000000000000000 ) ;
#1601 = ORIENTED_EDGE ( 'NONE', *, *, #4295, .T. ) ;
#1602 = CIRCLE ( 'NONE', #2792, 10.00000000000000000 ) ;
#1603 = CYLINDRICAL_SURFACE ( 'NONE', #6285, 1.899999999999999023 ) ;
#1604 = AXIS2_PLACEMENT_3D ( 'NONE', #2390, #6578, #777 ) ;
#1605 = CARTESIAN_POINT ( 'NONE',  ( 27.96285684503430602, -6.175863910284964398, -5.500000000000000000 ) ) ;
#1606 = AXIS2_PLACEMENT_3D ( 'NONE', #3300, #146, #5317 ) ;
#1607 = VECTOR ( 'NONE', #2545, 1000.000000000000000 ) ;
#1608 = AXIS2_PLACEMENT_3D ( 'NONE', #890, #4063, #2360 ) ;
#1609 = VERTEX_POINT ( 'NONE', #3439 ) ;
#1610 = VERTEX_POINT ( 'NONE', #3342 ) ;
#1611 = CARTESIAN_POINT ( 'NONE',  ( 3.849999999999997868, -20.99999999999999645, 7.000000000000000000 ) ) ;
#1612 = DIRECTION ( 'NONE',  ( 0.7071067811865526798, 8.659560562354996953E-17, -0.7071067811865422437 ) ) ;
#1613 = CARTESIAN_POINT ( 'NONE',  ( 5.000000000000000888, 29.74406644123207144, 7.000000000000000000 ) ) ;
#1614 = PLANE ( 'NONE',  #6265 ) ;
#1615 = EDGE_LOOP ( 'NONE', ( #6103, #2203, #1322, #4449 ) ) ;
#1616 = EDGE_CURVE ( 'NONE', #290, #6729, #3401, .T. ) ;
#1617 = CARTESIAN_POINT ( 'NONE',  ( 13.15651736460752375, -28.16341587115827139, -5.500000000000000000 ) ) ;
#1618 = CARTESIAN_POINT ( 'NONE',  ( -1.500000000000002220, -12.99999999999999467, -5.500000000000000000 ) ) ;
#1619 = LINE ( 'NONE', #5155, #6274 ) ;
#1620 = CARTESIAN_POINT ( 'NONE',  ( 40.00000000000000711, 31.00000000000001066, -7.000000000000000000 ) ) ;
#1621 = CARTESIAN_POINT ( 'NONE',  ( -13.00000000000000178, -43.22269074732326999, 3.799999999999999822 ) ) ;
#1622 = VERTEX_POINT ( 'NONE', #781 ) ;
#1623 = EDGE_CURVE ( 'NONE', #3846, #910, #5524, .T. ) ;
#1624 = ORIENTED_EDGE ( 'NONE', *, *, #1246, .T. ) ;
#1625 = DIRECTION ( 'NONE',  ( 1.000000000000000000, 0.000000000000000000, 0.000000000000000000 ) ) ;
#1626 = ORIENTED_EDGE ( 'NONE', *, *, #1308, .T. ) ;
#1627 = CARTESIAN_POINT ( 'NONE',  ( 4.999999999999993783, -1.000000000000000000, -6.000000000000000000 ) ) ;
#1628 = DIRECTION ( 'NONE',  ( 0.000000000000000000, 0.000000000000000000, 1.000000000000000000 ) ) ;
#1629 = DIRECTION ( 'NONE',  ( 0.000000000000000000, 0.000000000000000000, 1.000000000000000000 ) ) ;
#1630 = CARTESIAN_POINT ( 'NONE',  ( 30.14487539711820929, 2.220446049250313081E-13, 7.000000000000000000 ) ) ;
#1631 = ADVANCED_FACE ( 'NONE', ( #4880, #2323 ), #1324, .T. ) ;
#1632 = CARTESIAN_POINT ( 'NONE',  ( 5.000000000000000888, 29.74406644123207144, 7.000000000000000000 ) ) ;
#1633 = VERTEX_POINT ( 'NONE', #2293 ) ;
#1634 = ORIENTED_EDGE ( 'NONE', *, *, #1483, .F. ) ;
#1635 = FACE_OUTER_BOUND ( 'NONE', #4279, .T. ) ;
#1636 = CARTESIAN_POINT ( 'NONE',  ( -8.000000000000000000, 37.74406644123207144, -6.000000000000000888 ) ) ;
#1637 = EDGE_CURVE ( 'NONE', #1111, #1120, #2931, .T. ) ;
#1638 = EDGE_CURVE ( 'NONE', #3460, #2839, #6078, .T. ) ;
#1639 = VECTOR ( 'NONE', #746, 1000.000000000000000 ) ;
#1640 = EDGE_LOOP ( 'NONE', ( #4773, #758, #3685, #6124 ) ) ;
#1641 = ORIENTED_EDGE ( 'NONE', *, *, #4636, .F. ) ;
#1642 = CARTESIAN_POINT ( 'NONE',  ( 15.99999999999993072, 10.30000000000000249, -5.500000000000000000 ) ) ;
#1643 = LINE ( 'NONE', #5797, #12 ) ;
#1644 = AXIS2_PLACEMENT_3D ( 'NONE', #2564, #4098, #41 ) ;
#1645 = ORIENTED_EDGE ( 'NONE', *, *, #3944, .T. ) ;
#1646 = CARTESIAN_POINT ( 'NONE',  ( -16.20000000000000284, -43.22269074732326999, 9.000000000000001776 ) ) ;
#1647 = VECTOR ( 'NONE', #2699, 1000.000000000000000 ) ;
#1648 = CARTESIAN_POINT ( 'NONE',  ( -27.29659163829112956, -8.061623882891206350, -1.000000000000000000 ) ) ;
#1649 = CARTESIAN_POINT ( 'NONE',  ( -16.00000000000000000, 16.85000000000000142, -7.000000000000000000 ) ) ;
#1650 = FACE_OUTER_BOUND ( 'NONE', #1498, .T. ) ;
#1651 = LINE ( 'NONE', #4813, #6715 ) ;
#1652 = DIRECTION ( 'NONE',  ( -2.458770321877971596E-16, -1.000000000000000000, 0.000000000000000000 ) ) ;
#1653 = ORIENTED_EDGE ( 'NONE', *, *, #6179, .T. ) ;
#1654 = AXIS2_PLACEMENT_3D ( 'NONE', #6339, #2117, #3194 ) ;
#1655 = DIRECTION ( 'NONE',  ( 1.000000000000000000, -0.000000000000000000, -0.000000000000000000 ) ) ;
#1656 = VERTEX_POINT ( 'NONE', #215 ) ;
#1657 = CARTESIAN_POINT ( 'NONE',  ( 8.999999999999795719, 29.74406644123207144, -4.000000000000000000 ) ) ;
#1658 = EDGE_CURVE ( 'NONE', #3408, #5222, #4465, .T. ) ;
#1659 = ORIENTED_EDGE ( 'NONE', *, *, #4007, .F. ) ;
#1660 = LINE ( 'NONE', #4856, #5844 ) ;
#1661 = DIRECTION ( 'NONE',  ( -0.000000000000000000, -0.000000000000000000, 1.000000000000000000 ) ) ;
#1662 = DIRECTION ( 'NONE',  ( 1.000000000000000000, 0.000000000000000000, 0.000000000000000000 ) ) ;
#1663 = DIRECTION ( 'NONE',  ( 0.000000000000000000, 0.000000000000000000, 1.000000000000000000 ) ) ;
#1664 = ORIENTED_EDGE ( 'NONE', *, *, #5968, .T. ) ;
#1665 = ORIENTED_EDGE ( 'NONE', *, *, #3738, .F. ) ;
#1666 = ADVANCED_FACE ( 'NONE', ( #274 ), #4364, .F. ) ;
#1667 = DIRECTION ( 'NONE',  ( 1.000000000000000000, 0.000000000000000000, 0.000000000000000000 ) ) ;
#1668 = DIRECTION ( 'NONE',  ( 0.000000000000000000, 0.000000000000000000, 1.000000000000000000 ) ) ;
#1669 = VERTEX_POINT ( 'NONE', #3848 ) ;
#1670 = ORIENTED_EDGE ( 'NONE', *, *, #6338, .T. ) ;
#1671 = EDGE_CURVE ( 'NONE', #2189, #555, #5420, .T. ) ;
#1672 = ADVANCED_FACE ( 'NONE', ( #5041 ), #4536, .F. ) ;
#1673 = CARTESIAN_POINT ( 'NONE',  ( -23.59487539711820858, 0.000000000000000000, -5.500000000000000000 ) ) ;
#1674 = DIRECTION ( 'NONE',  ( 2.312964634635742464E-16, -1.000000000000000000, 0.000000000000000000 ) ) ;
#1675 = ORIENTED_EDGE ( 'NONE', *, *, #5029, .F. ) ;
#1676 = CARTESIAN_POINT ( 'NONE',  ( -16.00000000000000000, 16.85000000000000142, -5.500000000000000000 ) ) ;
#1677 = DIRECTION ( 'NONE',  ( -0.000000000000000000, -0.000000000000000000, -1.000000000000000000 ) ) ;
#1678 = EDGE_CURVE ( 'NONE', #4278, #3499, #1823, .T. ) ;
#1679 = CARTESIAN_POINT ( 'NONE',  ( 3.399999999999999023, 29.74406644123207144, -6.000000000000000888 ) ) ;
#1680 = CIRCLE ( 'NONE', #4507, 1.899999999999999023 ) ;
#1681 = CARTESIAN_POINT ( 'NONE',  ( -7.500000000000007105, -48.22269074732327709, -3.999999999999998224 ) ) ;
#1682 = CARTESIAN_POINT ( 'NONE',  ( 12.02484608215055317, 16.65365507542541934, -7.000000000000000000 ) ) ;
#1683 = CARTESIAN_POINT ( 'NONE',  ( -8.800279027554521960, -46.77445823437842876, -3.314771994399327681 ) ) ;
#1684 = ORIENTED_EDGE ( 'NONE', *, *, #2420, .F. ) ;
#1685 = VECTOR ( 'NONE', #3187, 1000.000000000000000 ) ;
#1686 = VECTOR ( 'NONE', #2742, 1000.000000000000000 ) ;
#1687 = ORIENTED_EDGE ( 'NONE', *, *, #2853, .T. ) ;
#1688 = VERTEX_POINT ( 'NONE', #4930 ) ;
#1689 = DIRECTION ( 'NONE',  ( 0.000000000000000000, 0.000000000000000000, -1.000000000000000000 ) ) ;
#1690 = DIRECTION ( 'NONE',  ( 1.000000000000000000, 0.000000000000000000, 0.000000000000000000 ) ) ;
#1691 = CARTESIAN_POINT ( 'NONE',  ( 35.19487539711821000, 2.220446049250313081E-13, -5.000000000000000000 ) ) ;
#1692 = AXIS2_PLACEMENT_3D ( 'NONE', #4072, #1004, #1480 ) ;
#1693 = DIRECTION ( 'NONE',  ( -0.7372773368101210867, 0.6755902076156634628, -0.000000000000000000 ) ) ;
#1694 = AXIS2_PLACEMENT_3D ( 'NONE', #3183, #5231, #1172 ) ;
#1695 = CIRCLE ( 'NONE', #5158, 3.200000000000001510 ) ;
#1696 = ADVANCED_FACE ( 'NONE', ( #2387 ), #4423, .F. ) ;
#1697 = CIRCLE ( 'NONE', #821, 2.999999999999999112 ) ;
#1698 = VERTEX_POINT ( 'NONE', #3878 ) ;
#1699 = ORIENTED_EDGE ( 'NONE', *, *, #5603, .F. ) ;
#1700 = DIRECTION ( 'NONE',  ( -1.000000000000000000, 0.000000000000000000, 0.000000000000000000 ) ) ;
#1701 = AXIS2_PLACEMENT_3D ( 'NONE', #2736, #5802, #2296 ) ;
#1702 = CYLINDRICAL_SURFACE ( 'NONE', #1101, 3.350000000000000089 ) ;
#1703 = VECTOR ( 'NONE', #3821, 1000.000000000000000 ) ;
#1704 = ADVANCED_FACE ( 'NONE', ( #5413 ), #2336, .F. ) ;
#1705 = ORIENTED_EDGE ( 'NONE', *, *, #6304, .F. ) ;
#1706 = ORIENTED_EDGE ( 'NONE', *, *, #5537, .T. ) ;
#1707 = AXIS2_PLACEMENT_3D ( 'NONE', #1878, #6074, #6620 ) ;
#1708 = DIRECTION ( 'NONE',  ( 1.000000000000000000, 0.000000000000000000, 0.000000000000000000 ) ) ;
#1709 = AXIS2_PLACEMENT_3D ( 'NONE', #1441, #455, #3513 ) ;
#1710 = CARTESIAN_POINT ( 'NONE',  ( -7.500000000000005329, -56.22269074732326999, -5.500000000000000000 ) ) ;
#1711 = VECTOR ( 'NONE', #5681, 1000.000000000000000 ) ;
#1712 = ORIENTED_EDGE ( 'NONE', *, *, #53, .F. ) ;
#1713 = EDGE_CURVE ( 'NONE', #1404, #1357, #6584, .T. ) ;
#1714 = VECTOR ( 'NONE', #873, 1000.000000000000000 ) ;
#1715 = FACE_OUTER_BOUND ( 'NONE', #2794, .T. ) ;
#1716 = DIRECTION ( 'NONE',  ( 0.000000000000000000, -1.000000000000000000, 0.000000000000000000 ) ) ;
#1717 = VECTOR ( 'NONE', #5085, 1000.000000000000000 ) ;
#1718 = CARTESIAN_POINT ( 'NONE',  ( 9.449999999999922906, 19.24406644123207499, -5.500000000000000000 ) ) ;
#1719 = CARTESIAN_POINT ( 'NONE',  ( -12.59270366868831914, -49.23924117148892066, -5.238192342817623803 ) ) ;
#1720 = DIRECTION ( 'NONE',  ( -0.000000000000000000, -0.000000000000000000, 1.000000000000000000 ) ) ;
#1721 = ORIENTED_EDGE ( 'NONE', *, *, #5335, .F. ) ;
#1722 = ADVANCED_FACE ( 'NONE', ( #4386 ), #5923, .F. ) ;
#1723 = DIRECTION ( 'NONE',  ( -0.7071067811865533459, 0.000000000000000000, -0.7071067811865416886 ) ) ;
#1724 = ORIENTED_EDGE ( 'NONE', *, *, #5699, .T. ) ;
#1725 = FACE_OUTER_BOUND ( 'NONE', #4074, .T. ) ;
#1726 = ORIENTED_EDGE ( 'NONE', *, *, #6093, .F. ) ;
#1727 = CARTESIAN_POINT ( 'NONE',  ( 10.39129341151854469, -27.00000000000000000, -5.500000000000000000 ) ) ;
#1728 = CARTESIAN_POINT ( 'NONE',  ( -9.450000000000002842, 24.24406644123207499, -1.000000000000000888 ) ) ;
#1729 = DIRECTION ( 'NONE',  ( 0.000000000000000000, 0.000000000000000000, 1.000000000000000000 ) ) ;
#1730 = LINE ( 'NONE', #4893, #6540 ) ;
#1731 = VERTEX_POINT ( 'NONE', #170 ) ;
#1732 = ORIENTED_EDGE ( 'NONE', *, *, #5939, .F. ) ;
#1733 = CARTESIAN_POINT ( 'NONE',  ( 11.53333333333335986, -37.92185223922957249, -5.500000000000000000 ) ) ;
#1734 = EDGE_CURVE ( 'NONE', #3887, #1949, #5374, .T. ) ;
#1735 = DIRECTION ( 'NONE',  ( -1.000000000000000000, 0.000000000000000000, 0.000000000000000000 ) ) ;
#1736 = CARTESIAN_POINT ( 'NONE',  ( -5.000000000000000888, 29.74406644123207144, 7.000000000000000000 ) ) ;
#1737 = CARTESIAN_POINT ( 'NONE',  ( 27.29659163829112245, -8.061623882891092663, -1.000000000000000000 ) ) ;
#1738 = ORIENTED_EDGE ( 'NONE', *, *, #5707, .F. ) ;
#1739 = VERTEX_POINT ( 'NONE', #4355 ) ;
#1740 = DIRECTION ( 'NONE',  ( 8.673617379884027583E-16, 1.000000000000000000, 0.000000000000000000 ) ) ;
#1741 = EDGE_CURVE ( 'NONE', #4212, #4425, #4901, .T. ) ;
#1742 = DIRECTION ( 'NONE',  ( -0.000000000000000000, -0.000000000000000000, 1.000000000000000000 ) ) ;
#1743 = EDGE_LOOP ( 'NONE', ( #3792, #6528, #2639, #1135, #3912, #2275, #2280, #5366, #882, #1226, #652, #2850, #566, #579, #5873, #3565, #4575, #196, #5989, #4879, #4605, #6133, #3262, #3039, #5778, #1645, #6436, #6310 ) ) ;
#1744 = LINE ( 'NONE', #677, #399 ) ;
#1745 = VECTOR ( 'NONE', #3368, 1000.000000000000000 ) ;
#1746 = FACE_OUTER_BOUND ( 'NONE', #3081, .T. ) ;
#1747 = ADVANCED_FACE ( 'NONE', ( #4324 ), #5474, .F. ) ;
#1748 = DIRECTION ( 'NONE',  ( 7.127781821258276232E-15, -1.000000000000000000, 0.000000000000000000 ) ) ;
#1749 = CARTESIAN_POINT ( 'NONE',  ( -21.50000000000000000, 24.22277336810119763, -1.000000000000000000 ) ) ;
#1750 = LINE ( 'NONE', #3180, #6482 ) ;
#1751 = ORIENTED_EDGE ( 'NONE', *, *, #2392, .T. ) ;
#1752 = CIRCLE ( 'NONE', #3486, 2.000000000000001776 ) ;
#1753 = LINE ( 'NONE', #2810, #880 ) ;
#1754 = ORIENTED_EDGE ( 'NONE', *, *, #6250, .F. ) ;
#1755 = LINE ( 'NONE', #3279, #2568 ) ;
#1756 = EDGE_CURVE ( 'NONE', #1810, #4894, #3637, .T. ) ;
#1757 = VERTEX_POINT ( 'NONE', #6409 ) ;
#1758 = EDGE_CURVE ( 'NONE', #2041, #6340, #4832, .T. ) ;
#1759 = DIRECTION ( 'NONE',  ( -0.000000000000000000, -0.000000000000000000, 1.000000000000000000 ) ) ;
#1760 = CARTESIAN_POINT ( 'NONE',  ( 3.849999999999969003, 19.24406644123207144, 7.000000000000000000 ) ) ;
#1761 = DIRECTION ( 'NONE',  ( -0.000000000000000000, -0.000000000000000000, -1.000000000000000000 ) ) ;
#1762 = CONICAL_SURFACE ( 'NONE', #1540, 2.150000000000000799, 0.7853981633974418397 ) ;
#1763 = CARTESIAN_POINT ( 'NONE',  ( 21.00000000000000000, 11.00000000000000000, -6.000000000000000000 ) ) ;
#1764 = VERTEX_POINT ( 'NONE', #1215 ) ;
#1765 = ORIENTED_EDGE ( 'NONE', *, *, #6449, .F. ) ;
#1766 = DIRECTION ( 'NONE',  ( 1.000000000000000000, 0.000000000000000000, 0.000000000000000000 ) ) ;
#1767 = DIRECTION ( 'NONE',  ( -1.000000000000000000, 0.000000000000000000, 0.000000000000000000 ) ) ;
#1768 = FACE_OUTER_BOUND ( 'NONE', #3711, .T. ) ;
#1769 = CARTESIAN_POINT ( 'NONE',  ( -16.99999999999999289, -59.22269074732326999, -1.000000000000000000 ) ) ;
#1770 = ORIENTED_EDGE ( 'NONE', *, *, #2796, .F. ) ;
#1771 = ORIENTED_EDGE ( 'NONE', *, *, #85, .F. ) ;
#1772 = CYLINDRICAL_SURFACE ( 'NONE', #4534, 4.500000000000001776 ) ;
#1773 = DIRECTION ( 'NONE',  ( -0.000000000000000000, -0.000000000000000000, -1.000000000000000000 ) ) ;
#1774 = ORIENTED_EDGE ( 'NONE', *, *, #3905, .F. ) ;
#1775 = EDGE_CURVE ( 'NONE', #1954, #172, #2887, .T. ) ;
#1776 = ORIENTED_EDGE ( 'NONE', *, *, #6056, .F. ) ;
#1777 = FACE_OUTER_BOUND ( 'NONE', #3498, .T. ) ;
#1778 = CARTESIAN_POINT ( 'NONE',  ( 11.64730557617118123, -48.55506375495703963, -2.434573843063204901 ) ) ;
#1779 = DIRECTION ( 'NONE',  ( -1.000000000000000000, 0.000000000000000000, 0.000000000000000000 ) ) ;
#1780 = CARTESIAN_POINT ( 'NONE',  ( -13.00000000000000355, -50.45110689472375043, -1.000000000000000000 ) ) ;
#1781 = CARTESIAN_POINT ( 'NONE',  ( -11.18787076488038856, -48.42794467328765506, -2.410238358813319159 ) ) ;
#1782 = EDGE_LOOP ( 'NONE', ( #2712, #4273, #1485, #3636, #2164, #4974 ) ) ;
#1783 = EDGE_CURVE ( 'NONE', #1688, #1186, #3946, .T. ) ;
#1784 = CYLINDRICAL_SURFACE ( 'NONE', #1929, 1.899999999999999023 ) ;
#1785 = ORIENTED_EDGE ( 'NONE', *, *, #1528, .F. ) ;
#1786 = AXIS2_PLACEMENT_3D ( 'NONE', #3393, #4971, #740 ) ;
#1787 = LINE ( 'NONE', #2236, #5823 ) ;
#1788 = CARTESIAN_POINT ( 'NONE',  ( -16.00000000000000000, 16.85000000000000142, -1.000000000000000000 ) ) ;
#1789 = DIRECTION ( 'NONE',  ( -0.000000000000000000, -0.000000000000000000, -1.000000000000000000 ) ) ;
#1790 = DIRECTION ( 'NONE',  ( 1.000000000000000000, 0.000000000000000000, 0.000000000000000000 ) ) ;
#1791 = FACE_OUTER_BOUND ( 'NONE', #2114, .T. ) ;
#1792 = AXIS2_PLACEMENT_3D ( 'NONE', #5545, #315, #1262 ) ;
#1793 = EDGE_CURVE ( 'NONE', #6457, #5759, #1348, .T. ) ;
#1794 = EDGE_LOOP ( 'NONE', ( #3491, #1277 ) ) ;
#1795 = EDGE_LOOP ( 'NONE', ( #4840, #1664, #5406, #4112, #657, #4637, #1770, #3182, #2185, #3717, #3881, #35, #2544, #3975, #5876, #5437, #6473, #5449, #1521, #5141, #642 ) ) ;
#1796 = AXIS2_PLACEMENT_3D ( 'NONE', #4120, #2179, #1235 ) ;
#1797 = CARTESIAN_POINT ( 'NONE',  ( -34.12487539711820972, 4.874094260606468284E-16, -7.000000000000000000 ) ) ;
#1798 = AXIS2_PLACEMENT_3D ( 'NONE', #3312, #5358, #3897 ) ;
#1799 = CARTESIAN_POINT ( 'NONE',  ( -3.100000000000001865, 29.74406644123207144, 3.799999999999999822 ) ) ;
#1800 = AXIS2_PLACEMENT_3D ( 'NONE', #150, #120, #4336 ) ;
#1801 = ADVANCED_FACE ( 'NONE', ( #237 ), #5373, .T. ) ;
#1802 = EDGE_CURVE ( 'NONE', #290, #5435, #6256, .T. ) ;
#1803 = FACE_OUTER_BOUND ( 'NONE', #3250, .T. ) ;
#1804 = CARTESIAN_POINT ( 'NONE',  ( 30.14487539711820929, 0.000000000000000000, -5.500000000000000000 ) ) ;
#1805 = ORIENTED_EDGE ( 'NONE', *, *, #549, .F. ) ;
#1806 = ORIENTED_EDGE ( 'NONE', *, *, #6244, .T. ) ;
#1807 = AXIS2_PLACEMENT_3D ( 'NONE', #5637, #458, #969 ) ;
#1808 = CYLINDRICAL_SURFACE ( 'NONE', #1974, 1.600000000000001643 ) ;
#1809 = DIRECTION ( 'NONE',  ( 1.000000000000000000, 0.000000000000000000, 0.000000000000000000 ) ) ;
#1810 = VERTEX_POINT ( 'NONE', #1769 ) ;
#1811 = AXIS2_PLACEMENT_3D ( 'NONE', #3798, #6330, #99 ) ;
#1812 = VECTOR ( 'NONE', #2230, 1000.000000000000000 ) ;
#1813 = DIRECTION ( 'NONE',  ( 0.000000000000000000, 0.000000000000000000, -1.000000000000000000 ) ) ;
#1814 = CIRCLE ( 'NONE', #5843, 1.899999999999998135 ) ;
#1815 = CARTESIAN_POINT ( 'NONE',  ( -21.50000000000000000, 24.22277336810119763, -1.000000000000000000 ) ) ;
#1816 = AXIS2_PLACEMENT_3D ( 'NONE', #1105, #4148, #3599 ) ;
#1817 = DIRECTION ( 'NONE',  ( -0.000000000000000000, -0.000000000000000000, 1.000000000000000000 ) ) ;
#1818 = CARTESIAN_POINT ( 'NONE',  ( -10.95000000000000107, 16.85000000000000142, -1.000000000000000000 ) ) ;
#1819 = DIRECTION ( 'NONE',  ( -1.000000000000000000, 0.000000000000000000, 0.000000000000000000 ) ) ;
#1820 = EDGE_CURVE ( 'NONE', #6602, #5708, #3841, .T. ) ;
#1821 = AXIS2_PLACEMENT_3D ( 'NONE', #6651, #5967, #3914 ) ;
#1822 = ORIENTED_EDGE ( 'NONE', *, *, #2173, .F. ) ;
#1823 = CIRCLE ( 'NONE', #5627, 3.980000000000000870 ) ;
#1824 = CARTESIAN_POINT ( 'NONE',  ( -23.59487539711820858, 8.300000000000002487, -5.500000000000000000 ) ) ;
#1825 = AXIS2_PLACEMENT_3D ( 'NONE', #3736, #1181, #4253 ) ;
#1826 = ORIENTED_EDGE ( 'NONE', *, *, #5291, .T. ) ;
#1827 = CYLINDRICAL_SURFACE ( 'NONE', #1798, 1.899999999999999023 ) ;
#1828 = LINE ( 'NONE', #6089, #2147 ) ;
#1829 = CYLINDRICAL_SURFACE ( 'NONE', #1057, 10.00000000000000178 ) ;
#1830 = CARTESIAN_POINT ( 'NONE',  ( 17.00000000000000000, -50.12269074732328278, -3.999999999999998224 ) ) ;
#1831 = EDGE_CURVE ( 'NONE', #6159, #5502, #4943, .T. ) ;
#1832 = VERTEX_POINT ( 'NONE', #408 ) ;
#1833 = VERTEX_POINT ( 'NONE', #3058 ) ;
#1834 = VERTEX_POINT ( 'NONE', #3026 ) ;
#1835 = EDGE_LOOP ( 'NONE', ( #1499, #3 ) ) ;
#1836 = CARTESIAN_POINT ( 'NONE',  ( 40.14487539711818442, -47.66591431104028942, -5.500000000000000000 ) ) ;
#1837 = ADVANCED_FACE ( 'NONE', ( #909 ), #334, .F. ) ;
#1838 = CARTESIAN_POINT ( 'NONE',  ( -5.000000000000000888, 29.74406644123207144, 3.799999999999999822 ) ) ;
#1839 = LINE ( 'NONE', #1316, #1917 ) ;
#1840 = DIRECTION ( 'NONE',  ( 1.000000000000000000, 0.000000000000000000, 0.000000000000000000 ) ) ;
#1841 = ORIENTED_EDGE ( 'NONE', *, *, #3998, .T. ) ;
#1842 = ORIENTED_EDGE ( 'NONE', *, *, #3660, .T. ) ;
#1843 = FACE_OUTER_BOUND ( 'NONE', #4214, .T. ) ;
#1844 = ADVANCED_FACE ( 'NONE', ( #4487 ), #2924, .F. ) ;
#1845 = EDGE_CURVE ( 'NONE', #6094, #3135, #4560, .T. ) ;
#1846 = CARTESIAN_POINT ( 'NONE',  ( -6.000000000000001776, -12.99999999999999467, -1.999999999999999556 ) ) ;
#1847 = ORIENTED_EDGE ( 'NONE', *, *, #1397, .F. ) ;
#1848 = ORIENTED_EDGE ( 'NONE', *, *, #5458, .F. ) ;
#1849 = CARTESIAN_POINT ( 'NONE',  ( 40.14487539711818442, -48.22269074732326999, -3.999999999999998224 ) ) ;
#1850 = CARTESIAN_POINT ( 'NONE',  ( 13.00000000000000178, -43.22269074732326999, 9.000000000000001776 ) ) ;
#1851 = DIRECTION ( 'NONE',  ( 1.000000000000000000, 0.000000000000000000, 0.000000000000000000 ) ) ;
#1852 = DIRECTION ( 'NONE',  ( -1.000000000000000000, 0.000000000000000000, 0.000000000000000000 ) ) ;
#1853 = LINE ( 'NONE', #3926, #613 ) ;
#1854 = FACE_OUTER_BOUND ( 'NONE', #3649, .T. ) ;
#1855 = VERTEX_POINT ( 'NONE', #2049 ) ;
#1856 = DIRECTION ( 'NONE',  ( -1.000000000000000000, 0.000000000000000000, 0.000000000000000000 ) ) ;
#1857 = CIRCLE ( 'NONE', #2402, 2.649999999999972378 ) ;
#1858 = ORIENTED_EDGE ( 'NONE', *, *, #339, .F. ) ;
#1859 = PLANE ( 'NONE',  #816 ) ;
#1860 = FACE_OUTER_BOUND ( 'NONE', #6442, .T. ) ;
#1861 = LINE ( 'NONE', #3566, #1711 ) ;
#1862 = DIRECTION ( 'NONE',  ( -1.000000000000000000, 7.304098846218135653E-16, 0.000000000000000000 ) ) ;
#1863 = CIRCLE ( 'NONE', #1198, 1.899999999999999023 ) ;
#1864 = EDGE_CURVE ( 'NONE', #1609, #1834, #5004, .T. ) ;
#1865 = ORIENTED_EDGE ( 'NONE', *, *, #1029, .F. ) ;
#1866 = AXIS2_PLACEMENT_3D ( 'NONE', #3463, #3527, #506 ) ;
#1867 = VERTEX_POINT ( 'NONE', #2954 ) ;
#1868 = VERTEX_POINT ( 'NONE', #5033 ) ;
#1869 = CARTESIAN_POINT ( 'NONE',  ( 30.14487539711820929, 2.220446049250313081E-13, -5.000000000000000000 ) ) ;
#1870 = CARTESIAN_POINT ( 'NONE',  ( 29.29659163829112600, -8.061623882891092663, -5.500000000000000000 ) ) ;
#1871 = CIRCLE ( 'NONE', #5676, 3.980000000000004423 ) ;
#1872 = VECTOR ( 'NONE', #3743, 1000.000000000000000 ) ;
#1873 = DIRECTION ( 'NONE',  ( -1.000000000000000000, -0.000000000000000000, -0.000000000000000000 ) ) ;
#1874 = CARTESIAN_POINT ( 'NONE',  ( 6.000000000000001776, -12.99999999999999467, -5.500000000000000000 ) ) ;
#1875 = ADVANCED_FACE ( 'NONE', ( #4122 ), #472, .T. ) ;
#1876 = ORIENTED_EDGE ( 'NONE', *, *, #3800, .F. ) ;
#1877 = EDGE_LOOP ( 'NONE', ( #6474, #6673, #5793, #5641 ) ) ;
#1878 = CARTESIAN_POINT ( 'NONE',  ( 30.14487539711820929, 2.220446049250313081E-13, -1.000000000000000000 ) ) ;
#1879 = DIRECTION ( 'NONE',  ( -1.000000000000000000, 0.000000000000000000, 0.000000000000000000 ) ) ;
#1880 = ORIENTED_EDGE ( 'NONE', *, *, #2299, .F. ) ;
#1881 = ADVANCED_FACE ( 'NONE', ( #6131 ), #1455, .T. ) ;
#1882 = EDGE_CURVE ( 'NONE', #5300, #2701, #2986, .T. ) ;
#1883 = VERTEX_POINT ( 'NONE', #2417 ) ;
#1884 = CARTESIAN_POINT ( 'NONE',  ( 3.850000000000001421, -12.99999999999999467, 9.000000000000001776 ) ) ;
#1885 = CARTESIAN_POINT ( 'NONE',  ( 6.000000000000001776, -12.99999999999999467, -6.500000000000007105 ) ) ;
#1886 = CARTESIAN_POINT ( 'NONE',  ( 9.449999999999885603, 24.22277336810119763, -1.000000000000000000 ) ) ;
#1887 = FACE_OUTER_BOUND ( 'NONE', #3192, .T. ) ;
#1888 = CARTESIAN_POINT ( 'NONE',  ( 3.305443769227832451, 21.24406644123207144, 6.455443769227855455 ) ) ;
#1889 = CARTESIAN_POINT ( 'NONE',  ( -12.01999999999998536, 16.85000000000002629, -6.819204917418021594 ) ) ;
#1890 = ORIENTED_EDGE ( 'NONE', *, *, #3285, .T. ) ;
#1891 = EDGE_CURVE ( 'NONE', #27, #655, #5070, .T. ) ;
#1892 = FILL_AREA_STYLE_COLOUR ( '', #4316 ) ;
#1893 = DIRECTION ( 'NONE',  ( -0.000000000000000000, -0.000000000000000000, 1.000000000000000000 ) ) ;
#1894 = DIRECTION ( 'NONE',  ( 1.000000000000000000, 0.000000000000000000, 0.000000000000000000 ) ) ;
#1895 = CARTESIAN_POINT ( 'NONE',  ( 11.53333333333333499, -48.52352925541694617, -1.000000000000000000 ) ) ;
#1896 = FACE_OUTER_BOUND ( 'NONE', #2237, .T. ) ;
#1897 = ORIENTED_EDGE ( 'NONE', *, *, #5612, .T. ) ;
#1898 = AXIS2_PLACEMENT_3D ( 'NONE', #717, #5974, #3376 ) ;
#1899 = ORIENTED_EDGE ( 'NONE', *, *, #6115, .T. ) ;
#1900 = ORIENTED_EDGE ( 'NONE', *, *, #4331, .T. ) ;
#1901 = ORIENTED_EDGE ( 'NONE', *, *, #1511, .F. ) ;
#1902 = DIRECTION ( 'NONE',  ( -0.000000000000000000, -0.000000000000000000, -1.000000000000000000 ) ) ;
#1903 = AXIS2_PLACEMENT_3D ( 'NONE', #6102, #1391, #4594 ) ;
#1904 = CARTESIAN_POINT ( 'NONE',  ( -23.59487539711820858, 10.30000000000000249, -1.000000000000000000 ) ) ;
#1905 = ADVANCED_FACE ( 'NONE', ( #2553 ), #6680, .F. ) ;
#1906 = LINE ( 'NONE', #3980, #5128 ) ;
#1907 = PLANE ( 'NONE',  #1792 ) ;
#1908 = CIRCLE ( 'NONE', #4734, 1.899999999999999023 ) ;
#1909 = ORIENTED_EDGE ( 'NONE', *, *, #330, .T. ) ;
#1910 = VERTEX_POINT ( 'NONE', #1948 ) ;
#1911 = CIRCLE ( 'NONE', #2884, 1.899999999999999023 ) ;
#1912 = CARTESIAN_POINT ( 'NONE',  ( 19.33955556881018367, -28.43451699311990311, -7.000000000000000000 ) ) ;
#1913 = PLANE ( 'NONE',  #4361 ) ;
#1914 = EDGE_CURVE ( 'NONE', #706, #6730, #440, .T. ) ;
#1915 = VECTOR ( 'NONE', #5256, 1000.000000000000000 ) ;
#1916 = ORIENTED_EDGE ( 'NONE', *, *, #2005, .F. ) ;
#1917 = VECTOR ( 'NONE', #2285, 1000.000000000000000 ) ;
#1918 = ORIENTED_EDGE ( 'NONE', *, *, #3826, .F. ) ;
#1919 = DIRECTION ( 'NONE',  ( -1.615063890455122697E-16, 1.000000000000000000, -0.000000000000000000 ) ) ;
#1920 = CARTESIAN_POINT ( 'NONE',  ( -6.000000000000001776, -12.99999999999999467, -2.499999999999981348 ) ) ;
#1921 = PLANE ( 'NONE',  #4520 ) ;
#1922 = CARTESIAN_POINT ( 'NONE',  ( 13.00000000000000355, -54.22269074732326999, -5.500000000000000000 ) ) ;
#1923 = DIRECTION ( 'NONE',  ( 0.000000000000000000, 0.000000000000000000, 1.000000000000000000 ) ) ;
#1924 = CYLINDRICAL_SURFACE ( 'NONE', #1463, 2.000000000000001776 ) ;
#1925 = EDGE_CURVE ( 'NONE', #4017, #4728, #3981, .T. ) ;
#1926 = ORIENTED_EDGE ( 'NONE', *, *, #1090, .F. ) ;
#1927 = AXIS2_PLACEMENT_3D ( 'NONE', #2133, #6320, #1033 ) ;
#1928 = PRESENTATION_STYLE_ASSIGNMENT (( #3930 ) ) ;
#1929 = AXIS2_PLACEMENT_3D ( 'NONE', #4441, #5563, #5493 ) ;
#1930 = CONICAL_SURFACE ( 'NONE', #6065, 2.149999999999997247, 0.7853981633974566057 ) ;
#1931 = DIRECTION ( 'NONE',  ( -1.000000000000000000, 0.000000000000000000, 0.000000000000000000 ) ) ;
#1932 = AXIS2_PLACEMENT_3D ( 'NONE', #883, #3500, #6548 ) ;
#1933 = CYLINDRICAL_SURFACE ( 'NONE', #5283, 2.000000000000000000 ) ;
#1934 = CARTESIAN_POINT ( 'NONE',  ( 21.49999999999983302, 24.22277336810119763, -4.000000000000000000 ) ) ;
#1935 = LINE ( 'NONE', #2407, #6372 ) ;
#1936 = ADVANCED_FACE ( 'NONE', ( #6716, #6166, #1495, #3464, #6202, #3572, #5650, #1529 ), #1907, .T. ) ;
#1937 = EDGE_CURVE ( 'NONE', #5355, #3846, #2399, .T. ) ;
#1938 = AXIS2_PLACEMENT_3D ( 'NONE', #4293, #584, #2666 ) ;
#1939 = ORIENTED_EDGE ( 'NONE', *, *, #1102, .T. ) ;
#1940 = VECTOR ( 'NONE', #2587, 1000.000000000000000 ) ;
#1941 = AXIS2_PLACEMENT_3D ( 'NONE', #6586, #1400, #5589 ) ;
#1942 = EDGE_LOOP ( 'NONE', ( #1771, #6327, #1462, #827 ) ) ;
#1943 = EDGE_LOOP ( 'NONE', ( #4481, #6028, #895, #5072, #3859 ) ) ;
#1944 = EDGE_LOOP ( 'NONE', ( #3066, #3202, #2219, #342 ) ) ;
#1945 = DIRECTION ( 'NONE',  ( -1.000000000000000000, 0.000000000000000000, 0.000000000000000000 ) ) ;
#1946 = CARTESIAN_POINT ( 'NONE',  ( 7.500000000000000000, -24.00000000000000000, -7.000000000000000000 ) ) ;
#1947 = DIRECTION ( 'NONE',  ( -0.000000000000000000, -0.000000000000000000, -1.000000000000000000 ) ) ;
#1948 = CARTESIAN_POINT ( 'NONE',  ( 16.99999999999999645, -43.22269074732326999, -1.000000000000000000 ) ) ;
#1949 = VERTEX_POINT ( 'NONE', #6011 ) ;
#1950 = ORIENTED_EDGE ( 'NONE', *, *, #4871, .T. ) ;
#1951 = FACE_OUTER_BOUND ( 'NONE', #3990, .T. ) ;
#1952 = CYLINDRICAL_SURFACE ( 'NONE', #557, 2.000000000000000000 ) ;
#1953 = EDGE_LOOP ( 'NONE', ( #1071, #453 ) ) ;
#1954 = VERTEX_POINT ( 'NONE', #4913 ) ;
#1955 = ADVANCED_FACE ( 'NONE', ( #894 ), #826, .F. ) ;
#1956 = LINE ( 'NONE', #6556, #5961 ) ;
#1957 = CARTESIAN_POINT ( 'NONE',  ( 11.53333333333333499, -48.52352925541694617, -5.500000000000000000 ) ) ;
#1958 = CARTESIAN_POINT ( 'NONE',  ( 11.00000000000000355, -56.22269074732326999, -5.500000000000000000 ) ) ;
#1959 = CARTESIAN_POINT ( 'NONE',  ( -8.000000000000000000, 37.74406644123207144, -4.000000000000000000 ) ) ;
#1960 = DIRECTION ( 'NONE',  ( 0.000000000000000000, -1.000000000000000000, 0.000000000000000000 ) ) ;
#1961 = ORIENTED_EDGE ( 'NONE', *, *, #1364, .T. ) ;
#1962 = CARTESIAN_POINT ( 'NONE',  ( 13.00000000000000178, -35.99427459992278244, -1.000000000000000000 ) ) ;
#1963 = EDGE_CURVE ( 'NONE', #10, #210, #279, .T. ) ;
#1964 = LINE ( 'NONE', #6088, #3100 ) ;
#1965 = DIRECTION ( 'NONE',  ( 0.000000000000000000, 0.000000000000000000, 1.000000000000000000 ) ) ;
#1966 = CARTESIAN_POINT ( 'NONE',  ( -20.72901885141141776, -19.00000000000000711, -5.500000000000000000 ) ) ;
#1967 = DIRECTION ( 'NONE',  ( -0.000000000000000000, -0.000000000000000000, -1.000000000000000000 ) ) ;
#1968 = EDGE_CURVE ( 'NONE', #4616, #2074, #1329, .T. ) ;
#1969 = VERTEX_POINT ( 'NONE', #3406 ) ;
#1970 = EDGE_CURVE ( 'NONE', #1561, #2041, #3958, .T. ) ;
#1971 = VERTEX_POINT ( 'NONE', #5529 ) ;
#1972 = ORIENTED_EDGE ( 'NONE', *, *, #5692, .F. ) ;
#1973 = CARTESIAN_POINT ( 'NONE',  ( 6.600000000000003197, 29.74406644123207144, 3.799999999999999822 ) ) ;
#1974 = AXIS2_PLACEMENT_3D ( 'NONE', #3883, #5377, #5894 ) ;
#1975 = DIRECTION ( 'NONE',  ( 1.000000000000000000, 0.000000000000000000, 0.000000000000000000 ) ) ;
#1976 = LINE ( 'NONE', #4051, #2947 ) ;
#1977 = AXIS2_PLACEMENT_3D ( 'NONE', #6377, #2191, #1740 ) ;
#1978 = PLANE ( 'NONE',  #5920 ) ;
#1979 = CARTESIAN_POINT ( 'NONE',  ( -27.96285684503430602, -6.175863910285077196, -5.500000000000000000 ) ) ;
#1980 = ORIENTED_EDGE ( 'NONE', *, *, #4233, .F. ) ;
#1981 = ORIENTED_EDGE ( 'NONE', *, *, #1483, .T. ) ;
#1982 = DIRECTION ( 'NONE',  ( 2.312964634635742464E-16, 1.000000000000000000, -0.000000000000000000 ) ) ;
#1983 = DIRECTION ( 'NONE',  ( -0.000000000000000000, -0.000000000000000000, 1.000000000000000000 ) ) ;
#1984 = EDGE_LOOP ( 'NONE', ( #6499, #1116, #4257, #3941 ) ) ;
#1985 = ORIENTED_EDGE ( 'NONE', *, *, #2245, .F. ) ;
#1986 = ORIENTED_EDGE ( 'NONE', *, *, #2795, .F. ) ;
#1987 = DIRECTION ( 'NONE',  ( -0.000000000000000000, -1.000000000000000000, -0.000000000000000000 ) ) ;
#1988 = DIRECTION ( 'NONE',  ( 1.000000000000000000, -1.734723475976807094E-15, 0.000000000000000000 ) ) ;
#1989 = PLANE ( 'NONE',  #5057 ) ;
#1990 = ORIENTED_EDGE ( 'NONE', *, *, #4447, .F. ) ;
#1991 = ADVANCED_FACE ( 'NONE', ( #5018 ), #6591, .F. ) ;
#1992 = DIRECTION ( 'NONE',  ( -1.615063890455122697E-16, 1.000000000000000000, -0.000000000000000000 ) ) ;
#1993 = DIRECTION ( 'NONE',  ( 1.000000000000000000, 3.083923978207811463E-16, -0.000000000000000000 ) ) ;
#1994 = CARTESIAN_POINT ( 'NONE',  ( -8.000000000000001776, 35.74406644123207144, 7.000000000000000000 ) ) ;
#1995 = CARTESIAN_POINT ( 'NONE',  ( -1.214306433183764966E-14, 23.49489742783178414, -7.000000000000000000 ) ) ;
#1996 = LINE ( 'NONE', #1966, #6172 ) ;
#1997 = CARTESIAN_POINT ( 'NONE',  ( -37.80531982830802207, -6.427876096865347222, 7.000000000000000000 ) ) ;
#1998 = VERTEX_POINT ( 'NONE', #5489 ) ;
#1999 = EDGE_CURVE ( 'NONE', #2380, #6311, #1403, .T. ) ;
#2000 = ORIENTED_EDGE ( 'NONE', *, *, #2709, .F. ) ;
#2001 = EDGE_LOOP ( 'NONE', ( #3093, #536, #6271, #4599, #5691, #4115 ) ) ;
#2002 = VERTEX_POINT ( 'NONE', #4002 ) ;
#2003 = CARTESIAN_POINT ( 'NONE',  ( 12.38249950966049262, -48.99673741144775363, -5.407938684090396464 ) ) ;
#2004 = DIRECTION ( 'NONE',  ( 1.000000000000000000, 0.000000000000000000, 0.000000000000000000 ) ) ;
#2005 = EDGE_CURVE ( 'NONE', #4373, #4902, #2224, .T. ) ;
#2006 = AXIS2_PLACEMENT_3D ( 'NONE', #2363, #6558, #4911 ) ;
#2007 = DIRECTION ( 'NONE',  ( -0.000000000000000000, -0.000000000000000000, -1.000000000000000000 ) ) ;
#2008 = CARTESIAN_POINT ( 'NONE',  ( -8.000000000000000000, 27.09831513016748161, -1.000000000000000000 ) ) ;
#2009 = VERTEX_POINT ( 'NONE', #785 ) ;
#2010 = ORIENTED_EDGE ( 'NONE', *, *, #842, .F. ) ;
#2011 = DIRECTION ( 'NONE',  ( 0.000000000000000000, 1.000000000000000000, 1.626303258728259412E-15 ) ) ;
#2012 = CARTESIAN_POINT ( 'NONE',  ( -19.33955556881018722, -28.43451699311989955, 6.999999999999999112 ) ) ;
#2013 = ADVANCED_FACE ( 'NONE', ( #2431, #4399 ), #4502, .F. ) ;
#2014 = ADVANCED_FACE ( 'NONE', ( #1854 ), #1924, .F. ) ;
#2015 = ORIENTED_EDGE ( 'NONE', *, *, #3578, .F. ) ;
#2016 = CIRCLE ( 'NONE', #2667, 1.899999999999998135 ) ;
#2017 = ORIENTED_EDGE ( 'NONE', *, *, #3738, .T. ) ;
#2018 = VERTEX_POINT ( 'NONE', #6560 ) ;
#2019 = DIRECTION ( 'NONE',  ( -1.000000000000000000, 0.000000000000000000, 0.000000000000000000 ) ) ;
#2020 = CIRCLE ( 'NONE', #5379, 9.999999999999998224 ) ;
#2021 = PRODUCT_CONTEXT ( 'NONE', #1565, 'mechanical' ) ;
#2022 = FACE_OUTER_BOUND ( 'NONE', #2918, .T. ) ;
#2023 = CARTESIAN_POINT ( 'NONE',  ( -8.000000000000000000, 37.74406644123207144, -7.000000000000000000 ) ) ;
#2024 = VECTOR ( 'NONE', #2812, 1000.000000000000000 ) ;
#2025 = ORIENTED_EDGE ( 'NONE', *, *, #5326, .T. ) ;
#2026 = AXIS2_PLACEMENT_3D ( 'NONE', #495, #6670, #23 ) ;
#2027 = DIRECTION ( 'NONE',  ( -0.6427876096865301481, -0.7660444431189856740, 0.000000000000000000 ) ) ;
#2028 = CARTESIAN_POINT ( 'NONE',  ( -8.704398134004069476, -46.65849380500838350, -4.383877295957330666 ) ) ;
#2029 = EDGE_CURVE ( 'NONE', #2246, #6152, #1680, .T. ) ;
#2030 = AXIS2_PLACEMENT_3D ( 'NONE', #6189, #1032, #3272 ) ;
#2031 = FACE_BOUND ( 'NONE', #4087, .T. ) ;
#2032 = CARTESIAN_POINT ( 'NONE',  ( -5.000000000000000888, 29.74406644123207144, 3.799999999999999822 ) ) ;
#2033 = DIRECTION ( 'NONE',  ( 0.000000000000000000, 0.000000000000000000, 1.000000000000000000 ) ) ;
#2034 = AXIS2_PLACEMENT_3D ( 'NONE', #3892, #2903, #248 ) ;
#2035 = VERTEX_POINT ( 'NONE', #2968 ) ;
#2036 = VECTOR ( 'NONE', #29, 1000.000000000000000 ) ;
#2037 = CIRCLE ( 'NONE', #5730, 1.600000000000002531 ) ;
#2038 = ORIENTED_EDGE ( 'NONE', *, *, #6169, .F. ) ;
#2039 = ORIENTED_EDGE ( 'NONE', *, *, #1169, .F. ) ;
#2040 = EDGE_CURVE ( 'NONE', #1656, #5758, #3302, .T. ) ;
#2041 = VERTEX_POINT ( 'NONE', #4034 ) ;
#2042 = VECTOR ( 'NONE', #1514, 1000.000000000000000 ) ;
#2043 = LINE ( 'NONE', #4118, #5515 ) ;
#2044 = DIRECTION ( 'NONE',  ( 0.000000000000000000, 0.000000000000000000, -1.000000000000000000 ) ) ;
#2045 = PLANE ( 'NONE',  #1796 ) ;
#2046 = AXIS2_PLACEMENT_3D ( 'NONE', #1272, #2777, #2713 ) ;
#2047 = CARTESIAN_POINT ( 'NONE',  ( 3.849999999999968114, 2.220446049250313081E-13, 7.000000000000000000 ) ) ;
#2048 = VECTOR ( 'NONE', #513, 1000.000000000000000 ) ;
#2049 = CARTESIAN_POINT ( 'NONE',  ( 22.56935410655539087, 11.99999999999999822, -4.000000000000000000 ) ) ;
#2050 = ORIENTED_EDGE ( 'NONE', *, *, #1820, .F. ) ;
#2051 = ORIENTED_EDGE ( 'NONE', *, *, #2703, .T. ) ;
#2052 = EDGE_CURVE ( 'NONE', #919, #6192, #3412, .T. ) ;
#2053 = VECTOR ( 'NONE', #4866, 1000.000000000000000 ) ;
#2054 = CARTESIAN_POINT ( 'NONE',  ( 16.00000000000000000, 16.84999999999999787, -6.000000000000000888 ) ) ;
#2055 = CARTESIAN_POINT ( 'NONE',  ( -30.14487539711820929, 0.000000000000000000, -1.000000000000000000 ) ) ;
#2056 = VERTEX_POINT ( 'NONE', #4438 ) ;
#2057 = ORIENTED_EDGE ( 'NONE', *, *, #5214, .F. ) ;
#2058 = B_SPLINE_CURVE_WITH_KNOTS ( 'NONE', 3,
 ( #6710, #6099, #4591, #5712, #5136, #6676, #3086, #2003, #1418, #4662 ),
 .UNSPECIFIED., .F., .F.,
 ( 4, 2, 2, 2, 4 ),
 ( 0.002805527810522344487, 0.003349945832067883350, 0.003894363853613421779, 0.004438781875158960208, 0.004983199896704499504 ),
 .UNSPECIFIED. ) ;
#2059 = ORIENTED_EDGE ( 'NONE', *, *, #4543, .T. ) ;
#2060 = EDGE_CURVE ( 'NONE', #1120, #1698, #4100, .T. ) ;
#2061 = EDGE_CURVE ( 'NONE', #5687, #3490, #372, .T. ) ;
#2062 = CARTESIAN_POINT ( 'NONE',  ( -5.000000000000000888, 29.74406644123207144, 7.000000000000000000 ) ) ;
#2063 = CARTESIAN_POINT ( 'NONE',  ( 16.20000000000000995, -43.22269074732326999, 9.000000000000001776 ) ) ;
#2064 = LINE ( 'NONE', #6184, #270 ) ;
#2065 = ORIENTED_EDGE ( 'NONE', *, *, #830, .F. ) ;
#2066 = DIRECTION ( 'NONE',  ( -0.000000000000000000, -0.000000000000000000, -1.000000000000000000 ) ) ;
#2067 = DIRECTION ( 'NONE',  ( -6.736790197968181773E-15, 1.000000000000000000, 0.000000000000000000 ) ) ;
#2068 = LINE ( 'NONE', #4609, #3867 ) ;
#2069 = CARTESIAN_POINT ( 'NONE',  ( 15.99999999999993072, 10.30000000000000249, -1.000000000000000000 ) ) ;
#2070 = DIRECTION ( 'NONE',  ( 1.000000000000000000, 0.000000000000000000, -0.000000000000000000 ) ) ;
#2071 = ORIENTED_EDGE ( 'NONE', *, *, #2959, .T. ) ;
#2072 = ORIENTED_EDGE ( 'NONE', *, *, #1999, .T. ) ;
#2073 = CARTESIAN_POINT ( 'NONE',  ( -21.50000000000000000, 24.22277336810119763, -4.000000000000000000 ) ) ;
#2074 = VERTEX_POINT ( 'NONE', #3144 ) ;
#2075 = CARTESIAN_POINT ( 'NONE',  ( 17.00000000000000000, -35.99427459992278244, 6.999999999999999112 ) ) ;
#2076 = DIRECTION ( 'NONE',  ( -1.000000000000000000, 2.312964634635742464E-16, 0.000000000000000000 ) ) ;
#2077 = CARTESIAN_POINT ( 'NONE',  ( 9.758431805000896020, -47.66591431104029652, -5.500000000000000000 ) ) ;
#2078 = CARTESIAN_POINT ( 'NONE',  ( -9.450000000000002842, 24.24406644123207499, -1.000000000000000000 ) ) ;
#2079 = EDGE_CURVE ( 'NONE', #941, #6255, #2124, .T. ) ;
#2080 = DIRECTION ( 'NONE',  ( 1.000000000000000000, 0.000000000000000000, 0.000000000000000000 ) ) ;
#2081 = VERTEX_POINT ( 'NONE', #554 ) ;
#2082 = AXIS2_PLACEMENT_3D ( 'NONE', #734, #6401, #4380 ) ;
#2083 = VERTEX_POINT ( 'NONE', #1542 ) ;
#2084 = DIRECTION ( 'NONE',  ( 0.000000000000000000, 0.000000000000000000, 1.000000000000000000 ) ) ;
#2085 = DIRECTION ( 'NONE',  ( 1.000000000000000000, 0.000000000000000000, 0.000000000000000000 ) ) ;
#2086 = ORIENTED_EDGE ( 'NONE', *, *, #6157, .T. ) ;
#2087 = AXIS2_PLACEMENT_3D ( 'NONE', #3103, #6211, #5247 ) ;
#2088 = ADVANCED_FACE ( 'NONE', ( #3548 ), #6113, .F. ) ;
#2089 = VERTEX_POINT ( 'NONE', #485 ) ;
#2090 = ORIENTED_EDGE ( 'NONE', *, *, #6700, .F. ) ;
#2091 = DIRECTION ( 'NONE',  ( -8.673617379884027583E-16, -1.000000000000000000, 0.000000000000000000 ) ) ;
#2092 = AXIS2_PLACEMENT_3D ( 'NONE', #2787, #4417, #1767 ) ;
#2093 = CARTESIAN_POINT ( 'NONE',  ( 16.00000000000000000, 16.85000000000000142, -5.000000000000000000 ) ) ;
#2094 = LINE ( 'NONE', #2531, #3205 ) ;
#2095 = ORIENTED_EDGE ( 'NONE', *, *, #2140, .T. ) ;
#2096 = EDGE_CURVE ( 'NONE', #5849, #3034, #1063, .T. ) ;
#2097 = EDGE_CURVE ( 'NONE', #3020, #4616, #4604, .T. ) ;
#2098 = CARTESIAN_POINT ( 'NONE',  ( -12.02000000000000135, 17.13824400103398560, -6.550959758846434333 ) ) ;
#2099 = CARTESIAN_POINT ( 'NONE',  ( 25.09487539711820503, 2.226630515586007067E-13, -1.000000000000000000 ) ) ;
#2100 = CARTESIAN_POINT ( 'NONE',  ( 7.500000000000000000, -24.00000000000000000, -5.500000000000000000 ) ) ;
#2101 = CARTESIAN_POINT ( 'NONE',  ( 12.01999999999998359, 16.85000000000002274, -6.819204917418022482 ) ) ;
#2102 = DIRECTION ( 'NONE',  ( -0.000000000000000000, -0.000000000000000000, -1.000000000000000000 ) ) ;
#2103 = ORIENTED_EDGE ( 'NONE', *, *, #2307, .T. ) ;
#2104 = EDGE_CURVE ( 'NONE', #5426, #3613, #4708, .T. ) ;
#2105 = ORIENTED_EDGE ( 'NONE', *, *, #4174, .T. ) ;
#2106 = CARTESIAN_POINT ( 'NONE',  ( 9.605889045462618014, -47.55462624493114276, -5.458691618100612430 ) ) ;
#2107 = VERTEX_POINT ( 'NONE', #2608 ) ;
#2108 = LINE ( 'NONE', #467, #4753 ) ;
#2109 = LINE ( 'NONE', #60, #4101 ) ;
#2110 = DIRECTION ( 'NONE',  ( 0.000000000000000000, 0.000000000000000000, -1.000000000000000000 ) ) ;
#2111 = CARTESIAN_POINT ( 'NONE',  ( -12.09800759387858982, -48.77946718360626477, -5.500000000000000000 ) ) ;
#2112 = DIRECTION ( 'NONE',  ( -0.000000000000000000, -1.000000000000000000, -0.000000000000000000 ) ) ;
#2113 = ORIENTED_EDGE ( 'NONE', *, *, #6338, .F. ) ;
#2114 = EDGE_LOOP ( 'NONE', ( #358, #6126, #936, #475 ) ) ;
#2115 = LINE ( 'NONE', #5653, #2048 ) ;
#2116 = EDGE_CURVE ( 'NONE', #619, #3460, #3095, .T. ) ;
#2117 = DIRECTION ( 'NONE',  ( 0.000000000000000000, 0.000000000000000000, 1.000000000000000000 ) ) ;
#2118 = ORIENTED_EDGE ( 'NONE', *, *, #5821, .T. ) ;
#2119 = VECTOR ( 'NONE', #3362, 1000.000000000000000 ) ;
#2120 = ORIENTED_EDGE ( 'NONE', *, *, #2384, .F. ) ;
#2121 = FACE_OUTER_BOUND ( 'NONE', #4819, .T. ) ;
#2122 = EDGE_CURVE ( 'NONE', #3969, #2602, #2094, .T. ) ;
#2123 = CARTESIAN_POINT ( 'NONE',  ( 13.00000000000000178, -43.22269074732326999, -1.000000000000000000 ) ) ;
#2124 = LINE ( 'NONE', #6214, #4284 ) ;
#2125 = VECTOR ( 'NONE', #1283, 1000.000000000000000 ) ;
#2126 = ORIENTED_EDGE ( 'NONE', *, *, #3790, .F. ) ;
#2127 = DIRECTION ( 'NONE',  ( 1.000000000000000000, 0.000000000000000000, -0.000000000000000000 ) ) ;
#2128 = VECTOR ( 'NONE', #1077, 1000.000000000000000 ) ;
#2129 = FACE_OUTER_BOUND ( 'NONE', #799, .T. ) ;
#2130 = EDGE_CURVE ( 'NONE', #2380, #1633, #5696, .T. ) ;
#2131 = AXIS2_PLACEMENT_3D ( 'NONE', #3481, #4547, #5052 ) ;
#2132 = PLANE ( 'NONE',  #3984 ) ;
#2133 = CARTESIAN_POINT ( 'NONE',  ( -9.450000000000002842, 24.24406644123207499, 26.55019181491567792 ) ) ;
#2134 = CARTESIAN_POINT ( 'NONE',  ( -13.00000000000000178, -43.22269074732326999, 3.799999999999999822 ) ) ;
#2135 = ORIENTED_EDGE ( 'NONE', *, *, #1227, .F. ) ;
#2136 = CIRCLE ( 'NONE', #2026, 4.000000000000000000 ) ;
#2137 = CIRCLE ( 'NONE', #68, 1.899999999999999023 ) ;
#2138 = VERTEX_POINT ( 'NONE', #5592 ) ;
#2139 = CARTESIAN_POINT ( 'NONE',  ( 26.00000000000000355, 21.25010530891830030, 7.000000000000000000 ) ) ;
#2140 = EDGE_CURVE ( 'NONE', #5176, #2454, #2064, .T. ) ;
#2141 = ORIENTED_EDGE ( 'NONE', *, *, #615, .T. ) ;
#2142 = ADVANCED_FACE ( 'NONE', ( #1509, #4134 ), #1989, .T. ) ;
#2143 = DIRECTION ( 'NONE',  ( -1.000000000000000000, 0.000000000000000000, 0.000000000000000000 ) ) ;
#2144 = DIRECTION ( 'NONE',  ( 0.000000000000000000, 0.000000000000000000, 1.000000000000000000 ) ) ;
#2145 = DIRECTION ( 'NONE',  ( -0.7071067811865523467, -1.350123544950515090E-16, 0.7071067811865426878 ) ) ;
#2146 = DIRECTION ( 'NONE',  ( 1.000000000000000000, 0.000000000000000000, 0.000000000000000000 ) ) ;
#2147 = VECTOR ( 'NONE', #3383, 1000.000000000000000 ) ;
#2148 = CARTESIAN_POINT ( 'NONE',  ( 16.20000000000000995, -43.22269074732326999, 9.000000000000001776 ) ) ;
#2149 = ORIENTED_EDGE ( 'NONE', *, *, #5152, .T. ) ;
#2150 = AXIS2_PLACEMENT_3D ( 'NONE', #386, #3449, #2433 ) ;
#2151 = ORIENTED_EDGE ( 'NONE', *, *, #6004, .F. ) ;
#2152 = AXIS2_PLACEMENT_3D ( 'NONE', #1508, #4541, #3583 ) ;
#2153 = CARTESIAN_POINT ( 'NONE',  ( -23.06055714218643260, -24.00000000000000000, -5.500000000000000000 ) ) ;
#2154 = CONICAL_SURFACE ( 'NONE', #1604, 2.149999999999997691, 0.7853981633974410625 ) ;
#2155 = CARTESIAN_POINT ( 'NONE',  ( -28.82868052452909424, -9.347199102264276860, -5.500000000000000000 ) ) ;
#2156 = CIRCLE ( 'NONE', #2694, 5.049999999999998934 ) ;
#2157 = VECTOR ( 'NONE', #5782, 1000.000000000000000 ) ;
#2158 = ADVANCED_FACE ( 'NONE', ( #14 ), #1027, .F. ) ;
#2159 = VECTOR ( 'NONE', #6659, 1000.000000000000000 ) ;
#2160 = ORIENTED_EDGE ( 'NONE', *, *, #6087, .T. ) ;
#2161 = ORIENTED_EDGE ( 'NONE', *, *, #4453, .F. ) ;
#2162 = DIRECTION ( 'NONE',  ( 1.000000000000000000, 0.000000000000000000, 0.000000000000000000 ) ) ;
#2163 = DIRECTION ( 'NONE',  ( 0.000000000000000000, 0.000000000000000000, -1.000000000000000000 ) ) ;
#2164 = ORIENTED_EDGE ( 'NONE', *, *, #3024, .F. ) ;
#2165 = EDGE_CURVE ( 'NONE', #2083, #589, #4574, .T. ) ;
#2166 = CARTESIAN_POINT ( 'NONE',  ( 30.14487539711820929, 10.00000000000018119, 7.000000000000000000 ) ) ;
#2167 = DIRECTION ( 'NONE',  ( 1.000000000000000000, 0.000000000000000000, 0.000000000000000000 ) ) ;
#2168 = DIRECTION ( 'NONE',  ( -0.000000000000000000, -0.000000000000000000, 1.000000000000000000 ) ) ;
#2169 = CARTESIAN_POINT ( 'NONE',  ( 1.056668365738889574E-14, -19.00000000000000000, 7.000000000000000000 ) ) ;
#2170 = CARTESIAN_POINT ( 'NONE',  ( -12.25550619659865070, -48.89005737068819002, -2.544047277805959073 ) ) ;
#2171 = DIRECTION ( 'NONE',  ( -0.000000000000000000, -0.000000000000000000, 1.000000000000000000 ) ) ;
#2172 = EDGE_LOOP ( 'NONE', ( #3835, #3245 ) ) ;
#2173 = EDGE_CURVE ( 'NONE', #3021, #695, #996, .T. ) ;
#2174 = EDGE_LOOP ( 'NONE', ( #4556, #5127 ) ) ;
#2175 = DIRECTION ( 'NONE',  ( 0.000000000000000000, 1.000000000000000000, 0.000000000000000000 ) ) ;
#2176 = ORIENTED_EDGE ( 'NONE', *, *, #1671, .F. ) ;
#2177 = CARTESIAN_POINT ( 'NONE',  ( 13.80000000000000071, -50.12269074732328278, -3.999999999999998224 ) ) ;
#2178 = FACE_OUTER_BOUND ( 'NONE', #40, .T. ) ;
#2179 = DIRECTION ( 'NONE',  ( 0.9961946980917453232, -0.08715574274766170471, 0.000000000000000000 ) ) ;
#2180 = DIRECTION ( 'NONE',  ( -0.000000000000000000, -0.000000000000000000, -1.000000000000000000 ) ) ;
#2181 = ADVANCED_FACE ( 'NONE', ( #3071 ), #3037, .F. ) ;
#2182 = EDGE_CURVE ( 'NONE', #2246, #2184, #5118, .T. ) ;
#2183 = DIRECTION ( 'NONE',  ( 1.000000000000000000, 0.000000000000000000, 0.000000000000000000 ) ) ;
#2184 = VERTEX_POINT ( 'NONE', #1092 ) ;
#2185 = ORIENTED_EDGE ( 'NONE', *, *, #786, .F. ) ;
#2186 = FACE_OUTER_BOUND ( 'NONE', #3223, .T. ) ;
#2187 = CARTESIAN_POINT ( 'NONE',  ( -13.00000000000000000, -28.93902645193045231, -5.500000000000000000 ) ) ;
#2188 = CIRCLE ( 'NONE', #5334, 2.000000000000001776 ) ;
#2189 = VERTEX_POINT ( 'NONE', #4198 ) ;
#2190 = EDGE_LOOP ( 'NONE', ( #4147, #2355, #1897, #2409, #1240, #3625 ) ) ;
#2191 = DIRECTION ( 'NONE',  ( 1.000000000000000000, -8.673617379884027583E-16, 0.000000000000000000 ) ) ;
#2192 = CARTESIAN_POINT ( 'NONE',  ( -5.000000000000000888, 29.74406644123207144, -6.000000000000000888 ) ) ;
#2193 = VECTOR ( 'NONE', #745, 1000.000000000000000 ) ;
#2194 = ORIENTED_EDGE ( 'NONE', *, *, #1758, .T. ) ;
#2195 = CARTESIAN_POINT ( 'NONE',  ( 13.00000000000019007, -28.21108598339804630, -5.500000000000000000 ) ) ;
#2196 = CIRCLE ( 'NONE', #5452, 3.980000000000000870 ) ;
#2197 = CARTESIAN_POINT ( 'NONE',  ( -16.00000000000000000, 16.85000000000000142, -5.500000000000000000 ) ) ;
#2198 = DIRECTION ( 'NONE',  ( 1.000000000000000000, 0.000000000000000000, 0.000000000000000000 ) ) ;
#2199 = CARTESIAN_POINT ( 'NONE',  ( -30.14487539711820929, 0.000000000000000000, -5.000000000000000000 ) ) ;
#2200 = CARTESIAN_POINT ( 'NONE',  ( 22.56935410655539087, 11.99999999999999822, -1.000000000000000000 ) ) ;
#2201 = DIRECTION ( 'NONE',  ( 1.000000000000000000, 0.000000000000000000, 0.000000000000000000 ) ) ;
#2202 = ADVANCED_FACE ( 'NONE', ( #6282 ), #1614, .T. ) ;
#2203 = ORIENTED_EDGE ( 'NONE', *, *, #2467, .T. ) ;
#2204 = AXIS2_PLACEMENT_3D ( 'NONE', #2516, #2952, #6128 ) ;
#2205 = ORIENTED_EDGE ( 'NONE', *, *, #6136, .F. ) ;
#2206 = CARTESIAN_POINT ( 'NONE',  ( 9.464348799847927651, -47.43926576160410491, -5.402121500060580672 ) ) ;
#2207 = ORIENTED_EDGE ( 'NONE', *, *, #1793, .F. ) ;
#2208 = CARTESIAN_POINT ( 'NONE',  ( 21.49999999999983302, 24.22277336810119763, -1.000000000000000000 ) ) ;
#2209 = DIRECTION ( 'NONE',  ( 1.000000000000000000, 0.000000000000000000, -0.000000000000000000 ) ) ;
#2210 = CARTESIAN_POINT ( 'NONE',  ( 17.00000000000000000, -43.22269074732326999, 7.000000000000000000 ) ) ;
#2211 = EDGE_CURVE ( 'NONE', #447, #2776, #61, .T. ) ;
#2212 = FACE_OUTER_BOUND ( 'NONE', #3060, .T. ) ;
#2213 = ORIENTED_EDGE ( 'NONE', *, *, #3621, .T. ) ;
#2214 = ORIENTED_EDGE ( 'NONE', *, *, #3251, .T. ) ;
#2215 = FACE_OUTER_BOUND ( 'NONE', #3692, .T. ) ;
#2216 = EDGE_CURVE ( 'NONE', #3181, #6746, #378, .T. ) ;
#2217 = CARTESIAN_POINT ( 'NONE',  ( -22.56935410655547258, 11.99999999999999822, -4.000000000000000000 ) ) ;
#2218 = ORIENTED_EDGE ( 'NONE', *, *, #6226, .F. ) ;
#2219 = ORIENTED_EDGE ( 'NONE', *, *, #1446, .T. ) ;
#2220 = CARTESIAN_POINT ( 'NONE',  ( 5.000000000000000888, 29.74406644123207144, 3.799999999999999822 ) ) ;
#2221 = EDGE_CURVE ( 'NONE', #2997, #6062, #1526, .T. ) ;
#2222 = FACE_OUTER_BOUND ( 'NONE', #6139, .T. ) ;
#2223 = VERTEX_POINT ( 'NONE', #4763 ) ;
#2224 = B_SPLINE_CURVE_WITH_KNOTS ( 'NONE', 3,
 ( #1889, #3927, #6043, #2936 ),
 .UNSPECIFIED., .F., .F.,
 ( 4, 4 ),
 ( 0.001179023160234433107, 0.001445110242601281613 ),
 .UNSPECIFIED. ) ;
#2225 = AXIS2_PLACEMENT_3D ( 'NONE', #1736, #670, #169 ) ;
#2226 = DIRECTION ( 'NONE',  ( -1.000000000000000000, -0.000000000000000000, -0.000000000000000000 ) ) ;
#2227 = CARTESIAN_POINT ( 'NONE',  ( 12.67182307254115159, -49.34921937605139419, -2.859208355412996116 ) ) ;
#2228 = VECTOR ( 'NONE', #3106, 1000.000000000000114 ) ;
#2229 = CARTESIAN_POINT ( 'NONE',  ( 9.000000000000001776, 29.74406644123207144, 7.000000000000000000 ) ) ;
#2230 = DIRECTION ( 'NONE',  ( 1.000000000000000000, -4.336808689942017120E-17, -0.000000000000000000 ) ) ;
#2231 = CARTESIAN_POINT ( 'NONE',  ( -16.00000000000000000, 16.85000000000000142, -5.000000000000000000 ) ) ;
#2232 = VERTEX_POINT ( 'NONE', #2077 ) ;
#2233 = AXIS2_PLACEMENT_3D ( 'NONE', #2376, #6566, #6497 ) ;
#2234 = CIRCLE ( 'NONE', #369, 3.350000000000000089 ) ;
#2235 = ORIENTED_EDGE ( 'NONE', *, *, #301, .T. ) ;
#2236 = CARTESIAN_POINT ( 'NONE',  ( 13.00000000000000355, -54.22269074732326999, -1.000000000000000000 ) ) ;
#2237 = EDGE_LOOP ( 'NONE', ( #1972, #1202, #2830, #6657 ) ) ;
#2238 = CARTESIAN_POINT ( 'NONE',  ( 28.82868052452910135, -9.347199102264150739, -5.500000000000000000 ) ) ;
#2239 = CARTESIAN_POINT ( 'NONE',  ( -2.081668171172168513E-14, 21.24406644123207144, 3.649999999999999023 ) ) ;
#2240 = DIRECTION ( 'NONE',  ( -0.7071067811865422437, -1.350123544950495615E-16, 0.7071067811865529018 ) ) ;
#2241 = AXIS2_PLACEMENT_3D ( 'NONE', #2231, #588, #1167 ) ;
#2242 = CARTESIAN_POINT ( 'NONE',  ( -37.80531982830802207, -6.427876096865347222, -1.000000000000000000 ) ) ;
#2243 = CIRCLE ( 'NONE', #6049, 10.00000000000000178 ) ;
#2244 = VECTOR ( 'NONE', #6349, 1000.000000000000000 ) ;
#2245 = EDGE_CURVE ( 'NONE', #1052, #2525, #4080, .T. ) ;
#2246 = VERTEX_POINT ( 'NONE', #3601 ) ;
#2247 = ORIENTED_EDGE ( 'NONE', *, *, #1278, .F. ) ;
#2248 = CARTESIAN_POINT ( 'NONE',  ( -35.19487539711821000, 6.184466335694137012E-16, -1.000000000000000000 ) ) ;
#2249 = CARTESIAN_POINT ( 'NONE',  ( 27.25605529807269178, -18.99999999999999645, 6.999999999999999112 ) ) ;
#2250 = AXIS2_PLACEMENT_3D ( 'NONE', #1545, #489, #5698 ) ;
#2251 = FACE_OUTER_BOUND ( 'NONE', #3542, .T. ) ;
#2252 = DIRECTION ( 'NONE',  ( 1.000000000000000000, 1.734723475976805517E-15, 0.000000000000000000 ) ) ;
#2253 = EDGE_CURVE ( 'NONE', #5469, #1739, #62, .T. ) ;
#2254 = VECTOR ( 'NONE', #1789, 1000.000000000000000 ) ;
#2255 = EDGE_LOOP ( 'NONE', ( #367, #4742, #3906, #3597, #2826, #2849 ) ) ;
#2256 = ORIENTED_EDGE ( 'NONE', *, *, #5648, .T. ) ;
#2257 = VECTOR ( 'NONE', #1982, 1000.000000000000000 ) ;
#2258 = DIRECTION ( 'NONE',  ( 1.000000000000000000, 0.000000000000000000, 0.000000000000000000 ) ) ;
#2259 = AXIS2_PLACEMENT_3D ( 'NONE', #3895, #6048, #1267 ) ;
#2260 = FACE_OUTER_BOUND ( 'NONE', #6270, .T. ) ;
#2261 = AXIS2_PLACEMENT_3D ( 'NONE', #761, #5911, #4445 ) ;
#2262 = ORIENTED_EDGE ( 'NONE', *, *, #6621, .T. ) ;
#2263 = VECTOR ( 'NONE', #6337, 1000.000000000000000 ) ;
#2264 = ADVANCED_FACE ( 'NONE', ( #30 ), #4218, .F. ) ;
#2265 = EDGE_CURVE ( 'NONE', #5747, #155, #1908, .T. ) ;
#2266 = DIRECTION ( 'NONE',  ( 1.987938561099767059E-14, 1.000000000000000000, 0.000000000000000000 ) ) ;
#2267 = CARTESIAN_POINT ( 'NONE',  ( 12.06768971007817903, -48.75608733563722552, -2.489833426016597073 ) ) ;
#2268 = AXIS2_PLACEMENT_3D ( 'NONE', #1850, #2395, #2973 ) ;
#2269 = CARTESIAN_POINT ( 'NONE',  ( -6.000000000000001776, -12.99999999999999467, -6.500000000000005329 ) ) ;
#2270 = CARTESIAN_POINT ( 'NONE',  ( -12.09800759387858982, -48.77946718360626477, -5.500000000000000000 ) ) ;
#2271 = CARTESIAN_POINT ( 'NONE',  ( 12.89870828346177234, -49.82269074732327141, -3.999999999999998224 ) ) ;
#2272 = ORIENTED_EDGE ( 'NONE', *, *, #2173, .T. ) ;
#2273 = ORIENTED_EDGE ( 'NONE', *, *, #2309, .T. ) ;
#2274 = DIRECTION ( 'NONE',  ( 0.000000000000000000, 0.000000000000000000, 1.000000000000000000 ) ) ;
#2275 = ORIENTED_EDGE ( 'NONE', *, *, #6180, .T. ) ;
#2276 = DIRECTION ( 'NONE',  ( 1.000000000000000000, 0.000000000000000000, 0.000000000000000000 ) ) ;
#2277 = CARTESIAN_POINT ( 'NONE',  ( 13.00000000000000178, -43.22269074732326999, -5.500000000000000000 ) ) ;
#2278 = CARTESIAN_POINT ( 'NONE',  ( 22.56935410655539087, 11.99999999999999822, -4.000000000000000000 ) ) ;
#2279 = CARTESIAN_POINT ( 'NONE',  ( -3.850000000000010747, 21.24406644123207144, 7.000000000000000000 ) ) ;
#2280 = ORIENTED_EDGE ( 'NONE', *, *, #590, .T. ) ;
#2281 = ORIENTED_EDGE ( 'NONE', *, *, #5707, .T. ) ;
#2282 = DIRECTION ( 'NONE',  ( -0.000000000000000000, -0.000000000000000000, 1.000000000000000000 ) ) ;
#2283 = PLANE ( 'NONE',  #3817 ) ;
#2284 = EDGE_CURVE ( 'NONE', #2002, #1810, #3631, .T. ) ;
#2285 = DIRECTION ( 'NONE',  ( -1.000000000000000000, 0.000000000000000000, 0.000000000000000000 ) ) ;
#2286 = CARTESIAN_POINT ( 'NONE',  ( -27.99999999999999645, 11.99999999999999822, 7.000000000000000000 ) ) ;
#2287 = ORIENTED_EDGE ( 'NONE', *, *, #4552, .F. ) ;
#2288 = ORIENTED_EDGE ( 'NONE', *, *, #1446, .F. ) ;
#2289 = CARTESIAN_POINT ( 'NONE',  ( -8.000000000000000000, 37.74406644123207144, 7.000000000000000000 ) ) ;
#2290 = DIRECTION ( 'NONE',  ( 1.000000000000000000, 0.000000000000000000, -0.000000000000000000 ) ) ;
#2291 = EDGE_CURVE ( 'NONE', #1006, #2980, #6199, .T. ) ;
#2292 = VERTEX_POINT ( 'NONE', #3568 ) ;
#2293 = CARTESIAN_POINT ( 'NONE',  ( 9.449999999999885603, 19.24406644123207144, -1.000000000000000888 ) ) ;
#2294 = AXIS2_PLACEMENT_3D ( 'NONE', #1044, #3632, #1595 ) ;
#2295 = CARTESIAN_POINT ( 'NONE',  ( -6.600000000000002309, 29.74406644123207144, 7.000000000000000000 ) ) ;
#2296 = DIRECTION ( 'NONE',  ( 0.000000000000000000, 0.000000000000000000, -1.000000000000000000 ) ) ;
#2297 = CARTESIAN_POINT ( 'NONE',  ( -6.899999999999999467, 29.74406644123207144, 3.799999999999999822 ) ) ;
#2298 = CARTESIAN_POINT ( 'NONE',  ( 13.00000000000000178, -43.22269074732326999, 7.000000000000000000 ) ) ;
#2299 = EDGE_CURVE ( 'NONE', #628, #1510, #3128, .T. ) ;
#2300 = VERTEX_POINT ( 'NONE', #4694 ) ;
#2301 = CARTESIAN_POINT ( 'NONE',  ( 9.141920701129686577, -47.14574018442361591, -2.808981732247358920 ) ) ;
#2302 = ORIENTED_EDGE ( 'NONE', *, *, #2915, .F. ) ;
#2303 = CARTESIAN_POINT ( 'NONE',  ( -13.00000000000000178, -43.22269074732326999, 9.000000000000001776 ) ) ;
#2304 = CARTESIAN_POINT ( 'NONE',  ( -11.00000000000000355, -54.22269074732326999, -1.000000000000000000 ) ) ;
#2305 = CYLINDRICAL_SURFACE ( 'NONE', #3744, 1.899999999999999023 ) ;
#2306 = VECTOR ( 'NONE', #4559, 1000.000000000000000 ) ;
#2307 = EDGE_CURVE ( 'NONE', #589, #5690, #6367, .T. ) ;
#2308 = PRODUCT ( 'LQ26-05HGI-01-005', 'LQ26-05HGI-01-005', '', ( #2021 ) ) ;
#2309 = EDGE_CURVE ( 'NONE', #5461, #5308, #978, .T. ) ;
#2310 = DIRECTION ( 'NONE',  ( 0.7071067811865424657, 0.000000000000000000, -0.7071067811865526798 ) ) ;
#2311 = EDGE_LOOP ( 'NONE', ( #4917, #730, #2937, #1050, #6427, #3973, #4075, #54 ) ) ;
#2312 = ORIENTED_EDGE ( 'NONE', *, *, #6547, .T. ) ;
#2313 = LINE ( 'NONE', #328, #3341 ) ;
#2314 = CARTESIAN_POINT ( 'NONE',  ( 27.00000000000000000, -34.86239308998525388, -7.000000000000000000 ) ) ;
#2315 = FACE_OUTER_BOUND ( 'NONE', #2492, .T. ) ;
#2316 = DIRECTION ( 'NONE',  ( 0.000000000000000000, 0.000000000000000000, 1.000000000000000000 ) ) ;
#2317 = ORIENTED_EDGE ( 'NONE', *, *, #4898, .F. ) ;
#2318 = EDGE_CURVE ( 'NONE', #5435, #6341, #2683, .T. ) ;
#2319 = VERTEX_POINT ( 'NONE', #4150 ) ;
#2320 = CARTESIAN_POINT ( 'NONE',  ( 3.399999999999999467, 29.74406644123207144, 3.799999999999999822 ) ) ;
#2321 = DIRECTION ( 'NONE',  ( 0.000000000000000000, 0.000000000000000000, -1.000000000000000000 ) ) ;
#2322 = ORIENTED_EDGE ( 'NONE', *, *, #1963, .T. ) ;
#2323 = FACE_OUTER_BOUND ( 'NONE', #3016, .T. ) ;
#2324 = EDGE_CURVE ( 'NONE', #1971, #1510, #5818, .T. ) ;
#2325 = CARTESIAN_POINT ( 'NONE',  ( 12.88325017942518080, -49.76924860672726680, -3.528660769317665480 ) ) ;
#2326 = DIRECTION ( 'NONE',  ( 0.000000000000000000, -0.000000000000000000, -1.000000000000000000 ) ) ;
#2327 = CARTESIAN_POINT ( 'NONE',  ( 15.99999999999993072, 10.30000000000000071, -5.500000000000000000 ) ) ;
#2328 = CARTESIAN_POINT ( 'NONE',  ( -22.56935410655547258, 11.99999999999999822, -4.000000000000000000 ) ) ;
#2329 = ORIENTED_EDGE ( 'NONE', *, *, #3074, .F. ) ;
#2330 = EDGE_CURVE ( 'NONE', #6538, #4130, #4402, .T. ) ;
#2331 = VERTEX_POINT ( 'NONE', #3157 ) ;
#2332 = FACE_OUTER_BOUND ( 'NONE', #4864, .T. ) ;
#2333 = DIRECTION ( 'NONE',  ( 1.000000000000000000, 0.000000000000000000, 0.000000000000000000 ) ) ;
#2334 = DIRECTION ( 'NONE',  ( 1.000000000000000000, 0.000000000000000000, 0.000000000000000000 ) ) ;
#2335 = LINE ( 'NONE', #356, #6269 ) ;
#2336 = CONICAL_SURFACE ( 'NONE', #6146, 2.150000000000000799, 0.7853981633974418397 ) ;
#2337 = EDGE_CURVE ( 'NONE', #5049, #374, #5754, .T. ) ;
#2338 = ORIENTED_EDGE ( 'NONE', *, *, #4739, .F. ) ;
#2339 = ADVANCED_FACE ( 'NONE', ( #4724 ), #2045, .F. ) ;
#2340 = ORIENTED_EDGE ( 'NONE', *, *, #1386, .F. ) ;
#2341 = AXIS2_PLACEMENT_3D ( 'NONE', #5646, #100, #1594 ) ;
#2342 = EDGE_LOOP ( 'NONE', ( #5987, #2570, #3993, #3332, #5776, #562 ) ) ;
#2343 = DIRECTION ( 'NONE',  ( 0.000000000000000000, 0.000000000000000000, 1.000000000000000000 ) ) ;
#2344 = AXIS2_PLACEMENT_3D ( 'NONE', #6458, #2274, #6493 ) ;
#2345 = AXIS2_PLACEMENT_3D ( 'NONE', #5700, #3720, #1066 ) ;
#2346 = LINE ( 'NONE', #262, #661 ) ;
#2347 = CIRCLE ( 'NONE', #4627, 1.600000000000002531 ) ;
#2348 = DIRECTION ( 'NONE',  ( -0.7372773368101231961, 0.6755902076156612424, -0.000000000000000000 ) ) ;
#2349 = CARTESIAN_POINT ( 'NONE',  ( -8.999999999999998224, -43.22269074732326999, 7.000000000000000000 ) ) ;
#2350 = ORIENTED_EDGE ( 'NONE', *, *, #432, .T. ) ;
#2351 = VERTEX_POINT ( 'NONE', #5812 ) ;
#2352 = AXIS2_PLACEMENT_3D ( 'NONE', #4812, #3208, #4299 ) ;
#2353 = DIRECTION ( 'NONE',  ( 1.000000000000000000, 0.000000000000000000, 0.000000000000000000 ) ) ;
#2354 = DIRECTION ( 'NONE',  ( -0.000000000000000000, 0.000000000000000000, -1.000000000000000000 ) ) ;
#2355 = ORIENTED_EDGE ( 'NONE', *, *, #577, .T. ) ;
#2356 = AXIS2_PLACEMENT_3D ( 'NONE', #4693, #5879, #5205 ) ;
#2357 = VECTOR ( 'NONE', #720, 1000.000000000000000 ) ;
#2358 = CARTESIAN_POINT ( 'NONE',  ( 10.50000000000000178, -12.99999999999999467, -1.999999999999999556 ) ) ;
#2359 = CIRCLE ( 'NONE', #3224, 6.550000000000000711 ) ;
#2360 = DIRECTION ( 'NONE',  ( -1.000000000000000000, 0.000000000000000000, 0.000000000000000000 ) ) ;
#2361 = CARTESIAN_POINT ( 'NONE',  ( 27.99999999999999645, 9.999999999999998224, -1.000000000000000000 ) ) ;
#2362 = VECTOR ( 'NONE', #5810, 1000.000000000000000 ) ;
#2363 = CARTESIAN_POINT ( 'NONE',  ( 40.14487539711818442, -48.22269074732326999, -3.999999999999998224 ) ) ;
#2364 = CARTESIAN_POINT ( 'NONE',  ( 11.00000000000003553, -35.99427459992277534, -5.500000000000000000 ) ) ;
#2365 = DIRECTION ( 'NONE',  ( -1.000000000000000000, 5.204170427930416550E-15, 0.000000000000000000 ) ) ;
#2366 = AXIS2_PLACEMENT_3D ( 'NONE', #337, #3397, #2421 ) ;
#2367 = VERTEX_POINT ( 'NONE', #3863 ) ;
#2368 = ADVANCED_FACE ( 'NONE', ( #660 ), #5362, .F. ) ;
#2369 = VECTOR ( 'NONE', #5850, 1000.000000000000000 ) ;
#2370 = DIRECTION ( 'NONE',  ( -0.000000000000000000, -0.000000000000000000, -1.000000000000000000 ) ) ;
#2371 = AXIS2_PLACEMENT_3D ( 'NONE', #1280, #1902, #2981 ) ;
#2372 = EDGE_LOOP ( 'NONE', ( #5159, #6260, #5099, #2000 ) ) ;
#2373 = CARTESIAN_POINT ( 'NONE',  ( -7.500000000000007105, -24.00000000000000000, -7.000000000000000000 ) ) ;
#2374 = CARTESIAN_POINT ( 'NONE',  ( -12.01999999999999957, 16.85000000000000142, -7.000000000000000000 ) ) ;
#2375 = DIRECTION ( 'NONE',  ( -1.000000000000000000, 0.000000000000000000, 0.000000000000000000 ) ) ;
#2376 = CARTESIAN_POINT ( 'NONE',  ( 16.00000000000000000, 16.85000000000000142, -7.000000000000000000 ) ) ;
#2377 = VERTEX_POINT ( 'NONE', #5332 ) ;
#2378 = EDGE_CURVE ( 'NONE', #5722, #213, #2020, .T. ) ;
#2379 = ORIENTED_EDGE ( 'NONE', *, *, #698, .T. ) ;
#2380 = VERTEX_POINT ( 'NONE', #4346 ) ;
#2381 = ORIENTED_EDGE ( 'NONE', *, *, #4923, .T. ) ;
#2382 = CYLINDRICAL_SURFACE ( 'NONE', #4320, 3.350000000000000089 ) ;
#2383 = DIRECTION ( 'NONE',  ( 1.000000000000000000, 0.000000000000000000, -0.000000000000000000 ) ) ;
#2384 = EDGE_CURVE ( 'NONE', #487, #775, #5601, .T. ) ;
#2385 = EDGE_CURVE ( 'NONE', #3842, #6551, #2016, .T. ) ;
#2386 = FACE_OUTER_BOUND ( 'NONE', #417, .T. ) ;
#2387 = FACE_OUTER_BOUND ( 'NONE', #2440, .T. ) ;
#2388 = ORIENTED_EDGE ( 'NONE', *, *, #1678, .T. ) ;
#2389 = ORIENTED_EDGE ( 'NONE', *, *, #5207, .F. ) ;
#2390 = CARTESIAN_POINT ( 'NONE',  ( -6.000000000000001776, -12.99999999999999467, -2.499999999999981348 ) ) ;
#2391 = CARTESIAN_POINT ( 'NONE',  ( -30.14487539711820929, 0.000000000000000000, -1.000000000000000000 ) ) ;
#2392 = EDGE_CURVE ( 'NONE', #5211, #775, #2746, .T. ) ;
#2393 = ORIENTED_EDGE ( 'NONE', *, *, #2674, .T. ) ;
#2394 = CARTESIAN_POINT ( 'NONE',  ( -6.000000000000001776, -12.99999999999999467, -1.999999999999999556 ) ) ;
#2395 = DIRECTION ( 'NONE',  ( 0.000000000000000000, 0.000000000000000000, 1.000000000000000000 ) ) ;
#2396 = CARTESIAN_POINT ( 'NONE',  ( -3.849999999999981881, -20.99999999999999645, 7.000000000000000000 ) ) ;
#2397 = PLANE ( 'NONE',  #4935 ) ;
#2398 = CARTESIAN_POINT ( 'NONE',  ( 9.449999999999885603, 24.24406644123207499, 6.999999999999999112 ) ) ;
#2399 = LINE ( 'NONE', #4946, #5595 ) ;
#2400 = ORIENTED_EDGE ( 'NONE', *, *, #3203, .F. ) ;
#2401 = LINE ( 'NONE', #829, #1600 ) ;
#2402 = AXIS2_PLACEMENT_3D ( 'NONE', #1846, #813, #1809 ) ;
#2403 = CARTESIAN_POINT ( 'NONE',  ( -13.00000000000000178, -43.22269074732326999, 7.000000000000000000 ) ) ;
#2404 = EDGE_CURVE ( 'NONE', #5926, #706, #4822, .T. ) ;
#2405 = CARTESIAN_POINT ( 'NONE',  ( -8.649999999999973710, -12.99999999999999467, -1.999999999999999556 ) ) ;
#2406 = LINE ( 'NONE', #4477, #951 ) ;
#2407 = CARTESIAN_POINT ( 'NONE',  ( 9.450000000000002842, 24.24406644123207499, -5.500000000000000000 ) ) ;
#2408 = EDGE_LOOP ( 'NONE', ( #3280, #2532 ) ) ;
#2409 = ORIENTED_EDGE ( 'NONE', *, *, #663, .F. ) ;
#2410 = VECTOR ( 'NONE', #3361, 1000.000000000000000 ) ;
#2411 = ORIENTED_EDGE ( 'NONE', *, *, #2872, .T. ) ;
#2412 = EDGE_CURVE ( 'NONE', #1143, #6638, #4311, .T. ) ;
#2413 = ORIENTED_EDGE ( 'NONE', *, *, #4568, .F. ) ;
#2414 = CARTESIAN_POINT ( 'NONE',  ( -9.450000000000002842, 19.24406644123207144, 26.55019181491567792 ) ) ;
#2415 = CARTESIAN_POINT ( 'NONE',  ( -14.99999999999999467, -61.22269074732326999, 7.000000000000000000 ) ) ;
#2416 = DIRECTION ( 'NONE',  ( -0.000000000000000000, -0.000000000000000000, -1.000000000000000000 ) ) ;
#2417 = CARTESIAN_POINT ( 'NONE',  ( 7.999999999999996447, 35.74406644123207144, 7.000000000000000000 ) ) ;
#2418 = ORIENTED_EDGE ( 'NONE', *, *, #241, .F. ) ;
#2419 = VERTEX_POINT ( 'NONE', #5948 ) ;
#2420 = EDGE_CURVE ( 'NONE', #2083, #4965, #3099, .T. ) ;
#2421 = DIRECTION ( 'NONE',  ( -1.000000000000000000, 0.000000000000000000, 0.000000000000000000 ) ) ;
#2422 = DIRECTION ( 'NONE',  ( 0.000000000000000000, 0.000000000000000000, 1.000000000000000000 ) ) ;
#2423 = ORIENTED_EDGE ( 'NONE', *, *, #5780, .T. ) ;
#2424 = EDGE_LOOP ( 'NONE', ( #6061, #3175, #142, #916, #6624, #2878 ) ) ;
#2425 = FACE_OUTER_BOUND ( 'NONE', #3225, .T. ) ;
#2426 = EDGE_CURVE ( 'NONE', #4258, #1910, #4921, .T. ) ;
#2427 = CARTESIAN_POINT ( 'NONE',  ( 5.000000000000000888, 29.74406644123207144, -7.000000000000000000 ) ) ;
#2428 = LINE ( 'NONE', #6522, #704 ) ;
#2429 = DIRECTION ( 'NONE',  ( -0.000000000000000000, -0.000000000000000000, -1.000000000000000000 ) ) ;
#2430 = DIRECTION ( 'NONE',  ( 1.000000000000000000, 0.000000000000000000, 0.000000000000000000 ) ) ;
#2431 = FACE_BOUND ( 'NONE', #5909, .T. ) ;
#2432 = ORIENTED_EDGE ( 'NONE', *, *, #385, .T. ) ;
#2433 = DIRECTION ( 'NONE',  ( -1.000000000000000000, 0.000000000000000000, 0.000000000000000000 ) ) ;
#2434 = CARTESIAN_POINT ( 'NONE',  ( -13.00000000000000178, -43.22269074732326999, 7.000000000000000000 ) ) ;
#2435 = CARTESIAN_POINT ( 'NONE',  ( 15.99999999999988987, 16.85000000000000142, -1.000000000000000000 ) ) ;
#2436 = DIRECTION ( 'NONE',  ( 1.000000000000000000, 0.000000000000000000, 0.000000000000000000 ) ) ;
#2437 = FACE_BOUND ( 'NONE', #5829, .T. ) ;
#2438 = ORIENTED_EDGE ( 'NONE', *, *, #6093, .T. ) ;
#2439 = AXIS2_PLACEMENT_3D ( 'NONE', #949, #2416, #5104 ) ;
#2440 = EDGE_LOOP ( 'NONE', ( #2057, #2379, #5632, #4388 ) ) ;
#2441 = EDGE_LOOP ( 'NONE', ( #5339, #4023, #1028, #4657, #2418 ) ) ;
#2442 = ORIENTED_EDGE ( 'NONE', *, *, #1512, .F. ) ;
#2443 = DIRECTION ( 'NONE',  ( 0.000000000000000000, -1.000000000000000000, 0.000000000000000000 ) ) ;
#2444 = DIRECTION ( 'NONE',  ( -2.312964634635742464E-16, -1.000000000000000000, 0.000000000000000000 ) ) ;
#2445 = DIRECTION ( 'NONE',  ( 1.000000000000000000, 0.000000000000000000, 0.000000000000000000 ) ) ;
#2446 = ADVANCED_FACE ( 'NONE', ( #6400 ), #4858, .F. ) ;
#2447 = DIRECTION ( 'NONE',  ( 0.000000000000000000, 0.000000000000000000, -1.000000000000000000 ) ) ;
#2448 = AXIS2_PLACEMENT_3D ( 'NONE', #422, #5188, #3002 ) ;
#2449 = ORIENTED_EDGE ( 'NONE', *, *, #1271, .T. ) ;
#2450 = ORIENTED_EDGE ( 'NONE', *, *, #2490, .F. ) ;
#2451 = CIRCLE ( 'NONE', #382, 4.000000000000000000 ) ;
#2452 = DIRECTION ( 'NONE',  ( 0.7660444431189815662, 0.6427876096865351441, -0.000000000000000000 ) ) ;
#2453 = DIRECTION ( 'NONE',  ( 1.000000000000000000, 0.000000000000000000, 0.000000000000000000 ) ) ;
#2454 = VERTEX_POINT ( 'NONE', #4892 ) ;
#2455 = ADVANCED_FACE ( 'NONE', ( #228 ), #2305, .F. ) ;
#2456 = ORIENTED_EDGE ( 'NONE', *, *, #4295, .F. ) ;
#2457 = DIRECTION ( 'NONE',  ( 1.000000000000000000, 1.909363028148246276E-16, 0.000000000000000000 ) ) ;
#2458 = CARTESIAN_POINT ( 'NONE',  ( -13.00000000000000000, -28.21108598339804630, -5.500000000000000000 ) ) ;
#2459 = DIRECTION ( 'NONE',  ( 0.000000000000000000, 0.000000000000000000, 1.000000000000000000 ) ) ;
#2460 = FACE_OUTER_BOUND ( 'NONE', #3796, .T. ) ;
#2461 = DIRECTION ( 'NONE',  ( 1.000000000000000000, 0.000000000000000000, -0.000000000000000000 ) ) ;
#2462 = DIRECTION ( 'NONE',  ( -1.000000000000000000, 0.000000000000000000, 0.000000000000000000 ) ) ;
#2463 = AXIS2_PLACEMENT_3D ( 'NONE', #6149, #559, #2575 ) ;
#2464 = VERTEX_POINT ( 'NONE', #1274 ) ;
#2465 = EDGE_CURVE ( 'NONE', #1473, #2083, #6695, .T. ) ;
#2466 = AXIS2_PLACEMENT_3D ( 'NONE', #4398, #4985, #6419 ) ;
#2467 = EDGE_CURVE ( 'NONE', #2870, #3644, #4621, .T. ) ;
#2468 = CARTESIAN_POINT ( 'NONE',  ( 3.100000000000002753, 29.74406644123207144, 3.799999999999999822 ) ) ;
#2469 = VECTOR ( 'NONE', #3857, 1000.000000000000000 ) ;
#2470 = CIRCLE ( 'NONE', #718, 4.000000000000003553 ) ;
#2471 = CARTESIAN_POINT ( 'NONE',  ( -8.676806735756560585, -46.62269074732328988, -3.999999999999998224 ) ) ;
#2472 = AXIS2_PLACEMENT_3D ( 'NONE', #2821, #6405, #165 ) ;
#2473 = DIRECTION ( 'NONE',  ( -0.000000000000000000, -0.000000000000000000, 1.000000000000000000 ) ) ;
#2474 = CARTESIAN_POINT ( 'NONE',  ( -8.000000000000000000, 37.74406644123207144, -7.000000000000000000 ) ) ;
#2475 = CARTESIAN_POINT ( 'NONE',  ( -26.16487539711820176, 0.000000000000000000, -5.000000000000000000 ) ) ;
#2476 = VECTOR ( 'NONE', #5284, 1000.000000000000000 ) ;
#2477 = ORIENTED_EDGE ( 'NONE', *, *, #1543, .T. ) ;
#2478 = VECTOR ( 'NONE', #5399, 1000.000000000000000 ) ;
#2479 = AXIS2_PLACEMENT_3D ( 'NONE', #4383, #2443, #1416 ) ;
#2480 = ORIENTED_EDGE ( 'NONE', *, *, #2840, .T. ) ;
#2481 = VERTEX_POINT ( 'NONE', #3220 ) ;
#2482 = ORIENTED_EDGE ( 'NONE', *, *, #5842, .T. ) ;
#2483 = LINE ( 'NONE', #5064, #3562 ) ;
#2484 = CARTESIAN_POINT ( 'NONE',  ( 21.00000000000000000, 11.00000000000000000, -7.000000000000000000 ) ) ;
#2485 = LINE ( 'NONE', #6234, #2306 ) ;
#2486 = DIRECTION ( 'NONE',  ( -1.000000000000000000, 0.000000000000000000, 0.000000000000000000 ) ) ;
#2487 = ORIENTED_EDGE ( 'NONE', *, *, #5115, .T. ) ;
#2488 = ORIENTED_EDGE ( 'NONE', *, *, #1658, .F. ) ;
#2489 = DIRECTION ( 'NONE',  ( -0.000000000000000000, -0.000000000000000000, 1.000000000000000000 ) ) ;
#2490 = EDGE_CURVE ( 'NONE', #2906, #1318, #5303, .T. ) ;
#2491 = DIRECTION ( 'NONE',  ( -0.000000000000000000, -0.000000000000000000, -1.000000000000000000 ) ) ;
#2492 = EDGE_LOOP ( 'NONE', ( #6092, #1351, #5972, #5005, #6434, #15, #1506, #1306 ) ) ;
#2493 = ORIENTED_EDGE ( 'NONE', *, *, #4836, .F. ) ;
#2494 = EDGE_LOOP ( 'NONE', ( #4448, #4690, #1918, #3837 ) ) ;
#2495 = CYLINDRICAL_SURFACE ( 'NONE', #1383, 5.499999999999998224 ) ;
#2496 = CARTESIAN_POINT ( 'NONE',  ( -37.80531982830802207, -6.427876096865348998, -7.000000000000000000 ) ) ;
#2497 = EDGE_CURVE ( 'NONE', #673, #3422, #6361, .T. ) ;
#2498 = DIRECTION ( 'NONE',  ( 0.000000000000000000, 0.000000000000000000, 1.000000000000000000 ) ) ;
#2499 = DIRECTION ( 'NONE',  ( -0.000000000000000000, -0.000000000000000000, -1.000000000000000000 ) ) ;
#2500 = EDGE_LOOP ( 'NONE', ( #3726, #6534, #3564, #5573 ) ) ;
#2501 = PLANE ( 'NONE',  #4752 ) ;
#2502 = DIRECTION ( 'NONE',  ( -1.000000000000000000, 1.743440679373675070E-15, 0.000000000000000000 ) ) ;
#2503 = ADVANCED_FACE ( 'NONE', ( #5852, #1176 ), #3254, .T. ) ;
#2504 = DIRECTION ( 'NONE',  ( 1.000000000000000000, -0.000000000000000000, -0.000000000000000000 ) ) ;
#2505 = CARTESIAN_POINT ( 'NONE',  ( -6.000000000000001776, -12.99999999999999467, -5.500000000000000000 ) ) ;
#2506 = CARTESIAN_POINT ( 'NONE',  ( -13.00000000000000178, -35.99427459992278244, 6.999999999999999112 ) ) ;
#2507 = VERTEX_POINT ( 'NONE', #1830 ) ;
#2508 = VECTOR ( 'NONE', #63, 999.9999999999998863 ) ;
#2509 = ORIENTED_EDGE ( 'NONE', *, *, #1970, .F. ) ;
#2510 = VERTEX_POINT ( 'NONE', #3518 ) ;
#2511 = ADVANCED_FACE ( 'NONE', ( #2942 ), #6054, .F. ) ;
#2512 = ORIENTED_EDGE ( 'NONE', *, *, #3038, .F. ) ;
#2513 = EDGE_CURVE ( 'NONE', #6682, #6404, #4839, .T. ) ;
#2514 = VECTOR ( 'NONE', #77, 1000.000000000000000 ) ;
#2515 = DIRECTION ( 'NONE',  ( -0.000000000000000000, -0.000000000000000000, 1.000000000000000000 ) ) ;
#2516 = CARTESIAN_POINT ( 'NONE',  ( -6.000000000000001776, -12.99999999999999467, -5.500000000000000000 ) ) ;
#2517 = AXIS2_PLACEMENT_3D ( 'NONE', #4806, #1251, #5417 ) ;
#2518 = DIRECTION ( 'NONE',  ( -1.000000000000000000, 0.000000000000000000, 0.000000000000000000 ) ) ;
#2519 = CARTESIAN_POINT ( 'NONE',  ( -13.00000000000000355, -48.72269074732326288, -1.000000000000000000 ) ) ;
#2520 = ORIENTED_EDGE ( 'NONE', *, *, #830, .T. ) ;
#2521 = ORIENTED_EDGE ( 'NONE', *, *, #2840, .F. ) ;
#2522 = DIRECTION ( 'NONE',  ( -1.000000000000000000, 0.000000000000000000, 0.000000000000000000 ) ) ;
#2523 = DIRECTION ( 'NONE',  ( -1.000000000000000000, 0.000000000000000000, 0.000000000000000000 ) ) ;
#2524 = VECTOR ( 'NONE', #205, 1000.000000000000000 ) ;
#2525 = VERTEX_POINT ( 'NONE', #867 ) ;
#2526 = ADVANCED_FACE ( 'NONE', ( #2437, #5599 ), #5984, .F. ) ;
#2527 = ORIENTED_EDGE ( 'NONE', *, *, #5042, .F. ) ;
#2528 = EDGE_LOOP ( 'NONE', ( #5380, #888, #411, #3395, #5146, #6132, #1926 ) ) ;
#2529 = LINE ( 'NONE', #4602, #232 ) ;
#2530 = DIRECTION ( 'NONE',  ( -0.000000000000000000, -0.000000000000000000, -1.000000000000000000 ) ) ;
#2531 = CARTESIAN_POINT ( 'NONE',  ( -9.450000000000002842, 19.24406644123207144, 6.999999999999999112 ) ) ;
#2532 = ORIENTED_EDGE ( 'NONE', *, *, #3502, .F. ) ;
#2533 = EDGE_CURVE ( 'NONE', #1949, #3135, #5168, .T. ) ;
#2534 = CARTESIAN_POINT ( 'NONE',  ( 7.500000000000000000, -24.00000000000000000, -5.500000000000000000 ) ) ;
#2535 = DIRECTION ( 'NONE',  ( -1.000000000000000000, 0.000000000000000000, 0.000000000000000000 ) ) ;
#2536 = DIRECTION ( 'NONE',  ( -0.7071067811865526798, 0.000000000000000000, -0.7071067811865422437 ) ) ;
#2537 = FACE_OUTER_BOUND ( 'NONE', #5228, .T. ) ;
#2538 = DIRECTION ( 'NONE',  ( -1.000000000000000000, 0.000000000000000000, 0.000000000000000000 ) ) ;
#2539 = FACE_OUTER_BOUND ( 'NONE', #2757, .T. ) ;
#2540 = ORIENTED_EDGE ( 'NONE', *, *, #6033, .T. ) ;
#2541 = EDGE_CURVE ( 'NONE', #941, #1688, #66, .T. ) ;
#2542 = VERTEX_POINT ( 'NONE', #2475 ) ;
#2543 = ORIENTED_EDGE ( 'NONE', *, *, #2533, .F. ) ;
#2544 = ORIENTED_EDGE ( 'NONE', *, *, #2097, .F. ) ;
#2545 = DIRECTION ( 'NONE',  ( 1.909363028148246770E-16, -1.000000000000000000, 0.000000000000000000 ) ) ;
#2546 = CARTESIAN_POINT ( 'NONE',  ( -5.000000000000000888, 29.74406644123207144, 7.000000000000000000 ) ) ;
#2547 = CARTESIAN_POINT ( 'NONE',  ( -1.214306433183764966E-14, 23.49489742783178414, -6.000000000000000000 ) ) ;
#2548 = LINE ( 'NONE', #2078, #6001 ) ;
#2549 = VECTOR ( 'NONE', #5867, 1000.000000000000000 ) ;
#2550 = EDGE_CURVE ( 'NONE', #4789, #1151, #5174, .T. ) ;
#2551 = EDGE_CURVE ( 'NONE', #6505, #10, #2335, .T. ) ;
#2552 = DIRECTION ( 'NONE',  ( 0.000000000000000000, 0.000000000000000000, 1.000000000000000000 ) ) ;
#2553 = FACE_OUTER_BOUND ( 'NONE', #3894, .T. ) ;
#2554 = VERTEX_POINT ( 'NONE', #6601 ) ;
#2555 = VERTEX_POINT ( 'NONE', #935 ) ;
#2556 = VECTOR ( 'NONE', #5425, 1000.000000000000000 ) ;
#2557 = CARTESIAN_POINT ( 'NONE',  ( -7.500000000000007105, -24.00000000000000000, -5.500000000000000000 ) ) ;
#2558 = CARTESIAN_POINT ( 'NONE',  ( -9.450000000000002842, 19.24406644123207144, 6.999999999999999112 ) ) ;
#2559 = ORIENTED_EDGE ( 'NONE', *, *, #2977, .T. ) ;
#2560 = VECTOR ( 'NONE', #4276, 1000.000000000000000 ) ;
#2561 = AXIS2_PLACEMENT_3D ( 'NONE', #3271, #2835, #3786 ) ;
#2562 = ORIENTED_EDGE ( 'NONE', *, *, #735, .F. ) ;
#2563 = ORIENTED_EDGE ( 'NONE', *, *, #431, .T. ) ;
#2564 = CARTESIAN_POINT ( 'NONE',  ( -5.000000000000000888, 29.74406644123207144, 7.000000000000000000 ) ) ;
#2565 = AXIS2_PLACEMENT_3D ( 'NONE', #1034, #5197, #2070 ) ;
#2566 = FACE_OUTER_BOUND ( 'NONE', #3167, .T. ) ;
#2567 = DIRECTION ( 'NONE',  ( -1.000000000000000000, 0.000000000000000000, 0.000000000000000000 ) ) ;
#2568 = VECTOR ( 'NONE', #4306, 1000.000000000000000 ) ;
#2569 = AXIS2_PLACEMENT_3D ( 'NONE', #4323, #5412, #4900 ) ;
#2570 = ORIENTED_EDGE ( 'NONE', *, *, #5441, .T. ) ;
#2571 = AXIS2_PLACEMENT_3D ( 'NONE', #5800, #6316, #4235 ) ;
#2572 = CYLINDRICAL_SURFACE ( 'NONE', #942, 9.999999999999998224 ) ;
#2573 = DIRECTION ( 'NONE',  ( 1.000000000000000000, 0.000000000000000000, 0.000000000000000000 ) ) ;
#2574 = CIRCLE ( 'NONE', #3433, 5.049999999999998934 ) ;
#2575 = DIRECTION ( 'NONE',  ( 6.032683993190498741E-16, 1.000000000000000000, 0.000000000000000000 ) ) ;
#2576 = DIRECTION ( 'NONE',  ( 0.08715574274766171858, 0.9961946980917453232, -0.000000000000000000 ) ) ;
#2577 = CARTESIAN_POINT ( 'NONE',  ( 8.000000000000000000, 37.74406644123207144, 7.000000000000000000 ) ) ;
#2578 = EDGE_CURVE ( 'NONE', #1969, #366, #5492, .T. ) ;
#2579 = CIRCLE ( 'NONE', #2034, 20.00000000000000000 ) ;
#2580 = VERTEX_POINT ( 'NONE', #6018 ) ;
#2581 = VECTOR ( 'NONE', #1489, 1000.000000000000000 ) ;
#2582 = CIRCLE ( 'NONE', #3992, 9.999999999999960920 ) ;
#2583 = EDGE_LOOP ( 'NONE', ( #4601, #768, #4963, #5467 ) ) ;
#2584 = PLANE ( 'NONE',  #387 ) ;
#2585 = VERTEX_POINT ( 'NONE', #6121 ) ;
#2586 = AXIS2_PLACEMENT_3D ( 'NONE', #6235, #3133, #1560 ) ;
#2587 = DIRECTION ( 'NONE',  ( -1.000000000000000000, -0.000000000000000000, -0.000000000000000000 ) ) ;
#2588 = CARTESIAN_POINT ( 'NONE',  ( 17.00000000000000000, -31.22269074732326288, 7.000000000000000000 ) ) ;
#2589 = DIRECTION ( 'NONE',  ( 0.000000000000000000, 0.000000000000000000, 1.000000000000000000 ) ) ;
#2590 = EDGE_CURVE ( 'NONE', #5657, #4586, #1305, .T. ) ;
#2591 = CIRCLE ( 'NONE', #4973, 20.00000000000000355 ) ;
#2592 = CARTESIAN_POINT ( 'NONE',  ( -3.305443769227841777, -19.00000000000000000, 6.455443769227852790 ) ) ;
#2593 = CIRCLE ( 'NONE', #5854, 4.500000000000000888 ) ;
#2594 = CARTESIAN_POINT ( 'NONE',  ( -8.000000000000000000, 32.38981775229666482, -1.000000000000000000 ) ) ;
#2595 = ORIENTED_EDGE ( 'NONE', *, *, #5244, .T. ) ;
#2596 = EDGE_LOOP ( 'NONE', ( #3294, #4232, #2603, #2543 ) ) ;
#2597 = CIRCLE ( 'NONE', #3326, 4.500000000000000888 ) ;
#2598 = CARTESIAN_POINT ( 'NONE',  ( 10.39129341151854469, -27.00000000000000000, -5.500000000000000000 ) ) ;
#2599 = EDGE_CURVE ( 'NONE', #4317, #39, #5279, .T. ) ;
#2600 = EDGE_CURVE ( 'NONE', #2018, #6567, #1935, .T. ) ;
#2601 = DIRECTION ( 'NONE',  ( 0.000000000000000000, 0.000000000000000000, 1.000000000000000000 ) ) ;
#2602 = VERTEX_POINT ( 'NONE', #257 ) ;
#2603 = ORIENTED_EDGE ( 'NONE', *, *, #6216, .F. ) ;
#2604 = EDGE_LOOP ( 'NONE', ( #5679, #1601 ) ) ;
#2605 = DIRECTION ( 'NONE',  ( 0.000000000000000000, 0.000000000000000000, -1.000000000000000000 ) ) ;
#2606 = EDGE_CURVE ( 'NONE', #3257, #694, #1410, .T. ) ;
#2607 = CYLINDRICAL_SURFACE ( 'NONE', #3871, 5.049999999999998934 ) ;
#2608 = CARTESIAN_POINT ( 'NONE',  ( 21.49999999999983302, 24.22277336810119763, -1.000000000000000000 ) ) ;
#2609 = VERTEX_POINT ( 'NONE', #4409 ) ;
#2610 = DIRECTION ( 'NONE',  ( 1.000000000000000000, 0.000000000000000000, 0.000000000000000000 ) ) ;
#2611 = CARTESIAN_POINT ( 'NONE',  ( 9.799999999999993605, -43.22269074732326999, 9.000000000000001776 ) ) ;
#2612 = LINE ( 'NONE', #2100, #6058 ) ;
#2613 = CARTESIAN_POINT ( 'NONE',  ( 7.500000000000000000, -24.00000000000000000, -7.000000000000000000 ) ) ;
#2614 = DIRECTION ( 'NONE',  ( 1.000000000000000000, 0.000000000000000000, 0.000000000000000000 ) ) ;
#2615 = ORIENTED_EDGE ( 'NONE', *, *, #840, .T. ) ;
#2616 = EDGE_CURVE ( 'NONE', #5151, #5246, #1336, .T. ) ;
#2617 = ORIENTED_EDGE ( 'NONE', *, *, #3533, .T. ) ;
#2618 = ORIENTED_EDGE ( 'NONE', *, *, #2165, .F. ) ;
#2619 = PLANE ( 'NONE',  #3444 ) ;
#2620 = DIRECTION ( 'NONE',  ( -0.000000000000000000, -0.000000000000000000, 1.000000000000000000 ) ) ;
#2621 = DIRECTION ( 'NONE',  ( -0.000000000000000000, -0.000000000000000000, 1.000000000000000000 ) ) ;
#2622 = LINE ( 'NONE', #133, #6317 ) ;
#2623 = B_SPLINE_CURVE_WITH_KNOTS ( 'NONE', 3,
 ( #1682, #4748, #49, #2101 ),
 .UNSPECIFIED., .F., .F.,
 ( 4, 4 ),
 ( 0.000000000000000000, 0.0002660870823668449276 ),
 .UNSPECIFIED. ) ;
#2624 = CARTESIAN_POINT ( 'NONE',  ( -2.081668171172168513E-14, 19.24406644123207144, 3.649999999999999023 ) ) ;
#2625 = ADVANCED_FACE ( 'NONE', ( #1896 ), #2876, .T. ) ;
#2626 = ORIENTED_EDGE ( 'NONE', *, *, #4166, .T. ) ;
#2627 = VECTOR ( 'NONE', #6379, 1000.000000000000000 ) ;
#2628 = EDGE_LOOP ( 'NONE', ( #5643, #5571, #4088, #2450, #2281 ) ) ;
#2629 = CARTESIAN_POINT ( 'NONE',  ( 11.00000000000000533, -56.22269074732326999, -5.500000000000000000 ) ) ;
#2630 = CARTESIAN_POINT ( 'NONE',  ( -9.450000000000002842, 24.24406644123207499, -1.000000000000000888 ) ) ;
#2631 = VECTOR ( 'NONE', #2091, 1000.000000000000000 ) ;
#2632 = ADVANCED_FACE ( 'NONE', ( #288 ), #3416, .F. ) ;
#2633 = EDGE_LOOP ( 'NONE', ( #1653, #871, #960, #1901 ) ) ;
#2634 = ORIENTED_EDGE ( 'NONE', *, *, #4898, .T. ) ;
#2635 = FACE_OUTER_BOUND ( 'NONE', #6029, .T. ) ;
#2636 = VECTOR ( 'NONE', #3767, 1000.000000000000000 ) ;
#2637 = FACE_OUTER_BOUND ( 'NONE', #790, .T. ) ;
#2638 = DIRECTION ( 'NONE',  ( 0.08715574274766171858, 0.9961946980917453232, -0.000000000000000000 ) ) ;
#2639 = ORIENTED_EDGE ( 'NONE', *, *, #5281, .T. ) ;
#2640 = EDGE_CURVE ( 'NONE', #6538, #441, #6741, .T. ) ;
#2641 = PLANE ( 'NONE',  #1709 ) ;
#2642 = CARTESIAN_POINT ( 'NONE',  ( 26.16487539711820887, 2.225320143510919646E-13, -7.000000000000000000 ) ) ;
#2643 = CARTESIAN_POINT ( 'NONE',  ( 13.00000000000000178, -43.22269074732326999, 7.000000000000000000 ) ) ;
#2644 = CARTESIAN_POINT ( 'NONE',  ( -12.67342031205830999, -49.35164402635653857, -2.861579853068848767 ) ) ;
#2645 = DIRECTION ( 'NONE',  ( 1.000000000000000000, 0.000000000000000000, 0.000000000000000000 ) ) ;
#2646 = ORIENTED_EDGE ( 'NONE', *, *, #3733, .F. ) ;
#2647 = ORIENTED_EDGE ( 'NONE', *, *, #3810, .T. ) ;
#2648 = FACE_OUTER_BOUND ( 'NONE', #2944, .T. ) ;
#2649 = ORIENTED_EDGE ( 'NONE', *, *, #1512, .T. ) ;
#2650 = FACE_OUTER_BOUND ( 'NONE', #3061, .T. ) ;
#2651 = DIRECTION ( 'NONE',  ( -0.000000000000000000, -0.000000000000000000, 1.000000000000000000 ) ) ;
#2652 = DIRECTION ( 'NONE',  ( -0.000000000000000000, -0.000000000000000000, 1.000000000000000000 ) ) ;
#2653 = CARTESIAN_POINT ( 'NONE',  ( 8.676806735756557032, -46.62269074732328278, -3.999999999999996447 ) ) ;
#2654 = CARTESIAN_POINT ( 'NONE',  ( 37.80531982830788706, -6.427876096865231759, -1.000000000000000000 ) ) ;
#2655 = ORIENTED_EDGE ( 'NONE', *, *, #1070, .T. ) ;
#2656 = EDGE_LOOP ( 'NONE', ( #574, #5034, #5184, #500, #526, #2708, #3140, #1522 ) ) ;
#2657 = DIRECTION ( 'NONE',  ( -1.000000000000000000, 0.000000000000000000, 0.000000000000000000 ) ) ;
#2658 = CARTESIAN_POINT ( 'NONE',  ( -25.09487539711820858, 0.000000000000000000, -5.000000000000000000 ) ) ;
#2659 = EDGE_CURVE ( 'NONE', #466, #6505, #2136, .T. ) ;
#2660 = ORIENTED_EDGE ( 'NONE', *, *, #6573, .T. ) ;
#2661 = ORIENTED_EDGE ( 'NONE', *, *, #6554, .F. ) ;
#2662 = DIRECTION ( 'NONE',  ( 0.000000000000000000, 0.000000000000000000, -1.000000000000000000 ) ) ;
#2663 = CARTESIAN_POINT ( 'NONE',  ( -13.00000000000000178, -43.22269074732326999, 7.000000000000000000 ) ) ;
#2664 = EDGE_CURVE ( 'NONE', #6746, #3181, #2347, .T. ) ;
#2665 = EDGE_LOOP ( 'NONE', ( #3854, #2877, #6034, #6353 ) ) ;
#2666 = DIRECTION ( 'NONE',  ( 1.000000000000000000, 0.000000000000000000, 0.000000000000000000 ) ) ;
#2667 = AXIS2_PLACEMENT_3D ( 'NONE', #4247, #1729, #1205 ) ;
#2668 = LINE ( 'NONE', #4744, #2669 ) ;
#2669 = VECTOR ( 'NONE', #1000, 1000.000000000000000 ) ;
#2670 = CARTESIAN_POINT ( 'NONE',  ( -8.000000000000000000, 32.38981775229666482, -4.000000000000000000 ) ) ;
#2671 = LINE ( 'NONE', #2200, #395 ) ;
#2672 = CARTESIAN_POINT ( 'NONE',  ( -9.799999999999998934, -43.22269074732326999, 9.000000000000001776 ) ) ;
#2673 = ADVANCED_FACE ( 'NONE', ( #5126, #1583 ), #3690, .T. ) ;
#2674 = EDGE_CURVE ( 'NONE', #2464, #5277, #4685, .T. ) ;
#2675 = ORIENTED_EDGE ( 'NONE', *, *, #1412, .F. ) ;
#2676 = AXIS2_PLACEMENT_3D ( 'NONE', #2298, #721, #2707 ) ;
#2677 = CIRCLE ( 'NONE', #3977, 1.899999999999999023 ) ;
#2678 = ORIENTED_EDGE ( 'NONE', *, *, #1227, .T. ) ;
#2679 = FACE_OUTER_BOUND ( 'NONE', #4067, .T. ) ;
#2680 = VERTEX_POINT ( 'NONE', #2506 ) ;
#2681 = CARTESIAN_POINT ( 'NONE',  ( -28.82868052452909424, -9.347199102264276860, -1.000000000000000000 ) ) ;
#2682 = CARTESIAN_POINT ( 'NONE',  ( -16.00000000000000000, 16.85000000000000142, -5.000000000000000000 ) ) ;
#2683 = LINE ( 'NONE', #4620, #3856 ) ;
#2684 = FACE_BOUND ( 'NONE', #5904, .T. ) ;
#2685 = CIRCLE ( 'NONE', #2466, 4.000000000000000000 ) ;
#2686 = DIRECTION ( 'NONE',  ( 0.000000000000000000, 0.000000000000000000, 1.000000000000000000 ) ) ;
#2687 = ORIENTED_EDGE ( 'NONE', *, *, #2299, .T. ) ;
#2688 = AXIS2_PLACEMENT_3D ( 'NONE', #1, #4340, #2080 ) ;
#2689 = ORIENTED_EDGE ( 'NONE', *, *, #182, .F. ) ;
#2690 = AXIS2_PLACEMENT_3D ( 'NONE', #1788, #2744, #2276 ) ;
#2691 = FACE_BOUND ( 'NONE', #1184, .T. ) ;
#2692 = CIRCLE ( 'NONE', #3011, 1.899999999999999023 ) ;
#2693 = DIRECTION ( 'NONE',  ( 1.595349423811331573E-14, 1.000000000000000000, -0.000000000000000000 ) ) ;
#2694 = AXIS2_PLACEMENT_3D ( 'NONE', #3919, #3953, #5012 ) ;
#2695 = AXIS2_PLACEMENT_3D ( 'NONE', #5330, #658, #6398 ) ;
#2696 = ORIENTED_EDGE ( 'NONE', *, *, #3733, .T. ) ;
#2697 = EDGE_CURVE ( 'NONE', #1318, #1855, #1099, .T. ) ;
#2698 = ORIENTED_EDGE ( 'NONE', *, *, #862, .F. ) ;
#2699 = DIRECTION ( 'NONE',  ( -0.000000000000000000, -0.000000000000000000, -1.000000000000000000 ) ) ;
#2700 = DIRECTION ( 'NONE',  ( 0.000000000000000000, 0.000000000000000000, -1.000000000000000000 ) ) ;
#2701 = VERTEX_POINT ( 'NONE', #5671 ) ;
#2702 = CARTESIAN_POINT ( 'NONE',  ( 30.14487539711820929, 2.220446049250313081E-13, -5.000000000000000000 ) ) ;
#2703 = EDGE_CURVE ( 'NONE', #3802, #1232, #1518, .T. ) ;
#2704 = PLANE ( 'NONE',  #3754 ) ;
#2705 = LINE ( 'NONE', #6350, #6487 ) ;
#2706 = CARTESIAN_POINT ( 'NONE',  ( -12.72008990938600093, -49.42780120491419638, -2.941692307050859601 ) ) ;
#2707 = DIRECTION ( 'NONE',  ( -1.000000000000000000, 0.000000000000000000, 0.000000000000000000 ) ) ;
#2708 = ORIENTED_EDGE ( 'NONE', *, *, #201, .F. ) ;
#2709 = EDGE_CURVE ( 'NONE', #3381, #366, #531, .T. ) ;
#2710 = ORIENTED_EDGE ( 'NONE', *, *, #5996, .T. ) ;
#2711 = DIRECTION ( 'NONE',  ( 0.000000000000000000, 0.000000000000000000, 1.000000000000000000 ) ) ;
#2712 = ORIENTED_EDGE ( 'NONE', *, *, #709, .F. ) ;
#2713 = DIRECTION ( 'NONE',  ( -1.000000000000000000, 0.000000000000000000, 0.000000000000000000 ) ) ;
#2714 = FACE_OUTER_BOUND ( 'NONE', #3585, .T. ) ;
#2715 = CARTESIAN_POINT ( 'NONE',  ( -16.00000000000000355, 16.84999999999999787, -6.000000000000000888 ) ) ;
#2716 = DIRECTION ( 'NONE',  ( -0.000000000000000000, -0.000000000000000000, -1.000000000000000000 ) ) ;
#2717 = EDGE_CURVE ( 'NONE', #3613, #5561, #6699, .T. ) ;
#2718 = ORIENTED_EDGE ( 'NONE', *, *, #4193, .F. ) ;
#2719 = EDGE_CURVE ( 'NONE', #6138, #2035, #5062, .T. ) ;
#2720 = VERTEX_POINT ( 'NONE', #1549 ) ;
#2721 = DIRECTION ( 'NONE',  ( -1.000000000000000000, 0.000000000000000000, 0.000000000000000000 ) ) ;
#2722 = CARTESIAN_POINT ( 'NONE',  ( 9.450000000000002842, 24.24406644123207499, -1.000000000000000000 ) ) ;
#2723 = AXIS2_PLACEMENT_3D ( 'NONE', #3436, #6075, #1879 ) ;
#2724 = ORIENTED_EDGE ( 'NONE', *, *, #4951, .T. ) ;
#2725 = ORIENTED_EDGE ( 'NONE', *, *, #4160, .F. ) ;
#2726 = CYLINDRICAL_SURFACE ( 'NONE', #4427, 3.979999999999997318 ) ;
#2727 = PLANE ( 'NONE',  #230 ) ;
#2728 = VECTOR ( 'NONE', #6206, 1000.000000000000000 ) ;
#2729 = ORIENTED_EDGE ( 'NONE', *, *, #4851, .T. ) ;
#2730 = ADVANCED_FACE ( 'NONE', ( #2539 ), #5775, .F. ) ;
#2731 = LINE ( 'NONE', #4842, #5620 ) ;
#2732 = VECTOR ( 'NONE', #5341, 1000.000000000000114 ) ;
#2733 = DIRECTION ( 'NONE',  ( 0.000000000000000000, -1.000000000000000000, 0.000000000000000000 ) ) ;
#2734 = DIRECTION ( 'NONE',  ( -0.000000000000000000, -0.000000000000000000, -1.000000000000000000 ) ) ;
#2735 = VECTOR ( 'NONE', #3309, 1000.000000000000000 ) ;
#2736 = CARTESIAN_POINT ( 'NONE',  ( -2.081668171172168513E-14, 21.24406644123207144, 6.999999999999999112 ) ) ;
#2737 = DIRECTION ( 'NONE',  ( -0.000000000000000000, 0.000000000000000000, -1.000000000000000000 ) ) ;
#2738 = CARTESIAN_POINT ( 'NONE',  ( -17.00000000000000000, -31.22269074732326288, -1.000000000000000000 ) ) ;
#2739 = EDGE_LOOP ( 'NONE', ( #3079, #3084, #3237, #6144 ) ) ;
#2740 = EDGE_CURVE ( 'NONE', #1253, #6403, #3624, .T. ) ;
#2741 = ORIENTED_EDGE ( 'NONE', *, *, #4401, .F. ) ;
#2742 = DIRECTION ( 'NONE',  ( -0.000000000000000000, -0.000000000000000000, 1.000000000000000000 ) ) ;
#2743 = EDGE_LOOP ( 'NONE', ( #6355, #3418, #517, #224 ) ) ;
#2744 = DIRECTION ( 'NONE',  ( -0.000000000000000000, -0.000000000000000000, -1.000000000000000000 ) ) ;
#2745 = DIRECTION ( 'NONE',  ( -1.000000000000000000, 8.717203396868375352E-16, 0.000000000000000000 ) ) ;
#2746 = LINE ( 'NONE', #762, #6477 ) ;
#2747 = CARTESIAN_POINT ( 'NONE',  ( -12.01999999999999957, 16.85000000000000142, -5.000000000000000000 ) ) ;
#2748 = ADVANCED_FACE ( 'NONE', ( #4111 ), #5157, .T. ) ;
#2749 = ORIENTED_EDGE ( 'NONE', *, *, #5875, .T. ) ;
#2750 = ORIENTED_EDGE ( 'NONE', *, *, #3163, .T. ) ;
#2751 = DIRECTION ( 'NONE',  ( -0.000000000000000000, 0.000000000000000000, -1.000000000000000000 ) ) ;
#2752 = LINE ( 'NONE', #2249, #4634 ) ;
#2753 = EDGE_CURVE ( 'NONE', #1151, #4789, #1142, .T. ) ;
#2754 = EDGE_CURVE ( 'NONE', #6516, #2089, #6158, .T. ) ;
#2755 = DIRECTION ( 'NONE',  ( 0.000000000000000000, 0.000000000000000000, 1.000000000000000000 ) ) ;
#2756 = DIRECTION ( 'NONE',  ( -0.000000000000000000, -0.000000000000000000, -1.000000000000000000 ) ) ;
#2757 = EDGE_LOOP ( 'NONE', ( #2540, #2141, #2126, #5652 ) ) ;
#2758 = ORIENTED_EDGE ( 'NONE', *, *, #5939, .T. ) ;
#2759 = DIRECTION ( 'NONE',  ( 1.000000000000000000, 0.000000000000000000, 0.000000000000000000 ) ) ;
#2760 = LINE ( 'NONE', #3200, #1872 ) ;
#2761 = VERTEX_POINT ( 'NONE', #3150 ) ;
#2762 = VECTOR ( 'NONE', #5320, 1000.000000000000000 ) ;
#2763 = CARTESIAN_POINT ( 'NONE',  ( 6.000000000000001776, -12.99999999999999467, -7.000000000000000000 ) ) ;
#2764 =( GEOMETRIC_REPRESENTATION_CONTEXT ( 3 ) GLOBAL_UNCERTAINTY_ASSIGNED_CONTEXT ( ( #392 ) ) GLOBAL_UNIT_ASSIGNED_CONTEXT ( ( #4944, #277, #3582 ) ) REPRESENTATION_CONTEXT ( 'NONE', 'WORKASPACE' ) );
#2765 = CARTESIAN_POINT ( 'NONE',  ( -14.90000000000000036, -43.22269074732326999, 3.799999999999999822 ) ) ;
#2766 = VECTOR ( 'NONE', #981, 1000.000000000000000 ) ;
#2767 = DIRECTION ( 'NONE',  ( 0.000000000000000000, -1.000000000000000000, 1.626303258728259412E-15 ) ) ;
#2768 = CARTESIAN_POINT ( 'NONE',  ( 15.35985703909246958, 31.00000000000001066, -7.000000000000000000 ) ) ;
#2769 = CARTESIAN_POINT ( 'NONE',  ( -11.53333333333333499, -48.52352925541694617, -2.428536926285582265 ) ) ;
#2770 = ORIENTED_EDGE ( 'NONE', *, *, #4201, .T. ) ;
#2771 = AXIS2_PLACEMENT_3D ( 'NONE', #391, #4446, #3014 ) ;
#2772 = AXIS2_PLACEMENT_3D ( 'NONE', #3965, #3111, #117 ) ;
#2773 = EDGE_LOOP ( 'NONE', ( #293, #351, #1072, #1659 ) ) ;
#2774 = DIRECTION ( 'NONE',  ( 0.000000000000000000, -1.000000000000000000, 0.000000000000000000 ) ) ;
#2775 = ADVANCED_FACE ( 'NONE', ( #3044 ), #50, .F. ) ;
#2776 = VERTEX_POINT ( 'NONE', #4239 ) ;
#2777 = DIRECTION ( 'NONE',  ( -0.000000000000000000, -0.000000000000000000, 1.000000000000000000 ) ) ;
#2778 = PLANE ( 'NONE',  #5958 ) ;
#2779 = CARTESIAN_POINT ( 'NONE',  ( 40.14487539711818442, -46.62269074732327567, -3.999999999999998224 ) ) ;
#2780 = DIRECTION ( 'NONE',  ( -0.000000000000000000, -0.000000000000000000, 1.000000000000000000 ) ) ;
#2781 = CIRCLE ( 'NONE', #1786, 1.600000000000002531 ) ;
#2782 = ORIENTED_EDGE ( 'NONE', *, *, #1090, .T. ) ;
#2783 = ORIENTED_EDGE ( 'NONE', *, *, #795, .T. ) ;
#2784 = EDGE_CURVE ( 'NONE', #5988, #6682, #681, .T. ) ;
#2785 = DIRECTION ( 'NONE',  ( 1.000000000000000000, 0.000000000000000000, 0.000000000000000000 ) ) ;
#2786 = VECTOR ( 'NONE', #186, 1000.000000000000000 ) ;
#2787 = CARTESIAN_POINT ( 'NONE',  ( -6.000000000000001776, -12.99999999999999467, 9.000000000000001776 ) ) ;
#2788 = VECTOR ( 'NONE', #900, 1000.000000000000000 ) ;
#2789 = CIRCLE ( 'NONE', #6607, 5.049999999999998934 ) ;
#2790 = CARTESIAN_POINT ( 'NONE',  ( 13.00000000000000178, -43.22269074732326999, 7.000000000000000000 ) ) ;
#2791 = CARTESIAN_POINT ( 'NONE',  ( -6.000000000000001776, -12.99999999999999467, -2.499999999999981348 ) ) ;
#2792 = AXIS2_PLACEMENT_3D ( 'NONE', #4079, #907, #5065 ) ;
#2793 = ORIENTED_EDGE ( 'NONE', *, *, #5371, .T. ) ;
#2794 = EDGE_LOOP ( 'NONE', ( #2646, #6057, #2862, #1209, #3072, #6097 ) ) ;
#2795 = EDGE_CURVE ( 'NONE', #3676, #1810, #3789, .T. ) ;
#2796 = EDGE_CURVE ( 'NONE', #5298, #3903, #3212, .T. ) ;
#2797 = DIRECTION ( 'NONE',  ( 1.000000000000000000, 0.000000000000000000, 0.000000000000000000 ) ) ;
#2798 = CIRCLE ( 'NONE', #3559, 4.500000000000000000 ) ;
#2799 = CARTESIAN_POINT ( 'NONE',  ( 11.39999999999999680, -43.22269074732326999, 3.799999999999999822 ) ) ;
#2800 = AXIS2_PLACEMENT_3D ( 'NONE', #1727, #3218, #6459 ) ;
#2801 = ORIENTED_EDGE ( 'NONE', *, *, #6384, .T. ) ;
#2802 = AXIS2_PLACEMENT_3D ( 'NONE', #3545, #2999, #4538 ) ;
#2803 = CARTESIAN_POINT ( 'NONE',  ( -5.000000000000000888, 29.74406644123207144, -4.000000000000000000 ) ) ;
#2804 = EDGE_CURVE ( 'NONE', #6346, #3710, #5838, .T. ) ;
#2805 = CARTESIAN_POINT ( 'NONE',  ( 14.60000000000000497, -43.22269074732326999, 3.799999999999999822 ) ) ;
#2806 = PLANE ( 'NONE',  #3761 ) ;
#2807 = DIRECTION ( 'NONE',  ( -0.000000000000000000, -0.000000000000000000, -1.000000000000000000 ) ) ;
#2808 = CARTESIAN_POINT ( 'NONE',  ( -9.038285373175225956, -47.03995775715812044, -2.910892134608447535 ) ) ;
#2809 = ORIENTED_EDGE ( 'NONE', *, *, #3235, .F. ) ;
#2810 = CARTESIAN_POINT ( 'NONE',  ( -26.00000000000000000, 11.99999999999999822, -4.000000000000000000 ) ) ;
#2811 = EDGE_LOOP ( 'NONE', ( #2687, #335, #393, #1848 ) ) ;
#2812 = DIRECTION ( 'NONE',  ( -2.145642317720231031E-13, -1.000000000000000000, 0.000000000000000000 ) ) ;
#2813 = EDGE_LOOP ( 'NONE', ( #3705, #3803, #2235, #4326 ) ) ;
#2814 = LINE ( 'NONE', #5910, #5622 ) ;
#2815 = DIRECTION ( 'NONE',  ( -0.000000000000000000, 0.000000000000000000, -1.000000000000000000 ) ) ;
#2816 = DIRECTION ( 'NONE',  ( 1.000000000000000000, 0.000000000000000000, 0.000000000000000000 ) ) ;
#2817 = DIRECTION ( 'NONE',  ( -1.000000000000000000, 0.000000000000000000, 0.000000000000000000 ) ) ;
#2818 = EDGE_CURVE ( 'NONE', #593, #3373, #5804, .T. ) ;
#2819 = ORIENTED_EDGE ( 'NONE', *, *, #3196, .T. ) ;
#2820 = EDGE_LOOP ( 'NONE', ( #4639, #5147 ) ) ;
#2821 = CARTESIAN_POINT ( 'NONE',  ( 13.00000000000000178, -43.22269074732326999, 7.000000000000000000 ) ) ;
#2822 = PLANE ( 'NONE',  #6439 ) ;
#2823 = EDGE_CURVE ( 'NONE', #5758, #3532, #6390, .T. ) ;
#2824 = DIRECTION ( 'NONE',  ( -0.000000000000000000, -0.000000000000000000, 1.000000000000000000 ) ) ;
#2825 = DIRECTION ( 'NONE',  ( 1.000000000000000000, 0.000000000000000000, 0.000000000000000000 ) ) ;
#2826 = ORIENTED_EDGE ( 'NONE', *, *, #663, .T. ) ;
#2827 = ORIENTED_EDGE ( 'NONE', *, *, #3495, .T. ) ;
#2828 = CARTESIAN_POINT ( 'NONE',  ( 3.850000000000001421, -12.99999999999999467, -2.499999999999977796 ) ) ;
#2829 = CARTESIAN_POINT ( 'NONE',  ( 1.199999999999991518, 17.61612204515214231, -7.000000000000000000 ) ) ;
#2830 = ORIENTED_EDGE ( 'NONE', *, *, #3938, .T. ) ;
#2831 = AXIS2_PLACEMENT_3D ( 'NONE', #6518, #3988, #1288 ) ;
#2832 = ADVANCED_FACE ( 'NONE', ( #188 ), #651, .T. ) ;
#2833 = DIRECTION ( 'NONE',  ( -1.000000000000000000, -1.734723475976807587E-16, -0.000000000000000000 ) ) ;
#2834 = VECTOR ( 'NONE', #3610, 1000.000000000000000 ) ;
#2835 = DIRECTION ( 'NONE',  ( 0.000000000000000000, 0.000000000000000000, 1.000000000000000000 ) ) ;
#2836 = DIRECTION ( 'NONE',  ( -0.000000000000000000, -0.000000000000000000, -1.000000000000000000 ) ) ;
#2837 = DIRECTION ( 'NONE',  ( 0.000000000000000000, 0.000000000000000000, 1.000000000000000000 ) ) ;
#2838 = DIRECTION ( 'NONE',  ( -0.000000000000000000, -0.000000000000000000, -1.000000000000000000 ) ) ;
#2839 = VERTEX_POINT ( 'NONE', #2271 ) ;
#2840 = EDGE_CURVE ( 'NONE', #3499, #4278, #4958, .T. ) ;
#2841 = EDGE_CURVE ( 'NONE', #695, #2680, #1750, .T. ) ;
#2842 = AXIS2_PLACEMENT_3D ( 'NONE', #2220, #110, #3742 ) ;
#2843 = DIRECTION ( 'NONE',  ( -0.000000000000000000, -0.000000000000000000, -1.000000000000000000 ) ) ;
#2844 = ORIENTED_EDGE ( 'NONE', *, *, #6025, .F. ) ;
#2845 = CARTESIAN_POINT ( 'NONE',  ( -26.00000000000000355, 21.25010530891830030, -6.000000000000000888 ) ) ;
#2846 = DIRECTION ( 'NONE',  ( 1.000000000000000000, 0.000000000000000000, 0.000000000000000000 ) ) ;
#2847 = CARTESIAN_POINT ( 'NONE',  ( -6.000000000000001776, -12.99999999999999467, -6.500000000000005329 ) ) ;
#2848 = DIRECTION ( 'NONE',  ( -1.000000000000000000, -1.040834085586084454E-15, 0.000000000000000000 ) ) ;
#2849 = ORIENTED_EDGE ( 'NONE', *, *, #4460, .F. ) ;
#2850 = ORIENTED_EDGE ( 'NONE', *, *, #3650, .T. ) ;
#2851 = ORIENTED_EDGE ( 'NONE', *, *, #2599, .T. ) ;
#2852 = CARTESIAN_POINT ( 'NONE',  ( 13.00000000000000178, -43.22269074732326999, 9.000000000000001776 ) ) ;
#2853 = EDGE_CURVE ( 'NONE', #6168, #3618, #5871, .T. ) ;
#2854 = CARTESIAN_POINT ( 'NONE',  ( 11.53333333333333321, -48.52352925541695328, -2.428536926285584041 ) ) ;
#2855 = LINE ( 'NONE', #263, #685 ) ;
#2856 = DIRECTION ( 'NONE',  ( 0.000000000000000000, 0.000000000000000000, 1.000000000000000000 ) ) ;
#2857 = ORIENTED_EDGE ( 'NONE', *, *, #4871, .F. ) ;
#2858 = ORIENTED_EDGE ( 'NONE', *, *, #4759, .F. ) ;
#2859 = CARTESIAN_POINT ( 'NONE',  ( 7.999999999999777955, 32.38981775229666482, -4.000000000000000000 ) ) ;
#2860 = ADVANCED_FACE ( 'NONE', ( #6352 ), #3822, .F. ) ;
#2861 = LINE ( 'NONE', #5418, #1745 ) ;
#2862 = ORIENTED_EDGE ( 'NONE', *, *, #5043, .T. ) ;
#2863 = DIRECTION ( 'NONE',  ( 0.000000000000000000, 0.000000000000000000, 1.000000000000000000 ) ) ;
#2864 = LINE ( 'NONE', #4844, #5723 ) ;
#2865 = EDGE_CURVE ( 'NONE', #4130, #3606, #4268, .T. ) ;
#2866 = CARTESIAN_POINT ( 'NONE',  ( -12.24893232297625367, -48.87860128382605751, -5.463202979310338492 ) ) ;
#2867 = EDGE_LOOP ( 'NONE', ( #1229, #34, #2661, #6708 ) ) ;
#2868 = LINE ( 'NONE', #1406, #838 ) ;
#2869 = VECTOR ( 'NONE', #4085, 1000.000000000000000 ) ;
#2870 = VERTEX_POINT ( 'NONE', #2672 ) ;
#2871 = CARTESIAN_POINT ( 'NONE',  ( -30.14487539711820929, 0.000000000000000000, -1.000000000000000000 ) ) ;
#2872 = EDGE_CURVE ( 'NONE', #6488, #4450, #3274, .T. ) ;
#2873 = EDGE_CURVE ( 'NONE', #4612, #1143, #4158, .T. ) ;
#2874 = LINE ( 'NONE', #3933, #296 ) ;
#2875 = CYLINDRICAL_SURFACE ( 'NONE', #2261, 20.00000000000000000 ) ;
#2876 = CYLINDRICAL_SURFACE ( 'NONE', #498, 4.000000000000003553 ) ;
#2877 = ORIENTED_EDGE ( 'NONE', *, *, #786, .T. ) ;
#2878 = ORIENTED_EDGE ( 'NONE', *, *, #456, .T. ) ;
#2879 = ORIENTED_EDGE ( 'NONE', *, *, #5318, .F. ) ;
#2880 = VECTOR ( 'NONE', #2167, 1000.000000000000000 ) ;
#2881 = ORIENTED_EDGE ( 'NONE', *, *, #222, .F. ) ;
#2882 = DIRECTION ( 'NONE',  ( -1.000000000000000000, 0.000000000000000000, 0.000000000000000000 ) ) ;
#2883 = CIRCLE ( 'NONE', #5066, 2.000000000000000000 ) ;
#2884 = AXIS2_PLACEMENT_3D ( 'NONE', #2403, #833, #4069 ) ;
#2885 = CARTESIAN_POINT ( 'NONE',  ( -16.99999999999999289, -61.22269074732326999, -1.000000000000000000 ) ) ;
#2886 = PLANE ( 'NONE',  #480 ) ;
#2887 = LINE ( 'NONE', #2349, #5269 ) ;
#2888 = ORIENTED_EDGE ( 'NONE', *, *, #2216, .T. ) ;
#2889 = EDGE_LOOP ( 'NONE', ( #595, #4387 ) ) ;
#2890 = VECTOR ( 'NONE', #4444, 1000.000000000000000 ) ;
#2891 = FACE_BOUND ( 'NONE', #4431, .T. ) ;
#2892 = AXIS2_PLACEMENT_3D ( 'NONE', #5566, #5638, #2538 ) ;
#2893 = CARTESIAN_POINT ( 'NONE',  ( 30.14487539711820929, 2.220446049250313081E-13, -7.000000000000000000 ) ) ;
#2894 = VERTEX_POINT ( 'NONE', #3719 ) ;
#2895 = AXIS2_PLACEMENT_3D ( 'NONE', #4470, #1923, #2461 ) ;
#2896 = EDGE_CURVE ( 'NONE', #4457, #6567, #3206, .T. ) ;
#2897 = AXIS2_PLACEMENT_3D ( 'NONE', #4350, #667, #2721 ) ;
#2898 = FACE_OUTER_BOUND ( 'NONE', #4076, .T. ) ;
#2899 = DIRECTION ( 'NONE',  ( 0.000000000000000000, 0.000000000000000000, -1.000000000000000000 ) ) ;
#2900 = LINE ( 'NONE', #4984, #1230 ) ;
#2901 = CIRCLE ( 'NONE', #6501, 1.899999999999998135 ) ;
#2902 = DIRECTION ( 'NONE',  ( -0.000000000000000000, 0.000000000000000000, -1.000000000000000000 ) ) ;
#2903 = DIRECTION ( 'NONE',  ( -0.000000000000000000, -0.000000000000000000, 1.000000000000000000 ) ) ;
#2904 = DIRECTION ( 'NONE',  ( -0.000000000000000000, 0.000000000000000000, -1.000000000000000000 ) ) ;
#2905 = VECTOR ( 'NONE', #3773, 1000.000000000000000 ) ;
#2906 = VERTEX_POINT ( 'NONE', #86 ) ;
#2907 = ADVANCED_FACE ( 'NONE', ( #115 ), #4779, .T. ) ;
#2908 = PLANE ( 'NONE',  #2259 ) ;
#2909 = CIRCLE ( 'NONE', #3778, 5.049999999999998934 ) ;
#2910 = DIRECTION ( 'NONE',  ( 1.000000000000000000, 0.000000000000000000, 0.000000000000000000 ) ) ;
#2911 = PLANE ( 'NONE',  #3561 ) ;
#2912 = DIRECTION ( 'NONE',  ( 1.000000000000000000, 1.909363028148246276E-16, -0.000000000000000000 ) ) ;
#2913 = CARTESIAN_POINT ( 'NONE',  ( -30.14487539711820929, 0.000000000000000000, -7.000000000000000000 ) ) ;
#2914 = ORIENTED_EDGE ( 'NONE', *, *, #535, .F. ) ;
#2915 = EDGE_CURVE ( 'NONE', #4432, #6638, #6702, .T. ) ;
#2916 = ORIENTED_EDGE ( 'NONE', *, *, #3621, .F. ) ;
#2917 = EDGE_LOOP ( 'NONE', ( #5765, #1961, #6604, #2718 ) ) ;
#2918 = EDGE_LOOP ( 'NONE', ( #1217, #6718, #1785, #5720 ) ) ;
#2919 = DIRECTION ( 'NONE',  ( -0.000000000000000000, -0.000000000000000000, 1.000000000000000000 ) ) ;
#2920 = LINE ( 'NONE', #2415, #2524 ) ;
#2921 = EDGE_CURVE ( 'NONE', #1232, #6255, #1585, .T. ) ;
#2922 = EDGE_CURVE ( 'NONE', #1757, #1609, #3759, .T. ) ;
#2923 = CARTESIAN_POINT ( 'NONE',  ( 11.00000000000000355, -54.22269074732326999, -5.500000000000000000 ) ) ;
#2924 = PLANE ( 'NONE',  #160 ) ;
#2925 = ORIENTED_EDGE ( 'NONE', *, *, #3241, .F. ) ;
#2926 = EDGE_LOOP ( 'NONE', ( #2095, #5847, #5348, #2071 ) ) ;
#2927 = CARTESIAN_POINT ( 'NONE',  ( 21.05000000000000071, 16.85000000000000142, -1.000000000000000000 ) ) ;
#2928 = FACE_BOUND ( 'NONE', #1794, .T. ) ;
#2929 = VERTEX_POINT ( 'NONE', #1125 ) ;
#2930 = ORIENTED_EDGE ( 'NONE', *, *, #5009, .T. ) ;
#2931 = LINE ( 'NONE', #1291, #705 ) ;
#2932 = DIRECTION ( 'NONE',  ( -0.000000000000000000, -0.000000000000000000, 1.000000000000000000 ) ) ;
#2933 = FACE_OUTER_BOUND ( 'NONE', #3098, .T. ) ;
#2934 = DIRECTION ( 'NONE',  ( 1.000000000000000000, -1.734723475976807341E-16, -0.000000000000000000 ) ) ;
#2935 = DIRECTION ( 'NONE',  ( -0.000000000000000000, -0.000000000000000000, 1.000000000000000000 ) ) ;
#2936 = CARTESIAN_POINT ( 'NONE',  ( -12.02484608215055317, 16.65365507542541934, -7.000000000000000000 ) ) ;
#2937 = ORIENTED_EDGE ( 'NONE', *, *, #544, .T. ) ;
#2938 = AXIS2_PLACEMENT_3D ( 'NONE', #6462, #6432, #2817 ) ;
#2939 = FACE_OUTER_BOUND ( 'NONE', #2665, .T. ) ;
#2940 = CARTESIAN_POINT ( 'NONE',  ( 40.14487539711818442, -48.22269074732326999, -3.999999999999998224 ) ) ;
#2941 = DIRECTION ( 'NONE',  ( 0.7660444431189875614, -0.6427876096865279276, 0.000000000000000000 ) ) ;
#2942 = FACE_OUTER_BOUND ( 'NONE', #2441, .T. ) ;
#2943 = EDGE_CURVE ( 'NONE', #396, #972, #5285, .T. ) ;
#2944 = EDGE_LOOP ( 'NONE', ( #5142, #3549, #3233, #1216 ) ) ;
#2945 = VECTOR ( 'NONE', #551, 1000.000000000000000 ) ;
#2946 = ORIENTED_EDGE ( 'NONE', *, *, #2465, .T. ) ;
#2947 = VECTOR ( 'NONE', #1453, 1000.000000000000000 ) ;
#2948 = ORIENTED_EDGE ( 'NONE', *, *, #2182, .F. ) ;
#2949 = ORIENTED_EDGE ( 'NONE', *, *, #3920, .F. ) ;
#2950 = CARTESIAN_POINT ( 'NONE',  ( 30.14487539711820929, 10.00000000000018119, -7.000000000000000000 ) ) ;
#2951 = EDGE_CURVE ( 'NONE', #5445, #2380, #4702, .T. ) ;
#2952 = DIRECTION ( 'NONE',  ( 0.000000000000000000, 0.000000000000000000, 1.000000000000000000 ) ) ;
#2953 = DIRECTION ( 'NONE',  ( -1.000000000000000000, 4.336808689942017120E-17, 0.000000000000000000 ) ) ;
#2954 = CARTESIAN_POINT ( 'NONE',  ( 26.00000000000000355, 16.84999999999999787, -6.000000000000000888 ) ) ;
#2955 = ORIENTED_EDGE ( 'NONE', *, *, #38, .F. ) ;
#2956 = ORIENTED_EDGE ( 'NONE', *, *, #6422, .F. ) ;
#2957 = CARTESIAN_POINT ( 'NONE',  ( -37.80531982830802207, -6.427876096865348998, 7.000000000000000000 ) ) ;
#2958 = EDGE_CURVE ( 'NONE', #5461, #4212, #502, .T. ) ;
#2959 = EDGE_CURVE ( 'NONE', #797, #5176, #4282, .T. ) ;
#2960 = CYLINDRICAL_SURFACE ( 'NONE', #2831, 1.899999999999998135 ) ;
#2961 = ORIENTED_EDGE ( 'NONE', *, *, #862, .T. ) ;
#2962 = ORIENTED_EDGE ( 'NONE', *, *, #5842, .F. ) ;
#2963 = DIRECTION ( 'NONE',  ( -0.000000000000000000, 1.000000000000000000, -0.000000000000000000 ) ) ;
#2964 = FACE_OUTER_BOUND ( 'NONE', #1411, .T. ) ;
#2965 = DIRECTION ( 'NONE',  ( 1.000000000000000000, 0.000000000000000000, 0.000000000000000000 ) ) ;
#2966 = LINE ( 'NONE', #5557, #1340 ) ;
#2967 = CARTESIAN_POINT ( 'NONE',  ( -15.00000000000000000, -28.93902645193045231, -5.500000000000000000 ) ) ;
#2968 = CARTESIAN_POINT ( 'NONE',  ( -17.00000000000000000, -50.12269074732328278, -3.999999999999998224 ) ) ;
#2969 = ORIENTED_EDGE ( 'NONE', *, *, #4543, .F. ) ;
#2970 = DIRECTION ( 'NONE',  ( -0.000000000000000000, -0.000000000000000000, -1.000000000000000000 ) ) ;
#2971 = DIRECTION ( 'NONE',  ( -1.000000000000000000, 0.000000000000000000, 0.000000000000000000 ) ) ;
#2972 = CARTESIAN_POINT ( 'NONE',  ( 6.000000000000001776, -12.99999999999999467, -6.500000000000007105 ) ) ;
#2973 = DIRECTION ( 'NONE',  ( -1.000000000000000000, 0.000000000000000000, 0.000000000000000000 ) ) ;
#2974 = DIRECTION ( 'NONE',  ( -0.000000000000000000, 0.000000000000000000, -1.000000000000000000 ) ) ;
#2975 = EDGE_LOOP ( 'NONE', ( #2350, #4524 ) ) ;
#2976 = AXIS2_PLACEMENT_3D ( 'NONE', #3429, #2552, #3528 ) ;
#2977 = EDGE_CURVE ( 'NONE', #1464, #5988, #1697, .T. ) ;
#2978 = ORIENTED_EDGE ( 'NONE', *, *, #2719, .F. ) ;
#2979 = ORIENTED_EDGE ( 'NONE', *, *, #3249, .F. ) ;
#2980 = VERTEX_POINT ( 'NONE', #37 ) ;
#2981 = DIRECTION ( 'NONE',  ( 1.000000000000000000, 0.000000000000000000, 0.000000000000000000 ) ) ;
#2982 = DIRECTION ( 'NONE',  ( 0.000000000000000000, 0.000000000000000000, 1.000000000000000000 ) ) ;
#2983 = VECTOR ( 'NONE', #3346, 1000.000000000000000 ) ;
#2984 = LINE ( 'NONE', #1014, #3386 ) ;
#2985 = CARTESIAN_POINT ( 'NONE',  ( -17.00000000000000000, -31.22269074732326288, 7.000000000000000000 ) ) ;
#2986 = LINE ( 'NONE', #2519, #4730 ) ;
#2987 = EDGE_CURVE ( 'NONE', #3579, #3320, #2752, .T. ) ;
#2988 = VECTOR ( 'NONE', #2621, 1000.000000000000000 ) ;
#2989 = ORIENTED_EDGE ( 'NONE', *, *, #5794, .F. ) ;
#2990 = ORIENTED_EDGE ( 'NONE', *, *, #6634, .F. ) ;
#2991 = AXIS2_PLACEMENT_3D ( 'NONE', #1649, #4780, #5193 ) ;
#2992 = CARTESIAN_POINT ( 'NONE',  ( -9.758431805000897796, -47.66591431104029652, -5.500000000000000000 ) ) ;
#2993 = FACE_OUTER_BOUND ( 'NONE', #2739, .T. ) ;
#2994 = VECTOR ( 'NONE', #4611, 1000.000000000000000 ) ;
#2995 = VERTEX_POINT ( 'NONE', #640 ) ;
#2996 = EDGE_CURVE ( 'NONE', #3358, #6681, #5501, .T. ) ;
#2997 = VERTEX_POINT ( 'NONE', #2658 ) ;
#2998 = ORIENTED_EDGE ( 'NONE', *, *, #3586, .F. ) ;
#2999 = DIRECTION ( 'NONE',  ( -0.000000000000000000, -0.000000000000000000, -1.000000000000000000 ) ) ;
#3000 = CARTESIAN_POINT ( 'NONE',  ( -8.000000000000000000, 37.74406644123207144, -4.000000000000000000 ) ) ;
#3001 = FACE_OUTER_BOUND ( 'NONE', #1342, .T. ) ;
#3002 = DIRECTION ( 'NONE',  ( -0.000000000000000000, 0.000000000000000000, 1.000000000000000000 ) ) ;
#3003 = VECTOR ( 'NONE', #5744, 1000.000000000000000 ) ;
#3004 = ORIENTED_EDGE ( 'NONE', *, *, #3074, .T. ) ;
#3005 = VECTOR ( 'NONE', #1437, 1000.000000000000000 ) ;
#3006 = EDGE_CURVE ( 'NONE', #3735, #3381, #6664, .T. ) ;
#3007 = CARTESIAN_POINT ( 'NONE',  ( -23.59487539711820858, 8.300000000000002487, -1.000000000000000000 ) ) ;
#3008 = AXIS2_PLACEMENT_3D ( 'NONE', #896, #2370, #318 ) ;
#3009 = AXIS2_PLACEMENT_3D ( 'NONE', #2546, #2982, #3493 ) ;
#3010 = CARTESIAN_POINT ( 'NONE',  ( -9.201621598881114750, -47.20429675575855555, -5.242165508701332577 ) ) ;
#3011 = AXIS2_PLACEMENT_3D ( 'NONE', #1394, #3949, #3467 ) ;
#3012 = DIRECTION ( 'NONE',  ( 0.7071067811865422437, 1.350123544950495615E-16, -0.7071067811865529018 ) ) ;
#3013 = LINE ( 'NONE', #5097, #846 ) ;
#3014 = DIRECTION ( 'NONE',  ( -1.000000000000000000, 0.000000000000000000, 0.000000000000000000 ) ) ;
#3015 = CIRCLE ( 'NONE', #3666, 1.599999999999997202 ) ;
#3016 = EDGE_LOOP ( 'NONE', ( #5230, #1449 ) ) ;
#3017 = VECTOR ( 'NONE', #1759, 1000.000000000000000 ) ;
#3018 = AXIS2_PLACEMENT_3D ( 'NONE', #5819, #2282, #1766 ) ;
#3019 = ORIENTED_EDGE ( 'NONE', *, *, #985, .T. ) ;
#3020 = VERTEX_POINT ( 'NONE', #5820 ) ;
#3021 = VERTEX_POINT ( 'NONE', #2187 ) ;
#3022 = DIRECTION ( 'NONE',  ( -0.000000000000000000, -0.000000000000000000, -1.000000000000000000 ) ) ;
#3023 = CARTESIAN_POINT ( 'NONE',  ( -16.00000000000000000, 16.85000000000000142, -1.000000000000000000 ) ) ;
#3024 = EDGE_CURVE ( 'NONE', #5722, #4852, #107, .T. ) ;
#3025 = DIRECTION ( 'NONE',  ( 1.000000000000000000, 2.312964634635742464E-16, -0.000000000000000000 ) ) ;
#3026 = CARTESIAN_POINT ( 'NONE',  ( -27.96285684503430602, -6.175863910285076308, -5.500000000000000000 ) ) ;
#3027 = VERTEX_POINT ( 'NONE', #2155 ) ;
#3028 = EDGE_LOOP ( 'NONE', ( #4987, #104 ) ) ;
#3029 = DIRECTION ( 'NONE',  ( 1.000000000000000000, 0.000000000000000000, 0.000000000000000000 ) ) ;
#3030 = LINE ( 'NONE', #956, #3704 ) ;
#3031 = ADVANCED_FACE ( 'NONE', ( #4189 ), #4227, .T. ) ;
#3032 = VERTEX_POINT ( 'NONE', #546 ) ;
#3033 = ORIENTED_EDGE ( 'NONE', *, *, #4376, .T. ) ;
#3034 = VERTEX_POINT ( 'NONE', #3259 ) ;
#3035 = DIRECTION ( 'NONE',  ( -0.000000000000000000, 1.000000000000000000, 0.000000000000000000 ) ) ;
#3036 = DIRECTION ( 'NONE',  ( -0.000000000000000000, -0.000000000000000000, -1.000000000000000000 ) ) ;
#3037 = PLANE ( 'NONE',  #4513 ) ;
#3038 = EDGE_CURVE ( 'NONE', #1009, #5355, #6334, .T. ) ;
#3039 = ORIENTED_EDGE ( 'NONE', *, *, #966, .T. ) ;
#3040 = LINE ( 'NONE', #4234, #5732 ) ;
#3041 = CARTESIAN_POINT ( 'NONE',  ( 10.39129341151854469, -27.00000000000000000, -5.500000000000000000 ) ) ;
#3042 = CARTESIAN_POINT ( 'NONE',  ( 23.59487539711820858, 0.000000000000000000, -5.500000000000000000 ) ) ;
#3043 = CARTESIAN_POINT ( 'NONE',  ( -35.19487539711821000, 6.184466335694134054E-16, -5.000000000000000000 ) ) ;
#3044 = FACE_OUTER_BOUND ( 'NONE', #5260, .T. ) ;
#3045 = EDGE_CURVE ( 'NONE', #4937, #1633, #1147, .T. ) ;
#3046 = ADVANCED_FACE ( 'NONE', ( #1213 ), #1702, .F. ) ;
#3047 = ORIENTED_EDGE ( 'NONE', *, *, #1756, .F. ) ;
#3048 = VECTOR ( 'NONE', #4765, 1000.000000000000000 ) ;
#3049 = ORIENTED_EDGE ( 'NONE', *, *, #2211, .T. ) ;
#3050 = FACE_OUTER_BOUND ( 'NONE', #6478, .T. ) ;
#3051 = VERTEX_POINT ( 'NONE', #2630 ) ;
#3052 = CIRCLE ( 'NONE', #5121, 2.000000000000000000 ) ;
#3053 = DIRECTION ( 'NONE',  ( -0.000000000000000000, -0.000000000000000000, 1.000000000000000000 ) ) ;
#3054 = DIRECTION ( 'NONE',  ( 1.000000000000000000, 0.000000000000000000, 0.000000000000000000 ) ) ;
#3055 = DIRECTION ( 'NONE',  ( -1.909363028148246276E-16, 1.000000000000000000, -0.000000000000000000 ) ) ;
#3056 = DIRECTION ( 'NONE',  ( -1.000000000000000000, -0.000000000000000000, -0.000000000000000000 ) ) ;
#3057 = DIRECTION ( 'NONE',  ( -0.000000000000000000, -0.000000000000000000, 1.000000000000000000 ) ) ;
#3058 = CARTESIAN_POINT ( 'NONE',  ( -9.450000000000002842, 16.85000000000000142, -1.000000000000000000 ) ) ;
#3059 = VECTOR ( 'NONE', #4622, 1000.000000000000000 ) ;
#3060 = EDGE_LOOP ( 'NONE', ( #5232, #2729, #743, #2750 ) ) ;
#3061 = EDGE_LOOP ( 'NONE', ( #3466, #1284, #3811, #1822 ) ) ;
#3062 = CARTESIAN_POINT ( 'NONE',  ( -9.450000000000002842, 19.24406644123207499, -5.500000000000000000 ) ) ;
#3063 = CARTESIAN_POINT ( 'NONE',  ( 6.600000000000002309, 29.74406644123207144, 7.000000000000000000 ) ) ;
#3064 = CIRCLE ( 'NONE', #6108, 1.899999999999999023 ) ;
#3065 = ORIENTED_EDGE ( 'NONE', *, *, #4710, .T. ) ;
#3066 = ORIENTED_EDGE ( 'NONE', *, *, #4964, .F. ) ;
#3067 = EDGE_CURVE ( 'NONE', #4348, #5190, #6273, .T. ) ;
#3068 = VERTEX_POINT ( 'NONE', #1605 ) ;
#3069 = LINE ( 'NONE', #5148, #2631 ) ;
#3070 = LINE ( 'NONE', #1959, #6383 ) ;
#3071 = FACE_OUTER_BOUND ( 'NONE', #209, .T. ) ;
#3072 = ORIENTED_EDGE ( 'NONE', *, *, #2616, .T. ) ;
#3073 = DIRECTION ( 'NONE',  ( -0.000000000000000000, -0.000000000000000000, 1.000000000000000000 ) ) ;
#3074 = EDGE_CURVE ( 'NONE', #3027, #1448, #3679, .T. ) ;
#3075 = CARTESIAN_POINT ( 'NONE',  ( -30.14487539711820929, 0.000000000000000000, -5.000000000000000000 ) ) ;
#3076 = DIRECTION ( 'NONE',  ( 0.000000000000000000, -1.000000000000000000, 0.000000000000000000 ) ) ;
#3077 = CARTESIAN_POINT ( 'NONE',  ( 7.999999999999803713, 27.09831513016748872, -4.000000000000000000 ) ) ;
#3078 = CARTESIAN_POINT ( 'NONE',  ( 7.500000000000000000, -24.00000000000000000, -5.500000000000000000 ) ) ;
#3079 = ORIENTED_EDGE ( 'NONE', *, *, #5250, .F. ) ;
#3080 = ADVANCED_FACE ( 'NONE', ( #4829 ), #6406, .F. ) ;
#3081 = EDGE_LOOP ( 'NONE', ( #3298, #2626, #1427, #1189 ) ) ;
#3082 = EDGE_CURVE ( 'NONE', #3331, #1833, #5243, .T. ) ;
#3083 = ORIENTED_EDGE ( 'NONE', *, *, #6511, .F. ) ;
#3084 = ORIENTED_EDGE ( 'NONE', *, *, #1148, .F. ) ;
#3085 = LINE ( 'NONE', #2681, #3999 ) ;
#3086 = CARTESIAN_POINT ( 'NONE',  ( 12.59948129362288682, -49.23943240070877181, -5.244056263466953638 ) ) ;
#3087 = DIRECTION ( 'NONE',  ( -0.7071067811865423547, 8.659560562354869996E-17, 0.7071067811865526798 ) ) ;
#3088 = DIRECTION ( 'NONE',  ( -0.000000000000000000, -0.000000000000000000, 1.000000000000000000 ) ) ;
#3089 = AXIS2_PLACEMENT_3D ( 'NONE', #6513, #5139, #2953 ) ;
#3090 = AXIS2_PLACEMENT_3D ( 'NONE', #6628, #4469, #1852 ) ;
#3091 = CARTESIAN_POINT ( 'NONE',  ( -3.850000000000004086, -12.99999999999999467, -6.500000000000005329 ) ) ;
#3092 = ADVANCED_FACE ( 'NONE', ( #5440, #770 ), #2283, .T. ) ;
#3093 = ORIENTED_EDGE ( 'NONE', *, *, #3364, .T. ) ;
#3094 = ORIENTED_EDGE ( 'NONE', *, *, #664, .F. ) ;
#3095 = CIRCLE ( 'NONE', #3308, 1.599999999999997202 ) ;
#3096 = DIRECTION ( 'NONE',  ( 1.000000000000000000, 1.734723475976807587E-16, 0.000000000000000000 ) ) ;
#3097 = FACE_OUTER_BOUND ( 'NONE', #723, .T. ) ;
#3098 = EDGE_LOOP ( 'NONE', ( #327, #4269, #5035, #5119 ) ) ;
#3099 = CIRCLE ( 'NONE', #5273, 5.499999999999998224 ) ;
#3100 = VECTOR ( 'NONE', #6051, 1000.000000000000000 ) ;
#3101 = ORIENTED_EDGE ( 'NONE', *, *, #1713, .F. ) ;
#3102 = ORIENTED_EDGE ( 'NONE', *, *, #2337, .F. ) ;
#3103 = CARTESIAN_POINT ( 'NONE',  ( -13.00000000000000178, -43.22269074732326999, 3.799999999999999822 ) ) ;
#3104 = VECTOR ( 'NONE', #2171, 1000.000000000000000 ) ;
#3105 = DIRECTION ( 'NONE',  ( 1.000000000000000000, 0.000000000000000000, 0.000000000000000000 ) ) ;
#3106 = DIRECTION ( 'NONE',  ( -0.7372773368101210867, -0.6755902076156634628, 0.000000000000000000 ) ) ;
#3107 = CIRCLE ( 'NONE', #2976, 4.000000000000000000 ) ;
#3108 = ORIENTED_EDGE ( 'NONE', *, *, #5115, .F. ) ;
#3109 = ADVANCED_FACE ( 'NONE', ( #803 ), #6469, .F. ) ;
#3110 = LINE ( 'NONE', #5191, #1051 ) ;
#3111 = DIRECTION ( 'NONE',  ( 0.000000000000000000, 0.000000000000000000, 1.000000000000000000 ) ) ;
#3112 = VECTOR ( 'NONE', #2504, 1000.000000000000000 ) ;
#3113 = DIRECTION ( 'NONE',  ( -1.615063890455122697E-16, 1.000000000000000000, -0.000000000000000000 ) ) ;
#3114 = LINE ( 'NONE', #5289, #1812 ) ;
#3115 = DIRECTION ( 'NONE',  ( 1.000000000000000000, -4.336808689942017120E-17, -0.000000000000000000 ) ) ;
#3116 = CIRCLE ( 'NONE', #4641, 2.000000000000000000 ) ;
#3117 = ORIENTED_EDGE ( 'NONE', *, *, #2309, .F. ) ;
#3118 = EDGE_CURVE ( 'NONE', #4894, #2555, #700, .T. ) ;
#3119 = CIRCLE ( 'NONE', #6392, 1.600000000000004086 ) ;
#3120 = B_SPLINE_CURVE_WITH_KNOTS ( 'NONE', 3,
 ( #3216, #2106, #2206, #3694, #4658, #4720, #3248, #57, #1039, #6745, #6357, #1073, #3124, #96 ),
 .UNSPECIFIED., .F., .F.,
 ( 4, 2, 2, 2, 2, 2, 4 ),
 ( 3.878959614448864246E-18, 0.0005722894978506980809, 0.001144578995701392259, 0.001430723744626732517, 0.001716868493552072775, 0.002003013242477412817, 0.002289157991402753292 ),
 .UNSPECIFIED. ) ;
#3121 = VECTOR ( 'NONE', #1335, 1000.000000000000000 ) ;
#3122 = CIRCLE ( 'NONE', #3229, 10.00000000000000000 ) ;
#3123 = VERTEX_POINT ( 'NONE', #6572 ) ;
#3124 = CARTESIAN_POINT ( 'NONE',  ( 8.676806735756555256, -46.62269074732329699, -4.096801519521479307 ) ) ;
#3125 = EDGE_LOOP ( 'NONE', ( #850, #5164 ) ) ;
#3126 = CARTESIAN_POINT ( 'NONE',  ( -15.00000000000000000, -28.93902645193045231, -5.500000000000000000 ) ) ;
#3127 = CARTESIAN_POINT ( 'NONE',  ( 13.00000000000017586, -28.93902645193041323, -5.500000000000000000 ) ) ;
#3128 = LINE ( 'NONE', #4663, #4948 ) ;
#3129 = AXIS2_PLACEMENT_3D ( 'NONE', #2303, #688, #3861 ) ;
#3130 = CYLINDRICAL_SURFACE ( 'NONE', #5991, 2.000000000000001776 ) ;
#3131 = EDGE_CURVE ( 'NONE', #6247, #5491, #6541, .T. ) ;
#3132 = AXIS2_PLACEMENT_3D ( 'NONE', #697, #4226, #2785 ) ;
#3133 = DIRECTION ( 'NONE',  ( -0.000000000000000000, -0.000000000000000000, -1.000000000000000000 ) ) ;
#3134 = VERTEX_POINT ( 'NONE', #2854 ) ;
#3135 = VERTEX_POINT ( 'NONE', #3943 ) ;
#3136 = PLANE ( 'NONE',  #405 ) ;
#3137 = DIRECTION ( 'NONE',  ( -0.000000000000000000, -0.000000000000000000, 1.000000000000000000 ) ) ;
#3138 = EDGE_CURVE ( 'NONE', #684, #2554, #2346, .T. ) ;
#3139 = ADVANCED_FACE ( 'NONE', ( #235 ), #1762, .F. ) ;
#3140 = ORIENTED_EDGE ( 'NONE', *, *, #2060, .F. ) ;
#3141 = ORIENTED_EDGE ( 'NONE', *, *, #2987, .T. ) ;
#3142 = LINE ( 'NONE', #5218, #2945 ) ;
#3143 = DIRECTION ( 'NONE',  ( -0.000000000000000000, -0.000000000000000000, 1.000000000000000000 ) ) ;
#3144 = CARTESIAN_POINT ( 'NONE',  ( -10.39129341151836705, -24.00000000000000000, -5.500000000000000000 ) ) ;
#3145 = VERTEX_POINT ( 'NONE', #1870 ) ;
#3146 = CARTESIAN_POINT ( 'NONE',  ( 21.49999999999983302, 24.22277336810119763, -4.000000000000000000 ) ) ;
#3147 = DIRECTION ( 'NONE',  ( 1.000000000000000000, 6.736790197968181773E-15, 0.000000000000000000 ) ) ;
#3148 = DIRECTION ( 'NONE',  ( -0.000000000000000000, -0.000000000000000000, -1.000000000000000000 ) ) ;
#3149 = CARTESIAN_POINT ( 'NONE',  ( -12.86269375963604844, -49.72087634779288834, -3.426467035942018846 ) ) ;
#3150 = CARTESIAN_POINT ( 'NONE',  ( -21.00000000000000000, 11.00000000000000000, -6.000000000000000000 ) ) ;
#3151 = ORIENTED_EDGE ( 'NONE', *, *, #5434, .T. ) ;
#3152 = ORIENTED_EDGE ( 'NONE', *, *, #5272, .F. ) ;
#3153 = ADVANCED_FACE ( 'NONE', ( #739 ), #1281, .F. ) ;
#3154 = ORIENTED_EDGE ( 'NONE', *, *, #5396, .T. ) ;
#3155 = CARTESIAN_POINT ( 'NONE',  ( 26.00000000000000000, 9.999999999999998224, -7.000000000000000000 ) ) ;
#3156 = CARTESIAN_POINT ( 'NONE',  ( 11.10000000000000142, -43.22269074732326999, 3.799999999999999822 ) ) ;
#3157 = CARTESIAN_POINT ( 'NONE',  ( 1.000000000000000000, 29.74406644123207144, 7.000000000000000000 ) ) ;
#3158 = FACE_OUTER_BOUND ( 'NONE', #3028, .T. ) ;
#3159 = CARTESIAN_POINT ( 'NONE',  ( 11.53333333333333321, -48.52352925541695328, -2.428536926285584041 ) ) ;
#3160 = ORIENTED_EDGE ( 'NONE', *, *, #6511, .T. ) ;
#3161 = VECTOR ( 'NONE', #5433, 1000.000000000000000 ) ;
#3162 = ORIENTED_EDGE ( 'NONE', *, *, #1115, .F. ) ;
#3163 = EDGE_CURVE ( 'NONE', #4894, #4482, #2920, .T. ) ;
#3164 = CARTESIAN_POINT ( 'NONE',  ( -10.39129341151836705, -27.00000000000000000, 7.000000000000000888 ) ) ;
#3165 = DIRECTION ( 'NONE',  ( -1.000000000000000000, 0.000000000000000000, 0.000000000000000000 ) ) ;
#3166 = CIRCLE ( 'NONE', #1307, 3.979999999999997318 ) ;
#3167 = EDGE_LOOP ( 'NONE', ( #1536, #5082, #1626, #3741, #1505, #2317, #24, #1035 ) ) ;
#3168 = ORIENTED_EDGE ( 'NONE', *, *, #4732, .T. ) ;
#3169 = EDGE_CURVE ( 'NONE', #511, #676, #3325, .T. ) ;
#3170 = ADVANCED_FACE ( 'NONE', ( #4352 ), #2822, .F. ) ;
#3171 = CYLINDRICAL_SURFACE ( 'NONE', #6219, 10.00000000000000000 ) ;
#3172 = AXIS2_PLACEMENT_3D ( 'NONE', #4182, #2180, #1140 ) ;
#3173 = CIRCLE ( 'NONE', #6654, 4.000000000000000000 ) ;
#3174 = CARTESIAN_POINT ( 'NONE',  ( -17.00000000000000000, -31.22269074732326288, -7.000000000000000000 ) ) ;
#3175 = ORIENTED_EDGE ( 'NONE', *, *, #2541, .F. ) ;
#3176 = CARTESIAN_POINT ( 'NONE',  ( -16.00000000000000000, 16.85000000000000142, -5.000000000000000000 ) ) ;
#3177 = CARTESIAN_POINT ( 'NONE',  ( -37.80531982830802207, -6.427876096865347222, -7.000000000000000000 ) ) ;
#3178 = DIRECTION ( 'NONE',  ( 1.000000000000000000, 0.000000000000000000, 0.000000000000000000 ) ) ;
#3179 = CARTESIAN_POINT ( 'NONE',  ( -12.82097160723046514, -49.62229624112515580, -3.216032771070628016 ) ) ;
#3180 = CARTESIAN_POINT ( 'NONE',  ( -13.00000000000000000, -28.93902645193045231, 6.999999999999999112 ) ) ;
#3181 = VERTEX_POINT ( 'NONE', #5510 ) ;
#3182 = ORIENTED_EDGE ( 'NONE', *, *, #1070, .F. ) ;
#3183 = CARTESIAN_POINT ( 'NONE',  ( -13.00000000000000355, -48.72269074732326288, -5.500000000000000000 ) ) ;
#3184 = ORIENTED_EDGE ( 'NONE', *, *, #5986, .T. ) ;
#3185 = DIRECTION ( 'NONE',  ( -1.909363028148246276E-16, 1.000000000000000000, -0.000000000000000000 ) ) ;
#3186 = CARTESIAN_POINT ( 'NONE',  ( -13.00000000000000178, -43.22269074732326999, 9.000000000000001776 ) ) ;
#3187 = DIRECTION ( 'NONE',  ( 0.000000000000000000, 0.000000000000000000, -1.000000000000000000 ) ) ;
#3188 = FACE_OUTER_BOUND ( 'NONE', #3295, .T. ) ;
#3189 = EDGE_CURVE ( 'NONE', #443, #1998, #3489, .T. ) ;
#3190 = CARTESIAN_POINT ( 'NONE',  ( 8.676806735756560585, -46.62269074732328278, -3.819909632818731637 ) ) ;
#3191 = ORIENTED_EDGE ( 'NONE', *, *, #2674, .F. ) ;
#3192 = EDGE_LOOP ( 'NONE', ( #6576, #4854, #4228, #2442, #202, #326 ) ) ;
#3193 = DIRECTION ( 'NONE',  ( -1.000000000000000000, 0.000000000000000000, 0.000000000000000000 ) ) ;
#3194 = DIRECTION ( 'NONE',  ( 1.000000000000000000, 0.000000000000000000, 0.000000000000000000 ) ) ;
#3195 = CIRCLE ( 'NONE', #6466, 2.000000000000000000 ) ;
#3196 = EDGE_CURVE ( 'NONE', #6192, #1832, #299, .T. ) ;
#3197 = ORIENTED_EDGE ( 'NONE', *, *, #5949, .T. ) ;
#3198 = ORIENTED_EDGE ( 'NONE', *, *, #4460, .T. ) ;
#3199 = CARTESIAN_POINT ( 'NONE',  ( -7.500000000000005329, -56.22269074732326999, -7.000000000000000000 ) ) ;
#3200 = CARTESIAN_POINT ( 'NONE',  ( -8.000000000000000000, 27.09831513016748161, -1.000000000000000000 ) ) ;
#3201 = AXIS2_PLACEMENT_3D ( 'NONE', #754, #5456, #2365 ) ;
#3202 = ORIENTED_EDGE ( 'NONE', *, *, #6512, .F. ) ;
#3203 = EDGE_CURVE ( 'NONE', #2580, #161, #5919, .T. ) ;
#3204 = PLANE ( 'NONE',  #1257 ) ;
#3205 = VECTOR ( 'NONE', #4165, 1000.000000000000000 ) ;
#3206 = LINE ( 'NONE', #1162, #2880 ) ;
#3207 = FACE_OUTER_BOUND ( 'NONE', #4155, .T. ) ;
#3208 = DIRECTION ( 'NONE',  ( -0.000000000000000000, -0.000000000000000000, 1.000000000000000000 ) ) ;
#3209 = CYLINDRICAL_SURFACE ( 'NONE', #6277, 2.000000000000000000 ) ;
#3210 = CARTESIAN_POINT ( 'NONE',  ( -8.724305499203444114, -46.68242878350299208, -3.558266735787681601 ) ) ;
#3211 = ORIENTED_EDGE ( 'NONE', *, *, #4160, .T. ) ;
#3212 = CIRCLE ( 'NONE', #1800, 10.00000000000000178 ) ;
#3213 = ADVANCED_FACE ( 'NONE', ( #3908 ), #1346, .T. ) ;
#3214 = ORIENTED_EDGE ( 'NONE', *, *, #795, .F. ) ;
#3215 = AXIS2_PLACEMENT_3D ( 'NONE', #2643, #4713, #5195 ) ;
#3216 = CARTESIAN_POINT ( 'NONE',  ( 9.758431805000896020, -47.66591431104029652, -5.500000000000000000 ) ) ;
#3217 = ORIENTED_EDGE ( 'NONE', *, *, #2497, .T. ) ;
#3218 = DIRECTION ( 'NONE',  ( 0.000000000000000000, 0.000000000000000000, 1.000000000000000000 ) ) ;
#3219 = CARTESIAN_POINT ( 'NONE',  ( -3.399999999999999023, 29.74406644123207144, 3.799999999999999822 ) ) ;
#3220 = CARTESIAN_POINT ( 'NONE',  ( -17.00000000000000000, -35.99427459992278244, -1.000000000000000000 ) ) ;
#3221 = CARTESIAN_POINT ( 'NONE',  ( 27.99999999999999645, 11.99999999999999822, 7.000000000000000000 ) ) ;
#3222 = CIRCLE ( 'NONE', #3551, 1.600000000000001643 ) ;
#3223 = EDGE_LOOP ( 'NONE', ( #5415, #2207, #6325, #4307 ) ) ;
#3224 = AXIS2_PLACEMENT_3D ( 'NONE', #756, #2843, #4916 ) ;
#3225 = EDGE_LOOP ( 'NONE', ( #190, #3843, #6072, #75 ) ) ;
#3226 = CIRCLE ( 'NONE', #2800, 2.999999999999999112 ) ;
#3227 = CARTESIAN_POINT ( 'NONE',  ( 4.999999999999798383, 29.74406644123207144, -4.000000000000000000 ) ) ;
#3228 = EDGE_CURVE ( 'NONE', #5855, #3969, #847, .T. ) ;
#3229 = AXIS2_PLACEMENT_3D ( 'NONE', #2054, #575, #1458 ) ;
#3230 = CARTESIAN_POINT ( 'NONE',  ( -2.081668171172168513E-14, 21.24406644123207144, 6.999999999999999112 ) ) ;
#3231 = VECTOR ( 'NONE', #1689, 1000.000000000000000 ) ;
#3232 = ORIENTED_EDGE ( 'NONE', *, *, #2796, .T. ) ;
#3233 = ORIENTED_EDGE ( 'NONE', *, *, #2096, .F. ) ;
#3234 = LINE ( 'NONE', #1673, #5993 ) ;
#3235 = EDGE_CURVE ( 'NONE', #4046, #903, #2196, .T. ) ;
#3236 = CARTESIAN_POINT ( 'NONE',  ( 16.00000000000000000, 16.85000000000000142, -7.000000000000000000 ) ) ;
#3237 = ORIENTED_EDGE ( 'NONE', *, *, #3169, .T. ) ;
#3238 = CARTESIAN_POINT ( 'NONE',  ( -16.20000000000000284, -43.22269074732326999, 7.000000000000000000 ) ) ;
#3239 = DIRECTION ( 'NONE',  ( 1.000000000000000000, 0.000000000000000000, 0.000000000000000000 ) ) ;
#3240 = LINE ( 'NONE', #6386, #2762 ) ;
#3241 = EDGE_CURVE ( 'NONE', #1867, #4514, #2984, .T. ) ;
#3242 = CARTESIAN_POINT ( 'NONE',  ( 13.15651736460752375, -28.16341587115827139, -5.500000000000000000 ) ) ;
#3243 = DIRECTION ( 'NONE',  ( 1.000000000000000000, 0.000000000000000000, 0.000000000000000000 ) ) ;
#3244 = CARTESIAN_POINT ( 'NONE',  ( 13.39129341151854291, -27.00000000000000000, -5.500000000000000000 ) ) ;
#3245 = ORIENTED_EDGE ( 'NONE', *, *, #2467, .F. ) ;
#3246 = CARTESIAN_POINT ( 'NONE',  ( -13.00000000000000178, -35.99427459992278244, -1.000000000000000000 ) ) ;
#3247 = ORIENTED_EDGE ( 'NONE', *, *, #2412, .F. ) ;
#3248 = CARTESIAN_POINT ( 'NONE',  ( 8.893987274525676057, -46.88248654877161670, -4.878429931546921949 ) ) ;
#3249 = EDGE_CURVE ( 'NONE', #3181, #1731, #875, .T. ) ;
#3250 = EDGE_LOOP ( 'NONE', ( #3389, #95, #4600, #3387 ) ) ;
#3251 = EDGE_CURVE ( 'NONE', #2602, #5445, #6163, .T. ) ;
#3252 = PLANE ( 'NONE',  #192 ) ;
#3253 = CARTESIAN_POINT ( 'NONE',  ( -3.305443769227874196, 19.24406644123207144, 6.455443769227855455 ) ) ;
#3254 = PLANE ( 'NONE',  #490 ) ;
#3255 = CARTESIAN_POINT ( 'NONE',  ( -21.05000000000000071, 16.85000000000000142, -1.000000000000000000 ) ) ;
#3256 = ORIENTED_EDGE ( 'NONE', *, *, #4745, .F. ) ;
#3257 = VERTEX_POINT ( 'NONE', #979 ) ;
#3258 = DIRECTION ( 'NONE',  ( -1.000000000000000000, 0.000000000000000000, 0.000000000000000000 ) ) ;
#3259 = CARTESIAN_POINT ( 'NONE',  ( -13.00000000000000355, -54.22269074732326999, -5.500000000000000000 ) ) ;
#3260 = VECTOR ( 'NONE', #4695, 1000.000000000000000 ) ;
#3261 = DIRECTION ( 'NONE',  ( -0.000000000000000000, -0.000000000000000000, -1.000000000000000000 ) ) ;
#3262 = ORIENTED_EDGE ( 'NONE', *, *, #6712, .T. ) ;
#3263 = VERTEX_POINT ( 'NONE', #3494 ) ;
#3264 = DIRECTION ( 'NONE',  ( -0.000000000000000000, -0.000000000000000000, -1.000000000000000000 ) ) ;
#3265 = CARTESIAN_POINT ( 'NONE',  ( -26.26794919243111437, 11.00000000000000355, 7.000000000000000000 ) ) ;
#3266 = AXIS2_PLACEMENT_3D ( 'NONE', #674, #3844, #2759 ) ;
#3267 = ORIENTED_EDGE ( 'NONE', *, *, #6500, .F. ) ;
#3268 = EDGE_CURVE ( 'NONE', #441, #3606, #3929, .T. ) ;
#3269 = CARTESIAN_POINT ( 'NONE',  ( -20.72901885141141776, -19.00000000000000711, -5.500000000000000000 ) ) ;
#3270 = VECTOR ( 'NONE', #6066, 1000.000000000000000 ) ;
#3271 = CARTESIAN_POINT ( 'NONE',  ( 13.00000000000000178, -43.22269074732326999, 3.799999999999999822 ) ) ;
#3272 = DIRECTION ( 'NONE',  ( 1.000000000000000000, 0.000000000000000000, -0.000000000000000000 ) ) ;
#3273 = CARTESIAN_POINT ( 'NONE',  ( -12.88893875609703876, -49.79070386794370506, -4.366081912084426975 ) ) ;
#3274 = LINE ( 'NONE', #4301, #3104 ) ;
#3275 = ORIENTED_EDGE ( 'NONE', *, *, #632, .T. ) ;
#3276 = EDGE_CURVE ( 'NONE', #4849, #5446, #992, .T. ) ;
#3277 = CARTESIAN_POINT ( 'NONE',  ( -27.99999999999999645, 9.999999999999998224, -1.000000000000000000 ) ) ;
#3278 = ORIENTED_EDGE ( 'NONE', *, *, #3450, .F. ) ;
#3279 = CARTESIAN_POINT ( 'NONE',  ( -22.56935410655547258, 11.99999999999999822, -1.000000000000000000 ) ) ;
#3280 = ORIENTED_EDGE ( 'NONE', *, *, #2029, .F. ) ;
#3281 = LINE ( 'NONE', #2238, #3231 ) ;
#3282 = CARTESIAN_POINT ( 'NONE',  ( -6.000000000000001776, -12.99999999999999467, -6.500000000000005329 ) ) ;
#3283 = DIRECTION ( 'NONE',  ( 0.000000000000000000, 0.000000000000000000, 1.000000000000000000 ) ) ;
#3284 = DIRECTION ( 'NONE',  ( 0.000000000000000000, -1.000000000000000000, 0.000000000000000000 ) ) ;
#3285 = EDGE_CURVE ( 'NONE', #10, #4017, #2548, .T. ) ;
#3286 = EDGE_CURVE ( 'NONE', #593, #4015, #6007, .T. ) ;
#3287 = EDGE_LOOP ( 'NONE', ( #2038, #5475, #4400, #2039 ) ) ;
#3288 = ORIENTED_EDGE ( 'NONE', *, *, #6303, .F. ) ;
#3289 = CYLINDRICAL_SURFACE ( 'NONE', #4651, 2.150000000000000355 ) ;
#3290 = DIRECTION ( 'NONE',  ( 0.000000000000000000, -1.000000000000000000, 0.000000000000000000 ) ) ;
#3291 = ADVANCED_FACE ( 'NONE', ( #1492, #5138 ), #438, .F. ) ;
#3292 = CARTESIAN_POINT ( 'NONE',  ( -11.53333333333333499, -48.52352925541694617, -1.000000000000000000 ) ) ;
#3293 = DIRECTION ( 'NONE',  ( -0.000000000000000000, -0.000000000000000000, -1.000000000000000000 ) ) ;
#3294 = ORIENTED_EDGE ( 'NONE', *, *, #4129, .F. ) ;
#3295 = EDGE_LOOP ( 'NONE', ( #2969, #5113, #5885, #4953 ) ) ;
#3296 = DIRECTION ( 'NONE',  ( 1.000000000000000000, 0.000000000000000000, 0.000000000000000000 ) ) ;
#3297 = LINE ( 'NONE', #6280, #6433 ) ;
#3298 = ORIENTED_EDGE ( 'NONE', *, *, #74, .F. ) ;
#3299 = AXIS2_PLACEMENT_3D ( 'NONE', #4468, #3473, #2965 ) ;
#3300 = CARTESIAN_POINT ( 'NONE',  ( -27.99999999999999645, 11.99999999999999822, -1.000000000000000000 ) ) ;
#3301 = CARTESIAN_POINT ( 'NONE',  ( 12.25376715702710406, -48.88869832502986412, -2.543446222057307970 ) ) ;
#3302 = CIRCLE ( 'NONE', #5051, 1.600000000000001643 ) ;
#3303 = CARTESIAN_POINT ( 'NONE',  ( 5.000000000000000888, 29.74406644123207144, -6.000000000000000888 ) ) ;
#3304 = CARTESIAN_POINT ( 'NONE',  ( 25.99999999999991473, 11.99999999999999822, -1.000000000000000000 ) ) ;
#3305 = CARTESIAN_POINT ( 'NONE',  ( 11.00000000000000355, -50.45110689472375043, -5.500000000000000000 ) ) ;
#3306 = EDGE_CURVE ( 'NONE', #4849, #2035, #470, .T. ) ;
#3307 = VERTEX_POINT ( 'NONE', #2592 ) ;
#3308 = AXIS2_PLACEMENT_3D ( 'NONE', #6690, #4644, #925 ) ;
#3309 = DIRECTION ( 'NONE',  ( 0.6427876096865279276, 0.7660444431189875614, -0.000000000000000000 ) ) ;
#3310 = VECTOR ( 'NONE', #5495, 1000.000000000000000 ) ;
#3311 = ORIENTED_EDGE ( 'NONE', *, *, #4587, .F. ) ;
#3312 = CARTESIAN_POINT ( 'NONE',  ( 13.00000000000000178, -43.22269074732326999, 3.799999999999999822 ) ) ;
#3313 = ORIENTED_EDGE ( 'NONE', *, *, #5960, .F. ) ;
#3314 = CARTESIAN_POINT ( 'NONE',  ( 23.59487539711813753, 10.30000000000000249, -1.000000000000000000 ) ) ;
#3315 = FACE_OUTER_BOUND ( 'NONE', #2743, .T. ) ;
#3316 = DIRECTION ( 'NONE',  ( -1.000000000000000000, -1.734723475976807587E-16, -0.000000000000000000 ) ) ;
#3317 = EDGE_CURVE ( 'NONE', #396, #6311, #908, .T. ) ;
#3318 = AXIS2_PLACEMENT_3D ( 'NONE', #837, #4042, #6091 ) ;
#3319 = LINE ( 'NONE', #3355, #3161 ) ;
#3320 = VERTEX_POINT ( 'NONE', #4121 ) ;
#3321 = ORIENTED_EDGE ( 'NONE', *, *, #5265, .T. ) ;
#3322 = CARTESIAN_POINT ( 'NONE',  ( -11.53333333333333499, -48.52352925541694617, -2.428536926285582265 ) ) ;
#3323 = EDGE_CURVE ( 'NONE', #5658, #213, #6100, .T. ) ;
#3324 = AXIS2_PLACEMENT_3D ( 'NONE', #2169, #679, #719 ) ;
#3325 = LINE ( 'NONE', #1799, #2410 ) ;
#3326 = AXIS2_PLACEMENT_3D ( 'NONE', #4041, #3483, #390 ) ;
#3327 = AXIS2_PLACEMENT_3D ( 'NONE', #2195, #3816, #2266 ) ;
#3328 = CARTESIAN_POINT ( 'NONE',  ( -22.56935410655547258, 11.99999999999999822, -4.000000000000000000 ) ) ;
#3329 = DIRECTION ( 'NONE',  ( 0.000000000000000000, 0.000000000000000000, 1.000000000000000000 ) ) ;
#3330 = CIRCLE ( 'NONE', #610, 1.899999999999999023 ) ;
#3331 = VERTEX_POINT ( 'NONE', #5577 ) ;
#3332 = ORIENTED_EDGE ( 'NONE', *, *, #4703, .T. ) ;
#3333 = VECTOR ( 'NONE', #1667, 1000.000000000000000 ) ;
#3334 = LINE ( 'NONE', #176, #2193 ) ;
#3335 = EDGE_CURVE ( 'NONE', #5151, #260, #3602, .T. ) ;
#3336 = EDGE_CURVE ( 'NONE', #2609, #2056, #6550, .T. ) ;
#3337 = VECTOR ( 'NONE', #2833, 1000.000000000000000 ) ;
#3338 = FACE_OUTER_BOUND ( 'NONE', #4252, .T. ) ;
#3339 = CIRCLE ( 'NONE', #4865, 5.049999999999998934 ) ;
#3340 = EDGE_LOOP ( 'NONE', ( #5516, #6577 ) ) ;
#3341 = VECTOR ( 'NONE', #3870, 1000.000000000000000 ) ;
#3342 = CARTESIAN_POINT ( 'NONE',  ( 23.59487539711815174, 8.300000000000014921, -1.000000000000000000 ) ) ;
#3343 = CARTESIAN_POINT ( 'NONE',  ( 12.79275485817915303, -49.56111307266397148, -3.116118602953296790 ) ) ;
#3344 = DIRECTION ( 'NONE',  ( -1.000000000000000000, 0.000000000000000000, 0.000000000000000000 ) ) ;
#3345 = CARTESIAN_POINT ( 'NONE',  ( -12.54480119579355524, -49.17819346658484392, -5.285472699411325692 ) ) ;
#3346 = DIRECTION ( 'NONE',  ( 7.842489191147648560E-15, -1.000000000000000000, 0.000000000000000000 ) ) ;
#3347 = ORIENTED_EDGE ( 'NONE', *, *, #5029, .T. ) ;
#3348 = DIRECTION ( 'NONE',  ( -0.000000000000000000, -0.000000000000000000, -1.000000000000000000 ) ) ;
#3349 = EDGE_CURVE ( 'NONE', #6519, #2331, #5020, .T. ) ;
#3350 = EDGE_LOOP ( 'NONE', ( #2086, #6019 ) ) ;
#3351 = CARTESIAN_POINT ( 'NONE',  ( 16.00000000000000000, 16.85000000000000142, -6.000000000000000000 ) ) ;
#3352 = FACE_OUTER_BOUND ( 'NONE', #2813, .T. ) ;
#3353 = DIRECTION ( 'NONE',  ( 0.000000000000000000, 0.000000000000000000, 1.000000000000000000 ) ) ;
#3354 = DIRECTION ( 'NONE',  ( 0.000000000000000000, 0.000000000000000000, 1.000000000000000000 ) ) ;
#3355 = CARTESIAN_POINT ( 'NONE',  ( -3.850000000000012967, 2.220446049250313081E-13, 7.000000000000000000 ) ) ;
#3356 = EDGE_CURVE ( 'NONE', #3485, #5267, #5342, .T. ) ;
#3357 = ORIENTED_EDGE ( 'NONE', *, *, #5623, .F. ) ;
#3358 = VERTEX_POINT ( 'NONE', #6750 ) ;
#3359 = ORIENTED_EDGE ( 'NONE', *, *, #4420, .T. ) ;
#3360 = CARTESIAN_POINT ( 'NONE',  ( 9.799999999999993605, -43.22269074732326999, 9.000000000000001776 ) ) ;
#3361 = DIRECTION ( 'NONE',  ( -0.000000000000000000, -0.000000000000000000, 1.000000000000000000 ) ) ;
#3362 = DIRECTION ( 'NONE',  ( 0.6427876096865351441, 0.7660444431189815662, -0.000000000000000000 ) ) ;
#3363 = DIRECTION ( 'NONE',  ( 0.000000000000000000, 0.000000000000000000, 1.000000000000000000 ) ) ;
#3364 = EDGE_CURVE ( 'NONE', #4532, #3903, #2485, .T. ) ;
#3365 = ORIENTED_EDGE ( 'NONE', *, *, #4932, .T. ) ;
#3366 = ORIENTED_EDGE ( 'NONE', *, *, #5603, .T. ) ;
#3367 = CARTESIAN_POINT ( 'NONE',  ( 27.29659163829112245, -8.061623882891092663, -5.500000000000000000 ) ) ;
#3368 = DIRECTION ( 'NONE',  ( -0.000000000000000000, -0.000000000000000000, -1.000000000000000000 ) ) ;
#3369 = VERTEX_POINT ( 'NONE', #5608 ) ;
#3370 = AXIS2_PLACEMENT_3D ( 'NONE', #79, #5347, #4741 ) ;
#3371 = EDGE_CURVE ( 'NONE', #5985, #5546, #1976, .T. ) ;
#3372 = EDGE_CURVE ( 'NONE', #1431, #1910, #945, .T. ) ;
#3373 = VERTEX_POINT ( 'NONE', #3671 ) ;
#3374 = CARTESIAN_POINT ( 'NONE',  ( 40.14487539711818442, -48.77946718360625766, -5.500000000000000000 ) ) ;
#3375 = CIRCLE ( 'NONE', #5442, 9.999999999999998224 ) ;
#3376 = DIRECTION ( 'NONE',  ( 0.000000000000000000, -1.000000000000000000, 0.000000000000000000 ) ) ;
#3377 = CARTESIAN_POINT ( 'NONE',  ( -26.16487539711820176, 0.000000000000000000, -7.000000000000000000 ) ) ;
#3378 = CARTESIAN_POINT ( 'NONE',  ( -16.00000000000000000, 16.85000000000000142, -5.500000000000000000 ) ) ;
#3379 = DIRECTION ( 'NONE',  ( 0.000000000000000000, 0.000000000000000000, -1.000000000000000000 ) ) ;
#3380 = ORIENTED_EDGE ( 'NONE', *, *, #1637, .F. ) ;
#3381 = VERTEX_POINT ( 'NONE', #2242 ) ;
#3382 = LINE ( 'NONE', #5462, #2024 ) ;
#3383 = DIRECTION ( 'NONE',  ( -0.000000000000000000, -0.000000000000000000, -1.000000000000000000 ) ) ;
#3384 = CARTESIAN_POINT ( 'NONE',  ( -30.14487539711820929, 0.000000000000000000, 7.000000000000000000 ) ) ;
#3385 = CARTESIAN_POINT ( 'NONE',  ( -21.00000000000000000, 11.00000000000000000, -7.000000000000000000 ) ) ;
#3386 = VECTOR ( 'NONE', #3088, 1000.000000000000000 ) ;
#3387 = ORIENTED_EDGE ( 'NONE', *, *, #1891, .F. ) ;
#3388 = ORIENTED_EDGE ( 'NONE', *, *, #6723, .F. ) ;
#3389 = ORIENTED_EDGE ( 'NONE', *, *, #5229, .F. ) ;
#3390 = LINE ( 'NONE', #5541, #1500 ) ;
#3391 = DIRECTION ( 'NONE',  ( -0.000000000000000000, -0.000000000000000000, -1.000000000000000000 ) ) ;
#3392 = EDGE_CURVE ( 'NONE', #4617, #695, #6116, .T. ) ;
#3393 = CARTESIAN_POINT ( 'NONE',  ( -13.00000000000000178, -43.22269074732326999, -7.000000000000000000 ) ) ;
#3394 = DIRECTION ( 'NONE',  ( -0.000000000000000000, -0.000000000000000000, -1.000000000000000000 ) ) ;
#3395 = ORIENTED_EDGE ( 'NONE', *, *, #4568, .T. ) ;
#3396 = ORIENTED_EDGE ( 'NONE', *, *, #3487, .F. ) ;
#3397 = DIRECTION ( 'NONE',  ( 0.000000000000000000, 0.000000000000000000, 1.000000000000000000 ) ) ;
#3398 = CARTESIAN_POINT ( 'NONE',  ( 3.100000000000002753, 29.74406644123207144, 3.799999999999999822 ) ) ;
#3399 = ADVANCED_FACE ( 'NONE', ( #1178 ), #3130, .F. ) ;
#3400 = EDGE_LOOP ( 'NONE', ( #666, #4885, #3197, #424, #4371, #3359, #2617, #687, #2710, #3004, #964, #6535, #854, #1289, #3469, #2438, #1264, #5932, #2487 ) ) ;
#3401 = LINE ( 'NONE', #4433, #6288 ) ;
#3402 = LINE ( 'NONE', #1434, #5306 ) ;
#3403 = CARTESIAN_POINT ( 'NONE',  ( 35.19487539711821000, 2.220446049250313081E-13, -5.000000000000000000 ) ) ;
#3404 = LINE ( 'NONE', #5016, #1454 ) ;
#3405 = CARTESIAN_POINT ( 'NONE',  ( 15.99999999999988987, 16.85000000000000142, -5.500000000000000000 ) ) ;
#3406 = CARTESIAN_POINT ( 'NONE',  ( -40.14487539711821285, 0.000000000000000000, -7.000000000000000000 ) ) ;
#3407 = EDGE_CURVE ( 'NONE', #5246, #6410, #4725, .T. ) ;
#3408 = VERTEX_POINT ( 'NONE', #2111 ) ;
#3409 = AXIS2_PLACEMENT_3D ( 'NONE', #6587, #2459, #312 ) ;
#3410 = VECTOR ( 'NONE', #313, 1000.000000000000000 ) ;
#3411 = LINE ( 'NONE', #863, #1380 ) ;
#3412 = CIRCLE ( 'NONE', #3201, 2.000000000000001776 ) ;
#3413 = DIRECTION ( 'NONE',  ( 0.000000000000000000, 0.000000000000000000, 1.000000000000000000 ) ) ;
#3414 = DIRECTION ( 'NONE',  ( 0.000000000000000000, 0.000000000000000000, 1.000000000000000000 ) ) ;
#3415 = CARTESIAN_POINT ( 'NONE',  ( -1.943035281833168083E-14, -19.00000000000000355, -1.000000000000000000 ) ) ;
#3416 = CYLINDRICAL_SURFACE ( 'NONE', #4294, 2.000000000000000000 ) ;
#3417 = EDGE_CURVE ( 'NONE', #1150, #2995, #4464, .T. ) ;
#3418 = ORIENTED_EDGE ( 'NONE', *, *, #5719, .T. ) ;
#3419 = AXIS2_PLACEMENT_3D ( 'NONE', #5235, #2589, #6233 ) ;
#3420 = VECTOR ( 'NONE', #2734, 1000.000000000000000 ) ;
#3421 = EDGE_LOOP ( 'NONE', ( #359, #6736 ) ) ;
#3422 = VERTEX_POINT ( 'NONE', #4277 ) ;
#3423 = AXIS2_PLACEMENT_3D ( 'NONE', #5703, #561, #6253 ) ;
#3424 = EDGE_LOOP ( 'NONE', ( #433, #3931, #3869, #6096 ) ) ;
#3425 = DIRECTION ( 'NONE',  ( 0.000000000000000000, 0.000000000000000000, -1.000000000000000000 ) ) ;
#3426 = VECTOR ( 'NONE', #3571, 1000.000000000000000 ) ;
#3427 = CARTESIAN_POINT ( 'NONE',  ( -21.59487539711820503, 10.30000000000000249, -5.500000000000000000 ) ) ;
#3428 = VECTOR ( 'NONE', #3290, 1000.000000000000000 ) ;
#3429 = CARTESIAN_POINT ( 'NONE',  ( 5.000000000000000888, 29.74406644123207144, -1.000000000000000000 ) ) ;
#3430 = CARTESIAN_POINT ( 'NONE',  ( -3.305443769227874196, 21.24406644123207144, 6.455443769227855455 ) ) ;
#3431 = ORIENTED_EDGE ( 'NONE', *, *, #2330, .F. ) ;
#3432 = EDGE_LOOP ( 'NONE', ( #5030, #2338, #6167, #990 ) ) ;
#3433 = AXIS2_PLACEMENT_3D ( 'NONE', #90, #6319, #624 ) ;
#3434 = CARTESIAN_POINT ( 'NONE',  ( -13.79999999999999893, -49.82269074732327852, -3.999999999999998224 ) ) ;
#3435 = VECTOR ( 'NONE', #4033, 1000.000000000000000 ) ;
#3436 = CARTESIAN_POINT ( 'NONE',  ( -13.00000000000000178, -43.22269074732326999, 7.000000000000000000 ) ) ;
#3437 = ORIENTED_EDGE ( 'NONE', *, *, #3336, .F. ) ;
#3438 = AXIS2_PLACEMENT_3D ( 'NONE', #2588, #2076, #2444 ) ;
#3439 = CARTESIAN_POINT ( 'NONE',  ( -27.96285684503430602, -6.175863910285076308, -1.000000000000000000 ) ) ;
#3440 = ADVANCED_FACE ( 'NONE', ( #2684, #3158 ), #4312, .T. ) ;
#3441 = CIRCLE ( 'NONE', #3008, 5.499999999999998224 ) ;
#3442 = CARTESIAN_POINT ( 'NONE',  ( -14.99999999999999467, -61.22269074732326999, -1.000000000000000000 ) ) ;
#3443 = DIRECTION ( 'NONE',  ( 0.6427876096865349220, 0.7660444431189816772, -0.000000000000000000 ) ) ;
#3444 = AXIS2_PLACEMENT_3D ( 'NONE', #4661, #1524, #5233 ) ;
#3445 = CARTESIAN_POINT ( 'NONE',  ( 1.000000000000000000, 29.74406644123207144, 7.000000000000000000 ) ) ;
#3446 = LINE ( 'NONE', #5558, #3005 ) ;
#3447 = AXIS2_PLACEMENT_3D ( 'NONE', #2427, #5483, #275 ) ;
#3448 = VERTEX_POINT ( 'NONE', #2653 ) ;
#3449 = DIRECTION ( 'NONE',  ( -0.000000000000000000, -0.000000000000000000, -1.000000000000000000 ) ) ;
#3450 = EDGE_CURVE ( 'NONE', #3541, #4965, #4220, .T. ) ;
#3451 = VECTOR ( 'NONE', #2576, 999.9999999999998863 ) ;
#3452 = CYLINDRICAL_SURFACE ( 'NONE', #5931, 2.999999999999999112 ) ;
#3453 = CYLINDRICAL_SURFACE ( 'NONE', #5073, 1.599999999999997202 ) ;
#3454 = CARTESIAN_POINT ( 'NONE',  ( -8.000000000000001776, 35.74406644123207144, -1.000000000000000000 ) ) ;
#3455 = DIRECTION ( 'NONE',  ( 1.000000000000000000, 0.000000000000000000, 0.000000000000000000 ) ) ;
#3456 = ORIENTED_EDGE ( 'NONE', *, *, #154, .T. ) ;
#3457 = EDGE_CURVE ( 'NONE', #5759, #5855, #600, .T. ) ;
#3458 = EDGE_LOOP ( 'NONE', ( #6674, #3560, #6194, #5071 ) ) ;
#3459 = EDGE_CURVE ( 'NONE', #2870, #5824, #540, .T. ) ;
#3460 = VERTEX_POINT ( 'NONE', #5236 ) ;
#3461 = ORIENTED_EDGE ( 'NONE', *, *, #6136, .T. ) ;
#3462 = CARTESIAN_POINT ( 'NONE',  ( 5.000000000000000888, 29.74406644123207144, -6.000000000000000888 ) ) ;
#3463 = CARTESIAN_POINT ( 'NONE',  ( 13.00000000000000178, -43.22269074732326999, 9.000000000000001776 ) ) ;
#3464 = FACE_OUTER_BOUND ( 'NONE', #267, .T. ) ;
#3465 = VERTEX_POINT ( 'NONE', #5333 ) ;
#3466 = ORIENTED_EDGE ( 'NONE', *, *, #5396, .F. ) ;
#3467 = DIRECTION ( 'NONE',  ( 1.000000000000000000, 0.000000000000000000, 0.000000000000000000 ) ) ;
#3468 = CARTESIAN_POINT ( 'NONE',  ( 13.00000000000000178, -43.22269074732326999, 3.799999999999999822 ) ) ;
#3469 = ORIENTED_EDGE ( 'NONE', *, *, #3905, .T. ) ;
#3470 = ORIENTED_EDGE ( 'NONE', *, *, #281, .F. ) ;
#3471 = DIRECTION ( 'NONE',  ( 1.000000000000000000, 1.734723475976807587E-16, 0.000000000000000000 ) ) ;
#3472 = CARTESIAN_POINT ( 'NONE',  ( -23.59487539711820858, 0.000000000000000000, -5.500000000000000000 ) ) ;
#3473 = DIRECTION ( 'NONE',  ( -0.000000000000000000, -0.000000000000000000, -1.000000000000000000 ) ) ;
#3474 = CARTESIAN_POINT ( 'NONE',  ( -5.000000000000000888, 29.74406644123207144, 7.000000000000000000 ) ) ;
#3475 = CARTESIAN_POINT ( 'NONE',  ( -16.00000000000000000, 16.85000000000000142, -7.000000000000000000 ) ) ;
#3476 = DIRECTION ( 'NONE',  ( -0.000000000000000000, -0.000000000000000000, 1.000000000000000000 ) ) ;
#3477 = VERTEX_POINT ( 'NONE', #636 ) ;
#3478 = ADVANCED_FACE ( 'NONE', ( #3188 ), #5264, .T. ) ;
#3479 = FILL_AREA_STYLE ('',( #1892 ) ) ;
#3480 = AXIS2_PLACEMENT_3D ( 'NONE', #1275, #200, #3801 ) ;
#3481 = CARTESIAN_POINT ( 'NONE',  ( 11.00000000000000355, -50.45110689472375043, -1.000000000000000000 ) ) ;
#3482 = DIRECTION ( 'NONE',  ( 0.000000000000000000, 0.000000000000000000, -1.000000000000000000 ) ) ;
#3483 = DIRECTION ( 'NONE',  ( 0.000000000000000000, 0.000000000000000000, 1.000000000000000000 ) ) ;
#3484 = CARTESIAN_POINT ( 'NONE',  ( 19.98000000000000043, 16.85000000000000142, -7.000000000000000000 ) ) ;
#3485 = VERTEX_POINT ( 'NONE', #3255 ) ;
#3486 = AXIS2_PLACEMENT_3D ( 'NONE', #340, #2422, #1395 ) ;
#3487 = EDGE_CURVE ( 'NONE', #141, #6228, #5715, .T. ) ;
#3488 = ORIENTED_EDGE ( 'NONE', *, *, #5326, .F. ) ;
#3489 = CIRCLE ( 'NONE', #3713, 9.999999999999998224 ) ;
#3490 = VERTEX_POINT ( 'NONE', #101 ) ;
#3491 = ORIENTED_EDGE ( 'NONE', *, *, #5036, .F. ) ;
#3492 = LINE ( 'NONE', #4452, #1714 ) ;
#3493 = DIRECTION ( 'NONE',  ( 1.000000000000000000, 0.000000000000000000, 0.000000000000000000 ) ) ;
#3494 = CARTESIAN_POINT ( 'NONE',  ( 21.59487539711815174, 10.30000000000000249, -5.500000000000000000 ) ) ;
#3495 = EDGE_CURVE ( 'NONE', #4583, #5788, #5678, .T. ) ;
#3496 = CYLINDRICAL_SURFACE ( 'NONE', #2439, 1.600000000000002531 ) ;
#3497 = DIRECTION ( 'NONE',  ( 1.000000000000000000, 0.000000000000000000, 0.000000000000000000 ) ) ;
#3498 = EDGE_LOOP ( 'NONE', ( #4451, #3904, #1396, #2520 ) ) ;
#3499 = VERTEX_POINT ( 'NONE', #2747 ) ;
#3500 = DIRECTION ( 'NONE',  ( 0.000000000000000000, 0.000000000000000000, -1.000000000000000000 ) ) ;
#3501 = DIRECTION ( 'NONE',  ( 1.000000000000000000, 0.000000000000000000, 0.000000000000000000 ) ) ;
#3502 = EDGE_CURVE ( 'NONE', #6152, #2246, #3064, .T. ) ;
#3503 = EDGE_CURVE ( 'NONE', #6516, #3485, #2622, .T. ) ;
#3504 = ORIENTED_EDGE ( 'NONE', *, *, #1658, .T. ) ;
#3505 = ORIENTED_EDGE ( 'NONE', *, *, #154, .F. ) ;
#3506 = ORIENTED_EDGE ( 'NONE', *, *, #5996, .F. ) ;
#3507 = DIRECTION ( 'NONE',  ( 0.000000000000000000, -0.000000000000000000, 1.000000000000000000 ) ) ;
#3508 = CARTESIAN_POINT ( 'NONE',  ( -1.200000000000011946, 17.61612204515214231, -7.000000000000000000 ) ) ;
#3509 = CARTESIAN_POINT ( 'NONE',  ( -8.149999999999998579, -12.99999999999999467, -2.499999999999981348 ) ) ;
#3510 = DIRECTION ( 'NONE',  ( 0.000000000000000000, -1.000000000000000000, 0.000000000000000000 ) ) ;
#3511 = ORIENTED_EDGE ( 'NONE', *, *, #300, .F. ) ;
#3512 = DIRECTION ( 'NONE',  ( 0.000000000000000000, 0.000000000000000000, 1.000000000000000000 ) ) ;
#3513 = DIRECTION ( 'NONE',  ( -1.909363028148246276E-16, 1.000000000000000000, -0.000000000000000000 ) ) ;
#3514 = DIRECTION ( 'NONE',  ( 1.000000000000000000, 0.000000000000000000, 0.000000000000000000 ) ) ;
#3515 = EDGE_CURVE ( 'NONE', #6022, #2720, #1079, .T. ) ;
#3516 = DIRECTION ( 'NONE',  ( -0.000000000000000000, -0.000000000000000000, -1.000000000000000000 ) ) ;
#3517 = CARTESIAN_POINT ( 'NONE',  ( 20.72901885141147815, -18.99999999999999645, -5.500000000000000000 ) ) ;
#3518 = CARTESIAN_POINT ( 'NONE',  ( -11.00000000000000355, -56.22269074732326999, -5.500000000000000000 ) ) ;
#3519 = ORIENTED_EDGE ( 'NONE', *, *, #2104, .F. ) ;
#3520 = ORIENTED_EDGE ( 'NONE', *, *, #591, .F. ) ;
#3521 = ORIENTED_EDGE ( 'NONE', *, *, #4530, .F. ) ;
#3522 = ADVANCED_FACE ( 'NONE', ( #2212 ), #6362, .F. ) ;
#3523 = ORIENTED_EDGE ( 'NONE', *, *, #742, .T. ) ;
#3524 = VECTOR ( 'NONE', #5173, 1000.000000000000000 ) ;
#3525 = CARTESIAN_POINT ( 'NONE',  ( 16.00000000000000000, 16.85000000000000142, -5.000000000000000000 ) ) ;
#3526 = AXIS2_PLACEMENT_3D ( 'NONE', #249, #2904, #2462 ) ;
#3527 = DIRECTION ( 'NONE',  ( -0.000000000000000000, 0.000000000000000000, -1.000000000000000000 ) ) ;
#3528 = DIRECTION ( 'NONE',  ( 1.000000000000000000, 0.000000000000000000, 0.000000000000000000 ) ) ;
#3529 = CARTESIAN_POINT ( 'NONE',  ( 30.14487539711821285, -20.99999999999998934, 7.000000000000000000 ) ) ;
#3530 = VECTOR ( 'NONE', #2240, 1000.000000000000000 ) ;
#3531 = ORIENTED_EDGE ( 'NONE', *, *, #1671, .T. ) ;
#3532 = VERTEX_POINT ( 'NONE', #1207 ) ;
#3533 = EDGE_CURVE ( 'NONE', #1250, #4933, #1730, .T. ) ;
#3534 = CIRCLE ( 'NONE', #166, 1.600000000000002531 ) ;
#3535 = DIRECTION ( 'NONE',  ( -7.304098846218135653E-16, -1.000000000000000000, 0.000000000000000000 ) ) ;
#3536 = DIRECTION ( 'NONE',  ( 1.000000000000000000, 0.000000000000000000, 0.000000000000000000 ) ) ;
#3537 = VECTOR ( 'NONE', #5098, 1000.000000000000000 ) ;
#3538 = EDGE_LOOP ( 'NONE', ( #3470, #3232, #1285, #1144 ) ) ;
#3539 = CIRCLE ( 'NONE', #2344, 9.999999999999998224 ) ;
#3540 = AXIS2_PLACEMENT_3D ( 'NONE', #1581, #529, #5669 ) ;
#3541 = VERTEX_POINT ( 'NONE', #1236 ) ;
#3542 = EDGE_LOOP ( 'NONE', ( #4887, #6295, #2015, #2948 ) ) ;
#3543 = ADVANCED_FACE ( 'NONE', ( #5363 ), #3833, .F. ) ;
#3544 = EDGE_CURVE ( 'NONE', #972, #6457, #229, .T. ) ;
#3545 = CARTESIAN_POINT ( 'NONE',  ( -13.00000000000000178, -43.22269074732326999, -5.500000000000000000 ) ) ;
#3546 = APPLICATION_PROTOCOL_DEFINITION ( 'draft international standard', 'automotive_design', 1998, #1435 ) ;
#3547 = CARTESIAN_POINT ( 'NONE',  ( -13.80000000000000071, -46.32269074732328562, -3.999999999999998224 ) ) ;
#3548 = FACE_OUTER_BOUND ( 'NONE', #638, .T. ) ;
#3549 = ORIENTED_EDGE ( 'NONE', *, *, #1208, .T. ) ;
#3550 = VECTOR ( 'NONE', #3702, 1000.000000000000000 ) ;
#3551 = AXIS2_PLACEMENT_3D ( 'NONE', #2032, #4110, #4141 ) ;
#3552 = CARTESIAN_POINT ( 'NONE',  ( 21.59487539711815174, 8.300000000000002487, -1.000000000000000000 ) ) ;
#3553 = AXIS2_PLACEMENT_3D ( 'NONE', #2847, #227, #287 ) ;
#3554 = DIRECTION ( 'NONE',  ( 0.000000000000000000, 1.000000000000000000, -0.000000000000000000 ) ) ;
#3555 = VECTOR ( 'NONE', #3096, 1000.000000000000000 ) ;
#3556 = CARTESIAN_POINT ( 'NONE',  ( 30.14487539711820929, 2.220446049250313081E-13, -7.000000000000000000 ) ) ;
#3557 = DIRECTION ( 'NONE',  ( 0.000000000000000000, -1.000000000000000000, 0.000000000000000000 ) ) ;
#3558 = CARTESIAN_POINT ( 'NONE',  ( 26.00000000000000000, 9.999999999999998224, 7.000000000000000000 ) ) ;
#3559 = AXIS2_PLACEMENT_3D ( 'NONE', #2394, #6037, #1360 ) ;
#3560 = ORIENTED_EDGE ( 'NONE', *, *, #3875, .F. ) ;
#3561 = AXIS2_PLACEMENT_3D ( 'NONE', #4955, #1965, #4991 ) ;
#3562 = VECTOR ( 'NONE', #400, 1000.000000000000000 ) ;
#3563 = EDGE_LOOP ( 'NONE', ( #573, #3880, #4737, #5896 ) ) ;
#3564 = ORIENTED_EDGE ( 'NONE', *, *, #4351, .T. ) ;
#3565 = ORIENTED_EDGE ( 'NONE', *, *, #3487, .T. ) ;
#3566 = CARTESIAN_POINT ( 'NONE',  ( -13.00000000000000355, -56.22269074732326999, -5.500000000000000000 ) ) ;
#3567 = CARTESIAN_POINT ( 'NONE',  ( -13.00000000000000178, -43.22269074732326999, 7.000000000000000000 ) ) ;
#3568 = CARTESIAN_POINT ( 'NONE',  ( 12.01999999999999957, 16.85000000000000142, -5.000000000000000000 ) ) ;
#3569 = DIRECTION ( 'NONE',  ( -1.000000000000000000, -1.734723475976807341E-16, 0.000000000000000000 ) ) ;
#3570 = EDGE_CURVE ( 'NONE', #2481, #3676, #763, .T. ) ;
#3571 = DIRECTION ( 'NONE',  ( -0.000000000000000000, -0.000000000000000000, 1.000000000000000000 ) ) ;
#3572 = FACE_BOUND ( 'NONE', #1835, .T. ) ;
#3573 = ORIENTED_EDGE ( 'NONE', *, *, #4091, .F. ) ;
#3574 = EDGE_LOOP ( 'NONE', ( #3321, #2559, #4391, #3311, #2956, #5917, #2025, #4178 ) ) ;
#3575 = FACE_OUTER_BOUND ( 'NONE', #2342, .T. ) ;
#3576 = CARTESIAN_POINT ( 'NONE',  ( -11.00000000000000355, -54.22269074732326999, -5.500000000000000000 ) ) ;
#3577 = ORIENTED_EDGE ( 'NONE', *, *, #709, .T. ) ;
#3578 = EDGE_CURVE ( 'NONE', #2184, #2507, #1417, .T. ) ;
#3579 = VERTEX_POINT ( 'NONE', #5402 ) ;
#3580 = EDGE_LOOP ( 'NONE', ( #1016, #4426 ) ) ;
#3581 = LINE ( 'NONE', #1611, #5884 ) ;
#3582 =( NAMED_UNIT ( * ) SI_UNIT ( $, .STERADIAN. ) SOLID_ANGLE_UNIT ( ) );
#3583 = DIRECTION ( 'NONE',  ( -1.000000000000000000, -1.734723475976805517E-15, 0.000000000000000000 ) ) ;
#3584 = DIRECTION ( 'NONE',  ( 0.000000000000000000, 0.000000000000000000, 1.000000000000000000 ) ) ;
#3585 = EDGE_LOOP ( 'NONE', ( #1450, #4924 ) ) ;
#3586 = EDGE_CURVE ( 'NONE', #4979, #5572, #4347, .T. ) ;
#3587 = ADVANCED_FACE ( 'NONE', ( #1791 ), #3865, .F. ) ;
#3588 = DIRECTION ( 'NONE',  ( 0.000000000000000000, 0.000000000000000000, -1.000000000000000000 ) ) ;
#3589 = CARTESIAN_POINT ( 'NONE',  ( -30.14487539711820929, 0.000000000000000000, -5.000000000000000000 ) ) ;
#3590 = FACE_OUTER_BOUND ( 'NONE', #479, .T. ) ;
#3591 = DIRECTION ( 'NONE',  ( 0.000000000000000000, -0.000000000000000000, -1.000000000000000000 ) ) ;
#3592 = CARTESIAN_POINT ( 'NONE',  ( 40.00000000000000711, 31.00000000000001066, -7.000000000000000000 ) ) ;
#3593 = ORIENTED_EDGE ( 'NONE', *, *, #3323, .F. ) ;
#3594 = EDGE_CURVE ( 'NONE', #5855, #972, #3319, .T. ) ;
#3595 = ORIENTED_EDGE ( 'NONE', *, *, #3457, .T. ) ;
#3596 = ORIENTED_EDGE ( 'NONE', *, *, #3285, .F. ) ;
#3597 = ORIENTED_EDGE ( 'NONE', *, *, #6655, .T. ) ;
#3598 = AXIS2_PLACEMENT_3D ( 'NONE', #2062, #3682, #4642 ) ;
#3599 = DIRECTION ( 'NONE',  ( 1.000000000000000000, 0.000000000000000000, 0.000000000000000000 ) ) ;
#3600 = CARTESIAN_POINT ( 'NONE',  ( 37.80531982830802207, -6.427876096865348998, 7.000000000000000000 ) ) ;
#3601 = CARTESIAN_POINT ( 'NONE',  ( 13.80000000000000071, -46.32269074732328562, -3.999999999999998224 ) ) ;
#3602 = LINE ( 'NONE', #5032, #341 ) ;
#3603 = CARTESIAN_POINT ( 'NONE',  ( 17.00000000000000000, -31.22269074732326288, -1.000000000000000000 ) ) ;
#3604 = AXIS2_PLACEMENT_3D ( 'NONE', #4521, #4151, #4020 ) ;
#3605 = ORIENTED_EDGE ( 'NONE', *, *, #691, .T. ) ;
#3606 = VERTEX_POINT ( 'NONE', #1188 ) ;
#3607 = VECTOR ( 'NONE', #5845, 1000.000000000000000 ) ;
#3608 = DIRECTION ( 'NONE',  ( 5.383546301517076067E-17, -1.000000000000000000, 0.000000000000000000 ) ) ;
#3609 = EDGE_CURVE ( 'NONE', #555, #5217, #710, .T. ) ;
#3610 = DIRECTION ( 'NONE',  ( -0.000000000000000000, -0.000000000000000000, -1.000000000000000000 ) ) ;
#3611 = ORIENTED_EDGE ( 'NONE', *, *, #965, .T. ) ;
#3612 = VERTEX_POINT ( 'NONE', #5280 ) ;
#3613 = VERTEX_POINT ( 'NONE', #4775 ) ;
#3614 = DIRECTION ( 'NONE',  ( -1.000000000000000000, 0.000000000000000000, 0.000000000000000000 ) ) ;
#3615 = EDGE_CURVE ( 'NONE', #919, #4586, #111, .T. ) ;
#3616 = DIRECTION ( 'NONE',  ( -0.000000000000000000, -0.000000000000000000, -1.000000000000000000 ) ) ;
#3617 = DIRECTION ( 'NONE',  ( 1.000000000000000000, 0.000000000000000000, -0.000000000000000000 ) ) ;
#3618 = VERTEX_POINT ( 'NONE', #1710 ) ;
#3619 = CARTESIAN_POINT ( 'NONE',  ( 7.500000000000003553, -47.66591431104029652, -5.500000000000000000 ) ) ;
#3620 = CARTESIAN_POINT ( 'NONE',  ( 30.14487539711820929, 9.999999999999998224, -1.000000000000000000 ) ) ;
#3621 = EDGE_CURVE ( 'NONE', #447, #2138, #552, .T. ) ;
#3622 = DIRECTION ( 'NONE',  ( -1.000000000000000000, -7.842489191147648560E-15, 0.000000000000000000 ) ) ;
#3623 = PLANE ( 'NONE',  #3987 ) ;
#3624 = LINE ( 'NONE', #3078, #2994 ) ;
#3625 = ORIENTED_EDGE ( 'NONE', *, *, #273, .F. ) ;
#3626 = EDGE_LOOP ( 'NONE', ( #5585, #2978 ) ) ;
#3627 = EDGE_CURVE ( 'NONE', #141, #3532, #1192, .T. ) ;
#3628 = VERTEX_POINT ( 'NONE', #4261 ) ;
#3629 = CARTESIAN_POINT ( 'NONE',  ( -9.450000000000002842, 24.24406644123207499, -5.500000000000000000 ) ) ;
#3630 = FACE_OUTER_BOUND ( 'NONE', #2528, .T. ) ;
#3631 = LINE ( 'NONE', #539, #2128 ) ;
#3632 = DIRECTION ( 'NONE',  ( 0.000000000000000000, 0.000000000000000000, 1.000000000000000000 ) ) ;
#3633 = VECTOR ( 'NONE', #3777, 1000.000000000000000 ) ;
#3634 = CARTESIAN_POINT ( 'NONE',  ( -8.676806735756560585, -46.62269074732328988, -3.999999999999998224 ) ) ;
#3635 = ORIENTED_EDGE ( 'NONE', *, *, #5356, .T. ) ;
#3636 = ORIENTED_EDGE ( 'NONE', *, *, #6071, .T. ) ;
#3637 = CIRCLE ( 'NONE', #4187, 2.000000000000000000 ) ;
#3638 = CARTESIAN_POINT ( 'NONE',  ( -27.00000000000000355, -34.86239308998524677, 7.000000000000000000 ) ) ;
#3639 = DIRECTION ( 'NONE',  ( 0.000000000000000000, -0.000000000000000000, 1.000000000000000000 ) ) ;
#3640 = VECTOR ( 'NONE', #6734, 1000.000000000000000 ) ;
#3641 = ADVANCED_FACE ( 'NONE', ( #6313 ), #6345, .T. ) ;
#3642 = AXIS2_PLACEMENT_3D ( 'NONE', #1373, #3554, #6696 ) ;
#3643 = VERTEX_POINT ( 'NONE', #675 ) ;
#3644 = VERTEX_POINT ( 'NONE', #1091 ) ;
#3645 = FACE_OUTER_BOUND ( 'NONE', #2424, .T. ) ;
#3646 = AXIS2_PLACEMENT_3D ( 'NONE', #2197, #4264, #3239 ) ;
#3647 = FACE_BOUND ( 'NONE', #3125, .T. ) ;
#3648 = DIRECTION ( 'NONE',  ( 1.000000000000000000, -1.595349423811331573E-14, 0.000000000000000000 ) ) ;
#3649 = EDGE_LOOP ( 'NONE', ( #3506, #6210, #5376, #173 ) ) ;
#3650 = EDGE_CURVE ( 'NONE', #4852, #4489, #1643, .T. ) ;
#3651 = CARTESIAN_POINT ( 'NONE',  ( 6.000000000000001776, -12.99999999999999467, 9.000000000000001776 ) ) ;
#3652 = DIRECTION ( 'NONE',  ( -0.000000000000000000, -0.000000000000000000, -1.000000000000000000 ) ) ;
#3653 = CIRCLE ( 'NONE', #4638, 6.549999999999895905 ) ;
#3654 = FACE_OUTER_BOUND ( 'NONE', #4535, .T. ) ;
#3655 = CARTESIAN_POINT ( 'NONE',  ( -22.56935410655547258, 11.99999999999999822, -1.000000000000000000 ) ) ;
#3656 = CARTESIAN_POINT ( 'NONE',  ( -8.000000000000000000, 27.09831513016748161, -4.000000000000000000 ) ) ;
#3657 = VECTOR ( 'NONE', #6252, 1000.000000000000000 ) ;
#3658 = ORIENTED_EDGE ( 'NONE', *, *, #6354, .F. ) ;
#3659 = CIRCLE ( 'NONE', #4531, 5.049999999999998934 ) ;
#3660 = EDGE_CURVE ( 'NONE', #5674, #2002, #5315, .T. ) ;
#3661 = AXIS2_PLACEMENT_3D ( 'NONE', #13, #1557, #1451 ) ;
#3662 = AXIS2_PLACEMENT_3D ( 'NONE', #2957, #2452, #4527 ) ;
#3663 = ORIENTED_EDGE ( 'NONE', *, *, #6500, .T. ) ;
#3664 = DIRECTION ( 'NONE',  ( -0.000000000000000000, -0.000000000000000000, -1.000000000000000000 ) ) ;
#3665 = ORIENTED_EDGE ( 'NONE', *, *, #3952, .T. ) ;
#3666 = AXIS2_PLACEMENT_3D ( 'NONE', #1094, #4200, #5383 ) ;
#3667 = DIRECTION ( 'NONE',  ( 1.000000000000000000, 0.000000000000000000, 0.000000000000000000 ) ) ;
#3668 = DIRECTION ( 'NONE',  ( -0.000000000000000000, -0.000000000000000000, 1.000000000000000000 ) ) ;
#3669 = CARTESIAN_POINT ( 'NONE',  ( -8.000000000000000000, 37.74406644123207144, -1.000000000000000000 ) ) ;
#3670 = CONICAL_SURFACE ( 'NONE', #1382, 20.00000000000000000, 0.7853981633974500554 ) ;
#3671 = CARTESIAN_POINT ( 'NONE',  ( -14.90000000000000036, -43.22269074732326999, 7.000000000000000000 ) ) ;
#3672 = AXIS2_PLACEMENT_3D ( 'NONE', #3462, #3425, #1945 ) ;
#3673 = EDGE_CURVE ( 'NONE', #1669, #4017, #2760, .T. ) ;
#3674 = EDGE_CURVE ( 'NONE', #6551, #3724, #4875, .T. ) ;
#3675 = LINE ( 'NONE', #1109, #1425 ) ;
#3676 = VERTEX_POINT ( 'NONE', #4290 ) ;
#3677 = VERTEX_POINT ( 'NONE', #2799 ) ;
#3678 = CARTESIAN_POINT ( 'NONE',  ( -2.081668171172168513E-14, -11.73931215304559927, -1.000000000000000000 ) ) ;
#3679 = LINE ( 'NONE', #5858, #2732 ) ;
#3680 = VERTEX_POINT ( 'NONE', #644 ) ;
#3681 = ORIENTED_EDGE ( 'NONE', *, *, #549, .T. ) ;
#3682 = DIRECTION ( 'NONE',  ( -0.000000000000000000, -0.000000000000000000, -1.000000000000000000 ) ) ;
#3683 = CARTESIAN_POINT ( 'NONE',  ( 6.899999999999998579, 29.74406644123207144, 7.000000000000000000 ) ) ;
#3684 = CARTESIAN_POINT ( 'NONE',  ( 13.80000000000000071, -46.32269074732328562, -3.999999999999998224 ) ) ;
#3685 = ORIENTED_EDGE ( 'NONE', *, *, #1271, .F. ) ;
#3686 = CARTESIAN_POINT ( 'NONE',  ( 16.99999999999999289, -59.22269074732326999, -1.000000000000000000 ) ) ;
#3687 = DIRECTION ( 'NONE',  ( 0.000000000000000000, 0.000000000000000000, 1.000000000000000000 ) ) ;
#3688 = CARTESIAN_POINT ( 'NONE',  ( 8.000000000000000000, 37.74406644123207144, -7.000000000000000000 ) ) ;
#3689 = DIRECTION ( 'NONE',  ( -1.615063890455122944E-16, 1.000000000000000000, 0.000000000000000000 ) ) ;
#3690 = PLANE ( 'NONE',  #2565 ) ;
#3691 = ADVANCED_FACE ( 'NONE', ( #5248 ), #1155, .F. ) ;
#3692 = EDGE_LOOP ( 'NONE', ( #5027, #5930, #5656, #2851, #6561, #6545, #5517, #4128, #4640, #1433 ) ) ;
#3693 = ORIENTED_EDGE ( 'NONE', *, *, #6095, .F. ) ;
#3694 = CARTESIAN_POINT ( 'NONE',  ( 9.204649447861873668, -47.20711648343369404, -5.244310380775767833 ) ) ;
#3695 = ORIENTED_EDGE ( 'NONE', *, *, #2211, .F. ) ;
#3696 = DIRECTION ( 'NONE',  ( 0.000000000000000000, -0.000000000000000000, 1.000000000000000000 ) ) ;
#3697 = PLANE ( 'NONE',  #4968 ) ;
#3698 = CARTESIAN_POINT ( 'NONE',  ( 26.16487539711820887, 2.225320143510919646E-13, -7.000000000000000000 ) ) ;
#3699 = EDGE_CURVE ( 'NONE', #6638, #4432, #5116, .T. ) ;
#3700 = DIRECTION ( 'NONE',  ( 0.000000000000000000, -1.000000000000000000, 0.000000000000000000 ) ) ;
#3701 = AXIS2_PLACEMENT_3D ( 'NONE', #307, #4462, #1321 ) ;
#3702 = DIRECTION ( 'NONE',  ( 0.000000000000000000, 1.000000000000000000, 0.000000000000000000 ) ) ;
#3703 = ORIENTED_EDGE ( 'NONE', *, *, #4314, .F. ) ;
#3704 = VECTOR ( 'NONE', #2085, 1000.000000000000000 ) ;
#3705 = ORIENTED_EDGE ( 'NONE', *, *, #1775, .F. ) ;
#3706 = CYLINDRICAL_SURFACE ( 'NONE', #2472, 1.600000000000004086 ) ;
#3707 = ADVANCED_FACE ( 'NONE', ( #2260 ), #2727, .F. ) ;
#3708 = CARTESIAN_POINT ( 'NONE',  ( -9.450000000000002842, 24.24406644123207499, -1.000000000000000000 ) ) ;
#3709 = VECTOR ( 'NONE', #3296, 1000.000000000000000 ) ;
#3710 = VERTEX_POINT ( 'NONE', #3813 ) ;
#3711 = EDGE_LOOP ( 'NONE', ( #578, #5028, #5957, #3396 ) ) ;
#3712 = CARTESIAN_POINT ( 'NONE',  ( 30.14487539711820929, 2.220446049250313081E-13, -5.000000000000000000 ) ) ;
#3713 = AXIS2_PLACEMENT_3D ( 'NONE', #2314, #6438, #4384 ) ;
#3714 = ADVANCED_FACE ( 'NONE', ( #617, #2222 ), #5895, .T. ) ;
#3715 = EDGE_CURVE ( 'NONE', #2056, #3123, #3297, .T. ) ;
#3716 = DIRECTION ( 'NONE',  ( -0.000000000000000000, -0.000000000000000000, -1.000000000000000000 ) ) ;
#3717 = ORIENTED_EDGE ( 'NONE', *, *, #2841, .F. ) ;
#3718 = DIRECTION ( 'NONE',  ( -0.000000000000000000, -0.000000000000000000, -1.000000000000000000 ) ) ;
#3719 = CARTESIAN_POINT ( 'NONE',  ( 28.82868052452910135, -9.347199102264150739, -5.500000000000000000 ) ) ;
#3720 = DIRECTION ( 'NONE',  ( -0.000000000000000000, -0.000000000000000000, -1.000000000000000000 ) ) ;
#3721 = DIRECTION ( 'NONE',  ( 1.000000000000000000, 5.383546301517076684E-17, 0.000000000000000000 ) ) ;
#3722 = PLANE ( 'NONE',  #1047 ) ;
#3723 = CARTESIAN_POINT ( 'NONE',  ( -8.770923032669760033, -46.73925992018588715, -3.394221018025888714 ) ) ;
#3724 = VERTEX_POINT ( 'NONE', #3683 ) ;
#3725 = ADVANCED_FACE ( 'NONE', ( #5767 ), #2960, .F. ) ;
#3726 = ORIENTED_EDGE ( 'NONE', *, *, #5407, .F. ) ;
#3727 = CARTESIAN_POINT ( 'NONE',  ( 11.00000000000003553, -35.99427459992277534, -1.000000000000000000 ) ) ;
#3728 = ORIENTED_EDGE ( 'NONE', *, *, #1802, .T. ) ;
#3729 = CARTESIAN_POINT ( 'NONE',  ( -13.00000000000000178, -43.22269074732326999, 7.000000000000000000 ) ) ;
#3730 = FACE_OUTER_BOUND ( 'NONE', #3939, .T. ) ;
#3731 = DIRECTION ( 'NONE',  ( -0.000000000000000000, -0.000000000000000000, 1.000000000000000000 ) ) ;
#3732 = DIRECTION ( 'NONE',  ( -0.000000000000000000, -0.000000000000000000, -1.000000000000000000 ) ) ;
#3733 = EDGE_CURVE ( 'NONE', #5277, #6410, #778, .T. ) ;
#3734 = ORIENTED_EDGE ( 'NONE', *, *, #2795, .T. ) ;
#3735 = VERTEX_POINT ( 'NONE', #4978 ) ;
#3736 = CARTESIAN_POINT ( 'NONE',  ( -30.14487539711820929, 0.000000000000000000, -5.000000000000000000 ) ) ;
#3737 = DIRECTION ( 'NONE',  ( -0.000000000000000000, -0.000000000000000000, 1.000000000000000000 ) ) ;
#3738 = EDGE_CURVE ( 'NONE', #2580, #6247, #2188, .T. ) ;
#3739 = VECTOR ( 'NONE', #6441, 1000.000000000000000 ) ;
#3740 = ORIENTED_EDGE ( 'NONE', *, *, #404, .T. ) ;
#3741 = ORIENTED_EDGE ( 'NONE', *, *, #4823, .T. ) ;
#3742 = DIRECTION ( 'NONE',  ( -1.000000000000000000, 0.000000000000000000, 0.000000000000000000 ) ) ;
#3743 = DIRECTION ( 'NONE',  ( 6.032683993190498741E-16, 1.000000000000000000, -0.000000000000000000 ) ) ;
#3744 = AXIS2_PLACEMENT_3D ( 'NONE', #1138, #3799, #635 ) ;
#3745 = ORIENTED_EDGE ( 'NONE', *, *, #5441, .F. ) ;
#3746 = CIRCLE ( 'NONE', #2561, 1.899999999999999023 ) ;
#3747 = EDGE_CURVE ( 'NONE', #6341, #1005, #1857, .T. ) ;
#3748 = ADVANCED_FACE ( 'NONE', ( #3338 ), #3885, .F. ) ;
#3749 = DIRECTION ( 'NONE',  ( 0.000000000000000000, 0.000000000000000000, 1.000000000000000000 ) ) ;
#3750 = VECTOR ( 'NONE', #1862, 1000.000000000000000 ) ;
#3751 = DIRECTION ( 'NONE',  ( 1.000000000000000000, 0.000000000000000000, 0.000000000000000000 ) ) ;
#3752 = VECTOR ( 'NONE', #4406, 1000.000000000000000 ) ;
#3753 = DIRECTION ( 'NONE',  ( 1.000000000000000000, 0.000000000000000000, 0.000000000000000000 ) ) ;
#3754 = AXIS2_PLACEMENT_3D ( 'NONE', #5771, #1096, #5253 ) ;
#3755 = CARTESIAN_POINT ( 'NONE',  ( -23.06055714218643260, -24.00000000000000000, 61.74093716448774671 ) ) ;
#3756 = FACE_OUTER_BOUND ( 'NONE', #1220, .T. ) ;
#3757 = DIRECTION ( 'NONE',  ( 2.312964634635742464E-16, -1.000000000000000000, 0.000000000000000000 ) ) ;
#3758 = ORIENTED_EDGE ( 'NONE', *, *, #1528, .T. ) ;
#3759 = CIRCLE ( 'NONE', #5180, 2.000000000000001776 ) ;
#3760 = ORIENTED_EDGE ( 'NONE', *, *, #3660, .F. ) ;
#3761 = AXIS2_PLACEMENT_3D ( 'NONE', #3755, #5352, #4747 ) ;
#3762 = ORIENTED_EDGE ( 'NONE', *, *, #4123, .F. ) ;
#3763 = AXIS2_PLACEMENT_3D ( 'NONE', #459, #2941, #1003 ) ;
#3764 = LINE ( 'NONE', #197, #2369 ) ;
#3765 = FACE_BOUND ( 'NONE', #4776, .T. ) ;
#3766 = DIRECTION ( 'NONE',  ( -0.000000000000000000, -0.000000000000000000, 1.000000000000000000 ) ) ;
#3767 = DIRECTION ( 'NONE',  ( 2.312964634635742464E-16, 1.000000000000000000, -0.000000000000000000 ) ) ;
#3768 = AXIS2_PLACEMENT_3D ( 'NONE', #484, #3616, #4678 ) ;
#3769 = AXIS2_PLACEMENT_3D ( 'NONE', #4767, #5906, #5209 ) ;
#3770 = AXIS2_PLACEMENT_3D ( 'NONE', #3678, #4632, #4157 ) ;
#3771 = ORIENTED_EDGE ( 'NONE', *, *, #4174, .F. ) ;
#3772 = ORIENTED_EDGE ( 'NONE', *, *, #3515, .T. ) ;
#3773 = DIRECTION ( 'NONE',  ( -0.000000000000000000, -0.000000000000000000, 1.000000000000000000 ) ) ;
#3774 = AXIS2_PLACEMENT_3D ( 'NONE', #2414, #845, #4484 ) ;
#3775 = DIRECTION ( 'NONE',  ( -0.000000000000000000, -1.000000000000000000, -0.000000000000000000 ) ) ;
#3776 = EDGE_CURVE ( 'NONE', #6255, #6606, #6649, .T. ) ;
#3777 = DIRECTION ( 'NONE',  ( -1.000000000000000000, -0.000000000000000000, -0.000000000000000000 ) ) ;
#3778 = AXIS2_PLACEMENT_3D ( 'NONE', #3923, #346, #6141 ) ;
#3779 = ORIENTED_EDGE ( 'NONE', *, *, #4675, .F. ) ;
#3780 = ORIENTED_EDGE ( 'NONE', *, *, #5949, .F. ) ;
#3781 = CARTESIAN_POINT ( 'NONE',  ( -19.98000000000000043, 16.85000000000000142, -5.000000000000000000 ) ) ;
#3782 = DIRECTION ( 'NONE',  ( 0.000000000000000000, -1.000000000000000000, 0.000000000000000000 ) ) ;
#3783 = EDGE_CURVE ( 'NONE', #975, #2081, #121, .T. ) ;
#3784 = ORIENTED_EDGE ( 'NONE', *, *, #4659, .F. ) ;
#3785 = CARTESIAN_POINT ( 'NONE',  ( -8.000000000000000000, 32.38981775229666482, -4.000000000000000000 ) ) ;
#3786 = DIRECTION ( 'NONE',  ( -1.000000000000000000, 0.000000000000000000, 0.000000000000000000 ) ) ;
#3787 = DIRECTION ( 'NONE',  ( -1.000000000000000000, 0.000000000000000000, 0.000000000000000000 ) ) ;
#3788 = DIRECTION ( 'NONE',  ( 0.000000000000000000, 0.000000000000000000, 1.000000000000000000 ) ) ;
#3789 = LINE ( 'NONE', #2738, #4740 ) ;
#3790 = EDGE_CURVE ( 'NONE', #416, #1009, #6549, .T. ) ;
#3791 = EDGE_CURVE ( 'NONE', #3735, #1969, #2861, .T. ) ;
#3792 = ORIENTED_EDGE ( 'NONE', *, *, #6013, .T. ) ;
#3793 = LINE ( 'NONE', #3246, #6003 ) ;
#3794 = ORIENTED_EDGE ( 'NONE', *, *, #3674, .F. ) ;
#3795 = CYLINDRICAL_SURFACE ( 'NONE', #5059, 1.599999999999997202 ) ;
#3796 = EDGE_LOOP ( 'NONE', ( #6447, #3928 ) ) ;
#3797 = FACE_BOUND ( 'NONE', #2172, .T. ) ;
#3798 = CARTESIAN_POINT ( 'NONE',  ( 13.00000000000000178, -43.22269074732326999, 9.000000000000001776 ) ) ;
#3799 = DIRECTION ( 'NONE',  ( 1.000000000000000000, -1.734723475976807341E-16, -0.000000000000000000 ) ) ;
#3800 = EDGE_CURVE ( 'NONE', #808, #4612, #5448, .T. ) ;
#3801 = DIRECTION ( 'NONE',  ( 0.000000000000000000, -1.000000000000000000, 0.000000000000000000 ) ) ;
#3802 = VERTEX_POINT ( 'NONE', #4429 ) ;
#3803 = ORIENTED_EDGE ( 'NONE', *, *, #5821, .F. ) ;
#3804 = CARTESIAN_POINT ( 'NONE',  ( -6.899999999999999467, 29.74406644123207144, 7.000000000000000000 ) ) ;
#3805 = CARTESIAN_POINT ( 'NONE',  ( 6.000000000000001776, -12.99999999999999467, -2.499999999999977796 ) ) ;
#3806 = VECTOR ( 'NONE', #4838, 1000.000000000000000 ) ;
#3807 = CYLINDRICAL_SURFACE ( 'NONE', #6374, 1.899999999999999023 ) ;
#3808 = DIRECTION ( 'NONE',  ( 0.000000000000000000, 0.000000000000000000, 1.000000000000000000 ) ) ;
#3809 = EDGE_LOOP ( 'NONE', ( #5808, #5365, #1939, #3605, #683, #1179, #4242 ) ) ;
#3810 = EDGE_CURVE ( 'NONE', #1610, #4688, #4390, .T. ) ;
#3811 = ORIENTED_EDGE ( 'NONE', *, *, #3392, .T. ) ;
#3812 = CARTESIAN_POINT ( 'NONE',  ( -6.000000000000001776, -12.99999999999999467, -7.000000000000000000 ) ) ;
#3813 = CARTESIAN_POINT ( 'NONE',  ( -8.000000000000000000, 37.74406644123207144, -4.000000000000000000 ) ) ;
#3814 = VECTOR ( 'NONE', #3137, 1000.000000000000000 ) ;
#3815 = ORIENTED_EDGE ( 'NONE', *, *, #6344, .T. ) ;
#3816 = DIRECTION ( 'NONE',  ( 1.000000000000000000, -1.987938561099767059E-14, 0.000000000000000000 ) ) ;
#3817 = AXIS2_PLACEMENT_3D ( 'NONE', #1838, #5471, #2383 ) ;
#3818 = ADVANCED_FACE ( 'NONE', ( #6032, #2928, #269 ), #370, .T. ) ;
#3819 = CYLINDRICAL_SURFACE ( 'NONE', #1898, 1.899999999999999023 ) ;
#3820 = DIRECTION ( 'NONE',  ( 1.000000000000000000, 1.909363028148246276E-16, -0.000000000000000000 ) ) ;
#3821 = DIRECTION ( 'NONE',  ( 1.000000000000000000, 0.000000000000000000, 0.000000000000000000 ) ) ;
#3822 = CYLINDRICAL_SURFACE ( 'NONE', #603, 2.000000000000000000 ) ;
#3823 = ORIENTED_EDGE ( 'NONE', *, *, #2804, .T. ) ;
#3824 = CARTESIAN_POINT ( 'NONE',  ( -3.350000000000029399, -12.99999999999999467, -1.999999999999999556 ) ) ;
#3825 = CARTESIAN_POINT ( 'NONE',  ( 10.21571893411558563, -47.97936028494027738, -2.410477825849687061 ) ) ;
#3826 = EDGE_CURVE ( 'NONE', #6062, #4596, #4044, .T. ) ;
#3827 = EDGE_LOOP ( 'NONE', ( #1481, #2329, #5145, #5391 ) ) ;
#3828 = CARTESIAN_POINT ( 'NONE',  ( 14.90000000000000036, -43.22269074732326999, 7.000000000000000000 ) ) ;
#3829 = EDGE_LOOP ( 'NONE', ( #6207, #5039, #3505, #1530, #800, #4872, #6195, #3635, #295, #3703, #4515, #2689, #2400, #2017, #5998, #5798, #2962, #1249 ) ) ;
#3830 = CARTESIAN_POINT ( 'NONE',  ( 23.59487539711813753, 10.30000000000000249, -5.500000000000000000 ) ) ;
#3831 = FACE_OUTER_BOUND ( 'NONE', #3458, .T. ) ;
#3832 = DIRECTION ( 'NONE',  ( -0.000000000000000000, -0.000000000000000000, -1.000000000000000000 ) ) ;
#3833 = CYLINDRICAL_SURFACE ( 'NONE', #2938, 1.600000000000001643 ) ;
#3834 = EDGE_CURVE ( 'NONE', #1426, #1971, #5549, .T. ) ;
#3835 = ORIENTED_EDGE ( 'NONE', *, *, #6179, .F. ) ;
#3836 = ADVANCED_FACE ( 'NONE', ( #1355 ), #1913, .T. ) ;
#3837 = ORIENTED_EDGE ( 'NONE', *, *, #2221, .F. ) ;
#3838 = DIRECTION ( 'NONE',  ( -0.000000000000000000, -1.000000000000000000, -0.000000000000000000 ) ) ;
#3839 = DIRECTION ( 'NONE',  ( -0.000000000000000000, -0.000000000000000000, 1.000000000000000000 ) ) ;
#3840 = DIRECTION ( 'NONE',  ( 0.000000000000000000, 0.000000000000000000, 1.000000000000000000 ) ) ;
#3841 = LINE ( 'NONE', #5964, #2125 ) ;
#3842 = VERTEX_POINT ( 'NONE', #3398 ) ;
#3843 = ORIENTED_EDGE ( 'NONE', *, *, #5544, .T. ) ;
#3844 = DIRECTION ( 'NONE',  ( -0.000000000000000000, -0.000000000000000000, -1.000000000000000000 ) ) ;
#3845 = CARTESIAN_POINT ( 'NONE',  ( 12.01999999999998359, 16.85000000000002274, -6.819204917418022482 ) ) ;
#3846 = VERTEX_POINT ( 'NONE', #853 ) ;
#3847 = VECTOR ( 'NONE', #4571, 1000.000000000000227 ) ;
#3848 = CARTESIAN_POINT ( 'NONE',  ( -8.000000000000001776, 24.22277336810119763, -1.000000000000000000 ) ) ;
#3849 = DIRECTION ( 'NONE',  ( 0.000000000000000000, 0.000000000000000000, 1.000000000000000000 ) ) ;
#3850 = AXIS2_PLACEMENT_3D ( 'NONE', #6544, #4972, #208 ) ;
#3851 = CARTESIAN_POINT ( 'NONE',  ( 6.899999999999998579, 29.74406644123207144, 3.799999999999999822 ) ) ;
#3852 = CARTESIAN_POINT ( 'NONE',  ( -11.00000000000000355, -50.45110689472375043, -5.500000000000000000 ) ) ;
#3853 = CARTESIAN_POINT ( 'NONE',  ( -10.50000000000000178, -12.99999999999999467, -1.999999999999999556 ) ) ;
#3854 = ORIENTED_EDGE ( 'NONE', *, *, #404, .F. ) ;
#3855 = EDGE_CURVE ( 'NONE', #4688, #3263, #1752, .T. ) ;
#3856 = VECTOR ( 'NONE', #3087, 1000.000000000000000 ) ;
#3857 = DIRECTION ( 'NONE',  ( -0.000000000000000000, -0.000000000000000000, 1.000000000000000000 ) ) ;
#3858 = VECTOR ( 'NONE', #3652, 1000.000000000000000 ) ;
#3859 = ORIENTED_EDGE ( 'NONE', *, *, #6056, .T. ) ;
#3860 = CARTESIAN_POINT ( 'NONE',  ( -23.59487539711820858, 0.000000000000000000, -1.000000000000000000 ) ) ;
#3861 = DIRECTION ( 'NONE',  ( 1.000000000000000000, 0.000000000000000000, 0.000000000000000000 ) ) ;
#3862 = DIRECTION ( 'NONE',  ( 4.336808689942017120E-17, 1.000000000000000000, -0.000000000000000000 ) ) ;
#3863 = CARTESIAN_POINT ( 'NONE',  ( 1.500000000000000444, -12.99999999999999467, -1.999999999999999556 ) ) ;
#3864 = AXIS2_PLACEMENT_3D ( 'NONE', #4478, #322, #5026 ) ;
#3865 = CYLINDRICAL_SURFACE ( 'NONE', #4144, 5.049999999999998934 ) ;
#3866 = EDGE_CURVE ( 'NONE', #3628, #6526, #1863, .T. ) ;
#3867 = VECTOR ( 'NONE', #4683, 1000.000000000000000 ) ;
#3868 = ORIENTED_EDGE ( 'NONE', *, *, #6244, .F. ) ;
#3869 = ORIENTED_EDGE ( 'NONE', *, *, #4447, .T. ) ;
#3870 = DIRECTION ( 'NONE',  ( 7.842489191147648560E-15, -1.000000000000000000, 0.000000000000000000 ) ) ;
#3871 = AXIS2_PLACEMENT_3D ( 'NONE', #2093, #3143, #3105 ) ;
#3872 = CARTESIAN_POINT ( 'NONE',  ( -26.00000000000000000, 11.99999999999999822, -1.000000000000000000 ) ) ;
#3873 = EDGE_CURVE ( 'NONE', #4482, #5393, #5619, .T. ) ;
#3874 = CIRCLE ( 'NONE', #2892, 6.550000000000000711 ) ;
#3875 = EDGE_CURVE ( 'NONE', #2761, #5657, #4671, .T. ) ;
#3876 = CIRCLE ( 'NONE', #4421, 1.899999999999999023 ) ;
#3877 = CARTESIAN_POINT ( 'NONE',  ( 7.999999999999739764, 37.74406644123207144, -4.000000000000000000 ) ) ;
#3878 = CARTESIAN_POINT ( 'NONE',  ( -7.500000000000007105, -24.00000000000000000, -7.000000000000000000 ) ) ;
#3879 = VECTOR ( 'NONE', #3022, 1000.000000000000000 ) ;
#3880 = ORIENTED_EDGE ( 'NONE', *, *, #1845, .T. ) ;
#3881 = ORIENTED_EDGE ( 'NONE', *, *, #3392, .F. ) ;
#3882 = CIRCLE ( 'NONE', #6722, 1.600000000000001643 ) ;
#3883 = CARTESIAN_POINT ( 'NONE',  ( 5.000000000000000888, 29.74406644123207144, 7.000000000000000000 ) ) ;
#3884 = AXIS2_PLACEMENT_3D ( 'NONE', #1676, #3749, #2127 ) ;
#3885 = CYLINDRICAL_SURFACE ( 'NONE', #2723, 1.600000000000002531 ) ;
#3886 = AXIS2_PLACEMENT_3D ( 'NONE', #5400, #2815, #4891 ) ;
#3887 = VERTEX_POINT ( 'NONE', #6173 ) ;
#3888 = VECTOR ( 'NONE', #5990, 1000.000000000000000 ) ;
#3889 = CARTESIAN_POINT ( 'NONE',  ( 13.00000000000000178, -43.22269074732326999, 9.000000000000001776 ) ) ;
#3890 = CARTESIAN_POINT ( 'NONE',  ( 12.33834223277849240, -48.96097779383016757, -2.577749493079698695 ) ) ;
#3891 = CARTESIAN_POINT ( 'NONE',  ( -14.99999999999999467, -59.22269074732326999, -7.000000000000000000 ) ) ;
#3892 = CARTESIAN_POINT ( 'NONE',  ( -5.000000000000000888, -1.000000000000000000, -6.000000000000000000 ) ) ;
#3893 = CARTESIAN_POINT ( 'NONE',  ( 13.80000000000000071, -48.22269074732328420, -3.999999999999998224 ) ) ;
#3894 = EDGE_LOOP ( 'NONE', ( #672, #1847, #5480, #69 ) ) ;
#3895 = CARTESIAN_POINT ( 'NONE',  ( 16.00000000000000000, 16.85000000000000142, -5.000000000000000000 ) ) ;
#3896 = ORIENTED_EDGE ( 'NONE', *, *, #6555, .F. ) ;
#3897 = DIRECTION ( 'NONE',  ( 1.000000000000000000, 0.000000000000000000, 0.000000000000000000 ) ) ;
#3898 = EDGE_CURVE ( 'NONE', #1855, #3846, #3030, .T. ) ;
#3899 = DIRECTION ( 'NONE',  ( -0.000000000000000000, -0.000000000000000000, 1.000000000000000000 ) ) ;
#3900 = DIRECTION ( 'NONE',  ( -1.000000000000000000, 0.000000000000000000, 0.000000000000000000 ) ) ;
#3901 = DIRECTION ( 'NONE',  ( 7.842489191147648560E-15, -1.000000000000000000, 0.000000000000000000 ) ) ;
#3902 = EDGE_LOOP ( 'NONE', ( #5980, #844, #6675, #6155 ) ) ;
#3903 = VERTEX_POINT ( 'NONE', #2012 ) ;
#3904 = ORIENTED_EDGE ( 'NONE', *, *, #4964, .T. ) ;
#3905 = EDGE_CURVE ( 'NONE', #3068, #6488, #4691, .T. ) ;
#3906 = ORIENTED_EDGE ( 'NONE', *, *, #5655, .T. ) ;
#3907 = DIRECTION ( 'NONE',  ( -1.909363028148246276E-16, 1.000000000000000000, -0.000000000000000000 ) ) ;
#3908 = FACE_OUTER_BOUND ( 'NONE', #1877, .T. ) ;
#3909 = CARTESIAN_POINT ( 'NONE',  ( 7.500000000000003553, -24.00000000000000000, -5.500000000000000000 ) ) ;
#3910 = CARTESIAN_POINT ( 'NONE',  ( 40.00000000000000711, 31.00000000000001066, -6.000000000000000000 ) ) ;
#3911 = ORIENTED_EDGE ( 'NONE', *, *, #3503, .T. ) ;
#3912 = ORIENTED_EDGE ( 'NONE', *, *, #3235, .T. ) ;
#3913 = ADVANCED_FACE ( 'NONE', ( #3097 ), #1952, .F. ) ;
#3914 = DIRECTION ( 'NONE',  ( 1.000000000000000000, 0.000000000000000000, 0.000000000000000000 ) ) ;
#3915 = DIRECTION ( 'NONE',  ( 1.000000000000000000, 0.000000000000000000, -0.000000000000000000 ) ) ;
#3916 = ORIENTED_EDGE ( 'NONE', *, *, #163, .T. ) ;
#3917 = VECTOR ( 'NONE', #1693, 1000.000000000000114 ) ;
#3918 = VERTEX_POINT ( 'NONE', #5725 ) ;
#3919 = CARTESIAN_POINT ( 'NONE',  ( 16.00000000000000000, 16.85000000000000142, -1.000000000000000000 ) ) ;
#3920 = EDGE_CURVE ( 'NONE', #6022, #5965, #4598, .T. ) ;
#3921 = ADVANCED_FACE ( 'NONE', ( #2993 ), #1461, .F. ) ;
#3922 = CIRCLE ( 'NONE', #19, 20.00000000000000355 ) ;
#3923 = CARTESIAN_POINT ( 'NONE',  ( 16.00000000000000000, 16.85000000000000142, -5.000000000000000000 ) ) ;
#3924 = CARTESIAN_POINT ( 'NONE',  ( 1.094855626301854435E-14, -20.99999999999999645, 7.000000000000000000 ) ) ;
#3925 = CARTESIAN_POINT ( 'NONE',  ( 0.000000000000000000, 0.000000000000000000, 0.000000000000000000 ) ) ;
#3926 = CARTESIAN_POINT ( 'NONE',  ( 21.49999999999983302, 24.22277336810119763, -1.000000000000000000 ) ) ;
#3927 = CARTESIAN_POINT ( 'NONE',  ( -12.01999999999999957, 16.78494783831930803, -6.879743653221268573 ) ) ;
#3928 = ORIENTED_EDGE ( 'NONE', *, *, #3866, .T. ) ;
#3929 = CIRCLE ( 'NONE', #2204, 4.500000000000000000 ) ;
#3930 = SURFACE_STYLE_USAGE ( .BOTH. , #6527 ) ;
#3931 = ORIENTED_EDGE ( 'NONE', *, *, #5250, .T. ) ;
#3932 = CARTESIAN_POINT ( 'NONE',  ( -8.999999999999998224, -43.22269074732326999, -1.000000000000000000 ) ) ;
#3933 = CARTESIAN_POINT ( 'NONE',  ( 27.25605529807269178, -18.99999999999999645, 61.74093716448774671 ) ) ;
#3934 = CARTESIAN_POINT ( 'NONE',  ( 5.000000000000000888, 29.74406644123207144, 7.000000000000000000 ) ) ;
#3935 = DIRECTION ( 'NONE',  ( 1.595349423811331573E-14, 1.000000000000000000, -0.000000000000000000 ) ) ;
#3936 = AXIS2_PLACEMENT_3D ( 'NONE', #3236, #1742, #4808 ) ;
#3937 = ORIENTED_EDGE ( 'NONE', *, *, #5002, .T. ) ;
#3938 = EDGE_CURVE ( 'NONE', #172, #3676, #124, .T. ) ;
#3939 = EDGE_LOOP ( 'NONE', ( #2393, #2696, #5626, #3693, #5061, #2065 ) ) ;
#3940 = EDGE_LOOP ( 'NONE', ( #1774, #6648, #2660, #5241 ) ) ;
#3941 = ORIENTED_EDGE ( 'NONE', *, *, #1344, .F. ) ;
#3942 = DIRECTION ( 'NONE',  ( 0.000000000000000000, 0.000000000000000000, 1.000000000000000000 ) ) ;
#3943 = CARTESIAN_POINT ( 'NONE',  ( 28.82868052452910135, -9.347199102264150739, -1.000000000000000000 ) ) ;
#3944 = EDGE_CURVE ( 'NONE', #4979, #5211, #3922, .T. ) ;
#3945 = DIRECTION ( 'NONE',  ( -1.000000000000000000, 0.000000000000000000, 0.000000000000000000 ) ) ;
#3946 = LINE ( 'NONE', #6471, #1132 ) ;
#3947 = EDGE_LOOP ( 'NONE', ( #887, #4997, #3948, #3275, #665 ) ) ;
#3948 = ORIENTED_EDGE ( 'NONE', *, *, #4739, .T. ) ;
#3949 = DIRECTION ( 'NONE',  ( 0.000000000000000000, 0.000000000000000000, 1.000000000000000000 ) ) ;
#3950 = CARTESIAN_POINT ( 'NONE',  ( -11.53333333333333499, -48.52352925541694617, -5.500000000000000000 ) ) ;
#3951 = ORIENTED_EDGE ( 'NONE', *, *, #1864, .T. ) ;
#3952 = EDGE_CURVE ( 'NONE', #4996, #1448, #1534, .T. ) ;
#3953 = DIRECTION ( 'NONE',  ( -0.000000000000000000, -0.000000000000000000, -1.000000000000000000 ) ) ;
#3954 = DIRECTION ( 'NONE',  ( 1.000000000000000000, 0.000000000000000000, 0.000000000000000000 ) ) ;
#3955 = DIRECTION ( 'NONE',  ( 0.000000000000000000, 0.000000000000000000, 1.000000000000000000 ) ) ;
#3956 = CARTESIAN_POINT ( 'NONE',  ( 13.00000000000000355, -48.72269074732326288, -5.500000000000000000 ) ) ;
#3957 = CARTESIAN_POINT ( 'NONE',  ( 6.000000000000001776, -12.99999999999999467, -6.500000000000007105 ) ) ;
#3958 = LINE ( 'NONE', #4542, #6035 ) ;
#3959 = ORIENTED_EDGE ( 'NONE', *, *, #5921, .T. ) ;
#3960 = VECTOR ( 'NONE', #5484, 1000.000000000000000 ) ;
#3961 = EDGE_CURVE ( 'NONE', #4834, #5502, #4092, .T. ) ;
#3962 = EDGE_CURVE ( 'NONE', #2074, #3541, #5144, .T. ) ;
#3963 = VECTOR ( 'NONE', #348, 1000.000000000000114 ) ;
#3964 = VECTOR ( 'NONE', #4066, 1000.000000000000000 ) ;
#3965 = CARTESIAN_POINT ( 'NONE',  ( 27.29659163829112245, -8.061623882891092663, -5.500000000000000000 ) ) ;
#3966 = CARTESIAN_POINT ( 'NONE',  ( -21.59487539711820503, 10.30000000000000249, -1.000000000000000000 ) ) ;
#3967 = FACE_OUTER_BOUND ( 'NONE', #5040, .T. ) ;
#3968 = DIRECTION ( 'NONE',  ( -1.000000000000000000, 0.000000000000000000, 0.000000000000000000 ) ) ;
#3969 = VERTEX_POINT ( 'NONE', #2558 ) ;
#3970 = AXIS2_PLACEMENT_3D ( 'NONE', #5401, #733, #2816 ) ;
#3971 = AXIS2_PLACEMENT_3D ( 'NONE', #968, #5636, #3514 ) ;
#3972 = ORIENTED_EDGE ( 'NONE', *, *, #5291, .F. ) ;
#3973 = ORIENTED_EDGE ( 'NONE', *, *, #4623, .F. ) ;
#3974 = VECTOR ( 'NONE', #901, 1000.000000000000000 ) ;
#3975 = ORIENTED_EDGE ( 'NONE', *, *, #4785, .T. ) ;
#3976 = CARTESIAN_POINT ( 'NONE',  ( -13.15651736460734789, -28.16341587115827139, -5.500000000000000000 ) ) ;
#3977 = AXIS2_PLACEMENT_3D ( 'NONE', #759, #4374, #1231 ) ;
#3978 = AXIS2_PLACEMENT_3D ( 'NONE', #3997, #823, #4539 ) ;
#3979 = CARTESIAN_POINT ( 'NONE',  ( -16.00000000000000000, 16.85000000000000142, -6.000000000000000000 ) ) ;
#3980 = CARTESIAN_POINT ( 'NONE',  ( -8.149999999999998579, -12.99999999999999467, -6.500000000000005329 ) ) ;
#3981 = LINE ( 'NONE', #2008, #2869 ) ;
#3982 = ORIENTED_EDGE ( 'NONE', *, *, #6665, .T. ) ;
#3983 = EDGE_LOOP ( 'NONE', ( #2724, #983 ) ) ;
#3984 = AXIS2_PLACEMENT_3D ( 'NONE', #4204, #3622, #6292 ) ;
#3985 = PLANE ( 'NONE',  #3662 ) ;
#3986 = EDGE_CURVE ( 'NONE', #27, #3735, #3375, .T. ) ;
#3987 = AXIS2_PLACEMENT_3D ( 'NONE', #1548, #1166, #4205 ) ;
#3988 = DIRECTION ( 'NONE',  ( -0.000000000000000000, -0.000000000000000000, 1.000000000000000000 ) ) ;
#3989 = CIRCLE ( 'NONE', #6725, 1.899999999999999023 ) ;
#3990 = EDGE_LOOP ( 'NONE', ( #2844, #6631, #5625, #1858 ) ) ;
#3991 = CIRCLE ( 'NONE', #6616, 4.000000000000003553 ) ;
#3992 = AXIS2_PLACEMENT_3D ( 'NONE', #4089, #545, #4701 ) ;
#3993 = ORIENTED_EDGE ( 'NONE', *, *, #2599, .F. ) ;
#3994 = CYLINDRICAL_SURFACE ( 'NONE', #5084, 3.200000000000006839 ) ;
#3995 = CIRCLE ( 'NONE', #1938, 2.000000000000000000 ) ;
#3996 = DIRECTION ( 'NONE',  ( -0.000000000000000000, -0.000000000000000000, 1.000000000000000000 ) ) ;
#3997 = CARTESIAN_POINT ( 'NONE',  ( -2.081668171172168513E-14, 21.24406644123207144, 6.999999999999999112 ) ) ;
#3998 = EDGE_CURVE ( 'NONE', #5435, #290, #988, .T. ) ;
#3999 = VECTOR ( 'NONE', #1488, 1000.000000000000000 ) ;
#4000 = CYLINDRICAL_SURFACE ( 'NONE', #1124, 4.000000000000000000 ) ;
#4001 = CARTESIAN_POINT ( 'NONE',  ( 21.05000000000000071, 16.85000000000000142, -5.000000000000000000 ) ) ;
#4002 = CARTESIAN_POINT ( 'NONE',  ( -16.99999999999999289, -59.22269074732326999, -7.000000000000000000 ) ) ;
#4003 = CIRCLE ( 'NONE', #1058, 20.00000000000000355 ) ;
#4004 = ORIENTED_EDGE ( 'NONE', *, *, #6239, .F. ) ;
#4005 = LINE ( 'NONE', #2468, #2469 ) ;
#4006 = FACE_OUTER_BOUND ( 'NONE', #2867, .T. ) ;
#4007 = EDGE_CURVE ( 'NONE', #5344, #4755, #4529, .T. ) ;
#4008 = EDGE_CURVE ( 'NONE', #2980, #655, #6240, .T. ) ;
#4009 = CARTESIAN_POINT ( 'NONE',  ( -30.14487539711820929, 0.000000000000000000, -5.000000000000000000 ) ) ;
#4010 = LINE ( 'NONE', #934, #6494 ) ;
#4011 = DIRECTION ( 'NONE',  ( -1.000000000000000000, 0.000000000000000000, 0.000000000000000000 ) ) ;
#4012 = UNCERTAINTY_MEASURE_WITH_UNIT (LENGTH_MEASURE( 1.000000000000000082E-05 ), #5021, 'distance_accuracy_value', 'NONE');
#4013 = ORIENTED_EDGE ( 'NONE', *, *, #2600, .F. ) ;
#4014 = ORIENTED_EDGE ( 'NONE', *, *, #5737, .F. ) ;
#4015 = VERTEX_POINT ( 'NONE', #5689 ) ;
#4016 = ADVANCED_FACE ( 'NONE', ( #6652 ), #1429, .T. ) ;
#4017 = VERTEX_POINT ( 'NONE', #4059 ) ;
#4018 = FACE_OUTER_BOUND ( 'NONE', #4915, .T. ) ;
#4019 = CARTESIAN_POINT ( 'NONE',  ( -5.991277406158588725, 31.00000000000001421, -7.000000000000000000 ) ) ;
#4020 = DIRECTION ( 'NONE',  ( -1.000000000000000000, 0.000000000000000000, 0.000000000000000000 ) ) ;
#4021 = LINE ( 'NONE', #1423, #171 ) ;
#4022 = CARTESIAN_POINT ( 'NONE',  ( 14.99999999999999467, -59.22269074732326999, 7.000000000000000000 ) ) ;
#4023 = ORIENTED_EDGE ( 'NONE', *, *, #3783, .T. ) ;
#4024 = ORIENTED_EDGE ( 'NONE', *, *, #1210, .T. ) ;
#4025 = FACE_OUTER_BOUND ( 'NONE', #2001, .T. ) ;
#4026 = CARTESIAN_POINT ( 'NONE',  ( -21.00000000000000000, 11.00000000000000000, -6.000000000000000000 ) ) ;
#4027 = ORIENTED_EDGE ( 'NONE', *, *, #3268, .T. ) ;
#4028 = ADVANCED_FACE ( 'NONE', ( #5766 ), #6731, .F. ) ;
#4029 = ORIENTED_EDGE ( 'NONE', *, *, #2412, .T. ) ;
#4030 = DIRECTION ( 'NONE',  ( 0.000000000000000000, 0.000000000000000000, 1.000000000000000000 ) ) ;
#4031 = DIRECTION ( 'NONE',  ( -0.000000000000000000, -0.000000000000000000, -1.000000000000000000 ) ) ;
#4032 = CARTESIAN_POINT ( 'NONE',  ( -13.79999999999999893, -46.62269074732328278, -3.999999999999998224 ) ) ;
#4033 = DIRECTION ( 'NONE',  ( -0.000000000000000000, -0.000000000000000000, 1.000000000000000000 ) ) ;
#4034 = CARTESIAN_POINT ( 'NONE',  ( 10.50000000000000178, -12.99999999999999467, -5.500000000000000000 ) ) ;
#4035 = ORIENTED_EDGE ( 'NONE', *, *, #254, .F. ) ;
#4036 = ADVANCED_FACE ( 'NONE', ( #5659 ), #1507, .F. ) ;
#4037 = CARTESIAN_POINT ( 'NONE',  ( 17.00000000000000000, -48.22269074732328420, -3.999999999999998224 ) ) ;
#4038 = VECTOR ( 'NONE', #1570, 1000.000000000000000 ) ;
#4039 = CARTESIAN_POINT ( 'NONE',  ( -17.00000000000000000, -34.86239308998524677, -7.000000000000000000 ) ) ;
#4040 = PLANE ( 'NONE',  #1254 ) ;
#4041 = CARTESIAN_POINT ( 'NONE',  ( 6.000000000000001776, -12.99999999999999467, -1.999999999999999556 ) ) ;
#4042 = DIRECTION ( 'NONE',  ( 0.000000000000000000, 0.000000000000000000, 1.000000000000000000 ) ) ;
#4043 = ORIENTED_EDGE ( 'NONE', *, *, #5123, .F. ) ;
#4044 = CIRCLE ( 'NONE', #6435, 5.049999999999998934 ) ;
#4045 = ADVANCED_FACE ( 'NONE', ( #2121 ), #1539, .F. ) ;
#4046 = VERTEX_POINT ( 'NONE', #5186 ) ;
#4047 = AXIS2_PLACEMENT_3D ( 'NONE', #72, #1668, #4733 ) ;
#4048 = ORIENTED_EDGE ( 'NONE', *, *, #4420, .F. ) ;
#4049 = ORIENTED_EDGE ( 'NONE', *, *, #6157, .F. ) ;
#4050 = CARTESIAN_POINT ( 'NONE',  ( -26.00000000000000000, 16.84999999999999787, -3.999999999999999112 ) ) ;
#4051 = CARTESIAN_POINT ( 'NONE',  ( 17.00000000000000000, -35.99427459992278244, 22.65494915959678224 ) ) ;
#4052 = EDGE_CURVE ( 'NONE', #4514, #9, #764, .T. ) ;
#4053 = ADVANCED_FACE ( 'NONE', ( #3645 ), #5796, .T. ) ;
#4054 = FACE_OUTER_BOUND ( 'NONE', #4803, .T. ) ;
#4055 = CARTESIAN_POINT ( 'NONE',  ( 5.000000000000000888, 29.74406644123207144, -6.000000000000000888 ) ) ;
#4056 = ORIENTED_EDGE ( 'NONE', *, *, #6322, .F. ) ;
#4057 = ORIENTED_EDGE ( 'NONE', *, *, #4718, .F. ) ;
#4058 = LINE ( 'NONE', #5, #3555 ) ;
#4059 = CARTESIAN_POINT ( 'NONE',  ( -8.000000000000001776, 24.24406644123207499, -1.000000000000000000 ) ) ;
#4060 = EDGE_LOOP ( 'NONE', ( #5586, #1171, #1555, #4503 ) ) ;
#4061 = ORIENTED_EDGE ( 'NONE', *, *, #3783, .F. ) ;
#4062 = ORIENTED_EDGE ( 'NONE', *, *, #5421, .T. ) ;
#4063 = DIRECTION ( 'NONE',  ( 0.000000000000000000, 0.000000000000000000, 1.000000000000000000 ) ) ;
#4064 = APPLICATION_PROTOCOL_DEFINITION ( 'draft international standard', 'automotive_design', 1998, #1565 ) ;
#4065 = DIRECTION ( 'NONE',  ( -0.000000000000000000, -0.000000000000000000, 1.000000000000000000 ) ) ;
#4066 = DIRECTION ( 'NONE',  ( -1.000000000000000000, -0.000000000000000000, -0.000000000000000000 ) ) ;
#4067 = EDGE_LOOP ( 'NONE', ( #4816, #5112, #1641, #3937 ) ) ;
#4068 = DIRECTION ( 'NONE',  ( -3.083923978207811463E-16, 1.000000000000000000, 0.000000000000000000 ) ) ;
#4069 = DIRECTION ( 'NONE',  ( 1.000000000000000000, 0.000000000000000000, 0.000000000000000000 ) ) ;
#4070 = DIRECTION ( 'NONE',  ( 1.000000000000000000, 0.000000000000000000, 0.000000000000000000 ) ) ;
#4071 = DIRECTION ( 'NONE',  ( -0.000000000000000000, -0.000000000000000000, 1.000000000000000000 ) ) ;
#4072 = CARTESIAN_POINT ( 'NONE',  ( -17.00000000000000000, -48.22269074732328420, -3.999999999999998224 ) ) ;
#4073 = EDGE_CURVE ( 'NONE', #6730, #4825, #3581, .T. ) ;
#4074 = EDGE_LOOP ( 'NONE', ( #2493, #6209, #4908, #6617, #5580 ) ) ;
#4075 = ORIENTED_EDGE ( 'NONE', *, *, #4241, .F. ) ;
#4076 = EDGE_LOOP ( 'NONE', ( #4135, #6391, #4363, #3211, #2051, #496, #737, #2793, #3577, #266 ) ) ;
#4077 = ORIENTED_EDGE ( 'NONE', *, *, #1756, .T. ) ;
#4078 = DIRECTION ( 'NONE',  ( 1.000000000000000000, 0.000000000000000000, 0.000000000000000000 ) ) ;
#4079 = CARTESIAN_POINT ( 'NONE',  ( -16.00000000000000355, 16.84999999999999787, -3.999999999999999112 ) ) ;
#4080 = LINE ( 'NONE', #3669, #1139 ) ;
#4081 = ADVANCED_FACE ( 'NONE', ( #5694 ), #6312, .F. ) ;
#4082 = AXIS2_PLACEMENT_3D ( 'NONE', #5663, #5150, #43 ) ;
#4083 = DIRECTION ( 'NONE',  ( 0.000000000000000000, -1.000000000000000000, 0.000000000000000000 ) ) ;
#4084 = DIRECTION ( 'NONE',  ( -2.312964634635742464E-16, 1.000000000000000000, 0.000000000000000000 ) ) ;
#4085 = DIRECTION ( 'NONE',  ( 6.032683993190498741E-16, 1.000000000000000000, -0.000000000000000000 ) ) ;
#4086 = VECTOR ( 'NONE', #5784, 1000.000000000000000 ) ;
#4087 = EDGE_LOOP ( 'NONE', ( #3184, #2477 ) ) ;
#4088 = ORIENTED_EDGE ( 'NONE', *, *, #5109, .F. ) ;
#4089 = CARTESIAN_POINT ( 'NONE',  ( 30.14487539711820929, 2.220446049250313081E-13, -1.000000000000000000 ) ) ;
#4090 = ADVANCED_FACE ( 'NONE', ( #1088 ), #3171, .T. ) ;
#4091 = EDGE_CURVE ( 'NONE', #1398, #5769, #450, .T. ) ;
#4092 = LINE ( 'NONE', #3063, #5013 ) ;
#4093 = AXIS2_PLACEMENT_3D ( 'NONE', #2134, #4206, #6294 ) ;
#4094 = ORIENTED_EDGE ( 'NONE', *, *, #6641, .T. ) ;
#4095 = AXIS2_PLACEMENT_3D ( 'NONE', #2269, #4334, #6418 ) ;
#4096 = ORIENTED_EDGE ( 'NONE', *, *, #1882, .F. ) ;
#4097 = ORIENTED_EDGE ( 'NONE', *, *, #3826, .T. ) ;
#4098 = DIRECTION ( 'NONE',  ( -0.000000000000000000, -0.000000000000000000, -1.000000000000000000 ) ) ;
#4099 = DIRECTION ( 'NONE',  ( 0.000000000000000000, 0.000000000000000000, 1.000000000000000000 ) ) ;
#4100 = LINE ( 'NONE', #5221, #3964 ) ;
#4101 = VECTOR ( 'NONE', #1628, 1000.000000000000000 ) ;
#4102 = EDGE_LOOP ( 'NONE', ( #3047, #6705, #3388, #7 ) ) ;
#4103 = CIRCLE ( 'NONE', #76, 4.500000000000000000 ) ;
#4104 = CARTESIAN_POINT ( 'NONE',  ( -10.95000000000000107, 16.85000000000000142, -5.000000000000000000 ) ) ;
#4105 = AXIS2_PLACEMENT_3D ( 'NONE', #3552, #18, #6248 ) ;
#4106 = CIRCLE ( 'NONE', #3129, 3.200000000000001510 ) ;
#4107 = CARTESIAN_POINT ( 'NONE',  ( -8.817143096355369636, -46.79440332348143983, -4.726443695640344167 ) ) ;
#4108 = AXIS2_PLACEMENT_3D ( 'NONE', #5760, #1563, #3029 ) ;
#4109 = PLANE ( 'NONE',  #2030 ) ;
#4110 = DIRECTION ( 'NONE',  ( 0.000000000000000000, 0.000000000000000000, 1.000000000000000000 ) ) ;
#4111 = FACE_OUTER_BOUND ( 'NONE', #4124, .T. ) ;
#4112 = ORIENTED_EDGE ( 'NONE', *, *, #5960, .T. ) ;
#4113 = CONICAL_SURFACE ( 'NONE', #1164, 2.149999999999997691, 0.7853981633974410625 ) ;
#4114 = EDGE_CURVE ( 'NONE', #6094, #4996, #4230, .T. ) ;
#4115 = ORIENTED_EDGE ( 'NONE', *, *, #735, .T. ) ;
#4116 = ORIENTED_EDGE ( 'NONE', *, *, #3450, .T. ) ;
#4117 = ORIENTED_EDGE ( 'NONE', *, *, #5244, .F. ) ;
#4118 = CARTESIAN_POINT ( 'NONE',  ( -3.849999999999978328, 2.175844089172148671E-13, 7.000000000000000000 ) ) ;
#4119 = FACE_OUTER_BOUND ( 'NONE', #4589, .T. ) ;
#4120 = CARTESIAN_POINT ( 'NONE',  ( -21.50000000000000000, 24.22277336810119763, -4.000000000000000000 ) ) ;
#4121 = CARTESIAN_POINT ( 'NONE',  ( 27.25605529807269178, -18.99999999999999645, 6.999999999999999112 ) ) ;
#4122 = FACE_OUTER_BOUND ( 'NONE', #1942, .T. ) ;
#4123 = EDGE_CURVE ( 'NONE', #2776, #4262, #3166, .T. ) ;
#4124 = EDGE_LOOP ( 'NONE', ( #3745, #3162, #4094, #6569, #1805, #461 ) ) ;
#4125 = EDGE_LOOP ( 'NONE', ( #5736, #2914, #5805, #6536, #4061 ) ) ;
#4126 = DIRECTION ( 'NONE',  ( 0.000000000000000000, -1.000000000000000000, 0.000000000000000000 ) ) ;
#4127 = CARTESIAN_POINT ( 'NONE',  ( -6.000000000000001776, -12.99999999999999467, -2.499999999999981348 ) ) ;
#4128 = ORIENTED_EDGE ( 'NONE', *, *, #2697, .T. ) ;
#4129 = EDGE_CURVE ( 'NONE', #3145, #1949, #2529, .T. ) ;
#4130 = VERTEX_POINT ( 'NONE', #5731 ) ;
#4131 = ORIENTED_EDGE ( 'NONE', *, *, #1286, .T. ) ;
#4132 = DIRECTION ( 'NONE',  ( -0.000000000000000000, -0.000000000000000000, -1.000000000000000000 ) ) ;
#4133 = CARTESIAN_POINT ( 'NONE',  ( 17.00000000000000000, -35.99427459992278244, -1.000000000000000000 ) ) ;
#4134 = FACE_BOUND ( 'NONE', #4628, .T. ) ;
#4135 = ORIENTED_EDGE ( 'NONE', *, *, #1084, .T. ) ;
#4136 = EDGE_CURVE ( 'NONE', #2189, #5769, #3052, .T. ) ;
#4137 = EDGE_CURVE ( 'NONE', #6346, #317, #3069, .T. ) ;
#4138 = LINE ( 'NONE', #5153, #1154 ) ;
#4139 = DIRECTION ( 'NONE',  ( -1.000000000000000000, 0.000000000000000000, 0.000000000000000000 ) ) ;
#4140 = DIRECTION ( 'NONE',  ( -1.000000000000000000, 0.000000000000000000, 0.000000000000000000 ) ) ;
#4141 = DIRECTION ( 'NONE',  ( 1.000000000000000000, 0.000000000000000000, 0.000000000000000000 ) ) ;
#4142 = DIRECTION ( 'NONE',  ( 0.08715574274766843543, -0.9961946980917446570, 0.000000000000000000 ) ) ;
#4143 = ORIENTED_EDGE ( 'NONE', *, *, #6344, .F. ) ;
#4144 = AXIS2_PLACEMENT_3D ( 'NONE', #5950, #2780, #5913 ) ;
#4145 = ORIENTED_EDGE ( 'NONE', *, *, #2818, .F. ) ;
#4146 = DIRECTION ( 'NONE',  ( -0.000000000000000000, -0.000000000000000000, -1.000000000000000000 ) ) ;
#4147 = ORIENTED_EDGE ( 'NONE', *, *, #691, .F. ) ;
#4148 = DIRECTION ( 'NONE',  ( 0.000000000000000000, 0.000000000000000000, 1.000000000000000000 ) ) ;
#4149 = LINE ( 'NONE', #6232, #3879 ) ;
#4150 = CARTESIAN_POINT ( 'NONE',  ( -18.50185265928675804, 13.75465942564961530, -7.000000000000000000 ) ) ;
#4151 = DIRECTION ( 'NONE',  ( 0.000000000000000000, 0.000000000000000000, -1.000000000000000000 ) ) ;
#4152 = LINE ( 'NONE', #3603, #5816 ) ;
#4153 = AXIS2_PLACEMENT_3D ( 'NONE', #5888, #5761, #3165 ) ;
#4154 = ORIENTED_EDGE ( 'NONE', *, *, #544, .F. ) ;
#4155 = EDGE_LOOP ( 'NONE', ( #3461, #2647, #1726, #2411 ) ) ;
#4156 = AXIS2_PLACEMENT_3D ( 'NONE', #333, #4486, #6574 ) ;
#4157 = DIRECTION ( 'NONE',  ( 1.000000000000000000, 0.000000000000000000, -0.000000000000000000 ) ) ;
#4158 = B_SPLINE_CURVE_WITH_KNOTS ( 'NONE', 3,
 ( #2769, #1781, #5354, #4848, #5903, #1130, #1225, #5390, #2808, #4884, #6321, #1683, #3723, #3210, #5290, #626, #219, #4783 ),
 .UNSPECIFIED., .F., .F.,
 ( 4, 2, 2, 2, 2, 2, 2, 2, 4 ),
 ( 1.734723475976807094E-18, 0.001063171616942555110, 0.002126343233885108486, 0.002657929042356389077, 0.003189514850827669234, 0.003455307755063308228, 0.003721100659298948090, 0.003986893563534587084, 0.004252686467770226512 ),
 .UNSPECIFIED. ) ;
#4159 = DIRECTION ( 'NONE',  ( -0.000000000000000000, -0.000000000000000000, -1.000000000000000000 ) ) ;
#4160 = EDGE_CURVE ( 'NONE', #26, #3802, #4163, .T. ) ;
#4161 = ORIENTED_EDGE ( 'NONE', *, *, #3317, .F. ) ;
#4162 = VERTEX_POINT ( 'NONE', #1061 ) ;
#4163 = LINE ( 'NONE', #6243, #4038 ) ;
#4164 = DIRECTION ( 'NONE',  ( -0.000000000000000000, -0.000000000000000000, 1.000000000000000000 ) ) ;
#4165 = DIRECTION ( 'NONE',  ( 0.000000000000000000, 1.000000000000000000, 0.000000000000000000 ) ) ;
#4166 = EDGE_CURVE ( 'NONE', #5446, #6138, #3142, .T. ) ;
#4167 = ORIENTED_EDGE ( 'NONE', *, *, #5001, .T. ) ;
#4168 = CARTESIAN_POINT ( 'NONE',  ( -12.05089442605401651, 17.41901618484751779, -6.277588620693870247 ) ) ;
#4169 = CARTESIAN_POINT ( 'NONE',  ( -27.25605529807278415, -19.00000000000000711, 6.999999999999999112 ) ) ;
#4170 = PLANE ( 'NONE',  #3540 ) ;
#4171 = CARTESIAN_POINT ( 'NONE',  ( -26.00000000000000000, 9.999999999999998224, -1.000000000000000000 ) ) ;
#4172 = DIRECTION ( 'NONE',  ( -0.000000000000000000, -0.000000000000000000, -1.000000000000000000 ) ) ;
#4173 = ADVANCED_FACE ( 'NONE', ( #2635 ), #1808, .F. ) ;
#4174 = EDGE_CURVE ( 'NONE', #521, #744, #3334, .T. ) ;
#4175 = ORIENTED_EDGE ( 'NONE', *, *, #281, .T. ) ;
#4176 = EDGE_LOOP ( 'NONE', ( #3695, #1980, #4192, #3762 ) ) ;
#4177 = DIRECTION ( 'NONE',  ( 0.000000000000000000, 0.000000000000000000, 1.000000000000000000 ) ) ;
#4178 = ORIENTED_EDGE ( 'NONE', *, *, #1078, .T. ) ;
#4179 = CARTESIAN_POINT ( 'NONE',  ( 10.39129341151854469, -24.00000000000000000, -5.500000000000000000 ) ) ;
#4180 = LINE ( 'NONE', #538, #512 ) ;
#4181 = CARTESIAN_POINT ( 'NONE',  ( -6.000000000000001776, -12.99999999999999467, -1.999999999999999556 ) ) ;
#4182 = CARTESIAN_POINT ( 'NONE',  ( -15.00000000000000000, -28.93902645193045231, 6.999999999999999112 ) ) ;
#4183 = CIRCLE ( 'NONE', #3409, 2.650000000000001243 ) ;
#4184 = DIRECTION ( 'NONE',  ( 1.987938561099767374E-14, 1.000000000000000000, -0.000000000000000000 ) ) ;
#4185 = ORIENTED_EDGE ( 'NONE', *, *, #1246, .F. ) ;
#4186 = ORIENTED_EDGE ( 'NONE', *, *, #3276, .T. ) ;
#4187 = AXIS2_PLACEMENT_3D ( 'NONE', #741, #2856, #671 ) ;
#4188 = CARTESIAN_POINT ( 'NONE',  ( -5.991277406158590502, 31.00000000000001421, -6.000000000000000888 ) ) ;
#4189 = FACE_OUTER_BOUND ( 'NONE', #1743, .T. ) ;
#4190 = AXIS2_PLACEMENT_3D ( 'NONE', #1043, #6301, #469 ) ;
#4191 = AXIS2_PLACEMENT_3D ( 'NONE', #3589, #491, #2573 ) ;
#4192 = ORIENTED_EDGE ( 'NONE', *, *, #6250, .T. ) ;
#4193 = EDGE_CURVE ( 'NONE', #4933, #161, #3234, .T. ) ;
#4194 = ORIENTED_EDGE ( 'NONE', *, *, #5043, .F. ) ;
#4195 = CARTESIAN_POINT ( 'NONE',  ( 30.14487539711820929, 2.220446049250313081E-13, -5.000000000000000000 ) ) ;
#4196 = AXIS2_PLACEMENT_3D ( 'NONE', #6533, #1967, #1379 ) ;
#4197 = PLANE ( 'NONE',  #3661 ) ;
#4198 = CARTESIAN_POINT ( 'NONE',  ( 13.00000000000000355, -54.22269074732326999, -1.000000000000000000 ) ) ;
#4199 = EDGE_LOOP ( 'NONE', ( #3611, #152 ) ) ;
#4200 = DIRECTION ( 'NONE',  ( -1.000000000000000000, 1.734723475976807341E-16, -0.000000000000000000 ) ) ;
#4201 = EDGE_CURVE ( 'NONE', #5435, #2585, #5314, .T. ) ;
#4202 = CARTESIAN_POINT ( 'NONE',  ( -13.00000000000000178, -35.99427459992278244, 22.65494915959678224 ) ) ;
#4203 = AXIS2_PLACEMENT_3D ( 'NONE', #2972, #5463, #6016 ) ;
#4204 = CARTESIAN_POINT ( 'NONE',  ( 7.999999999999812594, 27.09831513016748161, -4.000000000000000000 ) ) ;
#4205 = DIRECTION ( 'NONE',  ( 1.000000000000000000, 0.000000000000000000, -0.000000000000000000 ) ) ;
#4206 = DIRECTION ( 'NONE',  ( -0.000000000000000000, -0.000000000000000000, 1.000000000000000000 ) ) ;
#4207 = AXIS2_PLACEMENT_3D ( 'NONE', #4437, #6524, #4369 ) ;
#4208 = EDGE_LOOP ( 'NONE', ( #6618, #4229, #2273, #5060 ) ) ;
#4209 = VECTOR ( 'NONE', #114, 1000.000000000000000 ) ;
#4210 = EDGE_CURVE ( 'NONE', #3331, #1103, #332, .T. ) ;
#4211 = AXIS2_PLACEMENT_3D ( 'NONE', #6683, #36, #2011 ) ;
#4212 = VERTEX_POINT ( 'NONE', #2828 ) ;
#4213 = CARTESIAN_POINT ( 'NONE',  ( 40.00000000000001421, 11.00000000000000000, -6.000000000000000000 ) ) ;
#4214 = EDGE_LOOP ( 'NONE', ( #6685, #3911, #953, #478 ) ) ;
#4215 = VECTOR ( 'NONE', #3471, 1000.000000000000000 ) ;
#4216 = CARTESIAN_POINT ( 'NONE',  ( 3.305443769227863982, -20.99999999999999645, 6.455443769227859008 ) ) ;
#4217 = CARTESIAN_POINT ( 'NONE',  ( 17.00000000000024514, -34.86239308998502651, 6.999999999999999112 ) ) ;
#4218 = PLANE ( 'NONE',  #4190 ) ;
#4219 = CIRCLE ( 'NONE', #1816, 2.000000000000001776 ) ;
#4220 = LINE ( 'NONE', #6302, #3260 ) ;
#4221 = CIRCLE ( 'NONE', #3672, 1.600000000000001643 ) ;
#4222 = CARTESIAN_POINT ( 'NONE',  ( 13.00000000000000178, -43.22269074732326999, 3.799999999999999822 ) ) ;
#4223 = EDGE_CURVE ( 'NONE', #6168, #1111, #1218, .T. ) ;
#4224 = ORIENTED_EDGE ( 'NONE', *, *, #2040, .T. ) ;
#4225 = ORIENTED_EDGE ( 'NONE', *, *, #103, .T. ) ;
#4226 = DIRECTION ( 'NONE',  ( 0.000000000000000000, 0.000000000000000000, 1.000000000000000000 ) ) ;
#4227 = PLANE ( 'NONE',  #885 ) ;
#4228 = ORIENTED_EDGE ( 'NONE', *, *, #497, .T. ) ;
#4229 = ORIENTED_EDGE ( 'NONE', *, *, #2958, .F. ) ;
#4230 = LINE ( 'NONE', #991, #4251 ) ;
#4231 = CARTESIAN_POINT ( 'NONE',  ( 3.849999999999969003, 21.24406644123207144, 7.000000000000000000 ) ) ;
#4232 = ORIENTED_EDGE ( 'NONE', *, *, #357, .F. ) ;
#4233 = EDGE_CURVE ( 'NONE', #2138, #447, #4906, .T. ) ;
#4234 = CARTESIAN_POINT ( 'NONE',  ( 40.14487539711818442, -47.66591431104028942, -5.500000000000000000 ) ) ;
#4235 = DIRECTION ( 'NONE',  ( 1.000000000000000000, 0.000000000000000000, 0.000000000000000000 ) ) ;
#4236 = LINE ( 'NONE', #2611, #6704 ) ;
#4237 = FACE_OUTER_BOUND ( 'NONE', #1589, .T. ) ;
#4238 = CARTESIAN_POINT ( 'NONE',  ( -14.99999999999999467, -59.22269074732326999, 7.000000000000000000 ) ) ;
#4239 = CARTESIAN_POINT ( 'NONE',  ( 26.16487539711820887, 2.225320143510919646E-13, -5.000000000000000000 ) ) ;
#4240 = VERTEX_POINT ( 'NONE', #2320 ) ;
#4241 = EDGE_CURVE ( 'NONE', #141, #5111, #143, .T. ) ;
#4242 = ORIENTED_EDGE ( 'NONE', *, *, #5868, .F. ) ;
#4243 = DIRECTION ( 'NONE',  ( 0.000000000000000000, -0.000000000000000000, 1.000000000000000000 ) ) ;
#4244 = EDGE_LOOP ( 'NONE', ( #324, #851 ) ) ;
#4245 = CARTESIAN_POINT ( 'NONE',  ( -5.000000000000000888, -1.000000000000000000, -5.999999999999992006 ) ) ;
#4246 = CARTESIAN_POINT ( 'NONE',  ( -13.80000000000000071, -48.22269074732328420, -3.999999999999998224 ) ) ;
#4247 = CARTESIAN_POINT ( 'NONE',  ( 5.000000000000000888, 29.74406644123207144, 3.799999999999999822 ) ) ;
#4248 = CARTESIAN_POINT ( 'NONE',  ( 17.00000000000000000, -31.22269074732326288, -1.000000000000000000 ) ) ;
#4249 = ADVANCED_FACE ( 'NONE', ( #6412 ), #6475, .F. ) ;
#4250 = ORIENTED_EDGE ( 'NONE', *, *, #44, .F. ) ;
#4251 = VECTOR ( 'NONE', #2605, 1000.000000000000000 ) ;
#4252 = EDGE_LOOP ( 'NONE', ( #2979, #2888, #2801, #5181 ) ) ;
#4253 = DIRECTION ( 'NONE',  ( 1.000000000000000000, 0.000000000000000000, -0.000000000000000000 ) ) ;
#4254 = DIRECTION ( 'NONE',  ( 0.000000000000000000, 0.000000000000000000, -1.000000000000000000 ) ) ;
#4255 = ADVANCED_FACE ( 'NONE', ( #4904 ), #4774, .F. ) ;
#4256 = EDGE_CURVE ( 'NONE', #4834, #4240, #6328, .T. ) ;
#4257 = ORIENTED_EDGE ( 'NONE', *, *, #2182, .T. ) ;
#4258 = VERTEX_POINT ( 'NONE', #4289 ) ;
#4259 = CARTESIAN_POINT ( 'NONE',  ( 30.14487539711820929, 2.220446049250313081E-13, -7.000000000000000000 ) ) ;
#4260 = VECTOR ( 'NONE', #5684, 1000.000000000000000 ) ;
#4261 = CARTESIAN_POINT ( 'NONE',  ( 11.10000000000000142, -43.22269074732326999, 3.799999999999999822 ) ) ;
#4262 = VERTEX_POINT ( 'NONE', #4835 ) ;
#4263 = DIRECTION ( 'NONE',  ( 0.7372773368101210867, -0.6755902076156634628, 0.000000000000000000 ) ) ;
#4264 = DIRECTION ( 'NONE',  ( -0.000000000000000000, -0.000000000000000000, 1.000000000000000000 ) ) ;
#4265 = LINE ( 'NONE', #88, #6479 ) ;
#4266 = DIRECTION ( 'NONE',  ( -1.000000000000000000, 0.000000000000000000, 0.000000000000000000 ) ) ;
#4267 = CARTESIAN_POINT ( 'NONE',  ( -10.39129341151836705, -27.00000000000000000, -5.500000000000000000 ) ) ;
#4268 = LINE ( 'NONE', #3853, #6707 ) ;
#4269 = ORIENTED_EDGE ( 'NONE', *, *, #4073, .T. ) ;
#4270 = DIRECTION ( 'NONE',  ( -1.000000000000000000, 0.000000000000000000, 0.000000000000000000 ) ) ;
#4271 = ORIENTED_EDGE ( 'NONE', *, *, #5318, .T. ) ;
#4272 = ADVANCED_FACE ( 'NONE', ( #211 ), #1187, .T. ) ;
#4273 = ORIENTED_EDGE ( 'NONE', *, *, #6095, .T. ) ;
#4274 = DIRECTION ( 'NONE',  ( 0.000000000000000000, 0.000000000000000000, 1.000000000000000000 ) ) ;
#4275 = DIRECTION ( 'NONE',  ( 0.000000000000000000, 0.000000000000000000, 1.000000000000000000 ) ) ;
#4276 = DIRECTION ( 'NONE',  ( 1.000000000000000000, -0.000000000000000000, -0.000000000000000000 ) ) ;
#4277 = CARTESIAN_POINT ( 'NONE',  ( 35.19487539711821000, 2.220446049250313081E-13, -1.000000000000000000 ) ) ;
#4278 = VERTEX_POINT ( 'NONE', #3781 ) ;
#4279 = EDGE_LOOP ( 'NONE', ( #4646, #2262 ) ) ;
#4280 = ADVANCED_FACE ( 'NONE', ( #4328 ), #5862, .F. ) ;
#4281 = CARTESIAN_POINT ( 'NONE',  ( -3.850000000000010747, 21.24406644123207144, 7.000000000000000000 ) ) ;
#4282 = LINE ( 'NONE', #2217, #1361 ) ;
#4283 = CIRCLE ( 'NONE', #3978, 3.350000000000000089 ) ;
#4284 = VECTOR ( 'NONE', #2499, 1000.000000000000000 ) ;
#4285 = ORIENTED_EDGE ( 'NONE', *, *, #6594, .T. ) ;
#4286 = ORIENTED_EDGE ( 'NONE', *, *, #5036, .T. ) ;
#4287 = ADVANCED_FACE ( 'NONE', ( #6342 ), #2726, .F. ) ;
#4288 = ADVANCED_FACE ( 'NONE', ( #5826 ), #1772, .T. ) ;
#4289 = CARTESIAN_POINT ( 'NONE',  ( 17.00000000000000711, -43.22269074732326999, 9.000000000000001776 ) ) ;
#4290 = CARTESIAN_POINT ( 'NONE',  ( -16.99999999999999645, -43.22269074732326999, -1.000000000000000000 ) ) ;
#4291 = ORIENTED_EDGE ( 'NONE', *, *, #1084, .F. ) ;
#4292 = CIRCLE ( 'NONE', #601, 3.980000000000000870 ) ;
#4293 = CARTESIAN_POINT ( 'NONE',  ( -11.00000000000000355, -50.45110689472375043, -1.000000000000000000 ) ) ;
#4294 = AXIS2_PLACEMENT_3D ( 'NONE', #4654, #4582, #2614 ) ;
#4295 = EDGE_CURVE ( 'NONE', #1357, #1404, #5839, .T. ) ;
#4296 = AXIS2_PLACEMENT_3D ( 'NONE', #2139, #5202, #6326 ) ;
#4297 = DIRECTION ( 'NONE',  ( 8.673617379884027583E-16, 1.000000000000000000, -0.000000000000000000 ) ) ;
#4298 = AXIS2_PLACEMENT_3D ( 'NONE', #4593, #2007, #5649 ) ;
#4299 = DIRECTION ( 'NONE',  ( 1.000000000000000000, 0.000000000000000000, 0.000000000000000000 ) ) ;
#4300 = CARTESIAN_POINT ( 'NONE',  ( -12.71325320972969308, -49.41737925932407194, -5.067784216417874354 ) ) ;
#4301 = CARTESIAN_POINT ( 'NONE',  ( 23.59487539711820858, 0.000000000000000000, -5.500000000000000000 ) ) ;
#4302 = VERTEX_POINT ( 'NONE', #5519 ) ;
#4303 = AXIS2_PLACEMENT_3D ( 'NONE', #3805, #6309, #1182 ) ;
#4304 = ORIENTED_EDGE ( 'NONE', *, *, #2245, .T. ) ;
#4305 = CONICAL_SURFACE ( 'NONE', #4203, 2.150000000000000355, 0.7853981633974557175 ) ;
#4306 = DIRECTION ( 'NONE',  ( 1.000000000000000000, -0.000000000000000000, -0.000000000000000000 ) ) ;
#4307 = ORIENTED_EDGE ( 'NONE', *, *, #3594, .F. ) ;
#4308 = VECTOR ( 'NONE', #6150, 1000.000000000000000 ) ;
#4309 = CARTESIAN_POINT ( 'NONE',  ( 7.500000000000005329, -56.22269074732326999, -7.000000000000000000 ) ) ;
#4310 = FACE_OUTER_BOUND ( 'NONE', #436, .T. ) ;
#4311 = LINE ( 'NONE', #2779, #599 ) ;
#4312 = PLANE ( 'NONE',  #5439 ) ;
#4313 = AXIS2_PLACEMENT_3D ( 'NONE', #4246, #6263, #5331 ) ;
#4314 = EDGE_CURVE ( 'NONE', #1757, #5865, #913, .T. ) ;
#4315 = ORIENTED_EDGE ( 'NONE', *, *, #3306, .T. ) ;
#4316 = COLOUR_RGB ( '',0.7921568627450980005, 0.8196078431372548767, 0.9333333333333333481 ) ;
#4317 = VERTEX_POINT ( 'NONE', #2859 ) ;
#4318 = VECTOR ( 'NONE', #1041, 1000.000000000000000 ) ;
#4319 = PLANE ( 'NONE',  #1263 ) ;
#4320 = AXIS2_PLACEMENT_3D ( 'NONE', #6608, #3907, #261 ) ;
#4321 = DIRECTION ( 'NONE',  ( 0.000000000000000000, 0.000000000000000000, -1.000000000000000000 ) ) ;
#4322 = ADVANCED_FACE ( 'NONE', ( #4025 ), #3985, .F. ) ;
#4323 = CARTESIAN_POINT ( 'NONE',  ( -26.00000000000000000, 9.999999999999998224, 7.000000000000000000 ) ) ;
#4324 = FACE_OUTER_BOUND ( 'NONE', #6230, .T. ) ;
#4325 = VECTOR ( 'NONE', #4941, 1000.000000000000000 ) ;
#4326 = ORIENTED_EDGE ( 'NONE', *, *, #6354, .T. ) ;
#4327 = ORIENTED_EDGE ( 'NONE', *, *, #5672, .F. ) ;
#4328 = FACE_OUTER_BOUND ( 'NONE', #1782, .T. ) ;
#4329 = CARTESIAN_POINT ( 'NONE',  ( -30.14487539711820929, 0.000000000000000000, 7.000000000000000000 ) ) ;
#4330 = ORIENTED_EDGE ( 'NONE', *, *, #1386, .T. ) ;
#4331 = EDGE_CURVE ( 'NONE', #4583, #443, #4934, .T. ) ;
#4332 = FACE_OUTER_BOUND ( 'NONE', #3574, .T. ) ;
#4333 = LINE ( 'NONE', #2295, #3420 ) ;
#4334 = DIRECTION ( 'NONE',  ( 0.000000000000000000, 0.000000000000000000, -1.000000000000000000 ) ) ;
#4335 = LINE ( 'NONE', #1749, #1703 ) ;
#4336 = DIRECTION ( 'NONE',  ( -1.000000000000000000, 0.000000000000000000, 0.000000000000000000 ) ) ;
#4337 = ORIENTED_EDGE ( 'NONE', *, *, #2265, .F. ) ;
#4338 = EDGE_CURVE ( 'NONE', #1082, #4489, #834, .T. ) ;
#4339 = LINE ( 'NONE', #508, #3607 ) ;
#4340 = DIRECTION ( 'NONE',  ( -0.000000000000000000, -0.000000000000000000, 1.000000000000000000 ) ) ;
#4341 = VERTEX_POINT ( 'NONE', #2927 ) ;
#4342 = PLANE ( 'NONE',  #6703 ) ;
#4343 = ORIENTED_EDGE ( 'NONE', *, *, #4914, .T. ) ;
#4344 = CARTESIAN_POINT ( 'NONE',  ( 20.72901885141147815, -18.99999999999999645, -1.000000000000000000 ) ) ;
#4345 = DIRECTION ( 'NONE',  ( -1.000000000000000000, 0.000000000000000000, 0.000000000000000000 ) ) ;
#4346 = CARTESIAN_POINT ( 'NONE',  ( 9.449999999999885603, 19.24406644123207144, 6.999999999999999112 ) ) ;
#4347 = LINE ( 'NONE', #1763, #5011 ) ;
#4348 = VERTEX_POINT ( 'NONE', #306 ) ;
#4349 = ORIENTED_EDGE ( 'NONE', *, *, #113, .T. ) ;
#4350 = CARTESIAN_POINT ( 'NONE',  ( 14.99999999999999467, -59.22269074732326999, -7.000000000000000000 ) ) ;
#4351 = EDGE_CURVE ( 'NONE', #5469, #4341, #5037, .T. ) ;
#4352 = FACE_OUTER_BOUND ( 'NONE', #6639, .T. ) ;
#4353 = VECTOR ( 'NONE', #1674, 1000.000000000000000 ) ;
#4354 = DIRECTION ( 'NONE',  ( 1.000000000000000000, -1.734723475976807341E-16, -0.000000000000000000 ) ) ;
#4355 = CARTESIAN_POINT ( 'NONE',  ( 10.94999999999999929, 16.85000000000000142, -5.000000000000000000 ) ) ;
#4356 = VERTEX_POINT ( 'NONE', #1287 ) ;
#4357 = ORIENTED_EDGE ( 'NONE', *, *, #912, .F. ) ;
#4358 = DIRECTION ( 'NONE',  ( 0.7372773368101210867, 0.6755902076156634628, 0.000000000000000000 ) ) ;
#4359 = EDGE_CURVE ( 'NONE', #374, #3422, #5297, .T. ) ;
#4360 = CARTESIAN_POINT ( 'NONE',  ( -16.00000000000000000, 16.85000000000000142, -5.500000000000000000 ) ) ;
#4361 = AXIS2_PLACEMENT_3D ( 'NONE', #2893, #2354, #6000 ) ;
#4362 = EDGE_LOOP ( 'NONE', ( #56, #881, #5006, #5083 ) ) ;
#4363 = ORIENTED_EDGE ( 'NONE', *, *, #4995, .T. ) ;
#4364 = CYLINDRICAL_SURFACE ( 'NONE', #1587, 1.599999999999997202 ) ;
#4365 = VECTOR ( 'NONE', #4928, 1000.000000000000000 ) ;
#4366 = CARTESIAN_POINT ( 'NONE',  ( 11.53333333333333321, -48.52352925541695328, -2.428536926285584041 ) ) ;
#4367 = ADVANCED_FACE ( 'NONE', ( #4428 ), #2154, .F. ) ;
#4368 = CARTESIAN_POINT ( 'NONE',  ( 8.999999999999994671, -43.22269074732326999, 9.000000000000001776 ) ) ;
#4369 = DIRECTION ( 'NONE',  ( 1.000000000000000000, 0.000000000000000000, 0.000000000000000000 ) ) ;
#4370 = CARTESIAN_POINT ( 'NONE',  ( -7.500000000000005329, -56.22269074732326999, -7.000000000000000000 ) ) ;
#4371 = ORIENTED_EDGE ( 'NONE', *, *, #4636, .T. ) ;
#4372 = CARTESIAN_POINT ( 'NONE',  ( 9.374106316968417119, -47.36128806545616499, -2.644886555035885323 ) ) ;
#4373 = VERTEX_POINT ( 'NONE', #368 ) ;
#4374 = DIRECTION ( 'NONE',  ( -1.000000000000000000, -1.734723475976807341E-16, 0.000000000000000000 ) ) ;
#4375 = EDGE_CURVE ( 'NONE', #2223, #511, #2692, .T. ) ;
#4376 = EDGE_CURVE ( 'NONE', #4240, #4834, #3882, .T. ) ;
#4377 = CARTESIAN_POINT ( 'NONE',  ( -17.00000000000000000, -46.32269074732328562, -3.999999999999998224 ) ) ;
#4378 = CARTESIAN_POINT ( 'NONE',  ( -7.500000000000003553, -43.22269074732326999, -5.500000000000000000 ) ) ;
#4379 = CARTESIAN_POINT ( 'NONE',  ( -13.00000000000000178, -43.22269074732326999, -5.500000000000000000 ) ) ;
#4380 = DIRECTION ( 'NONE',  ( 0.000000000000000000, -0.000000000000000000, 1.000000000000000000 ) ) ;
#4381 = ORIENTED_EDGE ( 'NONE', *, *, #2640, .F. ) ;
#4382 = ORIENTED_EDGE ( 'NONE', *, *, #1535, .T. ) ;
#4383 = CARTESIAN_POINT ( 'NONE',  ( -2.081668171172168513E-14, 21.24406644123207144, 6.999999999999999112 ) ) ;
#4384 = DIRECTION ( 'NONE',  ( -1.000000000000000000, 0.000000000000000000, 0.000000000000000000 ) ) ;
#4385 = CARTESIAN_POINT ( 'NONE',  ( 30.14487539711820929, 2.220446049250313081E-13, 7.000000000000000000 ) ) ;
#4386 = FACE_OUTER_BOUND ( 'NONE', #3827, .T. ) ;
#4387 = ORIENTED_EDGE ( 'NONE', *, *, #2385, .T. ) ;
#4388 = ORIENTED_EDGE ( 'NONE', *, *, #2616, .F. ) ;
#4389 = CARTESIAN_POINT ( 'NONE',  ( -4.008722593841413939, 31.00000000000001421, 7.000000000000000000 ) ) ;
#4390 = LINE ( 'NONE', #5008, #1639 ) ;
#4391 = ORIENTED_EDGE ( 'NONE', *, *, #6169, .T. ) ;
#4392 = ADVANCED_FACE ( 'NONE', ( #1951 ), #268, .F. ) ;
#4393 = ORIENTED_EDGE ( 'NONE', *, *, #5002, .F. ) ;
#4394 = CARTESIAN_POINT ( 'NONE',  ( -5.991277406158587837, 31.00000000000001421, 7.000000000000000000 ) ) ;
#4395 = CARTESIAN_POINT ( 'NONE',  ( 12.89870828346177234, -49.82269074732327141, -3.765320460230161537 ) ) ;
#4396 = AXIS2_PLACEMENT_3D ( 'NONE', #4626, #6615, #3497 ) ;
#4397 = FACE_BOUND ( 'NONE', #1059, .T. ) ;
#4398 = CARTESIAN_POINT ( 'NONE',  ( 13.00000000000000178, -43.22269074732326999, -1.000000000000000000 ) ) ;
#4399 = FACE_OUTER_BOUND ( 'NONE', #2889, .T. ) ;
#4400 = ORIENTED_EDGE ( 'NONE', *, *, #4785, .F. ) ;
#4401 = EDGE_CURVE ( 'NONE', #155, #5747, #6067, .T. ) ;
#4402 = CIRCLE ( 'NONE', #1241, 4.500000000000000000 ) ;
#4403 = CARTESIAN_POINT ( 'NONE',  ( 30.14487539711820929, 2.220446049250313081E-13, -1.000000000000000000 ) ) ;
#4404 = AXIS2_PLACEMENT_3D ( 'NONE', #2434, #5533, #2910 ) ;
#4405 = ORIENTED_EDGE ( 'NONE', *, *, #2318, .F. ) ;
#4406 = DIRECTION ( 'NONE',  ( -3.083923978207811463E-16, 1.000000000000000000, 0.000000000000000000 ) ) ;
#4407 = LINE ( 'NONE', #6635, #5304 ) ;
#4408 = CARTESIAN_POINT ( 'NONE',  ( -3.305443769227841333, -20.99999999999999645, 6.455443769227852790 ) ) ;
#4409 = CARTESIAN_POINT ( 'NONE',  ( 3.850000000000001421, -12.99999999999999467, -6.500000000000007105 ) ) ;
#4410 = VECTOR ( 'NONE', #460, 1000.000000000000000 ) ;
#4411 = EDGE_CURVE ( 'NONE', #776, #1998, #6517, .T. ) ;
#4412 = CONICAL_SURFACE ( 'NONE', #4095, 2.149999999999997247, 0.7853981633974566057 ) ;
#4413 = VERTEX_POINT ( 'NONE', #2992 ) ;
#4414 = ORIENTED_EDGE ( 'NONE', *, *, #6443, .F. ) ;
#4415 = ORIENTED_EDGE ( 'NONE', *, *, #4732, .F. ) ;
#4416 = CYLINDRICAL_SURFACE ( 'NONE', #6291, 2.149999999999997247 ) ;
#4417 = DIRECTION ( 'NONE',  ( -0.000000000000000000, -0.000000000000000000, -1.000000000000000000 ) ) ;
#4418 = AXIS2_PLACEMENT_3D ( 'NONE', #6485, #2807, #4847 ) ;
#4419 = ADVANCED_FACE ( 'NONE', ( #1843 ), #6105, .F. ) ;
#4420 = EDGE_CURVE ( 'NONE', #5491, #1250, #5624, .T. ) ;
#4421 = AXIS2_PLACEMENT_3D ( 'NONE', #541, #65, #6424 ) ;
#4422 = PLANE ( 'NONE',  #3089 ) ;
#4423 = PLANE ( 'NONE',  #5387 ) ;
#4424 = CIRCLE ( 'NONE', #2690, 6.549999999999997158 ) ;
#4425 = VERTEX_POINT ( 'NONE', #5477 ) ;
#4426 = ORIENTED_EDGE ( 'NONE', *, *, #1758, .F. ) ;
#4427 = AXIS2_PLACEMENT_3D ( 'NONE', #4259, #6445, #2258 ) ;
#4428 = FACE_OUTER_BOUND ( 'NONE', #410, .T. ) ;
#4429 = CARTESIAN_POINT ( 'NONE',  ( -8.000000000000001776, 24.22277336810119763, -4.000000000000000000 ) ) ;
#4430 = AXIS2_PLACEMENT_3D ( 'NONE', #3729, #156, #1136 ) ;
#4431 = EDGE_LOOP ( 'NONE', ( #4097, #6284 ) ) ;
#4432 = VERTEX_POINT ( 'NONE', #3434 ) ;
#4433 = CARTESIAN_POINT ( 'NONE',  ( -3.850000000000004086, -12.99999999999999467, 9.000000000000001776 ) ) ;
#4434 = CARTESIAN_POINT ( 'NONE',  ( 3.350000000000001421, -12.99999999999999467, -7.000000000000000000 ) ) ;
#4435 = CARTESIAN_POINT ( 'NONE',  ( 13.79999999999999893, -46.62269074732328278, -3.999999999999998224 ) ) ;
#4436 = LINE ( 'NONE', #1958, #5588 ) ;
#4437 = CARTESIAN_POINT ( 'NONE',  ( -13.00000000000000178, -43.22269074732326999, -1.000000000000000000 ) ) ;
#4438 = CARTESIAN_POINT ( 'NONE',  ( 8.150000000000002132, -12.99999999999999467, -6.500000000000007105 ) ) ;
#4439 = ADVANCED_FACE ( 'NONE', ( #812, #2891, #4977 ), #4459, .T. ) ;
#4440 = ORIENTED_EDGE ( 'NONE', *, *, #2551, .F. ) ;
#4441 = CARTESIAN_POINT ( 'NONE',  ( -5.000000000000000888, 29.74406644123207144, 3.799999999999999822 ) ) ;
#4442 = ORIENTED_EDGE ( 'NONE', *, *, #1078, .F. ) ;
#4443 = CARTESIAN_POINT ( 'NONE',  ( 7.999999999999835687, 24.22277336810119763, -1.000000000000000000 ) ) ;
#4444 = DIRECTION ( 'NONE',  ( -0.000000000000000000, -0.000000000000000000, 1.000000000000000000 ) ) ;
#4445 = DIRECTION ( 'NONE',  ( -1.000000000000000000, 0.000000000000000000, 0.000000000000000000 ) ) ;
#4446 = DIRECTION ( 'NONE',  ( -0.000000000000000000, -0.000000000000000000, -1.000000000000000000 ) ) ;
#4447 = EDGE_CURVE ( 'NONE', #4672, #676, #6502, .T. ) ;
#4448 = ORIENTED_EDGE ( 'NONE', *, *, #6621, .F. ) ;
#4449 = ORIENTED_EDGE ( 'NONE', *, *, #254, .T. ) ;
#4450 = VERTEX_POINT ( 'NONE', #1083 ) ;
#4451 = ORIENTED_EDGE ( 'NONE', *, *, #4137, .T. ) ;
#4452 = CARTESIAN_POINT ( 'NONE',  ( -26.16487539711820176, 0.000000000000000000, -7.000000000000000000 ) ) ;
#4453 = EDGE_CURVE ( 'NONE', #4617, #4616, #946, .T. ) ;
#4454 = DIRECTION ( 'NONE',  ( -1.000000000000000000, 0.000000000000000000, 0.000000000000000000 ) ) ;
#4455 = DIRECTION ( 'NONE',  ( -0.000000000000000000, 0.000000000000000000, -1.000000000000000000 ) ) ;
#4456 = CARTESIAN_POINT ( 'NONE',  ( -31.25537671716908150, -6.455175196550846373, -5.500000000000000000 ) ) ;
#4457 = VERTEX_POINT ( 'NONE', #3062 ) ;
#4458 = ORIENTED_EDGE ( 'NONE', *, *, #4988, .T. ) ;
#4459 = PLANE ( 'NONE',  #3770 ) ;
#4460 = EDGE_CURVE ( 'NONE', #1020, #2351, #4058, .T. ) ;
#4461 = ADVANCED_FACE ( 'NONE', ( #3575 ), #6720, .T. ) ;
#4462 = DIRECTION ( 'NONE',  ( -0.000000000000000000, -0.000000000000000000, -1.000000000000000000 ) ) ;
#4463 = VERTEX_POINT ( 'NONE', #2629 ) ;
#4464 = CIRCLE ( 'NONE', #6212, 3.350000000000000089 ) ;
#4465 = LINE ( 'NONE', #3374, #4215 ) ;
#4466 = VECTOR ( 'NONE', #6476, 1000.000000000000114 ) ;
#4467 = CARTESIAN_POINT ( 'NONE',  ( 21.59487539711815174, 10.30000000000000249, -1.000000000000000000 ) ) ;
#4468 = CARTESIAN_POINT ( 'NONE',  ( 30.14487539711820929, 2.220446049250313081E-13, -5.000000000000000000 ) ) ;
#4469 = DIRECTION ( 'NONE',  ( -0.000000000000000000, -0.000000000000000000, 1.000000000000000000 ) ) ;
#4470 = CARTESIAN_POINT ( 'NONE',  ( -2.081668171172168513E-14, -11.73931215304559927, -1.000000000000000000 ) ) ;
#4471 = CARTESIAN_POINT ( 'NONE',  ( -9.450000000000002842, 19.24406644123207144, 6.999999999999999112 ) ) ;
#4472 = ORIENTED_EDGE ( 'NONE', *, *, #1376, .T. ) ;
#4473 = AXIS2_PLACEMENT_3D ( 'NONE', #6611, #5542, #2004 ) ;
#4474 = FACE_OUTER_BOUND ( 'NONE', #6002, .T. ) ;
#4475 = CARTESIAN_POINT ( 'NONE',  ( -8.676806735756560585, -46.62269074732329699, -4.191395859478678432 ) ) ;
#4476 = DIRECTION ( 'NONE',  ( 0.000000000000000000, 0.000000000000000000, 1.000000000000000000 ) ) ;
#4477 = CARTESIAN_POINT ( 'NONE',  ( -9.450000000000002842, 24.24406644123207499, -1.000000000000000000 ) ) ;
#4478 = CARTESIAN_POINT ( 'NONE',  ( 13.00000000000000178, -43.22269074732326999, 9.000000000000001776 ) ) ;
#4479 = ORIENTED_EDGE ( 'NONE', *, *, #4940, .T. ) ;
#4480 = ADVANCED_FACE ( 'NONE', ( #6134 ), #4731, .F. ) ;
#4481 = ORIENTED_EDGE ( 'NONE', *, *, #3673, .T. ) ;
#4482 = VERTEX_POINT ( 'NONE', #1501 ) ;
#4483 = VERTEX_POINT ( 'NONE', #5242 ) ;
#4484 = DIRECTION ( 'NONE',  ( 0.000000000000000000, -0.000000000000000000, 1.000000000000000000 ) ) ;
#4485 = DIRECTION ( 'NONE',  ( -1.000000000000000000, 0.000000000000000000, 0.000000000000000000 ) ) ;
#4486 = DIRECTION ( 'NONE',  ( 0.000000000000000000, 0.000000000000000000, 1.000000000000000000 ) ) ;
#4487 = FACE_OUTER_BOUND ( 'NONE', #1795, .T. ) ;
#4488 = EDGE_CURVE ( 'NONE', #1867, #260, #3122, .T. ) ;
#4489 = VERTEX_POINT ( 'NONE', #4188 ) ;
#4490 = ORIENTED_EDGE ( 'NONE', *, *, #448, .F. ) ;
#4491 = CARTESIAN_POINT ( 'NONE',  ( -31.25537671716908150, -6.455175196550846373, -1.000000000000000000 ) ) ;
#4492 = CARTESIAN_POINT ( 'NONE',  ( -21.59487539711820503, 8.300000000000002487, -1.000000000000000000 ) ) ;
#4493 = ORIENTED_EDGE ( 'NONE', *, *, #4578, .T. ) ;
#4494 = ADVANCED_FACE ( 'NONE', ( #6272 ), #1603, .F. ) ;
#4495 = ADVANCED_FACE ( 'NONE', ( #5143 ), #3136, .F. ) ;
#4496 = ORIENTED_EDGE ( 'NONE', *, *, #748, .T. ) ;
#4497 = DIRECTION ( 'NONE',  ( -1.000000000000000000, 0.000000000000000000, 0.000000000000000000 ) ) ;
#4498 = DIRECTION ( 'NONE',  ( 1.000000000000000000, 0.000000000000000000, 0.000000000000000000 ) ) ;
#4499 = LINE ( 'NONE', #857, #6031 ) ;
#4500 = DIRECTION ( 'NONE',  ( -1.000000000000000000, 0.000000000000000000, 0.000000000000000000 ) ) ;
#4501 = CARTESIAN_POINT ( 'NONE',  ( 10.94999999999999929, 16.85000000000000142, -5.000000000000000000 ) ) ;
#4502 = PLANE ( 'NONE',  #3526 ) ;
#4503 = ORIENTED_EDGE ( 'NONE', *, *, #4675, .T. ) ;
#4504 = CIRCLE ( 'NONE', #3299, 3.979999999999997318 ) ;
#4505 = EDGE_CURVE ( 'NONE', #39, #5106, #189, .T. ) ;
#4506 = CARTESIAN_POINT ( 'NONE',  ( 13.00000000000000178, -43.22269074732326999, 3.799999999999999822 ) ) ;
#4507 = AXIS2_PLACEMENT_3D ( 'NONE', #3893, #1297, #1960 ) ;
#4508 = CARTESIAN_POINT ( 'NONE',  ( 3.850000000000001421, -12.99999999999999467, -6.500000000000007105 ) ) ;
#4509 = CYLINDRICAL_SURFACE ( 'NONE', #179, 6.550000000000000711 ) ;
#4510 = FACE_OUTER_BOUND ( 'NONE', #3563, .T. ) ;
#4511 = DIRECTION ( 'NONE',  ( 1.000000000000000000, -1.734723475976807341E-16, 0.000000000000000000 ) ) ;
#4512 = ORIENTED_EDGE ( 'NONE', *, *, #2590, .F. ) ;
#4513 = AXIS2_PLACEMENT_3D ( 'NONE', #6246, #3648, #5734 ) ;
#4514 = VERTEX_POINT ( 'NONE', #5212 ) ;
#4515 = ORIENTED_EDGE ( 'NONE', *, *, #2922, .T. ) ;
#4516 = VECTOR ( 'NONE', #4749, 1000.000000000000000 ) ;
#4517 = ORIENTED_EDGE ( 'NONE', *, *, #2753, .T. ) ;
#4518 = DIRECTION ( 'NONE',  ( -1.000000000000000000, 0.000000000000000000, 0.000000000000000000 ) ) ;
#4519 = DIRECTION ( 'NONE',  ( -0.000000000000000000, -0.000000000000000000, 1.000000000000000000 ) ) ;
#4520 = AXIS2_PLACEMENT_3D ( 'NONE', #3924, #6009, #5015 ) ;
#4521 = CARTESIAN_POINT ( 'NONE',  ( 6.000000000000001776, -12.99999999999999467, -6.500000000000007105 ) ) ;
#4522 = EDGE_CURVE ( 'NONE', #4787, #4617, #5108, .T. ) ;
#4523 = CARTESIAN_POINT ( 'NONE',  ( -30.14487539711820929, 9.999999999999998224, 7.000000000000000000 ) ) ;
#4524 = ORIENTED_EDGE ( 'NONE', *, *, #241, .T. ) ;
#4525 = ORIENTED_EDGE ( 'NONE', *, *, #5537, .F. ) ;
#4526 = AXIS2_PLACEMENT_3D ( 'NONE', #3303, #586, #4266 ) ;
#4527 = DIRECTION ( 'NONE',  ( -0.6427876096865351441, 0.7660444431189815662, 0.000000000000000000 ) ) ;
#4528 = AXIS2_PLACEMENT_3D ( 'NONE', #4267, #5803, #6222 ) ;
#4529 = LINE ( 'NONE', #414, #3814 ) ;
#4530 = EDGE_CURVE ( 'NONE', #1253, #1020, #4976, .T. ) ;
#4531 = AXIS2_PLACEMENT_3D ( 'NONE', #2702, #5832, #6347 ) ;
#4532 = VERTEX_POINT ( 'NONE', #5178 ) ;
#4533 = AXIS2_PLACEMENT_3D ( 'NONE', #5645, #401, #4558 ) ;
#4534 = AXIS2_PLACEMENT_3D ( 'NONE', #1153, #3264, #5346 ) ;
#4535 = EDGE_LOOP ( 'NONE', ( #325, #2149, #3154, #2783, #2946, #1532, #3278 ) ) ;
#4536 = PLANE ( 'NONE',  #4760 ) ;
#4537 = AXIS2_PLACEMENT_3D ( 'NONE', #2763, #1221, #715 ) ;
#4538 = DIRECTION ( 'NONE',  ( 1.000000000000000000, 0.000000000000000000, 0.000000000000000000 ) ) ;
#4539 = DIRECTION ( 'NONE',  ( 0.000000000000000000, 0.000000000000000000, -1.000000000000000000 ) ) ;
#4540 = CARTESIAN_POINT ( 'NONE',  ( 13.39129341151854291, -27.00000000000000000, 7.000000000000000888 ) ) ;
#4541 = DIRECTION ( 'NONE',  ( 0.000000000000000000, 0.000000000000000000, 1.000000000000000000 ) ) ;
#4542 = CARTESIAN_POINT ( 'NONE',  ( 10.50000000000000178, -12.99999999999999467, -1.999999999999999556 ) ) ;
#4543 = EDGE_CURVE ( 'NONE', #1117, #416, #2582, .T. ) ;
#4544 = CIRCLE ( 'NONE', #1608, 1.600000000000002531 ) ;
#4545 = ORIENTED_EDGE ( 'NONE', *, *, #985, .F. ) ;
#4546 = DIRECTION ( 'NONE',  ( -0.000000000000000000, -0.000000000000000000, -1.000000000000000000 ) ) ;
#4547 = DIRECTION ( 'NONE',  ( -0.000000000000000000, -0.000000000000000000, -1.000000000000000000 ) ) ;
#4548 = DIRECTION ( 'NONE',  ( -0.000000000000000000, -0.000000000000000000, 1.000000000000000000 ) ) ;
#4549 = LINE ( 'NONE', #6698, #1389 ) ;
#4550 = DIRECTION ( 'NONE',  ( -1.000000000000000000, 0.000000000000000000, 0.000000000000000000 ) ) ;
#4551 = EDGE_CURVE ( 'NONE', #3307, #5926, #2115, .T. ) ;
#4552 = EDGE_CURVE ( 'NONE', #4965, #4655, #1533, .T. ) ;
#4553 = ORIENTED_EDGE ( 'NONE', *, *, #2959, .F. ) ;
#4554 = ORIENTED_EDGE ( 'NONE', *, *, #3118, .T. ) ;
#4555 = ORIENTED_EDGE ( 'NONE', *, *, #1021, .T. ) ;
#4556 = ORIENTED_EDGE ( 'NONE', *, *, #2040, .F. ) ;
#4557 = CARTESIAN_POINT ( 'NONE',  ( 16.99999999999999289, -59.22269074732326999, 7.000000000000000000 ) ) ;
#4558 = DIRECTION ( 'NONE',  ( 1.000000000000000000, 0.000000000000000000, 0.000000000000000000 ) ) ;
#4559 = DIRECTION ( 'NONE',  ( -0.000000000000000000, -0.000000000000000000, 1.000000000000000000 ) ) ;
#4560 = LINE ( 'NONE', #6575, #917 ) ;
#4561 = ORIENTED_EDGE ( 'NONE', *, *, #3371, .F. ) ;
#4562 = ADVANCED_FACE ( 'NONE', ( #5688 ), #1018, .F. ) ;
#4563 = ORIENTED_EDGE ( 'NONE', *, *, #4210, .F. ) ;
#4564 = DIRECTION ( 'NONE',  ( 1.000000000000000000, 0.000000000000000000, 0.000000000000000000 ) ) ;
#4565 = DIRECTION ( 'NONE',  ( -1.000000000000000000, 0.000000000000000000, 0.000000000000000000 ) ) ;
#4566 = ORIENTED_EDGE ( 'NONE', *, *, #1421, .T. ) ;
#4567 = ORIENTED_EDGE ( 'NONE', *, *, #2841, .T. ) ;
#4568 = EDGE_CURVE ( 'NONE', #1998, #5788, #1113, .T. ) ;
#4569 = ORIENTED_EDGE ( 'NONE', *, *, #6217, .T. ) ;
#4570 = DIRECTION ( 'NONE',  ( -1.000000000000000000, 1.823796845045658185E-16, 0.000000000000000000 ) ) ;
#4571 = DIRECTION ( 'NONE',  ( 0.6427876096865349220, -0.7660444431189816772, 0.000000000000000000 ) ) ;
#4572 = VECTOR ( 'NONE', #2321, 1000.000000000000000 ) ;
#4573 = FACE_OUTER_BOUND ( 'NONE', #6257, .T. ) ;
#4574 = LINE ( 'NONE', #6143, #696 ) ;
#4575 = ORIENTED_EDGE ( 'NONE', *, *, #4823, .F. ) ;
#4576 = CARTESIAN_POINT ( 'NONE',  ( -26.00000000000000355, 21.25010530891830030, 7.000000000000000000 ) ) ;
#4577 = AXIS2_PLACEMENT_3D ( 'NONE', #4195, #483, #6278 ) ;
#4578 = EDGE_CURVE ( 'NONE', #776, #5393, #4861, .T. ) ;
#4579 = LINE ( 'NONE', #6667, #1472 ) ;
#4580 = CARTESIAN_POINT ( 'NONE',  ( 7.500000000000003553, -43.22269074732326999, -5.500000000000000000 ) ) ;
#4581 = DIRECTION ( 'NONE',  ( -1.000000000000000000, 0.000000000000000000, 0.000000000000000000 ) ) ;
#4582 = DIRECTION ( 'NONE',  ( -0.000000000000000000, -0.000000000000000000, 1.000000000000000000 ) ) ;
#4583 = VERTEX_POINT ( 'NONE', #106 ) ;
#4584 = AXIS2_PLACEMENT_3D ( 'NONE', #2289, #643, #4358 ) ;
#4585 = ADVANCED_FACE ( 'NONE', ( #4799 ), #3706, .F. ) ;
#4586 = VERTEX_POINT ( 'NONE', #137 ) ;
#4587 = EDGE_CURVE ( 'NONE', #765, #5942, #5790, .T. ) ;
#4588 = AXIS2_PLACEMENT_3D ( 'NONE', #1313, #3391, #4454 ) ;
#4589 = EDGE_LOOP ( 'NONE', ( #1675, #4673, #2194, #1211 ) ) ;
#4590 = ORIENTED_EDGE ( 'NONE', *, *, #3286, .F. ) ;
#4591 = CARTESIAN_POINT ( 'NONE',  ( 12.88890875107582268, -49.79064265204249295, -4.366082870348914291 ) ) ;
#4592 = DIRECTION ( 'NONE',  ( 0.7372773368101210867, -0.6755902076156634628, 0.000000000000000000 ) ) ;
#4593 = CARTESIAN_POINT ( 'NONE',  ( -16.00000000000000000, 16.85000000000000142, -1.000000000000000000 ) ) ;
#4594 = DIRECTION ( 'NONE',  ( 1.000000000000000000, 0.000000000000000000, -0.000000000000000000 ) ) ;
#4595 = ORIENTED_EDGE ( 'NONE', *, *, #1568, .T. ) ;
#4596 = VERTEX_POINT ( 'NONE', #2248 ) ;
#4597 = DIRECTION ( 'NONE',  ( 0.000000000000000000, 0.000000000000000000, 1.000000000000000000 ) ) ;
#4598 = LINE ( 'NONE', #6684, #5667 ) ;
#4599 = ORIENTED_EDGE ( 'NONE', *, *, #5356, .F. ) ;
#4600 = ORIENTED_EDGE ( 'NONE', *, *, #4008, .T. ) ;
#4601 = ORIENTED_EDGE ( 'NONE', *, *, #175, .T. ) ;
#4602 = CARTESIAN_POINT ( 'NONE',  ( 29.29659163829112600, -8.061623882891092663, -5.500000000000000000 ) ) ;
#4603 = CARTESIAN_POINT ( 'NONE',  ( -13.00000000000000178, -43.22269074732326999, -7.000000000000000000 ) ) ;
#4604 = LINE ( 'NONE', #452, #5161 ) ;
#4605 = ORIENTED_EDGE ( 'NONE', *, *, #3335, .T. ) ;
#4606 = ADVANCED_FACE ( 'NONE', ( #2215 ), #4319, .F. ) ;
#4607 = FACE_OUTER_BOUND ( 'NONE', #2628, .T. ) ;
#4608 = LINE ( 'NONE', #4990, #1141 ) ;
#4609 = CARTESIAN_POINT ( 'NONE',  ( 25.99999999999991473, 11.99999999999999822, -4.000000000000000000 ) ) ;
#4610 = DIRECTION ( 'NONE',  ( -1.000000000000000000, -0.000000000000000000, -0.000000000000000000 ) ) ;
#4611 = DIRECTION ( 'NONE',  ( -1.615063890455122697E-16, 1.000000000000000000, -0.000000000000000000 ) ) ;
#4612 = VERTEX_POINT ( 'NONE', #3322 ) ;
#4613 = ADVANCED_FACE ( 'NONE', ( #6437 ), #5409, .T. ) ;
#4614 = AXIS2_PLACEMENT_3D ( 'NONE', #364, #879, #5578 ) ;
#4615 = ORIENTED_EDGE ( 'NONE', *, *, #3873, .F. ) ;
#4616 = VERTEX_POINT ( 'NONE', #738 ) ;
#4617 = VERTEX_POINT ( 'NONE', #5270 ) ;
#4618 = CARTESIAN_POINT ( 'NONE',  ( -25.09487539711820858, 0.000000000000000000, -1.000000000000000000 ) ) ;
#4619 = DIRECTION ( 'NONE',  ( -0.7660444431189815662, 0.6427876096865351441, 0.000000000000000000 ) ) ;
#4620 = CARTESIAN_POINT ( 'NONE',  ( -8.149999999999998579, -12.99999999999999467, -2.499999999999981348 ) ) ;
#4621 = CIRCLE ( 'NONE', #5486, 3.200000000000001510 ) ;
#4622 = DIRECTION ( 'NONE',  ( -1.000000000000000000, -1.734723475976807341E-16, -0.000000000000000000 ) ) ;
#4623 = EDGE_CURVE ( 'NONE', #5111, #5561, #954, .T. ) ;
#4624 = AXIS2_PLACEMENT_3D ( 'NONE', #4649, #3147, #2067 ) ;
#4625 = DIRECTION ( 'NONE',  ( -1.000000000000000000, 0.000000000000000000, 0.000000000000000000 ) ) ;
#4626 = CARTESIAN_POINT ( 'NONE',  ( -16.00000000000000000, 16.85000000000000142, -5.000000000000000000 ) ) ;
#4627 = AXIS2_PLACEMENT_3D ( 'NONE', #1621, #2033, #5227 ) ;
#4628 = EDGE_LOOP ( 'NONE', ( #3523, #5210 ) ) ;
#4629 = CIRCLE ( 'NONE', #5494, 1.899999999999999023 ) ;
#4630 = ORIENTED_EDGE ( 'NONE', *, *, #1089, .T. ) ;
#4631 = CIRCLE ( 'NONE', #6579, 3.200000000000006839 ) ;
#4632 = DIRECTION ( 'NONE',  ( 0.000000000000000000, 0.000000000000000000, 1.000000000000000000 ) ) ;
#4633 = CARTESIAN_POINT ( 'NONE',  ( 4.999999999999993783, -1.000000000000000000, -6.000000000000000000 ) ) ;
#4634 = VECTOR ( 'NONE', #576, 1000.000000000000000 ) ;
#4635 = ADVANCED_FACE ( 'NONE', ( #2186 ), #606, .T. ) ;
#4636 = EDGE_CURVE ( 'NONE', #1103, #5491, #6308, .T. ) ;
#4637 = ORIENTED_EDGE ( 'NONE', *, *, #365, .F. ) ;
#4638 = AXIS2_PLACEMENT_3D ( 'NONE', #4882, #1223, #1779 ) ;
#4639 = ORIENTED_EDGE ( 'NONE', *, *, #1332, .F. ) ;
#4640 = ORIENTED_EDGE ( 'NONE', *, *, #3898, .T. ) ;
#4641 = AXIS2_PLACEMENT_3D ( 'NONE', #2364, #2837, #1328 ) ;
#4642 = DIRECTION ( 'NONE',  ( -1.000000000000000000, 0.000000000000000000, 0.000000000000000000 ) ) ;
#4643 = DIRECTION ( 'NONE',  ( 1.000000000000000000, 0.000000000000000000, 0.000000000000000000 ) ) ;
#4644 = DIRECTION ( 'NONE',  ( -1.000000000000000000, 1.734723475976807341E-16, -0.000000000000000000 ) ) ;
#4645 = CIRCLE ( 'NONE', #3768, 18.99999999999998934 ) ;
#4646 = ORIENTED_EDGE ( 'NONE', *, *, #448, .T. ) ;
#4647 = CARTESIAN_POINT ( 'NONE',  ( 3.399999999999999467, 29.74406644123207144, 7.000000000000000000 ) ) ;
#4648 = VECTOR ( 'NONE', #1273, 999.9999999999998863 ) ;
#4649 = CARTESIAN_POINT ( 'NONE',  ( 23.59487539711813753, 10.30000000000000249, -5.500000000000000000 ) ) ;
#4650 = PRODUCT_DEFINITION ( '普通', '', #5809, #5568 ) ;
#4651 = AXIS2_PLACEMENT_3D ( 'NONE', #639, #5857, #3258 ) ;
#4652 = PLANE ( 'NONE',  #2463 ) ;
#4653 = DIRECTION ( 'NONE',  ( -0.000000000000000000, -0.000000000000000000, 1.000000000000000000 ) ) ;
#4654 = CARTESIAN_POINT ( 'NONE',  ( 11.00000000000003553, -35.99427459992277534, -5.500000000000000000 ) ) ;
#4655 = VERTEX_POINT ( 'NONE', #4896 ) ;
#4656 = AXIS2_PLACEMENT_3D ( 'NONE', #970, #1378, #5670 ) ;
#4657 = ORIENTED_EDGE ( 'NONE', *, *, #2606, .T. ) ;
#4658 = CARTESIAN_POINT ( 'NONE',  ( 9.085870282856516766, -47.08923151024491460, -5.141280288323225811 ) ) ;
#4659 = EDGE_CURVE ( 'NONE', #3465, #2419, #1212, .T. ) ;
#4660 = EDGE_LOOP ( 'NONE', ( #3247, #4680, #1081, #6375, #902 ) ) ;
#4661 = CARTESIAN_POINT ( 'NONE',  ( 40.00000000000001421, 11.00000000000000000, -6.000000000000000000 ) ) ;
#4662 = CARTESIAN_POINT ( 'NONE',  ( 12.09800759387858804, -48.77946718360626477, -5.500000000000000000 ) ) ;
#4663 = CARTESIAN_POINT ( 'NONE',  ( -1.200000000000011946, 17.61612204515214231, -7.000000000000000000 ) ) ;
#4664 = DIRECTION ( 'NONE',  ( 1.000000000000000000, 0.000000000000000000, 0.000000000000000000 ) ) ;
#4665 = CARTESIAN_POINT ( 'NONE',  ( 7.500000000000000000, -24.00000000000000000, -7.000000000000000000 ) ) ;
#4666 = ORIENTED_EDGE ( 'NONE', *, *, #4052, .F. ) ;
#4667 = B_SPLINE_CURVE_WITH_KNOTS ( 'NONE', 3,
 ( #2471, #4475, #2028, #1476, #4107, #1442, #319, #931, #3010, #427, #5095, #6188 ),
 .UNSPECIFIED., .F., .F.,
 ( 4, 2, 2, 2, 2, 4 ),
 ( 0.004252686467770226512, 0.004819489009735141230, 0.005102890280717601625, 0.005386291551700062019, 0.005953094093664984543, 0.006519896635629907934 ),
 .UNSPECIFIED. ) ;
#4668 = ORIENTED_EDGE ( 'NONE', *, *, #993, .T. ) ;
#4669 = ADVANCED_FACE ( 'NONE', ( #1635, #2691 ), #204, .T. ) ;
#4670 = DIRECTION ( 'NONE',  ( -0.000000000000000000, -0.000000000000000000, -1.000000000000000000 ) ) ;
#4671 = LINE ( 'NONE', #4026, #2834 ) ;
#4672 = VERTEX_POINT ( 'NONE', #3804 ) ;
#4673 = ORIENTED_EDGE ( 'NONE', *, *, #1970, .T. ) ;
#4674 = ORIENTED_EDGE ( 'NONE', *, *, #2061, .F. ) ;
#4675 = EDGE_CURVE ( 'NONE', #1855, #2300, #5887, .T. ) ;
#4676 = ADVANCED_FACE ( 'NONE', ( #1145 ), #3289, .F. ) ;
#4677 = CARTESIAN_POINT ( 'NONE',  ( 16.00000000000000000, 16.84999999999999787, 7.000000000000000000 ) ) ;
#4678 = DIRECTION ( 'NONE',  ( -1.000000000000000000, 0.000000000000000000, 0.000000000000000000 ) ) ;
#4679 = CARTESIAN_POINT ( 'NONE',  ( -13.00000000000000000, -28.93902645193045231, -5.500000000000000000 ) ) ;
#4680 = ORIENTED_EDGE ( 'NONE', *, *, #2873, .F. ) ;
#4681 = CARTESIAN_POINT ( 'NONE',  ( 5.000000000000000888, 29.74406644123207144, 7.000000000000000000 ) ) ;
#4682 = FACE_OUTER_BOUND ( 'NONE', #6014, .T. ) ;
#4683 = DIRECTION ( 'NONE',  ( -6.751279369214866896E-15, 1.000000000000000000, 0.000000000000000000 ) ) ;
#4684 = CARTESIAN_POINT ( 'NONE',  ( -7.500000000000005329, -48.77946718360626477, -5.500000000000000000 ) ) ;
#4685 = LINE ( 'NONE', #2577, #701 ) ;
#4686 = ORIENTED_EDGE ( 'NONE', *, *, #16, .F. ) ;
#4687 = AXIS2_PLACEMENT_3D ( 'NONE', #2663, #1219, #2290 ) ;
#4688 = VERTEX_POINT ( 'NONE', #5340 ) ;
#4689 = DIRECTION ( 'NONE',  ( -0.000000000000000000, -0.000000000000000000, 1.000000000000000000 ) ) ;
#4690 = ORIENTED_EDGE ( 'NONE', *, *, #5092, .T. ) ;
#4691 = CIRCLE ( 'NONE', #5338, 6.549999999999895905 ) ;
#4692 = CARTESIAN_POINT ( 'NONE',  ( 6.000000000000001776, -12.99999999999999467, -1.999999999999999556 ) ) ;
#4693 = CARTESIAN_POINT ( 'NONE',  ( -2.081668171172168513E-14, -11.73931215304559927, -1.000000000000000000 ) ) ;
#4694 = CARTESIAN_POINT ( 'NONE',  ( 22.56935410655539087, 11.99999999999999822, -1.000000000000000000 ) ) ;
#4695 = DIRECTION ( 'NONE',  ( 5.383546301517076067E-17, -1.000000000000000000, 0.000000000000000000 ) ) ;
#4696 = ADVANCED_FACE ( 'NONE', ( #5367 ), #2382, .F. ) ;
#4697 = CARTESIAN_POINT ( 'NONE',  ( 9.036643361581157663, -47.03821287619491898, -2.912967826326953613 ) ) ;
#4698 = AXIS2_PLACEMENT_3D ( 'NONE', #5368, #1244, #5411 ) ;
#4699 = VERTEX_POINT ( 'NONE', #2950 ) ;
#4700 = ORIENTED_EDGE ( 'NONE', *, *, #3866, .F. ) ;
#4701 = DIRECTION ( 'NONE',  ( 1.000000000000000000, 0.000000000000000000, 0.000000000000000000 ) ) ;
#4702 = LINE ( 'NONE', #167, #3428 ) ;
#4703 = EDGE_CURVE ( 'NONE', #4317, #3032, #3390, .T. ) ;
#4704 = ORIENTED_EDGE ( 'NONE', *, *, #630, .F. ) ;
#4705 = ORIENTED_EDGE ( 'NONE', *, *, #3323, .T. ) ;
#4706 = CARTESIAN_POINT ( 'NONE',  ( 16.00000000000000000, 16.84999999999999787, -3.999999999999999112 ) ) ;
#4707 = CARTESIAN_POINT ( 'NONE',  ( 13.00000000000000355, -48.72269074732326288, -5.500000000000000000 ) ) ;
#4708 = LINE ( 'NONE', #2023, #2228 ) ;
#4709 = ORIENTED_EDGE ( 'NONE', *, *, #3067, .T. ) ;
#4710 = EDGE_CURVE ( 'NONE', #2319, #4902, #5410, .T. ) ;
#4711 = CARTESIAN_POINT ( 'NONE',  ( -8.650000000000002132, -12.99999999999999467, -7.000000000000000000 ) ) ;
#4712 = DIRECTION ( 'NONE',  ( 1.000000000000000000, 0.000000000000000000, 0.000000000000000000 ) ) ;
#4713 = DIRECTION ( 'NONE',  ( -0.000000000000000000, -0.000000000000000000, -1.000000000000000000 ) ) ;
#4714 = CARTESIAN_POINT ( 'NONE',  ( -9.450000000000002842, 19.24406644123207499, -1.000000000000000000 ) ) ;
#4715 = DIRECTION ( 'NONE',  ( 0.000000000000000000, -0.000000000000000000, -1.000000000000000000 ) ) ;
#4716 = ORIENTED_EDGE ( 'NONE', *, *, #273, .T. ) ;
#4717 = EDGE_CURVE ( 'NONE', #5106, #2906, #2313, .T. ) ;
#4718 = EDGE_CURVE ( 'NONE', #6681, #2542, #3492, .T. ) ;
#4719 = ORIENTED_EDGE ( 'NONE', *, *, #94, .T. ) ;
#4720 = CARTESIAN_POINT ( 'NONE',  ( 8.938795477144314106, -46.93237470313765414, -4.949682652666392180 ) ) ;
#4721 = ORIENTED_EDGE ( 'NONE', *, *, #4256, .T. ) ;
#4722 = CARTESIAN_POINT ( 'NONE',  ( -15.35985703909246958, 31.00000000000001421, 7.000000000000000000 ) ) ;
#4723 = CARTESIAN_POINT ( 'NONE',  ( 11.39999999999999858, -43.22269074732326999, -7.000000000000000000 ) ) ;
#4724 = FACE_OUTER_BOUND ( 'NONE', #2926, .T. ) ;
#4725 = LINE ( 'NONE', #5785, #3917 ) ;
#4726 = VECTOR ( 'NONE', #1247, 1000.000000000000000 ) ;
#4727 = CARTESIAN_POINT ( 'NONE',  ( 13.00000000000000178, -35.99427459992278244, 6.999999999999999112 ) ) ;
#4728 = VERTEX_POINT ( 'NONE', #5031 ) ;
#4729 = ORIENTED_EDGE ( 'NONE', *, *, #6259, .T. ) ;
#4730 = VECTOR ( 'NONE', #5514, 1000.000000000000000 ) ;
#4731 = CYLINDRICAL_SURFACE ( 'NONE', #1375, 10.00000000000000178 ) ;
#4732 = EDGE_CURVE ( 'NONE', #3358, #1868, #361, .T. ) ;
#4733 = DIRECTION ( 'NONE',  ( 1.000000000000000000, 0.000000000000000000, 0.000000000000000000 ) ) ;
#4734 = AXIS2_PLACEMENT_3D ( 'NONE', #6264, #5263, #5167 ) ;
#4735 = CIRCLE ( 'NONE', #2131, 2.000000000000000000 ) ;
#4736 = EDGE_LOOP ( 'NONE', ( #3758, #1553 ) ) ;
#4737 = ORIENTED_EDGE ( 'NONE', *, *, #6216, .T. ) ;
#4738 = CARTESIAN_POINT ( 'NONE',  ( -13.00000000000000355, -56.22269074732326999, -1.000000000000000000 ) ) ;
#4739 = EDGE_CURVE ( 'NONE', #6457, #5697, #623, .T. ) ;
#4740 = VECTOR ( 'NONE', #3757, 1000.000000000000000 ) ;
#4741 = DIRECTION ( 'NONE',  ( 1.000000000000000000, 0.000000000000000000, 0.000000000000000000 ) ) ;
#4742 = ORIENTED_EDGE ( 'NONE', *, *, #5478, .T. ) ;
#4743 = LINE ( 'NONE', #2166, #2476 ) ;
#4744 = CARTESIAN_POINT ( 'NONE',  ( 12.01999999999999957, 16.85000000000000142, -7.000000000000000000 ) ) ;
#4745 = EDGE_CURVE ( 'NONE', #4258, #6602, #6728, .T. ) ;
#4746 = AXIS2_PLACEMENT_3D ( 'NONE', #4707, #5187, #6281 ) ;
#4747 = DIRECTION ( 'NONE',  ( 0.000000000000000000, -0.000000000000000000, 1.000000000000000000 ) ) ;
#4748 = CARTESIAN_POINT ( 'NONE',  ( 12.02159339531376148, 16.71950822060256314, -6.940015837568037860 ) ) ;
#4749 = DIRECTION ( 'NONE',  ( -0.000000000000000000, -0.000000000000000000, -1.000000000000000000 ) ) ;
#4750 = VECTOR ( 'NONE', #5976, 1000.000000000000000 ) ;
#4751 = ORIENTED_EDGE ( 'NONE', *, *, #6115, .F. ) ;
#4752 = AXIS2_PLACEMENT_3D ( 'NONE', #4576, #1993, #4068 ) ;
#4753 = VECTOR ( 'NONE', #3053, 1000.000000000000000 ) ;
#4754 = AXIS2_PLACEMENT_3D ( 'NONE', #413, #2489, #4564 ) ;
#4755 = VERTEX_POINT ( 'NONE', #906 ) ;
#4756 = CARTESIAN_POINT ( 'NONE',  ( -16.00000000000000000, 10.30000000000000249, -5.500000000000000000 ) ) ;
#4757 = ADVANCED_FACE ( 'NONE', ( #4018 ), #6571, .F. ) ;
#4758 = EDGE_LOOP ( 'NONE', ( #4561, #5651, #1544, #641 ) ) ;
#4759 = EDGE_CURVE ( 'NONE', #4596, #6062, #5090, .T. ) ;
#4760 = AXIS2_PLACEMENT_3D ( 'NONE', #889, #375, #2457 ) ;
#4761 = DIRECTION ( 'NONE',  ( -0.000000000000000000, -0.000000000000000000, -1.000000000000000000 ) ) ;
#4762 = CARTESIAN_POINT ( 'NONE',  ( -22.75590207615664085, 24.22277336810120474, -6.000000000000000888 ) ) ;
#4763 = CARTESIAN_POINT ( 'NONE',  ( -6.899999999999999467, 29.74406644123207144, 3.799999999999999822 ) ) ;
#4764 = CIRCLE ( 'NONE', #6393, 2.000000000000001776 ) ;
#4765 = DIRECTION ( 'NONE',  ( 1.000000000000000000, -4.336808689942017120E-17, -0.000000000000000000 ) ) ;
#4766 = AXIS2_PLACEMENT_3D ( 'NONE', #4281, #5309, #3838 ) ;
#4767 = CARTESIAN_POINT ( 'NONE',  ( -6.000000000000001776, -12.99999999999999467, -6.500000000000005329 ) ) ;
#4768 = EDGE_LOOP ( 'NONE', ( #1330, #2527, #5693, #5640, #4926 ) ) ;
#4769 = ORIENTED_EDGE ( 'NONE', *, *, #6655, .F. ) ;
#4770 = CARTESIAN_POINT ( 'NONE',  ( 22.56935410655539087, 11.99999999999999822, -4.000000000000000000 ) ) ;
#4771 = CARTESIAN_POINT ( 'NONE',  ( 10.39129341151854469, -27.00000000000000000, -5.500000000000000000 ) ) ;
#4772 = ORIENTED_EDGE ( 'NONE', *, *, #5458, .T. ) ;
#4773 = ORIENTED_EDGE ( 'NONE', *, *, #3855, .F. ) ;
#4774 = CYLINDRICAL_SURFACE ( 'NONE', #766, 3.980000000000004423 ) ;
#4775 = CARTESIAN_POINT ( 'NONE',  ( -15.35985703909246958, 31.00000000000001421, -7.000000000000000000 ) ) ;
#4776 = EDGE_LOOP ( 'NONE', ( #6178, #4809 ) ) ;
#4777 = EDGE_CURVE ( 'NONE', #2720, #6404, #5518, .T. ) ;
#4778 = DIRECTION ( 'NONE',  ( 0.000000000000000000, 0.000000000000000000, 1.000000000000000000 ) ) ;
#4779 = CYLINDRICAL_SURFACE ( 'NONE', #3646, 6.549999999999997158 ) ;
#4780 = DIRECTION ( 'NONE',  ( -0.000000000000000000, -0.000000000000000000, 1.000000000000000000 ) ) ;
#4781 = FACE_OUTER_BOUND ( 'NONE', #5665, .T. ) ;
#4782 = CARTESIAN_POINT ( 'NONE',  ( -12.34054991815223268, -48.96289738484620813, -2.578683438910255532 ) ) ;
#4783 = CARTESIAN_POINT ( 'NONE',  ( -8.676806735756560585, -46.62269074732328988, -3.999999999999998224 ) ) ;
#4784 = ORIENTED_EDGE ( 'NONE', *, *, #1678, .F. ) ;
#4785 = EDGE_CURVE ( 'NONE', #3020, #6682, #6619, .T. ) ;
#4786 = FACE_OUTER_BOUND ( 'NONE', #1339, .T. ) ;
#4787 = VERTEX_POINT ( 'NONE', #3976 ) ;
#4788 = DIRECTION ( 'NONE',  ( 1.000000000000000000, 0.000000000000000000, 0.000000000000000000 ) ) ;
#4789 = VERTEX_POINT ( 'NONE', #3360 ) ;
#4790 = FACE_OUTER_BOUND ( 'NONE', #5468, .T. ) ;
#4791 = FACE_BOUND ( 'NONE', #398, .T. ) ;
#4792 = DIRECTION ( 'NONE',  ( -1.000000000000000000, 0.000000000000000000, 0.000000000000000000 ) ) ;
#4793 = CARTESIAN_POINT ( 'NONE',  ( 13.80000000000000071, -48.22269074732328420, -3.999999999999998224 ) ) ;
#4794 = EDGE_CURVE ( 'NONE', #6340, #2041, #2593, .T. ) ;
#4795 = ADVANCED_FACE ( 'NONE', ( #5470 ), #4416, .F. ) ;
#4796 = ORIENTED_EDGE ( 'NONE', *, *, #1156, .T. ) ;
#4797 = AXIS2_PLACEMENT_3D ( 'NONE', #4127, #2601, #6106 ) ;
#4798 = VERTEX_POINT ( 'NONE', #6539 ) ;
#4799 = FACE_OUTER_BOUND ( 'NONE', #1569, .T. ) ;
#4800 = DIRECTION ( 'NONE',  ( -1.000000000000000000, 0.000000000000000000, -0.000000000000000000 ) ) ;
#4801 = VECTOR ( 'NONE', #5962, 1000.000000000000000 ) ;
#4802 = EDGE_CURVE ( 'NONE', #2232, #1253, #801, .T. ) ;
#4803 = EDGE_LOOP ( 'NONE', ( #1842, #5966, #1986, #1040, #2989, #2655, #4175 ) ) ;
#4804 = AXIS2_PLACEMENT_3D ( 'NONE', #125, #4850, #4270 ) ;
#4805 = ORIENTED_EDGE ( 'NONE', *, *, #1638, .F. ) ;
#4806 = CARTESIAN_POINT ( 'NONE',  ( 5.000000000000000888, 29.74406644123207144, 3.799999999999999822 ) ) ;
#4807 = VECTOR ( 'NONE', #2700, 1000.000000000000000 ) ;
#4808 = DIRECTION ( 'NONE',  ( 1.000000000000000000, 0.000000000000000000, 0.000000000000000000 ) ) ;
#4809 = ORIENTED_EDGE ( 'NONE', *, *, #3699, .T. ) ;
#4810 = CARTESIAN_POINT ( 'NONE',  ( -8.000000000000001776, 35.74406644123207144, -1.000000000000000000 ) ) ;
#4811 = CARTESIAN_POINT ( 'NONE',  ( 8.000000000000000000, 37.74406644123207144, 7.000000000000000000 ) ) ;
#4812 = CARTESIAN_POINT ( 'NONE',  ( -30.14487539711820929, 0.000000000000000000, -7.000000000000000000 ) ) ;
#4813 = CARTESIAN_POINT ( 'NONE',  ( -3.850000000000004086, -12.99999999999999467, -2.499999999999981348 ) ) ;
#4814 = DIRECTION ( 'NONE',  ( -0.000000000000000000, -0.000000000000000000, -1.000000000000000000 ) ) ;
#4815 = EDGE_CURVE ( 'NONE', #5049, #673, #6509, .T. ) ;
#4816 = ORIENTED_EDGE ( 'NONE', *, *, #958, .T. ) ;
#4817 = ORIENTED_EDGE ( 'NONE', *, *, #1156, .F. ) ;
#4818 = DIRECTION ( 'NONE',  ( -1.000000000000000000, -5.383546301517076684E-17, 0.000000000000000000 ) ) ;
#4819 = EDGE_LOOP ( 'NONE', ( #3102, #2675, #3217, #1574 ) ) ;
#4820 = LINE ( 'NONE', #2208, #2362 ) ;
#4821 = CARTESIAN_POINT ( 'NONE',  ( 11.00000000000000533, -56.22269074732326999, -1.000000000000000000 ) ) ;
#4822 = LINE ( 'NONE', #158, #3530 ) ;
#4823 = EDGE_CURVE ( 'NONE', #510, #6228, #4221, .T. ) ;
#4824 = DIRECTION ( 'NONE',  ( -1.000000000000000000, 1.734723475976807341E-16, -0.000000000000000000 ) ) ;
#4825 = VERTEX_POINT ( 'NONE', #5508 ) ;
#4826 = ORIENTED_EDGE ( 'NONE', *, *, #4718, .T. ) ;
#4827 = CARTESIAN_POINT ( 'NONE',  ( 17.00000000000000000, -34.86239308998525388, -1.000000000000000000 ) ) ;
#4828 = EDGE_CURVE ( 'NONE', #1431, #776, #5574, .T. ) ;
#4829 = FACE_OUTER_BOUND ( 'NONE', #1615, .T. ) ;
#4830 = CARTESIAN_POINT ( 'NONE',  ( 13.00000000000000178, -43.22269074732326999, -5.500000000000000000 ) ) ;
#4831 = CARTESIAN_POINT ( 'NONE',  ( -16.00000000000000000, 16.85000000000000142, -5.000000000000000000 ) ) ;
#4832 = CIRCLE ( 'NONE', #592, 4.500000000000000888 ) ;
#4833 = ORIENTED_EDGE ( 'NONE', *, *, #6573, .F. ) ;
#4834 = VERTEX_POINT ( 'NONE', #1973 ) ;
#4835 = CARTESIAN_POINT ( 'NONE',  ( 34.12487539711820261, 2.220446049250313081E-13, -5.000000000000000000 ) ) ;
#4836 = EDGE_CURVE ( 'NONE', #619, #3448, #2483, .T. ) ;
#4837 = ADVANCED_FACE ( 'NONE', ( #6008 ), #4113, .F. ) ;
#4838 = DIRECTION ( 'NONE',  ( -0.000000000000000000, -0.000000000000000000, 1.000000000000000000 ) ) ;
#4839 = CIRCLE ( 'NONE', #2771, 3.000000000000000000 ) ;
#4840 = ORIENTED_EDGE ( 'NONE', *, *, #2987, .F. ) ;
#4841 = VECTOR ( 'NONE', #5564, 1000.000000000000000 ) ;
#4842 = CARTESIAN_POINT ( 'NONE',  ( 40.00000000000000711, 31.00000000000001066, -7.000000000000000000 ) ) ;
#4843 = VECTOR ( 'NONE', #4142, 1000.000000000000114 ) ;
#4844 = CARTESIAN_POINT ( 'NONE',  ( 4.008722593841409498, 31.00000000000001066, 7.000000000000000000 ) ) ;
#4845 = AXIS2_PLACEMENT_3D ( 'NONE', #4830, #3261, #1183 ) ;
#4846 = CARTESIAN_POINT ( 'NONE',  ( -21.05000000000000071, 16.85000000000000142, -5.000000000000000000 ) ) ;
#4847 = DIRECTION ( 'NONE',  ( 1.000000000000000000, 0.000000000000000000, 0.000000000000000000 ) ) ;
#4848 = CARTESIAN_POINT ( 'NONE',  ( -10.22218386732918560, -47.98289685598179943, -2.410110966943419530 ) ) ;
#4849 = VERTEX_POINT ( 'NONE', #856 ) ;
#4850 = DIRECTION ( 'NONE',  ( -0.000000000000000000, -0.000000000000000000, -1.000000000000000000 ) ) ;
#4851 = EDGE_CURVE ( 'NONE', #5393, #2555, #1466, .T. ) ;
#4852 = VERTEX_POINT ( 'NONE', #1362 ) ;
#4853 = DIRECTION ( 'NONE',  ( 5.383546301517076684E-17, -1.000000000000000000, 0.000000000000000000 ) ) ;
#4854 = ORIENTED_EDGE ( 'NONE', *, *, #1783, .T. ) ;
#4855 = VECTOR ( 'NONE', #5149, 1000.000000000000000 ) ;
#4856 = CARTESIAN_POINT ( 'NONE',  ( 3.849999999999969003, 21.24406644123207144, 7.000000000000000000 ) ) ;
#4857 = DIRECTION ( 'NONE',  ( -1.000000000000000000, 0.000000000000000000, 0.000000000000000000 ) ) ;
#4858 = CYLINDRICAL_SURFACE ( 'NONE', #3970, 9.999999999999998224 ) ;
#4859 = DIRECTION ( 'NONE',  ( -0.000000000000000000, -0.000000000000000000, -1.000000000000000000 ) ) ;
#4860 = VECTOR ( 'NONE', #5094, 1000.000000000000000 ) ;
#4861 = CIRCLE ( 'NONE', #2897, 2.000000000000000000 ) ;
#4862 = EDGE_CURVE ( 'NONE', #1232, #4728, #3402, .T. ) ;
#4863 = ORIENTED_EDGE ( 'NONE', *, *, #3336, .T. ) ;
#4864 = EDGE_LOOP ( 'NONE', ( #1537, #5276, #383, #6411, #4116, #1584, #3083 ) ) ;
#4865 = AXIS2_PLACEMENT_3D ( 'NONE', #5711, #5135, #6299 ) ;
#4866 = DIRECTION ( 'NONE',  ( 0.000000000000000000, 0.000000000000000000, -1.000000000000000000 ) ) ;
#4867 = CIRCLE ( 'NONE', #1941, 2.000000000000000000 ) ;
#4868 = DIRECTION ( 'NONE',  ( 0.000000000000000000, 0.000000000000000000, 1.000000000000000000 ) ) ;
#4869 = CARTESIAN_POINT ( 'NONE',  ( 14.60000000000000320, -43.22269074732326999, -7.000000000000000000 ) ) ;
#4870 = DIRECTION ( 'NONE',  ( 1.000000000000000000, 0.000000000000000000, 0.000000000000000000 ) ) ;
#4871 = EDGE_CURVE ( 'NONE', #1739, #5469, #2909, .T. ) ;
#4872 = ORIENTED_EDGE ( 'NONE', *, *, #3986, .T. ) ;
#4873 = EDGE_LOOP ( 'NONE', ( #5240, #6582, #6480, #767 ) ) ;
#4874 = CARTESIAN_POINT ( 'NONE',  ( -30.14487539711820929, 0.000000000000000000, -7.000000000000000000 ) ) ;
#4875 = LINE ( 'NONE', #5828, #3806 ) ;
#4876 = EDGE_LOOP ( 'NONE', ( #542, #1721, #1310, #4014 ) ) ;
#4877 = ADVANCED_FACE ( 'NONE', ( #6038 ), #2495, .T. ) ;
#4878 = ADVANCED_FACE ( 'NONE', ( #2964 ), #1325, .F. ) ;
#4879 = ORIENTED_EDGE ( 'NONE', *, *, #5214, .T. ) ;
#4880 = FACE_BOUND ( 'NONE', #3340, .T. ) ;
#4881 = CARTESIAN_POINT ( 'NONE',  ( 12.49090634719325088, -49.11363056473982169, -2.668050110095462557 ) ) ;
#4882 = CARTESIAN_POINT ( 'NONE',  ( 30.14487539711820929, 0.000000000000000000, -1.000000000000000000 ) ) ;
#4883 = CARTESIAN_POINT ( 'NONE',  ( -17.00000000000000000, -34.86239308998524677, 6.999999999999999112 ) ) ;
#4884 = CARTESIAN_POINT ( 'NONE',  ( -8.907063185885277790, -46.89720374741689568, -3.100368114060056524 ) ) ;
#4885 = ORIENTED_EDGE ( 'NONE', *, *, #2896, .F. ) ;
#4886 = CARTESIAN_POINT ( 'NONE',  ( 8.863327340630114293, -46.84958256655771436, -3.163817784386822041 ) ) ;
#4887 = ORIENTED_EDGE ( 'NONE', *, *, #2029, .T. ) ;
#4888 = CARTESIAN_POINT ( 'NONE',  ( 40.14487539711818442, -48.22269074732326999, -3.999999999999998224 ) ) ;
#4889 = ORIENTED_EDGE ( 'NONE', *, *, #4331, .F. ) ;
#4890 = CARTESIAN_POINT ( 'NONE',  ( 5.991277406158590502, 31.00000000000001066, -6.000000000000000888 ) ) ;
#4891 = DIRECTION ( 'NONE',  ( -1.000000000000000000, 0.000000000000000000, 0.000000000000000000 ) ) ;
#4892 = CARTESIAN_POINT ( 'NONE',  ( -21.50000000000000000, 24.22277336810119763, -1.000000000000000000 ) ) ;
#4893 = CARTESIAN_POINT ( 'NONE',  ( -23.59487539711820858, 10.30000000000000249, -5.500000000000000000 ) ) ;
#4894 = VERTEX_POINT ( 'NONE', #3442 ) ;
#4895 = ORIENTED_EDGE ( 'NONE', *, *, #912, .T. ) ;
#4896 = CARTESIAN_POINT ( 'NONE',  ( -7.500000000000006217, -47.66591431104029652, -5.500000000000000000 ) ) ;
#4897 = CARTESIAN_POINT ( 'NONE',  ( -13.00000000000000355, -56.22269074732326999, -5.500000000000000000 ) ) ;
#4898 = EDGE_CURVE ( 'NONE', #1017, #2377, #6394, .T. ) ;
#4899 = AXIS2_PLACEMENT_3D ( 'NONE', #5215, #986, #3501 ) ;
#4900 = DIRECTION ( 'NONE',  ( 0.000000000000000000, -0.000000000000000000, -1.000000000000000000 ) ) ;
#4901 = LINE ( 'NONE', #5444, #55 ) ;
#4902 = VERTEX_POINT ( 'NONE', #822 ) ;
#4903 = ORIENTED_EDGE ( 'NONE', *, *, #3578, .T. ) ;
#4904 = FACE_OUTER_BOUND ( 'NONE', #5552, .T. ) ;
#4905 = CARTESIAN_POINT ( 'NONE',  ( 12.05089442605401651, 17.41901618484752134, -6.277588620693871135 ) ) ;
#4906 = CIRCLE ( 'NONE', #6658, 3.979999999999997318 ) ;
#4907 = EDGE_CURVE ( 'NONE', #3263, #4798, #6625, .T. ) ;
#4908 = ORIENTED_EDGE ( 'NONE', *, *, #1638, .T. ) ;
#4909 = DIRECTION ( 'NONE',  ( -0.000000000000000000, -0.000000000000000000, -1.000000000000000000 ) ) ;
#4910 = FACE_OUTER_BOUND ( 'NONE', #547, .T. ) ;
#4911 = DIRECTION ( 'NONE',  ( 0.000000000000000000, -1.000000000000000000, 0.000000000000000000 ) ) ;
#4912 = CYLINDRICAL_SURFACE ( 'NONE', #5185, 6.550000000000000711 ) ;
#4913 = CARTESIAN_POINT ( 'NONE',  ( -8.999999999999998224, -43.22269074732326999, 9.000000000000001776 ) ) ;
#4914 = EDGE_CURVE ( 'NONE', #5697, #1150, #1956, .T. ) ;
#4915 = EDGE_LOOP ( 'NONE', ( #128, #3595, #5201, #4062, #872, #162, #4056, #6506, #2072, #2749, #5100 ) ) ;
#4916 = DIRECTION ( 'NONE',  ( 1.000000000000000000, 0.000000000000000000, 0.000000000000000000 ) ) ;
#4917 = ORIENTED_EDGE ( 'NONE', *, *, #2823, .F. ) ;
#4918 = CARTESIAN_POINT ( 'NONE',  ( -13.00000000000000178, -43.22269074732326999, 3.799999999999999822 ) ) ;
#4919 = LINE ( 'NONE', #3314, #2478 ) ;
#4920 = DIRECTION ( 'NONE',  ( -0.000000000000000000, -0.000000000000000000, -1.000000000000000000 ) ) ;
#4921 = LINE ( 'NONE', #2210, #6153 ) ;
#4922 = EDGE_CURVE ( 'NONE', #2056, #2609, #5194, .T. ) ;
#4923 = EDGE_CURVE ( 'NONE', #5572, #775, #4003, .T. ) ;
#4924 = ORIENTED_EDGE ( 'NONE', *, *, #2754, .T. ) ;
#4925 = ORIENTED_EDGE ( 'NONE', *, *, #4703, .F. ) ;
#4926 = ORIENTED_EDGE ( 'NONE', *, *, #5830, .F. ) ;
#4927 = DIRECTION ( 'NONE',  ( 1.000000000000000000, 0.000000000000000000, 0.000000000000000000 ) ) ;
#4928 = DIRECTION ( 'NONE',  ( 1.000000000000000000, 0.000000000000000000, 0.000000000000000000 ) ) ;
#4929 = LINE ( 'NONE', #5372, #2119 ) ;
#4930 = CARTESIAN_POINT ( 'NONE',  ( -1.000000000000000888, 29.74406644123207144, 7.000000000000000000 ) ) ;
#4931 = ORIENTED_EDGE ( 'NONE', *, *, #5664, .T. ) ;
#4932 = EDGE_CURVE ( 'NONE', #3034, #2510, #4867, .T. ) ;
#4933 = VERTEX_POINT ( 'NONE', #3472 ) ;
#4934 = LINE ( 'NONE', #1912, #5953 ) ;
#4935 = AXIS2_PLACEMENT_3D ( 'NONE', #5046, #379, #2326 ) ;
#4936 = CARTESIAN_POINT ( 'NONE',  ( 26.00000000000000000, 9.999999999999998224, -1.000000000000000000 ) ) ;
#4937 = VERTEX_POINT ( 'NONE', #5555 ) ;
#4938 = VECTOR ( 'NONE', #2447, 1000.000000000000000 ) ;
#4939 = DIRECTION ( 'NONE',  ( -0.000000000000000000, 0.000000000000000000, -1.000000000000000000 ) ) ;
#4940 = EDGE_CURVE ( 'NONE', #4965, #4413, #5743, .T. ) ;
#4941 = DIRECTION ( 'NONE',  ( 1.000000000000000000, 0.000000000000000000, 0.000000000000000000 ) ) ;
#4942 = DIRECTION ( 'NONE',  ( 0.000000000000000000, 0.000000000000000000, 1.000000000000000000 ) ) ;
#4943 = CIRCLE ( 'NONE', #5924, 1.600000000000001643 ) ;
#4944 =( LENGTH_UNIT ( ) NAMED_UNIT ( * ) SI_UNIT ( .MILLI., .METRE. ) );
#4945 = CARTESIAN_POINT ( 'NONE',  ( 7.999999999999739764, 37.74406644123207144, -4.000000000000000000 ) ) ;
#4946 = CARTESIAN_POINT ( 'NONE',  ( 26.00000000000000000, 11.99999999999999822, -7.000000000000000000 ) ) ;
#4947 = ORIENTED_EDGE ( 'NONE', *, *, #6431, .F. ) ;
#4948 = VECTOR ( 'NONE', #598, 1000.000000000000114 ) ;
#4949 = DIRECTION ( 'NONE',  ( 1.000000000000000000, 0.000000000000000000, 0.000000000000000000 ) ) ;
#4950 = AXIS2_PLACEMENT_3D ( 'NONE', #465, #4689, #1625 ) ;
#4951 = EDGE_CURVE ( 'NONE', #5686, #744, #4544, .T. ) ;
#4952 = VECTOR ( 'NONE', #2536, 1000.000000000000114 ) ;
#4953 = ORIENTED_EDGE ( 'NONE', *, *, #1504, .F. ) ;
#4954 = CARTESIAN_POINT ( 'NONE',  ( 9.449999999999885603, 24.24406644123207499, -1.000000000000000000 ) ) ;
#4955 = CARTESIAN_POINT ( 'NONE',  ( -5.000000000000000888, 29.74406644123207144, -1.000000000000000000 ) ) ;
#4956 = PLANE ( 'NONE',  #3886 ) ;
#4957 = DIRECTION ( 'NONE',  ( -0.000000000000000000, -0.000000000000000000, -1.000000000000000000 ) ) ;
#4958 = CIRCLE ( 'NONE', #2241, 3.980000000000000870 ) ;
#4959 = ORIENTED_EDGE ( 'NONE', *, *, #5877, .T. ) ;
#4960 = CIRCLE ( 'NONE', #5182, 3.980000000000004423 ) ;
#4961 = EDGE_CURVE ( 'NONE', #5849, #5300, #5044, .T. ) ;
#4962 = VECTOR ( 'NONE', #5322, 1000.000000000000000 ) ;
#4963 = ORIENTED_EDGE ( 'NONE', *, *, #1637, .T. ) ;
#4964 = EDGE_CURVE ( 'NONE', #317, #1883, #5628, .T. ) ;
#4965 = VERTEX_POINT ( 'NONE', #419 ) ;
#4966 = VERTEX_POINT ( 'NONE', #4434 ) ;
#4967 = DIRECTION ( 'NONE',  ( -1.000000000000000000, 0.000000000000000000, 0.000000000000000000 ) ) ;
#4968 = AXIS2_PLACEMENT_3D ( 'NONE', #2682, #2144, #2209 ) ;
#4969 = DIRECTION ( 'NONE',  ( 0.000000000000000000, -0.000000000000000000, -1.000000000000000000 ) ) ;
#4970 = AXIS2_PLACEMENT_3D ( 'NONE', #3852, #3788, #1296 ) ;
#4971 = DIRECTION ( 'NONE',  ( 0.000000000000000000, 0.000000000000000000, 1.000000000000000000 ) ) ;
#4972 = DIRECTION ( 'NONE',  ( 0.000000000000000000, 0.000000000000000000, 1.000000000000000000 ) ) ;
#4973 = AXIS2_PLACEMENT_3D ( 'NONE', #1627, #3696, #5752 ) ;
#4974 = ORIENTED_EDGE ( 'NONE', *, *, #5969, .T. ) ;
#4975 = ORIENTED_EDGE ( 'NONE', *, *, #3944, .F. ) ;
#4976 = CIRCLE ( 'NONE', #4211, 1.599999999999997202 ) ;
#4977 = FACE_BOUND ( 'NONE', #4199, .T. ) ;
#4978 = CARTESIAN_POINT ( 'NONE',  ( -40.14487539711821285, 0.000000000000000000, -1.000000000000000000 ) ) ;
#4979 = VERTEX_POINT ( 'NONE', #6521 ) ;
#4980 = VECTOR ( 'NONE', #2932, 1000.000000000000000 ) ;
#4981 = ORIENTED_EDGE ( 'NONE', *, *, #5478, .F. ) ;
#4982 = CARTESIAN_POINT ( 'NONE',  ( 26.00000000000000000, 11.99999999999999822, -7.000000000000000000 ) ) ;
#4983 = CARTESIAN_POINT ( 'NONE',  ( -13.00000000000000178, -43.22269074732326999, -5.500000000000000000 ) ) ;
#4984 = CARTESIAN_POINT ( 'NONE',  ( 5.991277406158592278, 31.00000000000001066, 7.000000000000000000 ) ) ;
#4985 = DIRECTION ( 'NONE',  ( 0.000000000000000000, 0.000000000000000000, 1.000000000000000000 ) ) ;
#4986 = DIRECTION ( 'NONE',  ( -1.000000000000000000, 0.000000000000000000, 0.000000000000000000 ) ) ;
#4987 = ORIENTED_EDGE ( 'NONE', *, *, #2541, .T. ) ;
#4988 = EDGE_CURVE ( 'NONE', #6602, #4258, #5522, .T. ) ;
#4989 = FACE_OUTER_BOUND ( 'NONE', #3424, .T. ) ;
#4990 = CARTESIAN_POINT ( 'NONE',  ( 27.96285684503430602, -6.175863910284965286, -5.500000000000000000 ) ) ;
#4991 = DIRECTION ( 'NONE',  ( 1.000000000000000000, 0.000000000000000000, -0.000000000000000000 ) ) ;
#4992 = LINE ( 'NONE', #256, #725 ) ;
#4993 = DIRECTION ( 'NONE',  ( -1.734723475976807341E-16, -1.000000000000000000, 0.000000000000000000 ) ) ;
#4994 = ORIENTED_EDGE ( 'NONE', *, *, #5407, .T. ) ;
#4995 = EDGE_CURVE ( 'NONE', #797, #26, #355, .T. ) ;
#4996 = VERTEX_POINT ( 'NONE', #3517 ) ;
#4997 = ORIENTED_EDGE ( 'NONE', *, *, #3544, .T. ) ;
#4998 = VERTEX_POINT ( 'NONE', #866 ) ;
#4999 = DIRECTION ( 'NONE',  ( 0.000000000000000000, 0.000000000000000000, 1.000000000000000000 ) ) ;
#5000 = DIRECTION ( 'NONE',  ( 0.000000000000000000, -1.000000000000000000, 0.000000000000000000 ) ) ;
#5001 = EDGE_CURVE ( 'NONE', #3532, #1082, #6402, .T. ) ;
#5002 = EDGE_CURVE ( 'NONE', #1103, #6204, #4549, .T. ) ;
#5003 = CARTESIAN_POINT ( 'NONE',  ( 12.01999999999998359, 16.85000000000002274, -6.819204917418022482 ) ) ;
#5004 = LINE ( 'NONE', #1979, #4938 ) ;
#5005 = ORIENTED_EDGE ( 'NONE', *, *, #3317, .T. ) ;
#5006 = ORIENTED_EDGE ( 'NONE', *, *, #2590, .T. ) ;
#5007 = DIRECTION ( 'NONE',  ( -0.000000000000000000, -0.000000000000000000, 1.000000000000000000 ) ) ;
#5008 = CARTESIAN_POINT ( 'NONE',  ( 23.59487539711815174, 8.300000000000014921, -5.500000000000000000 ) ) ;
#5009 = EDGE_CURVE ( 'NONE', #2367, #1561, #5200, .T. ) ;
#5010 = EDGE_LOOP ( 'NONE', ( #446, #2213 ) ) ;
#5011 = VECTOR ( 'NONE', #4859, 1000.000000000000000 ) ;
#5012 = DIRECTION ( 'NONE',  ( 1.000000000000000000, 0.000000000000000000, 0.000000000000000000 ) ) ;
#5013 = VECTOR ( 'NONE', #5584, 1000.000000000000000 ) ;
#5014 = CARTESIAN_POINT ( 'NONE',  ( 14.99999999999999289, -61.22269074732326999, 7.000000000000000000 ) ) ;
#5015 = DIRECTION ( 'NONE',  ( -1.000000000000000000, -1.909363028148246276E-16, 0.000000000000000000 ) ) ;
#5016 = CARTESIAN_POINT ( 'NONE',  ( 26.00000000000000355, 21.25010530891830030, -6.000000000000000888 ) ) ;
#5017 = CYLINDRICAL_SURFACE ( 'NONE', #6059, 3.979999999999997318 ) ;
#5018 = FACE_OUTER_BOUND ( 'NONE', #714, .T. ) ;
#5019 = ORIENTED_EDGE ( 'NONE', *, *, #4256, .F. ) ;
#5020 = CIRCLE ( 'NONE', #4473, 4.000000000000000000 ) ;
#5021 =( LENGTH_UNIT ( ) NAMED_UNIT ( * ) SI_UNIT ( .MILLI., .METRE. ) );
#5022 = DIRECTION ( 'NONE',  ( -0.000000000000000000, -0.000000000000000000, -1.000000000000000000 ) ) ;
#5023 = EDGE_CURVE ( 'NONE', #3918, #1883, #3013, .T. ) ;
#5024 = DIRECTION ( 'NONE',  ( -1.000000000000000000, -1.734723475976807587E-16, -0.000000000000000000 ) ) ;
#5025 = CARTESIAN_POINT ( 'NONE',  ( 9.449999999999885603, 24.24406644123207499, 26.55019181491567792 ) ) ;
#5026 = DIRECTION ( 'NONE',  ( -1.000000000000000000, 0.000000000000000000, 0.000000000000000000 ) ) ;
#5027 = ORIENTED_EDGE ( 'NONE', *, *, #4052, .T. ) ;
#5028 = ORIENTED_EDGE ( 'NONE', *, *, #1405, .T. ) ;
#5029 = EDGE_CURVE ( 'NONE', #1561, #2367, #2597, .T. ) ;
#5030 = ORIENTED_EDGE ( 'NONE', *, *, #4914, .F. ) ;
#5031 = CARTESIAN_POINT ( 'NONE',  ( -8.000000000000003553, 27.09831513016748161, -1.000000000000000000 ) ) ;
#5032 = CARTESIAN_POINT ( 'NONE',  ( 8.000000000000000000, 37.74406644123207144, -6.000000000000000888 ) ) ;
#5033 = CARTESIAN_POINT ( 'NONE',  ( -34.12487539711820972, 4.874094260606466312E-16, -5.000000000000000000 ) ) ;
#5034 = ORIENTED_EDGE ( 'NONE', *, *, #1169, .T. ) ;
#5035 = ORIENTED_EDGE ( 'NONE', *, *, #6226, .T. ) ;
#5036 = EDGE_CURVE ( 'NONE', #3606, #441, #4103, .T. ) ;
#5037 = LINE ( 'NONE', #5447, #82 ) ;
#5038 = CARTESIAN_POINT ( 'NONE',  ( 12.01999999999999957, 17.13824400103398204, -6.550959758846437886 ) ) ;
#5039 = ORIENTED_EDGE ( 'NONE', *, *, #2140, .F. ) ;
#5040 = EDGE_LOOP ( 'NONE', ( #271, #105, #6397, #5971 ) ) ;
#5041 = FACE_OUTER_BOUND ( 'NONE', #1074, .T. ) ;
#5042 = EDGE_CURVE ( 'NONE', #5445, #93, #429, .T. ) ;
#5043 = EDGE_CURVE ( 'NONE', #9, #260, #4010, .T. ) ;
#5044 = LINE ( 'NONE', #921, #1717 ) ;
#5045 = LINE ( 'NONE', #1363, #6254 ) ;
#5046 = CARTESIAN_POINT ( 'NONE',  ( -2.081668171172168513E-14, 21.24406644123207144, 6.999999999999999112 ) ) ;
#5047 = DIRECTION ( 'NONE',  ( -1.000000000000000000, 0.000000000000000000, 0.000000000000000000 ) ) ;
#5048 = CARTESIAN_POINT ( 'NONE',  ( -5.000000000000000888, 29.74406644123207144, 3.799999999999999822 ) ) ;
#5049 = VERTEX_POINT ( 'NONE', #6669 ) ;
#5050 = B_SPLINE_CURVE_WITH_KNOTS ( 'NONE', 3,
 ( #5774, #5745, #1068, #1098, #3149, #3179, #5255, #2706, #2644, #587, #560, #4782, #2170, #1129, #119, #5870 ),
 .UNSPECIFIED., .F., .F.,
 ( 4, 2, 2, 2, 2, 2, 2, 4 ),
 ( 0.002183852179318339706, 0.002534661759477807585, 0.002885471339637275465, 0.003236280919796742910, 0.003587090499956210789, 0.003937900080115679102, 0.004288709660275146114, 0.004990328820594081873 ),
 .UNSPECIFIED. ) ;
#5051 = AXIS2_PLACEMENT_3D ( 'NONE', #5048, #381, #6630 ) ;
#5052 = DIRECTION ( 'NONE',  ( 1.000000000000000000, 0.000000000000000000, 0.000000000000000000 ) ) ;
#5053 = DIRECTION ( 'NONE',  ( -0.000000000000000000, -0.000000000000000000, -1.000000000000000000 ) ) ;
#5054 = CARTESIAN_POINT ( 'NONE',  ( -5.000000000000000888, 29.74406644123207144, -6.000000000000000888 ) ) ;
#5055 = DIRECTION ( 'NONE',  ( 0.000000000000000000, 0.000000000000000000, 1.000000000000000000 ) ) ;
#5056 = ORIENTED_EDGE ( 'NONE', *, *, #2996, .T. ) ;
#5057 = AXIS2_PLACEMENT_3D ( 'NONE', #1438, #3584, #3617 ) ;
#5058 = EDGE_CURVE ( 'NONE', #1448, #5865, #1996, .T. ) ;
#5059 = AXIS2_PLACEMENT_3D ( 'NONE', #4888, #5944, #2774 ) ;
#5060 = ORIENTED_EDGE ( 'NONE', *, *, #1122, .F. ) ;
#5061 = ORIENTED_EDGE ( 'NONE', *, *, #2804, .F. ) ;
#5062 = CIRCLE ( 'NONE', #1692, 1.899999999999999023 ) ;
#5063 = ORIENTED_EDGE ( 'NONE', *, *, #2533, .T. ) ;
#5064 = CARTESIAN_POINT ( 'NONE',  ( 40.14487539711818442, -46.62269074732327567, -3.999999999999998224 ) ) ;
#5065 = DIRECTION ( 'NONE',  ( 1.000000000000000000, 0.000000000000000000, 0.000000000000000000 ) ) ;
#5066 = AXIS2_PLACEMENT_3D ( 'NONE', #3727, #4146, #5807 ) ;
#5067 = CARTESIAN_POINT ( 'NONE',  ( -9.450000000000002842, 24.24406644123207499, 6.999999999999999112 ) ) ;
#5068 = EDGE_CURVE ( 'NONE', #4798, #4755, #1444, .T. ) ;
#5069 = CYLINDRICAL_SURFACE ( 'NONE', #1567, 2.000000000000000000 ) ;
#5070 = LINE ( 'NONE', #4523, #2766 ) ;
#5071 = ORIENTED_EDGE ( 'NONE', *, *, #5699, .F. ) ;
#5072 = ORIENTED_EDGE ( 'NONE', *, *, #2703, .F. ) ;
#5073 = AXIS2_PLACEMENT_3D ( 'NONE', #2940, #5024, #3076 ) ;
#5074 = DIRECTION ( 'NONE',  ( -1.000000000000000000, 0.000000000000000000, 0.000000000000000000 ) ) ;
#5075 = VECTOR ( 'NONE', #5535, 1000.000000000000000 ) ;
#5076 = CARTESIAN_POINT ( 'NONE',  ( -23.06055714218643260, -24.00000000000000000, -5.500000000000000000 ) ) ;
#5077 = MECHANICAL_DESIGN_GEOMETRIC_PRESENTATION_REPRESENTATION (  '', ( #6174 ), #616 ) ;
#5078 = ORIENTED_EDGE ( 'NONE', *, *, #6554, .T. ) ;
#5079 = ADVANCED_FACE ( 'NONE', ( #5598 ), #6090, .T. ) ;
#5080 = CIRCLE ( 'NONE', #2152, 2.000000000000001776 ) ;
#5081 = AXIS2_PLACEMENT_3D ( 'NONE', #3367, #5007, #2353 ) ;
#5082 = ORIENTED_EDGE ( 'NONE', *, *, #4376, .F. ) ;
#5083 = ORIENTED_EDGE ( 'NONE', *, *, #3615, .F. ) ;
#5084 = AXIS2_PLACEMENT_3D ( 'NONE', #3889, #819, #4497 ) ;
#5085 = DIRECTION ( 'NONE',  ( -0.000000000000000000, -0.000000000000000000, 1.000000000000000000 ) ) ;
#5086 = DIRECTION ( 'NONE',  ( -0.7372773368101209757, -0.6755902076156635738, 0.000000000000000000 ) ) ;
#5087 = CIRCLE ( 'NONE', #6727, 2.649999999999971934 ) ;
#5088 = DIRECTION ( 'NONE',  ( 1.000000000000000000, 0.000000000000000000, 0.000000000000000000 ) ) ;
#5089 = CARTESIAN_POINT ( 'NONE',  ( 9.449999999999885603, 19.24406644123207144, 26.55019181491567792 ) ) ;
#5090 = CIRCLE ( 'NONE', #2371, 5.049999999999998934 ) ;
#5091 = ORIENTED_EDGE ( 'NONE', *, *, #1376, .F. ) ;
#5092 = EDGE_CURVE ( 'NONE', #5907, #4596, #6740, .T. ) ;
#5093 = ADVANCED_FACE ( 'NONE', ( #4510 ), #6190, .F. ) ;
#5094 = DIRECTION ( 'NONE',  ( 0.000000000000000000, 0.000000000000000000, 1.000000000000000000 ) ) ;
#5095 = CARTESIAN_POINT ( 'NONE',  ( -9.606073076949639855, -47.55476050570073454, -5.458741453589167847 ) ) ;
#5096 = DIRECTION ( 'NONE',  ( 0.000000000000000000, 0.000000000000000000, 1.000000000000000000 ) ) ;
#5097 = CARTESIAN_POINT ( 'NONE',  ( 7.999999999999998224, 35.74406644123207144, -1.000000000000000000 ) ) ;
#5098 = DIRECTION ( 'NONE',  ( -0.000000000000000000, -0.000000000000000000, -1.000000000000000000 ) ) ;
#5099 = ORIENTED_EDGE ( 'NONE', *, *, #2578, .T. ) ;
#5100 = ORIENTED_EDGE ( 'NONE', *, *, #3417, .F. ) ;
#5101 = ORIENTED_EDGE ( 'NONE', *, *, #1185, .T. ) ;
#5102 = CYLINDRICAL_SURFACE ( 'NONE', #5509, 2.000000000000001776 ) ;
#5103 = CARTESIAN_POINT ( 'NONE',  ( -13.00000000000000178, -43.22269074732326999, 3.799999999999999822 ) ) ;
#5104 = DIRECTION ( 'NONE',  ( -1.000000000000000000, 0.000000000000000000, 0.000000000000000000 ) ) ;
#5105 = DIRECTION ( 'NONE',  ( -1.000000000000000000, 0.000000000000000000, 0.000000000000000000 ) ) ;
#5106 = VERTEX_POINT ( 'NONE', #3077 ) ;
#5107 = ORIENTED_EDGE ( 'NONE', *, *, #1405, .F. ) ;
#5108 = LINE ( 'NONE', #444, #1160 ) ;
#5109 = EDGE_CURVE ( 'NONE', #1318, #2107, #6600, .T. ) ;
#5110 = DIRECTION ( 'NONE',  ( 1.000000000000000000, 0.000000000000000000, 0.000000000000000000 ) ) ;
#5111 = VERTEX_POINT ( 'NONE', #1409 ) ;
#5112 = ORIENTED_EDGE ( 'NONE', *, *, #3131, .T. ) ;
#5113 = ORIENTED_EDGE ( 'NONE', *, *, #44, .T. ) ;
#5114 = DIRECTION ( 'NONE',  ( 0.000000000000000000, -0.000000000000000000, 1.000000000000000000 ) ) ;
#5115 = EDGE_CURVE ( 'NONE', #5344, #2018, #3874, .T. ) ;
#5116 = CIRCLE ( 'NONE', #874, 1.599999999999997202 ) ;
#5117 = DIRECTION ( 'NONE',  ( 1.000000000000000000, 0.000000000000000000, 0.000000000000000000 ) ) ;
#5118 = LINE ( 'NONE', #3684, #5929 ) ;
#5119 = ORIENTED_EDGE ( 'NONE', *, *, #2404, .T. ) ;
#5120 = DIRECTION ( 'NONE',  ( -1.000000000000000000, 0.000000000000000000, 0.000000000000000000 ) ) ;
#5121 = AXIS2_PLACEMENT_3D ( 'NONE', #522, #1025, #6181 ) ;
#5122 = CARTESIAN_POINT ( 'NONE',  ( -17.00000000000000355, -43.22269074732326999, 7.000000000000000000 ) ) ;
#5123 = EDGE_CURVE ( 'NONE', #6410, #5426, #1517, .T. ) ;
#5124 = FACE_OUTER_BOUND ( 'NONE', #940, .T. ) ;
#5125 = DIRECTION ( 'NONE',  ( 0.000000000000000000, 0.000000000000000000, -1.000000000000000000 ) ) ;
#5126 = FACE_BOUND ( 'NONE', #3350, .T. ) ;
#5127 = ORIENTED_EDGE ( 'NONE', *, *, #5132, .F. ) ;
#5128 = VECTOR ( 'NONE', #1723, 1000.000000000000000 ) ;
#5129 = ORIENTED_EDGE ( 'NONE', *, *, #3791, .F. ) ;
#5130 = VECTOR ( 'NONE', #3839, 1000.000000000000000 ) ;
#5131 = CYLINDRICAL_SURFACE ( 'NONE', #4950, 2.000000000000000000 ) ;
#5132 = EDGE_CURVE ( 'NONE', #5758, #1656, #3222, .T. ) ;
#5133 = ORIENTED_EDGE ( 'NONE', *, *, #5914, .F. ) ;
#5134 = EDGE_CURVE ( 'NONE', #487, #975, #2623, .T. ) ;
#5135 = DIRECTION ( 'NONE',  ( -0.000000000000000000, -0.000000000000000000, -1.000000000000000000 ) ) ;
#5136 = CARTESIAN_POINT ( 'NONE',  ( 12.80414507370708677, -49.57925496333633220, -4.865505959104031497 ) ) ;
#5137 = DIRECTION ( 'NONE',  ( -0.000000000000000000, 1.000000000000000000, -0.000000000000000000 ) ) ;
#5138 = FACE_BOUND ( 'NONE', #3421, .T. ) ;
#5139 = DIRECTION ( 'NONE',  ( 4.336808689942017120E-17, 1.000000000000000000, -0.000000000000000000 ) ) ;
#5140 = DIRECTION ( 'NONE',  ( -0.000000000000000000, 0.000000000000000000, -1.000000000000000000 ) ) ;
#5141 = ORIENTED_EDGE ( 'NONE', *, *, #3495, .F. ) ;
#5142 = ORIENTED_EDGE ( 'NONE', *, *, #1882, .T. ) ;
#5143 = FACE_OUTER_BOUND ( 'NONE', #4362, .T. ) ;
#5144 = LINE ( 'NONE', #5076, #6324 ) ;
#5145 = ORIENTED_EDGE ( 'NONE', *, *, #6005, .T. ) ;
#5146 = ORIENTED_EDGE ( 'NONE', *, *, #206, .T. ) ;
#5147 = ORIENTED_EDGE ( 'NONE', *, *, #5877, .F. ) ;
#5148 = CARTESIAN_POINT ( 'NONE',  ( -8.000000000000000000, 37.74406644123207144, 7.000000000000000000 ) ) ;
#5149 = DIRECTION ( 'NONE',  ( -0.000000000000000000, -0.000000000000000000, -1.000000000000000000 ) ) ;
#5150 = DIRECTION ( 'NONE',  ( 0.000000000000000000, -1.000000000000000000, 0.000000000000000000 ) ) ;
#5151 = VERTEX_POINT ( 'NONE', #6351 ) ;
#5152 = EDGE_CURVE ( 'NONE', #2074, #4787, #1152, .T. ) ;
#5153 = CARTESIAN_POINT ( 'NONE',  ( 21.49999999999983302, 24.22277336810119763, -1.000000000000000000 ) ) ;
#5154 = CARTESIAN_POINT ( 'NONE',  ( 1.000000000000000000, 29.74406644123207144, -1.000000000000000000 ) ) ;
#5155 = CARTESIAN_POINT ( 'NONE',  ( -9.450000000000002842, 24.24406644123207499, -1.000000000000000000 ) ) ;
#5156 = DIRECTION ( 'NONE',  ( 0.000000000000000000, 0.000000000000000000, 1.000000000000000000 ) ) ;
#5157 = CYLINDRICAL_SURFACE ( 'NONE', #3423, 4.000000000000000888 ) ;
#5158 = AXIS2_PLACEMENT_3D ( 'NONE', #6111, #6039, #891 ) ;
#5159 = ORIENTED_EDGE ( 'NONE', *, *, #3006, .F. ) ;
#5160 = ADVANCED_FACE ( 'NONE', ( #3756 ), #5837, .F. ) ;
#5161 = VECTOR ( 'NONE', #2567, 1000.000000000000000 ) ;
#5162 = ORIENTED_EDGE ( 'NONE', *, *, #6547, .F. ) ;
#5163 = ORIENTED_EDGE ( 'NONE', *, *, #140, .F. ) ;
#5164 = ORIENTED_EDGE ( 'NONE', *, *, #1122, .T. ) ;
#5165 = LINE ( 'NONE', #4722, #2157 ) ;
#5166 = DIRECTION ( 'NONE',  ( -1.000000000000000000, 0.000000000000000000, 0.000000000000000000 ) ) ;
#5167 = DIRECTION ( 'NONE',  ( -1.000000000000000000, 0.000000000000000000, 0.000000000000000000 ) ) ;
#5168 = CIRCLE ( 'NONE', #4196, 2.000000000000001776 ) ;
#5169 = DIRECTION ( 'NONE',  ( -0.000000000000000000, -0.000000000000000000, -1.000000000000000000 ) ) ;
#5170 = CIRCLE ( 'NONE', #6592, 1.899999999999998135 ) ;
#5171 = ADVANCED_FACE ( 'NONE', ( #5196 ), #3623, .T. ) ;
#5172 = EDGE_CURVE ( 'NONE', #1017, #5246, #6293, .T. ) ;
#5173 = DIRECTION ( 'NONE',  ( 0.7071067811865533459, 8.659560562355004349E-17, -0.7071067811865416886 ) ) ;
#5174 = CIRCLE ( 'NONE', #3864, 3.200000000000006839 ) ;
#5175 = EDGE_LOOP ( 'NONE', ( #4458, #1392 ) ) ;
#5176 = VERTEX_POINT ( 'NONE', #3655 ) ;
#5177 = AXIS2_PLACEMENT_3D ( 'NONE', #848, #3057, #4625 ) ;
#5178 = CARTESIAN_POINT ( 'NONE',  ( -19.33955556881019433, -28.43451699311989600, -7.000000000000000000 ) ) ;
#5179 = CARTESIAN_POINT ( 'NONE',  ( 30.14487539711820929, 0.000000000000000000, -5.500000000000000000 ) ) ;
#5180 = AXIS2_PLACEMENT_3D ( 'NONE', #1648, #1677, #3751 ) ;
#5181 = ORIENTED_EDGE ( 'NONE', *, *, #5370, .F. ) ;
#5182 = AXIS2_PLACEMENT_3D ( 'NONE', #4009, #5053, #2333 ) ;
#5183 = VERTEX_POINT ( 'NONE', #650 ) ;
#5184 = ORIENTED_EDGE ( 'NONE', *, *, #2097, .T. ) ;
#5185 = AXIS2_PLACEMENT_3D ( 'NONE', #3405, #5488, #187 ) ;
#5186 = CARTESIAN_POINT ( 'NONE',  ( -19.98000000000000043, 16.85000000000000142, -6.000000000000000000 ) ) ;
#5187 = DIRECTION ( 'NONE',  ( 1.000000000000000000, 0.000000000000000000, 0.000000000000000000 ) ) ;
#5188 = DIRECTION ( 'NONE',  ( -1.000000000000000000, 0.000000000000000000, -0.000000000000000000 ) ) ;
#5189 = VECTOR ( 'NONE', #2651, 1000.000000000000000 ) ;
#5190 = VERTEX_POINT ( 'NONE', #4714 ) ;
#5191 = CARTESIAN_POINT ( 'NONE',  ( 23.06055714218638997, -24.00000000000000000, 6.999999999999999112 ) ) ;
#5192 = CIRCLE ( 'NONE', #409, 5.499999999999998224 ) ;
#5193 = DIRECTION ( 'NONE',  ( 1.000000000000000000, 0.000000000000000000, 0.000000000000000000 ) ) ;
#5194 = CIRCLE ( 'NONE', #6073, 2.150000000000000355 ) ;
#5195 = DIRECTION ( 'NONE',  ( -1.000000000000000000, 0.000000000000000000, 0.000000000000000000 ) ) ;
#5196 = FACE_OUTER_BOUND ( 'NONE', #2255, .T. ) ;
#5197 = DIRECTION ( 'NONE',  ( 0.000000000000000000, 0.000000000000000000, 1.000000000000000000 ) ) ;
#5198 = ADVANCED_FACE ( 'NONE', ( #5702 ), #3209, .T. ) ;
#5199 = ORIENTED_EDGE ( 'NONE', *, *, #134, .F. ) ;
#5200 = CIRCLE ( 'NONE', #4656, 4.500000000000000888 ) ;
#5201 = ORIENTED_EDGE ( 'NONE', *, *, #3228, .T. ) ;
#5202 = DIRECTION ( 'NONE',  ( -1.000000000000000000, 3.083923978207811463E-16, 0.000000000000000000 ) ) ;
#5203 = EDGE_LOOP ( 'NONE', ( #3488, #3784, #1712, #5605 ) ) ;
#5204 = CYLINDRICAL_SURFACE ( 'NONE', #518, 2.000000000000000000 ) ;
#5205 = DIRECTION ( 'NONE',  ( 1.000000000000000000, 0.000000000000000000, -0.000000000000000000 ) ) ;
#5206 = CARTESIAN_POINT ( 'NONE',  ( -27.99999999999999645, 9.999999999999998224, -7.000000000000000000 ) ) ;
#5207 = EDGE_CURVE ( 'NONE', #2300, #5355, #2671, .T. ) ;
#5208 = DIRECTION ( 'NONE',  ( 0.000000000000000000, 0.000000000000000000, -1.000000000000000000 ) ) ;
#5209 = DIRECTION ( 'NONE',  ( -1.000000000000000000, 0.000000000000000000, 0.000000000000000000 ) ) ;
#5210 = ORIENTED_EDGE ( 'NONE', *, *, #4123, .T. ) ;
#5211 = VERTEX_POINT ( 'NONE', #625 ) ;
#5212 = CARTESIAN_POINT ( 'NONE',  ( 25.99999999999988276, 16.85000000000006182, -3.999999999999999112 ) ) ;
#5213 = EDGE_CURVE ( 'NONE', #290, #1005, #1651, .T. ) ;
#5214 = EDGE_CURVE ( 'NONE', #6159, #5151, #3114, .T. ) ;
#5215 = CARTESIAN_POINT ( 'NONE',  ( -13.00000000000000178, -43.22269074732326999, -1.000000000000000000 ) ) ;
#5216 = ORIENTED_EDGE ( 'NONE', *, *, #5421, .F. ) ;
#5217 = VERTEX_POINT ( 'NONE', #530 ) ;
#5218 = CARTESIAN_POINT ( 'NONE',  ( -13.80000000000000071, -46.32269074732328562, -3.999999999999998224 ) ) ;
#5219 = ADVANCED_FACE ( 'NONE', ( #91 ), #3722, .F. ) ;
#5220 = CARTESIAN_POINT ( 'NONE',  ( 6.600000000000003197, 29.74406644123207144, -6.000000000000000888 ) ) ;
#5221 = CARTESIAN_POINT ( 'NONE',  ( -7.500000000000007105, -24.00000000000000000, -7.000000000000000000 ) ) ;
#5222 = VERTEX_POINT ( 'NONE', #4684 ) ;
#5223 = LINE ( 'NONE', #4104, #6063 ) ;
#5224 = CARTESIAN_POINT ( 'NONE',  ( -7.500000000000003553, -43.22269074732326999, -1.000000000000000000 ) ) ;
#5225 = FACE_OUTER_BOUND ( 'NONE', #6640, .T. ) ;
#5226 = DIRECTION ( 'NONE',  ( -1.000000000000000000, 0.000000000000000000, 0.000000000000000000 ) ) ;
#5227 = DIRECTION ( 'NONE',  ( 1.000000000000000000, 0.000000000000000000, 0.000000000000000000 ) ) ;
#5228 = EDGE_LOOP ( 'NONE', ( #6203, #2105, #6467, #839 ) ) ;
#5229 = EDGE_CURVE ( 'NONE', #1006, #27, #22, .T. ) ;
#5230 = ORIENTED_EDGE ( 'NONE', *, *, #140, .T. ) ;
#5231 = DIRECTION ( 'NONE',  ( -1.000000000000000000, 0.000000000000000000, -0.000000000000000000 ) ) ;
#5232 = ORIENTED_EDGE ( 'NONE', *, *, #3873, .T. ) ;
#5233 = DIRECTION ( 'NONE',  ( 0.000000000000000000, -0.000000000000000000, -1.000000000000000000 ) ) ;
#5234 = CARTESIAN_POINT ( 'NONE',  ( 16.20000000000000995, -43.22269074732326999, 7.000000000000000000 ) ) ;
#5235 = CARTESIAN_POINT ( 'NONE',  ( -13.00000000000000178, -43.22269074732326999, 3.799999999999999822 ) ) ;
#5236 = CARTESIAN_POINT ( 'NONE',  ( 13.79999999999999893, -49.82269074732327852, -3.999999999999998224 ) ) ;
#5237 = DIRECTION ( 'NONE',  ( 0.000000000000000000, 0.000000000000000000, 1.000000000000000000 ) ) ;
#5238 = AXIS2_PLACEMENT_3D ( 'NONE', #5103, #1527, #2445 ) ;
#5239 = EDGE_CURVE ( 'NONE', #435, #4612, #5050, .T. ) ;
#5240 = ORIENTED_EDGE ( 'NONE', *, *, #2664, .T. ) ;
#5241 = ORIENTED_EDGE ( 'NONE', *, *, #2872, .F. ) ;
#5242 = CARTESIAN_POINT ( 'NONE',  ( -22.75590207615664085, 24.22277336810119763, -4.000000000000000000 ) ) ;
#5243 = LINE ( 'NONE', #5271, #3270 ) ;
#5244 = EDGE_CURVE ( 'NONE', #434, #808, #5618, .T. ) ;
#5245 = EDGE_LOOP ( 'NONE', ( #3520, #1131, #2312, #4925, #957, #3191 ) ) ;
#5246 = VERTEX_POINT ( 'NONE', #2768 ) ;
#5247 = DIRECTION ( 'NONE',  ( 1.000000000000000000, 0.000000000000000000, 0.000000000000000000 ) ) ;
#5248 = FACE_OUTER_BOUND ( 'NONE', #5883, .T. ) ;
#5249 = ORIENTED_EDGE ( 'NONE', *, *, #2717, .F. ) ;
#5250 = EDGE_CURVE ( 'NONE', #2223, #4672, #218, .T. ) ;
#5251 = EDGE_CURVE ( 'NONE', #5708, #1910, #2685, .T. ) ;
#5252 = DIRECTION ( 'NONE',  ( -1.000000000000000000, -1.734723475976807587E-16, -0.000000000000000000 ) ) ;
#5253 = DIRECTION ( 'NONE',  ( 0.000000000000000000, -0.000000000000000000, 1.000000000000000000 ) ) ;
#5254 = CARTESIAN_POINT ( 'NONE',  ( -1.943035281833168083E-14, -19.00000000000000355, -1.000000000000000000 ) ) ;
#5255 = CARTESIAN_POINT ( 'NONE',  ( -12.79329973345822147, -49.56232126413174655, -3.118128996742830505 ) ) ;
#5256 = DIRECTION ( 'NONE',  ( 0.000000000000000000, 0.000000000000000000, 1.000000000000000000 ) ) ;
#5257 = ORIENTED_EDGE ( 'NONE', *, *, #622, .F. ) ;
#5258 = EDGE_LOOP ( 'NONE', ( #5861, #5345 ) ) ;
#5259 = PLANE ( 'NONE',  #1694 ) ;
#5260 = EDGE_LOOP ( 'NONE', ( #4145, #5163, #4472, #5787 ) ) ;
#5261 = LINE ( 'NONE', #3830, #5408 ) ;
#5262 = CARTESIAN_POINT ( 'NONE',  ( 11.10000000000000142, -43.22269074732326999, 7.000000000000000000 ) ) ;
#5263 = DIRECTION ( 'NONE',  ( 0.000000000000000000, 0.000000000000000000, 1.000000000000000000 ) ) ;
#5264 = CYLINDRICAL_SURFACE ( 'NONE', #329, 9.999999999999960920 ) ;
#5265 = EDGE_CURVE ( 'NONE', #5587, #1464, #5831, .T. ) ;
#5266 = CARTESIAN_POINT ( 'NONE',  ( 8.794254582937378828, -46.76770561401134785, -3.312023819443521422 ) ) ;
#5267 = VERTEX_POINT ( 'NONE', #1818 ) ;
#5268 = ORIENTED_EDGE ( 'NONE', *, *, #6193, .F. ) ;
#5269 = VECTOR ( 'NONE', #3293, 1000.000000000000000 ) ;
#5270 = CARTESIAN_POINT ( 'NONE',  ( -13.15651736460734433, -28.16341587115827139, 6.999999999999999112 ) ) ;
#5271 = CARTESIAN_POINT ( 'NONE',  ( -9.450000000000002842, 16.85000000000000142, -5.500000000000000000 ) ) ;
#5272 = EDGE_CURVE ( 'NONE', #631, #2107, #1853, .T. ) ;
#5273 = AXIS2_PLACEMENT_3D ( 'NONE', #4379, #1761, #1790 ) ;
#5274 = VECTOR ( 'NONE', #3664, 1000.000000000000000 ) ;
#5275 = CIRCLE ( 'NONE', #5716, 6.550000000000000711 ) ;
#5276 = ORIENTED_EDGE ( 'NONE', *, *, #2853, .F. ) ;
#5277 = VERTEX_POINT ( 'NONE', #4945 ) ;
#5278 = CARTESIAN_POINT ( 'NONE',  ( 30.14487539711820929, 2.220446049250313081E-13, -7.000000000000000000 ) ) ;
#5279 = CIRCLE ( 'NONE', #384, 3.999999999999998224 ) ;
#5280 = CARTESIAN_POINT ( 'NONE',  ( 37.80531982830802207, -6.427876096865348998, -7.000000000000000000 ) ) ;
#5281 = EDGE_CURVE ( 'NONE', #1510, #2929, #2579, .T. ) ;
#5282 = ORIENTED_EDGE ( 'NONE', *, *, #3986, .F. ) ;
#5283 = AXIS2_PLACEMENT_3D ( 'NONE', #255, #4548, #865 ) ;
#5284 = DIRECTION ( 'NONE',  ( -0.000000000000000000, -0.000000000000000000, -1.000000000000000000 ) ) ;
#5285 = LINE ( 'NONE', #5833, #6378 ) ;
#5286 = CARTESIAN_POINT ( 'NONE',  ( -6.000000000000001776, -12.99999999999999467, -1.999999999999999556 ) ) ;
#5287 = AXIS2_PLACEMENT_3D ( 'NONE', #3957, #924, #5047 ) ;
#5288 = CYLINDRICAL_SURFACE ( 'NONE', #1477, 5.049999999999998934 ) ;
#5289 = CARTESIAN_POINT ( 'NONE',  ( 40.00000000000000711, 31.00000000000001066, -6.000000000000000000 ) ) ;
#5290 = CARTESIAN_POINT ( 'NONE',  ( -8.706723658403030086, -46.66044362964026959, -3.643160196701867637 ) ) ;
#5291 = EDGE_CURVE ( 'NONE', #3408, #5849, #1484, .T. ) ;
#5292 = VECTOR ( 'NONE', #6120, 1000.000000000000000 ) ;
#5293 = ADVANCED_FACE ( 'NONE', ( #5455 ), #6452, .T. ) ;
#5294 = ORIENTED_EDGE ( 'NONE', *, *, #3241, .T. ) ;
#5295 = CIRCLE ( 'NONE', #618, 3.980000000000000870 ) ;
#5296 = CARTESIAN_POINT ( 'NONE',  ( 27.99999999999999645, 9.999999999999998224, -1.000000000000000000 ) ) ;
#5297 = CIRCLE ( 'NONE', #1707, 5.049999999999998934 ) ;
#5298 = VERTEX_POINT ( 'NONE', #4883 ) ;
#5299 = DIRECTION ( 'NONE',  ( 0.000000000000000000, -1.000000000000000000, 0.000000000000000000 ) ) ;
#5300 = VERTEX_POINT ( 'NONE', #1780 ) ;
#5301 = CARTESIAN_POINT ( 'NONE',  ( -16.00000000000000000, 10.30000000000000249, -1.000000000000000000 ) ) ;
#5302 = CARTESIAN_POINT ( 'NONE',  ( -17.00000000000000000, -34.86239308998524677, -7.000000000000000000 ) ) ;
#5303 = LINE ( 'NONE', #131, #2560 ) ;
#5304 = VECTOR ( 'NONE', #3012, 1000.000000000000000 ) ;
#5305 = DIRECTION ( 'NONE',  ( 1.000000000000000000, 0.000000000000000000, -0.000000000000000000 ) ) ;
#5306 = VECTOR ( 'NONE', #3996, 1000.000000000000000 ) ;
#5307 = ORIENTED_EDGE ( 'NONE', *, *, #2005, .T. ) ;
#5308 = VERTEX_POINT ( 'NONE', #6389 ) ;
#5309 = DIRECTION ( 'NONE',  ( 0.7071067811865525687, -0.000000000000000000, 0.7071067811865424657 ) ) ;
#5310 = DIRECTION ( 'NONE',  ( 1.000000000000000000, 0.000000000000000000, 0.000000000000000000 ) ) ;
#5311 = ORIENTED_EDGE ( 'NONE', *, *, #1089, .F. ) ;
#5312 = EDGE_CURVE ( 'NONE', #2995, #5481, #1224, .T. ) ;
#5313 = ORIENTED_EDGE ( 'NONE', *, *, #2096, .T. ) ;
#5314 = LINE ( 'NONE', #1118, #653 ) ;
#5315 = LINE ( 'NONE', #3174, #4353 ) ;
#5316 = ORIENTED_EDGE ( 'NONE', *, *, #3138, .F. ) ;
#5317 = DIRECTION ( 'NONE',  ( 1.000000000000000000, 0.000000000000000000, 0.000000000000000000 ) ) ;
#5318 = EDGE_CURVE ( 'NONE', #3408, #435, #5616, .T. ) ;
#5319 = DIRECTION ( 'NONE',  ( 1.000000000000000000, 1.734723475976807341E-16, -0.000000000000000000 ) ) ;
#5320 = DIRECTION ( 'NONE',  ( -1.000000000000000000, 7.304098846218135653E-16, 0.000000000000000000 ) ) ;
#5321 = LINE ( 'NONE', #6388, #2786 ) ;
#5322 = DIRECTION ( 'NONE',  ( 1.000000000000000000, -4.336808689942017120E-17, -0.000000000000000000 ) ) ;
#5323 = DIRECTION ( 'NONE',  ( -0.000000000000000000, -0.000000000000000000, -1.000000000000000000 ) ) ;
#5324 = ORIENTED_EDGE ( 'NONE', *, *, #5968, .F. ) ;
#5325 = CYLINDRICAL_SURFACE ( 'NONE', #4804, 20.00000000000000355 ) ;
#5326 = EDGE_CURVE ( 'NONE', #2419, #3643, #3116, .T. ) ;
#5327 = ORIENTED_EDGE ( 'NONE', *, *, #488, .T. ) ;
#5328 = FACE_OUTER_BOUND ( 'NONE', #3902, .T. ) ;
#5329 = ORIENTED_EDGE ( 'NONE', *, *, #85, .T. ) ;
#5330 = CARTESIAN_POINT ( 'NONE',  ( 1.094855626301854435E-14, -20.99999999999999645, 7.000000000000000000 ) ) ;
#5331 = DIRECTION ( 'NONE',  ( 1.734723475976807341E-16, -1.000000000000000000, 0.000000000000000000 ) ) ;
#5332 = CARTESIAN_POINT ( 'NONE',  ( 4.008722593841411275, 31.00000000000001066, -7.000000000000000000 ) ) ;
#5333 = CARTESIAN_POINT ( 'NONE',  ( 11.53333333333335808, -37.92185223922957249, -1.000000000000000000 ) ) ;
#5334 = AXIS2_PLACEMENT_3D ( 'NONE', #4492, #1773, #6581 ) ;
#5335 = EDGE_CURVE ( 'NONE', #4348, #1669, #4335, .T. ) ;
#5336 = ORIENTED_EDGE ( 'NONE', *, *, #3038, .T. ) ;
#5337 = ADVANCED_FACE ( 'NONE', ( #5353 ), #4912, .T. ) ;
#5338 = AXIS2_PLACEMENT_3D ( 'NONE', #5179, #6135, #2523 ) ;
#5339 = ORIENTED_EDGE ( 'NONE', *, *, #464, .F. ) ;
#5340 = CARTESIAN_POINT ( 'NONE',  ( 23.59487539711815174, 8.300000000000014921, -5.500000000000000000 ) ) ;
#5341 = DIRECTION ( 'NONE',  ( 0.6427876096865349220, -0.7660444431189815662, 0.000000000000000000 ) ) ;
#5342 = CIRCLE ( 'NONE', #5889, 5.049999999999998934 ) ;
#5343 = DIRECTION ( 'NONE',  ( 1.000000000000000000, 0.000000000000000000, 0.000000000000000000 ) ) ;
#5344 = VERTEX_POINT ( 'NONE', #2327 ) ;
#5345 = ORIENTED_EDGE ( 'NONE', *, *, #4815, .T. ) ;
#5346 = DIRECTION ( 'NONE',  ( -1.000000000000000000, 0.000000000000000000, 0.000000000000000000 ) ) ;
#5347 = DIRECTION ( 'NONE',  ( 0.000000000000000000, 0.000000000000000000, 1.000000000000000000 ) ) ;
#5348 = ORIENTED_EDGE ( 'NONE', *, *, #4995, .F. ) ;
#5349 = PRODUCT_RELATED_PRODUCT_CATEGORY ( 'part', '', ( #2308 ) ) ;
#5350 = DIRECTION ( 'NONE',  ( -0.000000000000000000, -0.000000000000000000, 1.000000000000000000 ) ) ;
#5351 = CARTESIAN_POINT ( 'NONE',  ( 11.75669870884230050, -48.59614230502796772, -2.443328926473411045 ) ) ;
#5352 = DIRECTION ( 'NONE',  ( 0.000000000000000000, 1.000000000000000000, 0.000000000000000000 ) ) ;
#5353 = FACE_OUTER_BOUND ( 'NONE', #1566, .T. ) ;
#5354 = CARTESIAN_POINT ( 'NONE',  ( -10.85666408398309279, -48.30028228415922342, -2.394002552564380881 ) ) ;
#5355 = VERTEX_POINT ( 'NONE', #3304 ) ;
#5356 = EDGE_CURVE ( 'NONE', #3381, #2554, #5902, .T. ) ;
#5357 = ORIENTED_EDGE ( 'NONE', *, *, #742, .F. ) ;
#5358 = DIRECTION ( 'NONE',  ( -0.000000000000000000, -0.000000000000000000, 1.000000000000000000 ) ) ;
#5359 = EDGE_LOOP ( 'NONE', ( #3256, #1064, #3916, #2050 ) ) ;
#5360 = DIRECTION ( 'NONE',  ( -6.736790197968181773E-15, 1.000000000000000000, -0.000000000000000000 ) ) ;
#5361 = LINE ( 'NONE', #3415, #185 ) ;
#5362 = PLANE ( 'NONE',  #6040 ) ;
#5363 = FACE_OUTER_BOUND ( 'NONE', #6215, .T. ) ;
#5364 = ADVANCED_FACE ( 'NONE', ( #4573 ), #6661, .F. ) ;
#5365 = ORIENTED_EDGE ( 'NONE', *, *, #16, .T. ) ;
#5366 = ORIENTED_EDGE ( 'NONE', *, *, #2052, .T. ) ;
#5367 = FACE_OUTER_BOUND ( 'NONE', #463, .T. ) ;
#5368 = CARTESIAN_POINT ( 'NONE',  ( -9.450000000000002842, 24.24406644123207499, -5.500000000000000000 ) ) ;
#5369 = CIRCLE ( 'NONE', #4298, 5.049999999999998934 ) ;
#5370 = EDGE_CURVE ( 'NONE', #1731, #3477, #2037, .T. ) ;
#5371 = EDGE_CURVE ( 'NONE', #6606, #3710, #3070, .T. ) ;
#5372 = CARTESIAN_POINT ( 'NONE',  ( 37.80531982830802207, -6.427876096865348998, -1.000000000000000000 ) ) ;
#5373 = CYLINDRICAL_SURFACE ( 'NONE', #693, 6.549999999999895905 ) ;
#5374 = CIRCLE ( 'NONE', #1573, 2.000000000000001776 ) ;
#5375 = ORIENTED_EDGE ( 'NONE', *, *, #2578, .F. ) ;
#5376 = ORIENTED_EDGE ( 'NONE', *, *, #2922, .F. ) ;
#5377 = DIRECTION ( 'NONE',  ( -0.000000000000000000, -0.000000000000000000, -1.000000000000000000 ) ) ;
#5378 = DIRECTION ( 'NONE',  ( 1.000000000000000000, -4.336808689942017120E-17, -0.000000000000000000 ) ) ;
#5379 = AXIS2_PLACEMENT_3D ( 'NONE', #2715, #3731, #2848 ) ;
#5380 = ORIENTED_EDGE ( 'NONE', *, *, #3372, .F. ) ;
#5381 = VECTOR ( 'NONE', #528, 1000.000000000000000 ) ;
#5382 = ORIENTED_EDGE ( 'NONE', *, *, #2265, .T. ) ;
#5383 = DIRECTION ( 'NONE',  ( 0.000000000000000000, 1.000000000000000000, 0.000000000000000000 ) ) ;
#5384 = VECTOR ( 'NONE', #4172, 1000.000000000000000 ) ;
#5385 = CARTESIAN_POINT ( 'NONE',  ( -2.081668171172168513E-14, 19.24406644123207144, 6.999999999999999112 ) ) ;
#5386 = AXIS2_PLACEMENT_3D ( 'NONE', #5590, #3955, #1851 ) ;
#5387 = AXIS2_PLACEMENT_3D ( 'NONE', #3910, #5995, #5891 ) ;
#5388 = FACE_OUTER_BOUND ( 'NONE', #3432, .T. ) ;
#5389 = CARTESIAN_POINT ( 'NONE',  ( -37.80531982830802207, -6.427876096865348998, -1.000000000000000000 ) ) ;
#5390 = CARTESIAN_POINT ( 'NONE',  ( -9.142205477086323029, -47.14600110383324250, -2.808791084375919844 ) ) ;
#5391 = ORIENTED_EDGE ( 'NONE', *, *, #4314, .T. ) ;
#5392 = LINE ( 'NONE', #726, #5886 ) ;
#5393 = VERTEX_POINT ( 'NONE', #6142 ) ;
#5394 = VECTOR ( 'NONE', #1748, 1000.000000000000000 ) ;
#5395 = DIRECTION ( 'NONE',  ( -0.000000000000000000, 0.000000000000000000, 1.000000000000000000 ) ) ;
#5396 = EDGE_CURVE ( 'NONE', #4787, #3021, #1370, .T. ) ;
#5397 = ORIENTED_EDGE ( 'NONE', *, *, #3045, .T. ) ;
#5398 = CONICAL_SURFACE ( 'NONE', #5287, 2.150000000000000355, 0.7853981633974557175 ) ;
#5399 = DIRECTION ( 'NONE',  ( -6.736790197968181773E-15, 1.000000000000000000, -0.000000000000000000 ) ) ;
#5400 = CARTESIAN_POINT ( 'NONE',  ( 4.999999999999798383, 29.74406644123207144, -1.000000000000000000 ) ) ;
#5401 = CARTESIAN_POINT ( 'NONE',  ( 27.00000000000000000, -34.86239308998525388, 7.000000000000000000 ) ) ;
#5402 = CARTESIAN_POINT ( 'NONE',  ( 3.849999999999999201, -19.00000000000000000, 6.999999999999999112 ) ) ;
#5403 = PRESENTATION_LAYER_ASSIGNMENT (  '', '', ( #6174 ) ) ;
#5404 = EDGE_LOOP ( 'NONE', ( #2287, #4479, #2340 ) ) ;
#5405 = AXIS2_PLACEMENT_3D ( 'NONE', #5553, #4939, #1256 ) ;
#5406 = ORIENTED_EDGE ( 'NONE', *, *, #1914, .F. ) ;
#5407 = EDGE_CURVE ( 'NONE', #1739, #5183, #5662, .T. ) ;
#5408 = VECTOR ( 'NONE', #5360, 1000.000000000000000 ) ;
#5409 = CYLINDRICAL_SURFACE ( 'NONE', #3018, 5.499999999999998224 ) ;
#5410 = CIRCLE ( 'NONE', #89, 3.980000000000000870 ) ;
#5411 = DIRECTION ( 'NONE',  ( -0.000000000000000000, 0.000000000000000000, 1.000000000000000000 ) ) ;
#5412 = DIRECTION ( 'NONE',  ( 0.000000000000000000, -1.000000000000000000, 0.000000000000000000 ) ) ;
#5413 = FACE_OUTER_BOUND ( 'NONE', #6444, .T. ) ;
#5414 = ORIENTED_EDGE ( 'NONE', *, *, #5213, .F. ) ;
#5415 = ORIENTED_EDGE ( 'NONE', *, *, #3457, .F. ) ;
#5416 = ADVANCED_FACE ( 'NONE', ( #6559 ), #5017, .F. ) ;
#5417 = DIRECTION ( 'NONE',  ( 1.000000000000000000, 0.000000000000000000, 0.000000000000000000 ) ) ;
#5418 = CARTESIAN_POINT ( 'NONE',  ( -40.14487539711821285, 0.000000000000000000, 7.000000000000000000 ) ) ;
#5419 = ORIENTED_EDGE ( 'NONE', *, *, #4551, .F. ) ;
#5420 = LINE ( 'NONE', #750, #5955 ) ;
#5421 = EDGE_CURVE ( 'NONE', #3969, #5190, #6112, .T. ) ;
#5422 = CARTESIAN_POINT ( 'NONE',  ( -16.00000000000000000, 16.85000000000000142, -5.500000000000000000 ) ) ;
#5423 = LINE ( 'NONE', #3445, #1146 ) ;
#5424 = CARTESIAN_POINT ( 'NONE',  ( -12.84209101101219552, -49.66949158703474865, -4.706716663878343532 ) ) ;
#5425 = DIRECTION ( 'NONE',  ( -0.000000000000000000, 0.000000000000000000, -1.000000000000000000 ) ) ;
#5426 = VERTEX_POINT ( 'NONE', #1366 ) ;
#5427 = CARTESIAN_POINT ( 'NONE',  ( -8.000000000000003553, 27.09831513016748161, -4.000000000000000000 ) ) ;
#5428 = ORIENTED_EDGE ( 'NONE', *, *, #5969, .F. ) ;
#5429 = LINE ( 'NONE', #2845, #3752 ) ;
#5430 = CYLINDRICAL_SURFACE ( 'NONE', #4430, 4.000000000000003553 ) ;
#5431 = DIRECTION ( 'NONE',  ( -0.000000000000000000, -0.000000000000000000, -1.000000000000000000 ) ) ;
#5432 = DIRECTION ( 'NONE',  ( 1.000000000000000000, 0.000000000000000000, 0.000000000000000000 ) ) ;
#5433 = DIRECTION ( 'NONE',  ( 0.000000000000000000, 1.000000000000000000, 0.000000000000000000 ) ) ;
#5434 = EDGE_CURVE ( 'NONE', #684, #2009, #3446, .T. ) ;
#5435 = VERTEX_POINT ( 'NONE', #3509 ) ;
#5436 = ORIENTED_EDGE ( 'NONE', *, *, #5172, .F. ) ;
#5437 = ORIENTED_EDGE ( 'NONE', *, *, #4777, .F. ) ;
#5438 = CARTESIAN_POINT ( 'NONE',  ( 6.000000000000001776, -12.99999999999999467, -5.500000000000000000 ) ) ;
#5439 = AXIS2_PLACEMENT_3D ( 'NONE', #5813, #1663, #5305 ) ;
#5440 = FACE_BOUND ( 'NONE', #2174, .T. ) ;
#5441 = EDGE_CURVE ( 'NONE', #6519, #39, #6689, .T. ) ;
#5442 = AXIS2_PLACEMENT_3D ( 'NONE', #2055, #1055, #2453 ) ;
#5443 = CARTESIAN_POINT ( 'NONE',  ( 15.00000000000017586, -28.93902645193045231, -5.500000000000000000 ) ) ;
#5444 = CARTESIAN_POINT ( 'NONE',  ( 3.850000000000001421, -12.99999999999999467, -2.499999999999977796 ) ) ;
#5445 = VERTEX_POINT ( 'NONE', #2398 ) ;
#5446 = VERTEX_POINT ( 'NONE', #3547 ) ;
#5447 = CARTESIAN_POINT ( 'NONE',  ( 21.05000000000000071, 16.85000000000000142, -5.000000000000000000 ) ) ;
#5448 = LINE ( 'NONE', #3950, #4572 ) ;
#5449 = ORIENTED_EDGE ( 'NONE', *, *, #1048, .F. ) ;
#5450 = ADVANCED_FACE ( 'NONE', ( #2022 ), #5398, .F. ) ;
#5451 = PLANE ( 'NONE',  #5405 ) ;
#5452 = AXIS2_PLACEMENT_3D ( 'NONE', #3979, #6713, #5647 ) ;
#5453 = DIRECTION ( 'NONE',  ( -0.000000000000000000, -0.000000000000000000, -1.000000000000000000 ) ) ;
#5454 = FACE_OUTER_BOUND ( 'NONE', #3947, .T. ) ;
#5455 = FACE_OUTER_BOUND ( 'NONE', #5404, .T. ) ;
#5456 = DIRECTION ( 'NONE',  ( -0.000000000000000000, -0.000000000000000000, 1.000000000000000000 ) ) ;
#5457 = EDGE_LOOP ( 'NONE', ( #5249, #3519, #4043, #503, #5436, #2634, #5107, #6175 ) ) ;
#5458 = EDGE_CURVE ( 'NONE', #628, #1426, #831, .T. ) ;
#5459 = ADVANCED_FACE ( 'NONE', ( #3001 ), #5630, .T. ) ;
#5460 = CYLINDRICAL_SURFACE ( 'NONE', #2150, 3.200000000000001510 ) ;
#5461 = VERTEX_POINT ( 'NONE', #451 ) ;
#5462 = CARTESIAN_POINT ( 'NONE',  ( 17.00000000000024514, -34.86239308998502651, 6.999999999999999112 ) ) ;
#5463 = DIRECTION ( 'NONE',  ( 0.000000000000000000, 0.000000000000000000, -1.000000000000000000 ) ) ;
#5464 = DIRECTION ( 'NONE',  ( 0.000000000000000000, -1.000000000000000000, 0.000000000000000000 ) ) ;
#5465 = CARTESIAN_POINT ( 'NONE',  ( 15.35985703909246958, 31.00000000000001421, 7.000000000000000000 ) ) ;
#5466 = ORIENTED_EDGE ( 'NONE', *, *, #654, .T. ) ;
#5467 = ORIENTED_EDGE ( 'NONE', *, *, #2060, .T. ) ;
#5468 = EDGE_LOOP ( 'NONE', ( #2118, #1024 ) ) ;
#5469 = VERTEX_POINT ( 'NONE', #4001 ) ;
#5470 = FACE_OUTER_BOUND ( 'NONE', #1503, .T. ) ;
#5471 = DIRECTION ( 'NONE',  ( 0.000000000000000000, 0.000000000000000000, 1.000000000000000000 ) ) ;
#5472 = B_SPLINE_CURVE_WITH_KNOTS ( 'NONE', 3,
 ( #4366, #1778, #5351, #1163, #2267, #3301, #3890, #4881, #184, #2227, #245, #3343, #6450, #2325, #4395, #678 ),
 .UNSPECIFIED., .F., .F.,
 ( 4, 2, 2, 2, 2, 2, 2, 4 ),
 ( 0.000000000000000000, 0.0003506909763152919767, 0.0007013819526305839535, 0.001052072928945875984, 0.001402763905261167907, 0.001753454881576459613, 0.002104145857891751969, 0.002805527810522344487 ),
 .UNSPECIFIED. ) ;
#5473 = LINE ( 'NONE', #5922, #914 ) ;
#5474 = CYLINDRICAL_SURFACE ( 'NONE', #1127, 2.000000000000001776 ) ;
#5475 = ORIENTED_EDGE ( 'NONE', *, *, #2784, .T. ) ;
#5476 = ORIENTED_EDGE ( 'NONE', *, *, #6422, .T. ) ;
#5477 = CARTESIAN_POINT ( 'NONE',  ( 3.350000000000029399, -12.99999999999999467, -1.999999999999999556 ) ) ;
#5478 = EDGE_CURVE ( 'NONE', #1764, #4463, #962, .T. ) ;
#5479 = DIRECTION ( 'NONE',  ( -0.000000000000000000, -0.000000000000000000, -1.000000000000000000 ) ) ;
#5480 = ORIENTED_EDGE ( 'NONE', *, *, #1323, .T. ) ;
#5481 = VERTEX_POINT ( 'NONE', #1888 ) ;
#5482 = DIRECTION ( 'NONE',  ( 0.000000000000000000, -1.000000000000000000, 0.000000000000000000 ) ) ;
#5483 = DIRECTION ( 'NONE',  ( 0.000000000000000000, 0.000000000000000000, 1.000000000000000000 ) ) ;
#5484 = DIRECTION ( 'NONE',  ( -0.000000000000000000, -0.000000000000000000, 1.000000000000000000 ) ) ;
#5485 = EDGE_CURVE ( 'NONE', #2980, #4586, #5080, .T. ) ;
#5486 = AXIS2_PLACEMENT_3D ( 'NONE', #6331, #3283, #1662 ) ;
#5487 = LINE ( 'NONE', #752, #3963 ) ;
#5488 = DIRECTION ( 'NONE',  ( -0.000000000000000000, -0.000000000000000000, 1.000000000000000000 ) ) ;
#5489 = CARTESIAN_POINT ( 'NONE',  ( 17.00000000000000000, -34.86239308998525388, -7.000000000000000000 ) ) ;
#5490 = CIRCLE ( 'NONE', #4191, 3.980000000000004423 ) ;
#5491 = VERTEX_POINT ( 'NONE', #421 ) ;
#5492 = CIRCLE ( 'NONE', #168, 9.999999999999998224 ) ;
#5493 = DIRECTION ( 'NONE',  ( 1.000000000000000000, 0.000000000000000000, 0.000000000000000000 ) ) ;
#5494 = AXIS2_PLACEMENT_3D ( 'NONE', #4918, #1201, #225 ) ;
#5495 = DIRECTION ( 'NONE',  ( -0.000000000000000000, -0.000000000000000000, -1.000000000000000000 ) ) ;
#5496 = ADVANCED_FACE ( 'NONE', ( #995 ), #893, .F. ) ;
#5497 = ADVANCED_FACE ( 'NONE', ( #6629 ), #2607, .F. ) ;
#5498 = CARTESIAN_POINT ( 'NONE',  ( -11.00000000000000355, -56.22269074732326999, -1.000000000000000000 ) ) ;
#5499 = CARTESIAN_POINT ( 'NONE',  ( -17.00000000000000000, -35.99427459992278244, 22.65494915959678224 ) ) ;
#5500 = CARTESIAN_POINT ( 'NONE',  ( 13.00000000000000178, -43.22269074732326999, 7.000000000000000000 ) ) ;
#5501 = CIRCLE ( 'NONE', #1654, 3.980000000000004423 ) ;
#5502 = VERTEX_POINT ( 'NONE', #5220 ) ;
#5503 = CIRCLE ( 'NONE', #1368, 4.000000000000003553 ) ;
#5504 = ORIENTED_EDGE ( 'NONE', *, *, #5009, .F. ) ;
#5505 = EDGE_LOOP ( 'NONE', ( #6376, #1133 ) ) ;
#5506 = ADVANCED_FACE ( 'NONE', ( #523 ), #1571, .F. ) ;
#5507 = ORIENTED_EDGE ( 'NONE', *, *, #3196, .F. ) ;
#5508 = CARTESIAN_POINT ( 'NONE',  ( 3.305443769227864426, -20.99999999999999645, 6.455443769227859008 ) ) ;
#5509 = AXIS2_PLACEMENT_3D ( 'NONE', #1012, #2044, #5166 ) ;
#5510 = CARTESIAN_POINT ( 'NONE',  ( -11.39999999999999858, -43.22269074732326999, 3.799999999999999822 ) ) ;
#5511 = AXIS2_PLACEMENT_3D ( 'NONE', #3164, #4670, #2522 ) ;
#5512 = VECTOR ( 'NONE', #5635, 1000.000000000000000 ) ;
#5513 = FACE_OUTER_BOUND ( 'NONE', #4873, .T. ) ;
#5514 = DIRECTION ( 'NONE',  ( 0.000000000000000000, -1.000000000000000000, 0.000000000000000000 ) ) ;
#5515 = VECTOR ( 'NONE', #6197, 1000.000000000000000 ) ;
#5516 = ORIENTED_EDGE ( 'NONE', *, *, #2664, .F. ) ;
#5517 = ORIENTED_EDGE ( 'NONE', *, *, #2490, .T. ) ;
#5518 = CIRCLE ( 'NONE', #6185, 2.000000000000005329 ) ;
#5519 = CARTESIAN_POINT ( 'NONE',  ( 3.100000000000002753, 29.74406644123207144, 7.000000000000000000 ) ) ;
#5520 = DIRECTION ( 'NONE',  ( 1.000000000000000000, 0.000000000000000000, 0.000000000000000000 ) ) ;
#5521 = ORIENTED_EDGE ( 'NONE', *, *, #4193, .T. ) ;
#5522 = CIRCLE ( 'NONE', #2268, 4.000000000000007105 ) ;
#5523 = ADVANCED_FACE ( 'NONE', ( #2637 ), #1062, .F. ) ;
#5524 = LINE ( 'NONE', #4982, #1265 ) ;
#5525 = DIRECTION ( 'NONE',  ( -0.000000000000000000, -0.000000000000000000, 1.000000000000000000 ) ) ;
#5526 = CARTESIAN_POINT ( 'NONE',  ( -3.100000000000001865, 29.74406644123207144, 7.000000000000000000 ) ) ;
#5527 = FACE_OUTER_BOUND ( 'NONE', #3809, .T. ) ;
#5528 = CARTESIAN_POINT ( 'NONE',  ( 27.29659163829112245, -8.061623882891092663, -5.500000000000000000 ) ) ;
#5529 = CARTESIAN_POINT ( 'NONE',  ( 0.9999999999999887867, 18.59591794226543016, -6.000000000000000000 ) ) ;
#5530 = ORIENTED_EDGE ( 'NONE', *, *, #2378, .T. ) ;
#5531 = ADVANCED_FACE ( 'NONE', ( #2566 ), #1541, .F. ) ;
#5532 =( NAMED_UNIT ( * ) PLANE_ANGLE_UNIT ( ) SI_UNIT ( $, .RADIAN. ) );
#5533 = DIRECTION ( 'NONE',  ( -0.000000000000000000, -0.000000000000000000, -1.000000000000000000 ) ) ;
#5534 = FACE_OUTER_BOUND ( 'NONE', #4660, .T. ) ;
#5535 = DIRECTION ( 'NONE',  ( -0.000000000000000000, -0.000000000000000000, 1.000000000000000000 ) ) ;
#5536 = CARTESIAN_POINT ( 'NONE',  ( -13.00000000000000178, -43.22269074732326999, 7.000000000000000000 ) ) ;
#5537 = EDGE_CURVE ( 'NONE', #4902, #628, #4645, .T. ) ;
#5538 = ORIENTED_EDGE ( 'NONE', *, *, #4114, .T. ) ;
#5539 = ORIENTED_EDGE ( 'NONE', *, *, #3615, .T. ) ;
#5540 = ORIENTED_EDGE ( 'NONE', *, *, #646, .T. ) ;
#5541 = CARTESIAN_POINT ( 'NONE',  ( 7.999999999999777955, 32.38981775229666482, -4.000000000000000000 ) ) ;
#5542 = DIRECTION ( 'NONE',  ( 0.000000000000000000, 0.000000000000000000, 1.000000000000000000 ) ) ;
#5543 = EDGE_CURVE ( 'NONE', #5856, #3465, #6610, .T. ) ;
#5544 = EDGE_CURVE ( 'NONE', #1151, #5687, #553, .T. ) ;
#5545 = CARTESIAN_POINT ( 'NONE',  ( 30.14487539711820929, 2.220446049250313081E-13, -7.000000000000000000 ) ) ;
#5546 = VERTEX_POINT ( 'NONE', #4133 ) ;
#5547 = EDGE_LOOP ( 'NONE', ( #1699, #6125, #4595, #4863 ) ) ;
#5548 = DIRECTION ( 'NONE',  ( -0.000000000000000000, -0.000000000000000000, -1.000000000000000000 ) ) ;
#5549 = LINE ( 'NONE', #2829, #4466 ) ;
#5550 = ORIENTED_EDGE ( 'NONE', *, *, #5485, .F. ) ;
#5551 = VECTOR ( 'NONE', #2310, 999.9999999999998863 ) ;
#5552 = EDGE_LOOP ( 'NONE', ( #4415, #1865, #4826, #1705 ) ) ;
#5553 = CARTESIAN_POINT ( 'NONE',  ( 30.14487539711820929, 2.220446049250313081E-13, 7.000000000000000000 ) ) ;
#5554 = VECTOR ( 'NONE', #5110, 1000.000000000000000 ) ;
#5555 = CARTESIAN_POINT ( 'NONE',  ( 9.449999999999885603, 16.85000000000000142, -1.000000000000000000 ) ) ;
#5556 = CARTESIAN_POINT ( 'NONE',  ( 19.98000000000000043, 16.85000000000000142, -5.000000000000000000 ) ) ;
#5557 = CARTESIAN_POINT ( 'NONE',  ( 13.80000000000000071, -50.12269074732328278, -3.999999999999998224 ) ) ;
#5558 = CARTESIAN_POINT ( 'NONE',  ( 27.25605529807269178, -18.99999999999999645, 6.999999999999999112 ) ) ;
#5559 = DIRECTION ( 'NONE',  ( 1.000000000000000000, 0.000000000000000000, 0.000000000000000000 ) ) ;
#5560 = ADVANCED_FACE ( 'NONE', ( #3647, #6213 ), #4197, .T. ) ;
#5561 = VERTEX_POINT ( 'NONE', #4019 ) ;
#5562 = AXIS2_PLACEMENT_3D ( 'NONE', #6677, #3569, #4083 ) ;
#5563 = DIRECTION ( 'NONE',  ( -0.000000000000000000, -0.000000000000000000, 1.000000000000000000 ) ) ;
#5564 = DIRECTION ( 'NONE',  ( 0.000000000000000000, 0.000000000000000000, -1.000000000000000000 ) ) ;
#5565 = CARTESIAN_POINT ( 'NONE',  ( 27.99999999999999645, 11.99999999999999822, -7.000000000000000000 ) ) ;
#5566 = CARTESIAN_POINT ( 'NONE',  ( 15.99999999999988987, 16.85000000000000142, -5.500000000000000000 ) ) ;
#5567 = DIRECTION ( 'NONE',  ( -0.000000000000000000, -0.000000000000000000, 1.000000000000000000 ) ) ;
#5568 = PRODUCT_DEFINITION_CONTEXT ( 'detailed design', #1435, 'design' ) ;
#5569 = ADVANCED_FACE ( 'NONE', ( #6748 ), #1525, .F. ) ;
#5570 = ORIENTED_EDGE ( 'NONE', *, *, #6732, .F. ) ;
#5571 = ORIENTED_EDGE ( 'NONE', *, *, #5272, .T. ) ;
#5572 = VERTEX_POINT ( 'NONE', #2484 ) ;
#5573 = ORIENTED_EDGE ( 'NONE', *, *, #1543, .F. ) ;
#5574 = LINE ( 'NONE', #4557, #519 ) ;
#5575 = LINE ( 'NONE', #1946, #5735 ) ;
#5576 = EDGE_CURVE ( 'NONE', #1688, #941, #937, .T. ) ;
#5577 = CARTESIAN_POINT ( 'NONE',  ( -9.450000000000002842, 16.85000000000000142, -5.500000000000000000 ) ) ;
#5578 = DIRECTION ( 'NONE',  ( 0.000000000000000000, 0.000000000000000000, 1.000000000000000000 ) ) ;
#5579 = ORIENTED_EDGE ( 'NONE', *, *, #1278, .T. ) ;
#5580 = ORIENTED_EDGE ( 'NONE', *, *, #1102, .F. ) ;
#5581 = DIRECTION ( 'NONE',  ( -1.000000000000000000, 0.000000000000000000, 0.000000000000000000 ) ) ;
#5582 = ADVANCED_FACE ( 'NONE', ( #5682 ), #6198, .F. ) ;
#5583 = ADVANCED_FACE ( 'NONE', ( #1042, #3630 ), #468, .F. ) ;
#5584 = DIRECTION ( 'NONE',  ( -0.000000000000000000, -0.000000000000000000, -1.000000000000000000 ) ) ;
#5585 = ORIENTED_EDGE ( 'NONE', *, *, #94, .F. ) ;
#5586 = ORIENTED_EDGE ( 'NONE', *, *, #5207, .T. ) ;
#5587 = VERTEX_POINT ( 'NONE', #3127 ) ;
#5588 = VECTOR ( 'NONE', #1327, 1000.000000000000000 ) ;
#5589 = DIRECTION ( 'NONE',  ( 1.000000000000000000, 0.000000000000000000, 0.000000000000000000 ) ) ;
#5590 = CARTESIAN_POINT ( 'NONE',  ( 11.00000000000000355, -50.45110689472375043, -5.500000000000000000 ) ) ;
#5591 = DIRECTION ( 'NONE',  ( 1.000000000000000000, 0.000000000000000000, 0.000000000000000000 ) ) ;
#5592 = CARTESIAN_POINT ( 'NONE',  ( 34.12487539711820261, 2.220446049250313081E-13, -7.000000000000000000 ) ) ;
#5593 = ORIENTED_EDGE ( 'NONE', *, *, #1148, .T. ) ;
#5594 = DIRECTION ( 'NONE',  ( 0.000000000000000000, 0.000000000000000000, 1.000000000000000000 ) ) ;
#5595 = VECTOR ( 'NONE', #3379, 1000.000000000000000 ) ;
#5596 = DIRECTION ( 'NONE',  ( 0.000000000000000000, 0.000000000000000000, 1.000000000000000000 ) ) ;
#5597 = CARTESIAN_POINT ( 'NONE',  ( -13.00000000000000178, -43.22269074732326999, -1.000000000000000000 ) ) ;
#5598 = FACE_OUTER_BOUND ( 'NONE', #1944, .T. ) ;
#5599 = FACE_OUTER_BOUND ( 'NONE', #6177, .T. ) ;
#5600 = EDGE_LOOP ( 'NONE', ( #5893, #1684, #1337, #1447 ) ) ;
#5601 = CIRCLE ( 'NONE', #5822, 3.980000000000000870 ) ;
#5602 = VECTOR ( 'NONE', #1031, 1000.000000000000114 ) ;
#5603 = EDGE_CURVE ( 'NONE', #5461, #2056, #4149, .T. ) ;
#5604 = ORIENTED_EDGE ( 'NONE', *, *, #6512, .T. ) ;
#5605 = ORIENTED_EDGE ( 'NONE', *, *, #654, .F. ) ;
#5606 = ORIENTED_EDGE ( 'NONE', *, *, #1008, .F. ) ;
#5607 = CARTESIAN_POINT ( 'NONE',  ( 6.000000000000001776, -12.99999999999999467, -1.999999999999999556 ) ) ;
#5608 = CARTESIAN_POINT ( 'NONE',  ( -11.10000000000000142, -43.22269074732326999, 7.000000000000000000 ) ) ;
#5609 = VECTOR ( 'NONE', #3820, 1000.000000000000000 ) ;
#5610 = DIRECTION ( 'NONE',  ( 0.000000000000000000, 0.000000000000000000, -1.000000000000000000 ) ) ;
#5611 = DIRECTION ( 'NONE',  ( 1.000000000000000000, 1.909363028148246276E-16, 0.000000000000000000 ) ) ;
#5612 = EDGE_CURVE ( 'NONE', #2839, #2351, #2058, .T. ) ;
#5613 = ORIENTED_EDGE ( 'NONE', *, *, #6555, .T. ) ;
#5614 = ORIENTED_EDGE ( 'NONE', *, *, #5335, .T. ) ;
#5615 = AXIS2_PLACEMENT_3D ( 'NONE', #1613, #42, #5733 ) ;
#5616 = B_SPLINE_CURVE_WITH_KNOTS ( 'NONE', 3,
 ( #2270, #2866, #1195, #3345, #1719, #1261, #4300, #680, #5424, #3273, #278, #753 ),
 .UNSPECIFIED., .F., .F.,
 ( 4, 2, 2, 2, 2, 4 ),
 ( 0.000000000000000000, 0.0005459630448295909981, 0.0008189445672443864972, 0.001091926089659181996, 0.001637889134488760851, 0.002183852179318339706 ),
 .UNSPECIFIED. ) ;
#5617 = DIRECTION ( 'NONE',  ( -1.000000000000000000, 0.000000000000000000, 0.000000000000000000 ) ) ;
#5618 = CIRCLE ( 'NONE', #4207, 5.499999999999998224 ) ;
#5619 = LINE ( 'NONE', #1019, #5554 ) ;
#5620 = VECTOR ( 'NONE', #5866, 1000.000000000000000 ) ;
#5621 = ORIENTED_EDGE ( 'NONE', *, *, #5312, .T. ) ;
#5622 = VECTOR ( 'NONE', #1233, 1000.000000000000000 ) ;
#5623 = EDGE_CURVE ( 'NONE', #1120, #765, #5575, .T. ) ;
#5624 = CIRCLE ( 'NONE', #1821, 2.000000000000001776 ) ;
#5625 = ORIENTED_EDGE ( 'NONE', *, *, #1734, .F. ) ;
#5626 = ORIENTED_EDGE ( 'NONE', *, *, #5123, .T. ) ;
#5627 = AXIS2_PLACEMENT_3D ( 'NONE', #4831, #2756, #303 ) ;
#5628 = LINE ( 'NONE', #961, #4325 ) ;
#5629 = CIRCLE ( 'NONE', #6507, 6.550000000000000711 ) ;
#5630 = PLANE ( 'NONE',  #2895 ) ;
#5631 = DIRECTION ( 'NONE',  ( 0.000000000000000000, 0.000000000000000000, 1.000000000000000000 ) ) ;
#5632 = ORIENTED_EDGE ( 'NONE', *, *, #5172, .T. ) ;
#5633 = ADVANCED_FACE ( 'NONE', ( #437 ), #5102, .F. ) ;
#5634 = ADVANCED_FACE ( 'NONE', ( #4119 ), #505, .T. ) ;
#5635 = DIRECTION ( 'NONE',  ( -0.000000000000000000, -0.000000000000000000, 1.000000000000000000 ) ) ;
#5636 = DIRECTION ( 'NONE',  ( -0.000000000000000000, -0.000000000000000000, -1.000000000000000000 ) ) ;
#5637 = CARTESIAN_POINT ( 'NONE',  ( -8.000000000000000000, 37.74406644123207144, -1.000000000000000000 ) ) ;
#5638 = DIRECTION ( 'NONE',  ( -0.000000000000000000, -0.000000000000000000, -1.000000000000000000 ) ) ;
#5639 = DIRECTION ( 'NONE',  ( -1.000000000000000000, 0.000000000000000000, 0.000000000000000000 ) ) ;
#5640 = ORIENTED_EDGE ( 'NONE', *, *, #2130, .T. ) ;
#5641 = ORIENTED_EDGE ( 'NONE', *, *, #5251, .T. ) ;
#5642 = EDGE_LOOP ( 'NONE', ( #1276, #2678, #4959, #3794 ) ) ;
#5643 = ORIENTED_EDGE ( 'NONE', *, *, #6129, .T. ) ;
#5644 = FACE_OUTER_BOUND ( 'NONE', #6726, .T. ) ;
#5645 = CARTESIAN_POINT ( 'NONE',  ( 11.00000000000000355, -54.22269074732326999, -5.500000000000000000 ) ) ;
#5646 = CARTESIAN_POINT ( 'NONE',  ( -11.00000000000000178, -35.99427459992278244, -1.000000000000000000 ) ) ;
#5647 = DIRECTION ( 'NONE',  ( -1.000000000000000000, 0.000000000000000000, 0.000000000000000000 ) ) ;
#5648 = EDGE_CURVE ( 'NONE', #5658, #4483, #1602, .T. ) ;
#5649 = DIRECTION ( 'NONE',  ( 1.000000000000000000, 0.000000000000000000, 0.000000000000000000 ) ) ;
#5650 = FACE_BOUND ( 'NONE', #360, .T. ) ;
#5651 = ORIENTED_EDGE ( 'NONE', *, *, #1048, .T. ) ;
#5652 = ORIENTED_EDGE ( 'NONE', *, *, #1504, .T. ) ;
#5653 = CARTESIAN_POINT ( 'NONE',  ( -3.305443769227841333, -20.99999999999999645, 6.455443769227852790 ) ) ;
#5654 = DIRECTION ( 'NONE',  ( 1.000000000000000000, 0.000000000000000000, 0.000000000000000000 ) ) ;
#5655 = EDGE_CURVE ( 'NONE', #4463, #6642, #5835, .T. ) ;
#5656 = ORIENTED_EDGE ( 'NONE', *, *, #796, .T. ) ;
#5657 = VERTEX_POINT ( 'NONE', #6645 ) ;
#5658 = VERTEX_POINT ( 'NONE', #4050 ) ;
#5659 = FACE_OUTER_BOUND ( 'NONE', #5915, .T. ) ;
#5660 = AXIS2_PLACEMENT_3D ( 'NONE', #4360, #6446, #3915 ) ;
#5661 = DIRECTION ( 'NONE',  ( 1.000000000000000000, 0.000000000000000000, 0.000000000000000000 ) ) ;
#5662 = LINE ( 'NONE', #4501, #3435 ) ;
#5663 = CARTESIAN_POINT ( 'NONE',  ( -21.50000000000000000, 24.22277336810119763, -4.000000000000000000 ) ) ;
#5664 = EDGE_CURVE ( 'NONE', #5690, #1473, #6127, .T. ) ;
#5665 = EDGE_LOOP ( 'NONE', ( #1104, #4490, #6717, #2858 ) ) ;
#5666 = LINE ( 'NONE', #3007, #4860 ) ;
#5667 = VECTOR ( 'NONE', #4159, 1000.000000000000000 ) ;
#5668 = CYLINDRICAL_SURFACE ( 'NONE', #6267, 4.500000000000000888 ) ;
#5669 = DIRECTION ( 'NONE',  ( 1.000000000000000000, 0.000000000000000000, -0.000000000000000000 ) ) ;
#5670 = DIRECTION ( 'NONE',  ( 1.000000000000000000, 0.000000000000000000, 0.000000000000000000 ) ) ;
#5671 = CARTESIAN_POINT ( 'NONE',  ( -13.00000000000000355, -54.22269074732326999, -1.000000000000000000 ) ) ;
#5672 = EDGE_CURVE ( 'NONE', #3369, #3373, #3330, .T. ) ;
#5673 = ADVANCED_FACE ( 'NONE', ( #597 ), #5811, .T. ) ;
#5674 = VERTEX_POINT ( 'NONE', #5302 ) ;
#5675 = VECTOR ( 'NONE', #1419, 1000.000000000000000 ) ;
#5676 = AXIS2_PLACEMENT_3D ( 'NONE', #1440, #3512, #1513 ) ;
#5677 = EDGE_LOOP ( 'NONE', ( #1985, #728, #6104, #5680, #3596, #4440, #6237, #1414, #5162, #2288 ) ) ;
#5678 = CIRCLE ( 'NONE', #2294, 10.00000000000001954 ) ;
#5679 = ORIENTED_EDGE ( 'NONE', *, *, #1713, .T. ) ;
#5680 = ORIENTED_EDGE ( 'NONE', *, *, #1925, .F. ) ;
#5681 = DIRECTION ( 'NONE',  ( 1.000000000000000000, 0.000000000000000000, 0.000000000000000000 ) ) ;
#5682 = FACE_OUTER_BOUND ( 'NONE', #5728, .T. ) ;
#5683 = CARTESIAN_POINT ( 'NONE',  ( 8.150000000000002132, -12.99999999999999467, -2.499999999999977796 ) ) ;
#5684 = DIRECTION ( 'NONE',  ( 1.000000000000000000, 0.000000000000000000, 0.000000000000000000 ) ) ;
#5685 = CARTESIAN_POINT ( 'NONE',  ( 11.18812536918544076, -48.42801511867979514, -2.410251844772379748 ) ) ;
#5686 = VERTEX_POINT ( 'NONE', #4723 ) ;
#5687 = VERTEX_POINT ( 'NONE', #5234 ) ;
#5688 = FACE_OUTER_BOUND ( 'NONE', #3287, .T. ) ;
#5689 = CARTESIAN_POINT ( 'NONE',  ( -11.10000000000000142, -43.22269074732326999, 3.799999999999999822 ) ) ;
#5690 = VERTEX_POINT ( 'NONE', #6399 ) ;
#5691 = ORIENTED_EDGE ( 'NONE', *, *, #2709, .T. ) ;
#5692 = EDGE_CURVE ( 'NONE', #1954, #1384, #2470, .T. ) ;
#5693 = ORIENTED_EDGE ( 'NONE', *, *, #2951, .T. ) ;
#5694 = FACE_OUTER_BOUND ( 'NONE', #2311, .T. ) ;
#5695 = DIRECTION ( 'NONE',  ( -0.000000000000000000, -0.000000000000000000, -1.000000000000000000 ) ) ;
#5696 = LINE ( 'NONE', #5089, #3640 ) ;
#5697 = VERTEX_POINT ( 'NONE', #2239 ) ;
#5698 = DIRECTION ( 'NONE',  ( 0.000000000000000000, 0.000000000000000000, -1.000000000000000000 ) ) ;
#5699 = EDGE_CURVE ( 'NONE', #2319, #903, #2109, .T. ) ;
#5700 = CARTESIAN_POINT ( 'NONE',  ( 16.00000000000000000, 16.85000000000000142, -5.000000000000000000 ) ) ;
#5701 = FACE_OUTER_BOUND ( 'NONE', #533, .T. ) ;
#5702 = FACE_OUTER_BOUND ( 'NONE', #4102, .T. ) ;
#5703 = CARTESIAN_POINT ( 'NONE',  ( 5.000000000000000888, 29.74406644123207144, 7.000000000000000000 ) ) ;
#5704 = CIRCLE ( 'NONE', #4845, 5.499999999999998224 ) ;
#5705 = ORIENTED_EDGE ( 'NONE', *, *, #2740, .T. ) ;
#5706 = AXIS2_PLACEMENT_3D ( 'NONE', #4022, #6069, #5105 ) ;
#5707 = EDGE_CURVE ( 'NONE', #2906, #210, #1175, .T. ) ;
#5708 = VERTEX_POINT ( 'NONE', #5783 ) ;
#5709 = ADVANCED_FACE ( 'NONE', ( #2714, #4791 ), #3697, .T. ) ;
#5710 = ORIENTED_EDGE ( 'NONE', *, *, #246, .F. ) ;
#5711 = CARTESIAN_POINT ( 'NONE',  ( 16.00000000000000000, 16.85000000000000142, -1.000000000000000000 ) ) ;
#5712 = CARTESIAN_POINT ( 'NONE',  ( 12.84225268105153539, -49.66989351483975668, -4.705757743966087148 ) ) ;
#5713 = CARTESIAN_POINT ( 'NONE',  ( 3.849999999999997868, -20.99999999999999645, 7.000000000000000000 ) ) ;
#5714 = AXIS2_PLACEMENT_3D ( 'NONE', #5500, #2974, #3968 ) ;
#5715 = LINE ( 'NONE', #662, #3048 ) ;
#5716 = AXIS2_PLACEMENT_3D ( 'NONE', #2871, #1302, #6015 ) ;
#5717 = LINE ( 'NONE', #3091, #3524 ) ;
#5718 = VECTOR ( 'NONE', #92, 1000.000000000000000 ) ;
#5719 = EDGE_CURVE ( 'NONE', #93, #631, #1106, .T. ) ;
#5720 = ORIENTED_EDGE ( 'NONE', *, *, #330, .F. ) ;
#5721 = CIRCLE ( 'NONE', #930, 2.000000000000000000 ) ;
#5722 = VERTEX_POINT ( 'NONE', #4762 ) ;
#5723 = VECTOR ( 'NONE', #4942, 1000.000000000000000 ) ;
#5724 = DIRECTION ( 'NONE',  ( -0.000000000000000000, -0.000000000000000000, -1.000000000000000000 ) ) ;
#5725 = CARTESIAN_POINT ( 'NONE',  ( 7.999999999999753975, 35.74406644123207144, -1.000000000000000000 ) ) ;
#5726 = PRODUCT_DEFINITION_SHAPE ( 'NONE', 'NONE',  #4650 ) ;
#5727 = AXIS2_PLACEMENT_3D ( 'NONE', #3556, #21, #4140 ) ;
#5728 = EDGE_LOOP ( 'NONE', ( #2698, #4004, #4131, #1900, #5540, #4250 ) ) ;
#5729 = ORIENTED_EDGE ( 'NONE', *, *, #5042, .T. ) ;
#5730 = AXIS2_PLACEMENT_3D ( 'NONE', #4603, #2498, #2430 ) ;
#5731 = CARTESIAN_POINT ( 'NONE',  ( -10.50000000000000178, -12.99999999999999467, -1.999999999999999556 ) ) ;
#5732 = VECTOR ( 'NONE', #5252, 1000.000000000000000 ) ;
#5733 = DIRECTION ( 'NONE',  ( -1.000000000000000000, 0.000000000000000000, 0.000000000000000000 ) ) ;
#5734 = DIRECTION ( 'NONE',  ( 1.595349423811331573E-14, 1.000000000000000000, 0.000000000000000000 ) ) ;
#5735 = VECTOR ( 'NONE', #4519, 1000.000000000000000 ) ;
#5736 = ORIENTED_EDGE ( 'NONE', *, *, #5134, .F. ) ;
#5737 = EDGE_CURVE ( 'NONE', #4017, #3051, #1137, .T. ) ;
#5738 = VECTOR ( 'NONE', #1320, 1000.000000000000114 ) ;
#5739 = LINE ( 'NONE', #4647, #2042 ) ;
#5740 = VECTOR ( 'NONE', #5350, 1000.000000000000000 ) ;
#5741 = AXIS2_PLACEMENT_3D ( 'NONE', #6329, #633, #731 ) ;
#5742 = CARTESIAN_POINT ( 'NONE',  ( 3.849999999999968114, 21.24406644123207144, 7.000000000000000000 ) ) ;
#5743 = CIRCLE ( 'NONE', #2802, 5.499999999999998224 ) ;
#5744 = DIRECTION ( 'NONE',  ( -0.000000000000000000, -0.000000000000000000, -1.000000000000000000 ) ) ;
#5745 = CARTESIAN_POINT ( 'NONE',  ( -12.89870828346177234, -49.82269074732327852, -3.883062324513800956 ) ) ;
#5746 = CARTESIAN_POINT ( 'NONE',  ( 13.00000000000000178, -43.22269074732326999, 9.000000000000001776 ) ) ;
#5747 = VERTEX_POINT ( 'NONE', #5262 ) ;
#5748 = ADVANCED_FACE ( 'NONE', ( #4310 ), #130, .F. ) ;
#5749 = ORIENTED_EDGE ( 'NONE', *, *, #3800, .T. ) ;
#5750 = CARTESIAN_POINT ( 'NONE',  ( 7.999999999999835687, 24.24406644123207499, -1.000000000000000000 ) ) ;
#5751 = ORIENTED_EDGE ( 'NONE', *, *, #2253, .T. ) ;
#5752 = DIRECTION ( 'NONE',  ( 1.000000000000000000, 0.000000000000000000, 0.000000000000000000 ) ) ;
#5753 = DIRECTION ( 'NONE',  ( 0.000000000000000000, -0.000000000000000000, -1.000000000000000000 ) ) ;
#5754 = LINE ( 'NONE', #569, #923 ) ;
#5755 = DIRECTION ( 'NONE',  ( -0.000000000000000000, -0.000000000000000000, 1.000000000000000000 ) ) ;
#5756 = EDGE_CURVE ( 'NONE', #26, #2454, #4180, .T. ) ;
#5757 = CARTESIAN_POINT ( 'NONE',  ( 8.700832664558914686, -46.65381084724095473, -3.640961252384228075 ) ) ;
#5758 = VERTEX_POINT ( 'NONE', #3219 ) ;
#5759 = VERTEX_POINT ( 'NONE', #3253 ) ;
#5760 = CARTESIAN_POINT ( 'NONE',  ( -5.000000000000000888, 29.74406644123207144, 7.000000000000000000 ) ) ;
#5761 = DIRECTION ( 'NONE',  ( -0.000000000000000000, -0.000000000000000000, -1.000000000000000000 ) ) ;
#5762 = ADVANCED_FACE ( 'NONE', ( #2178, #3765 ), #5851, .T. ) ;
#5763 = EDGE_CURVE ( 'NONE', #2929, #4046, #6719, .T. ) ;
#5764 = ORIENTED_EDGE ( 'NONE', *, *, #1001, .F. ) ;
#5765 = ORIENTED_EDGE ( 'NONE', *, *, #3533, .F. ) ;
#5766 = FACE_OUTER_BOUND ( 'NONE', #2773, .T. ) ;
#5767 = FACE_OUTER_BOUND ( 'NONE', #798, .T. ) ;
#5768 = DIRECTION ( 'NONE',  ( 1.000000000000000000, -1.734723475976807341E-16, -0.000000000000000000 ) ) ;
#5769 = VERTEX_POINT ( 'NONE', #4821 ) ;
#5770 = CARTESIAN_POINT ( 'NONE',  ( -11.00000000000000355, -56.22269074732326999, -1.000000000000000000 ) ) ;
#5771 = CARTESIAN_POINT ( 'NONE',  ( 13.00000000000000178, -35.99427459992278244, 22.65494915959678224 ) ) ;
#5772 = ADVANCED_FACE ( 'NONE', ( #3730 ), #157, .F. ) ;
#5773 = CARTESIAN_POINT ( 'NONE',  ( -3.305443769227874196, 21.24406644123207144, 6.455443769227855455 ) ) ;
#5774 = CARTESIAN_POINT ( 'NONE',  ( -12.89870828346177412, -49.82269074732327852, -3.999999999999998224 ) ) ;
#5775 = PLANE ( 'NONE',  #814 ) ;
#5776 = ORIENTED_EDGE ( 'NONE', *, *, #904, .T. ) ;
#5777 = AXIS2_PLACEMENT_3D ( 'NONE', #514, #1983, #5654 ) ;
#5778 = ORIENTED_EDGE ( 'NONE', *, *, #38, .T. ) ;
#5779 = PLANE ( 'NONE',  #4296 ) ;
#5780 = EDGE_CURVE ( 'NONE', #3628, #5747, #1076, .T. ) ;
#5781 = ORIENTED_EDGE ( 'NONE', *, *, #4007, .T. ) ;
#5782 = DIRECTION ( 'NONE',  ( 0.000000000000000000, 0.000000000000000000, 1.000000000000000000 ) ) ;
#5783 = CARTESIAN_POINT ( 'NONE',  ( 9.000000000000001776, -43.22269074732326999, -1.000000000000000000 ) ) ;
#5784 = DIRECTION ( 'NONE',  ( -0.000000000000000000, -0.000000000000000000, 1.000000000000000000 ) ) ;
#5785 = CARTESIAN_POINT ( 'NONE',  ( 8.000000000000000000, 37.74406644123207144, -7.000000000000000000 ) ) ;
#5786 = LINE ( 'NONE', #4727, #832 ) ;
#5787 = ORIENTED_EDGE ( 'NONE', *, *, #5672, .T. ) ;
#5788 = VERTEX_POINT ( 'NONE', #4217 ) ;
#5789 = ADVANCED_FACE ( 'NONE', ( #6300 ), #1930, .F. ) ;
#5790 = LINE ( 'NONE', #2153, #3333 ) ;
#5791 = CARTESIAN_POINT ( 'NONE',  ( 27.99999999999999645, 11.99999999999999822, -1.000000000000000000 ) ) ;
#5792 = ORIENTED_EDGE ( 'NONE', *, *, #4375, .T. ) ;
#5793 = ORIENTED_EDGE ( 'NONE', *, *, #1820, .T. ) ;
#5794 = EDGE_CURVE ( 'NONE', #4998, #2481, #689, .T. ) ;
#5795 = EDGE_CURVE ( 'NONE', #4965, #434, #6017, .T. ) ;
#5796 = CYLINDRICAL_SURFACE ( 'NONE', #1644, 4.000000000000000000 ) ;
#5797 = CARTESIAN_POINT ( 'NONE',  ( 40.00000000000000711, 31.00000000000001066, -6.000000000000000000 ) ) ;
#5798 = ORIENTED_EDGE ( 'NONE', *, *, #6123, .F. ) ;
#5799 = FACE_OUTER_BOUND ( 'NONE', #5956, .T. ) ;
#5800 = CARTESIAN_POINT ( 'NONE',  ( -5.000000000000000888, 29.74406644123207144, -4.000000000000000000 ) ) ;
#5801 = CARTESIAN_POINT ( 'NONE',  ( 19.33955556881018722, -28.43451699311990311, -7.000000000000000000 ) ) ;
#5802 = DIRECTION ( 'NONE',  ( -0.000000000000000000, -1.000000000000000000, -0.000000000000000000 ) ) ;
#5803 = DIRECTION ( 'NONE',  ( 0.000000000000000000, 0.000000000000000000, 1.000000000000000000 ) ) ;
#5804 = LINE ( 'NONE', #6420, #5718 ) ;
#5805 = ORIENTED_EDGE ( 'NONE', *, *, #3834, .T. ) ;
#5806 = EDGE_LOOP ( 'NONE', ( #5579, #3779, #1591, #1413 ) ) ;
#5807 = DIRECTION ( 'NONE',  ( 1.000000000000000000, -2.081668171172168513E-14, 0.000000000000000000 ) ) ;
#5808 = ORIENTED_EDGE ( 'NONE', *, *, #840, .F. ) ;
#5809 = PRODUCT_DEFINITION_FORMATION_WITH_SPECIFIED_SOURCE ( '对称', '', #2308, .NOT_KNOWN. ) ;
#5810 = DIRECTION ( 'NONE',  ( 1.000000000000000000, -0.000000000000000000, -0.000000000000000000 ) ) ;
#5811 = PLANE ( 'NONE',  #2356 ) ;
#5812 = CARTESIAN_POINT ( 'NONE',  ( 12.09800759387858804, -48.77946718360626477, -5.500000000000000000 ) ) ;
#5813 = CARTESIAN_POINT ( 'NONE',  ( -5.000000000000000888, 29.74406644123207144, 7.000000000000000000 ) ) ;
#5814 = EDGE_CURVE ( 'NONE', #2554, #5865, #5361, .T. ) ;
#5815 = ORIENTED_EDGE ( 'NONE', *, *, #3276, .F. ) ;
#5816 = VECTOR ( 'NONE', #223, 1000.000000000000000 ) ;
#5817 = ORIENTED_EDGE ( 'NONE', *, *, #4166, .F. ) ;
#5818 = CIRCLE ( 'NONE', #1467, 5.000000000000000000 ) ;
#5819 = CARTESIAN_POINT ( 'NONE',  ( -13.00000000000000178, -43.22269074732326999, -5.500000000000000000 ) ) ;
#5820 = CARTESIAN_POINT ( 'NONE',  ( 10.39129341151854469, -24.00000000000000000, 6.999999999999999112 ) ) ;
#5821 = EDGE_CURVE ( 'NONE', #1384, #1954, #3991, .T. ) ;
#5822 = AXIS2_PLACEMENT_3D ( 'NONE', #6430, #690, #4792 ) ;
#5823 = VECTOR ( 'NONE', #5395, 1000.000000000000000 ) ;
#5824 = VERTEX_POINT ( 'NONE', #1304 ) ;
#5825 = ORIENTED_EDGE ( 'NONE', *, *, #1616, .T. ) ;
#5826 = FACE_OUTER_BOUND ( 'NONE', #250, .T. ) ;
#5827 = VECTOR ( 'NONE', #5323, 1000.000000000000000 ) ;
#5828 = CARTESIAN_POINT ( 'NONE',  ( 6.899999999999998579, 29.74406644123207144, 3.799999999999999822 ) ) ;
#5829 = EDGE_LOOP ( 'NONE', ( #2741, #4337 ) ) ;
#5830 = EDGE_CURVE ( 'NONE', #631, #1633, #4992, .T. ) ;
#5831 = CIRCLE ( 'NONE', #4418, 1.999999999999998224 ) ;
#5832 = DIRECTION ( 'NONE',  ( 0.000000000000000000, 0.000000000000000000, 1.000000000000000000 ) ) ;
#5833 = CARTESIAN_POINT ( 'NONE',  ( 30.14487539711820929, 21.24406644123207144, 7.000000000000000000 ) ) ;
#5834 = CARTESIAN_POINT ( 'NONE',  ( 13.00000000000000355, -50.45110689472375043, -1.000000000000000000 ) ) ;
#5835 = CIRCLE ( 'NONE', #4533, 2.000000000000000000 ) ;
#5836 = CARTESIAN_POINT ( 'NONE',  ( 14.90000000000000036, -43.22269074732326999, 3.799999999999999822 ) ) ;
#5837 = PLANE ( 'NONE',  #1927 ) ;
#5838 = LINE ( 'NONE', #5938, #4516 ) ;
#5839 = CIRCLE ( 'NONE', #1493, 2.649999999999999467 ) ;
#5840 = ORIENTED_EDGE ( 'NONE', *, *, #6033, .F. ) ;
#5841 = ADVANCED_FACE ( 'NONE', ( #321 ), #1829, .T. ) ;
#5842 = EDGE_CURVE ( 'NONE', #5190, #1833, #2406, .T. ) ;
#5843 = AXIS2_PLACEMENT_3D ( 'NONE', #4681, #5594, #5120 ) ;
#5844 = VECTOR ( 'NONE', #1203, 999.9999999999998863 ) ;
#5845 = DIRECTION ( 'NONE',  ( 5.383546301517076067E-17, -1.000000000000000000, 0.000000000000000000 ) ) ;
#5846 = AXIS2_PLACEMENT_3D ( 'NONE', #2598, #6368, #1242 ) ;
#5847 = ORIENTED_EDGE ( 'NONE', *, *, #5756, .F. ) ;
#5848 = DIRECTION ( 'NONE',  ( -1.000000000000000000, 0.000000000000000000, 0.000000000000000000 ) ) ;
#5849 = VERTEX_POINT ( 'NONE', #6565 ) ;
#5850 = DIRECTION ( 'NONE',  ( -0.000000000000000000, -0.000000000000000000, 1.000000000000000000 ) ) ;
#5851 = PLANE ( 'NONE',  #4313 ) ;
#5852 = FACE_OUTER_BOUND ( 'NONE', #2408, .T. ) ;
#5853 = DIRECTION ( 'NONE',  ( 0.000000000000000000, 0.000000000000000000, 1.000000000000000000 ) ) ;
#5854 = AXIS2_PLACEMENT_3D ( 'NONE', #5438, #769, #4927 ) ;
#5855 = VERTEX_POINT ( 'NONE', #732 ) ;
#5856 = VERTEX_POINT ( 'NONE', #1895 ) ;
#5857 = DIRECTION ( 'NONE',  ( -0.000000000000000000, -0.000000000000000000, -1.000000000000000000 ) ) ;
#5858 = CARTESIAN_POINT ( 'NONE',  ( -31.25537671716908150, -6.455175196550846373, -5.500000000000000000 ) ) ;
#5859 = DIRECTION ( 'NONE',  ( -1.000000000000000000, 0.000000000000000000, 0.000000000000000000 ) ) ;
#5860 = ORIENTED_EDGE ( 'NONE', *, *, #4710, .F. ) ;
#5861 = ORIENTED_EDGE ( 'NONE', *, *, #1412, .T. ) ;
#5862 = PLANE ( 'NONE',  #4584 ) ;
#5863 = ADVANCED_FACE ( 'NONE', ( #3967 ), #2778, .F. ) ;
#5864 = DIRECTION ( 'NONE',  ( -1.000000000000000000, 0.000000000000000000, 0.000000000000000000 ) ) ;
#5865 = VERTEX_POINT ( 'NONE', #793 ) ;
#5866 = DIRECTION ( 'NONE',  ( 1.000000000000000000, -4.336808689942017120E-17, -0.000000000000000000 ) ) ;
#5867 = DIRECTION ( 'NONE',  ( 1.000000000000000000, 0.000000000000000000, 0.000000000000000000 ) ) ;
#5868 = EDGE_CURVE ( 'NONE', #6403, #2419, #5192, .T. ) ;
#5869 = CARTESIAN_POINT ( 'NONE',  ( -1.500000000000002220, -12.99999999999999467, -1.999999999999999556 ) ) ;
#5870 = CARTESIAN_POINT ( 'NONE',  ( -11.53333333333333499, -48.52352925541694617, -2.428536926285582265 ) ) ;
#5871 = LINE ( 'NONE', #4370, #6047 ) ;
#5872 = EDGE_LOOP ( 'NONE', ( #4903, #1385 ) ) ;
#5873 = ORIENTED_EDGE ( 'NONE', *, *, #3627, .F. ) ;
#5874 = FACE_BOUND ( 'NONE', #2820, .T. ) ;
#5875 = EDGE_CURVE ( 'NONE', #6311, #2995, #6429, .T. ) ;
#5876 = ORIENTED_EDGE ( 'NONE', *, *, #2513, .T. ) ;
#5877 = EDGE_CURVE ( 'NONE', #4302, #3724, #2901, .T. ) ;
#5878 = CARTESIAN_POINT ( 'NONE',  ( 4.008722593841411275, 31.00000000000001066, -6.000000000000000888 ) ) ;
#5879 = DIRECTION ( 'NONE',  ( 0.000000000000000000, 0.000000000000000000, 1.000000000000000000 ) ) ;
#5880 = DIRECTION ( 'NONE',  ( -0.000000000000000000, -0.000000000000000000, -1.000000000000000000 ) ) ;
#5881 = CARTESIAN_POINT ( 'NONE',  ( -17.00000000000000000, -31.22269074732326288, -1.000000000000000000 ) ) ;
#5882 = VECTOR ( 'NONE', #31, 1000.000000000000000 ) ;
#5883 = EDGE_LOOP ( 'NONE', ( #6663, #6275, #6656, #280, #1393, #1751, #2120 ) ) ;
#5884 = VECTOR ( 'NONE', #11, 1000.000000000000114 ) ;
#5885 = ORIENTED_EDGE ( 'NONE', *, *, #6443, .T. ) ;
#5886 = VECTOR ( 'NONE', #4184, 1000.000000000000000 ) ;
#5887 = LINE ( 'NONE', #4770, #2263 ) ;
#5888 = CARTESIAN_POINT ( 'NONE',  ( -13.00000000000000178, -43.22269074732326999, 9.000000000000001776 ) ) ;
#5889 = AXIS2_PLACEMENT_3D ( 'NONE', #3023, #1947, #4664 ) ;
#5890 = DIRECTION ( 'NONE',  ( 1.000000000000000000, 0.000000000000000000, 0.000000000000000000 ) ) ;
#5891 = DIRECTION ( 'NONE',  ( -1.000000000000000000, 4.336808689942017120E-17, 0.000000000000000000 ) ) ;
#5892 = ORIENTED_EDGE ( 'NONE', *, *, #3715, .F. ) ;
#5893 = ORIENTED_EDGE ( 'NONE', *, *, #5795, .F. ) ;
#5894 = DIRECTION ( 'NONE',  ( -1.000000000000000000, 0.000000000000000000, 0.000000000000000000 ) ) ;
#5895 = PLANE ( 'NONE',  #4687 ) ;
#5896 = ORIENTED_EDGE ( 'NONE', *, *, #1036, .F. ) ;
#5897 = ADVANCED_FACE ( 'NONE', ( #3831 ), #2875, .T. ) ;
#5898 = ORIENTED_EDGE ( 'NONE', *, *, #1029, .T. ) ;
#5899 = CARTESIAN_POINT ( 'NONE',  ( -1.000000000000010436, 18.59591794226542660, -6.000000000000000000 ) ) ;
#5900 = DIRECTION ( 'NONE',  ( 0.000000000000000000, 0.000000000000000000, 1.000000000000000000 ) ) ;
#5901 = FACE_OUTER_BOUND ( 'NONE', #2656, .T. ) ;
#5902 = LINE ( 'NONE', #5389, #2357 ) ;
#5903 = CARTESIAN_POINT ( 'NONE',  ( -9.914799734000007803, -47.78900422463864572, -2.442688162693498644 ) ) ;
#5904 = EDGE_LOOP ( 'NONE', ( #2010, #1990 ) ) ;
#5905 = ADVANCED_FACE ( 'NONE', ( #3315 ), #4956, .T. ) ;
#5906 = DIRECTION ( 'NONE',  ( 0.000000000000000000, 0.000000000000000000, -1.000000000000000000 ) ) ;
#5907 = VERTEX_POINT ( 'NONE', #6532 ) ;
#5908 = CARTESIAN_POINT ( 'NONE',  ( 13.00000000000000178, -43.22269074732326999, -1.000000000000000000 ) ) ;
#5909 = EDGE_LOOP ( 'NONE', ( #3033, #4721 ) ) ;
#5910 = CARTESIAN_POINT ( 'NONE',  ( -8.000000000000000000, 37.74406644123207144, 7.000000000000000000 ) ) ;
#5911 = DIRECTION ( 'NONE',  ( -0.000000000000000000, -0.000000000000000000, -1.000000000000000000 ) ) ;
#5912 = DIRECTION ( 'NONE',  ( 0.000000000000000000, -1.000000000000000000, 0.000000000000000000 ) ) ;
#5913 = DIRECTION ( 'NONE',  ( 1.000000000000000000, 0.000000000000000000, 0.000000000000000000 ) ) ;
#5914 = EDGE_CURVE ( 'NONE', #6729, #2585, #1491, .T. ) ;
#5915 = EDGE_LOOP ( 'NONE', ( #4590, #1159, #818, #5091 ) ) ;
#5916 = AXIS2_PLACEMENT_3D ( 'NONE', #3925, #1468, #5661 ) ;
#5917 = ORIENTED_EDGE ( 'NONE', *, *, #5868, .T. ) ;
#5918 = CARTESIAN_POINT ( 'NONE',  ( -16.00000000000000000, 10.30000000000000249, -5.500000000000000000 ) ) ;
#5919 = LINE ( 'NONE', #1904, #6225 ) ;
#5920 = AXIS2_PLACEMENT_3D ( 'NONE', #2985, #3025, #4084 ) ;
#5921 = EDGE_CURVE ( 'NONE', #1398, #2701, #1266, .T. ) ;
#5922 = CARTESIAN_POINT ( 'NONE',  ( -13.00000000000000000, -28.21108598339804630, -5.500000000000000000 ) ) ;
#5923 = PLANE ( 'NONE',  #6363 ) ;
#5924 = AXIS2_PLACEMENT_3D ( 'NONE', #4055, #950, #2486 ) ;
#5925 = ORIENTED_EDGE ( 'NONE', *, *, #4836, .T. ) ;
#5926 = VERTEX_POINT ( 'NONE', #4408 ) ;
#5927 = DIRECTION ( 'NONE',  ( -0.000000000000000000, -0.000000000000000000, -1.000000000000000000 ) ) ;
#5928 = CARTESIAN_POINT ( 'NONE',  ( 12.11038420302125118, 17.69337948273200567, -6.000000000000000000 ) ) ;
#5929 = VECTOR ( 'NONE', #5768, 1000.000000000000000 ) ;
#5930 = ORIENTED_EDGE ( 'NONE', *, *, #876, .T. ) ;
#5931 = AXIS2_PLACEMENT_3D ( 'NONE', #3041, #3413, #353 ) ;
#5932 = ORIENTED_EDGE ( 'NONE', *, *, #920, .T. ) ;
#5933 = CARTESIAN_POINT ( 'NONE',  ( 1.500000000000000444, -12.99999999999999467, -1.999999999999999556 ) ) ;
#5934 = VECTOR ( 'NONE', #5567, 1000.000000000000000 ) ;
#5935 = CARTESIAN_POINT ( 'NONE',  ( 4.999999999999993783, -1.000000000000000000, -7.000000000000000000 ) ) ;
#5936 = DIRECTION ( 'NONE',  ( -0.000000000000000000, -0.000000000000000000, 1.000000000000000000 ) ) ;
#5937 = DIRECTION ( 'NONE',  ( 1.000000000000000000, 0.000000000000000000, -0.000000000000000000 ) ) ;
#5938 = CARTESIAN_POINT ( 'NONE',  ( -8.000000000000000000, 37.74406644123207144, 7.000000000000000000 ) ) ;
#5939 = EDGE_CURVE ( 'NONE', #2510, #3618, #1861, .T. ) ;
#5940 = ORIENTED_EDGE ( 'NONE', *, *, #2865, .T. ) ;
#5941 = SURFACE_STYLE_FILL_AREA ( #3479 ) ;
#5942 = VERTEX_POINT ( 'NONE', #4179 ) ;
#5943 = AXIS2_PLACEMENT_3D ( 'NONE', #5565, #354, #933 ) ;
#5944 = DIRECTION ( 'NONE',  ( -1.000000000000000000, -1.734723475976807587E-16, -0.000000000000000000 ) ) ;
#5945 = AXIS2_PLACEMENT_3D ( 'NONE', #2967, #2530, #1988 ) ;
#5946 = CARTESIAN_POINT ( 'NONE',  ( -25.99999999999999645, 12.00000000000000000, -6.000000000000000888 ) ) ;
#5947 = DIRECTION ( 'NONE',  ( 0.000000000000000000, -1.000000000000000000, 0.000000000000000000 ) ) ;
#5948 = CARTESIAN_POINT ( 'NONE',  ( 11.53333333333335808, -37.92185223922957249, -5.500000000000000000 ) ) ;
#5949 = EDGE_CURVE ( 'NONE', #4457, #3331, #6709, .T. ) ;
#5950 = CARTESIAN_POINT ( 'NONE',  ( 30.14487539711820929, 2.220446049250313081E-13, -5.000000000000000000 ) ) ;
#5951 = CIRCLE ( 'NONE', #716, 1.600000000000004086 ) ;
#5952 = AXIS2_PLACEMENT_3D ( 'NONE', #5528, #2935, #6083 ) ;
#5953 = VECTOR ( 'NONE', #852, 1000.000000000000000 ) ;
#5954 = ORIENTED_EDGE ( 'NONE', *, *, #2392, .F. ) ;
#5955 = VECTOR ( 'NONE', #2963, 1000.000000000000000 ) ;
#5956 = EDGE_LOOP ( 'NONE', ( #4442, #5466, #2949, #3772, #371 ) ) ;
#5957 = ORIENTED_EDGE ( 'NONE', *, *, #607, .T. ) ;
#5958 = AXIS2_PLACEMENT_3D ( 'NONE', #1234, #3862, #198 ) ;
#5959 = DIRECTION ( 'NONE',  ( -1.000000000000000000, 0.000000000000000000, 0.000000000000000000 ) ) ;
#5960 = EDGE_CURVE ( 'NONE', #706, #2009, #2043, .T. ) ;
#5961 = VECTOR ( 'NONE', #1987, 1000.000000000000000 ) ;
#5962 = DIRECTION ( 'NONE',  ( 0.000000000000000000, -0.000000000000000000, -1.000000000000000000 ) ) ;
#5963 = PLANE ( 'NONE',  #2569 ) ;
#5964 = CARTESIAN_POINT ( 'NONE',  ( 9.000000000000001776, -43.22269074732326999, 7.000000000000000000 ) ) ;
#5965 = VERTEX_POINT ( 'NONE', #596 ) ;
#5966 = ORIENTED_EDGE ( 'NONE', *, *, #2284, .T. ) ;
#5967 = DIRECTION ( 'NONE',  ( 0.000000000000000000, 0.000000000000000000, 1.000000000000000000 ) ) ;
#5968 = EDGE_CURVE ( 'NONE', #3579, #6730, #59, .T. ) ;
#5969 = EDGE_CURVE ( 'NONE', #5722, #4483, #28, .T. ) ;
#5970 = DIRECTION ( 'NONE',  ( -0.000000000000000000, -0.000000000000000000, -1.000000000000000000 ) ) ;
#5971 = ORIENTED_EDGE ( 'NONE', *, *, #2717, .T. ) ;
#5972 = ORIENTED_EDGE ( 'NONE', *, *, #2943, .F. ) ;
#5973 = DIRECTION ( 'NONE',  ( 1.000000000000000000, 0.000000000000000000, -0.000000000000000000 ) ) ;
#5974 = DIRECTION ( 'NONE',  ( -1.000000000000000000, -1.734723475976807341E-16, -0.000000000000000000 ) ) ;
#5975 = CARTESIAN_POINT ( 'NONE',  ( 13.00000000000000178, -43.22269074732326999, 3.799999999999999822 ) ) ;
#5976 = DIRECTION ( 'NONE',  ( -0.000000000000000000, -0.000000000000000000, 1.000000000000000000 ) ) ;
#5977 = DIRECTION ( 'NONE',  ( 0.000000000000000000, -1.000000000000000000, -0.000000000000000000 ) ) ;
#5978 = ORIENTED_EDGE ( 'NONE', *, *, #1568, .F. ) ;
#5979 = DIRECTION ( 'NONE',  ( -0.000000000000000000, -0.000000000000000000, 1.000000000000000000 ) ) ;
#5980 = ORIENTED_EDGE ( 'NONE', *, *, #5780, .F. ) ;
#5981 = DIRECTION ( 'NONE',  ( 0.000000000000000000, 0.000000000000000000, 1.000000000000000000 ) ) ;
#5982 = CARTESIAN_POINT ( 'NONE',  ( -9.000000000000001776, 29.74406644123207144, -4.000000000000000000 ) ) ;
#5983 = DIRECTION ( 'NONE',  ( 1.000000000000000000, 0.000000000000000000, 0.000000000000000000 ) ) ;
#5984 = PLANE ( 'NONE',  #5714 ) ;
#5985 = VERTEX_POINT ( 'NONE', #2075 ) ;
#5986 = EDGE_CURVE ( 'NONE', #4341, #5183, #3339, .T. ) ;
#5987 = ORIENTED_EDGE ( 'NONE', *, *, #3349, .F. ) ;
#5988 = VERTEX_POINT ( 'NONE', #1011 ) ;
#5989 = ORIENTED_EDGE ( 'NONE', *, *, #1831, .F. ) ;
#5990 = DIRECTION ( 'NONE',  ( -0.000000000000000000, -0.000000000000000000, 1.000000000000000000 ) ) ;
#5991 = AXIS2_PLACEMENT_3D ( 'NONE', #3221, #5853, #2146 ) ;
#5992 = DIRECTION ( 'NONE',  ( 0.000000000000000000, -1.000000000000000000, 0.000000000000000000 ) ) ;
#5993 = VECTOR ( 'NONE', #614, 1000.000000000000000 ) ;
#5994 = DIRECTION ( 'NONE',  ( -1.000000000000000000, 0.000000000000000000, 0.000000000000000000 ) ) ;
#5995 = DIRECTION ( 'NONE',  ( 4.336808689942017120E-17, 1.000000000000000000, -0.000000000000000000 ) ) ;
#5996 = EDGE_CURVE ( 'NONE', #1834, #3027, #4219, .T. ) ;
#5997 = EDGE_LOOP ( 'NONE', ( #5593, #5792 ) ) ;
#5998 = ORIENTED_EDGE ( 'NONE', *, *, #958, .F. ) ;
#5999 = CARTESIAN_POINT ( 'NONE',  ( 5.000000000000000888, 29.74406644123207144, 3.799999999999999822 ) ) ;
#6000 = DIRECTION ( 'NONE',  ( -1.000000000000000000, 0.000000000000000000, 0.000000000000000000 ) ) ;
#6001 = VECTOR ( 'NONE', #3056, 1000.000000000000000 ) ;
#6002 = EDGE_LOOP ( 'NONE', ( #5751, #1950 ) ) ;
#6003 = VECTOR ( 'NONE', #1655, 1000.000000000000000 ) ;
#6004 = EDGE_CURVE ( 'NONE', #5308, #4425, #5087, .T. ) ;
#6005 = EDGE_CURVE ( 'NONE', #3027, #1757, #3085, .T. ) ;
#6006 = LINE ( 'NONE', #4394, #948 ) ;
#6007 = CIRCLE ( 'NONE', #5238, 1.899999999999999023 ) ;
#6008 = FACE_OUTER_BOUND ( 'NONE', #939, .T. ) ;
#6009 = DIRECTION ( 'NONE',  ( -1.909363028148246276E-16, 1.000000000000000000, 0.000000000000000000 ) ) ;
#6010 = DIRECTION ( 'NONE',  ( 0.000000000000000000, 1.000000000000000000, 0.000000000000000000 ) ) ;
#6011 = CARTESIAN_POINT ( 'NONE',  ( 29.29659163829112600, -8.061623882891092663, -1.000000000000000000 ) ) ;
#6012 = ORIENTED_EDGE ( 'NONE', *, *, #1623, .F. ) ;
#6013 = EDGE_CURVE ( 'NONE', #2081, #1971, #2591, .T. ) ;
#6014 = EDGE_LOOP ( 'NONE', ( #4357, #6546, #1624, #231, #4784 ) ) ;
#6015 = DIRECTION ( 'NONE',  ( 1.000000000000000000, 0.000000000000000000, 0.000000000000000000 ) ) ;
#6016 = DIRECTION ( 'NONE',  ( -1.000000000000000000, 0.000000000000000000, 0.000000000000000000 ) ) ;
#6017 = LINE ( 'NONE', #4378, #3121 ) ;
#6018 = CARTESIAN_POINT ( 'NONE',  ( -23.59487539711820858, 8.300000000000002487, -1.000000000000000000 ) ) ;
#6019 = ORIENTED_EDGE ( 'NONE', *, *, #3747, .T. ) ;
#6020 = ORIENTED_EDGE ( 'NONE', *, *, #1110, .T. ) ;
#6021 = ORIENTED_EDGE ( 'NONE', *, *, #4922, .T. ) ;
#6022 = VERTEX_POINT ( 'NONE', #567 ) ;
#6023 = CARTESIAN_POINT ( 'NONE',  ( 15.00000000000019718, -28.93902645193045231, 6.999999999999999112 ) ) ;
#6024 = DIRECTION ( 'NONE',  ( -0.000000000000000000, -0.000000000000000000, -1.000000000000000000 ) ) ;
#6025 = EDGE_CURVE ( 'NONE', #3145, #3068, #4764, .T. ) ;
#6026 = CARTESIAN_POINT ( 'NONE',  ( -3.850000000000012967, 21.24406644123207144, 7.000000000000000000 ) ) ;
#6027 = DIRECTION ( 'NONE',  ( -0.000000000000000000, -0.000000000000000000, -1.000000000000000000 ) ) ;
#6028 = ORIENTED_EDGE ( 'NONE', *, *, #1925, .T. ) ;
#6029 = EDGE_LOOP ( 'NONE', ( #5019, #6650, #4285, #474 ) ) ;
#6030 = DIRECTION ( 'NONE',  ( -0.000000000000000000, -0.000000000000000000, 1.000000000000000000 ) ) ;
#6031 = VECTOR ( 'NONE', #6557, 1000.000000000000000 ) ;
#6032 = FACE_BOUND ( 'NONE', #3580, .T. ) ;
#6033 = EDGE_CURVE ( 'NONE', #4699, #1359, #98, .T. ) ;
#6034 = ORIENTED_EDGE ( 'NONE', *, *, #5794, .T. ) ;
#6035 = VECTOR ( 'NONE', #2838, 1000.000000000000000 ) ;
#6036 = ORIENTED_EDGE ( 'NONE', *, *, #6712, .F. ) ;
#6037 = DIRECTION ( 'NONE',  ( 0.000000000000000000, 0.000000000000000000, 1.000000000000000000 ) ) ;
#6038 = FACE_OUTER_BOUND ( 'NONE', #780, .T. ) ;
#6039 = DIRECTION ( 'NONE',  ( -0.000000000000000000, -0.000000000000000000, -1.000000000000000000 ) ) ;
#6040 = AXIS2_PLACEMENT_3D ( 'NONE', #2278, #5912, #199 ) ;
#6041 = CYLINDRICAL_SURFACE ( 'NONE', #2006, 1.599999999999997202 ) ;
#6042 = DIRECTION ( 'NONE',  ( -0.000000000000000000, -0.000000000000000000, 1.000000000000000000 ) ) ;
#6043 = CARTESIAN_POINT ( 'NONE',  ( -12.02159339531376325, 16.71950822060255959, -6.940015837568040524 ) ) ;
#6044 = ADVANCED_FACE ( 'NONE', ( #5644 ), #2619, .F. ) ;
#6045 = CIRCLE ( 'NONE', #6370, 18.99999999999999289 ) ;
#6046 = ORIENTED_EDGE ( 'NONE', *, *, #4923, .F. ) ;
#6047 = VECTOR ( 'NONE', #1720, 1000.000000000000000 ) ;
#6048 = DIRECTION ( 'NONE',  ( 0.000000000000000000, 0.000000000000000000, 1.000000000000000000 ) ) ;
#6049 = AXIS2_PLACEMENT_3D ( 'NONE', #1590, #4177, #5848 ) ;
#6050 = VECTOR ( 'NONE', #5086, 1000.000000000000000 ) ;
#6051 = DIRECTION ( 'NONE',  ( -1.000000000000000000, -1.734723475976807587E-16, -0.000000000000000000 ) ) ;
#6052 = CARTESIAN_POINT ( 'NONE',  ( -30.14487539711820929, 0.000000000000000000, -5.500000000000000000 ) ) ;
#6053 = DIRECTION ( 'NONE',  ( -0.000000000000000000, -0.000000000000000000, -1.000000000000000000 ) ) ;
#6054 = CYLINDRICAL_SURFACE ( 'NONE', #2233, 3.980000000000000870 ) ;
#6055 = ADVANCED_FACE ( 'NONE', ( #2650 ), #5204, .T. ) ;
#6056 = EDGE_CURVE ( 'NONE', #3802, #1669, #2108, .T. ) ;
#6057 = ORIENTED_EDGE ( 'NONE', *, *, #876, .F. ) ;
#6058 = VECTOR ( 'NONE', #3113, 1000.000000000000000 ) ;
#6059 = AXIS2_PLACEMENT_3D ( 'NONE', #6590, #6042, #5591 ) ;
#6060 = EDGE_LOOP ( 'NONE', ( #6742, #4393, #4563, #987 ) ) ;
#6061 = ORIENTED_EDGE ( 'NONE', *, *, #1783, .F. ) ;
#6062 = VERTEX_POINT ( 'NONE', #4618 ) ;
#6063 = VECTOR ( 'NONE', #3073, 1000.000000000000000 ) ;
#6064 = DIRECTION ( 'NONE',  ( -0.000000000000000000, -0.000000000000000000, -1.000000000000000000 ) ) ;
#6065 = AXIS2_PLACEMENT_3D ( 'NONE', #3282, #836, #3900 ) ;
#6066 = DIRECTION ( 'NONE',  ( -0.000000000000000000, -0.000000000000000000, 1.000000000000000000 ) ) ;
#6067 = CIRCLE ( 'NONE', #2366, 1.899999999999999023 ) ;
#6068 = CIRCLE ( 'NONE', #4105, 2.000000000000001776 ) ;
#6069 = DIRECTION ( 'NONE',  ( 0.000000000000000000, 0.000000000000000000, -1.000000000000000000 ) ) ;
#6070 = ORIENTED_EDGE ( 'NONE', *, *, #6239, .T. ) ;
#6071 = EDGE_CURVE ( 'NONE', #3613, #4852, #5165, .T. ) ;
#6072 = ORIENTED_EDGE ( 'NONE', *, *, #748, .F. ) ;
#6073 = AXIS2_PLACEMENT_3D ( 'NONE', #1885, #2899, #6110 ) ;
#6074 = DIRECTION ( 'NONE',  ( -0.000000000000000000, -0.000000000000000000, -1.000000000000000000 ) ) ;
#6075 = DIRECTION ( 'NONE',  ( -0.000000000000000000, -0.000000000000000000, -1.000000000000000000 ) ) ;
#6076 = ORIENTED_EDGE ( 'NONE', *, *, #2996, .F. ) ;
#6077 = EDGE_LOOP ( 'NONE', ( #309, #3951, #45, #5521 ) ) ;
#6078 = LINE ( 'NONE', #1399, #3337 ) ;
#6079 = EDGE_CURVE ( 'NONE', #3257, #2081, #5295, .T. ) ;
#6080 = CARTESIAN_POINT ( 'NONE',  ( 4.999999999999993783, -1.000000000000000000, -7.000000000000000000 ) ) ;
#6081 = CARTESIAN_POINT ( 'NONE',  ( -13.00000000000000000, -28.93902645193045231, 6.999999999999999112 ) ) ;
#6082 = CARTESIAN_POINT ( 'NONE',  ( -14.60000000000000320, -43.22269074732326999, 3.799999999999999822 ) ) ;
#6083 = DIRECTION ( 'NONE',  ( 1.000000000000000000, 0.000000000000000000, 0.000000000000000000 ) ) ;
#6084 = CARTESIAN_POINT ( 'NONE',  ( -27.29659163829112956, -8.061623882891206350, -5.500000000000000000 ) ) ;
#6085 = EDGE_LOOP ( 'NONE', ( #3456, #4553, #1765, #5101 ) ) ;
#6086 = DIRECTION ( 'NONE',  ( 0.000000000000000000, -0.000000000000000000, 1.000000000000000000 ) ) ;
#6087 = EDGE_CURVE ( 'NONE', #4825, #151, #537, .T. ) ;
#6088 = CARTESIAN_POINT ( 'NONE',  ( 40.14487539711818442, -49.82269074732327141, -3.999999999999998224 ) ) ;
#6089 = CARTESIAN_POINT ( 'NONE',  ( 9.449999999999885603, 19.24406644123207144, 26.55019181491567792 ) ) ;
#6090 = PLANE ( 'NONE',  #713 ) ;
#6091 = DIRECTION ( 'NONE',  ( 1.000000000000000000, 0.000000000000000000, 0.000000000000000000 ) ) ;
#6092 = ORIENTED_EDGE ( 'NONE', *, *, #3228, .F. ) ;
#6093 = EDGE_CURVE ( 'NONE', #6488, #4688, #5261, .T. ) ;
#6094 = VERTEX_POINT ( 'NONE', #4344 ) ;
#6095 = EDGE_CURVE ( 'NONE', #3710, #5426, #2814, .T. ) ;
#6096 = ORIENTED_EDGE ( 'NONE', *, *, #3169, .F. ) ;
#6097 = ORIENTED_EDGE ( 'NONE', *, *, #3407, .T. ) ;
#6098 = CARTESIAN_POINT ( 'NONE',  ( 10.39129341151854469, -27.00000000000000000, 7.000000000000000888 ) ) ;
#6099 = CARTESIAN_POINT ( 'NONE',  ( 12.89870828346177234, -49.82269074732326430, -4.182160048828635013 ) ) ;
#6100 = LINE ( 'NONE', #6200, #1206 ) ;
#6101 = FACE_OUTER_BOUND ( 'NONE', #6323, .T. ) ;
#6102 = CARTESIAN_POINT ( 'NONE',  ( -16.00000000000000000, 16.85000000000000142, -5.500000000000000000 ) ) ;
#6103 = ORIENTED_EDGE ( 'NONE', *, *, #3459, .F. ) ;
#6104 = ORIENTED_EDGE ( 'NONE', *, *, #456, .F. ) ;
#6105 = CYLINDRICAL_SURFACE ( 'NONE', #4754, 5.049999999999998934 ) ;
#6106 = DIRECTION ( 'NONE',  ( 1.000000000000000000, 0.000000000000000000, 0.000000000000000000 ) ) ;
#6107 = ORIENTED_EDGE ( 'NONE', *, *, #4091, .T. ) ;
#6108 = AXIS2_PLACEMENT_3D ( 'NONE', #4793, #4824, #159 ) ;
#6109 = ORIENTED_EDGE ( 'NONE', *, *, #4522, .F. ) ;
#6110 = DIRECTION ( 'NONE',  ( -1.000000000000000000, 0.000000000000000000, 0.000000000000000000 ) ) ;
#6111 = CARTESIAN_POINT ( 'NONE',  ( -13.00000000000000178, -43.22269074732326999, 7.000000000000000000 ) ) ;
#6112 = LINE ( 'NONE', #1469, #4855 ) ;
#6113 = PLANE ( 'NONE',  #4082 ) ;
#6114 = ORIENTED_EDGE ( 'NONE', *, *, #632, .F. ) ;
#6115 = EDGE_CURVE ( 'NONE', #1111, #1764, #6428, .T. ) ;
#6116 = CIRCLE ( 'NONE', #3172, 2.000000000000001776 ) ;
#6117 = DIRECTION ( 'NONE',  ( -1.000000000000000000, 1.734723475976807341E-16, -0.000000000000000000 ) ) ;
#6118 = PLANE ( 'NONE',  #3642 ) ;
#6119 = DIRECTION ( 'NONE',  ( 1.000000000000000000, 0.000000000000000000, 0.000000000000000000 ) ) ;
#6120 = DIRECTION ( 'NONE',  ( -0.000000000000000000, -0.000000000000000000, -1.000000000000000000 ) ) ;
#6121 = CARTESIAN_POINT ( 'NONE',  ( -8.149999999999998579, -12.99999999999999467, -6.500000000000005329 ) ) ;
#6122 = ORIENTED_EDGE ( 'NONE', *, *, #1802, .F. ) ;
#6123 = EDGE_CURVE ( 'NONE', #1833, #6204, #4424, .T. ) ;
#6124 = ORIENTED_EDGE ( 'NONE', *, *, #4907, .F. ) ;
#6125 = ORIENTED_EDGE ( 'NONE', *, *, #2958, .T. ) ;
#6126 = ORIENTED_EDGE ( 'NONE', *, *, #2337, .T. ) ;
#6127 = LINE ( 'NONE', #6161, #2581 ) ;
#6128 = DIRECTION ( 'NONE',  ( 1.000000000000000000, 0.000000000000000000, 0.000000000000000000 ) ) ;
#6129 = EDGE_CURVE ( 'NONE', #210, #631, #4820, .T. ) ;
#6130 = CARTESIAN_POINT ( 'NONE',  ( -18.50185265928676515, 13.75465942564961175, -6.000000000000000000 ) ) ;
#6131 = FACE_OUTER_BOUND ( 'NONE', #203, .T. ) ;
#6132 = ORIENTED_EDGE ( 'NONE', *, *, #3371, .T. ) ;
#6133 = ORIENTED_EDGE ( 'NONE', *, *, #4488, .F. ) ;
#6134 = FACE_OUTER_BOUND ( 'NONE', #3538, .T. ) ;
#6135 = DIRECTION ( 'NONE',  ( -0.000000000000000000, -0.000000000000000000, -1.000000000000000000 ) ) ;
#6136 = EDGE_CURVE ( 'NONE', #4450, #1610, #4919, .T. ) ;
#6137 = ORIENTED_EDGE ( 'NONE', *, *, #3998, .F. ) ;
#6138 = VERTEX_POINT ( 'NONE', #4377 ) ;
#6139 = EDGE_LOOP ( 'NONE', ( #4035, #6307 ) ) ;
#6140 = AXIS2_PLACEMENT_3D ( 'NONE', #6523, #1817, #858 ) ;
#6141 = DIRECTION ( 'NONE',  ( 1.000000000000000000, 0.000000000000000000, 0.000000000000000000 ) ) ;
#6142 = CARTESIAN_POINT ( 'NONE',  ( 14.99999999999999289, -61.22269074732326999, -7.000000000000000000 ) ) ;
#6143 = CARTESIAN_POINT ( 'NONE',  ( -11.53333333333333499, -37.92185223922958670, -5.500000000000000000 ) ) ;
#6144 = ORIENTED_EDGE ( 'NONE', *, *, #842, .T. ) ;
#6145 = LINE ( 'NONE', #1475, #5512 ) ;
#6146 = AXIS2_PLACEMENT_3D ( 'NONE', #6514, #3329, #1840 ) ;
#6147 = DIRECTION ( 'NONE',  ( 0.000000000000000000, 0.000000000000000000, 1.000000000000000000 ) ) ;
#6148 = ADVANCED_FACE ( 'NONE', ( #1174 ), #3670, .T. ) ;
#6149 = CARTESIAN_POINT ( 'NONE',  ( -8.000000000000000000, 27.09831513016748161, -4.000000000000000000 ) ) ;
#6150 = DIRECTION ( 'NONE',  ( -1.000000000000000000, -0.000000000000000000, -0.000000000000000000 ) ) ;
#6151 = CARTESIAN_POINT ( 'NONE',  ( 21.49999999999983302, 24.22277336810119763, -4.000000000000000000 ) ) ;
#6152 = VERTEX_POINT ( 'NONE', #2177 ) ;
#6153 = VECTOR ( 'NONE', #3832, 1000.000000000000000 ) ;
#6154 = AXIS2_PLACEMENT_3D ( 'NONE', #3075, #3687, #2198 ) ;
#6155 = ORIENTED_EDGE ( 'NONE', *, *, #4401, .T. ) ;
#6156 = ORIENTED_EDGE ( 'NONE', *, *, #1331, .F. ) ;
#6157 = EDGE_CURVE ( 'NONE', #1005, #6341, #87, .T. ) ;
#6158 = CIRCLE ( 'NONE', #1356, 5.049999999999998934 ) ;
#6159 = VERTEX_POINT ( 'NONE', #4890 ) ;
#6160 = CARTESIAN_POINT ( 'NONE',  ( -22.75590207615663729, 24.22277336810120474, 7.000000000000000000 ) ) ;
#6161 = CARTESIAN_POINT ( 'NONE',  ( -13.00000000000000178, -35.99427459992278244, -5.500000000000000000 ) ) ;
#6162 = DIRECTION ( 'NONE',  ( 0.000000000000000000, 0.000000000000000000, 1.000000000000000000 ) ) ;
#6163 = LINE ( 'NONE', #5067, #4260 ) ;
#6164 = CONICAL_SURFACE ( 'NONE', #71, 6.000000000000014211, 0.7853981633974513876 ) ;
#6165 = CARTESIAN_POINT ( 'NONE',  ( -19.98000000000000043, 16.85000000000000142, -7.000000000000000000 ) ) ;
#6166 = FACE_BOUND ( 'NONE', #4736, .T. ) ;
#6167 = ORIENTED_EDGE ( 'NONE', *, *, #1793, .T. ) ;
#6168 = VERTEX_POINT ( 'NONE', #226 ) ;
#6169 = EDGE_CURVE ( 'NONE', #5988, #5942, #3226, .T. ) ;
#6170 = VECTOR ( 'NONE', #5695, 1000.000000000000000 ) ;
#6171 = CARTESIAN_POINT ( 'NONE',  ( 5.000000000000000888, 29.74406644123207144, 7.000000000000000000 ) ) ;
#6172 = VECTOR ( 'NONE', #5156, 1000.000000000000000 ) ;
#6173 = CARTESIAN_POINT ( 'NONE',  ( 27.96285684503430602, -6.175863910284964398, -1.000000000000000000 ) ) ;
#6174 = STYLED_ITEM ( 'NONE', ( #1928 ), #1157 ) ;
#6175 = ORIENTED_EDGE ( 'NONE', *, *, #4623, .T. ) ;
#6176 = AXIS2_PLACEMENT_3D ( 'NONE', #2304, #4920, #2334 ) ;
#6177 = EDGE_LOOP ( 'NONE', ( #4496, #532 ) ) ;
#6178 = ORIENTED_EDGE ( 'NONE', *, *, #2915, .T. ) ;
#6179 = EDGE_CURVE ( 'NONE', #3644, #2870, #4106, .T. ) ;
#6180 = EDGE_CURVE ( 'NONE', #903, #2761, #1158, .T. ) ;
#6181 = DIRECTION ( 'NONE',  ( 1.000000000000000000, 0.000000000000000000, 0.000000000000000000 ) ) ;
#6182 = VECTOR ( 'NONE', #3899, 1000.000000000000000 ) ;
#6183 = CARTESIAN_POINT ( 'NONE',  ( 9.000000000000001776, 29.74406644123207144, 7.000000000000000000 ) ) ;
#6184 = CARTESIAN_POINT ( 'NONE',  ( -21.50000000000000000, 24.22277336810119763, -1.000000000000000000 ) ) ;
#6185 = AXIS2_PLACEMENT_3D ( 'NONE', #6023, #6468, #2882 ) ;
#6186 = ORIENTED_EDGE ( 'NONE', *, *, #4551, .T. ) ;
#6187 = DIRECTION ( 'NONE',  ( 0.000000000000000000, -1.000000000000000000, 0.000000000000000000 ) ) ;
#6188 = CARTESIAN_POINT ( 'NONE',  ( -9.758431805000897796, -47.66591431104029652, -5.500000000000000000 ) ) ;
#6189 = CARTESIAN_POINT ( 'NONE',  ( -2.081668171172168513E-14, -11.73931215304559927, -1.000000000000000000 ) ) ;
#6190 = PLANE ( 'NONE',  #3763 ) ;
#6191 = DIRECTION ( 'NONE',  ( 0.000000000000000000, 0.000000000000000000, 1.000000000000000000 ) ) ;
#6192 = VERTEX_POINT ( 'NONE', #5946 ) ;
#6193 = EDGE_CURVE ( 'NONE', #5481, #396, #1660, .T. ) ;
#6194 = ORIENTED_EDGE ( 'NONE', *, *, #6180, .F. ) ;
#6195 = ORIENTED_EDGE ( 'NONE', *, *, #3006, .T. ) ;
#6196 = ORIENTED_EDGE ( 'NONE', *, *, #3189, .T. ) ;
#6197 = DIRECTION ( 'NONE',  ( -1.312020107652622545E-16, 1.000000000000000000, 0.000000000000000000 ) ) ;
#6198 = PLANE ( 'NONE',  #1482 ) ;
#6199 = LINE ( 'NONE', #5206, #1685 ) ;
#6200 = CARTESIAN_POINT ( 'NONE',  ( -26.00000000000000355, 16.84999999999999432, 7.000000000000000000 ) ) ;
#6201 = ADVANCED_FACE ( 'NONE', ( #3352 ), #5430, .T. ) ;
#6202 = FACE_BOUND ( 'NONE', #3983, .T. ) ;
#6203 = ORIENTED_EDGE ( 'NONE', *, *, #1210, .F. ) ;
#6204 = VERTEX_POINT ( 'NONE', #5301 ) ;
#6205 = CARTESIAN_POINT ( 'NONE',  ( 4.999999999999798383, 29.74406644123207144, -4.000000000000000000 ) ) ;
#6206 = DIRECTION ( 'NONE',  ( -1.000000000000000000, 0.000000000000000000, 0.000000000000000000 ) ) ;
#6207 = ORIENTED_EDGE ( 'NONE', *, *, #571, .F. ) ;
#6208 = ADVANCED_FACE ( 'NONE', ( #4790, #3797 ), #3252, .T. ) ;
#6209 = ORIENTED_EDGE ( 'NONE', *, *, #1460, .F. ) ;
#6210 = ORIENTED_EDGE ( 'NONE', *, *, #1864, .F. ) ;
#6211 = DIRECTION ( 'NONE',  ( -0.000000000000000000, -0.000000000000000000, 1.000000000000000000 ) ) ;
#6212 = AXIS2_PLACEMENT_3D ( 'NONE', #6333, #3700, #5208 ) ;
#6213 = FACE_OUTER_BOUND ( 'NONE', #612, .T. ) ;
#6214 = CARTESIAN_POINT ( 'NONE',  ( -9.000000000000001776, 29.74406644123207144, 7.000000000000000000 ) ) ;
#6215 = EDGE_LOOP ( 'NONE', ( #4224, #145, #4167, #4154 ) ) ;
#6216 = EDGE_CURVE ( 'NONE', #3135, #2894, #3281, .T. ) ;
#6217 = EDGE_CURVE ( 'NONE', #2018, #4937, #3764, .T. ) ;
#6218 = PLANE ( 'NONE',  #2250 ) ;
#6219 = AXIS2_PLACEMENT_3D ( 'NONE', #4677, #2662, #2019 ) ;
#6220 = PLANE ( 'NONE',  #4624 ) ;
#6221 = LINE ( 'NONE', #48, #3112 ) ;
#6222 = DIRECTION ( 'NONE',  ( 1.000000000000000000, 0.000000000000000000, 0.000000000000000000 ) ) ;
#6223 = DIRECTION ( 'NONE',  ( 0.000000000000000000, -1.000000000000000000, 0.000000000000000000 ) ) ;
#6224 = EDGE_LOOP ( 'NONE', ( #5705, #5476, #3357, #3380, #1899, #4555, #3521 ) ) ;
#6225 = VECTOR ( 'NONE', #5000, 1000.000000000000000 ) ;
#6226 = EDGE_CURVE ( 'NONE', #4825, #5926, #1497, .T. ) ;
#6227 = ADVANCED_BREP_SHAPE_REPRESENTATION ( 'LQ26-05HGI-01-005', ( #1157, #5916 ), #2764 ) ;
#6228 = VERTEX_POINT ( 'NONE', #5878 ) ;
#6229 = CARTESIAN_POINT ( 'NONE',  ( -13.80000000000000071, -48.22269074732328420, -3.999999999999998224 ) ) ;
#6230 = EDGE_LOOP ( 'NONE', ( #6623, #5539, #5550, #418, #815, #1038, #5507 ) ) ;
#6231 = CARTESIAN_POINT ( 'NONE',  ( 27.29659163829112245, -8.061623882891092663, -5.500000000000000000 ) ) ;
#6232 = CARTESIAN_POINT ( 'NONE',  ( 8.150000000000002132, -12.99999999999999467, 9.000000000000001776 ) ) ;
#6233 = DIRECTION ( 'NONE',  ( 1.000000000000000000, 0.000000000000000000, 0.000000000000000000 ) ) ;
#6234 = CARTESIAN_POINT ( 'NONE',  ( -19.33955556881019078, -28.43451699311989955, -1.000000000000000000 ) ) ;
#6235 = CARTESIAN_POINT ( 'NONE',  ( 6.000000000000001776, -12.99999999999999467, -1.999999999999999556 ) ) ;
#6236 = ORIENTED_EDGE ( 'NONE', *, *, #2865, .F. ) ;
#6237 = ORIENTED_EDGE ( 'NONE', *, *, #2659, .F. ) ;
#6238 = CARTESIAN_POINT ( 'NONE',  ( -21.00000000000000000, 11.00000000000000000, -6.000000000000000000 ) ) ;
#6239 = EDGE_CURVE ( 'NONE', #3320, #4162, #2874, .T. ) ;
#6240 = LINE ( 'NONE', #6, #2728 ) ;
#6241 = ORIENTED_EDGE ( 'NONE', *, *, #5830, .T. ) ;
#6242 = ORIENTED_EDGE ( 'NONE', *, *, #1734, .T. ) ;
#6243 = CARTESIAN_POINT ( 'NONE',  ( -21.50000000000000000, 24.22277336810119763, -4.000000000000000000 ) ) ;
#6244 = EDGE_CURVE ( 'NONE', #4755, #4937, #5629, .T. ) ;
#6245 = DIRECTION ( 'NONE',  ( -0.000000000000000000, -0.000000000000000000, -1.000000000000000000 ) ) ;
#6246 = CARTESIAN_POINT ( 'NONE',  ( 9.450000000000002842, 24.24406644123207499, -5.500000000000000000 ) ) ;
#6247 = VERTEX_POINT ( 'NONE', #3966 ) ;
#6248 = DIRECTION ( 'NONE',  ( 1.000000000000000000, -2.081668171172166620E-14, 0.000000000000000000 ) ) ;
#6249 = LINE ( 'NONE', #1579, #3858 ) ;
#6250 = EDGE_CURVE ( 'NONE', #2138, #4262, #1443, .T. ) ;
#6251 = CARTESIAN_POINT ( 'NONE',  ( 13.15651736460753440, -28.16341587115827849, 6.999999999999999112 ) ) ;
#6252 = DIRECTION ( 'NONE',  ( -1.000000000000000000, 0.000000000000000000, 0.000000000000000000 ) ) ;
#6253 = DIRECTION ( 'NONE',  ( -1.000000000000000000, 0.000000000000000000, 0.000000000000000000 ) ) ;
#6254 = VECTOR ( 'NONE', #3443, 1000.000000000000227 ) ;
#6255 = VERTEX_POINT ( 'NONE', #5982 ) ;
#6256 = CIRCLE ( 'NONE', #1238, 2.149999999999997691 ) ;
#6257 = EDGE_LOOP ( 'NONE', ( #2809, #4895, #2521, #3288, #5307, #5860, #1724 ) ) ;
#6258 = CARTESIAN_POINT ( 'NONE',  ( 37.80531982830802207, -6.427876096865348998, 7.000000000000000000 ) ) ;
#6259 = EDGE_CURVE ( 'NONE', #2009, #3307, #4407, .T. ) ;
#6260 = ORIENTED_EDGE ( 'NONE', *, *, #3791, .T. ) ;
#6261 = ADVANCED_FACE ( 'NONE', ( #1303 ), #2911, .F. ) ;
#6262 = DIRECTION ( 'NONE',  ( 0.000000000000000000, -1.000000000000000000, 0.000000000000000000 ) ) ;
#6263 = DIRECTION ( 'NONE',  ( -1.000000000000000000, -1.734723475976807341E-16, 0.000000000000000000 ) ) ;
#6264 = CARTESIAN_POINT ( 'NONE',  ( 13.00000000000000178, -43.22269074732326999, 7.000000000000000000 ) ) ;
#6265 = AXIS2_PLACEMENT_3D ( 'NONE', #5713, #2145, #3055 ) ;
#6266 = CARTESIAN_POINT ( 'NONE',  ( -3.850000000000010747, 19.24406644123207144, 7.000000000000000000 ) ) ;
#6267 = AXIS2_PLACEMENT_3D ( 'NONE', #5286, #20, #4139 ) ;
#6268 = DIRECTION ( 'NONE',  ( -1.000000000000000000, 0.000000000000000000, 0.000000000000000000 ) ) ;
#6269 = VECTOR ( 'NONE', #3901, 1000.000000000000000 ) ;
#6270 = EDGE_LOOP ( 'NONE', ( #5268, #843, #548, #4161 ) ) ;
#6271 = ORIENTED_EDGE ( 'NONE', *, *, #3138, .T. ) ;
#6272 = FACE_OUTER_BOUND ( 'NONE', #1457, .T. ) ;
#6273 = LINE ( 'NONE', #3708, #1430 ) ;
#6274 = VECTOR ( 'NONE', #1002, 1000.000000000000000 ) ;
#6275 = ORIENTED_EDGE ( 'NONE', *, *, #464, .T. ) ;
#6276 = ORIENTED_EDGE ( 'NONE', *, *, #4717, .F. ) ;
#6277 = AXIS2_PLACEMENT_3D ( 'NONE', #4238, #2737, #5226 ) ;
#6278 = DIRECTION ( 'NONE',  ( 1.000000000000000000, 0.000000000000000000, 0.000000000000000000 ) ) ;
#6279 = AXIS2_PLACEMENT_3D ( 'NONE', #4403, #6490, #4949 ) ;
#6280 = CARTESIAN_POINT ( 'NONE',  ( 8.150000000000002132, -12.99999999999999467, -6.500000000000007105 ) ) ;
#6281 = DIRECTION ( 'NONE',  ( 0.000000000000000000, 0.000000000000000000, -1.000000000000000000 ) ) ;
#6282 = FACE_OUTER_BOUND ( 'NONE', #6358, .T. ) ;
#6283 = VECTOR ( 'NONE', #3668, 1000.000000000000000 ) ;
#6284 = ORIENTED_EDGE ( 'NONE', *, *, #4759, .T. ) ;
#6285 = AXIS2_PLACEMENT_3D ( 'NONE', #955, #70, #4126 ) ;
#6286 = ADVANCED_FACE ( 'NONE', ( #6531 ), #1933, .F. ) ;
#6287 = CARTESIAN_POINT ( 'NONE',  ( -13.00000000000000178, -35.99427459992278244, -5.500000000000000000 ) ) ;
#6288 = VECTOR ( 'NONE', #244, 1000.000000000000000 ) ;
#6289 = VECTOR ( 'NONE', #6262, 1000.000000000000000 ) ;
#6290 = LINE ( 'NONE', #4202, #5381 ) ;
#6291 = AXIS2_PLACEMENT_3D ( 'NONE', #6508, #1388, #4518 ) ;
#6292 = DIRECTION ( 'NONE',  ( 7.842489191147648560E-15, -1.000000000000000000, 0.000000000000000000 ) ) ;
#6293 = LINE ( 'NONE', #1620, #4962 ) ;
#6294 = DIRECTION ( 'NONE',  ( 1.000000000000000000, 0.000000000000000000, 0.000000000000000000 ) ) ;
#6295 = ORIENTED_EDGE ( 'NONE', *, *, #6679, .T. ) ;
#6296 = ADVANCED_FACE ( 'NONE', ( #1860 ), #4305, .F. ) ;
#6297 = ORIENTED_EDGE ( 'NONE', *, *, #5251, .F. ) ;
#6298 = ORIENTED_EDGE ( 'NONE', *, *, #6259, .F. ) ;
#6299 = DIRECTION ( 'NONE',  ( 1.000000000000000000, 0.000000000000000000, 0.000000000000000000 ) ) ;
#6300 = FACE_OUTER_BOUND ( 'NONE', #6515, .T. ) ;
#6301 = DIRECTION ( 'NONE',  ( -0.9961946980917446570, -0.08715574274766843543, 0.000000000000000000 ) ) ;
#6302 = CARTESIAN_POINT ( 'NONE',  ( -7.500000000000007105, -24.00000000000000000, -5.500000000000000000 ) ) ;
#6303 = EDGE_CURVE ( 'NONE', #4373, #3499, #286, .T. ) ;
#6304 = EDGE_CURVE ( 'NONE', #1868, #2542, #4960, .T. ) ;
#6305 = FACE_OUTER_BOUND ( 'NONE', #4125, .T. ) ;
#6306 = ORIENTED_EDGE ( 'NONE', *, *, #6700, .T. ) ;
#6307 = ORIENTED_EDGE ( 'NONE', *, *, #669, .F. ) ;
#6308 = LINE ( 'NONE', #5918, #727 ) ;
#6309 = DIRECTION ( 'NONE',  ( 0.000000000000000000, 0.000000000000000000, 1.000000000000000000 ) ) ;
#6310 = ORIENTED_EDGE ( 'NONE', *, *, #6079, .T. ) ;
#6311 = VERTEX_POINT ( 'NONE', #1334 ) ;
#6312 = CYLINDRICAL_SURFACE ( 'NONE', #3598, 1.600000000000001643 ) ;
#6313 = FACE_OUTER_BOUND ( 'NONE', #2372, .T. ) ;
#6314 = ORIENTED_EDGE ( 'NONE', *, *, #103, .F. ) ;
#6315 = LINE ( 'NONE', #1646, #84 ) ;
#6316 = DIRECTION ( 'NONE',  ( -0.000000000000000000, -0.000000000000000000, -1.000000000000000000 ) ) ;
#6317 = VECTOR ( 'NONE', #5755, 1000.000000000000000 ) ;
#6318 = DIRECTION ( 'NONE',  ( -0.000000000000000000, -0.000000000000000000, -1.000000000000000000 ) ) ;
#6319 = DIRECTION ( 'NONE',  ( 0.000000000000000000, 0.000000000000000000, 1.000000000000000000 ) ) ;
#6320 = DIRECTION ( 'NONE',  ( 0.000000000000000000, -1.000000000000000000, 0.000000000000000000 ) ) ;
#6321 = CARTESIAN_POINT ( 'NONE',  ( -8.868241921797839211, -46.85329451415210400, -3.168333728117691539 ) ) ;
#6322 = EDGE_CURVE ( 'NONE', #1633, #6567, #1828, .T. ) ;
#6323 = EDGE_LOOP ( 'NONE', ( #294, #998, #1301, #1269 ) ) ;
#6324 = VECTOR ( 'NONE', #477, 1000.000000000000000 ) ;
#6325 = ORIENTED_EDGE ( 'NONE', *, *, #3544, .F. ) ;
#6326 = DIRECTION ( 'NONE',  ( -3.083923978207811463E-16, -1.000000000000000000, 0.000000000000000000 ) ) ;
#6327 = ORIENTED_EDGE ( 'NONE', *, *, #4851, .F. ) ;
#6328 = CIRCLE ( 'NONE', #2842, 1.600000000000001643 ) ;
#6329 = CARTESIAN_POINT ( 'NONE',  ( -6.000000000000001776, -12.99999999999999467, -1.999999999999999556 ) ) ;
#6330 = DIRECTION ( 'NONE',  ( -0.000000000000000000, -0.000000000000000000, -1.000000000000000000 ) ) ;
#6331 = CARTESIAN_POINT ( 'NONE',  ( -13.00000000000000178, -43.22269074732326999, 9.000000000000001776 ) ) ;
#6332 = ADVANCED_FACE ( 'NONE', ( #792 ), #4040, .F. ) ;
#6333 = CARTESIAN_POINT ( 'NONE',  ( -2.081668171172168513E-14, 19.24406644123207144, 6.999999999999999112 ) ) ;
#6334 = CIRCLE ( 'NONE', #25, 2.000000000000001776 ) ;
#6335 = ORIENTED_EDGE ( 'NONE', *, *, #5152, .F. ) ;
#6336 = ORIENTED_EDGE ( 'NONE', *, *, #5543, .F. ) ;
#6337 = DIRECTION ( 'NONE',  ( -0.000000000000000000, -0.000000000000000000, 1.000000000000000000 ) ) ;
#6338 = EDGE_CURVE ( 'NONE', #3680, #1359, #6603, .T. ) ;
#6339 = CARTESIAN_POINT ( 'NONE',  ( -30.14487539711820929, 0.000000000000000000, -7.000000000000000000 ) ) ;
#6340 = VERTEX_POINT ( 'NONE', #389 ) ;
#6341 = VERTEX_POINT ( 'NONE', #2405 ) ;
#6342 = FACE_OUTER_BOUND ( 'NONE', #4176, .T. ) ;
#6343 = ADVANCED_FACE ( 'NONE', ( #899 ), #4509, .T. ) ;
#6344 = EDGE_CURVE ( 'NONE', #2510, #1398, #835, .T. ) ;
#6345 = CYLINDRICAL_SURFACE ( 'NONE', #1300, 10.00000000000000178 ) ;
#6346 = VERTEX_POINT ( 'NONE', #6564 ) ;
#6347 = DIRECTION ( 'NONE',  ( 1.000000000000000000, 0.000000000000000000, 0.000000000000000000 ) ) ;
#6348 = CARTESIAN_POINT ( 'NONE',  ( -13.79999999999999893, -48.22269074732327709, -3.999999999999998224 ) ) ;
#6349 = DIRECTION ( 'NONE',  ( -0.000000000000000000, -0.000000000000000000, 1.000000000000000000 ) ) ;
#6350 = CARTESIAN_POINT ( 'NONE',  ( 40.00000000000001421, 11.00000000000000000, -7.000000000000000000 ) ) ;
#6351 = CARTESIAN_POINT ( 'NONE',  ( 15.35985703909248379, 31.00000000000000711, -6.000000000000000000 ) ) ;
#6352 = FACE_OUTER_BOUND ( 'NONE', #2190, .T. ) ;
#6353 = ORIENTED_EDGE ( 'NONE', *, *, #1001, .T. ) ;
#6354 = EDGE_CURVE ( 'NONE', #3676, #172, #5503, .T. ) ;
#6355 = ORIENTED_EDGE ( 'NONE', *, *, #1421, .F. ) ;
#6356 = VECTOR ( 'NONE', #4297, 1000.000000000000000 ) ;
#6357 = CARTESIAN_POINT ( 'NONE',  ( 8.710684716196599453, -46.66539992527652458, -4.379352844259951638 ) ) ;
#6358 = EDGE_LOOP ( 'NONE', ( #2090, #258, #1112, #5324 ) ) ;
#6359 = DIRECTION ( 'NONE',  ( 1.000000000000000000, 0.000000000000000000, -0.000000000000000000 ) ) ;
#6360 = DIRECTION ( 'NONE',  ( 0.000000000000000000, -1.000000000000000000, 0.000000000000000000 ) ) ;
#6361 = LINE ( 'NONE', #1691, #1349 ) ;
#6362 = PLANE ( 'NONE',  #2082 ) ;
#6363 = AXIS2_PLACEMENT_3D ( 'NONE', #4456, #1248, #1317 ) ;
#6364 = ADVANCED_FACE ( 'NONE', ( #5534 ), #3453, .F. ) ;
#6365 = ORIENTED_EDGE ( 'NONE', *, *, #3131, .F. ) ;
#6366 = ORIENTED_EDGE ( 'NONE', *, *, #3045, .F. ) ;
#6367 = CIRCLE ( 'NONE', #2341, 2.000000000000000000 ) ;
#6368 = DIRECTION ( 'NONE',  ( 0.000000000000000000, 0.000000000000000000, 1.000000000000000000 ) ) ;
#6369 = CLOSED_SHELL ( 'NONE', ( #4562, #3046, #6537, #4367, #5450, #1704, #5634, #4016, #3153, #1292, #869, #583, #4392, #4877, #1598, #1199, #1177, #820, #4036, #4249, #4173, #4461, #2625, #6421, #2832, #6643, #6627, #3691, #5364, #5416, #3587, #4419, #5569, #5506, #3641, #947, #3543, #1666, #6672, #5673, #4439, #1374, #1315, #4280, #5459, #6530, #3818, #6489, #3109, #2181, #6373, #5293, #507, #6364, #1881, #1459, #5093, #1722, #17, #3836, #4090, #214, #2526, #3714, #4081, #3748, #779, #5841, #4322, #886, #3522, #5583, #5582, #3478, #2730, #1452, #1577, #6583, #5497, #1905, #4045, #4287, #415, #2511, #4255, #5772, #1936, #4669, #1191, #5709, #2142, #6465, #4272, #5079, #3440, #4053, #3213, #4585, #6201, #139, #2748, #5531, #3725, #2013, #2775, #1631, #174, #6743, #3921, #3092, #6208, #3080, #3291, #5748, #4480, #2446, #5337, #4028, #373, #1801, #1420, #6678, #5523, #3170, #8, #4613, #4878, #6343, #2158, #52, #2907, #5171, #898, #2860, #3913, #6286, #2632, #749, #2, #6055, #5496, #2014, #5633, #1991, #1875, #5198, #3399, #1747, #5762, #4494, #2503, #2455, #4676, #4795, #5897, #1010, #877, #5863, #1696, #6044, #4495, #3031, #2673, #423, #5560, #4288, #6148, #6414, #1121, #3139, #6296, #4837, #5789, #1672, #1844, #123, #5219, #5160, #1837, #4757, #6332, #771, #4696, #682, #6595, #6721, #4635, #3707, #2202, #1354, #462, #292, #323, #6463, #6261, #6407, #2088, #2339, #1955, #1550, #5905, #1293, #6456, #2368, #2264, #4606 ) ) ;
#6370 = AXIS2_PLACEMENT_3D ( 'NONE', #5935, #5453, #216 ) ;
#6371 = CARTESIAN_POINT ( 'NONE',  ( -5.000000000000000888, -1.000000000000000000, -6.000000000000000000 ) ) ;
#6372 = VECTOR ( 'NONE', #3935, 1000.000000000000000 ) ;
#6373 = ADVANCED_FACE ( 'NONE', ( #3654 ), #4170, .T. ) ;
#6374 = AXIS2_PLACEMENT_3D ( 'NONE', #702, #4354, #6440 ) ;
#6375 = ORIENTED_EDGE ( 'NONE', *, *, #246, .T. ) ;
#6376 = ORIENTED_EDGE ( 'NONE', *, *, #1588, .T. ) ;
#6377 = CARTESIAN_POINT ( 'NONE',  ( 8.000000000000000000, 37.74406644123207144, -1.000000000000000000 ) ) ;
#6378 = VECTOR ( 'NONE', #1735, 1000.000000000000000 ) ;
#6379 = DIRECTION ( 'NONE',  ( -0.000000000000000000, -0.000000000000000000, -1.000000000000000000 ) ) ;
#6380 = ORIENTED_EDGE ( 'NONE', *, *, #2551, .T. ) ;
#6381 = AXIS2_PLACEMENT_3D ( 'NONE', #1547, #5096, #4070 ) ;
#6382 = EDGE_CURVE ( 'NONE', #3051, #4348, #1619, .T. ) ;
#6383 = VECTOR ( 'NONE', #859, 1000.000000000000000 ) ;
#6384 = EDGE_CURVE ( 'NONE', #6746, #3477, #493, .T. ) ;
#6385 = LINE ( 'NONE', #3785, #5740 ) ;
#6386 = CARTESIAN_POINT ( 'NONE',  ( -21.00000000000000000, 11.00000000000000000, -6.000000000000000000 ) ) ;
#6387 = AXIS2_PLACEMENT_3D ( 'NONE', #1026, #4164, #4643 ) ;
#6388 = CARTESIAN_POINT ( 'NONE',  ( -8.000000000000001776, 35.74406644123207144, -1.000000000000000000 ) ) ;
#6389 = CARTESIAN_POINT ( 'NONE',  ( 8.649999999999973710, -12.99999999999999467, -1.999999999999999556 ) ) ;
#6390 = LINE ( 'NONE', #1196, #5827 ) ;
#6391 = ORIENTED_EDGE ( 'NONE', *, *, #6449, .T. ) ;
#6392 = AXIS2_PLACEMENT_3D ( 'NONE', #4222, #4546, #1856 ) ;
#6393 = AXIS2_PLACEMENT_3D ( 'NONE', #6231, #1075, #504 ) ;
#6394 = CIRCLE ( 'NONE', #3447, 1.600000000000001643 ) ;
#6395 = ORIENTED_EDGE ( 'NONE', *, *, #4223, .F. ) ;
#6396 = CARTESIAN_POINT ( 'NONE',  ( -26.00000000000000355, 16.84999999999999787, -6.000000000000000888 ) ) ;
#6397 = ORIENTED_EDGE ( 'NONE', *, *, #6071, .F. ) ;
#6398 = DIRECTION ( 'NONE',  ( -1.000000000000000000, 0.000000000000000000, 0.000000000000000000 ) ) ;
#6399 = CARTESIAN_POINT ( 'NONE',  ( -13.00000000000000178, -35.99427459992278244, -1.000000000000000000 ) ) ;
#6400 = FACE_OUTER_BOUND ( 'NONE', #6423, .T. ) ;
#6401 = DIRECTION ( 'NONE',  ( 0.000000000000000000, 1.000000000000000000, 0.000000000000000000 ) ) ;
#6402 = CIRCLE ( 'NONE', #525, 1.600000000000001643 ) ;
#6403 = VERTEX_POINT ( 'NONE', #4580 ) ;
#6404 = VERTEX_POINT ( 'NONE', #6251 ) ;
#6405 = DIRECTION ( 'NONE',  ( -0.000000000000000000, -0.000000000000000000, -1.000000000000000000 ) ) ;
#6406 = CYLINDRICAL_SURFACE ( 'NONE', #4153, 3.200000000000001510 ) ;
#6407 = ADVANCED_FACE ( 'NONE', ( #6668 ), #4652, .F. ) ;
#6408 = DIRECTION ( 'NONE',  ( -1.823796845045658185E-16, -1.000000000000000000, 0.000000000000000000 ) ) ;
#6409 = CARTESIAN_POINT ( 'NONE',  ( -28.82868052452909424, -9.347199102264276860, -1.000000000000000000 ) ) ;
#6410 = VERTEX_POINT ( 'NONE', #3688 ) ;
#6411 = ORIENTED_EDGE ( 'NONE', *, *, #201, .T. ) ;
#6412 = FACE_OUTER_BOUND ( 'NONE', #5642, .T. ) ;
#6413 = DIRECTION ( 'NONE',  ( 0.7071067811865525687, 0.000000000000000000, -0.7071067811865424657 ) ) ;
#6414 = ADVANCED_FACE ( 'NONE', ( #1067 ), #6164, .F. ) ;
#6415 = ORIENTED_EDGE ( 'NONE', *, *, #4488, .T. ) ;
#6416 = PLANE ( 'NONE',  #3884 ) ;
#6417 = CARTESIAN_POINT ( 'NONE',  ( 7.999999999999803713, 27.09831513016748872, -4.000000000000000000 ) ) ;
#6418 = DIRECTION ( 'NONE',  ( -1.000000000000000000, 0.000000000000000000, 0.000000000000000000 ) ) ;
#6419 = DIRECTION ( 'NONE',  ( -1.000000000000000000, 0.000000000000000000, 0.000000000000000000 ) ) ;
#6420 = CARTESIAN_POINT ( 'NONE',  ( -14.90000000000000036, -43.22269074732326999, 3.799999999999999822 ) ) ;
#6421 = ADVANCED_FACE ( 'NONE', ( #2537 ), #6739, .F. ) ;
#6422 = EDGE_CURVE ( 'NONE', #6403, #765, #2612, .T. ) ;
#6423 = EDGE_LOOP ( 'NONE', ( #4889, #2827, #2413, #1486 ) ) ;
#6424 = DIRECTION ( 'NONE',  ( 1.000000000000000000, 0.000000000000000000, 0.000000000000000000 ) ) ;
#6425 = ORIENTED_EDGE ( 'NONE', *, *, #5371, .F. ) ;
#6426 = CARTESIAN_POINT ( 'NONE',  ( 5.000000000000000888, 29.74406644123207144, 7.000000000000000000 ) ) ;
#6427 = ORIENTED_EDGE ( 'NONE', *, *, #1551, .F. ) ;
#6428 = LINE ( 'NONE', #4309, #3017 ) ;
#6429 = LINE ( 'NONE', #1760, #4648 ) ;
#6430 = CARTESIAN_POINT ( 'NONE',  ( 16.00000000000000000, 16.85000000000000142, -7.000000000000000000 ) ) ;
#6431 = EDGE_CURVE ( 'NONE', #3846, #4514, #2068, .T. ) ;
#6432 = DIRECTION ( 'NONE',  ( -0.000000000000000000, -0.000000000000000000, -1.000000000000000000 ) ) ;
#6433 = VECTOR ( 'NONE', #1612, 1000.000000000000114 ) ;
#6434 = ORIENTED_EDGE ( 'NONE', *, *, #1999, .F. ) ;
#6435 = AXIS2_PLACEMENT_3D ( 'NONE', #2391, #5479, #5520 ) ;
#6436 = ORIENTED_EDGE ( 'NONE', *, *, #221, .T. ) ;
#6437 = FACE_OUTER_BOUND ( 'NONE', #5600, .T. ) ;
#6438 = DIRECTION ( 'NONE',  ( 0.000000000000000000, 0.000000000000000000, 1.000000000000000000 ) ) ;
#6439 = AXIS2_PLACEMENT_3D ( 'NONE', #4897, #5992, #4969 ) ;
#6440 = DIRECTION ( 'NONE',  ( 0.000000000000000000, 1.000000000000000000, 0.000000000000000000 ) ) ;
#6441 = DIRECTION ( 'NONE',  ( -0.000000000000000000, -1.000000000000000000, -0.000000000000000000 ) ) ;
#6442 = EDGE_LOOP ( 'NONE', ( #5892, #3437, #1909, #3094 ) ) ;
#6443 = EDGE_CURVE ( 'NONE', #3612, #4699, #932, .T. ) ;
#6444 = EDGE_LOOP ( 'NONE', ( #4545, #6605, #2151, #3117 ) ) ;
#6445 = DIRECTION ( 'NONE',  ( -0.000000000000000000, -0.000000000000000000, 1.000000000000000000 ) ) ;
#6446 = DIRECTION ( 'NONE',  ( 0.000000000000000000, 0.000000000000000000, 1.000000000000000000 ) ) ;
#6447 = ORIENTED_EDGE ( 'NONE', *, *, #515, .T. ) ;
#6448 = DIRECTION ( 'NONE',  ( -1.000000000000000000, -1.734723475976807587E-16, -0.000000000000000000 ) ) ;
#6449 = EDGE_CURVE ( 'NONE', #1832, #797, #6221, .T. ) ;
#6450 = CARTESIAN_POINT ( 'NONE',  ( 12.82027851036666988, -49.62075959660030833, -3.213295504399935609 ) ) ;
#6451 = LINE ( 'NONE', #3242, #394 ) ;
#6452 = PLANE ( 'NONE',  #828 ) ;
#6453 = DIRECTION ( 'NONE',  ( -0.000000000000000000, -0.000000000000000000, 1.000000000000000000 ) ) ;
#6454 = ORIENTED_EDGE ( 'NONE', *, *, #488, .F. ) ;
#6455 = CARTESIAN_POINT ( 'NONE',  ( 9.502791101139436591, -47.47116571266307972, -2.582752895840164875 ) ) ;
#6456 = ADVANCED_FACE ( 'NONE', ( #5225 ), #2132, .F. ) ;
#6457 = VERTEX_POINT ( 'NONE', #5773 ) ;
#6458 = CARTESIAN_POINT ( 'NONE',  ( -30.14487539711820929, 0.000000000000000000, -7.000000000000000000 ) ) ;
#6459 = DIRECTION ( 'NONE',  ( 1.000000000000000000, 0.000000000000000000, 0.000000000000000000 ) ) ;
#6460 = CARTESIAN_POINT ( 'NONE',  ( -13.00000000000000178, -43.22269074732326999, 9.000000000000001776 ) ) ;
#6461 = CARTESIAN_POINT ( 'NONE',  ( -11.00000000000000178, -35.99427459992278244, -5.500000000000000000 ) ) ;
#6462 = CARTESIAN_POINT ( 'NONE',  ( -5.000000000000000888, 29.74406644123207144, 7.000000000000000000 ) ) ;
#6463 = ADVANCED_FACE ( 'NONE', ( #3590 ), #1097, .F. ) ;
#6464 = ORIENTED_EDGE ( 'NONE', *, *, #5058, .T. ) ;
#6465 = ADVANCED_FACE ( 'NONE', ( #5701 ), #1478, .T. ) ;
#6466 = AXIS2_PLACEMENT_3D ( 'NONE', #3891, #2429, #4500 ) ;
#6467 = ORIENTED_EDGE ( 'NONE', *, *, #4951, .F. ) ;
#6468 = DIRECTION ( 'NONE',  ( -0.000000000000000000, -0.000000000000000000, -1.000000000000000000 ) ) ;
#6469 = PLANE ( 'NONE',  #4698 ) ;
#6470 = CYLINDRICAL_SURFACE ( 'NONE', #1023, 1.899999999999999023 ) ;
#6471 = CARTESIAN_POINT ( 'NONE',  ( -1.000000000000000888, 29.74406644123207144, 7.000000000000000000 ) ) ;
#6472 = AXIS2_PLACEMENT_3D ( 'NONE', #6486, #1367, #4986 ) ;
#6473 = ORIENTED_EDGE ( 'NONE', *, *, #3515, .F. ) ;
#6474 = ORIENTED_EDGE ( 'NONE', *, *, #2426, .F. ) ;
#6475 = CYLINDRICAL_SURFACE ( 'NONE', #2517, 1.899999999999998135 ) ;
#6476 = DIRECTION ( 'NONE',  ( -0.1414213562373098365, 0.6928203230275531421, 0.7071067811865453523 ) ) ;
#6477 = VECTOR ( 'NONE', #5880, 1000.000000000000000 ) ;
#6478 = EDGE_LOOP ( 'NONE', ( #135, #6593, #637, #2618 ) ) ;
#6479 = VECTOR ( 'NONE', #2168, 1000.000000000000000 ) ;
#6480 = ORIENTED_EDGE ( 'NONE', *, *, #809, .F. ) ;
#6481 = LINE ( 'NONE', #1884, #6504 ) ;
#6482 = VECTOR ( 'NONE', #1652, 1000.000000000000000 ) ;
#6483 = PLANE ( 'NONE',  #811 ) ;
#6484 = PLANE ( 'NONE',  #6580 ) ;
#6485 = CARTESIAN_POINT ( 'NONE',  ( 15.00000000000017586, -28.93902645193045231, -5.500000000000000000 ) ) ;
#6486 = CARTESIAN_POINT ( 'NONE',  ( -21.59487539711820503, 8.300000000000002487, -5.500000000000000000 ) ) ;
#6487 = VECTOR ( 'NONE', #3787, 1000.000000000000000 ) ;
#6488 = VERTEX_POINT ( 'NONE', #3042 ) ;
#6489 = ADVANCED_FACE ( 'NONE', ( #5124, #6697, #2031 ), #4109, .T. ) ;
#6490 = DIRECTION ( 'NONE',  ( -0.000000000000000000, -0.000000000000000000, -1.000000000000000000 ) ) ;
#6491 = ORIENTED_EDGE ( 'NONE', *, *, #1208, .F. ) ;
#6492 = VECTOR ( 'NONE', #5088, 1000.000000000000000 ) ;
#6493 = DIRECTION ( 'NONE',  ( 1.000000000000000000, 0.000000000000000000, 0.000000000000000000 ) ) ;
#6494 = VECTOR ( 'NONE', #1479, 1000.000000000000000 ) ;
#6495 = CARTESIAN_POINT ( 'NONE',  ( 34.12487539711820261, 2.220446049250313081E-13, -7.000000000000000000 ) ) ;
#6496 = DIRECTION ( 'NONE',  ( 0.000000000000000000, 0.000000000000000000, 1.000000000000000000 ) ) ;
#6497 = DIRECTION ( 'NONE',  ( 1.000000000000000000, 0.000000000000000000, 0.000000000000000000 ) ) ;
#6498 = CONICAL_SURFACE ( 'NONE', #2688, 20.00000000000000355, 0.7853981633974500554 ) ;
#6499 = ORIENTED_EDGE ( 'NONE', *, *, #6679, .F. ) ;
#6500 = EDGE_CURVE ( 'NONE', #151, #3307, #1596, .T. ) ;
#6501 = AXIS2_PLACEMENT_3D ( 'NONE', #3934, #3353, #2375 ) ;
#6502 = CIRCLE ( 'NONE', #4108, 1.899999999999999023 ) ;
#6503 = ORIENTED_EDGE ( 'NONE', *, *, #1623, .T. ) ;
#6504 = VECTOR ( 'NONE', #310, 1000.000000000000000 ) ;
#6505 = VERTEX_POINT ( 'NONE', #148 ) ;
#6506 = ORIENTED_EDGE ( 'NONE', *, *, #2130, .F. ) ;
#6507 = AXIS2_PLACEMENT_3D ( 'NONE', #2435, #3516, #1377 ) ;
#6508 = CARTESIAN_POINT ( 'NONE',  ( -6.000000000000001776, -12.99999999999999467, 9.000000000000001776 ) ) ;
#6509 = CIRCLE ( 'NONE', #298, 5.049999999999998934 ) ;
#6510 = CARTESIAN_POINT ( 'NONE',  ( 6.000000000000001776, -12.99999999999999467, -2.499999999999977796 ) ) ;
#6511 = EDGE_CURVE ( 'NONE', #5222, #4655, #1045, .T. ) ;
#6512 = EDGE_CURVE ( 'NONE', #2525, #317, #5321, .T. ) ;
#6513 = CARTESIAN_POINT ( 'NONE',  ( 40.00000000000000711, 31.00000000000001066, -6.000000000000000000 ) ) ;
#6514 = CARTESIAN_POINT ( 'NONE',  ( 6.000000000000001776, -12.99999999999999467, -2.499999999999977796 ) ) ;
#6515 = EDGE_LOOP ( 'NONE', ( #251, #755, #4668, #2456 ) ) ;
#6516 = VERTEX_POINT ( 'NONE', #4846 ) ;
#6517 = LINE ( 'NONE', #1353, #2257 ) ;
#6518 = CARTESIAN_POINT ( 'NONE',  ( 5.000000000000000888, 29.74406644123207144, 3.799999999999999822 ) ) ;
#6519 = VERTEX_POINT ( 'NONE', #2229 ) ;
#6520 = PLANE ( 'NONE',  #1056 ) ;
#6521 = CARTESIAN_POINT ( 'NONE',  ( 21.00000000000000000, 11.00000000000000000, -6.000000000000000000 ) ) ;
#6522 = CARTESIAN_POINT ( 'NONE',  ( -9.450000000000002842, 19.24406644123207144, 26.55019181491567792 ) ) ;
#6523 = CARTESIAN_POINT ( 'NONE',  ( 13.00000000000000178, -43.22269074732326999, -5.500000000000000000 ) ) ;
#6524 = DIRECTION ( 'NONE',  ( -0.000000000000000000, -0.000000000000000000, -1.000000000000000000 ) ) ;
#6525 = CARTESIAN_POINT ( 'NONE',  ( -10.39129341151836705, -24.00000000000000000, 61.74093716448774671 ) ) ;
#6526 = VERTEX_POINT ( 'NONE', #5836 ) ;
#6527 = SURFACE_SIDE_STYLE ('',( #5941 ) ) ;
#6528 = ORIENTED_EDGE ( 'NONE', *, *, #2324, .T. ) ;
#6529 = DIRECTION ( 'NONE',  ( -1.000000000000000000, 0.000000000000000000, 0.000000000000000000 ) ) ;
#6530 = ADVANCED_FACE ( 'NONE', ( #5901 ), #2806, .F. ) ;
#6531 = FACE_OUTER_BOUND ( 'NONE', #6692, .T. ) ;
#6532 = CARTESIAN_POINT ( 'NONE',  ( -35.19487539711821000, 6.184466335694137012E-16, -5.000000000000000000 ) ) ;
#6533 = CARTESIAN_POINT ( 'NONE',  ( 27.29659163829112245, -8.061623882891092663, -1.000000000000000000 ) ) ;
#6534 = ORIENTED_EDGE ( 'NONE', *, *, #2253, .F. ) ;
#6535 = ORIENTED_EDGE ( 'NONE', *, *, #1036, .T. ) ;
#6536 = ORIENTED_EDGE ( 'NONE', *, *, #6013, .F. ) ;
#6537 = ADVANCED_FACE ( 'NONE', ( #4237 ), #4412, .F. ) ;
#6538 = VERTEX_POINT ( 'NONE', #5869 ) ;
#6539 = CARTESIAN_POINT ( 'NONE',  ( 21.59487539711815174, 10.30000000000000249, -1.000000000000000000 ) ) ;
#6540 = VECTOR ( 'NONE', #3284, 1000.000000000000000 ) ;
#6541 = LINE ( 'NONE', #3427, #4801 ) ;
#6542 = AXIS2_PLACEMENT_3D ( 'NONE', #4706, #580, #3614 ) ;
#6543 = CARTESIAN_POINT ( 'NONE',  ( 18.50185265928676159, 13.75465942564961530, -7.000000000000000000 ) ) ;
#6544 = CARTESIAN_POINT ( 'NONE',  ( -6.000000000000001776, -12.99999999999999467, -7.000000000000000000 ) ) ;
#6545 = ORIENTED_EDGE ( 'NONE', *, *, #4717, .T. ) ;
#6546 = ORIENTED_EDGE ( 'NONE', *, *, #5763, .F. ) ;
#6547 = EDGE_CURVE ( 'NONE', #3918, #3032, #1194, .T. ) ;
#6548 = DIRECTION ( 'NONE',  ( -1.000000000000000000, 0.000000000000000000, 0.000000000000000000 ) ) ;
#6549 = LINE ( 'NONE', #4936, #757 ) ;
#6550 = CIRCLE ( 'NONE', #3604, 2.150000000000000355 ) ;
#6551 = VERTEX_POINT ( 'NONE', #3851 ) ;
#6552 = CIRCLE ( 'NONE', #3769, 2.149999999999997247 ) ;
#6553 = DIRECTION ( 'NONE',  ( 0.000000000000000000, 0.000000000000000000, 1.000000000000000000 ) ) ;
#6554 = EDGE_CURVE ( 'NONE', #6404, #1464, #6451, .T. ) ;
#6555 = EDGE_CURVE ( 'NONE', #6094, #4162, #649, .T. ) ;
#6556 = CARTESIAN_POINT ( 'NONE',  ( -2.081668171172168513E-14, 21.24406644123207144, 3.649999999999999023 ) ) ;
#6557 = DIRECTION ( 'NONE',  ( -0.000000000000000000, -0.000000000000000000, -1.000000000000000000 ) ) ;
#6558 = DIRECTION ( 'NONE',  ( -1.000000000000000000, -1.734723475976807587E-16, -0.000000000000000000 ) ) ;
#6559 = FACE_OUTER_BOUND ( 'NONE', #1086, .T. ) ;
#6560 = CARTESIAN_POINT ( 'NONE',  ( 9.449999999999885603, 16.85000000000000142, -5.500000000000000000 ) ) ;
#6561 = ORIENTED_EDGE ( 'NONE', *, *, #4505, .T. ) ;
#6562 = FACE_BOUND ( 'NONE', #2975, .T. ) ;
#6563 = LINE ( 'NONE', #5122, #3310 ) ;
#6564 = CARTESIAN_POINT ( 'NONE',  ( -8.000000000000000000, 37.74406644123207144, 7.000000000000000000 ) ) ;
#6565 = CARTESIAN_POINT ( 'NONE',  ( -13.00000000000000355, -50.45110689472375043, -5.500000000000000000 ) ) ;
#6566 = DIRECTION ( 'NONE',  ( -0.000000000000000000, -0.000000000000000000, 1.000000000000000000 ) ) ;
#6567 = VERTEX_POINT ( 'NONE', #1718 ) ;
#6568 = ORIENTED_EDGE ( 'NONE', *, *, #993, .F. ) ;
#6569 = ORIENTED_EDGE ( 'NONE', *, *, #2659, .T. ) ;
#6570 = ORIENTED_EDGE ( 'NONE', *, *, #3586, .T. ) ;
#6571 = PLANE ( 'NONE',  #3774 ) ;
#6572 = CARTESIAN_POINT ( 'NONE',  ( 8.650000000000003908, -12.99999999999999467, -7.000000000000000000 ) ) ;
#6573 = EDGE_CURVE ( 'NONE', #3887, #4450, #3653, .T. ) ;
#6574 = DIRECTION ( 'NONE',  ( 1.000000000000000000, 0.000000000000000000, 0.000000000000000000 ) ) ;
#6575 = CARTESIAN_POINT ( 'NONE',  ( 31.25537671716912413, -6.455175196550624328, -1.000000000000000000 ) ) ;
#6576 = ORIENTED_EDGE ( 'NONE', *, *, #5576, .F. ) ;
#6577 = ORIENTED_EDGE ( 'NONE', *, *, #2216, .F. ) ;
#6578 = DIRECTION ( 'NONE',  ( 0.000000000000000000, 0.000000000000000000, 1.000000000000000000 ) ) ;
#6579 = AXIS2_PLACEMENT_3D ( 'NONE', #2790, #2755, #5859 ) ;
#6580 = AXIS2_PLACEMENT_3D ( 'NONE', #5975, #2902, #1295 ) ;
#6581 = DIRECTION ( 'NONE',  ( 1.000000000000000000, 0.000000000000000000, 0.000000000000000000 ) ) ;
#6582 = ORIENTED_EDGE ( 'NONE', *, *, #3249, .T. ) ;
#6583 = ADVANCED_FACE ( 'NONE', ( #4781 ), #5288, .F. ) ;
#6584 = CIRCLE ( 'NONE', #3850, 2.649999999999999467 ) ;
#6585 = DIRECTION ( 'NONE',  ( 0.000000000000000000, 0.000000000000000000, 1.000000000000000000 ) ) ;
#6586 = CARTESIAN_POINT ( 'NONE',  ( -11.00000000000000355, -54.22269074732326999, -5.500000000000000000 ) ) ;
#6587 = CARTESIAN_POINT ( 'NONE',  ( 6.000000000000001776, -12.99999999999999467, -7.000000000000000000 ) ) ;
#6588 = AXIS2_PLACEMENT_3D ( 'NONE', #1490, #6162, #1107 ) ;
#6589 = CARTESIAN_POINT ( 'NONE',  ( -3.850000000000004086, -12.99999999999999467, -6.500000000000005329 ) ) ;
#6590 = CARTESIAN_POINT ( 'NONE',  ( 30.14487539711820929, 2.220446049250313081E-13, -7.000000000000000000 ) ) ;
#6591 = CYLINDRICAL_SURFACE ( 'NONE', #6472, 2.000000000000001776 ) ;
#6592 = AXIS2_PLACEMENT_3D ( 'NONE', #6598, #6147, #1931 ) ;
#6593 = ORIENTED_EDGE ( 'NONE', *, *, #5664, .F. ) ;
#6594 = EDGE_CURVE ( 'NONE', #5502, #510, #712, .T. ) ;
#6595 = ADVANCED_FACE ( 'NONE', ( #5388 ), #217, .F. ) ;
#6596 = AXIS2_PLACEMENT_3D ( 'NONE', #6348, #5319, #2733 ) ;
#6597 = DIRECTION ( 'NONE',  ( -1.000000000000000000, 0.000000000000000000, 0.000000000000000000 ) ) ;
#6598 = CARTESIAN_POINT ( 'NONE',  ( 5.000000000000000888, 29.74406644123207144, 3.799999999999999822 ) ) ;
#6599 = DIRECTION ( 'NONE',  ( -0.000000000000000000, -0.000000000000000000, -1.000000000000000000 ) ) ;
#6600 = LINE ( 'NONE', #1934, #2788 ) ;
#6601 = CARTESIAN_POINT ( 'NONE',  ( -27.25605529807278415, -19.00000000000000711, -1.000000000000000000 ) ) ;
#6602 = VERTEX_POINT ( 'NONE', #4368 ) ;
#6603 = CIRCLE ( 'NONE', #5943, 2.000000000000001776 ) ;
#6604 = ORIENTED_EDGE ( 'NONE', *, *, #3203, .T. ) ;
#6605 = ORIENTED_EDGE ( 'NONE', *, *, #1741, .T. ) ;
#6606 = VERTEX_POINT ( 'NONE', #2670 ) ;
#6607 = AXIS2_PLACEMENT_3D ( 'NONE', #3176, #4778, #1123 ) ;
#6608 = CARTESIAN_POINT ( 'NONE',  ( 1.094855626301854435E-14, -20.99999999999999645, 7.000000000000000000 ) ) ;
#6609 = DIRECTION ( 'NONE',  ( -1.000000000000000000, 0.000000000000000000, 0.000000000000000000 ) ) ;
#6610 = CIRCLE ( 'NONE', #80, 5.499999999999998224 ) ;
#6611 = CARTESIAN_POINT ( 'NONE',  ( 5.000000000000000888, 29.74406644123207144, 7.000000000000000000 ) ) ;
#6612 = AXIS2_PLACEMENT_3D ( 'NONE', #6171, #984, #2657 ) ;
#6613 = CIRCLE ( 'NONE', #4537, 2.650000000000001243 ) ;
#6614 = LINE ( 'NONE', #6165, #3426 ) ;
#6615 = DIRECTION ( 'NONE',  ( -0.000000000000000000, -0.000000000000000000, 1.000000000000000000 ) ) ;
#6616 = AXIS2_PLACEMENT_3D ( 'NONE', #6460, #6496, #5983 ) ;
#6617 = ORIENTED_EDGE ( 'NONE', *, *, #577, .F. ) ;
#6618 = ORIENTED_EDGE ( 'NONE', *, *, #1741, .F. ) ;
#6619 = CIRCLE ( 'NONE', #6735, 3.000000000000000000 ) ;
#6620 = DIRECTION ( 'NONE',  ( 1.000000000000000000, 0.000000000000000000, 0.000000000000000000 ) ) ;
#6621 = EDGE_CURVE ( 'NONE', #5907, #2997, #2574, .T. ) ;
#6622 = DIRECTION ( 'NONE',  ( 0.000000000000000000, 0.000000000000000000, -1.000000000000000000 ) ) ;
#6623 = ORIENTED_EDGE ( 'NONE', *, *, #2052, .F. ) ;
#6624 = ORIENTED_EDGE ( 'NONE', *, *, #4862, .T. ) ;
#6625 = LINE ( 'NONE', #4467, #2159 ) ;
#6626 = LINE ( 'NONE', #377, #51 ) ;
#6627 = ADVANCED_FACE ( 'NONE', ( #1650 ), #1128, .F. ) ;
#6628 = CARTESIAN_POINT ( 'NONE',  ( -5.000000000000000888, -1.000000000000000000, -7.000000000000000000 ) ) ;
#6629 = FACE_OUTER_BOUND ( 'NONE', #2500, .T. ) ;
#6630 = DIRECTION ( 'NONE',  ( 1.000000000000000000, 0.000000000000000000, 0.000000000000000000 ) ) ;
#6631 = ORIENTED_EDGE ( 'NONE', *, *, #4129, .T. ) ;
#6632 = FACE_OUTER_BOUND ( 'NONE', #1319, .T. ) ;
#6633 = LINE ( 'NONE', #4039, #4841 ) ;
#6634 = EDGE_CURVE ( 'NONE', #3680, #5572, #2705, .T. ) ;
#6635 = CARTESIAN_POINT ( 'NONE',  ( -3.849999999999981437, -19.00000000000000355, 7.000000000000000000 ) ) ;
#6636 = DIRECTION ( 'NONE',  ( 0.000000000000000000, 0.000000000000000000, 1.000000000000000000 ) ) ;
#6637 = CARTESIAN_POINT ( 'NONE',  ( 13.80000000000000071, -48.22269074732328420, -3.999999999999998224 ) ) ;
#6638 = VERTEX_POINT ( 'NONE', #4032 ) ;
#6639 = EDGE_LOOP ( 'NONE', ( #6107, #3982, #4981, #4751, #6395, #1687, #1732, #3815 ) ) ;
#6640 = EDGE_LOOP ( 'NONE', ( #6380, #2322, #1738, #6276, #3681 ) ) ;
#6641 = EDGE_CURVE ( 'NONE', #2331, #466, #5423, .T. ) ;
#6642 = VERTEX_POINT ( 'NONE', #1922 ) ;
#6643 = ADVANCED_FACE ( 'NONE', ( #1887 ), #4000, .T. ) ;
#6644 = DIRECTION ( 'NONE',  ( 0.000000000000000000, 0.000000000000000000, -1.000000000000000000 ) ) ;
#6645 = CARTESIAN_POINT ( 'NONE',  ( -21.00000000000000000, 11.00000000000000000, -7.000000000000000000 ) ) ;
#6646 = CARTESIAN_POINT ( 'NONE',  ( -11.39999999999999858, -43.22269074732326999, 7.000000000000000000 ) ) ;
#6647 = DIRECTION ( 'NONE',  ( 0.6427876096865279276, 0.7660444431189875614, -0.000000000000000000 ) ) ;
#6648 = ORIENTED_EDGE ( 'NONE', *, *, #339, .T. ) ;
#6649 = CIRCLE ( 'NONE', #3701, 4.000000000000000000 ) ;
#6650 = ORIENTED_EDGE ( 'NONE', *, *, #3961, .T. ) ;
#6651 = CARTESIAN_POINT ( 'NONE',  ( -21.59487539711820503, 8.300000000000002487, -5.500000000000000000 ) ) ;
#6652 = FACE_OUTER_BOUND ( 'NONE', #73, .T. ) ;
#6653 = ORIENTED_EDGE ( 'NONE', *, *, #4351, .F. ) ;
#6654 = AXIS2_PLACEMENT_3D ( 'NONE', #1632, #2686, #2183 ) ;
#6655 = EDGE_CURVE ( 'NONE', #6642, #5217, #1260, .T. ) ;
#6656 = ORIENTED_EDGE ( 'NONE', *, *, #432, .F. ) ;
#6657 = ORIENTED_EDGE ( 'NONE', *, *, #301, .F. ) ;
#6658 = AXIS2_PLACEMENT_3D ( 'NONE', #5278, #708, #2797 ) ;
#6659 = DIRECTION ( 'NONE',  ( 0.000000000000000000, -0.000000000000000000, 1.000000000000000000 ) ) ;
#6660 = DIRECTION ( 'NONE',  ( -0.000000000000000000, -0.000000000000000000, -1.000000000000000000 ) ) ;
#6661 = CYLINDRICAL_SURFACE ( 'NONE', #285, 3.980000000000000870 ) ;
#6662 = CARTESIAN_POINT ( 'NONE',  ( -13.00000000000000355, -48.72269074732326288, -5.500000000000000000 ) ) ;
#6663 = ORIENTED_EDGE ( 'NONE', *, *, #5134, .T. ) ;
#6664 = CIRCLE ( 'NONE', #4047, 9.999999999999998224 ) ;
#6665 = EDGE_CURVE ( 'NONE', #5769, #4463, #4436, .T. ) ;
#6666 = DIRECTION ( 'NONE',  ( -1.000000000000000000, 0.000000000000000000, 0.000000000000000000 ) ) ;
#6667 = CARTESIAN_POINT ( 'NONE',  ( -9.450000000000002842, 24.24406644123207499, 26.55019181491567792 ) ) ;
#6668 = FACE_OUTER_BOUND ( 'NONE', #1943, .T. ) ;
#6669 = CARTESIAN_POINT ( 'NONE',  ( 25.09487539711820503, 2.226630515586007067E-13, -5.000000000000000000 ) ) ;
#6670 = DIRECTION ( 'NONE',  ( 0.000000000000000000, 0.000000000000000000, 1.000000000000000000 ) ) ;
#6671 = ORIENTED_EDGE ( 'NONE', *, *, #3417, .T. ) ;
#6672 = ADVANCED_FACE ( 'NONE', ( #247 ), #6041, .F. ) ;
#6673 = ORIENTED_EDGE ( 'NONE', *, *, #4988, .F. ) ;
#6674 = ORIENTED_EDGE ( 'NONE', *, *, #6732, .T. ) ;
#6675 = ORIENTED_EDGE ( 'NONE', *, *, #473, .T. ) ;
#6676 = CARTESIAN_POINT ( 'NONE',  ( 12.68399608865864714, -49.36518681910681750, -5.133168020803133835 ) ) ;
#6677 = CARTESIAN_POINT ( 'NONE',  ( -13.80000000000000071, -48.22269074732328420, -3.999999999999998224 ) ) ;
#6678 = ADVANCED_FACE ( 'NONE', ( #5527 ), #1365, .T. ) ;
#6679 = EDGE_CURVE ( 'NONE', #6152, #2507, #2966, .T. ) ;
#6680 = CYLINDRICAL_SURFACE ( 'NONE', #4396, 5.049999999999998934 ) ;
#6681 = VERTEX_POINT ( 'NONE', #3377 ) ;
#6682 = VERTEX_POINT ( 'NONE', #4540 ) ;
#6683 = CARTESIAN_POINT ( 'NONE',  ( 7.500000000000007105, -48.22269074732327709, -3.999999999999998224 ) ) ;
#6684 = CARTESIAN_POINT ( 'NONE',  ( 13.00000000000000178, -35.99427459992278244, 22.65494915959678224 ) ) ;
#6685 = ORIENTED_EDGE ( 'NONE', *, *, #2754, .F. ) ;
#6686 = ORIENTED_EDGE ( 'NONE', *, *, #5737, .T. ) ;
#6687 = ORIENTED_EDGE ( 'NONE', *, *, #6217, .F. ) ;
#6688 = DIRECTION ( 'NONE',  ( -0.000000000000000000, -0.000000000000000000, 1.000000000000000000 ) ) ;
#6689 = LINE ( 'NONE', #6183, #180 ) ;
#6690 = CARTESIAN_POINT ( 'NONE',  ( 13.79999999999999893, -48.22269074732327709, -3.999999999999998224 ) ) ;
#6691 = AXIS2_PLACEMENT_3D ( 'NONE', #2328, #5977, #860 ) ;
#6692 = EDGE_LOOP ( 'NONE', ( #3972, #4271, #1523, #1876, #1634, #304 ) ) ;
#6693 = CIRCLE ( 'NONE', #804, 4.000000000000000000 ) ;
#6694 = CARTESIAN_POINT ( 'NONE',  ( 27.99999999999999645, 9.999999999999998224, -7.000000000000000000 ) ) ;
#6695 = CIRCLE ( 'NONE', #807, 2.000000000000000000 ) ;
#6696 = DIRECTION ( 'NONE',  ( 0.000000000000000000, 0.000000000000000000, 1.000000000000000000 ) ) ;
#6697 = FACE_BOUND ( 'NONE', #4244, .T. ) ;
#6698 = CARTESIAN_POINT ( 'NONE',  ( -16.00000000000000000, 10.30000000000000249, -5.500000000000000000 ) ) ;
#6699 = LINE ( 'NONE', #3592, #1474 ) ;
#6700 = EDGE_CURVE ( 'NONE', #151, #3579, #5487, .T. ) ;
#6701 = EDGE_LOOP ( 'NONE', ( #4185, #868, #1880, #4525, #1916 ) ) ;
#6702 = CIRCLE ( 'NONE', #6596, 1.599999999999997202 ) ;
#6703 = AXIS2_PLACEMENT_3D ( 'NONE', #686, #4818, #4853 ) ;
#6704 = VECTOR ( 'NONE', #6318, 1000.000000000000000 ) ;
#6705 = ORIENTED_EDGE ( 'NONE', *, *, #2284, .F. ) ;
#6706 = EDGE_LOOP ( 'NONE', ( #5294, #4947, #6503, #6036 ) ) ;
#6707 = VECTOR ( 'NONE', #4814, 1000.000000000000000 ) ;
#6708 = ORIENTED_EDGE ( 'NONE', *, *, #2513, .F. ) ;
#6709 = LINE ( 'NONE', #3629, #6289 ) ;
#6710 = CARTESIAN_POINT ( 'NONE',  ( 12.89870828346177234, -49.82269074732327141, -3.999999999999998224 ) ) ;
#6711 = DIRECTION ( 'NONE',  ( 1.000000000000000000, 0.000000000000000000, 0.000000000000000000 ) ) ;
#6712 = EDGE_CURVE ( 'NONE', #1867, #910, #3404, .T. ) ;
#6713 = DIRECTION ( 'NONE',  ( -0.000000000000000000, -0.000000000000000000, 1.000000000000000000 ) ) ;
#6714 = AXIS2_PLACEMENT_3D ( 'NONE', #1681, #3721, #2767 ) ;
#6715 = VECTOR ( 'NONE', #149, 1000.000000000000000 ) ;
#6716 = FACE_BOUND ( 'NONE', #2583, .T. ) ;
#6717 = ORIENTED_EDGE ( 'NONE', *, *, #2221, .T. ) ;
#6718 = ORIENTED_EDGE ( 'NONE', *, *, #3715, .T. ) ;
#6719 = CIRCLE ( 'NONE', #1259, 3.980000000000000870 ) ;
#6720 = CYLINDRICAL_SURFACE ( 'NONE', #6612, 4.000000000000000888 ) ;
#6721 = ADVANCED_FACE ( 'NONE', ( #5454 ), #2397, .T. ) ;
#6722 = AXIS2_PLACEMENT_3D ( 'NONE', #5999, #5548, #5074 ) ;
#6723 = EDGE_CURVE ( 'NONE', #4482, #2002, #3195, .T. ) ;
#6724 = DIRECTION ( 'NONE',  ( -1.000000000000000000, -1.909363028148246276E-16, 0.000000000000000000 ) ) ;
#6725 = AXIS2_PLACEMENT_3D ( 'NONE', #4037, #6117, #6187 ) ;
#6726 = EDGE_LOOP ( 'NONE', ( #543, #2998, #2955, #5311 ) ) ;
#6727 = AXIS2_PLACEMENT_3D ( 'NONE', #4692, #4761, #3667 ) ;
#6728 = CIRCLE ( 'NONE', #412, 4.000000000000007105 ) ;
#6729 = VERTEX_POINT ( 'NONE', #6589 ) ;
#6730 = VERTEX_POINT ( 'NONE', #783 ) ;
#6731 = PLANE ( 'NONE',  #878 ) ;
#6732 = EDGE_CURVE ( 'NONE', #2319, #5657, #482, .T. ) ;
#6733 = DIRECTION ( 'NONE',  ( -1.000000000000000000, 0.000000000000000000, 0.000000000000000000 ) ) ;
#6734 = DIRECTION ( 'NONE',  ( -0.000000000000000000, -0.000000000000000000, -1.000000000000000000 ) ) ;
#6735 = AXIS2_PLACEMENT_3D ( 'NONE', #6098, #6064, #4967 ) ;
#6736 = ORIENTED_EDGE ( 'NONE', *, *, #2753, .F. ) ;
#6737 = CARTESIAN_POINT ( 'NONE',  ( -12.01999999999998536, 16.85000000000002629, -6.819204917418021594 ) ) ;
#6738 = CARTESIAN_POINT ( 'NONE',  ( -5.000000000000000888, 29.74406644123207144, -1.000000000000000000 ) ) ;
#6739 = CYLINDRICAL_SURFACE ( 'NONE', #3215, 1.600000000000004086 ) ;
#6740 = LINE ( 'NONE', #3043, #5075 ) ;
#6741 = LINE ( 'NONE', #430, #3537 ) ;
#6742 = ORIENTED_EDGE ( 'NONE', *, *, #6123, .T. ) ;
#6743 = ADVANCED_FACE ( 'NONE', ( #4397, #2460 ), #6484, .F. ) ;
#6744 = ORIENTED_EDGE ( 'NONE', *, *, #473, .F. ) ;
#6745 = CARTESIAN_POINT ( 'NONE',  ( 8.731328711625275574, -46.69114569627124212, -4.472062290828652920 ) ) ;
#6746 = VERTEX_POINT ( 'NONE', #6082 ) ;
#6747 = CARTESIAN_POINT ( 'NONE',  ( 16.00000000000000000, 16.85000000000000142, -6.000000000000000000 ) ) ;
#6748 = FACE_OUTER_BOUND ( 'NONE', #1439, .T. ) ;
#6749 = DIRECTION ( 'NONE',  ( 0.7071067811865430208, 0.000000000000000000, 0.7071067811865521247 ) ) ;
#6750 = CARTESIAN_POINT ( 'NONE',  ( -34.12487539711820972, 4.874094260606466312E-16, -7.000000000000000000 ) ) ;
ENDSEC;
END-ISO-10303-21;
