ISO-10303-21;
HEADER;
FILE_DESCRIPTION (( 'STEP AP214' ),
    '1' );
FILE_NAME ('LQ26-05HGI-01-004.STEP',
    '2026-05-07T08:55:11',
    ( '' ),
    ( '' ),
    'SwSTEP 2.0',
    'SolidWorks 2025',
    '' );
FILE_SCHEMA (( 'AUTOMOTIVE_DESIGN' ));
ENDSEC;

DATA;
#1 = CYLINDRICAL_SURFACE ( 'NONE', #674, 1.999999999999998224 ) ;
#2 = CARTESIAN_POINT ( 'NONE',  ( 0.7999999999999999334, 14.00000000000000178, -1.899999999999998135 ) ) ;
#3 = DIRECTION ( 'NONE',  ( -1.000000000000000000, 7.709882115452480139E-16, 0.000000000000000000 ) ) ;
#4 = EDGE_CURVE ( 'NONE', #72, #1575, #1967, .T. ) ;
#5 = EDGE_CURVE ( 'NONE', #1506, #1047, #604, .T. ) ;
#6 = VERTEX_POINT ( 'NONE', #1211 ) ;
#7 = DIRECTION ( 'NONE',  ( -0.000000000000000000, -0.000000000000000000, -1.000000000000000000 ) ) ;
#8 = DIRECTION ( 'NONE',  ( 1.000000000000000000, -0.000000000000000000, -0.000000000000000000 ) ) ;
#9 = EDGE_LOOP ( 'NONE', ( #184, #445, #849, #343 ) ) ;
#10 = DIRECTION ( 'NONE',  ( 0.000000000000000000, 0.000000000000000000, -1.000000000000000000 ) ) ;
#11 = AXIS2_PLACEMENT_3D ( 'NONE', #594, #1562, #1842 ) ;
#12 = AXIS2_PLACEMENT_3D ( 'NONE', #692, #257, #847 ) ;
#13 = DIRECTION ( 'NONE',  ( -0.6427876096865408062, 0.7660444431189769032, 0.000000000000000000 ) ) ;
#14 = PLANE ( 'NONE',  #1240 ) ;
#15 = ORIENTED_EDGE ( 'NONE', *, *, #895, .T. ) ;
#16 = VECTOR ( 'NONE', #1854, 1000.000000000000114 ) ;
#17 = ADVANCED_FACE ( 'NONE', ( #1392, #323, #1539, #1690 ), #1831, .T. ) ;
#18 = DIRECTION ( 'NONE',  ( 0.000000000000000000, 0.000000000000000000, -1.000000000000000000 ) ) ;
#19 = DIRECTION ( 'NONE',  ( -1.000000000000000000, 0.000000000000000000, 0.000000000000000000 ) ) ;
#20 = ORIENTED_EDGE ( 'NONE', *, *, #342, .F. ) ;
#21 = CARTESIAN_POINT ( 'NONE',  ( 0.9999999999999991118, -1.191753592594206657, 3.499999999999992895 ) ) ;
#22 = VECTOR ( 'NONE', #954, 1000.000000000000000 ) ;
#23 = VECTOR ( 'NONE', #584, 1000.000000000000000 ) ;
#24 = LINE ( 'NONE', #1269, #1251 ) ;
#25 = FACE_OUTER_BOUND ( 'NONE', #727, .T. ) ;
#26 = EDGE_LOOP ( 'NONE', ( #834, #151, #408, #1051 ) ) ;
#27 = CARTESIAN_POINT ( 'NONE',  ( 8.109725259060157398, -12.77624186615773993, -3.500000000000006661 ) ) ;
#28 = CIRCLE ( 'NONE', #1418, 2.000000000000000000 ) ;
#29 = ORIENTED_EDGE ( 'NONE', *, *, #1997, .T. ) ;
#30 = LINE ( 'NONE', #483, #1122 ) ;
#31 = EDGE_CURVE ( 'NONE', #34, #633, #1861, .T. ) ;
#32 = CARTESIAN_POINT ( 'NONE',  ( 4.701866670643068069, 2.175152637664218513, 3.499999999999992895 ) ) ;
#33 = CARTESIAN_POINT ( 'NONE',  ( 0.9999999999999991118, -1.191753592594206657, -4.000000000000000000 ) ) ;
#34 = VERTEX_POINT ( 'NONE', #764 ) ;
#35 = DIRECTION ( 'NONE',  ( 0.7071067811865474617, 0.000000000000000000, -0.7071067811865474617 ) ) ;
#36 = ORIENTED_EDGE ( 'NONE', *, *, #292, .F. ) ;
#37 = CARTESIAN_POINT ( 'NONE',  ( 2.499513267805785866, -5.362311101832839988, 3.500000000000012434 ) ) ;
#38 = AXIS2_PLACEMENT_3D ( 'NONE', #1873, #314, #166 ) ;
#39 = EDGE_CURVE ( 'NONE', #103, #1877, #1080, .T. ) ;
#40 = AXIS2_PLACEMENT_3D ( 'NONE', #1178, #101, #1801 ) ;
#41 = CARTESIAN_POINT ( 'NONE',  ( -2.830222215594889512, -4.405691641026908023, -3.499999999999992895 ) ) ;
#42 = DIRECTION ( 'NONE',  ( 0.5416752204197009535, 0.4545194776720431484, -0.7071067811865485719 ) ) ;
#43 = ORIENTED_EDGE ( 'NONE', *, *, #630, .T. ) ;
#44 = FACE_OUTER_BOUND ( 'NONE', #563, .T. ) ;
#45 = AXIS2_PLACEMENT_3D ( 'NONE', #597, #769, #176 ) ;
#46 = CARTESIAN_POINT ( 'NONE',  ( 17.58852740713928497, -13.96043350502806923, -4.000000000000000000 ) ) ;
#47 = EDGE_LOOP ( 'NONE', ( #1223, #572, #1566, #975, #711 ) ) ;
#48 = FACE_OUTER_BOUND ( 'NONE', #90, .T. ) ;
#49 = ORIENTED_EDGE ( 'NONE', *, *, #1711, .F. ) ;
#50 = AXIS2_PLACEMENT_3D ( 'NONE', #286, #880, #750 ) ;
#51 = EDGE_CURVE ( 'NONE', #1017, #368, #903, .T. ) ;
#52 = LINE ( 'NONE', #1411, #239 ) ;
#53 = DIRECTION ( 'NONE',  ( 0.5416752204197033960, 0.4545194776720477003, 0.7071067811865439090 ) ) ;
#54 = ADVANCED_FACE ( 'NONE', ( #1526 ), #1712, .F. ) ;
#55 = ORIENTED_EDGE ( 'NONE', *, *, #1378, .T. ) ;
#56 = CARTESIAN_POINT ( 'NONE',  ( -3.499999999999992895, 30.00000000000000000, -2.000000000000000000 ) ) ;
#57 = VERTEX_POINT ( 'NONE', #131 ) ;
#58 = CARTESIAN_POINT ( 'NONE',  ( 0.7999999999999999334, 14.00000000000000178, 1.855339900708239230E-15 ) ) ;
#59 = VECTOR ( 'NONE', #8, 1000.000000000000000 ) ;
#60 = ORIENTED_EDGE ( 'NONE', *, *, #1353, .F. ) ;
#61 = DIRECTION ( 'NONE',  ( 1.000000000000000000, 0.000000000000000000, 0.000000000000000000 ) ) ;
#62 = CARTESIAN_POINT ( 'NONE',  ( 19.14132741310389463, 26.00000000000000355, 1.699999999999999956 ) ) ;
#63 = ORIENTED_EDGE ( 'NONE', *, *, #1441, .F. ) ;
#64 = CARTESIAN_POINT ( 'NONE',  ( 4.000000000000000000, 32.00000000000000000, 4.000000000000000000 ) ) ;
#65 = EDGE_CURVE ( 'NONE', #482, #1506, #1376, .T. ) ;
#66 = EDGE_CURVE ( 'NONE', #987, #509, #1841, .T. ) ;
#67 = VERTEX_POINT ( 'NONE', #731 ) ;
#68 = CARTESIAN_POINT ( 'NONE',  ( -4.000000000000000000, 32.00000000000000000, 4.000000000000000000 ) ) ;
#69 = EDGE_LOOP ( 'NONE', ( #1933, #670, #543, #375 ) ) ;
#70 = FACE_OUTER_BOUND ( 'NONE', #780, .T. ) ;
#71 = APPLICATION_CONTEXT ( 'automotive_design' ) ;
#72 = VERTEX_POINT ( 'NONE', #616 ) ;
#73 = LINE ( 'NONE', #552, #1082 ) ;
#74 = EDGE_CURVE ( 'NONE', #1969, #1091, #1702, .T. ) ;
#75 = EDGE_LOOP ( 'NONE', ( #1034, #1772, #179, #302, #1718 ) ) ;
#76 = CARTESIAN_POINT ( 'NONE',  ( -2.830222215594889512, -4.405691641026908023, 3.499999999999992895 ) ) ;
#77 = FACE_OUTER_BOUND ( 'NONE', #9, .T. ) ;
#78 = CARTESIAN_POINT ( 'NONE',  ( 14.14132741310388930, -16.85297774861749431, 3.499999999999996447 ) ) ;
#79 = AXIS2_PLACEMENT_3D ( 'NONE', #1366, #870, #426 ) ;
#80 = ORIENTED_EDGE ( 'NONE', *, *, #1711, .T. ) ;
#81 = DIRECTION ( 'NONE',  ( 0.5416752204197016196, 0.4545194776720470897, 0.7071067811865454633 ) ) ;
#82 = ORIENTED_EDGE ( 'NONE', *, *, #1468, .T. ) ;
#83 = DIRECTION ( 'NONE',  ( -1.000000000000000000, 0.000000000000000000, 0.000000000000000000 ) ) ;
#84 = ORIENTED_EDGE ( 'NONE', *, *, #367, .F. ) ;
#85 = ADVANCED_FACE ( 'NONE', ( #927 ), #155, .F. ) ;
#86 = EDGE_CURVE ( 'NONE', #1654, #34, #1443, .T. ) ;
#87 = AXIS2_PLACEMENT_3D ( 'NONE', #1998, #1078, #1044 ) ;
#88 = LINE ( 'NONE', #254, #355 ) ;
#89 = PRODUCT_DEFINITION_FORMATION_WITH_SPECIFIED_SOURCE ( '对称', '', #763, .NOT_KNOWN. ) ;
#90 = EDGE_LOOP ( 'NONE', ( #621, #771 ) ) ;
#91 = FACE_OUTER_BOUND ( 'NONE', #1060, .T. ) ;
#92 = ORIENTED_EDGE ( 'NONE', *, *, #1971, .F. ) ;
#93 = FACE_OUTER_BOUND ( 'NONE', #1904, .T. ) ;
#94 = CARTESIAN_POINT ( 'NONE',  ( 2.000000000000000000, 2.449293598294706414E-16, 3.499999999999997780 ) ) ;
#95 = ORIENTED_EDGE ( 'NONE', *, *, #1923, .T. ) ;
#96 = DIRECTION ( 'NONE',  ( 0.000000000000000000, 0.000000000000000000, -1.000000000000000000 ) ) ;
#97 = EDGE_CURVE ( 'NONE', #793, #1782, #1992, .T. ) ;
#98 = LINE ( 'NONE', #1157, #416 ) ;
#99 = CIRCLE ( 'NONE', #1077, 3.000000000000000000 ) ;
#100 = ORIENTED_EDGE ( 'NONE', *, *, #1281, .F. ) ;
#101 = DIRECTION ( 'NONE',  ( 0.000000000000000000, 0.000000000000000000, 1.000000000000000000 ) ) ;
#102 = CIRCLE ( 'NONE', #1700, 2.000000000000000000 ) ;
#103 = VERTEX_POINT ( 'NONE', #1880 ) ;
#104 = DIRECTION ( 'NONE',  ( -0.6427876096865401401, 0.7660444431189772363, 0.000000000000000000 ) ) ;
#105 = DIRECTION ( 'NONE',  ( 0.000000000000000000, 0.000000000000000000, 1.000000000000000000 ) ) ;
#106 = ORIENTED_EDGE ( 'NONE', *, *, #1571, .F. ) ;
#107 = LINE ( 'NONE', #379, #1956 ) ;
#108 = AXIS2_PLACEMENT_3D ( 'NONE', #247, #564, #1487 ) ;
#109 = LINE ( 'NONE', #222, #1791 ) ;
#110 = EDGE_LOOP ( 'NONE', ( #1827, #624, #1437, #506 ) ) ;
#111 = AXIS2_PLACEMENT_3D ( 'NONE', #180, #759, #1088 ) ;
#112 = CARTESIAN_POINT ( 'NONE',  ( 14.14132741310388930, -16.85297774861749431, 4.000000000000000000 ) ) ;
#113 = ADVANCED_FACE ( 'NONE', ( #1101 ), #1636, .F. ) ;
#114 = AXIS2_PLACEMENT_3D ( 'NONE', #441, #1230, #1679 ) ;
#115 = ORIENTED_EDGE ( 'NONE', *, *, #1617, .F. ) ;
#116 = CARTESIAN_POINT ( 'NONE',  ( 0.000000000000000000, 0.000000000000000000, -4.000000000000000000 ) ) ;
#117 = LINE ( 'NONE', #1707, #1195 ) ;
#118 = ORIENTED_EDGE ( 'NONE', *, *, #848, .F. ) ;
#119 = FACE_OUTER_BOUND ( 'NONE', #1509, .T. ) ;
#120 = CARTESIAN_POINT ( 'NONE',  ( 14.14132741310388930, -16.85297774861749431, -4.000000000000000000 ) ) ;
#121 = CIRCLE ( 'NONE', #1259, 1.999999999999998224 ) ;
#122 = ORIENTED_EDGE ( 'NONE', *, *, #602, .T. ) ;
#123 = CARTESIAN_POINT ( 'NONE',  ( 16.05643852090133095, -15.24600872440114507, -4.000000000000000000 ) ) ;
#124 = EDGE_LOOP ( 'NONE', ( #1960, #122 ) ) ;
#125 = EDGE_CURVE ( 'NONE', #1782, #273, #804, .T. ) ;
#126 = CYLINDRICAL_SURFACE ( 'NONE', #108, 5.000000000000000000 ) ;
#127 = CARTESIAN_POINT ( 'NONE',  ( 0.7999999999999999334, 26.00000000000000355, 0.000000000000000000 ) ) ;
#128 = EDGE_LOOP ( 'NONE', ( #1422, #392, #270, #1589 ) ) ;
#129 = CARTESIAN_POINT ( 'NONE',  ( -3.499999999999992895, 29.99999999999999645, 4.000000000000000000 ) ) ;
#130 = CARTESIAN_POINT ( 'NONE',  ( 4.000000000000000000, 26.00000000000000355, 0.000000000000000000 ) ) ;
#131 = CARTESIAN_POINT ( 'NONE',  ( 2.584402160008349103, -6.969280126049185675, -4.000000000000000000 ) ) ;
#132 = LINE ( 'NONE', #156, #1699 ) ;
#133 = EDGE_LOOP ( 'NONE', ( #349, #818, #1620, #1477 ) ) ;
#134 = AXIS2_PLACEMENT_3D ( 'NONE', #1723, #816, #1588 ) ;
#135 = CARTESIAN_POINT ( 'NONE',  ( 10.31110519750899712, -20.06691579705020345, -3.499999999999992895 ) ) ;
#136 = AXIS2_PLACEMENT_3D ( 'NONE', #1495, #1635, #244 ) ;
#137 = EDGE_CURVE ( 'NONE', #987, #639, #1121, .T. ) ;
#138 = DIRECTION ( 'NONE',  ( 0.000000000000000000, 0.000000000000000000, 1.000000000000000000 ) ) ;
#139 = ORIENTED_EDGE ( 'NONE', *, *, #178, .T. ) ;
#140 = DIRECTION ( 'NONE',  ( -0.6427876096865402511, 0.7660444431189772363, 0.000000000000000000 ) ) ;
#141 = ADVANCED_FACE ( 'NONE', ( #503 ), #815, .T. ) ;
#142 = CARTESIAN_POINT ( 'NONE',  ( 4.499513267805785866, -5.362311101832839988, 3.500000000000012434 ) ) ;
#143 = VECTOR ( 'NONE', #667, 1000.000000000000000 ) ;
#144 = DIRECTION ( 'NONE',  ( 0.000000000000000000, 0.000000000000000000, 1.000000000000000000 ) ) ;
#145 = FACE_BOUND ( 'NONE', #250, .T. ) ;
#146 = VECTOR ( 'NONE', #593, 1000.000000000000114 ) ;
#147 = AXIS2_PLACEMENT_3D ( 'NONE', #1535, #1408, #1996 ) ;
#148 = DIRECTION ( 'NONE',  ( -1.000000000000000000, 0.000000000000000000, 0.000000000000000000 ) ) ;
#149 = CONICAL_SURFACE ( 'NONE', #1409, 1.499999999999992673, 0.7853981633974482790 ) ;
#150 = PLANE ( 'NONE',  #776 ) ;
#151 = ORIENTED_EDGE ( 'NONE', *, *, #777, .T. ) ;
#152 = DIRECTION ( 'NONE',  ( -1.000000000000000000, 0.000000000000000000, 0.000000000000000000 ) ) ;
#153 = EDGE_CURVE ( 'NONE', #67, #1604, #765, .T. ) ;
#154 = DIRECTION ( 'NONE',  ( -0.000000000000000000, -0.000000000000000000, -1.000000000000000000 ) ) ;
#155 = CYLINDRICAL_SURFACE ( 'NONE', #861, 1.699999999999999956 ) ;
#156 = CARTESIAN_POINT ( 'NONE',  ( 10.69412741906849362, -19.74552199220692827, 4.000000000000000000 ) ) ;
#157 = CONICAL_SURFACE ( 'NONE', #1064, 1.999999999999999112, 0.7853981633974536081 ) ;
#158 = CIRCLE ( 'NONE', #453, 2.000000000000000000 ) ;
#159 = ORIENTED_EDGE ( 'NONE', *, *, #1668, .T. ) ;
#160 = CARTESIAN_POINT ( 'NONE',  ( -4.000000000000000000, 26.00000000000000355, 0.000000000000000000 ) ) ;
#161 = DIRECTION ( 'NONE',  ( -1.000000000000000000, -0.000000000000000000, -0.000000000000000000 ) ) ;
#162 = ORIENTED_EDGE ( 'NONE', *, *, #1958, .F. ) ;
#163 = CARTESIAN_POINT ( 'NONE',  ( 17.58852740713928497, -13.96043350502806923, -4.000000000000000000 ) ) ;
#164 = EDGE_CURVE ( 'NONE', #170, #72, #1722, .T. ) ;
#165 = DIRECTION ( 'NONE',  ( -1.000000000000000000, 0.000000000000000000, 0.000000000000000000 ) ) ;
#166 = DIRECTION ( 'NONE',  ( 0.000000000000000000, 0.000000000000000000, -1.000000000000000000 ) ) ;
#167 = VERTEX_POINT ( 'NONE', #41 ) ;
#168 = DIRECTION ( 'NONE',  ( -1.000000000000000000, 0.000000000000000000, 0.000000000000000000 ) ) ;
#169 = CARTESIAN_POINT ( 'NONE',  ( 3.499999999999992895, 30.00000000000000000, -2.000000000000000000 ) ) ;
#170 = VERTEX_POINT ( 'NONE', #32 ) ;
#171 = DIRECTION ( 'NONE',  ( -0.000000000000000000, -0.000000000000000000, -1.000000000000000000 ) ) ;
#172 = AXIS2_PLACEMENT_3D ( 'NONE', #33, #183, #1299 ) ;
#173 = CARTESIAN_POINT ( 'NONE',  ( 4.000000000000000000, 26.00000000000000355, 0.000000000000000000 ) ) ;
#174 = LINE ( 'NONE', #1597, #398 ) ;
#175 = VERTEX_POINT ( 'NONE', #795 ) ;
#176 = DIRECTION ( 'NONE',  ( 0.000000000000000000, 0.000000000000000000, -1.000000000000000000 ) ) ;
#177 = EDGE_CURVE ( 'NONE', #258, #1941, #52, .T. ) ;
#178 = EDGE_CURVE ( 'NONE', #675, #1573, #24, .T. ) ;
#179 = ORIENTED_EDGE ( 'NONE', *, *, #1656, .F. ) ;
#180 = CARTESIAN_POINT ( 'NONE',  ( 7.000000000000000000, 4.103515466723838934, -4.000000000000000000 ) ) ;
#181 = AXIS2_PLACEMENT_3D ( 'NONE', #528, #1286, #376 ) ;
#182 = CARTESIAN_POINT ( 'NONE',  ( 4.000000000000000000, 4.103515466723838934, 3.499999999999992895 ) ) ;
#183 = DIRECTION ( 'NONE',  ( 0.000000000000000000, 0.000000000000000000, 1.000000000000000000 ) ) ;
#184 = ORIENTED_EDGE ( 'NONE', *, *, #924, .F. ) ;
#185 = CARTESIAN_POINT ( 'NONE',  ( 9.641814145298111427, -11.49066664678465344, -4.000000000000000000 ) ) ;
#186 = VECTOR ( 'NONE', #1678, 1000.000000000000000 ) ;
#187 = APPLICATION_PROTOCOL_DEFINITION ( 'draft international standard', 'automotive_design', 1998, #1111 ) ;
#188 = ADVANCED_FACE ( 'NONE', ( #645 ), #762, .F. ) ;
#189 = VERTEX_POINT ( 'NONE', #522 ) ;
#190 = CARTESIAN_POINT ( 'NONE',  ( 0.7999999999999999334, 14.00000000000000178, 1.855339900708239230E-15 ) ) ;
#191 = ORIENTED_EDGE ( 'NONE', *, *, #709, .T. ) ;
#192 = DIRECTION ( 'NONE',  ( -1.000000000000000000, -0.000000000000000000, -0.000000000000000000 ) ) ;
#193 = LINE ( 'NONE', #1432, #1398 ) ;
#194 = ORIENTED_EDGE ( 'NONE', *, *, #760, .T. ) ;
#195 = CARTESIAN_POINT ( 'NONE',  ( -4.000000000000000000, 29.99999999999999645, 3.499999999999992895 ) ) ;
#196 = ORIENTED_EDGE ( 'NONE', *, *, #1233, .T. ) ;
#197 = LINE ( 'NONE', #1144, #1308 ) ;
#198 = EDGE_CURVE ( 'NONE', #6, #218, #663, .T. ) ;
#199 = ORIENTED_EDGE ( 'NONE', *, *, #575, .T. ) ;
#200 = VECTOR ( 'NONE', #341, 1000.000000000000000 ) ;
#201 = ADVANCED_FACE ( 'NONE', ( #1907 ), #1578, .F. ) ;
#202 = CIRCLE ( 'NONE', #916, 2.499999999999995115 ) ;
#203 = CARTESIAN_POINT ( 'NONE',  ( 8.109725259060157398, -12.77624186615773993, 3.500000000000012434 ) ) ;
#204 = CARTESIAN_POINT ( 'NONE',  ( 4.000000000000000000, 14.00000000000000178, 1.855339900708239230E-15 ) ) ;
#205 = ORIENTED_EDGE ( 'NONE', *, *, #1868, .T. ) ;
#206 = PLANE ( 'NONE',  #1948 ) ;
#207 = AXIS2_PLACEMENT_3D ( 'NONE', #640, #1875, #1384 ) ;
#208 = ORIENTED_EDGE ( 'NONE', *, *, #1339, .F. ) ;
#209 = PLANE ( 'NONE',  #1023 ) ;
#210 = EDGE_LOOP ( 'NONE', ( #1983, #405, #1063, #1757 ) ) ;
#211 = AXIS2_PLACEMENT_3D ( 'NONE', #1040, #1984, #1838 ) ;
#212 = EDGE_CURVE ( 'NONE', #680, #1241, #512, .T. ) ;
#213 = DIRECTION ( 'NONE',  ( -1.000000000000000000, 8.673617379884035472E-16, 0.000000000000000000 ) ) ;
#214 = CARTESIAN_POINT ( 'NONE',  ( 2.584402160008344218, -6.969280126049189228, 4.000000000000000000 ) ) ;
#215 = ORIENTED_EDGE ( 'NONE', *, *, #601, .T. ) ;
#216 = FACE_OUTER_BOUND ( 'NONE', #1745, .T. ) ;
#217 = DIRECTION ( 'NONE',  ( 0.5416752204197007314, 0.4545194776720429264, 0.7071067811865487940 ) ) ;
#218 = VERTEX_POINT ( 'NONE', #1117 ) ;
#219 = CARTESIAN_POINT ( 'NONE',  ( 0.7999999999999986011, 14.00000000000000178, 1.855339900708239230E-15 ) ) ;
#220 = VECTOR ( 'NONE', #154, 1000.000000000000000 ) ;
#221 = ORIENTED_EDGE ( 'NONE', *, *, #825, .F. ) ;
#222 = CARTESIAN_POINT ( 'NONE',  ( 12.22621630530645653, -18.45994677283383822, -4.000000000000000000 ) ) ;
#223 = EDGE_CURVE ( 'NONE', #1360, #170, #1587, .T. ) ;
#224 = EDGE_LOOP ( 'NONE', ( #194, #1713, #655, #139 ) ) ;
#225 = CARTESIAN_POINT ( 'NONE',  ( 3.499999999999992895, 32.00000000000000000, 4.000000000000000000 ) ) ;
#226 = ORIENTED_EDGE ( 'NONE', *, *, #223, .T. ) ;
#227 = DIRECTION ( 'NONE',  ( 0.000000000000000000, 0.000000000000000000, -1.000000000000000000 ) ) ;
#228 = DIRECTION ( 'NONE',  ( 1.000000000000000000, -0.000000000000000000, -0.000000000000000000 ) ) ;
#229 = EDGE_LOOP ( 'NONE', ( #551, #938, #1336, #425 ) ) ;
#230 = CARTESIAN_POINT ( 'NONE',  ( 16.64132741310388397, -16.85297774861749431, -4.000000000000000000 ) ) ;
#231 = ORIENTED_EDGE ( 'NONE', *, *, #1580, .T. ) ;
#232 = LINE ( 'NONE', #1790, #1401 ) ;
#233 = EDGE_LOOP ( 'NONE', ( #1534, #1921 ) ) ;
#234 = EDGE_CURVE ( 'NONE', #238, #1833, #1128, .T. ) ;
#235 = EDGE_CURVE ( 'NONE', #1782, #1449, #1289, .T. ) ;
#236 = CYLINDRICAL_SURFACE ( 'NONE', #1250, 3.000000000000000000 ) ;
#237 = CARTESIAN_POINT ( 'NONE',  ( 14.14132741310388930, -16.85297774861749431, 3.499999999999996447 ) ) ;
#238 = VERTEX_POINT ( 'NONE', #1644 ) ;
#239 = VECTOR ( 'NONE', #192, 1000.000000000000000 ) ;
#240 = AXIS2_PLACEMENT_3D ( 'NONE', #1375, #1709, #953 ) ;
#241 = LINE ( 'NONE', #995, #853 ) ;
#242 = VECTOR ( 'NONE', #290, 1000.000000000000000 ) ;
#243 = AXIS2_PLACEMENT_3D ( 'NONE', #1667, #61, #96 ) ;
#244 = DIRECTION ( 'NONE',  ( 0.000000000000000000, 0.000000000000000000, -1.000000000000000000 ) ) ;
#245 = AXIS2_PLACEMENT_3D ( 'NONE', #676, #1773, #1911 ) ;
#246 = ORIENTED_EDGE ( 'NONE', *, *, #1070, .F. ) ;
#247 = CARTESIAN_POINT ( 'NONE',  ( 0.9999999999999991118, -1.191753592594206657, 4.000000000000000000 ) ) ;
#248 = ADVANCED_FACE ( 'NONE', ( #717 ), #252, .F. ) ;
#249 = FACE_OUTER_BOUND ( 'NONE', #1869, .T. ) ;
#250 = EDGE_LOOP ( 'NONE', ( #2006, #842 ) ) ;
#251 = AXIS2_PLACEMENT_3D ( 'NONE', #237, #1356, #1183 ) ;
#252 = PLANE ( 'NONE',  #1476 ) ;
#253 = AXIS2_PLACEMENT_3D ( 'NONE', #863, #1315, #1482 ) ;
#254 = CARTESIAN_POINT ( 'NONE',  ( 3.499999999999992895, 4.103515466723838934, -4.000000000000000000 ) ) ;
#255 = VECTOR ( 'NONE', #1173, 1000.000000000000114 ) ;
#256 = ORIENTED_EDGE ( 'NONE', *, *, #484, .F. ) ;
#257 = DIRECTION ( 'NONE',  ( -0.000000000000000000, -0.000000000000000000, -1.000000000000000000 ) ) ;
#258 = VERTEX_POINT ( 'NONE', #1332 ) ;
#259 = DIRECTION ( 'NONE',  ( 0.000000000000000000, -1.000000000000000000, 0.000000000000000000 ) ) ;
#260 = ORIENTED_EDGE ( 'NONE', *, *, #1073, .F. ) ;
#261 = CARTESIAN_POINT ( 'NONE',  ( 9.641814145298111427, -11.49066664678465344, 3.500000000000012434 ) ) ;
#262 = EDGE_CURVE ( 'NONE', #1969, #103, #1153, .T. ) ;
#263 = CIRCLE ( 'NONE', #429, 5.000000000000004441 ) ;
#264 = EDGE_CURVE ( 'NONE', #987, #285, #568, .T. ) ;
#265 = CARTESIAN_POINT ( 'NONE',  ( 14.14132741310388930, -16.85297774861749431, 4.000000000000000000 ) ) ;
#266 = EDGE_LOOP ( 'NONE', ( #643, #755, #917, #1184 ) ) ;
#267 = CARTESIAN_POINT ( 'NONE',  ( 14.14132741310388930, -16.85297774861749431, 4.000000000000000000 ) ) ;
#268 = VECTOR ( 'NONE', #664, 1000.000000000000000 ) ;
#269 = VECTOR ( 'NONE', #1337, 1000.000000000000114 ) ;
#270 = ORIENTED_EDGE ( 'NONE', *, *, #1829, .F. ) ;
#271 = DIRECTION ( 'NONE',  ( 0.000000000000000000, 0.000000000000000000, -1.000000000000000000 ) ) ;
#272 = FACE_OUTER_BOUND ( 'NONE', #1736, .T. ) ;
#273 = VERTEX_POINT ( 'NONE', #1975 ) ;
#274 = CARTESIAN_POINT ( 'NONE',  ( 4.000000000000000000, 30.00000000000000000, -3.499999999999992895 ) ) ;
#275 = AXIS2_PLACEMENT_3D ( 'NONE', #1619, #1414, #830 ) ;
#276 = CARTESIAN_POINT ( 'NONE',  ( 4.000000000000000000, 4.103515466723838934, 3.499999999999992895 ) ) ;
#277 = ADVANCED_FACE ( 'NONE', ( #836 ), #729, .F. ) ;
#278 = CARTESIAN_POINT ( 'NONE',  ( -4.000000000000000000, 29.99999999999999645, 3.499999999999992895 ) ) ;
#279 = AXIS2_PLACEMENT_3D ( 'NONE', #1964, #1952, #438 ) ;
#280 = DIRECTION ( 'NONE',  ( 1.000000000000000000, 0.000000000000000000, 0.000000000000000000 ) ) ;
#281 = VECTOR ( 'NONE', #313, 1000.000000000000000 ) ;
#282 = ORIENTED_EDGE ( 'NONE', *, *, #1605, .F. ) ;
#283 = CARTESIAN_POINT ( 'NONE',  ( 11.17390303153606190, -10.20509142741157405, -3.500000000000006661 ) ) ;
#284 = DIRECTION ( 'NONE',  ( -0.6427876096865402511, 0.7660444431189772363, 0.000000000000000000 ) ) ;
#285 = VERTEX_POINT ( 'NONE', #1453 ) ;
#286 = CARTESIAN_POINT ( 'NONE',  ( 11.17390303153606190, -10.20509142741157405, 3.500000000000012434 ) ) ;
#287 = DIRECTION ( 'NONE',  ( -0.000000000000000000, -0.000000000000000000, -1.000000000000000000 ) ) ;
#288 = CIRCLE ( 'NONE', #452, 5.000000000000000000 ) ;
#289 = VECTOR ( 'NONE', #1395, 1000.000000000000000 ) ;
#290 = DIRECTION ( 'NONE',  ( 0.000000000000000000, 1.000000000000000000, 0.000000000000000000 ) ) ;
#291 = CARTESIAN_POINT ( 'NONE',  ( -4.000000000000000000, 31.49999999999998579, 2.000000000000000000 ) ) ;
#292 = EDGE_CURVE ( 'NONE', #1317, #527, #591, .T. ) ;
#293 = ORIENTED_EDGE ( 'NONE', *, *, #881, .F. ) ;
#294 = DIRECTION ( 'NONE',  ( -0.5416752204197018417, -0.4545194776720442587, 0.7071067811865470176 ) ) ;
#295 = DIRECTION ( 'NONE',  ( -1.000000000000000000, 0.000000000000000000, 0.000000000000000000 ) ) ;
#296 = ORIENTED_EDGE ( 'NONE', *, *, #322, .F. ) ;
#297 = LINE ( 'NONE', #944, #797 ) ;
#298 = CARTESIAN_POINT ( 'NONE',  ( 8.109725259060157398, -12.77624186615773993, 4.000000000000000000 ) ) ;
#299 = ORIENTED_EDGE ( 'NONE', *, *, #97, .F. ) ;
#300 = VECTOR ( 'NONE', #665, 999.9999999999998863 ) ;
#301 = LINE ( 'NONE', #939, #1142 ) ;
#302 = ORIENTED_EDGE ( 'NONE', *, *, #306, .T. ) ;
#303 = VECTOR ( 'NONE', #904, 1000.000000000000114 ) ;
#304 = DIRECTION ( 'NONE',  ( -0.5416752204197017306, -0.4545194776720453134, 0.7071067811865466846 ) ) ;
#305 = AXIS2_PLACEMENT_3D ( 'NONE', #1485, #1947, #561 ) ;
#306 = EDGE_CURVE ( 'NONE', #1439, #1500, #1835, .T. ) ;
#307 = CARTESIAN_POINT ( 'NONE',  ( 0.7999999999999999334, 26.00000000000000355, -1.899999999999999467 ) ) ;
#308 = ADVANCED_FACE ( 'NONE', ( #531 ), #891, .T. ) ;
#309 = ORIENTED_EDGE ( 'NONE', *, *, #746, .F. ) ;
#310 = DIRECTION ( 'NONE',  ( -0.000000000000000000, -0.000000000000000000, -1.000000000000000000 ) ) ;
#311 = DIRECTION ( 'NONE',  ( 1.000000000000000000, 0.000000000000000000, 0.000000000000000000 ) ) ;
#312 = STYLED_ITEM ( 'NONE', ( #714 ), #732 ) ;
#313 = DIRECTION ( 'NONE',  ( 1.000000000000000000, -0.000000000000000000, -0.000000000000000000 ) ) ;
#314 = DIRECTION ( 'NONE',  ( 1.000000000000000000, -0.000000000000000000, -0.000000000000000000 ) ) ;
#315 = AXIS2_PLACEMENT_3D ( 'NONE', #622, #1388, #152 ) ;
#316 = ORIENTED_EDGE ( 'NONE', *, *, #1626, .F. ) ;
#317 = CARTESIAN_POINT ( 'NONE',  ( -4.000000000000000000, 31.49999999999999289, -2.000000000000000000 ) ) ;
#318 = MECHANICAL_DESIGN_GEOMETRIC_PRESENTATION_REPRESENTATION (  '', ( #312 ), #1959 ) ;
#319 = DIRECTION ( 'NONE',  ( 0.5416752204197005094, 0.4545194776720435925, -0.7071067811865486830 ) ) ;
#320 = EDGE_LOOP ( 'NONE', ( #434, #1624, #1979, #874 ) ) ;
#321 = DIRECTION ( 'NONE',  ( 0.000000000000000000, 0.000000000000000000, -1.000000000000000000 ) ) ;
#322 = EDGE_CURVE ( 'NONE', #1618, #356, #956, .T. ) ;
#323 = FACE_BOUND ( 'NONE', #124, .T. ) ;
#324 = DIRECTION ( 'NONE',  ( -1.000000000000000000, 0.000000000000000000, 0.000000000000000000 ) ) ;
#325 = CIRCLE ( 'NONE', #901, 1.899999999999999467 ) ;
#326 = EDGE_LOOP ( 'NONE', ( #798, #1821, #246, #1447 ) ) ;
#327 = DIRECTION ( 'NONE',  ( -1.000000000000000000, 0.000000000000000000, 0.000000000000000000 ) ) ;
#328 = DIRECTION ( 'NONE',  ( -0.000000000000000000, -0.000000000000000000, -1.000000000000000000 ) ) ;
#329 = ORIENTED_EDGE ( 'NONE', *, *, #1778, .F. ) ;
#330 = CARTESIAN_POINT ( 'NONE',  ( 2.967424381567829172, -6.647886321205922044, 4.000000000000000000 ) ) ;
#331 = EDGE_CURVE ( 'NONE', #1365, #574, #1090, .T. ) ;
#332 = ADVANCED_FACE ( 'NONE', ( #119 ), #1501, .T. ) ;
#333 = DIRECTION ( 'NONE',  ( -0.7071067811865475727, 0.000000000000000000, -0.7071067811865475727 ) ) ;
#334 = DIRECTION ( 'NONE',  ( 0.000000000000000000, 1.000000000000000000, 0.000000000000000000 ) ) ;
#335 = ORIENTED_EDGE ( 'NONE', *, *, #66, .T. ) ;
#336 = LINE ( 'NONE', #781, #535 ) ;
#337 = VERTEX_POINT ( 'NONE', #450 ) ;
#338 = DIRECTION ( 'NONE',  ( -0.000000000000000000, -0.000000000000000000, -1.000000000000000000 ) ) ;
#339 = CIRCLE ( 'NONE', #789, 4.499999999999997335 ) ;
#340 = DIRECTION ( 'NONE',  ( -0.000000000000000000, -0.000000000000000000, -1.000000000000000000 ) ) ;
#341 = DIRECTION ( 'NONE',  ( -1.000000000000000000, -0.000000000000000000, -0.000000000000000000 ) ) ;
#342 = EDGE_CURVE ( 'NONE', #1955, #218, #1052, .T. ) ;
#343 = ORIENTED_EDGE ( 'NONE', *, *, #1404, .F. ) ;
#344 = CARTESIAN_POINT ( 'NONE',  ( 4.000000000000000000, 31.49999999999999289, -2.000000000000000000 ) ) ;
#345 = APPLICATION_PROTOCOL_DEFINITION ( 'draft international standard', 'automotive_design', 1998, #71 ) ;
#346 = ORIENTED_EDGE ( 'NONE', *, *, #1855, .T. ) ;
#347 = DIRECTION ( 'NONE',  ( 0.000000000000000000, 0.000000000000000000, -1.000000000000000000 ) ) ;
#348 = AXIS2_PLACEMENT_3D ( 'NONE', #1872, #1260, #165 ) ;
#349 = ORIENTED_EDGE ( 'NONE', *, *, #601, .F. ) ;
#350 = DIRECTION ( 'NONE',  ( 0.6427876096865402511, -0.7660444431189772363, 0.000000000000000000 ) ) ;
#351 = CARTESIAN_POINT ( 'NONE',  ( 10.31110519750900245, -20.06691579705020345, 4.000000000000000000 ) ) ;
#352 = ORIENTED_EDGE ( 'NONE', *, *, #468, .T. ) ;
#353 = EDGE_CURVE ( 'NONE', #607, #1135, #107, .T. ) ;
#354 = FACE_BOUND ( 'NONE', #896, .T. ) ;
#355 = VECTOR ( 'NONE', #710, 1000.000000000000114 ) ;
#356 = VERTEX_POINT ( 'NONE', #1916 ) ;
#357 = EDGE_CURVE ( 'NONE', #721, #175, #581, .T. ) ;
#358 = AXIS2_PLACEMENT_3D ( 'NONE', #757, #609, #138 ) ;
#359 = DIRECTION ( 'NONE',  ( -1.000000000000000000, 0.000000000000000000, 0.000000000000000000 ) ) ;
#360 = ORIENTED_EDGE ( 'NONE', *, *, #1043, .T. ) ;
#361 = DIRECTION ( 'NONE',  ( 0.000000000000000000, 0.000000000000000000, 1.000000000000000000 ) ) ;
#362 = DIRECTION ( 'NONE',  ( -0.000000000000000000, 0.000000000000000000, -1.000000000000000000 ) ) ;
#363 = ORIENTED_EDGE ( 'NONE', *, *, #1099, .T. ) ;
#364 = CARTESIAN_POINT ( 'NONE',  ( 14.14132741310388930, -16.85297774861749431, -3.500000000000003109 ) ) ;
#365 = VERTEX_POINT ( 'NONE', #900 ) ;
#366 = DIRECTION ( 'NONE',  ( -0.5416752204197018417, -0.4545194776720442587, 0.7071067811865470176 ) ) ;
#367 = EDGE_CURVE ( 'NONE', #607, #1300, #1800, .T. ) ;
#368 = VERTEX_POINT ( 'NONE', #129 ) ;
#369 = AXIS2_PLACEMENT_3D ( 'NONE', #112, #1159, #409 ) ;
#370 = CARTESIAN_POINT ( 'NONE',  ( 3.499999999999992895, -16.85297774861749431, 4.000000000000000000 ) ) ;
#371 = CARTESIAN_POINT ( 'NONE',  ( 0.7999999999999999334, 26.00000000000000355, 1.899999999999999467 ) ) ;
#372 = ORIENTED_EDGE ( 'NONE', *, *, #1208, .T. ) ;
#373 = LINE ( 'NONE', #1273, #1050 ) ;
#374 = CIRCLE ( 'NONE', #888, 2.499999999999993339 ) ;
#375 = ORIENTED_EDGE ( 'NONE', *, *, #1923, .F. ) ;
#376 = DIRECTION ( 'NONE',  ( 0.000000000000000000, 0.000000000000000000, 1.000000000000000000 ) ) ;
#377 = AXIS2_PLACEMENT_3D ( 'NONE', #1726, #338, #1848 ) ;
#378 = EDGE_CURVE ( 'NONE', #1506, #1909, #1410, .T. ) ;
#379 = CARTESIAN_POINT ( 'NONE',  ( 2.499513267805785866, -5.362311101832839988, 4.000000000000000000 ) ) ;
#380 = CARTESIAN_POINT ( 'NONE',  ( 4.000000000000000000, 32.00000000000000000, 3.499999999999992895 ) ) ;
#381 = ORIENTED_EDGE ( 'NONE', *, *, #588, .F. ) ;
#382 = CARTESIAN_POINT ( 'NONE',  ( 16.64132741310388397, -16.85297774861749431, -4.000000000000000000 ) ) ;
#383 = ORIENTED_EDGE ( 'NONE', *, *, #881, .T. ) ;
#384 = CARTESIAN_POINT ( 'NONE',  ( 3.499999999999992895, 29.99999999999999645, 4.000000000000000000 ) ) ;
#385 = CIRCLE ( 'NONE', #1191, 1.899999999999999467 ) ;
#386 = LINE ( 'NONE', #706, #1683 ) ;
#387 =( GEOMETRIC_REPRESENTATION_CONTEXT ( 3 ) GLOBAL_UNCERTAINTY_ASSIGNED_CONTEXT ( ( #886 ) ) GLOBAL_UNIT_ASSIGNED_CONTEXT ( ( #518, #1264, #1124 ) ) REPRESENTATION_CONTEXT ( 'NONE', 'WORKASPACE' ) );
#388 = EDGE_LOOP ( 'NONE', ( #599, #1189 ) ) ;
#389 = CARTESIAN_POINT ( 'NONE',  ( 17.58852740713928497, -13.96043350502806923, 4.000000000000000000 ) ) ;
#390 = EDGE_CURVE ( 'NONE', #1528, #1360, #1769, .T. ) ;
#391 = EDGE_CURVE ( 'NONE', #783, #482, #30, .T. ) ;
#392 = ORIENTED_EDGE ( 'NONE', *, *, #306, .F. ) ;
#393 = CARTESIAN_POINT ( 'NONE',  ( 4.000000000000000000, 14.00000000000000178, 1.855339900708239230E-15 ) ) ;
#394 = ORIENTED_EDGE ( 'NONE', *, *, #264, .T. ) ;
#395 = FILL_AREA_STYLE ('',( #877 ) ) ;
#396 = DIRECTION ( 'NONE',  ( -0.000000000000000000, -0.000000000000000000, -1.000000000000000000 ) ) ;
#397 = ORIENTED_EDGE ( 'NONE', *, *, #1626, .T. ) ;
#398 = VECTOR ( 'NONE', #53, 999.9999999999998863 ) ;
#399 = FACE_OUTER_BOUND ( 'NONE', #128, .T. ) ;
#400 = EDGE_LOOP ( 'NONE', ( #967, #472, #403, #82 ) ) ;
#401 = DIRECTION ( 'NONE',  ( -0.000000000000000000, -0.000000000000000000, -1.000000000000000000 ) ) ;
#402 = ADVANCED_FACE ( 'NONE', ( #1858 ), #2007, .F. ) ;
#403 = ORIENTED_EDGE ( 'NONE', *, *, #1147, .F. ) ;
#404 = CARTESIAN_POINT ( 'NONE',  ( 9.641814145298111427, -11.49066664678465344, -3.500000000000006661 ) ) ;
#405 = ORIENTED_EDGE ( 'NONE', *, *, #1099, .F. ) ;
#406 = CARTESIAN_POINT ( 'NONE',  ( 9.641814145298111427, -11.49066664678465344, 3.500000000000012434 ) ) ;
#407 = CIRCLE ( 'NONE', #1338, 2.500000000000009326 ) ;
#408 = ORIENTED_EDGE ( 'NONE', *, *, #1258, .F. ) ;
#409 = DIRECTION ( 'NONE',  ( -1.000000000000000000, 0.000000000000000000, 0.000000000000000000 ) ) ;
#410 = EDGE_CURVE ( 'NONE', #548, #1449, #1871, .T. ) ;
#411 = ORIENTED_EDGE ( 'NONE', *, *, #642, .T. ) ;
#412 = DIRECTION ( 'NONE',  ( 1.000000000000000000, 0.000000000000000000, 0.000000000000000000 ) ) ;
#413 = ADVANCED_FACE ( 'NONE', ( #1688 ), #1098, .F. ) ;
#414 = CARTESIAN_POINT ( 'NONE',  ( 19.14132741310389463, 26.00000000000000355, 0.000000000000000000 ) ) ;
#415 = ORIENTED_EDGE ( 'NONE', *, *, #262, .F. ) ;
#416 = VECTOR ( 'NONE', #719, 1000.000000000000114 ) ;
#417 = CARTESIAN_POINT ( 'NONE',  ( 0.7999999999999999334, 14.00000000000000178, 1.855339900708239230E-15 ) ) ;
#418 = LINE ( 'NONE', #1200, #613 ) ;
#419 = ORIENTED_EDGE ( 'NONE', *, *, #614, .F. ) ;
#420 = CARTESIAN_POINT ( 'NONE',  ( 2.584402160008344218, -6.969280126049189228, 4.000000000000000000 ) ) ;
#421 = ORIENTED_EDGE ( 'NONE', *, *, #1468, .F. ) ;
#422 = PRODUCT_DEFINITION_CONTEXT ( 'detailed design', #71, 'design' ) ;
#423 = SURFACE_SIDE_STYLE ('',( #1663 ) ) ;
#424 = DIRECTION ( 'NONE',  ( 0.5416752204197033960, 0.4545194776720477003, -0.7071067811865439090 ) ) ;
#425 = ORIENTED_EDGE ( 'NONE', *, *, #178, .F. ) ;
#426 = DIRECTION ( 'NONE',  ( 0.000000000000000000, -1.000000000000000000, 0.000000000000000000 ) ) ;
#427 = ADVANCED_FACE ( 'NONE', ( #1065 ), #1698, .T. ) ;
#428 = EDGE_CURVE ( 'NONE', #1449, #548, #1898, .T. ) ;
#429 = AXIS2_PLACEMENT_3D ( 'NONE', #1883, #1436, #683 ) ;
#430 = DIRECTION ( 'NONE',  ( 0.000000000000000000, 0.000000000000000000, 1.000000000000000000 ) ) ;
#431 = ORIENTED_EDGE ( 'NONE', *, *, #410, .F. ) ;
#432 = DIRECTION ( 'NONE',  ( -1.000000000000000000, 0.000000000000000000, 0.000000000000000000 ) ) ;
#433 = AXIS2_PLACEMENT_3D ( 'NONE', #1891, #1421, #1102 ) ;
#434 = ORIENTED_EDGE ( 'NONE', *, *, #353, .F. ) ;
#435 = LINE ( 'NONE', #1048, #1345 ) ;
#436 = FACE_OUTER_BOUND ( 'NONE', #400, .T. ) ;
#437 = ORIENTED_EDGE ( 'NONE', *, *, #391, .F. ) ;
#438 = DIRECTION ( 'NONE',  ( -1.000000000000000000, 0.000000000000000000, 0.000000000000000000 ) ) ;
#439 = EDGE_CURVE ( 'NONE', #1300, #1002, #1885, .T. ) ;
#440 = DIRECTION ( 'NONE',  ( -0.000000000000000000, -0.000000000000000000, -1.000000000000000000 ) ) ;
#441 = CARTESIAN_POINT ( 'NONE',  ( 14.14132741310388930, -16.85297774861749431, -4.000000000000000000 ) ) ;
#442 = AXIS2_PLACEMENT_3D ( 'NONE', #1987, #1221, #1381 ) ;
#443 = VECTOR ( 'NONE', #1310, 1000.000000000000000 ) ;
#444 = DIRECTION ( 'NONE',  ( 0.000000000000000000, 0.000000000000000000, -1.000000000000000000 ) ) ;
#445 = ORIENTED_EDGE ( 'NONE', *, *, #1073, .T. ) ;
#446 = FACE_OUTER_BOUND ( 'NONE', #1103, .T. ) ;
#447 = ADVANCED_BREP_SHAPE_REPRESENTATION ( 'LQ26-05HGI-01-004', ( #732, #966 ), #387 ) ;
#448 = LINE ( 'NONE', #459, #2004 ) ;
#449 = ORIENTED_EDGE ( 'NONE', *, *, #1070, .T. ) ;
#450 = CARTESIAN_POINT ( 'NONE',  ( -3.499999999999992895, -1.191753592594206657, -4.000000000000000000 ) ) ;
#451 = CARTESIAN_POINT ( 'NONE',  ( 11.17390303153606190, -10.20509142741157405, 3.500000000000012434 ) ) ;
#452 = AXIS2_PLACEMENT_3D ( 'NONE', #1976, #603, #1359 ) ;
#453 = AXIS2_PLACEMENT_3D ( 'NONE', #169, #295, #1556 ) ;
#454 = CARTESIAN_POINT ( 'NONE',  ( 12.14132741310389108, -16.85297774861749431, 3.499999999999996447 ) ) ;
#455 = CARTESIAN_POINT ( 'NONE',  ( 17.58852740713928497, -13.96043350502806923, 4.000000000000000000 ) ) ;
#456 = ADVANCED_FACE ( 'NONE', ( #473 ), #989, .F. ) ;
#457 = ADVANCED_FACE ( 'NONE', ( #910 ), #1266, .T. ) ;
#458 = DIRECTION ( 'NONE',  ( 0.6427876096865408062, -0.7660444431189769032, 0.000000000000000000 ) ) ;
#459 = CARTESIAN_POINT ( 'NONE',  ( -2.447199994035397452, -4.084297836183630181, -4.000000000000000000 ) ) ;
#460 = ORIENTED_EDGE ( 'NONE', *, *, #1043, .F. ) ;
#461 = CARTESIAN_POINT ( 'NONE',  ( 9.641814145298111427, -11.49066664678465344, 3.500000000000012434 ) ) ;
#462 = PRODUCT_DEFINITION_SHAPE ( 'NONE', 'NONE',  #1593 ) ;
#463 = FACE_OUTER_BOUND ( 'NONE', #1684, .T. ) ;
#464 = ORIENTED_EDGE ( 'NONE', *, *, #1657, .T. ) ;
#465 = DIRECTION ( 'NONE',  ( 0.000000000000000000, 0.000000000000000000, -1.000000000000000000 ) ) ;
#466 = ORIENTED_EDGE ( 'NONE', *, *, #5, .F. ) ;
#467 = CIRCLE ( 'NONE', #433, 2.499999999999995115 ) ;
#468 = EDGE_CURVE ( 'NONE', #846, #238, #297, .T. ) ;
#469 = LINE ( 'NONE', #1685, #1787 ) ;
#470 = CIRCLE ( 'NONE', #1435, 1.499999999999994449 ) ;
#471 = CARTESIAN_POINT ( 'NONE',  ( -4.000000000000000000, 30.00000000000000000, -3.499999999999992895 ) ) ;
#472 = ORIENTED_EDGE ( 'NONE', *, *, #746, .T. ) ;
#473 = FACE_OUTER_BOUND ( 'NONE', #1312, .T. ) ;
#474 = CIRCLE ( 'NONE', #725, 3.000000000000000000 ) ;
#475 = CARTESIAN_POINT ( 'NONE',  ( 0.7999999999999999334, 14.00000000000000178, 1.900000000000001910 ) ) ;
#476 = CARTESIAN_POINT ( 'NONE',  ( 10.31110519750899890, -20.06691579705020700, -3.499999999999992895 ) ) ;
#477 = CIRCLE ( 'NONE', #1927, 2.000000000000000000 ) ;
#478 = ORIENTED_EDGE ( 'NONE', *, *, #1156, .T. ) ;
#479 = DIRECTION ( 'NONE',  ( -1.000000000000000000, 0.000000000000000000, 0.000000000000000000 ) ) ;
#480 = CONICAL_SURFACE ( 'NONE', #1608, 4.499999999999997335, 0.7853981633974482790 ) ;
#481 = CARTESIAN_POINT ( 'NONE',  ( 16.14132741310388752, -16.85297774861749431, 3.499999999999996447 ) ) ;
#482 = VERTEX_POINT ( 'NONE', #163 ) ;
#483 = CARTESIAN_POINT ( 'NONE',  ( 17.58852740713928497, -13.96043350502806923, -4.000000000000000000 ) ) ;
#484 = EDGE_CURVE ( 'NONE', #285, #1467, #784, .T. ) ;
#485 = CARTESIAN_POINT ( 'NONE',  ( 3.499999999999992895, 30.00000000000000000, -4.000000000000000000 ) ) ;
#486 = CARTESIAN_POINT ( 'NONE',  ( 6.031602154043737229, -4.076735882459757043, -3.500000000000006661 ) ) ;
#487 = CONICAL_SURFACE ( 'NONE', #251, 1.999999999999998224, 0.7853981633974482790 ) ;
#488 = AXIS2_PLACEMENT_3D ( 'NONE', #1696, #328, #898 ) ;
#489 = EDGE_LOOP ( 'NONE', ( #411, #1794, #215, #921, #372, #982, #1036, #1974, #1340 ) ) ;
#490 = CARTESIAN_POINT ( 'NONE',  ( 7.000000000000000000, 4.103515466723838934, 3.499999999999992895 ) ) ;
#491 = CARTESIAN_POINT ( 'NONE',  ( 0.000000000000000000, 0.000000000000000000, 0.000000000000000000 ) ) ;
#492 = ORIENTED_EDGE ( 'NONE', *, *, #1840, .T. ) ;
#493 = CARTESIAN_POINT ( 'NONE',  ( 11.64132741310389463, -16.85297774861749431, -4.000000000000000000 ) ) ;
#494 = ADVANCED_FACE ( 'NONE', ( #1546 ), #634, .T. ) ;
#495 = CARTESIAN_POINT ( 'NONE',  ( 7.000000000000000000, 4.103515466723838934, 4.000000000000000000 ) ) ;
#496 = DIRECTION ( 'NONE',  ( -0.000000000000000000, -0.000000000000000000, -1.000000000000000000 ) ) ;
#497 = ORIENTED_EDGE ( 'NONE', *, *, #86, .T. ) ;
#498 = DIRECTION ( 'NONE',  ( 0.000000000000000000, 0.000000000000000000, 1.000000000000000000 ) ) ;
#499 = ORIENTED_EDGE ( 'NONE', *, *, #5, .T. ) ;
#500 = FACE_OUTER_BOUND ( 'NONE', #590, .T. ) ;
#501 = AXIS2_PLACEMENT_3D ( 'NONE', #1901, #1730, #513 ) ;
#502 = ADVANCED_FACE ( 'NONE', ( #611 ), #1397, .F. ) ;
#503 = FACE_OUTER_BOUND ( 'NONE', #1274, .T. ) ;
#504 = FACE_OUTER_BOUND ( 'NONE', #1692, .T. ) ;
#505 = EDGE_CURVE ( 'NONE', #527, #992, #926, .T. ) ;
#506 = ORIENTED_EDGE ( 'NONE', *, *, #602, .F. ) ;
#507 = FACE_OUTER_BOUND ( 'NONE', #738, .T. ) ;
#508 = CLOSED_SHELL ( 'NONE', ( #1743, #1427, #1706, #1379, #1879, #54, #686, #1504, #1442, #774, #1029, #945, #1816, #85, #1852, #983, #1391, #17, #1232, #652, #1805, #248, #1004, #576, #1913, #1641, #502, #1924, #517, #494, #457, #626, #708, #662, #1693, #1753, #188, #1324, #958, #1768, #277, #748, #1492, #308, #141, #1682, #201, #113, #856, #1302, #1107, #734, #1179, #1910, #332, #1572, #456, #402, #427, #1196, #1042, #1314, #872, #562, #1352, #1415, #799, #1192, #641, #413 ) ) ;
#509 = VERTEX_POINT ( 'NONE', #1228 ) ;
#510 = DIRECTION ( 'NONE',  ( 0.000000000000000000, 0.000000000000000000, -1.000000000000000000 ) ) ;
#511 = AXIS2_PLACEMENT_3D ( 'NONE', #850, #1469, #554 ) ;
#512 = LINE ( 'NONE', #1890, #569 ) ;
#513 = DIRECTION ( 'NONE',  ( 1.000000000000000000, 0.000000000000000000, 0.000000000000000000 ) ) ;
#514 = CIRCLE ( 'NONE', #1288, 1.999999999999998224 ) ;
#515 = EDGE_LOOP ( 'NONE', ( #1915, #524, #768, #1613, #1371, #205, #464, #1687 ) ) ;
#516 = DIRECTION ( 'NONE',  ( -1.000000000000000000, 0.000000000000000000, 0.000000000000000000 ) ) ;
#517 = ADVANCED_FACE ( 'NONE', ( #1249 ), #1257, .F. ) ;
#518 =( LENGTH_UNIT ( ) NAMED_UNIT ( * ) SI_UNIT ( .MILLI., .METRE. ) );
#519 = ORIENTED_EDGE ( 'NONE', *, *, #1744, .F. ) ;
#520 = AXIS2_PLACEMENT_3D ( 'NONE', #1038, #1795, #1021 ) ;
#521 = LINE ( 'NONE', #1914, #443 ) ;
#522 = CARTESIAN_POINT ( 'NONE',  ( -3.499999999999992895, 30.00000000000000000, -4.000000000000000000 ) ) ;
#523 = DIRECTION ( 'NONE',  ( 0.000000000000000000, 0.000000000000000000, -1.000000000000000000 ) ) ;
#524 = ORIENTED_EDGE ( 'NONE', *, *, #1617, .T. ) ;
#525 = DIRECTION ( 'NONE',  ( -1.000000000000000000, 6.938893903907251057E-16, 0.000000000000000000 ) ) ;
#526 = EDGE_CURVE ( 'NONE', #1500, #1661, #477, .T. ) ;
#527 = VERTEX_POINT ( 'NONE', #76 ) ;
#528 = CARTESIAN_POINT ( 'NONE',  ( 3.499999999999992895, 29.99999999999999645, 2.000000000000000000 ) ) ;
#529 = VECTOR ( 'NONE', #570, 1000.000000000000000 ) ;
#530 = CIRCLE ( 'NONE', #305, 2.499999999999992006 ) ;
#531 = FACE_OUTER_BOUND ( 'NONE', #1814, .T. ) ;
#532 = CARTESIAN_POINT ( 'NONE',  ( -2.830222215594889512, -4.405691641026908023, 3.499999999999992895 ) ) ;
#533 = EDGE_LOOP ( 'NONE', ( #1131, #716, #1937, #1031 ) ) ;
#534 = DIRECTION ( 'NONE',  ( -0.6427876096865406952, 0.7660444431189767922, 0.000000000000000000 ) ) ;
#535 = VECTOR ( 'NONE', #18, 1000.000000000000000 ) ;
#536 = ORIENTED_EDGE ( 'NONE', *, *, #1378, .F. ) ;
#537 = DIRECTION ( 'NONE',  ( -1.000000000000000000, 0.000000000000000000, 0.000000000000000000 ) ) ;
#538 = ORIENTED_EDGE ( 'NONE', *, *, #1934, .F. ) ;
#539 = VECTOR ( 'NONE', #922, 999.9999999999998863 ) ;
#540 = EDGE_CURVE ( 'NONE', #633, #675, #1053, .T. ) ;
#541 = EDGE_CURVE ( 'NONE', #707, #365, #197, .T. ) ;
#542 = CARTESIAN_POINT ( 'NONE',  ( 3.499999999999992895, 32.00000000000000000, -2.000000000000000000 ) ) ;
#543 = ORIENTED_EDGE ( 'NONE', *, *, #153, .T. ) ;
#544 = CARTESIAN_POINT ( 'NONE',  ( 0.000000000000000000, 0.000000000000000000, -3.499999999999991118 ) ) ;
#545 = ORIENTED_EDGE ( 'NONE', *, *, #994, .T. ) ;
#546 = CARTESIAN_POINT ( 'NONE',  ( -2.000000000000000000, 0.000000000000000000, -3.499999999999991118 ) ) ;
#547 = CARTESIAN_POINT ( 'NONE',  ( 0.7999999999999999334, 14.00000000000000178, 1.855339900708239230E-15 ) ) ;
#548 = VERTEX_POINT ( 'NONE', #1905 ) ;
#549 = EDGE_CURVE ( 'NONE', #1654, #1955, #521, .T. ) ;
#550 = CARTESIAN_POINT ( 'NONE',  ( 1.999513267805793637, -5.362311101832839988, -4.000000000000000000 ) ) ;
#551 = ORIENTED_EDGE ( 'NONE', *, *, #1728, .T. ) ;
#552 = CARTESIAN_POINT ( 'NONE',  ( 10.31110519750900245, -20.06691579705020345, 3.499999999999992895 ) ) ;
#553 = ORIENTED_EDGE ( 'NONE', *, *, #1889, .F. ) ;
#554 = DIRECTION ( 'NONE',  ( -1.000000000000000000, 0.000000000000000000, 0.000000000000000000 ) ) ;
#555 = CARTESIAN_POINT ( 'NONE',  ( 17.97154962869877792, -13.63903970018479583, 4.000000000000000000 ) ) ;
#556 = VERTEX_POINT ( 'NONE', #961 ) ;
#557 = AXIS2_PLACEMENT_3D ( 'NONE', #135, #1705, #1224 ) ;
#558 = AXIS2_PLACEMENT_3D ( 'NONE', #929, #280, #1680 ) ;
#559 = CARTESIAN_POINT ( 'NONE',  ( 16.14132741310388752, -16.85297774861749431, -3.500000000000003109 ) ) ;
#560 = EDGE_CURVE ( 'NONE', #1833, #675, #1137, .T. ) ;
#561 = DIRECTION ( 'NONE',  ( -1.000000000000000000, 0.000000000000000000, 0.000000000000000000 ) ) ;
#562 = ADVANCED_FACE ( 'NONE', ( #500 ), #149, .T. ) ;
#563 = EDGE_LOOP ( 'NONE', ( #1075, #860, #360, #208 ) ) ;
#564 = DIRECTION ( 'NONE',  ( 0.000000000000000000, -0.000000000000000000, -1.000000000000000000 ) ) ;
#565 = COLOUR_RGB ( '',0.7921568627450980005, 0.8196078431372548767, 0.9333333333333333481 ) ;
#566 = CYLINDRICAL_SURFACE ( 'NONE', #806, 1.699999999999999956 ) ;
#567 = ORIENTED_EDGE ( 'NONE', *, *, #1855, .F. ) ;
#568 = LINE ( 'NONE', #728, #605 ) ;
#569 = VECTOR ( 'NONE', #984, 1000.000000000000000 ) ;
#570 = DIRECTION ( 'NONE',  ( 0.5416752204197009535, 0.4545194776720445917, 0.7071067811865475727 ) ) ;
#571 = PRESENTATION_LAYER_ASSIGNMENT (  '', '', ( #312 ) ) ;
#572 = ORIENTED_EDGE ( 'NONE', *, *, #937, .T. ) ;
#573 = DIRECTION ( 'NONE',  ( -1.000000000000000000, 0.000000000000000000, 0.000000000000000000 ) ) ;
#574 = VERTEX_POINT ( 'NONE', #1765 ) ;
#575 = EDGE_CURVE ( 'NONE', #1909, #618, #991, .T. ) ;
#576 = ADVANCED_FACE ( 'NONE', ( #833 ), #1461, .F. ) ;
#577 = FACE_OUTER_BOUND ( 'NONE', #326, .T. ) ;
#578 = CARTESIAN_POINT ( 'NONE',  ( 4.000000000000000000, 29.99999999999999645, 2.000000000000000000 ) ) ;
#579 = ORIENTED_EDGE ( 'NONE', *, *, #1792, .F. ) ;
#580 = AXIS2_PLACEMENT_3D ( 'NONE', #120, #1525, #1067 ) ;
#581 = LINE ( 'NONE', #1199, #638 ) ;
#582 = VECTOR ( 'NONE', #920, 1000.000000000000114 ) ;
#583 = CARTESIAN_POINT ( 'NONE',  ( 1.999513267805793637, -5.362311101832839988, -4.000000000000000000 ) ) ;
#584 = DIRECTION ( 'NONE',  ( 1.000000000000000000, -0.000000000000000000, -0.000000000000000000 ) ) ;
#585 = CARTESIAN_POINT ( 'NONE',  ( 14.14132741310388930, -16.85297774861749431, -4.000000000000000000 ) ) ;
#586 = ORIENTED_EDGE ( 'NONE', *, *, #1985, .T. ) ;
#587 =( NAMED_UNIT ( * ) SI_UNIT ( $, .STERADIAN. ) SOLID_ANGLE_UNIT ( ) );
#588 = EDGE_CURVE ( 'NONE', #103, #1969, #1446, .T. ) ;
#589 = DIRECTION ( 'NONE',  ( -1.000000000000000000, 0.000000000000000000, 0.000000000000000000 ) ) ;
#590 = EDGE_LOOP ( 'NONE', ( #352, #678, #49, #1295 ) ) ;
#591 = LINE ( 'NONE', #1298, #1710 ) ;
#592 = CARTESIAN_POINT ( 'NONE',  ( 7.000000000000000000, 4.103515466723838934, 4.000000000000000000 ) ) ;
#593 = DIRECTION ( 'NONE',  ( 0.7071067811865469066, 0.000000000000000000, 0.7071067811865481278 ) ) ;
#594 = CARTESIAN_POINT ( 'NONE',  ( 9.641814145298111427, -11.49066664678465344, 4.000000000000000000 ) ) ;
#595 = VECTOR ( 'NONE', #948, 1000.000000000000000 ) ;
#596 = ORIENTED_EDGE ( 'NONE', *, *, #1208, .F. ) ;
#597 = CARTESIAN_POINT ( 'NONE',  ( 0.7999999999999999334, 26.00000000000000355, 0.000000000000000000 ) ) ;
#598 = CARTESIAN_POINT ( 'NONE',  ( 16.14132741310388752, -16.85297774861749431, 4.000000000000000000 ) ) ;
#599 = ORIENTED_EDGE ( 'NONE', *, *, #1571, .T. ) ;
#600 = DIRECTION ( 'NONE',  ( -1.000000000000000000, 0.000000000000000000, 0.000000000000000000 ) ) ;
#601 = EDGE_CURVE ( 'NONE', #189, #6, #979, .T. ) ;
#602 = EDGE_CURVE ( 'NONE', #1631, #365, #407, .T. ) ;
#603 = DIRECTION ( 'NONE',  ( 0.000000000000000000, 0.000000000000000000, 1.000000000000000000 ) ) ;
#604 = LINE ( 'NONE', #1348, #146 ) ;
#605 = VECTOR ( 'NONE', #1606, 1000.000000000000000 ) ;
#606 = DIRECTION ( 'NONE',  ( -0.6427876096865408062, 0.7660444431189767922, 0.000000000000000000 ) ) ;
#607 = VERTEX_POINT ( 'NONE', #37 ) ;
#608 = DIRECTION ( 'NONE',  ( -0.000000000000000000, -0.000000000000000000, 1.000000000000000000 ) ) ;
#609 = DIRECTION ( 'NONE',  ( -1.000000000000000000, 0.000000000000000000, 0.000000000000000000 ) ) ;
#610 = VERTEX_POINT ( 'NONE', #687 ) ;
#611 = FACE_OUTER_BOUND ( 'NONE', #75, .T. ) ;
#612 = CARTESIAN_POINT ( 'NONE',  ( -4.000000000000000000, 30.00000000000000000, -3.499999999999992895 ) ) ;
#613 = VECTOR ( 'NONE', #761, 1000.000000000000000 ) ;
#614 = EDGE_CURVE ( 'NONE', #721, #258, #1899, .T. ) ;
#615 = AXIS2_PLACEMENT_3D ( 'NONE', #1622, #1010, #1322 ) ;
#616 = CARTESIAN_POINT ( 'NONE',  ( 17.97154962869877792, -13.63903970018479583, 3.499999999999992895 ) ) ;
#617 = CARTESIAN_POINT ( 'NONE',  ( -4.000000000000000000, 31.49999999999999289, 4.000000000000000000 ) ) ;
#618 = VERTEX_POINT ( 'NONE', #660 ) ;
#619 = LINE ( 'NONE', #1543, #986 ) ;
#620 = DIRECTION ( 'NONE',  ( 0.000000000000000000, 0.000000000000000000, 1.000000000000000000 ) ) ;
#621 = ORIENTED_EDGE ( 'NONE', *, *, #588, .T. ) ;
#622 = CARTESIAN_POINT ( 'NONE',  ( 9.641814145298111427, -11.49066664678465344, 4.000000000000000000 ) ) ;
#623 = FACE_OUTER_BOUND ( 'NONE', #1585, .T. ) ;
#624 = ORIENTED_EDGE ( 'NONE', *, *, #1668, .F. ) ;
#625 = FACE_OUTER_BOUND ( 'NONE', #1611, .T. ) ;
#626 = ADVANCED_FACE ( 'NONE', ( #1896 ), #1746, .T. ) ;
#627 = VERTEX_POINT ( 'NONE', #971 ) ;
#628 = CONICAL_SURFACE ( 'NONE', #1760, 2.000000000000000000, 0.7853981633974530530 ) ;
#629 = DIRECTION ( 'NONE',  ( 0.000000000000000000, 0.000000000000000000, -1.000000000000000000 ) ) ;
#630 = EDGE_CURVE ( 'NONE', #1796, #997, #843, .T. ) ;
#631 = CIRCLE ( 'NONE', #136, 1.499999999999990896 ) ;
#632 = DIRECTION ( 'NONE',  ( -0.000000000000000000, -0.000000000000000000, -1.000000000000000000 ) ) ;
#633 = VERTEX_POINT ( 'NONE', #384 ) ;
#634 = PLANE ( 'NONE',  #147 ) ;
#635 = AXIS2_PLACEMENT_3D ( 'NONE', #1181, #1824, #1019 ) ;
#636 = DIRECTION ( 'NONE',  ( -1.000000000000000000, 0.000000000000000000, 0.000000000000000000 ) ) ;
#637 = DIRECTION ( 'NONE',  ( 0.000000000000000000, 0.000000000000000000, 1.000000000000000000 ) ) ;
#638 = VECTOR ( 'NONE', #1809, 1000.000000000000000 ) ;
#639 = VERTEX_POINT ( 'NONE', #1450 ) ;
#640 = CARTESIAN_POINT ( 'NONE',  ( 14.14132741310388930, -16.85297774861749431, -3.499999999999992895 ) ) ;
#641 = ADVANCED_FACE ( 'NONE', ( #48, #1000 ), #209, .T. ) ;
#642 = EDGE_CURVE ( 'NONE', #556, #337, #1704, .T. ) ;
#643 = ORIENTED_EDGE ( 'NONE', *, *, #1533, .F. ) ;
#644 = DIRECTION ( 'NONE',  ( -1.000000000000000000, 0.000000000000000000, 0.000000000000000000 ) ) ;
#645 = FACE_OUTER_BOUND ( 'NONE', #110, .T. ) ;
#646 = LINE ( 'NONE', #730, #689 ) ;
#647 = AXIS2_PLACEMENT_3D ( 'NONE', #854, #1954, #1188 ) ;
#648 = ORIENTED_EDGE ( 'NONE', *, *, #575, .F. ) ;
#649 = DIRECTION ( 'NONE',  ( 0.000000000000000000, 0.000000000000000000, -1.000000000000000000 ) ) ;
#650 = ORIENTED_EDGE ( 'NONE', *, *, #505, .T. ) ;
#651 = CARTESIAN_POINT ( 'NONE',  ( -3.499999999999992895, -16.85297774861749431, 4.000000000000000000 ) ) ;
#652 = ADVANCED_FACE ( 'NONE', ( #1521 ), #866, .F. ) ;
#653 = DIRECTION ( 'NONE',  ( 0.000000000000000000, 0.000000000000000000, 1.000000000000000000 ) ) ;
#654 = DIRECTION ( 'NONE',  ( 0.7071067811865474617, 0.000000000000000000, 0.7071067811865474617 ) ) ;
#655 = ORIENTED_EDGE ( 'NONE', *, *, #560, .T. ) ;
#656 = DIRECTION ( 'NONE',  ( -1.000000000000000000, 0.000000000000000000, 0.000000000000000000 ) ) ;
#657 = DIRECTION ( 'NONE',  ( 1.000000000000000000, 0.000000000000000000, 0.000000000000000000 ) ) ;
#658 = VECTOR ( 'NONE', #1305, 1000.000000000000000 ) ;
#659 = ORIENTED_EDGE ( 'NONE', *, *, #31, .F. ) ;
#660 = CARTESIAN_POINT ( 'NONE',  ( 10.31110519750900245, -20.06691579705020345, -3.499999999999992895 ) ) ;
#661 = AXIS2_PLACEMENT_3D ( 'NONE', #1263, #1448, #1152 ) ;
#662 = ADVANCED_FACE ( 'NONE', ( #736 ), #126, .T. ) ;
#663 = LINE ( 'NONE', #485, #22 ) ;
#664 = DIRECTION ( 'NONE',  ( -0.000000000000000000, -0.000000000000000000, -1.000000000000000000 ) ) ;
#665 = DIRECTION ( 'NONE',  ( 0.7071067811865472397, 8.659560562354930393E-17, -0.7071067811865479058 ) ) ;
#666 = EDGE_LOOP ( 'NONE', ( #1557, #684, #363, #1995, #1764, #1785 ) ) ;
#667 = DIRECTION ( 'NONE',  ( 0.6427876096865408062, -0.7660444431189767922, 0.000000000000000000 ) ) ;
#668 = AXIS2_PLACEMENT_3D ( 'NONE', #1252, #653, #973 ) ;
#669 = AXIS2_PLACEMENT_3D ( 'NONE', #1304, #537, #1155 ) ;
#670 = ORIENTED_EDGE ( 'NONE', *, *, #695, .T. ) ;
#671 = DIRECTION ( 'NONE',  ( 0.000000000000000000, 1.000000000000000000, 0.000000000000000000 ) ) ;
#672 = CARTESIAN_POINT ( 'NONE',  ( -4.000000000000000888, -1.191753592594206657, 3.499999999999992895 ) ) ;
#673 = EDGE_CURVE ( 'NONE', #992, #1017, #1008, .T. ) ;
#674 = AXIS2_PLACEMENT_3D ( 'NONE', #1965, #440, #1669 ) ;
#675 = VERTEX_POINT ( 'NONE', #724 ) ;
#676 = CARTESIAN_POINT ( 'NONE',  ( 0.000000000000000000, 0.000000000000000000, 4.000000000000000000 ) ) ;
#677 = CIRCLE ( 'NONE', #1291, 1.499999999999992673 ) ;
#678 = ORIENTED_EDGE ( 'NONE', *, *, #1018, .F. ) ;
#679 = DIRECTION ( 'NONE',  ( 1.000000000000000000, 0.000000000000000000, 0.000000000000000000 ) ) ;
#680 = VERTEX_POINT ( 'NONE', #1652 ) ;
#681 = DIRECTION ( 'NONE',  ( 0.000000000000000000, 1.000000000000000000, 0.000000000000000000 ) ) ;
#682 = FACE_BOUND ( 'NONE', #1026, .T. ) ;
#683 = DIRECTION ( 'NONE',  ( -1.000000000000000000, 6.938893903907222461E-16, 0.000000000000000000 ) ) ;
#684 = ORIENTED_EDGE ( 'NONE', *, *, #342, .T. ) ;
#685 = EDGE_CURVE ( 'NONE', #1180, #1796, #1803, .T. ) ;
#686 = ADVANCED_FACE ( 'NONE', ( #1970 ), #828, .F. ) ;
#687 = CARTESIAN_POINT ( 'NONE',  ( 6.031602154043737229, -4.076735882459757043, 3.500000000000011990 ) ) ;
#688 = VERTEX_POINT ( 'NONE', #1341 ) ;
#689 = VECTOR ( 'NONE', #1165, 1000.000000000000000 ) ;
#690 = CARTESIAN_POINT ( 'NONE',  ( 11.64132741310389463, -16.85297774861749431, -4.000000000000000000 ) ) ;
#691 = ORIENTED_EDGE ( 'NONE', *, *, #1866, .F. ) ;
#692 = CARTESIAN_POINT ( 'NONE',  ( 4.499513267805785866, -5.362311101832839988, -3.500000000000006661 ) ) ;
#693 = ORIENTED_EDGE ( 'NONE', *, *, #390, .F. ) ;
#694 = DIRECTION ( 'NONE',  ( 0.000000000000000000, 0.000000000000000000, 1.000000000000000000 ) ) ;
#695 = EDGE_CURVE ( 'NONE', #1365, #67, #435, .T. ) ;
#696 = FACE_OUTER_BOUND ( 'NONE', #1670, .T. ) ;
#697 = EDGE_LOOP ( 'NONE', ( #890, #693, #1804, #437 ) ) ;
#698 = VECTOR ( 'NONE', #1278, 1000.000000000000114 ) ;
#699 = AXIS2_PLACEMENT_3D ( 'NONE', #370, #333, #671 ) ;
#700 = LINE ( 'NONE', #532, #1727 ) ;
#701 = ORIENTED_EDGE ( 'NONE', *, *, #673, .F. ) ;
#702 = CARTESIAN_POINT ( 'NONE',  ( 19.14132741310389463, -16.85297774861749431, -3.499999999999992895 ) ) ;
#703 = ORIENTED_EDGE ( 'NONE', *, *, #1056, .F. ) ;
#704 = DIRECTION ( 'NONE',  ( -0.6427876096865406952, 0.7660444431189769032, 0.000000000000000000 ) ) ;
#705 = CIRCLE ( 'NONE', #647, 5.000000000000004441 ) ;
#706 = CARTESIAN_POINT ( 'NONE',  ( 7.726703037500675997, -13.09763567100100445, 4.000000000000000000 ) ) ;
#707 = VERTEX_POINT ( 'NONE', #546 ) ;
#708 = ADVANCED_FACE ( 'NONE', ( #93 ), #236, .F. ) ;
#709 = EDGE_CURVE ( 'NONE', #930, #1180, #1673, .T. ) ;
#710 = DIRECTION ( 'NONE',  ( 0.7071067811865474617, 0.000000000000000000, 0.7071067811865474617 ) ) ;
#711 = ORIENTED_EDGE ( 'NONE', *, *, #1594, .T. ) ;
#712 = LINE ( 'NONE', #1015, #1600 ) ;
#713 = ORIENTED_EDGE ( 'NONE', *, *, #1233, .F. ) ;
#714 = PRESENTATION_STYLE_ASSIGNMENT (( #1478 ) ) ;
#715 = LINE ( 'NONE', #1630, #1130 ) ;
#716 = ORIENTED_EDGE ( 'NONE', *, *, #1889, .T. ) ;
#717 = FACE_OUTER_BOUND ( 'NONE', #1708, .T. ) ;
#718 = VECTOR ( 'NONE', #496, 1000.000000000000000 ) ;
#719 = DIRECTION ( 'NONE',  ( 0.5416752204197000653, 0.4545194776720442587, 0.7071067811865483499 ) ) ;
#720 = AXIS2_PLACEMENT_3D ( 'NONE', #267, #1202, #1318 ) ;
#721 = VERTEX_POINT ( 'NONE', #1497 ) ;
#722 = FACE_OUTER_BOUND ( 'NONE', #210, .T. ) ;
#723 = EDGE_LOOP ( 'NONE', ( #1460, #1161, #1138, #952 ) ) ;
#724 = CARTESIAN_POINT ( 'NONE',  ( 3.499999999999992895, 32.00000000000000000, 2.000000000000000000 ) ) ;
#725 = AXIS2_PLACEMENT_3D ( 'NONE', #490, #608, #327 ) ;
#726 = CARTESIAN_POINT ( 'NONE',  ( 0.7999999999999986011, 26.00000000000000355, -1.699999999999999956 ) ) ;
#727 = EDGE_LOOP ( 'NONE', ( #1234, #885, #1413, #256 ) ) ;
#728 = CARTESIAN_POINT ( 'NONE',  ( 12.14132741310389108, -16.85297774861749431, 4.000000000000000000 ) ) ;
#729 = CONICAL_SURFACE ( 'NONE', #831, 2.499999999999992006, 0.7853981633974469467 ) ;
#730 = CARTESIAN_POINT ( 'NONE',  ( 3.499999999999992895, 4.103515466723838934, -4.000000000000000000 ) ) ;
#731 = CARTESIAN_POINT ( 'NONE',  ( 4.000000000000000000, 26.00000000000000355, 1.899999999999999467 ) ) ;
#732 = MANIFOLD_SOLID_BREP ( '\X2\52079664\X0\-\X2\62c94f38\X0\2', #508 ) ;
#733 = LINE ( 'NONE', #1190, #1175 ) ;
#734 = ADVANCED_FACE ( 'NONE', ( #577 ), #480, .T. ) ;
#735 = VERTEX_POINT ( 'NONE', #887 ) ;
#736 = FACE_OUTER_BOUND ( 'NONE', #1545, .T. ) ;
#737 = CYLINDRICAL_SURFACE ( 'NONE', #1158, 5.000000000000004441 ) ;
#738 = EDGE_LOOP ( 'NONE', ( #1949, #309, #1912, #1990 ) ) ;
#739 = AXIS2_PLACEMENT_3D ( 'NONE', #547, #228, #1972 ) ;
#740 = DIRECTION ( 'NONE',  ( 0.000000000000000000, 0.000000000000000000, -1.000000000000000000 ) ) ;
#741 = CARTESIAN_POINT ( 'NONE',  ( -3.499999999999992895, -16.85297774861749431, 4.000000000000000000 ) ) ;
#742 = ORIENTED_EDGE ( 'NONE', *, *, #428, .F. ) ;
#743 = PLANE ( 'NONE',  #754 ) ;
#744 = ORIENTED_EDGE ( 'NONE', *, *, #695, .F. ) ;
#745 = DIRECTION ( 'NONE',  ( 0.7660444431189773473, 0.6427876096865402511, -0.000000000000000000 ) ) ;
#746 = EDGE_CURVE ( 'NONE', #1241, #627, #1510, .T. ) ;
#747 = CARTESIAN_POINT ( 'NONE',  ( 4.000000000000000000, 4.103515466723838934, -3.499999999999992895 ) ) ;
#748 = ADVANCED_FACE ( 'NONE', ( #897 ), #1235, .F. ) ;
#749 = ORIENTED_EDGE ( 'NONE', *, *, #164, .F. ) ;
#750 = DIRECTION ( 'NONE',  ( 0.6427876096865406952, -0.7660444431189767922, 0.000000000000000000 ) ) ;
#751 = LINE ( 'NONE', #925, #220 ) ;
#752 = CARTESIAN_POINT ( 'NONE',  ( 3.499999999999992895, -16.85297774861749431, 4.000000000000000000 ) ) ;
#753 = DIRECTION ( 'NONE',  ( 0.000000000000000000, 0.000000000000000000, 1.000000000000000000 ) ) ;
#754 = AXIS2_PLACEMENT_3D ( 'NONE', #1212, #1393, #444 ) ;
#755 = ORIENTED_EDGE ( 'NONE', *, *, #1479, .T. ) ;
#756 = FACE_OUTER_BOUND ( 'NONE', #1115, .T. ) ;
#757 = CARTESIAN_POINT ( 'NONE',  ( -4.000000000000000000, 14.00000000000000178, 1.855339900708239230E-15 ) ) ;
#758 = ORIENTED_EDGE ( 'NONE', *, *, #1219, .T. ) ;
#759 = DIRECTION ( 'NONE',  ( -0.000000000000000000, -0.000000000000000000, -1.000000000000000000 ) ) ;
#760 = EDGE_CURVE ( 'NONE', #1573, #238, #951, .T. ) ;
#761 = DIRECTION ( 'NONE',  ( -0.5416752204197009535, -0.4545194776720445917, 0.7071067811865475727 ) ) ;
#762 = CONICAL_SURFACE ( 'NONE', #348, 2.500000000000009326, 0.7853981633974482790 ) ;
#763 = PRODUCT ( 'LQ26-05HGI-01-004', 'LQ26-05HGI-01-004', '', ( #1459 ) ) ;
#764 = CARTESIAN_POINT ( 'NONE',  ( 3.499999999999992895, 4.103515466723838934, 4.000000000000000000 ) ) ;
#765 = CIRCLE ( 'NONE', #1185, 1.899999999999999467 ) ;
#766 = VECTOR ( 'NONE', #366, 1000.000000000000227 ) ;
#767 = LINE ( 'NONE', #476, #303 ) ;
#768 = ORIENTED_EDGE ( 'NONE', *, *, #322, .T. ) ;
#769 = DIRECTION ( 'NONE',  ( 1.000000000000000000, 0.000000000000000000, 0.000000000000000000 ) ) ;
#770 = CARTESIAN_POINT ( 'NONE',  ( 2.500000000000009326, 3.061616997868393988E-16, -4.000000000000000000 ) ) ;
#771 = ORIENTED_EDGE ( 'NONE', *, *, #262, .T. ) ;
#772 = DIRECTION ( 'NONE',  ( 0.000000000000000000, -1.000000000000000000, 0.000000000000000000 ) ) ;
#773 = AXIS2_PLACEMENT_3D ( 'NONE', #1325, #845, #1942 ) ;
#774 = ADVANCED_FACE ( 'NONE', ( #756 ), #1362, .F. ) ;
#775 = DIRECTION ( 'NONE',  ( -1.000000000000000000, 0.000000000000000000, 0.000000000000000000 ) ) ;
#776 = AXIS2_PLACEMENT_3D ( 'NONE', #1406, #1247, #942 ) ;
#777 = EDGE_CURVE ( 'NONE', #1833, #368, #1767, .T. ) ;
#778 = ORIENTED_EDGE ( 'NONE', *, *, #540, .F. ) ;
#779 = CARTESIAN_POINT ( 'NONE',  ( 10.31110519750900245, -20.06691579705020345, 3.499999999999992895 ) ) ;
#780 = EDGE_LOOP ( 'NONE', ( #1733, #335, #1267, #162 ) ) ;
#781 = CARTESIAN_POINT ( 'NONE',  ( -4.000000000000000000, 31.49999999999999289, 4.000000000000000000 ) ) ;
#782 = FACE_OUTER_BOUND ( 'NONE', #266, .T. ) ;
#783 = VERTEX_POINT ( 'NONE', #1403 ) ;
#784 = LINE ( 'NONE', #493, #539 ) ;
#785 = DIRECTION ( 'NONE',  ( -0.000000000000000000, -0.000000000000000000, 1.000000000000000000 ) ) ;
#786 = CARTESIAN_POINT ( 'NONE',  ( 2.967424381567829172, -6.647886321205922044, 3.500000000000012434 ) ) ;
#787 = EDGE_CURVE ( 'NONE', #735, #688, #923, .T. ) ;
#788 = ORIENTED_EDGE ( 'NONE', *, *, #1720, .T. ) ;
#789 = AXIS2_PLACEMENT_3D ( 'NONE', #1382, #753, #3 ) ;
#790 = DIRECTION ( 'NONE',  ( -0.000000000000000000, -0.000000000000000000, -1.000000000000000000 ) ) ;
#791 = AXIS2_PLACEMENT_3D ( 'NONE', #544, #1507, #432 ) ;
#792 = PLANE ( 'NONE',  #1419 ) ;
#793 = VERTEX_POINT ( 'NONE', #1845 ) ;
#794 = DIRECTION ( 'NONE',  ( 0.7071067811865474617, 0.7071067811865474617, 0.000000000000000000 ) ) ;
#795 = CARTESIAN_POINT ( 'NONE',  ( -4.000000000000000000, 14.00000000000000178, -1.699999999999997957 ) ) ;
#796 = DIRECTION ( 'NONE',  ( -1.000000000000000000, 0.000000000000000000, 0.000000000000000000 ) ) ;
#797 = VECTOR ( 'NONE', #794, 1000.000000000000114 ) ;
#798 = ORIENTED_EDGE ( 'NONE', *, *, #4, .T. ) ;
#799 = ADVANCED_FACE ( 'NONE', ( #446, #1255 ), #1084, .T. ) ;
#800 = CYLINDRICAL_SURFACE ( 'NONE', #275, 1.699999999999999956 ) ;
#801 = AXIS2_PLACEMENT_3D ( 'NONE', #1045, #144, #1561 ) ;
#802 = ORIENTED_EDGE ( 'NONE', *, *, #39, .F. ) ;
#803 = CARTESIAN_POINT ( 'NONE',  ( 0.000000000000000000, 0.000000000000000000, 4.000000000000000000 ) ) ;
#804 = LINE ( 'NONE', #1569, #1282 ) ;
#805 = FACE_OUTER_BOUND ( 'NONE', #515, .T. ) ;
#806 = AXIS2_PLACEMENT_3D ( 'NONE', #414, #1784, #105 ) ;
#807 = VECTOR ( 'NONE', #1686, 1000.000000000000114 ) ;
#808 = ORIENTED_EDGE ( 'NONE', *, *, #1681, .F. ) ;
#809 = CARTESIAN_POINT ( 'NONE',  ( 16.05643852090132739, -15.24600872440114685, -4.000000000000000000 ) ) ;
#810 = EDGE_LOOP ( 'NONE', ( #1676, #1766, #1563, #159 ) ) ;
#811 = CARTESIAN_POINT ( 'NONE',  ( 10.69412741906849895, -19.74552199220692827, -4.000000000000000000 ) ) ;
#812 = EDGE_CURVE ( 'NONE', #1309, #846, #336, .T. ) ;
#813 = EDGE_CURVE ( 'NONE', #1047, #1528, #1089, .T. ) ;
#814 = ORIENTED_EDGE ( 'NONE', *, *, #1792, .T. ) ;
#815 = PLANE ( 'NONE',  #1055 ) ;
#816 = DIRECTION ( 'NONE',  ( 1.000000000000000000, -0.000000000000000000, -0.000000000000000000 ) ) ;
#817 = AXIS2_PLACEMENT_3D ( 'NONE', #1893, #1752, #649 ) ;
#818 = ORIENTED_EDGE ( 'NONE', *, *, #1018, .T. ) ;
#819 = CYLINDRICAL_SURFACE ( 'NONE', #720, 1.999999999999998224 ) ;
#820 = CIRCLE ( 'NONE', #950, 1.899999999999999911 ) ;
#821 = EDGE_LOOP ( 'NONE', ( #1715, #316, #905, #1697 ) ) ;
#822 = DIRECTION ( 'NONE',  ( 1.000000000000000000, -0.000000000000000000, -0.000000000000000000 ) ) ;
#823 = AXIS2_PLACEMENT_3D ( 'NONE', #1035, #1938, #1660 ) ;
#824 = ORIENTED_EDGE ( 'NONE', *, *, #468, .F. ) ;
#825 = EDGE_CURVE ( 'NONE', #1654, #170, #474, .T. ) ;
#826 = DIRECTION ( 'NONE',  ( 0.5416752204196979559, 0.4545194776720420937, 0.7071067811865515695 ) ) ;
#827 = LINE ( 'NONE', #214, #595 ) ;
#828 = CONICAL_SURFACE ( 'NONE', #1637, 2.500000000000009326, 0.7853981633974482790 ) ;
#829 = VERTEX_POINT ( 'NONE', #1104 ) ;
#830 = DIRECTION ( 'NONE',  ( 0.000000000000000000, 0.000000000000000000, 1.000000000000000000 ) ) ;
#831 = AXIS2_PLACEMENT_3D ( 'NONE', #1346, #1677, #600 ) ;
#832 = ORIENTED_EDGE ( 'NONE', *, *, #1788, .F. ) ;
#833 = FACE_OUTER_BOUND ( 'NONE', #224, .T. ) ;
#834 = ORIENTED_EDGE ( 'NONE', *, *, #560, .F. ) ;
#835 = EDGE_CURVE ( 'NONE', #527, #167, #619, .T. ) ;
#836 = FACE_OUTER_BOUND ( 'NONE', #1387, .T. ) ;
#837 = FACE_OUTER_BOUND ( 'NONE', #1306, .T. ) ;
#838 = EDGE_CURVE ( 'NONE', #940, #930, #374, .T. ) ;
#839 = ORIENTED_EDGE ( 'NONE', *, *, #1531, .F. ) ;
#840 = DIRECTION ( 'NONE',  ( -0.7071067811865481278, 0.000000000000000000, 0.7071067811865469066 ) ) ;
#841 = DIRECTION ( 'NONE',  ( 0.000000000000000000, 0.000000000000000000, -1.000000000000000000 ) ) ;
#842 = ORIENTED_EDGE ( 'NONE', *, *, #1945, .F. ) ;
#843 = LINE ( 'NONE', #1775, #143 ) ;
#844 = ORIENTED_EDGE ( 'NONE', *, *, #1720, .F. ) ;
#845 = DIRECTION ( 'NONE',  ( -1.000000000000000000, -0.000000000000000000, -0.000000000000000000 ) ) ;
#846 = VERTEX_POINT ( 'NONE', #317 ) ;
#847 = DIRECTION ( 'NONE',  ( -1.000000000000000000, 0.000000000000000000, 0.000000000000000000 ) ) ;
#848 = EDGE_CURVE ( 'NONE', #1309, #1833, #2003, .T. ) ;
#849 = ORIENTED_EDGE ( 'NONE', *, *, #787, .T. ) ;
#850 = CARTESIAN_POINT ( 'NONE',  ( 0.9999999999999991118, -1.191753592594206657, -4.000000000000000000 ) ) ;
#851 = DIRECTION ( 'NONE',  ( 0.000000000000000000, 0.000000000000000000, 1.000000000000000000 ) ) ;
#852 = ORIENTED_EDGE ( 'NONE', *, *, #838, .T. ) ;
#853 = VECTOR ( 'NONE', #1025, 1000.000000000000114 ) ;
#854 = CARTESIAN_POINT ( 'NONE',  ( 14.14132741310388930, -16.85297774861749431, 3.499999999999992895 ) ) ;
#855 = DIRECTION ( 'NONE',  ( 0.000000000000000000, 0.000000000000000000, -1.000000000000000000 ) ) ;
#856 = ADVANCED_FACE ( 'NONE', ( #1574 ), #1530, .T. ) ;
#857 = ORIENTED_EDGE ( 'NONE', *, *, #1479, .F. ) ;
#858 = DIRECTION ( 'NONE',  ( 0.000000000000000000, 1.000000000000000000, 0.000000000000000000 ) ) ;
#859 = DIRECTION ( 'NONE',  ( 0.000000000000000000, 0.000000000000000000, 1.000000000000000000 ) ) ;
#860 = ORIENTED_EDGE ( 'NONE', *, *, #125, .T. ) ;
#861 = AXIS2_PLACEMENT_3D ( 'NONE', #947, #1109, #1139 ) ;
#862 = AXIS2_PLACEMENT_3D ( 'NONE', #803, #310, #1870 ) ;
#863 = CARTESIAN_POINT ( 'NONE',  ( 4.499513267805785866, -5.362311101832839988, -3.500000000000006661 ) ) ;
#864 = DIRECTION ( 'NONE',  ( 1.000000000000000000, -0.000000000000000000, -0.000000000000000000 ) ) ;
#865 = ORIENTED_EDGE ( 'NONE', *, *, #353, .T. ) ;
#866 = PLANE ( 'NONE',  #1549 ) ;
#867 = AXIS2_PLACEMENT_3D ( 'NONE', #912, #1515, #775 ) ;
#868 = LINE ( 'NONE', #878, #1316 ) ;
#869 = ORIENTED_EDGE ( 'NONE', *, *, #164, .T. ) ;
#870 = DIRECTION ( 'NONE',  ( 0.7071067811865475727, 0.000000000000000000, -0.7071067811865475727 ) ) ;
#871 = EDGE_CURVE ( 'NONE', #556, #167, #469, .T. ) ;
#872 = ADVANCED_FACE ( 'NONE', ( #907 ), #1246, .T. ) ;
#873 = CARTESIAN_POINT ( 'NONE',  ( 0.9999999999999991118, -1.191753592594206657, 4.000000000000000000 ) ) ;
#874 = ORIENTED_EDGE ( 'NONE', *, *, #1132, .T. ) ;
#875 = CARTESIAN_POINT ( 'NONE',  ( 4.000000000000000000, 14.00000000000000178, 1.900000000000001910 ) ) ;
#876 = ORIENTED_EDGE ( 'NONE', *, *, #1132, .F. ) ;
#877 = FILL_AREA_STYLE_COLOUR ( '', #565 ) ;
#878 = CARTESIAN_POINT ( 'NONE',  ( -4.000000000000000000, -1.191753592594206657, -3.499999999999992895 ) ) ;
#879 = ORIENTED_EDGE ( 'NONE', *, *, #937, .F. ) ;
#880 = DIRECTION ( 'NONE',  ( -0.5416752204196989551, -0.4545194776720429264, 0.7071067811865501263 ) ) ;
#881 = EDGE_CURVE ( 'NONE', #1360, #1955, #99, .T. ) ;
#882 = DIRECTION ( 'NONE',  ( -1.000000000000000000, 0.000000000000000000, 0.000000000000000000 ) ) ;
#883 = VERTEX_POINT ( 'NONE', #1716 ) ;
#884 = PLANE ( 'NONE',  #1145 ) ;
#885 = ORIENTED_EDGE ( 'NONE', *, *, #906, .T. ) ;
#886 = UNCERTAINTY_MEASURE_WITH_UNIT (LENGTH_MEASURE( 1.000000000000000082E-05 ), #518, 'distance_accuracy_value', 'NONE');
#887 = CARTESIAN_POINT ( 'NONE',  ( -4.000000000000000000, 26.00000000000000355, -1.699999999999999956 ) ) ;
#888 = AXIS2_PLACEMENT_3D ( 'NONE', #1214, #1394, #1865 ) ;
#889 = DIRECTION ( 'NONE',  ( -0.000000000000000000, -0.000000000000000000, -1.000000000000000000 ) ) ;
#890 = ORIENTED_EDGE ( 'NONE', *, *, #1491, .T. ) ;
#891 = PLANE ( 'NONE',  #50 ) ;
#892 = DIRECTION ( 'NONE',  ( -1.000000000000000000, 0.000000000000000000, 0.000000000000000000 ) ) ;
#893 = ORIENTED_EDGE ( 'NONE', *, *, #919, .T. ) ;
#894 = CYLINDRICAL_SURFACE ( 'NONE', #38, 1.899999999999999467 ) ;
#895 = EDGE_CURVE ( 'NONE', #633, #1083, #941, .T. ) ;
#896 = EDGE_LOOP ( 'NONE', ( #1402, #2002 ) ) ;
#897 = FACE_OUTER_BOUND ( 'NONE', #1850, .T. ) ;
#898 = DIRECTION ( 'NONE',  ( -1.000000000000000000, 0.000000000000000000, 0.000000000000000000 ) ) ;
#899 = ORIENTED_EDGE ( 'NONE', *, *, #895, .F. ) ;
#900 = CARTESIAN_POINT ( 'NONE',  ( -2.500000000000009326, 0.000000000000000000, -4.000000000000000000 ) ) ;
#901 = AXIS2_PLACEMENT_3D ( 'NONE', #127, #1364, #932 ) ;
#902 = DIRECTION ( 'NONE',  ( 1.000000000000000000, 0.000000000000000000, 0.000000000000000000 ) ) ;
#903 = LINE ( 'NONE', #278, #1513 ) ;
#904 = DIRECTION ( 'NONE',  ( 0.6427876096865401401, -0.7660444431189772363, 0.000000000000000000 ) ) ;
#905 = ORIENTED_EDGE ( 'NONE', *, *, #969, .F. ) ;
#906 = EDGE_CURVE ( 'NONE', #1486, #1582, #1293, .T. ) ;
#907 = FACE_OUTER_BOUND ( 'NONE', #1919, .T. ) ;
#908 = CARTESIAN_POINT ( 'NONE',  ( -2.000000000000000000, 2.449293598294706414E-16, 3.499999999999997780 ) ) ;
#909 = ORIENTED_EDGE ( 'NONE', *, *, #1944, .T. ) ;
#910 = FACE_OUTER_BOUND ( 'NONE', #133, .T. ) ;
#911 = VECTOR ( 'NONE', #1133, 1000.000000000000000 ) ;
#912 = CARTESIAN_POINT ( 'NONE',  ( 0.000000000000000000, 0.000000000000000000, -3.499999999999991118 ) ) ;
#913 = CONICAL_SURFACE ( 'NONE', #1079, 1.499999999999994449, 0.7853981633974466137 ) ;
#914 = VERTEX_POINT ( 'NONE', #27 ) ;
#915 = LINE ( 'NONE', #1069, #1598 ) ;
#916 = AXIS2_PLACEMENT_3D ( 'NONE', #585, #1046, #1649 ) ;
#917 = ORIENTED_EDGE ( 'NONE', *, *, #1166, .F. ) ;
#918 = CARTESIAN_POINT ( 'NONE',  ( -3.499999999999992895, 29.99999999999999645, 2.000000000000000000 ) ) ;
#919 = EDGE_CURVE ( 'NONE', #1500, #940, #998, .T. ) ;
#920 = DIRECTION ( 'NONE',  ( 0.7071067811865474617, 8.659560562354932858E-17, -0.7071067811865474617 ) ) ;
#921 = ORIENTED_EDGE ( 'NONE', *, *, #1456, .T. ) ;
#922 = DIRECTION ( 'NONE',  ( -0.7071067811865472397, 0.000000000000000000, -0.7071067811865479058 ) ) ;
#923 = CIRCLE ( 'NONE', #1864, 1.699999999999999956 ) ;
#924 = EDGE_CURVE ( 'NONE', #1818, #1551, #1695, .T. ) ;
#925 = CARTESIAN_POINT ( 'NONE',  ( 6.031602154043737229, -4.076735882459757043, 4.000000000000000000 ) ) ;
#926 = CIRCLE ( 'NONE', #1771, 5.000000000000000000 ) ;
#927 = FACE_OUTER_BOUND ( 'NONE', #999, .T. ) ;
#928 = AXIS2_PLACEMENT_3D ( 'NONE', #190, #679, #510 ) ;
#929 = CARTESIAN_POINT ( 'NONE',  ( -4.000000000000000000, 29.99999999999999645, 2.000000000000000000 ) ) ;
#930 = VERTEX_POINT ( 'NONE', #1763 ) ;
#931 = CARTESIAN_POINT ( 'NONE',  ( 4.000000000000000000, 29.99999999999999645, 2.000000000000000000 ) ) ;
#932 = DIRECTION ( 'NONE',  ( 0.000000000000000000, 0.000000000000000000, -1.000000000000000000 ) ) ;
#933 = ORIENTED_EDGE ( 'NONE', *, *, #1136, .T. ) ;
#934 = DIRECTION ( 'NONE',  ( 0.7071067811865475727, 0.000000000000000000, -0.7071067811865475727 ) ) ;
#935 = CONICAL_SURFACE ( 'NONE', #87, 5.000000000000004441, 0.7853981633974473908 ) ;
#936 = EDGE_CURVE ( 'NONE', #1751, #1201, #1943, .T. ) ;
#937 = EDGE_CURVE ( 'NONE', #618, #1047, #263, .T. ) ;
#938 = ORIENTED_EDGE ( 'NONE', *, *, #1638, .F. ) ;
#939 = CARTESIAN_POINT ( 'NONE',  ( -4.000000000000000000, -1.191753592594206657, 4.000000000000000000 ) ) ;
#940 = VERTEX_POINT ( 'NONE', #968 ) ;
#941 = LINE ( 'NONE', #1564, #1239 ) ;
#942 = DIRECTION ( 'NONE',  ( 0.6427876096865406952, -0.7660444431189767922, 0.000000000000000000 ) ) ;
#943 = ORIENTED_EDGE ( 'NONE', *, *, #1335, .T. ) ;
#944 = CARTESIAN_POINT ( 'NONE',  ( -4.000000000000000000, 31.49999999999999289, -2.000000000000000000 ) ) ;
#945 = ADVANCED_FACE ( 'NONE', ( #44 ), #957, .F. ) ;
#946 = CIRCLE ( 'NONE', #1860, 1.999999999999998224 ) ;
#947 = CARTESIAN_POINT ( 'NONE',  ( 19.14132741310389463, 14.00000000000000178, 1.855339900708239230E-15 ) ) ;
#948 = DIRECTION ( 'NONE',  ( 0.5416752204197050613, 0.4545194776720470897, -0.7071067811865429098 ) ) ;
#949 = EDGE_LOOP ( 'NONE', ( #299, #586, #742, #1754 ) ) ;
#950 = AXIS2_PLACEMENT_3D ( 'NONE', #204, #1110, #523 ) ;
#951 = LINE ( 'NONE', #1372, #1542 ) ;
#952 = ORIENTED_EDGE ( 'NONE', *, *, #292, .T. ) ;
#953 = DIRECTION ( 'NONE',  ( 0.6427876096865402511, -0.7660444431189772363, 0.000000000000000000 ) ) ;
#954 = DIRECTION ( 'NONE',  ( 0.7071067811865487940, 0.000000000000000000, 0.7071067811865463515 ) ) ;
#955 = CARTESIAN_POINT ( 'NONE',  ( 4.701866670643068069, 2.175152637664218513, -3.499999999999992895 ) ) ;
#956 = CIRCLE ( 'NONE', #279, 4.499999999999992895 ) ;
#957 = CYLINDRICAL_SURFACE ( 'NONE', #245, 2.000000000000000000 ) ;
#958 = ADVANCED_FACE ( 'NONE', ( #507 ), #1141, .F. ) ;
#959 = SHAPE_DEFINITION_REPRESENTATION ( #462, #447 ) ;
#960 = ORIENTED_EDGE ( 'NONE', *, *, #1245, .F. ) ;
#961 = CARTESIAN_POINT ( 'NONE',  ( -2.447199994035394344, -4.084297836183633734, -4.000000000000000000 ) ) ;
#962 = ORIENTED_EDGE ( 'NONE', *, *, #505, .F. ) ;
#963 = DIRECTION ( 'NONE',  ( 0.000000000000000000, 0.000000000000000000, -1.000000000000000000 ) ) ;
#964 = DIRECTION ( 'NONE',  ( -0.7071067811865475727, 0.000000000000000000, -0.7071067811865475727 ) ) ;
#965 = VECTOR ( 'NONE', #430, 1000.000000000000000 ) ;
#966 = AXIS2_PLACEMENT_3D ( 'NONE', #491, #1134, #657 ) ;
#967 = ORIENTED_EDGE ( 'NONE', *, *, #1721, .T. ) ;
#968 = CARTESIAN_POINT ( 'NONE',  ( 12.14181414529810432, -11.49066664678465344, 4.000000000000000000 ) ) ;
#969 = EDGE_CURVE ( 'NONE', #337, #1407, #1903, .T. ) ;
#970 = ORIENTED_EDGE ( 'NONE', *, *, #1505, .T. ) ;
#971 = CARTESIAN_POINT ( 'NONE',  ( 11.17390303153606190, -10.20509142741157405, -3.500000000000006661 ) ) ;
#972 = ORIENTED_EDGE ( 'NONE', *, *, #1533, .T. ) ;
#973 = DIRECTION ( 'NONE',  ( -1.000000000000000000, 0.000000000000000000, 0.000000000000000000 ) ) ;
#974 = CARTESIAN_POINT ( 'NONE',  ( 8.109725259060157398, -12.77624186615773993, 3.500000000000012434 ) ) ;
#975 = ORIENTED_EDGE ( 'NONE', *, *, #1840, .F. ) ;
#976 = CARTESIAN_POINT ( 'NONE',  ( 11.55692525309554775, -9.883697622568305974, 4.000000000000000000 ) ) ;
#977 = AXIS2_PLACEMENT_3D ( 'NONE', #1862, #1093, #1908 ) ;
#978 = ORIENTED_EDGE ( 'NONE', *, *, #234, .F. ) ;
#979 = LINE ( 'NONE', #1426, #1508 ) ;
#980 = CONICAL_SURFACE ( 'NONE', #823, 5.000000000000004441, 0.7853981633974473908 ) ;
#981 = EDGE_CURVE ( 'NONE', #914, #1002, #373, .T. ) ;
#982 = ORIENTED_EDGE ( 'NONE', *, *, #391, .T. ) ;
#983 = ADVANCED_FACE ( 'NONE', ( #216 ), #800, .F. ) ;
#984 = DIRECTION ( 'NONE',  ( -0.5416752204196996212, -0.4545194776720449248, 0.7071067811865484609 ) ) ;
#985 = CARTESIAN_POINT ( 'NONE',  ( -2.000000000000000000, 0.000000000000000000, 4.000000000000000000 ) ) ;
#986 = VECTOR ( 'NONE', #1980, 1000.000000000000000 ) ;
#987 = VERTEX_POINT ( 'NONE', #1920 ) ;
#988 = DIRECTION ( 'NONE',  ( -0.000000000000000000, -0.000000000000000000, -1.000000000000000000 ) ) ;
#989 = CONICAL_SURFACE ( 'NONE', #111, 3.500000000000007550, 0.7853981633974482790 ) ;
#990 = ORIENTED_EDGE ( 'NONE', *, *, #86, .F. ) ;
#991 = LINE ( 'NONE', #811, #766 ) ;
#992 = VERTEX_POINT ( 'NONE', #1123 ) ;
#993 = EDGE_CURVE ( 'NONE', #285, #1486, #946, .T. ) ;
#994 = EDGE_CURVE ( 'NONE', #688, #735, #1272, .T. ) ;
#995 = CARTESIAN_POINT ( 'NONE',  ( 6.031602154043735453, -4.076735882459758820, 3.500000000000011990 ) ) ;
#996 = CIRCLE ( 'NONE', #1966, 1.499999999999992673 ) ;
#997 = VERTEX_POINT ( 'NONE', #976 ) ;
#998 = LINE ( 'NONE', #1610, #911 ) ;
#999 = EDGE_LOOP ( 'NONE', ( #419, #1489, #1151, #1481 ) ) ;
#1000 = FACE_BOUND ( 'NONE', #388, .T. ) ;
#1001 = FACE_OUTER_BOUND ( 'NONE', #1464, .T. ) ;
#1002 = VERTEX_POINT ( 'NONE', #1458 ) ;
#1003 = DIRECTION ( 'NONE',  ( 0.000000000000000000, 0.000000000000000000, 1.000000000000000000 ) ) ;
#1004 = ADVANCED_FACE ( 'NONE', ( #1581, #354, #1590 ), #206, .F. ) ;
#1005 = ORIENTED_EDGE ( 'NONE', *, *, #1353, .T. ) ;
#1006 = CARTESIAN_POINT ( 'NONE',  ( 3.499999999999992895, 32.00000000000000000, -2.000000000000000000 ) ) ;
#1007 = ORIENTED_EDGE ( 'NONE', *, *, #74, .F. ) ;
#1008 = LINE ( 'NONE', #1037, #1377 ) ;
#1009 = AXIS2_PLACEMENT_3D ( 'NONE', #1750, #362, #1917 ) ;
#1010 = DIRECTION ( 'NONE',  ( -1.000000000000000000, -0.000000000000000000, -0.000000000000000000 ) ) ;
#1011 = EDGE_LOOP ( 'NONE', ( #1602, #1895 ) ) ;
#1012 = VECTOR ( 'NONE', #324, 1000.000000000000000 ) ;
#1013 = CARTESIAN_POINT ( 'NONE',  ( 18.64132741310388752, -16.85297774861749431, -4.000000000000000000 ) ) ;
#1014 = ORIENTED_EDGE ( 'NONE', *, *, #357, .F. ) ;
#1015 = CARTESIAN_POINT ( 'NONE',  ( 6.031602154043735453, -4.076735882459758820, 3.500000000000011990 ) ) ;
#1016 = VECTOR ( 'NONE', #1354, 1000.000000000000114 ) ;
#1017 = VERTEX_POINT ( 'NONE', #195 ) ;
#1018 = EDGE_CURVE ( 'NONE', #189, #238, #102, .T. ) ;
#1019 = DIRECTION ( 'NONE',  ( -1.000000000000000000, 0.000000000000000000, 0.000000000000000000 ) ) ;
#1020 = VECTOR ( 'NONE', #171, 1000.000000000000000 ) ;
#1021 = DIRECTION ( 'NONE',  ( 0.000000000000000000, 0.000000000000000000, -1.000000000000000000 ) ) ;
#1022 = ORIENTED_EDGE ( 'NONE', *, *, #1605, .T. ) ;
#1023 = AXIS2_PLACEMENT_3D ( 'NONE', #58, #1621, #227 ) ;
#1024 = CARTESIAN_POINT ( 'NONE',  ( 4.701866670643068069, 2.175152637664218513, -3.499999999999992895 ) ) ;
#1025 = DIRECTION ( 'NONE',  ( -0.6427876096865406952, 0.7660444431189767922, 0.000000000000000000 ) ) ;
#1026 = EDGE_LOOP ( 'NONE', ( #1374, #1595 ) ) ;
#1027 = DIRECTION ( 'NONE',  ( 0.000000000000000000, 0.000000000000000000, 1.000000000000000000 ) ) ;
#1028 = VERTEX_POINT ( 'NONE', #344 ) ;
#1029 = ADVANCED_FACE ( 'NONE', ( #1423 ), #819, .F. ) ;
#1030 = FACE_OUTER_BOUND ( 'NONE', #47, .T. ) ;
#1031 = ORIENTED_EDGE ( 'NONE', *, *, #264, .F. ) ;
#1032 = DIRECTION ( 'NONE',  ( -0.6427876096865401401, 0.7660444431189772363, 0.000000000000000000 ) ) ;
#1033 = LINE ( 'NONE', #550, #658 ) ;
#1034 = ORIENTED_EDGE ( 'NONE', *, *, #1147, .T. ) ;
#1035 = CARTESIAN_POINT ( 'NONE',  ( 14.14132741310388930, -16.85297774861749431, -3.499999999999992895 ) ) ;
#1036 = ORIENTED_EDGE ( 'NONE', *, *, #65, .T. ) ;
#1037 = CARTESIAN_POINT ( 'NONE',  ( -4.000000000000000000, -3.011604763925227246, 3.499999999999992895 ) ) ;
#1038 = CARTESIAN_POINT ( 'NONE',  ( 0.7999999999999986011, 26.00000000000000355, 0.000000000000000000 ) ) ;
#1039 = EDGE_LOOP ( 'NONE', ( #449, #960, #839, #36 ) ) ;
#1040 = CARTESIAN_POINT ( 'NONE',  ( 14.14132741310388930, -16.85297774861749431, -4.000000000000000000 ) ) ;
#1041 = VECTOR ( 'NONE', #606, 1000.000000000000000 ) ;
#1042 = ADVANCED_FACE ( 'NONE', ( #91 ), #980, .T. ) ;
#1043 = EDGE_CURVE ( 'NONE', #273, #707, #1793, .T. ) ;
#1044 = DIRECTION ( 'NONE',  ( 1.000000000000000000, 0.000000000000000000, 0.000000000000000000 ) ) ;
#1045 = CARTESIAN_POINT ( 'NONE',  ( 0.000000000000000000, 0.000000000000000000, 3.499999999999997780 ) ) ;
#1046 = DIRECTION ( 'NONE',  ( 0.000000000000000000, 0.000000000000000000, 1.000000000000000000 ) ) ;
#1047 = VERTEX_POINT ( 'NONE', #702 ) ;
#1048 = CARTESIAN_POINT ( 'NONE',  ( 0.7999999999999999334, 26.00000000000000355, 1.899999999999999467 ) ) ;
#1049 = FACE_OUTER_BOUND ( 'NONE', #1039, .T. ) ;
#1050 = VECTOR ( 'NONE', #1301, 1000.000000000000227 ) ;
#1051 = ORIENTED_EDGE ( 'NONE', *, *, #540, .T. ) ;
#1052 = LINE ( 'NONE', #274, #1218 ) ;
#1053 = CIRCLE ( 'NONE', #181, 2.000000000000000000 ) ;
#1054 = LINE ( 'NONE', #1839, #965 ) ;
#1055 = AXIS2_PLACEMENT_3D ( 'NONE', #203, #826, #13 ) ;
#1056 = EDGE_CURVE ( 'NONE', #509, #883, #1537, .T. ) ;
#1057 = DIRECTION ( 'NONE',  ( -0.5416752204197007314, -0.4545194776720429264, 0.7071067811865487940 ) ) ;
#1058 = DIRECTION ( 'NONE',  ( 0.000000000000000000, 0.000000000000000000, 1.000000000000000000 ) ) ;
#1059 = AXIS2_PLACEMENT_3D ( 'NONE', #809, #1284, #534 ) ;
#1060 = EDGE_LOOP ( 'NONE', ( #466, #1320, #1633, #1127 ) ) ;
#1061 = DIRECTION ( 'NONE',  ( 0.000000000000000000, 0.000000000000000000, 1.000000000000000000 ) ) ;
#1062 = DIRECTION ( 'NONE',  ( -1.000000000000000000, 0.000000000000000000, 0.000000000000000000 ) ) ;
#1063 = ORIENTED_EDGE ( 'NONE', *, *, #198, .F. ) ;
#1064 = AXIS2_PLACEMENT_3D ( 'NONE', #1229, #1986, #902 ) ;
#1065 = FACE_OUTER_BOUND ( 'NONE', #697, .T. ) ;
#1066 = AXIS2_PLACEMENT_3D ( 'NONE', #1215, #632, #1994 ) ;
#1067 = DIRECTION ( 'NONE',  ( -1.000000000000000000, 0.000000000000000000, 0.000000000000000000 ) ) ;
#1068 = DIRECTION ( 'NONE',  ( -0.7071067811865474617, 8.659560562354932858E-17, 0.7071067811865474617 ) ) ;
#1069 = CARTESIAN_POINT ( 'NONE',  ( 8.109725259060157398, -12.77624186615773993, 3.500000000000012434 ) ) ;
#1070 = EDGE_CURVE ( 'NONE', #1317, #1963, #73, .T. ) ;
#1071 = ORIENTED_EDGE ( 'NONE', *, *, #685, .T. ) ;
#1072 = CARTESIAN_POINT ( 'NONE',  ( 12.22621630530645653, -18.45994677283383822, -4.000000000000000000 ) ) ;
#1073 = EDGE_CURVE ( 'NONE', #1818, #735, #733, .T. ) ;
#1074 = LINE ( 'NONE', #598, #289 ) ;
#1075 = ORIENTED_EDGE ( 'NONE', *, *, #97, .T. ) ;
#1076 = DIRECTION ( 'NONE',  ( 1.000000000000000000, -0.000000000000000000, -0.000000000000000000 ) ) ;
#1077 = AXIS2_PLACEMENT_3D ( 'NONE', #1554, #7, #479 ) ;
#1078 = DIRECTION ( 'NONE',  ( -0.000000000000000000, -0.000000000000000000, 1.000000000000000000 ) ) ;
#1079 = AXIS2_PLACEMENT_3D ( 'NONE', #1957, #573, #1813 ) ;
#1080 = LINE ( 'NONE', #2, #23 ) ;
#1081 = FACE_OUTER_BOUND ( 'NONE', #1416, .T. ) ;
#1082 = VECTOR ( 'NONE', #1327, 1000.000000000000227 ) ;
#1083 = VERTEX_POINT ( 'NONE', #1929 ) ;
#1084 = PLANE ( 'NONE',  #45 ) ;
#1085 = PRODUCT_RELATED_PRODUCT_CATEGORY ( 'part', '', ( #763 ) ) ;
#1086 = CARTESIAN_POINT ( 'NONE',  ( 10.69412741906849185, -19.74552199220692472, 4.000000000000000000 ) ) ;
#1087 = EDGE_LOOP ( 'NONE', ( #460, #909, #1434, #1939 ) ) ;
#1088 = DIRECTION ( 'NONE',  ( -1.000000000000000000, 0.000000000000000000, 0.000000000000000000 ) ) ;
#1089 = CIRCLE ( 'NONE', #207, 5.000000000000004441 ) ;
#1090 = CIRCLE ( 'NONE', #243, 1.899999999999999467 ) ;
#1091 = VERTEX_POINT ( 'NONE', #875 ) ;
#1092 = VECTOR ( 'NONE', #822, 1000.000000000000000 ) ;
#1093 = DIRECTION ( 'NONE',  ( 0.000000000000000000, 0.000000000000000000, 1.000000000000000000 ) ) ;
#1094 = ORIENTED_EDGE ( 'NONE', *, *, #993, .F. ) ;
#1095 = DIRECTION ( 'NONE',  ( -1.000000000000000000, 0.000000000000000000, 0.000000000000000000 ) ) ;
#1096 = DIRECTION ( 'NONE',  ( -0.6427876096865402511, 0.7660444431189772363, 0.000000000000000000 ) ) ;
#1097 = VERTEX_POINT ( 'NONE', #1781 ) ;
#1098 = CYLINDRICAL_SURFACE ( 'NONE', #1182, 1.899999999999999911 ) ;
#1099 = EDGE_CURVE ( 'NONE', #218, #1028, #470, .T. ) ;
#1100 = CIRCLE ( 'NONE', #253, 1.999999999999999556 ) ;
#1101 = FACE_OUTER_BOUND ( 'NONE', #2000, .T. ) ;
#1102 = DIRECTION ( 'NONE',  ( -1.000000000000000000, 0.000000000000000000, 0.000000000000000000 ) ) ;
#1103 = EDGE_LOOP ( 'NONE', ( #1471, #1930 ) ) ;
#1104 = CARTESIAN_POINT ( 'NONE',  ( 4.318844449083573345, 1.853758832820943336, 4.000000000000000000 ) ) ;
#1105 = ORIENTED_EDGE ( 'NONE', *, *, #673, .T. ) ;
#1106 = DIRECTION ( 'NONE',  ( 0.6427876096865402511, -0.7660444431189772363, 0.000000000000000000 ) ) ;
#1107 = ADVANCED_FACE ( 'NONE', ( #1349 ), #884, .F. ) ;
#1108 = EDGE_CURVE ( 'NONE', #610, #1796, #712, .T. ) ;
#1109 = DIRECTION ( 'NONE',  ( -1.000000000000000000, -0.000000000000000000, -0.000000000000000000 ) ) ;
#1110 = DIRECTION ( 'NONE',  ( 1.000000000000000000, 0.000000000000000000, 0.000000000000000000 ) ) ;
#1111 = APPLICATION_CONTEXT ( 'automotive_design' ) ;
#1112 = ORIENTED_EDGE ( 'NONE', *, *, #1166, .T. ) ;
#1113 = CIRCLE ( 'NONE', #1627, 2.499999999999992006 ) ;
#1114 = DIRECTION ( 'NONE',  ( 1.000000000000000000, 0.000000000000000000, 0.000000000000000000 ) ) ;
#1115 = EDGE_LOOP ( 'NONE', ( #1837, #865, #972, #1484 ) ) ;
#1116 = DIRECTION ( 'NONE',  ( 1.000000000000000000, -0.000000000000000000, -0.000000000000000000 ) ) ;
#1117 = CARTESIAN_POINT ( 'NONE',  ( 4.000000000000000000, 30.00000000000000000, -3.499999999999994227 ) ) ;
#1118 = PLANE ( 'NONE',  #1859 ) ;
#1119 = AXIS2_PLACEMENT_3D ( 'NONE', #417, #1514, #740 ) ;
#1120 = EDGE_CURVE ( 'NONE', #1467, #1582, #202, .T. ) ;
#1121 = CIRCLE ( 'NONE', #668, 1.999999999999998224 ) ;
#1122 = VECTOR ( 'NONE', #1106, 1000.000000000000000 ) ;
#1123 = CARTESIAN_POINT ( 'NONE',  ( -4.000000000000000000, -1.191753592594206657, 3.499999999999992895 ) ) ;
#1124 =( NAMED_UNIT ( * ) SI_UNIT ( $, .STERADIAN. ) SOLID_ANGLE_UNIT ( ) );
#1125 = ORIENTED_EDGE ( 'NONE', *, *, #1868, .F. ) ;
#1126 = DIRECTION ( 'NONE',  ( -1.000000000000000000, -0.000000000000000000, -0.000000000000000000 ) ) ;
#1127 = ORIENTED_EDGE ( 'NONE', *, *, #813, .F. ) ;
#1128 = LINE ( 'NONE', #1749, #1674 ) ;
#1129 = LINE ( 'NONE', #672, #1918 ) ;
#1130 = VECTOR ( 'NONE', #1163, 1000.000000000000000 ) ;
#1131 = ORIENTED_EDGE ( 'NONE', *, *, #137, .T. ) ;
#1132 = EDGE_CURVE ( 'NONE', #1002, #1135, #1243, .T. ) ;
#1133 = DIRECTION ( 'NONE',  ( 0.7071067811865507924, 0.000000000000000000, 0.7071067811865441310 ) ) ;
#1134 = DIRECTION ( 'NONE',  ( 0.000000000000000000, 0.000000000000000000, 1.000000000000000000 ) ) ;
#1135 = VERTEX_POINT ( 'NONE', #1822 ) ;
#1136 = EDGE_CURVE ( 'NONE', #1877, #1091, #1502, .T. ) ;
#1137 = LINE ( 'NONE', #1275, #1092 ) ;
#1138 = ORIENTED_EDGE ( 'NONE', *, *, #1363, .F. ) ;
#1139 = DIRECTION ( 'NONE',  ( 0.000000000000000000, 0.000000000000000000, 1.000000000000000000 ) ) ;
#1140 = FACE_OUTER_BOUND ( 'NONE', #69, .T. ) ;
#1141 = PLANE ( 'NONE',  #1059 ) ;
#1142 = VECTOR ( 'NONE', #1231, 1000.000000000000000 ) ;
#1143 = ORIENTED_EDGE ( 'NONE', *, *, #1456, .F. ) ;
#1144 = CARTESIAN_POINT ( 'NONE',  ( -2.500000000000009326, 0.000000000000000000, -4.000000000000000000 ) ) ;
#1145 = AXIS2_PLACEMENT_3D ( 'NONE', #225, #1474, #1625 ) ;
#1146 = EDGE_CURVE ( 'NONE', #1573, #1028, #1465, .T. ) ;
#1147 = EDGE_CURVE ( 'NONE', #1661, #627, #232, .T. ) ;
#1148 = ORIENTED_EDGE ( 'NONE', *, *, #812, .F. ) ;
#1149 = CARTESIAN_POINT ( 'NONE',  ( 4.499513267805785866, -5.362311101832839988, 3.500000000000012434 ) ) ;
#1150 = DIRECTION ( 'NONE',  ( 0.6427876096865406952, -0.7660444431189769032, 0.000000000000000000 ) ) ;
#1151 = ORIENTED_EDGE ( 'NONE', *, *, #1945, .T. ) ;
#1152 = DIRECTION ( 'NONE',  ( 0.000000000000000000, 0.000000000000000000, 1.000000000000000000 ) ) ;
#1153 = CIRCLE ( 'NONE', #1119, 1.899999999999999911 ) ;
#1154 = ORIENTED_EDGE ( 'NONE', *, *, #153, .F. ) ;
#1155 = DIRECTION ( 'NONE',  ( 0.000000000000000000, 0.000000000000000000, 1.000000000000000000 ) ) ;
#1156 = EDGE_CURVE ( 'NONE', #1017, #1309, #631, .T. ) ;
#1157 = CARTESIAN_POINT ( 'NONE',  ( 2.584402160008349103, -6.969280126049185675, -4.000000000000000000 ) ) ;
#1158 = AXIS2_PLACEMENT_3D ( 'NONE', #1776, #1653, #1499 ) ;
#1159 = DIRECTION ( 'NONE',  ( -0.000000000000000000, -0.000000000000000000, -1.000000000000000000 ) ) ;
#1160 = CIRCLE ( 'NONE', #1389, 2.000000000000000000 ) ;
#1161 = ORIENTED_EDGE ( 'NONE', *, *, #1281, .T. ) ;
#1162 = CARTESIAN_POINT ( 'NONE',  ( 2.584402160008345106, -6.969280126049190116, 4.000000000000000000 ) ) ;
#1163 = DIRECTION ( 'NONE',  ( 0.000000000000000000, 1.000000000000000000, 0.000000000000000000 ) ) ;
#1164 = ORIENTED_EDGE ( 'NONE', *, *, #981, .T. ) ;
#1165 = DIRECTION ( 'NONE',  ( 0.000000000000000000, -1.000000000000000000, 0.000000000000000000 ) ) ;
#1166 = EDGE_CURVE ( 'NONE', #680, #1651, #530, .T. ) ;
#1167 = EDGE_CURVE ( 'NONE', #365, #1631, #1762, .T. ) ;
#1168 = ORIENTED_EDGE ( 'NONE', *, *, #994, .F. ) ;
#1169 = DIRECTION ( 'NONE',  ( 1.000000000000000000, 0.000000000000000000, 0.000000000000000000 ) ) ;
#1170 = ORIENTED_EDGE ( 'NONE', *, *, #390, .T. ) ;
#1171 = DIRECTION ( 'NONE',  ( -1.000000000000000000, 0.000000000000000000, 0.000000000000000000 ) ) ;
#1172 = CIRCLE ( 'NONE', #11, 2.499999999999993339 ) ;
#1173 = DIRECTION ( 'NONE',  ( -0.5416752204197000653, -0.4545194776720434815, -0.7071067811865490160 ) ) ;
#1174 = ORIENTED_EDGE ( 'NONE', *, *, #1268, .F. ) ;
#1175 = VECTOR ( 'NONE', #1307, 1000.000000000000000 ) ;
#1176 = DIRECTION ( 'NONE',  ( -0.000000000000000000, -0.000000000000000000, -1.000000000000000000 ) ) ;
#1177 = ORIENTED_EDGE ( 'NONE', *, *, #1268, .T. ) ;
#1178 = CARTESIAN_POINT ( 'NONE',  ( 0.000000000000000000, 0.000000000000000000, -4.000000000000000000 ) ) ;
#1179 = ADVANCED_FACE ( 'NONE', ( #722 ), #913, .T. ) ;
#1180 = VERTEX_POINT ( 'NONE', #420 ) ;
#1181 = CARTESIAN_POINT ( 'NONE',  ( 4.499513267805785866, -5.362311101832839988, 4.000000000000000000 ) ) ;
#1182 = AXIS2_PLACEMENT_3D ( 'NONE', #1567, #1076, #1558 ) ;
#1183 = DIRECTION ( 'NONE',  ( 1.000000000000000000, 0.000000000000000000, 0.000000000000000000 ) ) ;
#1184 = ORIENTED_EDGE ( 'NONE', *, *, #212, .T. ) ;
#1185 = AXIS2_PLACEMENT_3D ( 'NONE', #173, #1420, #1399 ) ;
#1186 = VECTOR ( 'NONE', #704, 1000.000000000000000 ) ;
#1187 = DIRECTION ( 'NONE',  ( -0.000000000000000000, -0.000000000000000000, -1.000000000000000000 ) ) ;
#1188 = DIRECTION ( 'NONE',  ( -1.000000000000000000, 0.000000000000000000, 0.000000000000000000 ) ) ;
#1189 = ORIENTED_EDGE ( 'NONE', *, *, #614, .T. ) ;
#1190 = CARTESIAN_POINT ( 'NONE',  ( 19.14132741310389463, 26.00000000000000355, -1.699999999999999956 ) ) ;
#1191 = AXIS2_PLACEMENT_3D ( 'NONE', #130, #311, #1830 ) ;
#1192 = ADVANCED_FACE ( 'NONE', ( #2001 ), #894, .F. ) ;
#1193 = ORIENTED_EDGE ( 'NONE', *, *, #1405, .F. ) ;
#1194 = DIRECTION ( 'NONE',  ( -1.000000000000000000, 0.000000000000000000, 0.000000000000000000 ) ) ;
#1195 = VECTOR ( 'NONE', #284, 1000.000000000000000 ) ;
#1196 = ADVANCED_FACE ( 'NONE', ( #1671 ), #1887, .T. ) ;
#1197 = CYLINDRICAL_SURFACE ( 'NONE', #615, 1.699999999999999956 ) ;
#1198 = ORIENTED_EDGE ( 'NONE', *, *, #1985, .F. ) ;
#1199 = CARTESIAN_POINT ( 'NONE',  ( 19.14132741310389463, 14.00000000000000178, -1.699999999999997957 ) ) ;
#1200 = CARTESIAN_POINT ( 'NONE',  ( 4.701866670643068069, 2.175152637664218513, 3.499999999999992895 ) ) ;
#1201 = VERTEX_POINT ( 'NONE', #1714 ) ;
#1202 = DIRECTION ( 'NONE',  ( -0.000000000000000000, -0.000000000000000000, -1.000000000000000000 ) ) ;
#1203 = ORIENTED_EDGE ( 'NONE', *, *, #378, .F. ) ;
#1204 = CARTESIAN_POINT ( 'NONE',  ( 10.31110519750899712, -20.06691579705020345, 4.000000000000000000 ) ) ;
#1205 = LINE ( 'NONE', #908, #1650 ) ;
#1206 = ORIENTED_EDGE ( 'NONE', *, *, #439, .F. ) ;
#1207 = DIRECTION ( 'NONE',  ( 0.000000000000000000, 0.000000000000000000, 1.000000000000000000 ) ) ;
#1208 = EDGE_CURVE ( 'NONE', #1874, #783, #1568, .T. ) ;
#1209 = CIRCLE ( 'NONE', #1466, 2.500000000000002220 ) ;
#1210 = DIRECTION ( 'NONE',  ( -1.000000000000000000, 0.000000000000000000, 0.000000000000000000 ) ) ;
#1211 = CARTESIAN_POINT ( 'NONE',  ( 3.499999999999992895, 30.00000000000000000, -4.000000000000000000 ) ) ;
#1212 = CARTESIAN_POINT ( 'NONE',  ( -4.000000000000000000, -3.011604763925227246, 4.000000000000000000 ) ) ;
#1213 = ORIENTED_EDGE ( 'NONE', *, *, #777, .F. ) ;
#1214 = CARTESIAN_POINT ( 'NONE',  ( 9.641814145298111427, -11.49066664678465344, 4.000000000000000000 ) ) ;
#1215 = CARTESIAN_POINT ( 'NONE',  ( 4.499513267805785866, -5.362311101832839988, -4.000000000000000000 ) ) ;
#1216 = ORIENTED_EDGE ( 'NONE', *, *, #1313, .T. ) ;
#1217 = CARTESIAN_POINT ( 'NONE',  ( 2.000000000000000000, 0.000000000000000000, 3.499999999999997780 ) ) ;
#1218 = VECTOR ( 'NONE', #681, 1000.000000000000000 ) ;
#1219 = EDGE_CURVE ( 'NONE', #1201, #680, #1540, .T. ) ;
#1220 = CARTESIAN_POINT ( 'NONE',  ( -3.499999999999993783, -1.191753592594206657, 4.000000000000000000 ) ) ;
#1221 = DIRECTION ( 'NONE',  ( -0.000000000000000000, -0.000000000000000000, -1.000000000000000000 ) ) ;
#1222 = DIRECTION ( 'NONE',  ( -1.000000000000000000, 0.000000000000000000, 0.000000000000000000 ) ) ;
#1223 = ORIENTED_EDGE ( 'NONE', *, *, #1363, .T. ) ;
#1224 = DIRECTION ( 'NONE',  ( -0.6427876096865401401, 0.7660444431189772363, 0.000000000000000000 ) ) ;
#1225 = LINE ( 'NONE', #307, #59 ) ;
#1226 = ORIENTED_EDGE ( 'NONE', *, *, #1728, .F. ) ;
#1227 = VECTOR ( 'NONE', #1701, 1000.000000000000114 ) ;
#1228 = CARTESIAN_POINT ( 'NONE',  ( 11.64132741310388752, -16.85297774861749431, 4.000000000000000000 ) ) ;
#1229 = CARTESIAN_POINT ( 'NONE',  ( 4.499513267805785866, -5.362311101832839988, 3.500000000000012434 ) ) ;
#1230 = DIRECTION ( 'NONE',  ( -0.000000000000000000, 0.000000000000000000, -1.000000000000000000 ) ) ;
#1231 = DIRECTION ( 'NONE',  ( -0.000000000000000000, -0.000000000000000000, 1.000000000000000000 ) ) ;
#1232 = ADVANCED_FACE ( 'NONE', ( #1242, #145, #1081 ), #743, .F. ) ;
#1233 = EDGE_CURVE ( 'NONE', #1651, #57, #1113, .T. ) ;
#1234 = ORIENTED_EDGE ( 'NONE', *, *, #1548, .F. ) ;
#1235 = PLANE ( 'NONE',  #1276 ) ;
#1236 = DIRECTION ( 'NONE',  ( 0.000000000000000000, 0.000000000000000000, 1.000000000000000000 ) ) ;
#1237 = EDGE_LOOP ( 'NONE', ( #844, #1154 ) ) ;
#1238 = DIRECTION ( 'NONE',  ( -0.000000000000000000, -0.000000000000000000, -1.000000000000000000 ) ) ;
#1239 = VECTOR ( 'NONE', #35, 1000.000000000000114 ) ;
#1240 = AXIS2_PLACEMENT_3D ( 'NONE', #455, #1832, #1552 ) ;
#1241 = VERTEX_POINT ( 'NONE', #486 ) ;
#1242 = FACE_BOUND ( 'NONE', #1643, .T. ) ;
#1243 = CIRCLE ( 'NONE', #12, 1.999999999999999556 ) ;
#1244 = EDGE_LOOP ( 'NONE', ( #15, #832, #1226, #778 ) ) ;
#1245 = EDGE_CURVE ( 'NONE', #356, #1963, #132, .T. ) ;
#1246 = PLANE ( 'NONE',  #557 ) ;
#1247 = DIRECTION ( 'NONE',  ( -0.7660444431189769032, -0.6427876096865408062, 0.000000000000000000 ) ) ;
#1248 = ORIENTED_EDGE ( 'NONE', *, *, #630, .F. ) ;
#1249 = FACE_OUTER_BOUND ( 'NONE', #320, .T. ) ;
#1250 = AXIS2_PLACEMENT_3D ( 'NONE', #1783, #1629, #412 ) ;
#1251 = VECTOR ( 'NONE', #963, 1000.000000000000000 ) ;
#1252 = CARTESIAN_POINT ( 'NONE',  ( 14.14132741310388930, -16.85297774861749431, 3.499999999999996447 ) ) ;
#1253 = DIRECTION ( 'NONE',  ( -1.000000000000000000, 0.000000000000000000, 0.000000000000000000 ) ) ;
#1254 = EDGE_LOOP ( 'NONE', ( #191, #1071, #43, #1177, #852 ) ) ;
#1255 = FACE_BOUND ( 'NONE', #1946, .T. ) ;
#1256 = ORIENTED_EDGE ( 'NONE', *, *, #223, .F. ) ;
#1257 = CYLINDRICAL_SURFACE ( 'NONE', #377, 1.999999999999999556 ) ;
#1258 = EDGE_CURVE ( 'NONE', #633, #368, #1978, .T. ) ;
#1259 = AXIS2_PLACEMENT_3D ( 'NONE', #1807, #851, #1480 ) ;
#1260 = DIRECTION ( 'NONE',  ( -0.000000000000000000, -0.000000000000000000, -1.000000000000000000 ) ) ;
#1261 = FACE_OUTER_BOUND ( 'NONE', #821, .T. ) ;
#1262 = ORIENTED_EDGE ( 'NONE', *, *, #906, .F. ) ;
#1263 = CARTESIAN_POINT ( 'NONE',  ( -4.000000000000000000, 26.00000000000000355, 0.000000000000000000 ) ) ;
#1264 =( NAMED_UNIT ( * ) PLANE_ANGLE_UNIT ( ) SI_UNIT ( $, .RADIAN. ) );
#1265 = ORIENTED_EDGE ( 'NONE', *, *, #1559, .T. ) ;
#1266 = CYLINDRICAL_SURFACE ( 'NONE', #1280, 2.000000000000000000 ) ;
#1267 = ORIENTED_EDGE ( 'NONE', *, *, #1518, .F. ) ;
#1268 = EDGE_CURVE ( 'NONE', #997, #940, #1172, .T. ) ;
#1269 = CARTESIAN_POINT ( 'NONE',  ( 3.499999999999992895, 32.00000000000000000, 4.000000000000000000 ) ) ;
#1270 = FACE_BOUND ( 'NONE', #1254, .T. ) ;
#1271 = CONICAL_SURFACE ( 'NONE', #977, 2.000000000000000000, 0.7853981633974482790 ) ;
#1272 = CIRCLE ( 'NONE', #661, 1.699999999999999956 ) ;
#1273 = CARTESIAN_POINT ( 'NONE',  ( 8.109725259060157398, -12.77624186615773993, -3.500000000000007550 ) ) ;
#1274 = EDGE_LOOP ( 'NONE', ( #1609, #1283, #536, #1925 ) ) ;
#1275 = CARTESIAN_POINT ( 'NONE',  ( -4.000000000000000000, 32.00000000000000000, 2.000000000000000000 ) ) ;
#1276 = AXIS2_PLACEMENT_3D ( 'NONE', #1072, #304, #458 ) ;
#1277 = EDGE_CURVE ( 'NONE', #1407, #992, #301, .T. ) ;
#1278 = DIRECTION ( 'NONE',  ( -0.7071067811865474617, 0.000000000000000000, 0.7071067811865474617 ) ) ;
#1279 = PLANE ( 'NONE',  #1009 ) ;
#1280 = AXIS2_PLACEMENT_3D ( 'NONE', #1878, #1417, #321 ) ;
#1281 = EDGE_CURVE ( 'NONE', #167, #618, #767, .T. ) ;
#1282 = VECTOR ( 'NONE', #340, 1000.000000000000000 ) ;
#1283 = ORIENTED_EDGE ( 'NONE', *, *, #1313, .F. ) ;
#1284 = DIRECTION ( 'NONE',  ( 0.5416752204197025078, 0.4545194776720459240, 0.7071067811865455743 ) ) ;
#1285 = ORIENTED_EDGE ( 'NONE', *, *, #1902, .F. ) ;
#1286 = DIRECTION ( 'NONE',  ( -1.000000000000000000, 0.000000000000000000, 0.000000000000000000 ) ) ;
#1287 = EDGE_LOOP ( 'NONE', ( #553, #814, #394, #1857 ) ) ;
#1288 = AXIS2_PLACEMENT_3D ( 'NONE', #1770, #1176, #882 ) ;
#1289 = LINE ( 'NONE', #1217, #1577 ) ;
#1290 = CARTESIAN_POINT ( 'NONE',  ( 14.14132741310388930, -16.85297774861749431, -4.000000000000000000 ) ) ;
#1291 = AXIS2_PLACEMENT_3D ( 'NONE', #1373, #161, #841 ) ;
#1292 = EDGE_LOOP ( 'NONE', ( #1022, #1125, #1516, #749 ) ) ;
#1293 = LINE ( 'NONE', #382, #300 ) ;
#1294 = EDGE_CURVE ( 'NONE', #1963, #1575, #339, .T. ) ;
#1295 = ORIENTED_EDGE ( 'NONE', *, *, #1997, .F. ) ;
#1296 = DIRECTION ( 'NONE',  ( 0.000000000000000000, -0.000000000000000000, -1.000000000000000000 ) ) ;
#1297 = ORIENTED_EDGE ( 'NONE', *, *, #981, .F. ) ;
#1298 = CARTESIAN_POINT ( 'NONE',  ( 10.31110519750899712, -20.06691579705020345, 3.499999999999992895 ) ) ;
#1299 = DIRECTION ( 'NONE',  ( 1.000000000000000000, 0.000000000000000000, 0.000000000000000000 ) ) ;
#1300 = VERTEX_POINT ( 'NONE', #786 ) ;
#1301 = DIRECTION ( 'NONE',  ( -0.6427876096865406952, 0.7660444431189769032, 0.000000000000000000 ) ) ;
#1302 = ADVANCED_FACE ( 'NONE', ( #1400 ), #14, .F. ) ;
#1303 = ORIENTED_EDGE ( 'NONE', *, *, #1505, .F. ) ;
#1304 = CARTESIAN_POINT ( 'NONE',  ( 14.14132741310388930, 29.99999999999999645, 2.000000000000000000 ) ) ;
#1305 = DIRECTION ( 'NONE',  ( -0.7071067811865465735, 0.000000000000000000, -0.7071067811865484609 ) ) ;
#1306 = EDGE_LOOP ( 'NONE', ( #1628, #893, #1174, #63 ) ) ;
#1307 = DIRECTION ( 'NONE',  ( -1.000000000000000000, -0.000000000000000000, -0.000000000000000000 ) ) ;
#1308 = VECTOR ( 'NONE', #1592, 1000.000000000000114 ) ;
#1309 = VERTEX_POINT ( 'NONE', #291 ) ;
#1310 = DIRECTION ( 'NONE',  ( 0.000000000000000000, 0.000000000000000000, -1.000000000000000000 ) ) ;
#1311 = CARTESIAN_POINT ( 'NONE',  ( 4.499513267805785866, -5.362311101832839988, -4.000000000000000000 ) ) ;
#1312 = EDGE_LOOP ( 'NONE', ( #1265, #293, #1863, #596 ) ) ;
#1313 = EDGE_CURVE ( 'NONE', #1300, #1439, #915, .T. ) ;
#1314 = ADVANCED_FACE ( 'NONE', ( #1988 ), #1691, .F. ) ;
#1315 = DIRECTION ( 'NONE',  ( -0.000000000000000000, -0.000000000000000000, -1.000000000000000000 ) ) ;
#1316 = VECTOR ( 'NONE', #259, 1000.000000000000000 ) ;
#1317 = VERTEX_POINT ( 'NONE', #779 ) ;
#1318 = DIRECTION ( 'NONE',  ( -1.000000000000000000, 0.000000000000000000, 0.000000000000000000 ) ) ;
#1319 = CIRCLE ( 'NONE', #1616, 1.699999999999999956 ) ;
#1320 = ORIENTED_EDGE ( 'NONE', *, *, #65, .F. ) ;
#1321 = DIRECTION ( 'NONE',  ( 1.000000000000000000, -0.000000000000000000, -0.000000000000000000 ) ) ;
#1322 = DIRECTION ( 'NONE',  ( 0.000000000000000000, 0.000000000000000000, 1.000000000000000000 ) ) ;
#1323 = ORIENTED_EDGE ( 'NONE', *, *, #1108, .T. ) ;
#1324 = ADVANCED_FACE ( 'NONE', ( #625 ), #1271, .F. ) ;
#1325 = CARTESIAN_POINT ( 'NONE',  ( 0.7999999999999986011, 14.00000000000000178, 1.855339900708239230E-15 ) ) ;
#1326 = ORIENTED_EDGE ( 'NONE', *, *, #51, .F. ) ;
#1327 = DIRECTION ( 'NONE',  ( 0.5416752204197018417, 0.4545194776720442587, 0.7071067811865470176 ) ) ;
#1328 = ORIENTED_EDGE ( 'NONE', *, *, #1806, .F. ) ;
#1329 = CONICAL_SURFACE ( 'NONE', #172, 4.499999999999992895, 0.7853981633974482790 ) ;
#1330 = CARTESIAN_POINT ( 'NONE',  ( 6.414624375603216855, -3.755342077616492968, 4.000000000000000000 ) ) ;
#1331 = ORIENTED_EDGE ( 'NONE', *, *, #549, .F. ) ;
#1332 = CARTESIAN_POINT ( 'NONE',  ( 0.7999999999999986011, 14.00000000000000178, 1.700000000000001954 ) ) ;
#1333 = AXIS2_PLACEMENT_3D ( 'NONE', #393, #1169, #855 ) ;
#1334 = CARTESIAN_POINT ( 'NONE',  ( 17.97154962869877792, -13.63903970018479583, -3.499999999999992895 ) ) ;
#1335 = EDGE_CURVE ( 'NONE', #1091, #1877, #820, .T. ) ;
#1336 = ORIENTED_EDGE ( 'NONE', *, *, #1146, .F. ) ;
#1337 = DIRECTION ( 'NONE',  ( 0.7071067811865474617, -0.7071067811865474617, 0.000000000000000000 ) ) ;
#1338 = AXIS2_PLACEMENT_3D ( 'NONE', #1612, #1603, #1734 ) ;
#1339 = EDGE_CURVE ( 'NONE', #793, #707, #1607, .T. ) ;
#1340 = ORIENTED_EDGE ( 'NONE', *, *, #1902, .T. ) ;
#1341 = CARTESIAN_POINT ( 'NONE',  ( -4.000000000000000000, 26.00000000000000355, 1.699999999999999956 ) ) ;
#1342 = VECTOR ( 'NONE', #140, 1000.000000000000000 ) ;
#1343 = CARTESIAN_POINT ( 'NONE',  ( -3.499999999999992895, 32.00000000000000000, 2.000000000000000000 ) ) ;
#1344 = ORIENTED_EDGE ( 'NONE', *, *, #871, .F. ) ;
#1345 = VECTOR ( 'NONE', #1321, 1000.000000000000000 ) ;
#1346 = CARTESIAN_POINT ( 'NONE',  ( 9.641814145298111427, -11.49066664678465344, -4.000000000000000000 ) ) ;
#1347 = DIRECTION ( 'NONE',  ( 1.000000000000000000, 0.000000000000000000, 0.000000000000000000 ) ) ;
#1348 = CARTESIAN_POINT ( 'NONE',  ( 19.14132741310389463, -16.85297774861749431, -3.499999999999992895 ) ) ;
#1349 = FACE_OUTER_BOUND ( 'NONE', #229, .T. ) ;
#1350 = CIRCLE ( 'NONE', #1843, 1.999999999999999556 ) ;
#1351 = EDGE_LOOP ( 'NONE', ( #1203, #499, #879, #648 ) ) ;
#1352 = ADVANCED_FACE ( 'NONE', ( #1261 ), #1329, .T. ) ;
#1353 = EDGE_CURVE ( 'NONE', #992, #1618, #1129, .T. ) ;
#1354 = DIRECTION ( 'NONE',  ( 0.6427876096865406952, -0.7660444431189767922, 0.000000000000000000 ) ) ;
#1355 = CIRCLE ( 'NONE', #520, 1.699999999999999956 ) ;
#1356 = DIRECTION ( 'NONE',  ( 0.000000000000000000, 0.000000000000000000, 1.000000000000000000 ) ) ;
#1357 = ORIENTED_EDGE ( 'NONE', *, *, #848, .T. ) ;
#1358 = DIRECTION ( 'NONE',  ( 0.7071067811865474617, 0.000000000000000000, 0.7071067811865474617 ) ) ;
#1359 = DIRECTION ( 'NONE',  ( -1.000000000000000000, 0.000000000000000000, 0.000000000000000000 ) ) ;
#1360 = VERTEX_POINT ( 'NONE', #955 ) ;
#1361 = DIRECTION ( 'NONE',  ( 0.6427876096865402511, -0.7660444431189772363, 0.000000000000000000 ) ) ;
#1362 = CYLINDRICAL_SURFACE ( 'NONE', #1953, 1.999999999999999556 ) ;
#1363 = EDGE_CURVE ( 'NONE', #1317, #618, #1881, .T. ) ;
#1364 = DIRECTION ( 'NONE',  ( 1.000000000000000000, 0.000000000000000000, 0.000000000000000000 ) ) ;
#1365 = VERTEX_POINT ( 'NONE', #371 ) ;
#1366 = CARTESIAN_POINT ( 'NONE',  ( 4.000000000000000000, 32.00000000000000000, -3.499999999999992895 ) ) ;
#1367 = CONICAL_SURFACE ( 'NONE', #501, 2.000000000000000000, 0.7853981633974530530 ) ;
#1368 = FACE_OUTER_BOUND ( 'NONE', #1287, .T. ) ;
#1369 = DIRECTION ( 'NONE',  ( 0.7071067811865474617, 0.000000000000000000, 0.7071067811865474617 ) ) ;
#1370 = DIRECTION ( 'NONE',  ( 0.6427876096865406952, -0.7660444431189769032, 0.000000000000000000 ) ) ;
#1371 = ORIENTED_EDGE ( 'NONE', *, *, #1294, .T. ) ;
#1372 = CARTESIAN_POINT ( 'NONE',  ( -4.000000000000000000, 32.00000000000000000, -2.000000000000000000 ) ) ;
#1373 = CARTESIAN_POINT ( 'NONE',  ( -4.000000000000000000, 30.00000000000000000, -2.000000000000000000 ) ) ;
#1374 = ORIENTED_EDGE ( 'NONE', *, *, #428, .T. ) ;
#1375 = CARTESIAN_POINT ( 'NONE',  ( 4.000000000000000000, 3.011604763925229911, -3.499999999999992895 ) ) ;
#1376 = CIRCLE ( 'NONE', #442, 4.499999999999997335 ) ;
#1377 = VECTOR ( 'NONE', #858, 1000.000000000000000 ) ;
#1378 = EDGE_CURVE ( 'NONE', #1180, #1300, #827, .T. ) ;
#1379 = ADVANCED_FACE ( 'NONE', ( #837 ), #1367, .F. ) ;
#1380 = DIRECTION ( 'NONE',  ( 0.000000000000000000, 0.000000000000000000, 1.000000000000000000 ) ) ;
#1381 = DIRECTION ( 'NONE',  ( -1.000000000000000000, 0.000000000000000000, 0.000000000000000000 ) ) ;
#1382 = CARTESIAN_POINT ( 'NONE',  ( 14.14132741310388930, -16.85297774861749431, 4.000000000000000000 ) ) ;
#1383 = ORIENTED_EDGE ( 'NONE', *, *, #787, .F. ) ;
#1384 = DIRECTION ( 'NONE',  ( -1.000000000000000000, 0.000000000000000000, 0.000000000000000000 ) ) ;
#1385 = VECTOR ( 'NONE', #1390, 1000.000000000000000 ) ;
#1386 = CARTESIAN_POINT ( 'NONE',  ( -4.000000000000000000, 14.00000000000000178, 1.855339900708239230E-15 ) ) ;
#1387 = EDGE_LOOP ( 'NONE', ( #1951, #1672, #567, #1328 ) ) ;
#1388 = DIRECTION ( 'NONE',  ( -0.000000000000000000, -0.000000000000000000, -1.000000000000000000 ) ) ;
#1389 = AXIS2_PLACEMENT_3D ( 'NONE', #2005, #1236, #19 ) ;
#1390 = DIRECTION ( 'NONE',  ( 0.000000000000000000, -1.000000000000000000, 0.000000000000000000 ) ) ;
#1391 = ADVANCED_FACE ( 'NONE', ( #1570, #682, #1270, #805 ), #1279, .F. ) ;
#1392 = FACE_BOUND ( 'NONE', #233, .T. ) ;
#1393 = DIRECTION ( 'NONE',  ( 1.000000000000000000, 0.000000000000000000, 0.000000000000000000 ) ) ;
#1394 = DIRECTION ( 'NONE',  ( -0.000000000000000000, -0.000000000000000000, -1.000000000000000000 ) ) ;
#1395 = DIRECTION ( 'NONE',  ( -0.000000000000000000, -0.000000000000000000, -1.000000000000000000 ) ) ;
#1396 = ORIENTED_EDGE ( 'NONE', *, *, #39, .T. ) ;
#1397 = CYLINDRICAL_SURFACE ( 'NONE', #315, 2.000000000000000000 ) ;
#1398 = VECTOR ( 'NONE', #42, 1000.000000000000000 ) ;
#1399 = DIRECTION ( 'NONE',  ( 0.000000000000000000, 0.000000000000000000, -1.000000000000000000 ) ) ;
#1400 = FACE_OUTER_BOUND ( 'NONE', #1292, .T. ) ;
#1401 = VECTOR ( 'NONE', #401, 1000.000000000000000 ) ;
#1402 = ORIENTED_EDGE ( 'NONE', *, *, #1136, .F. ) ;
#1403 = CARTESIAN_POINT ( 'NONE',  ( 4.318844449083573345, 1.853758832820943336, -4.000000000000000000 ) ) ;
#1404 = EDGE_CURVE ( 'NONE', #1551, #688, #1454, .T. ) ;
#1405 = EDGE_CURVE ( 'NONE', #1582, #1467, #467, .T. ) ;
#1406 = CARTESIAN_POINT ( 'NONE',  ( 11.17390303153606190, -10.20509142741157405, 4.000000000000000000 ) ) ;
#1407 = VERTEX_POINT ( 'NONE', #1579 ) ;
#1408 = DIRECTION ( 'NONE',  ( 0.7660444431189769032, 0.6427876096865408062, -0.000000000000000000 ) ) ;
#1409 = AXIS2_PLACEMENT_3D ( 'NONE', #1438, #1755, #1583 ) ;
#1410 = CIRCLE ( 'NONE', #211, 4.499999999999997335 ) ;
#1411 = CARTESIAN_POINT ( 'NONE',  ( 19.14132741310389463, 14.00000000000000178, 1.700000000000001954 ) ) ;
#1412 = CARTESIAN_POINT ( 'NONE',  ( 2.500000000000002220, 0.000000000000000000, 4.000000000000000000 ) ) ;
#1413 = ORIENTED_EDGE ( 'NONE', *, *, #1120, .F. ) ;
#1414 = DIRECTION ( 'NONE',  ( -1.000000000000000000, -0.000000000000000000, -0.000000000000000000 ) ) ;
#1415 = ADVANCED_FACE ( 'NONE', ( #504 ), #1118, .T. ) ;
#1416 = EDGE_LOOP ( 'NONE', ( #29, #1462, #1789, #1105, #478, #1520 ) ) ;
#1417 = DIRECTION ( 'NONE',  ( 1.000000000000000000, 0.000000000000000000, 0.000000000000000000 ) ) ;
#1418 = AXIS2_PLACEMENT_3D ( 'NONE', #404, #1511, #83 ) ;
#1419 = AXIS2_PLACEMENT_3D ( 'NONE', #1086, #319, #1982 ) ;
#1420 = DIRECTION ( 'NONE',  ( 1.000000000000000000, 0.000000000000000000, 0.000000000000000000 ) ) ;
#1421 = DIRECTION ( 'NONE',  ( 0.000000000000000000, 0.000000000000000000, 1.000000000000000000 ) ) ;
#1422 = ORIENTED_EDGE ( 'NONE', *, *, #919, .F. ) ;
#1423 = FACE_OUTER_BOUND ( 'NONE', #533, .T. ) ;
#1424 = LINE ( 'NONE', #46, #1586 ) ;
#1425 = ORIENTED_EDGE ( 'NONE', *, *, #51, .T. ) ;
#1426 = CARTESIAN_POINT ( 'NONE',  ( 4.000000000000000000, 30.00000000000000000, -4.000000000000000000 ) ) ;
#1427 = ADVANCED_FACE ( 'NONE', ( #1140 ), #1444, .F. ) ;
#1428 = ORIENTED_EDGE ( 'NONE', *, *, #74, .T. ) ;
#1429 = EDGE_CURVE ( 'NONE', #627, #1201, #193, .T. ) ;
#1430 = AXIS2_PLACEMENT_3D ( 'NONE', #931, #1834, #1061 ) ;
#1431 = CARTESIAN_POINT ( 'NONE',  ( 4.701866670643068069, 2.175152637664218513, 4.000000000000000000 ) ) ;
#1432 = CARTESIAN_POINT ( 'NONE',  ( 11.17390303153606190, -10.20509142741157405, -3.500000000000006661 ) ) ;
#1433 = AXIS2_PLACEMENT_3D ( 'NONE', #617, #1851, #465 ) ;
#1434 = ORIENTED_EDGE ( 'NONE', *, *, #1167, .F. ) ;
#1435 = AXIS2_PLACEMENT_3D ( 'NONE', #1968, #864, #1027 ) ;
#1436 = DIRECTION ( 'NONE',  ( -0.000000000000000000, -0.000000000000000000, 1.000000000000000000 ) ) ;
#1437 = ORIENTED_EDGE ( 'NONE', *, *, #541, .T. ) ;
#1438 = CARTESIAN_POINT ( 'NONE',  ( -4.000000000000000000, 30.00000000000000000, -2.000000000000000000 ) ) ;
#1439 = VERTEX_POINT ( 'NONE', #974 ) ;
#1440 = AXIS2_PLACEMENT_3D ( 'NONE', #68, #1922, #1296 ) ;
#1441 = EDGE_CURVE ( 'NONE', #1661, #997, #174, .T. ) ;
#1442 = ADVANCED_FACE ( 'NONE', ( #25 ), #1498, .F. ) ;
#1443 = LINE ( 'NONE', #182, #698 ) ;
#1444 = CYLINDRICAL_SURFACE ( 'NONE', #134, 1.899999999999999467 ) ;
#1445 = AXIS2_PLACEMENT_3D ( 'NONE', #651, #934, #772 ) ;
#1446 = CIRCLE ( 'NONE', #928, 1.899999999999999911 ) ;
#1447 = ORIENTED_EDGE ( 'NONE', *, *, #1594, .F. ) ;
#1448 = DIRECTION ( 'NONE',  ( -1.000000000000000000, 0.000000000000000000, 0.000000000000000000 ) ) ;
#1449 = VERTEX_POINT ( 'NONE', #1412 ) ;
#1450 = CARTESIAN_POINT ( 'NONE',  ( 16.14132741310388752, -16.85297774861749431, 3.499999999999996447 ) ) ;
#1451 = ORIENTED_EDGE ( 'NONE', *, *, #1441, .T. ) ;
#1452 = VECTOR ( 'NONE', #1932, 1000.000000000000114 ) ;
#1453 = CARTESIAN_POINT ( 'NONE',  ( 12.14132741310389108, -16.85297774861749431, -3.500000000000003109 ) ) ;
#1454 = LINE ( 'NONE', #62, #200 ) ;
#1455 = CIRCLE ( 'NONE', #358, 1.699999999999999956 ) ;
#1456 = EDGE_CURVE ( 'NONE', #6, #1874, #646, .T. ) ;
#1457 = ORIENTED_EDGE ( 'NONE', *, *, #969, .T. ) ;
#1458 = CARTESIAN_POINT ( 'NONE',  ( 2.967424381567829172, -6.647886321205922044, -3.500000000000006661 ) ) ;
#1459 = PRODUCT_CONTEXT ( 'NONE', #1111, 'mechanical' ) ;
#1460 = ORIENTED_EDGE ( 'NONE', *, *, #835, .T. ) ;
#1461 = PLANE ( 'NONE',  #1440 ) ;
#1462 = ORIENTED_EDGE ( 'NONE', *, *, #1778, .T. ) ;
#1463 = DIRECTION ( 'NONE',  ( 0.000000000000000000, 0.000000000000000000, -1.000000000000000000 ) ) ;
#1464 = EDGE_LOOP ( 'NONE', ( #1014, #106, #1774, #1553 ) ) ;
#1465 = LINE ( 'NONE', #1006, #269 ) ;
#1466 = AXIS2_PLACEMENT_3D ( 'NONE', #265, #1779, #1623 ) ;
#1467 = VERTEX_POINT ( 'NONE', #690 ) ;
#1468 = EDGE_CURVE ( 'NONE', #1661, #610, #241, .T. ) ;
#1469 = DIRECTION ( 'NONE',  ( -0.000000000000000000, -0.000000000000000000, -1.000000000000000000 ) ) ;
#1470 = CARTESIAN_POINT ( 'NONE',  ( 7.726703037500676885, -13.09763567100100268, -4.000000000000000000 ) ) ;
#1471 = ORIENTED_EDGE ( 'NONE', *, *, #1971, .T. ) ;
#1472 = CARTESIAN_POINT ( 'NONE',  ( 4.318844449083573345, 1.853758832820943336, -4.000000000000000000 ) ) ;
#1473 = EDGE_LOOP ( 'NONE', ( #744, #92, #95, #788 ) ) ;
#1474 = DIRECTION ( 'NONE',  ( -0.7071067811865475727, -0.7071067811865475727, -0.000000000000000000 ) ) ;
#1475 = AXIS2_PLACEMENT_3D ( 'NONE', #495, #1596, #1900 ) ;
#1476 = AXIS2_PLACEMENT_3D ( 'NONE', #1655, #1490, #1828 ) ;
#1477 = ORIENTED_EDGE ( 'NONE', *, *, #1973, .T. ) ;
#1478 = SURFACE_STYLE_USAGE ( .BOTH. , #423 ) ;
#1479 = EDGE_CURVE ( 'NONE', #1135, #1651, #1033, .T. ) ;
#1480 = DIRECTION ( 'NONE',  ( -1.000000000000000000, 0.000000000000000000, 0.000000000000000000 ) ) ;
#1481 = ORIENTED_EDGE ( 'NONE', *, *, #177, .F. ) ;
#1482 = DIRECTION ( 'NONE',  ( -1.000000000000000000, 0.000000000000000000, 0.000000000000000000 ) ) ;
#1483 = CONICAL_SURFACE ( 'NONE', #1555, 4.499999999999992895, 0.7853981633974482790 ) ;
#1484 = ORIENTED_EDGE ( 'NONE', *, *, #1721, .F. ) ;
#1485 = CARTESIAN_POINT ( 'NONE',  ( 4.499513267805785866, -5.362311101832839988, -4.000000000000000000 ) ) ;
#1486 = VERTEX_POINT ( 'NONE', #559 ) ;
#1487 = DIRECTION ( 'NONE',  ( -1.000000000000000000, 0.000000000000000000, 0.000000000000000000 ) ) ;
#1488 = DIRECTION ( 'NONE',  ( 1.000000000000000000, -0.000000000000000000, -0.000000000000000000 ) ) ;
#1489 = ORIENTED_EDGE ( 'NONE', *, *, #357, .T. ) ;
#1490 = DIRECTION ( 'NONE',  ( -0.7660444431189772363, -0.6427876096865402511, 0.000000000000000000 ) ) ;
#1491 = EDGE_CURVE ( 'NONE', #783, #1360, #1786, .T. ) ;
#1492 = ADVANCED_FACE ( 'NONE', ( #399 ), #628, .F. ) ;
#1493 = DIRECTION ( 'NONE',  ( -1.000000000000000000, 0.000000000000000000, 0.000000000000000000 ) ) ;
#1494 = ORIENTED_EDGE ( 'NONE', *, *, #1277, .F. ) ;
#1495 = CARTESIAN_POINT ( 'NONE',  ( -4.000000000000000000, 29.99999999999999645, 2.000000000000000000 ) ) ;
#1496 = ORIENTED_EDGE ( 'NONE', *, *, #235, .T. ) ;
#1497 = CARTESIAN_POINT ( 'NONE',  ( 0.7999999999999986011, 14.00000000000000178, -1.699999999999997957 ) ) ;
#1498 = CONICAL_SURFACE ( 'NONE', #1536, 2.499999999999995115, 0.7853981633974479459 ) ;
#1499 = DIRECTION ( 'NONE',  ( -1.000000000000000000, 0.000000000000000000, 0.000000000000000000 ) ) ;
#1500 = VERTEX_POINT ( 'NONE', #1658 ) ;
#1501 = PLANE ( 'NONE',  #79 ) ;
#1502 = CIRCLE ( 'NONE', #1333, 1.899999999999999911 ) ;
#1503 = DIRECTION ( 'NONE',  ( 0.000000000000000000, 0.000000000000000000, 1.000000000000000000 ) ) ;
#1504 = ADVANCED_FACE ( 'NONE', ( #70 ), #1664, .F. ) ;
#1505 = EDGE_CURVE ( 'NONE', #57, #1751, #109, .T. ) ;
#1506 = VERTEX_POINT ( 'NONE', #1013 ) ;
#1507 = DIRECTION ( 'NONE',  ( -0.000000000000000000, -0.000000000000000000, -1.000000000000000000 ) ) ;
#1508 = VECTOR ( 'NONE', #1116, 1000.000000000000000 ) ;
#1509 = EDGE_LOOP ( 'NONE', ( #1892, #20, #1799, #1143 ) ) ;
#1510 = LINE ( 'NONE', #283, #1016 ) ;
#1511 = DIRECTION ( 'NONE',  ( -0.000000000000000000, -0.000000000000000000, -1.000000000000000000 ) ) ;
#1512 = ORIENTED_EDGE ( 'NONE', *, *, #1404, .T. ) ;
#1513 = VECTOR ( 'NONE', #1369, 1000.000000000000114 ) ;
#1514 = DIRECTION ( 'NONE',  ( 1.000000000000000000, 0.000000000000000000, 0.000000000000000000 ) ) ;
#1515 = DIRECTION ( 'NONE',  ( -0.000000000000000000, -0.000000000000000000, -1.000000000000000000 ) ) ;
#1516 = ORIENTED_EDGE ( 'NONE', *, *, #4, .F. ) ;
#1517 = CARTESIAN_POINT ( 'NONE',  ( 7.000000000000000000, 4.103515466723838934, -4.000000000000000000 ) ) ;
#1518 = EDGE_CURVE ( 'NONE', #883, #509, #1209, .T. ) ;
#1519 = CONICAL_SURFACE ( 'NONE', #580, 2.499999999999995115, 0.7853981633974479459 ) ;
#1520 = ORIENTED_EDGE ( 'NONE', *, *, #812, .T. ) ;
#1521 = FACE_OUTER_BOUND ( 'NONE', #723, .T. ) ;
#1522 = CARTESIAN_POINT ( 'NONE',  ( 10.69412741906849895, -19.74552199220692827, -4.000000000000000000 ) ) ;
#1523 = ORIENTED_EDGE ( 'NONE', *, *, #1108, .F. ) ;
#1524 = DIRECTION ( 'NONE',  ( -1.000000000000000000, 0.000000000000000000, 0.000000000000000000 ) ) ;
#1525 = DIRECTION ( 'NONE',  ( -0.000000000000000000, -0.000000000000000000, -1.000000000000000000 ) ) ;
#1526 = FACE_OUTER_BOUND ( 'NONE', #949, .T. ) ;
#1527 = CARTESIAN_POINT ( 'NONE',  ( 4.499513267805785866, -5.362311101832839988, -4.000000000000000000 ) ) ;
#1528 = VERTEX_POINT ( 'NONE', #1334 ) ;
#1529 = DIRECTION ( 'NONE',  ( 1.000000000000000000, 0.000000000000000000, 0.000000000000000000 ) ) ;
#1530 = CONICAL_SURFACE ( 'NONE', #1430, 1.499999999999992673, 0.7853981633974482790 ) ;
#1531 = EDGE_CURVE ( 'NONE', #527, #356, #700, .T. ) ;
#1532 = DIRECTION ( 'NONE',  ( -0.7071067811865474617, 8.659560562354932858E-17, 0.7071067811865474617 ) ) ;
#1533 = EDGE_CURVE ( 'NONE', #1135, #1241, #1100, .T. ) ;
#1534 = ORIENTED_EDGE ( 'NONE', *, *, #1120, .T. ) ;
#1535 = CARTESIAN_POINT ( 'NONE',  ( 8.109725259060157398, -12.77624186615773993, 4.000000000000000000 ) ) ;
#1536 = AXIS2_PLACEMENT_3D ( 'NONE', #1290, #1759, #796 ) ;
#1537 = CIRCLE ( 'NONE', #369, 2.500000000000002220 ) ;
#1538 = LINE ( 'NONE', #298, #186 ) ;
#1539 = FACE_BOUND ( 'NONE', #1928, .T. ) ;
#1540 = LINE ( 'NONE', #123, #1041 ) ;
#1541 = EDGE_LOOP ( 'NONE', ( #1005, #115, #1326, #701 ) ) ;
#1542 = VECTOR ( 'NONE', #168, 1000.000000000000000 ) ;
#1543 = CARTESIAN_POINT ( 'NONE',  ( -2.830222215594889512, -4.405691641026908023, 4.000000000000000000 ) ) ;
#1544 = LINE ( 'NONE', #770, #582 ) ;
#1545 = EDGE_LOOP ( 'NONE', ( #1494, #397, #1639, #650 ) ) ;
#1546 = FACE_OUTER_BOUND ( 'NONE', #1666, .T. ) ;
#1547 = VECTOR ( 'NONE', #785, 1000.000000000000000 ) ;
#1548 = EDGE_CURVE ( 'NONE', #1486, #285, #514, .T. ) ;
#1549 = AXIS2_PLACEMENT_3D ( 'NONE', #1204, #745, #104 ) ;
#1550 = LINE ( 'NONE', #612, #1227 ) ;
#1551 = VERTEX_POINT ( 'NONE', #1926 ) ;
#1552 = DIRECTION ( 'NONE',  ( -0.6427876096865402511, 0.7660444431189772363, 0.000000000000000000 ) ) ;
#1553 = ORIENTED_EDGE ( 'NONE', *, *, #1888, .T. ) ;
#1554 = CARTESIAN_POINT ( 'NONE',  ( 7.000000000000000000, 4.103515466723838934, -3.499999999999992895 ) ) ;
#1555 = AXIS2_PLACEMENT_3D ( 'NONE', #873, #1463, #1493 ) ;
#1556 = DIRECTION ( 'NONE',  ( 0.000000000000000000, 0.000000000000000000, 1.000000000000000000 ) ) ;
#1557 = ORIENTED_EDGE ( 'NONE', *, *, #549, .T. ) ;
#1558 = DIRECTION ( 'NONE',  ( 0.000000000000000000, 0.000000000000000000, -1.000000000000000000 ) ) ;
#1559 = EDGE_CURVE ( 'NONE', #1874, #1955, #88, .T. ) ;
#1560 = EDGE_CURVE ( 'NONE', #1083, #1654, #1936, .T. ) ;
#1561 = DIRECTION ( 'NONE',  ( 1.000000000000000000, 0.000000000000000000, 0.000000000000000000 ) ) ;
#1562 = DIRECTION ( 'NONE',  ( -0.000000000000000000, -0.000000000000000000, -1.000000000000000000 ) ) ;
#1563 = ORIENTED_EDGE ( 'NONE', *, *, #1339, .T. ) ;
#1564 = CARTESIAN_POINT ( 'NONE',  ( 3.499999999999992895, 29.99999999999999645, 4.000000000000000000 ) ) ;
#1565 = CARTESIAN_POINT ( 'NONE',  ( 10.69412741906849895, -19.74552199220692827, 4.000000000000000000 ) ) ;
#1566 = ORIENTED_EDGE ( 'NONE', *, *, #813, .T. ) ;
#1567 = CARTESIAN_POINT ( 'NONE',  ( 0.7999999999999999334, 14.00000000000000178, 1.855339900708239230E-15 ) ) ;
#1568 = CIRCLE ( 'NONE', #1981, 3.500000000000007550 ) ;
#1569 = CARTESIAN_POINT ( 'NONE',  ( 2.000000000000000000, 2.449293598294706414E-16, 4.000000000000000000 ) ) ;
#1570 = FACE_BOUND ( 'NONE', #1011, .T. ) ;
#1571 = EDGE_CURVE ( 'NONE', #258, #721, #1811, .T. ) ;
#1572 = ADVANCED_FACE ( 'NONE', ( #1798 ), #1483, .T. ) ;
#1573 = VERTEX_POINT ( 'NONE', #542 ) ;
#1574 = FACE_OUTER_BOUND ( 'NONE', #1244, .T. ) ;
#1575 = VERTEX_POINT ( 'NONE', #389 ) ;
#1576 = CARTESIAN_POINT ( 'NONE',  ( 0.000000000000000000, 0.000000000000000000, 4.000000000000000000 ) ) ;
#1577 = VECTOR ( 'NONE', #1358, 1000.000000000000114 ) ;
#1578 = PLANE ( 'NONE',  #699 ) ;
#1579 = CARTESIAN_POINT ( 'NONE',  ( -4.000000000000000000, -1.191753592594206657, -3.499999999999992895 ) ) ;
#1580 = EDGE_CURVE ( 'NONE', #57, #1002, #98, .T. ) ;
#1581 = FACE_BOUND ( 'NONE', #1237, .T. ) ;
#1582 = VERTEX_POINT ( 'NONE', #230 ) ;
#1583 = DIRECTION ( 'NONE',  ( 0.000000000000000000, 0.000000000000000000, -1.000000000000000000 ) ) ;
#1584 = CIRCLE ( 'NONE', #1646, 3.500000000000007550 ) ;
#1585 = EDGE_LOOP ( 'NONE', ( #1323, #1741, #55, #84, #808 ) ) ;
#1586 = VECTOR ( 'NONE', #217, 1000.000000000000227 ) ;
#1587 = LINE ( 'NONE', #1431, #1547 ) ;
#1588 = DIRECTION ( 'NONE',  ( 0.000000000000000000, 0.000000000000000000, -1.000000000000000000 ) ) ;
#1589 = ORIENTED_EDGE ( 'NONE', *, *, #838, .F. ) ;
#1590 = FACE_OUTER_BOUND ( 'NONE', #666, .T. ) ;
#1591 = EDGE_LOOP ( 'NONE', ( #1357, #978, #824, #1148 ) ) ;
#1592 = DIRECTION ( 'NONE',  ( -0.7071067811865474617, 0.000000000000000000, -0.7071067811865474617 ) ) ;
#1593 = PRODUCT_DEFINITION ( '普通', '', #89, #422 ) ;
#1594 = EDGE_CURVE ( 'NONE', #72, #1317, #705, .T. ) ;
#1595 = ORIENTED_EDGE ( 'NONE', *, *, #410, .T. ) ;
#1596 = DIRECTION ( 'NONE',  ( -0.000000000000000000, -0.000000000000000000, 1.000000000000000000 ) ) ;
#1597 = CARTESIAN_POINT ( 'NONE',  ( 11.17390303153606368, -10.20509142741157227, 3.500000000000012434 ) ) ;
#1598 = VECTOR ( 'NONE', #1370, 1000.000000000000227 ) ;
#1599 = ORIENTED_EDGE ( 'NONE', *, *, #66, .F. ) ;
#1600 = VECTOR ( 'NONE', #81, 1000.000000000000000 ) ;
#1601 = DIRECTION ( 'NONE',  ( 0.000000000000000000, 0.000000000000000000, 1.000000000000000000 ) ) ;
#1602 = ORIENTED_EDGE ( 'NONE', *, *, #1518, .T. ) ;
#1603 = DIRECTION ( 'NONE',  ( 0.000000000000000000, 0.000000000000000000, 1.000000000000000000 ) ) ;
#1604 = VERTEX_POINT ( 'NONE', #1810 ) ;
#1605 = EDGE_CURVE ( 'NONE', #170, #829, #418, .T. ) ;
#1606 = DIRECTION ( 'NONE',  ( -0.000000000000000000, -0.000000000000000000, -1.000000000000000000 ) ) ;
#1607 = LINE ( 'NONE', #985, #718 ) ;
#1608 = AXIS2_PLACEMENT_3D ( 'NONE', #1961, #271, #1194 ) ;
#1609 = ORIENTED_EDGE ( 'NONE', *, *, #1829, .T. ) ;
#1610 = CARTESIAN_POINT ( 'NONE',  ( 11.64181414529811143, -11.49066664678465344, 3.500000000000012434 ) ) ;
#1611 = EDGE_LOOP ( 'NONE', ( #1198, #538, #1496, #431 ) ) ;
#1612 = CARTESIAN_POINT ( 'NONE',  ( 0.000000000000000000, 0.000000000000000000, -4.000000000000000000 ) ) ;
#1613 = ORIENTED_EDGE ( 'NONE', *, *, #1245, .T. ) ;
#1614 = VECTOR ( 'NONE', #1615, 1000.000000000000000 ) ;
#1615 = DIRECTION ( 'NONE',  ( 0.000000000000000000, -1.000000000000000000, 0.000000000000000000 ) ) ;
#1616 = AXIS2_PLACEMENT_3D ( 'NONE', #1386, #1062, #620 ) ;
#1617 = EDGE_CURVE ( 'NONE', #368, #1618, #1820, .T. ) ;
#1618 = VERTEX_POINT ( 'NONE', #1220 ) ;
#1619 = CARTESIAN_POINT ( 'NONE',  ( 19.14132741310389463, 26.00000000000000355, 0.000000000000000000 ) ) ;
#1620 = ORIENTED_EDGE ( 'NONE', *, *, #760, .F. ) ;
#1621 = DIRECTION ( 'NONE',  ( 1.000000000000000000, 0.000000000000000000, 0.000000000000000000 ) ) ;
#1622 = CARTESIAN_POINT ( 'NONE',  ( 19.14132741310389463, 14.00000000000000178, 1.855339900708239230E-15 ) ) ;
#1623 = DIRECTION ( 'NONE',  ( -1.000000000000000000, 0.000000000000000000, 0.000000000000000000 ) ) ;
#1624 = ORIENTED_EDGE ( 'NONE', *, *, #367, .T. ) ;
#1625 = DIRECTION ( 'NONE',  ( 0.000000000000000000, 0.000000000000000000, -1.000000000000000000 ) ) ;
#1626 = EDGE_CURVE ( 'NONE', #1407, #167, #288, .T. ) ;
#1627 = AXIS2_PLACEMENT_3D ( 'NONE', #1527, #1058, #1222 ) ;
#1628 = ORIENTED_EDGE ( 'NONE', *, *, #526, .F. ) ;
#1629 = DIRECTION ( 'NONE',  ( 0.000000000000000000, 0.000000000000000000, 1.000000000000000000 ) ) ;
#1630 = CARTESIAN_POINT ( 'NONE',  ( -3.499999999999992895, 30.00000000000000355, -4.000000000000000000 ) ) ;
#1631 = VERTEX_POINT ( 'NONE', #1689 ) ;
#1632 = DIRECTION ( 'NONE',  ( 0.5416752204197015086, 0.4545194776720444807, 0.7071067811865473507 ) ) ;
#1633 = ORIENTED_EDGE ( 'NONE', *, *, #1999, .T. ) ;
#1634 = AXIS2_PLACEMENT_3D ( 'NONE', #1576, #1238, #1719 ) ;
#1635 = DIRECTION ( 'NONE',  ( -1.000000000000000000, -0.000000000000000000, -0.000000000000000000 ) ) ;
#1636 = CONICAL_SURFACE ( 'NONE', #1475, 3.500000000000007550, 0.7853981633974482790 ) ;
#1637 = AXIS2_PLACEMENT_3D ( 'NONE', #116, #1931, #1171 ) ;
#1638 = EDGE_CURVE ( 'NONE', #1028, #1097, #1054, .T. ) ;
#1639 = ORIENTED_EDGE ( 'NONE', *, *, #835, .F. ) ;
#1640 =( NAMED_UNIT ( * ) PLANE_ANGLE_UNIT ( ) SI_UNIT ( $, .RADIAN. ) );
#1641 = ADVANCED_FACE ( 'NONE', ( #1368 ), #1, .F. ) ;
#1642 = CYLINDRICAL_SURFACE ( 'NONE', #739, 1.899999999999999911 ) ;
#1643 = EDGE_LOOP ( 'NONE', ( #1168, #1383 ) ) ;
#1644 = CARTESIAN_POINT ( 'NONE',  ( -3.499999999999992895, 32.00000000000000000, -2.000000000000000000 ) ) ;
#1645 = DIRECTION ( 'NONE',  ( 1.000000000000000000, 0.000000000000000000, 0.000000000000000000 ) ) ;
#1646 = AXIS2_PLACEMENT_3D ( 'NONE', #592, #287, #892 ) ;
#1647 = CONICAL_SURFACE ( 'NONE', #1066, 2.499999999999992006, 0.7853981633974469467 ) ;
#1648 = ORIENTED_EDGE ( 'NONE', *, *, #1656, .T. ) ;
#1649 = DIRECTION ( 'NONE',  ( -1.000000000000000000, 0.000000000000000000, 0.000000000000000000 ) ) ;
#1650 = VECTOR ( 'NONE', #1532, 1000.000000000000114 ) ;
#1651 = VERTEX_POINT ( 'NONE', #583 ) ;
#1652 = CARTESIAN_POINT ( 'NONE',  ( 6.414624375603217743, -3.755342077616492524, -4.000000000000000000 ) ) ;
#1653 = DIRECTION ( 'NONE',  ( -0.000000000000000000, -0.000000000000000000, -1.000000000000000000 ) ) ;
#1654 = VERTEX_POINT ( 'NONE', #276 ) ;
#1655 = CARTESIAN_POINT ( 'NONE',  ( 4.000000000000000000, 3.011604763925229911, 4.000000000000000000 ) ) ;
#1656 = EDGE_CURVE ( 'NONE', #1439, #914, #1538, .T. ) ;
#1657 = EDGE_CURVE ( 'NONE', #829, #34, #1584, .T. ) ;
#1658 = CARTESIAN_POINT ( 'NONE',  ( 11.64181414529811143, -11.49066664678465344, 3.500000000000012434 ) ) ;
#1659 = ORIENTED_EDGE ( 'NONE', *, *, #1580, .F. ) ;
#1660 = DIRECTION ( 'NONE',  ( 1.000000000000000000, 0.000000000000000000, 0.000000000000000000 ) ) ;
#1661 = VERTEX_POINT ( 'NONE', #451 ) ;
#1662 = UNCERTAINTY_MEASURE_WITH_UNIT (LENGTH_MEASURE( 1.000000000000000082E-05 ), #1815, 'distance_accuracy_value', 'NONE');
#1663 = SURFACE_STYLE_FILL_AREA ( #395 ) ;
#1664 = CONICAL_SURFACE ( 'NONE', #1825, 1.999999999999998224, 0.7853981633974482790 ) ;
#1665 = CARTESIAN_POINT ( 'NONE',  ( 3.499999999999992895, 31.99999999999999289, 2.000000000000000000 ) ) ;
#1666 = EDGE_LOOP ( 'NONE', ( #1648, #1164, #1206, #1216 ) ) ;
#1667 = CARTESIAN_POINT ( 'NONE',  ( 0.7999999999999999334, 26.00000000000000355, 0.000000000000000000 ) ) ;
#1668 = EDGE_CURVE ( 'NONE', #707, #273, #1747, .T. ) ;
#1669 = DIRECTION ( 'NONE',  ( -1.000000000000000000, 0.000000000000000000, 0.000000000000000000 ) ) ;
#1670 = EDGE_LOOP ( 'NONE', ( #857, #876, #1659, #713 ) ) ;
#1671 = FACE_OUTER_BOUND ( 'NONE', #1844, .T. ) ;
#1672 = ORIENTED_EDGE ( 'NONE', *, *, #936, .F. ) ;
#1673 = LINE ( 'NONE', #1162, #1186 ) ;
#1674 = VECTOR ( 'NONE', #361, 1000.000000000000000 ) ;
#1675 = CARTESIAN_POINT ( 'NONE',  ( 0.7999999999999999334, 14.00000000000000178, 1.900000000000001910 ) ) ;
#1676 = ORIENTED_EDGE ( 'NONE', *, *, #125, .F. ) ;
#1677 = DIRECTION ( 'NONE',  ( -0.000000000000000000, -0.000000000000000000, -1.000000000000000000 ) ) ;
#1678 = DIRECTION ( 'NONE',  ( -0.000000000000000000, -0.000000000000000000, -1.000000000000000000 ) ) ;
#1679 = DIRECTION ( 'NONE',  ( -1.000000000000000000, 0.000000000000000000, 0.000000000000000000 ) ) ;
#1680 = DIRECTION ( 'NONE',  ( 0.000000000000000000, 0.000000000000000000, -1.000000000000000000 ) ) ;
#1681 = EDGE_CURVE ( 'NONE', #610, #607, #1350, .T. ) ;
#1682 = ADVANCED_FACE ( 'NONE', ( #623 ), #157, .F. ) ;
#1683 = VECTOR ( 'NONE', #424, 999.9999999999998863 ) ;
#1684 = EDGE_LOOP ( 'NONE', ( #1262, #1094, #1812, #1193 ) ) ;
#1685 = CARTESIAN_POINT ( 'NONE',  ( -2.447199994035394344, -4.084297836183633734, -4.000000000000000000 ) ) ;
#1686 = DIRECTION ( 'NONE',  ( 0.7071067811865474617, 0.000000000000000000, 0.7071067811865474617 ) ) ;
#1687 = ORIENTED_EDGE ( 'NONE', *, *, #31, .T. ) ;
#1688 = FACE_OUTER_BOUND ( 'NONE', #1823, .T. ) ;
#1689 = CARTESIAN_POINT ( 'NONE',  ( 2.500000000000009326, 3.061616997868393988E-16, -4.000000000000000000 ) ) ;
#1690 = FACE_OUTER_BOUND ( 'NONE', #489, .T. ) ;
#1691 = PLANE ( 'NONE',  #1433 ) ;
#1692 = EDGE_LOOP ( 'NONE', ( #80, #519, #1457, #329 ) ) ;
#1693 = ADVANCED_FACE ( 'NONE', ( #463 ), #1519, .F. ) ;
#1694 = CARTESIAN_POINT ( 'NONE',  ( -4.000000000000000000, 31.49999999999998579, 2.000000000000000000 ) ) ;
#1695 = CIRCLE ( 'NONE', #817, 1.699999999999999956 ) ;
#1696 = CARTESIAN_POINT ( 'NONE',  ( 0.000000000000000000, 0.000000000000000000, 4.000000000000000000 ) ) ;
#1697 = ORIENTED_EDGE ( 'NONE', *, *, #642, .F. ) ;
#1698 = PLANE ( 'NONE',  #240 ) ;
#1699 = VECTOR ( 'NONE', #1361, 1000.000000000000227 ) ;
#1700 = AXIS2_PLACEMENT_3D ( 'NONE', #56, #1114, #1732 ) ;
#1701 = DIRECTION ( 'NONE',  ( 0.7071067811865474617, 0.000000000000000000, -0.7071067811865474617 ) ) ;
#1702 = LINE ( 'NONE', #475, #281 ) ;
#1703 = CARTESIAN_POINT ( 'NONE',  ( 14.14132741310388930, 29.99999999999999645, 4.000000000000000000 ) ) ;
#1704 = CIRCLE ( 'NONE', #511, 4.499999999999992006 ) ;
#1705 = DIRECTION ( 'NONE',  ( -0.5416752204197005094, -0.4545194776720435925, -0.7071067811865486830 ) ) ;
#1706 = ADVANCED_FACE ( 'NONE', ( #1849 ), #935, .T. ) ;
#1707 = CARTESIAN_POINT ( 'NONE',  ( 17.58852740713928497, -13.96043350502806923, 4.000000000000000000 ) ) ;
#1708 = EDGE_LOOP ( 'NONE', ( #492, #1170, #226, #869 ) ) ;
#1709 = DIRECTION ( 'NONE',  ( 0.5416752204197022857, 0.4545194776720452023, -0.7071067811865462405 ) ) ;
#1710 = VECTOR ( 'NONE', #1032, 1000.000000000000114 ) ;
#1711 = EDGE_CURVE ( 'NONE', #1906, #189, #1550, .T. ) ;
#1712 = CONICAL_SURFACE ( 'NONE', #801, 2.000000000000000000, 0.7853981633974482790 ) ;
#1713 = ORIENTED_EDGE ( 'NONE', *, *, #234, .T. ) ;
#1714 = CARTESIAN_POINT ( 'NONE',  ( 11.55692525309554597, -9.883697622568309527, -4.000000000000000000 ) ) ;
#1715 = ORIENTED_EDGE ( 'NONE', *, *, #871, .T. ) ;
#1716 = CARTESIAN_POINT ( 'NONE',  ( 16.64132741310389108, -16.85297774861749431, 4.000000000000000000 ) ) ;
#1717 = FACE_OUTER_BOUND ( 'NONE', #810, .T. ) ;
#1718 = ORIENTED_EDGE ( 'NONE', *, *, #526, .T. ) ;
#1719 = DIRECTION ( 'NONE',  ( -1.000000000000000000, 0.000000000000000000, 0.000000000000000000 ) ) ;
#1720 = EDGE_CURVE ( 'NONE', #1604, #67, #385, .T. ) ;
#1721 = EDGE_CURVE ( 'NONE', #610, #1241, #751, .T. ) ;
#1722 = LINE ( 'NONE', #1758, #1989 ) ;
#1723 = CARTESIAN_POINT ( 'NONE',  ( 0.7999999999999999334, 26.00000000000000355, 0.000000000000000000 ) ) ;
#1724 = DIRECTION ( 'NONE',  ( 0.000000000000000000, 0.000000000000000000, 1.000000000000000000 ) ) ;
#1725 = ORIENTED_EDGE ( 'NONE', *, *, #1657, .F. ) ;
#1726 = CARTESIAN_POINT ( 'NONE',  ( 4.499513267805785866, -5.362311101832839988, 4.000000000000000000 ) ) ;
#1727 = VECTOR ( 'NONE', #1632, 1000.000000000000000 ) ;
#1728 = EDGE_CURVE ( 'NONE', #675, #1097, #1950, .T. ) ;
#1729 = CARTESIAN_POINT ( 'NONE',  ( 0.000000000000000000, 0.000000000000000000, 3.499999999999997780 ) ) ;
#1730 = DIRECTION ( 'NONE',  ( 0.000000000000000000, 0.000000000000000000, 1.000000000000000000 ) ) ;
#1731 = ORIENTED_EDGE ( 'NONE', *, *, #924, .T. ) ;
#1732 = DIRECTION ( 'NONE',  ( 0.000000000000000000, 0.000000000000000000, -1.000000000000000000 ) ) ;
#1733 = ORIENTED_EDGE ( 'NONE', *, *, #137, .F. ) ;
#1734 = DIRECTION ( 'NONE',  ( -1.000000000000000000, 0.000000000000000000, 0.000000000000000000 ) ) ;
#1735 = VECTOR ( 'NONE', #840, 1000.000000000000114 ) ;
#1736 = EDGE_LOOP ( 'NONE', ( #1599, #579, #1853, #703 ) ) ;
#1737 = VECTOR ( 'NONE', #1068, 1000.000000000000114 ) ;
#1738 = AXIS2_PLACEMENT_3D ( 'NONE', #1149, #1819, #1524 ) ;
#1739 = DIRECTION ( 'NONE',  ( 0.000000000000000000, 0.000000000000000000, 1.000000000000000000 ) ) ;
#1740 = CARTESIAN_POINT ( 'NONE',  ( -4.000000000000000000, -3.011604763925227246, -3.499999999999992895 ) ) ;
#1741 = ORIENTED_EDGE ( 'NONE', *, *, #685, .F. ) ;
#1742 = CARTESIAN_POINT ( 'NONE',  ( -3.499999999999992895, -1.191753592594206657, -4.000000000000000000 ) ) ;
#1743 = ADVANCED_FACE ( 'NONE', ( #249 ), #1642, .F. ) ;
#1744 = EDGE_CURVE ( 'NONE', #337, #189, #715, .T. ) ;
#1745 = EDGE_LOOP ( 'NONE', ( #260, #691, #1512, #545 ) ) ;
#1746 = CYLINDRICAL_SURFACE ( 'NONE', #669, 2.000000000000000000 ) ;
#1747 = CIRCLE ( 'NONE', #867, 2.000000000000000000 ) ;
#1748 = ORIENTED_EDGE ( 'NONE', *, *, #825, .T. ) ;
#1749 = CARTESIAN_POINT ( 'NONE',  ( -3.499999999999992895, 32.00000000000000000, 4.000000000000000000 ) ) ;
#1750 = CARTESIAN_POINT ( 'NONE',  ( 14.14132741310388930, -16.85297774861749431, 4.000000000000000000 ) ) ;
#1751 = VERTEX_POINT ( 'NONE', #1470 ) ;
#1752 = DIRECTION ( 'NONE',  ( -1.000000000000000000, -0.000000000000000000, -0.000000000000000000 ) ) ;
#1753 = ADVANCED_FACE ( 'NONE', ( #272 ), #487, .F. ) ;
#1754 = ORIENTED_EDGE ( 'NONE', *, *, #235, .F. ) ;
#1755 = DIRECTION ( 'NONE',  ( 1.000000000000000000, 0.000000000000000000, 0.000000000000000000 ) ) ;
#1756 = AXIS2_PLACEMENT_3D ( 'NONE', #185, #1601, #525 ) ;
#1757 = ORIENTED_EDGE ( 'NONE', *, *, #1973, .F. ) ;
#1758 = CARTESIAN_POINT ( 'NONE',  ( 4.000000000000000000, 3.011604763925229911, 3.499999999999992895 ) ) ;
#1759 = DIRECTION ( 'NONE',  ( -0.000000000000000000, -0.000000000000000000, -1.000000000000000000 ) ) ;
#1760 = AXIS2_PLACEMENT_3D ( 'NONE', #406, #1503, #1347 ) ;
#1761 = EDGE_LOOP ( 'NONE', ( #899, #659, #990, #1884 ) ) ;
#1762 = CIRCLE ( 'NONE', #40, 2.500000000000009326 ) ;
#1763 = CARTESIAN_POINT ( 'NONE',  ( 7.726703037500675997, -13.09763567100100445, 4.000000000000000000 ) ) ;
#1764 = ORIENTED_EDGE ( 'NONE', *, *, #1788, .T. ) ;
#1765 = CARTESIAN_POINT ( 'NONE',  ( 0.7999999999999999334, 26.00000000000000355, -1.899999999999999467 ) ) ;
#1766 = ORIENTED_EDGE ( 'NONE', *, *, #1934, .T. ) ;
#1767 = CIRCLE ( 'NONE', #1797, 2.000000000000000000 ) ;
#1768 = ADVANCED_FACE ( 'NONE', ( #696 ), #1876, .F. ) ;
#1769 = LINE ( 'NONE', #1024, #1342 ) ;
#1770 = CARTESIAN_POINT ( 'NONE',  ( 14.14132741310388930, -16.85297774861749431, -3.500000000000003109 ) ) ;
#1771 = AXIS2_PLACEMENT_3D ( 'NONE', #21, #10, #644 ) ;
#1772 = ORIENTED_EDGE ( 'NONE', *, *, #1806, .T. ) ;
#1773 = DIRECTION ( 'NONE',  ( -0.000000000000000000, -0.000000000000000000, -1.000000000000000000 ) ) ;
#1774 = ORIENTED_EDGE ( 'NONE', *, *, #177, .T. ) ;
#1775 = CARTESIAN_POINT ( 'NONE',  ( 11.55692525309554597, -9.883697622568309527, 4.000000000000000000 ) ) ;
#1776 = CARTESIAN_POINT ( 'NONE',  ( 14.14132741310388930, -16.85297774861749431, 4.000000000000000000 ) ) ;
#1777 = AXIS2_PLACEMENT_3D ( 'NONE', #1311, #889, #589 ) ;
#1778 = EDGE_CURVE ( 'NONE', #1906, #1407, #868, .T. ) ;
#1779 = DIRECTION ( 'NONE',  ( -0.000000000000000000, -0.000000000000000000, -1.000000000000000000 ) ) ;
#1780 = ORIENTED_EDGE ( 'NONE', *, *, #936, .T. ) ;
#1781 = CARTESIAN_POINT ( 'NONE',  ( 4.000000000000000000, 31.49999999999998579, 2.000000000000000000 ) ) ;
#1782 = VERTEX_POINT ( 'NONE', #94 ) ;
#1783 = CARTESIAN_POINT ( 'NONE',  ( 7.000000000000000000, 4.103515466723838934, 4.000000000000000000 ) ) ;
#1784 = DIRECTION ( 'NONE',  ( -1.000000000000000000, -0.000000000000000000, -0.000000000000000000 ) ) ;
#1785 = ORIENTED_EDGE ( 'NONE', *, *, #1560, .T. ) ;
#1786 = LINE ( 'NONE', #1472, #529 ) ;
#1787 = VECTOR ( 'NONE', #294, 1000.000000000000227 ) ;
#1788 = EDGE_CURVE ( 'NONE', #1097, #1083, #996, .T. ) ;
#1789 = ORIENTED_EDGE ( 'NONE', *, *, #1277, .T. ) ;
#1790 = CARTESIAN_POINT ( 'NONE',  ( 11.17390303153606190, -10.20509142741157405, 4.000000000000000000 ) ) ;
#1791 = VECTOR ( 'NONE', #1150, 1000.000000000000000 ) ;
#1792 = EDGE_CURVE ( 'NONE', #639, #987, #121, .T. ) ;
#1793 = CIRCLE ( 'NONE', #791, 2.000000000000000000 ) ;
#1794 = ORIENTED_EDGE ( 'NONE', *, *, #1744, .T. ) ;
#1795 = DIRECTION ( 'NONE',  ( -1.000000000000000000, -0.000000000000000000, -0.000000000000000000 ) ) ;
#1796 = VERTEX_POINT ( 'NONE', #1330 ) ;
#1797 = AXIS2_PLACEMENT_3D ( 'NONE', #918, #1529, #629 ) ;
#1798 = FACE_OUTER_BOUND ( 'NONE', #1847, .T. ) ;
#1799 = ORIENTED_EDGE ( 'NONE', *, *, #1559, .F. ) ;
#1800 = CIRCLE ( 'NONE', #1738, 1.999999999999999556 ) ;
#1801 = DIRECTION ( 'NONE',  ( -1.000000000000000000, 0.000000000000000000, 0.000000000000000000 ) ) ;
#1802 = AXIS2_PLACEMENT_3D ( 'NONE', #1729, #1739, #636 ) ;
#1803 = CIRCLE ( 'NONE', #635, 2.499999999999992895 ) ;
#1804 = ORIENTED_EDGE ( 'NONE', *, *, #1999, .F. ) ;
#1805 = ADVANCED_FACE ( 'NONE', ( #1030 ), #737, .T. ) ;
#1806 = EDGE_CURVE ( 'NONE', #627, #914, #28, .T. ) ;
#1807 = CARTESIAN_POINT ( 'NONE',  ( 14.14132741310388930, -16.85297774861749431, 3.499999999999996447 ) ) ;
#1808 = ORIENTED_EDGE ( 'NONE', *, *, #1531, .T. ) ;
#1809 = DIRECTION ( 'NONE',  ( -1.000000000000000000, -0.000000000000000000, -0.000000000000000000 ) ) ;
#1810 = CARTESIAN_POINT ( 'NONE',  ( 4.000000000000000000, 26.00000000000000355, -1.899999999999999467 ) ) ;
#1811 = CIRCLE ( 'NONE', #773, 1.699999999999999956 ) ;
#1812 = ORIENTED_EDGE ( 'NONE', *, *, #484, .T. ) ;
#1813 = DIRECTION ( 'NONE',  ( 0.000000000000000000, 0.000000000000000000, 1.000000000000000000 ) ) ;
#1814 = EDGE_LOOP ( 'NONE', ( #1451, #1248, #1523, #421 ) ) ;
#1815 =( LENGTH_UNIT ( ) NAMED_UNIT ( * ) SI_UNIT ( .MILLI., .METRE. ) );
#1816 = ADVANCED_FACE ( 'NONE', ( #77 ), #566, .F. ) ;
#1817 = CARTESIAN_POINT ( 'NONE',  ( 8.109725259060159175, -12.77624186615773816, -3.500000000000006661 ) ) ;
#1818 = VERTEX_POINT ( 'NONE', #726 ) ;
#1819 = DIRECTION ( 'NONE',  ( 0.000000000000000000, 0.000000000000000000, 1.000000000000000000 ) ) ;
#1820 = LINE ( 'NONE', #741, #1385 ) ;
#1821 = ORIENTED_EDGE ( 'NONE', *, *, #1294, .F. ) ;
#1822 = CARTESIAN_POINT ( 'NONE',  ( 2.499513267805785866, -5.362311101832839988, -3.500000000000006661 ) ) ;
#1823 = EDGE_LOOP ( 'NONE', ( #1007, #381, #1396, #933 ) ) ;
#1824 = DIRECTION ( 'NONE',  ( -0.000000000000000000, -0.000000000000000000, -1.000000000000000000 ) ) ;
#1825 = AXIS2_PLACEMENT_3D ( 'NONE', #78, #1003, #1645 ) ;
#1826 = CARTESIAN_POINT ( 'NONE',  ( 4.000000000000000000, 14.00000000000000178, -1.899999999999998135 ) ) ;
#1827 = ORIENTED_EDGE ( 'NONE', *, *, #1944, .F. ) ;
#1828 = DIRECTION ( 'NONE',  ( 0.6427876096865402511, -0.7660444431189772363, 0.000000000000000000 ) ) ;
#1829 = EDGE_CURVE ( 'NONE', #930, #1439, #386, .T. ) ;
#1830 = DIRECTION ( 'NONE',  ( 0.000000000000000000, 0.000000000000000000, -1.000000000000000000 ) ) ;
#1831 = PLANE ( 'NONE',  #114 ) ;
#1832 = DIRECTION ( 'NONE',  ( -0.5416752204197022857, -0.4545194776720452023, -0.7071067811865462405 ) ) ;
#1833 = VERTEX_POINT ( 'NONE', #1343 ) ;
#1834 = DIRECTION ( 'NONE',  ( -1.000000000000000000, 0.000000000000000000, 0.000000000000000000 ) ) ;
#1835 = CIRCLE ( 'NONE', #1993, 2.000000000000000000 ) ;
#1836 = CARTESIAN_POINT ( 'NONE',  ( 3.499999999999992895, 4.103515466723838934, -4.000000000000000000 ) ) ;
#1837 = ORIENTED_EDGE ( 'NONE', *, *, #1681, .T. ) ;
#1838 = DIRECTION ( 'NONE',  ( -1.000000000000000000, 0.000000000000000000, 0.000000000000000000 ) ) ;
#1839 = CARTESIAN_POINT ( 'NONE',  ( 4.000000000000000000, 31.49999999999999289, 4.000000000000000000 ) ) ;
#1840 = EDGE_CURVE ( 'NONE', #72, #1528, #1962, .T. ) ;
#1841 = LINE ( 'NONE', #454, #1737 ) ;
#1842 = DIRECTION ( 'NONE',  ( -1.000000000000000000, 0.000000000000000000, 0.000000000000000000 ) ) ;
#1843 = AXIS2_PLACEMENT_3D ( 'NONE', #142, #1380, #1210 ) ;
#1844 = EDGE_LOOP ( 'NONE', ( #1425, #1213, #118, #1882 ) ) ;
#1845 = CARTESIAN_POINT ( 'NONE',  ( -2.000000000000000000, 0.000000000000000000, 3.499999999999997780 ) ) ;
#1846 = CARTESIAN_POINT ( 'NONE',  ( -4.000000000000000000, 14.00000000000000178, 1.700000000000001954 ) ) ;
#1847 = EDGE_LOOP ( 'NONE', ( #1808, #296, #60, #962 ) ) ;
#1848 = DIRECTION ( 'NONE',  ( -1.000000000000000000, 0.000000000000000000, 0.000000000000000000 ) ) ;
#1849 = FACE_OUTER_BOUND ( 'NONE', #1351, .T. ) ;
#1850 = EDGE_LOOP ( 'NONE', ( #231, #1297, #346, #1303 ) ) ;
#1851 = DIRECTION ( 'NONE',  ( 0.7071067811865475727, -0.7071067811865475727, 0.000000000000000000 ) ) ;
#1852 = ADVANCED_FACE ( 'NONE', ( #1001 ), #1197, .F. ) ;
#1853 = ORIENTED_EDGE ( 'NONE', *, *, #1958, .T. ) ;
#1854 = DIRECTION ( 'NONE',  ( 0.7071067811865474617, 0.7071067811865474617, 0.000000000000000000 ) ) ;
#1855 = EDGE_CURVE ( 'NONE', #914, #1751, #1940, .T. ) ;
#1856 = LINE ( 'NONE', #481, #807 ) ;
#1857 = ORIENTED_EDGE ( 'NONE', *, *, #993, .T. ) ;
#1858 = FACE_OUTER_BOUND ( 'NONE', #1541, .T. ) ;
#1859 = AXIS2_PLACEMENT_3D ( 'NONE', #1740, #964, #334 ) ;
#1860 = AXIS2_PLACEMENT_3D ( 'NONE', #364, #988, #516 ) ;
#1861 = LINE ( 'NONE', #752, #242 ) ;
#1862 = CARTESIAN_POINT ( 'NONE',  ( 0.000000000000000000, 0.000000000000000000, 3.499999999999997780 ) ) ;
#1863 = ORIENTED_EDGE ( 'NONE', *, *, #1491, .F. ) ;
#1864 = AXIS2_PLACEMENT_3D ( 'NONE', #160, #1095, #1724 ) ;
#1865 = DIRECTION ( 'NONE',  ( -1.000000000000000000, 0.000000000000000000, 0.000000000000000000 ) ) ;
#1866 = EDGE_CURVE ( 'NONE', #1551, #1818, #1355, .T. ) ;
#1867 = CYLINDRICAL_SURFACE ( 'NONE', #488, 2.000000000000000000 ) ;
#1868 = EDGE_CURVE ( 'NONE', #1575, #829, #117, .T. ) ;
#1869 = EDGE_LOOP ( 'NONE', ( #415, #1428, #943, #802 ) ) ;
#1870 = DIRECTION ( 'NONE',  ( -1.000000000000000000, 0.000000000000000000, 0.000000000000000000 ) ) ;
#1871 = CIRCLE ( 'NONE', #862, 2.500000000000002220 ) ;
#1872 = CARTESIAN_POINT ( 'NONE',  ( 0.000000000000000000, 0.000000000000000000, -4.000000000000000000 ) ) ;
#1873 = CARTESIAN_POINT ( 'NONE',  ( 0.7999999999999999334, 26.00000000000000355, 0.000000000000000000 ) ) ;
#1874 = VERTEX_POINT ( 'NONE', #1836 ) ;
#1875 = DIRECTION ( 'NONE',  ( -0.000000000000000000, -0.000000000000000000, 1.000000000000000000 ) ) ;
#1876 = CONICAL_SURFACE ( 'NONE', #1777, 2.499999999999992006, 0.7853981633974469467 ) ;
#1877 = VERTEX_POINT ( 'NONE', #1826 ) ;
#1878 = CARTESIAN_POINT ( 'NONE',  ( -4.000000000000000000, 30.00000000000000000, -2.000000000000000000 ) ) ;
#1879 = ADVANCED_FACE ( 'NONE', ( #782 ), #1647, .F. ) ;
#1880 = CARTESIAN_POINT ( 'NONE',  ( 0.7999999999999999334, 14.00000000000000178, -1.899999999999998135 ) ) ;
#1881 = LINE ( 'NONE', #351, #268 ) ;
#1882 = ORIENTED_EDGE ( 'NONE', *, *, #1156, .F. ) ;
#1883 = CARTESIAN_POINT ( 'NONE',  ( 14.14132741310388930, -16.85297774861749431, -3.499999999999992895 ) ) ;
#1884 = ORIENTED_EDGE ( 'NONE', *, *, #1560, .F. ) ;
#1885 = LINE ( 'NONE', #330, #1020 ) ;
#1886 = ORIENTED_EDGE ( 'NONE', *, *, #1866, .T. ) ;
#1887 = CONICAL_SURFACE ( 'NONE', #558, 1.499999999999990896, 0.7853981633974500554 ) ;
#1888 = EDGE_CURVE ( 'NONE', #1941, #175, #1455, .T. ) ;
#1889 = EDGE_CURVE ( 'NONE', #639, #1486, #1074, .T. ) ;
#1890 = CARTESIAN_POINT ( 'NONE',  ( 6.414624375603217743, -3.755342077616492524, -4.000000000000000000 ) ) ;
#1891 = CARTESIAN_POINT ( 'NONE',  ( 14.14132741310388930, -16.85297774861749431, -4.000000000000000000 ) ) ;
#1892 = ORIENTED_EDGE ( 'NONE', *, *, #198, .T. ) ;
#1893 = CARTESIAN_POINT ( 'NONE',  ( 0.7999999999999986011, 26.00000000000000355, 0.000000000000000000 ) ) ;
#1894 = AXIS2_PLACEMENT_3D ( 'NONE', #219, #1126, #347 ) ;
#1895 = ORIENTED_EDGE ( 'NONE', *, *, #1056, .T. ) ;
#1896 = FACE_OUTER_BOUND ( 'NONE', #26, .T. ) ;
#1897 = VECTOR ( 'NONE', #1057, 1000.000000000000227 ) ;
#1898 = CIRCLE ( 'NONE', #1634, 2.500000000000002220 ) ;
#1899 = CIRCLE ( 'NONE', #1894, 1.699999999999999956 ) ;
#1900 = DIRECTION ( 'NONE',  ( 1.000000000000000000, 0.000000000000000000, 0.000000000000000000 ) ) ;
#1901 = CARTESIAN_POINT ( 'NONE',  ( 9.641814145298111427, -11.49066664678465344, 3.500000000000012434 ) ) ;
#1902 = EDGE_CURVE ( 'NONE', #1909, #556, #448, .T. ) ;
#1903 = LINE ( 'NONE', #1742, #1735 ) ;
#1904 = EDGE_LOOP ( 'NONE', ( #1256, #383, #1331, #1748 ) ) ;
#1905 = CARTESIAN_POINT ( 'NONE',  ( -2.500000000000002220, 3.061616997868386099E-16, 4.000000000000000000 ) ) ;
#1906 = VERTEX_POINT ( 'NONE', #471 ) ;
#1907 = FACE_OUTER_BOUND ( 'NONE', #1761, .T. ) ;
#1908 = DIRECTION ( 'NONE',  ( 1.000000000000000000, 0.000000000000000000, 0.000000000000000000 ) ) ;
#1909 = VERTEX_POINT ( 'NONE', #1522 ) ;
#1910 = ADVANCED_FACE ( 'NONE', ( #1049 ), #792, .F. ) ;
#1911 = DIRECTION ( 'NONE',  ( -1.000000000000000000, 0.000000000000000000, 0.000000000000000000 ) ) ;
#1912 = ORIENTED_EDGE ( 'NONE', *, *, #212, .F. ) ;
#1913 = ADVANCED_FACE ( 'NONE', ( #1717 ), #1867, .F. ) ;
#1914 = CARTESIAN_POINT ( 'NONE',  ( 4.000000000000000000, 4.103515466723838934, -4.000000000000000000 ) ) ;
#1915 = ORIENTED_EDGE ( 'NONE', *, *, #1258, .T. ) ;
#1916 = CARTESIAN_POINT ( 'NONE',  ( -2.447199994035394788, -4.084297836183633734, 4.000000000000000000 ) ) ;
#1917 = DIRECTION ( 'NONE',  ( -1.000000000000000000, 0.000000000000000000, 0.000000000000000000 ) ) ;
#1918 = VECTOR ( 'NONE', #654, 1000.000000000000114 ) ;
#1919 = EDGE_LOOP ( 'NONE', ( #199, #100, #1344, #1285 ) ) ;
#1920 = CARTESIAN_POINT ( 'NONE',  ( 12.14132741310389108, -16.85297774861749431, 3.499999999999996447 ) ) ;
#1921 = ORIENTED_EDGE ( 'NONE', *, *, #1405, .T. ) ;
#1922 = DIRECTION ( 'NONE',  ( 0.000000000000000000, -1.000000000000000000, 0.000000000000000000 ) ) ;
#1923 = EDGE_CURVE ( 'NONE', #574, #1604, #1225, .T. ) ;
#1924 = ADVANCED_FACE ( 'NONE', ( #436 ), #150, .T. ) ;
#1925 = ORIENTED_EDGE ( 'NONE', *, *, #709, .F. ) ;
#1926 = CARTESIAN_POINT ( 'NONE',  ( 0.7999999999999986011, 26.00000000000000355, 1.699999999999999956 ) ) ;
#1927 = AXIS2_PLACEMENT_3D ( 'NONE', #461, #694, #359 ) ;
#1928 = EDGE_LOOP ( 'NONE', ( #1112, #196, #970, #1780, #758 ) ) ;
#1929 = CARTESIAN_POINT ( 'NONE',  ( 4.000000000000000000, 29.99999999999999645, 3.499999999999992895 ) ) ;
#1930 = ORIENTED_EDGE ( 'NONE', *, *, #331, .T. ) ;
#1931 = DIRECTION ( 'NONE',  ( -0.000000000000000000, -0.000000000000000000, -1.000000000000000000 ) ) ;
#1932 = DIRECTION ( 'NONE',  ( 0.7071067811865474617, -0.7071067811865474617, 0.000000000000000000 ) ) ;
#1933 = ORIENTED_EDGE ( 'NONE', *, *, #331, .F. ) ;
#1934 = EDGE_CURVE ( 'NONE', #1782, #793, #1160, .T. ) ;
#1935 = VECTOR ( 'NONE', #396, 1000.000000000000000 ) ;
#1936 = LINE ( 'NONE', #380, #1614 ) ;
#1937 = ORIENTED_EDGE ( 'NONE', *, *, #1548, .T. ) ;
#1938 = DIRECTION ( 'NONE',  ( -0.000000000000000000, -0.000000000000000000, 1.000000000000000000 ) ) ;
#1939 = ORIENTED_EDGE ( 'NONE', *, *, #541, .F. ) ;
#1940 = LINE ( 'NONE', #1817, #255 ) ;
#1941 = VERTEX_POINT ( 'NONE', #1846 ) ;
#1942 = DIRECTION ( 'NONE',  ( 0.000000000000000000, 0.000000000000000000, -1.000000000000000000 ) ) ;
#1943 = CIRCLE ( 'NONE', #1756, 2.499999999999992006 ) ;
#1944 = EDGE_CURVE ( 'NONE', #273, #1631, #1544, .T. ) ;
#1945 = EDGE_CURVE ( 'NONE', #175, #1941, #1319, .T. ) ;
#1946 = EDGE_LOOP ( 'NONE', ( #1886, #1731 ) ) ;
#1947 = DIRECTION ( 'NONE',  ( 0.000000000000000000, 0.000000000000000000, 1.000000000000000000 ) ) ;
#1948 = AXIS2_PLACEMENT_3D ( 'NONE', #64, #656, #498 ) ;
#1949 = ORIENTED_EDGE ( 'NONE', *, *, #1429, .F. ) ;
#1950 = LINE ( 'NONE', #1665, #1452 ) ;
#1951 = ORIENTED_EDGE ( 'NONE', *, *, #1429, .T. ) ;
#1952 = DIRECTION ( 'NONE',  ( 0.000000000000000000, 0.000000000000000000, 1.000000000000000000 ) ) ;
#1953 = AXIS2_PLACEMENT_3D ( 'NONE', #1991, #790, #148 ) ;
#1954 = DIRECTION ( 'NONE',  ( 0.000000000000000000, 0.000000000000000000, -1.000000000000000000 ) ) ;
#1955 = VERTEX_POINT ( 'NONE', #747 ) ;
#1956 = VECTOR ( 'NONE', #1187, 1000.000000000000000 ) ;
#1957 = CARTESIAN_POINT ( 'NONE',  ( 4.000000000000000000, 30.00000000000000000, -2.000000000000000000 ) ) ;
#1958 = EDGE_CURVE ( 'NONE', #639, #883, #1856, .T. ) ;
#1959 =( GEOMETRIC_REPRESENTATION_CONTEXT ( 3 ) GLOBAL_UNCERTAINTY_ASSIGNED_CONTEXT ( ( #1662 ) ) GLOBAL_UNIT_ASSIGNED_CONTEXT ( ( #1815, #1640, #587 ) ) REPRESENTATION_CONTEXT ( 'NONE', 'WORKASPACE' ) );
#1960 = ORIENTED_EDGE ( 'NONE', *, *, #1167, .T. ) ;
#1961 = CARTESIAN_POINT ( 'NONE',  ( 14.14132741310388930, -16.85297774861749431, 4.000000000000000000 ) ) ;
#1962 = LINE ( 'NONE', #555, #1935 ) ;
#1963 = VERTEX_POINT ( 'NONE', #1565 ) ;
#1964 = CARTESIAN_POINT ( 'NONE',  ( 0.9999999999999991118, -1.191753592594206657, 4.000000000000000000 ) ) ;
#1965 = CARTESIAN_POINT ( 'NONE',  ( 14.14132741310388930, -16.85297774861749431, 4.000000000000000000 ) ) ;
#1966 = AXIS2_PLACEMENT_3D ( 'NONE', #578, #1488, #859 ) ;
#1967 = LINE ( 'NONE', #1977, #1897 ) ;
#1968 = CARTESIAN_POINT ( 'NONE',  ( 4.000000000000000000, 30.00000000000000000, -2.000000000000000000 ) ) ;
#1969 = VERTEX_POINT ( 'NONE', #1675 ) ;
#1970 = FACE_OUTER_BOUND ( 'NONE', #1087, .T. ) ;
#1971 = EDGE_CURVE ( 'NONE', #574, #1365, #325, .T. ) ;
#1972 = DIRECTION ( 'NONE',  ( 0.000000000000000000, 0.000000000000000000, -1.000000000000000000 ) ) ;
#1973 = EDGE_CURVE ( 'NONE', #1573, #6, #158, .T. ) ;
#1974 = ORIENTED_EDGE ( 'NONE', *, *, #378, .T. ) ;
#1975 = CARTESIAN_POINT ( 'NONE',  ( 2.000000000000000000, 2.449293598294706414E-16, -3.499999999999991118 ) ) ;
#1976 = CARTESIAN_POINT ( 'NONE',  ( 0.9999999999999991118, -1.191753592594206657, -3.499999999999992895 ) ) ;
#1977 = CARTESIAN_POINT ( 'NONE',  ( 17.97154962869877792, -13.63903970018479583, 3.499999999999992895 ) ) ;
#1978 = LINE ( 'NONE', #1703, #1012 ) ;
#1979 = ORIENTED_EDGE ( 'NONE', *, *, #439, .T. ) ;
#1980 = DIRECTION ( 'NONE',  ( 0.000000000000000000, 0.000000000000000000, -1.000000000000000000 ) ) ;
#1981 = AXIS2_PLACEMENT_3D ( 'NONE', #1517, #637, #1253 ) ;
#1982 = DIRECTION ( 'NONE',  ( 0.6427876096865401401, -0.7660444431189772363, 0.000000000000000000 ) ) ;
#1983 = ORIENTED_EDGE ( 'NONE', *, *, #1146, .T. ) ;
#1984 = DIRECTION ( 'NONE',  ( -0.000000000000000000, -0.000000000000000000, -1.000000000000000000 ) ) ;
#1985 = EDGE_CURVE ( 'NONE', #793, #548, #1205, .T. ) ;
#1986 = DIRECTION ( 'NONE',  ( 0.000000000000000000, 0.000000000000000000, 1.000000000000000000 ) ) ;
#1987 = CARTESIAN_POINT ( 'NONE',  ( 14.14132741310388930, -16.85297774861749431, -4.000000000000000000 ) ) ;
#1988 = FACE_OUTER_BOUND ( 'NONE', #1591, .T. ) ;
#1989 = VECTOR ( 'NONE', #350, 1000.000000000000000 ) ;
#1990 = ORIENTED_EDGE ( 'NONE', *, *, #1219, .F. ) ;
#1991 = CARTESIAN_POINT ( 'NONE',  ( 4.499513267805785866, -5.362311101832839988, 4.000000000000000000 ) ) ;
#1992 = CIRCLE ( 'NONE', #1802, 2.000000000000000000 ) ;
#1993 = AXIS2_PLACEMENT_3D ( 'NONE', #261, #1207, #213 ) ;
#1994 = DIRECTION ( 'NONE',  ( -1.000000000000000000, 0.000000000000000000, 0.000000000000000000 ) ) ;
#1995 = ORIENTED_EDGE ( 'NONE', *, *, #1638, .T. ) ;
#1996 = DIRECTION ( 'NONE',  ( -0.6427876096865408062, 0.7660444431189769032, 0.000000000000000000 ) ) ;
#1997 = EDGE_CURVE ( 'NONE', #846, #1906, #677, .T. ) ;
#1998 = CARTESIAN_POINT ( 'NONE',  ( 14.14132741310388930, -16.85297774861749431, -3.499999999999992895 ) ) ;
#1999 = EDGE_CURVE ( 'NONE', #482, #1528, #1424, .T. ) ;
#2000 = EDGE_LOOP ( 'NONE', ( #497, #1725, #282, #221 ) ) ;
#2001 = FACE_OUTER_BOUND ( 'NONE', #1473, .T. ) ;
#2002 = ORIENTED_EDGE ( 'NONE', *, *, #1335, .F. ) ;
#2003 = LINE ( 'NONE', #1694, #16 ) ;
#2004 = VECTOR ( 'NONE', #1096, 1000.000000000000227 ) ;
#2005 = CARTESIAN_POINT ( 'NONE',  ( 0.000000000000000000, 0.000000000000000000, 3.499999999999997780 ) ) ;
#2006 = ORIENTED_EDGE ( 'NONE', *, *, #1888, .F. ) ;
#2007 = PLANE ( 'NONE',  #1445 ) ;
ENDSEC;
END-ISO-10303-21;
