ISO-10303-21;
HEADER;
FILE_DESCRIPTION (( 'STEP AP214' ),
    '1' );
FILE_NAME ('LQ26-05HGI-01-009.STEP',
    '2026-05-07T08:55:12',
    ( '' ),
    ( '' ),
    'SwSTEP 2.0',
    'SolidWorks 2025',
    '' );
FILE_SCHEMA (( 'AUTOMOTIVE_DESIGN' ));
ENDSEC;

DATA;
#1 = CARTESIAN_POINT ( 'NONE',  ( 7.244456738380736560, 3.413968956478946826, -12.44968247007658313 ) ) ;
#2 = CARTESIAN_POINT ( 'NONE',  ( -9.302727518088898861, -2.351372721757868600, 6.964986035989854329 ) ) ;
#3 = ADVANCED_FACE ( 'NONE', ( #2087 ), #3782, .T. ) ;
#4 = ORIENTED_EDGE ( 'NONE', *, *, #1636, .T. ) ;
#5 = CARTESIAN_POINT ( 'NONE',  ( 8.500000000000003553, -3.999999999999989786, 12.50013049999998138 ) ) ;
#6 = ORIENTED_EDGE ( 'NONE', *, *, #5528, .F. ) ;
#7 = ADVANCED_FACE ( 'NONE', ( #3330 ), #2926, .F. ) ;
#8 = VERTEX_POINT ( 'NONE', #4650 ) ;
#9 = LINE ( 'NONE', #2611, #3666 ) ;
#10 = CARTESIAN_POINT ( 'NONE',  ( -17.50000000000000355, -3.999999999999989786, 4.300000000000001599 ) ) ;
#11 = DIRECTION ( 'NONE',  ( -0.000000000000000000, -0.000000000000000000, 1.000000000000000000 ) ) ;
#12 = ORIENTED_EDGE ( 'NONE', *, *, #5454, .T. ) ;
#13 = B_SPLINE_CURVE_WITH_KNOTS ( 'NONE', 3,
 ( #3483, #4782, #5205, #3057, #1349, #918, #68, #1807, #2270, #4837, #3514, #3966, #972, #3113, #3086, #4412 ),
 .UNSPECIFIED., .F., .F.,
 ( 4, 2, 2, 2, 2, 2, 2, 4 ),
 ( 0.000000000000000000, 9.188317569522811551E-05, 0.0001837663513904562310, 0.0003675327027809211357, 0.0007350654055618509449, 0.001470130811123719020, 0.002205196216685587421, 0.002940261622247455821 ),
 .UNSPECIFIED. ) ;
#14 = EDGE_CURVE ( 'NONE', #3499, #290, #4300, .T. ) ;
#15 = ADVANCED_FACE ( 'NONE', ( #788 ), #4375, .T. ) ;
#16 = FACE_OUTER_BOUND ( 'NONE', #967, .T. ) ;
#17 = CARTESIAN_POINT ( 'NONE',  ( 17.04434499593164887, 3.973962571196083537, 7.500000000000000000 ) ) ;
#18 = LINE ( 'NONE', #1781, #2303 ) ;
#19 = DIRECTION ( 'NONE',  ( -0.000000000000000000, -0.000000000000000000, 1.000000000000000000 ) ) ;
#20 = VERTEX_POINT ( 'NONE', #278 ) ;
#21 = DIRECTION ( 'NONE',  ( 1.000000000000000000, 0.000000000000000000, -0.000000000000000000 ) ) ;
#22 = VERTEX_POINT ( 'NONE', #1673 ) ;
#23 = CARTESIAN_POINT ( 'NONE',  ( 8.892222361009395115, -3.508126992057670090, -10.02895422751059407 ) ) ;
#24 = ORIENTED_EDGE ( 'NONE', *, *, #3258, .F. ) ;
#25 = CARTESIAN_POINT ( 'NONE',  ( 7.727238320254440573, 3.441556475443101171, -11.11571204130095403 ) ) ;
#26 = CARTESIAN_POINT ( 'NONE',  ( -9.386737788622829370, 2.534753694037974903, -11.50000000000000000 ) ) ;
#27 = VERTEX_POINT ( 'NONE', #3382 ) ;
#28 = CARTESIAN_POINT ( 'NONE',  ( -9.329687998084315481, 3.533125028461951089, -11.50000000000000000 ) ) ;
#29 = EDGE_CURVE ( 'NONE', #4864, #4304, #5112, .T. ) ;
#30 = EDGE_LOOP ( 'NONE', ( #1064, #346, #715, #4060, #4784, #4633 ) ) ;
#31 = CARTESIAN_POINT ( 'NONE',  ( -5.499999999999994671, -3.314496801619173816, 7.499999999999996447 ) ) ;
#32 = CARTESIAN_POINT ( 'NONE',  ( 8.276869647212274472, 2.322676347767884231, -11.98026018878966781 ) ) ;
#33 = DIRECTION ( 'NONE',  ( -0.000000000000000000, -0.000000000000000000, -1.000000000000000000 ) ) ;
#34 = ADVANCED_FACE ( 'NONE', ( #4680 ), #5554, .F. ) ;
#35 = ORIENTED_EDGE ( 'NONE', *, *, #4150, .T. ) ;
#36 = DIRECTION ( 'NONE',  ( 0.9983713344239767418, 0.05704979053851286230, -0.000000000000000000 ) ) ;
#37 = CARTESIAN_POINT ( 'NONE',  ( -17.50000000000000355, 3.999999999999989786, -11.50000000000000000 ) ) ;
#38 = STYLED_ITEM ( 'NONE', ( #2588 ), #4747 ) ;
#39 = DIRECTION ( 'NONE',  ( 0.9983713344239767418, 0.05704979053851286230, -0.000000000000000000 ) ) ;
#40 = CARTESIAN_POINT ( 'NONE',  ( 0.5000000000000038858, -3.099999999999989875, -11.85301264434280810 ) ) ;
#41 = CARTESIAN_POINT ( 'NONE',  ( 2.500000000000003997, 3.099999999999989875, -11.92404238779909775 ) ) ;
#42 = VECTOR ( 'NONE', #2770, 1000.000000000000000 ) ;
#43 = EDGE_CURVE ( 'NONE', #4508, #5029, #1629, .T. ) ;
#44 = EDGE_CURVE ( 'NONE', #690, #363, #4109, .T. ) ;
#45 = ORIENTED_EDGE ( 'NONE', *, *, #5565, .F. ) ;
#46 = AXIS2_PLACEMENT_3D ( 'NONE', #3191, #537, #965 ) ;
#47 = VECTOR ( 'NONE', #1354, 1000.000000000000000 ) ;
#48 = DIRECTION ( 'NONE',  ( 0.000000000000000000, 0.000000000000000000, 1.000000000000000000 ) ) ;
#49 = CARTESIAN_POINT ( 'NONE',  ( -9.499999999999996447, -2.534753694037974014, -11.50000000000000000 ) ) ;
#50 = VERTEX_POINT ( 'NONE', #2062 ) ;
#51 = CARTESIAN_POINT ( 'NONE',  ( 9.909967979548216732, -2.260257924424891485, -10.30252636640016384 ) ) ;
#52 = VECTOR ( 'NONE', #4701, 1000.000000000000000 ) ;
#53 = VERTEX_POINT ( 'NONE', #5053 ) ;
#54 = AXIS2_PLACEMENT_3D ( 'NONE', #2970, #2074, #3426 ) ;
#55 = CARTESIAN_POINT ( 'NONE',  ( 6.387063046806869870, 3.364975031246097537, -11.49999999789196536 ) ) ;
#56 = CARTESIAN_POINT ( 'NONE',  ( 9.386737788622822265, -2.534753694037974014, -2.400000000000001243 ) ) ;
#57 = VERTEX_POINT ( 'NONE', #1592 ) ;
#58 = AXIS2_PLACEMENT_3D ( 'NONE', #5523, #816, #4198 ) ;
#59 = CARTESIAN_POINT ( 'NONE',  ( -9.386737788622829370, 2.534753694037974014, -10.59999999999999964 ) ) ;
#60 = ORIENTED_EDGE ( 'NONE', *, *, #5528, .T. ) ;
#61 = PRODUCT_RELATED_PRODUCT_CATEGORY ( 'part', '', ( #2226 ) ) ;
#62 = CARTESIAN_POINT ( 'NONE',  ( 0.2333645556166126234, 3.099999999999989875, 7.849481488129519846 ) ) ;
#63 = CARTESIAN_POINT ( 'NONE',  ( -9.386737788622829370, 2.534753694037974903, -11.50000000000000000 ) ) ;
#64 = EDGE_LOOP ( 'NONE', ( #2888, #1238, #1562 ) ) ;
#65 = CARTESIAN_POINT ( 'NONE',  ( 17.27217249796582621, 3.986981285598036884, 12.50000000000000000 ) ) ;
#66 = CARTESIAN_POINT ( 'NONE',  ( -5.499999999999996447, 3.099999999999989875, -12.11844615713757456 ) ) ;
#67 = EDGE_CURVE ( 'NONE', #1451, #4030, #4829, .T. ) ;
#68 = CARTESIAN_POINT ( 'NONE',  ( 16.82290173731357541, 3.942635965715810986, 7.694518522453957843 ) ) ;
#69 = DIRECTION ( 'NONE',  ( -0.000000000000000000, -0.000000000000000000, -1.000000000000000000 ) ) ;
#70 = CARTESIAN_POINT ( 'NONE',  ( 3.700000000000002842, -3.231605688536906662, 7.499999999999996447 ) ) ;
#71 = CARTESIAN_POINT ( 'NONE',  ( -9.809887630509605216, 1.550154784663318575, 6.942539668400924846 ) ) ;
#72 = VECTOR ( 'NONE', #3738, 999.9999999999998863 ) ;
#73 = ORIENTED_EDGE ( 'NONE', *, *, #3730, .T. ) ;
#74 = AXIS2_PLACEMENT_3D ( 'NONE', #2865, #2443, #726 ) ;
#75 = EDGE_CURVE ( 'NONE', #2745, #4589, #1276, .T. ) ;
#76 = CARTESIAN_POINT ( 'NONE',  ( -17.50000000000000355, -3.999999999999989786, -12.50000000000000000 ) ) ;
#77 = CARTESIAN_POINT ( 'NONE',  ( -17.50000000000000000, -4.898587196589413026E-15, 4.300000000000001599 ) ) ;
#78 = ORIENTED_EDGE ( 'NONE', *, *, #1848, .F. ) ;
#79 = CARTESIAN_POINT ( 'NONE',  ( 9.661140072260135270, -3.552065146986316257, -11.18642872378869946 ) ) ;
#80 = EDGE_LOOP ( 'NONE', ( #3743, #2006, #4172, #4399, #4377, #149, #1096 ) ) ;
#81 = AXIS2_PLACEMENT_3D ( 'NONE', #948, #1404, #2693 ) ;
#82 = CARTESIAN_POINT ( 'NONE',  ( 8.500000000000003553, -3.099999999999989875, -11.57009311301509058 ) ) ;
#83 = DIRECTION ( 'NONE',  ( 0.000000000000000000, 0.000000000000000000, 1.000000000000000000 ) ) ;
#84 = EDGE_CURVE ( 'NONE', #1368, #2242, #330, .T. ) ;
#85 = VERTEX_POINT ( 'NONE', #3756 ) ;
#86 = DIRECTION ( 'NONE',  ( 0.000000000000000000, 0.000000000000000000, 1.000000000000000000 ) ) ;
#87 = ORIENTED_EDGE ( 'NONE', *, *, #3949, .T. ) ;
#88 = CARTESIAN_POINT ( 'NONE',  ( 0.5000000000000038858, 3.099999999999989875, -11.85301264434293955 ) ) ;
#89 = PLANE ( 'NONE',  #3459 ) ;
#90 = ORIENTED_EDGE ( 'NONE', *, *, #3250, .F. ) ;
#91 = ORIENTED_EDGE ( 'NONE', *, *, #3978, .F. ) ;
#92 = CARTESIAN_POINT ( 'NONE',  ( -0.2999999999999964362, -3.163582246487370409, -11.50000000000000000 ) ) ;
#93 = CARTESIAN_POINT ( 'NONE',  ( -1.766758069413630894, -3.099999999999989875, 7.888220480841870774 ) ) ;
#94 = CARTESIAN_POINT ( 'NONE',  ( 10.50000000000000355, -3.599999999999991207, 7.865664297655481363 ) ) ;
#95 = FACE_OUTER_BOUND ( 'NONE', #4325, .T. ) ;
#96 = CARTESIAN_POINT ( 'NONE',  ( -9.499999999999996447, -3.099999999999989875, 12.50013049999998138 ) ) ;
#97 = CARTESIAN_POINT ( 'NONE',  ( 4.233360105899539150, 3.099999999999989875, 8.030905330125861497 ) ) ;
#98 = ORIENTED_EDGE ( 'NONE', *, *, #4862, .T. ) ;
#99 = ADVANCED_FACE ( 'NONE', ( #2896 ), #4618, .T. ) ;
#100 = CARTESIAN_POINT ( 'NONE',  ( 1.908195823574487804E-14, -103.1631322454748840, 7.500000000000000000 ) ) ;
#101 = DIRECTION ( 'NONE',  ( 0.9983713344239766307, -0.05704979053851286230, 0.000000000000000000 ) ) ;
#102 = CARTESIAN_POINT ( 'NONE',  ( -8.299999999999998934, -3.102803718586186754, 4.299999999999999822 ) ) ;
#103 = LINE ( 'NONE', #3496, #289 ) ;
#104 = ORIENTED_EDGE ( 'NONE', *, *, #4834, .F. ) ;
#105 = CARTESIAN_POINT ( 'NONE',  ( -9.386737788622825818, -2.534753694037973126, -11.50000000000000000 ) ) ;
#106 = ORIENTED_EDGE ( 'NONE', *, *, #4982, .F. ) ;
#107 = EDGE_CURVE ( 'NONE', #117, #5453, #3891, .T. ) ;
#108 = CARTESIAN_POINT ( 'NONE',  ( 17.10139478646998512, -2.975591236772097137, 8.500000000000000000 ) ) ;
#109 = EDGE_LOOP ( 'NONE', ( #654, #841, #820, #1487 ) ) ;
#110 = CARTESIAN_POINT ( 'NONE',  ( -9.386737788622829370, 2.534753694037974903, -11.50000000000000000 ) ) ;
#111 = EDGE_CURVE ( 'NONE', #5409, #790, #1786, .T. ) ;
#112 = EDGE_CURVE ( 'NONE', #3352, #592, #2229, .T. ) ;
#113 = VERTEX_POINT ( 'NONE', #2563 ) ;
#114 = CARTESIAN_POINT ( 'NONE',  ( 0.5000000000000038858, 3.142822420734717959, -11.73951826474429616 ) ) ;
#115 = DIRECTION ( 'NONE',  ( -0.000000000000000000, 0.000000000000000000, -1.000000000000000000 ) ) ;
#116 = VERTEX_POINT ( 'NONE', #4338 ) ;
#117 = VERTEX_POINT ( 'NONE', #1304 ) ;
#118 = DIRECTION ( 'NONE',  ( 0.000000000000000000, 0.000000000000000000, 1.000000000000000000 ) ) ;
#119 = CARTESIAN_POINT ( 'NONE',  ( 5.700000000000001954, -3.325714410276445321, 7.499999999999996447 ) ) ;
#120 = DIRECTION ( 'NONE',  ( 0.000000000000000000, 0.000000000000000000, -1.000000000000000000 ) ) ;
#121 = DIRECTION ( 'NONE',  ( 0.000000000000000000, 0.000000000000000000, -1.000000000000000000 ) ) ;
#122 = CARTESIAN_POINT ( 'NONE',  ( -9.894833035658344045, 1.285183678704509447, 6.650842551736273478 ) ) ;
#123 = ORIENTED_EDGE ( 'NONE', *, *, #3916, .T. ) ;
#124 = VECTOR ( 'NONE', #4167, 1000.000000000000000 ) ;
#125 = LINE ( 'NONE', #2675, #2111 ) ;
#126 = VECTOR ( 'NONE', #1651, 1000.000000000000000 ) ;
#127 = CARTESIAN_POINT ( 'NONE',  ( -6.893352848033786451, -2.392274554575743117, 8.500000000000000000 ) ) ;
#128 = ORIENTED_EDGE ( 'NONE', *, *, #4293, .T. ) ;
#129 = CARTESIAN_POINT ( 'NONE',  ( 3.700000000000002842, 3.231605688536906662, 7.499999999999996447 ) ) ;
#130 = AXIS2_PLACEMENT_3D ( 'NONE', #5262, #1915, #1890 ) ;
#131 = ORIENTED_EDGE ( 'NONE', *, *, #2498, .T. ) ;
#132 = AXIS2_PLACEMENT_3D ( 'NONE', #226, #2740, #1514 ) ;
#133 = CYLINDRICAL_SURFACE ( 'NONE', #3598, 2.149999999999999023 ) ;
#134 = ORIENTED_EDGE ( 'NONE', *, *, #3135, .T. ) ;
#135 = LINE ( 'NONE', #1312, #858 ) ;
#136 = EDGE_CURVE ( 'NONE', #930, #1785, #4623, .T. ) ;
#137 = AXIS2_PLACEMENT_3D ( 'NONE', #2618, #4277, #1299 ) ;
#138 = AXIS2_PLACEMENT_3D ( 'NONE', #1036, #2791, #3544 ) ;
#139 = CARTESIAN_POINT ( 'NONE',  ( -8.141391177542324442, 3.099999999999990319, 7.806604247607749514 ) ) ;
#140 = PLANE ( 'NONE',  #1259 ) ;
#141 = CIRCLE ( 'NONE', #3305, 2.149999999999999023 ) ;
#142 = ORIENTED_EDGE ( 'NONE', *, *, #3622, .F. ) ;
#143 = CARTESIAN_POINT ( 'NONE',  ( -0.2999999999999963252, -3.163582246487384175, 7.499999999999996447 ) ) ;
#144 = ADVANCED_FACE ( 'NONE', ( #3495 ), #4708, .F. ) ;
#145 = DIRECTION ( 'NONE',  ( 0.000000000000000000, 0.000000000000000000, 1.000000000000000000 ) ) ;
#146 = ADVANCED_FACE ( 'NONE', ( #3010 ), #1756, .F. ) ;
#147 = ORIENTED_EDGE ( 'NONE', *, *, #1507, .F. ) ;
#148 = B_SPLINE_CURVE_WITH_KNOTS ( 'NONE', 3,
 ( #5435, #2358, #3745, #3320 ),
 .UNSPECIFIED., .F., .F.,
 ( 4, 4 ),
 ( 0.001283904502700558038, 0.002085685029080797982 ),
 .UNSPECIFIED. ) ;
#149 = ORIENTED_EDGE ( 'NONE', *, *, #5052, .T. ) ;
#150 = CARTESIAN_POINT ( 'NONE',  ( -9.386737788622824041, -2.534753694037974459, -11.50000000000000000 ) ) ;
#151 = CARTESIAN_POINT ( 'NONE',  ( -1.499999999999995781, -3.174382878358583682, 7.499999999999996447 ) ) ;
#152 = EDGE_CURVE ( 'NONE', #3367, #2185, #4291, .T. ) ;
#153 = CARTESIAN_POINT ( 'NONE',  ( -17.50000000000000355, 3.999999999999989786, 4.300000000000001599 ) ) ;
#154 = CARTESIAN_POINT ( 'NONE',  ( 4.500000000000003553, 3.099999999999989875, -12.04913639408140469 ) ) ;
#155 = CARTESIAN_POINT ( 'NONE',  ( -10.01212797832315360, 0.4630387951870679197, 5.841317034387302876 ) ) ;
#156 = ORIENTED_EDGE ( 'NONE', *, *, #459, .T. ) ;
#157 = DIRECTION ( 'NONE',  ( 0.000000000000000000, -1.000000000000000000, 0.000000000000000000 ) ) ;
#158 = CARTESIAN_POINT ( 'NONE',  ( 6.511135468022033912, -2.353349943264410715, -12.50000000000000355 ) ) ;
#159 = CIRCLE ( 'NONE', #3319, 0.8249221863886897488 ) ;
#160 = CARTESIAN_POINT ( 'NONE',  ( 1.908195823574487804E-14, -103.1631322454748840, 7.500000000000000000 ) ) ;
#161 = ORIENTED_EDGE ( 'NONE', *, *, #3949, .F. ) ;
#162 = DIRECTION ( 'NONE',  ( 0.9545014366326090016, -0.2982063169456435348, 0.000000000000000000 ) ) ;
#163 = VERTEX_POINT ( 'NONE', #419 ) ;
#164 = CARTESIAN_POINT ( 'NONE',  ( -8.299999999999998934, -3.099999999999989875, -12.27956295922592211 ) ) ;
#165 = CIRCLE ( 'NONE', #2416, 8.500000000000000000 ) ;
#166 = ORIENTED_EDGE ( 'NONE', *, *, #2778, .F. ) ;
#167 = CARTESIAN_POINT ( 'NONE',  ( 17.02044028536171538, -3.971158343317191974, 7.555006288732550424 ) ) ;
#168 = AXIS2_PLACEMENT_3D ( 'NONE', #4409, #539, #565 ) ;
#169 = ADVANCED_FACE ( 'NONE', ( #4816 ), #3303, .T. ) ;
#170 = FACE_OUTER_BOUND ( 'NONE', #543, .T. ) ;
#171 = DIRECTION ( 'NONE',  ( -0.000000000000000000, -0.000000000000000000, -1.000000000000000000 ) ) ;
#172 = EDGE_LOOP ( 'NONE', ( #1217, #1526, #5018, #175, #980, #4807, #348, #3873, #1758, #624, #1920, #4562, #3998, #1386 ) ) ;
#173 = CARTESIAN_POINT ( 'NONE',  ( -1.499999999999996225, -3.149127883449057030, -11.75829282347343963 ) ) ;
#174 = LINE ( 'NONE', #1935, #3911 ) ;
#175 = ORIENTED_EDGE ( 'NONE', *, *, #966, .F. ) ;
#176 = ORIENTED_EDGE ( 'NONE', *, *, #275, .F. ) ;
#177 = EDGE_CURVE ( 'NONE', #1459, #2306, #5551, .T. ) ;
#178 = CARTESIAN_POINT ( 'NONE',  ( -9.862833763188961100, 1.355782485872041310, 6.285069999084505810 ) ) ;
#179 = CARTESIAN_POINT ( 'NONE',  ( -9.997370618012894283, 0.4798150847006076858, 5.871926301274758231 ) ) ;
#180 = CARTESIAN_POINT ( 'NONE',  ( -4.299999999999996270, 3.255625020041626350, -11.68842965217917751 ) ) ;
#181 = CARTESIAN_POINT ( 'NONE',  ( -0.2999999999999964362, -3.099999999999989875, -11.85088638530116789 ) ) ;
#182 = CARTESIAN_POINT ( 'NONE',  ( -8.402356039254803122, 3.066939984395985697, 8.354982130491658054 ) ) ;
#183 = VERTEX_POINT ( 'NONE', #102 ) ;
#184 = ADVANCED_FACE ( 'NONE', ( #1384 ), #954, .T. ) ;
#185 = ADVANCED_FACE ( 'NONE', ( #3092 ), #3411, .T. ) ;
#186 = CARTESIAN_POINT ( 'NONE',  ( -7.499999999999998224, -4.898587196589413026E-15, 4.299999999999999822 ) ) ;
#187 = FACE_OUTER_BOUND ( 'NONE', #4432, .T. ) ;
#188 = PLANE ( 'NONE',  #138 ) ;
#189 = LINE ( 'NONE', #2729, #2994 ) ;
#190 = CARTESIAN_POINT ( 'NONE',  ( 4.233362348769428074, 3.099999999999989875, -12.03090548347898192 ) ) ;
#191 = ORIENTED_EDGE ( 'NONE', *, *, #2382, .T. ) ;
#192 = DIRECTION ( 'NONE',  ( 1.000000000000000000, 0.000000000000000000, 0.000000000000000000 ) ) ;
#193 = VERTEX_POINT ( 'NONE', #470 ) ;
#194 = CARTESIAN_POINT ( 'NONE',  ( 16.56072443948855266, -3.889691991462699505, 7.836477869047066669 ) ) ;
#195 = CARTESIAN_POINT ( 'NONE',  ( -1.499999999999996225, 3.174382878358569915, -11.50000000000000000 ) ) ;
#196 = CARTESIAN_POINT ( 'NONE',  ( -9.386737788622824041, -3.099999999999989875, -11.50000000000000000 ) ) ;
#197 = VERTEX_POINT ( 'NONE', #4766 ) ;
#198 = CARTESIAN_POINT ( 'NONE',  ( 5.704979053851306325, -3.325998803077208077, 7.500000000000000000 ) ) ;
#199 = CARTESIAN_POINT ( 'NONE',  ( 4.500000000000003553, 3.099999999999989875, -12.04913639408140469 ) ) ;
#200 = ORIENTED_EDGE ( 'NONE', *, *, #2253, .F. ) ;
#201 = CARTESIAN_POINT ( 'NONE',  ( -8.300000000000656186, 3.102803718585873227, 7.401151491951153183 ) ) ;
#202 = LINE ( 'NONE', #1550, #72 ) ;
#203 = CARTESIAN_POINT ( 'NONE',  ( -1.499999999999995781, 3.174382878358583682, 7.499999999999996447 ) ) ;
#204 = LINE ( 'NONE', #3569, #581 ) ;
#205 = EDGE_CURVE ( 'NONE', #703, #4178, #4791, .T. ) ;
#206 = PLANE ( 'NONE',  #4403 ) ;
#207 =( BOUNDED_CURVE ( )  B_SPLINE_CURVE ( 3, ( #1768, #1373, #3078, #4802 ),
 .UNSPECIFIED., .F., .F. ) 
 B_SPLINE_CURVE_WITH_KNOTS ( ( 4, 4 ),
 ( 0.8339391565363191150, 0.8939677267071025613 ),
 .UNSPECIFIED. ) 
 CURVE ( )  GEOMETRIC_REPRESENTATION_ITEM ( )  RATIONAL_B_SPLINE_CURVE ( ( 1.000000000000000000, 0.9996997367724798078, 0.9996997367724798078, 1.000000000000000000 ) ) 
 REPRESENTATION_ITEM ( '' )  );
#208 = B_SPLINE_CURVE_WITH_KNOTS ( 'NONE', 3,
 ( #3939, #2639, #1460, #92 ),
 .UNSPECIFIED., .F., .F.,
 ( 4, 4 ),
 ( 0.001295513692431236570, 0.001652251505797271884 ),
 .UNSPECIFIED. ) ;
#209 = ORIENTED_EDGE ( 'NONE', *, *, #1848, .T. ) ;
#210 = CARTESIAN_POINT ( 'NONE',  ( 2.500000000000003109, -3.194387129813860859, 7.499999999999996447 ) ) ;
#211 = FACE_OUTER_BOUND ( 'NONE', #1364, .T. ) ;
#212 = AXIS2_PLACEMENT_3D ( 'NONE', #5402, #2803, #1112 ) ;
#213 = DIRECTION ( 'NONE',  ( -0.05704979053851309823, -0.9983713344239766307, 0.000000000000000000 ) ) ;
#214 = CARTESIAN_POINT ( 'NONE',  ( 8.500000000000003553, -3.485714285714275995, 7.813743481812053915 ) ) ;
#215 = DIRECTION ( 'NONE',  ( 1.000000000000000000, 0.000000000000000000, 0.000000000000000000 ) ) ;
#216 = EDGE_CURVE ( 'NONE', #734, #2451, #5137, .T. ) ;
#217 = EDGE_CURVE ( 'NONE', #1689, #5488, #3299, .T. ) ;
#218 = CARTESIAN_POINT ( 'NONE',  ( -7.499999999999998224, -3.428571428571419055, 4.300000000000000711 ) ) ;
#219 = ORIENTED_EDGE ( 'NONE', *, *, #2422, .F. ) ;
#220 = VECTOR ( 'NONE', #5135, 999.9999999999998863 ) ;
#221 = CARTESIAN_POINT ( 'NONE',  ( -1.499999999999996225, 3.174382878358569915, -11.50000000000000000 ) ) ;
#222 = ORIENTED_EDGE ( 'NONE', *, *, #906, .F. ) ;
#223 = TOROIDAL_SURFACE ( 'NONE', #4636, 10.49999999999999822, 3.000000000000000000 ) ;
#224 = CARTESIAN_POINT ( 'NONE',  ( 14.85408525341972741, -3.009830145565706161, 8.500000000000000000 ) ) ;
#225 = ORIENTED_EDGE ( 'NONE', *, *, #2192, .F. ) ;
#226 = CARTESIAN_POINT ( 'NONE',  ( 5.762028844389818438, 2.327627468653231446, 7.500000000000000000 ) ) ;
#227 = DIRECTION ( 'NONE',  ( -0.000000000000000000, -0.000000000000000000, -1.000000000000000000 ) ) ;
#228 = AXIS2_PLACEMENT_3D ( 'NONE', #1148, #3741, #5041 ) ;
#229 = VERTEX_POINT ( 'NONE', #3864 ) ;
#230 = DIRECTION ( 'NONE',  ( -0.000000000000000000, -0.000000000000000000, -1.000000000000000000 ) ) ;
#231 = CARTESIAN_POINT ( 'NONE',  ( -0.03336126819915790492, -3.099999999999989875, 7.848752988210371484 ) ) ;
#232 = VERTEX_POINT ( 'NONE', #4420 ) ;
#233 = DIRECTION ( 'NONE',  ( -1.000000000000000000, 0.000000000000000000, 0.000000000000000000 ) ) ;
#234 = AXIS2_PLACEMENT_3D ( 'NONE', #1975, #3696, #1556 ) ;
#235 = CARTESIAN_POINT ( 'NONE',  ( 8.500000000000003553, -3.099999999999989875, -11.57009311301509058 ) ) ;
#236 = CARTESIAN_POINT ( 'NONE',  ( 9.700000000000002842, -3.360547228651407536, -9.756953010586199682 ) ) ;
#237 = DIRECTION ( 'NONE',  ( -0.000000000000000000, -0.000000000000000000, -1.000000000000000000 ) ) ;
#238 = CARTESIAN_POINT ( 'NONE',  ( -9.035185857913266005, -2.639848423270855005, 8.013801122983789327 ) ) ;
#239 = ORIENTED_EDGE ( 'NONE', *, *, #4428, .F. ) ;
#240 = DIRECTION ( 'NONE',  ( 0.000000000000000000, -1.000000000000000000, 0.000000000000000000 ) ) ;
#241 = EDGE_CURVE ( 'NONE', #5531, #2705, #3117, .T. ) ;
#242 = CARTESIAN_POINT ( 'NONE',  ( 8.709144737947100978, -2.309891369193047161, -11.70223605863627547 ) ) ;
#243 = CARTESIAN_POINT ( 'NONE',  ( 10.12482547071370753, -2.248927833833913148, -9.806874864935313241 ) ) ;
#244 = CARTESIAN_POINT ( 'NONE',  ( 5.874981175674043321, -3.099999999999989431, -12.14457643345124715 ) ) ;
#245 =( BOUNDED_CURVE ( )  B_SPLINE_CURVE ( 3, ( #387, #4734, #5521, #1672 ),
 .UNSPECIFIED., .F., .F. ) 
 B_SPLINE_CURVE_WITH_KNOTS ( ( 4, 4 ),
 ( 3.975531810126111676, 4.035560380296894678 ),
 .UNSPECIFIED. ) 
 CURVE ( )  GEOMETRIC_REPRESENTATION_ITEM ( )  RATIONAL_B_SPLINE_CURVE ( ( 1.000000000000000000, 0.9996997367724798078, 0.9996997367724798078, 1.000000000000000000 ) ) 
 REPRESENTATION_ITEM ( '' )  );
#246 = CARTESIAN_POINT ( 'NONE',  ( 8.747300789193353410, 3.499845759382469002, -10.23849720489961612 ) ) ;
#247 = ORIENTED_EDGE ( 'NONE', *, *, #4083, .F. ) ;
#248 = DIRECTION ( 'NONE',  ( 0.000000000000000000, 0.000000000000000000, 1.000000000000000000 ) ) ;
#249 = EDGE_CURVE ( 'NONE', #3333, #5235, #3024, .T. ) ;
#250 = AXIS2_PLACEMENT_3D ( 'NONE', #2406, #3713, #5428 ) ;
#251 = ORIENTED_EDGE ( 'NONE', *, *, #831, .F. ) ;
#252 = CARTESIAN_POINT ( 'NONE',  ( 16.66673521534299596, -3.913697364462736861, 7.781710849600330882 ) ) ;
#253 = ORIENTED_EDGE ( 'NONE', *, *, #1650, .T. ) ;
#254 = CIRCLE ( 'NONE', #4037, 100.0000000000000000 ) ;
#255 = EDGE_CURVE ( 'NONE', #2376, #3318, #4827, .T. ) ;
#256 = ADVANCED_FACE ( 'NONE', ( #4505 ), #1867, .F. ) ;
#257 = CARTESIAN_POINT ( 'NONE',  ( -7.681859196133144607, 3.099999999999989875, 8.119065569724027043 ) ) ;
#258 = DIRECTION ( 'NONE',  ( 1.000000000000000000, 0.000000000000000000, 0.000000000000000000 ) ) ;
#259 = EDGE_LOOP ( 'NONE', ( #3345, #284, #1171, #1372 ) ) ;
#260 = VECTOR ( 'NONE', #1532, 1000.000000000000000 ) ;
#261 = CARTESIAN_POINT ( 'NONE',  ( 1.700000000000003064, -3.177583289638269193, 7.499999999999996447 ) ) ;
#262 = CARTESIAN_POINT ( 'NONE',  ( -4.299999999999994493, 3.255625020041619244, 7.499999999999996447 ) ) ;
#263 = EDGE_LOOP ( 'NONE', ( #2143, #2025, #2019 ) ) ;
#264 = VECTOR ( 'NONE', #2962, 1000.000000000000000 ) ;
#265 = ORIENTED_EDGE ( 'NONE', *, *, #2800, .F. ) ;
#266 = CARTESIAN_POINT ( 'NONE',  ( -6.299999999999996270, 3.359999999999990106, 7.499999999999996447 ) ) ;
#267 = CARTESIAN_POINT ( 'NONE',  ( -0.2999999999999964362, 3.163582246487386396, -11.50000000000000000 ) ) ;
#268 = FACE_OUTER_BOUND ( 'NONE', #3523, .T. ) ;
#269 = CARTESIAN_POINT ( 'NONE',  ( 3.700000000000003730, -3.099999999999989875, 7.995716659746413768 ) ) ;
#270 = ORIENTED_EDGE ( 'NONE', *, *, #3273, .F. ) ;
#271 = CARTESIAN_POINT ( 'NONE',  ( -7.272790381312479902, 2.377852690017909332, 7.500000000000000888 ) ) ;
#272 = DIRECTION ( 'NONE',  ( -0.000000000000000000, -0.000000000000000000, 1.000000000000000000 ) ) ;
#273 = LINE ( 'NONE', #1667, #2636 ) ;
#274 = CARTESIAN_POINT ( 'NONE',  ( -3.499999999999996003, -3.099999999999989875, -11.98290071710021643 ) ) ;
#275 = EDGE_CURVE ( 'NONE', #1710, #5134, #4846, .T. ) ;
#276 = ORIENTED_EDGE ( 'NONE', *, *, #4630, .F. ) ;
#277 = DIRECTION ( 'NONE',  ( -0.000000000000000000, 1.000000000000000000, 0.000000000000000000 ) ) ;
#278 = CARTESIAN_POINT ( 'NONE',  ( 9.700000000000004619, -3.484420365519645735, -8.500000000000000000 ) ) ;
#279 = DIRECTION ( 'NONE',  ( -0.000000000000000000, -0.000000000000000000, 1.000000000000000000 ) ) ;
#280 = ORIENTED_EDGE ( 'NONE', *, *, #2121, .T. ) ;
#281 = EDGE_CURVE ( 'NONE', #2492, #2461, #3545, .T. ) ;
#282 = ORIENTED_EDGE ( 'NONE', *, *, #758, .T. ) ;
#283 = DIRECTION ( 'NONE',  ( 0.05704979053851312598, -0.9983713344239766307, 0.000000000000000000 ) ) ;
#284 = ORIENTED_EDGE ( 'NONE', *, *, #430, .T. ) ;
#285 = CARTESIAN_POINT ( 'NONE',  ( -5.499999999999996447, 3.314496801619161381, -11.50000000000000000 ) ) ;
#286 = EDGE_CURVE ( 'NONE', #2213, #5257, #723, .T. ) ;
#287 = ADVANCED_FACE ( 'NONE', ( #1068 ), #188, .F. ) ;
#288 = ORIENTED_EDGE ( 'NONE', *, *, #496, .T. ) ;
#289 = VECTOR ( 'NONE', #3575, 1000.000000000000000 ) ;
#290 = VERTEX_POINT ( 'NONE', #3237 ) ;
#291 = DIRECTION ( 'NONE',  ( 0.000000000000000000, -0.000000000000000000, 1.000000000000000000 ) ) ;
#292 = CARTESIAN_POINT ( 'NONE',  ( 17.50000000000000000, 5.817072295949927426E-15, 12.50000000000000000 ) ) ;
#293 = B_SPLINE_CURVE_WITH_KNOTS ( 'NONE', 3,
 ( #5232, #4012, #62, #1801 ),
 .UNSPECIFIED., .F., .F.,
 ( 4, 4 ),
 ( 0.001281169991378806276, 0.002081069407171961139 ),
 .UNSPECIFIED. ) ;
#294 = CARTESIAN_POINT ( 'NONE',  ( -5.717893271169059766, 3.099999999999989875, 8.133634535044654612 ) ) ;
#295 = CARTESIAN_POINT ( 'NONE',  ( 0.000000000000000000, 2.999999999999991118, -12.50000000000000000 ) ) ;
#296 = EDGE_LOOP ( 'NONE', ( #512, #4717, #3409, #4489, #4892, #5559 ) ) ;
#297 = FACE_OUTER_BOUND ( 'NONE', #4298, .T. ) ;
#298 = CARTESIAN_POINT ( 'NONE',  ( -8.299999999999998934, -3.474285714285703985, 4.300000000000000711 ) ) ;
#299 = B_SPLINE_CURVE_WITH_KNOTS ( 'NONE', 3,
 ( #752, #727, #2082, #4140 ),
 .UNSPECIFIED., .F., .F.,
 ( 4, 4 ),
 ( 9.162132836670565143E-15, 0.0007214609635760580765 ),
 .UNSPECIFIED. ) ;
#300 = DIRECTION ( 'NONE',  ( 0.9983713344239766307, -0.05704979053851286230, 0.000000000000000000 ) ) ;
#301 = CARTESIAN_POINT ( 'NONE',  ( 8.500000000000003553, 3.099999999999989875, -11.57009311301514209 ) ) ;
#302 = VERTEX_POINT ( 'NONE', #3149 ) ;
#303 = AXIS2_PLACEMENT_3D ( 'NONE', #4393, #5355, #4504 ) ;
#304 = CARTESIAN_POINT ( 'NONE',  ( -5.717893271169059766, 3.099999999999989875, 8.133634535044654612 ) ) ;
#305 = DIRECTION ( 'NONE',  ( -1.000000000000000000, 0.000000000000000000, 0.000000000000000000 ) ) ;
#306 = CARTESIAN_POINT ( 'NONE',  ( 6.500000000000004441, 3.371428571428562115, 7.499999999999992895 ) ) ;
#307 = ORIENTED_EDGE ( 'NONE', *, *, #4828, .F. ) ;
#308 = ORIENTED_EDGE ( 'NONE', *, *, #4597, .T. ) ;
#309 = CARTESIAN_POINT ( 'NONE',  ( 17.04434499593166308, -3.973962571196085314, 12.50000000000000000 ) ) ;
#310 = AXIS2_PLACEMENT_3D ( 'NONE', #3430, #4724, #4640 ) ;
#311 = ADVANCED_FACE ( 'NONE', ( #3121 ), #2333, .F. ) ;
#312 = ORIENTED_EDGE ( 'NONE', *, *, #736, .T. ) ;
#313 = DIRECTION ( 'NONE',  ( -0.000000000000000000, -0.000000000000000000, -1.000000000000000000 ) ) ;
#314 = AXIS2_PLACEMENT_3D ( 'NONE', #789, #4256, #3725 ) ;
#315 = VERTEX_POINT ( 'NONE', #5328 ) ;
#316 = VECTOR ( 'NONE', #1665, 1000.000000000000000 ) ;
#317 = B_SPLINE_CURVE_WITH_KNOTS ( 'NONE', 3,
 ( #5545, #4334, #2978, #1697 ),
 .UNSPECIFIED., .F., .F.,
 ( 4, 4 ),
 ( 0.001283881781250897480, 0.002085609064809338872 ),
 .UNSPECIFIED. ) ;
#318 = ADVANCED_FACE ( 'NONE', ( #2728 ), #4901, .F. ) ;
#319 = ORIENTED_EDGE ( 'NONE', *, *, #3332, .T. ) ;
#320 = CARTESIAN_POINT ( 'NONE',  ( -8.299999999999998934, 3.474285714285704429, -11.50000000000000000 ) ) ;
#321 = CARTESIAN_POINT ( 'NONE',  ( 0.5000000000000038858, 3.164382253287467694, -11.50000000000000000 ) ) ;
#322 = DIRECTION ( 'NONE',  ( 0.000000000000000000, -1.000000000000000000, 0.000000000000000000 ) ) ;
#323 = VECTOR ( 'NONE', #2057, 1000.000000000000000 ) ;
#324 = CARTESIAN_POINT ( 'NONE',  ( -8.869074754728032417, -1.792459352509929715, 7.984364633232240216 ) ) ;
#325 = VECTOR ( 'NONE', #2906, 1000.000000000000000 ) ;
#326 = VERTEX_POINT ( 'NONE', #3996 ) ;
#327 = DIRECTION ( 'NONE',  ( 1.000000000000000000, 0.000000000000000000, 0.000000000000000000 ) ) ;
#328 = ADVANCED_FACE ( 'NONE', ( #4057 ), #1469, .F. ) ;
#329 = CARTESIAN_POINT ( 'NONE',  ( 7.700000000000003730, 3.099999999999989875, 12.50013049999998138 ) ) ;
#330 = CIRCLE ( 'NONE', #4201, 2.149999999999997247 ) ;
#331 = PLANE ( 'NONE',  #1196 ) ;
#332 = CARTESIAN_POINT ( 'NONE',  ( -0.2999999999999964362, -3.163582246487370409, -11.50000000000000000 ) ) ;
#333 = ORIENTED_EDGE ( 'NONE', *, *, #916, .T. ) ;
#334 = CARTESIAN_POINT ( 'NONE',  ( 3.700000000000003730, -3.099999999999989875, -11.99571665973795120 ) ) ;
#335 = CARTESIAN_POINT ( 'NONE',  ( 7.700000000000003730, -3.099999999999989875, -11.95923320765310294 ) ) ;
#336 = DIRECTION ( 'NONE',  ( -0.000000000000000000, -0.000000000000000000, -1.000000000000000000 ) ) ;
#337 = VERTEX_POINT ( 'NONE', #1923 ) ;
#338 = ORIENTED_EDGE ( 'NONE', *, *, #4076, .F. ) ;
#339 = DIRECTION ( 'NONE',  ( -0.000000000000000000, -0.000000000000000000, -1.000000000000000000 ) ) ;
#340 = CARTESIAN_POINT ( 'NONE',  ( 5.717893271170003011, 3.099999999999989875, 8.133634535041737834 ) ) ;
#341 = CARTESIAN_POINT ( 'NONE',  ( 1.700000000000003508, -3.099999999999989875, 7.886169321447423997 ) ) ;
#342 = ORIENTED_EDGE ( 'NONE', *, *, #4530, .F. ) ;
#343 = CARTESIAN_POINT ( 'NONE',  ( -9.069985897735204361, -1.666494120369781617, 7.824439277188043995 ) ) ;
#344 = CIRCLE ( 'NONE', #2863, 1.000000000000000888 ) ;
#345 = EDGE_CURVE ( 'NONE', #4821, #3508, #968, .T. ) ;
#346 = ORIENTED_EDGE ( 'NONE', *, *, #2039, .T. ) ;
#347 = VECTOR ( 'NONE', #1331, 1000.000000000000000 ) ;
#348 = ORIENTED_EDGE ( 'NONE', *, *, #1887, .T. ) ;
#349 = FACE_OUTER_BOUND ( 'NONE', #2987, .T. ) ;
#350 = DIRECTION ( 'NONE',  ( -0.000000000000000000, -0.000000000000000000, -1.000000000000000000 ) ) ;
#351 = CARTESIAN_POINT ( 'NONE',  ( 9.962240684227140264, 3.099999999999989875, 8.347250786002261336 ) ) ;
#352 = FACE_OUTER_BOUND ( 'NONE', #4779, .T. ) ;
#353 = VECTOR ( 'NONE', #4923, 1000.000000000000000 ) ;
#354 = ADVANCED_FACE ( 'NONE', ( #1949 ), #1529, .F. ) ;
#355 = ORIENTED_EDGE ( 'NONE', *, *, #5284, .T. ) ;
#356 =( NAMED_UNIT ( * ) PLANE_ANGLE_UNIT ( ) SI_UNIT ( $, .RADIAN. ) );
#357 = CARTESIAN_POINT ( 'NONE',  ( 7.981814089393426848, 3.099999999999989875, -11.86066013992730461 ) ) ;
#358 = CARTESIAN_POINT ( 'NONE',  ( -17.50000000000000355, 3.999999999999989786, 4.300000000000001599 ) ) ;
#359 = LINE ( 'NONE', #4192, #323 ) ;
#360 = CARTESIAN_POINT ( 'NONE',  ( -17.50000000000000000, -4.898587196589413026E-15, 4.299999999999999822 ) ) ;
#361 = EDGE_CURVE ( 'NONE', #431, #116, #1063, .T. ) ;
#362 = ADVANCED_FACE ( 'NONE', ( #349 ), #3452, .T. ) ;
#363 = VERTEX_POINT ( 'NONE', #5569 ) ;
#364 = CARTESIAN_POINT ( 'NONE',  ( -5.499999999999996447, 3.099999999999989875, 8.118446157137695351 ) ) ;
#365 = EDGE_LOOP ( 'NONE', ( #2509, #5064, #2879, #3015, #45, #225, #4194, #1735, #1350, #4581, #4658, #3309, #4987, #2819, #687, #4527, #2654, #2011, #926, #3534, #4321, #3184, #4972, #5167, #3765, #3914, #78, #3624 ) ) ;
#366 = DIRECTION ( 'NONE',  ( 1.000000000000000000, 0.000000000000000000, 0.000000000000000000 ) ) ;
#367 = VERTEX_POINT ( 'NONE', #4634 ) ;
#368 = EDGE_LOOP ( 'NONE', ( #4483, #3119, #4017, #4653 ) ) ;
#369 = DIRECTION ( 'NONE',  ( 0.000000000000000000, 0.000000000000000000, 1.000000000000000000 ) ) ;
#370 = DIRECTION ( 'NONE',  ( 0.000000000000000000, 0.000000000000000000, -1.000000000000000000 ) ) ;
#371 = CARTESIAN_POINT ( 'NONE',  ( 2.233394525913772632, -3.099999999999989875, 7.909820838116896624 ) ) ;
#372 = ORIENTED_EDGE ( 'NONE', *, *, #4242, .T. ) ;
#373 = CARTESIAN_POINT ( 'NONE',  ( 5.717893271170004788, -3.099999999999989875, 8.133634535041746716 ) ) ;
#374 = ORIENTED_EDGE ( 'NONE', *, *, #281, .T. ) ;
#375 = ORIENTED_EDGE ( 'NONE', *, *, #4772, .F. ) ;
#376 = CARTESIAN_POINT ( 'NONE',  ( 10.50000000000000355, -3.999999999999989786, 12.50013049999998138 ) ) ;
#377 = DIRECTION ( 'NONE',  ( -1.000000000000000000, 0.000000000000000000, 0.000000000000000000 ) ) ;
#378 = CARTESIAN_POINT ( 'NONE',  ( 8.500000000000003553, 3.099999999999989875, 12.50013049999998138 ) ) ;
#379 = VERTEX_POINT ( 'NONE', #4269 ) ;
#380 = DIRECTION ( 'NONE',  ( -0.000000000000000000, -0.000000000000000000, -1.000000000000000000 ) ) ;
#381 = DIRECTION ( 'NONE',  ( 0.000000000000000000, -1.000000000000000000, 0.000000000000000000 ) ) ;
#382 = ADVANCED_FACE ( 'NONE', ( #404 ), #4693, .T. ) ;
#383 = CARTESIAN_POINT ( 'NONE',  ( 7.699999999999972644, 3.323662629980057126, -11.74213690059251824 ) ) ;
#384 = DIRECTION ( 'NONE',  ( 1.000000000000000000, 0.000000000000000000, 0.000000000000000000 ) ) ;
#385 = DIRECTION ( 'NONE',  ( 1.000000000000000000, 4.440892098500625373E-15, 0.000000000000000000 ) ) ;
#386 = ORIENTED_EDGE ( 'NONE', *, *, #1613, .T. ) ;
#387 = CARTESIAN_POINT ( 'NONE',  ( -7.499999999999998224, -3.099999999999989875, -12.24058408028005651 ) ) ;
#388 = EDGE_CURVE ( 'NONE', #2167, #3962, #5101, .T. ) ;
#389 = CARTESIAN_POINT ( 'NONE',  ( 5.700000000000003730, 3.999999999999989786, 12.50013049999998138 ) ) ;
#390 = ADVANCED_FACE ( 'NONE', ( #5174 ), #3368, .F. ) ;
#391 = DIRECTION ( 'NONE',  ( 0.000000000000000000, 0.000000000000000000, 1.000000000000000000 ) ) ;
#392 = ORIENTED_EDGE ( 'NONE', *, *, #3153, .T. ) ;
#393 = CARTESIAN_POINT ( 'NONE',  ( -4.299999999999996270, 3.099999999999989875, 12.50013049999998138 ) ) ;
#394 = ORIENTED_EDGE ( 'NONE', *, *, #4150, .F. ) ;
#395 = CARTESIAN_POINT ( 'NONE',  ( -10.29999999999999716, -4.898587196589413026E-15, -10.59999999999999964 ) ) ;
#396 = CARTESIAN_POINT ( 'NONE',  ( -0.2999999999999964362, -3.163582246487379290, 7.620096008375375263 ) ) ;
#397 = CARTESIAN_POINT ( 'NONE',  ( 17.49999999999999645, -3.999999999999988898, 12.50000299999999953 ) ) ;
#398 = ADVANCED_FACE ( 'NONE', ( #5091 ), #1201, .T. ) ;
#399 = ORIENTED_EDGE ( 'NONE', *, *, #4951, .T. ) ;
#400 = CARTESIAN_POINT ( 'NONE',  ( 6.201183617339072640, -3.099999999999989875, -12.16587770879695363 ) ) ;
#401 = ORIENTED_EDGE ( 'NONE', *, *, #2149, .F. ) ;
#402 = ORIENTED_EDGE ( 'NONE', *, *, #4118, .F. ) ;
#403 = VECTOR ( 'NONE', #4484, 1000.000000000000000 ) ;
#404 = FACE_OUTER_BOUND ( 'NONE', #3581, .T. ) ;
#405 = FACE_OUTER_BOUND ( 'NONE', #1038, .T. ) ;
#406 = AXIS2_PLACEMENT_3D ( 'NONE', #973, #4073, #5320 ) ;
#407 = CARTESIAN_POINT ( 'NONE',  ( -9.499999999999996447, -3.542857142857132935, -12.50000000000000000 ) ) ;
#408 = ORIENTED_EDGE ( 'NONE', *, *, #1050, .T. ) ;
#409 = CARTESIAN_POINT ( 'NONE',  ( 1.700000000000003064, 3.177583289638269193, -12.50000000000000000 ) ) ;
#410 = CARTESIAN_POINT ( 'NONE',  ( 2.500000000000003997, 3.099999999999989875, 7.924042387783944541 ) ) ;
#411 = LINE ( 'NONE', #868, #1770 ) ;
#412 = VECTOR ( 'NONE', #4642, 1000.000000000000000 ) ;
#413 = AXIS2_PLACEMENT_3D ( 'NONE', #4433, #3104, #2661 ) ;
#414 = CARTESIAN_POINT ( 'NONE',  ( -7.272790381312480790, 2.377852690017909332, 8.500000000000000000 ) ) ;
#415 = ORIENTED_EDGE ( 'NONE', *, *, #4704, .T. ) ;
#416 = ADVANCED_FACE ( 'NONE', ( #2162 ), #773, .F. ) ;
#417 = DIRECTION ( 'NONE',  ( -0.9983713344239767418, 0.05704979053851286230, -0.000000000000000000 ) ) ;
#418 = VECTOR ( 'NONE', #2207, 1000.000000000000000 ) ;
#419 = CARTESIAN_POINT ( 'NONE',  ( -10.29999999999999716, -3.099999999999989875, -10.60000000000000142 ) ) ;
#420 = FACE_OUTER_BOUND ( 'NONE', #1439, .T. ) ;
#421 = EDGE_LOOP ( 'NONE', ( #5289, #3980, #2073, #1608 ) ) ;
#422 = ORIENTED_EDGE ( 'NONE', *, *, #5154, .T. ) ;
#423 = ADVANCED_FACE ( 'NONE', ( #4240 ), #1291, .T. ) ;
#424 = CARTESIAN_POINT ( 'NONE',  ( 9.158865447766729062, 3.523363739872375167, -9.487769368455326813 ) ) ;
#425 = DIRECTION ( 'NONE',  ( 0.9983713344239766307, 0.05704979053851286230, -0.000000000000000000 ) ) ;
#426 = CARTESIAN_POINT ( 'NONE',  ( 4.500000000000003553, -3.264433555251708086, -11.69392814187909480 ) ) ;
#427 = ORIENTED_EDGE ( 'NONE', *, *, #1955, .F. ) ;
#428 = CARTESIAN_POINT ( 'NONE',  ( 5.705964421423918687, -3.099999999999989875, 8.132803600779235254 ) ) ;
#429 =( BOUNDED_CURVE ( )  B_SPLINE_CURVE ( 3, ( #2272, #1463, #4499, #633 ),
 .UNSPECIFIED., .F., .F. ) 
 B_SPLINE_CURVE_WITH_KNOTS ( ( 4, 4 ),
 ( 3.827834890505084076, 3.895509344799037876 ),
 .UNSPECIFIED. ) 
 CURVE ( )  GEOMETRIC_REPRESENTATION_ITEM ( )  RATIONAL_B_SPLINE_CURVE ( ( 1.000000000000000000, 0.9996183837662973026, 0.9996183837662973026, 1.000000000000000000 ) ) 
 REPRESENTATION_ITEM ( '' )  );
#430 = EDGE_CURVE ( 'NONE', #963, #337, #4376, .T. ) ;
#431 = VERTEX_POINT ( 'NONE', #1264 ) ;
#432 = EDGE_LOOP ( 'NONE', ( #2779, #422, #1351, #1504, #3799, #661, #2808, #710, #4956, #3526 ) ) ;
#433 = VECTOR ( 'NONE', #3418, 999.9999999999998863 ) ;
#434 = CARTESIAN_POINT ( 'NONE',  ( -0.2999999999999964362, -3.999999999999989786, 12.50013049999998138 ) ) ;
#435 = DIRECTION ( 'NONE',  ( 0.9983713344239767418, 0.05704979053851286230, -0.000000000000000000 ) ) ;
#436 = DIRECTION ( 'NONE',  ( 0.05704979053851309823, 0.9983713344239766307, 0.000000000000000000 ) ) ;
#437 = ORIENTED_EDGE ( 'NONE', *, *, #2122, .T. ) ;
#438 = AXIS2_PLACEMENT_3D ( 'NONE', #2598, #2148, #849 ) ;
#439 = CARTESIAN_POINT ( 'NONE',  ( 3.700000000000003730, 3.999999999999989786, 12.50013049999998138 ) ) ;
#440 = DIRECTION ( 'NONE',  ( -0.000000000000000000, -0.000000000000000000, -1.000000000000000000 ) ) ;
#441 = AXIS2_PLACEMENT_3D ( 'NONE', #3407, #840, #4761 ) ;
#442 = CYLINDRICAL_SURFACE ( 'NONE', #2220, 100.0000000000000000 ) ;
#443 = DIRECTION ( 'NONE',  ( 1.000000000000000000, 0.000000000000000000, 0.000000000000000000 ) ) ;
#444 = ORIENTED_EDGE ( 'NONE', *, *, #2974, .T. ) ;
#445 = CIRCLE ( 'NONE', #2426, 3.999999999999996447 ) ;
#446 = DIRECTION ( 'NONE',  ( -1.000000000000000000, 0.000000000000000000, 0.000000000000000000 ) ) ;
#447 = CARTESIAN_POINT ( 'NONE',  ( 3.700000000000003730, 3.185546097654583964, 7.845944198169564565 ) ) ;
#448 = EDGE_CURVE ( 'NONE', #873, #8, #9, .T. ) ;
#449 = ORIENTED_EDGE ( 'NONE', *, *, #2089, .F. ) ;
#450 = CARTESIAN_POINT ( 'NONE',  ( 9.159199453238654698, -3.523382825899341597, -9.486735241297070687 ) ) ;
#451 = ORIENTED_EDGE ( 'NONE', *, *, #3882, .F. ) ;
#452 = CARTESIAN_POINT ( 'NONE',  ( 8.993856703839384181, 3.513934668790812399, -9.854050870900969983 ) ) ;
#453 = CARTESIAN_POINT ( 'NONE',  ( -9.485060290502294933, -2.110922447775856359, 6.807467962675659123 ) ) ;
#454 = VERTEX_POINT ( 'NONE', #889 ) ;
#455 = LINE ( 'NONE', #2182, #2571 ) ;
#456 = EDGE_CURVE ( 'NONE', #928, #2569, #5283, .T. ) ;
#457 = ORIENTED_EDGE ( 'NONE', *, *, #4034, .T. ) ;
#458 = DIRECTION ( 'NONE',  ( -0.000000000000000000, -0.000000000000000000, -1.000000000000000000 ) ) ;
#459 = EDGE_CURVE ( 'NONE', #958, #3367, #3621, .T. ) ;
#460 = LINE ( 'NONE', #2075, #4367 ) ;
#461 = ADVANCED_FACE ( 'NONE', ( #1826 ), #5287, .T. ) ;
#462 = CARTESIAN_POINT ( 'NONE',  ( -5.762028844389782023, 2.327627468653229670, -12.50000000000000000 ) ) ;
#463 = EDGE_LOOP ( 'NONE', ( #2209, #3692, #2310, #355 ) ) ;
#464 = CARTESIAN_POINT ( 'NONE',  ( 9.700000000000004619, 3.484420365519647955, -2.400000000000001243 ) ) ;
#465 = DIRECTION ( 'NONE',  ( 0.000000000000000000, 0.000000000000000000, 1.000000000000000000 ) ) ;
#466 = CARTESIAN_POINT ( 'NONE',  ( 3.700000000000003730, -3.231605688536891119, -11.67338411567697776 ) ) ;
#467 = CARTESIAN_POINT ( 'NONE',  ( -21.50000000000000000, -4.898587196589413026E-15, 12.50000000000000000 ) ) ;
#468 = DIRECTION ( 'NONE',  ( -0.05704979053851286230, 0.9983713344239767418, 0.000000000000000000 ) ) ;
#469 = ORIENTED_EDGE ( 'NONE', *, *, #2180, .F. ) ;
#470 = CARTESIAN_POINT ( 'NONE',  ( -9.499999999999996447, 3.099999999999989875, 4.299999999999999822 ) ) ;
#471 = CARTESIAN_POINT ( 'NONE',  ( -10.00000000000000178, -4.898587196589413026E-15, 4.299999999999999822 ) ) ;
#472 = ORIENTED_EDGE ( 'NONE', *, *, #4491, .T. ) ;
#473 = CYLINDRICAL_SURFACE ( 'NONE', #4135, 0.9999999999999991118 ) ;
#474 = ORIENTED_EDGE ( 'NONE', *, *, #2350, .F. ) ;
#475 = CARTESIAN_POINT ( 'NONE',  ( 8.248498526853841994, -3.100000000000115108, -11.73098330851025217 ) ) ;
#476 = CARTESIAN_POINT ( 'NONE',  ( -9.386737788622827594, 3.099999999999989875, -11.50000000000000000 ) ) ;
#477 = ORIENTED_EDGE ( 'NONE', *, *, #2945, .F. ) ;
#478 = LINE ( 'NONE', #1391, #418 ) ;
#479 = EDGE_CURVE ( 'NONE', #5257, #5439, #1865, .T. ) ;
#480 = VECTOR ( 'NONE', #3162, 1000.000000000000000 ) ;
#481 = ORIENTED_EDGE ( 'NONE', *, *, #2697, .F. ) ;
#482 = CARTESIAN_POINT ( 'NONE',  ( 1.908195823574487804E-14, -103.1631322454748840, -12.50000000000000000 ) ) ;
#483 = CARTESIAN_POINT ( 'NONE',  ( 7.700000000000003730, -3.099999999999989875, 8.250778761190353805 ) ) ;
#484 = ORIENTED_EDGE ( 'NONE', *, *, #3432, .T. ) ;
#485 = AXIS2_PLACEMENT_3D ( 'NONE', #4995, #1535, #2086 ) ;
#486 = VERTEX_POINT ( 'NONE', #3589 ) ;
#487 = ADVANCED_FACE ( 'NONE', ( #5203 ), #4349, .F. ) ;
#488 = CARTESIAN_POINT ( 'NONE',  ( 1.821459649775647449E-14, 103.1631322454748840, -12.50000000000000000 ) ) ;
#489 = LINE ( 'NONE', #5210, #1230 ) ;
#490 = AXIS2_PLACEMENT_3D ( 'NONE', #292, #4158, #2022 ) ;
#491 = LINE ( 'NONE', #3405, #5006 ) ;
#492 = CARTESIAN_POINT ( 'NONE',  ( 9.700000000000004619, -3.484420365519646179, -2.400000000000001243 ) ) ;
#493 = CARTESIAN_POINT ( 'NONE',  ( -8.467678833697933172, 3.018417491203976510, 7.358574090170930226 ) ) ;
#494 = ORIENTED_EDGE ( 'NONE', *, *, #1540, .T. ) ;
#495 = ADVANCED_FACE ( 'NONE', ( #4831 ), #995, .T. ) ;
#496 = EDGE_CURVE ( 'NONE', #3591, #910, #293, .T. ) ;
#497 = AXIS2_PLACEMENT_3D ( 'NONE', #2371, #3585, #680 ) ;
#498 = CARTESIAN_POINT ( 'NONE',  ( -10.21165997501151956, 3.099999999999989875, -10.59999999999999964 ) ) ;
#499 = CARTESIAN_POINT ( 'NONE',  ( -0.2999999999999964362, 3.999999999999989786, 12.50013049999998138 ) ) ;
#500 = ORIENTED_EDGE ( 'NONE', *, *, #3876, .F. ) ;
#501 = LINE ( 'NONE', #3498, #800 ) ;
#502 = CIRCLE ( 'NONE', #1780, 100.0000000000000000 ) ;
#503 = VERTEX_POINT ( 'NONE', #1395 ) ;
#504 = CARTESIAN_POINT ( 'NONE',  ( 9.298771273715894736, 2.288335349693644716, -11.17460808724453081 ) ) ;
#505 = DIRECTION ( 'NONE',  ( -0.000000000000000000, -0.000000000000000000, 1.000000000000000000 ) ) ;
#506 = ORIENTED_EDGE ( 'NONE', *, *, #2607, .T. ) ;
#507 = CYLINDRICAL_SURFACE ( 'NONE', #3570, 100.0000000000000000 ) ;
#508 = VERTEX_POINT ( 'NONE', #143 ) ;
#509 = CARTESIAN_POINT ( 'NONE',  ( -6.299999999999996270, 3.099999999999989875, -12.17214069224669259 ) ) ;
#510 = CARTESIAN_POINT ( 'NONE',  ( -1.499999999999996225, 3.999999999999989786, 12.50013049999998138 ) ) ;
#511 = EDGE_CURVE ( 'NONE', #4626, #4130, #5017, .T. ) ;
#512 = ORIENTED_EDGE ( 'NONE', *, *, #1957, .T. ) ;
#513 = ORIENTED_EDGE ( 'NONE', *, *, #4048, .T. ) ;
#514 = CARTESIAN_POINT ( 'NONE',  ( -17.50000000000000355, 3.999999999999989786, -12.50000000000000000 ) ) ;
#515 = DIRECTION ( 'NONE',  ( 0.000000000000000000, -1.000000000000000000, 0.000000000000000000 ) ) ;
#516 = LINE ( 'NONE', #4437, #2924 ) ;
#517 = DIRECTION ( 'NONE',  ( -0.000000000000000000, -0.000000000000000000, -1.000000000000000000 ) ) ;
#518 = EDGE_CURVE ( 'NONE', #961, #4148, #207, .T. ) ;
#519 = CARTESIAN_POINT ( 'NONE',  ( 1.821459649775647449E-14, 103.1631322454748840, 7.500000000000000000 ) ) ;
#520 = AXIS2_PLACEMENT_3D ( 'NONE', #4886, #4091, #3646 ) ;
#521 = ORIENTED_EDGE ( 'NONE', *, *, #3032, .T. ) ;
#522 = CIRCLE ( 'NONE', #5217, 100.0000000000000000 ) ;
#523 = CARTESIAN_POINT ( 'NONE',  ( -9.329687998084315481, 3.533125028461951089, -10.59999999999999964 ) ) ;
#524 = CARTESIAN_POINT ( 'NONE',  ( 5.762028844389818438, 2.327627468653231446, 8.500000000000000000 ) ) ;
#525 = CARTESIAN_POINT ( 'NONE',  ( 2.500000000000003997, -3.099999999999989875, -11.92404238778392234 ) ) ;
#526 = ADVANCED_FACE ( 'NONE', ( #2716 ), #3902, .F. ) ;
#527 = VERTEX_POINT ( 'NONE', #3960 ) ;
#528 = ADVANCED_FACE ( 'NONE', ( #939 ), #964, .F. ) ;
#529 = CARTESIAN_POINT ( 'NONE',  ( -7.681859196136165302, -3.099999999999988542, 8.119065569723408871 ) ) ;
#530 = ORIENTED_EDGE ( 'NONE', *, *, #1006, .T. ) ;
#531 = VECTOR ( 'NONE', #2601, 1000.000000000000000 ) ;
#532 = CARTESIAN_POINT ( 'NONE',  ( -17.50000000000000000, -4.898587196589413026E-15, -10.60000000000000142 ) ) ;
#533 = VERTEX_POINT ( 'NONE', #1455 ) ;
#534 = LINE ( 'NONE', #2683, #689 ) ;
#535 = ORIENTED_EDGE ( 'NONE', *, *, #5501, .T. ) ;
#536 = DIRECTION ( 'NONE',  ( 1.000000000000000000, 0.000000000000000000, 0.000000000000000000 ) ) ;
#537 = DIRECTION ( 'NONE',  ( -0.000000000000000000, -0.000000000000000000, -1.000000000000000000 ) ) ;
#538 = ORIENTED_EDGE ( 'NONE', *, *, #3250, .T. ) ;
#539 = DIRECTION ( 'NONE',  ( 0.000000000000000000, 0.000000000000000000, 1.000000000000000000 ) ) ;
#540 = FACE_OUTER_BOUND ( 'NONE', #855, .T. ) ;
#541 = CARTESIAN_POINT ( 'NONE',  ( 15.35000000000000497, -4.635288134772731511E-15, 12.50000000000000000 ) ) ;
#542 = CARTESIAN_POINT ( 'NONE',  ( -10.00532316365058350, 0.2825227755198485569, 5.500000000000000888 ) ) ;
#543 = EDGE_LOOP ( 'NONE', ( #1716, #583, #4568, #342 ) ) ;
#544 = EDGE_CURVE ( 'NONE', #570, #5257, #3161, .T. ) ;
#545 = CARTESIAN_POINT ( 'NONE',  ( 15.35000000000000497, -4.635288134772731511E-15, -12.50000000000000000 ) ) ;
#546 = CARTESIAN_POINT ( 'NONE',  ( 0.5000000000000038858, -3.099999999999989875, 7.853012644342974191 ) ) ;
#547 = CARTESIAN_POINT ( 'NONE',  ( 1.821459649775647449E-14, 103.1631322454748840, -11.50000000000000000 ) ) ;
#548 = VERTEX_POINT ( 'NONE', #509 ) ;
#549 = CARTESIAN_POINT ( 'NONE',  ( 4.500000000000003553, -3.099999999999989875, 12.50013049999998138 ) ) ;
#550 = VERTEX_POINT ( 'NONE', #4860 ) ;
#551 = CARTESIAN_POINT ( 'NONE',  ( 6.499999999983579357, 3.371428571427624199, -11.48468986538964742 ) ) ;
#552 = EDGE_CURVE ( 'NONE', #5085, #5549, #1032, .T. ) ;
#553 = ADVANCED_FACE ( 'NONE', ( #2240 ), #4326, .T. ) ;
#554 = VERTEX_POINT ( 'NONE', #31 ) ;
#555 = DIRECTION ( 'NONE',  ( -0.000000000000000000, -0.000000000000000000, -1.000000000000000000 ) ) ;
#556 = EDGE_CURVE ( 'NONE', #4035, #772, #4598, .T. ) ;
#557 = DIRECTION ( 'NONE',  ( 0.05704979053851311210, 0.9983713344239766307, 0.000000000000000000 ) ) ;
#558 = LINE ( 'NONE', #3586, #4573 ) ;
#559 = ORIENTED_EDGE ( 'NONE', *, *, #912, .F. ) ;
#560 = CARTESIAN_POINT ( 'NONE',  ( 5.700000000000001954, 3.325714410276445321, 7.499999999999996447 ) ) ;
#561 = DIRECTION ( 'NONE',  ( 1.000000000000000000, 0.000000000000000000, -0.000000000000000000 ) ) ;
#562 = ORIENTED_EDGE ( 'NONE', *, *, #809, .T. ) ;
#563 = ORIENTED_EDGE ( 'NONE', *, *, #1685, .F. ) ;
#564 =( BOUNDED_CURVE ( )  B_SPLINE_CURVE ( 3, ( #3005, #5183, #4729, #2141 ),
 .UNSPECIFIED., .F., .F. ) 
 B_SPLINE_CURVE_WITH_KNOTS ( ( 4, 4 ),
 ( 5.529268615970341472, 6.283185307179586232 ),
 .UNSPECIFIED. ) 
 CURVE ( )  GEOMETRIC_REPRESENTATION_ITEM ( )  RATIONAL_B_SPLINE_CURVE ( ( 1.000000000000000000, 0.9531923665805999146, 0.9531923665805999146, 1.000000000000000000 ) ) 
 REPRESENTATION_ITEM ( '' )  );
#565 = DIRECTION ( 'NONE',  ( 1.000000000000000000, 0.000000000000000000, -0.000000000000000000 ) ) ;
#566 = CARTESIAN_POINT ( 'NONE',  ( 5.700000000000003730, -3.243860952181020441, 7.956449023126003439 ) ) ;
#567 = CARTESIAN_POINT ( 'NONE',  ( 17.50000000000000000, 3.099999999999989875, -2.400000000000001243 ) ) ;
#568 = DIRECTION ( 'NONE',  ( 0.000000000000000000, 0.000000000000000000, -1.000000000000000000 ) ) ;
#569 = CARTESIAN_POINT ( 'NONE',  ( -9.594300207407993497, 1.966766537146125371, 7.375087592926270474 ) ) ;
#570 = VERTEX_POINT ( 'NONE', #285 ) ;
#571 = AXIS2_PLACEMENT_3D ( 'NONE', #1641, #4698, #835 ) ;
#572 = CARTESIAN_POINT ( 'NONE',  ( -5.762028844389782023, 2.327627468653229670, -11.50000000000000000 ) ) ;
#573 = DIRECTION ( 'NONE',  ( 0.000000000000000000, -1.000000000000000000, 0.000000000000000000 ) ) ;
#574 = VECTOR ( 'NONE', #5524, 1000.000000000000000 ) ;
#575 = DIRECTION ( 'NONE',  ( -1.000000000000000000, 0.000000000000000000, 0.000000000000000000 ) ) ;
#576 = ORIENTED_EDGE ( 'NONE', *, *, #1572, .T. ) ;
#577 = CARTESIAN_POINT ( 'NONE',  ( -8.246326630876410491, -3.099999999999990319, 7.653694524655599629 ) ) ;
#578 = AXIS2_PLACEMENT_3D ( 'NONE', #5175, #1318, #3400 ) ;
#579 = ADVANCED_FACE ( 'NONE', ( #3249 ), #4042, .T. ) ;
#580 = ORIENTED_EDGE ( 'NONE', *, *, #448, .T. ) ;
#581 = VECTOR ( 'NONE', #1524, 999.9999999999998863 ) ;
#582 = LINE ( 'NONE', #4852, #2166 ) ;
#583 = ORIENTED_EDGE ( 'NONE', *, *, #3281, .F. ) ;
#584 = DIRECTION ( 'NONE',  ( -0.9983713344239766307, 0.05704979053851286230, 0.000000000000000000 ) ) ;
#585 = AXIS2_PLACEMENT_3D ( 'NONE', #3406, #5132, #2840 ) ;
#586 = EDGE_CURVE ( 'NONE', #302, #85, #5424, .T. ) ;
#587 = AXIS2_PLACEMENT_3D ( 'NONE', #376, #1690, #4720 ) ;
#588 = B_SPLINE_CURVE_WITH_KNOTS ( 'NONE', 3,
 ( #5092, #3482, #3903, #830 ),
 .UNSPECIFIED., .F., .F.,
 ( 4, 4 ),
 ( 0.001682784471385940584, 0.002118389796150597741 ),
 .UNSPECIFIED. ) ;
#589 = CARTESIAN_POINT ( 'NONE',  ( 9.700000000000004619, 3.394728611942984919, -9.601520252751868156 ) ) ;
#590 = CARTESIAN_POINT ( 'NONE',  ( -9.499999999999996447, -4.898587196589413026E-15, -10.59999999999999964 ) ) ;
#591 = AXIS2_PLACEMENT_3D ( 'NONE', #1757, #4314, #3974 ) ;
#592 = VERTEX_POINT ( 'NONE', #5371 ) ;
#593 = LINE ( 'NONE', #5004, #4743 ) ;
#594 = CARTESIAN_POINT ( 'NONE',  ( 4.500000000000003553, 3.264433555251675223, -11.50000000000000000 ) ) ;
#595 = EDGE_CURVE ( 'NONE', #3906, #724, #684, .T. ) ;
#596 = ADVANCED_FACE ( 'NONE', ( #3277 ), #4977, .T. ) ;
#597 = ORIENTED_EDGE ( 'NONE', *, *, #4696, .F. ) ;
#598 = EDGE_LOOP ( 'NONE', ( #2373, #4119, #191, #3784 ) ) ;
#599 = CARTESIAN_POINT ( 'NONE',  ( -9.302727518089179526, 2.351372721757527984, 6.964986035989631397 ) ) ;
#600 = ORIENTED_EDGE ( 'NONE', *, *, #4842, .F. ) ;
#601 = CARTESIAN_POINT ( 'NONE',  ( -5.499999999999996447, 3.237147672464033121, -11.94444243541654238 ) ) ;
#602 = CARTESIAN_POINT ( 'NONE',  ( 5.717893271170003011, 3.099999999999989875, -12.13363453504173783 ) ) ;
#603 = LINE ( 'NONE', #3599, #2037 ) ;
#604 = CARTESIAN_POINT ( 'NONE',  ( -10.00532316365058172, -0.2825227755198513879, 4.299999999999999822 ) ) ;
#605 =( BOUNDED_CURVE ( )  B_SPLINE_CURVE ( 3, ( #2762, #1009, #244, #4478 ),
 .UNSPECIFIED., .F., .F. ) 
 B_SPLINE_CURVE_WITH_KNOTS ( ( 4, 4 ),
 ( 5.554515648614296808, 5.596943070264301490 ),
 .UNSPECIFIED. ) 
 CURVE ( )  GEOMETRIC_REPRESENTATION_ITEM ( )  RATIONAL_B_SPLINE_CURVE ( ( 1.000000000000000000, 0.9998499984497981607, 0.9998499984497981607, 1.000000000000000000 ) ) 
 REPRESENTATION_ITEM ( '' )  );
#606 = VERTEX_POINT ( 'NONE', #261 ) ;
#607 = CARTESIAN_POINT ( 'NONE',  ( -17.50000000000000000, -4.898587196589413026E-15, -11.50000000000000000 ) ) ;
#608 = DIRECTION ( 'NONE',  ( 0.000000000000000000, 0.000000000000000000, 1.000000000000000000 ) ) ;
#609 = DIRECTION ( 'NONE',  ( -1.000000000000000000, 0.000000000000000000, 0.000000000000000000 ) ) ;
#610 = CIRCLE ( 'NONE', #3772, 1.000000000000000888 ) ;
#611 = CARTESIAN_POINT ( 'NONE',  ( -10.34123922525543371, -2.236547377092329647, -10.59999999999999964 ) ) ;
#612 = ORIENTED_EDGE ( 'NONE', *, *, #2184, .F. ) ;
#613 = CARTESIAN_POINT ( 'NONE',  ( -7.499999999999998224, -3.099999999999989875, 8.160842829922490438 ) ) ;
#614 = ORIENTED_EDGE ( 'NONE', *, *, #3135, .F. ) ;
#615 = CARTESIAN_POINT ( 'NONE',  ( 5.762028844389819326, -2.327627468653231446, -11.50000000000000000 ) ) ;
#616 = AXIS2_PLACEMENT_3D ( 'NONE', #1497, #4585, #664 ) ;
#617 = EDGE_CURVE ( 'NONE', #2072, #4156, #4872, .T. ) ;
#618 = ORIENTED_EDGE ( 'NONE', *, *, #4828, .T. ) ;
#619 = LINE ( 'NONE', #4971, #403 ) ;
#620 = VECTOR ( 'NONE', #2550, 1000.000000000000000 ) ;
#621 = CARTESIAN_POINT ( 'NONE',  ( -7.405459357413312738, -3.369013092162968626, 7.500000000000000888 ) ) ;
#622 = CARTESIAN_POINT ( 'NONE',  ( -8.299999999999998934, 3.102803718586187198, 4.299999999999999822 ) ) ;
#623 = EDGE_CURVE ( 'NONE', #3163, #548, #4572, .T. ) ;
#624 = ORIENTED_EDGE ( 'NONE', *, *, #1179, .T. ) ;
#625 = CARTESIAN_POINT ( 'NONE',  ( -17.50000000000000000, -4.898587196589413026E-15, -10.59999999999999964 ) ) ;
#626 = CARTESIAN_POINT ( 'NONE',  ( 10.21165997501151601, 3.099999999999989875, -2.400000000000001243 ) ) ;
#627 = ORIENTED_EDGE ( 'NONE', *, *, #1193, .F. ) ;
#628 = DIRECTION ( 'NONE',  ( -0.000000000000000000, -0.000000000000000000, -1.000000000000000000 ) ) ;
#629 = EDGE_CURVE ( 'NONE', #3043, #2460, #593, .T. ) ;
#630 = EDGE_CURVE ( 'NONE', #5502, #828, #4333, .T. ) ;
#631 = CARTESIAN_POINT ( 'NONE',  ( -9.901138780001666362, 0.7786499359209543281, 6.418947687862659457 ) ) ;
#632 = CARTESIAN_POINT ( 'NONE',  ( -4.299999999999996270, 3.099999999999989875, -12.03552606680114145 ) ) ;
#633 = CARTESIAN_POINT ( 'NONE',  ( 6.500000000000004441, -3.099999999999989875, 8.184499323734041099 ) ) ;
#634 = CARTESIAN_POINT ( 'NONE',  ( -8.402356039254735620, -3.066939984396001240, 8.354982130491656278 ) ) ;
#635 = ORIENTED_EDGE ( 'NONE', *, *, #44, .T. ) ;
#636 = FACE_OUTER_BOUND ( 'NONE', #864, .T. ) ;
#637 = CARTESIAN_POINT ( 'NONE',  ( 5.700000000000003730, 3.099999999999989875, -12.13238808413661118 ) ) ;
#638 = DIRECTION ( 'NONE',  ( -0.000000000000000000, -0.000000000000000000, 1.000000000000000000 ) ) ;
#639 = CARTESIAN_POINT ( 'NONE',  ( 8.500000000000003553, -3.347819918997035238, 8.095669009661747850 ) ) ;
#640 = DIRECTION ( 'NONE',  ( -0.000000000000000000, -0.000000000000000000, -1.000000000000000000 ) ) ;
#641 = B_SPLINE_CURVE_WITH_KNOTS ( 'NONE', 3,
 ( #4503, #5384, #3748, #4531 ),
 .UNSPECIFIED., .F., .F.,
 ( 4, 4 ),
 ( 0.001283881781250838282, 0.002085609064809424741 ),
 .UNSPECIFIED. ) ;
#642 = CARTESIAN_POINT ( 'NONE',  ( 4.500000000000003553, 3.099999999999989875, -12.04913639408140469 ) ) ;
#643 = ORIENTED_EDGE ( 'NONE', *, *, #4317, .F. ) ;
#644 = DIRECTION ( 'NONE',  ( -0.000000000000000000, -0.000000000000000000, 1.000000000000000000 ) ) ;
#645 = ORIENTED_EDGE ( 'NONE', *, *, #556, .F. ) ;
#646 = LINE ( 'NONE', #733, #574 ) ;
#647 = VERTEX_POINT ( 'NONE', #2802 ) ;
#648 = CARTESIAN_POINT ( 'NONE',  ( 6.036102126122588452, 3.099999999999989875, -12.15532577045352625 ) ) ;
#649 = DIRECTION ( 'NONE',  ( 0.000000000000000000, 0.000000000000000000, -1.000000000000000000 ) ) ;
#650 = ORIENTED_EDGE ( 'NONE', *, *, #987, .F. ) ;
#651 = DIRECTION ( 'NONE',  ( 1.000000000000000000, 0.000000000000000000, 0.000000000000000000 ) ) ;
#652 = CARTESIAN_POINT ( 'NONE',  ( -9.499999999999996447, -3.099999999999989875, 12.50013049999998138 ) ) ;
#653 = EDGE_CURVE ( 'NONE', #2745, #2451, #4111, .T. ) ;
#654 = ORIENTED_EDGE ( 'NONE', *, *, #2390, .T. ) ;
#655 = DIRECTION ( 'NONE',  ( 0.000000000000000000, 0.000000000000000000, -1.000000000000000000 ) ) ;
#656 = CARTESIAN_POINT ( 'NONE',  ( 8.226822543791044495, 3.099999999999989875, 8.276441909919189044 ) ) ;
#657 = CARTESIAN_POINT ( 'NONE',  ( -9.499999999999996447, 3.999999999999989786, 12.50013049999998138 ) ) ;
#658 = CARTESIAN_POINT ( 'NONE',  ( 4.500000000000003553, 3.264433555251675223, -11.50000000000000000 ) ) ;
#659 = CARTESIAN_POINT ( 'NONE',  ( -8.851206194700953489, -2.789526278391277092, 8.141229518013036071 ) ) ;
#660 = EDGE_CURVE ( 'NONE', #3809, #647, #1519, .T. ) ;
#661 = ORIENTED_EDGE ( 'NONE', *, *, #4530, .T. ) ;
#662 = LINE ( 'NONE', #1122, #2206 ) ;
#663 = CARTESIAN_POINT ( 'NONE',  ( 8.500000000000003553, 3.099999999999989875, -11.57009311301514209 ) ) ;
#664 = DIRECTION ( 'NONE',  ( 0.05704979053851311210, -0.9983713344239766307, 0.000000000000000000 ) ) ;
#665 = VECTOR ( 'NONE', #3543, 1000.000000000000000 ) ;
#666 = DIRECTION ( 'NONE',  ( 0.000000000000000000, 0.000000000000000000, 1.000000000000000000 ) ) ;
#667 = DIRECTION ( 'NONE',  ( 0.05704979053851286230, -0.9983713344239767418, 0.000000000000000000 ) ) ;
#668 = DIRECTION ( 'NONE',  ( -0.000000000000000000, -0.000000000000000000, -1.000000000000000000 ) ) ;
#669 = CARTESIAN_POINT ( 'NONE',  ( 10.50000000000000355, -4.898587196589413026E-15, -2.400000000000001243 ) ) ;
#670 = EDGE_CURVE ( 'NONE', #431, #772, #1693, .T. ) ;
#671 = EDGE_CURVE ( 'NONE', #4001, #3779, #3190, .T. ) ;
#672 = ORIENTED_EDGE ( 'NONE', *, *, #1123, .T. ) ;
#673 = CIRCLE ( 'NONE', #2568, 100.0000000000000000 ) ;
#674 = CARTESIAN_POINT ( 'NONE',  ( 9.700000000000004619, -3.554285714285704501, -2.400000000000001243 ) ) ;
#675 = ORIENTED_EDGE ( 'NONE', *, *, #3594, .F. ) ;
#676 = AXIS2_PLACEMENT_3D ( 'NONE', #5211, #923, #1726 ) ;
#677 = DIRECTION ( 'NONE',  ( -0.000000000000000000, 0.000000000000000000, -1.000000000000000000 ) ) ;
#678 = ORIENTED_EDGE ( 'NONE', *, *, #4952, .T. ) ;
#679 = VECTOR ( 'NONE', #1279, 1000.000000000000000 ) ;
#680 = DIRECTION ( 'NONE',  ( 0.000000000000000000, -0.000000000000000000, -1.000000000000000000 ) ) ;
#681 = CARTESIAN_POINT ( 'NONE',  ( 1.821459649775647449E-14, 103.1631322454748840, 7.500000000000000000 ) ) ;
#682 = AXIS2_PLACEMENT_3D ( 'NONE', #100, #4844, #1441 ) ;
#683 = ORIENTED_EDGE ( 'NONE', *, *, #5395, .T. ) ;
#684 = LINE ( 'NONE', #4460, #3564 ) ;
#685 = AXIS2_PLACEMENT_3D ( 'NONE', #1054, #5401, #2775 ) ;
#686 = CARTESIAN_POINT ( 'NONE',  ( 9.700000000000004619, -3.389609885519393906, 8.148828891458819612 ) ) ;
#687 = ORIENTED_EDGE ( 'NONE', *, *, #2053, .F. ) ;
#688 = AXIS2_PLACEMENT_3D ( 'NONE', #4997, #2034, #3355 ) ;
#689 = VECTOR ( 'NONE', #2712, 1000.000000000000000 ) ;
#690 = VERTEX_POINT ( 'NONE', #3732 ) ;
#691 = DIRECTION ( 'NONE',  ( 1.000000000000000000, 0.000000000000000000, 0.000000000000000000 ) ) ;
#692 = ADVANCED_FACE ( 'NONE', ( #5450 ), #1965, .T. ) ;
#693 = PLANE ( 'NONE',  #3746 ) ;
#694 = CARTESIAN_POINT ( 'NONE',  ( 3.966700184696970499, -3.099999999999989875, 8.012982300943148672 ) ) ;
#695 = ORIENTED_EDGE ( 'NONE', *, *, #3273, .T. ) ;
#696 = DIRECTION ( 'NONE',  ( 0.000000000000000000, -0.000000000000000000, 1.000000000000000000 ) ) ;
#697 = CARTESIAN_POINT ( 'NONE',  ( 9.301554540067781929, -2.288223336190428281, -11.17166246104211780 ) ) ;
#698 = ADVANCED_FACE ( 'NONE', ( #5033 ), #5341, .F. ) ;
#699 = B_SPLINE_CURVE_WITH_KNOTS ( 'NONE', 3,
 ( #2979, #3435, #4812, #5159 ),
 .UNSPECIFIED., .F., .F.,
 ( 4, 4 ),
 ( 0.001036437895151368039, 0.001254859863796350949 ),
 .UNSPECIFIED. ) ;
#700 = VECTOR ( 'NONE', #5329, 999.9999999999998863 ) ;
#701 = DIRECTION ( 'NONE',  ( 0.000000000000000000, 0.000000000000000000, 1.000000000000000000 ) ) ;
#702 = DIRECTION ( 'NONE',  ( -1.000000000000000000, 0.000000000000000000, 0.000000000000000000 ) ) ;
#703 = VERTEX_POINT ( 'NONE', #4126 ) ;
#704 = LINE ( 'NONE', #2420, #856 ) ;
#705 = CIRCLE ( 'NONE', #1432, 0.9999999999999997780 ) ;
#706 = EDGE_CURVE ( 'NONE', #4589, #3674, #1995, .T. ) ;
#707 = CARTESIAN_POINT ( 'NONE',  ( -2.299999999999995826, -3.189585744412914980, 7.499999999999996447 ) ) ;
#708 = EDGE_CURVE ( 'NONE', #5573, #3591, #1245, .T. ) ;
#709 = CARTESIAN_POINT ( 'NONE',  ( 8.500000000000005329, -3.459256911600974593, -10.90329209931943666 ) ) ;
#710 = ORIENTED_EDGE ( 'NONE', *, *, #2428, .F. ) ;
#711 = VERTEX_POINT ( 'NONE', #3393 ) ;
#712 = AXIS2_PLACEMENT_3D ( 'NONE', #1870, #4878, #4850 ) ;
#713 = CARTESIAN_POINT ( 'NONE',  ( 4.500000000000002665, -3.264433555251688990, 7.499999999999996447 ) ) ;
#714 = CARTESIAN_POINT ( 'NONE',  ( 1.700000000000003508, 3.177583289638264308, 7.633010732736645210 ) ) ;
#715 = ORIENTED_EDGE ( 'NONE', *, *, #4000, .F. ) ;
#716 = CIRCLE ( 'NONE', #81, 100.0000000000000000 ) ;
#717 = CARTESIAN_POINT ( 'NONE',  ( -10.34123922525543726, 2.236547377092329647, -10.59999999999999964 ) ) ;
#718 = ORIENTED_EDGE ( 'NONE', *, *, #2600, .F. ) ;
#719 = AXIS2_PLACEMENT_3D ( 'NONE', #3612, #4822, #192 ) ;
#720 = CARTESIAN_POINT ( 'NONE',  ( 9.700000000000004619, -3.484420365519645291, -8.817789638126377838 ) ) ;
#721 = CARTESIAN_POINT ( 'NONE',  ( -1.499999999999996225, -3.099999999999989875, 12.50013049999998138 ) ) ;
#722 = DIRECTION ( 'NONE',  ( 0.9983713344239767418, 0.05704979053851286230, 0.000000000000000000 ) ) ;
#723 = B_SPLINE_CURVE_WITH_KNOTS ( 'NONE', 3,
 ( #1897, #3176, #983, #5299 ),
 .UNSPECIFIED., .F., .F.,
 ( 4, 4 ),
 ( 0.001140200591343358679, 0.001803905023356251573 ),
 .UNSPECIFIED. ) ;
#724 = VERTEX_POINT ( 'NONE', #5506 ) ;
#725 = CARTESIAN_POINT ( 'NONE',  ( -2.299999999999996270, -3.099999999999989875, 7.913645706198435548 ) ) ;
#726 = DIRECTION ( 'NONE',  ( -1.000000000000000000, 0.000000000000000000, 0.000000000000000000 ) ) ;
#727 = CARTESIAN_POINT ( 'NONE',  ( -7.500000000000575540, -3.263455432016794333, 7.979771829067672684 ) ) ;
#728 = CARTESIAN_POINT ( 'NONE',  ( 9.182640210704979822, 3.524722297754560252, -9.418224408424416438 ) ) ;
#729 = ORIENTED_EDGE ( 'NONE', *, *, #3070, .F. ) ;
#730 = EDGE_CURVE ( 'NONE', #1739, #4793, #1633, .T. ) ;
#731 = CARTESIAN_POINT ( 'NONE',  ( -1.499999999999996225, 3.099999999999989875, 12.50013049999998138 ) ) ;
#732 = CARTESIAN_POINT ( 'NONE',  ( -2.299999999999996270, -3.099999999999989875, 7.913645706198435548 ) ) ;
#733 = CARTESIAN_POINT ( 'NONE',  ( 9.700000000000004619, -4.898587196589413026E-15, -2.400000000000001243 ) ) ;
#734 = VERTEX_POINT ( 'NONE', #2517 ) ;
#735 = ORIENTED_EDGE ( 'NONE', *, *, #4764, .T. ) ;
#736 = EDGE_CURVE ( 'NONE', #2533, #1964, #1257, .T. ) ;
#737 = EDGE_CURVE ( 'NONE', #1205, #3837, #4237, .T. ) ;
#738 = CARTESIAN_POINT ( 'NONE',  ( 1.700000000000003508, -3.177583289638261199, -11.63307401437995736 ) ) ;
#739 = VECTOR ( 'NONE', #3350, 999.9999999999998863 ) ;
#740 = ORIENTED_EDGE ( 'NONE', *, *, #3046, .T. ) ;
#741 = CARTESIAN_POINT ( 'NONE',  ( 9.700000000000004619, -3.099999999999989875, 12.50013049999998138 ) ) ;
#742 = EDGE_CURVE ( 'NONE', #985, #4258, #1198, .T. ) ;
#743 = VERTEX_POINT ( 'NONE', #4628 ) ;
#744 = VERTEX_POINT ( 'NONE', #1225 ) ;
#745 = FACE_OUTER_BOUND ( 'NONE', #368, .T. ) ;
#746 = DIRECTION ( 'NONE',  ( 0.000000000000000000, 0.000000000000000000, -1.000000000000000000 ) ) ;
#747 = PLANE ( 'NONE',  #1412 ) ;
#748 = CARTESIAN_POINT ( 'NONE',  ( -7.722156681461178174, -2.284730543050443874, 8.473537185079885958 ) ) ;
#749 = ORIENTED_EDGE ( 'NONE', *, *, #966, .T. ) ;
#750 = DIRECTION ( 'NONE',  ( -1.000000000000000000, 0.000000000000000000, 0.000000000000000000 ) ) ;
#751 = CARTESIAN_POINT ( 'NONE',  ( 7.287419793099491727, -2.343735486093321274, -12.37574313803050430 ) ) ;
#752 = CARTESIAN_POINT ( 'NONE',  ( -7.499999999999998224, -3.099999999999989875, 8.160842829922490438 ) ) ;
#753 = DIRECTION ( 'NONE',  ( -1.000000000000000000, 0.000000000000000000, 0.000000000000000000 ) ) ;
#754 = VERTEX_POINT ( 'NONE', #1684 ) ;
#755 = CARTESIAN_POINT ( 'NONE',  ( -17.50000000000000000, -4.898587196589413026E-15, -10.59999999999999964 ) ) ;
#756 = CARTESIAN_POINT ( 'NONE',  ( -17.55704979053851744, -3.001628665576012711, 7.500000000000000000 ) ) ;
#757 = CARTESIAN_POINT ( 'NONE',  ( 7.700000000000003730, -3.099999999999989875, 8.250778761190353805 ) ) ;
#758 = EDGE_CURVE ( 'NONE', #1829, #4041, #1792, .T. ) ;
#759 = VERTEX_POINT ( 'NONE', #2544 ) ;
#760 = AXIS2_PLACEMENT_3D ( 'NONE', #1580, #4137, #5019 ) ;
#761 = VERTEX_POINT ( 'NONE', #4266 ) ;
#762 = PLANE ( 'NONE',  #2331 ) ;
#763 = LINE ( 'NONE', #3391, #433 ) ;
#764 = VECTOR ( 'NONE', #1724, 1000.000000000000000 ) ;
#765 = ORIENTED_EDGE ( 'NONE', *, *, #708, .T. ) ;
#766 = CARTESIAN_POINT ( 'NONE',  ( -4.299999999999996270, -3.255625020041615691, -11.68842965217917573 ) ) ;
#767 = ADVANCED_FACE ( 'NONE', ( #854 ), #2936, .T. ) ;
#768 = VECTOR ( 'NONE', #4799, 1000.000000000000000 ) ;
#769 = CIRCLE ( 'NONE', #676, 1.000000000000000888 ) ;
#770 = ORIENTED_EDGE ( 'NONE', *, *, #1371, .F. ) ;
#771 = AXIS2_PLACEMENT_3D ( 'NONE', #721, #322, #4133 ) ;
#772 = VERTEX_POINT ( 'NONE', #400 ) ;
#773 = CYLINDRICAL_SURFACE ( 'NONE', #779, 2.149999999999999023 ) ;
#774 = EDGE_CURVE ( 'NONE', #4793, #1675, #2512, .T. ) ;
#775 = DIRECTION ( 'NONE',  ( -0.9983713344239767418, 0.05704979053851286230, 0.000000000000000000 ) ) ;
#776 = CARTESIAN_POINT ( 'NONE',  ( 0.5000000000000038858, 3.164382253287488567, 7.620889560052199307 ) ) ;
#777 = AXIS2_PLACEMENT_3D ( 'NONE', #4414, #5321, #1970 ) ;
#778 = LINE ( 'NONE', #378, #2871 ) ;
#779 = AXIS2_PLACEMENT_3D ( 'NONE', #1317, #3879, #4663 ) ;
#780 = ORIENTED_EDGE ( 'NONE', *, *, #1879, .T. ) ;
#781 = FILL_AREA_STYLE ('',( #4668 ) ) ;
#782 = DIRECTION ( 'NONE',  ( 0.9983713344239767418, 0.05704979053851286230, -0.000000000000000000 ) ) ;
#783 = AXIS2_PLACEMENT_3D ( 'NONE', #2174, #4737, #4363 ) ;
#784 = CARTESIAN_POINT ( 'NONE',  ( 2.233421688148195194, 3.099999999999989875, -11.90982228703335899 ) ) ;
#785 = CARTESIAN_POINT ( 'NONE',  ( -4.299999999999996270, 3.099999999999989875, -12.03552606680114145 ) ) ;
#786 = ORIENTED_EDGE ( 'NONE', *, *, #1712, .F. ) ;
#787 = CARTESIAN_POINT ( 'NONE',  ( -7.499999999999998224, -4.898587196589413026E-15, 4.299999999999999822 ) ) ;
#788 = FACE_OUTER_BOUND ( 'NONE', #365, .T. ) ;
#789 = CARTESIAN_POINT ( 'NONE',  ( -7.007452429110813341, 0.3955318857277899114, 4.299999999999999822 ) ) ;
#790 = VERTEX_POINT ( 'NONE', #3339 ) ;
#791 = ORIENTED_EDGE ( 'NONE', *, *, #1154, .F. ) ;
#792 = DIRECTION ( 'NONE',  ( -1.000000000000000000, 0.000000000000000000, 0.000000000000000000 ) ) ;
#793 = CARTESIAN_POINT ( 'NONE',  ( -5.645261924099284734, 3.099999999999989875, -12.12857542610840689 ) ) ;
#794 = DIRECTION ( 'NONE',  ( 1.000000000000000000, 0.000000000000000000, -0.000000000000000000 ) ) ;
#795 = VERTEX_POINT ( 'NONE', #2126 ) ;
#796 = CARTESIAN_POINT ( 'NONE',  ( -0.2999999999999964362, 3.142277266307565320, 7.738060642946616774 ) ) ;
#797 = VECTOR ( 'NONE', #2352, 1000.000000000000000 ) ;
#798 = EDGE_LOOP ( 'NONE', ( #4054, #2801, #4976, #2883, #3977 ) ) ;
#799 = EDGE_CURVE ( 'NONE', #606, #2787, #3795, .T. ) ;
#800 = VECTOR ( 'NONE', #3950, 999.9999999999998863 ) ;
#801 = ORIENTED_EDGE ( 'NONE', *, *, #5227, .T. ) ;
#802 = CARTESIAN_POINT ( 'NONE',  ( 2.233421688147636974, -3.099999999999989875, -11.90982228703334833 ) ) ;
#803 = CARTESIAN_POINT ( 'NONE',  ( 17.50000000000000000, -4.898587196589413026E-15, -2.400000000000001243 ) ) ;
#804 = CARTESIAN_POINT ( 'NONE',  ( 17.04434499593145702, 3.973962571196073323, 12.50000000000000000 ) ) ;
#805 = VECTOR ( 'NONE', #2268, 1000.000000000000000 ) ;
#806 = ORIENTED_EDGE ( 'NONE', *, *, #3110, .F. ) ;
#807 = ADVANCED_FACE ( 'NONE', ( #5145 ), #1287, .T. ) ;
#808 = LINE ( 'NONE', #2526, #947 ) ;
#809 = EDGE_CURVE ( 'NONE', #878, #4994, #3304, .T. ) ;
#810 = CARTESIAN_POINT ( 'NONE',  ( 7.318201402416088186, -3.418182937280910050, -11.30226624582373240 ) ) ;
#811 = PLANE ( 'NONE',  #4641 ) ;
#812 = DIRECTION ( 'NONE',  ( 0.000000000000000000, 0.000000000000000000, 1.000000000000000000 ) ) ;
#813 = CARTESIAN_POINT ( 'NONE',  ( -10.29999999999999716, -3.099999999999989875, 4.299999999999999822 ) ) ;
#814 = EDGE_LOOP ( 'NONE', ( #5483, #3245, #850, #5392 ) ) ;
#815 = CARTESIAN_POINT ( 'NONE',  ( -0.2999999999999964362, 3.163582246487385952, -11.62011729282505890 ) ) ;
#816 = DIRECTION ( 'NONE',  ( 0.000000000000000000, 0.000000000000000000, 1.000000000000000000 ) ) ;
#817 = DIRECTION ( 'NONE',  ( -0.9983713344239767418, -0.05704979053851286230, 0.000000000000000000 ) ) ;
#818 = VERTEX_POINT ( 'NONE', #1798 ) ;
#819 = CARTESIAN_POINT ( 'NONE',  ( -9.386737788622824041, -2.534753694037973570, -10.59999999999999964 ) ) ;
#820 = ORIENTED_EDGE ( 'NONE', *, *, #5246, .T. ) ;
#821 = CARTESIAN_POINT ( 'NONE',  ( 8.657407755589153098, 3.494709014605084985, -10.35406170456051456 ) ) ;
#822 = CARTESIAN_POINT ( 'NONE',  ( 19.65000000000000213, -4.898587196589413026E-15, -2.400000000000001243 ) ) ;
#823 = DIRECTION ( 'NONE',  ( 1.000000000000000000, 0.000000000000000000, -0.000000000000000000 ) ) ;
#824 = ORIENTED_EDGE ( 'NONE', *, *, #4630, .T. ) ;
#825 = CARTESIAN_POINT ( 'NONE',  ( 5.711928845092333340, -3.099999999999989875, 8.133219085205416476 ) ) ;
#826 =( BOUNDED_SURFACE ( )  B_SPLINE_SURFACE ( 3, 2, ( 
 ( #1612, #2409, #3317 ),
 ( #4986, #4134, #5042 ),
 ( #748, #4526, #1525 ),
 ( #2000, #634, #5433 ),
 ( #1095, #1552, #4185 ),
 ( #3260, #3231, #4960 ),
 ( #2811, #659, #4105 ),
 ( #2887, #238, #1578 ),
 ( #4608, #1971, #2465 ),
 ( #324, #2051, #3691 ),
 ( #3769, #5408, #1293 ),
 ( #3883, #2972, #3371 ),
 ( #4638, #4722, #891 ),
 ( #3821, #4329, #5151 ),
 ( #3001, #3401, #1266 ),
 ( #4695, #832, #862 ),
 ( #4272, #3428, #2585 ),
 ( #2613, #5094, #4303 ) ),
 .UNSPECIFIED., .F., .F., .F. ) 
 B_SPLINE_SURFACE_WITH_KNOTS ( ( 4, 2, 2, 2, 2, 2, 2, 2, 4 ),
 ( 3, 3 ),
 ( 0.000000000000000000, 0.0004574656664809930058, 0.0006861984997214895087, 0.0009149313329619860116, 0.001143664166202482515, 0.001372396999442979017, 0.001829862665923972023, 0.002744793998885958035, 0.003659725331847944046 ),
 ( 0.000000000000000000, 1.000000000000000000 ),
 .UNSPECIFIED. ) 
 GEOMETRIC_REPRESENTATION_ITEM ( )  RATIONAL_B_SPLINE_SURFACE ( (
 ( 1.000000000000000000, 0.7071067811865473507, 1.000000000000000000),
 ( 1.000000000000000000, 0.7044798901166693383, 1.000000000000000000),
 ( 1.000000000000000000, 0.7082231826079440351, 1.000000000000000000),
 ( 1.000000000000000000, 0.7224392639457067888, 1.000000000000000000),
 ( 1.000000000000000000, 0.7286114030925435747, 1.000000000000000000),
 ( 1.000000000000000000, 0.7428892002354098301, 1.000000000000000000),
 ( 1.000000000000000000, 0.7510309368075427372, 1.000000000000000000),
 ( 1.000000000000000000, 0.7687313749615203307, 1.000000000000000000),
 ( 1.000000000000000000, 0.7783480929630268719, 1.000000000000000000),
 ( 1.000000000000000000, 0.7979991988686878646, 1.000000000000000000),
 ( 1.000000000000000000, 0.8080671778142127781, 1.000000000000000000),
 ( 1.000000000000000000, 0.8383332890729209286, 1.000000000000000000),
 ( 1.000000000000000000, 0.8586757103540403335, 1.000000000000000000),
 ( 1.000000000000000000, 0.9154396036287050231, 1.000000000000000000),
 ( 1.000000000000000000, 0.9465458785482770976, 1.000000000000000000),
 ( 1.000000000000000000, 0.9889705379323886492, 1.000000000000000000),
 ( 1.000000000000000000, 1.000075862765670287, 1.000000000000000000),
 ( 1.000000000000000000, 1.000000000000000000, 1.000000000000000000) ) ) 
 REPRESENTATION_ITEM ( '' )  SURFACE ( )  );
#827 = EDGE_LOOP ( 'NONE', ( #5200, #3471 ) ) ;
#828 = VERTEX_POINT ( 'NONE', #3477 ) ;
#829 = CARTESIAN_POINT ( 'NONE',  ( 6.774087523585079040, -2.350712715734599723, -12.47449051456747959 ) ) ;
#830 = CARTESIAN_POINT ( 'NONE',  ( 2.500000000000003997, 3.099999999999989875, -11.92404238779909775 ) ) ;
#831 = EDGE_CURVE ( 'NONE', #1332, #961, #534, .T. ) ;
#832 = CARTESIAN_POINT ( 'NONE',  ( -9.996048303096218390, -0.7769296024891981789, 6.075798654478343330 ) ) ;
#833 = VECTOR ( 'NONE', #640, 1000.000000000000000 ) ;
#834 = ORIENTED_EDGE ( 'NONE', *, *, #1670, .F. ) ;
#835 = DIRECTION ( 'NONE',  ( 0.000000000000000000, -0.000000000000000000, -1.000000000000000000 ) ) ;
#836 = CARTESIAN_POINT ( 'NONE',  ( -3.499999999999995115, -3.224401014785355457, 7.499999999999996447 ) ) ;
#837 = CARTESIAN_POINT ( 'NONE',  ( 6.500000000000004441, 3.099999999999989875, -12.17309318234771354 ) ) ;
#838 = DIRECTION ( 'NONE',  ( -0.000000000000000000, -0.000000000000000000, -1.000000000000000000 ) ) ;
#839 = ADVANCED_FACE ( 'NONE', ( #5171 ), #1591, .T. ) ;
#840 = DIRECTION ( 'NONE',  ( -0.000000000000000000, -0.000000000000000000, -1.000000000000000000 ) ) ;
#841 = ORIENTED_EDGE ( 'NONE', *, *, #4621, .F. ) ;
#842 = CARTESIAN_POINT ( 'NONE',  ( 3.700000000000003730, 3.185313823293429270, -11.84635085965090262 ) ) ;
#843 = B_SPLINE_CURVE_WITH_KNOTS ( 'NONE', 3,
 ( #2677, #955, #3067, #525 ),
 .UNSPECIFIED., .F., .F.,
 ( 4, 4 ),
 ( 0.001682784471385951209, 0.002118389796137312361 ),
 .UNSPECIFIED. ) ;
#844 = DIRECTION ( 'NONE',  ( 1.000000000000000000, 0.000000000000000000, 0.000000000000000000 ) ) ;
#845 = CARTESIAN_POINT ( 'NONE',  ( 1.821459649775647449E-14, 103.1631322454748840, 7.500000000000000000 ) ) ;
#846 = EDGE_CURVE ( 'NONE', #27, #2460, #4750, .T. ) ;
#847 = ORIENTED_EDGE ( 'NONE', *, *, #3979, .F. ) ;
#848 = EDGE_CURVE ( 'NONE', #2904, #3352, #3287, .T. ) ;
#849 = DIRECTION ( 'NONE',  ( 0.05704979053851309823, 0.9983713344239766307, 0.000000000000000000 ) ) ;
#850 = ORIENTED_EDGE ( 'NONE', *, *, #4485, .T. ) ;
#851 = CARTESIAN_POINT ( 'NONE',  ( 8.069314829334043537, 3.461103704533364578, -10.90163263193401910 ) ) ;
#852 = CARTESIAN_POINT ( 'NONE',  ( -7.499999999999998224, -3.099999999999989875, -12.24058408028005651 ) ) ;
#853 = ORIENTED_EDGE ( 'NONE', *, *, #3807, .F. ) ;
#854 = FACE_OUTER_BOUND ( 'NONE', #798, .T. ) ;
#855 = EDGE_LOOP ( 'NONE', ( #161, #4116, #3602, #2689, #4 ) ) ;
#856 = VECTOR ( 'NONE', #3009, 1000.000000000000000 ) ;
#857 = ORIENTED_EDGE ( 'NONE', *, *, #4528, .T. ) ;
#858 = VECTOR ( 'NONE', #886, 1000.000000000000000 ) ;
#859 = CARTESIAN_POINT ( 'NONE',  ( -9.000000000000001776, -4.898587196589413026E-15, -11.50000000000000000 ) ) ;
#860 = CARTESIAN_POINT ( 'NONE',  ( 0.000000000000000000, 2.999999999999991118, -12.50000000000000000 ) ) ;
#861 = AXIS2_PLACEMENT_3D ( 'NONE', #4577, #2463, #1940 ) ;
#862 = CARTESIAN_POINT ( 'NONE',  ( -9.982016180443725517, -0.8990814915694502751, 5.955864077841498627 ) ) ;
#863 = VECTOR ( 'NONE', #5180, 1000.000000000000000 ) ;
#864 = EDGE_LOOP ( 'NONE', ( #5343, #3761, #91, #3898 ) ) ;
#865 = CARTESIAN_POINT ( 'NONE',  ( 0.5000000000000038858, -3.099999999999989875, -11.85301264434280810 ) ) ;
#866 = EDGE_CURVE ( 'NONE', #4130, #2756, #1764, .T. ) ;
#867 = LINE ( 'NONE', #2919, #2577 ) ;
#868 = CARTESIAN_POINT ( 'NONE',  ( 5.700000000000001954, -3.325714410276445321, -12.50000000000000000 ) ) ;
#869 = VECTOR ( 'NONE', #2642, 1000.000000000000000 ) ;
#870 = LINE ( 'NONE', #3888, #52 ) ;
#871 = AXIS2_PLACEMENT_3D ( 'NONE', #3209, #2387, #3668 ) ;
#872 = DIRECTION ( 'NONE',  ( -0.9983713344239767418, -0.05704979053851286230, 0.000000000000000000 ) ) ;
#873 = VERTEX_POINT ( 'NONE', #4825 ) ;
#874 = EDGE_CURVE ( 'NONE', #4652, #22, #992, .T. ) ;
#875 = CIRCLE ( 'NONE', #2136, 3.999999999999996447 ) ;
#876 = DIRECTION ( 'NONE',  ( -0.9983713344239767418, -0.05704979053851286230, 0.000000000000000000 ) ) ;
#877 = CARTESIAN_POINT ( 'NONE',  ( -7.499999999999998224, 3.099999999999989875, -12.24058408028005651 ) ) ;
#878 = VERTEX_POINT ( 'NONE', #3021 ) ;
#879 = CARTESIAN_POINT ( 'NONE',  ( -7.499999999999998224, 3.428571428571419055, 4.300000000000000711 ) ) ;
#880 = ORIENTED_EDGE ( 'NONE', *, *, #2491, .F. ) ;
#881 = FACE_OUTER_BOUND ( 'NONE', #2508, .T. ) ;
#882 = ADVANCED_FACE ( 'NONE', ( #2285 ), #2605, .T. ) ;
#883 = EDGE_CURVE ( 'NONE', #2857, #193, #1423, .T. ) ;
#884 = FACE_OUTER_BOUND ( 'NONE', #1543, .T. ) ;
#885 = ORIENTED_EDGE ( 'NONE', *, *, #286, .F. ) ;
#886 = DIRECTION ( 'NONE',  ( -0.000000000000000000, 0.000000000000000000, -1.000000000000000000 ) ) ;
#887 = VERTEX_POINT ( 'NONE', #1369 ) ;
#888 = CIRCLE ( 'NONE', #4847, 2.149999999999999023 ) ;
#889 = CARTESIAN_POINT ( 'NONE',  ( 9.700000000000004619, -3.554285714285704501, 7.499999999999992895 ) ) ;
#890 = PLANE ( 'NONE',  #2297 ) ;
#891 = CARTESIAN_POINT ( 'NONE',  ( -9.370240511431122243, -2.252686872095439163, 6.899380121771225838 ) ) ;
#892 = EDGE_LOOP ( 'NONE', ( #2862, #4348, #3233, #474, #1987, #643 ) ) ;
#893 = AXIS2_PLACEMENT_3D ( 'NONE', #3954, #4899, #4320 ) ;
#894 = CARTESIAN_POINT ( 'NONE',  ( 1.908195823574487804E-14, -103.1631322454748840, -11.50000000000000000 ) ) ;
#895 = B_SPLINE_CURVE_WITH_KNOTS ( 'NONE', 3,
 ( #1285, #2903, #738, #5530 ),
 .UNSPECIFIED., .F., .F.,
 ( 4, 4 ),
 ( 0.001271730993685922387, 0.001666133876955211987 ),
 .UNSPECIFIED. ) ;
#896 = CARTESIAN_POINT ( 'NONE',  ( 2.500000000000003109, -3.194387129813860859, -12.50000000000000000 ) ) ;
#897 = CARTESIAN_POINT ( 'NONE',  ( 7.700000000000003730, 3.099999999999989875, -11.95923320765285247 ) ) ;
#898 = AXIS2_PLACEMENT_3D ( 'NONE', #2952, #468, #872 ) ;
#899 = CARTESIAN_POINT ( 'NONE',  ( -0.2999999999999963252, -3.163582246487384175, -12.50000000000000000 ) ) ;
#900 = CARTESIAN_POINT ( 'NONE',  ( -2.299999999999996270, -3.099999999999989875, -11.91364570620248209 ) ) ;
#901 = ORIENTED_EDGE ( 'NONE', *, *, #1424, .F. ) ;
#902 = CARTESIAN_POINT ( 'NONE',  ( 10.34123922525543371, 2.236547377092330091, -2.400000000000001243 ) ) ;
#903 = CARTESIAN_POINT ( 'NONE',  ( -1.499999999999995781, -3.174382878358583682, -12.50000000000000000 ) ) ;
#904 = ORIENTED_EDGE ( 'NONE', *, *, #874, .F. ) ;
#905 = DIRECTION ( 'NONE',  ( 1.000000000000000000, 0.000000000000000000, -0.000000000000000000 ) ) ;
#906 = EDGE_CURVE ( 'NONE', #5235, #4025, #4005, .T. ) ;
#907 = ORIENTED_EDGE ( 'NONE', *, *, #511, .F. ) ;
#908 = CARTESIAN_POINT ( 'NONE',  ( 8.893387472289560947, 3.508193569845108328, -10.02721061448190731 ) ) ;
#909 = CARTESIAN_POINT ( 'NONE',  ( -10.00532316365058172, -0.2825227755198513879, 5.500000000000000888 ) ) ;
#910 = VERTEX_POINT ( 'NONE', #3128 ) ;
#911 = CARTESIAN_POINT ( 'NONE',  ( -5.762028844389781135, -2.327627468653228782, 8.500000000000000000 ) ) ;
#912 = EDGE_CURVE ( 'NONE', #1459, #690, #4776, .T. ) ;
#913 = ORIENTED_EDGE ( 'NONE', *, *, #2484, .T. ) ;
#914 = DIRECTION ( 'NONE',  ( 0.000000000000000000, 0.000000000000000000, 1.000000000000000000 ) ) ;
#915 = CARTESIAN_POINT ( 'NONE',  ( -7.007452429110811565, -0.3955318857277900224, 4.299999999999999822 ) ) ;
#916 = EDGE_CURVE ( 'NONE', #454, #4395, #135, .T. ) ;
#917 = EDGE_CURVE ( 'NONE', #4217, #229, #455, .T. ) ;
#918 = CARTESIAN_POINT ( 'NONE',  ( 16.87511137072630873, 3.951216285964397557, 7.664561480271488314 ) ) ;
#919 = ORIENTED_EDGE ( 'NONE', *, *, #3244, .F. ) ;
#920 = VERTEX_POINT ( 'NONE', #3899 ) ;
#921 = DIRECTION ( 'NONE',  ( -0.000000000000000000, -0.000000000000000000, -1.000000000000000000 ) ) ;
#922 = CARTESIAN_POINT ( 'NONE',  ( 17.50000000000000000, -4.898587196589413026E-15, -8.500000000000000000 ) ) ;
#923 = DIRECTION ( 'NONE',  ( -1.000000000000000000, 0.000000000000000000, 0.000000000000000000 ) ) ;
#924 = CARTESIAN_POINT ( 'NONE',  ( -4.299999999999996270, -3.255625020041605477, -11.50000000000000000 ) ) ;
#925 = DIRECTION ( 'NONE',  ( 0.000000000000000000, -1.000000000000000000, 0.000000000000000000 ) ) ;
#926 = ORIENTED_EDGE ( 'NONE', *, *, #552, .F. ) ;
#927 = DIRECTION ( 'NONE',  ( -0.9983713344239767418, -0.05704979053851286230, 0.000000000000000000 ) ) ;
#928 = VERTEX_POINT ( 'NONE', #28 ) ;
#929 = CARTESIAN_POINT ( 'NONE',  ( 10.20280766094939828, -3.583017580625723841, -10.49837939757081173 ) ) ;
#930 = VERTEX_POINT ( 'NONE', #4346 ) ;
#931 = CARTESIAN_POINT ( 'NONE',  ( -8.299999999999998934, 3.099999999999989875, -12.27956295922592211 ) ) ;
#932 = DIRECTION ( 'NONE',  ( 0.000000000000000000, -1.000000000000000000, 0.000000000000000000 ) ) ;
#933 = EDGE_CURVE ( 'NONE', #193, #1936, #478, .T. ) ;
#934 = ORIENTED_EDGE ( 'NONE', *, *, #5292, .F. ) ;
#935 = FACE_OUTER_BOUND ( 'NONE', #3065, .T. ) ;
#936 = AXIS2_PLACEMENT_3D ( 'NONE', #4419, #1067, #1035 ) ;
#937 = EDGE_CURVE ( 'NONE', #5505, #4652, #5451, .T. ) ;
#938 = ORIENTED_EDGE ( 'NONE', *, *, #3348, .T. ) ;
#939 = FACE_OUTER_BOUND ( 'NONE', #2539, .T. ) ;
#940 = CARTESIAN_POINT ( 'NONE',  ( -10.34123922525543371, -2.236547377092329203, -10.59999999999999964 ) ) ;
#941 = AXIS2_PLACEMENT_3D ( 'NONE', #3269, #1129, #4563 ) ;
#942 = ORIENTED_EDGE ( 'NONE', *, *, #4176, .T. ) ;
#943 = CARTESIAN_POINT ( 'NONE',  ( 5.700000000000003730, 3.243954813300189866, -11.95633423285867991 ) ) ;
#944 = ADVANCED_FACE ( 'NONE', ( #935 ), #507, .F. ) ;
#945 = EDGE_CURVE ( 'NONE', #8, #2042, #875, .T. ) ;
#946 = DIRECTION ( 'NONE',  ( -0.000000000000000000, -0.000000000000000000, -1.000000000000000000 ) ) ;
#947 = VECTOR ( 'NONE', #3823, 999.9999999999998863 ) ;
#948 = CARTESIAN_POINT ( 'NONE',  ( 1.908195823574487804E-14, -103.1631322454748840, -11.50000000000000000 ) ) ;
#949 = DIRECTION ( 'NONE',  ( 1.000000000000000000, 0.000000000000000000, 0.000000000000000000 ) ) ;
#950 = CARTESIAN_POINT ( 'NONE',  ( 0.2333872116109220185, -3.099999999999989875, -11.84948178815525743 ) ) ;
#951 = CARTESIAN_POINT ( 'NONE',  ( -8.145430095007197835, 2.142637679957539287, 8.362991247104121229 ) ) ;
#952 = EDGE_LOOP ( 'NONE', ( #1849, #5187, #1113, #5173, #4770, #678 ) ) ;
#953 = AXIS2_PLACEMENT_3D ( 'NONE', #2541, #4263, #2123 ) ;
#954 = SPHERICAL_SURFACE ( 'NONE', #3115, 1.000000000000000000 ) ;
#955 = CARTESIAN_POINT ( 'NONE',  ( 2.500000000000003997, -3.194387129813862192, -11.64720988304235760 ) ) ;
#956 = ORIENTED_EDGE ( 'NONE', *, *, #4842, .T. ) ;
#957 = DIRECTION ( 'NONE',  ( -0.000000000000000000, 0.000000000000000000, -1.000000000000000000 ) ) ;
#958 = VERTEX_POINT ( 'NONE', #4088 ) ;
#959 = AXIS2_PLACEMENT_3D ( 'NONE', #625, #3649, #4154 ) ;
#960 = DIRECTION ( 'NONE',  ( 0.9983713344239767418, -0.05704979053851286230, -0.000000000000000000 ) ) ;
#961 = VERTEX_POINT ( 'NONE', #1563 ) ;
#962 = DIRECTION ( 'NONE',  ( 1.000000000000000000, 0.000000000000000000, -0.000000000000000000 ) ) ;
#963 = VERTEX_POINT ( 'NONE', #4063 ) ;
#964 = CYLINDRICAL_SURFACE ( 'NONE', #4197, 100.0000000000000000 ) ;
#965 = DIRECTION ( 'NONE',  ( 1.000000000000000000, 8.701372955499664386E-14, 0.000000000000000000 ) ) ;
#966 = EDGE_CURVE ( 'NONE', #2042, #1631, #2490, .T. ) ;
#967 = EDGE_LOOP ( 'NONE', ( #1994, #5095, #4930, #4231 ) ) ;
#968 =( BOUNDED_CURVE ( )  B_SPLINE_CURVE ( 3, ( #2304, #639, #214, #4477 ),
 .UNSPECIFIED., .F., .F. ) 
 B_SPLINE_CURVE_WITH_KNOTS ( ( 4, 4 ),
 ( 5.374665778197742050, 6.283185307179586232 ),
 .UNSPECIFIED. ) 
 CURVE ( )  GEOMETRIC_REPRESENTATION_ITEM ( )  RATIONAL_B_SPLINE_CURVE ( ( 1.000000000000000000, 0.9323907251053360490, 0.9323907251053360490, 1.000000000000000000 ) ) 
 REPRESENTATION_ITEM ( '' )  );
#969 = LINE ( 'NONE', #464, #1442 ) ;
#970 = AXIS2_PLACEMENT_3D ( 'NONE', #3766, #2462, #4179 ) ;
#971 = DIRECTION ( 'NONE',  ( -1.000000000000000000, 0.000000000000000000, 0.000000000000000000 ) ) ;
#972 = CARTESIAN_POINT ( 'NONE',  ( 15.42780342188537723, 3.429533061014689910, 8.346914502020700510 ) ) ;
#973 = CARTESIAN_POINT ( 'NONE',  ( 17.50000000000000000, 5.817072295949927426E-15, 12.50000000000000000 ) ) ;
#974 = CARTESIAN_POINT ( 'NONE',  ( -2.299999999999996270, -3.099999999999989875, -11.91364570620248209 ) ) ;
#975 = B_SPLINE_CURVE_WITH_KNOTS ( 'NONE', 3,
 ( #3486, #4469, #601, #66 ),
 .UNSPECIFIED., .F., .F.,
 ( 4, 4 ),
 ( 0.001803905023356248971, 0.002467595375864232478 ),
 .UNSPECIFIED. ) ;
#976 = DIRECTION ( 'NONE',  ( 0.000000000000000000, 0.000000000000000000, 1.000000000000000000 ) ) ;
#977 = TOROIDAL_SURFACE ( 'NONE', #4223, 2.000000000000000000, 1.000000000000000000 ) ;
#978 = EDGE_CURVE ( 'NONE', #2916, #647, #4536, .T. ) ;
#979 = ADVANCED_FACE ( 'NONE', ( #1478 ), #1958, .F. ) ;
#980 = ORIENTED_EDGE ( 'NONE', *, *, #4182, .F. ) ;
#981 = AXIS2_PLACEMENT_3D ( 'NONE', #3042, #905, #3894 ) ;
#982 = CARTESIAN_POINT ( 'NONE',  ( -17.50000000000000000, 3.099999999999989875, -10.59999999999999964 ) ) ;
#983 = CARTESIAN_POINT ( 'NONE',  ( -5.499999999999996447, 3.314496801619179589, 7.721477071466478215 ) ) ;
#984 = DIRECTION ( 'NONE',  ( 0.000000000000000000, -0.000000000000000000, -1.000000000000000000 ) ) ;
#985 = VERTEX_POINT ( 'NONE', #1133 ) ;
#986 = DIRECTION ( 'NONE',  ( -0.000000000000000000, 0.000000000000000000, -1.000000000000000000 ) ) ;
#987 = EDGE_CURVE ( 'NONE', #2436, #4148, #619, .T. ) ;
#988 = ORIENTED_EDGE ( 'NONE', *, *, #111, .F. ) ;
#989 = VECTOR ( 'NONE', #921, 1000.000000000000000 ) ;
#990 = LINE ( 'NONE', #5361, #3825 ) ;
#991 = ORIENTED_EDGE ( 'NONE', *, *, #2180, .T. ) ;
#992 = LINE ( 'NONE', #1847, #1420 ) ;
#993 = CARTESIAN_POINT ( 'NONE',  ( 9.700000000000004619, 3.484420365519647511, -8.500000000000000000 ) ) ;
#994 = ORIENTED_EDGE ( 'NONE', *, *, #1370, .T. ) ;
#995 = CYLINDRICAL_SURFACE ( 'NONE', #4649, 1.000000000000000888 ) ;
#996 = CARTESIAN_POINT ( 'NONE',  ( -21.50000000000000000, -4.898587196589413026E-15, -10.60000000000000142 ) ) ;
#997 = EDGE_LOOP ( 'NONE', ( #2177, #538, #2103, #4287 ) ) ;
#998 = EDGE_LOOP ( 'NONE', ( #1836, #1933, #2923, #1283 ) ) ;
#999 = CARTESIAN_POINT ( 'NONE',  ( -6.299999999999996270, -3.099999999999989875, 12.50013049999998138 ) ) ;
#1000 = CARTESIAN_POINT ( 'NONE',  ( -2.299999999999996270, 3.999999999999989786, 12.50013049999998138 ) ) ;
#1001 = EDGE_CURVE ( 'NONE', #4795, #2631, #2561, .T. ) ;
#1002 = FACE_BOUND ( 'NONE', #1073, .T. ) ;
#1003 = CARTESIAN_POINT ( 'NONE',  ( 5.700000000000003730, -3.243954813300182760, -11.95633423285868702 ) ) ;
#1004 = CARTESIAN_POINT ( 'NONE',  ( -8.705960764306551525, 1.885792283342304643, 8.096702154764543025 ) ) ;
#1005 = ORIENTED_EDGE ( 'NONE', *, *, #5108, .T. ) ;
#1006 = EDGE_CURVE ( 'NONE', #2492, #828, #3186, .T. ) ;
#1007 = CYLINDRICAL_SURFACE ( 'NONE', #1393, 1.000000000000000888 ) ;
#1008 = DIRECTION ( 'NONE',  ( -1.000000000000000000, 0.000000000000000000, 0.000000000000000000 ) ) ;
#1009 = CARTESIAN_POINT ( 'NONE',  ( 6.036102126122735001, -3.099999999999989431, -12.15532577045353513 ) ) ;
#1010 = ORIENTED_EDGE ( 'NONE', *, *, #2555, .T. ) ;
#1011 = CARTESIAN_POINT ( 'NONE',  ( 0.5000000000000036637, -3.164382253287481461, 7.499999999999996447 ) ) ;
#1012 = ORIENTED_EDGE ( 'NONE', *, *, #5284, .F. ) ;
#1013 = CARTESIAN_POINT ( 'NONE',  ( 6.186696445272691136, 3.353525511158430117, -11.50000000000000000 ) ) ;
#1014 = ADVANCED_FACE ( 'NONE', ( #5418 ), #2396, .T. ) ;
#1015 = ORIENTED_EDGE ( 'NONE', *, *, #2083, .T. ) ;
#1016 = EDGE_CURVE ( 'NONE', #1754, #3358, #3614, .T. ) ;
#1017 = CARTESIAN_POINT ( 'NONE',  ( 16.95152287556265591, -3.962299461188996563, 7.613760286281210377 ) ) ;
#1018 = CARTESIAN_POINT ( 'NONE',  ( -7.405459357413313626, 3.369013092162968626, 7.500000000000000888 ) ) ;
#1019 = DIRECTION ( 'NONE',  ( 1.000000000000000000, 0.000000000000000000, 0.000000000000000000 ) ) ;
#1020 = ORIENTED_EDGE ( 'NONE', *, *, #4283, .F. ) ;
#1021 = CARTESIAN_POINT ( 'NONE',  ( -10.29999999999999716, 3.999999999999989786, 12.50013049999998138 ) ) ;
#1022 = CARTESIAN_POINT ( 'NONE',  ( 10.50000000000000355, 3.099999999999989875, 8.365554737768846394 ) ) ;
#1023 = EDGE_LOOP ( 'NONE', ( #3521, #2960, #3861, #402 ) ) ;
#1024 = AXIS2_PLACEMENT_3D ( 'NONE', #3208, #666, #2444 ) ;
#1025 = LINE ( 'NONE', #4808, #3329 ) ;
#1026 = PLANE ( 'NONE',  #2781 ) ;
#1027 = DIRECTION ( 'NONE',  ( 0.000000000000000000, 0.000000000000000000, -1.000000000000000000 ) ) ;
#1028 = PLANE ( 'NONE',  #3932 ) ;
#1029 = CARTESIAN_POINT ( 'NONE',  ( -10.01451258433945490, 0.5262968865598670609, 5.784521294043505790 ) ) ;
#1030 = EDGE_LOOP ( 'NONE', ( #1846, #5344, #3252, #4684, #3384, #2599, #5170, #3222, #3098, #3122, #4871, #3037, #1480 ) ) ;
#1031 = EDGE_CURVE ( 'NONE', #2821, #818, #2424, .T. ) ;
#1032 = B_SPLINE_CURVE_WITH_KNOTS ( 'NONE', 3,
 ( #3986, #4888, #114, #88 ),
 .UNSPECIFIED., .F., .F.,
 ( 4, 4 ),
 ( 0.001653044992663524945, 0.002011957906657757533 ),
 .UNSPECIFIED. ) ;
#1033 = AXIS2_PLACEMENT_3D ( 'NONE', #3700, #3754, #3241 ) ;
#1034 = FACE_OUTER_BOUND ( 'NONE', #4662, .T. ) ;
#1035 = DIRECTION ( 'NONE',  ( 0.000000000000000000, 0.000000000000000000, 1.000000000000000000 ) ) ;
#1036 = CARTESIAN_POINT ( 'NONE',  ( 17.50000000000000000, 5.817072295949927426E-15, -12.50000000000000000 ) ) ;
#1037 = AXIS2_PLACEMENT_3D ( 'NONE', #1077, #4121, #2738 ) ;
#1038 = EDGE_LOOP ( 'NONE', ( #4616, #1263, #24, #4062 ) ) ;
#1039 = CARTESIAN_POINT ( 'NONE',  ( -8.141391177550730163, -3.099999999999990763, 7.806604247598440516 ) ) ;
#1040 = VECTOR ( 'NONE', #775, 999.9999999999998863 ) ;
#1041 = ORIENTED_EDGE ( 'NONE', *, *, #4355, .T. ) ;
#1042 = ADVANCED_FACE ( 'NONE', ( #3157 ), #3582, .T. ) ;
#1043 = TOROIDAL_SURFACE ( 'NONE', #4191, 101.0000000000000000, 1.000000000000000000 ) ;
#1044 = DIRECTION ( 'NONE',  ( 0.000000000000000000, 0.000000000000000000, 1.000000000000000000 ) ) ;
#1045 = ORIENTED_EDGE ( 'NONE', *, *, #4491, .F. ) ;
#1046 = CARTESIAN_POINT ( 'NONE',  ( 16.87616792599647653, -3.951380802722395558, 7.663924084269651438 ) ) ;
#1047 = VECTOR ( 'NONE', #5518, 999.9999999999998863 ) ;
#1048 = VECTOR ( 'NONE', #1850, 1000.000000000000000 ) ;
#1049 = EDGE_CURVE ( 'NONE', #963, #790, #1144, .T. ) ;
#1050 = EDGE_CURVE ( 'NONE', #326, #795, #646, .T. ) ;
#1051 = SPHERICAL_SURFACE ( 'NONE', #1321, 1.000000000000000000 ) ;
#1052 = CARTESIAN_POINT ( 'NONE',  ( -2.299999999999995826, -3.189585744412914980, 7.499999999999996447 ) ) ;
#1053 = ORIENTED_EDGE ( 'NONE', *, *, #3324, .T. ) ;
#1054 = CARTESIAN_POINT ( 'NONE',  ( 17.50000000000000000, -4.898587196589413026E-15, -12.50000000000000000 ) ) ;
#1055 = LINE ( 'NONE', #2776, #1213 ) ;
#1056 = PRODUCT_DEFINITION_SHAPE ( 'NONE', 'NONE',  #3064 ) ;
#1057 = EDGE_LOOP ( 'NONE', ( #2471, #4512, #4545 ) ) ;
#1058 = VERTEX_POINT ( 'NONE', #306 ) ;
#1059 = CARTESIAN_POINT ( 'NONE',  ( -9.499999999999996447, -4.898587196589413026E-15, 4.299999999999999822 ) ) ;
#1060 = CARTESIAN_POINT ( 'NONE',  ( 5.968487566699177016, 3.099999999999989875, 8.151089585653943814 ) ) ;
#1061 = CARTESIAN_POINT ( 'NONE',  ( 7.700000000000003730, 3.439999999999990177, -12.50000000000000000 ) ) ;
#1062 = CARTESIAN_POINT ( 'NONE',  ( -1.499999999999996225, 3.174382878358575688, 7.630209235171586002 ) ) ;
#1063 = B_SPLINE_CURVE_WITH_KNOTS ( 'NONE', 3,
 ( #4028, #158, #829, #3793, #2912, #2548, #5511, #1232, #1743, #3264, #4213, #1661, #4991, #243, #2100, #5412, #4301, #3399 ),
 .UNSPECIFIED., .F., .F.,
 ( 4, 2, 2, 2, 2, 2, 2, 2, 4 ),
 ( 1.734723475976806902E-18, 0.0007903622417367852857, 0.001580724483473568837, 0.002371086725210354556, 0.003161448966947141143, 0.003951811208683926428, 0.004742173450420712581, 0.005532535692157499602, 0.006322897933894285755 ),
 .UNSPECIFIED. ) ;
#1064 = ORIENTED_EDGE ( 'NONE', *, *, #3978, .T. ) ;
#1065 = CARTESIAN_POINT ( 'NONE',  ( 6.500000000000004441, -3.371428571428562115, -12.50000000000000000 ) ) ;
#1066 = CYLINDRICAL_SURFACE ( 'NONE', #3232, 3.999999999999994671 ) ;
#1067 = DIRECTION ( 'NONE',  ( -1.000000000000000000, 0.000000000000000000, 0.000000000000000000 ) ) ;
#1068 = FACE_OUTER_BOUND ( 'NONE', #1912, .T. ) ;
#1069 = AXIS2_PLACEMENT_3D ( 'NONE', #2542, #1254, #1167 ) ;
#1070 = PLANE ( 'NONE',  #3125 ) ;
#1071 = B_SPLINE_CURVE_WITH_KNOTS ( 'NONE', 3,
 ( #3683, #4068, #2404, #4127 ),
 .UNSPECIFIED., .F., .F.,
 ( 4, 4 ),
 ( 0.001281095578361904049, 0.002081788741086600288 ),
 .UNSPECIFIED. ) ;
#1072 = DIRECTION ( 'NONE',  ( 0.000000000000000000, 0.000000000000000000, 1.000000000000000000 ) ) ;
#1073 = EDGE_LOOP ( 'NONE', ( #2547, #5330 ) ) ;
#1074 = FACE_OUTER_BOUND ( 'NONE', #2320, .T. ) ;
#1075 = VECTOR ( 'NONE', #4115, 1000.000000000000000 ) ;
#1076 = EDGE_LOOP ( 'NONE', ( #675, #3703, #1220, #1165 ) ) ;
#1077 = CARTESIAN_POINT ( 'NONE',  ( -10.29999999999999716, -3.999999999999989786, 12.50013049999998138 ) ) ;
#1078 = EDGE_CURVE ( 'NONE', #3340, #1536, #4286, .T. ) ;
#1079 = VERTEX_POINT ( 'NONE', #1674 ) ;
#1080 = AXIS2_PLACEMENT_3D ( 'NONE', #4383, #2720, #4891 ) ;
#1081 = CARTESIAN_POINT ( 'NONE',  ( 5.762028844389818438, -2.327627468653245657, 7.500000000000000888 ) ) ;
#1082 = CARTESIAN_POINT ( 'NONE',  ( -6.299999999999996270, -3.359999999999989662, -11.75142969962561779 ) ) ;
#1083 = EDGE_LOOP ( 'NONE', ( #1959, #2259, #4465, #2335 ) ) ;
#1084 = CARTESIAN_POINT ( 'NONE',  ( -1.499999999999996225, -3.174382878358587234, -11.63014433655489022 ) ) ;
#1085 = EDGE_CURVE ( 'NONE', #5495, #2349, #3744, .T. ) ;
#1086 = CYLINDRICAL_SURFACE ( 'NONE', #212, 100.0000000000000000 ) ;
#1087 = ORIENTED_EDGE ( 'NONE', *, *, #67, .T. ) ;
#1088 = CARTESIAN_POINT ( 'NONE',  ( 6.500000000000004441, -3.099999999999989875, -12.17309318234771709 ) ) ;
#1089 = EDGE_LOOP ( 'NONE', ( #1053, #3640, #3556, #3192 ) ) ;
#1090 = DIRECTION ( 'NONE',  ( -0.000000000000000000, -0.000000000000000000, -1.000000000000000000 ) ) ;
#1091 = ADVANCED_FACE ( 'NONE', ( #2536 ), #2986, .T. ) ;
#1092 = CARTESIAN_POINT ( 'NONE',  ( -6.100264014478037566, -3.099999999999990319, -12.15958818881660974 ) ) ;
#1093 = EDGE_CURVE ( 'NONE', #2745, #1538, #3301, .T. ) ;
#1094 = CARTESIAN_POINT ( 'NONE',  ( -2.299999999999996270, 3.099999999999989875, 7.913645706202474983 ) ) ;
#1095 = CARTESIAN_POINT ( 'NONE',  ( -8.145430095007277771, -2.142637679957520191, 8.362991247104091030 ) ) ;
#1096 = ORIENTED_EDGE ( 'NONE', *, *, #3942, .F. ) ;
#1097 = PLANE ( 'NONE',  #3099 ) ;
#1098 = CARTESIAN_POINT ( 'NONE',  ( 6.588669335332740573, -3.376495390590433132, -11.48098721223510310 ) ) ;
#1099 = SHAPE_DEFINITION_REPRESENTATION ( #1056, #2278 ) ;
#1100 = CARTESIAN_POINT ( 'NONE',  ( 1.700000000000003508, 3.999999999999989786, 12.50013049999998138 ) ) ;
#1101 = CARTESIAN_POINT ( 'NONE',  ( -17.50000000000000355, 3.999999999999989786, -12.50000000000000000 ) ) ;
#1102 = CARTESIAN_POINT ( 'NONE',  ( 5.717893271170003011, -3.099999999999989875, -12.13363453504173783 ) ) ;
#1103 = ORIENTED_EDGE ( 'NONE', *, *, #4670, .T. ) ;
#1104 = CARTESIAN_POINT ( 'NONE',  ( 0.5000000000000038858, -3.999999999999989786, 12.50013049999998138 ) ) ;
#1105 = ORIENTED_EDGE ( 'NONE', *, *, #1749, .T. ) ;
#1106 = CARTESIAN_POINT ( 'NONE',  ( 16.03502004929170255, -3.728810361367405957, 8.094681873807179073 ) ) ;
#1107 = ORIENTED_EDGE ( 'NONE', *, *, #2319, .F. ) ;
#1108 = CARTESIAN_POINT ( 'NONE',  ( -7.500000000000007105, 3.354821815831150911, 7.498990699995963460 ) ) ;
#1109 = CARTESIAN_POINT ( 'NONE',  ( -17.50000000000000000, -4.898587196589413026E-15, 4.300000000000001599 ) ) ;
#1110 = ORIENTED_EDGE ( 'NONE', *, *, #846, .T. ) ;
#1111 = CARTESIAN_POINT ( 'NONE',  ( -1.499999999999996225, -3.099999999999989875, -11.87844083214199209 ) ) ;
#1112 = DIRECTION ( 'NONE',  ( -1.000000000000000000, 0.000000000000000000, 0.000000000000000000 ) ) ;
#1113 = ORIENTED_EDGE ( 'NONE', *, *, #4843, .F. ) ;
#1114 = ADVANCED_FACE ( 'NONE', ( #5028 ), #1594, .F. ) ;
#1115 = B_SPLINE_CURVE_WITH_KNOTS ( 'NONE', 3,
 ( #2040, #4687, #2068, #4264 ),
 .UNSPECIFIED., .F., .F.,
 ( 4, 4 ),
 ( 0.001174579629820066574, 0.001752919494011926770 ),
 .UNSPECIFIED. ) ;
#1116 = CARTESIAN_POINT ( 'NONE',  ( -9.202169709808309506, 1.571119596234190841, 7.694339923209461141 ) ) ;
#1117 = DIRECTION ( 'NONE',  ( 0.000000000000000000, 0.000000000000000000, 1.000000000000000000 ) ) ;
#1118 = DIRECTION ( 'NONE',  ( -1.000000000000000000, 0.000000000000000000, 0.000000000000000000 ) ) ;
#1119 = DIRECTION ( 'NONE',  ( 1.000000000000000000, 0.000000000000000000, 0.000000000000000000 ) ) ;
#1120 = ORIENTED_EDGE ( 'NONE', *, *, #111, .T. ) ;
#1121 = ADVANCED_FACE ( 'NONE', ( #5442 ), #1162, .T. ) ;
#1122 = CARTESIAN_POINT ( 'NONE',  ( 5.700000000000001954, 3.325714410276445321, -12.50000000000000000 ) ) ;
#1123 = EDGE_CURVE ( 'NONE', #302, #4304, #5107, .T. ) ;
#1124 = CARTESIAN_POINT ( 'NONE',  ( 6.772253043963122998, -2.350730474860682762, -12.47464961618468493 ) ) ;
#1125 = LINE ( 'NONE', #1898, #5427 ) ;
#1126 = CARTESIAN_POINT ( 'NONE',  ( 8.500000000000003553, -3.485714285714275995, 7.499999999999992895 ) ) ;
#1127 = ORIENTED_EDGE ( 'NONE', *, *, #1648, .T. ) ;
#1128 = VECTOR ( 'NONE', #2448, 1000.000000000000000 ) ;
#1129 = DIRECTION ( 'NONE',  ( 0.05704979053851286230, 0.9983713344239767418, 0.000000000000000000 ) ) ;
#1130 = CIRCLE ( 'NONE', #4187, 3.999999999999994671 ) ;
#1131 = CARTESIAN_POINT ( 'NONE',  ( -5.499999999999996447, -3.314496801619178257, -11.72147237315900625 ) ) ;
#1132 = VECTOR ( 'NONE', #2944, 1000.000000000000000 ) ;
#1133 = CARTESIAN_POINT ( 'NONE',  ( 10.21165997501151246, -3.099999999999989875, -2.400000000000001243 ) ) ;
#1134 = VERTEX_POINT ( 'NONE', #4709 ) ;
#1135 = B_SPLINE_CURVE_WITH_KNOTS ( 'NONE', 3,
 ( #897, #383, #1241, #2528 ),
 .UNSPECIFIED., .F., .F.,
 ( 4, 4 ),
 ( 1.885035690724200044E-16, 0.0009209889021041515501 ),
 .UNSPECIFIED. ) ;
#1136 = CARTESIAN_POINT ( 'NONE',  ( -5.499999999999996447, 3.099999999999989875, 8.118446157137695351 ) ) ;
#1137 = CYLINDRICAL_SURFACE ( 'NONE', #2602, 100.0000000000000000 ) ;
#1138 = AXIS2_PLACEMENT_3D ( 'NONE', #922, #2269, #1806 ) ;
#1139 = ORIENTED_EDGE ( 'NONE', *, *, #5364, .T. ) ;
#1140 = CARTESIAN_POINT ( 'NONE',  ( -2.299999999999996270, 3.189585744412905655, -11.50000000000000178 ) ) ;
#1141 = AXIS2_PLACEMENT_3D ( 'NONE', #2403, #2743, #651 ) ;
#1142 = B_SPLINE_CURVE_WITH_KNOTS ( 'NONE', 3,
 ( #3714, #4132, #1999, #1576 ),
 .UNSPECIFIED., .F., .F.,
 ( 4, 4 ),
 ( 0.001048736902766145675, 0.001066673533599559257 ),
 .UNSPECIFIED. ) ;
#1143 = ORIENTED_EDGE ( 'NONE', *, *, #3144, .T. ) ;
#1144 = CIRCLE ( 'NONE', #2749, 7.500000000000000000 ) ;
#1145 = EDGE_LOOP ( 'NONE', ( #4106, #3818, #5363, #740, #4535, #2159, #1706 ) ) ;
#1146 = CARTESIAN_POINT ( 'NONE',  ( -6.100264014486761255, -3.099999999999989875, 8.159588188817156862 ) ) ;
#1147 = CARTESIAN_POINT ( 'NONE',  ( 6.500000000000004441, 3.099999999999989875, 8.184499323734041099 ) ) ;
#1148 = CARTESIAN_POINT ( 'NONE',  ( -9.386737788622824041, -2.534753694037974014, -11.50000000000000000 ) ) ;
#1149 = EDGE_CURVE ( 'NONE', #3025, #3242, #1130, .T. ) ;
#1150 = CARTESIAN_POINT ( 'NONE',  ( -6.299999999999996270, -3.099999999999989875, -12.17214069224669259 ) ) ;
#1151 = EDGE_LOOP ( 'NONE', ( #1828, #913, #994, #1534 ) ) ;
#1152 = CARTESIAN_POINT ( 'NONE',  ( 6.186696445272876765, -3.353525511158442107, -12.50000000000000178 ) ) ;
#1153 = DIRECTION ( 'NONE',  ( -0.000000000000000000, -0.000000000000000000, -1.000000000000000000 ) ) ;
#1154 = EDGE_CURVE ( 'NONE', #5119, #5573, #3196, .T. ) ;
#1155 = EDGE_CURVE ( 'NONE', #4795, #3508, #2009, .T. ) ;
#1156 = CARTESIAN_POINT ( 'NONE',  ( -6.299999999999996270, -3.099999999999989875, 8.172140692246692595 ) ) ;
#1157 = ORIENTED_EDGE ( 'NONE', *, *, #518, .T. ) ;
#1158 = FACE_OUTER_BOUND ( 'NONE', #4459, .T. ) ;
#1159 =( BOUNDED_CURVE ( )  B_SPLINE_CURVE ( 3, ( #1968, #3653, #1191, #4624 ),
 .UNSPECIFIED., .F., .F. ) 
 B_SPLINE_CURVE_WITH_KNOTS ( ( 4, 4 ),
 ( 4.134264507795140986, 4.187849638758361692 ),
 .UNSPECIFIED. ) 
 CURVE ( )  GEOMETRIC_REPRESENTATION_ITEM ( )  RATIONAL_B_SPLINE_CURVE ( ( 1.000000000000000000, 0.9997607337917540082, 0.9997607337917540082, 1.000000000000000000 ) ) 
 REPRESENTATION_ITEM ( '' )  );
#1160 = AXIS2_PLACEMENT_3D ( 'NONE', #4714, #2627, #83 ) ;
#1161 = ORIENTED_EDGE ( 'NONE', *, *, #3183, .F. ) ;
#1162 = PLANE ( 'NONE',  #3473 ) ;
#1163 = EDGE_CURVE ( 'NONE', #818, #2436, #2767, .T. ) ;
#1164 = ORIENTED_EDGE ( 'NONE', *, *, #2261, .F. ) ;
#1165 = ORIENTED_EDGE ( 'NONE', *, *, #241, .F. ) ;
#1166 = AXIS2_PLACEMENT_3D ( 'NONE', #2336, #3999, #5358 ) ;
#1167 = DIRECTION ( 'NONE',  ( -0.9545014366326088906, -0.2982063169456439788, 0.000000000000000000 ) ) ;
#1168 = ORIENTED_EDGE ( 'NONE', *, *, #4583, .T. ) ;
#1169 = AXIS2_PLACEMENT_3D ( 'NONE', #2102, #5514, #1663 ) ;
#1170 = CARTESIAN_POINT ( 'NONE',  ( -0.2999999999999963252, 3.163582246487384175, 7.499999999999996447 ) ) ;
#1171 = ORIENTED_EDGE ( 'NONE', *, *, #4389, .F. ) ;
#1172 = ORIENTED_EDGE ( 'NONE', *, *, #1396, .F. ) ;
#1173 = DIRECTION ( 'NONE',  ( 1.000000000000000000, 0.000000000000000000, 0.000000000000000000 ) ) ;
#1174 = CARTESIAN_POINT ( 'NONE',  ( -6.299999999999996270, 3.099999999999989875, -12.17214069224669259 ) ) ;
#1175 = LINE ( 'NONE', #4215, #2128 ) ;
#1176 = DIRECTION ( 'NONE',  ( -0.9983713344239767418, 0.05704979053851286230, 0.000000000000000000 ) ) ;
#1177 = ORIENTED_EDGE ( 'NONE', *, *, #629, .T. ) ;
#1178 = CARTESIAN_POINT ( 'NONE',  ( -5.499999999999996447, -3.314496801619191579, 7.721477071465938202 ) ) ;
#1179 = EDGE_CURVE ( 'NONE', #302, #2282, #2519, .T. ) ;
#1180 = CARTESIAN_POINT ( 'NONE',  ( 7.511880300267083754, -3.429250302872357992, -12.39445216863329691 ) ) ;
#1181 = CARTESIAN_POINT ( 'NONE',  ( -7.007452429110811565, -0.3955318857277900224, 4.299999999999999822 ) ) ;
#1182 = CARTESIAN_POINT ( 'NONE',  ( 9.329687998084311928, 3.533125028461951089, -8.500000000000000000 ) ) ;
#1183 = VERTEX_POINT ( 'NONE', #4681 ) ;
#1184 = LINE ( 'NONE', #787, #4632 ) ;
#1185 = EDGE_CURVE ( 'NONE', #4940, #113, #4279, .T. ) ;
#1186 = CARTESIAN_POINT ( 'NONE',  ( -5.499999999999996447, -3.314496801619161381, -11.50000000000000000 ) ) ;
#1187 = CARTESIAN_POINT ( 'NONE',  ( -10.21165997501151423, -3.099999999999989875, -11.50000000000000000 ) ) ;
#1188 = VERTEX_POINT ( 'NONE', #1187 ) ;
#1189 = ORIENTED_EDGE ( 'NONE', *, *, #4454, .T. ) ;
#1190 =( BOUNDED_CURVE ( )  B_SPLINE_CURVE ( 3, ( #3976, #4396, #3179, #1417 ),
 .UNSPECIFIED., .F., .F. ) 
 B_SPLINE_CURVE_WITH_KNOTS ( ( 4, 4 ),
 ( 2.233073124607949822, 3.141592653589799777 ),
 .UNSPECIFIED. ) 
 CURVE ( )  GEOMETRIC_REPRESENTATION_ITEM ( )  RATIONAL_B_SPLINE_CURVE ( ( 1.000000000000000000, 0.9323907251053352718, 0.9323907251053352718, 1.000000000000000000 ) ) 
 REPRESENTATION_ITEM ( '' )  );
#1191 = CARTESIAN_POINT ( 'NONE',  ( 10.22897117048587212, -3.099999999999989875, 8.356608266835412024 ) ) ;
#1192 = EDGE_CURVE ( 'NONE', #711, #5148, #2477, .T. ) ;
#1193 = EDGE_CURVE ( 'NONE', #3779, #963, #2474, .T. ) ;
#1194 = CARTESIAN_POINT ( 'NONE',  ( -0.2999999999999964362, -3.142277266307538675, 7.738060642946770429 ) ) ;
#1195 = FACE_OUTER_BOUND ( 'NONE', #1448, .T. ) ;
#1196 = AXIS2_PLACEMENT_3D ( 'NONE', #4558, #3720, #812 ) ;
#1197 = ORIENTED_EDGE ( 'NONE', *, *, #1747, .F. ) ;
#1198 = LINE ( 'NONE', #3762, #325 ) ;
#1199 = ORIENTED_EDGE ( 'NONE', *, *, #2382, .F. ) ;
#1200 = ORIENTED_EDGE ( 'NONE', *, *, #430, .F. ) ;
#1201 = PLANE ( 'NONE',  #1604 ) ;
#1202 = CARTESIAN_POINT ( 'NONE',  ( 9.700000000000004619, -3.469397990006776400, -9.133779862206417022 ) ) ;
#1203 = DIRECTION ( 'NONE',  ( -0.000000000000000000, -0.000000000000000000, -1.000000000000000000 ) ) ;
#1204 = CARTESIAN_POINT ( 'NONE',  ( -2.299999999999996270, 3.099999999999989875, -11.91364570620243768 ) ) ;
#1205 = VERTEX_POINT ( 'NONE', #3356 ) ;
#1206 = DIRECTION ( 'NONE',  ( -1.000000000000000000, 0.000000000000000000, 0.000000000000000000 ) ) ;
#1207 = UNCERTAINTY_MEASURE_WITH_UNIT (LENGTH_MEASURE( 1.000000000000000082E-05 ), #3573, 'distance_accuracy_value', 'NONE');
#1208 = CARTESIAN_POINT ( 'NONE',  ( -4.299999999999994493, -3.255625020041619244, -12.50000000000000000 ) ) ;
#1209 = PLANE ( 'NONE',  #5281 ) ;
#1210 = CARTESIAN_POINT ( 'NONE',  ( -9.499999999999996447, -3.542857142857132935, -10.59999999999999964 ) ) ;
#1211 = FACE_OUTER_BOUND ( 'NONE', #2369, .T. ) ;
#1212 = ORIENTED_EDGE ( 'NONE', *, *, #3386, .T. ) ;
#1213 = VECTOR ( 'NONE', #1545, 999.9999999999998863 ) ;
#1214 = CARTESIAN_POINT ( 'NONE',  ( -7.499999999999998224, 3.354821815831152243, 7.742940384539064524 ) ) ;
#1215 = DIRECTION ( 'NONE',  ( 0.000000000000000000, -1.000000000000000000, 0.000000000000000000 ) ) ;
#1216 = DIRECTION ( 'NONE',  ( 1.000000000000000000, 0.000000000000000000, -0.000000000000000000 ) ) ;
#1217 = ORIENTED_EDGE ( 'NONE', *, *, #4076, .T. ) ;
#1218 = AXIS2_PLACEMENT_3D ( 'NONE', #3832, #1246, #2954 ) ;
#1219 = EDGE_CURVE ( 'NONE', #1776, #3204, #5152, .T. ) ;
#1220 = ORIENTED_EDGE ( 'NONE', *, *, #2594, .T. ) ;
#1221 = FACE_OUTER_BOUND ( 'NONE', #1322, .T. ) ;
#1222 = CARTESIAN_POINT ( 'NONE',  ( -5.499999999999996447, 3.999999999999989786, 12.50013049999998138 ) ) ;
#1223 = VECTOR ( 'NONE', #69, 1000.000000000000000 ) ;
#1224 = ORIENTED_EDGE ( 'NONE', *, *, #5324, .T. ) ;
#1225 = CARTESIAN_POINT ( 'NONE',  ( 10.50000000000000355, 3.599999999999990319, -2.400000000000004352 ) ) ;
#1226 = ADVANCED_FACE ( 'NONE', ( #2927 ), #1336, .F. ) ;
#1227 = EDGE_CURVE ( 'NONE', #3837, #4070, #3845, .T. ) ;
#1228 = VECTOR ( 'NONE', #2760, 999.9999999999998863 ) ;
#1229 = ORIENTED_EDGE ( 'NONE', *, *, #866, .T. ) ;
#1230 = VECTOR ( 'NONE', #515, 1000.000000000000000 ) ;
#1231 = ORIENTED_EDGE ( 'NONE', *, *, #917, .F. ) ;
#1232 = CARTESIAN_POINT ( 'NONE',  ( 8.719167968864571350, -2.309568743893165799, -11.69495006413055016 ) ) ;
#1233 = CARTESIAN_POINT ( 'NONE',  ( -15.35000000000000320, -4.898587196589413026E-15, -10.59999999999999964 ) ) ;
#1234 = AXIS2_PLACEMENT_3D ( 'NONE', #2445, #3294, #384 ) ;
#1235 = LINE ( 'NONE', #407, #4045 ) ;
#1236 = VECTOR ( 'NONE', #3918, 1000.000000000000000 ) ;
#1237 = VECTOR ( 'NONE', #4517, 999.9999999999998863 ) ;
#1238 = ORIENTED_EDGE ( 'NONE', *, *, #2247, .T. ) ;
#1239 = SURFACE_STYLE_FILL_AREA ( #781 ) ;
#1240 = CARTESIAN_POINT ( 'NONE',  ( 9.386737788622825818, 2.534753694037974459, -2.400000000000001243 ) ) ;
#1241 = CARTESIAN_POINT ( 'NONE',  ( 7.700000000000003730, 3.439999999999990621, -11.43431973673951951 ) ) ;
#1242 = FACE_OUTER_BOUND ( 'NONE', #4186, .T. ) ;
#1243 = DIRECTION ( 'NONE',  ( -0.000000000000000000, -0.000000000000000000, 1.000000000000000000 ) ) ;
#1244 = ORIENTED_EDGE ( 'NONE', *, *, #3847, .F. ) ;
#1245 = B_SPLINE_CURVE_WITH_KNOTS ( 'NONE', 3,
 ( #1170, #4601, #796, #3844 ),
 .UNSPECIFIED., .F., .F.,
 ( 4, 4 ),
 ( 0.001652251505797848463, 0.002008926106216802569 ),
 .UNSPECIFIED. ) ;
#1246 = DIRECTION ( 'NONE',  ( -1.000000000000000000, 0.000000000000000000, 0.000000000000000000 ) ) ;
#1247 = CARTESIAN_POINT ( 'NONE',  ( 7.700000000000003730, -3.323662629980149052, -11.74213690059248805 ) ) ;
#1248 = DIRECTION ( 'NONE',  ( -1.000000000000000000, 0.000000000000000000, 0.000000000000000000 ) ) ;
#1249 = ORIENTED_EDGE ( 'NONE', *, *, #1163, .T. ) ;
#1250 = CARTESIAN_POINT ( 'NONE',  ( 9.308102751376095441, -3.531891585792910515, -8.901951149578096079 ) ) ;
#1251 = VERTEX_POINT ( 'NONE', #2230 ) ;
#1252 = FACE_OUTER_BOUND ( 'NONE', #3012, .T. ) ;
#1253 = PLANE ( 'NONE',  #2393 ) ;
#1254 = DIRECTION ( 'NONE',  ( 0.2982063169456439233, -0.9545014366326090016, -0.000000000000000000 ) ) ;
#1255 = ADVANCED_FACE ( 'NONE', ( #1385 ), #5164, .F. ) ;
#1256 = VERTEX_POINT ( 'NONE', #4339 ) ;
#1257 = LINE ( 'NONE', #741, #2759 ) ;
#1258 = B_SPLINE_CURVE_WITH_KNOTS ( 'NONE', 3,
 ( #4655, #2851, #793, #2513 ),
 .UNSPECIFIED., .F., .F.,
 ( 4, 4 ),
 ( 0.001036437895151360233, 0.001254859863796350949 ),
 .UNSPECIFIED. ) ;
#1259 = AXIS2_PLACEMENT_3D ( 'NONE', #2314, #5422, #4124 ) ;
#1260 = EDGE_LOOP ( 'NONE', ( #1107, #1660, #4142, #3661, #2434, #2427 ) ) ;
#1261 = VECTOR ( 'NONE', #5160, 1000.000000000000000 ) ;
#1262 = EDGE_CURVE ( 'NONE', #3671, #5531, #4792, .T. ) ;
#1263 = ORIENTED_EDGE ( 'NONE', *, *, #1842, .T. ) ;
#1264 = CARTESIAN_POINT ( 'NONE',  ( 6.243746235811387102, -2.355154176734463700, -12.50000000000000000 ) ) ;
#1265 = CARTESIAN_POINT ( 'NONE',  ( 19.65000000000000213, -4.898587196589413026E-15, -12.50000000000000000 ) ) ;
#1266 = CARTESIAN_POINT ( 'NONE',  ( -9.809807397821639796, -1.512849363273343295, 6.397035766755966968 ) ) ;
#1267 = CIRCLE ( 'NONE', #4319, 0.9999999999999991118 ) ;
#1268 = EDGE_LOOP ( 'NONE', ( #1855, #5417, #4129, #2525, #4011, #5126 ) ) ;
#1269 = CARTESIAN_POINT ( 'NONE',  ( 8.744507802332920576, -3.499686160133299584, -10.24228533015386589 ) ) ;
#1270 = ADVANCED_FACE ( 'NONE', ( #420 ), #2146, .F. ) ;
#1271 = EDGE_CURVE ( 'NONE', #2637, #4025, #141, .T. ) ;
#1272 = CARTESIAN_POINT ( 'NONE',  ( 7.700000000000003730, 3.099999999999989875, -11.95923320765285247 ) ) ;
#1273 = CARTESIAN_POINT ( 'NONE',  ( 8.500000000000003553, 3.485714285714275995, 7.499999999999992895 ) ) ;
#1274 = DIRECTION ( 'NONE',  ( -0.000000000000000000, -0.000000000000000000, -1.000000000000000000 ) ) ;
#1275 = CARTESIAN_POINT ( 'NONE',  ( 17.04434499593166308, -3.973962571196085314, 7.500000000000000000 ) ) ;
#1276 = B_SPLINE_CURVE_WITH_KNOTS ( 'NONE', 3,
 ( #707, #3300, #4592, #732 ),
 .UNSPECIFIED., .F., .F.,
 ( 4, 4 ),
 ( 0.001678026921928383892, 0.002102158517941239181 ),
 .UNSPECIFIED. ) ;
#1277 = ORIENTED_EDGE ( 'NONE', *, *, #281, .F. ) ;
#1278 = LINE ( 'NONE', #1730, #4183 ) ;
#1279 = DIRECTION ( 'NONE',  ( -0.000000000000000000, -0.000000000000000000, 1.000000000000000000 ) ) ;
#1280 = DIRECTION ( 'NONE',  ( 0.000000000000000000, 0.000000000000000000, -1.000000000000000000 ) ) ;
#1281 = VERTEX_POINT ( 'NONE', #4364 ) ;
#1282 = DIRECTION ( 'NONE',  ( -1.000000000000000000, 0.000000000000000000, 0.000000000000000000 ) ) ;
#1283 = ORIENTED_EDGE ( 'NONE', *, *, #5184, .F. ) ;
#1284 = CARTESIAN_POINT ( 'NONE',  ( 10.77206761331593832, 3.615546720760901334, -8.499999999999998224 ) ) ;
#1285 = CARTESIAN_POINT ( 'NONE',  ( 1.700000000000003508, -3.099999999999989875, -11.88616932144765137 ) ) ;
#1286 = VERTEX_POINT ( 'NONE', #5585 ) ;
#1287 = PLANE ( 'NONE',  #1783 ) ;
#1288 = EDGE_CURVE ( 'NONE', #2582, #961, #1561, .T. ) ;
#1289 = ORIENTED_EDGE ( 'NONE', *, *, #3281, .T. ) ;
#1290 = ORIENTED_EDGE ( 'NONE', *, *, #1540, .F. ) ;
#1291 = PLANE ( 'NONE',  #587 ) ;
#1292 = LINE ( 'NONE', #1265, #1132 ) ;
#1293 = CARTESIAN_POINT ( 'NONE',  ( -9.047744058392988009, -2.596977928774513611, 7.116522572860572105 ) ) ;
#1294 = ADVANCED_FACE ( 'NONE', ( #5243 ), #2596, .F. ) ;
#1295 = ORIENTED_EDGE ( 'NONE', *, *, #4875, .F. ) ;
#1296 = CARTESIAN_POINT ( 'NONE',  ( 0.5000000000000038858, -3.142822420734733058, -11.73951826474421267 ) ) ;
#1297 = DIRECTION ( 'NONE',  ( -0.000000000000000000, 0.000000000000000000, -1.000000000000000000 ) ) ;
#1298 = DIRECTION ( 'NONE',  ( -0.000000000000000000, -0.000000000000000000, 1.000000000000000000 ) ) ;
#1299 = DIRECTION ( 'NONE',  ( 1.000000000000000000, 0.000000000000000000, 0.000000000000000000 ) ) ;
#1300 = LINE ( 'NONE', #1753, #2066 ) ;
#1301 = EDGE_CURVE ( 'NONE', #3632, #2167, #843, .T. ) ;
#1302 = EDGE_CURVE ( 'NONE', #3372, #4768, #4207, .T. ) ;
#1303 = ORIENTED_EDGE ( 'NONE', *, *, #1991, .F. ) ;
#1304 = CARTESIAN_POINT ( 'NONE',  ( 10.34123922525543371, 2.236547377092330091, -8.500000000000000000 ) ) ;
#1305 = DIRECTION ( 'NONE',  ( -0.000000000000000000, -0.000000000000000000, 1.000000000000000000 ) ) ;
#1306 = ORIENTED_EDGE ( 'NONE', *, *, #774, .F. ) ;
#1307 = CARTESIAN_POINT ( 'NONE',  ( 7.700000000000004619, 3.439999999999990177, -11.12311728521710208 ) ) ;
#1308 = ORIENTED_EDGE ( 'NONE', *, *, #2807, .F. ) ;
#1309 = CARTESIAN_POINT ( 'NONE',  ( 9.452735883694396435, 3.540156336211069288, -11.38576276362779716 ) ) ;
#1310 = FACE_OUTER_BOUND ( 'NONE', #259, .T. ) ;
#1311 = ORIENTED_EDGE ( 'NONE', *, *, #2739, .F. ) ;
#1312 = CARTESIAN_POINT ( 'NONE',  ( 9.700000000000004619, -3.554285714285704501, -12.50000000000000000 ) ) ;
#1313 = VECTOR ( 'NONE', #3723, 1000.000000000000000 ) ;
#1314 = B_SPLINE_CURVE_WITH_KNOTS ( 'NONE', 3,
 ( #1435, #1003, #2722, #4438 ),
 .UNSPECIFIED., .F., .F.,
 ( 4, 4 ),
 ( 0.001133851763086989387, 0.001815430345448018970 ),
 .UNSPECIFIED. ) ;
#1315 = EDGE_LOOP ( 'NONE', ( #4330, #4267, #4739, #2365 ) ) ;
#1316 = AXIS2_PLACEMENT_3D ( 'NONE', #4322, #5230, #1876 ) ;
#1317 = CARTESIAN_POINT ( 'NONE',  ( 17.50000000000000000, -4.898587196589413026E-15, -12.50000000000000000 ) ) ;
#1318 = DIRECTION ( 'NONE',  ( 0.000000000000000000, 0.000000000000000000, -1.000000000000000000 ) ) ;
#1319 = VECTOR ( 'NONE', #2140, 1000.000000000000000 ) ;
#1320 = LINE ( 'NONE', #804, #620 ) ;
#1321 = AXIS2_PLACEMENT_3D ( 'NONE', #2344, #4064, #4204 ) ;
#1322 = EDGE_LOOP ( 'NONE', ( #4212, #2537, #3248, #2090 ) ) ;
#1323 = LINE ( 'NONE', #409, #764 ) ;
#1324 = CARTESIAN_POINT ( 'NONE',  ( 8.248498526853806467, 3.100000000000068923, -11.73098330851027704 ) ) ;
#1325 = FACE_OUTER_BOUND ( 'NONE', #2719, .T. ) ;
#1326 = EDGE_CURVE ( 'NONE', #5502, #2461, #4767, .T. ) ;
#1327 = FACE_OUTER_BOUND ( 'NONE', #80, .T. ) ;
#1328 = CIRCLE ( 'NONE', #4464, 2.000000000000000000 ) ;
#1329 = CARTESIAN_POINT ( 'NONE',  ( 1.821459649775647449E-14, 103.1631322454748840, -12.50000000000000000 ) ) ;
#1330 = VECTOR ( 'NONE', #313, 1000.000000000000000 ) ;
#1331 = DIRECTION ( 'NONE',  ( -0.000000000000000000, -0.000000000000000000, -1.000000000000000000 ) ) ;
#1332 = VERTEX_POINT ( 'NONE', #1788 ) ;
#1333 = AXIS2_PLACEMENT_3D ( 'NONE', #3643, #1904, #677 ) ;
#1334 = EDGE_CURVE ( 'NONE', #3511, #163, #103, .T. ) ;
#1335 = CARTESIAN_POINT ( 'NONE',  ( 5.711928845092336893, 3.099999999999989875, 8.133219085205416476 ) ) ;
#1336 = PLANE ( 'NONE',  #2586 ) ;
#1337 = ORIENTED_EDGE ( 'NONE', *, *, #1678, .F. ) ;
#1338 = LINE ( 'NONE', #3836, #3863 ) ;
#1339 = VERTEX_POINT ( 'NONE', #2363 ) ;
#1340 = CARTESIAN_POINT ( 'NONE',  ( 6.715093699053015897, 3.383719639945822255, -12.51008160577392481 ) ) ;
#1341 = CARTESIAN_POINT ( 'NONE',  ( -10.00639930363107766, -0.5523426948747209853, 5.699812437741784699 ) ) ;
#1342 = EDGE_CURVE ( 'NONE', #4258, #116, #2545, .T. ) ;
#1343 = ORIENTED_EDGE ( 'NONE', *, *, #3290, .T. ) ;
#1344 = CARTESIAN_POINT ( 'NONE',  ( 7.700000000000003730, -3.999999999999989786, 12.50013049999998138 ) ) ;
#1345 = ORIENTED_EDGE ( 'NONE', *, *, #3777, .F. ) ;
#1346 = CIRCLE ( 'NONE', #2239, 3.000000000000000000 ) ;
#1347 = DIRECTION ( 'NONE',  ( 1.000000000000000000, 0.000000000000000000, 0.000000000000000000 ) ) ;
#1348 = DIRECTION ( 'NONE',  ( -0.000000000000000000, -0.000000000000000000, -1.000000000000000000 ) ) ;
#1349 = CARTESIAN_POINT ( 'NONE',  ( 16.95074461272783850, 3.962192259837849839, 7.614310503403701524 ) ) ;
#1350 = ORIENTED_EDGE ( 'NONE', *, *, #5039, .F. ) ;
#1351 = ORIENTED_EDGE ( 'NONE', *, *, #2777, .T. ) ;
#1352 = VECTOR ( 'NONE', #3828, 1000.000000000000000 ) ;
#1353 = PLANE ( 'NONE',  #5043 ) ;
#1354 = DIRECTION ( 'NONE',  ( 0.000000000000000000, 0.000000000000000000, -1.000000000000000000 ) ) ;
#1355 = LINE ( 'NONE', #2556, #1682 ) ;
#1356 = AXIS2_PLACEMENT_3D ( 'NONE', #2530, #4250, #385 ) ;
#1357 = CARTESIAN_POINT ( 'NONE',  ( -4.033364818500468019, 3.099999999999989875, -12.01747346344051337 ) ) ;
#1358 = PLANE ( 'NONE',  #898 ) ;
#1359 = EDGE_LOOP ( 'NONE', ( #3484, #1763, #2289, #4261 ) ) ;
#1360 = CARTESIAN_POINT ( 'NONE',  ( 1.908195823574487804E-14, -103.1631322454748840, -11.50000000000000000 ) ) ;
#1361 = DIRECTION ( 'NONE',  ( 1.000000000000000000, 0.000000000000000000, 0.000000000000000000 ) ) ;
#1362 = ORIENTED_EDGE ( 'NONE', *, *, #1457, .T. ) ;
#1363 = CARTESIAN_POINT ( 'NONE',  ( 17.50000000000000355, -3.999999999999988898, -2.400000000000001243 ) ) ;
#1364 = EDGE_LOOP ( 'NONE', ( #2233, #5541, #4620, #2293 ) ) ;
#1365 = EDGE_CURVE ( 'NONE', #4265, #2167, #4421, .T. ) ;
#1366 = LINE ( 'NONE', #395, #264 ) ;
#1367 = PLANE ( 'NONE',  #4310 ) ;
#1368 = VERTEX_POINT ( 'NONE', #4902 ) ;
#1369 = CARTESIAN_POINT ( 'NONE',  ( 3.700000000000003730, 3.231605688536909327, -11.50000000000000000 ) ) ;
#1370 = EDGE_CURVE ( 'NONE', #5359, #570, #4253, .T. ) ;
#1371 = EDGE_CURVE ( 'NONE', #2664, #3163, #2339, .T. ) ;
#1372 = ORIENTED_EDGE ( 'NONE', *, *, #3348, .F. ) ;
#1373 = CARTESIAN_POINT ( 'NONE',  ( -7.759789908057929786, 3.099999999999989431, -12.25403177290704093 ) ) ;
#1374 = CARTESIAN_POINT ( 'NONE',  ( -4.299999999999996270, 3.255625020041635231, -11.50000000000000178 ) ) ;
#1375 = ORIENTED_EDGE ( 'NONE', *, *, #4294, .F. ) ;
#1376 = CARTESIAN_POINT ( 'NONE',  ( -17.50000000000000000, -3.099999999999989875, 4.299999999999999822 ) ) ;
#1377 = CARTESIAN_POINT ( 'NONE',  ( -7.499999999999998224, 3.428571428571419055, -11.50000000000000000 ) ) ;
#1378 = CARTESIAN_POINT ( 'NONE',  ( 10.50000000000000355, -3.099999999999989875, 8.365554737768846394 ) ) ;
#1379 = DIRECTION ( 'NONE',  ( -0.000000000000000000, 0.000000000000000000, -1.000000000000000000 ) ) ;
#1380 = DIRECTION ( 'NONE',  ( 0.000000000000000000, -1.000000000000000000, 0.000000000000000000 ) ) ;
#1381 = CARTESIAN_POINT ( 'NONE',  ( -9.288172810527147050, 1.503921296575190247, 7.599070187510500674 ) ) ;
#1382 = ORIENTED_EDGE ( 'NONE', *, *, #5024, .F. ) ;
#1383 = DIRECTION ( 'NONE',  ( -0.05704979053851309823, 0.9983713344239766307, 0.000000000000000000 ) ) ;
#1384 = FACE_OUTER_BOUND ( 'NONE', #1145, .T. ) ;
#1385 = FACE_OUTER_BOUND ( 'NONE', #5153, .T. ) ;
#1386 = ORIENTED_EDGE ( 'NONE', *, *, #5419, .T. ) ;
#1387 = PLANE ( 'NONE',  #1437 ) ;
#1388 = ORIENTED_EDGE ( 'NONE', *, *, #916, .F. ) ;
#1389 = CARTESIAN_POINT ( 'NONE',  ( 1.821459649775647449E-14, 103.1631322454748840, -11.50000000000000000 ) ) ;
#1390 = VERTEX_POINT ( 'NONE', #2305 ) ;
#1391 = CARTESIAN_POINT ( 'NONE',  ( -9.499999999999996447, 3.099999999999989875, 12.50013049999998138 ) ) ;
#1392 = EDGE_CURVE ( 'NONE', #508, #2461, #4980, .T. ) ;
#1393 = AXIS2_PLACEMENT_3D ( 'NONE', #2332, #2701, #5327 ) ;
#1394 = ORIENTED_EDGE ( 'NONE', *, *, #3673, .F. ) ;
#1395 = CARTESIAN_POINT ( 'NONE',  ( 3.700000000000003730, 3.099999999999989875, -11.99571665973680723 ) ) ;
#1396 = EDGE_CURVE ( 'NONE', #772, #3497, #605, .T. ) ;
#1397 = CARTESIAN_POINT ( 'NONE',  ( -7.499999999999998224, -3.099999999999989875, 8.160842829922490438 ) ) ;
#1398 = EDGE_CURVE ( 'NONE', #1256, #1797, #4707, .T. ) ;
#1399 = ORIENTED_EDGE ( 'NONE', *, *, #2807, .T. ) ;
#1400 = PRESENTATION_LAYER_ASSIGNMENT (  '', '', ( #38 ) ) ;
#1401 = ORIENTED_EDGE ( 'NONE', *, *, #5255, .F. ) ;
#1402 = DIRECTION ( 'NONE',  ( 1.000000000000000000, 0.000000000000000000, -0.000000000000000000 ) ) ;
#1403 = CARTESIAN_POINT ( 'NONE',  ( -7.481310370868726523, 2.343185172656678361, 8.500000000000005329 ) ) ;
#1404 = DIRECTION ( 'NONE',  ( -0.000000000000000000, -0.000000000000000000, -1.000000000000000000 ) ) ;
#1405 = EDGE_CURVE ( 'NONE', #4821, #2631, #1125, .T. ) ;
#1406 = CARTESIAN_POINT ( 'NONE',  ( 1.821459649775647449E-14, 103.1631322454748840, -12.50000000000000000 ) ) ;
#1407 = CARTESIAN_POINT ( 'NONE',  ( -1.766758069413716381, 3.099999999999989875, 7.888220480841872551 ) ) ;
#1408 = B_SPLINE_CURVE_WITH_KNOTS ( 'NONE', 3,
 ( #4700, #4672, #2194, #837 ),
 .UNSPECIFIED., .F., .F.,
 ( 4, 4 ),
 ( 1.965591021602298644E-15, 0.0007533865049344672712 ),
 .UNSPECIFIED. ) ;
#1409 = CARTESIAN_POINT ( 'NONE',  ( 17.50000000000000000, -5.204170427930421283E-15, 8.500000000000000000 ) ) ;
#1410 =( BOUNDED_CURVE ( )  B_SPLINE_CURVE ( 3, ( #3538, #1060, #5347, #4838 ),
 .UNSPECIFIED., .F., .F. ) 
 B_SPLINE_CURVE_WITH_KNOTS ( ( 4, 4 ),
 ( 0.6862422369152851864, 0.7539166912092450934 ),
 .UNSPECIFIED. ) 
 CURVE ( )  GEOMETRIC_REPRESENTATION_ITEM ( )  RATIONAL_B_SPLINE_CURVE ( ( 1.000000000000000000, 0.9996183837662970806, 0.9996183837662970806, 1.000000000000000000 ) ) 
 REPRESENTATION_ITEM ( '' )  );
#1411 = ORIENTED_EDGE ( 'NONE', *, *, #2937, .T. ) ;
#1412 = AXIS2_PLACEMENT_3D ( 'NONE', #3259, #1118, #2076 ) ;
#1413 = AXIS2_PLACEMENT_3D ( 'NONE', #2854, #4094, #1603 ) ;
#1414 = FACE_OUTER_BOUND ( 'NONE', #4244, .T. ) ;
#1415 = DIRECTION ( 'NONE',  ( 0.000000000000000000, 0.000000000000000000, 1.000000000000000000 ) ) ;
#1416 = EDGE_LOOP ( 'NONE', ( #1602, #3623, #5426, #4177 ) ) ;
#1417 = CARTESIAN_POINT ( 'NONE',  ( 8.500000000000003553, 3.485714285714275995, 7.499999999999992895 ) ) ;
#1418 = EDGE_LOOP ( 'NONE', ( #4351, #2252, #2797, #3338, #4908 ) ) ;
#1419 = AXIS2_PLACEMENT_3D ( 'NONE', #756, #2475, #1787 ) ;
#1420 = VECTOR ( 'NONE', #555, 1000.000000000000000 ) ;
#1421 = CARTESIAN_POINT ( 'NONE',  ( -6.299999999999996270, -3.359999999999990106, 7.499999999999996447 ) ) ;
#1422 = ORIENTED_EDGE ( 'NONE', *, *, #2039, .F. ) ;
#1423 = LINE ( 'NONE', #3552, #1767 ) ;
#1424 = EDGE_CURVE ( 'NONE', #4887, #1281, #189, .T. ) ;
#1425 = ORIENTED_EDGE ( 'NONE', *, *, #2414, .F. ) ;
#1426 = DIRECTION ( 'NONE',  ( -1.000000000000000000, 0.000000000000000000, 0.000000000000000000 ) ) ;
#1427 = CARTESIAN_POINT ( 'NONE',  ( -0.2999999999999964362, 3.099999999999989875, -11.85088638530112171 ) ) ;
#1428 = ORIENTED_EDGE ( 'NONE', *, *, #1678, .T. ) ;
#1429 = ORIENTED_EDGE ( 'NONE', *, *, #5184, .T. ) ;
#1430 = ADVANCED_FACE ( 'NONE', ( #4966 ), #1070, .F. ) ;
#1431 = LINE ( 'NONE', #1376, #1895 ) ;
#1432 = AXIS2_PLACEMENT_3D ( 'NONE', #2878, #4235, #283 ) ;
#1433 = LINE ( 'NONE', #37, #1596 ) ;
#1434 = CARTESIAN_POINT ( 'NONE',  ( -6.299999999999996270, -3.359999999999990106, -12.50000000000000000 ) ) ;
#1435 = CARTESIAN_POINT ( 'NONE',  ( 5.700000000000003730, -3.099999999999989875, -12.13238808413662895 ) ) ;
#1436 = CARTESIAN_POINT ( 'NONE',  ( 3.966700184696621001, 3.099999999999989875, 8.012982300943132685 ) ) ;
#1437 = AXIS2_PLACEMENT_3D ( 'NONE', #2364, #3095, #957 ) ;
#1438 = B_SPLINE_CURVE_WITH_KNOTS ( 'NONE', 3,
 ( #1993, #1906, #2852, #3616 ),
 .UNSPECIFIED., .F., .F.,
 ( 4, 4 ),
 ( 0.001712667560243630316, 0.002214630605908260181 ),
 .UNSPECIFIED. ) ;
#1439 = EDGE_LOOP ( 'NONE', ( #563, #5241, #2397, #1103 ) ) ;
#1440 = EDGE_CURVE ( 'NONE', #2967, #2973, #5413, .T. ) ;
#1441 = DIRECTION ( 'NONE',  ( 1.000000000000000000, 0.000000000000000000, 0.000000000000000000 ) ) ;
#1442 = VECTOR ( 'NONE', #4785, 1000.000000000000000 ) ;
#1443 = CARTESIAN_POINT ( 'NONE',  ( 17.04434499593164887, 3.973962571196083537, 7.500000000000000000 ) ) ;
#1444 = CARTESIAN_POINT ( 'NONE',  ( 0.5000000000000036637, -3.164382253287481461, 7.499999999999996447 ) ) ;
#1445 = CARTESIAN_POINT ( 'NONE',  ( -9.386737788622824041, -2.534753694037974014, -11.50000000000000000 ) ) ;
#1446 = EDGE_LOOP ( 'NONE', ( #5420, #1972, #2730, #4882, #1382, #5394 ) ) ;
#1447 = CARTESIAN_POINT ( 'NONE',  ( -9.329687998084311928, -3.533125028461950645, -10.59999999999999964 ) ) ;
#1448 = EDGE_LOOP ( 'NONE', ( #3984, #4440, #5010, #2587, #408, #5106 ) ) ;
#1449 = CIRCLE ( 'NONE', #3874, 1.000000000000000222 ) ;
#1450 = CARTESIAN_POINT ( 'NONE',  ( -6.836303057495274338, 3.390645888999720636, 4.300000000000001599 ) ) ;
#1451 = VERTEX_POINT ( 'NONE', #611 ) ;
#1452 = DIRECTION ( 'NONE',  ( 1.000000000000000000, 0.000000000000000000, 0.000000000000000000 ) ) ;
#1453 = DIRECTION ( 'NONE',  ( -0.000000000000000000, 0.000000000000000000, -1.000000000000000000 ) ) ;
#1454 = ORIENTED_EDGE ( 'NONE', *, *, #2429, .F. ) ;
#1455 = CARTESIAN_POINT ( 'NONE',  ( 5.700000000000003730, 3.325714410276426225, -11.50000000000000000 ) ) ;
#1456 = CARTESIAN_POINT ( 'NONE',  ( 17.50000000000000000, -3.099999999999989875, -2.400000000000001243 ) ) ;
#1457 = EDGE_CURVE ( 'NONE', #1571, #1739, #5222, .T. ) ;
#1458 = ORIENTED_EDGE ( 'NONE', *, *, #2800, .T. ) ;
#1459 = VERTEX_POINT ( 'NONE', #127 ) ;
#1460 = CARTESIAN_POINT ( 'NONE',  ( -0.2999999999999964362, -3.163582246487377958, -11.62011729282507311 ) ) ;
#1461 = CARTESIAN_POINT ( 'NONE',  ( -7.007452429110813341, 0.3955318857277899114, 8.500000000000000000 ) ) ;
#1462 = DIRECTION ( 'NONE',  ( -0.9983713344239767418, 0.05704979053851286230, -0.000000000000000000 ) ) ;
#1463 = CARTESIAN_POINT ( 'NONE',  ( 5.968487566699219649, -3.099999999999989875, 8.151089585653947367 ) ) ;
#1464 = ADVANCED_FACE ( 'NONE', ( #1501 ), #3608, .T. ) ;
#1465 = CARTESIAN_POINT ( 'NONE',  ( -9.161409443685920806, 1.601839840355001154, 7.737039311367809979 ) ) ;
#1466 = ORIENTED_EDGE ( 'NONE', *, *, #3145, .F. ) ;
#1467 = CARTESIAN_POINT ( 'NONE',  ( 4.500000000000003553, -3.099999999999989875, -12.04913639408008663 ) ) ;
#1468 = DIRECTION ( 'NONE',  ( 0.000000000000000000, 0.000000000000000000, 1.000000000000000000 ) ) ;
#1469 = PLANE ( 'NONE',  #4924 ) ;
#1470 = CARTESIAN_POINT ( 'NONE',  ( -4.299999999999994493, -3.255625020041619244, 7.499999999999996447 ) ) ;
#1471 = ADVANCED_FACE ( 'NONE', ( #1557 ), #4992, .T. ) ;
#1472 = VERTEX_POINT ( 'NONE', #3266 ) ;
#1473 = EDGE_CURVE ( 'NONE', #3699, #5515, #4874, .T. ) ;
#1474 = CARTESIAN_POINT ( 'NONE',  ( 3.966702568215314084, 3.099999999999989875, -12.01298245524685626 ) ) ;
#1475 = ORIENTED_EDGE ( 'NONE', *, *, #2574, .T. ) ;
#1476 = LINE ( 'NONE', #108, #4586 ) ;
#1477 = ORIENTED_EDGE ( 'NONE', *, *, #3070, .T. ) ;
#1478 = FACE_OUTER_BOUND ( 'NONE', #3188, .T. ) ;
#1479 = CARTESIAN_POINT ( 'NONE',  ( -5.717893271169058877, -3.099999999999989875, 8.133634535044654612 ) ) ;
#1480 = ORIENTED_EDGE ( 'NONE', *, *, #361, .T. ) ;
#1481 = CARTESIAN_POINT ( 'NONE',  ( -1.499999999999996225, -3.174382878358581461, -11.50000000000000000 ) ) ;
#1482 = DIRECTION ( 'NONE',  ( 1.000000000000000000, 0.000000000000000000, 0.000000000000000000 ) ) ;
#1483 = EDGE_LOOP ( 'NONE', ( #2593, #5389, #5586, #4200, #1646, #2715, #200, #3901, #4688, #880 ) ) ;
#1484 = ORIENTED_EDGE ( 'NONE', *, *, #4834, .T. ) ;
#1485 = AXIS2_PLACEMENT_3D ( 'NONE', #652, #157, #5298 ) ;
#1486 = CARTESIAN_POINT ( 'NONE',  ( -9.485060290502504543, 2.110922447775541055, 6.807467962675445072 ) ) ;
#1487 = ORIENTED_EDGE ( 'NONE', *, *, #4143, .F. ) ;
#1488 = CARTESIAN_POINT ( 'NONE',  ( -10.00900258813112309, 0.3801294105058743988, 5.684553030984771382 ) ) ;
#1489 = FACE_OUTER_BOUND ( 'NONE', #1076, .T. ) ;
#1490 = CIRCLE ( 'NONE', #1941, 100.0000000000000000 ) ;
#1491 = CARTESIAN_POINT ( 'NONE',  ( -9.386737788622829370, 2.534753694037974014, -10.59999999999999964 ) ) ;
#1492 = DIRECTION ( 'NONE',  ( -1.000000000000000000, 0.000000000000000000, 0.000000000000000000 ) ) ;
#1493 = ORIENTED_EDGE ( 'NONE', *, *, #2872, .F. ) ;
#1494 = DIRECTION ( 'NONE',  ( 0.000000000000000000, 0.000000000000000000, -1.000000000000000000 ) ) ;
#1495 = VECTOR ( 'NONE', #39, 999.9999999999998863 ) ;
#1496 = ADVANCED_FACE ( 'NONE', ( #1242 ), #331, .T. ) ;
#1497 = CARTESIAN_POINT ( 'NONE',  ( 6.243746235811389766, 2.355154176734463700, -11.50000000000000000 ) ) ;
#1498 = CARTESIAN_POINT ( 'NONE',  ( -10.00000000000000178, -4.898587196589413026E-15, 5.500000000000000888 ) ) ;
#1499 = CARTESIAN_POINT ( 'NONE',  ( -10.29999999999999716, 3.588571428571418309, -12.50000000000000000 ) ) ;
#1500 = AXIS2_PLACEMENT_3D ( 'NONE', #49, #3093, #5271 ) ;
#1501 = FACE_OUTER_BOUND ( 'NONE', #30, .T. ) ;
#1502 = CARTESIAN_POINT ( 'NONE',  ( -4.299999999999996270, 3.099999999999989875, 8.035526066799992151 ) ) ;
#1503 = VECTOR ( 'NONE', #145, 1000.000000000000000 ) ;
#1504 = ORIENTED_EDGE ( 'NONE', *, *, #1473, .F. ) ;
#1505 = CIRCLE ( 'NONE', #228, 1.000000000000000888 ) ;
#1506 = CARTESIAN_POINT ( 'NONE',  ( -17.50000000000000000, -4.898587196589413026E-15, -12.50000000000000000 ) ) ;
#1507 = EDGE_CURVE ( 'NONE', #3215, #3156, #4603, .T. ) ;
#1508 = ORIENTED_EDGE ( 'NONE', *, *, #4176, .F. ) ;
#1509 = CARTESIAN_POINT ( 'NONE',  ( -1.499999999999996225, -3.099999999999989875, 12.50013049999998138 ) ) ;
#1510 = CIRCLE ( 'NONE', #4647, 0.9999999999999991118 ) ;
#1511 = AXIS2_PLACEMENT_3D ( 'NONE', #2632, #914, #1347 ) ;
#1512 = EDGE_CURVE ( 'NONE', #2506, #4541, #4824, .T. ) ;
#1513 = EDGE_CURVE ( 'NONE', #1785, #4833, #2469, .T. ) ;
#1514 = DIRECTION ( 'NONE',  ( -0.05704979053851309823, 0.9983713344239766307, 0.000000000000000000 ) ) ;
#1515 = DIRECTION ( 'NONE',  ( 0.000000000000000000, 0.000000000000000000, -1.000000000000000000 ) ) ;
#1516 = ORIENTED_EDGE ( 'NONE', *, *, #2974, .F. ) ;
#1517 = CARTESIAN_POINT ( 'NONE',  ( -7.405459357413312738, -3.369013092162968626, 7.500000000000000888 ) ) ;
#1518 = CARTESIAN_POINT ( 'NONE',  ( 0.5000000000000038858, -3.099999999999989875, 12.50013049999998138 ) ) ;
#1519 = B_SPLINE_CURVE_WITH_KNOTS ( 'NONE', 3,
 ( #2316, #3619, #2374, #1140 ),
 .UNSPECIFIED., .F., .F.,
 ( 4, 4 ),
 ( 0.001253864388975915647, 0.001678026921927374933 ),
 .UNSPECIFIED. ) ;
#1520 = EDGE_LOOP ( 'NONE', ( #4268, #1164, #2052, #3550 ) ) ;
#1521 = CARTESIAN_POINT ( 'NONE',  ( -9.980144405469143720, 0.8214126199187098409, 5.897596735549852198 ) ) ;
#1522 = CARTESIAN_POINT ( 'NONE',  ( -7.272790381312479013, -2.377852690017909332, 7.500000000000000888 ) ) ;
#1523 = CARTESIAN_POINT ( 'NONE',  ( -9.499999999999996447, -3.999999999999989786, 12.50013049999998138 ) ) ;
#1524 = DIRECTION ( 'NONE',  ( 0.9983713344239767418, -0.05704979053851286230, 0.000000000000000000 ) ) ;
#1525 = CARTESIAN_POINT ( 'NONE',  ( -7.856181060717847942, -3.281750942857450504, 7.482358124455064541 ) ) ;
#1526 = ORIENTED_EDGE ( 'NONE', *, *, #3866, .T. ) ;
#1527 = DIRECTION ( 'NONE',  ( 0.000000000000000000, -0.000000000000000000, -1.000000000000000000 ) ) ;
#1528 = CARTESIAN_POINT ( 'NONE',  ( 1.821459649775647449E-14, 103.1631322454748840, 8.500000000000000000 ) ) ;
#1529 = PLANE ( 'NONE',  #2488 ) ;
#1530 = CIRCLE ( 'NONE', #3408, 2.000000000000000000 ) ;
#1531 = DIRECTION ( 'NONE',  ( 0.000000000000000000, 0.000000000000000000, 1.000000000000000000 ) ) ;
#1532 = DIRECTION ( 'NONE',  ( 0.000000000000000000, -1.000000000000000000, 0.000000000000000000 ) ) ;
#1533 = EDGE_CURVE ( 'NONE', #5146, #1776, #273, .T. ) ;
#1534 = ORIENTED_EDGE ( 'NONE', *, *, #544, .T. ) ;
#1535 = DIRECTION ( 'NONE',  ( 0.000000000000000000, 0.000000000000000000, 1.000000000000000000 ) ) ;
#1536 = VERTEX_POINT ( 'NONE', #1210 ) ;
#1537 = CARTESIAN_POINT ( 'NONE',  ( -17.50000000000000355, -3.999999999999989786, -10.59999999999999964 ) ) ;
#1538 = VERTEX_POINT ( 'NONE', #5437 ) ;
#1539 = AXIS2_PLACEMENT_3D ( 'NONE', #2805, #655, #233 ) ;
#1540 = EDGE_CURVE ( 'NONE', #5286, #4156, #299, .T. ) ;
#1541 = FACE_OUTER_BOUND ( 'NONE', #2059, .T. ) ;
#1542 = DIRECTION ( 'NONE',  ( -0.000000000000000000, -0.000000000000000000, 1.000000000000000000 ) ) ;
#1543 = EDGE_LOOP ( 'NONE', ( #2202, #2392, #3842, #1569 ) ) ;
#1544 = CARTESIAN_POINT ( 'NONE',  ( 0.5000000000000038858, -3.099999999999989875, 12.50013049999998138 ) ) ;
#1545 = DIRECTION ( 'NONE',  ( -0.9983713344239767418, -0.05704979053851286230, 0.000000000000000000 ) ) ;
#1546 = ADVANCED_FACE ( 'NONE', ( #1585 ), #4921, .T. ) ;
#1547 = EDGE_CURVE ( 'NONE', #3785, #958, #4741, .T. ) ;
#1548 = ORIENTED_EDGE ( 'NONE', *, *, #4777, .T. ) ;
#1549 = ORIENTED_EDGE ( 'NONE', *, *, #3736, .F. ) ;
#1550 = CARTESIAN_POINT ( 'NONE',  ( -5.704979053851269910, 3.325998803077205412, 7.500000000000000000 ) ) ;
#1551 = CARTESIAN_POINT ( 'NONE',  ( 0.5000000000000038858, 3.099999999999989875, 7.853012644342948434 ) ) ;
#1552 = CARTESIAN_POINT ( 'NONE',  ( -8.525975802898381417, -3.001020006322042022, 8.307536769639918717 ) ) ;
#1553 = VERTEX_POINT ( 'NONE', #3827 ) ;
#1554 = DIRECTION ( 'NONE',  ( -0.000000000000000000, -0.000000000000000000, 1.000000000000000000 ) ) ;
#1555 = DIRECTION ( 'NONE',  ( 1.000000000000000000, 0.000000000000000000, 0.000000000000000000 ) ) ;
#1556 = DIRECTION ( 'NONE',  ( -0.05704979053851309823, -0.9983713344239766307, 0.000000000000000000 ) ) ;
#1557 = FACE_OUTER_BOUND ( 'NONE', #4481, .T. ) ;
#1558 = CARTESIAN_POINT ( 'NONE',  ( 10.21165997501151601, 3.099999999999989875, -8.500000000000000000 ) ) ;
#1559 = ORIENTED_EDGE ( 'NONE', *, *, #4453, .F. ) ;
#1560 = PLANE ( 'NONE',  #941 ) ;
#1561 =( BOUNDED_CURVE ( )  B_SPLINE_CURVE ( 3, ( #1815, #3520, #1732, #877 ),
 .UNSPECIFIED., .F., .F. ) 
 B_SPLINE_CURVE_WITH_KNOTS ( ( 4, 4 ),
 ( 3.141592653589793116, 3.975531810126111232 ),
 .UNSPECIFIED. ) 
 CURVE ( )  GEOMETRIC_REPRESENTATION_ITEM ( )  RATIONAL_B_SPLINE_CURVE ( ( 1.000000000000000000, 0.9428802879376982915, 0.9428802879376982915, 1.000000000000000000 ) ) 
 REPRESENTATION_ITEM ( '' )  );
#1562 = ORIENTED_EDGE ( 'NONE', *, *, #456, .T. ) ;
#1563 = CARTESIAN_POINT ( 'NONE',  ( -7.499999999999998224, 3.099999999999989875, -12.24058408028005651 ) ) ;
#1564 = EDGE_LOOP ( 'NONE', ( #2559, #1559, #5144, #2660 ) ) ;
#1565 = AXIS2_PLACEMENT_3D ( 'NONE', #160, #5387, #4114 ) ;
#1566 = DIRECTION ( 'NONE',  ( 0.000000000000000000, -1.000000000000000000, 0.000000000000000000 ) ) ;
#1567 = CARTESIAN_POINT ( 'NONE',  ( -6.836303057495274338, -3.390645888999720636, -12.50000000000000000 ) ) ;
#1568 = ADVANCED_FACE ( 'NONE', ( #4164 ), #3802, .T. ) ;
#1569 = ORIENTED_EDGE ( 'NONE', *, *, #2531, .F. ) ;
#1570 = CARTESIAN_POINT ( 'NONE',  ( -6.299999999999996270, 3.099999999999989875, 12.50013049999998138 ) ) ;
#1571 = VERTEX_POINT ( 'NONE', #5468 ) ;
#1572 = EDGE_CURVE ( 'NONE', #3518, #1776, #5276, .T. ) ;
#1573 = EDGE_CURVE ( 'NONE', #2569, #3758, #3323, .T. ) ;
#1574 = EDGE_LOOP ( 'NONE', ( #942, #3425, #4397, #597, #2769, #5080, #1723, #1863, #4756, #5252, #1411, #1012, #415, #1871, #2953, #4380, #1883, #1880, #2036, #4434, #2115, #3764, #3835, #3530, #2175, #4905, #2486, #907 ) ) ;
#1575 = CARTESIAN_POINT ( 'NONE',  ( -8.612208181519235950, 1.938703802465808756, 8.159494249399367405 ) ) ;
#1576 = CARTESIAN_POINT ( 'NONE',  ( 5.700000000000003730, 3.099999999999989875, -12.13238808413661118 ) ) ;
#1577 = CARTESIAN_POINT ( 'NONE',  ( -6.299999999999996270, 3.359999999999990106, -11.50000000000000000 ) ) ;
#1578 = CARTESIAN_POINT ( 'NONE',  ( -8.735114068279608901, -2.850355461754082498, 7.266414698768606684 ) ) ;
#1579 = ORIENTED_EDGE ( 'NONE', *, *, #4249, .T. ) ;
#1580 = CARTESIAN_POINT ( 'NONE',  ( -4.299999999999996270, -3.999999999999989786, 12.50013049999998138 ) ) ;
#1581 = EDGE_CURVE ( 'NONE', #3959, #3791, #5373, .T. ) ;
#1582 = CARTESIAN_POINT ( 'NONE',  ( 8.284310386792904879, -3.473389164959382658, -12.13535638756748192 ) ) ;
#1583 = VECTOR ( 'NONE', #4379, 1000.000000000000000 ) ;
#1584 = APPLICATION_PROTOCOL_DEFINITION ( 'draft international standard', 'automotive_design', 1998, #3811 ) ;
#1585 = FACE_OUTER_BOUND ( 'NONE', #2742, .T. ) ;
#1586 = CYLINDRICAL_SURFACE ( 'NONE', #1628, 1.000000000000000888 ) ;
#1587 = ORIENTED_EDGE ( 'NONE', *, *, #2286, .F. ) ;
#1588 = CIRCLE ( 'NONE', #3740, 7.500000000000000000 ) ;
#1589 = FACE_OUTER_BOUND ( 'NONE', #1606, .T. ) ;
#1590 = B_SPLINE_CURVE_WITH_KNOTS ( 'NONE', 3,
 ( #4022, #4928, #1891, #974 ),
 .UNSPECIFIED., .F., .F.,
 ( 4, 4 ),
 ( 0.001281095578361904266, 0.002081788741086602890 ),
 .UNSPECIFIED. ) ;
#1591 = TOROIDAL_SURFACE ( 'NONE', #1316, 8.500000000000000000, 1.000000000000000000 ) ;
#1592 = CARTESIAN_POINT ( 'NONE',  ( -7.405459357413313626, 3.369013092162968626, 7.500000000000000888 ) ) ;
#1593 = VECTOR ( 'NONE', #4759, 1000.000000000000000 ) ;
#1594 = CYLINDRICAL_SURFACE ( 'NONE', #2033, 100.0000000000000000 ) ;
#1595 = ORIENTED_EDGE ( 'NONE', *, *, #345, .F. ) ;
#1596 = VECTOR ( 'NONE', #3990, 999.9999999999998863 ) ;
#1597 = VERTEX_POINT ( 'NONE', #2951 ) ;
#1598 =( BOUNDED_CURVE ( )  B_SPLINE_CURVE ( 3, ( #5319, #1831, #2218, #3166 ),
 .UNSPECIFIED., .F., .F. ) 
 B_SPLINE_CURVE_WITH_KNOTS ( ( 4, 4 ),
 ( 3.141592653589786455, 3.990832896056658363 ),
 .UNSPECIFIED. ) 
 CURVE ( )  GEOMETRIC_REPRESENTATION_ITEM ( )  RATIONAL_B_SPLINE_CURVE ( ( 1.000000000000000000, 0.9407968660834878927, 0.9407968660834878927, 1.000000000000000000 ) ) 
 REPRESENTATION_ITEM ( '' )  );
#1599 = CARTESIAN_POINT ( 'NONE',  ( 0.5000000000000038858, 3.099999999999989875, 12.50013049999998138 ) ) ;
#1600 = CARTESIAN_POINT ( 'NONE',  ( -2.299999999999995826, 3.189585744412914980, 7.499999999999996447 ) ) ;
#1601 = VECTOR ( 'NONE', #517, 1000.000000000000000 ) ;
#1602 = ORIENTED_EDGE ( 'NONE', *, *, #5147, .F. ) ;
#1603 = DIRECTION ( 'NONE',  ( -0.05704979053851309823, -0.9983713344239766307, 0.000000000000000000 ) ) ;
#1604 = AXIS2_PLACEMENT_3D ( 'NONE', #434, #2942, #1717 ) ;
#1605 = EDGE_CURVE ( 'NONE', #229, #57, #3023, .T. ) ;
#1606 = EDGE_LOOP ( 'NONE', ( #1700, #3054, #1579, #2280 ) ) ;
#1607 = AXIS2_PLACEMENT_3D ( 'NONE', #845, #391, #366 ) ;
#1608 = ORIENTED_EDGE ( 'NONE', *, *, #75, .F. ) ;
#1609 = LINE ( 'NONE', #5378, #3227 ) ;
#1610 = CARTESIAN_POINT ( 'NONE',  ( -5.717893271169966596, 3.099999999999989875, -12.13363453504173606 ) ) ;
#1611 = CARTESIAN_POINT ( 'NONE',  ( 17.04434499593164887, 3.973962571196083537, 7.500000000000000000 ) ) ;
#1612 = CARTESIAN_POINT ( 'NONE',  ( -7.272790381312479013, -2.377852690017908888, 8.500000000000000000 ) ) ;
#1613 = EDGE_CURVE ( 'NONE', #533, #5403, #502, .T. ) ;
#1614 = EDGE_LOOP ( 'NONE', ( #5050, #1659, #3948, #2747, #3465, #718 ) ) ;
#1615 = DIRECTION ( 'NONE',  ( -0.000000000000000000, -0.000000000000000000, -1.000000000000000000 ) ) ;
#1616 = FACE_OUTER_BOUND ( 'NONE', #463, .T. ) ;
#1617 = CARTESIAN_POINT ( 'NONE',  ( 1.966755976299537911, 3.099999999999989875, -11.89699315203476715 ) ) ;
#1618 = DIRECTION ( 'NONE',  ( 0.000000000000000000, 0.000000000000000000, 1.000000000000000000 ) ) ;
#1619 = EDGE_CURVE ( 'NONE', #5247, #3358, #359, .T. ) ;
#1620 = EDGE_CURVE ( 'NONE', #1390, #795, #3775, .T. ) ;
#1621 = ORIENTED_EDGE ( 'NONE', *, *, #1473, .T. ) ;
#1622 = DIRECTION ( 'NONE',  ( -1.000000000000000000, 0.000000000000000000, 0.000000000000000000 ) ) ;
#1623 = AXIS2_PLACEMENT_3D ( 'NONE', #476, #1822, #3502 ) ;
#1624 = DIRECTION ( 'NONE',  ( 0.05704979053851286230, -0.9983713344239766307, 0.000000000000000000 ) ) ;
#1625 = DIRECTION ( 'NONE',  ( 1.000000000000000000, 0.000000000000000000, 0.000000000000000000 ) ) ;
#1626 = ORIENTED_EDGE ( 'NONE', *, *, #2261, .T. ) ;
#1627 = ORIENTED_EDGE ( 'NONE', *, *, #4182, .T. ) ;
#1628 = AXIS2_PLACEMENT_3D ( 'NONE', #3670, #5414, #702 ) ;
#1629 = B_SPLINE_CURVE_WITH_KNOTS ( 'NONE', 3,
 ( #1186, #1131, #2846, #5077 ),
 .UNSPECIFIED., .F., .F.,
 ( 4, 4 ),
 ( 0.001803905023356249405, 0.002467595375864320081 ),
 .UNSPECIFIED. ) ;
#1630 = DIRECTION ( 'NONE',  ( 0.000000000000000000, -1.000000000000000000, 0.000000000000000000 ) ) ;
#1631 = VERTEX_POINT ( 'NONE', #1275 ) ;
#1632 = VECTOR ( 'NONE', #1176, 999.9999999999998863 ) ;
#1633 = LINE ( 'NONE', #4297, #4467 ) ;
#1634 = EDGE_LOOP ( 'NONE', ( #2992, #3312, #4783, #3388 ) ) ;
#1635 = ORIENTED_EDGE ( 'NONE', *, *, #5431, .T. ) ;
#1636 = EDGE_CURVE ( 'NONE', #2967, #486, #2757, .T. ) ;
#1637 = CARTESIAN_POINT ( 'NONE',  ( -3.499999999999996003, -3.099999999999989875, -11.98290071710021643 ) ) ;
#1638 = CARTESIAN_POINT ( 'NONE',  ( 9.700000000000004619, 3.099999999999989875, 8.337489012056277460 ) ) ;
#1639 = FACE_OUTER_BOUND ( 'NONE', #2189, .T. ) ;
#1640 = ORIENTED_EDGE ( 'NONE', *, *, #4143, .T. ) ;
#1641 = CARTESIAN_POINT ( 'NONE',  ( 10.50000000000000355, -3.099999999999989875, 12.50013049999998138 ) ) ;
#1642 = CARTESIAN_POINT ( 'NONE',  ( 7.515045546600605419, -3.429431174091453371, -11.22125778578397970 ) ) ;
#1643 = EDGE_CURVE ( 'NONE', #2092, #4217, #5459, .T. ) ;
#1644 = DIRECTION ( 'NONE',  ( 0.000000000000000000, 0.000000000000000000, -1.000000000000000000 ) ) ;
#1645 = LINE ( 'NONE', #1979, #2961 ) ;
#1646 = ORIENTED_EDGE ( 'NONE', *, *, #456, .F. ) ;
#1647 = CARTESIAN_POINT ( 'NONE',  ( -8.299999999999998934, -3.474285714285704429, -11.50000000000000000 ) ) ;
#1648 = EDGE_CURVE ( 'NONE', #2680, #3492, #3253, .T. ) ;
#1649 = CARTESIAN_POINT ( 'NONE',  ( 7.700000000000003730, -3.440000000000035030, -11.43431973673939517 ) ) ;
#1650 = EDGE_CURVE ( 'NONE', #3242, #3043, #5579, .T. ) ;
#1651 = DIRECTION ( 'NONE',  ( 0.000000000000000000, -0.000000000000000000, 1.000000000000000000 ) ) ;
#1652 = ORIENTED_EDGE ( 'NONE', *, *, #4324, .F. ) ;
#1653 = ORIENTED_EDGE ( 'NONE', *, *, #3424, .F. ) ;
#1654 = CARTESIAN_POINT ( 'NONE',  ( 5.717893271170004788, -3.099999999999989875, 8.133634535041746716 ) ) ;
#1655 = CARTESIAN_POINT ( 'NONE',  ( 6.500000000000004441, -3.099999999999989875, 12.50013049999998138 ) ) ;
#1656 = CARTESIAN_POINT ( 'NONE',  ( -10.00532316365058172, 0.2825227755198485569, 4.299999999999999822 ) ) ;
#1657 = ORIENTED_EDGE ( 'NONE', *, *, #2937, .F. ) ;
#1658 = CARTESIAN_POINT ( 'NONE',  ( 1.700000000000003508, -3.151135463777103851, 7.764041615518967987 ) ) ;
#1659 = ORIENTED_EDGE ( 'NONE', *, *, #5154, .F. ) ;
#1660 = ORIENTED_EDGE ( 'NONE', *, *, #3900, .T. ) ;
#1661 = CARTESIAN_POINT ( 'NONE',  ( 9.784455546556900529, -2.266586199743680918, -10.52670574066043585 ) ) ;
#1662 = DIRECTION ( 'NONE',  ( 1.000000000000000000, 0.000000000000000000, 0.000000000000000000 ) ) ;
#1663 = DIRECTION ( 'NONE',  ( 0.000000000000000000, -0.000000000000000000, -1.000000000000000000 ) ) ;
#1664 = EDGE_LOOP ( 'NONE', ( #2856, #2989, #1516, #1394, #2543, #2308, #5206, #106, #1493, #1308, #1843, #4999, #4639, #791, #1549, #3562, #1733, #481, #4666, #600, #3737, #3451, #885, #2257, #3212, #1161, #4602, #3134 ) ) ;
#1665 = DIRECTION ( 'NONE',  ( 0.000000000000000000, 0.000000000000000000, -1.000000000000000000 ) ) ;
#1666 = PLANE ( 'NONE',  #2215 ) ;
#1667 = CARTESIAN_POINT ( 'NONE',  ( 1.700000000000003508, 3.099999999999989875, 12.50013049999998138 ) ) ;
#1668 = CARTESIAN_POINT ( 'NONE',  ( -2.299999999999996270, -3.189585744412910984, -11.64339112263754217 ) ) ;
#1669 = ORIENTED_EDGE ( 'NONE', *, *, #1085, .T. ) ;
#1670 = EDGE_CURVE ( 'NONE', #1910, #5562, #870, .T. ) ;
#1671 = AXIS2_PLACEMENT_3D ( 'NONE', #572, #3634, #213 ) ;
#1672 = CARTESIAN_POINT ( 'NONE',  ( -8.299999999999998934, -3.099999999999989875, -12.27956295922592211 ) ) ;
#1673 = CARTESIAN_POINT ( 'NONE',  ( -9.499999999999996447, 3.528318826011693332, -11.50000000000000000 ) ) ;
#1674 = CARTESIAN_POINT ( 'NONE',  ( 3.700000000000003730, -3.099999999999989875, 7.995716659746413768 ) ) ;
#1675 = VERTEX_POINT ( 'NONE', #924 ) ;
#1676 = VECTOR ( 'NONE', #1044, 1000.000000000000000 ) ;
#1677 = EDGE_LOOP ( 'NONE', ( #142, #3327, #3817, #934 ) ) ;
#1678 = EDGE_CURVE ( 'NONE', #5525, #4070, #3941, .T. ) ;
#1679 = CARTESIAN_POINT ( 'NONE',  ( -9.499999999999996447, -3.099999999999989875, -12.31710971421850509 ) ) ;
#1680 = LINE ( 'NONE', #2430, #3387 ) ;
#1681 = CARTESIAN_POINT ( 'NONE',  ( 1.700000000000003508, 3.099999999999989875, 7.886169321447616731 ) ) ;
#1682 = VECTOR ( 'NONE', #1298, 1000.000000000000000 ) ;
#1683 = ORIENTED_EDGE ( 'NONE', *, *, #5256, .T. ) ;
#1684 = CARTESIAN_POINT ( 'NONE',  ( 7.700000000000004619, 3.439999999999990177, -11.12311728521710208 ) ) ;
#1685 = EDGE_CURVE ( 'NONE', #508, #3468, #1834, .T. ) ;
#1686 = ADVANCED_FACE ( 'NONE', ( #1752 ), #2591, .T. ) ;
#1687 = ORIENTED_EDGE ( 'NONE', *, *, #1262, .T. ) ;
#1688 = VECTOR ( 'NONE', #3992, 1000.000000000000000 ) ;
#1689 = VERTEX_POINT ( 'NONE', #70 ) ;
#1690 = DIRECTION ( 'NONE',  ( -1.000000000000000000, 0.000000000000000000, 0.000000000000000000 ) ) ;
#1691 = CARTESIAN_POINT ( 'NONE',  ( -5.499999999999994671, 3.314496801619173816, 7.499999999999996447 ) ) ;
#1692 = DIRECTION ( 'NONE',  ( 0.000000000000000000, 0.000000000000000000, 1.000000000000000000 ) ) ;
#1693 = CIRCLE ( 'NONE', #1413, 1.000000000000000222 ) ;
#1694 = ORIENTED_EDGE ( 'NONE', *, *, #2866, .F. ) ;
#1695 = CARTESIAN_POINT ( 'NONE',  ( 9.252607232774330726, -3.528720413301381420, -9.250256469407208471 ) ) ;
#1696 = CARTESIAN_POINT ( 'NONE',  ( -8.299999999999998934, 3.099999999999989875, 7.474302974772759178 ) ) ;
#1697 = CARTESIAN_POINT ( 'NONE',  ( -3.499999999999996003, 3.099999999999989875, 7.982900717100227084 ) ) ;
#1698 = DIRECTION ( 'NONE',  ( -0.000000000000000000, -0.000000000000000000, -1.000000000000000000 ) ) ;
#1699 = CYLINDRICAL_SURFACE ( 'NONE', #5131, 7.500000000000000000 ) ;
#1700 = ORIENTED_EDGE ( 'NONE', *, *, #5465, .T. ) ;
#1701 = CARTESIAN_POINT ( 'NONE',  ( -0.2999999999999964362, 3.142030247193114079, -11.73871986520487454 ) ) ;
#1702 = DIRECTION ( 'NONE',  ( -1.000000000000000000, 0.000000000000000000, 0.000000000000000000 ) ) ;
#1703 = DIRECTION ( 'NONE',  ( -1.000000000000000000, 0.000000000000000000, 0.000000000000000000 ) ) ;
#1704 = EDGE_LOOP ( 'NONE', ( #2935, #2882, #2489, #2941, #1249, #1713 ) ) ;
#1705 = CARTESIAN_POINT ( 'NONE',  ( 9.329687997899481999, -3.533125028451388872, -8.698978523534025342 ) ) ;
#1706 = ORIENTED_EDGE ( 'NONE', *, *, #3487, .F. ) ;
#1707 = CARTESIAN_POINT ( 'NONE',  ( 6.499999999974297893, -3.371428571427093068, -11.48468986539055692 ) ) ;
#1708 = AXIS2_PLACEMENT_3D ( 'NONE', #3247, #171, #4515 ) ;
#1709 = CARTESIAN_POINT ( 'NONE',  ( -21.50000000000000000, -4.898587196589413026E-15, 4.299999999999999822 ) ) ;
#1710 = VERTEX_POINT ( 'NONE', #1810 ) ;
#1711 = CARTESIAN_POINT ( 'NONE',  ( 1.700000000000003508, -3.177583289638266528, 7.633010732736588366 ) ) ;
#1712 = EDGE_CURVE ( 'NONE', #3261, #85, #564, .T. ) ;
#1713 = ORIENTED_EDGE ( 'NONE', *, *, #987, .T. ) ;
#1714 = B_SPLINE_CURVE_WITH_KNOTS ( 'NONE', 3,
 ( #4677, #1701, #815, #2534 ),
 .UNSPECIFIED., .F., .F.,
 ( 4, 4 ),
 ( 0.001295513692431264109, 0.001652251505797256055 ),
 .UNSPECIFIED. ) ;
#1715 = AXIS2_PLACEMENT_3D ( 'NONE', #1409, #976, #4579 ) ;
#1716 = ORIENTED_EDGE ( 'NONE', *, *, #4803, .F. ) ;
#1717 = DIRECTION ( 'NONE',  ( -0.000000000000000000, 0.000000000000000000, -1.000000000000000000 ) ) ;
#1718 = EDGE_CURVE ( 'NONE', #5029, #1985, #699, .T. ) ;
#1719 = CARTESIAN_POINT ( 'NONE',  ( 10.20709607233970928, 2.244292040355777562, -9.546758723650620837 ) ) ;
#1720 = ADVANCED_FACE ( 'NONE', ( #4359 ), #442, .F. ) ;
#1721 = CARTESIAN_POINT ( 'NONE',  ( -3.499999999999996003, -3.224401014785339026, 7.668624411391565587 ) ) ;
#1722 = AXIS2_PLACEMENT_3D ( 'NONE', #1389, #3214, #4482 ) ;
#1723 = ORIENTED_EDGE ( 'NONE', *, *, #4805, .T. ) ;
#1724 = DIRECTION ( 'NONE',  ( 0.000000000000000000, 0.000000000000000000, -1.000000000000000000 ) ) ;
#1725 = LINE ( 'NONE', #896, #412 ) ;
#1726 = DIRECTION ( 'NONE',  ( 0.000000000000000000, 0.000000000000000000, 1.000000000000000000 ) ) ;
#1727 = CARTESIAN_POINT ( 'NONE',  ( -7.007452429110813341, 0.3955318857277899114, 4.299999999999999822 ) ) ;
#1728 = CARTESIAN_POINT ( 'NONE',  ( -4.299999999999996270, 3.099999999999989875, 8.035526066799992151 ) ) ;
#1729 = EDGE_LOOP ( 'NONE', ( #288, #2893, #4719, #4823 ) ) ;
#1730 = CARTESIAN_POINT ( 'NONE',  ( 5.704979053851306325, -3.325998803077208077, 7.500000000000000000 ) ) ;
#1731 = CARTESIAN_POINT ( 'NONE',  ( 5.717893271170003011, 3.099999999999989875, 8.133634535041737834 ) ) ;
#1732 = CARTESIAN_POINT ( 'NONE',  ( -7.499999999999996447, 3.312412663853403938, -12.04816685317782010 ) ) ;
#1733 = ORIENTED_EDGE ( 'NONE', *, *, #2459, .F. ) ;
#1734 = CARTESIAN_POINT ( 'NONE',  ( 7.321275331264652131, 3.418358590357970517, -11.30111517040955604 ) ) ;
#1735 = ORIENTED_EDGE ( 'NONE', *, *, #1370, .F. ) ;
#1736 = CARTESIAN_POINT ( 'NONE',  ( 6.979902982551939417, 3.398851599002958856, -11.40719708660285292 ) ) ;
#1737 = VERTEX_POINT ( 'NONE', #492 ) ;
#1738 = CARTESIAN_POINT ( 'NONE',  ( -7.481310370868724746, -2.343185172656678361, 8.500000000000003553 ) ) ;
#1739 = VERTEX_POINT ( 'NONE', #2171 ) ;
#1740 = EDGE_CURVE ( 'NONE', #1813, #3090, #2670, .T. ) ;
#1741 =( BOUNDED_SURFACE ( )  B_SPLINE_SURFACE ( 3, 2, ( 
 ( #4685, #1284, #4773 ),
 ( #2119, #1819, #2203 ),
 ( #4262, #3525, #3924 ),
 ( #3839, #5560, #3417 ),
 ( #2234, #2652, #424 ),
 ( #3500, #5248, #452 ),
 ( #1761, #3472, #908 ),
 ( #3072, #4369, #821 ),
 ( #504, #1309, #2178 ),
 ( #2990, #2626, #3896 ),
 ( #5142, #4713, #851 ),
 ( #3444, #2570, #25 ),
 ( #4292, #5198, #2151 ),
 ( #4744, #3871, #5224 ),
 ( #4796, #1, #1736 ),
 ( #5168, #1340, #3016 ),
 ( #3044, #4343, #55 ),
 ( #2768, #3182, #1013 ) ),
 .UNSPECIFIED., .F., .F., .T. ) 
 B_SPLINE_SURFACE_WITH_KNOTS ( ( 4, 2, 2, 2, 2, 2, 2, 2, 4 ),
 ( 3, 3 ),
 ( 0.009876371618585495435, 0.01047643605536336536, 0.01107650049214123356, 0.01167656492891910175, 0.01227662936569696994, 0.01287669380247483814, 0.01347675823925270806, 0.01407682267603057799, 0.01467688711280844618 ),
 ( 0.000000000000000000, 1.000000000000000000 ),
 .UNSPECIFIED. ) 
 GEOMETRIC_REPRESENTATION_ITEM ( )  RATIONAL_B_SPLINE_SURFACE ( (
 ( 1.000000000000000000, 0.5691332244688923625, 1.000000000000000000),
 ( 1.000000000000000000, 0.5691335516329053545, 1.000000000000000000),
 ( 1.000000000000000000, 0.5705703240750872318, 1.000000000000000000),
 ( 1.000000000000000000, 0.5760061159717471124, 1.000000000000000000),
 ( 1.000000000000000000, 0.5800725127916349644, 1.000000000000000000),
 ( 1.000000000000000000, 0.5900445017090077959, 1.000000000000000000),
 ( 1.000000000000000000, 0.5959302053659569776, 1.000000000000000000),
 ( 1.000000000000000000, 0.6089751951399904328, 1.000000000000000000),
 ( 1.000000000000000000, 0.6160788913601183969, 1.000000000000000000),
 ( 1.000000000000000000, 0.6305661662542351165, 1.000000000000000000),
 ( 1.000000000000000000, 0.6380629713880272558, 1.000000000000000000),
 ( 1.000000000000000000, 0.6530007818477965298, 1.000000000000000000),
 ( 1.000000000000000000, 0.6603258775049063445, 1.000000000000000000),
 ( 1.000000000000000000, 0.6746138229270144393, 1.000000000000000000),
 ( 1.000000000000000000, 0.6816442361033973052, 1.000000000000000000),
 ( 1.000000000000000000, 0.6949033265946954474, 1.000000000000000000),
 ( 1.000000000000000000, 0.7011619499687815615, 1.000000000000000000),
 ( 1.000000000000000000, 0.7071067811865523467, 1.000000000000000000) ) ) 
 REPRESENTATION_ITEM ( '' )  SURFACE ( )  );
#1742 = EDGE_LOOP ( 'NONE', ( #1952, #3884, #5340, #614 ) ) ;
#1743 = CARTESIAN_POINT ( 'NONE',  ( 8.930481520800761075, -2.302341078830707932, -11.52797182095877915 ) ) ;
#1744 = FACE_OUTER_BOUND ( 'NONE', #2264, .T. ) ;
#1745 = CARTESIAN_POINT ( 'NONE',  ( -3.499999999999996003, 3.224401014785346131, 7.668624411391992801 ) ) ;
#1746 = ORIENTED_EDGE ( 'NONE', *, *, #4669, .T. ) ;
#1747 = EDGE_CURVE ( 'NONE', #53, #4652, #18, .T. ) ;
#1748 =( NAMED_UNIT ( * ) SI_UNIT ( $, .STERADIAN. ) SOLID_ANGLE_UNIT ( ) );
#1749 = EDGE_CURVE ( 'NONE', #878, #1459, #1328, .T. ) ;
#1750 = DIRECTION ( 'NONE',  ( 1.000000000000000000, 0.000000000000000000, -0.000000000000000000 ) ) ;
#1751 = PLANE ( 'NONE',  #2573 ) ;
#1752 = FACE_OUTER_BOUND ( 'NONE', #4066, .T. ) ;
#1753 = CARTESIAN_POINT ( 'NONE',  ( -8.299999999999998934, -4.898587196589413026E-15, 4.299999999999999822 ) ) ;
#1754 = VERTEX_POINT ( 'NONE', #2221 ) ;
#1755 = EDGE_CURVE ( 'NONE', #2909, #5313, #4335, .T. ) ;
#1756 = PLANE ( 'NONE',  #1960 ) ;
#1757 = CARTESIAN_POINT ( 'NONE',  ( 1.821459649775647449E-14, 103.1631322454748840, -12.50000000000000000 ) ) ;
#1758 = ORIENTED_EDGE ( 'NONE', *, *, #586, .F. ) ;
#1759 = CARTESIAN_POINT ( 'NONE',  ( 10.31349410200480854, -2.238201685565595067, -9.035934866670492838 ) ) ;
#1760 = ORIENTED_EDGE ( 'NONE', *, *, #4913, .F. ) ;
#1761 = CARTESIAN_POINT ( 'NONE',  ( 9.778797517552321850, 2.266864851679315507, -10.53628081880523304 ) ) ;
#1762 = CARTESIAN_POINT ( 'NONE',  ( -9.862833763188900704, -1.355782485872238041, 6.285069999084645254 ) ) ;
#1763 = ORIENTED_EDGE ( 'NONE', *, *, #1533, .T. ) ;
#1764 = LINE ( 'NONE', #3100, #4731 ) ;
#1765 = AXIS2_PLACEMENT_3D ( 'NONE', #2864, #2467, #2026 ) ;
#1766 = ORIENTED_EDGE ( 'NONE', *, *, #1620, .T. ) ;
#1767 = VECTOR ( 'NONE', #3050, 1000.000000000000000 ) ;
#1768 = CARTESIAN_POINT ( 'NONE',  ( -7.499999999999998224, 3.099999999999989875, -12.24058408028005651 ) ) ;
#1769 = FACE_BOUND ( 'NONE', #2928, .T. ) ;
#1770 = VECTOR ( 'NONE', #4357, 1000.000000000000000 ) ;
#1771 = EDGE_CURVE ( 'NONE', #2673, #5562, #4402, .T. ) ;
#1772 = B_SPLINE_CURVE_WITH_KNOTS ( 'NONE', 3,
 ( #2138, #2975, #1296, #865 ),
 .UNSPECIFIED., .F., .F.,
 ( 4, 4 ),
 ( 0.001653044992663526896, 0.002011957906657631332 ),
 .UNSPECIFIED. ) ;
#1773 = CARTESIAN_POINT ( 'NONE',  ( -7.000000000000002665, -4.898587196589413026E-15, 8.500000000000000000 ) ) ;
#1774 = ORIENTED_EDGE ( 'NONE', *, *, #3038, .F. ) ;
#1775 = AXIS2_PLACEMENT_3D ( 'NONE', #4973, #2798, #1453 ) ;
#1776 = VERTEX_POINT ( 'NONE', #2195 ) ;
#1777 = LINE ( 'NONE', #3059, #3958 ) ;
#1778 = DIRECTION ( 'NONE',  ( 0.000000000000000000, 0.000000000000000000, 1.000000000000000000 ) ) ;
#1779 = CARTESIAN_POINT ( 'NONE',  ( 6.500000000000004441, 3.099999999999989875, 12.50013049999998138 ) ) ;
#1780 = AXIS2_PLACEMENT_3D ( 'NONE', #2891, #4674, #4613 ) ;
#1781 = CARTESIAN_POINT ( 'NONE',  ( -9.499999999999996447, -4.898587196589413026E-15, -10.59999999999999964 ) ) ;
#1782 = EDGE_CURVE ( 'NONE', #2306, #2072, #5195, .T. ) ;
#1783 = AXIS2_PLACEMENT_3D ( 'NONE', #5, #2487, #4716 ) ;
#1784 = CARTESIAN_POINT ( 'NONE',  ( 1.908195823574487804E-14, -103.1631322454748840, -11.50000000000000000 ) ) ;
#1785 = VERTEX_POINT ( 'NONE', #5263 ) ;
#1786 = CIRCLE ( 'NONE', #783, 0.9999999999999991118 ) ;
#1787 = DIRECTION ( 'NONE',  ( -0.05704979053851309823, 0.9983713344239766307, 0.000000000000000000 ) ) ;
#1788 = CARTESIAN_POINT ( 'NONE',  ( -7.499999999999994671, 3.099999999999973443, 8.160842829922399844 ) ) ;
#1789 = EDGE_CURVE ( 'NONE', #2699, #2441, #3798, .T. ) ;
#1790 = ORIENTED_EDGE ( 'NONE', *, *, #1149, .T. ) ;
#1791 = ADVANCED_FACE ( 'NONE', ( #5380 ), #1028, .T. ) ;
#1792 = B_SPLINE_CURVE_WITH_KNOTS ( 'NONE', 3,
 ( #5117, #428, #825, #373 ),
 .UNSPECIFIED., .F., .F.,
 ( 4, 4 ),
 ( 0.001004540676670327140, 0.001022477307503756334 ),
 .UNSPECIFIED. ) ;
#1793 = CARTESIAN_POINT ( 'NONE',  ( 9.222272782921571377, -3.526987016166937217, -9.296915485911576127 ) ) ;
#1794 = EDGE_LOOP ( 'NONE', ( #5275, #513, #1105, #3456, #5090, #1627, #1929, #3849, #4059, #4136, #4315, #3397 ) ) ;
#1795 = CARTESIAN_POINT ( 'NONE',  ( 2.500000000000003997, 3.099999999999989875, 12.50013049999998138 ) ) ;
#1796 = DIRECTION ( 'NONE',  ( 0.000000000000000000, 0.000000000000000000, 1.000000000000000000 ) ) ;
#1797 = VERTEX_POINT ( 'NONE', #541 ) ;
#1798 = CARTESIAN_POINT ( 'NONE',  ( -8.300000000000656186, 3.102803718585873227, 7.401151491951153183 ) ) ;
#1799 = VERTEX_POINT ( 'NONE', #3116 ) ;
#1800 = CIRCLE ( 'NONE', #2411, 100.0000000000000000 ) ;
#1801 = CARTESIAN_POINT ( 'NONE',  ( 0.5000000000000038858, 3.099999999999989875, 7.853012644342948434 ) ) ;
#1802 = DIRECTION ( 'NONE',  ( 0.000000000000000000, -0.000000000000000000, -1.000000000000000000 ) ) ;
#1803 = EDGE_LOOP ( 'NONE', ( #2085, #5068, #4404, #399 ) ) ;
#1804 = CIRCLE ( 'NONE', #2244, 0.9999999999999995559 ) ;
#1805 = DIRECTION ( 'NONE',  ( 1.000000000000000000, 0.000000000000000000, -0.000000000000000000 ) ) ;
#1806 = DIRECTION ( 'NONE',  ( 1.000000000000000000, 0.000000000000000000, 0.000000000000000000 ) ) ;
#1807 = CARTESIAN_POINT ( 'NONE',  ( 16.66569654317558147, 3.913476638985608158, 7.782256096837381953 ) ) ;
#1808 = LINE ( 'NONE', #2271, #3380 ) ;
#1809 = CIRCLE ( 'NONE', #1539, 7.500000000000000000 ) ;
#1810 = CARTESIAN_POINT ( 'NONE',  ( -10.29999999999999716, 3.588571428571418309, 4.299999999999994493 ) ) ;
#1811 = CARTESIAN_POINT ( 'NONE',  ( -9.769446065491630193, 1.021122853008042286, 6.845553651073386980 ) ) ;
#1812 =( BOUNDED_SURFACE ( )  B_SPLINE_SURFACE ( 3, 2, ( 
 ( #4702, #4278, #414 ),
 ( #2142, #3859, #2592 ),
 ( #4309, #4929, #3118 ),
 ( #1892, #182, #4813 ),
 ( #4896, #4360, #951 ),
 ( #493, #4870, #4053 ),
 ( #1918, #2643, #4473 ),
 ( #2223, #5296, #4024 ),
 ( #3600, #2698, #1004 ),
 ( #3571, #3943, #5322 ),
 ( #2723, #2672, #4439 ),
 ( #3631, #2274, #1465 ),
 ( #4388, #569, #1381 ),
 ( #2327, #71, #3993 ),
 ( #4415, #122, #1811 ),
 ( #2301, #1862, #3517 ),
 ( #3170, #1029, #155 ),
 ( #2251, #542, #2755 ) ),
 .UNSPECIFIED., .F., .F., .F. ) 
 B_SPLINE_SURFACE_WITH_KNOTS ( ( 4, 2, 2, 2, 2, 2, 2, 2, 4 ),
 ( 3, 3 ),
 ( -8.673617379884035472E-19, 0.0004574656664809926805, 0.0006861984997214895087, 0.0009149313329619862285, 0.001143664166202483165, 0.001372396999442979885, 0.001829862665923973324, 0.002744793998885960637, 0.003659725331847947516 ),
 ( 0.000000000000000000, 1.000000000000000000 ),
 .UNSPECIFIED. ) 
 GEOMETRIC_REPRESENTATION_ITEM ( )  RATIONAL_B_SPLINE_SURFACE ( (
 ( 1.000000000000000000, 0.7071067811865475727, 1.000000000000000000),
 ( 1.000000000000000000, 0.7044798901166819949, 1.000000000000000000),
 ( 1.000000000000000000, 0.7082231826079268266, 1.000000000000000000),
 ( 1.000000000000000000, 0.7224392639457152265, 1.000000000000000000),
 ( 1.000000000000000000, 0.7286114030925305851, 1.000000000000000000),
 ( 1.000000000000000000, 0.7428892002354223756, 1.000000000000000000),
 ( 1.000000000000000000, 0.7510309368075426262, 1.000000000000000000),
 ( 1.000000000000000000, 0.7687313749615202196, 1.000000000000000000),
 ( 1.000000000000000000, 0.7783480929630524070, 1.000000000000000000),
 ( 1.000000000000000000, 0.7979991988686623294, 1.000000000000000000),
 ( 1.000000000000000000, 0.8080671778142043404, 1.000000000000000000),
 ( 1.000000000000000000, 0.8383332890729379150, 1.000000000000000000),
 ( 1.000000000000000000, 0.8586757103540488822, 1.000000000000000000),
 ( 1.000000000000000000, 0.9154396036286880367, 1.000000000000000000),
 ( 1.000000000000000000, 0.9465458785482602222, 1.000000000000000000),
 ( 1.000000000000000000, 0.9889705379324057466, 1.000000000000000000),
 ( 1.000000000000000000, 1.000075862765657408, 1.000000000000000000),
 ( 1.000000000000000000, 1.000000000000000000, 1.000000000000000000) ) ) 
 REPRESENTATION_ITEM ( '' )  SURFACE ( )  );
#1813 = VERTEX_POINT ( 'NONE', #3230 ) ;
#1814 = EDGE_CURVE ( 'NONE', #4030, #920, #1510, .T. ) ;
#1815 = CARTESIAN_POINT ( 'NONE',  ( -7.499999999999998224, 3.428571428571419055, -11.50000000000000000 ) ) ;
#1816 = ORIENTED_EDGE ( 'NONE', *, *, #2555, .F. ) ;
#1817 = CARTESIAN_POINT ( 'NONE',  ( 2.500000000000003997, 3.099999999999989875, 7.924042387783944541 ) ) ;
#1818 = EDGE_LOOP ( 'NONE', ( #3792, #4622, #834, #4447 ) ) ;
#1819 = CARTESIAN_POINT ( 'NONE',  ( 10.77206760547331932, 3.615546720312676765, -8.807531498130115821 ) ) ;
#1820 = EDGE_CURVE ( 'NONE', #4049, #4001, #2300, .T. ) ;
#1821 = ADVANCED_FACE ( 'NONE', ( #2784 ), #4471, .F. ) ;
#1822 = DIRECTION ( 'NONE',  ( -0.000000000000000000, 1.000000000000000000, -0.000000000000000000 ) ) ;
#1823 = ORIENTED_EDGE ( 'NONE', *, *, #4328, .F. ) ;
#1824 = DIRECTION ( 'NONE',  ( 0.000000000000000000, 0.000000000000000000, -1.000000000000000000 ) ) ;
#1825 = ORIENTED_EDGE ( 'NONE', *, *, #3395, .T. ) ;
#1826 = FACE_OUTER_BOUND ( 'NONE', #1057, .T. ) ;
#1827 = LINE ( 'NONE', #1456, #480 ) ;
#1828 = ORIENTED_EDGE ( 'NONE', *, *, #479, .T. ) ;
#1829 = VERTEX_POINT ( 'NONE', #3658 ) ;
#1830 = DIRECTION ( 'NONE',  ( 0.9983713344239767418, -0.05704979053851286230, 0.000000000000000000 ) ) ;
#1831 = CARTESIAN_POINT ( 'NONE',  ( 7.700000000000003730, 3.439999999999991953, 7.791933134971733566 ) ) ;
#1832 = CARTESIAN_POINT ( 'NONE',  ( 5.705964421423928457, -3.099999999999989875, -12.13280360077921749 ) ) ;
#1833 = CARTESIAN_POINT ( 'NONE',  ( 9.700000000000004619, 3.484420365519647511, -8.500000000000000000 ) ) ;
#1834 = LINE ( 'NONE', #899, #869 ) ;
#1835 = CARTESIAN_POINT ( 'NONE',  ( 4.500000000000003553, 3.099999999999989875, 8.049136394081312318 ) ) ;
#1836 = ORIENTED_EDGE ( 'NONE', *, *, #84, .F. ) ;
#1837 = CARTESIAN_POINT ( 'NONE',  ( 17.55686396047857301, 0.9951193083750397017, -11.50000000000000000 ) ) ;
#1838 = CARTESIAN_POINT ( 'NONE',  ( 2.500000000000003997, 3.999999999999989786, 12.50013049999998138 ) ) ;
#1839 = DIRECTION ( 'NONE',  ( -0.000000000000000000, -0.000000000000000000, -1.000000000000000000 ) ) ;
#1840 = ORIENTED_EDGE ( 'NONE', *, *, #5118, .F. ) ;
#1841 = FACE_OUTER_BOUND ( 'NONE', #421, .T. ) ;
#1842 = EDGE_CURVE ( 'NONE', #5265, #754, #2299, .T. ) ;
#1843 = ORIENTED_EDGE ( 'NONE', *, *, #1948, .F. ) ;
#1844 = CARTESIAN_POINT ( 'NONE',  ( 1.821459649775647449E-14, 103.1631322454748840, -11.50000000000000000 ) ) ;
#1845 = B_SPLINE_CURVE_WITH_KNOTS ( 'NONE', 3,
 ( #2785, #5486, #1062, #4500 ),
 .UNSPECIFIED., .F., .F.,
 ( 4, 4 ),
 ( 0.001276860282894911377, 0.001662961444595971710 ),
 .UNSPECIFIED. ) ;
#1846 = ORIENTED_EDGE ( 'NONE', *, *, #1342, .F. ) ;
#1847 = CARTESIAN_POINT ( 'NONE',  ( -9.499999999999996447, 3.528318826011692888, -10.59999999999999964 ) ) ;
#1848 = EDGE_CURVE ( 'NONE', #5403, #5478, #2714, .T. ) ;
#1849 = ORIENTED_EDGE ( 'NONE', *, *, #2688, .F. ) ;
#1850 = DIRECTION ( 'NONE',  ( -0.000000000000000000, -0.000000000000000000, 1.000000000000000000 ) ) ;
#1851 = DIRECTION ( 'NONE',  ( 0.000000000000000000, 0.000000000000000000, -1.000000000000000000 ) ) ;
#1852 = EDGE_CURVE ( 'NONE', #4752, #3906, #4373, .T. ) ;
#1853 = EDGE_LOOP ( 'NONE', ( #2604, #1139, #5481, #176 ) ) ;
#1854 = VECTOR ( 'NONE', #1554, 1000.000000000000000 ) ;
#1855 = ORIENTED_EDGE ( 'NONE', *, *, #4418, .T. ) ;
#1856 = CARTESIAN_POINT ( 'NONE',  ( -8.299999999999998934, 3.474285714285704429, -12.50000000000000000 ) ) ;
#1857 = AXIS2_PLACEMENT_3D ( 'NONE', #5473, #3331, #1625 ) ;
#1858 = CARTESIAN_POINT ( 'NONE',  ( 5.700000000000003730, -3.325714410276435995, 7.727333138802123358 ) ) ;
#1859 = CARTESIAN_POINT ( 'NONE',  ( 1.700000000000003508, 3.099999999999989875, 7.886169321447616731 ) ) ;
#1860 = LINE ( 'NONE', #3343, #2930 ) ;
#1861 = CIRCLE ( 'NONE', #132, 1.000000000000000222 ) ;
#1862 = CARTESIAN_POINT ( 'NONE',  ( -9.996048303095703247, 0.7769296024885177232, 6.075798654478995253 ) ) ;
#1863 = ORIENTED_EDGE ( 'NONE', *, *, #4703, .F. ) ;
#1864 = AXIS2_PLACEMENT_3D ( 'NONE', #3142, #121, #2381 ) ;
#1865 = CIRCLE ( 'NONE', #1511, 100.0000000000000000 ) ;
#1866 = CARTESIAN_POINT ( 'NONE',  ( 1.700000000000003064, -3.177583289638269193, -12.50000000000000000 ) ) ;
#1867 = PLANE ( 'NONE',  #2044 ) ;
#1868 = CARTESIAN_POINT ( 'NONE',  ( 2.500000000000003997, -3.099999999999989875, 12.50013049999998138 ) ) ;
#1869 = ORIENTED_EDGE ( 'NONE', *, *, #2806, .F. ) ;
#1870 = CARTESIAN_POINT ( 'NONE',  ( -9.386737788622824041, -2.534753694037974459, -11.50000000000000000 ) ) ;
#1871 = ORIENTED_EDGE ( 'NONE', *, *, #1771, .T. ) ;
#1872 = AXIS2_PLACEMENT_3D ( 'NONE', #2956, #1215, #2114 ) ;
#1873 = CARTESIAN_POINT ( 'NONE',  ( -7.499999999999998224, -3.354821815831151799, 7.498990699996586073 ) ) ;
#1874 = EDGE_CURVE ( 'NONE', #828, #3674, #1590, .T. ) ;
#1875 = ORIENTED_EDGE ( 'NONE', *, *, #2286, .T. ) ;
#1876 = DIRECTION ( 'NONE',  ( 1.000000000000000000, 0.000000000000000000, 0.000000000000000000 ) ) ;
#1877 = CARTESIAN_POINT ( 'NONE',  ( -7.499999999999998224, -3.099999999999989875, 12.50013049999998138 ) ) ;
#1878 = DIRECTION ( 'NONE',  ( -1.000000000000000000, 1.734723475976805517E-15, 0.000000000000000000 ) ) ;
#1879 = EDGE_CURVE ( 'NONE', #4156, #4541, #603, .T. ) ;
#1880 = ORIENTED_EDGE ( 'NONE', *, *, #1874, .T. ) ;
#1881 = DIRECTION ( 'NONE',  ( 0.000000000000000000, 0.000000000000000000, -1.000000000000000000 ) ) ;
#1882 = CARTESIAN_POINT ( 'NONE',  ( 10.16784179687494216, -3.099999999999990319, -9.141464907802760109 ) ) ;
#1883 = ORIENTED_EDGE ( 'NONE', *, *, #630, .T. ) ;
#1884 = ORIENTED_EDGE ( 'NONE', *, *, #1842, .F. ) ;
#1885 = FACE_OUTER_BOUND ( 'NONE', #1260, .T. ) ;
#1886 = CIRCLE ( 'NONE', #4667, 0.9999999999999997780 ) ;
#1887 = EDGE_CURVE ( 'NONE', #4041, #3261, #429, .T. ) ;
#1888 = EDGE_CURVE ( 'NONE', #53, #5505, #204, .T. ) ;
#1889 = DIRECTION ( 'NONE',  ( 1.000000000000000000, 0.000000000000000000, 0.000000000000000000 ) ) ;
#1890 = DIRECTION ( 'NONE',  ( -1.000000000000000000, 0.000000000000000000, 0.000000000000000000 ) ) ;
#1891 = CARTESIAN_POINT ( 'NONE',  ( -2.033393655704742731, -3.099999999999989875, -11.90016131478761174 ) ) ;
#1892 = CARTESIAN_POINT ( 'NONE',  ( -8.171870266139464434, 3.162620840707646597, 7.430331325487525618 ) ) ;
#1893 = AXIS2_PLACEMENT_3D ( 'NONE', #56, #505, #5169 ) ;
#1894 = ORIENTED_EDGE ( 'NONE', *, *, #3704, .T. ) ;
#1895 = VECTOR ( 'NONE', #1402, 1000.000000000000000 ) ;
#1896 = CARTESIAN_POINT ( 'NONE',  ( 5.700000000000001954, -3.325714410276445321, 7.499999999999996447 ) ) ;
#1897 = CARTESIAN_POINT ( 'NONE',  ( -5.499999999999996447, 3.099999999999989875, 8.118446157137695351 ) ) ;
#1898 = CARTESIAN_POINT ( 'NONE',  ( 8.500000000000003553, -3.099999999999989875, 12.50013049999998138 ) ) ;
#1899 = ORIENTED_EDGE ( 'NONE', *, *, #5074, .F. ) ;
#1900 = FACE_OUTER_BOUND ( 'NONE', #4712, .T. ) ;
#1901 = VERTEX_POINT ( 'NONE', #4103 ) ;
#1902 = DIRECTION ( 'NONE',  ( 1.000000000000000000, 0.000000000000000000, 0.000000000000000000 ) ) ;
#1903 = ORIENTED_EDGE ( 'NONE', *, *, #617, .T. ) ;
#1904 = DIRECTION ( 'NONE',  ( 1.000000000000000000, 0.000000000000000000, -0.000000000000000000 ) ) ;
#1905 = CARTESIAN_POINT ( 'NONE',  ( -7.499999999999994671, 3.099999999999973443, 8.160842829922399844 ) ) ;
#1906 = CARTESIAN_POINT ( 'NONE',  ( -3.499999999999996003, -3.224401014785339470, -11.66887634227357218 ) ) ;
#1907 = ORIENTED_EDGE ( 'NONE', *, *, #2630, .F. ) ;
#1908 = DIRECTION ( 'NONE',  ( -0.000000000000000000, -0.000000000000000000, -1.000000000000000000 ) ) ;
#1909 = FACE_OUTER_BOUND ( 'NONE', #1520, .T. ) ;
#1910 = VERTEX_POINT ( 'NONE', #3169 ) ;
#1911 = EDGE_CURVE ( 'NONE', #920, #163, #4868, .T. ) ;
#1912 = EDGE_LOOP ( 'NONE', ( #5003, #801, #1894, #2965, #1229, #1980, #695, #3988, #1956 ) ) ;
#1913 = DIRECTION ( 'NONE',  ( -1.000000000000000000, 0.000000000000000000, 0.000000000000000000 ) ) ;
#1914 = CARTESIAN_POINT ( 'NONE',  ( -5.906186614793782930, -3.099999999999989875, 8.146750036477792278 ) ) ;
#1915 = DIRECTION ( 'NONE',  ( -0.000000000000000000, -0.000000000000000000, -1.000000000000000000 ) ) ;
#1916 = CARTESIAN_POINT ( 'NONE',  ( 5.700000000000003730, -3.999999999999989786, 12.50013049999998138 ) ) ;
#1917 = B_SPLINE_CURVE_WITH_KNOTS ( 'NONE', 3,
 ( #2902, #2013, #4686, #713 ),
 .UNSPECIFIED., .F., .F.,
 ( 4, 4 ),
 ( 0.001174579629820060285, 0.001752919494011926987 ),
 .UNSPECIFIED. ) ;
#1918 = CARTESIAN_POINT ( 'NONE',  ( -8.559678901199662349, 2.964883264620236769, 7.330017393638665446 ) ) ;
#1919 = EDGE_CURVE ( 'NONE', #3533, #2931, #1314, .T. ) ;
#1920 = ORIENTED_EDGE ( 'NONE', *, *, #5323, .T. ) ;
#1921 = CARTESIAN_POINT ( 'NONE',  ( 17.04434499593145702, 3.973962571196073323, 12.50000000000000000 ) ) ;
#1922 = PLANE ( 'NONE',  #303 ) ;
#1923 = CARTESIAN_POINT ( 'NONE',  ( -9.000000000000001776, -4.898587196589413026E-15, -12.50000000000000000 ) ) ;
#1924 = CARTESIAN_POINT ( 'NONE',  ( -8.299999999999998934, -3.099999999999989875, 7.474302974754222006 ) ) ;
#1925 = EDGE_CURVE ( 'NONE', #183, #930, #1860, .T. ) ;
#1926 = EDGE_CURVE ( 'NONE', #4311, #1058, #1175, .T. ) ;
#1927 = ORIENTED_EDGE ( 'NONE', *, *, #2564, .T. ) ;
#1928 = DIRECTION ( 'NONE',  ( -0.000000000000000000, -0.000000000000000000, -1.000000000000000000 ) ) ;
#1929 = ORIENTED_EDGE ( 'NONE', *, *, #945, .F. ) ;
#1930 = CARTESIAN_POINT ( 'NONE',  ( 17.00990216839264590, -3.969878010845270477, 7.565765757929579394 ) ) ;
#1931 = CARTESIAN_POINT ( 'NONE',  ( 9.700000000000004619, 3.554285714285707165, 7.845244180766576925 ) ) ;
#1932 = DIRECTION ( 'NONE',  ( -0.000000000000000000, 1.000000000000000000, -0.000000000000000000 ) ) ;
#1933 = ORIENTED_EDGE ( 'NONE', *, *, #5493, .T. ) ;
#1934 = CARTESIAN_POINT ( 'NONE',  ( -7.499999999999998224, -3.354821815831151799, 7.498990699996586073 ) ) ;
#1935 = CARTESIAN_POINT ( 'NONE',  ( -9.499999999999996447, 3.542857142857132935, -12.50000000000000000 ) ) ;
#1936 = VERTEX_POINT ( 'NONE', #3315 ) ;
#1937 = PRODUCT_DEFINITION_FORMATION_WITH_SPECIFIED_SOURCE ( '对称', '', #2226, .NOT_KNOWN. ) ;
#1938 = LINE ( 'NONE', #1795, #531 ) ;
#1939 = DIRECTION ( 'NONE',  ( -0.000000000000000000, -0.000000000000000000, -1.000000000000000000 ) ) ;
#1940 = DIRECTION ( 'NONE',  ( -0.9983713344239767418, 0.05704979053851286230, 0.000000000000000000 ) ) ;
#1941 = AXIS2_PLACEMENT_3D ( 'NONE', #894, #2054, #3773 ) ;
#1942 = DIRECTION ( 'NONE',  ( -0.000000000000000000, 0.000000000000000000, -1.000000000000000000 ) ) ;
#1943 = FACE_OUTER_BOUND ( 'NONE', #2682, .T. ) ;
#1944 = ORIENTED_EDGE ( 'NONE', *, *, #3256, .F. ) ;
#1945 = PLANE ( 'NONE',  #2655 ) ;
#1946 = CIRCLE ( 'NONE', #5093, 11.50000000000000355 ) ;
#1947 = DIRECTION ( 'NONE',  ( -0.000000000000000000, -0.000000000000000000, -1.000000000000000000 ) ) ;
#1948 = EDGE_CURVE ( 'NONE', #910, #2620, #2984, .T. ) ;
#1949 = FACE_OUTER_BOUND ( 'NONE', #1359, .T. ) ;
#1950 = CARTESIAN_POINT ( 'NONE',  ( -6.299999999999996270, 3.269271819543210000, 7.985976245850626931 ) ) ;
#1951 = CARTESIAN_POINT ( 'NONE',  ( -3.499999999999996003, -3.999999999999989786, 12.50013049999998138 ) ) ;
#1952 = ORIENTED_EDGE ( 'NONE', *, *, #730, .T. ) ;
#1953 = CIRCLE ( 'NONE', #3749, 101.0000000000000000 ) ;
#1954 = DIRECTION ( 'NONE',  ( 0.000000000000000000, 0.000000000000000000, 1.000000000000000000 ) ) ;
#1955 = EDGE_CURVE ( 'NONE', #592, #4049, #4550, .T. ) ;
#1956 = ORIENTED_EDGE ( 'NONE', *, *, #3937, .T. ) ;
#1957 = EDGE_CURVE ( 'NONE', #4801, #5399, #3091, .T. ) ;
#1958 = PLANE ( 'NONE',  #1333 ) ;
#1959 = ORIENTED_EDGE ( 'NONE', *, *, #1749, .F. ) ;
#1960 = AXIS2_PLACEMENT_3D ( 'NONE', #76, #2145, #876 ) ;
#1961 = AXIS2_PLACEMENT_3D ( 'NONE', #4285, #2985, #844 ) ;
#1962 = DIRECTION ( 'NONE',  ( 0.9983713344239766307, -0.05704979053851305659, 0.000000000000000000 ) ) ;
#1963 = CARTESIAN_POINT ( 'NONE',  ( -6.299999999999996270, -3.269271819543210000, -11.98597624585062604 ) ) ;
#1964 = VERTEX_POINT ( 'NONE', #4184 ) ;
#1965 = PLANE ( 'NONE',  #3755 ) ;
#1966 = CARTESIAN_POINT ( 'NONE',  ( 0.2333645556166116519, -3.099999999999989875, 7.849481488129519846 ) ) ;
#1967 = EDGE_LOOP ( 'NONE', ( #1295, #1669, #104, #4574 ) ) ;
#1968 = CARTESIAN_POINT ( 'NONE',  ( 9.700000000000004619, -3.099999999999989875, 8.337489012056277460 ) ) ;
#1969 = CARTESIAN_POINT ( 'NONE',  ( -6.299999999999996270, -3.099999999999989875, 8.172140692246692595 ) ) ;
#1970 = DIRECTION ( 'NONE',  ( 1.000000000000000000, -1.770863548392990641E-15, 0.000000000000000000 ) ) ;
#1971 = CARTESIAN_POINT ( 'NONE',  ( -9.118339276951642702, -2.562836573732537371, 7.945676131973903544 ) ) ;
#1972 = ORIENTED_EDGE ( 'NONE', *, *, #5122, .T. ) ;
#1973 = LINE ( 'NONE', #1065, #3193 ) ;
#1974 = CARTESIAN_POINT ( 'NONE',  ( 8.773231951542969753, -3.501327540088367218, -11.88396947374168278 ) ) ;
#1975 = CARTESIAN_POINT ( 'NONE',  ( -9.386737788622829370, 2.534753694037974459, -11.50000000000000000 ) ) ;
#1976 = VECTOR ( 'NONE', #227, 1000.000000000000000 ) ;
#1977 = DIRECTION ( 'NONE',  ( 0.9983713344239767418, 0.05704979053851286230, -0.000000000000000000 ) ) ;
#1978 = B_SPLINE_CURVE_WITH_KNOTS ( 'NONE', 3,
 ( #1479, #3187, #4915, #2345 ),
 .UNSPECIFIED., .F., .F.,
 ( 4, 4 ),
 ( 0.001080647488971052351, 0.001299069398818302086 ),
 .UNSPECIFIED. ) ;
#1979 = CARTESIAN_POINT ( 'NONE',  ( -17.50000000000000355, 3.999999999999989786, -11.50000000000000000 ) ) ;
#1980 = ORIENTED_EDGE ( 'NONE', *, *, #4389, .T. ) ;
#1981 = ADVANCED_FACE ( 'NONE', ( #4607 ), #747, .T. ) ;
#1982 = B_SPLINE_CURVE_WITH_KNOTS ( 'NONE', 3,
 ( #2002, #4107, #1178, #3662 ),
 .UNSPECIFIED., .F., .F.,
 ( 4, 4 ),
 ( 0.001140200591344976092, 0.001803905023356252007 ),
 .UNSPECIFIED. ) ;
#1983 = DIRECTION ( 'NONE',  ( 0.05704979053851311210, -0.9983713344239766307, 0.000000000000000000 ) ) ;
#1984 = CIRCLE ( 'NONE', #3051, 1.000000000000000888 ) ;
#1985 = VERTEX_POINT ( 'NONE', #3690 ) ;
#1986 = CARTESIAN_POINT ( 'NONE',  ( 8.500000000000003553, -3.237315483275785777, -11.43446619360328853 ) ) ;
#1987 = ORIENTED_EDGE ( 'NONE', *, *, #3081, .T. ) ;
#1988 = AXIS2_PLACEMENT_3D ( 'NONE', #4495, #628, #1913 ) ;
#1989 = ADVANCED_FACE ( 'NONE', ( #268 ), #5066, .T. ) ;
#1990 =( BOUNDED_CURVE ( )  B_SPLINE_CURVE ( 3, ( #1610, #3314, #5040, #1174 ),
 .UNSPECIFIED., .F., .T. ) 
 B_SPLINE_CURVE_WITH_KNOTS ( ( 4, 4 ),
 ( 0.6862422369152824109, 0.7370961803085818165 ),
 .UNSPECIFIED. ) 
 CURVE ( )  GEOMETRIC_REPRESENTATION_ITEM ( )  RATIONAL_B_SPLINE_CURVE ( ( 1.000000000000000000, 0.9997845013143675796, 0.9997845013143675796, 1.000000000000000000 ) ) 
 REPRESENTATION_ITEM ( '' )  );
#1991 = EDGE_CURVE ( 'NONE', #690, #197, #1953, .T. ) ;
#1992 = CARTESIAN_POINT ( 'NONE',  ( 9.700000000000004619, 3.469397990006807930, -9.133779862205626543 ) ) ;
#1993 = CARTESIAN_POINT ( 'NONE',  ( -3.499999999999996003, -3.224401014785341690, -11.50000000000000000 ) ) ;
#1994 = ORIENTED_EDGE ( 'NONE', *, *, #5463, .F. ) ;
#1995 = LINE ( 'NONE', #2880, #1330 ) ;
#1996 = EDGE_CURVE ( 'NONE', #4153, #4035, #3455, .T. ) ;
#1997 = ORIENTED_EDGE ( 'NONE', *, *, #1512, .F. ) ;
#1998 = CARTESIAN_POINT ( 'NONE',  ( 0.5000000000000038858, -3.099999999999989875, -11.85301264434280810 ) ) ;
#1999 = CARTESIAN_POINT ( 'NONE',  ( 5.705964421423927568, 3.099999999999989875, -12.13280360077921749 ) ) ;
#2000 = CARTESIAN_POINT ( 'NONE',  ( -8.041369846305475022, -2.180814838927751964, 8.395496989032652735 ) ) ;
#2001 = VERTEX_POINT ( 'NONE', #4637 ) ;
#2002 = CARTESIAN_POINT ( 'NONE',  ( -5.499999999999996447, -3.099999999999989875, 8.118446157135696950 ) ) ;
#2003 = CARTESIAN_POINT ( 'NONE',  ( 7.176082112675422842, -3.410061835010014697, -11.35096705125522831 ) ) ;
#2004 = CARTESIAN_POINT ( 'NONE',  ( -17.50000000000000355, -3.999999999999989786, -11.50000000000000000 ) ) ;
#2005 = CARTESIAN_POINT ( 'NONE',  ( 8.500000000000019540, 3.485714285714449190, -10.71261501496356949 ) ) ;
#2006 = ORIENTED_EDGE ( 'NONE', *, *, #4913, .T. ) ;
#2007 = DIRECTION ( 'NONE',  ( -0.9983713344239766307, -0.05704979053851286230, 0.000000000000000000 ) ) ;
#2008 = CARTESIAN_POINT ( 'NONE',  ( 9.866335810073788792, 3.099999999999989875, -10.06015888000654890 ) ) ;
#2009 = LINE ( 'NONE', #2088, #126 ) ;
#2010 = EDGE_CURVE ( 'NONE', #2419, #1390, #2833, .T. ) ;
#2011 = ORIENTED_EDGE ( 'NONE', *, *, #5396, .F. ) ;
#2012 = ORIENTED_EDGE ( 'NONE', *, *, #1755, .T. ) ;
#2013 = CARTESIAN_POINT ( 'NONE',  ( 4.500000000000003553, -3.205936330671001588, 7.888074281163328649 ) ) ;
#2014 = DIRECTION ( 'NONE',  ( 0.000000000000000000, 0.000000000000000000, 1.000000000000000000 ) ) ;
#2015 = ORIENTED_EDGE ( 'NONE', *, *, #1643, .F. ) ;
#2016 = DIRECTION ( 'NONE',  ( -0.000000000000000000, -0.000000000000000000, -1.000000000000000000 ) ) ;
#2017 = EDGE_CURVE ( 'NONE', #548, #2650, #2129, .T. ) ;
#2018 = ORIENTED_EDGE ( 'NONE', *, *, #112, .F. ) ;
#2019 = ORIENTED_EDGE ( 'NONE', *, *, #5176, .T. ) ;
#2020 = CARTESIAN_POINT ( 'NONE',  ( -10.00532316365058172, 0.2825227755198485569, 5.500000000000000888 ) ) ;
#2021 = EDGE_CURVE ( 'NONE', #3163, #2763, #3278, .T. ) ;
#2022 = DIRECTION ( 'NONE',  ( 1.000000000000000000, 0.000000000000000000, 0.000000000000000000 ) ) ;
#2023 = DIRECTION ( 'NONE',  ( -1.000000000000000000, -1.734723475976805517E-15, 0.000000000000000000 ) ) ;
#2024 = CARTESIAN_POINT ( 'NONE',  ( 9.386737788622822265, -2.534753694037973570, -8.500000000000000000 ) ) ;
#2025 = ORIENTED_EDGE ( 'NONE', *, *, #3047, .T. ) ;
#2026 = DIRECTION ( 'NONE',  ( 1.000000000000000000, 0.000000000000000000, 0.000000000000000000 ) ) ;
#2027 = DIRECTION ( 'NONE',  ( -1.000000000000000000, 0.000000000000000000, 0.000000000000000000 ) ) ;
#2028 = DIRECTION ( 'NONE',  ( 0.05704979053851286230, 0.9983713344239766307, 0.000000000000000000 ) ) ;
#2029 = CARTESIAN_POINT ( 'NONE',  ( -3.766704983933701900, -3.099999999999989875, -11.99980686757313819 ) ) ;
#2030 = EDGE_LOOP ( 'NONE', ( #1197, #2869, #3180 ) ) ;
#2031 = AXIS2_PLACEMENT_3D ( 'NONE', #4534, #2007, #1983 ) ;
#2032 = CARTESIAN_POINT ( 'NONE',  ( -5.645261924098611495, 3.099999999999989875, 8.128575426111382285 ) ) ;
#2033 = AXIS2_PLACEMENT_3D ( 'NONE', #3757, #1280, #1703 ) ;
#2034 = DIRECTION ( 'NONE',  ( 0.9983713344239767418, 0.05704979053851310516, -0.000000000000000000 ) ) ;
#2035 = CARTESIAN_POINT ( 'NONE',  ( -8.299999999999998934, 3.099999999999989875, 7.474302974772759178 ) ) ;
#2036 = ORIENTED_EDGE ( 'NONE', *, *, #3584, .T. ) ;
#2037 = VECTOR ( 'NONE', #4074, 1000.000000000000000 ) ;
#2038 = ORIENTED_EDGE ( 'NONE', *, *, #4803, .T. ) ;
#2039 = EDGE_CURVE ( 'NONE', #5409, #2756, #1505, .T. ) ;
#2040 = CARTESIAN_POINT ( 'NONE',  ( 4.500000000000003553, 3.099999999999989875, 8.049136394081312318 ) ) ;
#2041 = VECTOR ( 'NONE', #3088, 1000.000000000000000 ) ;
#2042 = VERTEX_POINT ( 'NONE', #4514 ) ;
#2043 = CARTESIAN_POINT ( 'NONE',  ( -8.612208181519235950, -1.938703802465809645, 8.159494249399367405 ) ) ;
#2044 = AXIS2_PLACEMENT_3D ( 'NONE', #1838, #2362, #2815 ) ;
#2045 = ORIENTED_EDGE ( 'NONE', *, *, #2532, .T. ) ;
#2046 = ADVANCED_FACE ( 'NONE', ( #170 ), #5397, .T. ) ;
#2047 = ORIENTED_EDGE ( 'NONE', *, *, #4323, .T. ) ;
#2048 = PLANE ( 'NONE',  #970 ) ;
#2049 = CARTESIAN_POINT ( 'NONE',  ( -10.29999999999999716, 3.588571428571418309, -10.59999999999999964 ) ) ;
#2050 = DIRECTION ( 'NONE',  ( -0.000000000000000000, -0.000000000000000000, 1.000000000000000000 ) ) ;
#2051 = CARTESIAN_POINT ( 'NONE',  ( -9.265669022194630955, -2.410500982341450271, 7.806635841748296833 ) ) ;
#2052 = ORIENTED_EDGE ( 'NONE', *, *, #2053, .T. ) ;
#2053 = EDGE_CURVE ( 'NONE', #4239, #2456, #2855, .T. ) ;
#2054 = DIRECTION ( 'NONE',  ( -0.000000000000000000, -0.000000000000000000, -1.000000000000000000 ) ) ;
#2055 = EDGE_CURVE ( 'NONE', #197, #4041, #5014, .T. ) ;
#2056 = CARTESIAN_POINT ( 'NONE',  ( 17.50000000000000000, 5.817072295949927426E-15, 12.50000000000000000 ) ) ;
#2057 = DIRECTION ( 'NONE',  ( -0.000000000000000000, -0.000000000000000000, -1.000000000000000000 ) ) ;
#2058 = DIRECTION ( 'NONE',  ( -1.000000000000000000, 0.000000000000000000, 0.000000000000000000 ) ) ;
#2059 = EDGE_LOOP ( 'NONE', ( #333, #3609, #5500, #4206, #4922, #5566 ) ) ;
#2060 = CARTESIAN_POINT ( 'NONE',  ( -7.499999999999994671, 3.099999999999973443, 8.160842829922399844 ) ) ;
#2061 = CIRCLE ( 'NONE', #1893, 1.000000000000000888 ) ;
#2062 = CARTESIAN_POINT ( 'NONE',  ( 0.5000000000000038858, -3.164382253287477020, -11.50000000000000000 ) ) ;
#2063 = CARTESIAN_POINT ( 'NONE',  ( -17.50000000000000000, -4.898587196589413026E-15, -11.50000000000000000 ) ) ;
#2064 = ORIENTED_EDGE ( 'NONE', *, *, #3970, .F. ) ;
#2065 = ORIENTED_EDGE ( 'NONE', *, *, #3174, .T. ) ;
#2066 = VECTOR ( 'NONE', #5185, 1000.000000000000000 ) ;
#2067 = DIRECTION ( 'NONE',  ( 0.000000000000000000, -1.000000000000000000, 0.000000000000000000 ) ) ;
#2068 = CARTESIAN_POINT ( 'NONE',  ( 4.500000000000003553, 3.264433555251697427, 7.693677504522091759 ) ) ;
#2069 = ORIENTED_EDGE ( 'NONE', *, *, #2287, .F. ) ;
#2070 = CIRCLE ( 'NONE', #1715, 3.999999999999996447 ) ;
#2071 = CARTESIAN_POINT ( 'NONE',  ( -4.299999999999996270, -3.099999999999989875, -12.03552606680114145 ) ) ;
#2072 = VERTEX_POINT ( 'NONE', #621 ) ;
#2073 = ORIENTED_EDGE ( 'NONE', *, *, #706, .F. ) ;
#2074 = DIRECTION ( 'NONE',  ( 0.000000000000000000, 0.000000000000000000, -1.000000000000000000 ) ) ;
#2075 = CARTESIAN_POINT ( 'NONE',  ( -5.499999999999996447, -3.099999999999989875, 12.50013049999998138 ) ) ;
#2076 = DIRECTION ( 'NONE',  ( 0.000000000000000000, 0.000000000000000000, 1.000000000000000000 ) ) ;
#2077 = EDGE_CURVE ( 'NONE', #290, #4940, #5076, .T. ) ;
#2078 = PLANE ( 'NONE',  #1169 ) ;
#2079 = ORIENTED_EDGE ( 'NONE', *, *, #4805, .F. ) ;
#2080 = DIRECTION ( 'NONE',  ( 1.000000000000000000, 1.758315715250091671E-13, 0.000000000000000000 ) ) ;
#2081 = DIRECTION ( 'NONE',  ( 0.000000000000000000, -0.000000000000000000, -1.000000000000000000 ) ) ;
#2082 = CARTESIAN_POINT ( 'NONE',  ( -7.499999999999998224, -3.354821815831152687, 7.742940384532905895 ) ) ;
#2083 = EDGE_CURVE ( 'NONE', #2185, #4178, #1861, .T. ) ;
#2084 = DIRECTION ( 'NONE',  ( 1.000000000000000000, 0.000000000000000000, 0.000000000000000000 ) ) ;
#2085 = ORIENTED_EDGE ( 'NONE', *, *, #2697, .T. ) ;
#2086 = DIRECTION ( 'NONE',  ( 1.000000000000000000, 0.000000000000000000, 0.000000000000000000 ) ) ;
#2087 = FACE_OUTER_BOUND ( 'NONE', #2262, .T. ) ;
#2088 = CARTESIAN_POINT ( 'NONE',  ( 8.500000000000003553, -3.485714285714275995, -12.50000000000000000 ) ) ;
#2089 = EDGE_CURVE ( 'NONE', #1390, #4801, #3712, .T. ) ;
#2090 = ORIENTED_EDGE ( 'NONE', *, *, #3174, .F. ) ;
#2091 = ADVANCED_FACE ( 'NONE', ( #2772 ), #3645, .T. ) ;
#2092 = VERTEX_POINT ( 'NONE', #4008 ) ;
#2093 = CARTESIAN_POINT ( 'NONE',  ( -7.499999999999996447, -3.428571428571418611, -11.78635062554907442 ) ) ;
#2094 = DIRECTION ( 'NONE',  ( -1.000000000000000000, 0.000000000000000000, -0.000000000000000000 ) ) ;
#2095 = CARTESIAN_POINT ( 'NONE',  ( 2.500000000000003997, -3.099999999999989875, 7.924042387783940988 ) ) ;
#2096 = EDGE_LOOP ( 'NONE', ( #2996, #2065, #618, #1884 ) ) ;
#2097 = CARTESIAN_POINT ( 'NONE',  ( -9.202169709808309506, -1.571119596234191729, 7.694339923209458476 ) ) ;
#2098 = ORIENTED_EDGE ( 'NONE', *, *, #5425, .F. ) ;
#2099 = ORIENTED_EDGE ( 'NONE', *, *, #5255, .T. ) ;
#2100 = CARTESIAN_POINT ( 'NONE',  ( 10.20477831844326566, -2.244423302371226114, -9.555656638250010104 ) ) ;
#2101 = CARTESIAN_POINT ( 'NONE',  ( -17.50000000000000000, -4.898587196589413026E-15, 4.299999999999999822 ) ) ;
#2102 = CARTESIAN_POINT ( 'NONE',  ( 2.500000000000003997, -3.099999999999989875, 12.50013049999998138 ) ) ;
#2103 = ORIENTED_EDGE ( 'NONE', *, *, #660, .T. ) ;
#2104 = DIRECTION ( 'NONE',  ( 1.000000000000000000, 0.000000000000000000, 0.000000000000000000 ) ) ;
#2105 = B_SPLINE_CURVE_WITH_KNOTS ( 'NONE', 3,
 ( #4193, #2005, #3295, #4588, #2446, #301 ),
 .UNSPECIFIED., .F., .F.,
 ( 4, 2, 4 ),
 ( 1.576237564549832255E-17, 0.0005711208794100382192, 0.001142241758820060826 ),
 .UNSPECIFIED. ) ;
#2106 = LINE ( 'NONE', #1208, #316 ) ;
#2107 = DIRECTION ( 'NONE',  ( -1.000000000000000000, 0.000000000000000000, 0.000000000000000000 ) ) ;
#2108 = CARTESIAN_POINT ( 'NONE',  ( -7.499999999999998224, -3.099999999999989875, 12.50013049999998138 ) ) ;
#2109 = CARTESIAN_POINT ( 'NONE',  ( 17.50000000000000000, -4.898587196589413026E-15, -2.400000000000001243 ) ) ;
#2110 = ORIENTED_EDGE ( 'NONE', *, *, #4560, .F. ) ;
#2111 = VECTOR ( 'NONE', #1468, 1000.000000000000000 ) ;
#2112 = LINE ( 'NONE', #3410, #3917 ) ;
#2113 = ADVANCED_FACE ( 'NONE', ( #1541 ), #3246, .T. ) ;
#2114 = DIRECTION ( 'NONE',  ( 0.000000000000000000, -0.000000000000000000, -1.000000000000000000 ) ) ;
#2115 = ORIENTED_EDGE ( 'NONE', *, *, #2835, .T. ) ;
#2116 = CARTESIAN_POINT ( 'NONE',  ( 9.777290730351509751, -2.266936283082761960, -10.53860563786608040 ) ) ;
#2117 = VECTOR ( 'NONE', #2870, 1000.000000000000000 ) ;
#2118 = ORIENTED_EDGE ( 'NONE', *, *, #5522, .T. ) ;
#2119 = CARTESIAN_POINT ( 'NONE',  ( 10.34123922484238278, 2.236547375770236989, -8.770697316893130591 ) ) ;
#2120 = VECTOR ( 'NONE', #2507, 1000.000000000000000 ) ;
#2121 = EDGE_CURVE ( 'NONE', #57, #2793, #3053, .T. ) ;
#2122 = EDGE_CURVE ( 'NONE', #2436, #1332, #3181, .T. ) ;
#2123 = DIRECTION ( 'NONE',  ( -1.000000000000000000, 0.000000000000000000, 0.000000000000000000 ) ) ;
#2124 = FACE_OUTER_BOUND ( 'NONE', #263, .T. ) ;
#2125 = ORIENTED_EDGE ( 'NONE', *, *, #4521, .T. ) ;
#2126 = CARTESIAN_POINT ( 'NONE',  ( 9.700000000000004619, 3.554285714285704501, -2.400000000000001243 ) ) ;
#2127 = ORIENTED_EDGE ( 'NONE', *, *, #1193, .T. ) ;
#2128 = VECTOR ( 'NONE', #2886, 1000.000000000000000 ) ;
#2129 =( BOUNDED_CURVE ( )  B_SPLINE_CURVE ( 3, ( #2861, #3715, #5432, #1577 ),
 .UNSPECIFIED., .F., .F. ) 
 B_SPLINE_CURVE_WITH_KNOTS ( ( 4, 4 ),
 ( 2.404496473281211966, 3.141592653589793116 ),
 .UNSPECIFIED. ) 
 CURVE ( )  GEOMETRIC_REPRESENTATION_ITEM ( )  RATIONAL_B_SPLINE_CURVE ( ( 1.000000000000000000, 0.9552342638233852767, 0.9552342638233852767, 1.000000000000000000 ) ) 
 REPRESENTATION_ITEM ( '' )  );
#2130 = AXIS2_PLACEMENT_3D ( 'NONE', #2998, #2132, #3819 ) ;
#2131 = ORIENTED_EDGE ( 'NONE', *, *, #4559, .T. ) ;
#2132 = DIRECTION ( 'NONE',  ( -0.000000000000000000, -0.000000000000000000, -1.000000000000000000 ) ) ;
#2133 = LINE ( 'NONE', #10, #4733 ) ;
#2134 = LINE ( 'NONE', #3904, #3781 ) ;
#2135 = AXIS2_PLACEMENT_3D ( 'NONE', #2676, #446, #2255 ) ;
#2136 = AXIS2_PLACEMENT_3D ( 'NONE', #5250, #4883, #1452 ) ;
#2137 = ORIENTED_EDGE ( 'NONE', *, *, #1925, .T. ) ;
#2138 = CARTESIAN_POINT ( 'NONE',  ( 0.5000000000000038858, -3.164382253287477020, -11.50000000000000000 ) ) ;
#2139 = CARTESIAN_POINT ( 'NONE',  ( 2.500000000000003109, 3.194387129813860859, 7.499999999999996447 ) ) ;
#2140 = DIRECTION ( 'NONE',  ( -0.000000000000000000, -0.000000000000000000, 1.000000000000000000 ) ) ;
#2141 = CARTESIAN_POINT ( 'NONE',  ( 6.500000000000004441, -3.371428571428562115, 7.499999999999992895 ) ) ;
#2142 = CARTESIAN_POINT ( 'NONE',  ( -7.636019039269065445, 3.338152177162997170, 7.499999993574817836 ) ) ;
#2143 = ORIENTED_EDGE ( 'NONE', *, *, #1512, .T. ) ;
#2144 = CARTESIAN_POINT ( 'NONE',  ( -17.50000000000000355, 3.999999999999989786, -10.60000000000000142 ) ) ;
#2145 = DIRECTION ( 'NONE',  ( -0.05704979053851286230, 0.9983713344239767418, 0.000000000000000000 ) ) ;
#2146 = CYLINDRICAL_SURFACE ( 'NONE', #4751, 100.0000000000000000 ) ;
#2147 = ORIENTED_EDGE ( 'NONE', *, *, #3258, .T. ) ;
#2148 = DIRECTION ( 'NONE',  ( 0.9983713344239767418, -0.05704979053851313292, -4.948280547335908514E-17 ) ) ;
#2149 = EDGE_CURVE ( 'NONE', #3156, #5030, #3858, .T. ) ;
#2150 = ORIENTED_EDGE ( 'NONE', *, *, #2600, .T. ) ;
#2151 = CARTESIAN_POINT ( 'NONE',  ( 7.548424097245968412, 3.431338519842617174, -11.20532925806459978 ) ) ;
#2152 = AXIS2_PLACEMENT_3D ( 'NONE', #5115, #5561, #823 ) ;
#2153 = CARTESIAN_POINT ( 'NONE',  ( -7.007452429110813341, 0.3955318857277899114, 7.500000000000000888 ) ) ;
#2154 = EDGE_LOOP ( 'NONE', ( #4337, #2118, #1345, #3711 ) ) ;
#2155 = CARTESIAN_POINT ( 'NONE',  ( 17.50000000000000000, 5.817072295949927426E-15, 12.50000000000000000 ) ) ;
#2156 = CIRCLE ( 'NONE', #5306, 100.0000000000000000 ) ;
#2157 = ADVANCED_FACE ( 'NONE', ( #3615 ), #1051, .T. ) ;
#2158 = EDGE_CURVE ( 'NONE', #508, #1910, #2183, .T. ) ;
#2159 = ORIENTED_EDGE ( 'NONE', *, *, #3032, .F. ) ;
#2160 = AXIS2_PLACEMENT_3D ( 'NONE', #3084, #2245, #3535 ) ;
#2161 = ORIENTED_EDGE ( 'NONE', *, *, #3637, .F. ) ;
#2162 = FACE_OUTER_BOUND ( 'NONE', #2737, .T. ) ;
#2163 = DIRECTION ( 'NONE',  ( 0.9983713344239767418, 0.05704979053851286230, 0.000000000000000000 ) ) ;
#2164 = ADVANCED_FACE ( 'NONE', ( #4914 ), #4151, .T. ) ;
#2165 = CARTESIAN_POINT ( 'NONE',  ( -6.893352848033788227, 2.392274554575743561, 7.500000000000000000 ) ) ;
#2166 = VECTOR ( 'NONE', #4033, 1000.000000000000000 ) ;
#2167 = VERTEX_POINT ( 'NONE', #3362 ) ;
#2168 =( BOUNDED_CURVE ( )  B_SPLINE_CURVE ( 3, ( #1421, #2733, #3549, #5277 ),
 .UNSPECIFIED., .F., .F. ) 
 B_SPLINE_CURVE_WITH_KNOTS ( ( 4, 4 ),
 ( 3.141592653589789563, 3.878688833898374266 ),
 .UNSPECIFIED. ) 
 CURVE ( )  GEOMETRIC_REPRESENTATION_ITEM ( )  RATIONAL_B_SPLINE_CURVE ( ( 1.000000000000000000, 0.9552342638233846106, 0.9552342638233846106, 1.000000000000000000 ) ) 
 REPRESENTATION_ITEM ( '' )  );
#2169 = CARTESIAN_POINT ( 'NONE',  ( -10.00532316365058172, -0.2825227755198513879, 4.299999999999999822 ) ) ;
#2170 = DIRECTION ( 'NONE',  ( -1.000000000000000000, 0.000000000000000000, 0.000000000000000000 ) ) ;
#2171 = CARTESIAN_POINT ( 'NONE',  ( -4.299999999999996270, -3.099999999999989875, 8.035526066800859013 ) ) ;
#2172 = CARTESIAN_POINT ( 'NONE',  ( 2.500000000000003997, -3.194387129813843984, -11.50000000000000000 ) ) ;
#2173 = ORIENTED_EDGE ( 'NONE', *, *, #617, .F. ) ;
#2174 = CARTESIAN_POINT ( 'NONE',  ( -9.386737788622824041, -2.534753694037974459, -11.50000000000000000 ) ) ;
#2175 = ORIENTED_EDGE ( 'NONE', *, *, #43, .T. ) ;
#2176 = DIRECTION ( 'NONE',  ( 0.000000000000000000, 0.000000000000000000, 1.000000000000000000 ) ) ;
#2177 = ORIENTED_EDGE ( 'NONE', *, *, #2459, .T. ) ;
#2178 = CARTESIAN_POINT ( 'NONE',  ( 8.522688292159621426, 3.487010759551968597, -10.50595606504664126 ) ) ;
#2179 = CARTESIAN_POINT ( 'NONE',  ( -9.763579681737132532, -1.614083510618162132, 6.467996943219454842 ) ) ;
#2180 = EDGE_CURVE ( 'NONE', #1813, #2349, #1917, .T. ) ;
#2181 = VERTEX_POINT ( 'NONE', #2482 ) ;
#2182 = CARTESIAN_POINT ( 'NONE',  ( -6.836303057495274338, 3.390645888999720636, -12.50000000000000000 ) ) ;
#2183 = B_SPLINE_CURVE_WITH_KNOTS ( 'NONE', 3,
 ( #2454, #396, #1194, #5476 ),
 .UNSPECIFIED., .F., .F.,
 ( 4, 4 ),
 ( 0.001652251505797852583, 0.002008926106217041527 ),
 .UNSPECIFIED. ) ;
#2184 = EDGE_CURVE ( 'NONE', #315, #379, #1680, .T. ) ;
#2185 = VERTEX_POINT ( 'NONE', #340 ) ;
#2186 = DIRECTION ( 'NONE',  ( -1.000000000000000000, 0.000000000000000000, 0.000000000000000000 ) ) ;
#2187 = CARTESIAN_POINT ( 'NONE',  ( 7.553190456023389565, 2.339120119159207700, -12.29780829709451240 ) ) ;
#2188 = CARTESIAN_POINT ( 'NONE',  ( -3.499999999999996003, 3.180765841291952167, 7.836532302479314538 ) ) ;
#2189 = EDGE_LOOP ( 'NONE', ( #1289, #494, #2173, #5444, #562, #806, #5508 ) ) ;
#2190 = B_SPLINE_CURVE_WITH_KNOTS ( 'NONE', 3,
 ( #3085, #4809, #93, #3536 ),
 .UNSPECIFIED., .F., .F.,
 ( 4, 4 ),
 ( 0.001282969415240580325, 0.002083711272290165485 ),
 .UNSPECIFIED. ) ;
#2191 = LINE ( 'NONE', #999, #989 ) ;
#2192 = EDGE_CURVE ( 'NONE', #4818, #5443, #1258, .T. ) ;
#2193 = CARTESIAN_POINT ( 'NONE',  ( 7.700000000000005507, -3.439999999999990621, -11.12311728521710030 ) ) ;
#2194 = CARTESIAN_POINT ( 'NONE',  ( 6.500000000000004441, 3.273875110706403913, -11.98691236880330635 ) ) ;
#2195 = CARTESIAN_POINT ( 'NONE',  ( 1.700000000000003508, 3.099999999999989875, -11.88616932144696747 ) ) ;
#2196 = CYLINDRICAL_SURFACE ( 'NONE', #441, 1.000000000000000888 ) ;
#2197 = ORIENTED_EDGE ( 'NONE', *, *, #4982, .T. ) ;
#2198 = CARTESIAN_POINT ( 'NONE',  ( 10.50000000000000355, 3.999999999999989786, 12.50013049999998138 ) ) ;
#2199 = CARTESIAN_POINT ( 'NONE',  ( -1.499999999999996225, 3.099999999999989875, 12.50013049999998138 ) ) ;
#2200 = ORIENTED_EDGE ( 'NONE', *, *, #1852, .F. ) ;
#2201 = CARTESIAN_POINT ( 'NONE',  ( 10.77206761331593476, -3.615546720760900445, -8.499999999999989342 ) ) ;
#2202 = ORIENTED_EDGE ( 'NONE', *, *, #3763, .F. ) ;
#2203 = CARTESIAN_POINT ( 'NONE',  ( 9.329687993632290954, 3.533125028207550145, -8.703022987651923614 ) ) ;
#2204 = CARTESIAN_POINT ( 'NONE',  ( -8.299999999999998934, -3.474285714285704429, -12.50000000000000000 ) ) ;
#2205 = ORIENTED_EDGE ( 'NONE', *, *, #3630, .T. ) ;
#2206 = VECTOR ( 'NONE', #3885, 1000.000000000000000 ) ;
#2207 = DIRECTION ( 'NONE',  ( -0.000000000000000000, -0.000000000000000000, -1.000000000000000000 ) ) ;
#2208 = VECTOR ( 'NONE', #3140, 1000.000000000000000 ) ;
#2209 = ORIENTED_EDGE ( 'NONE', *, *, #5564, .F. ) ;
#2210 = CARTESIAN_POINT ( 'NONE',  ( 5.700000000000003730, 3.243860952180976032, 7.956449023126107356 ) ) ;
#2211 = CARTESIAN_POINT ( 'NONE',  ( 8.226822543791040943, -3.099999999999989875, 8.276441909919189044 ) ) ;
#2212 = CIRCLE ( 'NONE', #1671, 1.000000000000000222 ) ;
#2213 = VERTEX_POINT ( 'NONE', #1136 ) ;
#2214 = ADVANCED_FACE ( 'NONE', ( #3307 ), #2933, .T. ) ;
#2215 = AXIS2_PLACEMENT_3D ( 'NONE', #439, #2107, #2949 ) ;
#2216 = EDGE_LOOP ( 'NONE', ( #2127, #4571, #2732, #5382, #4479 ) ) ;
#2217 = PLANE ( 'NONE',  #5223 ) ;
#2218 = CARTESIAN_POINT ( 'NONE',  ( 7.700000000000003730, 3.319534746108216972, 8.057941235216880216 ) ) ;
#2219 = CYLINDRICAL_SURFACE ( 'NONE', #4281, 1.000000000000000888 ) ;
#2220 = AXIS2_PLACEMENT_3D ( 'NONE', #1329, #3035, #3516 ) ;
#2221 = CARTESIAN_POINT ( 'NONE',  ( -10.29999999999999716, -3.588571428571418309, -10.60000000000000142 ) ) ;
#2222 = AXIS2_PLACEMENT_3D ( 'NONE', #4873, #5386, #1008 ) ;
#2223 = CARTESIAN_POINT ( 'NONE',  ( -8.735114068279548505, 2.850355461754121578, 7.266414698768606684 ) ) ;
#2224 = EDGE_CURVE ( 'NONE', #1553, #3215, #3813, .T. ) ;
#2225 = ADVANCED_FACE ( 'NONE', ( #5114 ), #1253, .F. ) ;
#2226 = PRODUCT ( 'LQ26-05HGI-01-009', 'LQ26-05HGI-01-009', '', ( #4964 ) ) ;
#2227 = ORIENTED_EDGE ( 'NONE', *, *, #1342, .T. ) ;
#2228 = VECTOR ( 'NONE', #48, 1000.000000000000000 ) ;
#2229 = LINE ( 'NONE', #498, #2228 ) ;
#2230 = CARTESIAN_POINT ( 'NONE',  ( 1.700000000000003064, 3.177583289638269193, 7.499999999999996447 ) ) ;
#2231 = EDGE_LOOP ( 'NONE', ( #3878, #4970, #4851, #1231, #2015 ) ) ;
#2232 = DIRECTION ( 'NONE',  ( -0.000000000000000000, -0.000000000000000000, -1.000000000000000000 ) ) ;
#2233 = ORIENTED_EDGE ( 'NONE', *, *, #1149, .F. ) ;
#2234 = CARTESIAN_POINT ( 'NONE',  ( 10.12139266765934664, 2.249118916605290952, -9.817025825389402272 ) ) ;
#2235 = FACE_OUTER_BOUND ( 'NONE', #1564, .T. ) ;
#2236 = EDGE_LOOP ( 'NONE', ( #3592, #4691, #5567, #786 ) ) ;
#2237 = CARTESIAN_POINT ( 'NONE',  ( -10.00900258813063459, -0.3801294104929647255, 5.684553030991613021 ) ) ;
#2238 = ORIENTED_EDGE ( 'NONE', *, *, #1782, .T. ) ;
#2239 = AXIS2_PLACEMENT_3D ( 'NONE', #4926, #1939, #1173 ) ;
#2240 = FACE_OUTER_BOUND ( 'NONE', #1677, .T. ) ;
#2241 = DIRECTION ( 'NONE',  ( -0.000000000000000000, 0.000000000000000000, -1.000000000000000000 ) ) ;
#2242 = VERTEX_POINT ( 'NONE', #822 ) ;
#2243 = ORIENTED_EDGE ( 'NONE', *, *, #5522, .F. ) ;
#2244 = AXIS2_PLACEMENT_3D ( 'NONE', #105, #3152, #162 ) ;
#2245 = DIRECTION ( 'NONE',  ( 0.000000000000000000, 0.000000000000000000, 1.000000000000000000 ) ) ;
#2246 = CARTESIAN_POINT ( 'NONE',  ( 9.700000000000004619, -3.099999999999989875, 8.337489012056277460 ) ) ;
#2247 = EDGE_CURVE ( 'NONE', #1799, #928, #4458, .T. ) ;
#2248 = CARTESIAN_POINT ( 'NONE',  ( 7.700000000000003730, 3.099999999999989875, -11.95923320765285247 ) ) ;
#2249 = VECTOR ( 'NONE', #5527, 1000.000000000000000 ) ;
#2250 = DIRECTION ( 'NONE',  ( -1.000000000000000000, 0.000000000000000000, 0.000000000000000000 ) ) ;
#2251 = CARTESIAN_POINT ( 'NONE',  ( -10.00532316365058350, 0.2825227755198485569, 5.500000000000000888 ) ) ;
#2252 = ORIENTED_EDGE ( 'NONE', *, *, #4528, .F. ) ;
#2253 = EDGE_CURVE ( 'NONE', #4148, #2711, #4430, .T. ) ;
#2254 = DIRECTION ( 'NONE',  ( 0.05704979053851311210, 0.9983713344239766307, 0.000000000000000000 ) ) ;
#2255 = DIRECTION ( 'NONE',  ( 0.000000000000000000, 0.000000000000000000, 1.000000000000000000 ) ) ;
#2256 = DIRECTION ( 'NONE',  ( -0.000000000000000000, -0.000000000000000000, 1.000000000000000000 ) ) ;
#2257 = ORIENTED_EDGE ( 'NONE', *, *, #4381, .F. ) ;
#2258 = CARTESIAN_POINT ( 'NONE',  ( -4.299999999999996270, 3.255625020041626350, 7.688728834545041302 ) ) ;
#2259 = ORIENTED_EDGE ( 'NONE', *, *, #2665, .T. ) ;
#2260 = CARTESIAN_POINT ( 'NONE',  ( 2.500000000000003997, -3.099999999999989875, 7.924042387783940988 ) ) ;
#2261 = EDGE_CURVE ( 'NONE', #4239, #5119, #3840, .T. ) ;
#2262 = EDGE_LOOP ( 'NONE', ( #2284, #3890, #449, #2614, #3171, #2877, #5350, #4830, #1840, #1760, #1015, #3074, #1244, #2518 ) ) ;
#2263 = ADVANCED_FACE ( 'NONE', ( #4392 ), #3971, .T. ) ;
#2264 = EDGE_LOOP ( 'NONE', ( #1087, #4790, #4879, #35, #2947, #372, #824, #735, #247, #6, #3579, #4093, #457 ) ) ;
#2265 = CARTESIAN_POINT ( 'NONE',  ( -9.386737788622824041, -2.534753694037973570, -10.59999999999999964 ) ) ;
#2266 = CARTESIAN_POINT ( 'NONE',  ( -7.499999999999998224, -3.428571428571419055, -12.50000000000000000 ) ) ;
#2267 = ORIENTED_EDGE ( 'NONE', *, *, #3205, .T. ) ;
#2268 = DIRECTION ( 'NONE',  ( 0.000000000000000000, 0.000000000000000000, -1.000000000000000000 ) ) ;
#2269 = DIRECTION ( 'NONE',  ( 0.000000000000000000, 0.000000000000000000, 1.000000000000000000 ) ) ;
#2270 = CARTESIAN_POINT ( 'NONE',  ( 16.55930855571820004, 3.889343037289004101, 7.837204803112075346 ) ) ;
#2271 = CARTESIAN_POINT ( 'NONE',  ( 5.704979053851306325, -3.325998803077208077, 7.500000000000000000 ) ) ;
#2272 = CARTESIAN_POINT ( 'NONE',  ( 5.717893271170004788, -3.099999999999989875, 8.133634535041746716 ) ) ;
#2273 = AXIS2_PLACEMENT_3D ( 'NONE', #4058, #1531, #4935 ) ;
#2274 = CARTESIAN_POINT ( 'NONE',  ( -9.502892857385310421, 2.113677995857402347, 7.522799477043027316 ) ) ;
#2275 = ORIENTED_EDGE ( 'NONE', *, *, #5176, .F. ) ;
#2276 = FACE_OUTER_BOUND ( 'NONE', #1483, .T. ) ;
#2277 = CARTESIAN_POINT ( 'NONE',  ( 4.500000000000003553, 3.099999999999989875, 12.50013049999998138 ) ) ;
#2278 = ADVANCED_BREP_SHAPE_REPRESENTATION ( 'LQ26-05HGI-01-009', ( #4747, #1024 ), #5532 ) ;
#2279 = CARTESIAN_POINT ( 'NONE',  ( -4.299999999999996270, -3.255625020041624129, 7.688728834545304203 ) ) ;
#2280 = ORIENTED_EDGE ( 'NONE', *, *, #255, .F. ) ;
#2281 = FACE_OUTER_BOUND ( 'NONE', #2096, .T. ) ;
#2282 = VERTEX_POINT ( 'NONE', #4026 ) ;
#2283 = EDGE_CURVE ( 'NONE', #606, #3318, #4104, .T. ) ;
#2284 = ORIENTED_EDGE ( 'NONE', *, *, #3801, .F. ) ;
#2285 = FACE_OUTER_BOUND ( 'NONE', #2383, .T. ) ;
#2286 = EDGE_CURVE ( 'NONE', #4682, #2680, #3542, .T. ) ;
#2287 = EDGE_CURVE ( 'NONE', #3366, #5032, #3189, .T. ) ;
#2288 = CYLINDRICAL_SURFACE ( 'NONE', #1708, 1.000000000000000888 ) ;
#2289 = ORIENTED_EDGE ( 'NONE', *, *, #1219, .T. ) ;
#2290 = DIRECTION ( 'NONE',  ( -1.000000000000000000, 0.000000000000000000, -0.000000000000000000 ) ) ;
#2291 = PLANE ( 'NONE',  #3199 ) ;
#2292 = CIRCLE ( 'NONE', #5448, 3.999999999999996447 ) ;
#2293 = ORIENTED_EDGE ( 'NONE', *, *, #4843, .T. ) ;
#2294 = CARTESIAN_POINT ( 'NONE',  ( -3.499999999999996003, 3.224401014785341246, -11.50000000000000000 ) ) ;
#2295 = AXIS2_PLACEMENT_3D ( 'NONE', #1344, #962, #2656 ) ;
#2296 = CARTESIAN_POINT ( 'NONE',  ( -2.299999999999995826, 3.189585744412914980, 7.499999999999996447 ) ) ;
#2297 = AXIS2_PLACEMENT_3D ( 'NONE', #860, #2971, #3427 ) ;
#2298 = DIRECTION ( 'NONE',  ( 0.000000000000000000, 0.000000000000000000, 1.000000000000000000 ) ) ;
#2299 = LINE ( 'NONE', #1061, #3931 ) ;
#2300 = CIRCLE ( 'NONE', #3022, 1.000000000000000888 ) ;
#2301 = CARTESIAN_POINT ( 'NONE',  ( -9.982016180443796571, 0.8990814915692036946, 5.955864077841626525 ) ) ;
#2302 = ORIENTED_EDGE ( 'NONE', *, *, #5558, .T. ) ;
#2303 = VECTOR ( 'NONE', #1380, 1000.000000000000000 ) ;
#2304 = CARTESIAN_POINT ( 'NONE',  ( 8.500000000000003553, -3.099999999999989875, 8.288594242012445434 ) ) ;
#2305 = CARTESIAN_POINT ( 'NONE',  ( 9.700000000000004619, 3.554285714285704501, 7.499999999999992895 ) ) ;
#2306 = VERTEX_POINT ( 'NONE', #3147 ) ;
#2307 = CARTESIAN_POINT ( 'NONE',  ( -8.285533332734116740, -3.100000000000695088, 7.567347615697009644 ) ) ;
#2308 = ORIENTED_EDGE ( 'NONE', *, *, #3677, .F. ) ;
#2309 = LINE ( 'NONE', #2338, #5583 ) ;
#2310 = ORIENTED_EDGE ( 'NONE', *, *, #4249, .F. ) ;
#2311 = CARTESIAN_POINT ( 'NONE',  ( 16.82391754721678723, -3.942810144113786386, 7.693934114601931995 ) ) ;
#2312 = EDGE_CURVE ( 'NONE', #1571, #1675, #2106, .T. ) ;
#2313 = CARTESIAN_POINT ( 'NONE',  ( -7.468648071422737011, 3.360040066366979161, 7.499662734042780166 ) ) ;
#2314 = CARTESIAN_POINT ( 'NONE',  ( 6.500000000000004441, 3.999999999999989786, 12.50013049999998138 ) ) ;
#2315 = ORIENTED_EDGE ( 'NONE', *, *, #5016, .F. ) ;
#2316 = CARTESIAN_POINT ( 'NONE',  ( -2.299999999999996270, 3.099999999999989875, -11.91364570620243768 ) ) ;
#2317 = ADVANCED_FACE ( 'NONE', ( #2918 ), #3404, .F. ) ;
#2318 = CARTESIAN_POINT ( 'NONE',  ( -10.38673778862282404, -2.534753694037973570, -11.50000000000000000 ) ) ;
#2319 = EDGE_CURVE ( 'NONE', #2181, #759, #3855, .T. ) ;
#2320 = EDGE_LOOP ( 'NONE', ( #2795, #3994, #1869, #222 ) ) ;
#2321 = ORIENTED_EDGE ( 'NONE', *, *, #3777, .T. ) ;
#2322 = CYLINDRICAL_SURFACE ( 'NONE', #1988, 7.500000000000003553 ) ;
#2323 = TOROIDAL_SURFACE ( 'NONE', #5480, 8.500000000000000000, 1.000000000000000000 ) ;
#2324 = DIRECTION ( 'NONE',  ( 0.000000000000000000, 0.000000000000000000, -1.000000000000000000 ) ) ;
#2325 = ADVANCED_FACE ( 'NONE', ( #5129 ), #3033, .T. ) ;
#2326 = CARTESIAN_POINT ( 'NONE',  ( -4.299999999999996270, 3.200419195023232355, -11.87731212118646518 ) ) ;
#2327 = CARTESIAN_POINT ( 'NONE',  ( -9.675261030595487810, 1.813264557011236455, 6.607369538119470143 ) ) ;
#2328 = TOROIDAL_SURFACE ( 'NONE', #5482, 101.0000000000000000, 1.000000000000000000 ) ;
#2329 = ORIENTED_EDGE ( 'NONE', *, *, #3942, .T. ) ;
#2330 = DIRECTION ( 'NONE',  ( -0.000000000000000000, 0.000000000000000000, -1.000000000000000000 ) ) ;
#2331 = AXIS2_PLACEMENT_3D ( 'NONE', #3195, #792, #369 ) ;
#2332 = CARTESIAN_POINT ( 'NONE',  ( 9.386737788622822265, -2.534753694037974014, -2.400000000000001243 ) ) ;
#2333 = CYLINDRICAL_SURFACE ( 'NONE', #5197, 7.500000000000000000 ) ;
#2334 = DIRECTION ( 'NONE',  ( -0.05704979053851286230, -0.9983713344239767418, 0.000000000000000000 ) ) ;
#2335 = ORIENTED_EDGE ( 'NONE', *, *, #177, .F. ) ;
#2336 = CARTESIAN_POINT ( 'NONE',  ( 7.700000000000003730, 3.999999999999989786, 12.50013049999998138 ) ) ;
#2337 = EDGE_LOOP ( 'NONE', ( #1907, #2137, #4085, #1199 ) ) ;
#2338 = CARTESIAN_POINT ( 'NONE',  ( 0.5000000000000036637, -3.164382253287481461, -12.50000000000000000 ) ) ;
#2339 =( BOUNDED_CURVE ( )  B_SPLINE_CURVE ( 3, ( #2388, #3150, #1950, #5357 ),
 .UNSPECIFIED., .F., .F. ) 
 B_SPLINE_CURVE_WITH_KNOTS ( ( 4, 4 ),
 ( 0.000000000000000000, 0.7370961803085813724 ),
 .UNSPECIFIED. ) 
 CURVE ( )  GEOMETRIC_REPRESENTATION_ITEM ( )  RATIONAL_B_SPLINE_CURVE ( ( 1.000000000000000000, 0.9552342638233850547, 0.9552342638233850547, 1.000000000000000000 ) ) 
 REPRESENTATION_ITEM ( '' )  );
#2340 = ORIENTED_EDGE ( 'NONE', *, *, #4328, .T. ) ;
#2341 = CARTESIAN_POINT ( 'NONE',  ( -2.299999999999995826, 3.189585744412914980, -12.50000000000000000 ) ) ;
#2342 = B_SPLINE_CURVE_WITH_KNOTS ( 'NONE', 3,
 ( #4095, #231, #1966, #2348 ),
 .UNSPECIFIED., .F., .F.,
 ( 4, 4 ),
 ( 0.001281169991378801939, 0.002081069407171961573 ),
 .UNSPECIFIED. ) ;
#2343 = ADVANCED_FACE ( 'NONE', ( #4306 ), #1209, .F. ) ;
#2344 = CARTESIAN_POINT ( 'NONE',  ( -9.386737788622827594, 2.534753694037974014, -11.50000000000000000 ) ) ;
#2345 = CARTESIAN_POINT ( 'NONE',  ( -5.499999999999996447, -3.099999999999989875, 8.118446157135696950 ) ) ;
#2346 = ORIENTED_EDGE ( 'NONE', *, *, #5191, .T. ) ;
#2347 = DIRECTION ( 'NONE',  ( 0.000000000000000000, 1.000000000000000000, 0.000000000000000000 ) ) ;
#2348 = CARTESIAN_POINT ( 'NONE',  ( 0.5000000000000038858, -3.099999999999989875, 7.853012644342974191 ) ) ;
#2349 = VERTEX_POINT ( 'NONE', #4222 ) ;
#2350 = EDGE_CURVE ( 'NONE', #3164, #183, #867, .T. ) ;
#2351 = DIRECTION ( 'NONE',  ( 0.000000000000000000, -0.000000000000000000, -1.000000000000000000 ) ) ;
#2352 = DIRECTION ( 'NONE',  ( 0.000000000000000000, -1.000000000000000000, 0.000000000000000000 ) ) ;
#2353 = CARTESIAN_POINT ( 'NONE',  ( -5.499999999999996447, -3.099999999999989875, -12.11844615713769358 ) ) ;
#2354 = CARTESIAN_POINT ( 'NONE',  ( 4.500000000000003553, 3.207256685805583540, -11.88606685664306006 ) ) ;
#2355 = CARTESIAN_POINT ( 'NONE',  ( 4.500000000000003553, -3.099999999999989875, 8.049136394081322976 ) ) ;
#2356 = ORIENTED_EDGE ( 'NONE', *, *, #1919, .F. ) ;
#2357 = ADVANCED_FACE ( 'NONE', ( #16 ), #4246, .T. ) ;
#2358 = CARTESIAN_POINT ( 'NONE',  ( 4.233362348769390771, -3.099999999999989875, -12.03090548347898547 ) ) ;
#2359 = ADVANCED_FACE ( 'NONE', ( #2589 ), #1666, .F. ) ;
#2360 = CARTESIAN_POINT ( 'NONE',  ( 6.201183617338857701, 3.099999999999989875, -12.16587770879693942 ) ) ;
#2361 = PLANE ( 'NONE',  #936 ) ;
#2362 = DIRECTION ( 'NONE',  ( 1.000000000000000000, 0.000000000000000000, -0.000000000000000000 ) ) ;
#2363 = CARTESIAN_POINT ( 'NONE',  ( 8.500000000000003553, 3.099999999999989875, 8.288594242012445434 ) ) ;
#2364 = CARTESIAN_POINT ( 'NONE',  ( 3.700000000000003730, -3.999999999999989786, 12.50013049999998138 ) ) ;
#2365 = ORIENTED_EDGE ( 'NONE', *, *, #5558, .F. ) ;
#2366 = LINE ( 'NONE', #3641, #3014 ) ;
#2367 = ORIENTED_EDGE ( 'NONE', *, *, #5316, .F. ) ;
#2368 = CARTESIAN_POINT ( 'NONE',  ( 16.97632010658615442, -3.965635963044011003, 7.596226922422529171 ) ) ;
#2369 = EDGE_LOOP ( 'NONE', ( #2197, #1640, #576, #4352 ) ) ;
#2370 = B_SPLINE_CURVE_WITH_KNOTS ( 'NONE', 3,
 ( #2060, #3780, #1214, #4969 ),
 .UNSPECIFIED., .F., .F.,
 ( 4, 4 ),
 ( 0.000000000000000000, 0.0007214609635865526114 ),
 .UNSPECIFIED. ) ;
#2371 = CARTESIAN_POINT ( 'NONE',  ( -3.499999999999996003, -3.099999999999989875, 12.50013049999998138 ) ) ;
#2372 = LINE ( 'NONE', #590, #4128 ) ;
#2373 = ORIENTED_EDGE ( 'NONE', *, *, #1262, .F. ) ;
#2374 = CARTESIAN_POINT ( 'NONE',  ( -2.299999999999996270, 3.189585744412904322, -11.64339112263752796 ) ) ;
#2375 = FACE_OUTER_BOUND ( 'NONE', #2958, .T. ) ;
#2376 = VERTEX_POINT ( 'NONE', #4758 ) ;
#2377 = CARTESIAN_POINT ( 'NONE',  ( -7.499999999999998224, -3.099999999999989875, -12.24058408028005651 ) ) ;
#2378 = CARTESIAN_POINT ( 'NONE',  ( -3.499999999999996003, 3.099999999999989875, -11.98290071708176363 ) ) ;
#2379 = PLANE ( 'NONE',  #861 ) ;
#2380 = TOROIDAL_SURFACE ( 'NONE', #1765, 2.000000000000000000, 1.000000000000000000 ) ;
#2381 = DIRECTION ( 'NONE',  ( -1.000000000000000000, 0.000000000000000000, 0.000000000000000000 ) ) ;
#2382 = EDGE_CURVE ( 'NONE', #3648, #4994, #3824, .T. ) ;
#2383 = EDGE_LOOP ( 'NONE', ( #672, #2836, #4537, #5063 ) ) ;
#2384 = DIRECTION ( 'NONE',  ( -1.000000000000000000, 0.000000000000000000, 0.000000000000000000 ) ) ;
#2385 = CIRCLE ( 'NONE', #5188, 7.500000000000003553 ) ;
#2386 = CARTESIAN_POINT ( 'NONE',  ( 6.389289979609071857, -3.365102284549080558, -11.49999999627917902 ) ) ;
#2387 = DIRECTION ( 'NONE',  ( 0.000000000000000000, 0.000000000000000000, 1.000000000000000000 ) ) ;
#2388 = CARTESIAN_POINT ( 'NONE',  ( -6.299999999999996270, 3.359999999999990106, 7.499999999999996447 ) ) ;
#2389 = ADVANCED_FACE ( 'NONE', ( #1325 ), #1043, .T. ) ;
#2390 = EDGE_CURVE ( 'NONE', #3279, #3020, #3734, .T. ) ;
#2391 = CARTESIAN_POINT ( 'NONE',  ( -4.033364818500836613, -3.099999999999989875, -12.01747346344054002 ) ) ;
#2392 = ORIENTED_EDGE ( 'NONE', *, *, #1605, .T. ) ;
#2393 = AXIS2_PLACEMENT_3D ( 'NONE', #1599, #1566, #2963 ) ;
#2394 = PLANE ( 'NONE',  #4909 ) ;
#2395 = ORIENTED_EDGE ( 'NONE', *, *, #43, .F. ) ;
#2396 = PLANE ( 'NONE',  #1037 ) ;
#2397 = ORIENTED_EDGE ( 'NONE', *, *, #1326, .F. ) ;
#2398 = AXIS2_PLACEMENT_3D ( 'NONE', #1360, #3973, #3039 ) ;
#2399 = VECTOR ( 'NONE', #230, 1000.000000000000000 ) ;
#2400 = CARTESIAN_POINT ( 'NONE',  ( -7.855783793013474181, 3.099999999999991207, 8.044204038080433605 ) ) ;
#2401 = DIRECTION ( 'NONE',  ( -0.000000000000000000, -0.000000000000000000, -1.000000000000000000 ) ) ;
#2402 = EDGE_LOOP ( 'NONE', ( #5423, #4125, #2503, #2131, #280, #239, #5244 ) ) ;
#2403 = CARTESIAN_POINT ( 'NONE',  ( 1.908195823574487804E-14, -103.1631322454748840, 7.500000000000000000 ) ) ;
#2404 = CARTESIAN_POINT ( 'NONE',  ( -2.033393655704740510, 3.099999999999989875, -11.90016131478761174 ) ) ;
#2405 = ORIENTED_EDGE ( 'NONE', *, *, #4257, .T. ) ;
#2406 = CARTESIAN_POINT ( 'NONE',  ( 9.386737788622825818, 2.534753694037974903, -8.500000000000000000 ) ) ;
#2407 = CARTESIAN_POINT ( 'NONE',  ( -10.38673778862282404, -2.534753694037973570, -10.59999999999999964 ) ) ;
#2408 = DIRECTION ( 'NONE',  ( 0.9983713344239767418, 0.05704979053851286230, -0.000000000000000000 ) ) ;
#2409 = CARTESIAN_POINT ( 'NONE',  ( -7.405459357413312738, -3.369013092162968626, 8.500000000000000000 ) ) ;
#2410 = ORIENTED_EDGE ( 'NONE', *, *, #177, .T. ) ;
#2411 = AXIS2_PLACEMENT_3D ( 'NONE', #4605, #2831, #691 ) ;
#2412 = B_SPLINE_CURVE_WITH_KNOTS ( 'NONE', 3,
 ( #632, #2326, #180, #4811 ),
 .UNSPECIFIED., .F., .F.,
 ( 4, 4 ),
 ( 0.001181848989954094277, 0.001744023655932918585 ),
 .UNSPECIFIED. ) ;
#2413 = FACE_OUTER_BOUND ( 'NONE', #3810, .T. ) ;
#2414 = EDGE_CURVE ( 'NONE', #3632, #5488, #1725, .T. ) ;
#2415 = CARTESIAN_POINT ( 'NONE',  ( 9.456037423296239197, -3.540344995616778068, -11.38288923351763415 ) ) ;
#2416 = AXIS2_PLACEMENT_3D ( 'NONE', #4316, #2176, #4819 ) ;
#2417 = DIRECTION ( 'NONE',  ( -0.000000000000000000, -0.000000000000000000, -1.000000000000000000 ) ) ;
#2418 = CARTESIAN_POINT ( 'NONE',  ( 9.329687998084313705, 3.533125028461951977, -8.688361229735786395 ) ) ;
#2419 = VERTEX_POINT ( 'NONE', #1273 ) ;
#2420 = CARTESIAN_POINT ( 'NONE',  ( 0.5000000000000036637, 3.164382253287481461, -12.50000000000000000 ) ) ;
#2421 = VECTOR ( 'NONE', #36, 999.9999999999998863 ) ;
#2422 = EDGE_CURVE ( 'NONE', #4304, #4153, #5553, .T. ) ;
#2423 = CARTESIAN_POINT ( 'NONE',  ( 10.21165997501151601, 3.099999999999989875, -8.500000000000000000 ) ) ;
#2424 = LINE ( 'NONE', #4146, #5186 ) ;
#2425 = ORIENTED_EDGE ( 'NONE', *, *, #1301, .F. ) ;
#2426 = AXIS2_PLACEMENT_3D ( 'NONE', #532, #4880, #2681 ) ;
#2427 = ORIENTED_EDGE ( 'NONE', *, *, #5429, .T. ) ;
#2428 = EDGE_CURVE ( 'NONE', #2898, #4660, #2977, .T. ) ;
#2429 = EDGE_CURVE ( 'NONE', #5030, #4887, #4289, .T. ) ;
#2430 = CARTESIAN_POINT ( 'NONE',  ( 9.329687998084308376, -3.533125028461950645, -12.50000000000000000 ) ) ;
#2431 = PLANE ( 'NONE',  #2152 ) ;
#2432 = ORIENTED_EDGE ( 'NONE', *, *, #2574, .F. ) ;
#2433 = CARTESIAN_POINT ( 'NONE',  ( 6.300693565962746767, -3.099999999999989875, -12.17223834217087663 ) ) ;
#2434 = ORIENTED_EDGE ( 'NONE', *, *, #1888, .F. ) ;
#2435 = B_SPLINE_CURVE_WITH_KNOTS ( 'NONE', 3,
 ( #4570, #714, #4205, #1681 ),
 .UNSPECIFIED., .F., .F.,
 ( 4, 4 ),
 ( 0.001666133876955996733, 0.002060349206985067922 ),
 .UNSPECIFIED. ) ;
#2436 = VERTEX_POINT ( 'NONE', #1696 ) ;
#2437 = CARTESIAN_POINT ( 'NONE',  ( 8.500000000000003553, 3.099999999999989875, 8.288594242012445434 ) ) ;
#2438 = CARTESIAN_POINT ( 'NONE',  ( 9.700000000000004619, -3.099999999999989875, -10.33799286859240674 ) ) ;
#2439 = CARTESIAN_POINT ( 'NONE',  ( -6.100264014486759478, 3.099999999999989875, 8.159588188817156862 ) ) ;
#2440 = FACE_OUTER_BOUND ( 'NONE', #5207, .T. ) ;
#2441 = VERTEX_POINT ( 'NONE', #4699 ) ;
#2442 = CYLINDRICAL_SURFACE ( 'NONE', #5535, 0.9999999999999991118 ) ;
#2443 = DIRECTION ( 'NONE',  ( 0.000000000000000000, 0.000000000000000000, -1.000000000000000000 ) ) ;
#2444 = DIRECTION ( 'NONE',  ( 1.000000000000000000, 0.000000000000000000, 0.000000000000000000 ) ) ;
#2445 = CARTESIAN_POINT ( 'NONE',  ( -17.50000000000000000, -4.898587196589413026E-15, 5.500000000000000888 ) ) ;
#2446 = CARTESIAN_POINT ( 'NONE',  ( 8.500000000000003553, 3.237315483276073103, -11.43446619360288352 ) ) ;
#2447 = ORIENTED_EDGE ( 'NONE', *, *, #3464, .F. ) ;
#2448 = DIRECTION ( 'NONE',  ( -0.000000000000000000, -0.000000000000000000, -1.000000000000000000 ) ) ;
#2449 = CARTESIAN_POINT ( 'NONE',  ( 10.21165997501151246, 3.099999999999989431, -8.823892390815004205 ) ) ;
#2450 = CARTESIAN_POINT ( 'NONE',  ( 1.908195823574487804E-14, -103.1631322454748840, 7.500000000000000000 ) ) ;
#2451 = VERTEX_POINT ( 'NONE', #836 ) ;
#2452 = ADVANCED_FACE ( 'NONE', ( #2554 ), #2479, .T. ) ;
#2453 = ORIENTED_EDGE ( 'NONE', *, *, #3524, .F. ) ;
#2454 = CARTESIAN_POINT ( 'NONE',  ( -0.2999999999999963252, -3.163582246487384175, 7.499999999999996447 ) ) ;
#2455 = CARTESIAN_POINT ( 'NONE',  ( 5.700000000000003730, -3.325714410276420896, -11.50000000000000000 ) ) ;
#2456 = VERTEX_POINT ( 'NONE', #4020 ) ;
#2457 = CARTESIAN_POINT ( 'NONE',  ( -9.499999999999996447, -3.528318826011692000, -10.59999999999999964 ) ) ;
#2458 = EDGE_CURVE ( 'NONE', #1737, #4395, #489, .T. ) ;
#2459 = EDGE_CURVE ( 'NONE', #2916, #2699, #3265, .T. ) ;
#2460 = VERTEX_POINT ( 'NONE', #3139 ) ;
#2461 = VERTEX_POINT ( 'NONE', #151 ) ;
#2462 = DIRECTION ( 'NONE',  ( 0.000000000000000000, -1.000000000000000000, 0.000000000000000000 ) ) ;
#2463 = DIRECTION ( 'NONE',  ( 0.05704979053851286230, 0.9983713344239767418, 0.000000000000000000 ) ) ;
#2464 = CARTESIAN_POINT ( 'NONE',  ( 0.5000000000000038858, 3.142544687945791893, 7.740254353691033096 ) ) ;
#2465 = CARTESIAN_POINT ( 'NONE',  ( -8.818942563670141510, -2.788981394140738423, 7.231134766983084106 ) ) ;
#2466 = VERTEX_POINT ( 'NONE', #2667 ) ;
#2467 = DIRECTION ( 'NONE',  ( 0.000000000000000000, 0.000000000000000000, 1.000000000000000000 ) ) ;
#2468 = CARTESIAN_POINT ( 'NONE',  ( 7.551436086884225851, -3.431510633536231314, -11.20403316456750531 ) ) ;
#2469 = LINE ( 'NONE', #3750, #5509 ) ;
#2470 = FACE_OUTER_BOUND ( 'NONE', #4089, .T. ) ;
#2471 = ORIENTED_EDGE ( 'NONE', *, *, #1078, .T. ) ;
#2472 = AXIS2_PLACEMENT_3D ( 'NONE', #5464, #1615, #750 ) ;
#2473 = DIRECTION ( 'NONE',  ( -0.000000000000000000, -0.000000000000000000, 1.000000000000000000 ) ) ;
#2474 = CIRCLE ( 'NONE', #3925, 7.500000000000000000 ) ;
#2475 = DIRECTION ( 'NONE',  ( 0.9983713344239766307, 0.05704979053851286230, -0.000000000000000000 ) ) ;
#2476 = AXIS2_PLACEMENT_3D ( 'NONE', #2101, #3820, #5538 ) ;
#2477 = LINE ( 'NONE', #4199, #4911 ) ;
#2478 = ORIENTED_EDGE ( 'NONE', *, *, #2017, .T. ) ;
#2479 = TOROIDAL_SURFACE ( 'NONE', #1138, 11.50000000000000355, 4.000000000000000000 ) ;
#2480 = EDGE_LOOP ( 'NONE', ( #2497, #1766, #2515, #3771, #5434, #319 ) ) ;
#2481 = CARTESIAN_POINT ( 'NONE',  ( -10.38673778862283115, 2.534753694037974014, -10.59999999999999964 ) ) ;
#2482 = CARTESIAN_POINT ( 'NONE',  ( -8.299999999999998934, 3.474285714285703985, 4.300000000000000711 ) ) ;
#2483 = CYLINDRICAL_SURFACE ( 'NONE', #3860, 2.149999999999999023 ) ;
#2484 = EDGE_CURVE ( 'NONE', #5439, #5359, #5293, .T. ) ;
#2485 = AXIS2_PLACEMENT_3D ( 'NONE', #1727, #3857, #3062 ) ;
#2486 = ORIENTED_EDGE ( 'NONE', *, *, #2908, .F. ) ;
#2487 = DIRECTION ( 'NONE',  ( -1.000000000000000000, 0.000000000000000000, 0.000000000000000000 ) ) ;
#2488 = AXIS2_PLACEMENT_3D ( 'NONE', #1100, #609, #1415 ) ;
#2489 = ORIENTED_EDGE ( 'NONE', *, *, #3529, .T. ) ;
#2490 = B_SPLINE_CURVE_WITH_KNOTS ( 'NONE', 3,
 ( #2847, #224, #3216, #3271, #4910, #1106, #4998, #194, #252, #2311, #1046, #1017, #2368, #1930, #167, #2822, #3243, #3675 ),
 .UNSPECIFIED., .F., .F.,
 ( 4, 2, 2, 2, 2, 2, 2, 2, 4 ),
 ( 0.000000000000000000, 0.0007241154174838437211, 0.001448230834967687442, 0.002172346252451531380, 0.002534403961193453132, 0.002715432815564414442, 0.002805947242749894446, 0.002851204456342634665, 0.002896461669935374884 ),
 .UNSPECIFIED. ) ;
#2491 = EDGE_CURVE ( 'NONE', #2650, #2582, #1433, .T. ) ;
#2492 = VERTEX_POINT ( 'NONE', #4786 ) ;
#2493 = CARTESIAN_POINT ( 'NONE',  ( 1.966755976299269015, -3.099999999999989875, -11.89699315203475649 ) ) ;
#2494 = CARTESIAN_POINT ( 'NONE',  ( 6.500000000000005329, 3.371428571428563892, 7.757446516211846443 ) ) ;
#2495 = CARTESIAN_POINT ( 'NONE',  ( 6.499999999974297893, -3.371428571427093068, -11.48468986539055692 ) ) ;
#2496 = DIRECTION ( 'NONE',  ( -0.000000000000000000, -0.000000000000000000, -1.000000000000000000 ) ) ;
#2497 = ORIENTED_EDGE ( 'NONE', *, *, #2010, .T. ) ;
#2498 = EDGE_CURVE ( 'NONE', #2793, #2092, #3965, .T. ) ;
#2499 = CARTESIAN_POINT ( 'NONE',  ( 2.500000000000003997, 3.194387129813855086, 7.647183999800192034 ) ) ;
#2500 = CARTESIAN_POINT ( 'NONE',  ( 2.500000000000003997, 3.099999999999989875, -11.92404238779909775 ) ) ;
#2501 = B_SPLINE_CURVE_WITH_KNOTS ( 'NONE', 3,
 ( #2668, #4385, #1832, #3537 ),
 .UNSPECIFIED., .F., .F.,
 ( 4, 4 ),
 ( 0.001048736902766147410, 0.001066673533599559257 ),
 .UNSPECIFIED. ) ;
#2502 = CARTESIAN_POINT ( 'NONE',  ( 0.000000000000000000, -2.999999999999991118, -2.400000000000001243 ) ) ;
#2503 = ORIENTED_EDGE ( 'NONE', *, *, #2594, .F. ) ;
#2504 = LINE ( 'NONE', #5026, #124 ) ;
#2505 = AXIS2_PLACEMENT_3D ( 'NONE', #3313, #4157, #3228 ) ;
#2506 = VERTEX_POINT ( 'NONE', #4893 ) ;
#2507 = DIRECTION ( 'NONE',  ( 0.000000000000000000, 0.000000000000000000, -1.000000000000000000 ) ) ;
#2508 = EDGE_LOOP ( 'NONE', ( #2678, #3077, #5103, #3853, #4925, #147, #3822, #2147, #307, #2069, #2447, #1825, #5588 ) ) ;
#2509 = ORIENTED_EDGE ( 'NONE', *, *, #3916, .F. ) ;
#2510 = AXIS2_PLACEMENT_3D ( 'NONE', #3547, #5273, #986 ) ;
#2511 = CARTESIAN_POINT ( 'NONE',  ( -15.35000000000000320, -4.898587196589413026E-15, 4.300000000000001599 ) ) ;
#2512 = B_SPLINE_CURVE_WITH_KNOTS ( 'NONE', 3,
 ( #2071, #2993, #766, #4208 ),
 .UNSPECIFIED., .F., .F.,
 ( 4, 4 ),
 ( 0.001181848989954099481, 0.001744023655932929861 ),
 .UNSPECIFIED. ) ;
#2513 = CARTESIAN_POINT ( 'NONE',  ( -5.717893271169966596, 3.099999999999989875, -12.13363453504173606 ) ) ;
#2514 = DIRECTION ( 'NONE',  ( -1.000000000000000000, 0.000000000000000000, 0.000000000000000000 ) ) ;
#2515 = ORIENTED_EDGE ( 'NONE', *, *, #2982, .F. ) ;
#2516 = AXIS2_PLACEMENT_3D ( 'NONE', #5381, #4160, #3660 ) ;
#2517 = CARTESIAN_POINT ( 'NONE',  ( -3.499999999999996003, -3.224401014785341690, -11.50000000000000000 ) ) ;
#2518 = ORIENTED_EDGE ( 'NONE', *, *, #5501, .F. ) ;
#2519 =( BOUNDED_CURVE ( )  B_SPLINE_CURVE ( 3, ( #3834, #2565, #4593, #757 ),
 .UNSPECIFIED., .F., .F. ) 
 B_SPLINE_CURVE_WITH_KNOTS ( ( 4, 4 ),
 ( 0.000000000000000000, 0.8492402424668655803 ),
 .UNSPECIFIED. ) 
 CURVE ( )  GEOMETRIC_REPRESENTATION_ITEM ( )  RATIONAL_B_SPLINE_CURVE ( ( 1.000000000000000000, 0.9407968660834887809, 0.9407968660834887809, 1.000000000000000000 ) ) 
 REPRESENTATION_ITEM ( '' )  );
#2520 = ORIENTED_EDGE ( 'NONE', *, *, #5395, .F. ) ;
#2521 = DIRECTION ( 'NONE',  ( -0.000000000000000000, 0.000000000000000000, -1.000000000000000000 ) ) ;
#2522 = DIRECTION ( 'NONE',  ( 0.000000000000000000, 0.000000000000000000, -1.000000000000000000 ) ) ;
#2523 = CARTESIAN_POINT ( 'NONE',  ( 5.700000000000003730, -3.099999999999989875, 12.50013049999998138 ) ) ;
#2524 = ADVANCED_FACE ( 'NONE', ( #4866 ), #1026, .F. ) ;
#2525 = ORIENTED_EDGE ( 'NONE', *, *, #874, .T. ) ;
#2526 = CARTESIAN_POINT ( 'NONE',  ( -17.50000000000000355, 3.999999999999989786, -10.59999999999999964 ) ) ;
#2527 = CARTESIAN_POINT ( 'NONE',  ( 5.762028844389818438, 2.327627468653231446, -11.50000000000000000 ) ) ;
#2528 = CARTESIAN_POINT ( 'NONE',  ( 7.700000000000004619, 3.439999999999990177, -11.12311728521710208 ) ) ;
#2529 = CARTESIAN_POINT ( 'NONE',  ( 6.400299209560009750, 3.099999999999988987, -12.17463593338683481 ) ) ;
#2530 = CARTESIAN_POINT ( 'NONE',  ( 17.50000000000000000, -4.898587196589413026E-15, -8.500000000000000000 ) ) ;
#2531 = EDGE_CURVE ( 'NONE', #4161, #3959, #1530, .T. ) ;
#2532 = EDGE_CURVE ( 'NONE', #743, #5478, #3596, .T. ) ;
#2533 = VERTEX_POINT ( 'NONE', #2246 ) ;
#2534 = CARTESIAN_POINT ( 'NONE',  ( -0.2999999999999964362, 3.163582246487386396, -11.50000000000000000 ) ) ;
#2535 = CARTESIAN_POINT ( 'NONE',  ( 0.05704979053851286230, 2.001628665576014487, 7.500000000000000000 ) ) ;
#2536 = FACE_OUTER_BOUND ( 'NONE', #2231, .T. ) ;
#2537 = ORIENTED_EDGE ( 'NONE', *, *, #3838, .T. ) ;
#2538 = PLANE ( 'NONE',  #981 ) ;
#2539 = EDGE_LOOP ( 'NONE', ( #1399, #5061, #2405, #5307 ) ) ;
#2540 = CARTESIAN_POINT ( 'NONE',  ( 7.700000000000003730, -3.099999999999989875, -11.95923320765310294 ) ) ;
#2541 = CARTESIAN_POINT ( 'NONE',  ( -9.386737788622829370, 2.534753694037974903, -11.50000000000000000 ) ) ;
#2542 = CARTESIAN_POINT ( 'NONE',  ( -9.386737788622827594, 2.534753694037974459, -11.50000000000000000 ) ) ;
#2543 = ORIENTED_EDGE ( 'NONE', *, *, #1302, .F. ) ;
#2544 = CARTESIAN_POINT ( 'NONE',  ( -9.499999999999996447, 3.542857142857132935, 4.299999999999994493 ) ) ;
#2545 = CIRCLE ( 'NONE', #3448, 1.000000000000000888 ) ;
#2546 = VERTEX_POINT ( 'NONE', #2640 ) ;
#2547 = ORIENTED_EDGE ( 'NONE', *, *, #1398, .F. ) ;
#2548 = CARTESIAN_POINT ( 'NONE',  ( 8.041666964557036223, -2.328694262026374417, -12.10174484088580016 ) ) ;
#2549 = CARTESIAN_POINT ( 'NONE',  ( 10.12612938305940524, 2.248856892003420871, -9.803376252711194283 ) ) ;
#2550 = DIRECTION ( 'NONE',  ( -0.000000000000000000, -0.000000000000000000, -1.000000000000000000 ) ) ;
#2551 = ORIENTED_EDGE ( 'NONE', *, *, #3778, .T. ) ;
#2552 =( BOUNDED_CURVE ( )  B_SPLINE_CURVE ( 3, ( #3229, #4958, #1092, #4524 ),
 .UNSPECIFIED., .F., .T. ) 
 B_SPLINE_CURVE_WITH_KNOTS ( ( 4, 4 ),
 ( 3.827834890505080079, 3.878688833898374266 ),
 .UNSPECIFIED. ) 
 CURVE ( )  GEOMETRIC_REPRESENTATION_ITEM ( )  RATIONAL_B_SPLINE_CURVE ( ( 1.000000000000000000, 0.9997845013143678017, 0.9997845013143678017, 1.000000000000000000 ) ) 
 REPRESENTATION_ITEM ( '' )  );
#2553 = CARTESIAN_POINT ( 'NONE',  ( 8.628448321968541279, -3.493054189826763078, -10.38680985147875191 ) ) ;
#2554 = FACE_OUTER_BOUND ( 'NONE', #1418, .T. ) ;
#2555 = EDGE_CURVE ( 'NONE', #5495, #1829, #2995, .T. ) ;
#2556 = CARTESIAN_POINT ( 'NONE',  ( -9.329687998084313705, 3.533125028461951089, -12.50000000000000000 ) ) ;
#2557 = DIRECTION ( 'NONE',  ( -0.9983713344239767418, 0.05704979053851286230, 0.000000000000000000 ) ) ;
#2558 = LINE ( 'NONE', #3036, #347 ) ;
#2559 = ORIENTED_EDGE ( 'NONE', *, *, #1948, .T. ) ;
#2560 = LINE ( 'NONE', #4252, #220 ) ;
#2561 = B_SPLINE_CURVE_WITH_KNOTS ( 'NONE', 3,
 ( #5366, #4565, #709, #5393, #1986, #5308 ),
 .UNSPECIFIED., .F., .F.,
 ( 4, 2, 4 ),
 ( 0.000000000000000000, 0.0005711208794100051511, 0.001142241758820010302 ),
 .UNSPECIFIED. ) ;
#2562 = EDGE_CURVE ( 'NONE', #5265, #1134, #1598, .T. ) ;
#2563 = CARTESIAN_POINT ( 'NONE',  ( 9.329687998084311928, 3.533125028461951089, -8.500000000000000000 ) ) ;
#2564 = EDGE_CURVE ( 'NONE', #570, #4818, #975, .T. ) ;
#2565 = CARTESIAN_POINT ( 'NONE',  ( 7.700000000000003730, -3.439999999999991065, 7.791933134971740671 ) ) ;
#2566 = ORIENTED_EDGE ( 'NONE', *, *, #5564, .T. ) ;
#2567 = CARTESIAN_POINT ( 'NONE',  ( 6.917510225294129178, 3.395286298588226614, -11.42300856945472454 ) ) ;
#2568 = AXIS2_PLACEMENT_3D ( 'NONE', #5128, #5489, #2080 ) ;
#2569 = VERTEX_POINT ( 'NONE', #5237 ) ;
#2570 = CARTESIAN_POINT ( 'NONE',  ( 8.280416015401009133, 3.473166629451429177, -12.13721803519600684 ) ) ;
#2571 = VECTOR ( 'NONE', #86, 1000.000000000000000 ) ;
#2572 = DIRECTION ( 'NONE',  ( -0.000000000000000000, -0.000000000000000000, 1.000000000000000000 ) ) ;
#2573 = AXIS2_PLACEMENT_3D ( 'NONE', #3458, #2783, #1379 ) ;
#2574 = EDGE_CURVE ( 'NONE', #4589, #2492, #2190, .T. ) ;
#2575 = ORIENTED_EDGE ( 'NONE', *, *, #706, .T. ) ;
#2576 = CARTESIAN_POINT ( 'NONE',  ( -7.272790381312479013, -2.377852690017909332, 8.500000000000000000 ) ) ;
#2577 = VECTOR ( 'NONE', #3886, 1000.000000000000000 ) ;
#2578 = B_SPLINE_CURVE_WITH_KNOTS ( 'NONE', 3,
 ( #269, #694, #3716, #2355 ),
 .UNSPECIFIED., .F., .F.,
 ( 4, 4 ),
 ( 0.001283069870068841373, 0.002084842108491795354 ),
 .UNSPECIFIED. ) ;
#2579 = ORIENTED_EDGE ( 'NONE', *, *, #1227, .F. ) ;
#2580 = AXIS2_PLACEMENT_3D ( 'NONE', #4644, #701, #2867 ) ;
#2581 = AXIS2_PLACEMENT_3D ( 'NONE', #1021, #3935, #3055 ) ;
#2582 = VERTEX_POINT ( 'NONE', #1377 ) ;
#2583 = DIRECTION ( 'NONE',  ( 0.000000000000000000, 0.000000000000000000, -1.000000000000000000 ) ) ;
#2584 = CARTESIAN_POINT ( 'NONE',  ( 10.34123922525543016, 2.236547377092330091, -8.767313507159137487 ) ) ;
#2585 = CARTESIAN_POINT ( 'NONE',  ( -10.01689148877151325, -0.5894037275411115884, 5.727547441705048925 ) ) ;
#2586 = AXIS2_PLACEMENT_3D ( 'NONE', #499, #2703, #3946 ) ;
#2587 = ORIENTED_EDGE ( 'NONE', *, *, #3882, .T. ) ;
#2588 = PRESENTATION_STYLE_ASSIGNMENT (( #4245 ) ) ;
#2589 = FACE_OUTER_BOUND ( 'NONE', #814, .T. ) ;
#2590 = CARTESIAN_POINT ( 'NONE',  ( 9.386737788622825818, 2.534753694037974459, -2.400000000000001243 ) ) ;
#2591 = CYLINDRICAL_SURFACE ( 'NONE', #3479, 3.999999999999994671 ) ;
#2592 = CARTESIAN_POINT ( 'NONE',  ( -7.501676226798215552, 2.339799230705390976, 8.500000000000000000 ) ) ;
#2593 = ORIENTED_EDGE ( 'NONE', *, *, #2017, .F. ) ;
#2594 = EDGE_CURVE ( 'NONE', #3959, #2705, #4254, .T. ) ;
#2595 = DIRECTION ( 'NONE',  ( 0.000000000000000000, 1.000000000000000000, 0.000000000000000000 ) ) ;
#2596 = CYLINDRICAL_SURFACE ( 'NONE', #591, 100.0000000000000000 ) ;
#2597 = ORIENTED_EDGE ( 'NONE', *, *, #2806, .T. ) ;
#2598 = CARTESIAN_POINT ( 'NONE',  ( -5.762028844389782023, 2.327627468653229670, 7.500000000000000000 ) ) ;
#2599 = ORIENTED_EDGE ( 'NONE', *, *, #1001, .T. ) ;
#2600 = EDGE_CURVE ( 'NONE', #3443, #363, #3461, .T. ) ;
#2601 = DIRECTION ( 'NONE',  ( -0.000000000000000000, -0.000000000000000000, -1.000000000000000000 ) ) ;
#2602 = AXIS2_PLACEMENT_3D ( 'NONE', #3706, #3221, #3680 ) ;
#2603 = CARTESIAN_POINT ( 'NONE',  ( 4.500000000000003553, -3.207256685805818019, -11.88606685664227847 ) ) ;
#2604 = ORIENTED_EDGE ( 'NONE', *, *, #4015, .T. ) ;
#2605 = PLANE ( 'NONE',  #2295 ) ;
#2606 = AXIS2_PLACEMENT_3D ( 'NONE', #1951, #2058, #1618 ) ;
#2607 = EDGE_CURVE ( 'NONE', #1689, #367, #4983, .T. ) ;
#2608 = EDGE_CURVE ( 'NONE', #229, #2664, #202, .T. ) ;
#2609 = CIRCLE ( 'NONE', #1080, 0.9999999999999997780 ) ;
#2610 = ORIENTED_EDGE ( 'NONE', *, *, #5332, .F. ) ;
#2611 = CARTESIAN_POINT ( 'NONE',  ( 13.50000000000000711, 5.817072295949927426E-15, 12.50000000000000000 ) ) ;
#2612 = CARTESIAN_POINT ( 'NONE',  ( 9.312175391853443784, 2.287786909015119274, -11.16001323051195904 ) ) ;
#2613 = CARTESIAN_POINT ( 'NONE',  ( -10.00532316365057994, -0.2825227755198514434, 5.500000000000000888 ) ) ;
#2614 = ORIENTED_EDGE ( 'NONE', *, *, #2010, .F. ) ;
#2615 = PLANE ( 'NONE',  #571 ) ;
#2616 = CARTESIAN_POINT ( 'NONE',  ( 1.908195823574487804E-14, -103.1631322454748840, 7.500000000000000000 ) ) ;
#2617 = LINE ( 'NONE', #2108, #1593 ) ;
#2618 = CARTESIAN_POINT ( 'NONE',  ( 17.50000000000000000, 5.817072295949927426E-15, 12.50000000000000000 ) ) ;
#2619 = CARTESIAN_POINT ( 'NONE',  ( -2.299999999999996270, -3.189585744412901214, -11.50000000000000000 ) ) ;
#2620 = VERTEX_POINT ( 'NONE', #3656 ) ;
#2621 = CARTESIAN_POINT ( 'NONE',  ( -9.386737788622827594, 2.534753694037974014, -11.50000000000000000 ) ) ;
#2622 = EDGE_CURVE ( 'NONE', #4768, #503, #3627, .T. ) ;
#2623 = ORIENTED_EDGE ( 'NONE', *, *, #2739, .T. ) ;
#2624 = CARTESIAN_POINT ( 'NONE',  ( 10.58523786723027094, -3.604870735270343296, -9.696688403044912974 ) ) ;
#2625 = ORIENTED_EDGE ( 'NONE', *, *, #653, .T. ) ;
#2626 = CARTESIAN_POINT ( 'NONE',  ( 9.010050481597646765, 3.514860027519886021, -11.73271300776174186 ) ) ;
#2627 = DIRECTION ( 'NONE',  ( -1.000000000000000000, 0.000000000000000000, 0.000000000000000000 ) ) ;
#2628 = ORIENTED_EDGE ( 'NONE', *, *, #249, .T. ) ;
#2629 = DIRECTION ( 'NONE',  ( 0.9983713344239767418, 0.05704979053851286230, -0.000000000000000000 ) ) ;
#2630 = EDGE_CURVE ( 'NONE', #183, #3648, #1346, .T. ) ;
#2631 = VERTEX_POINT ( 'NONE', #235 ) ;
#2632 = CARTESIAN_POINT ( 'NONE',  ( 1.821459649775647449E-14, 103.1631322454748840, 7.500000000000000000 ) ) ;
#2633 = EDGE_CURVE ( 'NONE', #4752, #116, #1609, .T. ) ;
#2634 = DIRECTION ( 'NONE',  ( 0.000000000000000000, -1.000000000000000000, 0.000000000000000000 ) ) ;
#2635 = EDGE_CURVE ( 'NONE', #2997, #2821, #3953, .T. ) ;
#2636 = VECTOR ( 'NONE', #3377, 1000.000000000000000 ) ;
#2637 = VERTEX_POINT ( 'NONE', #2782 ) ;
#2638 = ORIENTED_EDGE ( 'NONE', *, *, #4069, .F. ) ;
#2639 = CARTESIAN_POINT ( 'NONE',  ( -0.2999999999999964362, -3.142030247193105197, -11.73871986520490296 ) ) ;
#2640 = CARTESIAN_POINT ( 'NONE',  ( 8.500000000000003553, 3.485714285714275995, -10.52047469765305543 ) ) ;
#2641 = CARTESIAN_POINT ( 'NONE',  ( 3.700000000000003730, -3.231605688536892451, -11.50000000000000000 ) ) ;
#2642 = DIRECTION ( 'NONE',  ( 0.000000000000000000, 0.000000000000000000, -1.000000000000000000 ) ) ;
#2643 = CARTESIAN_POINT ( 'NONE',  ( -8.851206194701022767, 2.789526278391275760, 8.141229518012968569 ) ) ;
#2644 = B_SPLINE_CURVE_WITH_KNOTS ( 'NONE', 3,
 ( #2294, #4018, #3595, #5236 ),
 .UNSPECIFIED., .F., .F.,
 ( 4, 4 ),
 ( 0.001712667560243626196, 0.002214630605891824977 ),
 .UNSPECIFIED. ) ;
#2645 = ORIENTED_EDGE ( 'NONE', *, *, #629, .F. ) ;
#2646 = CARTESIAN_POINT ( 'NONE',  ( -3.499999999999995115, -3.224401014785355457, -12.50000000000000000 ) ) ;
#2647 = CARTESIAN_POINT ( 'NONE',  ( 1.700000000000003508, 3.177583289638269637, -11.63307401437975308 ) ) ;
#2648 = ORIENTED_EDGE ( 'NONE', *, *, #5007, .T. ) ;
#2649 = CARTESIAN_POINT ( 'NONE',  ( 6.709300565264322280, 3.383388603729380328, -11.46420244671691968 ) ) ;
#2650 = VERTEX_POINT ( 'NONE', #2884 ) ;
#2651 = VECTOR ( 'NONE', #5372, 1000.000000000000000 ) ;
#2652 = CARTESIAN_POINT ( 'NONE',  ( 10.47695714543533008, 3.598683265453539004, -9.976186163770830007 ) ) ;
#2653 = LINE ( 'NONE', #2204, #3957 ) ;
#2654 = ORIENTED_EDGE ( 'NONE', *, *, #4521, .F. ) ;
#2655 = AXIS2_PLACEMENT_3D ( 'NONE', #5383, #240, #1527 ) ;
#2656 = DIRECTION ( 'NONE',  ( -0.000000000000000000, 0.000000000000000000, -1.000000000000000000 ) ) ;
#2657 = APPLICATION_CONTEXT ( 'automotive_design' ) ;
#2658 = AXIS2_PLACEMENT_3D ( 'NONE', #915, #3369, #4270 ) ;
#2659 = EDGE_CURVE ( 'NONE', #5525, #1901, #3688, .T. ) ;
#2660 = ORIENTED_EDGE ( 'NONE', *, *, #5162, .F. ) ;
#2661 = DIRECTION ( 'NONE',  ( -0.9983713344239767418, 0.05704979053851286230, 0.000000000000000000 ) ) ;
#2662 = FACE_OUTER_BOUND ( 'NONE', #3944, .T. ) ;
#2663 = VECTOR ( 'NONE', #2408, 999.9999999999998863 ) ;
#2664 = VERTEX_POINT ( 'NONE', #266 ) ;
#2665 = EDGE_CURVE ( 'NONE', #878, #2072, #1886, .T. ) ;
#2666 = CARTESIAN_POINT ( 'NONE',  ( 0.000000000000000000, 4.336808689942017736E-16, 8.500000000000000000 ) ) ;
#2667 = CARTESIAN_POINT ( 'NONE',  ( 10.50000000000000355, 3.099999999999989875, -2.400000000000001243 ) ) ;
#2668 = CARTESIAN_POINT ( 'NONE',  ( 5.717893271170003011, -3.099999999999989875, -12.13363453504173783 ) ) ;
#2669 = DIRECTION ( 'NONE',  ( 1.000000000000000000, 0.000000000000000000, 0.000000000000000000 ) ) ;
#2670 = LINE ( 'NONE', #5239, #1601 ) ;
#2671 = AXIS2_PLACEMENT_3D ( 'NONE', #2265, #458, #2186 ) ;
#2672 = CARTESIAN_POINT ( 'NONE',  ( -9.330657690423381112, 2.334952328013494505, 7.735663882661796720 ) ) ;
#2673 = VERTEX_POINT ( 'NONE', #1998 ) ;
#2674 = EDGE_CURVE ( 'NONE', #1134, #1339, #4099, .T. ) ;
#2675 = CARTESIAN_POINT ( 'NONE',  ( 10.50000000000000355, 3.599999999999990319, -12.50000000000000000 ) ) ;
#2676 = CARTESIAN_POINT ( 'NONE',  ( -5.499999999999996447, -3.999999999999989786, 12.50013049999998138 ) ) ;
#2677 = CARTESIAN_POINT ( 'NONE',  ( 2.500000000000003997, -3.194387129813843984, -11.50000000000000000 ) ) ;
#2678 = ORIENTED_EDGE ( 'NONE', *, *, #2077, .F. ) ;
#2679 = PLANE ( 'NONE',  #2510 ) ;
#2680 = VERTEX_POINT ( 'NONE', #2378 ) ;
#2681 = DIRECTION ( 'NONE',  ( -1.000000000000000000, 0.000000000000000000, 0.000000000000000000 ) ) ;
#2682 = EDGE_LOOP ( 'NONE', ( #4468, #2302, #535, #5520, #87, #4202 ) ) ;
#2683 = CARTESIAN_POINT ( 'NONE',  ( -7.499999999999998224, 3.099999999999989875, 12.50013049999998138 ) ) ;
#2684 = VERTEX_POINT ( 'NONE', #5406 ) ;
#2685 = AXIS2_PLACEMENT_3D ( 'NONE', #681, #3275, #1019 ) ;
#2686 = CARTESIAN_POINT ( 'NONE',  ( -9.386737788622829370, 2.534753694037974014, -10.59999999999999964 ) ) ;
#2687 = CARTESIAN_POINT ( 'NONE',  ( 9.994050984774446533, -3.099999999999989875, -9.764183927883209435 ) ) ;
#2688 = EDGE_CURVE ( 'NONE', #3043, #1472, #3255, .T. ) ;
#2689 = ORIENTED_EDGE ( 'NONE', *, *, #1440, .F. ) ;
#2690 = VECTOR ( 'NONE', #2232, 1000.000000000000000 ) ;
#2691 = CARTESIAN_POINT ( 'NONE',  ( 5.700000000000003730, 3.325714410276426225, -11.50000000000000000 ) ) ;
#2692 = CARTESIAN_POINT ( 'NONE',  ( -8.263194015818182692, 2.099160901654788525, 8.325934584452300058 ) ) ;
#2693 = DIRECTION ( 'NONE',  ( 1.000000000000000000, 8.618106228652777645E-14, 0.000000000000000000 ) ) ;
#2694 = CYLINDRICAL_SURFACE ( 'NONE', #4096, 100.0000000000000000 ) ;
#2695 = CIRCLE ( 'NONE', #4580, 101.0000000000000000 ) ;
#2696 = DIRECTION ( 'NONE',  ( -0.000000000000000000, -0.000000000000000000, 1.000000000000000000 ) ) ;
#2697 = EDGE_CURVE ( 'NONE', #232, #2916, #1800, .T. ) ;
#2698 = CARTESIAN_POINT ( 'NONE',  ( -9.118339276951784811, 2.562836573732483192, 7.945676131973831602 ) ) ;
#2699 = VERTEX_POINT ( 'NONE', #3282 ) ;
#2700 = CARTESIAN_POINT ( 'NONE',  ( -3.499999999999996003, 3.099999999999989875, 12.50013049999998138 ) ) ;
#2701 = DIRECTION ( 'NONE',  ( -0.000000000000000000, -0.000000000000000000, -1.000000000000000000 ) ) ;
#2702 = DIRECTION ( 'NONE',  ( -0.000000000000000000, -0.000000000000000000, 1.000000000000000000 ) ) ;
#2703 = DIRECTION ( 'NONE',  ( -1.000000000000000000, 0.000000000000000000, 0.000000000000000000 ) ) ;
#2704 = EDGE_CURVE ( 'NONE', #117, #3499, #4944, .T. ) ;
#2705 = VERTEX_POINT ( 'NONE', #2020 ) ;
#2706 = ADVANCED_FACE ( 'NONE', ( #745 ), #2048, .T. ) ;
#2707 = CARTESIAN_POINT ( 'NONE',  ( 8.500000000000003553, 3.099999999999989875, -11.57009311301514209 ) ) ;
#2708 = ORIENTED_EDGE ( 'NONE', *, *, #883, .T. ) ;
#2709 = CARTESIAN_POINT ( 'NONE',  ( -6.893352848033788227, 2.392274554575743117, 8.500000000000000000 ) ) ;
#2710 = B_SPLINE_CURVE_WITH_KNOTS ( 'NONE', 3,
 ( #2799, #5084, #3729, #3814 ),
 .UNSPECIFIED., .F., .F.,
 ( 4, 4 ),
 ( 0.001719878300941505211, 0.002236583277764005260 ),
 .UNSPECIFIED. ) ;
#2711 = VERTEX_POINT ( 'NONE', #320 ) ;
#2712 = DIRECTION ( 'NONE',  ( -0.000000000000000000, -0.000000000000000000, -1.000000000000000000 ) ) ;
#2713 = CARTESIAN_POINT ( 'NONE',  ( -8.246326630869202035, 3.099999999999989431, 7.653694524669045762 ) ) ;
#2714 = B_SPLINE_CURVE_WITH_KNOTS ( 'NONE', 3,
 ( #658, #4525, #2354, #154 ),
 .UNSPECIFIED., .F., .F.,
 ( 4, 4 ),
 ( 0.001752919494011924819, 0.002332007785728206547 ),
 .UNSPECIFIED. ) ;
#2715 = ORIENTED_EDGE ( 'NONE', *, *, #3419, .F. ) ;
#2716 = FACE_OUTER_BOUND ( 'NONE', #952, .T. ) ;
#2717 = CARTESIAN_POINT ( 'NONE',  ( 9.866335810075641533, -3.099999999999989875, -10.06015888000069225 ) ) ;
#2718 = ORIENTED_EDGE ( 'NONE', *, *, #4549, .F. ) ;
#2719 = EDGE_LOOP ( 'NONE', ( #1010, #282, #4251, #1303, #635, #5474, #1168, #2243, #1362, #134, #3681, #2848, #2911, #1475, #374, #4942, #5449, #4533, #5534, #3276, #5334, #4715, #308, #4692, #3717, #73, #991, #3083 ) ) ;
#2720 = DIRECTION ( 'NONE',  ( 0.9983713344239766307, 0.05704979053851310516, 0.000000000000000000 ) ) ;
#2721 = DIRECTION ( 'NONE',  ( 0.000000000000000000, 0.000000000000000000, 1.000000000000000000 ) ) ;
#2722 = CARTESIAN_POINT ( 'NONE',  ( 5.700000000000003730, -3.325714410276449318, -11.72733813532652114 ) ) ;
#2723 = CARTESIAN_POINT ( 'NONE',  ( -9.047744058393023536, 2.596977928774479416, 7.116522572860538354 ) ) ;
#2724 = ORIENTED_EDGE ( 'NONE', *, *, #1771, .F. ) ;
#2725 = EDGE_CURVE ( 'NONE', #1536, #1205, #2372, .T. ) ;
#2726 = DIRECTION ( 'NONE',  ( -0.000000000000000000, -0.000000000000000000, 1.000000000000000000 ) ) ;
#2727 = CARTESIAN_POINT ( 'NONE',  ( -0.2999999999999964362, -3.099999999999989875, -11.85088638530116789 ) ) ;
#2728 = FACE_OUTER_BOUND ( 'NONE', #3082, .T. ) ;
#2729 = CARTESIAN_POINT ( 'NONE',  ( 17.32922228850434010, 2.988609951174060697, -12.50000000000000000 ) ) ;
#2730 = ORIENTED_EDGE ( 'NONE', *, *, #2491, .T. ) ;
#2731 = DIRECTION ( 'NONE',  ( 1.000000000000000000, 0.000000000000000000, 0.000000000000000000 ) ) ;
#2732 = ORIENTED_EDGE ( 'NONE', *, *, #5362, .T. ) ;
#2733 = CARTESIAN_POINT ( 'NONE',  ( -6.299999999999996270, -3.359999999999990550, 7.751429699625614234 ) ) ;
#2734 = EDGE_CURVE ( 'NONE', #3372, #887, #558, .T. ) ;
#2735 =( BOUNDED_CURVE ( )  B_SPLINE_CURVE ( 3, ( #3620, #5342, #686, #2828 ),
 .UNSPECIFIED., .F., .F. ) 
 B_SPLINE_CURVE_WITH_KNOTS ( ( 4, 4 ),
 ( 0.000000000000000000, 0.9926718542053487582 ),
 .UNSPECIFIED. ) 
 CURVE ( )  GEOMETRIC_REPRESENTATION_ITEM ( )  RATIONAL_B_SPLINE_CURVE ( ( 1.000000000000000000, 0.9195555447512716585, 0.9195555447512716585, 1.000000000000000000 ) ) 
 REPRESENTATION_ITEM ( '' )  );
#2736 = ADVANCED_FACE ( 'NONE', ( #2741 ), #2288, .T. ) ;
#2737 = EDGE_LOOP ( 'NONE', ( #4903, #2161, #1429, #3969 ) ) ;
#2738 = DIRECTION ( 'NONE',  ( -0.000000000000000000, 0.000000000000000000, -1.000000000000000000 ) ) ;
#2739 = EDGE_CURVE ( 'NONE', #326, #2684, #2955, .T. ) ;
#2740 = DIRECTION ( 'NONE',  ( 0.9983713344239767418, 0.05704979053851313292, 7.422420821003598380E-17 ) ) ;
#2741 = FACE_OUTER_BOUND ( 'NONE', #3642, .T. ) ;
#2742 = EDGE_LOOP ( 'NONE', ( #3398, #3160, #5025, #3938 ) ) ;
#2743 = DIRECTION ( 'NONE',  ( 0.000000000000000000, 0.000000000000000000, 1.000000000000000000 ) ) ;
#2744 = LINE ( 'NONE', #4832, #3280 ) ;
#2745 = VERTEX_POINT ( 'NONE', #1052 ) ;
#2746 = AXIS2_PLACEMENT_3D ( 'NONE', #4757, #2917, #1206 ) ;
#2747 = ORIENTED_EDGE ( 'NONE', *, *, #5191, .F. ) ;
#2748 = DIRECTION ( 'NONE',  ( -0.000000000000000000, -0.000000000000000000, -1.000000000000000000 ) ) ;
#2749 = AXIS2_PLACEMENT_3D ( 'NONE', #4036, #5337, #4511 ) ;
#2750 = CARTESIAN_POINT ( 'NONE',  ( -7.499999999999998224, 3.354821815831151799, 4.299999999999999822 ) ) ;
#2751 = CIRCLE ( 'NONE', #2476, 7.500000000000000000 ) ;
#2752 = CARTESIAN_POINT ( 'NONE',  ( -17.50000000000000000, -4.898587196589413026E-15, 4.299999999999999822 ) ) ;
#2753 = DIRECTION ( 'NONE',  ( -1.000000000000000000, 0.000000000000000000, 0.000000000000000000 ) ) ;
#2754 = AXIS2_PLACEMENT_3D ( 'NONE', #1081, #1962, #557 ) ;
#2755 = CARTESIAN_POINT ( 'NONE',  ( -10.00532316365058350, 0.2825227755198485013, 5.500000000000000888 ) ) ;
#2756 = VERTEX_POINT ( 'NONE', #5311 ) ;
#2757 = CIRCLE ( 'NONE', #137, 3.999999999999996447 ) ;
#2758 = CARTESIAN_POINT ( 'NONE',  ( -8.299999999999998934, -3.102803718586186754, 7.401151491951307726 ) ) ;
#2759 = VECTOR ( 'NONE', #4689, 1000.000000000000000 ) ;
#2760 = DIRECTION ( 'NONE',  ( 0.9983713344239767418, 0.05704979053851286230, -0.000000000000000000 ) ) ;
#2761 = CARTESIAN_POINT ( 'NONE',  ( -1.499999999999996225, -3.174382878358588123, 7.630209235171321325 ) ) ;
#2762 = CARTESIAN_POINT ( 'NONE',  ( 6.201183617339072640, -3.099999999999989875, -12.16587770879695363 ) ) ;
#2763 = VERTEX_POINT ( 'NONE', #4009 ) ;
#2764 = DIRECTION ( 'NONE',  ( 0.000000000000000000, -1.000000000000000000, 0.000000000000000000 ) ) ;
#2765 = ADVANCED_FACE ( 'NONE', ( #5002 ), #140, .F. ) ;
#2766 = ORIENTED_EDGE ( 'NONE', *, *, #2688, .T. ) ;
#2767 = B_SPLINE_CURVE_WITH_KNOTS ( 'NONE', 3,
 ( #4619, #2957, #2897, #2035 ),
 .UNSPECIFIED., .F., .F.,
 ( 4, 4 ),
 ( 0.000000000000000000, 7.320519296408256658E-05 ),
 .UNSPECIFIED. ) ;
#2768 = CARTESIAN_POINT ( 'NONE',  ( 6.243746235811145517, 2.355154176734465477, -12.50000000000000000 ) ) ;
#2769 = ORIENTED_EDGE ( 'NONE', *, *, #3080, .T. ) ;
#2770 = DIRECTION ( 'NONE',  ( 0.000000000000000000, 0.000000000000000000, -1.000000000000000000 ) ) ;
#2771 = ADVANCED_FACE ( 'NONE', ( #4065 ), #1137, .F. ) ;
#2772 = FACE_OUTER_BOUND ( 'NONE', #1742, .T. ) ;
#2773 = CARTESIAN_POINT ( 'NONE',  ( -6.299999999999996270, -3.099999999999989875, -12.17214069224669259 ) ) ;
#2774 = ORIENTED_EDGE ( 'NONE', *, *, #1192, .T. ) ;
#2775 = DIRECTION ( 'NONE',  ( 1.000000000000000000, 0.000000000000000000, 0.000000000000000000 ) ) ;
#2776 = CARTESIAN_POINT ( 'NONE',  ( -10.93412038733959690, -3.624806879276538218, 7.500000000000000000 ) ) ;
#2777 = EDGE_CURVE ( 'NONE', #3731, #5515, #4609, .T. ) ;
#2778 = EDGE_CURVE ( 'NONE', #985, #4752, #344, .T. ) ;
#2779 = ORIENTED_EDGE ( 'NONE', *, *, #2908, .T. ) ;
#2780 = CARTESIAN_POINT ( 'NONE',  ( -17.50000000000000000, -4.898587196589413026E-15, 8.500000000000000000 ) ) ;
#2781 = AXIS2_PLACEMENT_3D ( 'NONE', #1000, #971, #2721 ) ;
#2782 = CARTESIAN_POINT ( 'NONE',  ( -19.65000000000000213, -4.635288134772731511E-15, 4.300000000000001599 ) ) ;
#2783 = DIRECTION ( 'NONE',  ( 1.000000000000000000, 0.000000000000000000, -0.000000000000000000 ) ) ;
#2784 = FACE_OUTER_BOUND ( 'NONE', #5109, .T. ) ;
#2785 = CARTESIAN_POINT ( 'NONE',  ( -1.499999999999996225, 3.099999999999989875, 7.878440832142036498 ) ) ;
#2786 = CIRCLE ( 'NONE', #3774, 0.9935651319737184295 ) ;
#2787 = VERTEX_POINT ( 'NONE', #2825 ) ;
#2788 = CARTESIAN_POINT ( 'NONE',  ( -17.50000000000000000, -4.898587196589413026E-15, 5.500000000000000888 ) ) ;
#2789 = CARTESIAN_POINT ( 'NONE',  ( 8.069068972676916474, -3.461089655581528479, -10.90167704331324039 ) ) ;
#2790 = CIRCLE ( 'NONE', #2160, 3.999999999999994671 ) ;
#2791 = DIRECTION ( 'NONE',  ( 0.000000000000000000, 0.000000000000000000, 1.000000000000000000 ) ) ;
#2792 = CARTESIAN_POINT ( 'NONE',  ( 2.500000000000003997, 3.194387129813847093, -11.50000000000000000 ) ) ;
#2793 = VERTEX_POINT ( 'NONE', #4488 ) ;
#2794 = DIRECTION ( 'NONE',  ( -0.000000000000000000, -0.000000000000000000, 1.000000000000000000 ) ) ;
#2795 = ORIENTED_EDGE ( 'NONE', *, *, #249, .F. ) ;
#2796 = DIRECTION ( 'NONE',  ( -0.05704979053851309823, -0.9983713344239766307, 0.000000000000000000 ) ) ;
#2797 = ORIENTED_EDGE ( 'NONE', *, *, #3630, .F. ) ;
#2798 = DIRECTION ( 'NONE',  ( 1.000000000000000000, 0.000000000000000000, -0.000000000000000000 ) ) ;
#2799 = CARTESIAN_POINT ( 'NONE',  ( 3.700000000000002842, -3.231605688536906662, 7.499999999999996447 ) ) ;
#2800 = EDGE_CURVE ( 'NONE', #2306, #2506, #5398, .T. ) ;
#2801 = ORIENTED_EDGE ( 'NONE', *, *, #5087, .F. ) ;
#2802 = CARTESIAN_POINT ( 'NONE',  ( -2.299999999999996270, 3.189585744412905655, -11.50000000000000178 ) ) ;
#2803 = DIRECTION ( 'NONE',  ( 0.000000000000000000, 0.000000000000000000, -1.000000000000000000 ) ) ;
#2804 = EDGE_LOOP ( 'NONE', ( #5470, #3423, #1927, #4890 ) ) ;
#2805 = CARTESIAN_POINT ( 'NONE',  ( -17.50000000000000000, -4.898587196589413026E-15, -10.59999999999999964 ) ) ;
#2806 = EDGE_CURVE ( 'NONE', #4025, #2637, #888, .T. ) ;
#2807 = EDGE_CURVE ( 'NONE', #2620, #1251, #5127, .T. ) ;
#2808 = ORIENTED_EDGE ( 'NONE', *, *, #4317, .T. ) ;
#2809 = DIRECTION ( 'NONE',  ( 1.000000000000000000, 0.000000000000000000, -0.000000000000000000 ) ) ;
#2810 = DIRECTION ( 'NONE',  ( 1.000000000000000000, 0.000000000000000000, -0.000000000000000000 ) ) ;
#2811 = CARTESIAN_POINT ( 'NONE',  ( -8.437612674891193265, -2.020205127411044188, 8.245026092555409747 ) ) ;
#2812 = ORIENTED_EDGE ( 'NONE', *, *, #5016, .T. ) ;
#2813 = CARTESIAN_POINT ( 'NONE',  ( -5.499999999999996447, -3.099999999999989875, 12.50013049999998138 ) ) ;
#2814 = CARTESIAN_POINT ( 'NONE',  ( 7.246273163449988175, -3.414072752197054417, -12.44930246244905980 ) ) ;
#2815 = DIRECTION ( 'NONE',  ( -0.000000000000000000, 0.000000000000000000, -1.000000000000000000 ) ) ;
#2816 = CARTESIAN_POINT ( 'NONE',  ( -4.299999999999996270, -3.201352517289015598, 7.875841639390887217 ) ) ;
#2817 = B_SPLINE_CURVE_WITH_KNOTS ( 'NONE', 3,
 ( #4462, #3559, #5288, #1427 ),
 .UNSPECIFIED., .F., .F.,
 ( 4, 4 ),
 ( 0.001281300800486180353, 0.002081189908937025254 ),
 .UNSPECIFIED. ) ;
#2818 = FACE_OUTER_BOUND ( 'NONE', #1664, .T. ) ;
#2819 = ORIENTED_EDGE ( 'NONE', *, *, #5431, .F. ) ;
#2820 = DIRECTION ( 'NONE',  ( -1.000000000000000000, 0.000000000000000000, 0.000000000000000000 ) ) ;
#2821 = VERTEX_POINT ( 'NONE', #622 ) ;
#2822 = CARTESIAN_POINT ( 'NONE',  ( 17.03776689210042505, -3.973212385660148005, 7.530052929230036440 ) ) ;
#2823 = ORIENTED_EDGE ( 'NONE', *, *, #5354, .F. ) ;
#2824 = CARTESIAN_POINT ( 'NONE',  ( 9.699999999999995737, 3.193335445430968811, -10.20623383067923662 ) ) ;
#2825 = CARTESIAN_POINT ( 'NONE',  ( 1.700000000000003508, -3.099999999999989875, 7.886169321447423997 ) ) ;
#2826 = ORIENTED_EDGE ( 'NONE', *, *, #1879, .F. ) ;
#2827 = CARTESIAN_POINT ( 'NONE',  ( -7.437135326292666271, -3.364773194817261004, 7.500000000000000888 ) ) ;
#2828 = CARTESIAN_POINT ( 'NONE',  ( 9.700000000000004619, -3.099999999999989875, 8.337489012056277460 ) ) ;
#2829 = EDGE_CURVE ( 'NONE', #887, #3341, #254, .T. ) ;
#2830 = ORIENTED_EDGE ( 'NONE', *, *, #3673, .T. ) ;
#2831 = DIRECTION ( 'NONE',  ( 0.000000000000000000, 0.000000000000000000, 1.000000000000000000 ) ) ;
#2832 = CARTESIAN_POINT ( 'NONE',  ( 9.700000000000004619, -3.484420365519645735, -8.500000000000000000 ) ) ;
#2833 = LINE ( 'NONE', #1611, #2663 ) ;
#2834 = FACE_BOUND ( 'NONE', #827, .T. ) ;
#2835 = EDGE_CURVE ( 'NONE', #734, #5148, #1438, .T. ) ;
#2836 = ORIENTED_EDGE ( 'NONE', *, *, #29, .F. ) ;
#2837 = VECTOR ( 'NONE', #4941, 1000.000000000000000 ) ;
#2838 = DIRECTION ( 'NONE',  ( -0.000000000000000000, -0.000000000000000000, -1.000000000000000000 ) ) ;
#2839 = CARTESIAN_POINT ( 'NONE',  ( 9.012117603972228608, -3.514978148798541202, -11.73136897276580903 ) ) ;
#2840 = DIRECTION ( 'NONE',  ( 1.000000000000000000, 0.000000000000000000, 0.000000000000000000 ) ) ;
#2841 = B_SPLINE_CURVE_WITH_KNOTS ( 'NONE', 3,
 ( #3908, #943, #3989, #2691 ),
 .UNSPECIFIED., .F., .F.,
 ( 4, 4 ),
 ( 0.001133851763087003264, 0.001815430345448020271 ),
 .UNSPECIFIED. ) ;
#2842 = CARTESIAN_POINT ( 'NONE',  ( 9.237826336962896789, 3.527875790683584700, -9.237488659069398977 ) ) ;
#2843 = EDGE_CURVE ( 'NONE', #363, #5044, #1978, .T. ) ;
#2844 = ORIENTED_EDGE ( 'NONE', *, *, #3880, .T. ) ;
#2845 = LINE ( 'NONE', #3328, #1313 ) ;
#2846 = CARTESIAN_POINT ( 'NONE',  ( -5.499999999999996447, -3.237147672464008252, -11.94444243541659922 ) ) ;
#2847 = CARTESIAN_POINT ( 'NONE',  ( 14.68042337161095645, -2.837250013065867105, 8.500000000000000000 ) ) ;
#2848 = ORIENTED_EDGE ( 'NONE', *, *, #653, .F. ) ;
#2849 = VECTOR ( 'NONE', #2629, 999.9999999999998863 ) ;
#2850 = ORIENTED_EDGE ( 'NONE', *, *, #2247, .F. ) ;
#2851 = CARTESIAN_POINT ( 'NONE',  ( -5.572630935773335459, 3.099999999999989875, -12.12351116742286372 ) ) ;
#2852 = CARTESIAN_POINT ( 'NONE',  ( -3.499999999999996003, -3.180878404842577556, -11.83632830846174322 ) ) ;
#2853 = ORIENTED_EDGE ( 'NONE', *, *, #2608, .F. ) ;
#2854 = CARTESIAN_POINT ( 'NONE',  ( 6.243746235811388878, -2.355154176734464144, -11.50000000000000000 ) ) ;
#2855 = B_SPLINE_CURVE_WITH_KNOTS ( 'NONE', 3,
 ( #195, #3158, #3130, #3679 ),
 .UNSPECIFIED., .F., .F.,
 ( 4, 4 ),
 ( 0.001662961444596706365, 0.002048870166558173014 ),
 .UNSPECIFIED. ) ;
#2856 = ORIENTED_EDGE ( 'NONE', *, *, #459, .F. ) ;
#2857 = VERTEX_POINT ( 'NONE', #5339 ) ;
#2858 = CARTESIAN_POINT ( 'NONE',  ( 3.700000000000002842, -3.231605688536906662, -12.50000000000000000 ) ) ;
#2859 = EDGE_CURVE ( 'NONE', #4070, #1188, #159, .T. ) ;
#2860 = CARTESIAN_POINT ( 'NONE',  ( 0.5000000000000038858, 3.099999999999989875, 12.50013049999998138 ) ) ;
#2861 = CARTESIAN_POINT ( 'NONE',  ( -6.299999999999996270, 3.099999999999989875, -12.17214069224669259 ) ) ;
#2862 = ORIENTED_EDGE ( 'NONE', *, *, #1513, .F. ) ;
#2863 = AXIS2_PLACEMENT_3D ( 'NONE', #5368, #1542, #1878 ) ;
#2864 = CARTESIAN_POINT ( 'NONE',  ( -7.007452429110811565, -0.3955318857277900224, 7.500000000000000888 ) ) ;
#2865 = CARTESIAN_POINT ( 'NONE',  ( 1.908195823574487804E-14, -103.1631322454748840, -12.50000000000000000 ) ) ;
#2866 = EDGE_CURVE ( 'NONE', #1689, #1079, #2710, .T. ) ;
#2867 = DIRECTION ( 'NONE',  ( 1.000000000000000000, 0.000000000000000000, 0.000000000000000000 ) ) ;
#2868 = DIRECTION ( 'NONE',  ( 0.000000000000000000, -1.000000000000000000, 0.000000000000000000 ) ) ;
#2869 = ORIENTED_EDGE ( 'NONE', *, *, #1888, .T. ) ;
#2870 = DIRECTION ( 'NONE',  ( -0.000000000000000000, 1.000000000000000000, 0.000000000000000000 ) ) ;
#2871 = VECTOR ( 'NONE', #2496, 1000.000000000000000 ) ;
#2872 = EDGE_CURVE ( 'NONE', #1251, #5146, #2435, .T. ) ;
#2873 = CARTESIAN_POINT ( 'NONE',  ( 9.994050984773920732, 3.099999999999989875, -9.764183927884717562 ) ) ;
#2874 = ADVANCED_FACE ( 'NONE', ( #4946 ), #4656, .F. ) ;
#2875 = CARTESIAN_POINT ( 'NONE',  ( 7.700000000000003730, -3.439999999999990177, -12.50000000000000000 ) ) ;
#2876 = ORIENTED_EDGE ( 'NONE', *, *, #2350, .T. ) ;
#2877 = ORIENTED_EDGE ( 'NONE', *, *, #2674, .F. ) ;
#2878 = CARTESIAN_POINT ( 'NONE',  ( -5.762028844389780247, -2.327627468653242993, -11.50000000000000000 ) ) ;
#2879 = ORIENTED_EDGE ( 'NONE', *, *, #2429, .T. ) ;
#2880 = CARTESIAN_POINT ( 'NONE',  ( -2.299999999999996270, -3.099999999999989875, 12.50013049999998138 ) ) ;
#2881 = B_SPLINE_CURVE_WITH_KNOTS ( 'NONE', 3,
 ( #4664, #5150, #3851, #4214, #2187, #3881, #32, #2999, #4694, #2612, #3794, #3056, #5570, #2549, #1719, #4721, #2584, #4302 ),
 .UNSPECIFIED., .F., .F.,
 ( 4, 2, 2, 2, 2, 2, 2, 2, 4 ),
 ( 0.000000000000000000, 0.0007945477716810152519, 0.001589095543362030504, 0.002383643315043045864, 0.003178191086724061008, 0.003972738858405076151, 0.004767286630086091728, 0.005561834401767106438, 0.006356382173448122015 ),
 .UNSPECIFIED. ) ;
#2882 = ORIENTED_EDGE ( 'NONE', *, *, #3900, .F. ) ;
#2883 = ORIENTED_EDGE ( 'NONE', *, *, #3847, .T. ) ;
#2884 = CARTESIAN_POINT ( 'NONE',  ( -6.299999999999996270, 3.359999999999990106, -11.50000000000000000 ) ) ;
#2885 = CARTESIAN_POINT ( 'NONE',  ( -6.299999999999996270, 3.359999999999990106, -12.50000000000000000 ) ) ;
#2886 = DIRECTION ( 'NONE',  ( 0.000000000000000000, 0.000000000000000000, 1.000000000000000000 ) ) ;
#2887 = CARTESIAN_POINT ( 'NONE',  ( -8.618844950360555757, -1.931996997666140414, 8.149622046055560176 ) ) ;
#2888 = ORIENTED_EDGE ( 'NONE', *, *, #4800, .F. ) ;
#2889 = CARTESIAN_POINT ( 'NONE',  ( -3.499999999999996003, 3.224401014785341246, -11.50000000000000000 ) ) ;
#2890 = CARTESIAN_POINT ( 'NONE',  ( 8.033821934119554697, -2.328879318538789711, -12.10537755128469684 ) ) ;
#2891 = CARTESIAN_POINT ( 'NONE',  ( 1.821459649775647449E-14, 103.1631322454748840, -11.50000000000000000 ) ) ;
#2892 = FACE_OUTER_BOUND ( 'NONE', #4044, .T. ) ;
#2893 = ORIENTED_EDGE ( 'NONE', *, *, #5162, .T. ) ;
#2894 = ADVANCED_FACE ( 'NONE', ( #1195 ), #2934, .F. ) ;
#2895 = CARTESIAN_POINT ( 'NONE',  ( -9.499999999999996447, -4.898587196589413026E-15, 4.299999999999999822 ) ) ;
#2896 = FACE_OUTER_BOUND ( 'NONE', #4229, .T. ) ;
#2897 = CARTESIAN_POINT ( 'NONE',  ( -8.299999999999998934, 3.101875114968536629, 7.449973395699879930 ) ) ;
#2898 = VERTEX_POINT ( 'NONE', #3337 ) ;
#2899 = ORIENTED_EDGE ( 'NONE', *, *, #3332, .F. ) ;
#2900 = ADVANCED_FACE ( 'NONE', ( #2124 ), #2431, .T. ) ;
#2901 = CARTESIAN_POINT ( 'NONE',  ( -9.957947086715989826, 0.9553552685577165748, 5.995444266867644423 ) ) ;
#2902 = CARTESIAN_POINT ( 'NONE',  ( 4.500000000000003553, -3.099999999999989875, 8.049136394081322976 ) ) ;
#2903 = CARTESIAN_POINT ( 'NONE',  ( 1.700000000000003508, -3.151011836880135419, -11.76433687575925191 ) ) ;
#2904 = VERTEX_POINT ( 'NONE', #5031 ) ;
#2905 = B_SPLINE_CURVE_WITH_KNOTS ( 'NONE', 3,
 ( #304, #2032, #4144, #364 ),
 .UNSPECIFIED., .F., .F.,
 ( 4, 4 ),
 ( 0.001080647488971052351, 0.001299069398818164609 ),
 .UNSPECIFIED. ) ;
#2906 = DIRECTION ( 'NONE',  ( -0.000000000000000000, -0.000000000000000000, -1.000000000000000000 ) ) ;
#2907 = ADVANCED_FACE ( 'NONE', ( #3841 ), #2483, .F. ) ;
#2908 = EDGE_CURVE ( 'NONE', #4130, #1985, #705, .T. ) ;
#2909 = VERTEX_POINT ( 'NONE', #1709 ) ;
#2910 =( BOUNDED_CURVE ( )  B_SPLINE_CURVE ( 3, ( #4522, #2093, #3625, #2377 ),
 .UNSPECIFIED., .F., .F. ) 
 B_SPLINE_CURVE_WITH_KNOTS ( ( 4, 4 ),
 ( 0.000000000000000000, 0.8339391565363185599 ),
 .UNSPECIFIED. ) 
 CURVE ( )  GEOMETRIC_REPRESENTATION_ITEM ( )  RATIONAL_B_SPLINE_CURVE ( ( 1.000000000000000000, 0.9428802879376982915, 0.9428802879376982915, 1.000000000000000000 ) ) 
 REPRESENTATION_ITEM ( '' )  );
#2911 = ORIENTED_EDGE ( 'NONE', *, *, #75, .T. ) ;
#2912 = CARTESIAN_POINT ( 'NONE',  ( 7.548283083432477447, -2.339217090546486855, -12.29956445221529115 ) ) ;
#2913 = LINE ( 'NONE', #2407, #3830 ) ;
#2914 = CARTESIAN_POINT ( 'NONE',  ( 10.22897117048587745, 3.099999999999989875, 8.356608266835412024 ) ) ;
#2915 = CARTESIAN_POINT ( 'NONE',  ( -9.499999999999996447, -3.528318826011692444, -11.50000000000000000 ) ) ;
#2916 = VERTEX_POINT ( 'NONE', #1600 ) ;
#2917 = DIRECTION ( 'NONE',  ( 0.000000000000000000, 0.000000000000000000, -1.000000000000000000 ) ) ;
#2918 = FACE_OUTER_BOUND ( 'NONE', #1634, .T. ) ;
#2919 = CARTESIAN_POINT ( 'NONE',  ( -8.299999999999998934, -4.898587196589413026E-15, 4.299999999999999822 ) ) ;
#2920 = CIRCLE ( 'NONE', #3470, 2.149999999999999023 ) ;
#2921 = CARTESIAN_POINT ( 'NONE',  ( 1.700000000000003508, 3.099999999999989875, -11.88616932144696747 ) ) ;
#2922 = LINE ( 'NONE', #5022, #1075 ) ;
#2923 = ORIENTED_EDGE ( 'NONE', *, *, #4180, .T. ) ;
#2924 = VECTOR ( 'NONE', #3200, 1000.000000000000000 ) ;
#2925 = CARTESIAN_POINT ( 'NONE',  ( -8.299999999999998934, -3.340779596736331847, -12.08642859466682751 ) ) ;
#2926 = PLANE ( 'NONE',  #1872 ) ;
#2927 = FACE_OUTER_BOUND ( 'NONE', #5234, .T. ) ;
#2928 = EDGE_LOOP ( 'NONE', ( #2340, #2628 ) ) ;
#2929 = AXIS2_PLACEMENT_3D ( 'NONE', #1181, #1153, #4248 ) ;
#2930 = VECTOR ( 'NONE', #2050, 1000.000000000000000 ) ;
#2931 = VERTEX_POINT ( 'NONE', #2455 ) ;
#2932 = DIRECTION ( 'NONE',  ( 0.000000000000000000, 1.000000000000000000, 0.000000000000000000 ) ) ;
#2933 = PLANE ( 'NONE',  #4643 ) ;
#2934 = PLANE ( 'NONE',  #3501 ) ;
#2935 = ORIENTED_EDGE ( 'NONE', *, *, #2253, .T. ) ;
#2936 = CYLINDRICAL_SURFACE ( 'NONE', #4552, 3.999999999999994671 ) ;
#2937 = EDGE_CURVE ( 'NONE', #3962, #550, #895, .T. ) ;
#2938 = AXIS2_PLACEMENT_3D ( 'NONE', #482, #3509, #536 ) ;
#2939 = ORIENTED_EDGE ( 'NONE', *, *, #3493, .F. ) ;
#2940 = AXIS2_PLACEMENT_3D ( 'NONE', #2198, #21, #5584 ) ;
#2941 = ORIENTED_EDGE ( 'NONE', *, *, #1031, .T. ) ;
#2942 = DIRECTION ( 'NONE',  ( 1.000000000000000000, 0.000000000000000000, -0.000000000000000000 ) ) ;
#2943 = EDGE_CURVE ( 'NONE', #2787, #4265, #5226, .T. ) ;
#2944 = DIRECTION ( 'NONE',  ( -0.000000000000000000, -0.000000000000000000, 1.000000000000000000 ) ) ;
#2945 = EDGE_CURVE ( 'NONE', #527, #4161, #763, .T. ) ;
#2946 = CARTESIAN_POINT ( 'NONE',  ( -3.499999999999995115, 3.224401014785355457, 7.499999999999996447 ) ) ;
#2947 = ORIENTED_EDGE ( 'NONE', *, *, #1016, .T. ) ;
#2948 = AXIS2_PLACEMENT_3D ( 'NONE', #5301, #3697, #3177 ) ;
#2949 = DIRECTION ( 'NONE',  ( 0.000000000000000000, 0.000000000000000000, 1.000000000000000000 ) ) ;
#2950 = CARTESIAN_POINT ( 'NONE',  ( 8.500000000000003553, -3.099999999999989875, 8.288594242012445434 ) ) ;
#2951 = CARTESIAN_POINT ( 'NONE',  ( 10.21165997501151601, 3.099999999999989875, -2.400000000000001243 ) ) ;
#2952 = CARTESIAN_POINT ( 'NONE',  ( -17.50000000000000355, -3.999999999999989786, -12.50000000000000000 ) ) ;
#2953 = ORIENTED_EDGE ( 'NONE', *, *, #3915, .T. ) ;
#2954 = DIRECTION ( 'NONE',  ( 0.000000000000000000, 0.000000000000000000, 1.000000000000000000 ) ) ;
#2955 = CIRCLE ( 'NONE', #520, 1.000000000000000888 ) ;
#2956 = CARTESIAN_POINT ( 'NONE',  ( -9.499999999999996447, 3.099999999999989875, 12.50013049999998138 ) ) ;
#2957 = CARTESIAN_POINT ( 'NONE',  ( -8.300000000000656186, 3.102803718585873227, 7.425553222951492671 ) ) ;
#2958 = EDGE_LOOP ( 'NONE', ( #3413, #2625, #4854, #2844 ) ) ;
#2959 = CARTESIAN_POINT ( 'NONE',  ( 10.34123922525543016, -2.236547377092330535, -8.499999999999991118 ) ) ;
#2960 = ORIENTED_EDGE ( 'NONE', *, *, #2635, .F. ) ;
#2961 = VECTOR ( 'NONE', #4561, 999.9999999999998863 ) ;
#2962 = DIRECTION ( 'NONE',  ( 0.000000000000000000, -1.000000000000000000, 0.000000000000000000 ) ) ;
#2963 = DIRECTION ( 'NONE',  ( 0.000000000000000000, -0.000000000000000000, -1.000000000000000000 ) ) ;
#2964 = DIRECTION ( 'NONE',  ( 0.000000000000000000, -0.000000000000000000, -1.000000000000000000 ) ) ;
#2965 = ORIENTED_EDGE ( 'NONE', *, *, #511, .T. ) ;
#2966 = DIRECTION ( 'NONE',  ( -0.000000000000000000, -0.000000000000000000, -1.000000000000000000 ) ) ;
#2967 = VERTEX_POINT ( 'NONE', #397 ) ;
#2968 = EDGE_CURVE ( 'NONE', #3779, #2569, #5300, .T. ) ;
#2969 = EDGE_LOOP ( 'NONE', ( #1652, #3789, #3722 ) ) ;
#2970 = CARTESIAN_POINT ( 'NONE',  ( 17.50000000000000000, -4.898587196589413026E-15, -2.400000000000001243 ) ) ;
#2971 = DIRECTION ( 'NONE',  ( 0.05704979053851286230, -0.9983713344239767418, 0.000000000000000000 ) ) ;
#2972 = CARTESIAN_POINT ( 'NONE',  ( -9.502892857385440095, -2.113677995857433878, 7.522799477042961591 ) ) ;
#2973 = VERTEX_POINT ( 'NONE', #309 ) ;
#2974 = EDGE_CURVE ( 'NONE', #743, #3785, #1115, .T. ) ;
#2975 = CARTESIAN_POINT ( 'NONE',  ( 0.5000000000000038858, -3.164382253287467250, -11.62086329436447052 ) ) ;
#2976 = ADVANCED_FACE ( 'NONE', ( #3760 ), #5143, .F. ) ;
#2977 = LINE ( 'NONE', #5097, #3659 ) ;
#2978 = CARTESIAN_POINT ( 'NONE',  ( -3.766708321775793067, 3.099999999999989875, 7.999807079154184208 ) ) ;
#2979 = CARTESIAN_POINT ( 'NONE',  ( -5.499999999999996447, -3.099999999999989875, -12.11844615713769358 ) ) ;
#2980 = DIRECTION ( 'NONE',  ( 1.000000000000000000, 1.723621245730555529E-13, 0.000000000000000000 ) ) ;
#2981 = ORIENTED_EDGE ( 'NONE', *, *, #112, .T. ) ;
#2982 = EDGE_CURVE ( 'NONE', #2684, #795, #4625, .T. ) ;
#2983 = DIRECTION ( 'NONE',  ( -0.000000000000000000, -0.000000000000000000, -1.000000000000000000 ) ) ;
#2984 = B_SPLINE_CURVE_WITH_KNOTS ( 'NONE', 3,
 ( #1551, #2464, #776, #5458 ),
 .UNSPECIFIED., .F., .F.,
 ( 4, 4 ),
 ( 0.001294054080674688495, 0.001653044992662933404 ),
 .UNSPECIFIED. ) ;
#2985 = DIRECTION ( 'NONE',  ( 0.000000000000000000, 0.000000000000000000, 1.000000000000000000 ) ) ;
#2986 = CYLINDRICAL_SURFACE ( 'NONE', #314, 3.000000000000000000 ) ;
#2987 = EDGE_LOOP ( 'NONE', ( #1477, #4365, #4610 ) ) ;
#2988 = CARTESIAN_POINT ( 'NONE',  ( 10.34123922523848549, -2.236547377038090367, -8.765304697620226904 ) ) ;
#2989 = ORIENTED_EDGE ( 'NONE', *, *, #1547, .F. ) ;
#2990 = CARTESIAN_POINT ( 'NONE',  ( 8.918254848423856629, 2.302771458641765356, -11.53815364208476346 ) ) ;
#2991 = PLANE ( 'NONE',  #1160 ) ;
#2992 = ORIENTED_EDGE ( 'NONE', *, *, #4354, .F. ) ;
#2993 = CARTESIAN_POINT ( 'NONE',  ( -4.299999999999996270, -3.200419195023234575, -11.87731212118646162 ) ) ;
#2994 = VECTOR ( 'NONE', #1977, 999.9999999999998863 ) ;
#2995 = B_SPLINE_CURVE_WITH_KNOTS ( 'NONE', 3,
 ( #119, #1858, #566, #4356 ),
 .UNSPECIFIED., .F., .F.,
 ( 4, 4 ),
 ( 0.001815430345448013332, 0.002496993947814556310 ),
 .UNSPECIFIED. ) ;
#2996 = ORIENTED_EDGE ( 'NONE', *, *, #2562, .T. ) ;
#2997 = VERTEX_POINT ( 'NONE', #1656 ) ;
#2998 = CARTESIAN_POINT ( 'NONE',  ( -17.50000000000000000, -4.898587196589413026E-15, 12.50000000000000000 ) ) ;
#2999 = CARTESIAN_POINT ( 'NONE',  ( 8.724078768300763898, 2.309414702700854694, -11.69150885230284764 ) ) ;
#3000 = ADVANCED_FACE ( 'NONE', ( #3363 ), #2991, .F. ) ;
#3001 = CARTESIAN_POINT ( 'NONE',  ( -9.769446065491601772, -1.021122853007892850, 6.845553651073420731 ) ) ;
#3002 = VERTEX_POINT ( 'NONE', #852 ) ;
#3003 = FACE_OUTER_BOUND ( 'NONE', #1446, .T. ) ;
#3004 = LINE ( 'NONE', #5182, #1223 ) ;
#3005 = CARTESIAN_POINT ( 'NONE',  ( 6.500000000000004441, -3.099999999999989875, 8.184499323734041099 ) ) ;
#3006 = ADVANCED_FACE ( 'NONE', ( #1310 ), #2323, .T. ) ;
#3007 = CARTESIAN_POINT ( 'NONE',  ( 17.50000000000000355, 4.000000000000000888, 12.50000000000000000 ) ) ;
#3008 = ORIENTED_EDGE ( 'NONE', *, *, #2192, .T. ) ;
#3009 = DIRECTION ( 'NONE',  ( -0.000000000000000000, -0.000000000000000000, 1.000000000000000000 ) ) ;
#3010 = FACE_OUTER_BOUND ( 'NONE', #3929, .T. ) ;
#3011 = ADVANCED_FACE ( 'NONE', ( #2235 ), #1367, .F. ) ;
#3012 = EDGE_LOOP ( 'NONE', ( #3058, #2200, #4171, #2205 ) ) ;
#3013 = CARTESIAN_POINT ( 'NONE',  ( 10.03513386757543735, -3.573436221004268720, -10.74530487231925946 ) ) ;
#3014 = VECTOR ( 'NONE', #1954, 1000.000000000000000 ) ;
#3015 = ORIENTED_EDGE ( 'NONE', *, *, #3937, .F. ) ;
#3016 = CARTESIAN_POINT ( 'NONE',  ( 6.585780697575151166, 3.376330325575713776, -11.48139629775036141 ) ) ;
#3017 = VECTOR ( 'NONE', #3702, 999.9999999999998863 ) ;
#3018 = LINE ( 'NONE', #3605, #3045 ) ;
#3019 = VECTOR ( 'NONE', #2163, 999.9999999999998863 ) ;
#3020 = VERTEX_POINT ( 'NONE', #3897 ) ;
#3021 = CARTESIAN_POINT ( 'NONE',  ( -7.272790381312479013, -2.377852690017909332, 8.500000000000000000 ) ) ;
#3022 = AXIS2_PLACEMENT_3D ( 'NONE', #1491, #2696, #5348 ) ;
#3023 = CIRCLE ( 'NONE', #585, 3.000000000000000000 ) ;
#3024 = CIRCLE ( 'NONE', #2222, 2.149999999999999023 ) ;
#3025 = VERTEX_POINT ( 'NONE', #4055 ) ;
#3026 = DIRECTION ( 'NONE',  ( -0.000000000000000000, -0.000000000000000000, -1.000000000000000000 ) ) ;
#3027 = LINE ( 'NONE', #4241, #3019 ) ;
#3028 = LINE ( 'NONE', #2523, #3593 ) ;
#3029 = VECTOR ( 'NONE', #2256, 1000.000000000000000 ) ;
#3030 = ORIENTED_EDGE ( 'NONE', *, *, #2630, .T. ) ;
#3031 = CARTESIAN_POINT ( 'NONE',  ( 3.700000000000003730, 3.099999999999989875, 7.995716659737929000 ) ) ;
#3032 = EDGE_CURVE ( 'NONE', #1936, #3352, #5034, .T. ) ;
#3033 = PLANE ( 'NONE',  #3478 ) ;
#3034 = DIRECTION ( 'NONE',  ( 0.000000000000000000, -0.000000000000000000, -1.000000000000000000 ) ) ;
#3035 = DIRECTION ( 'NONE',  ( 0.000000000000000000, 0.000000000000000000, -1.000000000000000000 ) ) ;
#3036 = CARTESIAN_POINT ( 'NONE',  ( 10.50000000000000355, 3.099999999999989875, 12.50013049999998138 ) ) ;
#3037 = ORIENTED_EDGE ( 'NONE', *, *, #670, .F. ) ;
#3038 = EDGE_CURVE ( 'NONE', #5403, #3785, #3018, .T. ) ;
#3039 = DIRECTION ( 'NONE',  ( 1.000000000000000000, 0.000000000000000000, 0.000000000000000000 ) ) ;
#3040 = CARTESIAN_POINT ( 'NONE',  ( 3.700000000000003730, 3.099999999999989875, 7.995716659737929000 ) ) ;
#3041 = ORIENTED_EDGE ( 'NONE', *, *, #623, .F. ) ;
#3042 = CARTESIAN_POINT ( 'NONE',  ( -7.499999999999998224, 3.999999999999989786, 12.50013049999998138 ) ) ;
#3043 = VERTEX_POINT ( 'NONE', #4745 ) ;
#3044 = CARTESIAN_POINT ( 'NONE',  ( 6.507335117540623770, 2.353375586620810367, -12.50000000000001599 ) ) ;
#3045 = VECTOR ( 'NONE', #2572, 1000.000000000000000 ) ;
#3046 = EDGE_CURVE ( 'NONE', #3779, #2904, #610, .T. ) ;
#3047 = EDGE_CURVE ( 'NONE', #4541, #3402, #3445, .T. ) ;
#3048 = DIRECTION ( 'NONE',  ( 0.000000000000000000, 0.000000000000000000, 1.000000000000000000 ) ) ;
#3049 = ORIENTED_EDGE ( 'NONE', *, *, #3907, .F. ) ;
#3050 = DIRECTION ( 'NONE',  ( 1.000000000000000000, 0.000000000000000000, -0.000000000000000000 ) ) ;
#3051 = AXIS2_PLACEMENT_3D ( 'NONE', #3665, #272, #5466 ) ;
#3052 = AXIS2_PLACEMENT_3D ( 'NONE', #3389, #2067, #2351 ) ;
#3053 = B_SPLINE_CURVE_WITH_KNOTS ( 'NONE', 3,
 ( #1018, #4090, #2313, #1108 ),
 .UNSPECIFIED., .F., .F.,
 ( 4, 4 ),
 ( 0.000000000000000000, 9.470837201384181211E-05 ),
 .UNSPECIFIED. ) ;
#3054 = ORIENTED_EDGE ( 'NONE', *, *, #4704, .F. ) ;
#3055 = DIRECTION ( 'NONE',  ( 0.000000000000000000, 0.000000000000000000, 1.000000000000000000 ) ) ;
#3056 = CARTESIAN_POINT ( 'NONE',  ( 9.788503030212808653, 2.266389962943544223, -10.52009868478689114 ) ) ;
#3057 = CARTESIAN_POINT ( 'NONE',  ( 16.97568220123649851, 3.965552221121155796, 7.596713257604057468 ) ) ;
#3058 = ORIENTED_EDGE ( 'NONE', *, *, #595, .F. ) ;
#3059 = CARTESIAN_POINT ( 'NONE',  ( 5.700000000000003730, 3.099999999999989875, 12.50013049999998138 ) ) ;
#3060 = CARTESIAN_POINT ( 'NONE',  ( -4.299999999999994493, 3.255625020041619244, -12.50000000000000000 ) ) ;
#3061 = CARTESIAN_POINT ( 'NONE',  ( 9.700000000000004619, 3.099999999999989875, 8.337489012056277460 ) ) ;
#3062 = DIRECTION ( 'NONE',  ( 1.000000000000000000, -8.890457814381136359E-15, 0.000000000000000000 ) ) ;
#3063 = DIRECTION ( 'NONE',  ( -0.000000000000000000, -0.000000000000000000, 1.000000000000000000 ) ) ;
#3064 = PRODUCT_DEFINITION ( '普通', '', #1937, #5490 ) ;
#3065 = EDGE_LOOP ( 'NONE', ( #5120, #3420, #1425, #3733 ) ) ;
#3066 = CARTESIAN_POINT ( 'NONE',  ( -6.893352848033786451, -2.392274554575743117, 7.500000000000000888 ) ) ;
#3067 = CARTESIAN_POINT ( 'NONE',  ( 2.500000000000003997, -3.161717033955427691, -11.79227225276803992 ) ) ;
#3068 = VERTEX_POINT ( 'NONE', #1921 ) ;
#3069 = CARTESIAN_POINT ( 'NONE',  ( -2.299999999999996270, 3.099999999999989875, 12.50013049999998138 ) ) ;
#3070 = EDGE_CURVE ( 'NONE', #379, #1737, #2061, .T. ) ;
#3071 = ORIENTED_EDGE ( 'NONE', *, *, #2414, .T. ) ;
#3072 = CARTESIAN_POINT ( 'NONE',  ( 9.473403588249846408, 2.280901009229740595, -10.97208227325133478 ) ) ;
#3073 = DIRECTION ( 'NONE',  ( 1.000000000000000000, 0.000000000000000000, -0.000000000000000000 ) ) ;
#3074 = ORIENTED_EDGE ( 'NONE', *, *, #205, .F. ) ;
#3075 = DIRECTION ( 'NONE',  ( -0.000000000000000000, 0.000000000000000000, -1.000000000000000000 ) ) ;
#3076 = ADVANCED_FACE ( 'NONE', ( #884 ), #977, .T. ) ;
#3077 = ORIENTED_EDGE ( 'NONE', *, *, #14, .F. ) ;
#3078 = CARTESIAN_POINT ( 'NONE',  ( -8.026536668967965582, 3.099999999999989431, -12.26702863503543561 ) ) ;
#3079 = LINE ( 'NONE', #4350, #3928 ) ;
#3080 = EDGE_CURVE ( 'NONE', #761, #3090, #3601, .T. ) ;
#3081 = EDGE_CURVE ( 'NONE', #3164, #4660, #2653, .T. ) ;
#3082 = EDGE_LOOP ( 'NONE', ( #2830, #2045, #3429, #5526 ) ) ;
#3083 = ORIENTED_EDGE ( 'NONE', *, *, #1085, .F. ) ;
#3084 = CARTESIAN_POINT ( 'NONE',  ( -17.50000000000000000, -4.898587196589413026E-15, 4.299999999999999822 ) ) ;
#3085 = CARTESIAN_POINT ( 'NONE',  ( -2.299999999999996270, -3.099999999999989875, 7.913645706198435548 ) ) ;
#3086 = CARTESIAN_POINT ( 'NONE',  ( 14.85474832415068747, 3.010489085993014680, 8.500000000000017764 ) ) ;
#3087 = FACE_OUTER_BOUND ( 'NONE', #2216, .T. ) ;
#3088 = DIRECTION ( 'NONE',  ( -0.000000000000000000, -0.000000000000000000, -1.000000000000000000 ) ) ;
#3089 = FACE_OUTER_BOUND ( 'NONE', #4979, .T. ) ;
#3090 = VERTEX_POINT ( 'NONE', #1467 ) ;
#3091 =( BOUNDED_CURVE ( )  B_SPLINE_CURVE ( 3, ( #1638, #351, #2914, #3285 ),
 .UNSPECIFIED., .F., .T. ) 
 B_SPLINE_CURVE_WITH_KNOTS ( ( 4, 4 ),
 ( 0.9926718542053480920, 1.046256985168568798 ),
 .UNSPECIFIED. ) 
 CURVE ( )  GEOMETRIC_REPRESENTATION_ITEM ( )  RATIONAL_B_SPLINE_CURVE ( ( 1.000000000000000000, 0.9997607337917540082, 0.9997607337917540082, 1.000000000000000000 ) ) 
 REPRESENTATION_ITEM ( '' )  );
#3092 = FACE_OUTER_BOUND ( 'NONE', #3975, .T. ) ;
#3093 = DIRECTION ( 'NONE',  ( 1.000000000000000000, -0.000000000000000000, -0.000000000000000000 ) ) ;
#3094 = EDGE_LOOP ( 'NONE', ( #472, #2876, #3030, #1683, #2812, #3286, #3701, #3504, #5325, #3225, #4016, #5139, #5079, #3576, #5219, #2047, #5037, #4897 ) ) ;
#3095 = DIRECTION ( 'NONE',  ( 1.000000000000000000, 0.000000000000000000, -0.000000000000000000 ) ) ;
#3096 = EDGE_LOOP ( 'NONE', ( #1157, #650, #437, #5272 ) ) ;
#3097 = CARTESIAN_POINT ( 'NONE',  ( 5.762028844389817550, 2.327627468653245213, 8.500000000000000000 ) ) ;
#3098 = ORIENTED_EDGE ( 'NONE', *, *, #2422, .T. ) ;
#3099 = AXIS2_PLACEMENT_3D ( 'NONE', #2813, #4529, #4988 ) ;
#3100 = CARTESIAN_POINT ( 'NONE',  ( 17.55686396047857301, -0.9951193083750390356, -12.50000000000000000 ) ) ;
#3101 = VECTOR ( 'NONE', #4181, 1000.000000000000000 ) ;
#3102 = ADVANCED_FACE ( 'NONE', ( #1034 ), #4370, .T. ) ;
#3103 = ORIENTED_EDGE ( 'NONE', *, *, #4323, .F. ) ;
#3104 = DIRECTION ( 'NONE',  ( 0.05704979053851286230, 0.9983713344239767418, 0.000000000000000000 ) ) ;
#3105 = DIRECTION ( 'NONE',  ( -1.000000000000000000, 0.000000000000000000, 0.000000000000000000 ) ) ;
#3106 = AXIS2_PLACEMENT_3D ( 'NONE', #1655, #3336, #5059 ) ;
#3107 = ORIENTED_EDGE ( 'NONE', *, *, #1926, .F. ) ;
#3108 = CARTESIAN_POINT ( 'NONE',  ( 9.999999999999998224, -4.898587196589413026E-15, -2.400000000000001243 ) ) ;
#3109 = VECTOR ( 'NONE', #5356, 1000.000000000000000 ) ;
#3110 = EDGE_CURVE ( 'NONE', #930, #4994, #3197, .T. ) ;
#3111 = ADVANCED_FACE ( 'NONE', ( #1616 ), #4138, .F. ) ;
#3112 = CARTESIAN_POINT ( 'NONE',  ( -7.683206142928892923, 2.294305435833426721, 8.477995718711616391 ) ) ;
#3113 = CARTESIAN_POINT ( 'NONE',  ( 15.03890001485174821, 3.162069344281686067, 8.462286960981399986 ) ) ;
#3114 = CARTESIAN_POINT ( 'NONE',  ( 1.966728068561481635, 3.099999999999989875, 7.896992019656694950 ) ) ;
#3115 = AXIS2_PLACEMENT_3D ( 'NONE', #2621, #3466, #2595 ) ;
#3116 = CARTESIAN_POINT ( 'NONE',  ( -9.386737788622827594, 3.534753694037974459, -11.50000000000000000 ) ) ;
#3117 = CIRCLE ( 'NONE', #871, 7.500000000000000000 ) ;
#3118 = CARTESIAN_POINT ( 'NONE',  ( -7.722156681461177286, 2.284730543050411011, 8.473537185079882406 ) ) ;
#3119 = ORIENTED_EDGE ( 'NONE', *, *, #4149, .F. ) ;
#3120 = CARTESIAN_POINT ( 'NONE',  ( -6.299999999999996270, -3.359999999999990106, -11.50000000000000000 ) ) ;
#3121 = FACE_OUTER_BOUND ( 'NONE', #4280, .T. ) ;
#3122 = ORIENTED_EDGE ( 'NONE', *, *, #1996, .T. ) ;
#3123 = CARTESIAN_POINT ( 'NONE',  ( -10.21165997501151779, 3.099999999999989875, -11.50000000000000000 ) ) ;
#3124 = ORIENTED_EDGE ( 'NONE', *, *, #3831, .F. ) ;
#3125 = AXIS2_PLACEMENT_3D ( 'NONE', #1101, #2334, #4444 ) ;
#3126 = CARTESIAN_POINT ( 'NONE',  ( 17.04434499593166308, -3.973962571196085314, 12.50000000000000000 ) ) ;
#3127 = ORIENTED_EDGE ( 'NONE', *, *, #5364, .F. ) ;
#3128 = CARTESIAN_POINT ( 'NONE',  ( 0.5000000000000038858, 3.099999999999989875, 7.853012644342948434 ) ) ;
#3129 = AXIS2_PLACEMENT_3D ( 'NONE', #1222, #794, #5447 ) ;
#3130 = CARTESIAN_POINT ( 'NONE',  ( -1.499999999999996225, 3.149127883449060583, -11.75829282347342541 ) ) ;
#3131 = ORIENTED_EDGE ( 'NONE', *, *, #3730, .F. ) ;
#3132 = CARTESIAN_POINT ( 'NONE',  ( 1.821459649775647449E-14, 103.1631322454748840, -12.50000000000000000 ) ) ;
#3133 = DIRECTION ( 'NONE',  ( -0.000000000000000000, -0.000000000000000000, 1.000000000000000000 ) ) ;
#3134 = ORIENTED_EDGE ( 'NONE', *, *, #152, .F. ) ;
#3135 = EDGE_CURVE ( 'NONE', #1739, #711, #641, .T. ) ;
#3136 = VERTEX_POINT ( 'NONE', #637 ) ;
#3137 = AXIS2_PLACEMENT_3D ( 'NONE', #3913, #925, #4730 ) ;
#3138 = FACE_OUTER_BOUND ( 'NONE', #1794, .T. ) ;
#3139 = CARTESIAN_POINT ( 'NONE',  ( 10.50000000000000355, -3.099999999999989875, -2.400000000000001243 ) ) ;
#3140 = DIRECTION ( 'NONE',  ( 0.000000000000000000, 0.000000000000000000, -1.000000000000000000 ) ) ;
#3141 = CIRCLE ( 'NONE', #719, 2.149999999999999023 ) ;
#3142 = CARTESIAN_POINT ( 'NONE',  ( 17.50000000000000000, -4.898587196589413026E-15, -2.400000000000001243 ) ) ;
#3143 = CARTESIAN_POINT ( 'NONE',  ( -2.299999999999996270, -3.099999999999989875, -11.91364570620248209 ) ) ;
#3144 = EDGE_CURVE ( 'NONE', #5453, #1597, #1984, .T. ) ;
#3145 = EDGE_CURVE ( 'NONE', #873, #2973, #3588, .T. ) ;
#3146 = EDGE_LOOP ( 'NONE', ( #4097, #4742, #484, #3008, #1005, #3041 ) ) ;
#3147 = CARTESIAN_POINT ( 'NONE',  ( -6.836303057495273450, -3.390645888999720192, 7.500000000000000000 ) ) ;
#3148 = LINE ( 'NONE', #982, #665 ) ;
#3149 = CARTESIAN_POINT ( 'NONE',  ( 7.700000000000003730, -3.439999999999990177, 7.499999999999992895 ) ) ;
#3150 = CARTESIAN_POINT ( 'NONE',  ( -6.299999999999996270, 3.359999999999990106, 7.751429699625617786 ) ) ;
#3151 = ORIENTED_EDGE ( 'NONE', *, *, #2312, .T. ) ;
#3152 = DIRECTION ( 'NONE',  ( -0.2982063169456435903, -0.9545014366326090016, 3.105925262998992712E-16 ) ) ;
#3153 = EDGE_CURVE ( 'NONE', #3156, #1281, #4575, .T. ) ;
#3154 = ORIENTED_EDGE ( 'NONE', *, *, #3038, .T. ) ;
#3155 = DIRECTION ( 'NONE',  ( 1.000000000000000000, 0.000000000000000000, 0.000000000000000000 ) ) ;
#3156 = VERTEX_POINT ( 'NONE', #2360 ) ;
#3157 = FACE_OUTER_BOUND ( 'NONE', #4003, .T. ) ;
#3158 = CARTESIAN_POINT ( 'NONE',  ( -1.499999999999996225, 3.174382878358580573, -11.63014433655488133 ) ) ;
#3159 = CARTESIAN_POINT ( 'NONE',  ( -6.299999999999996270, -3.359999999999990106, -11.50000000000000000 ) ) ;
#3160 = ORIENTED_EDGE ( 'NONE', *, *, #3594, .T. ) ;
#3161 = LINE ( 'NONE', #4405, #1048 ) ;
#3162 = DIRECTION ( 'NONE',  ( -1.000000000000000000, 0.000000000000000000, 0.000000000000000000 ) ) ;
#3163 = VERTEX_POINT ( 'NONE', #4163 ) ;
#3164 = VERTEX_POINT ( 'NONE', #298 ) ;
#3165 = CARTESIAN_POINT ( 'NONE',  ( -7.272790381312479902, 2.377852690017909332, 8.500000000000000000 ) ) ;
#3166 = CARTESIAN_POINT ( 'NONE',  ( 7.700000000000003730, 3.099999999999989875, 8.250778761190353805 ) ) ;
#3167 = ADVANCED_FACE ( 'NONE', ( #211 ), #1066, .T. ) ;
#3168 = CARTESIAN_POINT ( 'NONE',  ( -10.00532316365058172, -0.2825227755198513879, 5.500000000000000888 ) ) ;
#3169 = CARTESIAN_POINT ( 'NONE',  ( -0.2999999999999964362, -3.099999999999989875, 7.850886385301212300 ) ) ;
#3170 = CARTESIAN_POINT ( 'NONE',  ( -10.01689148877182944, 0.5894037275493873018, 5.727547441694036401 ) ) ;
#3171 = ORIENTED_EDGE ( 'NONE', *, *, #3290, .F. ) ;
#3172 = CARTESIAN_POINT ( 'NONE',  ( 17.32922228850434010, 2.988609951174060253, -11.50000000000000000 ) ) ;
#3173 = DIRECTION ( 'NONE',  ( -0.000000000000000000, 0.000000000000000000, -1.000000000000000000 ) ) ;
#3174 = EDGE_CURVE ( 'NONE', #1134, #5032, #3263, .T. ) ;
#3175 = DIRECTION ( 'NONE',  ( 0.000000000000000000, 0.000000000000000000, -1.000000000000000000 ) ) ;
#3176 = CARTESIAN_POINT ( 'NONE',  ( -5.499999999999996447, 3.237046351565955327, 7.944570984542003167 ) ) ;
#3177 = DIRECTION ( 'NONE',  ( -1.000000000000000000, 0.000000000000000000, 0.000000000000000000 ) ) ;
#3178 = ORIENTED_EDGE ( 'NONE', *, *, #1396, .T. ) ;
#3179 = CARTESIAN_POINT ( 'NONE',  ( 8.500000000000001776, 3.485714285714278660, 7.813743481812050362 ) ) ;
#3180 = ORIENTED_EDGE ( 'NONE', *, *, #937, .T. ) ;
#3181 = B_SPLINE_CURVE_WITH_KNOTS ( 'NONE', 3,
 ( #4038, #3705, #2713, #139, #4487, #2400, #257, #1905 ),
 .UNSPECIFIED., .F., .F.,
 ( 4, 2, 2, 4 ),
 ( 9.341771812940338307E-18, 0.0002777911400333475992, 0.0005555822800666858742, 0.001111164560133361340 ),
 .UNSPECIFIED. ) ;
#3182 = CARTESIAN_POINT ( 'NONE',  ( 6.186696445272633404, 3.353525511158428785, -12.49999999999998579 ) ) ;
#3183 = EDGE_CURVE ( 'NONE', #4178, #527, #4853, .T. ) ;
#3184 = ORIENTED_EDGE ( 'NONE', *, *, #1572, .F. ) ;
#3185 = ADVANCED_FACE ( 'NONE', ( #5020 ), #4461, .T. ) ;
#3186 = LINE ( 'NONE', #1509, #2837 ) ;
#3187 = CARTESIAN_POINT ( 'NONE',  ( -5.645261924098564421, -3.099999999999989875, 8.128575426111378732 ) ) ;
#3188 = EDGE_LOOP ( 'NONE', ( #3676, #5231, #3934, #1587 ) ) ;
#3189 = B_SPLINE_CURVE_WITH_KNOTS ( 'NONE', 3,
 ( #663, #1324, #357, #1272 ),
 .UNSPECIFIED., .F., .F.,
 ( 4, 4 ),
 ( 1.011508913927958987E-17, 0.0008896235233258305633 ),
 .UNSPECIFIED. ) ;
#3190 = LINE ( 'NONE', #717, #2399 ) ;
#3191 = CARTESIAN_POINT ( 'NONE',  ( 1.908195823574487804E-14, -103.1631322454748840, -11.50000000000000000 ) ) ;
#3192 = ORIENTED_EDGE ( 'NONE', *, *, #2484, .F. ) ;
#3193 = VECTOR ( 'NONE', #696, 1000.000000000000000 ) ;
#3194 = ORIENTED_EDGE ( 'NONE', *, *, #2428, .T. ) ;
#3195 = CARTESIAN_POINT ( 'NONE',  ( -1.499999999999996225, -3.999999999999989786, 12.50013049999998138 ) ) ;
#3196 = CIRCLE ( 'NONE', #1607, 100.0000000000000000 ) ;
#3197 = B_SPLINE_CURVE_WITH_KNOTS ( 'NONE', 3,
 ( #2758, #5352, #3927, #2, #453, #2179, #1762, #3474, #5199, #1341, #4774, #909 ),
 .UNSPECIFIED., .F., .F.,
 ( 4, 2, 2, 2, 2, 4 ),
 ( 0.0009395667616767168929, 0.001939294944069200463, 0.002939023126461683816, 0.003938751308854167819, 0.004438615400050410255, 0.004938479491246651823 ),
 .UNSPECIFIED. ) ;
#3198 = DIRECTION ( 'NONE',  ( -0.000000000000000000, -0.000000000000000000, -1.000000000000000000 ) ) ;
#3199 = AXIS2_PLACEMENT_3D ( 'NONE', #3510, #2634, #1802 ) ;
#3200 = DIRECTION ( 'NONE',  ( -0.000000000000000000, -0.000000000000000000, 1.000000000000000000 ) ) ;
#3201 = DIRECTION ( 'NONE',  ( -0.000000000000000000, -0.000000000000000000, 1.000000000000000000 ) ) ;
#3202 = AXIS2_PLACEMENT_3D ( 'NONE', #4959, #237, #4839 ) ;
#3203 = DIRECTION ( 'NONE',  ( 0.000000000000000000, 0.000000000000000000, 1.000000000000000000 ) ) ;
#3204 = VERTEX_POINT ( 'NONE', #5220 ) ;
#3205 = EDGE_CURVE ( 'NONE', #4049, #2904, #1338, .T. ) ;
#3206 = CARTESIAN_POINT ( 'NONE',  ( -9.499999999999996447, 3.528318826011692888, -10.59999999999999964 ) ) ;
#3207 = CARTESIAN_POINT ( 'NONE',  ( 6.718929193728590654, -3.383938811070273722, -12.50981163822540054 ) ) ;
#3208 = CARTESIAN_POINT ( 'NONE',  ( 0.000000000000000000, 0.000000000000000000, 0.000000000000000000 ) ) ;
#3209 = CARTESIAN_POINT ( 'NONE',  ( -17.50000000000000000, -4.898587196589413026E-15, 5.500000000000000888 ) ) ;
#3210 = DIRECTION ( 'NONE',  ( 0.000000000000000000, 1.000000000000000000, 0.000000000000000000 ) ) ;
#3211 = LINE ( 'NONE', #4936, #5574 ) ;
#3212 = ORIENTED_EDGE ( 'NONE', *, *, #3256, .T. ) ;
#3213 = ADVANCED_FACE ( 'NONE', ( #4683 ), #473, .T. ) ;
#3214 = DIRECTION ( 'NONE',  ( -0.000000000000000000, -0.000000000000000000, -1.000000000000000000 ) ) ;
#3215 = VERTEX_POINT ( 'NONE', #5587 ) ;
#3216 = CARTESIAN_POINT ( 'NONE',  ( 15.03811865944210702, -3.161497162111122083, 8.462493423064536557 ) ) ;
#3217 = B_SPLINE_CURVE_WITH_KNOTS ( 'NONE', 3,
 ( #1859, #3114, #4413, #3567 ),
 .UNSPECIFIED., .F., .F.,
 ( 4, 4 ),
 ( 0.001281246563729137146, 0.002082071240100103436 ),
 .UNSPECIFIED. ) ;
#3218 = ADVANCED_FACE ( 'NONE', ( #3921 ), #2538, .F. ) ;
#3219 = EDGE_CURVE ( 'NONE', #5247, #4361, #501, .T. ) ;
#3220 = CARTESIAN_POINT ( 'NONE',  ( 5.874981175673966050, 3.099999999999989875, -12.14457643345124360 ) ) ;
#3221 = DIRECTION ( 'NONE',  ( 0.000000000000000000, 0.000000000000000000, -1.000000000000000000 ) ) ;
#3222 = ORIENTED_EDGE ( 'NONE', *, *, #29, .T. ) ;
#3223 = DIRECTION ( 'NONE',  ( 0.000000000000000000, -1.000000000000000000, 0.000000000000000000 ) ) ;
#3224 = DIRECTION ( 'NONE',  ( -0.000000000000000000, -0.000000000000000000, -1.000000000000000000 ) ) ;
#3225 = ORIENTED_EDGE ( 'NONE', *, *, #883, .F. ) ;
#3226 = PLANE ( 'NONE',  #3052 ) ;
#3227 = VECTOR ( 'NONE', #1090, 1000.000000000000000 ) ;
#3228 = DIRECTION ( 'NONE',  ( 1.000000000000000000, 0.000000000000000000, 0.000000000000000000 ) ) ;
#3229 = CARTESIAN_POINT ( 'NONE',  ( -5.717893271169966596, -3.099999999999989875, -12.13363453504174316 ) ) ;
#3230 = CARTESIAN_POINT ( 'NONE',  ( 4.500000000000003553, -3.099999999999989875, 8.049136394081322976 ) ) ;
#3231 = CARTESIAN_POINT ( 'NONE',  ( -8.749915373950345909, -2.862295228730898256, 8.200546231149195009 ) ) ;
#3232 = AXIS2_PLACEMENT_3D ( 'NONE', #2056, #4079, #2027 ) ;
#3233 = ORIENTED_EDGE ( 'NONE', *, *, #1925, .F. ) ;
#3234 = CARTESIAN_POINT ( 'NONE',  ( -8.299999999999998934, -3.474285714285704429, -11.50000000000000000 ) ) ;
#3235 = DIRECTION ( 'NONE',  ( -0.000000000000000000, -0.000000000000000000, -1.000000000000000000 ) ) ;
#3236 = CIRCLE ( 'NONE', #3421, 1.000000000000000888 ) ;
#3237 = CARTESIAN_POINT ( 'NONE',  ( 9.700000000000004619, 3.099999999999989875, -10.33799286859486344 ) ) ;
#3238 = DIRECTION ( 'NONE',  ( -0.000000000000000000, -0.000000000000000000, -1.000000000000000000 ) ) ;
#3239 = DIRECTION ( 'NONE',  ( -0.9983713344239767418, 0.05704979053851286230, 0.000000000000000000 ) ) ;
#3240 = ORIENTED_EDGE ( 'NONE', *, *, #1740, .F. ) ;
#3241 = DIRECTION ( 'NONE',  ( 1.000000000000000000, 0.000000000000000000, 0.000000000000000000 ) ) ;
#3242 = VERTEX_POINT ( 'NONE', #1363 ) ;
#3243 = CARTESIAN_POINT ( 'NONE',  ( 17.04434499593166663, -3.973962571196084426, 7.515444488194908068 ) ) ;
#3244 = EDGE_CURVE ( 'NONE', #3541, #3492, #4260, .T. ) ;
#3245 = ORIENTED_EDGE ( 'NONE', *, *, #2622, .T. ) ;
#3246 = PLANE ( 'NONE',  #1775 ) ;
#3247 = CARTESIAN_POINT ( 'NONE',  ( 9.386737788622822265, -2.534753694037974014, -2.400000000000001243 ) ) ;
#3248 = ORIENTED_EDGE ( 'NONE', *, *, #2287, .T. ) ;
#3249 = FACE_OUTER_BOUND ( 'NONE', #3268, .T. ) ;
#3250 = EDGE_CURVE ( 'NONE', #2699, #3809, #4711, .T. ) ;
#3251 = CARTESIAN_POINT ( 'NONE',  ( 10.34123922525543371, 2.236547377092330091, -2.400000000000001243 ) ) ;
#3252 = ORIENTED_EDGE ( 'NONE', *, *, #5081, .T. ) ;
#3253 = B_SPLINE_CURVE_WITH_KNOTS ( 'NONE', 3,
 ( #5212, #4788, #1357, #4387 ),
 .UNSPECIFIED., .F., .F.,
 ( 4, 4 ),
 ( 0.001282914570028971957, 0.002084631404339784295 ),
 .UNSPECIFIED. ) ;
#3254 = ORIENTED_EDGE ( 'NONE', *, *, #4690, .F. ) ;
#3255 = LINE ( 'NONE', #4546, #3686 ) ;
#3256 = EDGE_CURVE ( 'NONE', #2763, #527, #4401, .T. ) ;
#3257 = DIRECTION ( 'NONE',  ( -1.000000000000000000, 0.000000000000000000, 0.000000000000000000 ) ) ;
#3258 = EDGE_CURVE ( 'NONE', #4311, #754, #4881, .T. ) ;
#3259 = CARTESIAN_POINT ( 'NONE',  ( 4.500000000000003553, -3.999999999999989786, 12.50013049999998138 ) ) ;
#3260 = CARTESIAN_POINT ( 'NONE',  ( -8.343080674738180491, -2.062481050810412775, 8.287861131628510236 ) ) ;
#3261 = VERTEX_POINT ( 'NONE', #4740 ) ;
#3262 = DIRECTION ( 'NONE',  ( -1.000000000000000000, 0.000000000000000000, 0.000000000000000000 ) ) ;
#3263 = LINE ( 'NONE', #329, #5400 ) ;
#3264 = CARTESIAN_POINT ( 'NONE',  ( 9.311427339110888823, -2.287819463714374724, -11.16091589378104310 ) ) ;
#3265 = B_SPLINE_CURVE_WITH_KNOTS ( 'NONE', 3,
 ( #2296, #3565, #3909, #4384 ),
 .UNSPECIFIED., .F., .F.,
 ( 4, 4 ),
 ( 0.001678026921928386928, 0.002102158517944778017 ),
 .UNSPECIFIED. ) ;
#3266 = CARTESIAN_POINT ( 'NONE',  ( 10.50000000000000178, -3.599999999999990319, 7.500000000000000000 ) ) ;
#3267 = CARTESIAN_POINT ( 'NONE',  ( 9.310927736664766030, 3.532053013523690499, -8.873463824662938038 ) ) ;
#3268 = EDGE_LOOP ( 'NONE', ( #4450, #2724, #5165, #2098 ) ) ;
#3269 = CARTESIAN_POINT ( 'NONE',  ( 0.000000000000000000, -2.999999999999991118, -12.50000000000000000 ) ) ;
#3270 = EDGE_LOOP ( 'NONE', ( #451, #4435, #2823, #1311 ) ) ;
#3271 = CARTESIAN_POINT ( 'NONE',  ( 15.42778607187245932, -3.429555871697971714, 8.346944932784571947 ) ) ;
#3272 = VERTEX_POINT ( 'NONE', #879 ) ;
#3273 = EDGE_CURVE ( 'NONE', #337, #2569, #165, .T. ) ;
#3274 = CARTESIAN_POINT ( 'NONE',  ( -8.299999999999998934, 3.099999999999989875, -12.27956295922592211 ) ) ;
#3275 = DIRECTION ( 'NONE',  ( 0.000000000000000000, 0.000000000000000000, 1.000000000000000000 ) ) ;
#3276 = ORIENTED_EDGE ( 'NONE', *, *, #2283, .F. ) ;
#3277 = FACE_OUTER_BOUND ( 'NONE', #2030, .T. ) ;
#3278 =( BOUNDED_CURVE ( )  B_SPLINE_CURVE ( 3, ( #4578, #2439, #4159, #294 ),
 .UNSPECIFIED., .F., .F. ) 
 B_SPLINE_CURVE_WITH_KNOTS ( ( 4, 4 ),
 ( 2.404496473281212410, 2.455350416672286151 ),
 .UNSPECIFIED. ) 
 CURVE ( )  GEOMETRIC_REPRESENTATION_ITEM ( )  RATIONAL_B_SPLINE_CURVE ( ( 1.000000000000000000, 0.9997845013143864534, 0.9997845013143864534, 1.000000000000000000 ) ) 
 REPRESENTATION_ITEM ( '' )  );
#3279 = VERTEX_POINT ( 'NONE', #1817 ) ;
#3280 = VECTOR ( 'NONE', #4407, 1000.000000000000000 ) ;
#3281 = EDGE_CURVE ( 'NONE', #1785, #5286, #4406, .T. ) ;
#3282 = CARTESIAN_POINT ( 'NONE',  ( -2.299999999999996270, 3.099999999999989875, 7.913645706202474983 ) ) ;
#3283 = CARTESIAN_POINT ( 'NONE',  ( 6.500000000000004441, -3.099999999999989875, 12.50013049999998138 ) ) ;
#3284 = CIRCLE ( 'NONE', #1033, 3.999999999999994671 ) ;
#3285 = CARTESIAN_POINT ( 'NONE',  ( 10.50000000000000355, 3.099999999999989875, 8.365554737768846394 ) ) ;
#3286 = ORIENTED_EDGE ( 'NONE', *, *, #2635, .T. ) ;
#3287 = CIRCLE ( 'NONE', #5005, 1.000000000000000888 ) ;
#3288 = EDGE_CURVE ( 'NONE', #5478, #503, #4209, .T. ) ;
#3289 = PLANE ( 'NONE',  #760 ) ;
#3290 = EDGE_CURVE ( 'NONE', #1339, #2419, #1190, .T. ) ;
#3291 = AXIS2_PLACEMENT_3D ( 'NONE', #2752, #2298, #2669 ) ;
#3292 = CARTESIAN_POINT ( 'NONE',  ( 6.186696445272875877, -3.353525511158440775, -11.50000000000000000 ) ) ;
#3293 = VECTOR ( 'NONE', #4410, 1000.000000000000000 ) ;
#3294 = DIRECTION ( 'NONE',  ( 0.000000000000000000, 0.000000000000000000, 1.000000000000000000 ) ) ;
#3295 = CARTESIAN_POINT ( 'NONE',  ( 8.500000000000007105, 3.459256911600972817, -10.90329209931945087 ) ) ;
#3296 = ORIENTED_EDGE ( 'NONE', *, *, #3046, .F. ) ;
#3297 = VECTOR ( 'NONE', #3912, 1000.000000000000000 ) ;
#3298 = CARTESIAN_POINT ( 'NONE',  ( 10.50000000000000355, 3.599999999999990319, 7.500000000000000000 ) ) ;
#3299 = CIRCLE ( 'NONE', #1961, 100.0000000000000000 ) ;
#3300 = CARTESIAN_POINT ( 'NONE',  ( -2.299999999999996270, -3.189585744412911428, 7.643380664188221374 ) ) ;
#3301 = LINE ( 'NONE', #5078, #2120 ) ;
#3302 = ORIENTED_EDGE ( 'NONE', *, *, #1852, .T. ) ;
#3303 = TOROIDAL_SURFACE ( 'NONE', #2398, 101.0000000000000000, 1.000000000000000000 ) ;
#3304 = B_SPLINE_CURVE_WITH_KNOTS ( 'NONE', 3,
 ( #2576, #1738, #4659, #5062, #3447, #2043, #5479, #343, #2097, #5086, #3790, #3816, #5533, #3930, #2237, #4400 ),
 .UNSPECIFIED., .F., .F.,
 ( 4, 2, 2, 2, 2, 2, 2, 4 ),
 ( 0.000000000000000000, 0.0006264208621484304833, 0.001252841724296863569, 0.001879262586445296871, 0.002505683448593729740, 0.003758525172890596344, 0.004384946035039029646, 0.005011366897187462081 ),
 .UNSPECIFIED. ) ;
#3305 = AXIS2_PLACEMENT_3D ( 'NONE', #77, #1839, #1361 ) ;
#3306 = ORIENTED_EDGE ( 'NONE', *, *, #630, .F. ) ;
#3307 = FACE_OUTER_BOUND ( 'NONE', #4732, .T. ) ;
#3308 = CARTESIAN_POINT ( 'NONE',  ( 9.700000000000004619, 3.999999999999989786, 12.50013049999998138 ) ) ;
#3309 = ORIENTED_EDGE ( 'NONE', *, *, #4170, .F. ) ;
#3310 = DIRECTION ( 'NONE',  ( -0.000000000000000000, 0.000000000000000000, -1.000000000000000000 ) ) ;
#3311 = EDGE_LOOP ( 'NONE', ( #4553, #3107, #98, #3546 ) ) ;
#3312 = ORIENTED_EDGE ( 'NONE', *, *, #3219, .F. ) ;
#3313 = CARTESIAN_POINT ( 'NONE',  ( -7.007452429110813341, 0.3955318857277899114, 4.299999999999999822 ) ) ;
#3314 = CARTESIAN_POINT ( 'NONE',  ( -5.906186614776789412, 3.099999999999989875, -12.14675003647666962 ) ) ;
#3315 = CARTESIAN_POINT ( 'NONE',  ( -9.499999999999996447, 3.099999999999989875, -12.31710971421850687 ) ) ;
#3316 = ADVANCED_FACE ( 'NONE', ( #3610 ), #4031, .T. ) ;
#3317 = CARTESIAN_POINT ( 'NONE',  ( -7.405459357413311849, -3.369013092162968626, 7.500000000000000888 ) ) ;
#3318 = VERTEX_POINT ( 'NONE', #1011 ) ;
#3319 = AXIS2_PLACEMENT_3D ( 'NONE', #196, #1932, #1515 ) ;
#3320 = CARTESIAN_POINT ( 'NONE',  ( 3.700000000000003730, -3.099999999999989875, -11.99571665973795120 ) ) ;
#3321 = CARTESIAN_POINT ( 'NONE',  ( 6.243746235811388878, -2.355154176734464144, -12.50000000000000000 ) ) ;
#3322 = CIRCLE ( 'NONE', #712, 0.9999999999999991118 ) ;
#3323 = LINE ( 'NONE', #5547, #1047 ) ;
#3324 = EDGE_CURVE ( 'NONE', #5439, #3541, #4996, .T. ) ;
#3325 = ADVANCED_FACE ( 'NONE', ( #2281 ), #4480, .F. ) ;
#3326 = CARTESIAN_POINT ( 'NONE',  ( -4.299999999999996270, -3.099999999999989875, -12.03552606680114145 ) ) ;
#3327 = ORIENTED_EDGE ( 'NONE', *, *, #737, .T. ) ;
#3328 = CARTESIAN_POINT ( 'NONE',  ( -10.29999999999999716, -3.588571428571418309, -12.50000000000000000 ) ) ;
#3329 = VECTOR ( 'NONE', #5405, 1000.000000000000000 ) ;
#3330 = FACE_OUTER_BOUND ( 'NONE', #3626, .T. ) ;
#3331 = DIRECTION ( 'NONE',  ( -0.000000000000000000, -0.000000000000000000, 1.000000000000000000 ) ) ;
#3332 = EDGE_CURVE ( 'NONE', #2546, #2419, #3211, .T. ) ;
#3333 = VERTEX_POINT ( 'NONE', #4082 ) ;
#3334 = ORIENTED_EDGE ( 'NONE', *, *, #906, .T. ) ;
#3335 = LINE ( 'NONE', #4466, #2249 ) ;
#3336 = DIRECTION ( 'NONE',  ( 0.000000000000000000, -1.000000000000000000, 0.000000000000000000 ) ) ;
#3337 = CARTESIAN_POINT ( 'NONE',  ( -9.329687998084311928, -3.533125028461951089, -11.50000000000000000 ) ) ;
#3338 = ORIENTED_EDGE ( 'NONE', *, *, #361, .F. ) ;
#3339 = CARTESIAN_POINT ( 'NONE',  ( -10.34123922525543371, -2.236547377092329647, -11.50000000000000000 ) ) ;
#3340 = VERTEX_POINT ( 'NONE', #1447 ) ;
#3341 = VERTEX_POINT ( 'NONE', #2792 ) ;
#3342 = CARTESIAN_POINT ( 'NONE',  ( 9.700000000000004619, -3.258882629844038092, -10.06117034634355534 ) ) ;
#3343 = CARTESIAN_POINT ( 'NONE',  ( -8.299999999999998934, -3.102803718586186754, 4.299999999999999822 ) ) ;
#3344 = CARTESIAN_POINT ( 'NONE',  ( 17.32922228850434010, -2.988609951174059809, -12.50000000000000000 ) ) ;
#3345 = ORIENTED_EDGE ( 'NONE', *, *, #1049, .F. ) ;
#3346 = PLANE ( 'NONE',  #310 ) ;
#3347 = UNCERTAINTY_MEASURE_WITH_UNIT (LENGTH_MEASURE( 1.000000000000000082E-05 ), #5069, 'distance_accuracy_value', 'NONE');
#3348 = EDGE_CURVE ( 'NONE', #790, #2756, #1804, .T. ) ;
#3349 = CARTESIAN_POINT ( 'NONE',  ( 6.708834710601879081, -3.383361983462954914, -11.46424804697425870 ) ) ;
#3350 = DIRECTION ( 'NONE',  ( 0.9983713344239767418, 0.05704979053851286230, -0.000000000000000000 ) ) ;
#3351 = CARTESIAN_POINT ( 'NONE',  ( 8.628881412802398287, 3.493078937874413370, -10.38635917202418391 ) ) ;
#3352 = VERTEX_POINT ( 'NONE', #3123 ) ;
#3353 = LINE ( 'NONE', #2895, #2117 ) ;
#3354 = EDGE_CURVE ( 'NONE', #2898, #3837, #3322, .T. ) ;
#3355 = DIRECTION ( 'NONE',  ( -0.05704979053851309823, 0.9983713344239766307, 0.000000000000000000 ) ) ;
#3356 = CARTESIAN_POINT ( 'NONE',  ( -9.499999999999996447, -3.528318826011692000, -10.59999999999999964 ) ) ;
#3357 = ORIENTED_EDGE ( 'NONE', *, *, #2532, .F. ) ;
#3358 = VERTEX_POINT ( 'NONE', #4507 ) ;
#3359 = CARTESIAN_POINT ( 'NONE',  ( -10.00639930363108832, 0.5523426948746692489, 5.699812437741745619 ) ) ;
#3360 = ADVANCED_FACE ( 'NONE', ( #1900 ), #1387, .T. ) ;
#3361 = ADVANCED_FACE ( 'NONE', ( #1841 ), #2679, .T. ) ;
#3362 = CARTESIAN_POINT ( 'NONE',  ( 2.500000000000003997, -3.099999999999989875, -11.92404238778392234 ) ) ;
#3363 = FACE_OUTER_BOUND ( 'NONE', #1704, .T. ) ;
#3364 = EDGE_LOOP ( 'NONE', ( #312, #2367, #4226, #2520, #4422, #338 ) ) ;
#3365 = CARTESIAN_POINT ( 'NONE',  ( 1.700000000000003508, -3.099999999999989875, 7.886169321447423997 ) ) ;
#3366 = VERTEX_POINT ( 'NONE', #2707 ) ;
#3367 = VERTEX_POINT ( 'NONE', #4423 ) ;
#3368 = PLANE ( 'NONE',  #4019 ) ;
#3369 = DIRECTION ( 'NONE',  ( -0.000000000000000000, -0.000000000000000000, 1.000000000000000000 ) ) ;
#3370 = CIRCLE ( 'NONE', #4271, 1.000000000000000888 ) ;
#3371 = CARTESIAN_POINT ( 'NONE',  ( -9.251944112295001688, -2.395250749962707815, 6.991359544617385957 ) ) ;
#3372 = VERTEX_POINT ( 'NONE', #129 ) ;
#3373 = CARTESIAN_POINT ( 'NONE',  ( 10.34123922525543016, -2.236547377092330535, -2.400000000000001243 ) ) ;
#3374 = CARTESIAN_POINT ( 'NONE',  ( 2.500000000000003997, 3.161734292507703437, 7.792235404565583501 ) ) ;
#3375 = AXIS2_PLACEMENT_3D ( 'NONE', #271, #3718, #4554 ) ;
#3376 = CARTESIAN_POINT ( 'NONE',  ( 8.500000000000003553, -3.485714285714275995, -10.52047469765305365 ) ) ;
#3377 = DIRECTION ( 'NONE',  ( -0.000000000000000000, -0.000000000000000000, -1.000000000000000000 ) ) ;
#3378 = CARTESIAN_POINT ( 'NONE',  ( 5.700000000000003730, -3.099999999999989875, -12.13238808413662895 ) ) ;
#3379 = ORIENTED_EDGE ( 'NONE', *, *, #758, .F. ) ;
#3380 = VECTOR ( 'NONE', #1462, 999.9999999999998863 ) ;
#3381 = PLANE ( 'NONE',  #1218 ) ;
#3382 = CARTESIAN_POINT ( 'NONE',  ( 10.50000000000000355, -3.099999999999989875, 8.365554737768846394 ) ) ;
#3383 = CARTESIAN_POINT ( 'NONE',  ( -17.50000000000000000, -4.898587196589413026E-15, 4.299999999999999822 ) ) ;
#3384 = ORIENTED_EDGE ( 'NONE', *, *, #4690, .T. ) ;
#3385 = CARTESIAN_POINT ( 'NONE',  ( 8.994958737460992282, -3.513997642140618716, -9.851894774761111861 ) ) ;
#3386 = EDGE_CURVE ( 'NONE', #5161, #4239, #2156, .T. ) ;
#3387 = VECTOR ( 'NONE', #5083, 1000.000000000000000 ) ;
#3388 = ORIENTED_EDGE ( 'NONE', *, *, #1016, .F. ) ;
#3389 = CARTESIAN_POINT ( 'NONE',  ( 8.500000000000003553, 3.099999999999989875, 12.50013049999998138 ) ) ;
#3390 = CARTESIAN_POINT ( 'NONE',  ( 6.500000000000004441, 3.099999999999989875, 12.50013049999998138 ) ) ;
#3391 = CARTESIAN_POINT ( 'NONE',  ( -10.99117017787811612, 2.626435544852562032, 8.500000000000000000 ) ) ;
#3392 = ORIENTED_EDGE ( 'NONE', *, *, #5023, .F. ) ;
#3393 = CARTESIAN_POINT ( 'NONE',  ( -3.499999999999996003, -3.099999999999989875, 7.982900717098746490 ) ) ;
#3394 = AXIS2_PLACEMENT_3D ( 'NONE', #1544, #3223, #4918 ) ;
#3395 = EDGE_CURVE ( 'NONE', #2546, #113, #4718, .T. ) ;
#3396 = ADVANCED_FACE ( 'NONE', ( #2892 ), #3776, .F. ) ;
#3397 = ORIENTED_EDGE ( 'NONE', *, *, #2531, .T. ) ;
#3398 = ORIENTED_EDGE ( 'NONE', *, *, #4048, .F. ) ;
#3399 = CARTESIAN_POINT ( 'NONE',  ( 10.34123922525543016, -2.236547377092330091, -8.500000000000000000 ) ) ;
#3400 = DIRECTION ( 'NONE',  ( -1.000000000000000000, 0.000000000000000000, -0.000000000000000000 ) ) ;
#3401 = CARTESIAN_POINT ( 'NONE',  ( -9.894833035657800480, -1.285183678703793353, 6.650842551736952046 ) ) ;
#3402 = VERTEX_POINT ( 'NONE', #218 ) ;
#3403 = CARTESIAN_POINT ( 'NONE',  ( 9.329687998084308376, -3.533125028461950645, -8.500000000000000000 ) ) ;
#3404 = PLANE ( 'NONE',  #5009 ) ;
#3405 = CARTESIAN_POINT ( 'NONE',  ( 17.50000000000000355, -3.999999999999988898, 12.50000000000000000 ) ) ;
#3406 = CARTESIAN_POINT ( 'NONE',  ( -7.007452429110813341, 0.3955318857277899114, 7.500000000000000888 ) ) ;
#3407 = CARTESIAN_POINT ( 'NONE',  ( -9.386737788622829370, 2.534753694037974014, -10.59999999999999964 ) ) ;
#3408 = AXIS2_PLACEMENT_3D ( 'NONE', #1461, #1778, #1889 ) ;
#3409 = ORIENTED_EDGE ( 'NONE', *, *, #5023, .T. ) ;
#3410 = CARTESIAN_POINT ( 'NONE',  ( -17.50000000000000355, 3.999999999999989786, 12.50000000000000000 ) ) ;
#3411 = PLANE ( 'NONE',  #2135 ) ;
#3412 = DIRECTION ( 'NONE',  ( 0.000000000000000000, 0.000000000000000000, 1.000000000000000000 ) ) ;
#3413 = ORIENTED_EDGE ( 'NONE', *, *, #1093, .F. ) ;
#3414 = DIRECTION ( 'NONE',  ( -0.000000000000000000, -0.000000000000000000, -1.000000000000000000 ) ) ;
#3415 = ORIENTED_EDGE ( 'NONE', *, *, #2778, .T. ) ;
#3416 = AXIS2_PLACEMENT_3D ( 'NONE', #4990, #4612, #1555 ) ;
#3417 = CARTESIAN_POINT ( 'NONE',  ( 9.223094278790931355, 3.527033958788043932, -9.293632362315912943 ) ) ;
#3418 = DIRECTION ( 'NONE',  ( -0.9983713344239767418, 0.05704979053851286230, -0.000000000000000000 ) ) ;
#3419 = EDGE_CURVE ( 'NONE', #2711, #928, #1645, .T. ) ;
#3420 = ORIENTED_EDGE ( 'NONE', *, *, #217, .T. ) ;
#3421 = AXIS2_PLACEMENT_3D ( 'NONE', #2024, #5460, #1119 ) ;
#3422 = DIRECTION ( 'NONE',  ( -1.000000000000000000, 0.000000000000000000, 0.000000000000000000 ) ) ;
#3423 = ORIENTED_EDGE ( 'NONE', *, *, #544, .F. ) ;
#3424 = EDGE_CURVE ( 'NONE', #744, #2466, #5438, .T. ) ;
#3425 = ORIENTED_EDGE ( 'NONE', *, *, #3876, .T. ) ;
#3426 = DIRECTION ( 'NONE',  ( -1.000000000000000000, 0.000000000000000000, -0.000000000000000000 ) ) ;
#3427 = DIRECTION ( 'NONE',  ( 0.9983713344239767418, 0.05704979053851286230, 0.000000000000000000 ) ) ;
#3428 = CARTESIAN_POINT ( 'NONE',  ( -10.01451258433414537, -0.5262968865494268567, 5.784521294052655804 ) ) ;
#3429 = ORIENTED_EDGE ( 'NONE', *, *, #3288, .T. ) ;
#3430 = CARTESIAN_POINT ( 'NONE',  ( -17.50000000000000355, 3.999999999999989786, -12.50000000000000000 ) ) ;
#3431 = ADVANCED_FACE ( 'NONE', ( #1211 ), #3751, .F. ) ;
#3432 = EDGE_CURVE ( 'NONE', #2213, #4818, #2922, .T. ) ;
#3433 = CARTESIAN_POINT ( 'NONE',  ( 6.499999999974297893, -3.371428571427093068, -11.48468986539055692 ) ) ;
#3434 = CARTESIAN_POINT ( 'NONE',  ( 5.762028844389817550, 2.327627468653245213, -12.50000000000000000 ) ) ;
#3435 = CARTESIAN_POINT ( 'NONE',  ( -5.572630935773340788, -3.099999999999989875, -12.12351116742286372 ) ) ;
#3436 = DIRECTION ( 'NONE',  ( -0.000000000000000000, -0.000000000000000000, -1.000000000000000000 ) ) ;
#3437 = ORIENTED_EDGE ( 'NONE', *, *, #2835, .F. ) ;
#3438 = DIRECTION ( 'NONE',  ( 1.000000000000000000, 0.000000000000000000, 0.000000000000000000 ) ) ;
#3439 = DIRECTION ( 'NONE',  ( -0.05704979053851309823, 0.9983713344239766307, 0.000000000000000000 ) ) ;
#3440 = CARTESIAN_POINT ( 'NONE',  ( 1.700000000000003508, 3.151011836880228234, -11.76433687575883980 ) ) ;
#3441 = ORIENTED_EDGE ( 'NONE', *, *, #1050, .F. ) ;
#3442 = CARTESIAN_POINT ( 'NONE',  ( 9.473165077399690048, -2.280909780634527539, -10.97224701396689639 ) ) ;
#3443 = VERTEX_POINT ( 'NONE', #1156 ) ;
#3444 = CARTESIAN_POINT ( 'NONE',  ( 8.263442160180641594, 2.323033565865723293, -11.98761605323760904 ) ) ;
#3445 = LINE ( 'NONE', #186, #4486 ) ;
#3446 = ORIENTED_EDGE ( 'NONE', *, *, #2021, .F. ) ;
#3447 = CARTESIAN_POINT ( 'NONE',  ( -8.263194015818179139, -2.099160901654788081, 8.325934584452300058 ) ) ;
#3448 = AXIS2_PLACEMENT_3D ( 'NONE', #4506, #3636, #3669 ) ;
#3449 = ADVANCED_FACE ( 'NONE', ( #2470 ), #4645, .T. ) ;
#3450 = B_SPLINE_CURVE_WITH_KNOTS ( 'NONE', 3,
 ( #201, #5503, #5345, #599, #1486, #5058, #178, #2901, #1521, #3359, #5082, #5113 ),
 .UNSPECIFIED., .F., .F.,
 ( 4, 2, 2, 2, 2, 4 ),
 ( 0.0009395667616774561019, 0.001939294944069755357, 0.002939023126462054613, 0.003938751308854354302, 0.004438615400050503930, 0.004938479491246655292 ),
 .UNSPECIFIED. ) ;
#3451 = ORIENTED_EDGE ( 'NONE', *, *, #479, .F. ) ;
#3452 = PLANE ( 'NONE',  #54 ) ;
#3453 = PLANE ( 'NONE',  #578 ) ;
#3454 = EDGE_CURVE ( 'NONE', #5148, #4793, #3786, .T. ) ;
#3455 = B_SPLINE_CURVE_WITH_KNOTS ( 'NONE', 3,
 ( #2495, #4985, #4548, #5013 ),
 .UNSPECIFIED., .F., .F.,
 ( 4, 4 ),
 ( 0.000000000000000000, 0.0007533865049312016542 ),
 .UNSPECIFIED. ) ;
#3456 = ORIENTED_EDGE ( 'NONE', *, *, #912, .T. ) ;
#3457 = DIRECTION ( 'NONE',  ( -0.000000000000000000, -0.000000000000000000, -1.000000000000000000 ) ) ;
#3458 = CARTESIAN_POINT ( 'NONE',  ( 1.700000000000003508, -3.999999999999989786, 12.50013049999998138 ) ) ;
#3459 = AXIS2_PLACEMENT_3D ( 'NONE', #510, #561, #2241 ) ;
#3460 = CARTESIAN_POINT ( 'NONE',  ( 0.000000000000000000, -2.999999999999991118, -2.400000000000001243 ) ) ;
#3461 =( BOUNDED_CURVE ( )  B_SPLINE_CURVE ( 3, ( #1969, #1146, #1914, #4072 ),
 .UNSPECIFIED., .F., .T. ) 
 B_SPLINE_CURVE_WITH_KNOTS ( ( 4, 4 ),
 ( 5.546089126871005526, 5.596943070262079267 ),
 .UNSPECIFIED. ) 
 CURVE ( )  GEOMETRIC_REPRESENTATION_ITEM ( )  RATIONAL_B_SPLINE_CURVE ( ( 1.000000000000000000, 0.9997845013143864534, 0.9997845013143864534, 1.000000000000000000 ) ) 
 REPRESENTATION_ITEM ( '' )  );
#3462 = CARTESIAN_POINT ( 'NONE',  ( -0.2999999999999964362, 3.099999999999989875, 7.850886385300971604 ) ) ;
#3463 = ADVANCED_FACE ( 'NONE', ( #3721 ), #1586, .T. ) ;
#3464 = EDGE_CURVE ( 'NONE', #2546, #3366, #2105, .T. ) ;
#3465 = ORIENTED_EDGE ( 'NONE', *, *, #2843, .F. ) ;
#3466 = DIRECTION ( 'NONE',  ( 1.000000000000000000, -0.000000000000000000, 0.000000000000000000 ) ) ;
#3467 = CARTESIAN_POINT ( 'NONE',  ( 3.700000000000002842, 3.231605688536906662, 7.499999999999996447 ) ) ;
#3468 = VERTEX_POINT ( 'NONE', #332 ) ;
#3469 = CARTESIAN_POINT ( 'NONE',  ( 10.77206761298381643, -3.615546720742000009, -8.801420029628665986 ) ) ;
#3470 = AXIS2_PLACEMENT_3D ( 'NONE', #755, #2473, #1622 ) ;
#3471 = ORIENTED_EDGE ( 'NONE', *, *, #84, .T. ) ;
#3472 = CARTESIAN_POINT ( 'NONE',  ( 10.03702456844296620, 3.573544261053907878, -10.74289142423792853 ) ) ;
#3473 = AXIS2_PLACEMENT_3D ( 'NONE', #3383, #3412, #1216 ) ;
#3474 = CARTESIAN_POINT ( 'NONE',  ( -9.957947086715964957, -0.9553552685578405868, 5.995444266867735905 ) ) ;
#3475 = CIRCLE ( 'NONE', #46, 100.0000000000000000 ) ;
#3476 = ORIENTED_EDGE ( 'NONE', *, *, #2859, .F. ) ;
#3477 = CARTESIAN_POINT ( 'NONE',  ( -1.499999999999996225, -3.099999999999989875, -11.87844083214199209 ) ) ;
#3478 = AXIS2_PLACEMENT_3D ( 'NONE', #5491, #1750, #1297 ) ;
#3479 = AXIS2_PLACEMENT_3D ( 'NONE', #4308, #838, #2250 ) ;
#3480 = EDGE_LOOP ( 'NONE', ( #1200, #627, #5229, #270 ) ) ;
#3481 = CARTESIAN_POINT ( 'NONE',  ( 5.700000000000003730, 3.099999999999989875, 8.132388084136627171 ) ) ;
#3482 = CARTESIAN_POINT ( 'NONE',  ( 2.500000000000003997, 3.194387129813862192, -11.64720988304685179 ) ) ;
#3483 = CARTESIAN_POINT ( 'NONE',  ( 17.04434499593145702, 3.973962571196073323, 7.500000000000000000 ) ) ;
#3484 = ORIENTED_EDGE ( 'NONE', *, *, #2872, .T. ) ;
#3485 = DIRECTION ( 'NONE',  ( -0.000000000000000000, -0.000000000000000000, -1.000000000000000000 ) ) ;
#3486 = CARTESIAN_POINT ( 'NONE',  ( -5.499999999999996447, 3.314496801619161381, -11.50000000000000000 ) ) ;
#3487 = EDGE_CURVE ( 'NONE', #22, #1936, #2786, .T. ) ;
#3488 = DIRECTION ( 'NONE',  ( 0.000000000000000000, -1.000000000000000000, 0.000000000000000000 ) ) ;
#3489 = DIRECTION ( 'NONE',  ( 0.000000000000000000, 0.000000000000000000, 1.000000000000000000 ) ) ;
#3490 = B_SPLINE_CURVE_WITH_KNOTS ( 'NONE', 3,
 ( #4013, #3590, #1882, #2687, #2717, #5233 ),
 .UNSPECIFIED., .F., .F.,
 ( 4, 2, 4 ),
 ( 0.000000000000000000, 0.0009617256792002638194, 0.001923451358400527639 ),
 .UNSPECIFIED. ) ;
#3491 = FACE_OUTER_BOUND ( 'NONE', #4676, .T. ) ;
#3492 = VERTEX_POINT ( 'NONE', #785 ) ;
#3493 = EDGE_CURVE ( 'NONE', #4395, #379, #5388, .T. ) ;
#3494 =( BOUNDED_CURVE ( )  B_SPLINE_CURVE ( 3, ( #1147, #4984, #2494, #4606 ),
 .UNSPECIFIED., .F., .F. ) 
 B_SPLINE_CURVE_WITH_KNOTS ( ( 4, 4 ),
 ( 2.387675962380548800, 3.141592653589799777 ),
 .UNSPECIFIED. ) 
 CURVE ( )  GEOMETRIC_REPRESENTATION_ITEM ( )  RATIONAL_B_SPLINE_CURVE ( ( 1.000000000000000000, 0.9531923665805992485, 0.9531923665805992485, 1.000000000000000000 ) ) 
 REPRESENTATION_ITEM ( '' )  );
#3495 = FACE_OUTER_BOUND ( 'NONE', #1315, .T. ) ;
#3496 = CARTESIAN_POINT ( 'NONE',  ( -10.29999999999999716, -3.099999999999989875, 12.50013049999998138 ) ) ;
#3497 = VERTEX_POINT ( 'NONE', #1102 ) ;
#3498 = CARTESIAN_POINT ( 'NONE',  ( -17.50000000000000355, -3.999999999999989786, 4.300000000000001599 ) ) ;
#3499 = VERTEX_POINT ( 'NONE', #1558 ) ;
#3500 = CARTESIAN_POINT ( 'NONE',  ( 9.908545567572499380, 2.260331084365155174, -10.30540116041900234 ) ) ;
#3501 = AXIS2_PLACEMENT_3D ( 'NONE', #3308, #2514, #2014 ) ;
#3502 = DIRECTION ( 'NONE',  ( 0.000000000000000000, 0.000000000000000000, -1.000000000000000000 ) ) ;
#3503 = ADVANCED_FACE ( 'NONE', ( #2818 ), #2328, .T. ) ;
#3504 = ORIENTED_EDGE ( 'NONE', *, *, #2319, .T. ) ;
#3505 = DIRECTION ( 'NONE',  ( -1.000000000000000000, 6.071532165918819308E-15, 0.000000000000000000 ) ) ;
#3506 = AXIS2_PLACEMENT_3D ( 'NONE', #1528, #3235, #4963 ) ;
#3507 = CIRCLE ( 'NONE', #5487, 10.49999999999999822 ) ;
#3508 = VERTEX_POINT ( 'NONE', #1126 ) ;
#3509 = DIRECTION ( 'NONE',  ( 0.000000000000000000, 0.000000000000000000, 1.000000000000000000 ) ) ;
#3510 = CARTESIAN_POINT ( 'NONE',  ( -3.499999999999996003, 3.099999999999989875, 12.50013049999998138 ) ) ;
#3511 = VERTEX_POINT ( 'NONE', #813 ) ;
#3512 = FACE_OUTER_BOUND ( 'NONE', #3094, .T. ) ;
#3513 = CARTESIAN_POINT ( 'NONE',  ( 4.500000000000003553, 3.099999999999989875, 12.50013049999998138 ) ) ;
#3514 = CARTESIAN_POINT ( 'NONE',  ( 16.03674006760754267, 3.729464180844884069, 8.093881049263922378 ) ) ;
#3515 = LINE ( 'NONE', #4894, #5365 ) ;
#3516 = DIRECTION ( 'NONE',  ( -1.000000000000000000, 0.000000000000000000, 0.000000000000000000 ) ) ;
#3517 = CARTESIAN_POINT ( 'NONE',  ( -9.967738610674935273, 0.6461370012345890590, 6.183796115822796757 ) ) ;
#3518 = VERTEX_POINT ( 'NONE', #41 ) ;
#3519 = CARTESIAN_POINT ( 'NONE',  ( 5.705964421423927568, 3.099999999999989875, 8.132803600779235254 ) ) ;
#3520 = CARTESIAN_POINT ( 'NONE',  ( -7.499999999999996447, 3.428571428571418611, -11.78635062554907442 ) ) ;
#3521 = ORIENTED_EDGE ( 'NONE', *, *, #1031, .F. ) ;
#3522 = CARTESIAN_POINT ( 'NONE',  ( 3.700000000000003730, 3.099999999999989875, -11.99571665973680723 ) ) ;
#3523 = EDGE_LOOP ( 'NONE', ( #2575, #3848, #4238, #2432 ) ) ;
#3524 = EDGE_CURVE ( 'NONE', #5573, #5161, #4225, .T. ) ;
#3525 = CARTESIAN_POINT ( 'NONE',  ( 10.73387094051506097, 3.613364053743758575, -9.107783690890004280 ) ) ;
#3526 = ORIENTED_EDGE ( 'NONE', *, *, #866, .F. ) ;
#3527 = DIRECTION ( 'NONE',  ( -1.000000000000000000, 0.000000000000000000, 0.000000000000000000 ) ) ;
#3528 = ADVANCED_FACE ( 'NONE', ( #5580 ), #1699, .F. ) ;
#3529 = EDGE_CURVE ( 'NONE', #2181, #2821, #1300, .T. ) ;
#3530 = ORIENTED_EDGE ( 'NONE', *, *, #3553, .F. ) ;
#3531 = DIRECTION ( 'NONE',  ( -0.000000000000000000, -0.000000000000000000, -1.000000000000000000 ) ) ;
#3532 = CARTESIAN_POINT ( 'NONE',  ( -7.007452429110813341, 0.3955318857277899114, 4.299999999999999822 ) ) ;
#3533 = VERTEX_POINT ( 'NONE', #3378 ) ;
#3534 = ORIENTED_EDGE ( 'NONE', *, *, #4257, .F. ) ;
#3535 = DIRECTION ( 'NONE',  ( 1.000000000000000000, 0.000000000000000000, 0.000000000000000000 ) ) ;
#3536 = CARTESIAN_POINT ( 'NONE',  ( -1.499999999999996225, -3.099999999999989875, 7.878440832141142991 ) ) ;
#3537 = CARTESIAN_POINT ( 'NONE',  ( 5.700000000000003730, -3.099999999999989875, -12.13238808413662895 ) ) ;
#3538 = CARTESIAN_POINT ( 'NONE',  ( 5.717893271170003011, 3.099999999999989875, 8.133634535041737834 ) ) ;
#3539 = CARTESIAN_POINT ( 'NONE',  ( -0.03331168182424713159, -3.099999999999989875, -11.84875259146597237 ) ) ;
#3540 = DIRECTION ( 'NONE',  ( 0.000000000000000000, 0.000000000000000000, 1.000000000000000000 ) ) ;
#3541 = VERTEX_POINT ( 'NONE', #1728 ) ;
#3542 = LINE ( 'NONE', #2700, #4916 ) ;
#3543 = DIRECTION ( 'NONE',  ( -1.000000000000000000, 0.000000000000000000, 0.000000000000000000 ) ) ;
#3544 = DIRECTION ( 'NONE',  ( 1.000000000000000000, 0.000000000000000000, -0.000000000000000000 ) ) ;
#3545 = B_SPLINE_CURVE_WITH_KNOTS ( 'NONE', 3,
 ( #4965, #5269, #2761, #4443 ),
 .UNSPECIFIED., .F., .F.,
 ( 4, 4 ),
 ( 0.001276860282895707615, 0.001662961444595980600 ),
 .UNSPECIFIED. ) ;
#3546 = ORIENTED_EDGE ( 'NONE', *, *, #2224, .F. ) ;
#3547 = CARTESIAN_POINT ( 'NONE',  ( -2.299999999999996270, -3.999999999999989786, 12.50013049999998138 ) ) ;
#3548 = ORIENTED_EDGE ( 'NONE', *, *, #4583, .F. ) ;
#3549 = CARTESIAN_POINT ( 'NONE',  ( -6.299999999999996270, -3.269271819543211333, 7.985976245850623378 ) ) ;
#3550 = ORIENTED_EDGE ( 'NONE', *, *, #4426, .F. ) ;
#3551 = VECTOR ( 'NONE', #277, 1000.000000000000000 ) ;
#3552 = CARTESIAN_POINT ( 'NONE',  ( -17.50000000000000000, 3.099999999999989875, 4.299999999999999822 ) ) ;
#3553 = EDGE_CURVE ( 'NONE', #4508, #1675, #522, .T. ) ;
#3554 = AXIS2_PLACEMENT_3D ( 'NONE', #4451, #584, #2796 ) ;
#3555 = CIRCLE ( 'NONE', #3291, 7.500000000000000000 ) ;
#3556 = ORIENTED_EDGE ( 'NONE', *, *, #5039, .T. ) ;
#3557 = CARTESIAN_POINT ( 'NONE',  ( 5.700000000000003730, 3.325714410276451982, 7.727333138802178425 ) ) ;
#3558 = EDGE_CURVE ( 'NONE', #486, #3025, #4789, .T. ) ;
#3559 = CARTESIAN_POINT ( 'NONE',  ( 0.2333872116109242112, 3.099999999999989875, -11.84948178815525743 ) ) ;
#3560 = EDGE_CURVE ( 'NONE', #5399, #2466, #2558, .T. ) ;
#3561 = AXIS2_PLACEMENT_3D ( 'NONE', #1240, #3457, #4332 ) ;
#3562 = ORIENTED_EDGE ( 'NONE', *, *, #1789, .F. ) ;
#3563 = DIRECTION ( 'NONE',  ( -0.05704979053851286230, -0.9983713344239767418, 0.000000000000000000 ) ) ;
#3564 = VECTOR ( 'NONE', #1908, 1000.000000000000000 ) ;
#3565 = CARTESIAN_POINT ( 'NONE',  ( -2.299999999999996270, 3.189585744412903434, 7.643380664189417750 ) ) ;
#3566 = ADVANCED_FACE ( 'NONE', ( #3491 ), #2196, .T. ) ;
#3567 = CARTESIAN_POINT ( 'NONE',  ( 2.500000000000003997, 3.099999999999989875, 7.924042387783944541 ) ) ;
#3568 = AXIS2_PLACEMENT_3D ( 'NONE', #2535, #4145, #1624 ) ;
#3569 = CARTESIAN_POINT ( 'NONE',  ( -17.50000000000000355, 3.999999999999989786, -10.59999999999999964 ) ) ;
#3570 = AXIS2_PLACEMENT_3D ( 'NONE', #3956, #1824, #3527 ) ;
#3571 = CARTESIAN_POINT ( 'NONE',  ( -8.975038602988878012, 2.662402350772457904, 7.156243091681464108 ) ) ;
#3572 = EDGE_LOOP ( 'NONE', ( #904, #4520, #375, #2850, #2610 ) ) ;
#3573 =( LENGTH_UNIT ( ) NAMED_UNIT ( * ) SI_UNIT ( .MILLI., .METRE. ) );
#3574 = CARTESIAN_POINT ( 'NONE',  ( 0.5000000000000038858, -3.142544687945782123, 7.740254353691042866 ) ) ;
#3575 = DIRECTION ( 'NONE',  ( -0.000000000000000000, -0.000000000000000000, -1.000000000000000000 ) ) ;
#3576 = ORIENTED_EDGE ( 'NONE', *, *, #3970, .T. ) ;
#3577 = CARTESIAN_POINT ( 'NONE',  ( 1.821459649775647449E-14, 103.1631322454748840, -11.50000000000000000 ) ) ;
#3578 = B_SPLINE_CURVE_WITH_KNOTS ( 'NONE', 3,
 ( #82, #475, #3952, #2540 ),
 .UNSPECIFIED., .F., .F.,
 ( 4, 4 ),
 ( 7.370023267452841452E-17, 0.0008896235233260262618 ),
 .UNSPECIFIED. ) ;
#3579 = ORIENTED_EDGE ( 'NONE', *, *, #1955, .T. ) ;
#3580 = DIRECTION ( 'NONE',  ( -0.05704979053851309823, -0.9983713344239766307, 0.000000000000000000 ) ) ;
#3581 = EDGE_LOOP ( 'NONE', ( #5475, #5374, #1189, #276 ) ) ;
#3582 = CYLINDRICAL_SURFACE ( 'NONE', #3554, 1.000000000000000222 ) ;
#3583 = AXIS2_PLACEMENT_3D ( 'NONE', #5477, #1630, #2964 ) ;
#3584 = EDGE_CURVE ( 'NONE', #3674, #1538, #3926, .T. ) ;
#3585 = DIRECTION ( 'NONE',  ( 0.000000000000000000, -1.000000000000000000, 0.000000000000000000 ) ) ;
#3586 = CARTESIAN_POINT ( 'NONE',  ( 3.700000000000002842, 3.231605688536906662, -12.50000000000000000 ) ) ;
#3587 = EDGE_LOOP ( 'NONE', ( #4947, #2356, #853, #1816 ) ) ;
#3588 = CIRCLE ( 'NONE', #3416, 3.999999999999996447 ) ;
#3589 = CARTESIAN_POINT ( 'NONE',  ( 17.50000000000007816, 3.999999999999998224, 12.50000299999999953 ) ) ;
#3590 = CARTESIAN_POINT ( 'NONE',  ( 10.21165997501151246, -3.099999999999989431, -8.823892390814608078 ) ) ;
#3591 = VERTEX_POINT ( 'NONE', #3462 ) ;
#3592 = ORIENTED_EDGE ( 'NONE', *, *, #5074, .T. ) ;
#3593 = VECTOR ( 'NONE', #33, 1000.000000000000000 ) ;
#3594 = EDGE_CURVE ( 'NONE', #3791, #5531, #3695, .T. ) ;
#3595 = CARTESIAN_POINT ( 'NONE',  ( -3.499999999999996003, 3.180878404845410401, -11.83632830845088968 ) ) ;
#3596 = LINE ( 'NONE', #3513, #5568 ) ;
#3597 = CARTESIAN_POINT ( 'NONE',  ( -17.50000000000000000, -4.898587196589413026E-15, 5.500000000000000888 ) ) ;
#3598 = AXIS2_PLACEMENT_3D ( 'NONE', #1506, #2794, #3155 ) ;
#3599 = CARTESIAN_POINT ( 'NONE',  ( -7.499999999999998224, -3.354821815831151799, 4.299999999999999822 ) ) ;
#3600 = CARTESIAN_POINT ( 'NONE',  ( -8.818942563670193024, 2.788981394140698011, 7.231134766983084994 ) ) ;
#3601 = B_SPLINE_CURVE_WITH_KNOTS ( 'NONE', 3,
 ( #4475, #426, #2603, #5326 ),
 .UNSPECIFIED., .F., .F.,
 ( 4, 4 ),
 ( 0.001752919494011903351, 0.002332007785727005685 ),
 .UNSPECIFIED. ) ;
#3602 = ORIENTED_EDGE ( 'NONE', *, *, #3145, .T. ) ;
#3603 = ADVANCED_FACE ( 'NONE', ( #4336 ), #1358, .F. ) ;
#3604 = CARTESIAN_POINT ( 'NONE',  ( -1.499999999999995781, 3.174382878358583682, -12.50000000000000000 ) ) ;
#3605 = CARTESIAN_POINT ( 'NONE',  ( 4.500000000000002665, 3.264433555251688990, -12.50000000000000000 ) ) ;
#3606 = FACE_OUTER_BOUND ( 'NONE', #3923, .T. ) ;
#3607 = DIRECTION ( 'NONE',  ( 1.000000000000000000, 0.000000000000000000, 0.000000000000000000 ) ) ;
#3608 = SPHERICAL_SURFACE ( 'NONE', #2948, 1.000000000000000000 ) ;
#3609 = ORIENTED_EDGE ( 'NONE', *, *, #2458, .F. ) ;
#3610 = FACE_OUTER_BOUND ( 'NONE', #3804, .T. ) ;
#3611 = ORIENTED_EDGE ( 'NONE', *, *, #945, .T. ) ;
#3612 = CARTESIAN_POINT ( 'NONE',  ( 17.50000000000000000, -4.898587196589413026E-15, 12.50000000000000000 ) ) ;
#3613 = EDGE_LOOP ( 'NONE', ( #5581, #4382, #1212, #1626 ) ) ;
#3614 = LINE ( 'NONE', #1537, #3017 ) ;
#3615 = FACE_OUTER_BOUND ( 'NONE', #64, .T. ) ;
#3616 = CARTESIAN_POINT ( 'NONE',  ( -3.499999999999996003, -3.099999999999989875, -11.98290071710021643 ) ) ;
#3617 = ORIENTED_EDGE ( 'NONE', *, *, #5124, .F. ) ;
#3618 = B_SPLINE_CURVE_WITH_KNOTS ( 'NONE', 3,
 ( #2438, #4547, #3342, #236, #5457, #1202, #720, #2832 ),
 .UNSPECIFIED., .F., .F.,
 ( 4, 2, 2, 4 ),
 ( 4.034863883843958777E-17, 0.0004774378628381389261, 0.0009548757256762375198, 0.001909751451352434707 ),
 .UNSPECIFIED. ) ;
#3619 = CARTESIAN_POINT ( 'NONE',  ( -2.299999999999996270, 3.158676524421010434, -11.78453224926043674 ) ) ;
#3620 = CARTESIAN_POINT ( 'NONE',  ( 9.700000000000004619, -3.554285714285704501, 7.499999999999992895 ) ) ;
#3621 = B_SPLINE_CURVE_WITH_KNOTS ( 'NONE', 3,
 ( #560, #3557, #2210, #3481 ),
 .UNSPECIFIED., .F., .F.,
 ( 4, 4 ),
 ( 0.001815430345448015067, 0.002496993947814721542 ),
 .UNSPECIFIED. ) ;
#3622 = EDGE_CURVE ( 'NONE', #1205, #3340, #4678, .T. ) ;
#3623 = ORIENTED_EDGE ( 'NONE', *, *, #275, .T. ) ;
#3624 = ORIENTED_EDGE ( 'NONE', *, *, #1613, .F. ) ;
#3625 = CARTESIAN_POINT ( 'NONE',  ( -7.499999999999996447, -3.312412663853403938, -12.04816685317782010 ) ) ;
#3626 = EDGE_LOOP ( 'NONE', ( #2708, #3893, #521, #2981, #60, #3127 ) ) ;
#3627 = LINE ( 'NONE', #5346, #4218 ) ;
#3628 = DIRECTION ( 'NONE',  ( -1.000000000000000000, 0.000000000000000000, 0.000000000000000000 ) ) ;
#3629 = CARTESIAN_POINT ( 'NONE',  ( -1.499999999999996225, 3.099999999999989875, 7.878440832142036498 ) ) ;
#3630 = EDGE_CURVE ( 'NONE', #116, #724, #5136, .T. ) ;
#3631 = CARTESIAN_POINT ( 'NONE',  ( -9.251944112294935962, 2.395250749962772208, 6.991359544617450794 ) ) ;
#3632 = VERTEX_POINT ( 'NONE', #2172 ) ;
#3633 = FACE_OUTER_BOUND ( 'NONE', #1083, .T. ) ;
#3634 = DIRECTION ( 'NONE',  ( -0.9983713344239767418, 0.05704979053851313292, -7.422420821003598380E-17 ) ) ;
#3635 = CARTESIAN_POINT ( 'NONE',  ( -17.50000000000000000, -4.898587196589413026E-15, 4.299999999999999822 ) ) ;
#3636 = DIRECTION ( 'NONE',  ( -0.000000000000000000, 0.000000000000000000, 1.000000000000000000 ) ) ;
#3637 = EDGE_CURVE ( 'NONE', #2242, #1368, #5309, .T. ) ;
#3638 = ADVANCED_FACE ( 'NONE', ( #5133 ), #1812, .T. ) ;
#3639 = CARTESIAN_POINT ( 'NONE',  ( -4.299999999999996270, 3.201352517289156374, 7.875841639390375626 ) ) ;
#3640 = ORIENTED_EDGE ( 'NONE', *, *, #3244, .T. ) ;
#3641 = CARTESIAN_POINT ( 'NONE',  ( -10.21165997501151246, -3.099999999999989875, -10.59999999999999964 ) ) ;
#3642 = EDGE_LOOP ( 'NONE', ( #5415, #1041, #729, #612 ) ) ;
#3643 = CARTESIAN_POINT ( 'NONE',  ( -3.499999999999996003, 3.999999999999989786, 12.50013049999998138 ) ) ;
#3644 = VECTOR ( 'NONE', #3175, 1000.000000000000000 ) ;
#3645 = PLANE ( 'NONE',  #497 ) ;
#3646 = DIRECTION ( 'NONE',  ( -1.000000000000000000, -1.084202172485503487E-14, 0.000000000000000000 ) ) ;
#3647 = AXIS2_PLACEMENT_3D ( 'NONE', #4117, #5496, #5075 ) ;
#3648 = VERTEX_POINT ( 'NONE', #604 ) ;
#3649 = DIRECTION ( 'NONE',  ( 0.000000000000000000, 0.000000000000000000, -1.000000000000000000 ) ) ;
#3650 = CARTESIAN_POINT ( 'NONE',  ( -5.717893271169966596, 3.099999999999989875, -12.13363453504173606 ) ) ;
#3651 = VECTOR ( 'NONE', #746, 1000.000000000000000 ) ;
#3652 = ORIENTED_EDGE ( 'NONE', *, *, #1288, .T. ) ;
#3653 = CARTESIAN_POINT ( 'NONE',  ( 9.962240684227133158, -3.099999999999989875, 8.347250786002261336 ) ) ;
#3654 = B_SPLINE_CURVE_WITH_KNOTS ( 'NONE', 3,
 ( #3968, #1436, #97, #1835 ),
 .UNSPECIFIED., .F., .F.,
 ( 4, 4 ),
 ( 0.001283069870068317487, 0.002084842108491794486 ),
 .UNSPECIFIED. ) ;
#3655 = ORIENTED_EDGE ( 'NONE', *, *, #216, .T. ) ;
#3656 = CARTESIAN_POINT ( 'NONE',  ( 0.5000000000000036637, 3.164382253287481461, 7.499999999999996447 ) ) ;
#3657 = LINE ( 'NONE', #2885, #3651 ) ;
#3658 = CARTESIAN_POINT ( 'NONE',  ( 5.700000000000003730, -3.099999999999989875, 8.132388084136415785 ) ) ;
#3659 = VECTOR ( 'NONE', #782, 999.9999999999998863 ) ;
#3660 = DIRECTION ( 'NONE',  ( -1.000000000000000000, 0.000000000000000000, -0.000000000000000000 ) ) ;
#3661 = ORIENTED_EDGE ( 'NONE', *, *, #4772, .T. ) ;
#3662 = CARTESIAN_POINT ( 'NONE',  ( -5.499999999999994671, -3.314496801619173816, 7.499999999999996447 ) ) ;
#3663 = ADVANCED_FACE ( 'NONE', ( #3089 ), #5349, .T. ) ;
#3664 = AXIS2_PLACEMENT_3D ( 'NONE', #5100, #300, #2028 ) ;
#3665 = CARTESIAN_POINT ( 'NONE',  ( 9.386737788622825818, 2.534753694037974459, -2.400000000000001243 ) ) ;
#3666 = VECTOR ( 'NONE', #3026, 1000.000000000000000 ) ;
#3667 = CYLINDRICAL_SURFACE ( 'NONE', #5172, 1.000000000000000000 ) ;
#3668 = DIRECTION ( 'NONE',  ( 1.000000000000000000, 0.000000000000000000, 0.000000000000000000 ) ) ;
#3669 = DIRECTION ( 'NONE',  ( 1.000000000000000000, 0.000000000000000000, 0.000000000000000000 ) ) ;
#3670 = CARTESIAN_POINT ( 'NONE',  ( -9.386737788622829370, 2.534753694037974014, -10.59999999999999964 ) ) ;
#3671 = VERTEX_POINT ( 'NONE', #4840 ) ;
#3672 = FACE_OUTER_BOUND ( 'NONE', #2236, .T. ) ;
#3673 = EDGE_CURVE ( 'NONE', #4768, #743, #3654, .T. ) ;
#3674 = VERTEX_POINT ( 'NONE', #3143 ) ;
#3675 = CARTESIAN_POINT ( 'NONE',  ( 17.04434499593166308, -3.973962571196085314, 7.500000000000000000 ) ) ;
#3676 = ORIENTED_EDGE ( 'NONE', *, *, #3770, .T. ) ;
#3677 = EDGE_CURVE ( 'NONE', #3020, #3372, #4771, .T. ) ;
#3678 = EDGE_CURVE ( 'NONE', #703, #8, #2070, .T. ) ;
#3679 = CARTESIAN_POINT ( 'NONE',  ( -1.499999999999996225, 3.099999999999989875, -11.87844083214196722 ) ) ;
#3680 = DIRECTION ( 'NONE',  ( -1.000000000000000000, 0.000000000000000000, 0.000000000000000000 ) ) ;
#3681 = ORIENTED_EDGE ( 'NONE', *, *, #3831, .T. ) ;
#3682 = DIRECTION ( 'NONE',  ( 1.000000000000000000, 0.000000000000000000, -0.000000000000000000 ) ) ;
#3683 = CARTESIAN_POINT ( 'NONE',  ( -1.499999999999996225, 3.099999999999989875, -11.87844083214196722 ) ) ;
#3684 = EDGE_LOOP ( 'NONE', ( #3895, #4087, #4646, #1595 ) ) ;
#3685 = CARTESIAN_POINT ( 'NONE',  ( 1.700000000000003508, -3.099999999999989875, 12.50013049999998138 ) ) ;
#3686 = VECTOR ( 'NONE', #291, 1000.000000000000000 ) ;
#3687 = ORIENTED_EDGE ( 'NONE', *, *, #1740, .T. ) ;
#3688 = LINE ( 'NONE', #1059, #797 ) ;
#3689 = PLANE ( 'NONE',  #4189 ) ;
#3690 = CARTESIAN_POINT ( 'NONE',  ( -5.717893271169966596, -3.099999999999989875, -12.13363453504174316 ) ) ;
#3691 = CARTESIAN_POINT ( 'NONE',  ( -8.975038602988924197, -2.662402350772420156, 7.156243091681463220 ) ) ;
#3692 = ORIENTED_EDGE ( 'NONE', *, *, #2283, .T. ) ;
#3693 = DIRECTION ( 'NONE',  ( 0.000000000000000000, 0.000000000000000000, 1.000000000000000000 ) ) ;
#3694 = CARTESIAN_POINT ( 'NONE',  ( 6.981249649442052174, -3.398928551396679598, -11.40680735342628971 ) ) ;
#3695 = CIRCLE ( 'NONE', #3137, 3.000000000000000000 ) ;
#3696 = DIRECTION ( 'NONE',  ( -0.9983713344239767418, 0.05704979053851313292, -1.731898191567562791E-15 ) ) ;
#3697 = DIRECTION ( 'NONE',  ( 0.000000000000000000, 1.000000000000000000, 0.000000000000000000 ) ) ;
#3698 = DIRECTION ( 'NONE',  ( 0.000000000000000000, -0.000000000000000000, -1.000000000000000000 ) ) ;
#3699 = VERTEX_POINT ( 'NONE', #4551 ) ;
#3700 = CARTESIAN_POINT ( 'NONE',  ( -17.50000000000000000, -4.898587196589413026E-15, 4.299999999999999822 ) ) ;
#3701 = ORIENTED_EDGE ( 'NONE', *, *, #3529, .F. ) ;
#3702 = DIRECTION ( 'NONE',  ( -0.9983713344239767418, -0.05704979053851286230, 0.000000000000000000 ) ) ;
#3703 = ORIENTED_EDGE ( 'NONE', *, *, #1581, .F. ) ;
#3704 = EDGE_CURVE ( 'NONE', #431, #4626, #4075, .T. ) ;
#3705 = CARTESIAN_POINT ( 'NONE',  ( -8.285533332729798417, 3.099999999999936140, 7.567347615719572929 ) ) ;
#3706 = CARTESIAN_POINT ( 'NONE',  ( 1.821459649775647449E-14, 103.1631322454748840, -12.50000000000000000 ) ) ;
#3707 = ORIENTED_EDGE ( 'NONE', *, *, #2777, .F. ) ;
#3708 = CARTESIAN_POINT ( 'NONE',  ( -7.468648071422694379, -3.360040066366985378, 7.499662734042780166 ) ) ;
#3709 = ADVANCED_FACE ( 'NONE', ( #1943 ), #206, .F. ) ;
#3710 = EDGE_CURVE ( 'NONE', #315, #20, #3236, .T. ) ;
#3711 = ORIENTED_EDGE ( 'NONE', *, *, #3553, .T. ) ;
#3712 =( BOUNDED_CURVE ( )  B_SPLINE_CURVE ( 3, ( #4945, #1931, #4123, #4539 ),
 .UNSPECIFIED., .F., .T. ) 
 B_SPLINE_CURVE_WITH_KNOTS ( ( 4, 4 ),
 ( 3.141592653589786455, 4.134264507795140986 ),
 .UNSPECIFIED. ) 
 CURVE ( )  GEOMETRIC_REPRESENTATION_ITEM ( )  RATIONAL_B_SPLINE_CURVE ( ( 1.000000000000000000, 0.9195555447512707703, 0.9195555447512707703, 1.000000000000000000 ) ) 
 REPRESENTATION_ITEM ( '' )  );
#3713 = DIRECTION ( 'NONE',  ( -0.000000000000000000, -0.000000000000000000, 1.000000000000000000 ) ) ;
#3714 = CARTESIAN_POINT ( 'NONE',  ( 5.717893271170003011, 3.099999999999989875, -12.13363453504173783 ) ) ;
#3715 = CARTESIAN_POINT ( 'NONE',  ( -6.299999999999996270, 3.269271819543210889, -11.98597624585062604 ) ) ;
#3716 = CARTESIAN_POINT ( 'NONE',  ( 4.233360105899714121, -3.099999999999989875, 8.030905330125873931 ) ) ;
#3717 = ORIENTED_EDGE ( 'NONE', *, *, #2866, .T. ) ;
#3718 = DIRECTION ( 'NONE',  ( -0.9911604021450597379, -0.1326689761008337243, 0.000000000000000000 ) ) ;
#3719 = CARTESIAN_POINT ( 'NONE',  ( 8.032243541531403963, -3.458985345230389807, -12.23736196324234626 ) ) ;
#3720 = DIRECTION ( 'NONE',  ( -1.000000000000000000, 0.000000000000000000, 0.000000000000000000 ) ) ;
#3721 = FACE_OUTER_BOUND ( 'NONE', #3572, .T. ) ;
#3722 = ORIENTED_EDGE ( 'NONE', *, *, #5024, .T. ) ;
#3723 = DIRECTION ( 'NONE',  ( 0.000000000000000000, 0.000000000000000000, -1.000000000000000000 ) ) ;
#3724 = CARTESIAN_POINT ( 'NONE',  ( -9.386737788622824041, -2.534753694037973570, -10.59999999999999964 ) ) ;
#3725 = DIRECTION ( 'NONE',  ( 1.000000000000000000, 0.000000000000000000, 0.000000000000000000 ) ) ;
#3726 = ORIENTED_EDGE ( 'NONE', *, *, #3081, .F. ) ;
#3727 = ORIENTED_EDGE ( 'NONE', *, *, #5362, .F. ) ;
#3728 = CARTESIAN_POINT ( 'NONE',  ( -8.299999999999998934, 3.474285714285704874, -11.80836181279627084 ) ) ;
#3729 = CARTESIAN_POINT ( 'NONE',  ( 3.700000000000003730, -3.185546097653238373, 7.845944198174543693 ) ) ;
#3730 = EDGE_CURVE ( 'NONE', #1079, #1813, #2578, .T. ) ;
#3731 = VERTEX_POINT ( 'NONE', #1150 ) ;
#3732 = CARTESIAN_POINT ( 'NONE',  ( -5.762028844389781135, -2.327627468653228782, 8.500000000000000000 ) ) ;
#3733 = ORIENTED_EDGE ( 'NONE', *, *, #4703, .T. ) ;
#3734 = B_SPLINE_CURVE_WITH_KNOTS ( 'NONE', 3,
 ( #410, #3374, #2499, #2139 ),
 .UNSPECIFIED., .F., .F.,
 ( 4, 4 ),
 ( 0.001247255737130562384, 0.001682784471384831879 ),
 .UNSPECIFIED. ) ;
#3735 = ADVANCED_FACE ( 'NONE', ( #2834, #2440 ), #5015, .T. ) ;
#3736 = EDGE_CURVE ( 'NONE', #2441, #5119, #1845, .T. ) ;
#3737 = ORIENTED_EDGE ( 'NONE', *, *, #3324, .F. ) ;
#3738 = DIRECTION ( 'NONE',  ( 0.9983713344239767418, -0.05704979053851286230, 0.000000000000000000 ) ) ;
#3739 = LINE ( 'NONE', #3283, #3101 ) ;
#3740 = AXIS2_PLACEMENT_3D ( 'NONE', #2788, #3693, #327 ) ;
#3741 = DIRECTION ( 'NONE',  ( -0.000000000000000000, -1.000000000000000000, -0.000000000000000000 ) ) ;
#3742 = DIRECTION ( 'NONE',  ( 0.05704979053851286230, -0.9983713344239767418, 0.000000000000000000 ) ) ;
#3743 = ORIENTED_EDGE ( 'NONE', *, *, #152, .T. ) ;
#3744 = CIRCLE ( 'NONE', #4452, 100.0000000000000000 ) ;
#3745 = CARTESIAN_POINT ( 'NONE',  ( 3.966702568215329627, -3.099999999999989875, -12.01298245524685626 ) ) ;
#3746 = AXIS2_PLACEMENT_3D ( 'NONE', #657, #2809, #5012 ) ;
#3747 = ADVANCED_FACE ( 'NONE', ( #1639 ), #826, .T. ) ;
#3748 = CARTESIAN_POINT ( 'NONE',  ( -3.766708321775755319, -3.099999999999989875, 7.999807079154185985 ) ) ;
#3749 = AXIS2_PLACEMENT_3D ( 'NONE', #3768, #1203, #5407 ) ;
#3750 = CARTESIAN_POINT ( 'NONE',  ( -8.299999999999998934, -3.099999999999989875, 12.50013049999998138 ) ) ;
#3751 = PLANE ( 'NONE',  #5036 ) ;
#3752 = ORIENTED_EDGE ( 'NONE', *, *, #5216, .T. ) ;
#3753 = VECTOR ( 'NONE', #2557, 999.9999999999998863 ) ;
#3754 = DIRECTION ( 'NONE',  ( 0.000000000000000000, 0.000000000000000000, 1.000000000000000000 ) ) ;
#3755 = AXIS2_PLACEMENT_3D ( 'NONE', #4490, #3682, #3310 ) ;
#3756 = CARTESIAN_POINT ( 'NONE',  ( 6.500000000000004441, -3.371428571428562115, 7.499999999999992895 ) ) ;
#3757 = CARTESIAN_POINT ( 'NONE',  ( 1.908195823574487804E-14, -103.1631322454748840, -12.50000000000000000 ) ) ;
#3758 = VERTEX_POINT ( 'NONE', #462 ) ;
#3759 = ORIENTED_EDGE ( 'NONE', *, *, #44, .F. ) ;
#3760 = FACE_OUTER_BOUND ( 'NONE', #3096, .T. ) ;
#3761 = ORIENTED_EDGE ( 'NONE', *, *, #5124, .T. ) ;
#3762 = CARTESIAN_POINT ( 'NONE',  ( 10.21165997501151246, -3.099999999999989875, -2.400000000000001243 ) ) ;
#3763 = EDGE_CURVE ( 'NONE', #229, #4161, #4856, .T. ) ;
#3764 = ORIENTED_EDGE ( 'NONE', *, *, #3454, .T. ) ;
#3765 = ORIENTED_EDGE ( 'NONE', *, *, #4485, .F. ) ;
#3766 = CARTESIAN_POINT ( 'NONE',  ( 8.500000000000003553, -3.099999999999989875, 12.50013049999998138 ) ) ;
#3767 = LINE ( 'NONE', #5484, #1040 ) ;
#3768 = CARTESIAN_POINT ( 'NONE',  ( 1.908195823574487804E-14, -103.1631322454748840, 8.500000000000000000 ) ) ;
#3769 = CARTESIAN_POINT ( 'NONE',  ( -8.945520006679931413, -1.745150287387438048, 7.924783862070022167 ) ) ;
#3770 = EDGE_CURVE ( 'NONE', #4682, #232, #3982, .T. ) ;
#3771 = ORIENTED_EDGE ( 'NONE', *, *, #5354, .T. ) ;
#3772 = AXIS2_PLACEMENT_3D ( 'NONE', #26, #3173, #5228 ) ;
#3773 = DIRECTION ( 'NONE',  ( 1.000000000000000000, 0.000000000000000000, 0.000000000000000000 ) ) ;
#3774 = AXIS2_PLACEMENT_3D ( 'NONE', #5049, #4967, #5494 ) ;
#3775 = LINE ( 'NONE', #5492, #4374 ) ;
#3776 = CYLINDRICAL_SURFACE ( 'NONE', #4312, 100.0000000000000000 ) ;
#3777 = EDGE_CURVE ( 'NONE', #4508, #554, #2134, .T. ) ;
#3778 = EDGE_CURVE ( 'NONE', #1536, #1901, #1235, .T. ) ;
#3779 = VERTEX_POINT ( 'NONE', #4216 ) ;
#3780 = CARTESIAN_POINT ( 'NONE',  ( -7.499999999999994671, 3.263455432020343494, 7.979771829072791256 ) ) ;
#3781 = VECTOR ( 'NONE', #11, 1000.000000000000000 ) ;
#3782 = CYLINDRICAL_SURFACE ( 'NONE', #3568, 1.000000000000000000 ) ;
#3783 = DIRECTION ( 'NONE',  ( -0.000000000000000000, -0.000000000000000000, -1.000000000000000000 ) ) ;
#3784 = ORIENTED_EDGE ( 'NONE', *, *, #4566, .T. ) ;
#3785 = VERTEX_POINT ( 'NONE', #5125 ) ;
#3786 = B_SPLINE_CURVE_WITH_KNOTS ( 'NONE', 3,
 ( #274, #2029, #2391, #3326 ),
 .UNSPECIFIED., .F., .F.,
 ( 4, 4 ),
 ( 0.001282914570030081313, 0.002084631404339784295 ),
 .UNSPECIFIED. ) ;
#3787 = DIRECTION ( 'NONE',  ( -0.000000000000000000, -0.000000000000000000, -1.000000000000000000 ) ) ;
#3788 = CARTESIAN_POINT ( 'NONE',  ( 0.000000000000000000, 2.999999999999991118, -2.400000000000001243 ) ) ;
#3789 = ORIENTED_EDGE ( 'NONE', *, *, #1643, .T. ) ;
#3790 = CARTESIAN_POINT ( 'NONE',  ( -9.729621182777645316, -1.077606538092697797, 6.941521944072123418 ) ) ;
#3791 = VERTEX_POINT ( 'NONE', #1773 ) ;
#3792 = ORIENTED_EDGE ( 'NONE', *, *, #1685, .T. ) ;
#3793 = CARTESIAN_POINT ( 'NONE',  ( 7.291516595160009828, -2.343672627227620708, -12.37476127123041714 ) ) ;
#3794 = CARTESIAN_POINT ( 'NONE',  ( 9.485981224634256748, 2.280349699757801663, -10.95630092116971888 ) ) ;
#3795 = B_SPLINE_CURVE_WITH_KNOTS ( 'NONE', 3,
 ( #5563, #1711, #1658, #3365 ),
 .UNSPECIFIED., .F., .F.,
 ( 4, 4 ),
 ( 0.001666133876956000636, 0.002060349206984904858 ),
 .UNSPECIFIED. ) ;
#3796 = CARTESIAN_POINT ( 'NONE',  ( -9.386737788622829370, 2.534753694037974014, -10.59999999999999964 ) ) ;
#3797 = CARTESIAN_POINT ( 'NONE',  ( 10.50000000000000355, 3.099999999999989875, 8.365554737768846394 ) ) ;
#3798 = B_SPLINE_CURVE_WITH_KNOTS ( 'NONE', 3,
 ( #1094, #4895, #1407, #3629 ),
 .UNSPECIFIED., .F., .F.,
 ( 4, 4 ),
 ( 0.001282969415240365002, 0.002083711272290145102 ),
 .UNSPECIFIED. ) ;
#3799 = ORIENTED_EDGE ( 'NONE', *, *, #4069, .T. ) ;
#3800 = CARTESIAN_POINT ( 'NONE',  ( -17.50000000000000355, -3.999999999999989786, -12.50000000000000000 ) ) ;
#3801 = EDGE_CURVE ( 'NONE', #5399, #4342, #5589, .T. ) ;
#3802 = CYLINDRICAL_SURFACE ( 'NONE', #3664, 1.000000000000000000 ) ;
#3803 = CARTESIAN_POINT ( 'NONE',  ( -0.2999999999999963252, 3.163582246487384175, -12.50000000000000000 ) ) ;
#3804 = EDGE_LOOP ( 'NONE', ( #1548, #2718, #3240, #3131 ) ) ;
#3805 = CARTESIAN_POINT ( 'NONE',  ( 17.50000000000000000, -4.898587196589413026E-15, -8.500000000000000000 ) ) ;
#3806 = EDGE_CURVE ( 'NONE', #3068, #1183, #1320, .T. ) ;
#3807 = EDGE_CURVE ( 'NONE', #1829, #3533, #3028, .T. ) ;
#3808 = CARTESIAN_POINT ( 'NONE',  ( 17.50000000000000000, 5.817072295949927426E-15, -2.400000000000001243 ) ) ;
#3809 = VERTEX_POINT ( 'NONE', #1204 ) ;
#3810 = EDGE_LOOP ( 'NONE', ( #3151, #1306, #4474, #5336 ) ) ;
#3811 = APPLICATION_CONTEXT ( 'automotive_design' ) ;
#3812 = LINE ( 'NONE', #4098, #4858 ) ;
#3813 = LINE ( 'NONE', #3390, #4826 ) ;
#3814 = CARTESIAN_POINT ( 'NONE',  ( 3.700000000000003730, -3.099999999999989875, 7.995716659746413768 ) ) ;
#3815 = EDGE_LOOP ( 'NONE', ( #4427, #394, #4273, #3103 ) ) ;
#3816 = CARTESIAN_POINT ( 'NONE',  ( -9.901138780001668138, -0.7786499359209542170, 6.418947687862662121 ) ) ;
#3817 = ORIENTED_EDGE ( 'NONE', *, *, #3354, .F. ) ;
#3818 = ORIENTED_EDGE ( 'NONE', *, *, #4800, .T. ) ;
#3819 = DIRECTION ( 'NONE',  ( -1.000000000000000000, 0.000000000000000000, 0.000000000000000000 ) ) ;
#3820 = DIRECTION ( 'NONE',  ( 0.000000000000000000, 0.000000000000000000, 1.000000000000000000 ) ) ;
#3821 = CARTESIAN_POINT ( 'NONE',  ( -9.618568199238946903, -1.210696159856745391, 7.161054297471658003 ) ) ;
#3822 = ORIENTED_EDGE ( 'NONE', *, *, #4862, .F. ) ;
#3823 = DIRECTION ( 'NONE',  ( 0.9983713344239767418, -0.05704979053851286230, 0.000000000000000000 ) ) ;
#3824 = LINE ( 'NONE', #2169, #863 ) ;
#3825 = VECTOR ( 'NONE', #4425, 1000.000000000000000 ) ;
#3826 = CARTESIAN_POINT ( 'NONE',  ( -8.299999999999998934, -3.099999999999989875, -12.27956295922592211 ) ) ;
#3827 = CARTESIAN_POINT ( 'NONE',  ( 6.500000000000004441, 3.099999999999989875, 8.184499323734041099 ) ) ;
#3828 = DIRECTION ( 'NONE',  ( 0.000000000000000000, 0.000000000000000000, -1.000000000000000000 ) ) ;
#3829 = ORIENTED_EDGE ( 'NONE', *, *, #4621, .T. ) ;
#3830 = VECTOR ( 'NONE', #4635, 1000.000000000000000 ) ;
#3831 = EDGE_CURVE ( 'NONE', #711, #2451, #4519, .T. ) ;
#3832 = CARTESIAN_POINT ( 'NONE',  ( -4.299999999999996270, 3.999999999999989786, 12.50013049999998138 ) ) ;
#3833 = DIRECTION ( 'NONE',  ( 0.000000000000000000, 0.000000000000000000, 1.000000000000000000 ) ) ;
#3834 = CARTESIAN_POINT ( 'NONE',  ( 7.700000000000003730, -3.439999999999990177, 7.499999999999992895 ) ) ;
#3835 = ORIENTED_EDGE ( 'NONE', *, *, #774, .T. ) ;
#3836 = CARTESIAN_POINT ( 'NONE',  ( -10.38673778862283115, 2.534753694037974014, -10.59999999999999964 ) ) ;
#3837 = VERTEX_POINT ( 'NONE', #2915 ) ;
#3838 = EDGE_CURVE ( 'NONE', #1339, #3366, #778, .T. ) ;
#3839 = CARTESIAN_POINT ( 'NONE',  ( 10.20409181722824954, 2.244462099652185572, -9.558176483122609923 ) ) ;
#3840 = LINE ( 'NONE', #3604, #5455 ) ;
#3841 = FACE_OUTER_BOUND ( 'NONE', #4968, .T. ) ;
#3842 = ORIENTED_EDGE ( 'NONE', *, *, #4559, .F. ) ;
#3843 = AXIS2_PLACEMENT_3D ( 'NONE', #389, #1702, #3833 ) ;
#3844 = CARTESIAN_POINT ( 'NONE',  ( -0.2999999999999964362, 3.099999999999989875, 7.850886385300971604 ) ) ;
#3845 = CIRCLE ( 'NONE', #1500, 0.9935651319737184295 ) ;
#3846 = ADVANCED_FACE ( 'NONE', ( #352 ), #2078, .T. ) ;
#3847 = EDGE_CURVE ( 'NONE', #1183, #703, #13, .T. ) ;
#3848 = ORIENTED_EDGE ( 'NONE', *, *, #1874, .F. ) ;
#3849 = ORIENTED_EDGE ( 'NONE', *, *, #3678, .F. ) ;
#3850 = CARTESIAN_POINT ( 'NONE',  ( 2.500000000000003997, -3.099999999999989875, -11.92404238778392234 ) ) ;
#3851 = CARTESIAN_POINT ( 'NONE',  ( 6.774655698370155577, 2.350710654952138601, -12.47453411058037531 ) ) ;
#3852 = CARTESIAN_POINT ( 'NONE',  ( -3.499999999999996003, -3.099999999999989875, 7.982900717098746490 ) ) ;
#3853 = ORIENTED_EDGE ( 'NONE', *, *, #5209, .F. ) ;
#3854 = CARTESIAN_POINT ( 'NONE',  ( 9.039111415655415982, -3.516520652323156693, -9.763755983330094423 ) ) ;
#3855 = LINE ( 'NONE', #358, #4735 ) ;
#3856 = LINE ( 'NONE', #5577, #5274 ) ;
#3857 = DIRECTION ( 'NONE',  ( -0.000000000000000000, -0.000000000000000000, -1.000000000000000000 ) ) ;
#3858 =( BOUNDED_CURVE ( )  B_SPLINE_CURVE ( 3, ( #5421, #648, #3220, #5367 ),
 .UNSPECIFIED., .F., .F. ) 
 B_SPLINE_CURVE_WITH_KNOTS ( ( 4, 4 ),
 ( 2.412922995024522343, 2.455350416674509262 ),
 .UNSPECIFIED. ) 
 CURVE ( )  GEOMETRIC_REPRESENTATION_ITEM ( )  RATIONAL_B_SPLINE_CURVE ( ( 1.000000000000000000, 0.9998499984497982718, 0.9998499984497982718, 1.000000000000000000 ) ) 
 REPRESENTATION_ITEM ( '' )  );
#3859 = CARTESIAN_POINT ( 'NONE',  ( -7.713661396160822470, 3.327759562291646933, 8.507386680236116661 ) ) ;
#3860 = AXIS2_PLACEMENT_3D ( 'NONE', #4152, #4599, #5060 ) ;
#3861 = ORIENTED_EDGE ( 'NONE', *, *, #5007, .F. ) ;
#3862 = DIRECTION ( 'NONE',  ( -0.000000000000000000, -0.000000000000000000, -1.000000000000000000 ) ) ;
#3863 = VECTOR ( 'NONE', #3414, 1000.000000000000000 ) ;
#3864 = CARTESIAN_POINT ( 'NONE',  ( -6.836303057495275226, 3.390645888999720192, 7.500000000000000000 ) ) ;
#3865 = DIRECTION ( 'NONE',  ( -1.000000000000000000, 0.000000000000000000, 0.000000000000000000 ) ) ;
#3866 = EDGE_CURVE ( 'NONE', #27, #1472, #4679, .T. ) ;
#3867 = EDGE_LOOP ( 'NONE', ( #1388, #4318, #5111, #3254, #3920, #2939 ) ) ;
#3868 = CARTESIAN_POINT ( 'NONE',  ( 8.657224269264668592, -3.494698529672257248, -10.35418526136414030 ) ) ;
#3869 = ORIENTED_EDGE ( 'NONE', *, *, #848, .F. ) ;
#3870 = AXIS2_PLACEMENT_3D ( 'NONE', #5102, #1243, #4675 ) ;
#3871 = CARTESIAN_POINT ( 'NONE',  ( 7.511471614129171748, 3.429226949378781697, -12.39442759905068314 ) ) ;
#3872 = DIRECTION ( 'NONE',  ( 0.000000000000000000, 0.000000000000000000, -1.000000000000000000 ) ) ;
#3873 = ORIENTED_EDGE ( 'NONE', *, *, #1712, .T. ) ;
#3874 = AXIS2_PLACEMENT_3D ( 'NONE', #615, #4061, #3580 ) ;
#3875 = DIRECTION ( 'NONE',  ( -0.000000000000000000, -0.000000000000000000, -1.000000000000000000 ) ) ;
#3876 = EDGE_CURVE ( 'NONE', #3497, #3533, #2501, .T. ) ;
#3877 = ORIENTED_EDGE ( 'NONE', *, *, #67, .F. ) ;
#3878 = ORIENTED_EDGE ( 'NONE', *, *, #2498, .F. ) ;
#3879 = DIRECTION ( 'NONE',  ( -0.000000000000000000, -0.000000000000000000, 1.000000000000000000 ) ) ;
#3880 = EDGE_CURVE ( 'NONE', #734, #1538, #716, .T. ) ;
#3881 = CARTESIAN_POINT ( 'NONE',  ( 8.042538507402532844, 2.328667890068446766, -12.10118145966865377 ) ) ;
#3882 = EDGE_CURVE ( 'NONE', #4940, #326, #969, .T. ) ;
#3883 = CARTESIAN_POINT ( 'NONE',  ( -9.161409443686004295, -1.601839840355044897, 7.737039311367752248 ) ) ;
#3884 = ORIENTED_EDGE ( 'NONE', *, *, #3454, .F. ) ;
#3885 = DIRECTION ( 'NONE',  ( 0.000000000000000000, 0.000000000000000000, -1.000000000000000000 ) ) ;
#3886 = DIRECTION ( 'NONE',  ( -0.000000000000000000, 1.000000000000000000, 0.000000000000000000 ) ) ;
#3887 = FACE_OUTER_BOUND ( 'NONE', #4806, .T. ) ;
#3888 = CARTESIAN_POINT ( 'NONE',  ( -0.2999999999999964362, -3.099999999999989875, 12.50013049999998138 ) ) ;
#3889 = DIRECTION ( 'NONE',  ( -1.000000000000000000, 0.000000000000000000, 0.000000000000000000 ) ) ;
#3890 = ORIENTED_EDGE ( 'NONE', *, *, #1957, .F. ) ;
#3891 = LINE ( 'NONE', #902, #1236 ) ;
#3892 = CARTESIAN_POINT ( 'NONE',  ( 1.908195823574487804E-14, -103.1631322454748840, -12.50000000000000000 ) ) ;
#3893 = ORIENTED_EDGE ( 'NONE', *, *, #933, .T. ) ;
#3894 = DIRECTION ( 'NONE',  ( -0.000000000000000000, 0.000000000000000000, -1.000000000000000000 ) ) ;
#3895 = ORIENTED_EDGE ( 'NONE', *, *, #1405, .T. ) ;
#3896 = CARTESIAN_POINT ( 'NONE',  ( 8.229760136112684421, 3.470272007777857937, -10.77861523195032944 ) ) ;
#3897 = CARTESIAN_POINT ( 'NONE',  ( 2.500000000000003109, 3.194387129813860859, 7.499999999999996447 ) ) ;
#3898 = ORIENTED_EDGE ( 'NONE', *, *, #4259, .T. ) ;
#3899 = CARTESIAN_POINT ( 'NONE',  ( -10.21165997501151246, -3.099999999999989875, -10.59999999999999964 ) ) ;
#3900 = EDGE_CURVE ( 'NONE', #2181, #2711, #3964, .T. ) ;
#3901 = ORIENTED_EDGE ( 'NONE', *, *, #518, .F. ) ;
#3902 = PLANE ( 'NONE',  #413 ) ;
#3903 = CARTESIAN_POINT ( 'NONE',  ( 2.500000000000003997, 3.161717033953368006, -11.79227225277702829 ) ) ;
#3904 = CARTESIAN_POINT ( 'NONE',  ( -5.499999999999994671, -3.314496801619173816, -12.50000000000000000 ) ) ;
#3905 = ORIENTED_EDGE ( 'NONE', *, *, #1123, .F. ) ;
#3906 = VERTEX_POINT ( 'NONE', #3108 ) ;
#3907 = EDGE_CURVE ( 'NONE', #3443, #3731, #2191, .T. ) ;
#3908 = CARTESIAN_POINT ( 'NONE',  ( 5.700000000000003730, 3.099999999999989875, -12.13238808413661118 ) ) ;
#3909 = CARTESIAN_POINT ( 'NONE',  ( -2.299999999999996270, 3.158685065128826075, 7.784513456049345415 ) ) ;
#3910 = CARTESIAN_POINT ( 'NONE',  ( 7.700000000000003730, -3.099999999999989875, -11.95923320765310294 ) ) ;
#3911 = VECTOR ( 'NONE', #4543, 1000.000000000000000 ) ;
#3912 = DIRECTION ( 'NONE',  ( -0.000000000000000000, -0.000000000000000000, -1.000000000000000000 ) ) ;
#3913 = CARTESIAN_POINT ( 'NONE',  ( -7.000000000000002665, -4.898587196589413026E-15, 5.500000000000000888 ) ) ;
#3914 = ORIENTED_EDGE ( 'NONE', *, *, #3288, .F. ) ;
#3915 = EDGE_CURVE ( 'NONE', #5562, #3468, #208, .T. ) ;
#3916 = EDGE_CURVE ( 'NONE', #3136, #533, #2841, .T. ) ;
#3917 = VECTOR ( 'NONE', #2983, 1000.000000000000000 ) ;
#3918 = DIRECTION ( 'NONE',  ( 0.000000000000000000, 0.000000000000000000, 1.000000000000000000 ) ) ;
#3919 = DIRECTION ( 'NONE',  ( 0.000000000000000000, 0.000000000000000000, -1.000000000000000000 ) ) ;
#3920 = ORIENTED_EDGE ( 'NONE', *, *, #2184, .T. ) ;
#3921 = FACE_OUTER_BOUND ( 'NONE', #4961, .T. ) ;
#3922 = AXIS2_PLACEMENT_3D ( 'NONE', #5096, #380, #2104 ) ;
#3923 = EDGE_LOOP ( 'NONE', ( #166, #5088, #2227, #4408 ) ) ;
#3924 = CARTESIAN_POINT ( 'NONE',  ( 9.307919686039914708, 3.531881124916557368, -8.902292651894928355 ) ) ;
#3925 = AXIS2_PLACEMENT_3D ( 'NONE', #2063, #3783, #5498 ) ;
#3926 = B_SPLINE_CURVE_WITH_KNOTS ( 'NONE', 3,
 ( #900, #5213, #1668, #2619 ),
 .UNSPECIFIED., .F., .F.,
 ( 4, 4 ),
 ( 0.001253864388975883121, 0.001678026921927384908 ),
 .UNSPECIFIED. ) ;
#3927 = CARTESIAN_POINT ( 'NONE',  ( -8.860665540358002801, -2.774439675926414939, 7.225635304337240328 ) ) ;
#3928 = VECTOR ( 'NONE', #1851, 1000.000000000000000 ) ;
#3929 = EDGE_LOOP ( 'NONE', ( #3726, #1045, #5258, #5116, #5317, #3194 ) ) ;
#3930 = CARTESIAN_POINT ( 'NONE',  ( -9.997370618012890731, -0.4798150847006055209, 5.871926301274762672 ) ) ;
#3931 = VECTOR ( 'NONE', #568, 1000.000000000000000 ) ;
#3932 = AXIS2_PLACEMENT_3D ( 'NONE', #1916, #2810, #1942 ) ;
#3933 = AXIS2_PLACEMENT_3D ( 'NONE', #859, #5121, #2583 ) ;
#3934 = ORIENTED_EDGE ( 'NONE', *, *, #4014, .T. ) ;
#3935 = DIRECTION ( 'NONE',  ( -1.000000000000000000, 0.000000000000000000, 0.000000000000000000 ) ) ;
#3936 = CARTESIAN_POINT ( 'NONE',  ( 8.500000000000003553, -3.099999999999989875, 8.288594242012445434 ) ) ;
#3937 = EDGE_CURVE ( 'NONE', #3758, #4887, #2695, .T. ) ;
#3938 = ORIENTED_EDGE ( 'NONE', *, *, #809, .F. ) ;
#3939 = CARTESIAN_POINT ( 'NONE',  ( -0.2999999999999964362, -3.099999999999989875, -11.85088638530116789 ) ) ;
#3940 = DIRECTION ( 'NONE',  ( -0.000000000000000000, -0.000000000000000000, -1.000000000000000000 ) ) ;
#3941 = LINE ( 'NONE', #96, #3297 ) ;
#3942 = EDGE_CURVE ( 'NONE', #3367, #3136, #1777, .T. ) ;
#3943 = CARTESIAN_POINT ( 'NONE',  ( -9.265669022194506610, 2.410500982341496456, 7.806635841748359006 ) ) ;
#3944 = EDGE_LOOP ( 'NONE', ( #956, #1875, #1127, #919 ) ) ;
#3945 = CARTESIAN_POINT ( 'NONE',  ( -8.299999999999998934, -3.102803718586186754, 7.401151491951307726 ) ) ;
#3946 = DIRECTION ( 'NONE',  ( 0.000000000000000000, 0.000000000000000000, 1.000000000000000000 ) ) ;
#3947 = ADVANCED_FACE ( 'NONE', ( #1885 ), #2217, .F. ) ;
#3948 = ORIENTED_EDGE ( 'NONE', *, *, #1718, .F. ) ;
#3949 = EDGE_CURVE ( 'NONE', #3068, #486, #5208, .T. ) ;
#3950 = DIRECTION ( 'NONE',  ( 0.9983713344239767418, 0.05704979053851286230, -0.000000000000000000 ) ) ;
#3951 = ORIENTED_EDGE ( 'NONE', *, *, #4428, .T. ) ;
#3952 = CARTESIAN_POINT ( 'NONE',  ( 7.981814089392474720, -3.099999999999989875, -11.86066013992776647 ) ) ;
#3953 = CIRCLE ( 'NONE', #2505, 3.000000000000000000 ) ;
#3954 = CARTESIAN_POINT ( 'NONE',  ( -17.55704979053851744, 3.001628665576012711, 7.500000000000000000 ) ) ;
#3955 = ORIENTED_EDGE ( 'NONE', *, *, #1271, .T. ) ;
#3956 = CARTESIAN_POINT ( 'NONE',  ( 1.908195823574487804E-14, -103.1631322454748840, -12.50000000000000000 ) ) ;
#3957 = VECTOR ( 'NONE', #3872, 1000.000000000000000 ) ;
#3958 = VECTOR ( 'NONE', #3485, 1000.000000000000000 ) ;
#3959 = VERTEX_POINT ( 'NONE', #3165 ) ;
#3960 = CARTESIAN_POINT ( 'NONE',  ( -5.762028844389782023, 2.327627468653228782, 8.500000000000000000 ) ) ;
#3961 = DIRECTION ( 'NONE',  ( 0.000000000000000000, 0.000000000000000000, 1.000000000000000000 ) ) ;
#3962 = VERTEX_POINT ( 'NONE', #5290 ) ;
#3963 = ORIENTED_EDGE ( 'NONE', *, *, #4084, .F. ) ;
#3964 = LINE ( 'NONE', #1856, #805 ) ;
#3965 = LINE ( 'NONE', #2750, #47 ) ;
#3966 = CARTESIAN_POINT ( 'NONE',  ( 15.63006000878393742, 3.543071709011974768, 8.268858158084180232 ) ) ;
#3967 = CARTESIAN_POINT ( 'NONE',  ( -7.007452429110811565, -0.3955318857277900224, 8.500000000000000000 ) ) ;
#3968 = CARTESIAN_POINT ( 'NONE',  ( 3.700000000000003730, 3.099999999999989875, 7.995716659737929000 ) ) ;
#3969 = ORIENTED_EDGE ( 'NONE', *, *, #1398, .T. ) ;
#3970 = EDGE_CURVE ( 'NONE', #2909, #5247, #2790, .T. ) ;
#3971 = CYLINDRICAL_SURFACE ( 'NONE', #5546, 1.000000000000000222 ) ;
#3972 =( NAMED_UNIT ( * ) PLANE_ANGLE_UNIT ( ) SI_UNIT ( $, .RADIAN. ) );
#3973 = DIRECTION ( 'NONE',  ( 0.000000000000000000, 0.000000000000000000, 1.000000000000000000 ) ) ;
#3974 = DIRECTION ( 'NONE',  ( -1.000000000000000000, 0.000000000000000000, 0.000000000000000000 ) ) ;
#3975 = EDGE_LOOP ( 'NONE', ( #2346, #2395, #2321, #3548 ) ) ;
#3976 = CARTESIAN_POINT ( 'NONE',  ( 8.500000000000003553, 3.099999999999989875, 8.288594242012445434 ) ) ;
#3977 = ORIENTED_EDGE ( 'NONE', *, *, #3678, .T. ) ;
#3978 = EDGE_CURVE ( 'NONE', #1188, #5409, #1267, .T. ) ;
#3979 = EDGE_CURVE ( 'NONE', #3511, #5525, #1431, .T. ) ;
#3980 = ORIENTED_EDGE ( 'NONE', *, *, #3584, .F. ) ;
#3981 = CARTESIAN_POINT ( 'NONE',  ( 10.50000000000000355, -3.099999999999989875, 12.50013049999998138 ) ) ;
#3982 = B_SPLINE_CURVE_WITH_KNOTS ( 'NONE', 3,
 ( #5540, #2188, #1745, #2946 ),
 .UNSPECIFIED., .F., .F.,
 ( 4, 4 ),
 ( 0.001211453346481158573, 0.001712667560243627280 ),
 .UNSPECIFIED. ) ;
#3983 = ADVANCED_FACE ( 'NONE', ( #3138 ), #1353, .T. ) ;
#3984 = ORIENTED_EDGE ( 'NONE', *, *, #2089, .T. ) ;
#3985 = AXIS2_PLACEMENT_3D ( 'NONE', #547, #668, #215 ) ;
#3986 = CARTESIAN_POINT ( 'NONE',  ( 0.5000000000000038858, 3.164382253287467694, -11.50000000000000000 ) ) ;
#3987 = LINE ( 'NONE', #5315, #1583 ) ;
#3988 = ORIENTED_EDGE ( 'NONE', *, *, #1573, .T. ) ;
#3989 = CARTESIAN_POINT ( 'NONE',  ( 5.700000000000003730, 3.325714410276427113, -11.72733813532651759 ) ) ;
#3990 = DIRECTION ( 'NONE',  ( -0.9983713344239767418, 0.05704979053851286230, -0.000000000000000000 ) ) ;
#3991 = FACE_OUTER_BOUND ( 'NONE', #3613, .T. ) ;
#3992 = DIRECTION ( 'NONE',  ( -1.000000000000000000, 0.000000000000000000, 0.000000000000000000 ) ) ;
#3993 = CARTESIAN_POINT ( 'NONE',  ( -9.618568199238783478, 1.210696159856891940, 7.161054297471879160 ) ) ;
#3994 = ORIENTED_EDGE ( 'NONE', *, *, #4084, .T. ) ;
#3995 = CARTESIAN_POINT ( 'NONE',  ( -9.499999999999996447, -3.099999999999989875, 4.299999999999999822 ) ) ;
#3996 = CARTESIAN_POINT ( 'NONE',  ( 9.700000000000004619, 3.484420365519647955, -2.400000000000001243 ) ) ;
#3997 = CARTESIAN_POINT ( 'NONE',  ( 17.27217249796582621, -3.986981285598036884, 12.50000000000000000 ) ) ;
#3998 = ORIENTED_EDGE ( 'NONE', *, *, #4513, .F. ) ;
#3999 = DIRECTION ( 'NONE',  ( -1.000000000000000000, 0.000000000000000000, 0.000000000000000000 ) ) ;
#4000 = EDGE_CURVE ( 'NONE', #2898, #2756, #2609, .T. ) ;
#4001 = VERTEX_POINT ( 'NONE', #4436 ) ;
#4002 = LINE ( 'NONE', #5471, #3551 ) ;
#4003 = EDGE_LOOP ( 'NONE', ( #4604, #3178, #1508, #4567 ) ) ;
#4004 = CIRCLE ( 'NONE', #4362, 7.500000000000003553 ) ;
#4005 = LINE ( 'NONE', #4855, #768 ) ;
#4006 = ADVANCED_FACE ( 'NONE', ( #4865, #3512 ), #4835, .T. ) ;
#4007 = VECTOR ( 'NONE', #1348, 1000.000000000000000 ) ;
#4008 = CARTESIAN_POINT ( 'NONE',  ( -7.499999999999998224, 3.354821815831151799, 4.299999999999999822 ) ) ;
#4009 = CARTESIAN_POINT ( 'NONE',  ( -5.717893271169059766, 3.099999999999989875, 8.133634535044654612 ) ) ;
#4010 = AXIS2_PLACEMENT_3D ( 'NONE', #1877, #4456, #4431 ) ;
#4011 = ORIENTED_EDGE ( 'NONE', *, *, #3487, .T. ) ;
#4012 = CARTESIAN_POINT ( 'NONE',  ( -0.03336126819915541386, 3.099999999999989875, 7.848752988210371484 ) ) ;
#4013 = CARTESIAN_POINT ( 'NONE',  ( 10.21165997501151246, -3.099999999999989875, -8.499999999999998224 ) ) ;
#4014 = EDGE_CURVE ( 'NONE', #4595, #2680, #2644, .T. ) ;
#4015 = EDGE_CURVE ( 'NONE', #1710, #2857, #1025, .T. ) ;
#4016 = ORIENTED_EDGE ( 'NONE', *, *, #4015, .F. ) ;
#4017 = ORIENTED_EDGE ( 'NONE', *, *, #1405, .F. ) ;
#4018 = CARTESIAN_POINT ( 'NONE',  ( -3.499999999999996003, 3.224401014785344799, -11.66887634226804948 ) ) ;
#4019 = AXIS2_PLACEMENT_3D ( 'NONE', #4753, #5537, #2521 ) ;
#4020 = CARTESIAN_POINT ( 'NONE',  ( -1.499999999999996225, 3.099999999999989875, -11.87844083214196722 ) ) ;
#4021 = LINE ( 'NONE', #153, #4455 ) ;
#4022 = CARTESIAN_POINT ( 'NONE',  ( -1.499999999999996225, -3.099999999999989875, -11.87844083214199209 ) ) ;
#4023 = VECTOR ( 'NONE', #4429, 1000.000000000000000 ) ;
#4024 = CARTESIAN_POINT ( 'NONE',  ( -8.618844950360481150, 1.931996997666158622, 8.149622046055601032 ) ) ;
#4025 = VERTEX_POINT ( 'NONE', #2511 ) ;
#4026 = CARTESIAN_POINT ( 'NONE',  ( 7.700000000000003730, -3.099999999999989875, 8.250778761190353805 ) ) ;
#4027 = DIRECTION ( 'NONE',  ( 1.000000000000000000, 0.000000000000000000, 0.000000000000000000 ) ) ;
#4028 = CARTESIAN_POINT ( 'NONE',  ( 6.243746235811387102, -2.355154176734463700, -12.50000000000000000 ) ) ;
#4029 = CARTESIAN_POINT ( 'NONE',  ( -4.299999999999996270, -3.099999999999989875, 8.035526066800859013 ) ) ;
#4030 = VERTEX_POINT ( 'NONE', #4955 ) ;
#4031 = PLANE ( 'NONE',  #4673 ) ;
#4032 = ORIENTED_EDGE ( 'NONE', *, *, #5122, .F. ) ;
#4033 = DIRECTION ( 'NONE',  ( -0.000000000000000000, -0.000000000000000000, -1.000000000000000000 ) ) ;
#4034 = EDGE_CURVE ( 'NONE', #4001, #1451, #1809, .T. ) ;
#4035 = VERTEX_POINT ( 'NONE', #1088 ) ;
#4036 = CARTESIAN_POINT ( 'NONE',  ( -17.50000000000000000, -4.898587196589413026E-15, -11.50000000000000000 ) ) ;
#4037 = AXIS2_PLACEMENT_3D ( 'NONE', #4039, #2401, #258 ) ;
#4038 = CARTESIAN_POINT ( 'NONE',  ( -8.299999999999998934, 3.099999999999989875, 7.474302974772759178 ) ) ;
#4039 = CARTESIAN_POINT ( 'NONE',  ( 1.821459649775647449E-14, 103.1631322454748840, -11.50000000000000000 ) ) ;
#4040 = EDGE_CURVE ( 'NONE', #2787, #3962, #4233, .T. ) ;
#4041 = VERTEX_POINT ( 'NONE', #1654 ) ;
#4042 = PLANE ( 'NONE',  #3394 ) ;
#4043 = ORIENTED_EDGE ( 'NONE', *, *, #4989, .T. ) ;
#4044 = EDGE_LOOP ( 'NONE', ( #4849, #4594, #4748, #3829 ) ) ;
#4045 = VECTOR ( 'NONE', #1692, 1000.000000000000000 ) ;
#4046 = DIRECTION ( 'NONE',  ( 1.000000000000000000, 0.000000000000000000, 0.000000000000000000 ) ) ;
#4047 = ADVANCED_FACE ( 'NONE', ( #4654 ), #762, .T. ) ;
#4048 = EDGE_CURVE ( 'NONE', #3791, #878, #3507, .T. ) ;
#4049 = VERTEX_POINT ( 'NONE', #2481 ) ;
#4050 = CARTESIAN_POINT ( 'NONE',  ( -9.729621182777647093, 1.077606538092697352, 6.941521944072122530 ) ) ;
#4051 = DIRECTION ( 'NONE',  ( -1.000000000000000000, 0.000000000000000000, 0.000000000000000000 ) ) ;
#4052 = CARTESIAN_POINT ( 'NONE',  ( -17.50000000000000000, -3.099999999999989875, -10.59999999999999964 ) ) ;
#4053 = CARTESIAN_POINT ( 'NONE',  ( -8.343080674738260427, 2.062481050810392791, 8.287861131628483591 ) ) ;
#4054 = ORIENTED_EDGE ( 'NONE', *, *, #448, .F. ) ;
#4055 = CARTESIAN_POINT ( 'NONE',  ( 17.50000000000000355, 3.999999999999994671, -2.400000000000001243 ) ) ;
#4056 = LINE ( 'NONE', #1866, #3644 ) ;
#4057 = FACE_OUTER_BOUND ( 'NONE', #2480, .T. ) ;
#4058 = CARTESIAN_POINT ( 'NONE',  ( 17.50000000000000000, -4.898587196589413026E-15, 12.50000000000000000 ) ) ;
#4059 = ORIENTED_EDGE ( 'NONE', *, *, #205, .T. ) ;
#4060 = ORIENTED_EDGE ( 'NONE', *, *, #3354, .T. ) ;
#4061 = DIRECTION ( 'NONE',  ( -0.9983713344239766307, 0.05704979053851310516, 0.000000000000000000 ) ) ;
#4062 = ORIENTED_EDGE ( 'NONE', *, *, #1926, .T. ) ;
#4063 = CARTESIAN_POINT ( 'NONE',  ( -10.00000000000000178, -4.898587196589413026E-15, -11.50000000000000000 ) ) ;
#4064 = DIRECTION ( 'NONE',  ( 1.000000000000000000, -0.000000000000000000, 0.000000000000000000 ) ) ;
#4065 = FACE_OUTER_BOUND ( 'NONE', #1803, .T. ) ;
#4066 = EDGE_LOOP ( 'NONE', ( #1466, #580, #3611, #749, #128 ) ) ;
#4067 = CARTESIAN_POINT ( 'NONE',  ( 6.500000000000004441, -3.099999999999989875, -12.17309318234771709 ) ) ;
#4068 = CARTESIAN_POINT ( 'NONE',  ( -1.766725107229845104, 3.099999999999989875, -11.88821927241135512 ) ) ;
#4069 = EDGE_CURVE ( 'NONE', #3699, #3002, #2910, .T. ) ;
#4070 = VERTEX_POINT ( 'NONE', #1679 ) ;
#4071 = CARTESIAN_POINT ( 'NONE',  ( -5.762028844389781135, -2.327627468653229226, -12.50000000000000000 ) ) ;
#4072 = CARTESIAN_POINT ( 'NONE',  ( -5.717893271169058877, -3.099999999999989875, 8.133634535044654612 ) ) ;
#4073 = DIRECTION ( 'NONE',  ( 0.000000000000000000, 0.000000000000000000, 1.000000000000000000 ) ) ;
#4074 = DIRECTION ( 'NONE',  ( 0.000000000000000000, 0.000000000000000000, -1.000000000000000000 ) ) ;
#4075 = LINE ( 'NONE', #3344, #1632 ) ;
#4076 = EDGE_CURVE ( 'NONE', #2533, #27, #1159, .T. ) ;
#4077 = ORIENTED_EDGE ( 'NONE', *, *, #595, .T. ) ;
#4078 = CARTESIAN_POINT ( 'NONE',  ( 5.762028844389818438, -2.327627468653245213, -12.50000000000000000 ) ) ;
#4079 = DIRECTION ( 'NONE',  ( -0.000000000000000000, -0.000000000000000000, -1.000000000000000000 ) ) ;
#4080 = CARTESIAN_POINT ( 'NONE',  ( -0.2999999999999963252, 3.163582246487384175, 7.499999999999996447 ) ) ;
#4081 = DIRECTION ( 'NONE',  ( 0.9983713344239767418, 0.05704979053851286230, 0.000000000000000000 ) ) ;
#4082 = CARTESIAN_POINT ( 'NONE',  ( -19.65000000000000213, -4.635288134772731511E-15, -10.59999999999999964 ) ) ;
#4083 = EDGE_CURVE ( 'NONE', #1286, #5134, #3812, .T. ) ;
#4084 = EDGE_CURVE ( 'NONE', #3333, #2637, #3335, .T. ) ;
#4085 = ORIENTED_EDGE ( 'NONE', *, *, #3110, .T. ) ;
#4086 = PLANE ( 'NONE',  #5312 ) ;
#4087 = ORIENTED_EDGE ( 'NONE', *, *, #1001, .F. ) ;
#4088 = CARTESIAN_POINT ( 'NONE',  ( 5.700000000000001954, 3.325714410276445321, 7.499999999999996447 ) ) ;
#4089 = EDGE_LOOP ( 'NONE', ( #2774, #3437, #3655, #3124 ) ) ;
#4090 = CARTESIAN_POINT ( 'NONE',  ( -7.437135326292688475, 3.364773194817257895, 7.500000000000000888 ) ) ;
#4091 = DIRECTION ( 'NONE',  ( -0.000000000000000000, -0.000000000000000000, 1.000000000000000000 ) ) ;
#4092 = MECHANICAL_DESIGN_GEOMETRIC_PRESENTATION_REPRESENTATION (  '', ( #38 ), #4820 ) ;
#4093 = ORIENTED_EDGE ( 'NONE', *, *, #1820, .T. ) ;
#4094 = DIRECTION ( 'NONE',  ( -0.9983713344239767418, 0.05704979053851313292, 0.000000000000000000 ) ) ;
#4095 = CARTESIAN_POINT ( 'NONE',  ( -0.2999999999999964362, -3.099999999999989875, 7.850886385301212300 ) ) ;
#4096 = AXIS2_PLACEMENT_3D ( 'NONE', #1406, #120, #3628 ) ;
#4097 = ORIENTED_EDGE ( 'NONE', *, *, #2021, .T. ) ;
#4098 = CARTESIAN_POINT ( 'NONE',  ( -10.29999999999999716, -4.898587196589413026E-15, -10.59999999999999964 ) ) ;
#4099 =( BOUNDED_CURVE ( )  B_SPLINE_CURVE ( 3, ( #4100, #4523, #656, #2437 ),
 .UNSPECIFIED., .F., .F. ) 
 B_SPLINE_CURVE_WITH_KNOTS ( ( 4, 4 ),
 ( 0.8492402424668653582, 0.9085195289818442932 ),
 .UNSPECIFIED. ) 
 CURVE ( )  GEOMETRIC_REPRESENTATION_ITEM ( )  RATIONAL_B_SPLINE_CURVE ( ( 1.000000000000000000, 0.9997071852868144592, 0.9997071852868144592, 1.000000000000000000 ) ) 
 REPRESENTATION_ITEM ( '' )  );
#4100 = CARTESIAN_POINT ( 'NONE',  ( 7.700000000000003730, 3.099999999999989875, 8.250778761190353805 ) ) ;
#4101 = EDGE_CURVE ( 'NONE', #3591, #2001, #4203, .T. ) ;
#4102 = FACE_OUTER_BOUND ( 'NONE', #4290, .T. ) ;
#4103 = CARTESIAN_POINT ( 'NONE',  ( -9.499999999999996447, -3.542857142857132935, 4.299999999999994493 ) ) ;
#4104 = CIRCLE ( 'NONE', #682, 100.0000000000000000 ) ;
#4105 = CARTESIAN_POINT ( 'NONE',  ( -8.559678901199596623, -2.964883264620278513, 7.330017393638665446 ) ) ;
#4106 = ORIENTED_EDGE ( 'NONE', *, *, #5332, .T. ) ;
#4107 = CARTESIAN_POINT ( 'NONE',  ( -5.499999999999996447, -3.237046351566336355, 7.944570984540950676 ) ) ;
#4108 = CARTESIAN_POINT ( 'NONE',  ( 7.542731893385077768, -2.339317256231456810, -12.30128940314561170 ) ) ;
#4109 = CIRCLE ( 'NONE', #688, 1.000000000000000222 ) ;
#4110 = ADVANCED_FACE ( 'NONE', ( #1221 ), #3226, .F. ) ;
#4111 = CIRCLE ( 'NONE', #1141, 100.0000000000000000 ) ;
#4112 = APPLICATION_PROTOCOL_DEFINITION ( 'draft international standard', 'automotive_design', 1998, #2657 ) ;
#4113 = CARTESIAN_POINT ( 'NONE',  ( 0.5000000000000038858, -3.164382253287485014, 7.620889560052206413 ) ) ;
#4114 = DIRECTION ( 'NONE',  ( 1.000000000000000000, 0.000000000000000000, 0.000000000000000000 ) ) ;
#4115 = DIRECTION ( 'NONE',  ( -0.000000000000000000, -0.000000000000000000, -1.000000000000000000 ) ) ;
#4116 = ORIENTED_EDGE ( 'NONE', *, *, #5087, .T. ) ;
#4117 = CARTESIAN_POINT ( 'NONE',  ( -7.007452429110811565, -0.3955318857277900224, 4.299999999999999822 ) ) ;
#4118 = EDGE_CURVE ( 'NONE', #818, #2705, #3450, .T. ) ;
#4119 = ORIENTED_EDGE ( 'NONE', *, *, #5256, .F. ) ;
#4120 = ADVANCED_FACE ( 'NONE', ( #1252 ), #2322, .F. ) ;
#4121 = DIRECTION ( 'NONE',  ( 1.000000000000000000, 0.000000000000000000, -0.000000000000000000 ) ) ;
#4122 = ORIENTED_EDGE ( 'NONE', *, *, #107, .T. ) ;
#4123 = CARTESIAN_POINT ( 'NONE',  ( 9.700000000000004619, 3.389609885519397459, 8.148828891458817836 ) ) ;
#4124 = DIRECTION ( 'NONE',  ( -0.000000000000000000, 0.000000000000000000, -1.000000000000000000 ) ) ;
#4125 = ORIENTED_EDGE ( 'NONE', *, *, #4118, .T. ) ;
#4126 = CARTESIAN_POINT ( 'NONE',  ( 14.68042337161096889, 2.837250013065867549, 8.500000000000000000 ) ) ;
#4127 = CARTESIAN_POINT ( 'NONE',  ( -2.299999999999996270, 3.099999999999989875, -11.91364570620243768 ) ) ;
#4128 = VECTOR ( 'NONE', #4457, 1000.000000000000000 ) ;
#4129 = ORIENTED_EDGE ( 'NONE', *, *, #1747, .T. ) ;
#4130 = VERTEX_POINT ( 'NONE', #4071 ) ;
#4131 = CARTESIAN_POINT ( 'NONE',  ( -9.943593527570678603, 0.6783097279677929858, 6.237725649949001472 ) ) ;
#4132 = CARTESIAN_POINT ( 'NONE',  ( 5.711928845092335116, 3.099999999999989875, -12.13321908520543957 ) ) ;
#4133 = DIRECTION ( 'NONE',  ( 0.000000000000000000, -0.000000000000000000, -1.000000000000000000 ) ) ;
#4134 = CARTESIAN_POINT ( 'NONE',  ( -7.713661396160729211, -3.327759562291725093, 8.507386680236121990 ) ) ;
#4135 = AXIS2_PLACEMENT_3D ( 'NONE', #819, #5140, #1282 ) ;
#4136 = ORIENTED_EDGE ( 'NONE', *, *, #3183, .T. ) ;
#4137 = DIRECTION ( 'NONE',  ( 1.000000000000000000, 0.000000000000000000, -0.000000000000000000 ) ) ;
#4138 = CYLINDRICAL_SURFACE ( 'NONE', #74, 100.0000000000000000 ) ;
#4139 = CIRCLE ( 'NONE', #1722, 100.0000000000000000 ) ;
#4140 = CARTESIAN_POINT ( 'NONE',  ( -7.499999999999998224, -3.354821815831151799, 7.498990699996586073 ) ) ;
#4141 = DIRECTION ( 'NONE',  ( 0.000000000000000000, 0.000000000000000000, -1.000000000000000000 ) ) ;
#4142 = ORIENTED_EDGE ( 'NONE', *, *, #3419, .T. ) ;
#4143 = EDGE_CURVE ( 'NONE', #3279, #3518, #1938, .T. ) ;
#4144 = CARTESIAN_POINT ( 'NONE',  ( -5.572630935773111638, 3.099999999999989875, 8.123511167422796220 ) ) ;
#4145 = DIRECTION ( 'NONE',  ( -0.9983713344239766307, -0.05704979053851286230, 0.000000000000000000 ) ) ;
#4146 = CARTESIAN_POINT ( 'NONE',  ( -8.299999999999998934, 3.102803718586187198, 4.299999999999999822 ) ) ;
#4147 = ORIENTED_EDGE ( 'NONE', *, *, #1365, .F. ) ;
#4148 = VERTEX_POINT ( 'NONE', #931 ) ;
#4149 = EDGE_CURVE ( 'NONE', #2631, #4864, #3578, .T. ) ;
#4150 = EDGE_CURVE ( 'NONE', #163, #1754, #1366, .T. ) ;
#4151 = PLANE ( 'NONE',  #3106 ) ;
#4152 = CARTESIAN_POINT ( 'NONE',  ( -17.50000000000000000, -4.898587196589413026E-15, -12.50000000000000000 ) ) ;
#4153 = VERTEX_POINT ( 'NONE', #1707 ) ;
#4154 = DIRECTION ( 'NONE',  ( -1.000000000000000000, 0.000000000000000000, -0.000000000000000000 ) ) ;
#4155 = ADVANCED_FACE ( 'NONE', ( #881 ), #1741, .T. ) ;
#4156 = VERTEX_POINT ( 'NONE', #1873 ) ;
#4157 = DIRECTION ( 'NONE',  ( -0.000000000000000000, -0.000000000000000000, -1.000000000000000000 ) ) ;
#4158 = DIRECTION ( 'NONE',  ( 0.000000000000000000, 0.000000000000000000, 1.000000000000000000 ) ) ;
#4159 = CARTESIAN_POINT ( 'NONE',  ( -5.906186614793781153, 3.099999999999989875, 8.146750036477792278 ) ) ;
#4160 = DIRECTION ( 'NONE',  ( 0.000000000000000000, 0.000000000000000000, -1.000000000000000000 ) ) ;
#4161 = VERTEX_POINT ( 'NONE', #2709 ) ;
#4162 = CARTESIAN_POINT ( 'NONE',  ( 2.500000000000003109, 3.194387129813860859, -12.50000000000000000 ) ) ;
#4163 = CARTESIAN_POINT ( 'NONE',  ( -6.299999999999996270, 3.099999999999989875, 8.172140692246692595 ) ) ;
#4164 = FACE_OUTER_BOUND ( 'NONE', #172, .T. ) ;
#4165 = CARTESIAN_POINT ( 'NONE',  ( 8.500000000000003553, 3.485714285714275995, -10.52047469765305543 ) ) ;
#4166 = ORIENTED_EDGE ( 'NONE', *, *, #3080, .F. ) ;
#4167 = DIRECTION ( 'NONE',  ( 0.000000000000000000, 0.000000000000000000, 1.000000000000000000 ) ) ;
#4168 = DIRECTION ( 'NONE',  ( -0.000000000000000000, -0.000000000000000000, 1.000000000000000000 ) ) ;
#4169 = DIRECTION ( 'NONE',  ( 0.000000000000000000, 0.000000000000000000, -1.000000000000000000 ) ) ;
#4170 = EDGE_CURVE ( 'NONE', #647, #4595, #4139, .T. ) ;
#4171 = ORIENTED_EDGE ( 'NONE', *, *, #2633, .T. ) ;
#4172 = ORIENTED_EDGE ( 'NONE', *, *, #2224, .T. ) ;
#4173 = CARTESIAN_POINT ( 'NONE',  ( 1.966728068561476750, -3.099999999999989875, 7.896992019656694950 ) ) ;
#4174 = ORIENTED_EDGE ( 'NONE', *, *, #4040, .F. ) ;
#4175 = DIRECTION ( 'NONE',  ( -0.000000000000000000, -0.000000000000000000, -1.000000000000000000 ) ) ;
#4176 = EDGE_CURVE ( 'NONE', #4626, #3497, #1449, .T. ) ;
#4177 = ORIENTED_EDGE ( 'NONE', *, *, #4454, .F. ) ;
#4178 = VERTEX_POINT ( 'NONE', #3097 ) ;
#4179 = DIRECTION ( 'NONE',  ( 0.000000000000000000, -0.000000000000000000, -1.000000000000000000 ) ) ;
#4180 = EDGE_CURVE ( 'NONE', #1797, #1256, #3141, .T. ) ;
#4181 = DIRECTION ( 'NONE',  ( -0.000000000000000000, -0.000000000000000000, -1.000000000000000000 ) ) ;
#4182 = EDGE_CURVE ( 'NONE', #197, #2042, #1476, .T. ) ;
#4183 = VECTOR ( 'NONE', #417, 999.9999999999998863 ) ;
#4184 = CARTESIAN_POINT ( 'NONE',  ( 9.700000000000004619, -3.099999999999989875, -10.33799286859240674 ) ) ;
#4185 = CARTESIAN_POINT ( 'NONE',  ( -8.274240974309318375, -3.117119075920574911, 7.408660828984106494 ) ) ;
#4186 = EDGE_LOOP ( 'NONE', ( #4340, #2425, #3071, #5196 ) ) ;
#4187 = AXIS2_PLACEMENT_3D ( 'NONE', #3808, #4169, #1248 ) ;
#4188 = CARTESIAN_POINT ( 'NONE',  ( -17.50000000000000000, -4.898587196589413026E-15, -10.60000000000000142 ) ) ;
#4189 = AXIS2_PLACEMENT_3D ( 'NONE', #1523, #3257, #1117 ) ;
#4190 = CARTESIAN_POINT ( 'NONE',  ( 8.267032991660816066, -2.322932287287486020, -11.98546417140188503 ) ) ;
#4191 = AXIS2_PLACEMENT_3D ( 'NONE', #2616, #465, #4671 ) ;
#4192 = CARTESIAN_POINT ( 'NONE',  ( -17.50000000000000355, -3.999999999999999112, 12.50000000000000000 ) ) ;
#4193 = CARTESIAN_POINT ( 'NONE',  ( 8.500000000000003553, 3.485714285714275995, -10.52047469765305543 ) ) ;
#4194 = ORIENTED_EDGE ( 'NONE', *, *, #2564, .F. ) ;
#4195 = AXIS2_PLACEMENT_3D ( 'NONE', #5071, #1698, #4224 ) ;
#4196 = CARTESIAN_POINT ( 'NONE',  ( -6.299999999999996270, -3.359999999999990106, 7.499999999999996447 ) ) ;
#4197 = AXIS2_PLACEMENT_3D ( 'NONE', #3132, #4378, #5314 ) ;
#4198 = DIRECTION ( 'NONE',  ( 1.000000000000000000, 0.000000000000000000, 0.000000000000000000 ) ) ;
#4199 = CARTESIAN_POINT ( 'NONE',  ( -3.499999999999996003, -3.099999999999989875, 12.50013049999998138 ) ) ;
#4200 = ORIENTED_EDGE ( 'NONE', *, *, #1573, .F. ) ;
#4201 = AXIS2_PLACEMENT_3D ( 'NONE', #5441, #5472, #305 ) ;
#4202 = ORIENTED_EDGE ( 'NONE', *, *, #3558, .T. ) ;
#4203 = LINE ( 'NONE', #5375, #5404 ) ;
#4204 = DIRECTION ( 'NONE',  ( 0.000000000000000000, 1.000000000000000000, 0.000000000000000000 ) ) ;
#4205 = CARTESIAN_POINT ( 'NONE',  ( 1.700000000000003508, 3.151135463777090528, 7.764041615519089667 ) ) ;
#4206 = ORIENTED_EDGE ( 'NONE', *, *, #5081, .F. ) ;
#4207 = B_SPLINE_CURVE_WITH_KNOTS ( 'NONE', 3,
 ( #3467, #5190, #447, #3040 ),
 .UNSPECIFIED., .F., .F.,
 ( 4, 4 ),
 ( 0.001719878300941509765, 0.002236583277756433626 ),
 .UNSPECIFIED. ) ;
#4208 = CARTESIAN_POINT ( 'NONE',  ( -4.299999999999996270, -3.255625020041605477, -11.50000000000000000 ) ) ;
#4209 = B_SPLINE_CURVE_WITH_KNOTS ( 'NONE', 3,
 ( #642, #190, #1474, #3522 ),
 .UNSPECIFIED., .F., .F.,
 ( 4, 4 ),
 ( 0.001283904502700512935, 0.002085685029080911607 ),
 .UNSPECIFIED. ) ;
#4210 = VERTEX_POINT ( 'NONE', #5335 ) ;
#4211 = EDGE_CURVE ( 'NONE', #4801, #290, #582, .T. ) ;
#4212 = ORIENTED_EDGE ( 'NONE', *, *, #2674, .T. ) ;
#4213 = CARTESIAN_POINT ( 'NONE',  ( 9.482336379821846961, -2.280508177901890754, -10.96076542346071214 ) ) ;
#4214 = CARTESIAN_POINT ( 'NONE',  ( 7.295611791541311675, 2.343611187668260598, -12.37381748075926957 ) ) ;
#4215 = CARTESIAN_POINT ( 'NONE',  ( 6.500000000000004441, 3.371428571428562115, -12.50000000000000000 ) ) ;
#4216 = CARTESIAN_POINT ( 'NONE',  ( -10.34123922525543726, 2.236547377092330091, -11.50000000000000000 ) ) ;
#4217 = VERTEX_POINT ( 'NONE', #1450 ) ;
#4218 = VECTOR ( 'NONE', #3198, 1000.000000000000000 ) ;
#4219 = ADVANCED_FACE ( 'NONE', ( #3672 ), #4086, .T. ) ;
#4220 = CARTESIAN_POINT ( 'NONE',  ( -3.499999999999996003, 3.099999999999989875, 7.982900717100227084 ) ) ;
#4221 = ADVANCED_FACE ( 'NONE', ( #1074 ), #133, .F. ) ;
#4222 = CARTESIAN_POINT ( 'NONE',  ( 4.500000000000002665, -3.264433555251688990, 7.499999999999996447 ) ) ;
#4223 = AXIS2_PLACEMENT_3D ( 'NONE', #2153, #1796, #4295 ) ;
#4224 = DIRECTION ( 'NONE',  ( 1.000000000000000000, -4.440892098500626162E-15, 0.000000000000000000 ) ) ;
#4225 = LINE ( 'NONE', #3803, #1352 ) ;
#4226 = ORIENTED_EDGE ( 'NONE', *, *, #742, .F. ) ;
#4227 = CARTESIAN_POINT ( 'NONE',  ( -10.29999999999999716, -3.588571428571418309, 4.299999999999994493 ) ) ;
#4228 = AXIS2_PLACEMENT_3D ( 'NONE', #519, #3540, #5264 ) ;
#4229 = EDGE_LOOP ( 'NONE', ( #5536, #2150, #3759, #559, #2410, #5510 ) ) ;
#4230 = DIRECTION ( 'NONE',  ( -0.000000000000000000, 0.000000000000000000, -1.000000000000000000 ) ) ;
#4231 = ORIENTED_EDGE ( 'NONE', *, *, #2704, .T. ) ;
#4232 = ORIENTED_EDGE ( 'NONE', *, *, #241, .T. ) ;
#4233 = LINE ( 'NONE', #3685, #353 ) ;
#4234 = CARTESIAN_POINT ( 'NONE',  ( 17.50000000000000000, -4.898587196589413026E-15, -2.400000000000001243 ) ) ;
#4235 = DIRECTION ( 'NONE',  ( -0.9983713344239766307, -0.05704979053851304965, -0.000000000000000000 ) ) ;
#4236 = ORIENTED_EDGE ( 'NONE', *, *, #3205, .F. ) ;
#4237 = LINE ( 'NONE', #2457, #5552 ) ;
#4238 = ORIENTED_EDGE ( 'NONE', *, *, #1006, .F. ) ;
#4239 = VERTEX_POINT ( 'NONE', #221 ) ;
#4240 = FACE_OUTER_BOUND ( 'NONE', #5556, .T. ) ;
#4241 = CARTESIAN_POINT ( 'NONE',  ( 0.000000000000000000, 2.999999999999991118, -2.400000000000001243 ) ) ;
#4242 = EDGE_CURVE ( 'NONE', #3358, #5313, #445, .T. ) ;
#4243 = CARTESIAN_POINT ( 'NONE',  ( -3.499999999999995115, -3.224401014785355457, 7.499999999999996447 ) ) ;
#4244 = EDGE_LOOP ( 'NONE', ( #4501, #5297, #2478, #4032 ) ) ;
#4245 = SURFACE_STYLE_USAGE ( .BOTH. , #4305 ) ;
#4246 = CYLINDRICAL_SURFACE ( 'NONE', #3561, 1.000000000000000888 ) ;
#4247 = CARTESIAN_POINT ( 'NONE',  ( -4.299999999999996270, -3.099999999999989875, -12.03552606680114145 ) ) ;
#4248 = DIRECTION ( 'NONE',  ( 1.000000000000000000, -1.770863548392990641E-15, 0.000000000000000000 ) ) ;
#4249 = EDGE_CURVE ( 'NONE', #50, #3318, #2309, .T. ) ;
#4250 = DIRECTION ( 'NONE',  ( -0.000000000000000000, -0.000000000000000000, -1.000000000000000000 ) ) ;
#4251 = ORIENTED_EDGE ( 'NONE', *, *, #2055, .F. ) ;
#4252 = CARTESIAN_POINT ( 'NONE',  ( -17.50000000000000355, -3.999999999999989786, 4.300000000000001599 ) ) ;
#4253 = CIRCLE ( 'NONE', #3985, 100.0000000000000000 ) ;
#4254 = B_SPLINE_CURVE_WITH_KNOTS ( 'NONE', 3,
 ( #5260, #1403, #3112, #4836, #2692, #1575, #5456, #4496, #1116, #4576, #4050, #631, #4131, #179, #1488, #5038 ),
 .UNSPECIFIED., .F., .F.,
 ( 4, 2, 2, 2, 2, 2, 2, 4 ),
 ( 0.000000000000000000, 0.0006264208621484300497, 0.001252841724296862485, 0.001879262586445294919, 0.002505683448593728005, 0.003758525172890592007, 0.004384946035039027044, 0.005011366897187461214 ),
 .UNSPECIFIED. ) ;
#4255 = CARTESIAN_POINT ( 'NONE',  ( 7.700000000000005507, -3.439999999999990621, -11.12311728521710030 ) ) ;
#4256 = DIRECTION ( 'NONE',  ( -0.000000000000000000, -0.000000000000000000, 1.000000000000000000 ) ) ;
#4257 = EDGE_CURVE ( 'NONE', #3204, #5085, #5360, .T. ) ;
#4258 = VERTEX_POINT ( 'NONE', #4398 ) ;
#4259 = EDGE_CURVE ( 'NONE', #1188, #920, #2366, .T. ) ;
#4260 = LINE ( 'NONE', #393, #4948 ) ;
#4261 = ORIENTED_EDGE ( 'NONE', *, *, #4738, .F. ) ;
#4262 = CARTESIAN_POINT ( 'NONE',  ( 10.31325827994122513, 2.238214746679040523, -9.036390202491848100 ) ) ;
#4263 = DIRECTION ( 'NONE',  ( -0.000000000000000000, 0.000000000000000000, -1.000000000000000000 ) ) ;
#4264 = CARTESIAN_POINT ( 'NONE',  ( 4.500000000000002665, 3.264433555251688990, 7.499999999999996447 ) ) ;
#4265 = VERTEX_POINT ( 'NONE', #2260 ) ;
#4266 = CARTESIAN_POINT ( 'NONE',  ( 4.500000000000003553, -3.264433555251800900, -11.49999999999999112 ) ) ;
#4267 = ORIENTED_EDGE ( 'NONE', *, *, #3560, .F. ) ;
#4268 = ORIENTED_EDGE ( 'NONE', *, *, #3736, .T. ) ;
#4269 = CARTESIAN_POINT ( 'NONE',  ( 9.329687998084308376, -3.533125028461950645, -2.400000000000001243 ) ) ;
#4270 = DIRECTION ( 'NONE',  ( 1.000000000000000000, 0.000000000000000000, 0.000000000000000000 ) ) ;
#4271 = AXIS2_PLACEMENT_3D ( 'NONE', #63, #115, #3105 ) ;
#4272 = CARTESIAN_POINT ( 'NONE',  ( -10.01212797832275037, -0.4630387951764425303, 5.841317034392908170 ) ) ;
#4273 = ORIENTED_EDGE ( 'NONE', *, *, #1334, .F. ) ;
#4274 = CARTESIAN_POINT ( 'NONE',  ( 8.500000000000003553, -3.485714285714275995, -10.52047469765305365 ) ) ;
#4275 = CARTESIAN_POINT ( 'NONE',  ( -5.499999999999996447, 3.099999999999989875, 12.50013049999998138 ) ) ;
#4276 = LINE ( 'NONE', #17, #1495 ) ;
#4277 = DIRECTION ( 'NONE',  ( 0.000000000000000000, 0.000000000000000000, 1.000000000000000000 ) ) ;
#4278 = CARTESIAN_POINT ( 'NONE',  ( -7.405459357413315402, 3.369013092162968181, 8.500000000000001776 ) ) ;
#4279 = CIRCLE ( 'NONE', #1857, 1.000000000000000888 ) ;
#4280 = EDGE_LOOP ( 'NONE', ( #2315, #1687, #4232, #2648 ) ) ;
#4281 = AXIS2_PLACEMENT_3D ( 'NONE', #2590, #3940, #2170 ) ;
#4282 = FACE_OUTER_BOUND ( 'NONE', #1089, .T. ) ;
#4283 = EDGE_CURVE ( 'NONE', #4368, #3443, #2168, .T. ) ;
#4284 =( BOUNDED_CURVE ( )  B_SPLINE_CURVE ( 3, ( #483, #4919, #2211, #3936 ),
 .UNSPECIFIED., .F., .F. ) 
 B_SPLINE_CURVE_WITH_KNOTS ( ( 4, 4 ),
 ( 3.990832896056657919, 4.050112182571637298 ),
 .UNSPECIFIED. ) 
 CURVE ( )  GEOMETRIC_REPRESENTATION_ITEM ( )  RATIONAL_B_SPLINE_CURVE ( ( 1.000000000000000000, 0.9997071852868144592, 0.9997071852868144592, 1.000000000000000000 ) ) 
 REPRESENTATION_ITEM ( '' )  );
#4285 = CARTESIAN_POINT ( 'NONE',  ( 1.908195823574487804E-14, -103.1631322454748840, 7.500000000000000000 ) ) ;
#4286 = LINE ( 'NONE', #5055, #4472 ) ;
#4287 = ORIENTED_EDGE ( 'NONE', *, *, #978, .F. ) ;
#4288 = CARTESIAN_POINT ( 'NONE',  ( 10.73419197578783368, -3.613382398616387103, -9.107265770185868803 ) ) ;
#4289 = CIRCLE ( 'NONE', #5369, 1.000000000000000222 ) ;
#4290 = EDGE_LOOP ( 'NONE', ( #1428, #2579, #4345, #4814, #2551, #4391 ) ) ;
#4291 = B_SPLINE_CURVE_WITH_KNOTS ( 'NONE', 3,
 ( #5218, #3519, #1335, #1731 ),
 .UNSPECIFIED., .F., .F.,
 ( 4, 4 ),
 ( 0.001004540676670342102, 0.001022477307503752647 ),
 .UNSPECIFIED. ) ;
#4292 = CARTESIAN_POINT ( 'NONE',  ( 8.029883532769339638, 2.328968744494805954, -12.10710567697024587 ) ) ;
#4293 = EDGE_CURVE ( 'NONE', #1631, #2973, #4906, .T. ) ;
#4294 = EDGE_CURVE ( 'NONE', #2582, #3272, #990, .T. ) ;
#4295 = DIRECTION ( 'NONE',  ( 1.000000000000000000, 0.000000000000000000, 0.000000000000000000 ) ) ;
#4296 = ORIENTED_EDGE ( 'NONE', *, *, #799, .F. ) ;
#4297 = CARTESIAN_POINT ( 'NONE',  ( -4.299999999999996270, -3.099999999999989875, 12.50013049999998138 ) ) ;
#4298 = EDGE_LOOP ( 'NONE', ( #2064, #2012, #5073, #4876 ) ) ;
#4299 = ORIENTED_EDGE ( 'NONE', *, *, #3838, .F. ) ;
#4300 = B_SPLINE_CURVE_WITH_KNOTS ( 'NONE', 3,
 ( #2423, #2449, #5497, #2873, #2008, #5027 ),
 .UNSPECIFIED., .F., .F.,
 ( 4, 2, 4 ),
 ( 0.000000000000000000, 0.0009617256792014384440, 0.001923451358402876888 ),
 .UNSPECIFIED. ) ;
#4301 = CARTESIAN_POINT ( 'NONE',  ( 10.34123922525543193, -2.236547377092330979, -8.767584437556479315 ) ) ;
#4302 = CARTESIAN_POINT ( 'NONE',  ( 10.34123922525543371, 2.236547377092330091, -8.500000000000000000 ) ) ;
#4303 = CARTESIAN_POINT ( 'NONE',  ( -10.00532316365057994, -0.2825227755198514434, 5.500000000000000888 ) ) ;
#4304 = VERTEX_POINT ( 'NONE', #4449 ) ;
#4305 = SURFACE_SIDE_STYLE ('',( #1239 ) ) ;
#4306 = FACE_OUTER_BOUND ( 'NONE', #3146, .T. ) ;
#4307 = CARTESIAN_POINT ( 'NONE',  ( -5.499999999999996447, 3.099999999999989875, -12.11844615713757456 ) ) ;
#4308 = CARTESIAN_POINT ( 'NONE',  ( 17.50000000000000000, 5.817072295949927426E-15, 12.50000000000000000 ) ) ;
#4309 = CARTESIAN_POINT ( 'NONE',  ( -7.856181060717849718, 3.281750942857450504, 7.482358124455064541 ) ) ;
#4310 = AXIS2_PLACEMENT_3D ( 'NONE', #4797, #3073, #2330 ) ;
#4311 = VERTEX_POINT ( 'NONE', #551 ) ;
#4312 = AXIS2_PLACEMENT_3D ( 'NONE', #4993, #4141, #753 ) ;
#4313 = CARTESIAN_POINT ( 'NONE',  ( -8.299999999999998934, -3.099999999999989875, 7.474302974754222006 ) ) ;
#4314 = DIRECTION ( 'NONE',  ( 0.000000000000000000, 0.000000000000000000, -1.000000000000000000 ) ) ;
#4315 = ORIENTED_EDGE ( 'NONE', *, *, #2945, .T. ) ;
#4316 = CARTESIAN_POINT ( 'NONE',  ( -17.50000000000000000, -4.898587196589413026E-15, -12.50000000000000000 ) ) ;
#4317 = EDGE_CURVE ( 'NONE', #4833, #4660, #5253, .T. ) ;
#4318 = ORIENTED_EDGE ( 'NONE', *, *, #4513, .T. ) ;
#4319 = AXIS2_PLACEMENT_3D ( 'NONE', #150, #2748, #5259 ) ;
#4320 = DIRECTION ( 'NONE',  ( -0.05704979053851309823, -0.9983713344239766307, 0.000000000000000000 ) ) ;
#4321 = ORIENTED_EDGE ( 'NONE', *, *, #1219, .F. ) ;
#4322 = CARTESIAN_POINT ( 'NONE',  ( -17.50000000000000000, -4.898587196589413026E-15, -11.50000000000000000 ) ) ;
#4323 = EDGE_CURVE ( 'NONE', #4361, #3511, #4002, .T. ) ;
#4324 = EDGE_CURVE ( 'NONE', #2092, #3272, #1184, .T. ) ;
#4325 = EDGE_LOOP ( 'NONE', ( #3905, #4917, #2110, #219 ) ) ;
#4326 = CYLINDRICAL_SURFACE ( 'NONE', #2671, 0.9999999999999991118 ) ;
#4327 = FACE_OUTER_BOUND ( 'NONE', #2337, .T. ) ;
#4328 = EDGE_CURVE ( 'NONE', #5235, #3333, #2920, .T. ) ;
#4329 = CARTESIAN_POINT ( 'NONE',  ( -9.809887630509601664, -1.550154784663038798, 6.942539668400932840 ) ) ;
#4330 = ORIENTED_EDGE ( 'NONE', *, *, #3424, .T. ) ;
#4331 = CARTESIAN_POINT ( 'NONE',  ( 8.950419603010089986, -3.511452548743423829, -9.930263902040383783 ) ) ;
#4332 = DIRECTION ( 'NONE',  ( -1.000000000000000000, 0.000000000000000000, 0.000000000000000000 ) ) ;
#4333 = B_SPLINE_CURVE_WITH_KNOTS ( 'NONE', 3,
 ( #1481, #1084, #173, #1111 ),
 .UNSPECIFIED., .F., .F.,
 ( 4, 4 ),
 ( 0.001662961444596710485, 0.002048870166558198602 ),
 .UNSPECIFIED. ) ;
#4334 = CARTESIAN_POINT ( 'NONE',  ( -4.033367980545639497, 3.099999999999989875, 8.017473677528956344 ) ) ;
#4335 = LINE ( 'NONE', #467, #2041 ) ;
#4336 = FACE_OUTER_BOUND ( 'NONE', #5249, .T. ) ;
#4337 = ORIENTED_EDGE ( 'NONE', *, *, #2312, .F. ) ;
#4338 = CARTESIAN_POINT ( 'NONE',  ( 10.34123922525543016, -2.236547377092330091, -8.500000000000000000 ) ) ;
#4339 = CARTESIAN_POINT ( 'NONE',  ( 19.65000000000000213, -4.898587196589413026E-15, 12.50000000000000000 ) ) ;
#4340 = ORIENTED_EDGE ( 'NONE', *, *, #1365, .T. ) ;
#4341 = CARTESIAN_POINT ( 'NONE',  ( 10.20303436228140370, -2.244522177736437030, -9.562553980649072471 ) ) ;
#4342 = VERTEX_POINT ( 'NONE', #3298 ) ;
#4343 = CARTESIAN_POINT ( 'NONE',  ( 6.451556486147544511, 3.368660370636666013, -12.51695616842984471 ) ) ;
#4344 = DIRECTION ( 'NONE',  ( 1.000000000000000000, 0.000000000000000000, 0.000000000000000000 ) ) ;
#4345 = ORIENTED_EDGE ( 'NONE', *, *, #737, .F. ) ;
#4346 = CARTESIAN_POINT ( 'NONE',  ( -8.299999999999998934, -3.102803718586186754, 7.401151491951307726 ) ) ;
#4347 = ADVANCED_FACE ( 'NONE', ( #4590 ), #4648, .T. ) ;
#4348 = ORIENTED_EDGE ( 'NONE', *, *, #136, .F. ) ;
#4349 = PLANE ( 'NONE',  #2581 ) ;
#4350 = CARTESIAN_POINT ( 'NONE',  ( -9.329687998084310152, -3.533125028461950645, -12.50000000000000000 ) ) ;
#4351 = ORIENTED_EDGE ( 'NONE', *, *, #5209, .T. ) ;
#4352 = ORIENTED_EDGE ( 'NONE', *, *, #1533, .F. ) ;
#4353 = DIRECTION ( 'NONE',  ( 0.000000000000000000, 0.000000000000000000, 1.000000000000000000 ) ) ;
#4354 = EDGE_CURVE ( 'NONE', #4361, #1754, #2845, .T. ) ;
#4355 = EDGE_CURVE ( 'NONE', #20, #1737, #2504, .T. ) ;
#4356 = CARTESIAN_POINT ( 'NONE',  ( 5.700000000000003730, -3.099999999999989875, 8.132388084136415785 ) ) ;
#4357 = DIRECTION ( 'NONE',  ( 0.000000000000000000, 0.000000000000000000, -1.000000000000000000 ) ) ;
#4358 = VECTOR ( 'NONE', #3224, 1000.000000000000000 ) ;
#4359 = FACE_OUTER_BOUND ( 'NONE', #1151, .T. ) ;
#4360 = CARTESIAN_POINT ( 'NONE',  ( -8.525975802898379641, 3.001020006322076661, 8.307536769639989771 ) ) ;
#4361 = VERTEX_POINT ( 'NONE', #4227 ) ;
#4362 = AXIS2_PLACEMENT_3D ( 'NONE', #3805, #3862, #3438 ) ;
#4363 = DIRECTION ( 'NONE',  ( -1.000000000000000000, 0.000000000000000000, 0.000000000000000000 ) ) ;
#4364 = CARTESIAN_POINT ( 'NONE',  ( 6.243746235811390655, 2.355154176734465032, -12.50000000000000000 ) ) ;
#4365 = ORIENTED_EDGE ( 'NONE', *, *, #2458, .T. ) ;
#4366 = CARTESIAN_POINT ( 'NONE',  ( 9.329687998084310152, -3.533125028461950645, -8.499999999999992895 ) ) ;
#4367 = VECTOR ( 'NONE', #350, 1000.000000000000000 ) ;
#4368 = VERTEX_POINT ( 'NONE', #4196 ) ;
#4369 = CARTESIAN_POINT ( 'NONE',  ( 9.661430689360129165, 3.552081753677681419, -11.18626436761104159 ) ) ;
#4370 = CYLINDRICAL_SURFACE ( 'NONE', #893, 1.000000000000000222 ) ;
#4371 = ORIENTED_EDGE ( 'NONE', *, *, #3464, .T. ) ;
#4372 = DIRECTION ( 'NONE',  ( -0.000000000000000000, -0.000000000000000000, 1.000000000000000000 ) ) ;
#4373 = CIRCLE ( 'NONE', #1864, 7.500000000000003553 ) ;
#4374 = VECTOR ( 'NONE', #1644, 1000.000000000000000 ) ;
#4375 = TOROIDAL_SURFACE ( 'NONE', #58, 101.0000000000000000, 1.000000000000000000 ) ;
#4376 = CIRCLE ( 'NONE', #3933, 1.000000000000000888 ) ;
#4377 = ORIENTED_EDGE ( 'NONE', *, *, #2149, .T. ) ;
#4378 = DIRECTION ( 'NONE',  ( 0.000000000000000000, 0.000000000000000000, -1.000000000000000000 ) ) ;
#4379 = DIRECTION ( 'NONE',  ( -0.000000000000000000, -0.000000000000000000, -1.000000000000000000 ) ) ;
#4380 = ORIENTED_EDGE ( 'NONE', *, *, #4670, .F. ) ;
#4381 = EDGE_CURVE ( 'NONE', #2763, #2213, #2905, .T. ) ;
#4382 = ORIENTED_EDGE ( 'NONE', *, *, #3524, .T. ) ;
#4383 = CARTESIAN_POINT ( 'NONE',  ( -9.386737788622824041, -2.534753694037974014, -11.50000000000000000 ) ) ;
#4384 = CARTESIAN_POINT ( 'NONE',  ( -2.299999999999996270, 3.099999999999989875, 7.913645706202474983 ) ) ;
#4385 = CARTESIAN_POINT ( 'NONE',  ( 5.711928845092335116, -3.099999999999989875, -12.13321908520543957 ) ) ;
#4386 = DIRECTION ( 'NONE',  ( -0.9983713344239767418, 0.05704979053851286230, 0.000000000000000000 ) ) ;
#4387 = CARTESIAN_POINT ( 'NONE',  ( -4.299999999999996270, 3.099999999999989875, -12.03552606680114145 ) ) ;
#4388 = CARTESIAN_POINT ( 'NONE',  ( -9.370240511431186192, 2.252686872095347237, 6.899380121771225838 ) ) ;
#4389 = EDGE_CURVE ( 'NONE', #2756, #337, #4726, .T. ) ;
#4390 = EDGE_CURVE ( 'NONE', #4210, #2909, #3284, .T. ) ;
#4391 = ORIENTED_EDGE ( 'NONE', *, *, #2659, .F. ) ;
#4392 = FACE_OUTER_BOUND ( 'NONE', #4463, .T. ) ;
#4393 = CARTESIAN_POINT ( 'NONE',  ( 4.500000000000003553, 3.999999999999989786, 12.50013049999998138 ) ) ;
#4394 = CARTESIAN_POINT ( 'NONE',  ( -8.300000000000657963, -3.102803718585872339, 7.425553222932989250 ) ) ;
#4395 = VERTEX_POINT ( 'NONE', #674 ) ;
#4396 = CARTESIAN_POINT ( 'NONE',  ( 8.500000000000001776, 3.347819918997037902, 8.095669009661746074 ) ) ;
#4397 = ORIENTED_EDGE ( 'NONE', *, *, #1919, .T. ) ;
#4398 = CARTESIAN_POINT ( 'NONE',  ( 10.21165997501151246, -3.099999999999989875, -8.499999999999998224 ) ) ;
#4399 = ORIENTED_EDGE ( 'NONE', *, *, #1507, .T. ) ;
#4400 = CARTESIAN_POINT ( 'NONE',  ( -10.00532316365058172, -0.2825227755198513879, 5.500000000000000888 ) ) ;
#4401 = CIRCLE ( 'NONE', #438, 1.000000000000000222 ) ;
#4402 = B_SPLINE_CURVE_WITH_KNOTS ( 'NONE', 3,
 ( #40, #950, #3539, #181 ),
 .UNSPECIFIED., .F., .F.,
 ( 4, 4 ),
 ( 0.001281300800486182955, 0.002081189908937026555 ),
 .UNSPECIFIED. ) ;
#4403 = AXIS2_PLACEMENT_3D ( 'NONE', #295, #3742, #722 ) ;
#4404 = ORIENTED_EDGE ( 'NONE', *, *, #4170, .T. ) ;
#4405 = CARTESIAN_POINT ( 'NONE',  ( -5.499999999999994671, 3.314496801619173816, -12.50000000000000000 ) ) ;
#4406 = B_SPLINE_CURVE_WITH_KNOTS ( 'NONE', 3,
 ( #1924, #2307, #577, #1039, #4446, #4904, #529, #613 ),
 .UNSPECIFIED., .F., .F.,
 ( 4, 2, 2, 4 ),
 ( 5.444869856018720467E-15, 0.0002777911400427454094, 0.0005555822800800459555, 0.001111164560154650951 ),
 .UNSPECIFIED. ) ;
#4407 = DIRECTION ( 'NONE',  ( 0.000000000000000000, 0.000000000000000000, -1.000000000000000000 ) ) ;
#4408 = ORIENTED_EDGE ( 'NONE', *, *, #2633, .F. ) ;
#4409 = CARTESIAN_POINT ( 'NONE',  ( -17.50000000000000000, -4.898587196589413026E-15, 4.299999999999999822 ) ) ;
#4410 = DIRECTION ( 'NONE',  ( 0.000000000000000000, 0.000000000000000000, -1.000000000000000000 ) ) ;
#4411 = ADVANCED_FACE ( 'NONE', ( #1158 ), #5051, .T. ) ;
#4412 = CARTESIAN_POINT ( 'NONE',  ( 14.68042337161096889, 2.837250013065867549, 8.500000000000000000 ) ) ;
#4413 = CARTESIAN_POINT ( 'NONE',  ( 2.233394525913775741, 3.099999999999989875, 7.909820838116896624 ) ) ;
#4414 = CARTESIAN_POINT ( 'NONE',  ( -7.007452429110811565, -0.3955318857277900224, 7.500000000000000888 ) ) ;
#4415 = CARTESIAN_POINT ( 'NONE',  ( -9.809807397821572295, 1.512849363273589764, 6.397035766755828412 ) ) ;
#4416 = ORIENTED_EDGE ( 'NONE', *, *, #1887, .F. ) ;
#4417 = DIRECTION ( 'NONE',  ( -0.000000000000000000, -0.000000000000000000, -1.000000000000000000 ) ) ;
#4418 = EDGE_CURVE ( 'NONE', #193, #759, #3353, .T. ) ;
#4419 = CARTESIAN_POINT ( 'NONE',  ( -6.299999999999996270, 3.999999999999989786, 12.50013049999998138 ) ) ;
#4420 = CARTESIAN_POINT ( 'NONE',  ( -3.499999999999995115, 3.224401014785355457, 7.499999999999996447 ) ) ;
#4421 = LINE ( 'NONE', #1868, #833 ) ;
#4422 = ORIENTED_EDGE ( 'NONE', *, *, #846, .F. ) ;
#4423 = CARTESIAN_POINT ( 'NONE',  ( 5.700000000000003730, 3.099999999999989875, 8.132388084136627171 ) ) ;
#4424 = VERTEX_POINT ( 'NONE', #334 ) ;
#4425 = DIRECTION ( 'NONE',  ( 0.000000000000000000, 0.000000000000000000, 1.000000000000000000 ) ) ;
#4426 = EDGE_CURVE ( 'NONE', #2441, #2456, #5440, .T. ) ;
#4427 = ORIENTED_EDGE ( 'NONE', *, *, #4354, .T. ) ;
#4428 = EDGE_CURVE ( 'NONE', #1332, #2793, #2370, .T. ) ;
#4429 = DIRECTION ( 'NONE',  ( -0.000000000000000000, -0.000000000000000000, -1.000000000000000000 ) ) ;
#4430 =( BOUNDED_CURVE ( )  B_SPLINE_CURVE ( 3, ( #3274, #5001, #3728, #5446 ),
 .UNSPECIFIED., .F., .F. ) 
 B_SPLINE_CURVE_WITH_KNOTS ( ( 4, 4 ),
 ( 2.247624926882691110, 3.141592653589793116 ),
 .UNSPECIFIED. ) 
 CURVE ( )  GEOMETRIC_REPRESENTATION_ITEM ( )  RATIONAL_B_SPLINE_CURVE ( ( 1.000000000000000000, 0.9345032800895154423, 0.9345032800895154423, 1.000000000000000000 ) ) 
 REPRESENTATION_ITEM ( '' )  );
#4431 = DIRECTION ( 'NONE',  ( 0.000000000000000000, -0.000000000000000000, -1.000000000000000000 ) ) ;
#4432 = EDGE_LOOP ( 'NONE', ( #444, #1774, #209, #3357 ) ) ;
#4433 = CARTESIAN_POINT ( 'NONE',  ( 0.000000000000000000, -2.999999999999991118, -12.50000000000000000 ) ) ;
#4434 = ORIENTED_EDGE ( 'NONE', *, *, #3880, .F. ) ;
#4435 = ORIENTED_EDGE ( 'NONE', *, *, #1185, .T. ) ;
#4436 = CARTESIAN_POINT ( 'NONE',  ( -10.34123922525543726, 2.236547377092330091, -10.59999999999999964 ) ) ;
#4437 = CARTESIAN_POINT ( 'NONE',  ( -3.499999999999995115, 3.224401014785355457, -12.50000000000000000 ) ) ;
#4438 = CARTESIAN_POINT ( 'NONE',  ( 5.700000000000003730, -3.325714410276420896, -11.50000000000000000 ) ) ;
#4439 = CARTESIAN_POINT ( 'NONE',  ( -8.945520006679975822, 1.745150287387457588, 7.924783862069989304 ) ) ;
#4440 = ORIENTED_EDGE ( 'NONE', *, *, #4211, .T. ) ;
#4441 = ADVANCED_FACE ( 'NONE', ( #1589 ), #2394, .T. ) ;
#4442 =( NAMED_UNIT ( * ) SI_UNIT ( $, .STERADIAN. ) SOLID_ANGLE_UNIT ( ) );
#4443 = CARTESIAN_POINT ( 'NONE',  ( -1.499999999999995781, -3.174382878358583682, 7.499999999999996447 ) ) ;
#4444 = DIRECTION ( 'NONE',  ( 0.9983713344239767418, -0.05704979053851286230, 0.000000000000000000 ) ) ;
#4445 = ORIENTED_EDGE ( 'NONE', *, *, #4669, .F. ) ;
#4446 = CARTESIAN_POINT ( 'NONE',  ( -8.075056378592147865, -3.099999999999990319, 7.873726153908756409 ) ) ;
#4447 = ORIENTED_EDGE ( 'NONE', *, *, #2158, .F. ) ;
#4448 = ADVANCED_FACE ( 'NONE', ( #5416 ), #1560, .F. ) ;
#4449 = CARTESIAN_POINT ( 'NONE',  ( 7.700000000000005507, -3.439999999999990621, -11.12311728521710030 ) ) ;
#4450 = ORIENTED_EDGE ( 'NONE', *, *, #1670, .T. ) ;
#4451 = CARTESIAN_POINT ( 'NONE',  ( 17.32922228850434010, -2.988609951174060253, -11.50000000000000000 ) ) ;
#4452 = AXIS2_PLACEMENT_3D ( 'NONE', #2450, #5138, #5555 ) ;
#4453 = EDGE_CURVE ( 'NONE', #5085, #2620, #704, .T. ) ;
#4454 = EDGE_CURVE ( 'NONE', #4210, #4516, #2112, .T. ) ;
#4455 = VECTOR ( 'NONE', #4386, 999.9999999999998863 ) ;
#4456 = DIRECTION ( 'NONE',  ( 0.000000000000000000, -1.000000000000000000, 0.000000000000000000 ) ) ;
#4457 = DIRECTION ( 'NONE',  ( 0.000000000000000000, 1.000000000000000000, 0.000000000000000000 ) ) ;
#4458 = CIRCLE ( 'NONE', #953, 1.000000000000000888 ) ;
#4459 = EDGE_LOOP ( 'NONE', ( #1903, #780, #1997, #265, #2238 ) ) ;
#4460 = CARTESIAN_POINT ( 'NONE',  ( 9.999999999999998224, -4.898587196589413026E-15, -2.400000000000001243 ) ) ;
#4461 =( BOUNDED_SURFACE ( )  B_SPLINE_SURFACE ( 3, 2, ( 
 ( #3321, #1152, #3292 ),
 ( #5046, #5436, #2386 ),
 ( #1124, #3207, #1098 ),
 ( #751, #2814, #3694 ),
 ( #4108, #1180, #2003 ),
 ( #2890, #3719, #2468 ),
 ( #4190, #1582, #4932 ),
 ( #242, #1974, #2789 ),
 ( #5411, #2839, #4555 ),
 ( #697, #2415, #5194 ),
 ( #3442, #79, #3868 ),
 ( #2116, #3013, #23 ),
 ( #51, #929, #3385 ),
 ( #4769, #5110, #450 ),
 ( #4341, #2624, #1793 ),
 ( #1759, #4288, #1250 ),
 ( #2988, #3469, #1705 ),
 ( #2959, #2201, #4366 ) ),
 .UNSPECIFIED., .F., .F., .F. ) 
 B_SPLINE_SURFACE_WITH_KNOTS ( ( 4, 2, 2, 2, 2, 2, 2, 2, 4 ),
 ( 3, 3 ),
 ( 0.009836939207837729071, 0.01043681710067660522, 0.01103669499351548136, 0.01163657288635435751, 0.01223645077919323365, 0.01283632867203210980, 0.01343620656487098594, 0.01403608445770986209, 0.01463596235054873823 ),
 ( 0.000000000000000000, 1.000000000000000000 ),
 .UNSPECIFIED. ) 
 GEOMETRIC_REPRESENTATION_ITEM ( )  RATIONAL_B_SPLINE_SURFACE ( (
 ( 1.000000000000000000, 0.7071067811865469066, 1.000000000000000000),
 ( 1.000000000000000000, 0.7010959986164659874, 1.000000000000000000),
 ( 1.000000000000000000, 0.6948091810297261084, 1.000000000000000000),
 ( 1.000000000000000000, 0.6815958643356638813, 1.000000000000000000),
 ( 1.000000000000000000, 0.6746056868864753753, 1.000000000000000000),
 ( 1.000000000000000000, 0.6602075974315821938, 1.000000000000000000),
 ( 1.000000000000000000, 0.6528829123301782555, 1.000000000000000000),
 ( 1.000000000000000000, 0.6380713649038747270, 1.000000000000000000),
 ( 1.000000000000000000, 0.6305009971065144159, 1.000000000000000000),
 ( 1.000000000000000000, 0.6159693290826496748, 1.000000000000000000),
 ( 1.000000000000000000, 0.6089840723344212003, 1.000000000000000000),
 ( 1.000000000000000000, 0.5959958715822036845, 1.000000000000000000),
 ( 1.000000000000000000, 0.5899789823941995470, 1.000000000000000000),
 ( 1.000000000000000000, 0.5800512383335424405, 1.000000000000000000),
 ( 1.000000000000000000, 0.5760584809791704508, 1.000000000000000000),
 ( 1.000000000000000000, 0.5705588689899663279, 1.000000000000000000),
 ( 1.000000000000000000, 0.5691148376846036916, 1.000000000000000000),
 ( 1.000000000000000000, 0.5691332244688928066, 1.000000000000000000) ) ) 
 REPRESENTATION_ITEM ( '' )  SURFACE ( )  );
#4462 = CARTESIAN_POINT ( 'NONE',  ( 0.5000000000000038858, 3.099999999999989875, -11.85301264434293955 ) ) ;
#4463 = EDGE_LOOP ( 'NONE', ( #401, #392, #901, #1454 ) ) ;
#4464 = AXIS2_PLACEMENT_3D ( 'NONE', #3967, #3489, #4760 ) ;
#4465 = ORIENTED_EDGE ( 'NONE', *, *, #1782, .F. ) ;
#4466 = CARTESIAN_POINT ( 'NONE',  ( -19.65000000000000213, -4.635288134772731511E-15, -12.50000000000000000 ) ) ;
#4467 = VECTOR ( 'NONE', #2966, 1000.000000000000000 ) ;
#4468 = ORIENTED_EDGE ( 'NONE', *, *, #5216, .F. ) ;
#4469 = CARTESIAN_POINT ( 'NONE',  ( -5.499999999999996447, 3.314496801619178257, -11.72147237315897605 ) ) ;
#4470 = LINE ( 'NONE', #567, #5539 ) ;
#4471 = CYLINDRICAL_SURFACE ( 'NONE', #3202, 7.500000000000003553 ) ;
#4472 = VECTOR ( 'NONE', #817, 999.9999999999998863 ) ;
#4473 = CARTESIAN_POINT ( 'NONE',  ( -8.437612674891274978, 2.020205127411023760, 8.245026092555370667 ) ) ;
#4474 = ORIENTED_EDGE ( 'NONE', *, *, #730, .F. ) ;
#4475 = CARTESIAN_POINT ( 'NONE',  ( 4.500000000000003553, -3.264433555251800900, -11.49999999999999112 ) ) ;
#4476 = CARTESIAN_POINT ( 'NONE',  ( 2.500000000000003109, -3.194387129813860859, 7.499999999999996447 ) ) ;
#4477 = CARTESIAN_POINT ( 'NONE',  ( 8.500000000000003553, -3.485714285714275995, 7.499999999999992895 ) ) ;
#4478 = CARTESIAN_POINT ( 'NONE',  ( 5.717893271170003011, -3.099999999999989875, -12.13363453504173783 ) ) ;
#4479 = ORIENTED_EDGE ( 'NONE', *, *, #671, .T. ) ;
#4480 = PLANE ( 'NONE',  #1166 ) ;
#4481 = EDGE_LOOP ( 'NONE', ( #1422, #1120, #938 ) ) ;
#4482 = DIRECTION ( 'NONE',  ( 1.000000000000000000, 0.000000000000000000, 0.000000000000000000 ) ) ;
#4483 = ORIENTED_EDGE ( 'NONE', *, *, #4877, .T. ) ;
#4484 = DIRECTION ( 'NONE',  ( -0.000000000000000000, -0.000000000000000000, -1.000000000000000000 ) ) ;
#4485 = EDGE_CURVE ( 'NONE', #503, #887, #4584, .T. ) ;
#4486 = VECTOR ( 'NONE', #932, 1000.000000000000000 ) ;
#4487 = CARTESIAN_POINT ( 'NONE',  ( -8.075056378584411831, 3.099999999999989431, 7.873726153915792558 ) ) ;
#4488 = CARTESIAN_POINT ( 'NONE',  ( -7.500000000000007105, 3.354821815831150911, 7.498990699995963460 ) ) ;
#4489 = ORIENTED_EDGE ( 'NONE', *, *, #5463, .T. ) ;
#4490 = CARTESIAN_POINT ( 'NONE',  ( -8.299999999999998934, -3.999999999999989786, 12.50013049999998138 ) ) ;
#4491 = EDGE_CURVE ( 'NONE', #1901, #3164, #2560, .T. ) ;
#4492 = LINE ( 'NONE', #1518, #4358 ) ;
#4493 = ORIENTED_EDGE ( 'NONE', *, *, #1911, .F. ) ;
#4494 = AXIS2_PLACEMENT_3D ( 'NONE', #2109, #19, #3889 ) ;
#4495 = CARTESIAN_POINT ( 'NONE',  ( 17.50000000000000000, -4.898587196589413026E-15, -2.400000000000001243 ) ) ;
#4496 = CARTESIAN_POINT ( 'NONE',  ( -9.069985897735202585, 1.666494120369781395, 7.824439277188042219 ) ) ;
#4497 = ADVANCED_FACE ( 'NONE', ( #4282 ), #3381, .F. ) ;
#4498 = CARTESIAN_POINT ( 'NONE',  ( -5.499999999999996447, -3.099999999999989875, 8.118446157135696950 ) ) ;
#4499 = CARTESIAN_POINT ( 'NONE',  ( 6.229289335831412089, -3.099999999999989875, 8.168050987964514675 ) ) ;
#4500 = CARTESIAN_POINT ( 'NONE',  ( -1.499999999999995781, 3.174382878358583682, 7.499999999999996447 ) ) ;
#4501 = ORIENTED_EDGE ( 'NONE', *, *, #1371, .T. ) ;
#4502 = CARTESIAN_POINT ( 'NONE',  ( 2.500000000000003997, -3.099999999999989875, 7.924042387783940988 ) ) ;
#4503 = CARTESIAN_POINT ( 'NONE',  ( -4.299999999999996270, -3.099999999999989875, 8.035526066800859013 ) ) ;
#4504 = DIRECTION ( 'NONE',  ( -0.000000000000000000, 0.000000000000000000, -1.000000000000000000 ) ) ;
#4505 = FACE_OUTER_BOUND ( 'NONE', #109, .T. ) ;
#4506 = CARTESIAN_POINT ( 'NONE',  ( 9.386737788622822265, -2.534753694037973570, -8.500000000000000000 ) ) ;
#4507 = CARTESIAN_POINT ( 'NONE',  ( -17.50000000000000355, -4.000000000000000000, -10.60000000000000142 ) ) ;
#4508 = VERTEX_POINT ( 'NONE', #5550 ) ;
#4509 = DIRECTION ( 'NONE',  ( -1.000000000000000000, 0.000000000000000000, 0.000000000000000000 ) ) ;
#4510 = ORIENTED_EDGE ( 'NONE', *, *, #671, .F. ) ;
#4511 = DIRECTION ( 'NONE',  ( 1.000000000000000000, 0.000000000000000000, 0.000000000000000000 ) ) ;
#4512 = ORIENTED_EDGE ( 'NONE', *, *, #2725, .T. ) ;
#4513 = EDGE_CURVE ( 'NONE', #454, #3508, #1278, .T. ) ;
#4514 = CARTESIAN_POINT ( 'NONE',  ( 14.68042337161095645, -2.837250013065867105, 8.500000000000000000 ) ) ;
#4515 = DIRECTION ( 'NONE',  ( -1.000000000000000000, 0.000000000000000000, 0.000000000000000000 ) ) ;
#4516 = VERTEX_POINT ( 'NONE', #2144 ) ;
#4517 = DIRECTION ( 'NONE',  ( -0.9983713344239767418, 0.05704979053851286230, -0.000000000000000000 ) ) ;
#4518 = PLANE ( 'NONE',  #1485 ) ;
#4519 = B_SPLINE_CURVE_WITH_KNOTS ( 'NONE', 3,
 ( #3852, #5572, #1721, #4243 ),
 .UNSPECIFIED., .F., .F.,
 ( 4, 4 ),
 ( 0.001211453346482433378, 0.001712667560243632051 ),
 .UNSPECIFIED. ) ;
#4520 = ORIENTED_EDGE ( 'NONE', *, *, #937, .F. ) ;
#4521 = EDGE_CURVE ( 'NONE', #2001, #5161, #1714, .T. ) ;
#4522 = CARTESIAN_POINT ( 'NONE',  ( -7.499999999999998224, -3.428571428571419055, -11.50000000000000000 ) ) ;
#4523 = CARTESIAN_POINT ( 'NONE',  ( 7.960077770330046043, 3.099999999999989875, 8.263833057587678610 ) ) ;
#4524 = CARTESIAN_POINT ( 'NONE',  ( -6.299999999999996270, -3.099999999999989875, -12.17214069224669259 ) ) ;
#4525 = CARTESIAN_POINT ( 'NONE',  ( 4.500000000000003553, 3.264433555251695207, -11.69392814187950869 ) ) ;
#4526 = CARTESIAN_POINT ( 'NONE',  ( -8.003606448024807918, -3.243874270723618114, 8.470481340525010339 ) ) ;
#4527 = ORIENTED_EDGE ( 'NONE', *, *, #3386, .F. ) ;
#4528 = EDGE_CURVE ( 'NONE', #724, #117, #4004, .T. ) ;
#4529 = DIRECTION ( 'NONE',  ( 0.000000000000000000, -1.000000000000000000, 0.000000000000000000 ) ) ;
#4530 = EDGE_CURVE ( 'NONE', #3002, #4833, #245, .T. ) ;
#4531 = CARTESIAN_POINT ( 'NONE',  ( -3.499999999999996003, -3.099999999999989875, 7.982900717098746490 ) ) ;
#4532 = CARTESIAN_POINT ( 'NONE',  ( 0.000000000000000000, 2.999999999999991118, -12.50000000000000000 ) ) ;
#4533 = ORIENTED_EDGE ( 'NONE', *, *, #5425, .T. ) ;
#4534 = CARTESIAN_POINT ( 'NONE',  ( 17.55686396047857301, -0.9951193083750392576, -11.50000000000000000 ) ) ;
#4535 = ORIENTED_EDGE ( 'NONE', *, *, #848, .T. ) ;
#4536 = LINE ( 'NONE', #2341, #42 ) ;
#4537 = ORIENTED_EDGE ( 'NONE', *, *, #4877, .F. ) ;
#4538 = AXIS2_PLACEMENT_3D ( 'NONE', #5268, #608, #4027 ) ;
#4539 = CARTESIAN_POINT ( 'NONE',  ( 9.700000000000004619, 3.099999999999989875, 8.337489012056277460 ) ) ;
#4540 = DIRECTION ( 'NONE',  ( 1.000000000000000000, 0.000000000000000000, 0.000000000000000000 ) ) ;
#4541 = VERTEX_POINT ( 'NONE', #5163 ) ;
#4542 = CARTESIAN_POINT ( 'NONE',  ( 6.201183617339072640, -3.099999999999989875, -12.16587770879695363 ) ) ;
#4543 = DIRECTION ( 'NONE',  ( 0.000000000000000000, 0.000000000000000000, 1.000000000000000000 ) ) ;
#4544 = EDGE_LOOP ( 'NONE', ( #4043, #3707, #3049, #1020 ) ) ;
#4545 = ORIENTED_EDGE ( 'NONE', *, *, #3622, .T. ) ;
#4546 = CARTESIAN_POINT ( 'NONE',  ( 10.50000000000000355, -3.599999999999990319, -12.50000000000000000 ) ) ;
#4547 = CARTESIAN_POINT ( 'NONE',  ( 9.700000000000116529, -3.193335445431646047, -10.20623383067942669 ) ) ;
#4548 = CARTESIAN_POINT ( 'NONE',  ( 6.500000000000004441, -3.273875110706217839, -11.98691236880351241 ) ) ;
#4549 = EDGE_CURVE ( 'NONE', #3090, #4424, #148, .T. ) ;
#4550 = CIRCLE ( 'NONE', #5099, 1.000000000000000888 ) ;
#4551 = CARTESIAN_POINT ( 'NONE',  ( -7.499999999999998224, -3.428571428571419055, -11.50000000000000000 ) ) ;
#4552 = AXIS2_PLACEMENT_3D ( 'NONE', #2155, #3875, #3422 ) ;
#4553 = ORIENTED_EDGE ( 'NONE', *, *, #5118, .T. ) ;
#4554 = DIRECTION ( 'NONE',  ( 0.1326689761008336965, -0.9911604021450597379, 0.000000000000000000 ) ) ;
#4555 = CARTESIAN_POINT ( 'NONE',  ( 8.231147452244396590, -3.470351282985384866, -10.77753414226113193 ) ) ;
#4556 = AXIS2_PLACEMENT_3D ( 'NONE', #3066, #5189, #3439 ) ;
#4557 = AXIS2_PLACEMENT_3D ( 'NONE', #2199, #4848, #984 ) ;
#4558 = CARTESIAN_POINT ( 'NONE',  ( 2.500000000000003997, -3.999999999999989786, 12.50013049999998138 ) ) ;
#4559 = EDGE_CURVE ( 'NONE', #3959, #57, #4815, .T. ) ;
#4560 = EDGE_CURVE ( 'NONE', #4153, #85, #1973, .T. ) ;
#4561 = DIRECTION ( 'NONE',  ( -0.9983713344239767418, 0.05704979053851286230, -0.000000000000000000 ) ) ;
#4562 = ORIENTED_EDGE ( 'NONE', *, *, #345, .T. ) ;
#4563 = DIRECTION ( 'NONE',  ( -0.9983713344239767418, 0.05704979053851286230, 0.000000000000000000 ) ) ;
#4564 = DIRECTION ( 'NONE',  ( -1.000000000000000000, -1.734723475976808672E-15, 0.000000000000000000 ) ) ;
#4565 = CARTESIAN_POINT ( 'NONE',  ( 8.500000000000003553, -3.485714285714275551, -10.71261501496355528 ) ) ;
#4566 = EDGE_CURVE ( 'NONE', #4994, #5531, #1588, .T. ) ;
#4567 = ORIENTED_EDGE ( 'NONE', *, *, #3704, .F. ) ;
#4568 = ORIENTED_EDGE ( 'NONE', *, *, #1513, .T. ) ;
#4569 = DIRECTION ( 'NONE',  ( -0.000000000000000000, -0.000000000000000000, -1.000000000000000000 ) ) ;
#4570 = CARTESIAN_POINT ( 'NONE',  ( 1.700000000000003064, 3.177583289638269193, 7.499999999999996447 ) ) ;
#4571 = ORIENTED_EDGE ( 'NONE', *, *, #1049, .T. ) ;
#4572 = LINE ( 'NONE', #1570, #5461 ) ;
#4573 = VECTOR ( 'NONE', #649, 1000.000000000000000 ) ;
#4574 = ORIENTED_EDGE ( 'NONE', *, *, #4696, .T. ) ;
#4575 = CIRCLE ( 'NONE', #616, 1.000000000000000000 ) ;
#4576 = CARTESIAN_POINT ( 'NONE',  ( -9.557888220354499254, 1.275927053990920435, 7.264861890516817411 ) ) ;
#4577 = CARTESIAN_POINT ( 'NONE',  ( 0.000000000000000000, -2.999999999999991118, -12.50000000000000000 ) ) ;
#4578 = CARTESIAN_POINT ( 'NONE',  ( -6.299999999999996270, 3.099999999999989875, 8.172140692246692595 ) ) ;
#4579 = DIRECTION ( 'NONE',  ( 1.000000000000000000, 0.000000000000000000, 0.000000000000000000 ) ) ;
#4580 = AXIS2_PLACEMENT_3D ( 'NONE', #488, #118, #5318 ) ;
#4581 = ORIENTED_EDGE ( 'NONE', *, *, #1648, .F. ) ;
#4582 = CARTESIAN_POINT ( 'NONE',  ( 2.500000000000003997, -3.161734292507705213, 7.792235404565582613 ) ) ;
#4583 = EDGE_CURVE ( 'NONE', #5044, #554, #1982, .T. ) ;
#4584 = B_SPLINE_CURVE_WITH_KNOTS ( 'NONE', 3,
 ( #4706, #842, #5104, #5582 ),
 .UNSPECIFIED., .F., .F.,
 ( 4, 4 ),
 ( 0.001204029357543512499, 0.001719878300941512800 ),
 .UNSPECIFIED. ) ;
#4585 = DIRECTION ( 'NONE',  ( -0.9983713344239766307, -0.05704979053851310516, -0.000000000000000000 ) ) ;
#4586 = VECTOR ( 'NONE', #960, 999.9999999999998863 ) ;
#4587 = CARTESIAN_POINT ( 'NONE',  ( 6.201183617338857701, 3.099999999999989875, -12.16587770879693942 ) ) ;
#4588 = CARTESIAN_POINT ( 'NONE',  ( 8.500000000000001776, 3.334960578401305220, -11.26539519003089573 ) ) ;
#4589 = VERTEX_POINT ( 'NONE', #725 ) ;
#4590 = FACE_OUTER_BOUND ( 'NONE', #432, .T. ) ;
#4591 = ADVANCED_FACE ( 'NONE', ( #2413 ), #3289, .T. ) ;
#4592 = CARTESIAN_POINT ( 'NONE',  ( -2.299999999999996270, -3.158685065129349656, 7.784513456046942892 ) ) ;
#4593 = CARTESIAN_POINT ( 'NONE',  ( 7.700000000000003730, -3.319534746108215639, 8.057941235216881992 ) ) ;
#4594 = ORIENTED_EDGE ( 'NONE', *, *, #2734, .T. ) ;
#4595 = VERTEX_POINT ( 'NONE', #2889 ) ;
#4596 = ADVANCED_FACE ( 'NONE', ( #3633 ), #2380, .T. ) ;
#4597 = EDGE_CURVE ( 'NONE', #4265, #5488, #5267, .T. ) ;
#4598 = B_SPLINE_CURVE_WITH_KNOTS ( 'NONE', 3,
 ( #4067, #4949, #2433, #4542 ),
 .UNSPECIFIED., .F., .F.,
 ( 4, 4 ),
 ( 0.000000000000000000, 0.0002989034854348900875 ),
 .UNSPECIFIED. ) ;
#4599 = DIRECTION ( 'NONE',  ( -0.000000000000000000, -0.000000000000000000, 1.000000000000000000 ) ) ;
#4600 = ORIENTED_EDGE ( 'NONE', *, *, #3866, .F. ) ;
#4601 = CARTESIAN_POINT ( 'NONE',  ( -0.2999999999999964362, 3.163582246487378402, 7.620096008375296215 ) ) ;
#4602 = ORIENTED_EDGE ( 'NONE', *, *, #2083, .F. ) ;
#4603 = B_SPLINE_CURVE_WITH_KNOTS ( 'NONE', 3,
 ( #5021, #2529, #5048, #4587 ),
 .UNSPECIFIED., .F., .F.,
 ( 4, 4 ),
 ( 0.000000000000000000, 0.0002989034854351054643 ),
 .UNSPECIFIED. ) ;
#4604 = ORIENTED_EDGE ( 'NONE', *, *, #670, .T. ) ;
#4605 = CARTESIAN_POINT ( 'NONE',  ( 1.821459649775647449E-14, 103.1631322454748840, 7.500000000000000000 ) ) ;
#4606 = CARTESIAN_POINT ( 'NONE',  ( 6.500000000000004441, 3.371428571428562115, 7.499999999999992895 ) ) ;
#4607 = FACE_OUTER_BOUND ( 'NONE', #4697, .T. ) ;
#4608 = CARTESIAN_POINT ( 'NONE',  ( -8.705960764306496458, -1.885792283342293540, 8.096702154764571446 ) ) ;
#4609 =( BOUNDED_CURVE ( )  B_SPLINE_CURVE ( 3, ( #2773, #1963, #1082, #3159 ),
 .UNSPECIFIED., .F., .F. ) 
 B_SPLINE_CURVE_WITH_KNOTS ( ( 4, 4 ),
 ( 5.546089126871004638, 6.283185307179586232 ),
 .UNSPECIFIED. ) 
 CURVE ( )  GEOMETRIC_REPRESENTATION_ITEM ( )  RATIONAL_B_SPLINE_CURVE ( ( 1.000000000000000000, 0.9552342638233850547, 0.9552342638233850547, 1.000000000000000000 ) ) 
 REPRESENTATION_ITEM ( '' )  );
#4610 = ORIENTED_EDGE ( 'NONE', *, *, #3493, .T. ) ;
#4611 = CARTESIAN_POINT ( 'NONE',  ( 2.500000000000003997, -3.194387129813852866, 7.647183999800191145 ) ) ;
#4612 = DIRECTION ( 'NONE',  ( 0.000000000000000000, 0.000000000000000000, 1.000000000000000000 ) ) ;
#4613 = DIRECTION ( 'NONE',  ( 1.000000000000000000, 0.000000000000000000, 0.000000000000000000 ) ) ;
#4614 = CARTESIAN_POINT ( 'NONE',  ( 2.500000000000003997, 3.099999999999989875, 12.50013049999998138 ) ) ;
#4615 = ADVANCED_FACE ( 'NONE', ( #636 ), #2442, .T. ) ;
#4616 = ORIENTED_EDGE ( 'NONE', *, *, #4869, .T. ) ;
#4617 = DIRECTION ( 'NONE',  ( -0.000000000000000000, 1.000000000000000000, 0.000000000000000000 ) ) ;
#4618 = CYLINDRICAL_SURFACE ( 'NONE', #1419, 1.000000000000000222 ) ;
#4619 = CARTESIAN_POINT ( 'NONE',  ( -8.300000000000656186, 3.102803718585873227, 7.401151491951153183 ) ) ;
#4620 = ORIENTED_EDGE ( 'NONE', *, *, #1636, .F. ) ;
#4621 = EDGE_CURVE ( 'NONE', #3341, #3020, #5410, .T. ) ;
#4622 = ORIENTED_EDGE ( 'NONE', *, *, #3915, .F. ) ;
#4623 = B_SPLINE_CURVE_WITH_KNOTS ( 'NONE', 3,
 ( #3945, #4394, #5242, #4313 ),
 .UNSPECIFIED., .F., .F.,
 ( 4, 4 ),
 ( 1.432256923040477634E-16, 7.320519294555974496E-05 ),
 .UNSPECIFIED. ) ;
#4624 = CARTESIAN_POINT ( 'NONE',  ( 10.50000000000000355, -3.099999999999989875, 8.365554737768846394 ) ) ;
#4625 = LINE ( 'NONE', #3788, #5214 ) ;
#4626 = VERTEX_POINT ( 'NONE', #4078 ) ;
#4627 = VECTOR ( 'NONE', #638, 1000.000000000000000 ) ;
#4628 = CARTESIAN_POINT ( 'NONE',  ( 4.500000000000003553, 3.099999999999989875, 8.049136394081312318 ) ) ;
#4629 = ADVANCED_FACE ( 'NONE', ( #297 ), #5351, .T. ) ;
#4630 = EDGE_CURVE ( 'NONE', #5313, #4516, #2292, .T. ) ;
#4631 = ORIENTED_EDGE ( 'NONE', *, *, #1271, .F. ) ;
#4632 = VECTOR ( 'NONE', #4617, 1000.000000000000000 ) ;
#4633 = ORIENTED_EDGE ( 'NONE', *, *, #2859, .T. ) ;
#4634 = CARTESIAN_POINT ( 'NONE',  ( 3.700000000000003730, -3.231605688536892451, -11.50000000000000000 ) ) ;
#4635 = DIRECTION ( 'NONE',  ( -0.000000000000000000, -0.000000000000000000, -1.000000000000000000 ) ) ;
#4636 = AXIS2_PLACEMENT_3D ( 'NONE', #3597, #5238, #949 ) ;
#4637 = CARTESIAN_POINT ( 'NONE',  ( -0.2999999999999964362, 3.099999999999989875, -11.85088638530112171 ) ) ;
#4638 = CARTESIAN_POINT ( 'NONE',  ( -9.288172810527063561, -1.503921296575267075, 7.599070187510610808 ) ) ;
#4639 = ORIENTED_EDGE ( 'NONE', *, *, #708, .F. ) ;
#4640 = DIRECTION ( 'NONE',  ( 0.9983713344239767418, -0.05704979053851286230, 0.000000000000000000 ) ) ;
#4641 = AXIS2_PLACEMENT_3D ( 'NONE', #1779, #3488, #3034 ) ;
#4642 = DIRECTION ( 'NONE',  ( -0.000000000000000000, -0.000000000000000000, 1.000000000000000000 ) ) ;
#4643 = AXIS2_PLACEMENT_3D ( 'NONE', #4234, #370, #2094 ) ;
#4644 = CARTESIAN_POINT ( 'NONE',  ( 1.821459649775647449E-14, 103.1631322454748840, 7.500000000000000000 ) ) ;
#4645 = PLANE ( 'NONE',  #2606 ) ;
#4646 = ORIENTED_EDGE ( 'NONE', *, *, #1155, .T. ) ;
#4647 = AXIS2_PLACEMENT_3D ( 'NONE', #5295, #3201, #2753 ) ;
#4648 = CYLINDRICAL_SURFACE ( 'NONE', #2031, 1.000000000000000000 ) ;
#4649 = AXIS2_PLACEMENT_3D ( 'NONE', #2686, #3531, #1426 ) ;
#4650 = CARTESIAN_POINT ( 'NONE',  ( 13.50000000000000711, 5.817072295949927426E-15, 8.500000000000000000 ) ) ;
#4651 = CARTESIAN_POINT ( 'NONE',  ( 1.700000000000003508, 3.099999999999989875, -11.88616932144696747 ) ) ;
#4652 = VERTEX_POINT ( 'NONE', #3206 ) ;
#4653 = ORIENTED_EDGE ( 'NONE', *, *, #5323, .F. ) ;
#4654 = FACE_OUTER_BOUND ( 'NONE', #5008, .T. ) ;
#4655 = CARTESIAN_POINT ( 'NONE',  ( -5.499999999999996447, 3.099999999999989875, -12.11844615713757456 ) ) ;
#4656 = PLANE ( 'NONE',  #3129 ) ;
#4657 = ADVANCED_FACE ( 'NONE', ( #4931 ), #1945, .F. ) ;
#4658 = ORIENTED_EDGE ( 'NONE', *, *, #4014, .F. ) ;
#4659 = CARTESIAN_POINT ( 'NONE',  ( -7.683206142928892923, -2.294305435833427165, 8.477995718711618167 ) ) ;
#4660 = VERTEX_POINT ( 'NONE', #3234 ) ;
#4661 = ADVANCED_FACE ( 'NONE', ( #4962 ), #1097, .T. ) ;
#4662 = EDGE_LOOP ( 'NONE', ( #770, #2853, #4705, #477, #1944, #3446 ) ) ;
#4663 = DIRECTION ( 'NONE',  ( 1.000000000000000000, 0.000000000000000000, 0.000000000000000000 ) ) ;
#4664 = CARTESIAN_POINT ( 'NONE',  ( 6.243746235811390655, 2.355154176734465032, -12.50000000000000000 ) ) ;
#4665 = DIRECTION ( 'NONE',  ( 0.9983713344239766307, -0.05704979053851310516, 0.000000000000000000 ) ) ;
#4666 = ORIENTED_EDGE ( 'NONE', *, *, #3770, .F. ) ;
#4667 = AXIS2_PLACEMENT_3D ( 'NONE', #1522, #5011, #4957 ) ;
#4668 = FILL_AREA_STYLE_COLOUR ( '', #5089 ) ;
#4669 = EDGE_CURVE ( 'NONE', #958, #533, #662, .T. ) ;
#4670 = EDGE_CURVE ( 'NONE', #5502, #3468, #5181, .T. ) ;
#4671 = DIRECTION ( 'NONE',  ( 1.000000000000000000, 0.000000000000000000, 0.000000000000000000 ) ) ;
#4672 = CARTESIAN_POINT ( 'NONE',  ( 6.500000000002101430, 3.371428571428682464, -11.73943626350580871 ) ) ;
#4673 = AXIS2_PLACEMENT_3D ( 'NONE', #549, #2764, #5245 ) ;
#4674 = DIRECTION ( 'NONE',  ( -0.000000000000000000, -0.000000000000000000, -1.000000000000000000 ) ) ;
#4675 = DIRECTION ( 'NONE',  ( -1.000000000000000000, -1.734723475976808672E-15, 0.000000000000000000 ) ) ;
#4676 = EDGE_LOOP ( 'NONE', ( #5056, #2267, #3296, #4510 ) ) ;
#4677 = CARTESIAN_POINT ( 'NONE',  ( -0.2999999999999964362, 3.099999999999989875, -11.85088638530112171 ) ) ;
#4678 = CIRCLE ( 'NONE', #3870, 0.9999999999999991118 ) ;
#4679 =( BOUNDED_CURVE ( )  B_SPLINE_CURVE ( 3, ( #1378, #5261, #94, #4810 ),
 .UNSPECIFIED., .F., .T. ) 
 B_SPLINE_CURVE_WITH_KNOTS ( ( 4, 4 ),
 ( 5.236928322011017656, 6.283185307179586232 ),
 .UNSPECIFIED. ) 
 CURVE ( )  GEOMETRIC_REPRESENTATION_ITEM ( )  RATIONAL_B_SPLINE_CURVE ( ( 1.000000000000000000, 0.9108402996766958859, 0.9108402996766958859, 1.000000000000000000 ) ) 
 REPRESENTATION_ITEM ( '' )  );
#4680 = FACE_OUTER_BOUND ( 'NONE', #5377, .T. ) ;
#4681 = CARTESIAN_POINT ( 'NONE',  ( 17.04434499593145702, 3.973962571196073323, 7.500000000000000000 ) ) ;
#4682 = VERTEX_POINT ( 'NONE', #4220 ) ;
#4683 = FACE_OUTER_BOUND ( 'NONE', #4723, .T. ) ;
#4684 = ORIENTED_EDGE ( 'NONE', *, *, #3710, .F. ) ;
#4685 = CARTESIAN_POINT ( 'NONE',  ( 10.34123922525543193, 2.236547377092329647, -8.500000000000000000 ) ) ;
#4686 = CARTESIAN_POINT ( 'NONE',  ( 4.500000000000003553, -3.264433555251698760, 7.693677504522096200 ) ) ;
#4687 = CARTESIAN_POINT ( 'NONE',  ( 4.500000000000003553, 3.205936330671004697, 7.888074281163325097 ) ) ;
#4688 = ORIENTED_EDGE ( 'NONE', *, *, #1288, .F. ) ;
#4689 = DIRECTION ( 'NONE',  ( -0.000000000000000000, -0.000000000000000000, -1.000000000000000000 ) ) ;
#4690 = EDGE_CURVE ( 'NONE', #315, #4795, #5333, .T. ) ;
#4691 = ORIENTED_EDGE ( 'NONE', *, *, #1996, .F. ) ;
#4692 = ORIENTED_EDGE ( 'NONE', *, *, #217, .F. ) ;
#4693 = CYLINDRICAL_SURFACE ( 'NONE', #2130, 3.999999999999996447 ) ;
#4694 = CARTESIAN_POINT ( 'NONE',  ( 8.932632499598163633, 2.302263092016353152, -11.52607977233451741 ) ) ;
#4695 = CARTESIAN_POINT ( 'NONE',  ( -9.967738610674956590, -0.6461370012347412706, 6.183796115822778106 ) ) ;
#4696 = EDGE_CURVE ( 'NONE', #761, #2931, #1490, .T. ) ;
#4697 = EDGE_LOOP ( 'NONE', ( #3687, #4166, #1484, #469 ) ) ;
#4698 = DIRECTION ( 'NONE',  ( 0.000000000000000000, -1.000000000000000000, 0.000000000000000000 ) ) ;
#4699 = CARTESIAN_POINT ( 'NONE',  ( -1.499999999999996225, 3.099999999999989875, 7.878440832142036498 ) ) ;
#4700 = CARTESIAN_POINT ( 'NONE',  ( 6.499999999983579357, 3.371428571427624199, -11.48468986538964742 ) ) ;
#4701 = DIRECTION ( 'NONE',  ( -0.000000000000000000, -0.000000000000000000, -1.000000000000000000 ) ) ;
#4702 = CARTESIAN_POINT ( 'NONE',  ( -7.405459357413314514, 3.369013092162968626, 7.500000000000000888 ) ) ;
#4703 = EDGE_CURVE ( 'NONE', #3632, #367, #673, .T. ) ;
#4704 = EDGE_CURVE ( 'NONE', #50, #2673, #1772, .T. ) ;
#4705 = ORIENTED_EDGE ( 'NONE', *, *, #3763, .T. ) ;
#4706 = CARTESIAN_POINT ( 'NONE',  ( 3.700000000000003730, 3.099999999999989875, -11.99571665973680723 ) ) ;
#4707 = CIRCLE ( 'NONE', #2273, 2.149999999999999023 ) ;
#4708 = PLANE ( 'NONE',  #2940 ) ;
#4709 = CARTESIAN_POINT ( 'NONE',  ( 7.700000000000003730, 3.099999999999989875, 8.250778761190353805 ) ) ;
#4710 = ORIENTED_EDGE ( 'NONE', *, *, #2943, .F. ) ;
#4711 = LINE ( 'NONE', #3069, #2690 ) ;
#4712 = EDGE_LOOP ( 'NONE', ( #506, #2079, #5462, #1694 ) ) ;
#4713 = CARTESIAN_POINT ( 'NONE',  ( 8.773609441052357738, 3.501349110917315599, -11.88391833027055178 ) ) ;
#4714 = CARTESIAN_POINT ( 'NONE',  ( -8.299999999999998934, 3.999999999999989786, 12.50013049999998138 ) ) ;
#4715 = ORIENTED_EDGE ( 'NONE', *, *, #2943, .T. ) ;
#4716 = DIRECTION ( 'NONE',  ( 0.000000000000000000, 0.000000000000000000, 1.000000000000000000 ) ) ;
#4717 = ORIENTED_EDGE ( 'NONE', *, *, #3560, .T. ) ;
#4718 = B_SPLINE_CURVE_WITH_KNOTS ( 'NONE', 3,
 ( #4165, #3351, #246, #5469, #5072, #728, #2842, #3267, #2418, #1182 ),
 .UNSPECIFIED., .F., .F.,
 ( 4, 2, 2, 2, 4 ),
 ( 0.002583269976770556815, 0.003142950444773138716, 0.003702630912775720182, 0.004262311380778301649, 0.004821991848780883549 ),
 .UNSPECIFIED. ) ;
#4719 = ORIENTED_EDGE ( 'NONE', *, *, #5396, .T. ) ;
#4720 = DIRECTION ( 'NONE',  ( 0.000000000000000000, 0.000000000000000000, 1.000000000000000000 ) ) ;
#4721 = CARTESIAN_POINT ( 'NONE',  ( 10.31394779024476804, 2.238173354328190978, -9.030049865050894908 ) ) ;
#4722 = CARTESIAN_POINT ( 'NONE',  ( -9.594300207407991721, -1.966766537146282356, 7.375087592926272251 ) ) ;
#4723 = EDGE_LOOP ( 'NONE', ( #3617, #3877, #3727, #988 ) ) ;
#4724 = DIRECTION ( 'NONE',  ( -0.05704979053851286230, -0.9983713344239767418, 0.000000000000000000 ) ) ;
#4725 = DIRECTION ( 'NONE',  ( -0.05704979053851286230, 0.9983713344239767418, 0.000000000000000000 ) ) ;
#4726 = CIRCLE ( 'NONE', #485, 8.500000000000000000 ) ;
#4727 = ADVANCED_FACE ( 'NONE', ( #5179 ), #2615, .T. ) ;
#4728 = CARTESIAN_POINT ( 'NONE',  ( 3.700000000000003730, -3.185313823293248081, -11.84635085965155632 ) ) ;
#4729 = CARTESIAN_POINT ( 'NONE',  ( 6.500000000000004441, -3.371428571428562115, 7.757446516211849996 ) ) ;
#4730 = DIRECTION ( 'NONE',  ( 0.000000000000000000, 0.000000000000000000, -1.000000000000000000 ) ) ;
#4731 = VECTOR ( 'NONE', #5280, 999.9999999999998863 ) ;
#4732 = EDGE_LOOP ( 'NONE', ( #3441, #2623, #5215 ) ) ;
#4733 = VECTOR ( 'NONE', #435, 999.9999999999998863 ) ;
#4734 = CARTESIAN_POINT ( 'NONE',  ( -7.759789908057932450, -3.099999999999989431, -12.25403177290704093 ) ) ;
#4735 = VECTOR ( 'NONE', #5517, 999.9999999999998863 ) ;
#4736 = ADVANCED_FACE ( 'NONE', ( #5575 ), #5155, .F. ) ;
#4737 = DIRECTION ( 'NONE',  ( -0.000000000000000000, -0.000000000000000000, -1.000000000000000000 ) ) ;
#4738 = EDGE_CURVE ( 'NONE', #1251, #3204, #1323, .T. ) ;
#4739 = ORIENTED_EDGE ( 'NONE', *, *, #3801, .T. ) ;
#4740 = CARTESIAN_POINT ( 'NONE',  ( 6.500000000000004441, -3.099999999999989875, 8.184499323734041099 ) ) ;
#4741 = CIRCLE ( 'NONE', #2580, 100.0000000000000000 ) ;
#4742 = ORIENTED_EDGE ( 'NONE', *, *, #4381, .T. ) ;
#4743 = VECTOR ( 'NONE', #2347, 1000.000000000000000 ) ;
#4744 = CARTESIAN_POINT ( 'NONE',  ( 7.542357641736570528, 2.339319443329533232, -12.30128034068002130 ) ) ;
#4745 = CARTESIAN_POINT ( 'NONE',  ( 10.50000000000000355, -3.599999999999990319, -2.400000000000004352 ) ) ;
#4746 = ADVANCED_FACE ( 'NONE', ( #3003 ), #3346, .F. ) ;
#4747 = MANIFOLD_SOLID_BREP ( '\X2\955c5411\X0\1', #5282 ) ;
#4748 = ORIENTED_EDGE ( 'NONE', *, *, #2829, .T. ) ;
#4749 = AXIS2_PLACEMENT_3D ( 'NONE', #3724, #4168, #4564 ) ;
#4750 = LINE ( 'NONE', #3981, #4023 ) ;
#4751 = AXIS2_PLACEMENT_3D ( 'NONE', #3892, #3919, #3865 ) ;
#4752 = VERTEX_POINT ( 'NONE', #3373 ) ;
#4753 = CARTESIAN_POINT ( 'NONE',  ( 8.500000000000003553, 3.999999999999989786, 12.50013049999998138 ) ) ;
#4754 = CARTESIAN_POINT ( 'NONE',  ( -17.50000000000000355, -4.000000000000000000, 4.299999999999999822 ) ) ;
#4755 = CARTESIAN_POINT ( 'NONE',  ( 10.50000000000000533, 3.599999999999990763, 7.865664297655479587 ) ) ;
#4756 = ORIENTED_EDGE ( 'NONE', *, *, #1301, .T. ) ;
#4757 = CARTESIAN_POINT ( 'NONE',  ( 1.908195823574487804E-14, -103.1631322454748840, -12.50000000000000000 ) ) ;
#4758 = CARTESIAN_POINT ( 'NONE',  ( 0.5000000000000038858, -3.099999999999989875, 7.853012644342974191 ) ) ;
#4759 = DIRECTION ( 'NONE',  ( -0.000000000000000000, -0.000000000000000000, -1.000000000000000000 ) ) ;
#4760 = DIRECTION ( 'NONE',  ( 1.000000000000000000, 0.000000000000000000, 0.000000000000000000 ) ) ;
#4761 = DIRECTION ( 'NONE',  ( -1.000000000000000000, 0.000000000000000000, 0.000000000000000000 ) ) ;
#4762 = VECTOR ( 'NONE', #2324, 1000.000000000000000 ) ;
#4763 = ORIENTED_EDGE ( 'NONE', *, *, #4101, .T. ) ;
#4764 = EDGE_CURVE ( 'NONE', #4516, #5134, #808, .T. ) ;
#4765 = VECTOR ( 'NONE', #3239, 999.9999999999998863 ) ;
#4766 = CARTESIAN_POINT ( 'NONE',  ( 5.762028844389818438, -2.327627468653245657, 8.500000000000000000 ) ) ;
#4767 = LINE ( 'NONE', #903, #3029 ) ;
#4768 = VERTEX_POINT ( 'NONE', #3031 ) ;
#4769 = CARTESIAN_POINT ( 'NONE',  ( 10.12182261493795821, -2.249094484099870339, -9.815646988344077783 ) ) ;
#4770 = ORIENTED_EDGE ( 'NONE', *, *, #4293, .F. ) ;
#4771 = CIRCLE ( 'NONE', #4228, 100.0000000000000000 ) ;
#4772 = EDGE_CURVE ( 'NONE', #928, #5505, #1355, .T. ) ;
#4773 = CARTESIAN_POINT ( 'NONE',  ( 9.329687998084311928, 3.533125028461951533, -8.500000000000000000 ) ) ;
#4774 = CARTESIAN_POINT ( 'NONE',  ( -10.01036623097738421, -0.4163037063095038071, 5.599196484060259493 ) ) ;
#4775 = ORIENTED_EDGE ( 'NONE', *, *, #5324, .F. ) ;
#4776 = LINE ( 'NONE', #911, #2849 ) ;
#4777 = EDGE_CURVE ( 'NONE', #1079, #4424, #3004, .T. ) ;
#4778 = ADVANCED_FACE ( 'NONE', ( #1327 ), #811, .F. ) ;
#4779 = EDGE_LOOP ( 'NONE', ( #5178, #4863, #4147, #4710 ) ) ;
#4780 = CARTESIAN_POINT ( 'NONE',  ( -17.50000000000000000, -4.898587196589413026E-15, -10.59999999999999964 ) ) ;
#4781 = CARTESIAN_POINT ( 'NONE',  ( 17.50000000000000000, -4.898587196589413026E-15, -12.50000000000000000 ) ) ;
#4782 = CARTESIAN_POINT ( 'NONE',  ( 17.04434499593145702, 3.973962571196074212, 7.531192025190360795 ) ) ;
#4783 = ORIENTED_EDGE ( 'NONE', *, *, #1619, .T. ) ;
#4784 = ORIENTED_EDGE ( 'NONE', *, *, #1227, .T. ) ;
#4785 = DIRECTION ( 'NONE',  ( 0.000000000000000000, 0.000000000000000000, 1.000000000000000000 ) ) ;
#4786 = CARTESIAN_POINT ( 'NONE',  ( -1.499999999999996225, -3.099999999999989875, 7.878440832141142991 ) ) ;
#4787 = LINE ( 'NONE', #5130, #1319 ) ;
#4788 = CARTESIAN_POINT ( 'NONE',  ( -3.766704983932962492, 3.099999999999989875, -11.99980686757310799 ) ) ;
#4789 = LINE ( 'NONE', #3007, #1261 ) ;
#4790 = ORIENTED_EDGE ( 'NONE', *, *, #1814, .T. ) ;
#4791 = LINE ( 'NONE', #524, #5543 ) ;
#4792 = LINE ( 'NONE', #471, #5285 ) ;
#4793 = VERTEX_POINT ( 'NONE', #4247 ) ;
#4794 = CARTESIAN_POINT ( 'NONE',  ( 6.499999999983579357, 3.371428571427624199, -11.48468986538964742 ) ) ;
#4795 = VERTEX_POINT ( 'NONE', #3376 ) ;
#4796 = CARTESIAN_POINT ( 'NONE',  ( 7.285655141185807260, 2.343766141752763765, -12.37626278325718054 ) ) ;
#4797 = CARTESIAN_POINT ( 'NONE',  ( 0.5000000000000038858, 3.999999999999989786, 12.50013049999998138 ) ) ;
#4798 = EDGE_LOOP ( 'NONE', ( #4920, #500, #1172, #645, #1899, #4416, #3379 ) ) ;
#4799 = DIRECTION ( 'NONE',  ( -0.000000000000000000, -0.000000000000000000, 1.000000000000000000 ) ) ;
#4800 = EDGE_CURVE ( 'NONE', #1799, #2569, #769, .T. ) ;
#4801 = VERTEX_POINT ( 'NONE', #3061 ) ;
#4802 = CARTESIAN_POINT ( 'NONE',  ( -8.299999999999998934, 3.099999999999989875, -12.27956295922592211 ) ) ;
#4803 = EDGE_CURVE ( 'NONE', #5286, #3002, #2617, .T. ) ;
#4804 = LINE ( 'NONE', #2266, #1503 ) ;
#4805 = EDGE_CURVE ( 'NONE', #4424, #367, #5507, .T. ) ;
#4806 = EDGE_LOOP ( 'NONE', ( #2566, #1657, #4174, #4296 ) ) ;
#4807 = ORIENTED_EDGE ( 'NONE', *, *, #2055, .T. ) ;
#4808 = CARTESIAN_POINT ( 'NONE',  ( -10.29999999999999716, -4.898587196589413026E-15, 4.299999999999999822 ) ) ;
#4809 = CARTESIAN_POINT ( 'NONE',  ( -2.033425804613992582, -3.099999999999989875, 7.900162940812237800 ) ) ;
#4810 = CARTESIAN_POINT ( 'NONE',  ( 10.50000000000000178, -3.599999999999990319, 7.500000000000000000 ) ) ;
#4811 = CARTESIAN_POINT ( 'NONE',  ( -4.299999999999996270, 3.255625020041635231, -11.50000000000000178 ) ) ;
#4812 = CARTESIAN_POINT ( 'NONE',  ( -5.645261924099287398, -3.099999999999989875, -12.12857542610840689 ) ) ;
#4813 = CARTESIAN_POINT ( 'NONE',  ( -8.041369846305475022, 2.180814838927768839, 8.395496989032652735 ) ) ;
#4814 = ORIENTED_EDGE ( 'NONE', *, *, #2725, .F. ) ;
#4815 = CIRCLE ( 'NONE', #3375, 1.000000000000000000 ) ;
#4816 = FACE_OUTER_BOUND ( 'NONE', #1574, .T. ) ;
#4817 = CARTESIAN_POINT ( 'NONE',  ( 1.700000000000003508, 3.177583289638278075, -11.50000000000000000 ) ) ;
#4818 = VERTEX_POINT ( 'NONE', #4307 ) ;
#4819 = DIRECTION ( 'NONE',  ( 1.000000000000000000, 0.000000000000000000, 0.000000000000000000 ) ) ;
#4820 =( GEOMETRIC_REPRESENTATION_CONTEXT ( 3 ) GLOBAL_UNCERTAINTY_ASSIGNED_CONTEXT ( ( #3347 ) ) GLOBAL_UNIT_ASSIGNED_CONTEXT ( ( #5069, #356, #1748 ) ) REPRESENTATION_CONTEXT ( 'NONE', 'WORKASPACE' ) );
#4821 = VERTEX_POINT ( 'NONE', #2950 ) ;
#4822 = DIRECTION ( 'NONE',  ( 0.000000000000000000, 0.000000000000000000, 1.000000000000000000 ) ) ;
#4823 = ORIENTED_EDGE ( 'NONE', *, *, #4101, .F. ) ;
#4824 = CIRCLE ( 'NONE', #2929, 3.000000000000000000 ) ;
#4825 = CARTESIAN_POINT ( 'NONE',  ( 13.50000000000000711, 5.817072295949927426E-15, 12.50000000000000000 ) ) ;
#4826 = VECTOR ( 'NONE', #4569, 1000.000000000000000 ) ;
#4827 = B_SPLINE_CURVE_WITH_KNOTS ( 'NONE', 3,
 ( #546, #3574, #4113, #1444 ),
 .UNSPECIFIED., .F., .F.,
 ( 4, 4 ),
 ( 0.001294054080674665727, 0.001653044992662936440 ),
 .UNSPECIFIED. ) ;
#4828 = EDGE_CURVE ( 'NONE', #5032, #754, #1135, .T. ) ;
#4829 = CIRCLE ( 'NONE', #4749, 0.9999999999999991118 ) ;
#4830 = ORIENTED_EDGE ( 'NONE', *, *, #4869, .F. ) ;
#4831 = FACE_OUTER_BOUND ( 'NONE', #4859, .T. ) ;
#4832 = CARTESIAN_POINT ( 'NONE',  ( 9.329687998084311928, 3.533125028461951089, -12.50000000000000000 ) ) ;
#4833 = VERTEX_POINT ( 'NONE', #3826 ) ;
#4834 = EDGE_CURVE ( 'NONE', #761, #2349, #4787, .T. ) ;
#4835 = PLANE ( 'NONE',  #168 ) ;
#4836 = CARTESIAN_POINT ( 'NONE',  ( -8.074946855397076462, 2.172212766667443340, 8.391083640456237447 ) ) ;
#4837 = CARTESIAN_POINT ( 'NONE',  ( 16.24357069130493869, 3.803806516170600727, 7.996205190217037462 ) ) ;
#4838 = CARTESIAN_POINT ( 'NONE',  ( 6.500000000000004441, 3.099999999999989875, 8.184499323734041099 ) ) ;
#4839 = DIRECTION ( 'NONE',  ( -1.000000000000000000, 0.000000000000000000, 0.000000000000000000 ) ) ;
#4840 = CARTESIAN_POINT ( 'NONE',  ( -10.00000000000000178, -4.898587196589413026E-15, 4.299999999999999822 ) ) ;
#4841 = ORIENTED_EDGE ( 'NONE', *, *, #1334, .T. ) ;
#4842 = EDGE_CURVE ( 'NONE', #3541, #4682, #317, .T. ) ;
#4843 = EDGE_CURVE ( 'NONE', #2967, #3242, #491, .T. ) ;
#4844 = DIRECTION ( 'NONE',  ( 0.000000000000000000, 0.000000000000000000, 1.000000000000000000 ) ) ;
#4845 = LINE ( 'NONE', #545, #4627 ) ;
#4846 = LINE ( 'NONE', #1499, #3109 ) ;
#4847 = AXIS2_PLACEMENT_3D ( 'NONE', #1109, #4974, #4540 ) ;
#4848 = DIRECTION ( 'NONE',  ( 0.000000000000000000, -1.000000000000000000, 0.000000000000000000 ) ) ;
#4849 = ORIENTED_EDGE ( 'NONE', *, *, #3677, .T. ) ;
#4850 = DIRECTION ( 'NONE',  ( -1.000000000000000000, 0.000000000000000000, 0.000000000000000000 ) ) ;
#4851 = ORIENTED_EDGE ( 'NONE', *, *, #1605, .F. ) ;
#4852 = CARTESIAN_POINT ( 'NONE',  ( 9.700000000000004619, 3.099999999999989875, 12.50013049999998138 ) ) ;
#4853 = CIRCLE ( 'NONE', #3506, 101.0000000000000000 ) ;
#4854 = ORIENTED_EDGE ( 'NONE', *, *, #216, .F. ) ;
#4855 = CARTESIAN_POINT ( 'NONE',  ( -15.35000000000000320, -4.898587196589413026E-15, -12.50000000000000000 ) ) ;
#4856 = CIRCLE ( 'NONE', #5578, 1.000000000000000222 ) ;
#4857 = CARTESIAN_POINT ( 'NONE',  ( 9.700000000000004619, 3.484420365519647511, -8.817789638125981710 ) ) ;
#4858 = VECTOR ( 'NONE', #2932, 1000.000000000000000 ) ;
#4859 = EDGE_LOOP ( 'NONE', ( #4236, #427, #2018, #3869 ) ) ;
#4860 = CARTESIAN_POINT ( 'NONE',  ( 1.700000000000003508, -3.177583289638255426, -11.50000000000000000 ) ) ;
#4861 = FACE_OUTER_BOUND ( 'NONE', #1023, .T. ) ;
#4862 = EDGE_CURVE ( 'NONE', #4311, #3215, #1408, .T. ) ;
#4863 = ORIENTED_EDGE ( 'NONE', *, *, #388, .F. ) ;
#4864 = VERTEX_POINT ( 'NONE', #3910 ) ;
#4865 = FACE_BOUND ( 'NONE', #4938, .T. ) ;
#4866 = FACE_OUTER_BOUND ( 'NONE', #997, .T. ) ;
#4867 = PLANE ( 'NONE',  #406 ) ;
#4868 = LINE ( 'NONE', #4052, #1688 ) ;
#4869 = EDGE_CURVE ( 'NONE', #1058, #5265, #4276, .T. ) ;
#4870 = CARTESIAN_POINT ( 'NONE',  ( -8.749915373950344133, 2.862295228730865837, 8.200546231149131060 ) ) ;
#4871 = ORIENTED_EDGE ( 'NONE', *, *, #556, .T. ) ;
#4872 = B_SPLINE_CURVE_WITH_KNOTS ( 'NONE', 3,
 ( #1517, #2827, #3708, #1934 ),
 .UNSPECIFIED., .F., .F.,
 ( 4, 4 ),
 ( 0.000000000000000000, 9.470837201377880642E-05 ),
 .UNSPECIFIED. ) ;
#4873 = CARTESIAN_POINT ( 'NONE',  ( -17.50000000000000000, -4.898587196589413026E-15, -10.59999999999999964 ) ) ;
#4874 = LINE ( 'NONE', #2004, #739 ) ;
#4875 = EDGE_CURVE ( 'NONE', #5495, #2931, #411, .T. ) ;
#4876 = ORIENTED_EDGE ( 'NONE', *, *, #1619, .F. ) ;
#4877 = EDGE_CURVE ( 'NONE', #2282, #4864, #3856, .T. ) ;
#4878 = DIRECTION ( 'NONE',  ( -0.000000000000000000, -0.000000000000000000, -1.000000000000000000 ) ) ;
#4879 = ORIENTED_EDGE ( 'NONE', *, *, #1911, .T. ) ;
#4880 = DIRECTION ( 'NONE',  ( 0.000000000000000000, 0.000000000000000000, -1.000000000000000000 ) ) ;
#4881 = B_SPLINE_CURVE_WITH_KNOTS ( 'NONE', 3,
 ( #4794, #2649, #2567, #1734, #5166, #1307 ),
 .UNSPECIFIED., .F., .F.,
 ( 4, 2, 4 ),
 ( 0.0003131778685622088501, 0.0009447857235501588759, 0.001576393578538109064 ),
 .UNSPECIFIED. ) ;
#4882 = ORIENTED_EDGE ( 'NONE', *, *, #4294, .T. ) ;
#4883 = DIRECTION ( 'NONE',  ( 0.000000000000000000, 0.000000000000000000, 1.000000000000000000 ) ) ;
#4884 = AXIS2_PLACEMENT_3D ( 'NONE', #1445, #3210, #575 ) ;
#4885 = CARTESIAN_POINT ( 'NONE',  ( 9.700000000000002842, 3.360547228651799223, -9.756953010584627606 ) ) ;
#4886 = CARTESIAN_POINT ( 'NONE',  ( 9.386737788622825818, 2.534753694037974459, -2.400000000000001243 ) ) ;
#4887 = VERTEX_POINT ( 'NONE', #3434 ) ;
#4888 = CARTESIAN_POINT ( 'NONE',  ( 0.5000000000000038858, 3.164382253287475244, -11.62086329436451138 ) ) ;
#4889 = LINE ( 'NONE', #940, #5353 ) ;
#4890 = ORIENTED_EDGE ( 'NONE', *, *, #3432, .F. ) ;
#4891 = DIRECTION ( 'NONE',  ( 0.05704979053851312598, -0.9983713344239766307, 0.000000000000000000 ) ) ;
#4892 = ORIENTED_EDGE ( 'NONE', *, *, #14, .T. ) ;
#4893 = CARTESIAN_POINT ( 'NONE',  ( -6.836303057495274338, -3.390645888999720636, 4.300000000000001599 ) ) ;
#4894 = CARTESIAN_POINT ( 'NONE',  ( -10.00532316365058172, 0.2825227755198486124, 4.299999999999999822 ) ) ;
#4895 = CARTESIAN_POINT ( 'NONE',  ( -2.033425804614143129, 3.099999999999989875, 7.900162940812232470 ) ) ;
#4896 = CARTESIAN_POINT ( 'NONE',  ( -8.274240974309305940, 3.117119075920581128, 7.408660828984140245 ) ) ;
#4897 = ORIENTED_EDGE ( 'NONE', *, *, #2659, .T. ) ;
#4898 = ADVANCED_FACE ( 'NONE', ( #5158 ), #2219, .T. ) ;
#4899 = DIRECTION ( 'NONE',  ( -0.9983713344239766307, 0.05704979053851286230, 0.000000000000000000 ) ) ;
#4900 = CARTESIAN_POINT ( 'NONE',  ( -1.499999999999996225, -3.174382878358581461, -11.50000000000000000 ) ) ;
#4901 = PLANE ( 'NONE',  #5105 ) ;
#4902 = CARTESIAN_POINT ( 'NONE',  ( 15.35000000000000497, -4.635288134772731511E-15, -2.400000000000001243 ) ) ;
#4903 = ORIENTED_EDGE ( 'NONE', *, *, #5493, .F. ) ;
#4904 = CARTESIAN_POINT ( 'NONE',  ( -7.855783793019751826, -3.099999999999989431, 8.044204038077605645 ) ) ;
#4905 = ORIENTED_EDGE ( 'NONE', *, *, #1718, .T. ) ;
#4906 = LINE ( 'NONE', #3126, #1676 ) ;
#4907 = ADVANCED_FACE ( 'NONE', ( #3887 ), #1751, .T. ) ;
#4908 = ORIENTED_EDGE ( 'NONE', *, *, #5227, .F. ) ;
#4909 = AXIS2_PLACEMENT_3D ( 'NONE', #1104, #2820, #248 ) ;
#4910 = CARTESIAN_POINT ( 'NONE',  ( 15.62779164593326797, -3.541896221797151689, 8.269772766166369138 ) ) ;
#4911 = VECTOR ( 'NONE', #336, 1000.000000000000000 ) ;
#4912 = AXIS2_PLACEMENT_3D ( 'NONE', #3532, #3133, #1482 ) ;
#4913 = EDGE_CURVE ( 'NONE', #2185, #1553, #1410, .T. ) ;
#4914 = FACE_OUTER_BOUND ( 'NONE', #4798, .T. ) ;
#4915 = CARTESIAN_POINT ( 'NONE',  ( -5.572630935773020155, -3.099999999999989875, 8.123511167422780233 ) ) ;
#4916 = VECTOR ( 'NONE', #4417, 1000.000000000000000 ) ;
#4917 = ORIENTED_EDGE ( 'NONE', *, *, #586, .T. ) ;
#4918 = DIRECTION ( 'NONE',  ( 0.000000000000000000, -0.000000000000000000, -1.000000000000000000 ) ) ;
#4919 = CARTESIAN_POINT ( 'NONE',  ( 7.960077770330038938, -3.099999999999989875, 8.263833057587678610 ) ) ;
#4920 = ORIENTED_EDGE ( 'NONE', *, *, #3807, .T. ) ;
#4921 = TOROIDAL_SURFACE ( 'NONE', #1234, 10.49999999999999822, 3.000000000000000000 ) ;
#4922 = ORIENTED_EDGE ( 'NONE', *, *, #736, .F. ) ;
#4923 = DIRECTION ( 'NONE',  ( -0.000000000000000000, -0.000000000000000000, -1.000000000000000000 ) ) ;
#4924 = AXIS2_PLACEMENT_3D ( 'NONE', #4532, #667, #4081 ) ;
#4925 = ORIENTED_EDGE ( 'NONE', *, *, #3153, .F. ) ;
#4926 = CARTESIAN_POINT ( 'NONE',  ( -7.007452429110811565, -0.3955318857277900224, 4.299999999999999822 ) ) ;
#4927 = CYLINDRICAL_SURFACE ( 'NONE', #130, 7.500000000000000000 ) ;
#4928 = CARTESIAN_POINT ( 'NONE',  ( -1.766725107229845992, -3.099999999999989875, -11.88821927241135512 ) ) ;
#4929 = CARTESIAN_POINT ( 'NONE',  ( -8.003606448024664033, 3.243874270723655417, 8.470481340525013891 ) ) ;
#4930 = ORIENTED_EDGE ( 'NONE', *, *, #107, .F. ) ;
#4931 = FACE_OUTER_BOUND ( 'NONE', #296, .T. ) ;
#4932 = CARTESIAN_POINT ( 'NONE',  ( 7.729990787025763588, -3.441713759258604899, -11.11409812921537998 ) ) ;
#4933 = LINE ( 'NONE', #1443, #1228 ) ;
#4934 = DIRECTION ( 'NONE',  ( 0.000000000000000000, -0.000000000000000000, -1.000000000000000000 ) ) ;
#4935 = DIRECTION ( 'NONE',  ( 1.000000000000000000, 0.000000000000000000, 0.000000000000000000 ) ) ;
#4936 = CARTESIAN_POINT ( 'NONE',  ( 8.500000000000003553, 3.485714285714275995, -12.50000000000000000 ) ) ;
#4937 = ADVANCED_FACE ( 'NONE', ( #540, #1002 ), #4867, .T. ) ;
#4938 = EDGE_LOOP ( 'NONE', ( #2597, #3955 ) ) ;
#4939 = CARTESIAN_POINT ( 'NONE',  ( 6.500000000000004441, -3.999999999999989786, 12.50013049999998138 ) ) ;
#4940 = VERTEX_POINT ( 'NONE', #1833 ) ;
#4941 = DIRECTION ( 'NONE',  ( -0.000000000000000000, -0.000000000000000000, -1.000000000000000000 ) ) ;
#4942 = ORIENTED_EDGE ( 'NONE', *, *, #1392, .F. ) ;
#4943 = ADVANCED_FACE ( 'NONE', ( #1489 ), #223, .T. ) ;
#4944 = CIRCLE ( 'NONE', #250, 1.000000000000000888 ) ;
#4945 = CARTESIAN_POINT ( 'NONE',  ( 9.700000000000004619, 3.554285714285704501, 7.499999999999992895 ) ) ;
#4946 = FACE_OUTER_BOUND ( 'NONE', #2804, .T. ) ;
#4947 = ORIENTED_EDGE ( 'NONE', *, *, #4875, .T. ) ;
#4948 = VECTOR ( 'NONE', #5557, 1000.000000000000000 ) ;
#4949 = CARTESIAN_POINT ( 'NONE',  ( 6.400299209560082581, -3.099999999999988987, -12.17463593338679395 ) ) ;
#4950 = FACE_OUTER_BOUND ( 'NONE', #5279, .T. ) ;
#4951 = EDGE_CURVE ( 'NONE', #4595, #232, #516, .T. ) ;
#4952 = EDGE_CURVE ( 'NONE', #1631, #1472, #1808, .T. ) ;
#4953 = ORIENTED_EDGE ( 'NONE', *, *, #1547, .T. ) ;
#4954 = AXIS2_PLACEMENT_3D ( 'NONE', #5240, #1492, #3203 ) ;
#4955 = CARTESIAN_POINT ( 'NONE',  ( -10.38673778862282404, -2.534753694037973570, -10.59999999999999964 ) ) ;
#4956 = ORIENTED_EDGE ( 'NONE', *, *, #4000, .T. ) ;
#4957 = DIRECTION ( 'NONE',  ( -0.1326689761008337243, -0.9911604021450597379, 0.000000000000000000 ) ) ;
#4958 = CARTESIAN_POINT ( 'NONE',  ( -5.906186614776832933, -3.099999999999990319, -12.14675003647666962 ) ) ;
#4959 = CARTESIAN_POINT ( 'NONE',  ( 17.50000000000000000, -4.898587196589413026E-15, -2.400000000000001243 ) ) ;
#4960 = CARTESIAN_POINT ( 'NONE',  ( -8.467678833697917185, -3.018417491203984060, 7.358574090170962201 ) ) ;
#4961 = EDGE_LOOP ( 'NONE', ( #3652, #251, #3951, #131, #5057, #1375 ) ) ;
#4962 = FACE_OUTER_BOUND ( 'NONE', #1614, .T. ) ;
#4963 = DIRECTION ( 'NONE',  ( 1.000000000000000000, 0.000000000000000000, 0.000000000000000000 ) ) ;
#4964 = PRODUCT_CONTEXT ( 'NONE', #2657, 'mechanical' ) ;
#4965 = CARTESIAN_POINT ( 'NONE',  ( -1.499999999999996225, -3.099999999999989875, 7.878440832141142991 ) ) ;
#4966 = FACE_OUTER_BOUND ( 'NONE', #1416, .T. ) ;
#4967 = DIRECTION ( 'NONE',  ( -1.000000000000000000, -0.000000000000000000, 0.000000000000000000 ) ) ;
#4968 = EDGE_LOOP ( 'NONE', ( #3963, #1823, #3334, #4631 ) ) ;
#4969 = CARTESIAN_POINT ( 'NONE',  ( -7.500000000000007105, 3.354821815831150911, 7.498990699995963460 ) ) ;
#4970 = ORIENTED_EDGE ( 'NONE', *, *, #2121, .F. ) ;
#4971 = CARTESIAN_POINT ( 'NONE',  ( -8.299999999999998934, 3.099999999999989875, 12.50013049999998138 ) ) ;
#4972 = ORIENTED_EDGE ( 'NONE', *, *, #5246, .F. ) ;
#4973 = CARTESIAN_POINT ( 'NONE',  ( 9.700000000000004619, -3.999999999999989786, 12.50013049999998138 ) ) ;
#4974 = DIRECTION ( 'NONE',  ( -0.000000000000000000, -0.000000000000000000, -1.000000000000000000 ) ) ;
#4975 = ADVANCED_FACE ( 'NONE', ( #3991 ), #2694, .F. ) ;
#4976 = ORIENTED_EDGE ( 'NONE', *, *, #3806, .T. ) ;
#4977 = PLANE ( 'NONE',  #959 ) ;
#4978 = LINE ( 'NONE', #626, #2651 ) ;
#4979 = EDGE_LOOP ( 'NONE', ( #1224, #5035, #2826, #1290, #2038, #2638 ) ) ;
#4980 = CIRCLE ( 'NONE', #1565, 100.0000000000000000 ) ;
#4981 = ADVANCED_FACE ( 'NONE', ( #3087 ), #4927, .F. ) ;
#4982 = EDGE_CURVE ( 'NONE', #5146, #3279, #3217, .T. ) ;
#4983 = LINE ( 'NONE', #2858, #4762 ) ;
#4984 = CARTESIAN_POINT ( 'NONE',  ( 6.500000000000005329, 3.276509441095244224, 7.996817339189780327 ) ) ;
#4985 = CARTESIAN_POINT ( 'NONE',  ( 6.499999999974297893, -3.371428571427092624, -11.73943626350796876 ) ) ;
#4986 = CARTESIAN_POINT ( 'NONE',  ( -7.501676226798246638, -2.339799230705542410, 8.500000000000000000 ) ) ;
#4987 = ORIENTED_EDGE ( 'NONE', *, *, #660, .F. ) ;
#4988 = DIRECTION ( 'NONE',  ( 0.000000000000000000, -0.000000000000000000, -1.000000000000000000 ) ) ;
#4989 = EDGE_CURVE ( 'NONE', #4368, #5515, #5294, .T. ) ;
#4990 = CARTESIAN_POINT ( 'NONE',  ( 17.50000000000000000, 5.817072295949927426E-15, 12.50000000000000000 ) ) ;
#4991 = CARTESIAN_POINT ( 'NONE',  ( 9.915666894902130934, -2.259965701659914394, -10.29122426817042246 ) ) ;
#4992 = SPHERICAL_SURFACE ( 'NONE', #4884, 1.000000000000000000 ) ;
#4993 = CARTESIAN_POINT ( 'NONE',  ( 1.821459649775647449E-14, 103.1631322454748840, -12.50000000000000000 ) ) ;
#4994 = VERTEX_POINT ( 'NONE', #3168 ) ;
#4995 = CARTESIAN_POINT ( 'NONE',  ( -17.50000000000000000, -4.898587196589413026E-15, -12.50000000000000000 ) ) ;
#4996 = B_SPLINE_CURVE_WITH_KNOTS ( 'NONE', 3,
 ( #5331, #2258, #3639, #1502 ),
 .UNSPECIFIED., .F., .F.,
 ( 4, 4 ),
 ( 0.001744023655932917718, 0.002307090924241860918 ),
 .UNSPECIFIED. ) ;
#4997 = CARTESIAN_POINT ( 'NONE',  ( -5.762028844389781135, -2.327627468653228782, 7.500000000000000888 ) ) ;
#4998 = CARTESIAN_POINT ( 'NONE',  ( 16.24426139273507275, -3.804062304736514299, 7.995884969930906472 ) ) ;
#4999 = ORIENTED_EDGE ( 'NONE', *, *, #496, .F. ) ;
#5000 = CIRCLE ( 'NONE', #4538, 100.0000000000000000 ) ;
#5001 = CARTESIAN_POINT ( 'NONE',  ( -8.299999999999998934, 3.340779596736332291, -12.08642859466682751 ) ) ;
#5002 = FACE_OUTER_BOUND ( 'NONE', #3311, .T. ) ;
#5003 = ORIENTED_EDGE ( 'NONE', *, *, #1424, .T. ) ;
#5004 = CARTESIAN_POINT ( 'NONE',  ( 10.50000000000000355, -4.898587196589413026E-15, -2.400000000000001243 ) ) ;
#5005 = AXIS2_PLACEMENT_3D ( 'NONE', #110, #3075, #5201 ) ;
#5006 = VECTOR ( 'NONE', #1274, 1000.000000000000000 ) ;
#5007 = EDGE_CURVE ( 'NONE', #2705, #2997, #3515, .T. ) ;
#5008 = EDGE_LOOP ( 'NONE', ( #530, #3306, #5192, #1277 ) ) ;
#5009 = AXIS2_PLACEMENT_3D ( 'NONE', #3800, #4725, #5070 ) ;
#5010 = ORIENTED_EDGE ( 'NONE', *, *, #2077, .T. ) ;
#5011 = DIRECTION ( 'NONE',  ( 0.9911604021450597379, -0.1326689761008337243, -0.000000000000000000 ) ) ;
#5012 = DIRECTION ( 'NONE',  ( -0.000000000000000000, 0.000000000000000000, -1.000000000000000000 ) ) ;
#5013 = CARTESIAN_POINT ( 'NONE',  ( 6.500000000000004441, -3.099999999999989875, -12.17309318234771709 ) ) ;
#5014 = CIRCLE ( 'NONE', #2754, 1.000000000000000000 ) ;
#5015 = PLANE ( 'NONE',  #2516 ) ;
#5016 = EDGE_CURVE ( 'NONE', #3671, #2997, #3555, .T. ) ;
#5017 = CIRCLE ( 'NONE', #2938, 101.0000000000000000 ) ;
#5018 = ORIENTED_EDGE ( 'NONE', *, *, #4952, .F. ) ;
#5019 = DIRECTION ( 'NONE',  ( -0.000000000000000000, 0.000000000000000000, -1.000000000000000000 ) ) ;
#5020 = FACE_OUTER_BOUND ( 'NONE', #1030, .T. ) ;
#5021 = CARTESIAN_POINT ( 'NONE',  ( 6.500000000000004441, 3.099999999999989875, -12.17309318234771354 ) ) ;
#5022 = CARTESIAN_POINT ( 'NONE',  ( -5.499999999999996447, 3.099999999999989875, 12.50013049999998138 ) ) ;
#5023 = EDGE_CURVE ( 'NONE', #2466, #1597, #4470, .T. ) ;
#5024 = EDGE_CURVE ( 'NONE', #4217, #3272, #4021, .T. ) ;
#5025 = ORIENTED_EDGE ( 'NONE', *, *, #4566, .F. ) ;
#5026 = CARTESIAN_POINT ( 'NONE',  ( 9.700000000000004619, -3.484420365519646179, -2.400000000000001243 ) ) ;
#5027 = CARTESIAN_POINT ( 'NONE',  ( 9.700000000000004619, 3.099999999999989875, -10.33799286859486344 ) ) ;
#5028 = FACE_OUTER_BOUND ( 'NONE', #1967, .T. ) ;
#5029 = VERTEX_POINT ( 'NONE', #2353 ) ;
#5030 = VERTEX_POINT ( 'NONE', #602 ) ;
#5031 = CARTESIAN_POINT ( 'NONE',  ( -10.38673778862283115, 2.534753694037974014, -11.50000000000000000 ) ) ;
#5032 = VERTEX_POINT ( 'NONE', #2248 ) ;
#5033 = FACE_OUTER_BOUND ( 'NONE', #998, .T. ) ;
#5034 = CIRCLE ( 'NONE', #1623, 0.8249221863886897488 ) ;
#5035 = ORIENTED_EDGE ( 'NONE', *, *, #3047, .F. ) ;
#5036 = AXIS2_PLACEMENT_3D ( 'NONE', #4614, #2868, #3698 ) ;
#5037 = ORIENTED_EDGE ( 'NONE', *, *, #3979, .T. ) ;
#5038 = CARTESIAN_POINT ( 'NONE',  ( -10.00532316365058172, 0.2825227755198485569, 5.500000000000000888 ) ) ;
#5039 = EDGE_CURVE ( 'NONE', #3492, #5359, #2412, .T. ) ;
#5040 = CARTESIAN_POINT ( 'NONE',  ( -6.100264014478012697, 3.099999999999989875, -12.15958818881660974 ) ) ;
#5041 = DIRECTION ( 'NONE',  ( 0.000000000000000000, 0.000000000000000000, -1.000000000000000000 ) ) ;
#5042 = CARTESIAN_POINT ( 'NONE',  ( -7.636019039269059228, -3.338152177162998058, 7.499999993574817836 ) ) ;
#5043 = AXIS2_PLACEMENT_3D ( 'NONE', #2666, #4353, #1805 ) ;
#5044 = VERTEX_POINT ( 'NONE', #4498 ) ;
#5045 = CARTESIAN_POINT ( 'NONE',  ( -9.386737788622824041, -2.534753694037973570, -10.59999999999999964 ) ) ;
#5046 = CARTESIAN_POINT ( 'NONE',  ( 6.510264836290226675, -2.353355818003882050, -12.50000000000000000 ) ) ;
#5047 = ADVANCED_FACE ( 'NONE', ( #95 ), #2379, .F. ) ;
#5048 = CARTESIAN_POINT ( 'NONE',  ( 6.300693565962601994, 3.099999999999989875, -12.17223834217087308 ) ) ;
#5049 = CARTESIAN_POINT ( 'NONE',  ( -9.499999999999996447, 2.534753694037974014, -11.50000000000000000 ) ) ;
#5050 = ORIENTED_EDGE ( 'NONE', *, *, #3907, .T. ) ;
#5051 = CYLINDRICAL_SURFACE ( 'NONE', #3647, 3.000000000000000000 ) ;
#5052 = EDGE_CURVE ( 'NONE', #5030, #3136, #1142, .T. ) ;
#5053 = CARTESIAN_POINT ( 'NONE',  ( -9.499999999999996447, 3.542857142857132935, -10.59999999999999964 ) ) ;
#5054 = ADVANCED_FACE ( 'NONE', ( #5065 ), #693, .F. ) ;
#5055 = CARTESIAN_POINT ( 'NONE',  ( -17.50000000000000355, -3.999999999999989786, -10.59999999999999964 ) ) ;
#5056 = ORIENTED_EDGE ( 'NONE', *, *, #1820, .F. ) ;
#5057 = ORIENTED_EDGE ( 'NONE', *, *, #4324, .T. ) ;
#5058 = CARTESIAN_POINT ( 'NONE',  ( -9.763579681737224902, 1.614083510617924544, 6.467996943219286088 ) ) ;
#5059 = DIRECTION ( 'NONE',  ( 0.000000000000000000, -0.000000000000000000, -1.000000000000000000 ) ) ;
#5060 = DIRECTION ( 'NONE',  ( 1.000000000000000000, 0.000000000000000000, 0.000000000000000000 ) ) ;
#5061 = ORIENTED_EDGE ( 'NONE', *, *, #4738, .T. ) ;
#5062 = CARTESIAN_POINT ( 'NONE',  ( -8.074946855397076462, -2.172212766667443340, 8.391083640456237447 ) ) ;
#5063 = ORIENTED_EDGE ( 'NONE', *, *, #1179, .F. ) ;
#5064 = ORIENTED_EDGE ( 'NONE', *, *, #5052, .F. ) ;
#5065 = FACE_OUTER_BOUND ( 'NONE', #1268, .T. ) ;
#5066 = PLANE ( 'NONE',  #771 ) ;
#5067 = CARTESIAN_POINT ( 'NONE',  ( 10.50000000000000355, 3.599999999999990319, 7.500000000000000000 ) ) ;
#5068 = ORIENTED_EDGE ( 'NONE', *, *, #978, .T. ) ;
#5069 =( LENGTH_UNIT ( ) NAMED_UNIT ( * ) SI_UNIT ( .MILLI., .METRE. ) );
#5070 = DIRECTION ( 'NONE',  ( -0.9983713344239767418, -0.05704979053851286230, 0.000000000000000000 ) ) ;
#5071 = CARTESIAN_POINT ( 'NONE',  ( -17.50000000000000000, -4.898587196589413026E-15, 8.500000000000000000 ) ) ;
#5072 = CARTESIAN_POINT ( 'NONE',  ( 9.039358324194935790, 3.516534761382558827, -9.763475483036360814 ) ) ;
#5073 = ORIENTED_EDGE ( 'NONE', *, *, #4242, .F. ) ;
#5074 = EDGE_CURVE ( 'NONE', #3261, #4035, #3739, .T. ) ;
#5075 = DIRECTION ( 'NONE',  ( 1.000000000000000000, 0.000000000000000000, 0.000000000000000000 ) ) ;
#5076 = B_SPLINE_CURVE_WITH_KNOTS ( 'NONE', 3,
 ( #5310, #2824, #5338, #4885, #589, #1992, #4857, #993 ),
 .UNSPECIFIED., .F., .F.,
 ( 4, 2, 2, 4 ),
 ( 2.348468079574700659E-15, 0.0004774378628398355398, 0.0009548757256773225894, 0.001909751451352296580 ),
 .UNSPECIFIED. ) ;
#5077 = CARTESIAN_POINT ( 'NONE',  ( -5.499999999999996447, -3.099999999999989875, -12.11844615713769358 ) ) ;
#5078 = CARTESIAN_POINT ( 'NONE',  ( -2.299999999999995826, -3.189585744412914980, -12.50000000000000000 ) ) ;
#5079 = ORIENTED_EDGE ( 'NONE', *, *, #4390, .T. ) ;
#5080 = ORIENTED_EDGE ( 'NONE', *, *, #4549, .T. ) ;
#5081 = EDGE_CURVE ( 'NONE', #1964, #20, #3618, .T. ) ;
#5082 = CARTESIAN_POINT ( 'NONE',  ( -10.01036623097743927, 0.4163037063109529812, 5.599196484058246881 ) ) ;
#5083 = DIRECTION ( 'NONE',  ( -0.000000000000000000, -0.000000000000000000, 1.000000000000000000 ) ) ;
#5084 = CARTESIAN_POINT ( 'NONE',  ( 3.700000000000003730, -3.231605688536891563, 7.673671840601150151 ) ) ;
#5085 = VERTEX_POINT ( 'NONE', #321 ) ;
#5086 = CARTESIAN_POINT ( 'NONE',  ( -9.557888220354497477, -1.275927053990921545, 7.264861890516812970 ) ) ;
#5087 = EDGE_CURVE ( 'NONE', #3068, #873, #5452, .T. ) ;
#5088 = ORIENTED_EDGE ( 'NONE', *, *, #742, .T. ) ;
#5089 = COLOUR_RGB ( '',0.7921568627450980005, 0.8196078431372548767, 0.9333333333333333481 ) ;
#5090 = ORIENTED_EDGE ( 'NONE', *, *, #1991, .T. ) ;
#5091 = FACE_OUTER_BOUND ( 'NONE', #1818, .T. ) ;
#5092 = CARTESIAN_POINT ( 'NONE',  ( 2.500000000000003997, 3.194387129813847093, -11.50000000000000000 ) ) ;
#5093 = AXIS2_PLACEMENT_3D ( 'NONE', #4781, #5512, #1662 ) ;
#5094 = CARTESIAN_POINT ( 'NONE',  ( -10.00532316365057994, -0.2825227755198514434, 5.500000000000000888 ) ) ;
#5095 = ORIENTED_EDGE ( 'NONE', *, *, #3144, .F. ) ;
#5096 = CARTESIAN_POINT ( 'NONE',  ( 1.908195823574487804E-14, -103.1631322454748840, -11.50000000000000000 ) ) ;
#5097 = CARTESIAN_POINT ( 'NONE',  ( -17.50000000000000355, -3.999999999999989786, -11.50000000000000000 ) ) ;
#5098 = CARTESIAN_POINT ( 'NONE',  ( 3.700000000000003730, -3.099999999999989875, -11.99571665973795120 ) ) ;
#5099 = AXIS2_PLACEMENT_3D ( 'NONE', #3796, #5513, #2023 ) ;
#5100 = CARTESIAN_POINT ( 'NONE',  ( 0.05704979053851286230, -2.001628665576014487, 7.500000000000000000 ) ) ;
#5101 = B_SPLINE_CURVE_WITH_KNOTS ( 'NONE', 3,
 ( #3850, #802, #2493, #5149 ),
 .UNSPECIFIED., .F., .F.,
 ( 4, 4 ),
 ( 0.001283121052494561563, 0.002083990688566798605 ),
 .UNSPECIFIED. ) ;
#5102 = CARTESIAN_POINT ( 'NONE',  ( -9.386737788622824041, -2.534753694037973570, -10.59999999999999964 ) ) ;
#5103 = ORIENTED_EDGE ( 'NONE', *, *, #2704, .F. ) ;
#5104 = CARTESIAN_POINT ( 'NONE',  ( 3.700000000000003730, 3.231605688536891119, -11.67338411567664913 ) ) ;
#5105 = AXIS2_PLACEMENT_3D ( 'NONE', #2277, #573, #4934 ) ;
#5106 = ORIENTED_EDGE ( 'NONE', *, *, #1620, .F. ) ;
#5107 = LINE ( 'NONE', #2875, #5270 ) ;
#5108 = EDGE_CURVE ( 'NONE', #5443, #548, #1990, .T. ) ;
#5109 = EDGE_LOOP ( 'NONE', ( #1401, #4077, #857, #4122 ) ) ;
#5110 = CARTESIAN_POINT ( 'NONE',  ( 10.47752326324622629, -3.598715615042577642, -9.974682141141842706 ) ) ;
#5111 = ORIENTED_EDGE ( 'NONE', *, *, #1155, .F. ) ;
#5112 = B_SPLINE_CURVE_WITH_KNOTS ( 'NONE', 3,
 ( #335, #1247, #1649, #4255 ),
 .UNSPECIFIED., .F., .F.,
 ( 4, 4 ),
 ( 0.000000000000000000, 0.0009209889021042055434 ),
 .UNSPECIFIED. ) ;
#5113 = CARTESIAN_POINT ( 'NONE',  ( -10.00532316365058172, 0.2825227755198485569, 5.500000000000000888 ) ) ;
#5114 = FACE_OUTER_BOUND ( 'NONE', #1729, .T. ) ;
#5115 = CARTESIAN_POINT ( 'NONE',  ( -17.50000000000000000, -4.898587196589413026E-15, 4.299999999999999822 ) ) ;
#5116 = ORIENTED_EDGE ( 'NONE', *, *, #1078, .F. ) ;
#5117 = CARTESIAN_POINT ( 'NONE',  ( 5.700000000000003730, -3.099999999999989875, 8.132388084136415785 ) ) ;
#5118 = EDGE_CURVE ( 'NONE', #1553, #1058, #3494, .T. ) ;
#5119 = VERTEX_POINT ( 'NONE', #203 ) ;
#5120 = ORIENTED_EDGE ( 'NONE', *, *, #2607, .F. ) ;
#5121 = DIRECTION ( 'NONE',  ( 0.000000000000000000, -1.000000000000000000, 0.000000000000000000 ) ) ;
#5122 = EDGE_CURVE ( 'NONE', #2664, #2650, #3657, .T. ) ;
#5123 = CARTESIAN_POINT ( 'NONE',  ( 7.700000000000003730, 3.439999999999990177, 7.499999999999992895 ) ) ;
#5124 = EDGE_CURVE ( 'NONE', #4030, #5409, #2913, .T. ) ;
#5125 = CARTESIAN_POINT ( 'NONE',  ( 4.500000000000002665, 3.264433555251688990, 7.499999999999996447 ) ) ;
#5126 = ORIENTED_EDGE ( 'NONE', *, *, #933, .F. ) ;
#5127 = CIRCLE ( 'NONE', #2685, 100.0000000000000000 ) ;
#5128 = CARTESIAN_POINT ( 'NONE',  ( 1.908195823574487804E-14, -103.1631322454748840, -11.50000000000000000 ) ) ;
#5129 = FACE_OUTER_BOUND ( 'NONE', #4544, .T. ) ;
#5130 = CARTESIAN_POINT ( 'NONE',  ( 4.500000000000002665, -3.264433555251688990, -12.50000000000000000 ) ) ;
#5131 = AXIS2_PLACEMENT_3D ( 'NONE', #360, #3063, #2084 ) ;
#5132 = DIRECTION ( 'NONE',  ( 0.000000000000000000, 0.000000000000000000, 1.000000000000000000 ) ) ;
#5133 = FACE_OUTER_BOUND ( 'NONE', #2402, .T. ) ;
#5134 = VERTEX_POINT ( 'NONE', #2049 ) ;
#5135 = DIRECTION ( 'NONE',  ( 0.9983713344239767418, 0.05704979053851286230, -0.000000000000000000 ) ) ;
#5136 = CIRCLE ( 'NONE', #1356, 7.500000000000003553 ) ;
#5137 = LINE ( 'NONE', #2646, #679 ) ;
#5138 = DIRECTION ( 'NONE',  ( 0.000000000000000000, 0.000000000000000000, 1.000000000000000000 ) ) ;
#5139 = ORIENTED_EDGE ( 'NONE', *, *, #5147, .T. ) ;
#5140 = DIRECTION ( 'NONE',  ( -0.000000000000000000, -0.000000000000000000, -1.000000000000000000 ) ) ;
#5141 = ORIENTED_EDGE ( 'NONE', *, *, #4426, .T. ) ;
#5142 = CARTESIAN_POINT ( 'NONE',  ( 8.709467276910027422, 2.309886461177176553, -11.70217684440902239 ) ) ;
#5143 = PLANE ( 'NONE',  #3583 ) ;
#5144 = ORIENTED_EDGE ( 'NONE', *, *, #552, .T. ) ;
#5145 = FACE_OUTER_BOUND ( 'NONE', #3684, .T. ) ;
#5146 = VERTEX_POINT ( 'NONE', #5379 ) ;
#5147 = EDGE_CURVE ( 'NONE', #1710, #4210, #3767, .T. ) ;
#5148 = VERTEX_POINT ( 'NONE', #1637 ) ;
#5149 = CARTESIAN_POINT ( 'NONE',  ( 1.700000000000003508, -3.099999999999989875, -11.88616932144765137 ) ) ;
#5150 = CARTESIAN_POINT ( 'NONE',  ( 6.510884801342305295, 2.353351634660918013, -12.50000000000000000 ) ) ;
#5151 = CARTESIAN_POINT ( 'NONE',  ( -9.675261030595610379, -1.813264557011059264, 6.607369538119470143 ) ) ;
#5152 = B_SPLINE_CURVE_WITH_KNOTS ( 'NONE', 3,
 ( #4651, #3440, #2647, #4817 ),
 .UNSPECIFIED., .F., .F.,
 ( 4, 4 ),
 ( 0.001271730993686521951, 0.001666133876955216975 ),
 .UNSPECIFIED. ) ;
#5153 = EDGE_LOOP ( 'NONE', ( #5304, #5141, #1635, #90 ) ) ;
#5154 = EDGE_CURVE ( 'NONE', #1985, #3731, #2552, .T. ) ;
#5155 = CYLINDRICAL_SURFACE ( 'NONE', #2746, 100.0000000000000000 ) ;
#5156 = ADVANCED_FACE ( 'NONE', ( #4102 ), #3689, .T. ) ;
#5157 = DIRECTION ( 'NONE',  ( -0.9983713344239767418, -0.05704979053851313292, -2.474140273667954257E-17 ) ) ;
#5158 = FACE_OUTER_BOUND ( 'NONE', #3270, .T. ) ;
#5159 = CARTESIAN_POINT ( 'NONE',  ( -5.717893271169966596, -3.099999999999989875, -12.13363453504174316 ) ) ;
#5160 = DIRECTION ( 'NONE',  ( -0.000000000000000000, -0.000000000000000000, -1.000000000000000000 ) ) ;
#5161 = VERTEX_POINT ( 'NONE', #267 ) ;
#5162 = EDGE_CURVE ( 'NONE', #910, #5549, #5430, .T. ) ;
#5163 = CARTESIAN_POINT ( 'NONE',  ( -7.499999999999998224, -3.354821815831151799, 4.299999999999999822 ) ) ;
#5164 = PLANE ( 'NONE',  #4557 ) ;
#5165 = ORIENTED_EDGE ( 'NONE', *, *, #5465, .F. ) ;
#5166 = CARTESIAN_POINT ( 'NONE',  ( 7.514780480931477769, 3.429416027481789087, -11.22139843488419331 ) ) ;
#5167 = ORIENTED_EDGE ( 'NONE', *, *, #2829, .F. ) ;
#5168 = CARTESIAN_POINT ( 'NONE',  ( 6.768459855226613087, 2.350775211808401988, -12.47519506254707622 ) ) ;
#5169 = DIRECTION ( 'NONE',  ( -1.000000000000000000, 3.469446951953611033E-15, 0.000000000000000000 ) ) ;
#5170 = ORIENTED_EDGE ( 'NONE', *, *, #4149, .T. ) ;
#5171 = FACE_OUTER_BOUND ( 'NONE', #3480, .T. ) ;
#5172 = AXIS2_PLACEMENT_3D ( 'NONE', #1837, #101, #2254 ) ;
#5173 = ORIENTED_EDGE ( 'NONE', *, *, #1440, .T. ) ;
#5174 = FACE_OUTER_BOUND ( 'NONE', #5370, .T. ) ;
#5175 = CARTESIAN_POINT ( 'NONE',  ( -17.50000000000000000, -4.898587196589413026E-15, -10.59999999999999964 ) ) ;
#5176 = EDGE_CURVE ( 'NONE', #3402, #2506, #2133, .T. ) ;
#5177 = CARTESIAN_POINT ( 'NONE',  ( 10.50000000000000533, 3.417018782847186742, 8.182424816514121346 ) ) ;
#5178 = ORIENTED_EDGE ( 'NONE', *, *, #4040, .T. ) ;
#5179 = FACE_OUTER_BOUND ( 'NONE', #3364, .T. ) ;
#5180 = DIRECTION ( 'NONE',  ( -0.000000000000000000, -0.000000000000000000, 1.000000000000000000 ) ) ;
#5181 = CIRCLE ( 'NONE', #3922, 100.0000000000000000 ) ;
#5182 = CARTESIAN_POINT ( 'NONE',  ( 3.700000000000003730, -3.099999999999989875, 12.50013049999998138 ) ) ;
#5183 = CARTESIAN_POINT ( 'NONE',  ( 6.500000000000004441, -3.276509441095240671, 7.996817339189782103 ) ) ;
#5184 = EDGE_CURVE ( 'NONE', #2242, #1256, #1292, .T. ) ;
#5185 = DIRECTION ( 'NONE',  ( 0.000000000000000000, -1.000000000000000000, 0.000000000000000000 ) ) ;
#5186 = VECTOR ( 'NONE', #279, 1000.000000000000000 ) ;
#5187 = ORIENTED_EDGE ( 'NONE', *, *, #1650, .F. ) ;
#5188 = AXIS2_PLACEMENT_3D ( 'NONE', #803, #2522, #377 ) ;
#5189 = DIRECTION ( 'NONE',  ( 0.9983713344239767418, 0.05704979053851307741, -0.000000000000000000 ) ) ;
#5190 = CARTESIAN_POINT ( 'NONE',  ( 3.700000000000003730, 3.231605688536891563, 7.673671840598601968 ) ) ;
#5191 = EDGE_CURVE ( 'NONE', #5044, #5029, #460, .T. ) ;
#5192 = ORIENTED_EDGE ( 'NONE', *, *, #1326, .T. ) ;
#5193 = ADVANCED_FACE ( 'NONE', ( #405 ), #890, .F. ) ;
#5194 = CARTESIAN_POINT ( 'NONE',  ( 8.524833148348298195, -3.487133322762750787, -10.50374684617417742 ) ) ;
#5195 = CIRCLE ( 'NONE', #777, 3.000000000000000000 ) ;
#5196 = ORIENTED_EDGE ( 'NONE', *, *, #4597, .F. ) ;
#5197 = AXIS2_PLACEMENT_3D ( 'NONE', #3635, #2702, #3607 ) ;
#5198 = CARTESIAN_POINT ( 'NONE',  ( 8.027998770213708113, 3.458742786869361208, -12.23879321487796190 ) ) ;
#5199 = CARTESIAN_POINT ( 'NONE',  ( -9.980144405469127733, -0.8214126199188114263, 5.897596735549925917 ) ) ;
#5200 = ORIENTED_EDGE ( 'NONE', *, *, #3637, .T. ) ;
#5201 = DIRECTION ( 'NONE',  ( -1.000000000000000000, 0.000000000000000000, 0.000000000000000000 ) ) ;
#5202 = ORIENTED_EDGE ( 'NONE', *, *, #4259, .F. ) ;
#5203 = FACE_OUTER_BOUND ( 'NONE', #1853, .T. ) ;
#5204 = CYLINDRICAL_SURFACE ( 'NONE', #2658, 3.000000000000000000 ) ;
#5205 = CARTESIAN_POINT ( 'NONE',  ( 17.02064836491032551, 3.971238545148853216, 7.556108321332839495 ) ) ;
#5206 = ORIENTED_EDGE ( 'NONE', *, *, #2390, .F. ) ;
#5207 = EDGE_LOOP ( 'NONE', ( #253, #1177, #683, #3415, #3302, #2099, #1143, #3392, #1653, #3752, #1790 ) ) ;
#5208 = LINE ( 'NONE', #65, #2421 ) ;
#5209 = EDGE_CURVE ( 'NONE', #1281, #117, #2881, .T. ) ;
#5210 = CARTESIAN_POINT ( 'NONE',  ( 9.700000000000004619, -4.898587196589413026E-15, -2.400000000000001243 ) ) ;
#5211 = CARTESIAN_POINT ( 'NONE',  ( -9.386737788622827594, 2.534753694037974014, -11.50000000000000000 ) ) ;
#5212 = CARTESIAN_POINT ( 'NONE',  ( -3.499999999999996003, 3.099999999999989875, -11.98290071708176363 ) ) ;
#5213 = CARTESIAN_POINT ( 'NONE',  ( -2.299999999999996270, -3.158676524421009102, -11.78453224926046516 ) ) ;
#5214 = VECTOR ( 'NONE', #5504, 999.9999999999998863 ) ;
#5215 = ORIENTED_EDGE ( 'NONE', *, *, #2982, .T. ) ;
#5216 = EDGE_CURVE ( 'NONE', #744, #3025, #3027, .T. ) ;
#5217 = AXIS2_PLACEMENT_3D ( 'NONE', #1784, #3436, #2980 ) ;
#5218 = CARTESIAN_POINT ( 'NONE',  ( 5.700000000000003730, 3.099999999999989875, 8.132388084136627171 ) ) ;
#5219 = ORIENTED_EDGE ( 'NONE', *, *, #3219, .T. ) ;
#5220 = CARTESIAN_POINT ( 'NONE',  ( 1.700000000000003508, 3.177583289638278075, -11.50000000000000000 ) ) ;
#5221 = ORIENTED_EDGE ( 'NONE', *, *, #4989, .F. ) ;
#5222 = B_SPLINE_CURVE_WITH_KNOTS ( 'NONE', 3,
 ( #1470, #2279, #2816, #4029 ),
 .UNSPECIFIED., .F., .F.,
 ( 4, 4 ),
 ( 0.001744023655932925958, 0.002307090924242655855 ),
 .UNSPECIFIED. ) ;
#5223 = AXIS2_PLACEMENT_3D ( 'NONE', #514, #3563, #1830 ) ;
#5224 = CARTESIAN_POINT ( 'NONE',  ( 7.175797835575671080, 3.410045590604314558, -11.35096025517310281 ) ) ;
#5225 = ADVANCED_FACE ( 'NONE', ( #1769, #1744 ), #3453, .T. ) ;
#5226 = B_SPLINE_CURVE_WITH_KNOTS ( 'NONE', 3,
 ( #341, #4173, #371, #2095 ),
 .UNSPECIFIED., .F., .F.,
 ( 4, 4 ),
 ( 0.001281246563729130424, 0.002082071240100103002 ),
 .UNSPECIFIED. ) ;
#5227 = EDGE_CURVE ( 'NONE', #1281, #431, #1946, .T. ) ;
#5228 = DIRECTION ( 'NONE',  ( -1.000000000000000000, 0.000000000000000000, 0.000000000000000000 ) ) ;
#5229 = ORIENTED_EDGE ( 'NONE', *, *, #2968, .T. ) ;
#5230 = DIRECTION ( 'NONE',  ( 0.000000000000000000, 0.000000000000000000, 1.000000000000000000 ) ) ;
#5231 = ORIENTED_EDGE ( 'NONE', *, *, #4951, .F. ) ;
#5232 = CARTESIAN_POINT ( 'NONE',  ( -0.2999999999999964362, 3.099999999999989875, 7.850886385300971604 ) ) ;
#5233 = CARTESIAN_POINT ( 'NONE',  ( 9.700000000000004619, -3.099999999999989875, -10.33799286859240674 ) ) ;
#5234 = EDGE_LOOP ( 'NONE', ( #765, #4763, #2125, #2453 ) ) ;
#5235 = VERTEX_POINT ( 'NONE', #1233 ) ;
#5236 = CARTESIAN_POINT ( 'NONE',  ( -3.499999999999996003, 3.099999999999989875, -11.98290071708176363 ) ) ;
#5237 = CARTESIAN_POINT ( 'NONE',  ( -9.386737788622827594, 2.534753694037974459, -12.50000000000000000 ) ) ;
#5238 = DIRECTION ( 'NONE',  ( 0.000000000000000000, 0.000000000000000000, 1.000000000000000000 ) ) ;
#5239 = CARTESIAN_POINT ( 'NONE',  ( 4.500000000000003553, -3.099999999999989875, 12.50013049999998138 ) ) ;
#5240 = CARTESIAN_POINT ( 'NONE',  ( -7.499999999999998224, -3.999999999999989786, 12.50013049999998138 ) ) ;
#5241 = ORIENTED_EDGE ( 'NONE', *, *, #1392, .T. ) ;
#5242 = CARTESIAN_POINT ( 'NONE',  ( -8.299999999999998934, -3.101875114969946168, 7.449973395662832232 ) ) ;
#5243 = FACE_OUTER_BOUND ( 'NONE', #5302, .T. ) ;
#5244 = ORIENTED_EDGE ( 'NONE', *, *, #2122, .F. ) ;
#5245 = DIRECTION ( 'NONE',  ( 0.000000000000000000, -0.000000000000000000, -1.000000000000000000 ) ) ;
#5246 = EDGE_CURVE ( 'NONE', #3341, #3518, #588, .T. ) ;
#5247 = VERTEX_POINT ( 'NONE', #4754 ) ;
#5248 = CARTESIAN_POINT ( 'NONE',  ( 10.20099298806098709, 3.582913885031947743, -10.50141746250601216 ) ) ;
#5249 = EDGE_LOOP ( 'NONE', ( #5221, #12, #1458, #2275, #4775, #1621 ) ) ;
#5250 = CARTESIAN_POINT ( 'NONE',  ( 17.50000000000000000, -5.204170427930421283E-15, 8.500000000000000000 ) ) ;
#5251 = ADVANCED_FACE ( 'NONE', ( #4327 ), #5204, .T. ) ;
#5252 = ORIENTED_EDGE ( 'NONE', *, *, #388, .T. ) ;
#5253 =( BOUNDED_CURVE ( )  B_SPLINE_CURVE ( 3, ( #164, #2925, #5391, #1647 ),
 .UNSPECIFIED., .F., .F. ) 
 B_SPLINE_CURVE_WITH_KNOTS ( ( 4, 4 ),
 ( 5.389217580472484670, 6.283185307179586232 ),
 .UNSPECIFIED. ) 
 CURVE ( )  GEOMETRIC_REPRESENTATION_ITEM ( )  RATIONAL_B_SPLINE_CURVE ( ( 1.000000000000000000, 0.9345032800895155534, 0.9345032800895155534, 1.000000000000000000 ) ) 
 REPRESENTATION_ITEM ( '' )  );
#5254 = CYLINDRICAL_SURFACE ( 'NONE', #4912, 3.000000000000000000 ) ;
#5255 = EDGE_CURVE ( 'NONE', #3906, #5453, #2385, .T. ) ;
#5256 = EDGE_CURVE ( 'NONE', #3648, #3671, #2751, .T. ) ;
#5257 = VERTEX_POINT ( 'NONE', #1691 ) ;
#5258 = ORIENTED_EDGE ( 'NONE', *, *, #3778, .F. ) ;
#5259 = DIRECTION ( 'NONE',  ( -1.000000000000000000, 0.000000000000000000, 0.000000000000000000 ) ) ;
#5260 = CARTESIAN_POINT ( 'NONE',  ( -7.272790381312479902, 2.377852690017909332, 8.500000000000000000 ) ) ;
#5261 = CARTESIAN_POINT ( 'NONE',  ( 10.50000000000000355, -3.417018782847185854, 8.182424816514121346 ) ) ;
#5262 = CARTESIAN_POINT ( 'NONE',  ( -17.50000000000000000, -4.898587196589413026E-15, -10.59999999999999964 ) ) ;
#5263 = CARTESIAN_POINT ( 'NONE',  ( -8.299999999999998934, -3.099999999999989875, 7.474302974754222006 ) ) ;
#5264 = DIRECTION ( 'NONE',  ( 1.000000000000000000, 0.000000000000000000, 0.000000000000000000 ) ) ;
#5265 = VERTEX_POINT ( 'NONE', #5123 ) ;
#5266 = AXIS2_PLACEMENT_3D ( 'NONE', #1844, #1928, #1902 ) ;
#5267 = B_SPLINE_CURVE_WITH_KNOTS ( 'NONE', 3,
 ( #4502, #4582, #4611, #210 ),
 .UNSPECIFIED., .F., .F.,
 ( 4, 4 ),
 ( 0.001247255737130567154, 0.001682784471384833180 ),
 .UNSPECIFIED. ) ;
#5268 = CARTESIAN_POINT ( 'NONE',  ( 1.908195823574487804E-14, -103.1631322454748840, 7.500000000000000000 ) ) ;
#5269 = CARTESIAN_POINT ( 'NONE',  ( -1.499999999999996225, -3.148962753206159704, 7.758696668875472824 ) ) ;
#5270 = VECTOR ( 'NONE', #4230, 1000.000000000000000 ) ;
#5271 = DIRECTION ( 'NONE',  ( 0.000000000000000000, 0.000000000000000000, 1.000000000000000000 ) ) ;
#5272 = ORIENTED_EDGE ( 'NONE', *, *, #831, .T. ) ;
#5273 = DIRECTION ( 'NONE',  ( 1.000000000000000000, 0.000000000000000000, -0.000000000000000000 ) ) ;
#5274 = VECTOR ( 'NONE', #440, 1000.000000000000000 ) ;
#5275 = ORIENTED_EDGE ( 'NONE', *, *, #1581, .T. ) ;
#5276 = B_SPLINE_CURVE_WITH_KNOTS ( 'NONE', 3,
 ( #2500, #784, #1617, #2921 ),
 .UNSPECIFIED., .F., .F.,
 ( 4, 4 ),
 ( 0.001283121052493674686, 0.002083990688566775620 ),
 .UNSPECIFIED. ) ;
#5277 = CARTESIAN_POINT ( 'NONE',  ( -6.299999999999996270, -3.099999999999989875, 8.172140692246692595 ) ) ;
#5278 = ADVANCED_FACE ( 'NONE', ( #4861 ), #5254, .T. ) ;
#5279 = EDGE_LOOP ( 'NONE', ( #4841, #4493, #5202, #3476, #1337, #847 ) ) ;
#5280 = DIRECTION ( 'NONE',  ( -0.9983713344239767418, -0.05704979053851286230, 0.000000000000000000 ) ) ;
#5281 = AXIS2_PLACEMENT_3D ( 'NONE', #4275, #381, #2081 ) ;
#5282 = CLOSED_SHELL ( 'NONE', ( #1546, #3006, #184, #1821, #311, #1686, #4221, #4629, #698, #3566, #1464, #4615, #2900, #4006, #461, #5225, #526, #4448, #5047, #3603, #146, #2317, #3735, #362, #1114, #944, #3111, #1270, #5445, #4736, #99, #2389, #1568, #5529, #2736, #1042, #553, #3213, #169, #1471, #4347, #3185, #3747, #4411, #5251, #3709, #5193, #3947, #1430, #2214, #3396, #528, #4975, #2771, #1720, #4898, #495, #5278, #328, #3167, #416, #382, #2907, #767, #4937, #287, #3983, #4746, #3528, #1121, #4981, #596, #4120, #1294, #3102, #3503, #3, #2357, #2263, #15, #5516, #3463, #2157, #839, #4155, #2452, #1091, #3076, #3638, #4943, #4596, #3000, #2976, #3218, #34, #4778, #2765, #3325, #4110, #390, #144, #2894, #4657, #487, #7, #5054, #5499, #2343, #2874, #4497, #5291, #979, #2524, #1255, #5390, #1226, #2225, #3011, #354, #3431, #256, #2359, #318, #5571, #3663, #2046, #692, #4219, #2164, #1791, #807, #2706, #882, #423, #4727, #2113, #185, #4661, #2325, #5156, #5485, #1014, #3449, #2091, #4591, #4047, #1989, #3361, #4441, #579, #398, #1496, #3846, #4907, #1981, #3316, #3360 ) ) ;
#5283 = CIRCLE ( 'NONE', #234, 1.000000000000000222 ) ;
#5284 = EDGE_CURVE ( 'NONE', #50, #550, #3475, .T. ) ;
#5285 = VECTOR ( 'NONE', #1305, 1000.000000000000000 ) ;
#5286 = VERTEX_POINT ( 'NONE', #1397 ) ;
#5287 = PLANE ( 'NONE',  #5376 ) ;
#5288 = CARTESIAN_POINT ( 'NONE',  ( -0.03331168182424539687, 3.099999999999989875, -11.84875259146597237 ) ) ;
#5289 = ORIENTED_EDGE ( 'NONE', *, *, #1093, .T. ) ;
#5290 = CARTESIAN_POINT ( 'NONE',  ( 1.700000000000003508, -3.099999999999989875, -11.88616932144765137 ) ) ;
#5291 = ADVANCED_FACE ( 'NONE', ( #2662 ), #2291, .F. ) ;
#5292 = EDGE_CURVE ( 'NONE', #3340, #2898, #3079, .T. ) ;
#5293 = LINE ( 'NONE', #3060, #3293 ) ;
#5294 = LINE ( 'NONE', #1434, #2208 ) ;
#5295 = CARTESIAN_POINT ( 'NONE',  ( -9.386737788622824041, -2.534753694037973570, -10.59999999999999964 ) ) ;
#5296 = CARTESIAN_POINT ( 'NONE',  ( -9.035185857913203833, 2.639848423270853228, 8.013801122983853276 ) ) ;
#5297 = ORIENTED_EDGE ( 'NONE', *, *, #623, .T. ) ;
#5298 = DIRECTION ( 'NONE',  ( 0.000000000000000000, -0.000000000000000000, -1.000000000000000000 ) ) ;
#5299 = CARTESIAN_POINT ( 'NONE',  ( -5.499999999999994671, 3.314496801619173816, 7.499999999999996447 ) ) ;
#5300 = CIRCLE ( 'NONE', #1069, 0.9999999999999996669 ) ;
#5301 = CARTESIAN_POINT ( 'NONE',  ( -9.386737788622824041, -2.534753694037974014, -11.50000000000000000 ) ) ;
#5302 = EDGE_LOOP ( 'NONE', ( #4953, #1746, #386, #3154 ) ) ;
#5303 = DIRECTION ( 'NONE',  ( -0.000000000000000000, -0.000000000000000000, -1.000000000000000000 ) ) ;
#5304 = ORIENTED_EDGE ( 'NONE', *, *, #1789, .T. ) ;
#5305 = DIRECTION ( 'NONE',  ( 0.000000000000000000, 0.000000000000000000, 1.000000000000000000 ) ) ;
#5306 = AXIS2_PLACEMENT_3D ( 'NONE', #3577, #5303, #2731 ) ;
#5307 = ORIENTED_EDGE ( 'NONE', *, *, #4453, .T. ) ;
#5308 = CARTESIAN_POINT ( 'NONE',  ( 8.500000000000003553, -3.099999999999989875, -11.57009311301509058 ) ) ;
#5309 = CIRCLE ( 'NONE', #4494, 2.149999999999997247 ) ;
#5310 = CARTESIAN_POINT ( 'NONE',  ( 9.700000000000004619, 3.099999999999989875, -10.33799286859486344 ) ) ;
#5311 = CARTESIAN_POINT ( 'NONE',  ( -9.386737788622824041, -2.534753694037974014, -12.50000000000000000 ) ) ;
#5312 = AXIS2_PLACEMENT_3D ( 'NONE', #4939, #4509, #5305 ) ;
#5313 = VERTEX_POINT ( 'NONE', #996 ) ;
#5314 = DIRECTION ( 'NONE',  ( -1.000000000000000000, 0.000000000000000000, 0.000000000000000000 ) ) ;
#5315 = CARTESIAN_POINT ( 'NONE',  ( -10.29999999999999716, 3.099999999999989875, 12.50013049999998138 ) ) ;
#5316 = EDGE_CURVE ( 'NONE', #4258, #1964, #3490, .T. ) ;
#5317 = ORIENTED_EDGE ( 'NONE', *, *, #5292, .T. ) ;
#5318 = DIRECTION ( 'NONE',  ( 1.000000000000000000, 0.000000000000000000, 0.000000000000000000 ) ) ;
#5319 = CARTESIAN_POINT ( 'NONE',  ( 7.700000000000003730, 3.439999999999990177, 7.499999999999992895 ) ) ;
#5320 = DIRECTION ( 'NONE',  ( 1.000000000000000000, 0.000000000000000000, -0.000000000000000000 ) ) ;
#5321 = DIRECTION ( 'NONE',  ( -0.000000000000000000, -0.000000000000000000, -1.000000000000000000 ) ) ;
#5322 = CARTESIAN_POINT ( 'NONE',  ( -8.869074754727986232, 1.792459352509916837, 7.984364633232269526 ) ) ;
#5323 = EDGE_CURVE ( 'NONE', #2282, #4821, #4284, .T. ) ;
#5324 = EDGE_CURVE ( 'NONE', #3699, #3402, #4804, .T. ) ;
#5325 = ORIENTED_EDGE ( 'NONE', *, *, #4418, .F. ) ;
#5326 = CARTESIAN_POINT ( 'NONE',  ( 4.500000000000003553, -3.099999999999989875, -12.04913639408008663 ) ) ;
#5327 = DIRECTION ( 'NONE',  ( -1.000000000000000000, 0.000000000000000000, 0.000000000000000000 ) ) ;
#5328 = CARTESIAN_POINT ( 'NONE',  ( 9.329687998084308376, -3.533125028461950645, -8.500000000000000000 ) ) ;
#5329 = DIRECTION ( 'NONE',  ( -0.9983713344239767418, 0.05704979053851286230, 0.000000000000000000 ) ) ;
#5330 = ORIENTED_EDGE ( 'NONE', *, *, #4180, .F. ) ;
#5331 = CARTESIAN_POINT ( 'NONE',  ( -4.299999999999994493, 3.255625020041619244, 7.499999999999996447 ) ) ;
#5332 = EDGE_CURVE ( 'NONE', #22, #1799, #3370, .T. ) ;
#5333 = B_SPLINE_CURVE_WITH_KNOTS ( 'NONE', 3,
 ( #3403, #5542, #1695, #3854, #4331, #1269, #2553, #4274 ),
 .UNSPECIFIED., .F., .F.,
 ( 4, 2, 2, 4 ),
 ( 0.000000000000000000, 0.001125807152688369263, 0.001688710729032554978, 0.002251614305376740694 ),
 .UNSPECIFIED. ) ;
#5334 = ORIENTED_EDGE ( 'NONE', *, *, #799, .T. ) ;
#5335 = CARTESIAN_POINT ( 'NONE',  ( -17.50000000000000355, 3.999999999999989786, 4.300000000000001599 ) ) ;
#5336 = ORIENTED_EDGE ( 'NONE', *, *, #1457, .F. ) ;
#5337 = DIRECTION ( 'NONE',  ( -0.000000000000000000, -0.000000000000000000, -1.000000000000000000 ) ) ;
#5338 = CARTESIAN_POINT ( 'NONE',  ( 9.700000000000004619, 3.258882629844793488, -10.06117034634171681 ) ) ;
#5339 = CARTESIAN_POINT ( 'NONE',  ( -10.29999999999999716, 3.099999999999989875, 4.299999999999999822 ) ) ;
#5340 = ORIENTED_EDGE ( 'NONE', *, *, #1192, .F. ) ;
#5341 = CYLINDRICAL_SURFACE ( 'NONE', #685, 2.149999999999999023 ) ;
#5342 = CARTESIAN_POINT ( 'NONE',  ( 9.700000000000004619, -3.554285714285704945, 7.845244180766579589 ) ) ;
#5343 = ORIENTED_EDGE ( 'NONE', *, *, #1814, .F. ) ;
#5344 = ORIENTED_EDGE ( 'NONE', *, *, #5316, .T. ) ;
#5345 = CARTESIAN_POINT ( 'NONE',  ( -8.860665540358457548, 2.774439675926052562, 7.225635304337026277 ) ) ;
#5346 = CARTESIAN_POINT ( 'NONE',  ( 3.700000000000003730, 3.099999999999989875, 12.50013049999998138 ) ) ;
#5347 = CARTESIAN_POINT ( 'NONE',  ( 6.229289335831391661, 3.099999999999989875, 8.168050987964512899 ) ) ;
#5348 = DIRECTION ( 'NONE',  ( -1.000000000000000000, 0.000000000000000000, 0.000000000000000000 ) ) ;
#5349 = PLANE ( 'NONE',  #4954 ) ;
#5350 = ORIENTED_EDGE ( 'NONE', *, *, #2562, .F. ) ;
#5351 = CYLINDRICAL_SURFACE ( 'NONE', #2472, 3.999999999999996447 ) ;
#5352 = CARTESIAN_POINT ( 'NONE',  ( -8.595638587523428242, -2.961655373774036093, 7.331545169069022982 ) ) ;
#5353 = VECTOR ( 'NONE', #3961, 1000.000000000000000 ) ;
#5354 = EDGE_CURVE ( 'NONE', #2684, #113, #2744, .T. ) ;
#5355 = DIRECTION ( 'NONE',  ( 1.000000000000000000, 0.000000000000000000, -0.000000000000000000 ) ) ;
#5356 = DIRECTION ( 'NONE',  ( 0.000000000000000000, 0.000000000000000000, -1.000000000000000000 ) ) ;
#5357 = CARTESIAN_POINT ( 'NONE',  ( -6.299999999999996270, 3.099999999999989875, 8.172140692246692595 ) ) ;
#5358 = DIRECTION ( 'NONE',  ( 0.000000000000000000, 0.000000000000000000, 1.000000000000000000 ) ) ;
#5359 = VERTEX_POINT ( 'NONE', #1374 ) ;
#5360 = CIRCLE ( 'NONE', #5266, 100.0000000000000000 ) ;
#5361 = CARTESIAN_POINT ( 'NONE',  ( -7.499999999999998224, 3.428571428571419055, -12.50000000000000000 ) ) ;
#5362 = EDGE_CURVE ( 'NONE', #790, #1451, #4889, .T. ) ;
#5363 = ORIENTED_EDGE ( 'NONE', *, *, #2968, .F. ) ;
#5364 = EDGE_CURVE ( 'NONE', #2857, #1286, #3987, .T. ) ;
#5365 = VECTOR ( 'NONE', #1027, 1000.000000000000000 ) ;
#5366 = CARTESIAN_POINT ( 'NONE',  ( 8.500000000000003553, -3.485714285714275995, -10.52047469765305365 ) ) ;
#5367 = CARTESIAN_POINT ( 'NONE',  ( 5.717893271170003011, 3.099999999999989875, -12.13363453504173783 ) ) ;
#5368 = CARTESIAN_POINT ( 'NONE',  ( 9.386737788622822265, -2.534753694037974014, -2.400000000000001243 ) ) ;
#5369 = AXIS2_PLACEMENT_3D ( 'NONE', #2527, #5157, #5544 ) ;
#5370 = EDGE_LOOP ( 'NONE', ( #1343, #2899, #4371, #4299 ) ) ;
#5371 = CARTESIAN_POINT ( 'NONE',  ( -10.21165997501151956, 3.099999999999989875, -10.59999999999999964 ) ) ;
#5372 = DIRECTION ( 'NONE',  ( -0.000000000000000000, -0.000000000000000000, -1.000000000000000000 ) ) ;
#5373 = CIRCLE ( 'NONE', #4195, 10.49999999999999822 ) ;
#5374 = ORIENTED_EDGE ( 'NONE', *, *, #4390, .F. ) ;
#5375 = CARTESIAN_POINT ( 'NONE',  ( -0.2999999999999964362, 3.099999999999989875, 12.50013049999998138 ) ) ;
#5376 = AXIS2_PLACEMENT_3D ( 'NONE', #4780, #1881, #2290 ) ;
#5377 = EDGE_LOOP ( 'NONE', ( #156, #2329, #123, #4445 ) ) ;
#5378 = CARTESIAN_POINT ( 'NONE',  ( 10.34123922525543016, -2.236547377092330091, -2.400000000000001243 ) ) ;
#5379 = CARTESIAN_POINT ( 'NONE',  ( 1.700000000000003508, 3.099999999999989875, 7.886169321447616731 ) ) ;
#5380 = FACE_OUTER_BOUND ( 'NONE', #3587, .T. ) ;
#5381 = CARTESIAN_POINT ( 'NONE',  ( 17.50000000000000000, -4.898587196589413026E-15, -2.400000000000001243 ) ) ;
#5382 = ORIENTED_EDGE ( 'NONE', *, *, #4034, .F. ) ;
#5383 = CARTESIAN_POINT ( 'NONE',  ( 10.50000000000000355, 3.099999999999989875, 12.50013049999998138 ) ) ;
#5384 = CARTESIAN_POINT ( 'NONE',  ( -4.033367980545651044, -3.099999999999989875, 8.017473677528952791 ) ) ;
#5385 = CARTESIAN_POINT ( 'NONE',  ( 0.5000000000000038858, 3.099999999999989875, -11.85301264434293955 ) ) ;
#5386 = DIRECTION ( 'NONE',  ( -0.000000000000000000, -0.000000000000000000, 1.000000000000000000 ) ) ;
#5387 = DIRECTION ( 'NONE',  ( 0.000000000000000000, 0.000000000000000000, 1.000000000000000000 ) ) ;
#5388 = LINE ( 'NONE', #2502, #4765 ) ;
#5389 = ORIENTED_EDGE ( 'NONE', *, *, #5108, .F. ) ;
#5390 = ADVANCED_FACE ( 'NONE', ( #1909 ), #89, .F. ) ;
#5391 = CARTESIAN_POINT ( 'NONE',  ( -8.299999999999998934, -3.474285714285703985, -11.80836181279626729 ) ) ;
#5392 = ORIENTED_EDGE ( 'NONE', *, *, #2734, .F. ) ;
#5393 = CARTESIAN_POINT ( 'NONE',  ( 8.500000000000001776, -3.334960578401314546, -11.26539519003087086 ) ) ;
#5394 = ORIENTED_EDGE ( 'NONE', *, *, #917, .T. ) ;
#5395 = EDGE_CURVE ( 'NONE', #2460, #985, #1827, .T. ) ;
#5396 = EDGE_CURVE ( 'NONE', #5549, #2001, #2817, .T. ) ;
#5397 = PLANE ( 'NONE',  #4010 ) ;
#5398 = LINE ( 'NONE', #1567, #1976 ) ;
#5399 = VERTEX_POINT ( 'NONE', #1022 ) ;
#5400 = VECTOR ( 'NONE', #1947, 1000.000000000000000 ) ;
#5401 = DIRECTION ( 'NONE',  ( -0.000000000000000000, -0.000000000000000000, 1.000000000000000000 ) ) ;
#5402 = CARTESIAN_POINT ( 'NONE',  ( 1.908195823574487804E-14, -103.1631322454748840, -12.50000000000000000 ) ) ;
#5403 = VERTEX_POINT ( 'NONE', #594 ) ;
#5404 = VECTOR ( 'NONE', #339, 1000.000000000000000 ) ;
#5405 = DIRECTION ( 'NONE',  ( 0.000000000000000000, -1.000000000000000000, 0.000000000000000000 ) ) ;
#5406 = CARTESIAN_POINT ( 'NONE',  ( 9.329687998084311928, 3.533125028461951089, -2.400000000000001243 ) ) ;
#5407 = DIRECTION ( 'NONE',  ( 1.000000000000000000, -8.931249579286532309E-15, 0.000000000000000000 ) ) ;
#5408 = CARTESIAN_POINT ( 'NONE',  ( -9.330657690423310058, -2.334952328013478073, 7.735663882661833135 ) ) ;
#5409 = VERTEX_POINT ( 'NONE', #2318 ) ;
#5410 = LINE ( 'NONE', #4162, #1854 ) ;
#5411 = CARTESIAN_POINT ( 'NONE',  ( 8.920059872151643532, -2.302709323899531757, -11.53671219020495897 ) ) ;
#5412 = CARTESIAN_POINT ( 'NONE',  ( 10.31351089256003561, -2.238199796321962420, -9.034414740544075784 ) ) ;
#5413 = LINE ( 'NONE', #3997, #700 ) ;
#5414 = DIRECTION ( 'NONE',  ( -0.000000000000000000, -0.000000000000000000, -1.000000000000000000 ) ) ;
#5415 = ORIENTED_EDGE ( 'NONE', *, *, #3710, .T. ) ;
#5416 = FACE_OUTER_BOUND ( 'NONE', #3867, .T. ) ;
#5417 = ORIENTED_EDGE ( 'NONE', *, *, #5429, .F. ) ;
#5418 = FACE_OUTER_BOUND ( 'NONE', #3815, .T. ) ;
#5419 = EDGE_CURVE ( 'NONE', #454, #2533, #2735, .T. ) ;
#5420 = ORIENTED_EDGE ( 'NONE', *, *, #2608, .T. ) ;
#5421 = CARTESIAN_POINT ( 'NONE',  ( 6.201183617338857701, 3.099999999999989875, -12.16587770879693942 ) ) ;
#5422 = DIRECTION ( 'NONE',  ( 1.000000000000000000, 0.000000000000000000, -0.000000000000000000 ) ) ;
#5423 = ORIENTED_EDGE ( 'NONE', *, *, #1163, .F. ) ;
#5424 = LINE ( 'NONE', #198, #1237 ) ;
#5425 = EDGE_CURVE ( 'NONE', #1910, #2376, #2342, .T. ) ;
#5426 = ORIENTED_EDGE ( 'NONE', *, *, #4764, .F. ) ;
#5427 = VECTOR ( 'NONE', #3238, 1000.000000000000000 ) ;
#5428 = DIRECTION ( 'NONE',  ( 1.000000000000000000, 0.000000000000000000, 0.000000000000000000 ) ) ;
#5429 = EDGE_CURVE ( 'NONE', #53, #759, #174, .T. ) ;
#5430 = LINE ( 'NONE', #2860, #4007 ) ;
#5431 = EDGE_CURVE ( 'NONE', #2456, #3809, #1071, .T. ) ;
#5432 = CARTESIAN_POINT ( 'NONE',  ( -6.299999999999996270, 3.359999999999990550, -11.75142969962561423 ) ) ;
#5433 = CARTESIAN_POINT ( 'NONE',  ( -8.171870266139460881, -3.162620840707647041, 7.430331325487525618 ) ) ;
#5434 = ORIENTED_EDGE ( 'NONE', *, *, #3395, .F. ) ;
#5435 = CARTESIAN_POINT ( 'NONE',  ( 4.500000000000003553, -3.099999999999989875, -12.04913639408008663 ) ) ;
#5436 = CARTESIAN_POINT ( 'NONE',  ( 6.454523365734842422, -3.368829906613797220, -12.51714610413097795 ) ) ;
#5437 = CARTESIAN_POINT ( 'NONE',  ( -2.299999999999996270, -3.189585744412901214, -11.50000000000000000 ) ) ;
#5438 = LINE ( 'NONE', #669, #260 ) ;
#5439 = VERTEX_POINT ( 'NONE', #262 ) ;
#5440 = LINE ( 'NONE', #731, #1128 ) ;
#5441 = CARTESIAN_POINT ( 'NONE',  ( 17.50000000000000000, -4.898587196589413026E-15, -2.400000000000001243 ) ) ;
#5442 = FACE_OUTER_BOUND ( 'NONE', #2969, .T. ) ;
#5443 = VERTEX_POINT ( 'NONE', #3650 ) ;
#5444 = ORIENTED_EDGE ( 'NONE', *, *, #2665, .F. ) ;
#5445 = ADVANCED_FACE ( 'NONE', ( #2375 ), #1086, .F. ) ;
#5446 = CARTESIAN_POINT ( 'NONE',  ( -8.299999999999998934, 3.474285714285704429, -11.50000000000000000 ) ) ;
#5447 = DIRECTION ( 'NONE',  ( -0.000000000000000000, 0.000000000000000000, -1.000000000000000000 ) ) ;
#5448 = AXIS2_PLACEMENT_3D ( 'NONE', #4188, #1494, #3262 ) ;
#5449 = ORIENTED_EDGE ( 'NONE', *, *, #2158, .T. ) ;
#5450 = FACE_OUTER_BOUND ( 'NONE', #892, .T. ) ;
#5451 = CIRCLE ( 'NONE', #5467, 1.000000000000000888 ) ;
#5452 = CIRCLE ( 'NONE', #490, 3.999999999999996447 ) ;
#5453 = VERTEX_POINT ( 'NONE', #3251 ) ;
#5454 = EDGE_CURVE ( 'NONE', #4368, #2306, #1055, .T. ) ;
#5455 = VECTOR ( 'NONE', #2726, 1000.000000000000000 ) ;
#5456 = CARTESIAN_POINT ( 'NONE',  ( -8.775921207298088333, 1.849918425435754799, 8.056695029715168488 ) ) ;
#5457 = CARTESIAN_POINT ( 'NONE',  ( 9.700000000000004619, -3.394728611942716689, -9.601520252753225293 ) ) ;
#5458 = CARTESIAN_POINT ( 'NONE',  ( 0.5000000000000036637, 3.164382253287481461, 7.499999999999996447 ) ) ;
#5459 = CIRCLE ( 'NONE', #2485, 3.000000000000000000 ) ;
#5460 = DIRECTION ( 'NONE',  ( -0.000000000000000000, 0.000000000000000000, 1.000000000000000000 ) ) ;
#5461 = VECTOR ( 'NONE', #2016, 1000.000000000000000 ) ;
#5462 = ORIENTED_EDGE ( 'NONE', *, *, #4777, .F. ) ;
#5463 = EDGE_CURVE ( 'NONE', #1597, #3499, #4978, .T. ) ;
#5464 = CARTESIAN_POINT ( 'NONE',  ( -17.50000000000000000, -4.898587196589413026E-15, 12.50000000000000000 ) ) ;
#5465 = EDGE_CURVE ( 'NONE', #2376, #2673, #4492, .T. ) ;
#5466 = DIRECTION ( 'NONE',  ( -1.000000000000000000, 0.000000000000000000, 0.000000000000000000 ) ) ;
#5467 = AXIS2_PLACEMENT_3D ( 'NONE', #59, #4372, #3505 ) ;
#5468 = CARTESIAN_POINT ( 'NONE',  ( -4.299999999999994493, -3.255625020041619244, 7.499999999999996447 ) ) ;
#5469 = CARTESIAN_POINT ( 'NONE',  ( 8.952022531693080154, 3.511544144668167000, -9.927381196537535146 ) ) ;
#5470 = ORIENTED_EDGE ( 'NONE', *, *, #286, .T. ) ;
#5471 = CARTESIAN_POINT ( 'NONE',  ( -10.29999999999999716, -4.898587196589413026E-15, 4.299999999999999822 ) ) ;
#5472 = DIRECTION ( 'NONE',  ( -0.000000000000000000, -0.000000000000000000, 1.000000000000000000 ) ) ;
#5473 = CARTESIAN_POINT ( 'NONE',  ( 9.386737788622825818, 2.534753694037974903, -8.500000000000000000 ) ) ;
#5474 = ORIENTED_EDGE ( 'NONE', *, *, #2843, .T. ) ;
#5475 = ORIENTED_EDGE ( 'NONE', *, *, #1755, .F. ) ;
#5476 = CARTESIAN_POINT ( 'NONE',  ( -0.2999999999999964362, -3.099999999999989875, 7.850886385301212300 ) ) ;
#5477 = CARTESIAN_POINT ( 'NONE',  ( -7.499999999999998224, 3.099999999999989875, 12.50013049999998138 ) ) ;
#5478 = VERTEX_POINT ( 'NONE', #199 ) ;
#5479 = CARTESIAN_POINT ( 'NONE',  ( -8.775921207298090110, -1.849918425435755021, 8.056695029715168488 ) ) ;
#5480 = AXIS2_PLACEMENT_3D ( 'NONE', #607, #3048, #4344 ) ;
#5481 = ORIENTED_EDGE ( 'NONE', *, *, #4083, .T. ) ;
#5482 = AXIS2_PLACEMENT_3D ( 'NONE', #5548, #5519, #443 ) ;
#5483 = ORIENTED_EDGE ( 'NONE', *, *, #1302, .T. ) ;
#5484 = CARTESIAN_POINT ( 'NONE',  ( -17.50000000000000355, 3.999999999999989786, 4.300000000000001599 ) ) ;
#5485 = ADVANCED_FACE ( 'NONE', ( #4950 ), #4518, .T. ) ;
#5486 = CARTESIAN_POINT ( 'NONE',  ( -1.499999999999996225, 3.148962753206059340, 7.758696668876016389 ) ) ;
#5487 = AXIS2_PLACEMENT_3D ( 'NONE', #2780, #3787, #4046 ) ;
#5488 = VERTEX_POINT ( 'NONE', #4476 ) ;
#5489 = DIRECTION ( 'NONE',  ( -0.000000000000000000, -0.000000000000000000, -1.000000000000000000 ) ) ;
#5490 = PRODUCT_DEFINITION_CONTEXT ( 'detailed design', #3811, 'design' ) ;
#5491 = CARTESIAN_POINT ( 'NONE',  ( -6.299999999999996270, -3.999999999999989786, 12.50013049999998138 ) ) ;
#5492 = CARTESIAN_POINT ( 'NONE',  ( 9.700000000000004619, 3.554285714285704501, -12.50000000000000000 ) ) ;
#5493 = EDGE_CURVE ( 'NONE', #1368, #1797, #4845, .T. ) ;
#5494 = DIRECTION ( 'NONE',  ( 0.000000000000000000, -8.729792442146075934E-16, -1.000000000000000000 ) ) ;
#5495 = VERTEX_POINT ( 'NONE', #1896 ) ;
#5496 = DIRECTION ( 'NONE',  ( -0.000000000000000000, -0.000000000000000000, 1.000000000000000000 ) ) ;
#5497 = CARTESIAN_POINT ( 'NONE',  ( 10.16784179687484801, 3.099999999999990319, -9.141464907803539930 ) ) ;
#5498 = DIRECTION ( 'NONE',  ( 1.000000000000000000, 6.217248937900876626E-15, 0.000000000000000000 ) ) ;
#5499 = ADVANCED_FACE ( 'NONE', ( #1414 ), #2361, .F. ) ;
#5500 = ORIENTED_EDGE ( 'NONE', *, *, #4355, .F. ) ;
#5501 = EDGE_CURVE ( 'NONE', #4342, #1183, #4933, .T. ) ;
#5502 = VERTEX_POINT ( 'NONE', #4900 ) ;
#5503 = CARTESIAN_POINT ( 'NONE',  ( -8.595638587523980689, 2.961655373773686595, 7.331545169068829360 ) ) ;
#5504 = DIRECTION ( 'NONE',  ( 0.9983713344239767418, 0.05704979053851286230, 0.000000000000000000 ) ) ;
#5505 = VERTEX_POINT ( 'NONE', #523 ) ;
#5506 = CARTESIAN_POINT ( 'NONE',  ( 9.999999999999998224, -4.898587196589413026E-15, -8.500000000000000000 ) ) ;
#5507 = B_SPLINE_CURVE_WITH_KNOTS ( 'NONE', 3,
 ( #5098, #4728, #466, #2641 ),
 .UNSPECIFIED., .F., .F.,
 ( 4, 4 ),
 ( 0.001204029357542532814, 0.001719878300941510632 ),
 .UNSPECIFIED. ) ;
#5508 = ORIENTED_EDGE ( 'NONE', *, *, #136, .T. ) ;
#5509 = VECTOR ( 'NONE', #2417, 1000.000000000000000 ) ;
#5510 = ORIENTED_EDGE ( 'NONE', *, *, #5454, .F. ) ;
#5511 = CARTESIAN_POINT ( 'NONE',  ( 8.275770545377913123, -2.322700410757390976, -11.98069572279052686 ) ) ;
#5512 = DIRECTION ( 'NONE',  ( 0.000000000000000000, 0.000000000000000000, 1.000000000000000000 ) ) ;
#5513 = DIRECTION ( 'NONE',  ( -0.000000000000000000, -0.000000000000000000, 1.000000000000000000 ) ) ;
#5514 = DIRECTION ( 'NONE',  ( 0.000000000000000000, -1.000000000000000000, 0.000000000000000000 ) ) ;
#5515 = VERTEX_POINT ( 'NONE', #3120 ) ;
#5516 = ADVANCED_FACE ( 'NONE', ( #2276 ), #3667, .T. ) ;
#5517 = DIRECTION ( 'NONE',  ( -0.9983713344239767418, 0.05704979053851286230, 0.000000000000000000 ) ) ;
#5518 = DIRECTION ( 'NONE',  ( 0.9983713344239767418, -0.05704979053851286230, 0.000000000000000000 ) ) ;
#5519 = DIRECTION ( 'NONE',  ( 0.000000000000000000, 0.000000000000000000, 1.000000000000000000 ) ) ;
#5520 = ORIENTED_EDGE ( 'NONE', *, *, #3806, .F. ) ;
#5521 = CARTESIAN_POINT ( 'NONE',  ( -8.026536668967965582, -3.099999999999989431, -12.26702863503543561 ) ) ;
#5522 = EDGE_CURVE ( 'NONE', #1571, #554, #5000, .T. ) ;
#5523 = CARTESIAN_POINT ( 'NONE',  ( 1.821459649775647449E-14, 103.1631322454748840, -11.50000000000000000 ) ) ;
#5524 = DIRECTION ( 'NONE',  ( 0.000000000000000000, 1.000000000000000000, 0.000000000000000000 ) ) ;
#5525 = VERTEX_POINT ( 'NONE', #3995 ) ;
#5526 = ORIENTED_EDGE ( 'NONE', *, *, #2622, .F. ) ;
#5527 = DIRECTION ( 'NONE',  ( -0.000000000000000000, -0.000000000000000000, 1.000000000000000000 ) ) ;
#5528 = EDGE_CURVE ( 'NONE', #592, #1286, #3148, .T. ) ;
#5529 = ADVANCED_FACE ( 'NONE', ( #3606 ), #1007, .T. ) ;
#5530 = CARTESIAN_POINT ( 'NONE',  ( 1.700000000000003508, -3.177583289638255426, -11.50000000000000000 ) ) ;
#5531 = VERTEX_POINT ( 'NONE', #1498 ) ;
#5532 =( GEOMETRIC_REPRESENTATION_CONTEXT ( 3 ) GLOBAL_UNCERTAINTY_ASSIGNED_CONTEXT ( ( #1207 ) ) GLOBAL_UNIT_ASSIGNED_CONTEXT ( ( #3573, #3972, #4442 ) ) REPRESENTATION_CONTEXT ( 'NONE', 'WORKASPACE' ) );
#5533 = CARTESIAN_POINT ( 'NONE',  ( -9.943593527570676827, -0.6783097279677927638, 6.237725649949000584 ) ) ;
#5534 = ORIENTED_EDGE ( 'NONE', *, *, #255, .T. ) ;
#5535 = AXIS2_PLACEMENT_3D ( 'NONE', #5045, #2838, #2384 ) ;
#5536 = ORIENTED_EDGE ( 'NONE', *, *, #4283, .T. ) ;
#5537 = DIRECTION ( 'NONE',  ( 1.000000000000000000, 0.000000000000000000, -0.000000000000000000 ) ) ;
#5538 = DIRECTION ( 'NONE',  ( 1.000000000000000000, 0.000000000000000000, 0.000000000000000000 ) ) ;
#5539 = VECTOR ( 'NONE', #4051, 1000.000000000000000 ) ;
#5540 = CARTESIAN_POINT ( 'NONE',  ( -3.499999999999996003, 3.099999999999989875, 7.982900717100227084 ) ) ;
#5541 = ORIENTED_EDGE ( 'NONE', *, *, #3558, .F. ) ;
#5542 = CARTESIAN_POINT ( 'NONE',  ( 9.329687998084311928, -3.533125028461951977, -8.876823240258838510 ) ) ;
#5543 = VECTOR ( 'NONE', #927, 999.9999999999998863 ) ;
#5544 = DIRECTION ( 'NONE',  ( 0.05704979053851309823, -0.9983713344239766307, 0.000000000000000000 ) ) ;
#5545 = CARTESIAN_POINT ( 'NONE',  ( -4.299999999999996270, 3.099999999999989875, 8.035526066799992151 ) ) ;
#5546 = AXIS2_PLACEMENT_3D ( 'NONE', #3172, #425, #1383 ) ;
#5547 = CARTESIAN_POINT ( 'NONE',  ( 17.55686396047857301, 0.9951193083750397017, -12.50000000000000000 ) ) ;
#5548 = CARTESIAN_POINT ( 'NONE',  ( 1.821459649775647449E-14, 103.1631322454748840, 7.500000000000000000 ) ) ;
#5549 = VERTEX_POINT ( 'NONE', #5385 ) ;
#5550 = CARTESIAN_POINT ( 'NONE',  ( -5.499999999999996447, -3.314496801619161381, -11.50000000000000000 ) ) ;
#5551 = CIRCLE ( 'NONE', #4556, 1.000000000000000222 ) ;
#5552 = VECTOR ( 'NONE', #4175, 1000.000000000000000 ) ;
#5553 = B_SPLINE_CURVE_WITH_KNOTS ( 'NONE', 3,
 ( #2193, #1642, #810, #5576, #3349, #3433 ),
 .UNSPECIFIED., .F., .F.,
 ( 4, 2, 4 ),
 ( 0.003265188846299019176, 0.003901427639640213905, 0.004537666432981408635 ),
 .UNSPECIFIED. ) ;
#5554 = PLANE ( 'NONE',  #3843 ) ;
#5555 = DIRECTION ( 'NONE',  ( 1.000000000000000000, 0.000000000000000000, 0.000000000000000000 ) ) ;
#5556 = EDGE_LOOP ( 'NONE', ( #2766, #4600, #1110, #2645 ) ) ;
#5557 = DIRECTION ( 'NONE',  ( -0.000000000000000000, -0.000000000000000000, -1.000000000000000000 ) ) ;
#5558 = EDGE_CURVE ( 'NONE', #744, #4342, #125, .T. ) ;
#5559 = ORIENTED_EDGE ( 'NONE', *, *, #4211, .F. ) ;
#5560 = CARTESIAN_POINT ( 'NONE',  ( 10.58665039800117214, 3.604951451314294619, -9.691838669977368426 ) ) ;
#5561 = DIRECTION ( 'NONE',  ( 0.000000000000000000, 0.000000000000000000, 1.000000000000000000 ) ) ;
#5562 = VERTEX_POINT ( 'NONE', #2727 ) ;
#5563 = CARTESIAN_POINT ( 'NONE',  ( 1.700000000000003064, -3.177583289638269193, 7.499999999999996447 ) ) ;
#5564 = EDGE_CURVE ( 'NONE', #606, #550, #4056, .T. ) ;
#5565 = EDGE_CURVE ( 'NONE', #5443, #3758, #2212, .T. ) ;
#5566 = ORIENTED_EDGE ( 'NONE', *, *, #5419, .F. ) ;
#5567 = ORIENTED_EDGE ( 'NONE', *, *, #4560, .T. ) ;
#5568 = VECTOR ( 'NONE', #946, 1000.000000000000000 ) ;
#5569 = CARTESIAN_POINT ( 'NONE',  ( -5.717893271169058877, -3.099999999999989875, 8.133634535044654612 ) ) ;
#5570 = CARTESIAN_POINT ( 'NONE',  ( 9.916594067332171747, 2.259918880501755822, -10.28955127738582931 ) ) ;
#5571 = ADVANCED_FACE ( 'NONE', ( #187 ), #1922, .F. ) ;
#5572 = CARTESIAN_POINT ( 'NONE',  ( -3.499999999999996003, -3.180765841292183094, 7.836532302478464551 ) ) ;
#5573 = VERTEX_POINT ( 'NONE', #4080 ) ;
#5574 = VECTOR ( 'NONE', #1072, 1000.000000000000000 ) ;
#5575 = FACE_OUTER_BOUND ( 'NONE', #2154, .T. ) ;
#5576 = CARTESIAN_POINT ( 'NONE',  ( 6.914257102716157455, -3.395100405869484028, -11.42376405707680931 ) ) ;
#5577 = CARTESIAN_POINT ( 'NONE',  ( 7.700000000000003730, -3.099999999999989875, 12.50013049999998138 ) ) ;
#5578 = AXIS2_PLACEMENT_3D ( 'NONE', #2165, #4665, #436 ) ;
#5579 = LINE ( 'NONE', #3460, #3753 ) ;
#5580 = FACE_OUTER_BOUND ( 'NONE', #598, .T. ) ;
#5581 = ORIENTED_EDGE ( 'NONE', *, *, #1154, .T. ) ;
#5582 = CARTESIAN_POINT ( 'NONE',  ( 3.700000000000003730, 3.231605688536909327, -11.50000000000000000 ) ) ;
#5583 = VECTOR ( 'NONE', #644, 1000.000000000000000 ) ;
#5584 = DIRECTION ( 'NONE',  ( -0.000000000000000000, 0.000000000000000000, -1.000000000000000000 ) ) ;
#5585 = CARTESIAN_POINT ( 'NONE',  ( -10.29999999999999716, 3.099999999999989875, -10.60000000000000142 ) ) ;
#5586 = ORIENTED_EDGE ( 'NONE', *, *, #5565, .T. ) ;
#5587 = CARTESIAN_POINT ( 'NONE',  ( 6.500000000000004441, 3.099999999999989875, -12.17309318234771354 ) ) ;
#5588 = ORIENTED_EDGE ( 'NONE', *, *, #1185, .F. ) ;
#5589 =( BOUNDED_CURVE ( )  B_SPLINE_CURVE ( 3, ( #3797, #5177, #4755, #5067 ),
 .UNSPECIFIED., .F., .F. ) 
 B_SPLINE_CURVE_WITH_KNOTS ( ( 4, 4 ),
 ( 2.095335668421225428, 3.141592653589793116 ),
 .UNSPECIFIED. ) 
 CURVE ( )  GEOMETRIC_REPRESENTATION_ITEM ( )  RATIONAL_B_SPLINE_CURVE ( ( 1.000000000000000000, 0.9108402996766959969, 0.9108402996766959969, 1.000000000000000000 ) ) 
 REPRESENTATION_ITEM ( '' )  );
ENDSEC;
END-ISO-10303-21;
