ISO-10303-21;
HEADER;
FILE_DESCRIPTION (( 'STEP AP214' ),
    '1' );
FILE_NAME ('LQ26-05HGI-01-002.STEP',
    '2026-05-07T08:55:11',
    ( '' ),
    ( '' ),
    'SwSTEP 2.0',
    'SolidWorks 2025',
    '' );
FILE_SCHEMA (( 'AUTOMOTIVE_DESIGN' ));
ENDSEC;

DATA;
#1 = CARTESIAN_POINT ( 'NONE',  ( 10.00000000000000000, -4.499999999999979572, 6.000000000000000000 ) ) ;
#2 = EDGE_CURVE ( 'NONE', #633, #2745, #4885, .T. ) ;
#3 = CARTESIAN_POINT ( 'NONE',  ( -1.989717933202537647, -0.4934934972832413780, 2.616972950646025087 ) ) ;
#4 = FACE_OUTER_BOUND ( 'NONE', #1387, .T. ) ;
#5 = VERTEX_POINT ( 'NONE', #3156 ) ;
#6 = EDGE_CURVE ( 'NONE', #3522, #4462, #1094, .T. ) ;
#7 = CARTESIAN_POINT ( 'NONE',  ( 11.00000000000000178, -4.999999999999993783, 6.000000000000000000 ) ) ;
#8 = VERTEX_POINT ( 'NONE', #1927 ) ;
#9 = DIRECTION ( 'NONE',  ( 0.000000000000000000, -0.000000000000000000, 1.000000000000000000 ) ) ;
#10 = CARTESIAN_POINT ( 'NONE',  ( 6.750000000000002665, -4.499999999999978684, 6.000000000000000000 ) ) ;
#11 = ORIENTED_EDGE ( 'NONE', *, *, #2357, .T. ) ;
#12 = VECTOR ( 'NONE', #227, 1000.000000000000000 ) ;
#13 = EDGE_CURVE ( 'NONE', #1198, #342, #3290, .T. ) ;
#14 = CARTESIAN_POINT ( 'NONE',  ( 2.750000000000002665, -4.999999999999994671, 2.099999999999999645 ) ) ;
#15 = EDGE_CURVE ( 'NONE', #1799, #1663, #4661, .T. ) ;
#16 = DIRECTION ( 'NONE',  ( 0.000000000000000000, 0.000000000000000000, -1.000000000000000000 ) ) ;
#17 = CARTESIAN_POINT ( 'NONE',  ( 19.00000000000000000, 3.000000000000007105, 3.000000000000000000 ) ) ;
#18 = CIRCLE ( 'NONE', #3254, 2.149999999999999023 ) ;
#19 = DIRECTION ( 'NONE',  ( 0.000000000000000000, 0.000000000000000000, -1.000000000000000000 ) ) ;
#20 = AXIS2_PLACEMENT_3D ( 'NONE', #4667, #3743, #2171 ) ;
#21 = ORIENTED_EDGE ( 'NONE', *, *, #1440, .F. ) ;
#22 = CARTESIAN_POINT ( 'NONE',  ( 12.50000000000000000, 5.000000000000019540, 9.500000000000000000 ) ) ;
#23 = VECTOR ( 'NONE', #3426, 1000.000000000000114 ) ;
#24 = EDGE_LOOP ( 'NONE', ( #2604, #4285, #1204, #1040 ) ) ;
#25 = CARTESIAN_POINT ( 'NONE',  ( -6.249999999999996447, -4.999999999999996447, 8.500000000000014211 ) ) ;
#26 = ORIENTED_EDGE ( 'NONE', *, *, #1921, .T. ) ;
#27 = CONICAL_SURFACE ( 'NONE', #4282, 2.500000000000014211, 0.7853981633974482790 ) ;
#28 = CARTESIAN_POINT ( 'NONE',  ( -29.69999999999999929, 2.694222958124179472E-16, -10.00000000000000000 ) ) ;
#29 = CARTESIAN_POINT ( 'NONE',  ( -1.846210869881667938, -0.8921850337009118448, 2.600540950888191372 ) ) ;
#30 = CARTESIAN_POINT ( 'NONE',  ( 10.00000000000000178, -4.499999999999979572, -6.000000000000000000 ) ) ;
#31 = CARTESIAN_POINT ( 'NONE',  ( 10.00000000000000000, 3.000000000000006217, -6.000000000000000000 ) ) ;
#32 = ORIENTED_EDGE ( 'NONE', *, *, #2755, .F. ) ;
#33 = CARTESIAN_POINT ( 'NONE',  ( 23.26622186799687242, -11.81769303614650113, -4.900000000000000355 ) ) ;
#34 = DIRECTION ( 'NONE',  ( -1.000000000000000000, -1.892425610156517122E-16, 0.000000000000000000 ) ) ;
#35 = ORIENTED_EDGE ( 'NONE', *, *, #3612, .T. ) ;
#36 = EDGE_CURVE ( 'NONE', #583, #3199, #4499, .T. ) ;
#37 = ORIENTED_EDGE ( 'NONE', *, *, #2916, .T. ) ;
#38 = CARTESIAN_POINT ( 'NONE',  ( -2.249999999999996891, -4.499999999999981348, 2.099999999999999645 ) ) ;
#39 = DIRECTION ( 'NONE',  ( -1.000000000000000000, -2.891205793294678326E-16, 0.000000000000000000 ) ) ;
#40 = DIRECTION ( 'NONE',  ( -0.000000000000000000, -0.000000000000000000, 1.000000000000000000 ) ) ;
#41 = DIRECTION ( 'NONE',  ( 1.000000000000000000, 0.000000000000000000, 0.000000000000000000 ) ) ;
#42 = CIRCLE ( 'NONE', #3449, 5.000000000000000888 ) ;
#43 = EDGE_CURVE ( 'NONE', #1375, #1874, #4076, .T. ) ;
#44 = EDGE_CURVE ( 'NONE', #4944, #4120, #5138, .T. ) ;
#45 = ORIENTED_EDGE ( 'NONE', *, *, #3010, .T. ) ;
#46 = CIRCLE ( 'NONE', #459, 2.000000000000000000 ) ;
#47 = CARTESIAN_POINT ( 'NONE',  ( -27.50000000000000000, 0.000000000000000000, -4.000000000000000000 ) ) ;
#48 = CARTESIAN_POINT ( 'NONE',  ( 8.000000000000000000, 3.000000000000004885, 8.000000000000000000 ) ) ;
#49 = ORIENTED_EDGE ( 'NONE', *, *, #13, .T. ) ;
#50 = DIRECTION ( 'NONE',  ( -0.000000000000000000, -0.000000000000000000, -1.000000000000000000 ) ) ;
#51 = ORIENTED_EDGE ( 'NONE', *, *, #2489, .F. ) ;
#52 = AXIS2_PLACEMENT_3D ( 'NONE', #1485, #278, #2236 ) ;
#53 = AXIS2_PLACEMENT_3D ( 'NONE', #1912, #3958, #3168 ) ;
#54 = CARTESIAN_POINT ( 'NONE',  ( -1.905044969993572979, -0.7575190750755705915, 2.604747599261486357 ) ) ;
#55 = CIRCLE ( 'NONE', #2879, 5.000000000000000888 ) ;
#56 = CARTESIAN_POINT ( 'NONE',  ( -27.50000000000000000, 0.000000000000000000, -4.500000000000007105 ) ) ;
#57 = VERTEX_POINT ( 'NONE', #418 ) ;
#58 = CARTESIAN_POINT ( 'NONE',  ( -2.249999999999998668, 3.000000000000003553, 1.099999999999999423 ) ) ;
#59 = AXIS2_PLACEMENT_3D ( 'NONE', #2830, #2332, #3912 ) ;
#60 = ORIENTED_EDGE ( 'NONE', *, *, #105, .T. ) ;
#61 = ORIENTED_EDGE ( 'NONE', *, *, #2363, .T. ) ;
#62 = VECTOR ( 'NONE', #578, 1000.000000000000114 ) ;
#63 = CARTESIAN_POINT ( 'NONE',  ( 10.50000000000000533, -4.999999999999993783, -9.500000000000014211 ) ) ;
#64 = PLANE ( 'NONE',  #3978 ) ;
#65 = EDGE_CURVE ( 'NONE', #4434, #3867, #1251, .T. ) ;
#66 = DIRECTION ( 'NONE',  ( -1.652117596168388495E-16, 1.000000000000000000, 0.000000000000000000 ) ) ;
#67 = DIRECTION ( 'NONE',  ( -0.000000000000000000, -0.000000000000000000, -1.000000000000000000 ) ) ;
#68 = DIRECTION ( 'NONE',  ( 0.000000000000000000, 0.000000000000000000, -1.000000000000000000 ) ) ;
#69 = ORIENTED_EDGE ( 'NONE', *, *, #3281, .T. ) ;
#70 = EDGE_CURVE ( 'NONE', #1339, #5103, #894, .T. ) ;
#71 = CYLINDRICAL_SURFACE ( 'NONE', #2375, 1.000000000000000000 ) ;
#72 = DIRECTION ( 'NONE',  ( -1.000000000000000000, 0.000000000000000000, 0.000000000000000000 ) ) ;
#73 = ORIENTED_EDGE ( 'NONE', *, *, #4954, .F. ) ;
#74 = CARTESIAN_POINT ( 'NONE',  ( 20.00000000000000355, -4.499999999999979572, -3.000000000000000000 ) ) ;
#75 = ORIENTED_EDGE ( 'NONE', *, *, #4548, .F. ) ;
#76 = DIRECTION ( 'NONE',  ( -1.000000000000000000, -1.892425610156517122E-16, 0.000000000000000000 ) ) ;
#77 = EDGE_CURVE ( 'NONE', #784, #474, #4466, .T. ) ;
#78 = DIRECTION ( 'NONE',  ( -0.000000000000000000, -0.000000000000000000, -1.000000000000000000 ) ) ;
#79 = DIRECTION ( 'NONE',  ( -1.000000000000000000, 0.000000000000000000, 0.000000000000000000 ) ) ;
#80 = ORIENTED_EDGE ( 'NONE', *, *, #4034, .F. ) ;
#81 = CARTESIAN_POINT ( 'NONE',  ( 27.50000000000000000, 0.000000000000000000, 7.749999999999999112 ) ) ;
#82 = VERTEX_POINT ( 'NONE', #1667 ) ;
#83 = EDGE_LOOP ( 'NONE', ( #825, #4319, #1527, #4296 ) ) ;
#84 = CARTESIAN_POINT ( 'NONE',  ( -9.499999999999994671, -4.499999999999983125, -6.000000000000000000 ) ) ;
#85 = DIRECTION ( 'NONE',  ( -0.000000000000000000, -0.000000000000000000, -1.000000000000000000 ) ) ;
#86 = CARTESIAN_POINT ( 'NONE',  ( 28.25528038170535794, -15.87228879352341160, 2.649999999999999911 ) ) ;
#87 = CARTESIAN_POINT ( 'NONE',  ( 0.8254018282978978771, 4.000000000000003553, -7.522568017365894200 ) ) ;
#88 = CARTESIAN_POINT ( 'NONE',  ( -2.645751311064588496, 3.000000000000003109, -7.000000000000000000 ) ) ;
#89 = VERTEX_POINT ( 'NONE', #4000 ) ;
#90 = VECTOR ( 'NONE', #3520, 1000.000000000000000 ) ;
#91 = EDGE_CURVE ( 'NONE', #4108, #2982, #4396, .T. ) ;
#92 = LINE ( 'NONE', #3747, #1479 ) ;
#93 = CARTESIAN_POINT ( 'NONE',  ( 2.516597417695356498, 4.000000000000401457, -7.886097004601687388 ) ) ;
#94 = CARTESIAN_POINT ( 'NONE',  ( -32.00000000000000000, 0.000000000000000000, 10.00000000000000000 ) ) ;
#95 = CONICAL_SURFACE ( 'NONE', #3013, 2.500000000000014211, 0.7853981633974482790 ) ;
#96 = CARTESIAN_POINT ( 'NONE',  ( -7.499999999999994671, -4.499999999999983125, 6.000000000000000000 ) ) ;
#97 = ORIENTED_EDGE ( 'NONE', *, *, #3809, .F. ) ;
#98 = CIRCLE ( 'NONE', #3014, 5.000000000000000888 ) ;
#99 = ORIENTED_EDGE ( 'NONE', *, *, #601, .T. ) ;
#100 = EDGE_CURVE ( 'NONE', #4511, #531, #830, .T. ) ;
#101 = VECTOR ( 'NONE', #2664, 1000.000000000000000 ) ;
#102 = CARTESIAN_POINT ( 'NONE',  ( -27.50000000000000000, 0.000000000000000000, 5.799999999999999822 ) ) ;
#103 = CARTESIAN_POINT ( 'NONE',  ( 8.000000000000001776, -4.499999999999978684, 8.000000000000000000 ) ) ;
#104 = AXIS2_PLACEMENT_3D ( 'NONE', #3944, #2835, #1560 ) ;
#105 = EDGE_CURVE ( 'NONE', #2568, #4502, #444, .T. ) ;
#106 = EDGE_CURVE ( 'NONE', #1010, #3028, #2210, .T. ) ;
#107 = ORIENTED_EDGE ( 'NONE', *, *, #920, .F. ) ;
#108 = DIRECTION ( 'NONE',  ( -1.000000000000000000, 0.000000000000000000, 0.000000000000000000 ) ) ;
#109 = ORIENTED_EDGE ( 'NONE', *, *, #1921, .F. ) ;
#110 = ORIENTED_EDGE ( 'NONE', *, *, #4349, .F. ) ;
#111 = DIRECTION ( 'NONE',  ( 0.7071067811865474617, 0.000000000000000000, 0.7071067811865474617 ) ) ;
#112 = CARTESIAN_POINT ( 'NONE',  ( -27.50000000000000000, 0.000000000000000000, 10.00000000000000000 ) ) ;
#113 = DIRECTION ( 'NONE',  ( 0.000000000000000000, -0.7071067811865474617, 0.7071067811865474617 ) ) ;
#114 = ORIENTED_EDGE ( 'NONE', *, *, #1991, .T. ) ;
#115 = CARTESIAN_POINT ( 'NONE',  ( 27.56622186799686958, -11.81769303614650113, 2.650000000000000355 ) ) ;
#116 = DIRECTION ( 'NONE',  ( 0.000000000000000000, 0.000000000000000000, 1.000000000000000000 ) ) ;
#117 = VECTOR ( 'NONE', #2066, 1000.000000000000000 ) ;
#118 = CARTESIAN_POINT ( 'NONE',  ( 10.49999999999999822, 5.000000000000007994, 9.500000000000000000 ) ) ;
#119 = ORIENTED_EDGE ( 'NONE', *, *, #5084, .F. ) ;
#120 = DIRECTION ( 'NONE',  ( -0.000000000000000000, -0.000000000000000000, 1.000000000000000000 ) ) ;
#121 = ORIENTED_EDGE ( 'NONE', *, *, #2487, .F. ) ;
#122 = AXIS2_PLACEMENT_3D ( 'NONE', #4436, #4071, #3173 ) ;
#123 = CARTESIAN_POINT ( 'NONE',  ( -27.50000000000000000, 0.000000000000000000, -10.00000000000000000 ) ) ;
#124 = CARTESIAN_POINT ( 'NONE',  ( 20.00000000000000000, -4.999999999999992006, -3.000000000000000000 ) ) ;
#125 = EDGE_CURVE ( 'NONE', #4734, #228, #55, .T. ) ;
#126 = VECTOR ( 'NONE', #3873, 1000.000000000000000 ) ;
#127 = VECTOR ( 'NONE', #2127, 1000.000000000000000 ) ;
#128 = VECTOR ( 'NONE', #3614, 1000.000000000000114 ) ;
#129 = DIRECTION ( 'NONE',  ( 1.652117596168388495E-16, -1.000000000000000000, -0.000000000000000000 ) ) ;
#130 = DIRECTION ( 'NONE',  ( 1.000000000000000000, 1.652117596168388495E-16, 0.000000000000000000 ) ) ;
#131 = CIRCLE ( 'NONE', #1951, 1.499999999999986233 ) ;
#132 = ORIENTED_EDGE ( 'NONE', *, *, #2908, .T. ) ;
#133 = LINE ( 'NONE', #1724, #1219 ) ;
#134 = EDGE_CURVE ( 'NONE', #2376, #724, #625, .T. ) ;
#135 = ADVANCED_FACE ( 'NONE', ( #929 ), #2972, .F. ) ;
#136 = ORIENTED_EDGE ( 'NONE', *, *, #36, .T. ) ;
#137 = ORIENTED_EDGE ( 'NONE', *, *, #3943, .F. ) ;
#138 = FACE_OUTER_BOUND ( 'NONE', #3591, .T. ) ;
#139 = CIRCLE ( 'NONE', #2059, 5.000000000000000888 ) ;
#140 = DIRECTION ( 'NONE',  ( -1.338146981832765237E-16, 0.7071067811865486830, -0.7071067811865463515 ) ) ;
#141 = EDGE_CURVE ( 'NONE', #1568, #2466, #3051, .T. ) ;
#142 = DIRECTION ( 'NONE',  ( 1.652117596168388495E-16, -1.000000000000000000, -0.000000000000000000 ) ) ;
#143 = DIRECTION ( 'NONE',  ( 1.000000000000000000, 0.000000000000000000, 0.000000000000000000 ) ) ;
#144 = ORIENTED_EDGE ( 'NONE', *, *, #1572, .F. ) ;
#145 = FACE_OUTER_BOUND ( 'NONE', #2414, .T. ) ;
#146 = CARTESIAN_POINT ( 'NONE',  ( -27.50000000000000000, 0.000000000000000000, -9.500000000000014211 ) ) ;
#147 = DIRECTION ( 'NONE',  ( 0.000000000000000000, -0.7071067811865474617, 0.7071067811865474617 ) ) ;
#148 = EDGE_LOOP ( 'NONE', ( #5124, #4909 ) ) ;
#149 = DIRECTION ( 'NONE',  ( 1.000000000000000000, 0.000000000000000000, 0.000000000000000000 ) ) ;
#150 = VERTEX_POINT ( 'NONE', #1742 ) ;
#151 = CARTESIAN_POINT ( 'NONE',  ( 12.50000000000000000, 5.000000000000019540, -9.500000000000014211 ) ) ;
#152 = CARTESIAN_POINT ( 'NONE',  ( -7.499999999999994671, -4.499999999999983125, 8.000000000000000000 ) ) ;
#153 = EDGE_CURVE ( 'NONE', #1491, #3862, #2946, .T. ) ;
#154 = CARTESIAN_POINT ( 'NONE',  ( -1.808823529411759834, -0.9647058823529490734, 2.600000000000003197 ) ) ;
#155 = CARTESIAN_POINT ( 'NONE',  ( -4.249999999999996447, -4.499999999999984013, 6.000000000000000000 ) ) ;
#156 = VERTEX_POINT ( 'NONE', #2492 ) ;
#157 = DIRECTION ( 'NONE',  ( 0.000000000000000000, 1.000000000000000000, 0.000000000000000000 ) ) ;
#158 = VERTEX_POINT ( 'NONE', #4911 ) ;
#159 = ORIENTED_EDGE ( 'NONE', *, *, #4386, .F. ) ;
#160 = EDGE_CURVE ( 'NONE', #2220, #3098, #2519, .T. ) ;
#161 = LINE ( 'NONE', #4920, #4075 ) ;
#162 = DIRECTION ( 'NONE',  ( 0.000000000000000000, -0.000000000000000000, 1.000000000000000000 ) ) ;
#163 = DIRECTION ( 'NONE',  ( 1.000000000000000000, 0.000000000000000000, 0.000000000000000000 ) ) ;
#164 = CARTESIAN_POINT ( 'NONE',  ( -27.50000000000000000, -5.000000000000000888, -9.500000000000014211 ) ) ;
#165 = ORIENTED_EDGE ( 'NONE', *, *, #4329, .T. ) ;
#166 = EDGE_CURVE ( 'NONE', #3952, #1331, #936, .T. ) ;
#167 = EDGE_CURVE ( 'NONE', #2812, #2814, #4647, .T. ) ;
#168 = LINE ( 'NONE', #4977, #62 ) ;
#169 = CARTESIAN_POINT ( 'NONE',  ( 27.50000000000000000, 0.000000000000000000, 7.250000000000004441 ) ) ;
#170 = DIRECTION ( 'NONE',  ( -0.000000000000000000, -0.000000000000000000, 1.000000000000000000 ) ) ;
#171 = CARTESIAN_POINT ( 'NONE',  ( 27.50000000000000000, -4.499999999999988454, -7.749999999999999112 ) ) ;
#172 = CARTESIAN_POINT ( 'NONE',  ( -15.00000000000000000, 1.171572875253819923, 4.000000000000000000 ) ) ;
#173 = ORIENTED_EDGE ( 'NONE', *, *, #4216, .T. ) ;
#174 = CARTESIAN_POINT ( 'NONE',  ( 27.56622186799686958, -11.81769303614650113, -4.900000000000000355 ) ) ;
#175 = AXIS2_PLACEMENT_3D ( 'NONE', #2978, #1386, #986 ) ;
#176 = CARTESIAN_POINT ( 'NONE',  ( 18.00000000000000355, 4.000000000000007105, 3.000000000000000000 ) ) ;
#177 = VECTOR ( 'NONE', #3863, 1000.000000000000000 ) ;
#178 = FACE_OUTER_BOUND ( 'NONE', #405, .T. ) ;
#179 = CARTESIAN_POINT ( 'NONE',  ( 25.41622186799687100, -11.81769303614650113, -4.900000000000000355 ) ) ;
#180 = ORIENTED_EDGE ( 'NONE', *, *, #3972, .T. ) ;
#181 = CYLINDRICAL_SURFACE ( 'NONE', #1003, 3.099999999999998757 ) ;
#182 = AXIS2_PLACEMENT_3D ( 'NONE', #1401, #2695, #4676 ) ;
#183 = ORIENTED_EDGE ( 'NONE', *, *, #3255, .F. ) ;
#184 = VECTOR ( 'NONE', #3175, 999.9999999999998863 ) ;
#185 = CARTESIAN_POINT ( 'NONE',  ( -1.779970493665680831, 3.590684740708467437, -7.999999997798518336 ) ) ;
#186 = LINE ( 'NONE', #1364, #1096 ) ;
#187 = CARTESIAN_POINT ( 'NONE',  ( -6.249999999999996447, -4.999999999999996447, 8.000000000000000000 ) ) ;
#188 = EDGE_CURVE ( 'NONE', #156, #1512, #5130, .T. ) ;
#189 = DIRECTION ( 'NONE',  ( -0.000000000000000000, -0.000000000000000000, -1.000000000000000000 ) ) ;
#190 = VERTEX_POINT ( 'NONE', #5009 ) ;
#191 = LINE ( 'NONE', #3772, #888 ) ;
#192 = DIRECTION ( 'NONE',  ( -1.652117596168388495E-16, 1.000000000000000000, 0.000000000000000000 ) ) ;
#193 = DIRECTION ( 'NONE',  ( -0.1736481776669276667, -0.9848077530122085754, 0.000000000000000000 ) ) ;
#194 = CARTESIAN_POINT ( 'NONE',  ( -7.499999999999996447, 4.000000000000001776, 8.000000000000000000 ) ) ;
#195 = EDGE_CURVE ( 'NONE', #1819, #2654, #1717, .T. ) ;
#196 = ADVANCED_FACE ( 'NONE', ( #1428 ), #2918, .F. ) ;
#197 = FACE_OUTER_BOUND ( 'NONE', #3187, .T. ) ;
#198 = ORIENTED_EDGE ( 'NONE', *, *, #2241, .T. ) ;
#199 = FACE_OUTER_BOUND ( 'NONE', #1360, .T. ) ;
#200 = CARTESIAN_POINT ( 'NONE',  ( 27.50000000000000000, 0.000000000000000000, 7.249999999999999112 ) ) ;
#201 = EDGE_LOOP ( 'NONE', ( #4626, #280, #3363, #516 ) ) ;
#202 = LINE ( 'NONE', #2896, #3974 ) ;
#203 = DIRECTION ( 'NONE',  ( 0.000000000000000000, 0.000000000000000000, 1.000000000000000000 ) ) ;
#204 = VECTOR ( 'NONE', #2833, 1000.000000000000000 ) ;
#205 = ORIENTED_EDGE ( 'NONE', *, *, #1782, .T. ) ;
#206 = DIRECTION ( 'NONE',  ( 1.000000000000000000, 0.000000000000000000, 0.000000000000000000 ) ) ;
#207 = AXIS2_PLACEMENT_3D ( 'NONE', #709, #4247, #1075 ) ;
#208 = VERTEX_POINT ( 'NONE', #2161 ) ;
#209 = AXIS2_PLACEMENT_3D ( 'NONE', #1946, #3536, #3047 ) ;
#210 = CARTESIAN_POINT ( 'NONE',  ( -27.50000000000000000, 0.000000000000000000, -5.799999999999999822 ) ) ;
#211 = CARTESIAN_POINT ( 'NONE',  ( 10.49999999999999822, 3.000000000000008438, 7.749999999999998224 ) ) ;
#212 = VECTOR ( 'NONE', #4491, 1000.000000000000000 ) ;
#213 = CARTESIAN_POINT ( 'NONE',  ( 0.000000000000000000, 0.000000000000000000, 9.500000000000010658 ) ) ;
#214 = DIRECTION ( 'NONE',  ( -1.652117596168388495E-16, 1.000000000000000000, 0.000000000000000000 ) ) ;
#215 = ORIENTED_EDGE ( 'NONE', *, *, #358, .F. ) ;
#216 = EDGE_CURVE ( 'NONE', #3028, #1997, #4137, .T. ) ;
#217 = CARTESIAN_POINT ( 'NONE',  ( 0.000000000000000000, 0.000000000000000000, 9.500000000000010658 ) ) ;
#218 = PLANE ( 'NONE',  #1264 ) ;
#219 = DIRECTION ( 'NONE',  ( -1.000000000000000000, 0.000000000000000000, 0.000000000000000000 ) ) ;
#220 = CARTESIAN_POINT ( 'NONE',  ( -1.818137389451790265, 0.9472423947778938480, 2.600002381502742654 ) ) ;
#221 = CIRCLE ( 'NONE', #4064, 2.149999999999999023 ) ;
#222 = DIRECTION ( 'NONE',  ( 1.000000000000000000, 1.892425610156517122E-16, 0.000000000000000000 ) ) ;
#223 = VERTEX_POINT ( 'NONE', #1378 ) ;
#224 = EDGE_CURVE ( 'NONE', #4213, #3405, #957, .T. ) ;
#225 = CIRCLE ( 'NONE', #1807, 3.000000000000000000 ) ;
#226 = CARTESIAN_POINT ( 'NONE',  ( 8.000000000000000000, 4.000000000000005329, -6.000000000000000000 ) ) ;
#227 = DIRECTION ( 'NONE',  ( -1.000000000000000000, -1.652117596168388495E-16, 0.000000000000000000 ) ) ;
#228 = VERTEX_POINT ( 'NONE', #2596 ) ;
#229 = VECTOR ( 'NONE', #1652, 1000.000000000000114 ) ;
#230 = EDGE_CURVE ( 'NONE', #5136, #3075, #585, .T. ) ;
#231 = ADVANCED_FACE ( 'NONE', ( #199 ), #1403, .F. ) ;
#232 = FACE_BOUND ( 'NONE', #4865, .T. ) ;
#233 = FACE_OUTER_BOUND ( 'NONE', #3849, .T. ) ;
#234 = EDGE_LOOP ( 'NONE', ( #323, #1632, #4429, #3184, #2274, #2321, #2488 ) ) ;
#235 = DIRECTION ( 'NONE',  ( -1.000000000000000000, -1.892425610156517122E-16, 8.673617379884035472E-17 ) ) ;
#236 = ORIENTED_EDGE ( 'NONE', *, *, #1689, .F. ) ;
#237 = CARTESIAN_POINT ( 'NONE',  ( -2.352846747343734446, 3.242085061099684307, -7.999999997725971923 ) ) ;
#238 = ORIENTED_EDGE ( 'NONE', *, *, #4293, .T. ) ;
#239 = CARTESIAN_POINT ( 'NONE',  ( -8.771242510566717534E-16, 4.000000000000003553, 0.000000000000000000 ) ) ;
#240 = CARTESIAN_POINT ( 'NONE',  ( 11.82287565553230024, -4.499999999999992006, -7.749999999999998224 ) ) ;
#241 = DIRECTION ( 'NONE',  ( -1.000000000000000000, -1.652117596168388495E-16, -4.336808689942018722E-16 ) ) ;
#242 = EDGE_LOOP ( 'NONE', ( #2858, #137, #3294, #4206 ) ) ;
#243 = CARTESIAN_POINT ( 'NONE',  ( 8.000000000000000000, 3.000000000000004441, 8.000000000000000000 ) ) ;
#244 = CARTESIAN_POINT ( 'NONE',  ( -27.50000000000000000, -4.500000000000014211, -10.00000000000000000 ) ) ;
#245 = FACE_OUTER_BOUND ( 'NONE', #3758, .T. ) ;
#246 = CARTESIAN_POINT ( 'NONE',  ( 25.41622186799687100, -11.81769303614650113, -4.900000000000000355 ) ) ;
#247 = EDGE_CURVE ( 'NONE', #3922, #4211, #1381, .T. ) ;
#248 = ORIENTED_EDGE ( 'NONE', *, *, #1888, .F. ) ;
#249 = DIRECTION ( 'NONE',  ( -0.000000000000000000, -0.000000000000000000, 1.000000000000000000 ) ) ;
#250 = DIRECTION ( 'NONE',  ( 1.652117596168388495E-16, -1.000000000000000000, -0.000000000000000000 ) ) ;
#251 = ORIENTED_EDGE ( 'NONE', *, *, #2603, .F. ) ;
#252 = EDGE_CURVE ( 'NONE', #3199, #642, #2296, .T. ) ;
#253 = ORIENTED_EDGE ( 'NONE', *, *, #5018, .T. ) ;
#254 = CONICAL_SURFACE ( 'NONE', #1589, 4.500000000000000888, 0.7853981633974482790 ) ;
#255 = CARTESIAN_POINT ( 'NONE',  ( -2.647933949636259943, -0.1028910281830444640, 2.139982942249249565 ) ) ;
#256 = CARTESIAN_POINT ( 'NONE',  ( 27.50000000000000000, 0.000000000000000000, -7.249999999999996447 ) ) ;
#257 = EDGE_LOOP ( 'NONE', ( #4066, #1457, #2019, #4601 ) ) ;
#258 = DIRECTION ( 'NONE',  ( 0.000000000000000000, 0.000000000000000000, 1.000000000000000000 ) ) ;
#259 = AXIS2_PLACEMENT_3D ( 'NONE', #1897, #2731, #2364 ) ;
#260 = ADVANCED_FACE ( 'NONE', ( #4309 ), #1504, .F. ) ;
#261 = EDGE_CURVE ( 'NONE', #4043, #1010, #3432, .T. ) ;
#262 = CIRCLE ( 'NONE', #2017, 2.049999999999999822 ) ;
#263 = EDGE_LOOP ( 'NONE', ( #11, #2416, #1166, #1130 ) ) ;
#264 = AXIS2_PLACEMENT_3D ( 'NONE', #81, #1670, #1332 ) ;
#265 = CARTESIAN_POINT ( 'NONE',  ( -2.516597417695643379, 4.000000000000401457, -7.886097004601407612 ) ) ;
#266 = ORIENTED_EDGE ( 'NONE', *, *, #1816, .T. ) ;
#267 = DIRECTION ( 'NONE',  ( 1.000000000000000000, 0.000000000000000000, 0.000000000000000000 ) ) ;
#268 = VECTOR ( 'NONE', #4419, 1000.000000000000000 ) ;
#269 = DIRECTION ( 'NONE',  ( 1.000000000000000000, 1.892425610156517122E-16, 0.000000000000000000 ) ) ;
#270 = DIRECTION ( 'NONE',  ( -1.000000000000000000, -1.892425610156517122E-16, 0.000000000000000000 ) ) ;
#271 = CIRCLE ( 'NONE', #1355, 2.500000000000014211 ) ;
#272 = ORIENTED_EDGE ( 'NONE', *, *, #3165, .F. ) ;
#273 = CARTESIAN_POINT ( 'NONE',  ( -2.249999999999998668, 4.000000000000003553, 1.099999999999999423 ) ) ;
#274 = DIRECTION ( 'NONE',  ( 1.000000000000000000, 0.000000000000000000, 0.000000000000000000 ) ) ;
#275 = FACE_OUTER_BOUND ( 'NONE', #3473, .T. ) ;
#276 = DIRECTION ( 'NONE',  ( -0.000000000000000000, -0.000000000000000000, 1.000000000000000000 ) ) ;
#277 = ORIENTED_EDGE ( 'NONE', *, *, #6, .T. ) ;
#278 = DIRECTION ( 'NONE',  ( 0.000000000000000000, 0.000000000000000000, 1.000000000000000000 ) ) ;
#279 = DIRECTION ( 'NONE',  ( -1.000000000000000000, 0.000000000000000000, -0.000000000000000000 ) ) ;
#280 = ORIENTED_EDGE ( 'NONE', *, *, #1406, .F. ) ;
#281 = ORIENTED_EDGE ( 'NONE', *, *, #1228, .F. ) ;
#282 = PLANE ( 'NONE',  #4779 ) ;
#283 = EDGE_CURVE ( 'NONE', #5172, #3658, #3947, .T. ) ;
#284 = DIRECTION ( 'NONE',  ( 0.000000000000000000, 0.000000000000000000, 1.000000000000000000 ) ) ;
#285 = LINE ( 'NONE', #3084, #3760 ) ;
#286 = AXIS2_PLACEMENT_3D ( 'NONE', #2101, #4905, #525 ) ;
#287 = EDGE_LOOP ( 'NONE', ( #355, #383, #338, #1067 ) ) ;
#288 = CIRCLE ( 'NONE', #3041, 5.000000000000000888 ) ;
#289 = EDGE_CURVE ( 'NONE', #3538, #5016, #878, .T. ) ;
#290 = CARTESIAN_POINT ( 'NONE',  ( -1.323529062674459800, 3.782800900682352196, -8.000000002201481664 ) ) ;
#291 = ORIENTED_EDGE ( 'NONE', *, *, #4315, .F. ) ;
#292 = DIRECTION ( 'NONE',  ( -1.000000000000000000, -1.892425610156517122E-16, 0.000000000000000000 ) ) ;
#293 = DIRECTION ( 'NONE',  ( -1.000000000000000000, 0.000000000000000000, 0.000000000000000000 ) ) ;
#294 = CIRCLE ( 'NONE', #3711, 2.000000000000000000 ) ;
#295 = VECTOR ( 'NONE', #848, 999.9999999999998863 ) ;
#296 = ORIENTED_EDGE ( 'NONE', *, *, #3907, .T. ) ;
#297 = ADVANCED_FACE ( 'NONE', ( #721 ), #3883, .F. ) ;
#298 = CARTESIAN_POINT ( 'NONE',  ( 27.50000000000000000, -5.000000000000000888, -4.899999999999999467 ) ) ;
#299 = DIRECTION ( 'NONE',  ( -1.000000000000000000, 0.000000000000000000, 0.000000000000000000 ) ) ;
#300 = VECTOR ( 'NONE', #2468, 1000.000000000000000 ) ;
#301 = CARTESIAN_POINT ( 'NONE',  ( -12.49444853078622586, -4.499999999999991118, 4.000000000000000000 ) ) ;
#302 = CYLINDRICAL_SURFACE ( 'NONE', #182, 2.149999999999999023 ) ;
#303 = UNCERTAINTY_MEASURE_WITH_UNIT (LENGTH_MEASURE( 1.000000000000000082E-05 ), #3898, 'distance_accuracy_value', 'NONE');
#304 = ORIENTED_EDGE ( 'NONE', *, *, #3582, .F. ) ;
#305 = AXIS2_PLACEMENT_3D ( 'NONE', #3447, #3140, #3499 ) ;
#306 = CARTESIAN_POINT ( 'NONE',  ( -27.50000000000000000, 0.000000000000000000, -10.00000000000000000 ) ) ;
#307 = DIRECTION ( 'NONE',  ( 0.000000000000000000, 0.000000000000000000, -1.000000000000000000 ) ) ;
#308 = ORIENTED_EDGE ( 'NONE', *, *, #4652, .F. ) ;
#309 = ORIENTED_EDGE ( 'NONE', *, *, #836, .F. ) ;
#310 = VECTOR ( 'NONE', #2640, 1000.000000000000114 ) ;
#311 = CARTESIAN_POINT ( 'NONE',  ( -2.565496994482443061, -0.5674118585899020628, 2.124967828421102656 ) ) ;
#312 = CARTESIAN_POINT ( 'NONE',  ( 4.750000000000000888, 4.000000000000004441, 8.000000000000000000 ) ) ;
#313 = EDGE_LOOP ( 'NONE', ( #2690, #901, #1541, #3056 ) ) ;
#314 = DIRECTION ( 'NONE',  ( -0.000000000000000000, -0.000000000000000000, 1.000000000000000000 ) ) ;
#315 = AXIS2_PLACEMENT_3D ( 'NONE', #766, #4430, #4035 ) ;
#316 = EDGE_LOOP ( 'NONE', ( #2038, #5091, #4080, #4609 ) ) ;
#317 = ORIENTED_EDGE ( 'NONE', *, *, #4509, .F. ) ;
#318 = DIRECTION ( 'NONE',  ( -1.000000000000000000, 0.000000000000000000, 0.000000000000000000 ) ) ;
#319 = DIRECTION ( 'NONE',  ( -1.652117596168388495E-16, 1.000000000000000000, 0.000000000000000000 ) ) ;
#320 = DIRECTION ( 'NONE',  ( 0.000000000000000000, 0.000000000000000000, -1.000000000000000000 ) ) ;
#321 = ORIENTED_EDGE ( 'NONE', *, *, #43, .F. ) ;
#322 = ADVANCED_FACE ( 'NONE', ( #5113 ), #2670, .F. ) ;
#323 = ORIENTED_EDGE ( 'NONE', *, *, #2848, .T. ) ;
#324 = FACE_OUTER_BOUND ( 'NONE', #242, .T. ) ;
#325 = CARTESIAN_POINT ( 'NONE',  ( 1.481308647607106899, 4.000000000000003553, -7.238299152330368358 ) ) ;
#326 = DIRECTION ( 'NONE',  ( -0.7071067811865474617, 0.000000000000000000, -0.7071067811865474617 ) ) ;
#327 = CARTESIAN_POINT ( 'NONE',  ( 27.50000000000000000, 0.000000000000000000, -7.750000000000000000 ) ) ;
#328 = CARTESIAN_POINT ( 'NONE',  ( -27.50000000000000000, 4.500000000000000888, 10.00000000000000000 ) ) ;
#329 = ADVANCED_FACE ( 'NONE', ( #1063, #1084, #3858 ), #4334, .F. ) ;
#330 = ADVANCED_FACE ( 'NONE', ( #2315 ), #3914, .F. ) ;
#331 = VERTEX_POINT ( 'NONE', #1138 ) ;
#332 = DIRECTION ( 'NONE',  ( 0.000000000000000000, 0.000000000000000000, 1.000000000000000000 ) ) ;
#333 = DIRECTION ( 'NONE',  ( 1.000000000000000000, 1.652117596168388495E-16, -0.000000000000000000 ) ) ;
#334 = ORIENTED_EDGE ( 'NONE', *, *, #513, .T. ) ;
#335 = ORIENTED_EDGE ( 'NONE', *, *, #5040, .F. ) ;
#336 = CARTESIAN_POINT ( 'NONE',  ( -27.50000000000000000, 0.000000000000000000, 5.800000000000001599 ) ) ;
#337 = DIRECTION ( 'NONE',  ( 0.1736481776669271115, 0.9848077530122086864, -0.000000000000000000 ) ) ;
#338 = ORIENTED_EDGE ( 'NONE', *, *, #645, .T. ) ;
#339 = CARTESIAN_POINT ( 'NONE',  ( 12.00000000000001421, 7.475081160118244492E-15, -10.00000000000000000 ) ) ;
#340 = AXIS2_PLACEMENT_3D ( 'NONE', #4837, #2820, #831 ) ;
#341 = ORIENTED_EDGE ( 'NONE', *, *, #3674, .F. ) ;
#342 = VERTEX_POINT ( 'NONE', #745 ) ;
#343 = VECTOR ( 'NONE', #4681, 1000.000000000000000 ) ;
#344 = FACE_BOUND ( 'NONE', #4389, .T. ) ;
#345 = CIRCLE ( 'NONE', #3097, 1.000000000000000888 ) ;
#346 = CARTESIAN_POINT ( 'NONE',  ( -27.50000000000000000, 0.000000000000000000, -10.00000000000000000 ) ) ;
#347 = EDGE_LOOP ( 'NONE', ( #3044, #680, #4598, #3655, #4259 ) ) ;
#348 = ORIENTED_EDGE ( 'NONE', *, *, #2718, .T. ) ;
#349 = AXIS2_PLACEMENT_3D ( 'NONE', #2253, #3853, #274 ) ;
#350 = FACE_OUTER_BOUND ( 'NONE', #987, .T. ) ;
#351 = LINE ( 'NONE', #1108, #4886 ) ;
#352 = EDGE_CURVE ( 'NONE', #2610, #2262, #4473, .T. ) ;
#353 = CARTESIAN_POINT ( 'NONE',  ( 6.750000000000000888, 3.000000000000004441, 7.000000000000000000 ) ) ;
#354 = CARTESIAN_POINT ( 'NONE',  ( 27.50000000000000000, 0.000000000000000000, -7.749999999999999112 ) ) ;
#355 = ORIENTED_EDGE ( 'NONE', *, *, #738, .F. ) ;
#356 = EDGE_CURVE ( 'NONE', #3658, #2052, #622, .T. ) ;
#357 = DIRECTION ( 'NONE',  ( -1.000000000000000000, 1.776356839400250465E-15, 0.000000000000000000 ) ) ;
#358 = EDGE_CURVE ( 'NONE', #2685, #331, #1547, .T. ) ;
#359 = LINE ( 'NONE', #3077, #1594 ) ;
#360 = ORIENTED_EDGE ( 'NONE', *, *, #708, .T. ) ;
#361 = CARTESIAN_POINT ( 'NONE',  ( -27.50000000000000000, -4.499999999999993783, -4.000000000000000000 ) ) ;
#362 = ORIENTED_EDGE ( 'NONE', *, *, #3553, .T. ) ;
#363 = LINE ( 'NONE', #1954, #4563 ) ;
#364 = CARTESIAN_POINT ( 'NONE',  ( -9.499999999999994671, -4.499999999999983125, 8.000000000000000000 ) ) ;
#365 = EDGE_CURVE ( 'NONE', #4723, #2145, #5140, .T. ) ;
#366 = ORIENTED_EDGE ( 'NONE', *, *, #864, .F. ) ;
#367 = DIRECTION ( 'NONE',  ( 0.000000000000000000, 0.000000000000000000, 1.000000000000000000 ) ) ;
#368 = EDGE_LOOP ( 'NONE', ( #321, #4478, #756, #2734 ) ) ;
#369 = VERTEX_POINT ( 'NONE', #1581 ) ;
#370 = CIRCLE ( 'NONE', #1454, 1.000000000000000000 ) ;
#371 = LINE ( 'NONE', #1964, #2118 ) ;
#372 = CARTESIAN_POINT ( 'NONE',  ( -50.00000000000000000, 5.000000000000007105, -4.000000000000000000 ) ) ;
#373 = ORIENTED_EDGE ( 'NONE', *, *, #1406, .T. ) ;
#374 = AXIS2_PLACEMENT_3D ( 'NONE', #353, #4675, #3879 ) ;
#375 = EDGE_LOOP ( 'NONE', ( #1756, #2796, #1047, #3815 ) ) ;
#376 = FACE_OUTER_BOUND ( 'NONE', #5020, .T. ) ;
#377 = DIRECTION ( 'NONE',  ( 1.892425610156516875E-16, -1.000000000000000000, -0.000000000000000000 ) ) ;
#378 = CIRCLE ( 'NONE', #3284, 5.000000000000000888 ) ;
#379 = AXIS2_PLACEMENT_3D ( 'NONE', #3519, #284, #1564 ) ;
#380 = CARTESIAN_POINT ( 'NONE',  ( -43.11716621585583198, -5.000000000000004441, -2.649999999999999911 ) ) ;
#381 = AXIS2_PLACEMENT_3D ( 'NONE', #800, #2390, #3993 ) ;
#382 = CARTESIAN_POINT ( 'NONE',  ( -3.749999999999984457, -4.999999999999996447, 6.000000000000000000 ) ) ;
#383 = ORIENTED_EDGE ( 'NONE', *, *, #2333, .T. ) ;
#384 = EDGE_CURVE ( 'NONE', #642, #3610, #1129, .T. ) ;
#385 = AXIS2_PLACEMENT_3D ( 'NONE', #3288, #4843, #1336 ) ;
#386 = LINE ( 'NONE', #2832, #295 ) ;
#387 = CARTESIAN_POINT ( 'NONE',  ( 17.30855861669665785, -8.848987126107161316, -2.649999999999999467 ) ) ;
#388 = CIRCLE ( 'NONE', #4230, 2.000000000000000000 ) ;
#389 = VERTEX_POINT ( 'NONE', #94 ) ;
#390 = ORIENTED_EDGE ( 'NONE', *, *, #166, .T. ) ;
#391 = ADVANCED_FACE ( 'NONE', ( #2362 ), #4460, .T. ) ;
#392 = CIRCLE ( 'NONE', #884, 1.000000000000000000 ) ;
#393 = CARTESIAN_POINT ( 'NONE',  ( 11.00000000000000000, 4.000000000000005329, 4.000000000000000000 ) ) ;
#394 = DIRECTION ( 'NONE',  ( -1.000000000000000000, 0.000000000000000000, 0.000000000000000000 ) ) ;
#395 = CARTESIAN_POINT ( 'NONE',  ( -1.955595470337908370, -0.6149436336779940948, 2.611144976416804209 ) ) ;
#396 = CARTESIAN_POINT ( 'NONE',  ( 10.49999999999999822, 3.000000000000008438, -9.500000000000014211 ) ) ;
#397 = VECTOR ( 'NONE', #4427, 1000.000000000000000 ) ;
#398 = EDGE_CURVE ( 'NONE', #4729, #4889, #1708, .T. ) ;
#399 = VERTEX_POINT ( 'NONE', #3149 ) ;
#400 = PRODUCT_DEFINITION_SHAPE ( 'NONE', 'NONE',  #2413 ) ;
#401 = AXIS2_PLACEMENT_3D ( 'NONE', #2221, #1828, #1802 ) ;
#402 = ORIENTED_EDGE ( 'NONE', *, *, #2292, .F. ) ;
#403 = DIRECTION ( 'NONE',  ( 1.892425610156517122E-16, -1.000000000000000000, -0.000000000000000000 ) ) ;
#404 = DIRECTION ( 'NONE',  ( -0.000000000000000000, -1.000000000000000000, -0.000000000000000000 ) ) ;
#405 = EDGE_LOOP ( 'NONE', ( #4907, #2898, #5116, #69, #3893 ) ) ;
#406 = FACE_OUTER_BOUND ( 'NONE', #4477, .T. ) ;
#407 = CARTESIAN_POINT ( 'NONE',  ( 0.4129259879940622713, 4.000000000000003553, -7.761577111381269489 ) ) ;
#408 = CARTESIAN_POINT ( 'NONE',  ( 2.049999999999999822, 0.000000000000000000, -10.00000000000000000 ) ) ;
#409 = CARTESIAN_POINT ( 'NONE',  ( -4.249999999999996447, -4.499999999999982236, 8.000000000000000000 ) ) ;
#410 = ORIENTED_EDGE ( 'NONE', *, *, #4990, .T. ) ;
#411 = CARTESIAN_POINT ( 'NONE',  ( 6.750000000000002665, -4.499999999999978684, 8.000000000000000000 ) ) ;
#412 = CARTESIAN_POINT ( 'NONE',  ( 12.00000000000000000, 3.000000000000008882, 10.00000000000000000 ) ) ;
#413 = ADVANCED_FACE ( 'NONE', ( #4041 ), #71, .F. ) ;
#414 = ORIENTED_EDGE ( 'NONE', *, *, #1051, .T. ) ;
#415 = CARTESIAN_POINT ( 'NONE',  ( -27.50000000000000000, 5.000000000000000888, -9.500000000000014211 ) ) ;
#416 = ORIENTED_EDGE ( 'NONE', *, *, #2051, .F. ) ;
#417 = CARTESIAN_POINT ( 'NONE',  ( 32.50000000000000000, 4.500000000000011546, 7.750000000000000000 ) ) ;
#418 = CARTESIAN_POINT ( 'NONE',  ( 24.95000000000000284, 0.000000000000000000, -7.749999999999999112 ) ) ;
#419 = DIRECTION ( 'NONE',  ( 0.000000000000000000, 0.000000000000000000, -1.000000000000000000 ) ) ;
#420 = EDGE_CURVE ( 'NONE', #654, #877, #3133, .T. ) ;
#421 = CARTESIAN_POINT ( 'NONE',  ( 0.000000000000000000, 0.000000000000000000, 0.000000000000000000 ) ) ;
#422 = ORIENTED_EDGE ( 'NONE', *, *, #2037, .T. ) ;
#423 = FACE_OUTER_BOUND ( 'NONE', #4781, .T. ) ;
#424 = EDGE_CURVE ( 'NONE', #2251, #4519, #3644, .T. ) ;
#425 = EDGE_CURVE ( 'NONE', #4827, #1997, #4015, .T. ) ;
#426 = CARTESIAN_POINT ( 'NONE',  ( -25.30000000000000071, 0.000000000000000000, -10.00000000000000000 ) ) ;
#427 = ORIENTED_EDGE ( 'NONE', *, *, #4777, .T. ) ;
#428 = ORIENTED_EDGE ( 'NONE', *, *, #3509, .F. ) ;
#429 = VECTOR ( 'NONE', #3157, 1000.000000000000000 ) ;
#430 = CARTESIAN_POINT ( 'NONE',  ( 11.00000000000000000, 4.000000000000005329, 6.000000000000000000 ) ) ;
#431 = FACE_OUTER_BOUND ( 'NONE', #1980, .T. ) ;
#432 = CARTESIAN_POINT ( 'NONE',  ( -24.40000000000000213, 3.796405077356794918E-16, -5.799999999999999822 ) ) ;
#433 = CYLINDRICAL_SURFACE ( 'NONE', #3300, 2.000000000000000000 ) ;
#434 = AXIS2_PLACEMENT_3D ( 'NONE', #1435, #130, #540 ) ;
#435 = ORIENTED_EDGE ( 'NONE', *, *, #1026, .F. ) ;
#436 = DIRECTION ( 'NONE',  ( 0.000000000000000000, -0.000000000000000000, -1.000000000000000000 ) ) ;
#437 = VECTOR ( 'NONE', #2641, 1000.000000000000000 ) ;
#438 = CARTESIAN_POINT ( 'NONE',  ( -5.249999999999998224, 3.000000000000002665, 4.099999999999999645 ) ) ;
#439 = ORIENTED_EDGE ( 'NONE', *, *, #91, .T. ) ;
#440 = DIRECTION ( 'NONE',  ( -1.000000000000000000, 0.000000000000000000, 0.000000000000000000 ) ) ;
#441 = ORIENTED_EDGE ( 'NONE', *, *, #5011, .T. ) ;
#442 = VECTOR ( 'NONE', #3274, 1000.000000000000000 ) ;
#443 = DIRECTION ( 'NONE',  ( -1.000000000000000000, 0.000000000000000000, -0.000000000000000000 ) ) ;
#444 = LINE ( 'NONE', #151, #1634 ) ;
#445 = DIRECTION ( 'NONE',  ( 0.000000000000000000, 0.000000000000000000, -1.000000000000000000 ) ) ;
#446 = EDGE_CURVE ( 'NONE', #633, #882, #2810, .T. ) ;
#447 = ORIENTED_EDGE ( 'NONE', *, *, #4635, .F. ) ;
#448 = CARTESIAN_POINT ( 'NONE',  ( -27.50000000000000000, 0.000000000000000000, 10.00000000000000000 ) ) ;
#449 = ORIENTED_EDGE ( 'NONE', *, *, #4833, .F. ) ;
#450 = VERTEX_POINT ( 'NONE', #772 ) ;
#451 = EDGE_CURVE ( 'NONE', #4502, #1248, #386, .T. ) ;
#452 = FACE_OUTER_BOUND ( 'NONE', #287, .T. ) ;
#453 = DIRECTION ( 'NONE',  ( -0.000000000000000000, -0.000000000000000000, 1.000000000000000000 ) ) ;
#454 = DIRECTION ( 'NONE',  ( -1.000000000000000000, 0.000000000000000000, 0.000000000000000000 ) ) ;
#455 = CARTESIAN_POINT ( 'NONE',  ( -2.049999999999999822, 2.510525938252073693E-16, 9.500000000000010658 ) ) ;
#456 = ORIENTED_EDGE ( 'NONE', *, *, #3941, .F. ) ;
#457 = EDGE_CURVE ( 'NONE', #2472, #3236, #2077, .T. ) ;
#458 = EDGE_CURVE ( 'NONE', #583, #2834, #3197, .T. ) ;
#459 = AXIS2_PLACEMENT_3D ( 'NONE', #96, #5169, #2055 ) ;
#460 = DIRECTION ( 'NONE',  ( 1.652117596168388495E-16, -1.000000000000000000, 0.000000000000000000 ) ) ;
#461 = CYLINDRICAL_SURFACE ( 'NONE', #3705, 5.000000000000000888 ) ;
#462 = ORIENTED_EDGE ( 'NONE', *, *, #3065, .T. ) ;
#463 = DIRECTION ( 'NONE',  ( -1.892425610156517122E-16, 1.000000000000000000, 0.000000000000000000 ) ) ;
#464 = CIRCLE ( 'NONE', #5133, 4.000000000000000888 ) ;
#465 = ORIENTED_EDGE ( 'NONE', *, *, #1078, .F. ) ;
#466 = AXIS2_PLACEMENT_3D ( 'NONE', #4627, #2336, #3938 ) ;
#467 = DIRECTION ( 'NONE',  ( 1.892425610156517122E-16, -1.000000000000000000, 0.000000000000000000 ) ) ;
#468 = VECTOR ( 'NONE', #3387, 1000.000000000000000 ) ;
#469 = CARTESIAN_POINT ( 'NONE',  ( -2.032373063431746285, -0.2689780003161886812, 2.625997106826510219 ) ) ;
#470 = CARTESIAN_POINT ( 'NONE',  ( -27.50000000000000000, 0.000000000000000000, 5.799999999999999822 ) ) ;
#471 = ORIENTED_EDGE ( 'NONE', *, *, #2609, .T. ) ;
#472 = DIRECTION ( 'NONE',  ( 0.000000000000000000, 0.000000000000000000, -1.000000000000000000 ) ) ;
#473 = ADVANCED_FACE ( 'NONE', ( #2436 ), #2054, .F. ) ;
#474 = VERTEX_POINT ( 'NONE', #3668 ) ;
#475 = ORIENTED_EDGE ( 'NONE', *, *, #3478, .F. ) ;
#476 = VECTOR ( 'NONE', #483, 1000.000000000000114 ) ;
#477 = CARTESIAN_POINT ( 'NONE',  ( -36.00000000000003553, 19.00000000000000000, 4.000000000000000000 ) ) ;
#478 = CARTESIAN_POINT ( 'NONE',  ( 11.00000000000000178, -4.499999999999979572, 5.000000000000000000 ) ) ;
#479 = CARTESIAN_POINT ( 'NONE',  ( 30.32677911926509040, -4.124235663839651345, 4.900000000000000355 ) ) ;
#480 = EDGE_CURVE ( 'NONE', #4300, #2961, #1978, .T. ) ;
#481 = FILL_AREA_STYLE_COLOUR ( '', #2722 ) ;
#482 = ORIENTED_EDGE ( 'NONE', *, *, #398, .F. ) ;
#483 = DIRECTION ( 'NONE',  ( 0.1736481776669271115, 0.9848077530122086864, -0.000000000000000000 ) ) ;
#484 = DIRECTION ( 'NONE',  ( -1.000000000000000000, -3.469446951953592002E-16, 0.000000000000000000 ) ) ;
#485 = FACE_OUTER_BOUND ( 'NONE', #4009, .T. ) ;
#486 = ADVANCED_FACE ( 'NONE', ( #1267 ), #1042, .T. ) ;
#487 = ORIENTED_EDGE ( 'NONE', *, *, #2938, .T. ) ;
#488 = ADVANCED_FACE ( 'NONE', ( #3172, #5168, #2783 ), #4387, .T. ) ;
#489 = CARTESIAN_POINT ( 'NONE',  ( 10.99261509947659654, 5.000000000000008882, 7.249999999999995559 ) ) ;
#490 = VERTEX_POINT ( 'NONE', #411 ) ;
#491 = CARTESIAN_POINT ( 'NONE',  ( -1.968762876014306107, -0.5715548540330795957, 2.613239125560192555 ) ) ;
#492 = FACE_OUTER_BOUND ( 'NONE', #998, .T. ) ;
#493 = ORIENTED_EDGE ( 'NONE', *, *, #1540, .T. ) ;
#494 = LINE ( 'NONE', #3656, #5045 ) ;
#495 = ORIENTED_EDGE ( 'NONE', *, *, #247, .T. ) ;
#496 = ORIENTED_EDGE ( 'NONE', *, *, #2817, .T. ) ;
#497 = CARTESIAN_POINT ( 'NONE',  ( -7.499999999999996447, 4.000000000000001776, 6.000000000000000000 ) ) ;
#498 = CYLINDRICAL_SURFACE ( 'NONE', #619, 3.099999999999998757 ) ;
#499 = ORIENTED_EDGE ( 'NONE', *, *, #4091, .T. ) ;
#500 = VECTOR ( 'NONE', #1149, 1000.000000000000000 ) ;
#501 = EDGE_CURVE ( 'NONE', #1673, #150, #1221, .T. ) ;
#502 = LINE ( 'NONE', #1780, #3061 ) ;
#503 = DIRECTION ( 'NONE',  ( -1.892425610156517122E-16, 1.000000000000000000, -0.000000000000000000 ) ) ;
#504 = VECTOR ( 'NONE', #4912, 1000.000000000000000 ) ;
#505 = CARTESIAN_POINT ( 'NONE',  ( -2.011936606286034657, 0.3933255724512521034, 2.621428154700909285 ) ) ;
#506 = ORIENTED_EDGE ( 'NONE', *, *, #252, .F. ) ;
#507 = CIRCLE ( 'NONE', #4190, 3.099999999999998757 ) ;
#508 = PLANE ( 'NONE',  #2026 ) ;
#509 = ORIENTED_EDGE ( 'NONE', *, *, #3038, .T. ) ;
#510 = EDGE_CURVE ( 'NONE', #4474, #548, #3774, .T. ) ;
#511 = EDGE_CURVE ( 'NONE', #3494, #223, #1371, .T. ) ;
#512 = DIRECTION ( 'NONE',  ( 0.000000000000000000, 0.000000000000000000, 1.000000000000000000 ) ) ;
#513 = EDGE_CURVE ( 'NONE', #1326, #1694, #4955, .T. ) ;
#514 = CARTESIAN_POINT ( 'NONE',  ( 10.49999999999999822, 4.500000000000021316, -10.00000000000000000 ) ) ;
#515 = CARTESIAN_POINT ( 'NONE',  ( 4.750000000000002665, -4.499999999999978684, 6.000000000000000000 ) ) ;
#516 = ORIENTED_EDGE ( 'NONE', *, *, #4227, .F. ) ;
#517 = CARTESIAN_POINT ( 'NONE',  ( -27.50000000000000000, 0.000000000000000000, -4.000000000000000000 ) ) ;
#518 = ORIENTED_EDGE ( 'NONE', *, *, #2962, .T. ) ;
#519 = ORIENTED_EDGE ( 'NONE', *, *, #2773, .T. ) ;
#520 = DIRECTION ( 'NONE',  ( -1.000000000000000000, 0.000000000000000000, -0.000000000000000000 ) ) ;
#521 = DIRECTION ( 'NONE',  ( 0.000000000000000000, 0.7071067811865474617, -0.7071067811865474617 ) ) ;
#522 = LINE ( 'NONE', #1777, #2293 ) ;
#523 = ORIENTED_EDGE ( 'NONE', *, *, #2235, .T. ) ;
#524 = CARTESIAN_POINT ( 'NONE',  ( 10.49999999999999822, 3.000000000000008438, 10.00000000000000000 ) ) ;
#525 = DIRECTION ( 'NONE',  ( -1.000000000000000000, 0.000000000000000000, 0.000000000000000000 ) ) ;
#526 = AXIS2_PLACEMENT_3D ( 'NONE', #3210, #3235, #4106 ) ;
#527 = CARTESIAN_POINT ( 'NONE',  ( -1.954040292974771331, 0.6198623953216826354, 2.610909527197403435 ) ) ;
#528 = ORIENTED_EDGE ( 'NONE', *, *, #3091, .T. ) ;
#529 = CARTESIAN_POINT ( 'NONE',  ( -27.50000000000000000, 5.000000000000000888, -4.500000000000007105 ) ) ;
#530 = EDGE_CURVE ( 'NONE', #1648, #747, #2538, .T. ) ;
#531 = VERTEX_POINT ( 'NONE', #921 ) ;
#532 = AXIS2_PLACEMENT_3D ( 'NONE', #4544, #4980, #3018 ) ;
#533 = DIRECTION ( 'NONE',  ( -1.000000000000000000, 0.000000000000000000, 0.000000000000000000 ) ) ;
#534 = CARTESIAN_POINT ( 'NONE',  ( 0.000000000000000000, 0.000000000000000000, 2.600000000000003197 ) ) ;
#535 = VECTOR ( 'NONE', #3744, 1000.000000000000000 ) ;
#536 = EDGE_CURVE ( 'NONE', #2472, #2654, #4979, .T. ) ;
#537 = VECTOR ( 'NONE', #4493, 1000.000000000000000 ) ;
#538 = AXIS2_PLACEMENT_3D ( 'NONE', #2693, #4407, #4353 ) ;
#539 = CARTESIAN_POINT ( 'NONE',  ( -2.048708853898540738, 0.08389864997432319726, 2.629975628441481916 ) ) ;
#540 = DIRECTION ( 'NONE',  ( -1.652117596168388495E-16, 1.000000000000000000, 0.000000000000000000 ) ) ;
#541 = AXIS2_PLACEMENT_3D ( 'NONE', #4715, #2377, #4323 ) ;
#542 = ORIENTED_EDGE ( 'NONE', *, *, #2228, .T. ) ;
#543 = CARTESIAN_POINT ( 'NONE',  ( 11.00000000000000178, -4.999999999999993783, -6.000000000000000000 ) ) ;
#544 = ADVANCED_FACE ( 'NONE', ( #2966 ), #3458, .F. ) ;
#545 = ORIENTED_EDGE ( 'NONE', *, *, #4422, .F. ) ;
#546 = ORIENTED_EDGE ( 'NONE', *, *, #3354, .T. ) ;
#547 = DIRECTION ( 'NONE',  ( 1.652117596168388495E-16, -1.000000000000000000, -0.000000000000000000 ) ) ;
#548 = VERTEX_POINT ( 'NONE', #2886 ) ;
#549 = CARTESIAN_POINT ( 'NONE',  ( 2.750000000000001332, 4.000000000000003553, 4.099999999999999645 ) ) ;
#550 = PLANE ( 'NONE',  #1960 ) ;
#551 = CARTESIAN_POINT ( 'NONE',  ( -2.615876585179243374, -0.4162091282184746666, 2.132575601711528268 ) ) ;
#552 = VECTOR ( 'NONE', #2935, 1000.000000000000000 ) ;
#553 = ORIENTED_EDGE ( 'NONE', *, *, #4380, .F. ) ;
#554 = FACE_OUTER_BOUND ( 'NONE', #1111, .T. ) ;
#555 = DIRECTION ( 'NONE',  ( -0.000000000000000000, -0.000000000000000000, 1.000000000000000000 ) ) ;
#556 = AXIS2_PLACEMENT_3D ( 'NONE', #2477, #2119, #4560 ) ;
#557 = LINE ( 'NONE', #2156, #4888 ) ;
#558 = CARTESIAN_POINT ( 'NONE',  ( -2.019445499179392201, 0.3533279255433466326, 2.623048319867428813 ) ) ;
#559 = ORIENTED_EDGE ( 'NONE', *, *, #3106, .F. ) ;
#560 = CARTESIAN_POINT ( 'NONE',  ( 5.750000000000000888, 3.000000000000004441, 6.000000000000000000 ) ) ;
#561 = EDGE_LOOP ( 'NONE', ( #4840, #1265, #1608, #1697 ) ) ;
#562 = EDGE_CURVE ( 'NONE', #1515, #1920, #2991, .T. ) ;
#563 = DIRECTION ( 'NONE',  ( 1.000000000000000000, 0.000000000000000000, 0.000000000000000000 ) ) ;
#564 = CARTESIAN_POINT ( 'NONE',  ( -29.69999999999999929, 2.694222958124181444E-16, 4.000000000000000000 ) ) ;
#565 = CARTESIAN_POINT ( 'NONE',  ( -1.968265003351808762, 0.5791108841008835162, 2.612950820507784933 ) ) ;
#566 = DIRECTION ( 'NONE',  ( 0.000000000000000000, 0.000000000000000000, 1.000000000000000000 ) ) ;
#567 = EDGE_CURVE ( 'NONE', #4312, #588, #1001, .T. ) ;
#568 = ORIENTED_EDGE ( 'NONE', *, *, #4187, .F. ) ;
#569 = LINE ( 'NONE', #3362, #4523 ) ;
#570 = ORIENTED_EDGE ( 'NONE', *, *, #4418, .T. ) ;
#571 = EDGE_CURVE ( 'NONE', #1874, #3053, #1619, .T. ) ;
#572 = CARTESIAN_POINT ( 'NONE',  ( -6.249999999999996447, -4.999999999999996447, 6.000000000000000000 ) ) ;
#573 = EDGE_CURVE ( 'NONE', #4944, #3922, #2591, .T. ) ;
#574 = CARTESIAN_POINT ( 'NONE',  ( -27.50000000000000000, 5.000000000000000888, -9.500000000000014211 ) ) ;
#575 = DIRECTION ( 'NONE',  ( -0.7071067811865450192, 0.7071067811865500152, 0.000000000000000000 ) ) ;
#576 = CARTESIAN_POINT ( 'NONE',  ( 2.645751311064586719, 3.000000000000003997, -7.000000000000000000 ) ) ;
#577 = VERTEX_POINT ( 'NONE', #4874 ) ;
#578 = DIRECTION ( 'NONE',  ( -0.7071067811865451302, 0.7071067811865500152, 0.000000000000000000 ) ) ;
#579 = CARTESIAN_POINT ( 'NONE',  ( -27.50000000000000000, -5.000000000000000888, -7.249999999999997335 ) ) ;
#580 = DIRECTION ( 'NONE',  ( 1.000000000000000000, 1.892425610156517122E-16, 0.000000000000000000 ) ) ;
#581 = CARTESIAN_POINT ( 'NONE',  ( -2.049999999999998490, 0.08046209482687775860, 2.630306865850128073 ) ) ;
#582 = CARTESIAN_POINT ( 'NONE',  ( 10.50000000000000178, -2.999999999999994671, -9.500000000000014211 ) ) ;
#583 = VERTEX_POINT ( 'NONE', #4092 ) ;
#584 = VECTOR ( 'NONE', #4937, 1000.000000000000114 ) ;
#585 = LINE ( 'NONE', #2186, #3631 ) ;
#586 = AXIS2_PLACEMENT_3D ( 'NONE', #1823, #3411, #2550 ) ;
#587 = DIRECTION ( 'NONE',  ( -1.000000000000000000, 0.000000000000000000, 0.000000000000000000 ) ) ;
#588 = VERTEX_POINT ( 'NONE', #2180 ) ;
#589 = AXIS2_PLACEMENT_3D ( 'NONE', #3230, #4835, #4542 ) ;
#590 = CARTESIAN_POINT ( 'NONE',  ( -2.373673364205715508, -1.012322751455936976, 2.103204911510586861 ) ) ;
#591 = DIRECTION ( 'NONE',  ( 0.000000000000000000, 0.000000000000000000, -1.000000000000000000 ) ) ;
#592 = ORIENTED_EDGE ( 'NONE', *, *, #1790, .F. ) ;
#593 = CARTESIAN_POINT ( 'NONE',  ( -27.50000000000000000, 0.000000000000000000, -5.799999999999999822 ) ) ;
#594 = AXIS2_PLACEMENT_3D ( 'NONE', #748, #50, #440 ) ;
#595 = EDGE_CURVE ( 'NONE', #2577, #1358, #370, .T. ) ;
#596 = ORIENTED_EDGE ( 'NONE', *, *, #4418, .F. ) ;
#597 = CIRCLE ( 'NONE', #3521, 2.049999999999999822 ) ;
#598 = CARTESIAN_POINT ( 'NONE',  ( 0.000000000000000000, 0.000000000000000000, 2.099999999999999645 ) ) ;
#599 = DIRECTION ( 'NONE',  ( -1.000000000000000000, 0.000000000000000000, 0.000000000000000000 ) ) ;
#600 = DIRECTION ( 'NONE',  ( 0.000000000000000000, 0.000000000000000000, -1.000000000000000000 ) ) ;
#601 = EDGE_CURVE ( 'NONE', #82, #1225, #4875, .T. ) ;
#602 = ORIENTED_EDGE ( 'NONE', *, *, #3769, .F. ) ;
#603 = DIRECTION ( 'NONE',  ( 0.000000000000000000, -0.000000000000000000, 1.000000000000000000 ) ) ;
#604 = CARTESIAN_POINT ( 'NONE',  ( 1.988646640583524805, 3.477396701847806693, -8.000000002274028077 ) ) ;
#605 = LINE ( 'NONE', #244, #23 ) ;
#606 = DIRECTION ( 'NONE',  ( 0.000000000000000000, 0.7071067811865474617, 0.7071067811865474617 ) ) ;
#607 = CARTESIAN_POINT ( 'NONE',  ( -25.30000000000000071, 0.000000000000000000, 4.000000000000000000 ) ) ;
#608 = DIRECTION ( 'NONE',  ( -1.338146981832762033E-16, 0.7071067811865470176, -0.7071067811865481278 ) ) ;
#609 = EDGE_CURVE ( 'NONE', #1218, #2834, #3694, .T. ) ;
#610 = EDGE_CURVE ( 'NONE', #4851, #654, #2203, .T. ) ;
#611 = ORIENTED_EDGE ( 'NONE', *, *, #2901, .T. ) ;
#612 = CARTESIAN_POINT ( 'NONE',  ( 17.30855861669665785, -8.848987126107161316, 2.649999999999999467 ) ) ;
#613 = LINE ( 'NONE', #2211, #504 ) ;
#614 = ORIENTED_EDGE ( 'NONE', *, *, #501, .F. ) ;
#615 = CONICAL_SURFACE ( 'NONE', #122, 2.500000000000014211, 0.7853981633974482790 ) ;
#616 = AXIS2_PLACEMENT_3D ( 'NONE', #2995, #2545, #3406 ) ;
#617 = CARTESIAN_POINT ( 'NONE',  ( -1.999049658398414087, -0.4561546315735453550, 2.618725871308397402 ) ) ;
#618 = DIRECTION ( 'NONE',  ( -1.000000000000000000, 0.000000000000000000, 0.000000000000000000 ) ) ;
#619 = AXIS2_PLACEMENT_3D ( 'NONE', #3343, #970, #599 ) ;
#620 = ORIENTED_EDGE ( 'NONE', *, *, #2997, .T. ) ;
#621 = DIRECTION ( 'NONE',  ( 8.673617379884035472E-17, 1.641417566239121864E-32, 1.000000000000000000 ) ) ;
#622 = CIRCLE ( 'NONE', #3374, 4.000000000000000888 ) ;
#623 = AXIS2_PLACEMENT_3D ( 'NONE', #336, #4732, #2343 ) ;
#624 = VERTEX_POINT ( 'NONE', #2912 ) ;
#625 = CIRCLE ( 'NONE', #1968, 2.000000000000000000 ) ;
#626 = AXIS2_PLACEMENT_3D ( 'NONE', #4257, #332, #3884 ) ;
#627 = CARTESIAN_POINT ( 'NONE',  ( -4.528881991484131924E-16, 4.000000000000001776, -8.000000000000000000 ) ) ;
#628 = ORIENTED_EDGE ( 'NONE', *, *, #2460, .F. ) ;
#629 = FACE_OUTER_BOUND ( 'NONE', #1234, .T. ) ;
#630 = AXIS2_PLACEMENT_3D ( 'NONE', #2636, #1074, #3765 ) ;
#631 = CARTESIAN_POINT ( 'NONE',  ( 11.00000000000000178, -4.499999999999979572, 6.000000000000000000 ) ) ;
#632 = DIRECTION ( 'NONE',  ( 1.000000000000000000, 1.892425610156517122E-16, 0.000000000000000000 ) ) ;
#633 = VERTEX_POINT ( 'NONE', #1737 ) ;
#634 = TOROIDAL_SURFACE ( 'NONE', #2137, 1.000000000000000000, 1.000000000000000000 ) ;
#635 = FACE_OUTER_BOUND ( 'NONE', #1255, .T. ) ;
#636 = CARTESIAN_POINT ( 'NONE',  ( 10.50000000000000533, -4.999999999999993783, 7.249999999999997335 ) ) ;
#637 = EDGE_CURVE ( 'NONE', #2058, #5162, #42, .T. ) ;
#638 = AXIS2_PLACEMENT_3D ( 'NONE', #4583, #2552, #258 ) ;
#639 = CARTESIAN_POINT ( 'NONE',  ( -27.50000000000000000, 5.000000000000000888, 4.500000000000007105 ) ) ;
#640 = CIRCLE ( 'NONE', #3146, 1.499999999999999556 ) ;
#641 = PLANE ( 'NONE',  #1932 ) ;
#642 = VERTEX_POINT ( 'NONE', #4117 ) ;
#643 = ADVANCED_FACE ( 'NONE', ( #3325 ), #4929, .F. ) ;
#644 = CARTESIAN_POINT ( 'NONE',  ( -2.645751311064588496, 4.000000000000002665, -7.000000000000000000 ) ) ;
#645 = EDGE_CURVE ( 'NONE', #904, #3138, #557, .T. ) ;
#646 = CARTESIAN_POINT ( 'NONE',  ( -12.49444853078624718, 4.499999999999996447, -4.000000000000000000 ) ) ;
#647 = EDGE_LOOP ( 'NONE', ( #1618, #2970, #3995, #277, #3030, #755, #4032, #3834 ) ) ;
#648 = AXIS2_PLACEMENT_3D ( 'NONE', #1153, #1232, #3555 ) ;
#649 = ORIENTED_EDGE ( 'NONE', *, *, #1121, .F. ) ;
#650 = CARTESIAN_POINT ( 'NONE',  ( -2.564852902409570312, 0.5694801131788937987, 2.124865481615017426 ) ) ;
#651 = FACE_OUTER_BOUND ( 'NONE', #2683, .T. ) ;
#652 = ORIENTED_EDGE ( 'NONE', *, *, #4163, .F. ) ;
#653 = CARTESIAN_POINT ( 'NONE',  ( -30.59999999999999787, 3.796405077356793932E-16, 9.499999999999989342 ) ) ;
#654 = VERTEX_POINT ( 'NONE', #1180 ) ;
#655 = CARTESIAN_POINT ( 'NONE',  ( -2.449293598294703456E-16, 4.000000000000001776, -8.000000000000000000 ) ) ;
#656 = DIRECTION ( 'NONE',  ( 1.892425610156517122E-16, -1.000000000000000000, -0.000000000000000000 ) ) ;
#657 = DIRECTION ( 'NONE',  ( -1.000000000000000000, 0.000000000000000000, 0.000000000000000000 ) ) ;
#658 = DIRECTION ( 'NONE',  ( -1.000000000000000000, 0.000000000000000000, 0.000000000000000000 ) ) ;
#659 = VERTEX_POINT ( 'NONE', #814 ) ;
#660 = CARTESIAN_POINT ( 'NONE',  ( 10.00000000000000178, -4.499999999999979572, -6.000000000000000000 ) ) ;
#661 = CARTESIAN_POINT ( 'NONE',  ( -15.00000000000000000, 1.171572875253819923, -4.000000000000000000 ) ) ;
#662 = DIRECTION ( 'NONE',  ( 0.000000000000000000, 0.000000000000000000, -1.000000000000000000 ) ) ;
#663 = DIRECTION ( 'NONE',  ( -1.892425610156517122E-16, 1.000000000000000000, -0.000000000000000000 ) ) ;
#664 = VERTEX_POINT ( 'NONE', #1933 ) ;
#665 = EDGE_CURVE ( 'NONE', #737, #3724, #131, .T. ) ;
#666 = CARTESIAN_POINT ( 'NONE',  ( -0.5176550019362609056, 4.000000000000003553, -7.704947717330271395 ) ) ;
#667 = DIRECTION ( 'NONE',  ( -0.000000000000000000, -0.000000000000000000, -1.000000000000000000 ) ) ;
#668 = ORIENTED_EDGE ( 'NONE', *, *, #4651, .F. ) ;
#669 = ORIENTED_EDGE ( 'NONE', *, *, #4036, .F. ) ;
#670 = ADVANCED_FACE ( 'NONE', ( #4741, #5005 ), #4623, .F. ) ;
#671 = ADVANCED_FACE ( 'NONE', ( #1812 ), #1570, .F. ) ;
#672 = VECTOR ( 'NONE', #2840, 1000.000000000000114 ) ;
#673 = CARTESIAN_POINT ( 'NONE',  ( 0.000000000000000000, 0.000000000000000000, -10.00000000000000000 ) ) ;
#674 = VECTOR ( 'NONE', #988, 1000.000000000000000 ) ;
#675 = ORIENTED_EDGE ( 'NONE', *, *, #1481, .F. ) ;
#676 = FACE_OUTER_BOUND ( 'NONE', #4686, .T. ) ;
#677 = AXIS2_PLACEMENT_3D ( 'NONE', #4258, #667, #2286 ) ;
#678 = AXIS2_PLACEMENT_3D ( 'NONE', #2985, #2957, #3789 ) ;
#679 = ADVANCED_FACE ( 'NONE', ( #4401 ), #3113, .F. ) ;
#680 = ORIENTED_EDGE ( 'NONE', *, *, #2784, .T. ) ;
#681 = CARTESIAN_POINT ( 'NONE',  ( 20.50000000000001421, -4.999999999999992006, -4.899999999999999467 ) ) ;
#682 = ORIENTED_EDGE ( 'NONE', *, *, #895, .T. ) ;
#683 = CARTESIAN_POINT ( 'NONE',  ( -27.50000000000000000, -5.000000000000000888, 10.00000000000000000 ) ) ;
#684 = CIRCLE ( 'NONE', #3603, 2.000000000000001776 ) ;
#685 = CARTESIAN_POINT ( 'NONE',  ( -27.50000000000000000, 5.000000000000000888, -4.500000000000007105 ) ) ;
#686 = CARTESIAN_POINT ( 'NONE',  ( -50.00000000000000000, -4.499999999999998224, -4.000000000000000000 ) ) ;
#687 = AXIS2_PLACEMENT_3D ( 'NONE', #851, #2439, #777 ) ;
#688 = ORIENTED_EDGE ( 'NONE', *, *, #2930, .T. ) ;
#689 = LINE ( 'NONE', #1054, #310 ) ;
#690 = DIRECTION ( 'NONE',  ( -0.000000000000000000, -1.000000000000000000, -0.000000000000000000 ) ) ;
#691 = DIRECTION ( 'NONE',  ( 1.000000000000000000, 1.892425610156517122E-16, 0.000000000000000000 ) ) ;
#692 = CARTESIAN_POINT ( 'NONE',  ( -12.49444853078622586, -4.499999999999991118, -4.000000000000000000 ) ) ;
#693 = ORIENTED_EDGE ( 'NONE', *, *, #3078, .T. ) ;
#694 = CARTESIAN_POINT ( 'NONE',  ( 0.000000000000000000, 0.000000000000000000, -10.00000000000000000 ) ) ;
#695 = CARTESIAN_POINT ( 'NONE',  ( -7.499999999999996447, 4.000000000000001776, -6.000000000000000000 ) ) ;
#696 = ORIENTED_EDGE ( 'NONE', *, *, #247, .F. ) ;
#697 = ORIENTED_EDGE ( 'NONE', *, *, #835, .T. ) ;
#698 = PLANE ( 'NONE',  #3260 ) ;
#699 = ORIENTED_EDGE ( 'NONE', *, *, #3415, .T. ) ;
#700 = DIRECTION ( 'NONE',  ( -1.000000000000000000, 0.000000000000000000, 0.000000000000000000 ) ) ;
#701 = EDGE_CURVE ( 'NONE', #4502, #2914, #2325, .T. ) ;
#702 = AXIS2_PLACEMENT_3D ( 'NONE', #3401, #9, #1155 ) ;
#703 = ORIENTED_EDGE ( 'NONE', *, *, #2240, .F. ) ;
#704 = CIRCLE ( 'NONE', #953, 2.000000000000000000 ) ;
#705 = DIRECTION ( 'NONE',  ( -1.652117596168388495E-16, 1.000000000000000000, 0.000000000000000000 ) ) ;
#706 = EDGE_LOOP ( 'NONE', ( #3261, #4081, #2074, #4586 ) ) ;
#707 = DIRECTION ( 'NONE',  ( 1.000000000000000000, 1.652117596168388495E-16, -0.000000000000000000 ) ) ;
#708 = EDGE_CURVE ( 'NONE', #1143, #2422, #4383, .T. ) ;
#709 = CARTESIAN_POINT ( 'NONE',  ( 27.50000000000000000, 0.000000000000000000, 7.749999999999999112 ) ) ;
#710 = CIRCLE ( 'NONE', #3130, 2.049999999999999822 ) ;
#711 = CARTESIAN_POINT ( 'NONE',  ( 4.750000000000002665, -4.999999999999994671, 6.000000000000000000 ) ) ;
#712 = AXIS2_PLACEMENT_3D ( 'NONE', #2134, #3381, #563 ) ;
#713 = ORIENTED_EDGE ( 'NONE', *, *, #2555, .T. ) ;
#714 = AXIS2_PLACEMENT_3D ( 'NONE', #3191, #2778, #3144 ) ;
#715 = DIRECTION ( 'NONE',  ( 0.000000000000000000, 0.000000000000000000, -1.000000000000000000 ) ) ;
#716 = CARTESIAN_POINT ( 'NONE',  ( -27.50000000000000000, 0.000000000000000000, -4.500000000000007105 ) ) ;
#717 = AXIS2_PLACEMENT_3D ( 'NONE', #3023, #2569, #533 ) ;
#718 = DIRECTION ( 'NONE',  ( -1.652117596168388495E-16, 1.000000000000000000, 0.000000000000000000 ) ) ;
#719 = DIRECTION ( 'NONE',  ( 1.000000000000000000, 0.000000000000000000, 0.000000000000000000 ) ) ;
#720 = ORIENTED_EDGE ( 'NONE', *, *, #3159, .T. ) ;
#721 = FACE_OUTER_BOUND ( 'NONE', #4428, .T. ) ;
#722 = CARTESIAN_POINT ( 'NONE',  ( -6.608470384673559898E-16, 4.000000000000003553, -7.000000000000000000 ) ) ;
#723 = ORIENTED_EDGE ( 'NONE', *, *, #2083, .T. ) ;
#724 = VERTEX_POINT ( 'NONE', #1994 ) ;
#725 = CARTESIAN_POINT ( 'NONE',  ( 17.30855861669665785, -8.848987126107161316, 10.00000000000000000 ) ) ;
#726 = CARTESIAN_POINT ( 'NONE',  ( -27.50000000000000000, 4.499999999999993783, -4.000000000000000000 ) ) ;
#727 = EDGE_LOOP ( 'NONE', ( #782, #509, #1638, #4934 ) ) ;
#728 = FACE_OUTER_BOUND ( 'NONE', #4755, .T. ) ;
#729 = CIRCLE ( 'NONE', #2638, 2.200000000000000622 ) ;
#730 = ORIENTED_EDGE ( 'NONE', *, *, #2642, .F. ) ;
#731 = EDGE_CURVE ( 'NONE', #1555, #2251, #3977, .T. ) ;
#732 = CYLINDRICAL_SURFACE ( 'NONE', #648, 2.149999999999999023 ) ;
#733 = VERTEX_POINT ( 'NONE', #4347 ) ;
#734 = DIRECTION ( 'NONE',  ( -1.000000000000000000, 0.000000000000000000, 0.000000000000000000 ) ) ;
#735 = CARTESIAN_POINT ( 'NONE',  ( -9.499999999999996447, 3.000000000000002665, 6.000000000000000000 ) ) ;
#736 = ORIENTED_EDGE ( 'NONE', *, *, #2916, .F. ) ;
#737 = VERTEX_POINT ( 'NONE', #1422 ) ;
#738 = EDGE_CURVE ( 'NONE', #3075, #2447, #1905, .T. ) ;
#739 = EDGE_CURVE ( 'NONE', #877, #490, #3186, .T. ) ;
#740 = DIRECTION ( 'NONE',  ( -1.652117596168388495E-16, 1.000000000000000000, 0.000000000000000000 ) ) ;
#741 = CARTESIAN_POINT ( 'NONE',  ( 12.50000000000000178, -2.999999999999994671, -9.500000000000014211 ) ) ;
#742 = CARTESIAN_POINT ( 'NONE',  ( -11.17157287525380838, -4.999999999999997335, 4.500000000000007105 ) ) ;
#743 = FACE_OUTER_BOUND ( 'NONE', #1171, .T. ) ;
#744 = EDGE_LOOP ( 'NONE', ( #3527, #934, #4311, #1543 ) ) ;
#745 = CARTESIAN_POINT ( 'NONE',  ( -7.499999999999996447, 4.000000000000002665, 7.000000000000000000 ) ) ;
#746 = CARTESIAN_POINT ( 'NONE',  ( 0.000000000000000000, 0.000000000000000000, -8.000000000000000000 ) ) ;
#747 = VERTEX_POINT ( 'NONE', #1518 ) ;
#748 = CARTESIAN_POINT ( 'NONE',  ( -27.50000000000000000, 0.000000000000000000, 10.00000000000000000 ) ) ;
#749 = ORIENTED_EDGE ( 'NONE', *, *, #3321, .T. ) ;
#750 = CARTESIAN_POINT ( 'NONE',  ( 27.56622186799686958, -11.81769303614650113, 4.900000000000000355 ) ) ;
#751 = DIRECTION ( 'NONE',  ( -1.000000000000000000, -1.892425610156517122E-16, 0.000000000000000000 ) ) ;
#752 = ORIENTED_EDGE ( 'NONE', *, *, #3438, .F. ) ;
#753 = CARTESIAN_POINT ( 'NONE',  ( -27.50000000000000000, 0.000000000000000000, -10.00000000000000000 ) ) ;
#754 = CONICAL_SURFACE ( 'NONE', #3675, 5.000000000000000888, 0.7853981633974482790 ) ;
#755 = ORIENTED_EDGE ( 'NONE', *, *, #2037, .F. ) ;
#756 = ORIENTED_EDGE ( 'NONE', *, *, #458, .T. ) ;
#757 = VECTOR ( 'NONE', #4178, 1000.000000000000114 ) ;
#758 = DIRECTION ( 'NONE',  ( 0.000000000000000000, 0.7071067811865474617, -0.7071067811865474617 ) ) ;
#759 = AXIS2_PLACEMENT_3D ( 'NONE', #962, #1408, #1038 ) ;
#760 = ADVANCED_FACE ( 'NONE', ( #3017 ), #1699, .F. ) ;
#761 = FACE_OUTER_BOUND ( 'NONE', #4338, .T. ) ;
#762 = ORIENTED_EDGE ( 'NONE', *, *, #13, .F. ) ;
#763 = CONICAL_SURFACE ( 'NONE', #3182, 2.549999999999989608, 0.7853981633974410625 ) ;
#764 = ORIENTED_EDGE ( 'NONE', *, *, #100, .T. ) ;
#765 = AXIS2_PLACEMENT_3D ( 'NONE', #4277, #690, #1170 ) ;
#766 = CARTESIAN_POINT ( 'NONE',  ( 8.000000000000000000, 3.000000000000005329, 7.000000000000000000 ) ) ;
#767 = DIRECTION ( 'NONE',  ( 1.000000000000000000, 0.000000000000000000, 0.000000000000000000 ) ) ;
#768 = CARTESIAN_POINT ( 'NONE',  ( -32.50000000000000000, 0.000000000000000000, 10.00000000000000000 ) ) ;
#769 = ADVANCED_FACE ( 'NONE', ( #344, #2797 ), #3525, .F. ) ;
#770 = AXIS2_PLACEMENT_3D ( 'NONE', #2207, #1110, #5034 ) ;
#771 = ORIENTED_EDGE ( 'NONE', *, *, #356, .T. ) ;
#772 = CARTESIAN_POINT ( 'NONE',  ( 27.50000000000000000, -4.499999999999988454, 7.749999999999999112 ) ) ;
#773 = FACE_OUTER_BOUND ( 'NONE', #4040, .T. ) ;
#774 = EDGE_CURVE ( 'NONE', #2394, #399, #2743, .T. ) ;
#775 = EDGE_LOOP ( 'NONE', ( #2988, #4997, #2837, #1173 ) ) ;
#776 = EDGE_CURVE ( 'NONE', #2447, #3405, #371, .T. ) ;
#777 = DIRECTION ( 'NONE',  ( -1.000000000000000000, 0.000000000000000000, 0.000000000000000000 ) ) ;
#778 = EDGE_LOOP ( 'NONE', ( #4105, #5156, #2534, #5090, #3085, #965 ) ) ;
#779 = DIRECTION ( 'NONE',  ( 0.000000000000000000, 0.000000000000000000, -1.000000000000000000 ) ) ;
#780 = ORIENTED_EDGE ( 'NONE', *, *, #2847, .T. ) ;
#781 = CARTESIAN_POINT ( 'NONE',  ( 4.750000000000002665, -4.499999999999978684, 2.099999999999999645 ) ) ;
#782 = ORIENTED_EDGE ( 'NONE', *, *, #645, .F. ) ;
#783 =( NAMED_UNIT ( * ) SI_UNIT ( $, .STERADIAN. ) SOLID_ANGLE_UNIT ( ) );
#784 = VERTEX_POINT ( 'NONE', #1544 ) ;
#785 = AXIS2_PLACEMENT_3D ( 'NONE', #2845, #1649, #4449 ) ;
#786 = CARTESIAN_POINT ( 'NONE',  ( 27.56622186799686958, -11.81769303614650113, -4.900000000000000355 ) ) ;
#787 = DIRECTION ( 'NONE',  ( -1.000000000000000000, 0.000000000000000000, -0.000000000000000000 ) ) ;
#788 = CONICAL_SURFACE ( 'NONE', #4131, 2.049999999999999822, 0.7853981633974482790 ) ;
#789 = EDGE_LOOP ( 'NONE', ( #2807, #2380, #858, #75 ) ) ;
#790 = DIRECTION ( 'NONE',  ( 1.951464348506112674E-16, -0.7071067811865473507, 0.7071067811865476838 ) ) ;
#791 = CARTESIAN_POINT ( 'NONE',  ( 1.044090904744695791, 4.000000000000003553, -7.427782717392532597 ) ) ;
#792 = AXIS2_PLACEMENT_3D ( 'NONE', #17, #3169, #2385 ) ;
#793 = FACE_OUTER_BOUND ( 'NONE', #5127, .T. ) ;
#794 = VECTOR ( 'NONE', #193, 1000.000000000000000 ) ;
#795 = DIRECTION ( 'NONE',  ( 0.000000000000000000, 0.000000000000000000, -1.000000000000000000 ) ) ;
#796 = ORIENTED_EDGE ( 'NONE', *, *, #4933, .T. ) ;
#797 = AXIS2_PLACEMENT_3D ( 'NONE', #2452, #2478, #4037 ) ;
#798 = EDGE_CURVE ( 'NONE', #4577, #2498, #2302, .T. ) ;
#799 = AXIS2_PLACEMENT_3D ( 'NONE', #2039, #4839, #4425 ) ;
#800 = CARTESIAN_POINT ( 'NONE',  ( -27.50000000000000000, 0.000000000000000000, 10.00000000000000000 ) ) ;
#801 = CARTESIAN_POINT ( 'NONE',  ( -23.89999999999998792, 0.000000000000000000, 10.00000000000000000 ) ) ;
#802 = VERTEX_POINT ( 'NONE', #5157 ) ;
#803 = FACE_OUTER_BOUND ( 'NONE', #1959, .T. ) ;
#804 = ORIENTED_EDGE ( 'NONE', *, *, #1482, .T. ) ;
#805 = ADVANCED_FACE ( 'NONE', ( #3161 ), #2611, .F. ) ;
#806 = AXIS2_PLACEMENT_3D ( 'NONE', #88, #869, #4871 ) ;
#807 = EDGE_CURVE ( 'NONE', #4752, #150, #3961, .T. ) ;
#808 = DIRECTION ( 'NONE',  ( -0.000000000000000000, -0.000000000000000000, -1.000000000000000000 ) ) ;
#809 = CARTESIAN_POINT ( 'NONE',  ( -1.963524942172679255, -0.5892752020434390836, 2.612382193664672947 ) ) ;
#810 = CARTESIAN_POINT ( 'NONE',  ( 12.00000000000001243, 3.000000000000008882, -10.00000000000000000 ) ) ;
#811 = AXIS2_PLACEMENT_3D ( 'NONE', #3372, #2885, #2989 ) ;
#812 = AXIS2_PLACEMENT_3D ( 'NONE', #3637, #3957, #2777 ) ;
#813 = ORIENTED_EDGE ( 'NONE', *, *, #5026, .T. ) ;
#814 = CARTESIAN_POINT ( 'NONE',  ( 10.49999999999999822, 5.000000000000007994, 7.249999999999997335 ) ) ;
#815 = DIRECTION ( 'NONE',  ( -1.000000000000000000, -2.168404344971008868E-16, 0.000000000000000000 ) ) ;
#816 = B_SPLINE_CURVE_WITH_KNOTS ( 'NONE', 3,
 ( #2592, #581, #1345, #2913, #4930, #4906, #558, #4093, #505, #1710, #1813, #3352, #3775, #3750, #1323, #3326, #4201, #2941, #1373, #527, #2566, #4514, #2539, #1400, #4624, #3695, #2128, #923, #2204, #2992, #2513, #1029, #3802, #4119, #3723, #1738, #220, #3402 ),
 .UNSPECIFIED., .F., .F.,
 ( 4, 2, 2, 2, 2, 1, 2, 2, 1, 2, 2, 2, 1, 1, 1, 2, 2, 1, 1, 2, 2, 1, 4 ),
 ( 0.4997101375539946821, 0.6247826031654960532, 0.6560507195683713544, 0.6873188359712467665, 0.7029528941726843616, 0.7185869523741219567, 0.7498550687769973688, 0.7576720978777162774, 0.7654891269784351859, 0.7811231851798730030, 0.8123913015827488593, 0.8162998161331083136, 0.8202083306834677678, 0.8280253597841864543, 0.8436594179856239384, 0.8749275343884990175, 0.8827445634892179260, 0.8905615925899367236, 0.9061956507913746517, 0.9374637671942498418, 0.9530978253956874369, 0.9687318835971250319, 1.000000000000000000 ),
 .UNSPECIFIED. ) ;
#817 = ORIENTED_EDGE ( 'NONE', *, *, #4349, .T. ) ;
#818 = CARTESIAN_POINT ( 'NONE',  ( 20.50000000000001421, -4.999999999999992006, 10.00000000000000000 ) ) ;
#819 = CARTESIAN_POINT ( 'NONE',  ( -32.00000000000000000, 0.000000000000000000, 10.00000000000000000 ) ) ;
#820 = DIRECTION ( 'NONE',  ( -1.000000000000000000, 0.000000000000000000, 0.000000000000000000 ) ) ;
#821 = CARTESIAN_POINT ( 'NONE',  ( 10.49999999999999822, 5.000000000000007994, -7.249999999999997335 ) ) ;
#822 = ORIENTED_EDGE ( 'NONE', *, *, #4488, .F. ) ;
#823 = CARTESIAN_POINT ( 'NONE',  ( 27.50000000000000000, 0.000000000000000000, -7.749999999999999112 ) ) ;
#824 = CARTESIAN_POINT ( 'NONE',  ( 6.750000000000000888, 4.000000000000004441, 8.000000000000000000 ) ) ;
#825 = ORIENTED_EDGE ( 'NONE', *, *, #3353, .T. ) ;
#826 = FACE_OUTER_BOUND ( 'NONE', #368, .T. ) ;
#827 = EDGE_CURVE ( 'NONE', #654, #3006, #494, .T. ) ;
#828 = ORIENTED_EDGE ( 'NONE', *, *, #4961, .T. ) ;
#829 = DIRECTION ( 'NONE',  ( 0.000000000000000000, 0.000000000000000000, 1.000000000000000000 ) ) ;
#830 = LINE ( 'NONE', #2418, #1715 ) ;
#831 = DIRECTION ( 'NONE',  ( 1.652117596168388495E-16, -1.000000000000000000, 0.000000000000000000 ) ) ;
#832 = ADVANCED_FACE ( 'NONE', ( #2016 ), #4225, .T. ) ;
#833 = ORIENTED_EDGE ( 'NONE', *, *, #2489, .T. ) ;
#834 = LINE ( 'NONE', #2423, #1866 ) ;
#835 = EDGE_CURVE ( 'NONE', #3466, #1515, #4634, .T. ) ;
#836 = EDGE_CURVE ( 'NONE', #1983, #3945, #2496, .T. ) ;
#837 = DIRECTION ( 'NONE',  ( -1.000000000000000000, -1.892425610156517122E-16, 0.000000000000000000 ) ) ;
#838 = ORIENTED_EDGE ( 'NONE', *, *, #3450, .T. ) ;
#839 = ORIENTED_EDGE ( 'NONE', *, *, #2400, .T. ) ;
#840 = AXIS2_PLACEMENT_3D ( 'NONE', #534, #1818, #1009 ) ;
#841 = CARTESIAN_POINT ( 'NONE',  ( -9.499999999999994671, -4.499999999999983125, 8.000000000000000000 ) ) ;
#842 = CYLINDRICAL_SURFACE ( 'NONE', #4973, 5.000000000000000888 ) ;
#843 = VECTOR ( 'NONE', #1092, 1000.000000000000000 ) ;
#844 = DIRECTION ( 'NONE',  ( 0.000000000000000000, 0.000000000000000000, -1.000000000000000000 ) ) ;
#845 = LINE ( 'NONE', #1631, #5112 ) ;
#846 = VECTOR ( 'NONE', #3999, 1000.000000000000000 ) ;
#847 = ORIENTED_EDGE ( 'NONE', *, *, #3503, .T. ) ;
#848 = DIRECTION ( 'NONE',  ( -0.7071067811865489050, 0.000000000000000000, -0.7071067811865462405 ) ) ;
#849 = VECTOR ( 'NONE', #3328, 1000.000000000000000 ) ;
#850 = EDGE_LOOP ( 'NONE', ( #2246, #3398 ) ) ;
#851 = CARTESIAN_POINT ( 'NONE',  ( 10.49999999999999822, 3.000000000000008438, 10.00000000000000000 ) ) ;
#852 = ORIENTED_EDGE ( 'NONE', *, *, #1533, .T. ) ;
#853 = CIRCLE ( 'NONE', #1936, 4.500000000000000888 ) ;
#854 = LINE ( 'NONE', #2764, #4363 ) ;
#855 = CARTESIAN_POINT ( 'NONE',  ( -1.880566543777131949, -0.8161297439146953936, 2.602647423281539307 ) ) ;
#856 = CARTESIAN_POINT ( 'NONE',  ( 18.00000000000000355, -4.499999999999977796, 5.000000000000000000 ) ) ;
#857 = EDGE_CURVE ( 'NONE', #4731, #3936, #133, .T. ) ;
#858 = ORIENTED_EDGE ( 'NONE', *, *, #1664, .T. ) ;
#859 = DIRECTION ( 'NONE',  ( 0.000000000000000000, -0.7071067811865474617, 0.7071067811865474617 ) ) ;
#860 = ORIENTED_EDGE ( 'NONE', *, *, #1755, .F. ) ;
#861 = ORIENTED_EDGE ( 'NONE', *, *, #4167, .F. ) ;
#862 = EDGE_CURVE ( 'NONE', #2890, #3522, #2788, .T. ) ;
#863 = FACE_OUTER_BOUND ( 'NONE', #3361, .T. ) ;
#864 = EDGE_CURVE ( 'NONE', #1583, #2720, #4475, .T. ) ;
#865 = CARTESIAN_POINT ( 'NONE',  ( -30.99999999999991829, -13.99999999999998757, 4.000000000000000000 ) ) ;
#866 = DIRECTION ( 'NONE',  ( 1.892425610156516875E-16, -1.000000000000000000, 0.000000000000000000 ) ) ;
#867 = CARTESIAN_POINT ( 'NONE',  ( 2.645751311064586719, 4.000000000000004441, -7.000000000000000000 ) ) ;
#868 = VECTOR ( 'NONE', #5083, 1000.000000000000000 ) ;
#869 = DIRECTION ( 'NONE',  ( 1.000000000000000000, 1.652117596168388495E-16, -0.000000000000000000 ) ) ;
#870 = ORIENTED_EDGE ( 'NONE', *, *, #2847, .F. ) ;
#871 = DIRECTION ( 'NONE',  ( -0.1736481776669276389, -0.9848077530122085754, -0.000000000000000000 ) ) ;
#872 = DIRECTION ( 'NONE',  ( -1.000000000000000000, -1.652117596168388495E-16, 0.000000000000000000 ) ) ;
#873 = CYLINDRICAL_SURFACE ( 'NONE', #1208, 2.200000000000000622 ) ;
#874 = ORIENTED_EDGE ( 'NONE', *, *, #4924, .T. ) ;
#875 = CARTESIAN_POINT ( 'NONE',  ( -9.499999999999996447, 3.000000000000002220, 6.000000000000000000 ) ) ;
#876 = CIRCLE ( 'NONE', #1545, 5.000000000000000888 ) ;
#877 = VERTEX_POINT ( 'NONE', #4862 ) ;
#878 = CIRCLE ( 'NONE', #2710, 4.000000000000000888 ) ;
#879 = CONICAL_SURFACE ( 'NONE', #3049, 1.499999999999999556, 0.7853981633974482790 ) ;
#880 = CARTESIAN_POINT ( 'NONE',  ( 24.05317286445727731, 0.6077686218342444047, -2.649999999999999911 ) ) ;
#881 = DIRECTION ( 'NONE',  ( 0.000000000000000000, 0.7071067811865482389, -0.7071067811865469066 ) ) ;
#882 = VERTEX_POINT ( 'NONE', #1235 ) ;
#883 = CARTESIAN_POINT ( 'NONE',  ( 0.000000000000000000, 0.000000000000000000, 2.099999999999999645 ) ) ;
#884 = AXIS2_PLACEMENT_3D ( 'NONE', #576, #241, #3848 ) ;
#885 = ORIENTED_EDGE ( 'NONE', *, *, #4422, .T. ) ;
#886 = ADVANCED_FACE ( 'NONE', ( #423 ), #3292, .F. ) ;
#887 = VERTEX_POINT ( 'NONE', #2869 ) ;
#888 = VECTOR ( 'NONE', #1321, 1000.000000000000000 ) ;
#889 = CARTESIAN_POINT ( 'NONE',  ( 20.00000000000000000, -4.499999999999977796, 5.000000000000000000 ) ) ;
#890 = DIRECTION ( 'NONE',  ( 1.000000000000000000, 0.000000000000000000, 0.000000000000000000 ) ) ;
#891 = CARTESIAN_POINT ( 'NONE',  ( 2.645751311064587163, 3.000000000000004885, -8.000000000000000000 ) ) ;
#892 = CARTESIAN_POINT ( 'NONE',  ( 12.50000000000000178, -2.999999999999994671, 9.999999999999998224 ) ) ;
#893 = VECTOR ( 'NONE', #111, 1000.000000000000114 ) ;
#894 = B_SPLINE_CURVE_WITH_KNOTS ( 'NONE', 3,
 ( #2082, #1229, #29, #2819, #1303, #855, #1616, #54, #1644, #2371, #4047, #2010, #1274, #3232, #395, #4420, #3575, #3676, #809, #491, #2865, #4836, #3, #1691, #3276, #2061, #2398, #4882, #4814, #2839, #1587, #4443, #469, #3180, #3653, #2442, #2893, #4786, #1202 ),
 .UNSPECIFIED., .F., .F.,
 ( 4, 2, 2, 1, 2, 2, 1, 1, 2, 2, 1, 1, 2, 2, 2, 1, 1, 2, 2, 1, 2, 2, 1, 4 ),
 ( 0.000000000000000000, 0.06246376719425051488, 0.07807970899281299615, 0.09369565079137548436, 0.1249275343885006134, 0.1327355052877819130, 0.1405434761870632543, 0.1561594179856256870, 0.1873913015827506912, 0.1912952870323912924, 0.1951992724820318659, 0.2030072433813127353, 0.2186231851798746684, 0.2498550687769986178, 0.2576630396762796815, 0.2654710105755606064, 0.2810869523741228448, 0.3123188359712471551, 0.3279347777698094490, 0.3435507195683716875, 0.3747826031654962753, 0.4060144867626209186, 0.4372463703597455065, 0.4997101375539946821 ),
 .UNSPECIFIED. ) ;
#895 = EDGE_CURVE ( 'NONE', #4043, #5136, #4648, .T. ) ;
#896 = EDGE_CURVE ( 'NONE', #1486, #57, #4126, .T. ) ;
#897 = VERTEX_POINT ( 'NONE', #4916 ) ;
#898 = DIRECTION ( 'NONE',  ( 1.000000000000000000, 0.000000000000000000, 0.000000000000000000 ) ) ;
#899 = DIRECTION ( 'NONE',  ( -0.000000000000000000, -0.000000000000000000, 1.000000000000000000 ) ) ;
#900 = DIRECTION ( 'NONE',  ( 1.000000000000000000, 0.000000000000000000, 0.000000000000000000 ) ) ;
#901 = ORIENTED_EDGE ( 'NONE', *, *, #4036, .T. ) ;
#902 = CARTESIAN_POINT ( 'NONE',  ( -2.249999999999996891, -4.999999999999995559, 2.600000000000013411 ) ) ;
#903 = EDGE_CURVE ( 'NONE', #1409, #4729, #834, .T. ) ;
#904 = VERTEX_POINT ( 'NONE', #4079 ) ;
#905 = DIRECTION ( 'NONE',  ( -1.892425610156516875E-16, 1.000000000000000000, 0.000000000000000000 ) ) ;
#906 = CARTESIAN_POINT ( 'NONE',  ( 32.50000000000000000, -4.499999999999989342, -7.750000000000000000 ) ) ;
#907 = CARTESIAN_POINT ( 'NONE',  ( -2.022658583989410896, 0.3343591459541732647, 2.623766290003235468 ) ) ;
#908 = EDGE_LOOP ( 'NONE', ( #3369, #3606, #1389, #2080 ) ) ;
#909 = DIRECTION ( 'NONE',  ( 0.7071067811865474617, 0.7071067811865474617, 0.000000000000000000 ) ) ;
#910 = ORIENTED_EDGE ( 'NONE', *, *, #3337, .T. ) ;
#911 = ORIENTED_EDGE ( 'NONE', *, *, #1788, .T. ) ;
#912 = LINE ( 'NONE', #477, #2471 ) ;
#913 = CARTESIAN_POINT ( 'NONE',  ( -2.249999999999997780, -1.200000000000012612, 2.099999999999999645 ) ) ;
#914 = EDGE_CURVE ( 'NONE', #2662, #2227, #3718, .T. ) ;
#915 = CARTESIAN_POINT ( 'NONE',  ( -7.499999999999996447, 3.000000000000002220, -8.000000000000000000 ) ) ;
#916 = DIRECTION ( 'NONE',  ( -0.000000000000000000, -0.000000000000000000, 1.000000000000000000 ) ) ;
#917 = ORIENTED_EDGE ( 'NONE', *, *, #2271, .T. ) ;
#918 = VECTOR ( 'NONE', #3654, 1000.000000000000000 ) ;
#919 = CARTESIAN_POINT ( 'NONE',  ( -27.50000000000000000, -5.000000000000000888, -4.500000000000007105 ) ) ;
#920 = EDGE_CURVE ( 'NONE', #389, #1209, #4399, .T. ) ;
#921 = CARTESIAN_POINT ( 'NONE',  ( 29.55000000000000071, 0.000000000000000000, 7.250000000000004441 ) ) ;
#922 = CIRCLE ( 'NONE', #3934, 2.149999999999999023 ) ;
#923 = CARTESIAN_POINT ( 'NONE',  ( -1.909179475599340980, 0.7467029631933385092, 2.605201489940391468 ) ) ;
#924 = ORIENTED_EDGE ( 'NONE', *, *, #5158, .F. ) ;
#925 = AXIS2_PLACEMENT_3D ( 'NONE', #1392, #656, #4214 ) ;
#926 = DIRECTION ( 'NONE',  ( 1.000000000000000000, 0.000000000000000000, 0.000000000000000000 ) ) ;
#927 = ORIENTED_EDGE ( 'NONE', *, *, #2681, .T. ) ;
#928 = ADVANCED_FACE ( 'NONE', ( #1256 ), #763, .F. ) ;
#929 = FACE_OUTER_BOUND ( 'NONE', #1238, .T. ) ;
#930 = DIRECTION ( 'NONE',  ( 0.000000000000000000, 0.000000000000000000, -1.000000000000000000 ) ) ;
#931 = AXIS2_PLACEMENT_3D ( 'NONE', #1452, #3043, #5062 ) ;
#932 = CARTESIAN_POINT ( 'NONE',  ( -27.50000000000000000, 0.000000000000000000, -5.799999999999999822 ) ) ;
#933 = CARTESIAN_POINT ( 'NONE',  ( -11.17157287525380838, -2.999999999999997780, -4.000000000000000000 ) ) ;
#934 = ORIENTED_EDGE ( 'NONE', *, *, #106, .F. ) ;
#935 = CARTESIAN_POINT ( 'NONE',  ( 27.50000000000000000, -4.999999999999990230, -7.249999999999999112 ) ) ;
#936 =( BOUNDED_CURVE ( )  B_SPLINE_CURVE ( 3, ( #1767, #2108, #4549, #3700 ),
 .UNSPECIFIED., .F., .F. ) 
 B_SPLINE_CURVE_WITH_KNOTS ( ( 4, 4 ),
 ( 3.141592653589793116, 3.864326901403209558 ),
 .UNSPECIFIED. ) 
 CURVE ( )  GEOMETRIC_REPRESENTATION_ITEM ( )  RATIONAL_B_SPLINE_CURVE ( ( 1.000000000000000000, 0.9569428977956567772, 0.9569428977956567772, 1.000000000000000000 ) ) 
 REPRESENTATION_ITEM ( '' )  );
#937 = ORIENTED_EDGE ( 'NONE', *, *, #2617, .F. ) ;
#938 = ORIENTED_EDGE ( 'NONE', *, *, #665, .T. ) ;
#939 = CARTESIAN_POINT ( 'NONE',  ( 4.000000000000000888, 4.898587196589413815E-16, -10.00000000000000000 ) ) ;
#940 = CARTESIAN_POINT ( 'NONE',  ( -27.50000000000000000, 0.000000000000000000, 4.500000000000007105 ) ) ;
#941 = CARTESIAN_POINT ( 'NONE',  ( -7.499999999999994671, -4.999999999999997335, 8.500000000000014211 ) ) ;
#942 = CARTESIAN_POINT ( 'NONE',  ( 18.00000000000000355, 4.000000000000006217, -4.000000000000000000 ) ) ;
#943 = ORIENTED_EDGE ( 'NONE', *, *, #4002, .T. ) ;
#944 = EDGE_CURVE ( 'NONE', #887, #3805, #4610, .T. ) ;
#945 = CARTESIAN_POINT ( 'NONE',  ( 30.94682713554271913, -0.6077686218342441826, -4.900000000000000355 ) ) ;
#946 = DIRECTION ( 'NONE',  ( -1.892425610156517122E-16, 1.000000000000000000, 0.000000000000000000 ) ) ;
#947 = VECTOR ( 'NONE', #4297, 1000.000000000000000 ) ;
#948 = CARTESIAN_POINT ( 'NONE',  ( -43.11716621585583198, -3.287400779199487477, 2.649999999999999911 ) ) ;
#949 = ORIENTED_EDGE ( 'NONE', *, *, #3646, .F. ) ;
#950 = FACE_OUTER_BOUND ( 'NONE', #3347, .T. ) ;
#951 = EDGE_LOOP ( 'NONE', ( #2624, #4088, #1086, #427 ) ) ;
#952 = EDGE_CURVE ( 'NONE', #4820, #1248, #3937, .T. ) ;
#953 = AXIS2_PLACEMENT_3D ( 'NONE', #2860, #4461, #2181 ) ;
#954 = DIRECTION ( 'NONE',  ( 1.000000000000000000, 0.000000000000000000, 0.000000000000000000 ) ) ;
#955 = DIRECTION ( 'NONE',  ( 1.000000000000000000, 1.892425610156517122E-16, 0.000000000000000000 ) ) ;
#956 = AXIS2_PLACEMENT_3D ( 'NONE', #2072, #3662, #844 ) ;
#957 = CIRCLE ( 'NONE', #1630, 1.000000000000000000 ) ;
#958 = EDGE_CURVE ( 'NONE', #2145, #1845, #2923, .T. ) ;
#959 = ADVANCED_FACE ( 'NONE', ( #1016 ), #1747, .F. ) ;
#960 = AXIS2_PLACEMENT_3D ( 'NONE', #940, #453, #890 ) ;
#961 = CARTESIAN_POINT ( 'NONE',  ( 27.50000000000000000, -5.000000000000000888, 7.249999999999999112 ) ) ;
#962 = CARTESIAN_POINT ( 'NONE',  ( 25.41622186799687100, -11.81769303614650113, 2.650000000000000355 ) ) ;
#963 = ORIENTED_EDGE ( 'NONE', *, *, #1990, .T. ) ;
#964 = DIRECTION ( 'NONE',  ( -0.000000000000000000, -0.000000000000000000, 1.000000000000000000 ) ) ;
#965 = ORIENTED_EDGE ( 'NONE', *, *, #1919, .F. ) ;
#966 = ORIENTED_EDGE ( 'NONE', *, *, #5118, .F. ) ;
#967 = CARTESIAN_POINT ( 'NONE',  ( 11.00000000000000000, 3.000000000000005329, 6.000000000000000000 ) ) ;
#968 = PRESENTATION_LAYER_ASSIGNMENT (  '', '', ( #3142 ) ) ;
#969 = PLANE ( 'NONE',  #4022 ) ;
#970 = DIRECTION ( 'NONE',  ( -0.000000000000000000, -0.000000000000000000, -1.000000000000000000 ) ) ;
#971 = DIRECTION ( 'NONE',  ( 0.000000000000000000, 0.000000000000000000, -1.000000000000000000 ) ) ;
#972 = VECTOR ( 'NONE', #3852, 1000.000000000000000 ) ;
#973 = ORIENTED_EDGE ( 'NONE', *, *, #3003, .F. ) ;
#974 = PLANE ( 'NONE',  #3984 ) ;
#975 = DIRECTION ( 'NONE',  ( 1.000000000000000000, 1.892425610156517122E-16, -8.673617379884035472E-17 ) ) ;
#976 = CIRCLE ( 'NONE', #1314, 2.000000000000000000 ) ;
#977 = DIRECTION ( 'NONE',  ( 1.652117596168388495E-16, -1.000000000000000000, -0.000000000000000000 ) ) ;
#978 = DIRECTION ( 'NONE',  ( 1.000000000000000000, 0.000000000000000000, -0.000000000000000000 ) ) ;
#979 = CARTESIAN_POINT ( 'NONE',  ( 4.750000000000000888, 3.000000000000004441, 4.099999999999999645 ) ) ;
#980 = VERTEX_POINT ( 'NONE', #4162 ) ;
#981 = DIRECTION ( 'NONE',  ( 1.000000000000000000, 0.000000000000000000, 0.000000000000000000 ) ) ;
#982 = CYLINDRICAL_SURFACE ( 'NONE', #1006, 2.000000000000001776 ) ;
#983 = EDGE_CURVE ( 'NONE', #897, #3650, #1432, .T. ) ;
#984 = ORIENTED_EDGE ( 'NONE', *, *, #3010, .F. ) ;
#985 = CARTESIAN_POINT ( 'NONE',  ( -2.249999999999997335, -1.200000000000012612, 2.099999999999999645 ) ) ;
#986 = DIRECTION ( 'NONE',  ( -1.000000000000000000, 0.000000000000000000, 0.000000000000000000 ) ) ;
#987 = EDGE_LOOP ( 'NONE', ( #5039, #2440, #3514, #2464 ) ) ;
#988 = DIRECTION ( 'NONE',  ( 1.000000000000000000, 1.892425610156517122E-16, 0.000000000000000000 ) ) ;
#989 = EDGE_CURVE ( 'NONE', #4300, #1555, #4184, .T. ) ;
#990 = ORIENTED_EDGE ( 'NONE', *, *, #3503, .F. ) ;
#991 = CARTESIAN_POINT ( 'NONE',  ( -2.050000000050113957, 1.643233411865651168E-14, 2.630306152124545438 ) ) ;
#992 = ORIENTED_EDGE ( 'NONE', *, *, #3442, .T. ) ;
#993 = DIRECTION ( 'NONE',  ( -1.000000000000000000, -1.652117596168388495E-16, 0.000000000000000000 ) ) ;
#994 = EDGE_CURVE ( 'NONE', #1648, #4312, #5021, .T. ) ;
#995 = ADVANCED_FACE ( 'NONE', ( #3335 ), #3841, .F. ) ;
#996 = FACE_OUTER_BOUND ( 'NONE', #4529, .T. ) ;
#997 = LINE ( 'NONE', #3397, #2548 ) ;
#998 = EDGE_LOOP ( 'NONE', ( #828, #3228, #559, #317 ) ) ;
#999 = CARTESIAN_POINT ( 'NONE',  ( -4.249999999999996447, -4.499999999999982236, 8.000000000000000000 ) ) ;
#1000 = DIRECTION ( 'NONE',  ( -1.000000000000000000, -3.469446951953594467E-16, 0.000000000000000000 ) ) ;
#1001 = LINE ( 'NONE', #3375, #3202 ) ;
#1002 = CARTESIAN_POINT ( 'NONE',  ( -24.40000000000000213, 0.000000000000000000, 9.499999999999989342 ) ) ;
#1003 = AXIS2_PLACEMENT_3D ( 'NONE', #593, #4662, #4966 ) ;
#1004 = DIRECTION ( 'NONE',  ( -1.000000000000000000, -1.892425610156517122E-16, 0.000000000000000000 ) ) ;
#1005 = ORIENTED_EDGE ( 'NONE', *, *, #1540, .F. ) ;
#1006 = AXIS2_PLACEMENT_3D ( 'NONE', #176, #1768, #587 ) ;
#1007 = DIRECTION ( 'NONE',  ( -7.248296151594100354E-17, 0.7071067811865463515, -0.7071067811865487940 ) ) ;
#1008 = VECTOR ( 'NONE', #3437, 1000.000000000000000 ) ;
#1009 = DIRECTION ( 'NONE',  ( -1.000000000000000000, 0.000000000000000000, 0.000000000000000000 ) ) ;
#1010 = VERTEX_POINT ( 'NONE', #3440 ) ;
#1011 = VECTOR ( 'NONE', #3452, 1000.000000000000114 ) ;
#1012 = ADVANCED_FACE ( 'NONE', ( #2245 ), #3759, .F. ) ;
#1013 = CARTESIAN_POINT ( 'NONE',  ( -2.043701152028170043, -0.1658966939968712084, 2.628725055646992104 ) ) ;
#1014 = CYLINDRICAL_SURFACE ( 'NONE', #434, 1.000000000000000000 ) ;
#1015 = EDGE_LOOP ( 'NONE', ( #2116, #5080, #3672, #752 ) ) ;
#1016 = FACE_OUTER_BOUND ( 'NONE', #3025, .T. ) ;
#1017 = AXIS2_PLACEMENT_3D ( 'NONE', #3649, #3968, #1199 ) ;
#1018 = ORIENTED_EDGE ( 'NONE', *, *, #2718, .F. ) ;
#1019 = EDGE_CURVE ( 'NONE', #369, #57, #569, .T. ) ;
#1020 = DIRECTION ( 'NONE',  ( 0.000000000000000000, -0.000000000000000000, 1.000000000000000000 ) ) ;
#1021 = DIRECTION ( 'NONE',  ( 1.652117596168388495E-16, -1.000000000000000000, -0.000000000000000000 ) ) ;
#1022 = PLANE ( 'NONE',  #1214 ) ;
#1023 = CARTESIAN_POINT ( 'NONE',  ( 11.00000000000000178, -4.999999999999993783, 6.000000000000000000 ) ) ;
#1024 = EDGE_LOOP ( 'NONE', ( #2234, #3464, #3001, #3595, #3763 ) ) ;
#1025 = EDGE_CURVE ( 'NONE', #2540, #3466, #1825, .T. ) ;
#1026 = EDGE_CURVE ( 'NONE', #3922, #3448, #2576, .T. ) ;
#1027 = LINE ( 'NONE', #3451, #2063 ) ;
#1028 = CARTESIAN_POINT ( 'NONE',  ( -31.10000000000001208, 4.408728476930487422E-16, 10.00000000000000000 ) ) ;
#1029 = CARTESIAN_POINT ( 'NONE',  ( -1.872557383225115002, 0.8344945179047107420, 2.602060553793515307 ) ) ;
#1030 = FACE_OUTER_BOUND ( 'NONE', #2354, .T. ) ;
#1031 = EDGE_LOOP ( 'NONE', ( #1099, #4326, #1690, #2707 ) ) ;
#1032 = VECTOR ( 'NONE', #758, 1000.000000000000114 ) ;
#1033 = DIRECTION ( 'NONE',  ( 0.000000000000000000, 0.000000000000000000, -1.000000000000000000 ) ) ;
#1034 = DIRECTION ( 'NONE',  ( -0.000000000000000000, -1.000000000000000000, -0.000000000000000000 ) ) ;
#1035 = VERTEX_POINT ( 'NONE', #1041 ) ;
#1036 = VECTOR ( 'NONE', #1164, 1000.000000000000114 ) ;
#1037 = CARTESIAN_POINT ( 'NONE',  ( 10.00000000000000178, -4.499999999999979572, -5.000000000000000000 ) ) ;
#1038 = DIRECTION ( 'NONE',  ( 1.000000000000000000, 0.000000000000000000, 0.000000000000000000 ) ) ;
#1039 = VECTOR ( 'NONE', #1050, 1000.000000000000000 ) ;
#1040 = ORIENTED_EDGE ( 'NONE', *, *, #446, .F. ) ;
#1041 = CARTESIAN_POINT ( 'NONE',  ( 4.750000000000002665, -4.499999999999980460, 4.099999999999999645 ) ) ;
#1042 = CONICAL_SURFACE ( 'NONE', #3970, 4.500000000000000888, 0.7853981633974482790 ) ;
#1043 = VECTOR ( 'NONE', #4140, 1000.000000000000000 ) ;
#1044 = ORIENTED_EDGE ( 'NONE', *, *, #2518, .T. ) ;
#1045 = VECTOR ( 'NONE', #116, 1000.000000000000000 ) ;
#1046 = DIRECTION ( 'NONE',  ( 1.000000000000000000, 0.000000000000000000, 0.000000000000000000 ) ) ;
#1047 = ORIENTED_EDGE ( 'NONE', *, *, #4959, .F. ) ;
#1048 = CARTESIAN_POINT ( 'NONE',  ( 10.50000000000000533, -4.999999999999993783, -9.500000000000014211 ) ) ;
#1049 = AXIS2_PLACEMENT_3D ( 'NONE', #1676, #1284, #2876 ) ;
#1050 = DIRECTION ( 'NONE',  ( -1.000000000000000000, -1.892425610156517122E-16, 0.000000000000000000 ) ) ;
#1051 = EDGE_CURVE ( 'NONE', #2720, #1673, #4467, .T. ) ;
#1052 = DIRECTION ( 'NONE',  ( 0.000000000000000000, 0.000000000000000000, -1.000000000000000000 ) ) ;
#1053 = ORIENTED_EDGE ( 'NONE', *, *, #567, .T. ) ;
#1054 = CARTESIAN_POINT ( 'NONE',  ( 12.00000000000000000, 3.000000000000008882, 10.00000000000000000 ) ) ;
#1055 = CARTESIAN_POINT ( 'NONE',  ( -30.59999999999999787, 0.000000000000000000, -5.799999999999999822 ) ) ;
#1056 = CARTESIAN_POINT ( 'NONE',  ( 2.750000000000002665, -4.999999999999994671, 2.600000000000013856 ) ) ;
#1057 = ADVANCED_FACE ( 'NONE', ( #1773 ), #181, .F. ) ;
#1058 = AXIS2_PLACEMENT_3D ( 'NONE', #3240, #4483, #4085 ) ;
#1059 = ADVANCED_FACE ( 'NONE', ( #2193, #3785 ), #3029, .F. ) ;
#1060 = LINE ( 'NONE', #1480, #3431 ) ;
#1061 = ORIENTED_EDGE ( 'NONE', *, *, #739, .F. ) ;
#1062 = AXIS2_PLACEMENT_3D ( 'NONE', #210, #4612, #1046 ) ;
#1063 = FACE_BOUND ( 'NONE', #1735, .T. ) ;
#1064 = CARTESIAN_POINT ( 'NONE',  ( 2.750000000000001332, 3.000000000000004441, 1.099999999999999423 ) ) ;
#1065 = ADVANCED_FACE ( 'NONE', ( #4241, #3390 ), #4996, .F. ) ;
#1066 = ORIENTED_EDGE ( 'NONE', *, *, #4157, .F. ) ;
#1067 = ORIENTED_EDGE ( 'NONE', *, *, #1473, .T. ) ;
#1068 = CARTESIAN_POINT ( 'NONE',  ( 0.000000000000000000, 0.000000000000000000, 10.00000000000000000 ) ) ;
#1069 = VERTEX_POINT ( 'NONE', #1410 ) ;
#1070 = CARTESIAN_POINT ( 'NONE',  ( 30.32677911926509040, -4.124235663839652233, 10.00000000000000000 ) ) ;
#1071 = ORIENTED_EDGE ( 'NONE', *, *, #798, .T. ) ;
#1072 = CARTESIAN_POINT ( 'NONE',  ( -2.509896310494053928, 3.119812866009106234, -8.000000000000000000 ) ) ;
#1073 = ORIENTED_EDGE ( 'NONE', *, *, #4329, .F. ) ;
#1074 = DIRECTION ( 'NONE',  ( 0.000000000000000000, 0.000000000000000000, 1.000000000000000000 ) ) ;
#1075 = DIRECTION ( 'NONE',  ( -1.000000000000000000, 0.000000000000000000, 0.000000000000000000 ) ) ;
#1076 = DIRECTION ( 'NONE',  ( 1.000000000000000000, 1.892425610156517122E-16, 8.673617379884035472E-17 ) ) ;
#1077 = ORIENTED_EDGE ( 'NONE', *, *, #4157, .T. ) ;
#1078 = EDGE_CURVE ( 'NONE', #1405, #2595, #3413, .T. ) ;
#1079 = CARTESIAN_POINT ( 'NONE',  ( 12.50000000000000000, 3.000000000000008882, 9.999999999999998224 ) ) ;
#1080 = CARTESIAN_POINT ( 'NONE',  ( 27.50000000000000000, -4.499999999999988454, 7.749999999999999112 ) ) ;
#1081 = PLANE ( 'NONE',  #5029 ) ;
#1082 = ORIENTED_EDGE ( 'NONE', *, *, #4652, .T. ) ;
#1083 = ADVANCED_FACE ( 'NONE', ( #2525 ), #1088, .T. ) ;
#1084 = FACE_OUTER_BOUND ( 'NONE', #5167, .T. ) ;
#1085 = DIRECTION ( 'NONE',  ( 1.652117596168388495E-16, -1.000000000000000000, -0.000000000000000000 ) ) ;
#1086 = ORIENTED_EDGE ( 'NONE', *, *, #2198, .F. ) ;
#1087 = VERTEX_POINT ( 'NONE', #2766 ) ;
#1088 = CONICAL_SURFACE ( 'NONE', #2497, 0.4999999999999865663, 0.7853981633974473908 ) ;
#1089 = ADVANCED_FACE ( 'NONE', ( #1565 ), #4317, .F. ) ;
#1090 = EDGE_CURVE ( 'NONE', #1248, #4008, #2295, .T. ) ;
#1091 = CARTESIAN_POINT ( 'NONE',  ( -2.579659345835429551, 0.5186377156896680996, 2.127313472602020195 ) ) ;
#1092 = DIRECTION ( 'NONE',  ( 0.000000000000000000, 0.7071067811865472397, -0.7071067811865479058 ) ) ;
#1093 = VECTOR ( 'NONE', #4556, 1000.000000000000114 ) ;
#1094 = LINE ( 'NONE', #1118, #4397 ) ;
#1095 = DIRECTION ( 'NONE',  ( -0.7071067811865475727, 0.7071067811865475727, 0.000000000000000000 ) ) ;
#1096 = VECTOR ( 'NONE', #4562, 1000.000000000000000 ) ;
#1097 = EDGE_LOOP ( 'NONE', ( #4592, #4294, #568 ) ) ;
#1098 = CARTESIAN_POINT ( 'NONE',  ( -1.206479521400887878, 4.000000000000002665, -7.744063864723969459 ) ) ;
#1099 = ORIENTED_EDGE ( 'NONE', *, *, #2487, .T. ) ;
#1100 = CIRCLE ( 'NONE', #2933, 2.049999999999999822 ) ;
#1101 = DIRECTION ( 'NONE',  ( -1.000000000000000000, -1.652117596168388495E-16, 0.000000000000000000 ) ) ;
#1102 = FACE_OUTER_BOUND ( 'NONE', #1976, .T. ) ;
#1103 = FACE_OUTER_BOUND ( 'NONE', #4333, .T. ) ;
#1104 = AXIS2_PLACEMENT_3D ( 'NONE', #4982, #2645, #1004 ) ;
#1105 = ORIENTED_EDGE ( 'NONE', *, *, #424, .T. ) ;
#1106 = CARTESIAN_POINT ( 'NONE',  ( 20.50000000000001776, -4.999999999999992006, 2.649999999999999467 ) ) ;
#1107 = CARTESIAN_POINT ( 'NONE',  ( 1.779970493665677944, 3.590684740708468770, -7.999999997798518336 ) ) ;
#1108 = CARTESIAN_POINT ( 'NONE',  ( -14.41421356237309048, -2.585786437626906853, -4.000000000000000000 ) ) ;
#1109 = CARTESIAN_POINT ( 'NONE',  ( -11.66418797473044222, -4.999999999999998224, 4.500000000000007994 ) ) ;
#1110 = DIRECTION ( 'NONE',  ( 0.000000000000000000, -0.000000000000000000, 1.000000000000000000 ) ) ;
#1111 = EDGE_LOOP ( 'NONE', ( #2324, #4377, #3571, #4810 ) ) ;
#1112 = DIRECTION ( 'NONE',  ( -1.000000000000000000, 0.000000000000000000, 0.000000000000000000 ) ) ;
#1113 = CARTESIAN_POINT ( 'NONE',  ( -11.66418797473045643, 5.000000000000004441, -4.500000000000004441 ) ) ;
#1114 = ORIENTED_EDGE ( 'NONE', *, *, #2460, .T. ) ;
#1115 = EDGE_CURVE ( 'NONE', #2238, #1819, #5013, .T. ) ;
#1116 = EDGE_LOOP ( 'NONE', ( #4557, #449, #4566, #4710 ) ) ;
#1117 = LINE ( 'NONE', #3919, #1681 ) ;
#1118 = CARTESIAN_POINT ( 'NONE',  ( -4.956352788505171156E-16, 3.000000000000003553, -8.000000000000000000 ) ) ;
#1119 = CARTESIAN_POINT ( 'NONE',  ( -7.499999999999996447, 3.000000000000002665, 8.000000000000000000 ) ) ;
#1120 = ADVANCED_FACE ( 'NONE', ( #728 ), #2738, .F. ) ;
#1121 = EDGE_CURVE ( 'NONE', #4255, #1865, #4735, .T. ) ;
#1122 = ORIENTED_EDGE ( 'NONE', *, *, #230, .F. ) ;
#1123 = AXIS2_PLACEMENT_3D ( 'NONE', #327, #2615, #1942 ) ;
#1124 = ORIENTED_EDGE ( 'NONE', *, *, #2642, .T. ) ;
#1125 = DIRECTION ( 'NONE',  ( -1.652117596168388495E-16, 1.000000000000000000, 0.000000000000000000 ) ) ;
#1126 = CIRCLE ( 'NONE', #2046, 2.000000000000000000 ) ;
#1127 = DIRECTION ( 'NONE',  ( -0.000000000000000000, -0.000000000000000000, 1.000000000000000000 ) ) ;
#1128 = AXIS2_PLACEMENT_3D ( 'NONE', #102, #3626, #2035 ) ;
#1129 = CIRCLE ( 'NONE', #4811, 4.499999999999993783 ) ;
#1130 = ORIENTED_EDGE ( 'NONE', *, *, #2205, .F. ) ;
#1131 = VECTOR ( 'NONE', #4238, 1000.000000000000000 ) ;
#1132 = DIRECTION ( 'NONE',  ( 1.000000000000000000, 0.000000000000000000, 0.000000000000000000 ) ) ;
#1133 = CARTESIAN_POINT ( 'NONE',  ( 6.750000000000000888, 4.000000000000004441, 6.000000000000000000 ) ) ;
#1134 = CARTESIAN_POINT ( 'NONE',  ( 6.750000000000000888, 3.000000000000004441, 6.000000000000000000 ) ) ;
#1135 = CYLINDRICAL_SURFACE ( 'NONE', #3807, 3.499999999999985789 ) ;
#1136 = VERTEX_POINT ( 'NONE', #4342 ) ;
#1137 = AXIS2_PLACEMENT_3D ( 'NONE', #4641, #1052, #658 ) ;
#1138 = CARTESIAN_POINT ( 'NONE',  ( -6.249999999999998224, 4.000000000000002665, 7.000000000000000000 ) ) ;
#1139 =( BOUNDED_SURFACE ( )  B_SPLINE_SURFACE ( 3, 2, ( 
 ( #3844, #1390, #4245 ),
 ( #3364, #265, #1072 ),
 ( #4998, #2195, #237 ),
 ( #1414, #2605, #3868 ),
 ( #4212, #3820, #185 ),
 ( #2657, #1098, #290 ),
 ( #2300, #3788, #1775 ),
 ( #4637, #1492, #4267 ),
 ( #3005, #2984, #2273 ),
 ( #4587, #627, #655 ) ),
 .UNSPECIFIED., .F., .F., .F. ) 
 B_SPLINE_SURFACE_WITH_KNOTS ( ( 4, 2, 2, 2, 4 ),
 ( 3, 3 ),
 ( 0.001865397817755719669, 0.002583876141989671464, 0.003302354466223623043, 0.004020832790457574621, 0.004739311114691526633 ),
 ( 0.000000000000000000, 1.000000000000000000 ),
 .UNSPECIFIED. ) 
 GEOMETRIC_REPRESENTATION_ITEM ( )  RATIONAL_B_SPLINE_SURFACE ( (
 ( 1.000000000000000000, 0.7071067811865475727, 1.000000000000000000),
 ( 1.000000000000000000, 0.7494601831124536595, 1.000000000000000000),
 ( 1.000000000000000000, 0.7888695054099198467, 1.000000000000000000),
 ( 1.000000000000000000, 0.8602156236684675994, 1.000000000000000000),
 ( 1.000000000000000000, 0.8922029867401857217, 1.000000000000000000),
 ( 1.000000000000000000, 0.9445021178944186246, 1.000000000000000000),
 ( 1.000000000000000000, 0.9650457241395674624, 1.000000000000000000),
 ( 1.000000000000000000, 0.9928178179544785431, 1.000000000000000000),
 ( 1.000000000000000000, 1.000026929487098259, 1.000000000000000000),
 ( 1.000000000000000000, 1.000000000000000000, 1.000000000000000000) ) ) 
 REPRESENTATION_ITEM ( '' )  SURFACE ( )  );
#1140 = DIRECTION ( 'NONE',  ( 0.000000000000000000, 0.000000000000000000, -1.000000000000000000 ) ) ;
#1141 = ORIENTED_EDGE ( 'NONE', *, *, #15, .T. ) ;
#1142 = PLANE ( 'NONE',  #1846 ) ;
#1143 = VERTEX_POINT ( 'NONE', #5150 ) ;
#1144 = CIRCLE ( 'NONE', #4069, 2.049999999999999822 ) ;
#1145 = DIRECTION ( 'NONE',  ( 0.000000000000000000, 0.000000000000000000, -1.000000000000000000 ) ) ;
#1146 = LINE ( 'NONE', #1511, #5019 ) ;
#1147 = EDGE_CURVE ( 'NONE', #877, #2328, #285, .T. ) ;
#1148 = DIRECTION ( 'NONE',  ( -0.000000000000000000, -0.000000000000000000, 1.000000000000000000 ) ) ;
#1149 = DIRECTION ( 'NONE',  ( -0.1736481776669276667, -0.9848077530122085754, 0.000000000000000000 ) ) ;
#1150 = CONICAL_SURFACE ( 'NONE', #3306, 2.549999999999996714, 0.7853981633974410625 ) ;
#1151 = ORIENTED_EDGE ( 'NONE', *, *, #224, .T. ) ;
#1152 = ADVANCED_FACE ( 'NONE', ( #3181 ), #3894, .F. ) ;
#1153 = CARTESIAN_POINT ( 'NONE',  ( 25.41622186799687100, -11.81769303614650113, -4.900000000000000355 ) ) ;
#1154 = ORIENTED_EDGE ( 'NONE', *, *, #952, .F. ) ;
#1155 = DIRECTION ( 'NONE',  ( 1.000000000000000000, 0.000000000000000000, 0.000000000000000000 ) ) ;
#1156 = CARTESIAN_POINT ( 'NONE',  ( 6.750000000000000888, 3.000000000000004885, 8.000000000000000000 ) ) ;
#1157 = ORIENTED_EDGE ( 'NONE', *, *, #1731, .F. ) ;
#1158 = VERTEX_POINT ( 'NONE', #3132 ) ;
#1159 = EDGE_CURVE ( 'NONE', #2058, #82, #2269, .T. ) ;
#1160 = DIRECTION ( 'NONE',  ( 1.000000000000000000, 0.000000000000000000, -0.000000000000000000 ) ) ;
#1161 = ADVANCED_FACE ( 'NONE', ( #676 ), #2372, .F. ) ;
#1162 = CARTESIAN_POINT ( 'NONE',  ( 1.206479521400909416, 4.000000000000003553, -7.744063864724068935 ) ) ;
#1163 = LINE ( 'NONE', #2751, #4394 ) ;
#1164 = DIRECTION ( 'NONE',  ( 0.7071067811865422437, 8.659560562354868763E-17, -0.7071067811865526798 ) ) ;
#1165 = DIRECTION ( 'NONE',  ( -1.000000000000000000, -1.652117596168388495E-16, 0.000000000000000000 ) ) ;
#1166 = ORIENTED_EDGE ( 'NONE', *, *, #571, .T. ) ;
#1167 = CARTESIAN_POINT ( 'NONE',  ( -14.41421356237309759, 2.585786437626912182, 4.000000000000000000 ) ) ;
#1168 = FACE_OUTER_BOUND ( 'NONE', #4183, .T. ) ;
#1169 = VERTEX_POINT ( 'NONE', #3549 ) ;
#1170 = DIRECTION ( 'NONE',  ( 0.000000000000000000, 0.000000000000000000, 1.000000000000000000 ) ) ;
#1171 = EDGE_LOOP ( 'NONE', ( #927, #1005, #3706, #110 ) ) ;
#1172 = CARTESIAN_POINT ( 'NONE',  ( 4.249999999999988454, -4.999999999999994671, 4.099999999999999645 ) ) ;
#1173 = ORIENTED_EDGE ( 'NONE', *, *, #4003, .F. ) ;
#1174 = CARTESIAN_POINT ( 'NONE',  ( -27.50000000000000000, 5.000000000000000888, -9.500000000000014211 ) ) ;
#1175 = AXIS2_PLACEMENT_3D ( 'NONE', #56, #2109, #79 ) ;
#1176 = EDGE_CURVE ( 'NONE', #4502, #5129, #2666, .T. ) ;
#1177 = ORIENTED_EDGE ( 'NONE', *, *, #1481, .T. ) ;
#1178 = EDGE_LOOP ( 'NONE', ( #1532, #4988 ) ) ;
#1179 = VECTOR ( 'NONE', #2698, 1000.000000000000000 ) ;
#1180 = CARTESIAN_POINT ( 'NONE',  ( 4.249999999999986677, -4.999999999999994671, 6.000000000000000000 ) ) ;
#1181 = AXIS2_PLACEMENT_3D ( 'NONE', #4972, #2248, #2559 ) ;
#1182 = CARTESIAN_POINT ( 'NONE',  ( -11.66418797473044044, -4.999999999999998224, -4.500000000000007994 ) ) ;
#1183 = ORIENTED_EDGE ( 'NONE', *, *, #2022, .T. ) ;
#1184 = ADVANCED_FACE ( 'NONE', ( #1513 ), #2680, .F. ) ;
#1185 = ORIENTED_EDGE ( 'NONE', *, *, #2163, .F. ) ;
#1186 = CIRCLE ( 'NONE', #2426, 1.000000000000000000 ) ;
#1187 = LINE ( 'NONE', #2023, #3229 ) ;
#1188 = DIRECTION ( 'NONE',  ( 0.000000000000000000, 0.000000000000000000, -1.000000000000000000 ) ) ;
#1189 = PRODUCT ( 'LQ26-05HGI-01-002', 'LQ26-05HGI-01-002', '', ( #5123 ) ) ;
#1190 = DIRECTION ( 'NONE',  ( 0.000000000000000000, 0.000000000000000000, -1.000000000000000000 ) ) ;
#1191 = AXIS2_PLACEMENT_3D ( 'NONE', #246, #4650, #3429 ) ;
#1192 = DIRECTION ( 'NONE',  ( -0.7071067811865474617, 0.7071067811865474617, 0.000000000000000000 ) ) ;
#1193 = EDGE_CURVE ( 'NONE', #1326, #2058, #4711, .T. ) ;
#1194 = ADVANCED_FACE ( 'NONE', ( #4 ), #1588, .T. ) ;
#1195 = ORIENTED_EDGE ( 'NONE', *, *, #2163, .T. ) ;
#1196 = CARTESIAN_POINT ( 'NONE',  ( -27.50000000000000000, 0.000000000000000000, 10.00000000000000000 ) ) ;
#1197 = DIRECTION ( 'NONE',  ( 1.000000000000000000, 1.652117596168388495E-16, -0.000000000000000000 ) ) ;
#1198 = VERTEX_POINT ( 'NONE', #1119 ) ;
#1199 = DIRECTION ( 'NONE',  ( -0.9848077530122085754, 0.1736481776669277499, 0.000000000000000000 ) ) ;
#1200 = ORIENTED_EDGE ( 'NONE', *, *, #2554, .T. ) ;
#1201 = DIRECTION ( 'NONE',  ( -1.652117596168388495E-16, 1.000000000000000000, 0.000000000000000000 ) ) ;
#1202 = CARTESIAN_POINT ( 'NONE',  ( -2.050000000050113957, 1.643233411865651168E-14, 2.630306152124545438 ) ) ;
#1203 = CARTESIAN_POINT ( 'NONE',  ( -1.808823529411760056, -0.9647058823529490734, 2.600000000000003197 ) ) ;
#1204 = ORIENTED_EDGE ( 'NONE', *, *, #1664, .F. ) ;
#1205 = VECTOR ( 'NONE', #1620, 1000.000000000000000 ) ;
#1206 = DIRECTION ( 'NONE',  ( 1.892425610156517122E-16, -1.000000000000000000, 0.000000000000000000 ) ) ;
#1207 = ORIENTED_EDGE ( 'NONE', *, *, #4742, .T. ) ;
#1208 = AXIS2_PLACEMENT_3D ( 'NONE', #2030, #2463, #2078 ) ;
#1209 = VERTEX_POINT ( 'NONE', #5073 ) ;
#1210 = DIRECTION ( 'NONE',  ( 1.892425610156517122E-16, -1.000000000000000000, 0.000000000000000000 ) ) ;
#1211 = CARTESIAN_POINT ( 'NONE',  ( 1.707835793046268424, 4.000000000000003553, -7.155644789016053942 ) ) ;
#1212 = LINE ( 'NONE', #819, #3634 ) ;
#1213 = EDGE_CURVE ( 'NONE', #2610, #3138, #3929, .T. ) ;
#1214 = AXIS2_PLACEMENT_3D ( 'NONE', #3847, #2687, #269 ) ;
#1215 = CARTESIAN_POINT ( 'NONE',  ( 27.50000000000000000, 0.000000000000000000, -10.00000000000000000 ) ) ;
#1216 = AXIS2_PLACEMENT_3D ( 'NONE', #3722, #3801, #1399 ) ;
#1217 = DIRECTION ( 'NONE',  ( 1.000000000000000000, 0.000000000000000000, 0.000000000000000000 ) ) ;
#1218 = VERTEX_POINT ( 'NONE', #1902 ) ;
#1219 = VECTOR ( 'NONE', #859, 1000.000000000000114 ) ;
#1220 = ADVANCED_FACE ( 'NONE', ( #3493 ), #254, .T. ) ;
#1221 = LINE ( 'NONE', #4513, #2795 ) ;
#1222 = DIRECTION ( 'NONE',  ( -1.000000000000000000, 1.734723475976806700E-15, 0.000000000000000000 ) ) ;
#1223 = ORIENTED_EDGE ( 'NONE', *, *, #5056, .F. ) ;
#1224 = DIRECTION ( 'NONE',  ( -1.000000000000000000, -3.469446951953594467E-16, 0.000000000000000000 ) ) ;
#1225 = VERTEX_POINT ( 'NONE', #2791 ) ;
#1226 = AXIS2_PLACEMENT_3D ( 'NONE', #5028, #1446, #3035 ) ;
#1227 = LINE ( 'NONE', #3625, #4531 ) ;
#1228 = EDGE_CURVE ( 'NONE', #5067, #3495, #4398, .T. ) ;
#1229 = CARTESIAN_POINT ( 'NONE',  ( -1.827421412617139307, -0.9298348513428632556, 2.600004526921508852 ) ) ;
#1230 = FACE_OUTER_BOUND ( 'NONE', #4373, .T. ) ;
#1231 = AXIS2_PLACEMENT_3D ( 'NONE', #4541, #1369, #2536 ) ;
#1232 = DIRECTION ( 'NONE',  ( -0.000000000000000000, -0.000000000000000000, 1.000000000000000000 ) ) ;
#1233 = AXIS2_PLACEMENT_3D ( 'NONE', #967, #2558, #1700 ) ;
#1234 = EDGE_LOOP ( 'NONE', ( #3470, #3561, #2689, #652 ) ) ;
#1235 = CARTESIAN_POINT ( 'NONE',  ( -4.249999999999998224, 3.000000000000003553, 4.099999999999999645 ) ) ;
#1236 = CARTESIAN_POINT ( 'NONE',  ( 21.96939473245415186, -11.20992441431226005, -2.649999999999999911 ) ) ;
#1237 = EDGE_LOOP ( 'NONE', ( #699, #3636, #132, #1124, #3249, #3786 ) ) ;
#1238 = EDGE_LOOP ( 'NONE', ( #3068, #1257, #1367, #780 ) ) ;
#1239 = DIRECTION ( 'NONE',  ( 0.000000000000000000, -0.7071067811865474617, -0.7071067811865474617 ) ) ;
#1240 = CARTESIAN_POINT ( 'NONE',  ( -5.249999999999998224, 4.000000000000002665, 6.000000000000000000 ) ) ;
#1241 = CARTESIAN_POINT ( 'NONE',  ( 5.750000000000000888, 4.000000000000004441, 4.099999999999999645 ) ) ;
#1242 = DIRECTION ( 'NONE',  ( -1.000000000000000000, 0.000000000000000000, 0.000000000000000000 ) ) ;
#1243 = ORIENTED_EDGE ( 'NONE', *, *, #1505, .T. ) ;
#1244 = CARTESIAN_POINT ( 'NONE',  ( -4.249999999999998224, 3.000000000000002665, 4.099999999999999645 ) ) ;
#1245 = CARTESIAN_POINT ( 'NONE',  ( 27.50000000000000000, -5.000000000000000888, 10.00000000000000000 ) ) ;
#1246 = ORIENTED_EDGE ( 'NONE', *, *, #1696, .T. ) ;
#1247 = CYLINDRICAL_SURFACE ( 'NONE', #594, 5.000000000000000888 ) ;
#1248 = VERTEX_POINT ( 'NONE', #810 ) ;
#1249 = ADVANCED_FACE ( 'NONE', ( #1230 ), #3008, .T. ) ;
#1250 = CARTESIAN_POINT ( 'NONE',  ( 18.00000000000000355, 3.000000000000006661, 3.000000000000000000 ) ) ;
#1251 = LINE ( 'NONE', #880, #300 ) ;
#1252 = LINE ( 'NONE', #2894, #2255 ) ;
#1253 = ADVANCED_FACE ( 'NONE', ( #2011 ), #3505, .T. ) ;
#1254 = ADVANCED_FACE ( 'NONE', ( #1275 ), #1617, .F. ) ;
#1255 = EDGE_LOOP ( 'NONE', ( #838, #1748, #1786, #2598, #990 ) ) ;
#1256 = FACE_OUTER_BOUND ( 'NONE', #3189, .T. ) ;
#1257 = ORIENTED_EDGE ( 'NONE', *, *, #4388, .T. ) ;
#1258 = ORIENTED_EDGE ( 'NONE', *, *, #958, .F. ) ;
#1259 = CARTESIAN_POINT ( 'NONE',  ( -14.99999999999999822, -2.000000000000001776, -4.000000000000000000 ) ) ;
#1260 = DIRECTION ( 'NONE',  ( 0.000000000000000000, 0.000000000000000000, -1.000000000000000000 ) ) ;
#1261 = DIRECTION ( 'NONE',  ( -1.000000000000000000, -1.652117596168388495E-16, 0.000000000000000000 ) ) ;
#1262 = DIRECTION ( 'NONE',  ( 0.000000000000000000, 0.000000000000000000, -1.000000000000000000 ) ) ;
#1263 = CARTESIAN_POINT ( 'NONE',  ( 11.00000000000000000, 4.000000000000005329, -5.000000000000000000 ) ) ;
#1264 = AXIS2_PLACEMENT_3D ( 'NONE', #4594, #4172, #2990 ) ;
#1265 = ORIENTED_EDGE ( 'NONE', *, *, #4358, .F. ) ;
#1266 = CARTESIAN_POINT ( 'NONE',  ( 2.645751311064586719, 4.000000000000003553, -7.000000000000000000 ) ) ;
#1267 = FACE_OUTER_BOUND ( 'NONE', #3176, .T. ) ;
#1268 = VECTOR ( 'NONE', #4908, 1000.000000000000000 ) ;
#1269 = DIRECTION ( 'NONE',  ( -0.000000000000000000, 0.000000000000000000, -1.000000000000000000 ) ) ;
#1270 = ORIENTED_EDGE ( 'NONE', *, *, #1982, .F. ) ;
#1271 = CARTESIAN_POINT ( 'NONE',  ( 10.50000000000000533, -4.999999999999993783, 10.00000000000000000 ) ) ;
#1272 = VERTEX_POINT ( 'NONE', #103 ) ;
#1273 = VECTOR ( 'NONE', #1607, 1000.000000000000000 ) ;
#1274 = CARTESIAN_POINT ( 'NONE',  ( -1.936461247183050460, -0.6733178101306143137, 2.608383606089973217 ) ) ;
#1275 = FACE_OUTER_BOUND ( 'NONE', #775, .T. ) ;
#1276 = ADVANCED_FACE ( 'NONE', ( #492 ), #4016, .T. ) ;
#1277 = ORIENTED_EDGE ( 'NONE', *, *, #3438, .T. ) ;
#1278 = DIRECTION ( 'NONE',  ( -1.892425610156517122E-16, 1.000000000000000000, 0.000000000000000000 ) ) ;
#1279 = EDGE_CURVE ( 'NONE', #624, #3681, #3846, .T. ) ;
#1280 = EDGE_CURVE ( 'NONE', #1845, #2376, #4883, .T. ) ;
#1281 = EDGE_LOOP ( 'NONE', ( #1077, #3021, #4532, #3258, #611, #2953, #3365, #3221, #1082, #2287, #2979, #3391 ) ) ;
#1282 = ORIENTED_EDGE ( 'NONE', *, *, #2603, .T. ) ;
#1283 = CARTESIAN_POINT ( 'NONE',  ( -10.00000000000001243, -4.999999999999997335, 10.00000000000000000 ) ) ;
#1284 = DIRECTION ( 'NONE',  ( 0.000000000000000000, 0.000000000000000000, 1.000000000000000000 ) ) ;
#1285 = CARTESIAN_POINT ( 'NONE',  ( 12.50000000000000178, -2.999999999999994671, 9.500000000000000000 ) ) ;
#1286 = EDGE_CURVE ( 'NONE', #5170, #4671, #1252, .T. ) ;
#1287 = DIRECTION ( 'NONE',  ( 1.652117596168388495E-16, -1.000000000000000000, 0.000000000000000000 ) ) ;
#1288 = CIRCLE ( 'NONE', #532, 2.149999999999999023 ) ;
#1289 = SURFACE_STYLE_USAGE ( .BOTH. , #2906 ) ;
#1290 = ORIENTED_EDGE ( 'NONE', *, *, #1442, .F. ) ;
#1291 = CIRCLE ( 'NONE', #792, 1.000000000000000888 ) ;
#1292 = CARTESIAN_POINT ( 'NONE',  ( 4.750000000000002665, -4.499999999999978684, 8.000000000000000000 ) ) ;
#1293 = CLOSED_SHELL ( 'NONE', ( #1249, #486, #1253, #1914, #4859, #1953, #928, #1879, #3890, #2875, #3866, #1161, #4395, #2136, #671, #3414, #2717, #196, #5153, #4768, #4028, #3836, #2574, #3125, #3552, #4292, #3799, #1764, #322, #488, #329, #1059, #4984, #1065, #473, #4412, #670, #1184, #4712, #1306, #1057, #4517, #330, #1658, #2107, #4925, #5079, #3871, #4515, #2425, #2780, #3837, #3484, #995, #4948, #3370, #2907, #2816, #1566, #1089, #3217, #4864, #3570, #1600, #959, #5057, #3963, #679, #643, #4805, #2647, #1465, #2169, #135, #2709, #2041, #4807, #2542, #2142, #3709, #3385, #1254, #4450, #3222, #4234, #3031, #5089, #5047, #413, #4256, #3925, #260, #2370, #1857, #5151, #3577, #1412, #760, #1629, #1851, #4228, #3386, #1383, #3289, #3604, #1194, #886, #2474, #1729, #4479, #4834, #2175, #2071, #1763, #3195, #2682, #805, #1436, #4769, #1083, #3790, #3842, #4701, #2867, #1276, #5025, #1152, #3073, #544, #4680, #4578, #4261, #3708, #2110, #297, #1012, #4828, #4897, #231, #1384, #3542, #3534, #2649, #1220, #391, #3404, #832, #3831, #2749, #1907, #2361, #2580, #3739, #4065, #4674, #4084, #1120, #3250, #3278, #1952, #2578, #3619, #4056, #2481, #2945, #769, #1820, #3583 ) ) ;
#1294 = AXIS2_PLACEMENT_3D ( 'NONE', #3121, #3459, #2285 ) ;
#1295 = DIRECTION ( 'NONE',  ( 0.7071067811865459074, 0.7071067811865491270, -0.000000000000000000 ) ) ;
#1296 = VERTEX_POINT ( 'NONE', #4048 ) ;
#1297 = CARTESIAN_POINT ( 'NONE',  ( 8.000000000000000000, 3.000000000000004885, -6.000000000000000000 ) ) ;
#1298 = CIRCLE ( 'NONE', #797, 5.000000000000000888 ) ;
#1299 = ORIENTED_EDGE ( 'NONE', *, *, #4195, .T. ) ;
#1300 = VECTOR ( 'NONE', #4575, 1000.000000000000000 ) ;
#1301 = AXIS2_PLACEMENT_3D ( 'NONE', #3259, #4817, #472 ) ;
#1302 = CIRCLE ( 'NONE', #925, 0.4999999999999865663 ) ;
#1303 = CARTESIAN_POINT ( 'NONE',  ( -1.872585119400290710, -0.8342800819129826406, 2.602086695968661267 ) ) ;
#1304 = DIRECTION ( 'NONE',  ( -1.000000000000000000, -1.892425610156517122E-16, 8.673617379884035472E-17 ) ) ;
#1305 = AXIS2_PLACEMENT_3D ( 'NONE', #4192, #214, #4248 ) ;
#1306 = ADVANCED_FACE ( 'NONE', ( #2493, #2399 ), #4101, .T. ) ;
#1307 = ORIENTED_EDGE ( 'NONE', *, *, #1090, .F. ) ;
#1308 = DIRECTION ( 'NONE',  ( -0.000000000000000000, -0.000000000000000000, -1.000000000000000000 ) ) ;
#1309 = CIRCLE ( 'NONE', #1231, 2.000000000000000000 ) ;
#1310 =( BOUNDED_CURVE ( )  B_SPLINE_CURVE ( 3, ( #2304, #2719, #2744, #4007 ),
 .UNSPECIFIED., .F., .F. ) 
 B_SPLINE_CURVE_WITH_KNOTS ( ( 4, 4 ),
 ( 2.418858405776375786, 3.141592653589791784 ),
 .UNSPECIFIED. ) 
 CURVE ( )  GEOMETRIC_REPRESENTATION_ITEM ( )  RATIONAL_B_SPLINE_CURVE ( ( 1.000000000000000000, 0.9569428977956567772, 0.9569428977956567772, 1.000000000000000000 ) ) 
 REPRESENTATION_ITEM ( '' )  );
#1311 = ORIENTED_EDGE ( 'NONE', *, *, #195, .F. ) ;
#1312 = ORIENTED_EDGE ( 'NONE', *, *, #261, .F. ) ;
#1313 = EDGE_CURVE ( 'NONE', #1993, #3028, #4849, .T. ) ;
#1314 = AXIS2_PLACEMENT_3D ( 'NONE', #3613, #740, #3190 ) ;
#1315 = DIRECTION ( 'NONE',  ( -0.000000000000000000, -0.000000000000000000, 1.000000000000000000 ) ) ;
#1316 = FACE_OUTER_BOUND ( 'NONE', #2272, .T. ) ;
#1317 = LINE ( 'NONE', #4086, #4308 ) ;
#1318 = DIRECTION ( 'NONE',  ( 0.000000000000000000, 0.000000000000000000, 1.000000000000000000 ) ) ;
#1319 = ORIENTED_EDGE ( 'NONE', *, *, #1821, .F. ) ;
#1320 = EDGE_CURVE ( 'NONE', #3028, #1493, #3701, .T. ) ;
#1321 = DIRECTION ( 'NONE',  ( 1.892425610156517122E-16, -1.000000000000000000, -0.000000000000000000 ) ) ;
#1322 = DIRECTION ( 'NONE',  ( -1.000000000000000000, 0.000000000000000000, 0.000000000000000000 ) ) ;
#1323 = CARTESIAN_POINT ( 'NONE',  ( -1.984569975870004832, 0.5138104007464135980, 2.616014123190687268 ) ) ;
#1324 = ORIENTED_EDGE ( 'NONE', *, *, #4470, .F. ) ;
#1325 = CARTESIAN_POINT ( 'NONE',  ( 12.00000000000000178, -2.999999999999994671, 10.00000000000000000 ) ) ;
#1326 = VERTEX_POINT ( 'NONE', #2036 ) ;
#1327 = DIRECTION ( 'NONE',  ( -0.000000000000000000, -0.000000000000000000, -1.000000000000000000 ) ) ;
#1328 = CARTESIAN_POINT ( 'NONE',  ( 30.04999999999999716, 3.122849337825745489E-16, -7.749999999999999112 ) ) ;
#1329 = CARTESIAN_POINT ( 'NONE',  ( -2.007588723227368810, 0.4169440459301473889, 2.620485104452184189 ) ) ;
#1330 = DIRECTION ( 'NONE',  ( 0.000000000000000000, 0.000000000000000000, -1.000000000000000000 ) ) ;
#1331 = VERTEX_POINT ( 'NONE', #1718 ) ;
#1332 = DIRECTION ( 'NONE',  ( -1.000000000000000000, 0.000000000000000000, 0.000000000000000000 ) ) ;
#1333 = ORIENTED_EDGE ( 'NONE', *, *, #5117, .T. ) ;
#1334 = VERTEX_POINT ( 'NONE', #3627 ) ;
#1335 = CARTESIAN_POINT ( 'NONE',  ( -30.59999999999999787, 3.796405077356794918E-16, 5.799999999999999822 ) ) ;
#1336 = DIRECTION ( 'NONE',  ( 1.000000000000000000, 0.000000000000000000, 0.000000000000000000 ) ) ;
#1337 = CYLINDRICAL_SURFACE ( 'NONE', #2793, 2.000000000000001776 ) ;
#1338 = EDGE_CURVE ( 'NONE', #4671, #3456, #4787, .T. ) ;
#1339 = VERTEX_POINT ( 'NONE', #1203 ) ;
#1340 = AXIS2_PLACEMENT_3D ( 'NONE', #1850, #621, #1800 ) ;
#1341 = DIRECTION ( 'NONE',  ( 0.000000000000000000, -0.000000000000000000, 1.000000000000000000 ) ) ;
#1342 = PLANE ( 'NONE',  #2846 ) ;
#1343 = CARTESIAN_POINT ( 'NONE',  ( -27.50000000000000000, 4.500000000000014211, -10.00000000000000000 ) ) ;
#1344 = AXIS2_PLACEMENT_3D ( 'NONE', #1947, #4364, #2672 ) ;
#1345 = CARTESIAN_POINT ( 'NONE',  ( -2.045251539747544367, 0.1642603226288841534, 2.629050499622747061 ) ) ;
#1346 = EDGE_CURVE ( 'NONE', #5136, #3466, #4444, .T. ) ;
#1347 = ORIENTED_EDGE ( 'NONE', *, *, #4489, .F. ) ;
#1348 = EDGE_CURVE ( 'NONE', #2328, #1272, #3253, .T. ) ;
#1349 = AXIS2_PLACEMENT_3D ( 'NONE', #3007, #1021, #2606 ) ;
#1350 = DIRECTION ( 'NONE',  ( 0.000000000000000000, -0.000000000000000000, 1.000000000000000000 ) ) ;
#1351 = ORIENTED_EDGE ( 'NONE', *, *, #4180, .T. ) ;
#1352 = TOROIDAL_SURFACE ( 'NONE', #589, 2.000000000000000000, 1.000000000000000000 ) ;
#1353 = DIRECTION ( 'NONE',  ( -0.000000000000000000, 0.000000000000000000, -1.000000000000000000 ) ) ;
#1354 = CARTESIAN_POINT ( 'NONE',  ( 27.50000000000000000, 5.000000000000011546, -7.250000000000000888 ) ) ;
#1355 = AXIS2_PLACEMENT_3D ( 'NONE', #5144, #463, #1224 ) ;
#1356 = CARTESIAN_POINT ( 'NONE',  ( -2.023381919025519338, -0.3319720039210046214, 2.623902516099290594 ) ) ;
#1357 = DIRECTION ( 'NONE',  ( -1.000000000000000000, 0.000000000000000000, 0.000000000000000000 ) ) ;
#1358 = VERTEX_POINT ( 'NONE', #2469 ) ;
#1359 = DIRECTION ( 'NONE',  ( -1.892425610156517122E-16, 1.000000000000000000, 0.000000000000000000 ) ) ;
#1360 = EDGE_LOOP ( 'NONE', ( #4793, #447, #428, #861 ) ) ;
#1361 = ORIENTED_EDGE ( 'NONE', *, *, #224, .F. ) ;
#1362 = DIRECTION ( 'NONE',  ( -1.000000000000000000, -3.469446951953596932E-16, 0.000000000000000000 ) ) ;
#1363 = VERTEX_POINT ( 'NONE', #4077 ) ;
#1364 = CARTESIAN_POINT ( 'NONE',  ( 10.49999999999999822, 5.000000000000007994, 10.00000000000000000 ) ) ;
#1365 = CARTESIAN_POINT ( 'NONE',  ( 32.50000000000000000, 0.000000000000000000, -7.250000000000000888 ) ) ;
#1366 = CARTESIAN_POINT ( 'NONE',  ( -2.472899389217108723, 0.8188716095125071481, 2.111833819958041314 ) ) ;
#1367 = ORIENTED_EDGE ( 'NONE', *, *, #1286, .F. ) ;
#1368 = EDGE_CURVE ( 'NONE', #2262, #2577, #2084, .T. ) ;
#1369 = DIRECTION ( 'NONE',  ( -0.000000000000000000, -1.000000000000000000, -0.000000000000000000 ) ) ;
#1370 = DIRECTION ( 'NONE',  ( -8.673617379884035472E-17, -1.641417566239121864E-32, 1.000000000000000000 ) ) ;
#1371 = LINE ( 'NONE', #3350, #3046 ) ;
#1372 = VECTOR ( 'NONE', #606, 1000.000000000000114 ) ;
#1373 = CARTESIAN_POINT ( 'NONE',  ( -1.958627096331552186, 0.6053615964851783993, 2.611604213669673324 ) ) ;
#1374 = DIRECTION ( 'NONE',  ( 0.000000000000000000, -0.000000000000000000, 1.000000000000000000 ) ) ;
#1375 = VERTEX_POINT ( 'NONE', #2948 ) ;
#1376 = CIRCLE ( 'NONE', #4304, 2.000000000000000000 ) ;
#1377 = EDGE_CURVE ( 'NONE', #3650, #158, #3810, .T. ) ;
#1378 = CARTESIAN_POINT ( 'NONE',  ( -14.99999999999999822, -1.171572875253810375, -4.000000000000000000 ) ) ;
#1379 = DIRECTION ( 'NONE',  ( -1.000000000000000000, 0.000000000000000000, 0.000000000000000000 ) ) ;
#1380 = VECTOR ( 'NONE', #2455, 1000.000000000000000 ) ;
#1381 = CIRCLE ( 'NONE', #626, 3.099999999999998757 ) ;
#1382 = AXIS2_PLACEMENT_3D ( 'NONE', #2112, #2138, #1407 ) ;
#1383 = ADVANCED_FACE ( 'NONE', ( #4962 ), #4522, .T. ) ;
#1384 = ADVANCED_FACE ( 'NONE', ( #1430 ), #754, .T. ) ;
#1385 = CARTESIAN_POINT ( 'NONE',  ( -2.032017092265093972, 0.2717570785243623721, 2.625913251626640132 ) ) ;
#1386 = DIRECTION ( 'NONE',  ( 0.000000000000000000, 0.000000000000000000, -1.000000000000000000 ) ) ;
#1387 = EDGE_LOOP ( 'NONE', ( #1437, #3430, #966, #2365, #3163 ) ) ;
#1388 = DIRECTION ( 'NONE',  ( 0.000000000000000000, 0.7071067811865493491, -0.7071067811865456854 ) ) ;
#1389 = ORIENTED_EDGE ( 'NONE', *, *, #1338, .F. ) ;
#1390 = CARTESIAN_POINT ( 'NONE',  ( -2.645751311064588496, 4.000000000000003553, -8.000000000000000000 ) ) ;
#1391 = TOROIDAL_SURFACE ( 'NONE', #1305, 1.000000000000000000, 1.000000000000000000 ) ;
#1392 = CARTESIAN_POINT ( 'NONE',  ( 11.00000000000000178, -4.999999999999993783, -6.000000000000000000 ) ) ;
#1393 = DIRECTION ( 'NONE',  ( -1.000000000000000000, 0.000000000000000000, 0.000000000000000000 ) ) ;
#1394 = FACE_OUTER_BOUND ( 'NONE', #2551, .T. ) ;
#1395 = ORIENTED_EDGE ( 'NONE', *, *, #701, .F. ) ;
#1396 = CARTESIAN_POINT ( 'NONE',  ( 12.50000000000000000, 3.000000000000008882, -9.500000000000014211 ) ) ;
#1397 = DIRECTION ( 'NONE',  ( 0.000000000000000000, 1.000000000000000000, 0.000000000000000000 ) ) ;
#1398 = AXIS2_PLACEMENT_3D ( 'NONE', #5163, #790, #3986 ) ;
#1399 = DIRECTION ( 'NONE',  ( 0.000000000000000000, 0.000000000000000000, -1.000000000000000000 ) ) ;
#1400 = CARTESIAN_POINT ( 'NONE',  ( -1.941873500500775673, 0.6571548237202756715, 2.609143654640430743 ) ) ;
#1401 = CARTESIAN_POINT ( 'NONE',  ( 25.41622186799687100, -11.81769303614650113, -4.900000000000000355 ) ) ;
#1402 = ORIENTED_EDGE ( 'NONE', *, *, #4585, .T. ) ;
#1403 = PLANE ( 'NONE',  #5054 ) ;
#1404 = CARTESIAN_POINT ( 'NONE',  ( -9.499999999999996447, 3.000000000000002220, -6.000000000000000000 ) ) ;
#1405 = VERTEX_POINT ( 'NONE', #564 ) ;
#1406 = EDGE_CURVE ( 'NONE', #3053, #2826, #2546, .T. ) ;
#1407 = DIRECTION ( 'NONE',  ( -1.000000000000000000, 0.000000000000000000, -0.000000000000000000 ) ) ;
#1408 = DIRECTION ( 'NONE',  ( 0.000000000000000000, -0.000000000000000000, 1.000000000000000000 ) ) ;
#1409 = VERTEX_POINT ( 'NONE', #1354 ) ;
#1410 = CARTESIAN_POINT ( 'NONE',  ( 2.645751311064586719, 4.000000000000004441, -7.000000000000000000 ) ) ;
#1411 = EDGE_CURVE ( 'NONE', #2350, #1489, #3095, .T. ) ;
#1412 = ADVANCED_FACE ( 'NONE', ( #3407 ), #2570, .F. ) ;
#1413 = ORIENTED_EDGE ( 'NONE', *, *, #1051, .F. ) ;
#1414 = CARTESIAN_POINT ( 'NONE',  ( -1.707835793046273976, 4.000000000000003553, -7.155644789016053053 ) ) ;
#1415 = ORIENTED_EDGE ( 'NONE', *, *, #920, .T. ) ;
#1416 = CARTESIAN_POINT ( 'NONE',  ( 12.50000000000000000, 3.000000000000008882, -7.749999999999998224 ) ) ;
#1417 = CARTESIAN_POINT ( 'NONE',  ( -32.50000000000000000, 0.000000000000000000, 4.500000000000007105 ) ) ;
#1418 = CARTESIAN_POINT ( 'NONE',  ( -27.50000000000000000, -4.500000000000014211, -10.00000000000000000 ) ) ;
#1419 = ORIENTED_EDGE ( 'NONE', *, *, #637, .F. ) ;
#1420 = PLANE ( 'NONE',  #1892 ) ;
#1421 = CARTESIAN_POINT ( 'NONE',  ( -27.50000000000000000, 0.000000000000000000, 10.00000000000000000 ) ) ;
#1422 = CARTESIAN_POINT ( 'NONE',  ( -3.749999999999985789, -4.999999999999996447, 4.099999999999999645 ) ) ;
#1423 = LINE ( 'NONE', #1002, #4385 ) ;
#1424 = AXIS2_PLACEMENT_3D ( 'NONE', #396, #1988, #3110 ) ;
#1425 = CARTESIAN_POINT ( 'NONE',  ( 11.00000000000000178, -4.499999999999979572, -5.000000000000000000 ) ) ;
#1426 = ORIENTED_EDGE ( 'NONE', *, *, #1228, .T. ) ;
#1427 = CIRCLE ( 'NONE', #2258, 2.200000000000000622 ) ;
#1428 = FACE_OUTER_BOUND ( 'NONE', #3906, .T. ) ;
#1429 = AXIS2_PLACEMENT_3D ( 'NONE', #2573, #2165, #3757 ) ;
#1430 = FACE_OUTER_BOUND ( 'NONE', #3825, .T. ) ;
#1431 = ORIENTED_EDGE ( 'NONE', *, *, #5011, .F. ) ;
#1432 = CIRCLE ( 'NONE', #4361, 1.499999999999999556 ) ;
#1433 = AXIS2_PLACEMENT_3D ( 'NONE', #2034, #3973, #4812 ) ;
#1434 = CARTESIAN_POINT ( 'NONE',  ( -2.639363173740792767, 0.2081469585851257464, 2.138262244684133950 ) ) ;
#1435 = CARTESIAN_POINT ( 'NONE',  ( -7.119124914398328792E-16, 3.000000000000003553, 4.000000000000000000 ) ) ;
#1436 = ADVANCED_FACE ( 'NONE', ( #5010 ), #95, .F. ) ;
#1437 = ORIENTED_EDGE ( 'NONE', *, *, #3734, .F. ) ;
#1438 = DIRECTION ( 'NONE',  ( -1.000000000000000000, 0.000000000000000000, 0.000000000000000000 ) ) ;
#1439 = VERTEX_POINT ( 'NONE', #1404 ) ;
#1440 = EDGE_CURVE ( 'NONE', #897, #2982, #2996, .T. ) ;
#1441 = CARTESIAN_POINT ( 'NONE',  ( 8.000000000000001776, -4.999999999999993783, -6.000000000000000000 ) ) ;
#1442 = EDGE_CURVE ( 'NONE', #531, #3805, #4156, .T. ) ;
#1443 = ORIENTED_EDGE ( 'NONE', *, *, #4451, .F. ) ;
#1444 = CARTESIAN_POINT ( 'NONE',  ( 12.50000000000000000, 3.000000000000008882, 7.749999999999998224 ) ) ;
#1445 = LINE ( 'NONE', #514, #2459 ) ;
#1446 = DIRECTION ( 'NONE',  ( 8.673617379884035472E-17, 1.641417566239121864E-32, 1.000000000000000000 ) ) ;
#1447 = ORIENTED_EDGE ( 'NONE', *, *, #1722, .F. ) ;
#1448 = EDGE_CURVE ( 'NONE', #4018, #3171, #1427, .T. ) ;
#1449 = FACE_OUTER_BOUND ( 'NONE', #561, .T. ) ;
#1450 = CARTESIAN_POINT ( 'NONE',  ( 10.50000000000001599, -4.999999999999993783, -6.000000000000000000 ) ) ;
#1451 = CARTESIAN_POINT ( 'NONE',  ( -7.499999999999994671, -4.499999999999983125, -8.000000000000000000 ) ) ;
#1452 = CARTESIAN_POINT ( 'NONE',  ( 0.000000000000000000, 0.000000000000000000, -10.00000000000000000 ) ) ;
#1453 = VERTEX_POINT ( 'NONE', #646 ) ;
#1454 = AXIS2_PLACEMENT_3D ( 'NONE', #1684, #977, #1322 ) ;
#1455 = CARTESIAN_POINT ( 'NONE',  ( -0.4137025364375164216, 4.000000000000003553, -7.763057213494066744 ) ) ;
#1456 = LINE ( 'NONE', #4656, #1179 ) ;
#1457 = ORIENTED_EDGE ( 'NONE', *, *, #2450, .T. ) ;
#1458 = VECTOR ( 'NONE', #4750, 1000.000000000000114 ) ;
#1459 = ORIENTED_EDGE ( 'NONE', *, *, #2083, .F. ) ;
#1460 = DIRECTION ( 'NONE',  ( -1.000000000000000000, -1.652117596168388495E-16, -0.000000000000000000 ) ) ;
#1461 = FACE_OUTER_BOUND ( 'NONE', #316, .T. ) ;
#1462 = DIRECTION ( 'NONE',  ( -1.000000000000000000, 0.000000000000000000, 0.000000000000000000 ) ) ;
#1463 = DIRECTION ( 'NONE',  ( -1.000000000000000000, 0.000000000000000000, -8.673617379884035472E-17 ) ) ;
#1464 = VECTOR ( 'NONE', #1295, 1000.000000000000000 ) ;
#1465 = ADVANCED_FACE ( 'NONE', ( #2237 ), #982, .F. ) ;
#1466 = ORIENTED_EDGE ( 'NONE', *, *, #283, .T. ) ;
#1467 = AXIS2_PLACEMENT_3D ( 'NONE', #517, #1695, #2115 ) ;
#1468 = CARTESIAN_POINT ( 'NONE',  ( -27.50000000000000000, 0.000000000000000000, 4.000000000000000000 ) ) ;
#1469 = ORIENTED_EDGE ( 'NONE', *, *, #4548, .T. ) ;
#1470 = DIRECTION ( 'NONE',  ( -1.000000000000000000, 0.000000000000000000, 0.000000000000000000 ) ) ;
#1471 = CARTESIAN_POINT ( 'NONE',  ( 20.00000000000000000, -4.499999999999979572, 5.000000000000000000 ) ) ;
#1472 = CARTESIAN_POINT ( 'NONE',  ( -11.17157287525382259, 5.000000000000004441, 4.500000000000007105 ) ) ;
#1473 = EDGE_CURVE ( 'NONE', #3138, #2447, #2927, .T. ) ;
#1474 = ORIENTED_EDGE ( 'NONE', *, *, #4003, .T. ) ;
#1475 = MECHANICAL_DESIGN_GEOMETRIC_PRESENTATION_REPRESENTATION (  '', ( #3142 ), #4896 ) ;
#1476 = DIRECTION ( 'NONE',  ( -1.892425610156517122E-16, 1.000000000000000000, -0.000000000000000000 ) ) ;
#1477 = CARTESIAN_POINT ( 'NONE',  ( 28.86304900353959368, -12.42546165798074753, 2.650000000000000355 ) ) ;
#1478 = LINE ( 'NONE', #1056, #2532 ) ;
#1479 = VECTOR ( 'NONE', #2910, 1000.000000000000227 ) ;
#1480 = CARTESIAN_POINT ( 'NONE',  ( 4.750000000000000888, 4.000000000000004441, 4.099999999999999645 ) ) ;
#1481 = EDGE_CURVE ( 'NONE', #1983, #4577, #18, .T. ) ;
#1482 = EDGE_CURVE ( 'NONE', #2556, #2922, #613, .T. ) ;
#1483 = ORIENTED_EDGE ( 'NONE', *, *, #738, .T. ) ;
#1484 = VECTOR ( 'NONE', #4534, 1000.000000000000114 ) ;
#1485 = CARTESIAN_POINT ( 'NONE',  ( -27.50000000000000000, 0.000000000000000000, 9.499999999999989342 ) ) ;
#1486 = VERTEX_POINT ( 'NONE', #1328 ) ;
#1487 = EDGE_LOOP ( 'NONE', ( #4266, #45, #764, #943 ) ) ;
#1488 = DIRECTION ( 'NONE',  ( 1.892425610156517122E-16, -1.000000000000000000, -0.000000000000000000 ) ) ;
#1489 = VERTEX_POINT ( 'NONE', #2520 ) ;
#1490 = CARTESIAN_POINT ( 'NONE',  ( 9.000000000000000000, 3.000000000000005329, 6.000000000000000000 ) ) ;
#1491 = VERTEX_POINT ( 'NONE', #4125 ) ;
#1492 = CARTESIAN_POINT ( 'NONE',  ( -0.4851763124312435949, 4.000000000000003553, -7.880085205024563777 ) ) ;
#1493 = VERTEX_POINT ( 'NONE', #3730 ) ;
#1494 = DIRECTION ( 'NONE',  ( 0.000000000000000000, 0.000000000000000000, 1.000000000000000000 ) ) ;
#1495 = LINE ( 'NONE', #686, #1719 ) ;
#1496 = VERTEX_POINT ( 'NONE', #152 ) ;
#1497 = DIRECTION ( 'NONE',  ( -1.338146981832763019E-16, 0.7071067811865475727, 0.7071067811865474617 ) ) ;
#1498 = DIRECTION ( 'NONE',  ( 0.000000000000000000, 0.000000000000000000, -1.000000000000000000 ) ) ;
#1499 = EDGE_CURVE ( 'NONE', #1198, #2685, #1743, .T. ) ;
#1500 = CARTESIAN_POINT ( 'NONE',  ( -27.50000000000000000, -5.000000000000000888, -4.500000000000007105 ) ) ;
#1501 = FACE_OUTER_BOUND ( 'NONE', #3818, .T. ) ;
#1502 = EDGE_LOOP ( 'NONE', ( #3490, #4861, #3302, #4136, #2014 ) ) ;
#1503 = EDGE_CURVE ( 'NONE', #3098, #4161, #922, .T. ) ;
#1504 = CYLINDRICAL_SURFACE ( 'NONE', #2456, 1.000000000000000000 ) ;
#1505 = EDGE_CURVE ( 'NONE', #4161, #3098, #2341, .T. ) ;
#1506 = DIRECTION ( 'NONE',  ( -1.000000000000000000, 0.000000000000000000, 0.000000000000000000 ) ) ;
#1507 = ORIENTED_EDGE ( 'NONE', *, *, #708, .F. ) ;
#1508 = ORIENTED_EDGE ( 'NONE', *, *, #216, .T. ) ;
#1509 = CIRCLE ( 'NONE', #2093, 2.549999999999989608 ) ;
#1510 = CARTESIAN_POINT ( 'NONE',  ( -2.315971563940693922, 1.107214847735203733, 2.100013562442354598 ) ) ;
#1511 = CARTESIAN_POINT ( 'NONE',  ( 18.00000000000000355, -4.999999999999992006, 5.000000000000000000 ) ) ;
#1512 = VERTEX_POINT ( 'NONE', #3966 ) ;
#1513 = FACE_OUTER_BOUND ( 'NONE', #257, .T. ) ;
#1514 = CIRCLE ( 'NONE', #3766, 5.000000000000000888 ) ;
#1515 = VERTEX_POINT ( 'NONE', #5037 ) ;
#1516 = EDGE_LOOP ( 'NONE', ( #4832, #3339, #2146, #2129 ) ) ;
#1517 = VECTOR ( 'NONE', #3697, 1000.000000000000114 ) ;
#1518 = CARTESIAN_POINT ( 'NONE',  ( -9.499999999999994671, -4.499999999999983125, 6.000000000000000000 ) ) ;
#1519 = LINE ( 'NONE', #1573, #4659 ) ;
#1520 = VECTOR ( 'NONE', #3566, 1000.000000000000000 ) ;
#1521 = ORIENTED_EDGE ( 'NONE', *, *, #2013, .F. ) ;
#1522 = DIRECTION ( 'NONE',  ( 0.000000000000000000, 0.000000000000000000, 1.000000000000000000 ) ) ;
#1523 = CARTESIAN_POINT ( 'NONE',  ( 1.908258683417846102, 4.000000000000003553, -7.720843053015562951 ) ) ;
#1524 = CARTESIAN_POINT ( 'NONE',  ( 6.750000000000000888, 4.000000000000004441, 7.000000000000000000 ) ) ;
#1525 = DIRECTION ( 'NONE',  ( -1.000000000000000000, 0.000000000000000000, 0.000000000000000000 ) ) ;
#1526 = DIRECTION ( 'NONE',  ( -0.1736481776669270838, -0.9848077530122086864, 0.000000000000000000 ) ) ;
#1527 = ORIENTED_EDGE ( 'NONE', *, *, #1313, .F. ) ;
#1528 = EDGE_CURVE ( 'NONE', #1453, #4417, #2012, .T. ) ;
#1529 = DIRECTION ( 'NONE',  ( 1.000000000000000000, 0.000000000000000000, 0.000000000000000000 ) ) ;
#1530 = DIRECTION ( 'NONE',  ( 1.000000000000000000, 1.652117596168388495E-16, 0.000000000000000000 ) ) ;
#1531 = ORIENTED_EDGE ( 'NONE', *, *, #3469, .T. ) ;
#1532 = ORIENTED_EDGE ( 'NONE', *, *, #4262, .T. ) ;
#1533 = EDGE_CURVE ( 'NONE', #980, #2732, #3850, .T. ) ;
#1534 = CARTESIAN_POINT ( 'NONE',  ( -2.605852938871706659, -0.4129407853646910875, 2.131870021465773313 ) ) ;
#1535 = CARTESIAN_POINT ( 'NONE',  ( -50.00000000000000000, 4.499999999999989342, 4.000000000000000000 ) ) ;
#1536 = ORIENTED_EDGE ( 'NONE', *, *, #610, .T. ) ;
#1537 = DIRECTION ( 'NONE',  ( 0.000000000000000000, 0.000000000000000000, 1.000000000000000000 ) ) ;
#1538 = CIRCLE ( 'NONE', #3206, 1.000000000000000000 ) ;
#1539 = EDGE_CURVE ( 'NONE', #4731, #1296, #1558, .T. ) ;
#1540 = EDGE_CURVE ( 'NONE', #2922, #1158, #4773, .T. ) ;
#1541 = ORIENTED_EDGE ( 'NONE', *, *, #4552, .T. ) ;
#1542 = CONICAL_SURFACE ( 'NONE', #2209, 3.600000000000005862, 0.7853981633974461696 ) ;
#1543 = ORIENTED_EDGE ( 'NONE', *, *, #3762, .F. ) ;
#1544 = CARTESIAN_POINT ( 'NONE',  ( -27.50000000000000000, -5.000000000000000888, 9.500000000000000000 ) ) ;
#1545 = AXIS2_PLACEMENT_3D ( 'NONE', #1858, #3034, #4639 ) ;
#1546 = DIRECTION ( 'NONE',  ( -0.000000000000000000, -0.000000000000000000, 1.000000000000000000 ) ) ;
#1547 = CIRCLE ( 'NONE', #209, 1.000000000000000000 ) ;
#1548 = EDGE_LOOP ( 'NONE', ( #5097, #1815 ) ) ;
#1549 = CIRCLE ( 'NONE', #4476, 1.000000000000000000 ) ;
#1550 = CARTESIAN_POINT ( 'NONE',  ( 4.249999999999988454, -4.999999999999994671, 4.099999999999999645 ) ) ;
#1551 = CARTESIAN_POINT ( 'NONE',  ( 17.30855861669665785, -8.848987126107161316, 10.00000000000000000 ) ) ;
#1552 = CARTESIAN_POINT ( 'NONE',  ( 23.26622186799687242, -11.81769303614650113, 2.650000000000000355 ) ) ;
#1553 = LINE ( 'NONE', #382, #4571 ) ;
#1554 = AXIS2_PLACEMENT_3D ( 'NONE', #4272, #189, #5053 ) ;
#1555 = VERTEX_POINT ( 'NONE', #3513 ) ;
#1556 = CIRCLE ( 'NONE', #3982, 1.500000000000013545 ) ;
#1557 = CARTESIAN_POINT ( 'NONE',  ( 27.50000000000000000, -5.000000000000000888, 10.00000000000000000 ) ) ;
#1558 = LINE ( 'NONE', #3915, #343 ) ;
#1559 = ORIENTED_EDGE ( 'NONE', *, *, #3354, .F. ) ;
#1560 = DIRECTION ( 'NONE',  ( 1.000000000000000000, 0.000000000000000000, 0.000000000000000000 ) ) ;
#1561 = ORIENTED_EDGE ( 'NONE', *, *, #3872, .T. ) ;
#1562 = AXIS2_PLACEMENT_3D ( 'NONE', #2379, #320, #4299 ) ;
#1563 = DIRECTION ( 'NONE',  ( 1.000000000000000000, 0.000000000000000000, -0.000000000000000000 ) ) ;
#1564 = DIRECTION ( 'NONE',  ( 1.000000000000000000, 0.000000000000000000, 0.000000000000000000 ) ) ;
#1565 = FACE_OUTER_BOUND ( 'NONE', #3685, .T. ) ;
#1566 = ADVANCED_FACE ( 'NONE', ( #3433 ), #3940, .F. ) ;
#1567 = AXIS2_PLACEMENT_3D ( 'NONE', #4970, #2634, #4665 ) ;
#1568 = VERTEX_POINT ( 'NONE', #3488 ) ;
#1569 = EDGE_LOOP ( 'NONE', ( #1827, #3927, #2349, #2998 ) ) ;
#1570 = CYLINDRICAL_SURFACE ( 'NONE', #3876, 3.099999999999998757 ) ;
#1571 = EDGE_CURVE ( 'NONE', #1158, #5172, #4704, .T. ) ;
#1572 = EDGE_CURVE ( 'NONE', #1894, #4161, #1456, .T. ) ;
#1573 = CARTESIAN_POINT ( 'NONE',  ( 4.750000000000002665, -4.499999999999978684, 2.099999999999999645 ) ) ;
#1574 = EDGE_LOOP ( 'NONE', ( #1935, #3979, #3699, #1650 ) ) ;
#1575 = ORIENTED_EDGE ( 'NONE', *, *, #4286, .T. ) ;
#1576 = DIRECTION ( 'NONE',  ( -0.000000000000000000, -0.000000000000000000, 1.000000000000000000 ) ) ;
#1577 = DIRECTION ( 'NONE',  ( -1.000000000000000000, 0.000000000000000000, 0.000000000000000000 ) ) ;
#1578 = CARTESIAN_POINT ( 'NONE',  ( 2.168678405895858141, 4.000000000000002665, -7.037100700880950299 ) ) ;
#1579 = CARTESIAN_POINT ( 'NONE',  ( -2.249999999999998668, 4.000000000000002665, 4.099999999999999645 ) ) ;
#1580 = ORIENTED_EDGE ( 'NONE', *, *, #3734, .T. ) ;
#1581 = CARTESIAN_POINT ( 'NONE',  ( 25.44999999999999929, 2.510525938252074679E-16, -7.249999999999996447 ) ) ;
#1582 = LINE ( 'NONE', #1979, #1703 ) ;
#1583 = VERTEX_POINT ( 'NONE', #3122 ) ;
#1584 = DIRECTION ( 'NONE',  ( 1.000000000000000000, 1.892425610156517122E-16, 0.000000000000000000 ) ) ;
#1585 = ORIENTED_EDGE ( 'NONE', *, *, #1821, .T. ) ;
#1586 = DIRECTION ( 'NONE',  ( -0.7071067811865469066, -1.338146981832761786E-16, 0.7071067811865482389 ) ) ;
#1587 = CARTESIAN_POINT ( 'NONE',  ( -2.023163806862197323, -0.3307945614655107280, 2.623882578255751330 ) ) ;
#1588 = CYLINDRICAL_SURFACE ( 'NONE', #3419, 2.000000000000000000 ) ;
#1589 = AXIS2_PLACEMENT_3D ( 'NONE', #1668, #419, #3677 ) ;
#1590 = ORIENTED_EDGE ( 'NONE', *, *, #2976, .T. ) ;
#1591 = EDGE_CURVE ( 'NONE', #4094, #4683, #3678, .T. ) ;
#1592 =( NAMED_UNIT ( * ) PLANE_ANGLE_UNIT ( ) SI_UNIT ( $, .RADIAN. ) );
#1593 = ORIENTED_EDGE ( 'NONE', *, *, #2808, .T. ) ;
#1594 = VECTOR ( 'NONE', #3885, 1000.000000000000000 ) ;
#1595 = CARTESIAN_POINT ( 'NONE',  ( 11.00000000000000000, 4.000000000000005329, 5.000000000000000000 ) ) ;
#1596 = AXIS2_PLACEMENT_3D ( 'NONE', #933, #1330, #2600 ) ;
#1597 = CARTESIAN_POINT ( 'NONE',  ( -11.17157287525380838, -4.999999999999997335, -4.500000000000007105 ) ) ;
#1598 = ORIENTED_EDGE ( 'NONE', *, *, #2206, .T. ) ;
#1599 = ORIENTED_EDGE ( 'NONE', *, *, #1505, .F. ) ;
#1600 = ADVANCED_FACE ( 'NONE', ( #4310 ), #4727, .F. ) ;
#1601 = EDGE_CURVE ( 'NONE', #1920, #664, #4102, .T. ) ;
#1602 = CIRCLE ( 'NONE', #4107, 2.049999999999999822 ) ;
#1603 = CYLINDRICAL_SURFACE ( 'NONE', #812, 2.000000000000000000 ) ;
#1604 = CARTESIAN_POINT ( 'NONE',  ( 0.4851763124314462661, 4.000000000000003553, -7.880085205024569106 ) ) ;
#1605 = DIRECTION ( 'NONE',  ( -0.000000000000000000, -0.000000000000000000, 1.000000000000000000 ) ) ;
#1606 = AXIS2_PLACEMENT_3D ( 'NONE', #4410, #4751, #1165 ) ;
#1607 = DIRECTION ( 'NONE',  ( 1.000000000000000000, 1.652117596168388495E-16, 0.000000000000000000 ) ) ;
#1608 = ORIENTED_EDGE ( 'NONE', *, *, #4128, .T. ) ;
#1609 = EDGE_CURVE ( 'NONE', #3547, #1225, #359, .T. ) ;
#1610 = CARTESIAN_POINT ( 'NONE',  ( 6.750000000000002665, -4.999999999999994671, 6.000000000000000000 ) ) ;
#1611 = LINE ( 'NONE', #824, #204 ) ;
#1612 = ORIENTED_EDGE ( 'NONE', *, *, #3037, .F. ) ;
#1613 = PLANE ( 'NONE',  #1017 ) ;
#1614 = ORIENTED_EDGE ( 'NONE', *, *, #167, .T. ) ;
#1615 = DIRECTION ( 'NONE',  ( 0.000000000000000000, 0.000000000000000000, -1.000000000000000000 ) ) ;
#1616 = CARTESIAN_POINT ( 'NONE',  ( -1.892665676816414733, -0.7880791151282766638, 2.603572113059116511 ) ) ;
#1617 = CYLINDRICAL_SURFACE ( 'NONE', #340, 1.000000000000000000 ) ;
#1618 = ORIENTED_EDGE ( 'NONE', *, *, #1121, .T. ) ;
#1619 = CIRCLE ( 'NONE', #2800, 5.000000000000000888 ) ;
#1620 = DIRECTION ( 'NONE',  ( -1.892425610156517122E-16, 1.000000000000000000, -0.000000000000000000 ) ) ;
#1621 = PRODUCT_RELATED_PRODUCT_CATEGORY ( 'part', '', ( #1189 ) ) ;
#1622 = DIRECTION ( 'NONE',  ( 0.000000000000000000, 0.000000000000000000, -1.000000000000000000 ) ) ;
#1623 = ORIENTED_EDGE ( 'NONE', *, *, #1637, .F. ) ;
#1624 = VECTOR ( 'NONE', #1605, 1000.000000000000000 ) ;
#1625 = EDGE_LOOP ( 'NONE', ( #4688, #1277, #3275, #4415 ) ) ;
#1626 = DIRECTION ( 'NONE',  ( -1.000000000000000000, 0.000000000000000000, 0.000000000000000000 ) ) ;
#1627 = DIRECTION ( 'NONE',  ( 1.000000000000000000, -0.000000000000000000, 0.000000000000000000 ) ) ;
#1628 = DIRECTION ( 'NONE',  ( 0.000000000000000000, 0.000000000000000000, -1.000000000000000000 ) ) ;
#1629 = ADVANCED_FACE ( 'NONE', ( #1168 ), #1839, .F. ) ;
#1630 = AXIS2_PLACEMENT_3D ( 'NONE', #3357, #981, #4177 ) ;
#1631 = CARTESIAN_POINT ( 'NONE',  ( -9.499999999999994671, -4.499999999999983125, 8.000000000000000000 ) ) ;
#1632 = ORIENTED_EDGE ( 'NONE', *, *, #3741, .T. ) ;
#1633 = VECTOR ( 'NONE', #5027, 1000.000000000000000 ) ;
#1634 = VECTOR ( 'NONE', #905, 1000.000000000000000 ) ;
#1635 = DIRECTION ( 'NONE',  ( 0.7071067811865467956, 1.338146981832761540E-16, 0.7071067811865483499 ) ) ;
#1636 = DIRECTION ( 'NONE',  ( 1.000000000000000000, 0.000000000000000000, 0.000000000000000000 ) ) ;
#1637 = EDGE_CURVE ( 'NONE', #1489, #1339, #3177, .T. ) ;
#1638 = ORIENTED_EDGE ( 'NONE', *, *, #4604, .F. ) ;
#1639 = EDGE_CURVE ( 'NONE', #4462, #3658, #5096, .T. ) ;
#1640 = FACE_OUTER_BOUND ( 'NONE', #2674, .T. ) ;
#1641 = ORIENTED_EDGE ( 'NONE', *, *, #1473, .F. ) ;
#1642 = CIRCLE ( 'NONE', #1562, 1.000000000000000888 ) ;
#1643 = FACE_OUTER_BOUND ( 'NONE', #789, .T. ) ;
#1644 = CARTESIAN_POINT ( 'NONE',  ( -1.915391184308103067, -0.7306229047873299409, 2.605866502443898725 ) ) ;
#1645 = DIRECTION ( 'NONE',  ( 1.892425610156517122E-16, -1.000000000000000000, 0.000000000000000000 ) ) ;
#1646 = AXIS2_PLACEMENT_3D ( 'NONE', #1678, #66, #1261 ) ;
#1647 = AXIS2_PLACEMENT_3D ( 'NONE', #4165, #5076, #2579 ) ;
#1648 = VERTEX_POINT ( 'NONE', #2758 ) ;
#1649 = DIRECTION ( 'NONE',  ( 0.000000000000000000, 0.000000000000000000, -1.000000000000000000 ) ) ;
#1650 = ORIENTED_EDGE ( 'NONE', *, *, #2808, .F. ) ;
#1651 = EDGE_LOOP ( 'NONE', ( #3917, #3896, #334, #2516, #4766, #4713 ) ) ;
#1652 = DIRECTION ( 'NONE',  ( 0.000000000000000000, 0.7071067811865474617, 0.7071067811865474617 ) ) ;
#1653 = FACE_OUTER_BOUND ( 'NONE', #2188, .T. ) ;
#1654 = LINE ( 'NONE', #2878, #4492 ) ;
#1655 = DIRECTION ( 'NONE',  ( 1.000000000000000000, 0.000000000000000000, 0.000000000000000000 ) ) ;
#1656 = CARTESIAN_POINT ( 'NONE',  ( -24.40000000000000213, 0.000000000000000000, 5.799999999999999822 ) ) ;
#1657 = ORIENTED_EDGE ( 'NONE', *, *, #3665, .F. ) ;
#1658 = ADVANCED_FACE ( 'NONE', ( #773 ), #873, .F. ) ;
#1659 = DIRECTION ( 'NONE',  ( -8.673617379884035472E-17, -1.641417566239121864E-32, -1.000000000000000000 ) ) ;
#1660 = DIRECTION ( 'NONE',  ( -0.000000000000000000, -0.000000000000000000, 1.000000000000000000 ) ) ;
#1661 = ORIENTED_EDGE ( 'NONE', *, *, #2817, .F. ) ;
#1662 = LINE ( 'NONE', #1688, #849 ) ;
#1663 = VERTEX_POINT ( 'NONE', #2811 ) ;
#1664 = EDGE_CURVE ( 'NONE', #882, #2917, #1538, .T. ) ;
#1665 = EDGE_CURVE ( 'NONE', #4392, #1198, #2042, .T. ) ;
#1666 = CARTESIAN_POINT ( 'NONE',  ( -2.249999999999997780, -1.200000000000012612, 2.099999999999999645 ) ) ;
#1667 = CARTESIAN_POINT ( 'NONE',  ( 28.86304900353958658, -12.42546165798074753, 4.900000000000000355 ) ) ;
#1668 = CARTESIAN_POINT ( 'NONE',  ( -27.50000000000000000, 0.000000000000000000, 10.00000000000000000 ) ) ;
#1669 = ORIENTED_EDGE ( 'NONE', *, *, #3134, .T. ) ;
#1670 = DIRECTION ( 'NONE',  ( 8.673617379884035472E-17, 1.641417566239121864E-32, -1.000000000000000000 ) ) ;
#1671 = VECTOR ( 'NONE', #2062, 1000.000000000000000 ) ;
#1672 = ORIENTED_EDGE ( 'NONE', *, *, #4100, .F. ) ;
#1673 = VERTEX_POINT ( 'NONE', #1686 ) ;
#1674 = AXIS2_PLACEMENT_3D ( 'NONE', #5066, #1918, #2316 ) ;
#1675 = FACE_OUTER_BOUND ( 'NONE', #375, .T. ) ;
#1676 = CARTESIAN_POINT ( 'NONE',  ( -27.50000000000000000, 0.000000000000000000, -10.00000000000000000 ) ) ;
#1677 = AXIS2_PLACEMENT_3D ( 'NONE', #598, #2223, #4999 ) ;
#1678 = CARTESIAN_POINT ( 'NONE',  ( 18.00000000000000355, 3.000000000000006661, -3.000000000000000000 ) ) ;
#1679 = DIRECTION ( 'NONE',  ( 1.892425610156517122E-16, -1.000000000000000000, 0.000000000000000000 ) ) ;
#1680 = SURFACE_STYLE_FILL_AREA ( #3268 ) ;
#1681 = VECTOR ( 'NONE', #337, 1000.000000000000114 ) ;
#1682 = ORIENTED_EDGE ( 'NONE', *, *, #3469, .F. ) ;
#1683 = DIRECTION ( 'NONE',  ( 0.000000000000000000, 0.000000000000000000, 1.000000000000000000 ) ) ;
#1684 = CARTESIAN_POINT ( 'NONE',  ( 6.750000000000000888, 4.000000000000004441, 6.000000000000000000 ) ) ;
#1685 = VECTOR ( 'NONE', #120, 1000.000000000000000 ) ;
#1686 = CARTESIAN_POINT ( 'NONE',  ( -2.249999999999998224, 1.200000000000011724, 2.099999999999999645 ) ) ;
#1687 = ORIENTED_EDGE ( 'NONE', *, *, #2240, .T. ) ;
#1688 = CARTESIAN_POINT ( 'NONE',  ( -15.00000000000000000, 1.171572875253819923, -4.000000000000000000 ) ) ;
#1689 = EDGE_CURVE ( 'NONE', #2422, #5162, #3594, .T. ) ;
#1690 = ORIENTED_EDGE ( 'NONE', *, *, #4445, .F. ) ;
#1691 = CARTESIAN_POINT ( 'NONE',  ( -1.991664505556906439, -0.4855989245558137157, 2.617341677837670133 ) ) ;
#1692 = CARTESIAN_POINT ( 'NONE',  ( 20.50000000000002132, -4.999999999999992006, 10.00000000000000000 ) ) ;
#1693 = EDGE_CURVE ( 'NONE', #490, #4301, #1611, .T. ) ;
#1694 = VERTEX_POINT ( 'NONE', #2486 ) ;
#1695 = DIRECTION ( 'NONE',  ( 0.000000000000000000, 0.000000000000000000, -1.000000000000000000 ) ) ;
#1696 = EDGE_CURVE ( 'NONE', #4301, #4664, #3621, .T. ) ;
#1697 = ORIENTED_EDGE ( 'NONE', *, *, #4024, .T. ) ;
#1698 = VERTEX_POINT ( 'NONE', #412 ) ;
#1699 = TOROIDAL_SURFACE ( 'NONE', #2368, 3.000000000000000000, 1.000000000000000000 ) ;
#1700 = DIRECTION ( 'NONE',  ( -1.000000000000000000, -1.652117596168388495E-16, 0.000000000000000000 ) ) ;
#1701 = FACE_OUTER_BOUND ( 'NONE', #4965, .T. ) ;
#1702 = LINE ( 'NONE', #1365, #1706 ) ;
#1703 = VECTOR ( 'NONE', #3569, 1000.000000000000000 ) ;
#1704 = CARTESIAN_POINT ( 'NONE',  ( -11.17157287525382259, 3.000000000000003997, 10.00000000000000000 ) ) ;
#1705 = ORIENTED_EDGE ( 'NONE', *, *, #1320, .T. ) ;
#1706 = VECTOR ( 'NONE', #3291, 1000.000000000000114 ) ;
#1707 = FACE_BOUND ( 'NONE', #4931, .T. ) ;
#1708 = CIRCLE ( 'NONE', #3208, 4.500000000000000888 ) ;
#1709 = CARTESIAN_POINT ( 'NONE',  ( 27.50000000000000000, 0.000000000000000000, 4.900000000000000355 ) ) ;
#1710 = CARTESIAN_POINT ( 'NONE',  ( -2.008128056234838255, 0.4123295083065995903, 2.620625043188313352 ) ) ;
#1711 = ORIENTED_EDGE ( 'NONE', *, *, #1945, .T. ) ;
#1712 = CARTESIAN_POINT ( 'NONE',  ( 32.50000000000000000, 4.500000000000011546, -7.750000000000000000 ) ) ;
#1713 = AXIS2_PLACEMENT_3D ( 'NONE', #716, #3987, #3910 ) ;
#1714 = VERTEX_POINT ( 'NONE', #801 ) ;
#1715 = VECTOR ( 'NONE', #4025, 1000.000000000000000 ) ;
#1716 = AXIS2_PLACEMENT_3D ( 'NONE', #883, #4530, #108 ) ;
#1717 = LINE ( 'NONE', #1789, #5139 ) ;
#1718 = CARTESIAN_POINT ( 'NONE',  ( 11.82287565553229491, 4.500000000000007105, -7.749999999999998224 ) ) ;
#1719 = VECTOR ( 'NONE', #3824, 1000.000000000000000 ) ;
#1720 = CARTESIAN_POINT ( 'NONE',  ( -14.41421356237309759, 2.585786437626909962, -4.000000000000000000 ) ) ;
#1721 = DIRECTION ( 'NONE',  ( 0.000000000000000000, 0.000000000000000000, 1.000000000000000000 ) ) ;
#1722 = EDGE_CURVE ( 'NONE', #4043, #1515, #4494, .T. ) ;
#1723 = ORIENTED_EDGE ( 'NONE', *, *, #601, .F. ) ;
#1724 = CARTESIAN_POINT ( 'NONE',  ( -27.50000000000000000, 5.000000000000000888, 9.500000000000000000 ) ) ;
#1725 = VECTOR ( 'NONE', #1206, 1000.000000000000000 ) ;
#1726 = ORIENTED_EDGE ( 'NONE', *, *, #188, .F. ) ;
#1727 = ORIENTED_EDGE ( 'NONE', *, *, #4123, .T. ) ;
#1728 = VECTOR ( 'NONE', #1210, 1000.000000000000000 ) ;
#1729 = ADVANCED_FACE ( 'NONE', ( #2391 ), #2701, .F. ) ;
#1730 = CARTESIAN_POINT ( 'NONE',  ( 2.750000000000002665, -4.999999999999994671, 2.600000000000013856 ) ) ;
#1731 = EDGE_CURVE ( 'NONE', #3867, #3771, #288, .T. ) ;
#1732 = CARTESIAN_POINT ( 'NONE',  ( -29.69999999999999929, 2.694222958124181444E-16, -4.000000000000000000 ) ) ;
#1733 = LINE ( 'NONE', #4949, #3371 ) ;
#1734 = CARTESIAN_POINT ( 'NONE',  ( -2.249999999999998224, 1.200000000000011724, 2.099999999999999645 ) ) ;
#1735 = EDGE_LOOP ( 'NONE', ( #4636, #1593 ) ) ;
#1736 = CARTESIAN_POINT ( 'NONE',  ( -27.50000000000000000, 0.000000000000000000, -5.799999999999999822 ) ) ;
#1737 = CARTESIAN_POINT ( 'NONE',  ( -4.249999999999998224, 3.000000000000002665, 6.000000000000000000 ) ) ;
#1738 = CARTESIAN_POINT ( 'NONE',  ( -1.832170080732104855, 0.9200183081592636647, 2.600205514519495331 ) ) ;
#1739 = ORIENTED_EDGE ( 'NONE', *, *, #774, .T. ) ;
#1740 = CARTESIAN_POINT ( 'NONE',  ( 11.45341433092484529, 4.825834261322614616, 7.424165738677389825 ) ) ;
#1741 = ORIENTED_EDGE ( 'NONE', *, *, #4584, .T. ) ;
#1742 = CARTESIAN_POINT ( 'NONE',  ( -2.249999999999998668, 3.000000000000003109, 2.099999999999999645 ) ) ;
#1743 = LINE ( 'NONE', #3331, #2500 ) ;
#1744 = DIRECTION ( 'NONE',  ( -0.000000000000000000, -0.000000000000000000, 1.000000000000000000 ) ) ;
#1745 = CARTESIAN_POINT ( 'NONE',  ( -27.50000000000000000, 0.000000000000000000, 10.00000000000000000 ) ) ;
#1746 = ORIENTED_EDGE ( 'NONE', *, *, #983, .T. ) ;
#1747 = PLANE ( 'NONE',  #3682 ) ;
#1748 = ORIENTED_EDGE ( 'NONE', *, *, #571, .F. ) ;
#1749 = EDGE_CURVE ( 'NONE', #3735, #2849, #1582, .T. ) ;
#1750 = ORIENTED_EDGE ( 'NONE', *, *, #457, .T. ) ;
#1751 = DIRECTION ( 'NONE',  ( 1.892425610156516875E-16, -1.000000000000000000, 0.000000000000000000 ) ) ;
#1752 = CARTESIAN_POINT ( 'NONE',  ( -14.99999999999999822, -1.171572875253810375, 4.000000000000000000 ) ) ;
#1753 = FACE_OUTER_BOUND ( 'NONE', #1853, .T. ) ;
#1754 = CARTESIAN_POINT ( 'NONE',  ( -2.249999999999997780, -1.200000000000012612, 2.099999999999999645 ) ) ;
#1755 = EDGE_CURVE ( 'NONE', #1496, #747, #46, .T. ) ;
#1756 = ORIENTED_EDGE ( 'NONE', *, *, #480, .F. ) ;
#1757 = AXIS2_PLACEMENT_3D ( 'NONE', #3277, #4421, #3205 ) ;
#1758 = CIRCLE ( 'NONE', #1596, 2.000000000000000000 ) ;
#1759 = DIRECTION ( 'NONE',  ( 1.000000000000000000, 0.000000000000000000, 0.000000000000000000 ) ) ;
#1760 = LINE ( 'NONE', #28, #5105 ) ;
#1761 = DIRECTION ( 'NONE',  ( -1.892425610156517122E-16, 1.000000000000000000, -0.000000000000000000 ) ) ;
#1762 = LINE ( 'NONE', #1712, #1268 ) ;
#1763 = ADVANCED_FACE ( 'NONE', ( #3225 ), #615, .F. ) ;
#1764 = ADVANCED_FACE ( 'NONE', ( #485 ), #461, .T. ) ;
#1765 = ORIENTED_EDGE ( 'NONE', *, *, #513, .F. ) ;
#1766 = CIRCLE ( 'NONE', #4942, 3.600000000000012967 ) ;
#1767 = CARTESIAN_POINT ( 'NONE',  ( 10.49999999999999822, 5.000000000000007994, -7.249999999999997335 ) ) ;
#1768 = DIRECTION ( 'NONE',  ( -1.892425610156517122E-16, 1.000000000000000000, 0.000000000000000000 ) ) ;
#1769 = VECTOR ( 'NONE', #2130, 1000.000000000000000 ) ;
#1770 = CARTESIAN_POINT ( 'NONE',  ( -1.848600501787766470, 0.8901138971988886706, 2.600010171831767192 ) ) ;
#1771 = CARTESIAN_POINT ( 'NONE',  ( 10.50000000000000533, -4.999999999999993783, 9.500000000000000000 ) ) ;
#1772 = ORIENTED_EDGE ( 'NONE', *, *, #4196, .F. ) ;
#1773 = FACE_OUTER_BOUND ( 'NONE', #3657, .T. ) ;
#1774 = ORIENTED_EDGE ( 'NONE', *, *, #480, .T. ) ;
#1775 = CARTESIAN_POINT ( 'NONE',  ( -1.074595307949324674, 3.862240854453390160, -7.999999999049777877 ) ) ;
#1776 = FACE_OUTER_BOUND ( 'NONE', #2765, .T. ) ;
#1777 = CARTESIAN_POINT ( 'NONE',  ( 28.86304900353958658, -12.42546165798074753, -4.900000000000000355 ) ) ;
#1778 = DIRECTION ( 'NONE',  ( -0.000000000000000000, -1.000000000000000000, -0.000000000000000000 ) ) ;
#1779 = EDGE_LOOP ( 'NONE', ( #5122, #487, #2799, #771, #1402, #688, #2335 ) ) ;
#1780 = CARTESIAN_POINT ( 'NONE',  ( 12.50000000000000000, 5.000000000000019540, -7.749999999999998224 ) ) ;
#1781 = FACE_OUTER_BOUND ( 'NONE', #2801, .T. ) ;
#1782 = EDGE_CURVE ( 'NONE', #2507, #4336, #4780, .T. ) ;
#1783 = DIRECTION ( 'NONE',  ( 0.7071067811865500152, 0.7071067811865450192, 0.000000000000000000 ) ) ;
#1784 = DIRECTION ( 'NONE',  ( -1.892425610156517122E-16, 1.000000000000000000, 0.000000000000000000 ) ) ;
#1785 = CARTESIAN_POINT ( 'NONE',  ( 22.23259738175770295, -9.717228014441795736, -2.649999999999999467 ) ) ;
#1786 = ORIENTED_EDGE ( 'NONE', *, *, #2299, .F. ) ;
#1787 = VECTOR ( 'NONE', #147, 1000.000000000000114 ) ;
#1788 = EDGE_CURVE ( 'NONE', #1583, #3439, #704, .T. ) ;
#1789 = CARTESIAN_POINT ( 'NONE',  ( -12.58578643762692195, 4.414213562373095812, -4.500000000000007105 ) ) ;
#1790 = EDGE_CURVE ( 'NONE', #1894, #2220, #1288, .T. ) ;
#1791 = DIRECTION ( 'NONE',  ( -1.000000000000000000, 0.000000000000000000, 0.000000000000000000 ) ) ;
#1792 = VECTOR ( 'NONE', #2637, 1000.000000000000114 ) ;
#1793 = ORIENTED_EDGE ( 'NONE', *, *, #153, .T. ) ;
#1794 = VECTOR ( 'NONE', #78, 1000.000000000000000 ) ;
#1795 = AXIS2_PLACEMENT_3D ( 'NONE', #123, #4124, #954 ) ;
#1796 = AXIS2_PLACEMENT_3D ( 'NONE', #3813, #2494, #3756 ) ;
#1797 = DIRECTION ( 'NONE',  ( 1.000000000000000000, 0.000000000000000000, 0.000000000000000000 ) ) ;
#1798 = DIRECTION ( 'NONE',  ( 1.000000000000000000, 0.000000000000000000, 0.000000000000000000 ) ) ;
#1799 = VERTEX_POINT ( 'NONE', #607 ) ;
#1800 = DIRECTION ( 'NONE',  ( 1.000000000000000000, 0.000000000000000000, -8.673617379884035472E-17 ) ) ;
#1801 = ORIENTED_EDGE ( 'NONE', *, *, #2076, .F. ) ;
#1802 = DIRECTION ( 'NONE',  ( 0.000000000000000000, 0.000000000000000000, 1.000000000000000000 ) ) ;
#1803 = CIRCLE ( 'NONE', #806, 1.000000000000000000 ) ;
#1804 = DIRECTION ( 'NONE',  ( -1.000000000000000000, 0.000000000000000000, 0.000000000000000000 ) ) ;
#1805 = CARTESIAN_POINT ( 'NONE',  ( 8.000000000000000000, 4.000000000000005329, -6.000000000000000000 ) ) ;
#1806 = CARTESIAN_POINT ( 'NONE',  ( 18.00000000000000355, -4.499999999999979572, -3.000000000000000000 ) ) ;
#1807 = AXIS2_PLACEMENT_3D ( 'NONE', #3348, #2125, #2100 ) ;
#1808 = ORIENTED_EDGE ( 'NONE', *, *, #3256, .T. ) ;
#1809 = CARTESIAN_POINT ( 'NONE',  ( -6.249999999999998224, 3.000000000000002220, 6.000000000000000000 ) ) ;
#1810 = CARTESIAN_POINT ( 'NONE',  ( 18.00000000000000355, 3.000000000000006217, 5.000000000000000000 ) ) ;
#1811 = VECTOR ( 'NONE', #4328, 1000.000000000000000 ) ;
#1812 = FACE_OUTER_BOUND ( 'NONE', #4539, .T. ) ;
#1813 = CARTESIAN_POINT ( 'NONE',  ( -2.001988576279220222, 0.4419137052806549892, 2.619348404884354942 ) ) ;
#1814 = LINE ( 'NONE', #2616, #3687 ) ;
#1815 = ORIENTED_EDGE ( 'NONE', *, *, #944, .T. ) ;
#1816 = EDGE_CURVE ( 'NONE', #1296, #4452, #4149, .T. ) ;
#1817 = CARTESIAN_POINT ( 'NONE',  ( 10.50000000000000178, -2.999999999999994671, -7.749999999999998224 ) ) ;
#1818 = DIRECTION ( 'NONE',  ( -0.000000000000000000, -0.000000000000000000, -1.000000000000000000 ) ) ;
#1819 = VERTEX_POINT ( 'NONE', #4596 ) ;
#1820 = ADVANCED_FACE ( 'NONE', ( #5006, #2967 ), #2103, .F. ) ;
#1821 = EDGE_CURVE ( 'NONE', #4211, #1714, #1423, .T. ) ;
#1822 = CARTESIAN_POINT ( 'NONE',  ( -6.249999999999998224, 4.000000000000002665, 6.000000000000000000 ) ) ;
#1823 = CARTESIAN_POINT ( 'NONE',  ( -27.50000000000000000, 0.000000000000000000, -4.000000000000000000 ) ) ;
#1824 = ORIENTED_EDGE ( 'NONE', *, *, #1348, .T. ) ;
#1825 = LINE ( 'NONE', #2952, #674 ) ;
#1826 = EDGE_CURVE ( 'NONE', #5103, #2350, #816, .T. ) ;
#1827 = ORIENTED_EDGE ( 'NONE', *, *, #2873, .T. ) ;
#1828 = DIRECTION ( 'NONE',  ( 0.000000000000000000, 1.000000000000000000, 0.000000000000000000 ) ) ;
#1829 = CARTESIAN_POINT ( 'NONE',  ( -8.499999999999996447, 4.000000000000001776, -6.000000000000000000 ) ) ;
#1830 = CARTESIAN_POINT ( 'NONE',  ( 6.750000000000000888, 3.000000000000004441, 6.000000000000000000 ) ) ;
#1831 = DIRECTION ( 'NONE',  ( 0.000000000000000000, 1.000000000000000000, 0.000000000000000000 ) ) ;
#1832 = EDGE_LOOP ( 'NONE', ( #4533, #3120, #3237, #4052 ) ) ;
#1833 = CARTESIAN_POINT ( 'NONE',  ( -27.50000000000000000, 0.000000000000000000, -9.500000000000014211 ) ) ;
#1834 = CARTESIAN_POINT ( 'NONE',  ( 25.41622186799687100, -11.81769303614650113, -4.900000000000000355 ) ) ;
#1835 = CARTESIAN_POINT ( 'NONE',  ( 12.50000000000000000, 3.000000000000008882, 9.500000000000000000 ) ) ;
#1836 = AXIS2_PLACEMENT_3D ( 'NONE', #2346, #3576, #3951 ) ;
#1837 = FACE_OUTER_BOUND ( 'NONE', #4619, .T. ) ;
#1838 = ORIENTED_EDGE ( 'NONE', *, *, #3155, .T. ) ;
#1839 = TOROIDAL_SURFACE ( 'NONE', #259, 1.000000000000000000, 1.000000000000000000 ) ;
#1840 = CARTESIAN_POINT ( 'NONE',  ( -27.50000000000000000, 0.000000000000000000, -4.000000000000000000 ) ) ;
#1841 = CIRCLE ( 'NONE', #4525, 1.000000000000000000 ) ;
#1842 = DIRECTION ( 'NONE',  ( -1.000000000000000000, 0.000000000000000000, 0.000000000000000000 ) ) ;
#1843 = EDGE_CURVE ( 'NONE', #1496, #1198, #2157, .T. ) ;
#1844 = ORIENTED_EDGE ( 'NONE', *, *, #562, .T. ) ;
#1845 = VERTEX_POINT ( 'NONE', #171 ) ;
#1846 = AXIS2_PLACEMENT_3D ( 'NONE', #2760, #1981, #2032 ) ;
#1847 = LINE ( 'NONE', #3918, #4221 ) ;
#1848 = CARTESIAN_POINT ( 'NONE',  ( -2.249999999999996891, -4.999999999999995559, 2.600000000000013411 ) ) ;
#1849 = ORIENTED_EDGE ( 'NONE', *, *, #36, .F. ) ;
#1850 = CARTESIAN_POINT ( 'NONE',  ( 32.50000000000000000, 5.000000000000023093, -7.750000000000000000 ) ) ;
#1851 = ADVANCED_FACE ( 'NONE', ( #4570 ), #4174, .F. ) ;
#1852 = AXIS2_PLACEMENT_3D ( 'NONE', #2968, #2159, #4572 ) ;
#1853 = EDGE_LOOP ( 'NONE', ( #3942, #2737, #4767, #1431 ) ) ;
#1854 = DIRECTION ( 'NONE',  ( -1.000000000000000000, -3.469446951953594467E-16, 0.000000000000000000 ) ) ;
#1855 = EDGE_LOOP ( 'NONE', ( #839, #2132, #3383, #1154 ) ) ;
#1856 = CYLINDRICAL_SURFACE ( 'NONE', #1677, 4.000000000000000888 ) ;
#1857 = ADVANCED_FACE ( 'NONE', ( #2331 ), #2122, .F. ) ;
#1858 = CARTESIAN_POINT ( 'NONE',  ( -27.50000000000000000, 0.000000000000000000, -9.500000000000014211 ) ) ;
#1859 = CYLINDRICAL_SURFACE ( 'NONE', #305, 5.000000000000000888 ) ;
#1860 = ORIENTED_EDGE ( 'NONE', *, *, #384, .T. ) ;
#1861 = DIRECTION ( 'NONE',  ( -1.000000000000000000, -1.892425610156517122E-16, 8.673617379884035472E-17 ) ) ;
#1862 = DIRECTION ( 'NONE',  ( -1.000000000000000000, 0.000000000000000000, 0.000000000000000000 ) ) ;
#1863 = CARTESIAN_POINT ( 'NONE',  ( 0.000000000000000000, 0.000000000000000000, 9.500000000000010658 ) ) ;
#1864 = CARTESIAN_POINT ( 'NONE',  ( 11.00000000000000178, -4.999999999999993783, -5.500000000000013323 ) ) ;
#1865 = VERTEX_POINT ( 'NONE', #1451 ) ;
#1866 = VECTOR ( 'NONE', #4031, 1000.000000000000114 ) ;
#1867 = DIRECTION ( 'NONE',  ( 0.000000000000000000, 0.000000000000000000, 1.000000000000000000 ) ) ;
#1868 = DIRECTION ( 'NONE',  ( 0.000000000000000000, 0.000000000000000000, -1.000000000000000000 ) ) ;
#1869 = ORIENTED_EDGE ( 'NONE', *, *, #44, .F. ) ;
#1870 = VECTOR ( 'NONE', #691, 1000.000000000000000 ) ;
#1871 = ORIENTED_EDGE ( 'NONE', *, *, #3167, .T. ) ;
#1872 = EDGE_CURVE ( 'NONE', #3724, #2088, #1478, .T. ) ;
#1873 = DIRECTION ( 'NONE',  ( -1.338146981832763019E-16, 0.7071067811865474617, 0.7071067811865475727 ) ) ;
#1874 = VERTEX_POINT ( 'NONE', #5033 ) ;
#1875 = DIRECTION ( 'NONE',  ( -1.000000000000000000, 0.000000000000000000, 0.000000000000000000 ) ) ;
#1876 = AXIS2_PLACEMENT_3D ( 'NONE', #3510, #3832, #1529 ) ;
#1877 = CIRCLE ( 'NONE', #53, 4.499999999999993783 ) ;
#1878 = ORIENTED_EDGE ( 'NONE', *, *, #573, .T. ) ;
#1879 = ADVANCED_FACE ( 'NONE', ( #275 ), #788, .F. ) ;
#1880 = CARTESIAN_POINT ( 'NONE',  ( 12.50000000000000178, -2.999999999999994671, -9.999999999999998224 ) ) ;
#1881 = ORIENTED_EDGE ( 'NONE', *, *, #2740, .T. ) ;
#1882 = DIRECTION ( 'NONE',  ( -1.892425610156517122E-16, 1.000000000000000000, 0.000000000000000000 ) ) ;
#1883 = CARTESIAN_POINT ( 'NONE',  ( -8.499999999999996447, 3.000000000000002220, 0.000000000000000000 ) ) ;
#1884 = FACE_OUTER_BOUND ( 'NONE', #3435, .T. ) ;
#1885 = ORIENTED_EDGE ( 'NONE', *, *, #895, .F. ) ;
#1886 = EDGE_CURVE ( 'NONE', #3494, #2472, #1958, .T. ) ;
#1887 = VECTOR ( 'NONE', #632, 1000.000000000000000 ) ;
#1888 = EDGE_CURVE ( 'NONE', #474, #2507, #3042, .T. ) ;
#1889 = CARTESIAN_POINT ( 'NONE',  ( 10.50000000000000533, -4.999999999999993783, -7.249999999999997335 ) ) ;
#1890 = FACE_OUTER_BOUND ( 'NONE', #4819, .T. ) ;
#1891 = LINE ( 'NONE', #3482, #868 ) ;
#1892 = AXIS2_PLACEMENT_3D ( 'NONE', #3425, #1497, #5059 ) ;
#1893 = DIRECTION ( 'NONE',  ( -1.000000000000000000, -1.652117596168388495E-16, 0.000000000000000000 ) ) ;
#1894 = VERTEX_POINT ( 'NONE', #4649 ) ;
#1895 = AXIS2_PLACEMENT_3D ( 'NONE', #4302, #3909, #5106 ) ;
#1896 = DIRECTION ( 'NONE',  ( 1.000000000000000000, 1.652117596168388495E-16, 0.000000000000000000 ) ) ;
#1897 = CARTESIAN_POINT ( 'NONE',  ( -6.249999999999998224, 3.000000000000002665, 6.000000000000000000 ) ) ;
#1898 = ORIENTED_EDGE ( 'NONE', *, *, #106, .T. ) ;
#1899 = ORIENTED_EDGE ( 'NONE', *, *, #4620, .T. ) ;
#1900 = DIRECTION ( 'NONE',  ( 0.7071067811865474617, 0.7071067811865474617, 0.000000000000000000 ) ) ;
#1901 = ORIENTED_EDGE ( 'NONE', *, *, #827, .F. ) ;
#1902 = CARTESIAN_POINT ( 'NONE',  ( -27.50000000000000000, 4.500000000000014211, -10.00000000000000000 ) ) ;
#1903 = ORIENTED_EDGE ( 'NONE', *, *, #4006, .F. ) ;
#1904 = ORIENTED_EDGE ( 'NONE', *, *, #2517, .F. ) ;
#1905 = LINE ( 'NONE', #1595, #2284 ) ;
#1906 = CARTESIAN_POINT ( 'NONE',  ( 24.95000000000000995, 3.122849337825738093E-16, 7.750000000000001776 ) ) ;
#1907 = ADVANCED_FACE ( 'NONE', ( #4253 ), #3094, .F. ) ;
#1908 = LINE ( 'NONE', #426, #4739 ) ;
#1909 = ORIENTED_EDGE ( 'NONE', *, *, #3860, .T. ) ;
#1910 = ORIENTED_EDGE ( 'NONE', *, *, #352, .F. ) ;
#1911 = DIRECTION ( 'NONE',  ( -0.000000000000000000, -0.000000000000000000, 1.000000000000000000 ) ) ;
#1912 = CARTESIAN_POINT ( 'NONE',  ( -27.50000000000000000, 0.000000000000000000, 4.000000000000000000 ) ) ;
#1913 = CARTESIAN_POINT ( 'NONE',  ( 9.000000000000000000, 3.000000000000005329, -6.000000000000000000 ) ) ;
#1914 = ADVANCED_FACE ( 'NONE', ( #3071 ), #5128, .F. ) ;
#1915 = CARTESIAN_POINT ( 'NONE',  ( 4.000000000000000888, 4.898587196589413815E-16, 2.099999999999999645 ) ) ;
#1916 = ORIENTED_EDGE ( 'NONE', *, *, #4100, .T. ) ;
#1917 = DIRECTION ( 'NONE',  ( -1.892425610156517122E-16, 1.000000000000000000, -0.000000000000000000 ) ) ;
#1918 = DIRECTION ( 'NONE',  ( 0.000000000000000000, 0.000000000000000000, -1.000000000000000000 ) ) ;
#1919 = EDGE_CURVE ( 'NONE', #2251, #2507, #2703, .T. ) ;
#1920 = VERTEX_POINT ( 'NONE', #5061 ) ;
#1921 = EDGE_CURVE ( 'NONE', #2577, #4301, #2959, .T. ) ;
#1922 = VERTEX_POINT ( 'NONE', #2694 ) ;
#1923 = AXIS2_PLACEMENT_3D ( 'NONE', #4500, #4468, #4815 ) ;
#1924 = CIRCLE ( 'NONE', #4185, 2.000000000000000000 ) ;
#1925 = FACE_OUTER_BOUND ( 'NONE', #1502, .T. ) ;
#1926 = LINE ( 'NONE', #3082, #1008 ) ;
#1927 = CARTESIAN_POINT ( 'NONE',  ( 10.50000000000000533, -4.500000000000007105, -10.00000000000000000 ) ) ;
#1928 = DIRECTION ( 'NONE',  ( 0.000000000000000000, -0.000000000000000000, 1.000000000000000000 ) ) ;
#1929 = AXIS2_PLACEMENT_3D ( 'NONE', #2590, #1370, #1862 ) ;
#1930 = ORIENTED_EDGE ( 'NONE', *, *, #610, .F. ) ;
#1931 = EDGE_LOOP ( 'NONE', ( #4464, #335, #762, #4236 ) ) ;
#1932 = AXIS2_PLACEMENT_3D ( 'NONE', #3829, #608, #222 ) ;
#1933 = CARTESIAN_POINT ( 'NONE',  ( 22.23259738175770295, -9.717228014441795736, 4.900000000000000355 ) ) ;
#1934 = CARTESIAN_POINT ( 'NONE',  ( -12.12498720617871584, -4.825834261322580865, -4.325834261322589747 ) ) ;
#1935 = ORIENTED_EDGE ( 'NONE', *, *, #3194, .F. ) ;
#1936 = AXIS2_PLACEMENT_3D ( 'NONE', #354, #2727, #41 ) ;
#1937 = ORIENTED_EDGE ( 'NONE', *, *, #3105, .F. ) ;
#1938 = EDGE_CURVE ( 'NONE', #1272, #490, #1891, .T. ) ;
#1939 = CARTESIAN_POINT ( 'NONE',  ( 27.50000000000000000, 0.000000000000000000, -7.250000000000000888 ) ) ;
#1940 = CARTESIAN_POINT ( 'NONE',  ( 1.323529062674456247, 3.782800900682352641, -8.000000002201481664 ) ) ;
#1941 = CARTESIAN_POINT ( 'NONE',  ( 0.9647168666769658785, 4.000000000000004441, -7.782170121210558733 ) ) ;
#1942 = DIRECTION ( 'NONE',  ( -1.000000000000000000, 0.000000000000000000, 0.000000000000000000 ) ) ;
#1943 = DIRECTION ( 'NONE',  ( -1.892425610156517122E-16, 1.000000000000000000, 0.000000000000000000 ) ) ;
#1944 = EDGE_LOOP ( 'NONE', ( #4561, #3408, #3059, #2289 ) ) ;
#1945 = EDGE_CURVE ( 'NONE', #2305, #3610, #2232, .T. ) ;
#1946 = CARTESIAN_POINT ( 'NONE',  ( -6.249999999999998224, 3.000000000000002665, 7.000000000000000000 ) ) ;
#1947 = CARTESIAN_POINT ( 'NONE',  ( -4.249999999999998224, 4.000000000000002665, 8.000000000000000000 ) ) ;
#1948 = EDGE_LOOP ( 'NONE', ( #3160, #4747, #2406, #1508 ) ) ;
#1949 = FACE_OUTER_BOUND ( 'NONE', #4220, .T. ) ;
#1950 = ORIENTED_EDGE ( 'NONE', *, *, #160, .T. ) ;
#1951 = AXIS2_PLACEMENT_3D ( 'NONE', #3581, #403, #734 ) ;
#1952 = ADVANCED_FACE ( 'NONE', ( #4305 ), #3828, .T. ) ;
#1953 = ADVANCED_FACE ( 'NONE', ( #245 ), #4802, .F. ) ;
#1954 = CARTESIAN_POINT ( 'NONE',  ( 7.999999999999998224, 4.000000000000005329, -7.000000000000000000 ) ) ;
#1955 = DIRECTION ( 'NONE',  ( -0.000000000000000000, -0.000000000000000000, 1.000000000000000000 ) ) ;
#1956 = ORIENTED_EDGE ( 'NONE', *, *, #1078, .T. ) ;
#1957 = CARTESIAN_POINT ( 'NONE',  ( -11.17157287525382259, 3.000000000000003997, 4.000000000000000000 ) ) ;
#1958 = CIRCLE ( 'NONE', #3787, 2.000000000000000000 ) ;
#1959 = EDGE_LOOP ( 'NONE', ( #3856, #2405, #21, #3794 ) ) ;
#1960 = AXIS2_PLACEMENT_3D ( 'NONE', #2584, #575, #2151 ) ;
#1961 = DIRECTION ( 'NONE',  ( 0.000000000000000000, 0.000000000000000000, 1.000000000000000000 ) ) ;
#1962 = AXIS2_PLACEMENT_3D ( 'NONE', #4848, #4413, #4753 ) ;
#1963 = ORIENTED_EDGE ( 'NONE', *, *, #4651, .T. ) ;
#1964 = CARTESIAN_POINT ( 'NONE',  ( 18.00000000000000355, 3.000000000000006661, 5.000000000000000000 ) ) ;
#1965 = CIRCLE ( 'NONE', #623, 2.200000000000000622 ) ;
#1966 = DIRECTION ( 'NONE',  ( 0.000000000000000000, 0.000000000000000000, -1.000000000000000000 ) ) ;
#1967 = VERTEX_POINT ( 'NONE', #1835 ) ;
#1968 = AXIS2_PLACEMENT_3D ( 'NONE', #1817, #3808, #3304 ) ;
#1969 = ORIENTED_EDGE ( 'NONE', *, *, #4445, .T. ) ;
#1970 = AXIS2_PLACEMENT_3D ( 'NONE', #2582, #162, #4189 ) ;
#1971 = LINE ( 'NONE', #38, #1811 ) ;
#1972 = DIRECTION ( 'NONE',  ( -1.000000000000000000, 0.000000000000000000, 0.000000000000000000 ) ) ;
#1973 = DIRECTION ( 'NONE',  ( -0.000000000000000000, -0.000000000000000000, 1.000000000000000000 ) ) ;
#1974 = CARTESIAN_POINT ( 'NONE',  ( -27.50000000000000000, 5.000000000000000888, 7.249999999999994671 ) ) ;
#1975 = VECTOR ( 'NONE', #916, 1000.000000000000000 ) ;
#1976 = EDGE_LOOP ( 'NONE', ( #4893, #238, #4535, #2294 ) ) ;
#1977 = AXIS2_PLACEMENT_3D ( 'NONE', #1833, #1911, #4251 ) ;
#1978 = LINE ( 'NONE', #3592, #3286 ) ;
#1979 = CARTESIAN_POINT ( 'NONE',  ( -15.00000000000000000, 5.000000000000014211, 4.000000000000000000 ) ) ;
#1980 = EDGE_LOOP ( 'NONE', ( #341, #4411, #874, #281, #1903 ) ) ;
#1981 = DIRECTION ( 'NONE',  ( 1.338146981832763019E-16, -0.7071067811865475727, 0.7071067811865475727 ) ) ;
#1982 = EDGE_CURVE ( 'NONE', #2812, #5170, #2448, .T. ) ;
#1983 = VERTEX_POINT ( 'NONE', #1552 ) ;
#1984 = B_SPLINE_SURFACE_WITH_KNOTS ( 'NONE', 1, 3, ( 
 ( #154, #4602, #3410, #4527, #4580, #617, #2215, #1356, #4963, #3308, #1013, #4159, #3332, #2949, #539, #4501, #4913, #1385, #4181, #907, #2599, #1329, #2977, #565, #2920, #2522, #1770, #3359 ),
 ( #985, #2572, #590, #2190, #2290, #311, #3107, #1534, #3517, #4708, #5070, #255, #2266, #2242, #3081, #1434, #3026, #2628, #4339, #3891, #2704, #1091, #650, #4684, #3128, #2677, #1510, #3054 ) ),
 .UNSPECIFIED., .F., .F., .F.,
 ( 2, 2 ),
 ( 4, 2, 2, 2, 2, 2, 2, 2, 2, 2, 2, 2, 2, 4 ),
 ( 0.000000000000000000, 1.000000000000000000 ),
 ( 0.000000000000000000, 0.0003118015259753909594, 0.0006236030519507819187, 0.0007795038149384773442, 0.0009354045779261728781, 0.001091305340913868412, 0.001247206103901563837, 0.001403106866889259263, 0.001559007629876954688, 0.001636958011370802510, 0.001714908392864650331, 0.001870809155852345756, 0.002182610681827736824, 0.002494412207803127675 ),
 .UNSPECIFIED. ) ;
#1985 = CIRCLE ( 'NONE', #3819, 1.000000000000000888 ) ;
#1986 = DIRECTION ( 'NONE',  ( 1.000000000000000000, 0.000000000000000000, 0.000000000000000000 ) ) ;
#1987 = DIRECTION ( 'NONE',  ( -0.000000000000000000, -0.000000000000000000, -1.000000000000000000 ) ) ;
#1988 = DIRECTION ( 'NONE',  ( 0.000000000000000000, 0.000000000000000000, 1.000000000000000000 ) ) ;
#1989 = AXIS2_PLACEMENT_3D ( 'NONE', #7, #4345, #3523 ) ;
#1990 = EDGE_CURVE ( 'NONE', #4511, #1486, #4226, .T. ) ;
#1991 = EDGE_CURVE ( 'NONE', #1694, #2544, #3565, .T. ) ;
#1992 = ORIENTED_EDGE ( 'NONE', *, *, #2873, .F. ) ;
#1993 = VERTEX_POINT ( 'NONE', #4012 ) ;
#1994 = CARTESIAN_POINT ( 'NONE',  ( 12.50000000000000178, -2.999999999999994671, -7.749999999999998224 ) ) ;
#1995 = EDGE_CURVE ( 'NONE', #2411, #2306, #3218, .T. ) ;
#1996 = CARTESIAN_POINT ( 'NONE',  ( -11.17157287525382259, 5.000000000000004441, -4.500000000000007105 ) ) ;
#1997 = VERTEX_POINT ( 'NONE', #4844 ) ;
#1998 = VERTEX_POINT ( 'NONE', #432 ) ;
#1999 = CARTESIAN_POINT ( 'NONE',  ( 11.00000000000000000, 3.000000000000005329, -5.000000000000000000 ) ) ;
#2000 = CARTESIAN_POINT ( 'NONE',  ( 0.2409053476263889049, 3.999999999992763122, -7.940391665668612653 ) ) ;
#2001 = CARTESIAN_POINT ( 'NONE',  ( 2.750000000000002665, -4.999999999999994671, 2.600000000000013856 ) ) ;
#2002 = CYLINDRICAL_SURFACE ( 'NONE', #2189, 2.000000000000000000 ) ;
#2003 = ORIENTED_EDGE ( 'NONE', *, *, #4611, .T. ) ;
#2004 = DIRECTION ( 'NONE',  ( -0.000000000000000000, -0.000000000000000000, 1.000000000000000000 ) ) ;
#2005 = EDGE_LOOP ( 'NONE', ( #3313, #506, #1849, #183 ) ) ;
#2006 = CARTESIAN_POINT ( 'NONE',  ( 21.96939473245415186, -11.20992441431226005, 2.650000000000000355 ) ) ;
#2007 = ORIENTED_EDGE ( 'NONE', *, *, #4451, .T. ) ;
#2008 = DIRECTION ( 'NONE',  ( -1.000000000000000000, 0.000000000000000000, 0.000000000000000000 ) ) ;
#2009 = EDGE_CURVE ( 'NONE', #2961, #223, #1376, .T. ) ;
#2010 = CARTESIAN_POINT ( 'NONE',  ( -1.924569347174016176, -0.7061796742044926800, 2.606916919460484650 ) ) ;
#2011 = FACE_OUTER_BOUND ( 'NONE', #3861, .T. ) ;
#2012 =( BOUNDED_CURVE ( )  B_SPLINE_CURVE ( 3, ( #3048, #4754, #1113, #5114 ),
 .UNSPECIFIED., .F., .F. ) 
 B_SPLINE_CURVE_WITH_KNOTS ( ( 4, 4 ),
 ( 2.418858405776326936, 3.141592653589793116 ),
 .UNSPECIFIED. ) 
 CURVE ( )  GEOMETRIC_REPRESENTATION_ITEM ( )  RATIONAL_B_SPLINE_CURVE ( ( 1.000000000000000000, 0.9569428977956508930, 0.9569428977956508930, 1.000000000000000000 ) ) 
 REPRESENTATION_ITEM ( '' )  );
#2013 = EDGE_CURVE ( 'NONE', #2654, #1453, #294, .T. ) ;
#2014 = ORIENTED_EDGE ( 'NONE', *, *, #562, .F. ) ;
#2015 = AXIS2_PLACEMENT_3D ( 'NONE', #2919, #250, #3780 ) ;
#2016 = FACE_OUTER_BOUND ( 'NONE', #2702, .T. ) ;
#2017 = AXIS2_PLACEMENT_3D ( 'NONE', #4130, #3814, #1798 ) ;
#2018 = CARTESIAN_POINT ( 'NONE',  ( -12.58578643762689886, -4.414213562373095812, -4.000000000000000000 ) ) ;
#2019 = ORIENTED_EDGE ( 'NONE', *, *, #1749, .F. ) ;
#2020 = ORIENTED_EDGE ( 'NONE', *, *, #283, .F. ) ;
#2021 = AXIS2_PLACEMENT_3D ( 'NONE', #2280, #2564, #1000 ) ;
#2022 = EDGE_CURVE ( 'NONE', #1358, #624, #3267, .T. ) ;
#2023 = CARTESIAN_POINT ( 'NONE',  ( -3.749999999999985789, -4.999999999999996447, 10.00000000000000000 ) ) ;
#2024 = CARTESIAN_POINT ( 'NONE',  ( 0.8317450024766661620, 4.000000000000003553, -7.535112822705593238 ) ) ;
#2025 = DIRECTION ( 'NONE',  ( -0.000000000000000000, -0.000000000000000000, -1.000000000000000000 ) ) ;
#2026 = AXIS2_PLACEMENT_3D ( 'NONE', #529, #2862, #4932 ) ;
#2027 = DIRECTION ( 'NONE',  ( -0.000000000000000000, -0.000000000000000000, -1.000000000000000000 ) ) ;
#2028 = ORIENTED_EDGE ( 'NONE', *, *, #1159, .F. ) ;
#2029 = DIRECTION ( 'NONE',  ( -1.000000000000000000, 0.000000000000000000, 0.000000000000000000 ) ) ;
#2030 = CARTESIAN_POINT ( 'NONE',  ( -27.50000000000000000, 0.000000000000000000, -10.00000000000000000 ) ) ;
#2031 = ORIENTED_EDGE ( 'NONE', *, *, #3099, .T. ) ;
#2032 = DIRECTION ( 'NONE',  ( -1.000000000000000000, -1.892425610156517122E-16, 0.000000000000000000 ) ) ;
#2033 = ORIENTED_EDGE ( 'NONE', *, *, #2681, .F. ) ;
#2034 = CARTESIAN_POINT ( 'NONE',  ( 18.00000000000000355, 4.000000000000007105, -3.000000000000000000 ) ) ;
#2035 = DIRECTION ( 'NONE',  ( 1.000000000000000000, 0.000000000000000000, 0.000000000000000000 ) ) ;
#2036 = CARTESIAN_POINT ( 'NONE',  ( 30.32677911926509040, -4.124235663839652233, -4.900000000000001243 ) ) ;
#2037 = EDGE_CURVE ( 'NONE', #5149, #577, #464, .T. ) ;
#2038 = ORIENTED_EDGE ( 'NONE', *, *, #2150, .T. ) ;
#2039 = CARTESIAN_POINT ( 'NONE',  ( 27.50000000000000000, 0.000000000000000000, -7.749999999999999112 ) ) ;
#2040 = ORIENTED_EDGE ( 'NONE', *, *, #2517, .T. ) ;
#2041 = ADVANCED_FACE ( 'NONE', ( #2855 ), #2432, .T. ) ;
#2042 = CIRCLE ( 'NONE', #2792, 2.000000000000000000 ) ;
#2043 = ORIENTED_EDGE ( 'NONE', *, *, #665, .F. ) ;
#2044 = CARTESIAN_POINT ( 'NONE',  ( -27.50000000000000000, 0.000000000000000000, -10.00000000000000000 ) ) ;
#2045 = CARTESIAN_POINT ( 'NONE',  ( -9.499999999999994671, -4.499999999999983125, -8.000000000000000000 ) ) ;
#2046 = AXIS2_PLACEMENT_3D ( 'NONE', #2560, #4168, #4693 ) ;
#2047 = CARTESIAN_POINT ( 'NONE',  ( 0.4120900759836763072, 4.000000000000003553, -7.762080790861557666 ) ) ;
#2048 = VECTOR ( 'NONE', #2756, 1000.000000000000000 ) ;
#2049 = CARTESIAN_POINT ( 'NONE',  ( 25.41622186799687100, -11.81769303614650113, 4.900000000000000355 ) ) ;
#2050 = EDGE_CURVE ( 'NONE', #3658, #1069, #4994, .T. ) ;
#2051 = EDGE_CURVE ( 'NONE', #3771, #2394, #4381, .T. ) ;
#2052 = VERTEX_POINT ( 'NONE', #4061 ) ;
#2053 = VECTOR ( 'NONE', #1148, 1000.000000000000000 ) ;
#2054 = PLANE ( 'NONE',  #1962 ) ;
#2055 = DIRECTION ( 'NONE',  ( 0.000000000000000000, 0.000000000000000000, 1.000000000000000000 ) ) ;
#2056 = ORIENTED_EDGE ( 'NONE', *, *, #65, .F. ) ;
#2057 = CARTESIAN_POINT ( 'NONE',  ( 8.000000000000000000, 3.000000000000004885, -8.000000000000000000 ) ) ;
#2058 = VERTEX_POINT ( 'NONE', #479 ) ;
#2059 = AXIS2_PLACEMENT_3D ( 'NONE', #3590, #19, #1217 ) ;
#2060 = DIRECTION ( 'NONE',  ( -1.000000000000000000, 0.000000000000000000, 0.000000000000000000 ) ) ;
#2061 = CARTESIAN_POINT ( 'NONE',  ( -1.998334971583545450, -0.4575819082776300672, 2.618631449257827537 ) ) ;
#2062 = DIRECTION ( 'NONE',  ( 0.000000000000000000, -0.7071067811865487940, 0.7071067811865463515 ) ) ;
#2063 = VECTOR ( 'NONE', #1476, 1000.000000000000000 ) ;
#2064 = CIRCLE ( 'NONE', #401, 2.000000000000000000 ) ;
#2065 = ORIENTED_EDGE ( 'NONE', *, *, #1442, .T. ) ;
#2066 = DIRECTION ( 'NONE',  ( -0.000000000000000000, -0.000000000000000000, 1.000000000000000000 ) ) ;
#2067 = ORIENTED_EDGE ( 'NONE', *, *, #4343, .T. ) ;
#2068 = VERTEX_POINT ( 'NONE', #2752 ) ;
#2069 = CARTESIAN_POINT ( 'NONE',  ( 12.50000000000000000, 5.000000000000019540, -9.999999999999998224 ) ) ;
#2070 = DIRECTION ( 'NONE',  ( 0.000000000000000000, 0.000000000000000000, -1.000000000000000000 ) ) ;
#2071 = ADVANCED_FACE ( 'NONE', ( #793 ), #4558, .F. ) ;
#2072 = CARTESIAN_POINT ( 'NONE',  ( -7.499999999999994671, -4.999999999999997335, 6.000000000000000000 ) ) ;
#2073 = FACE_OUTER_BOUND ( 'NONE', #3153, .T. ) ;
#2074 = ORIENTED_EDGE ( 'NONE', *, *, #862, .F. ) ;
#2075 = DIRECTION ( 'NONE',  ( -0.1736481776669276667, -0.9848077530122085754, 0.000000000000000000 ) ) ;
#2076 = EDGE_CURVE ( 'NONE', #2954, #4434, #3959, .T. ) ;
#2077 = LINE ( 'NONE', #1167, #4219 ) ;
#2078 = DIRECTION ( 'NONE',  ( 1.000000000000000000, 0.000000000000000000, 0.000000000000000000 ) ) ;
#2079 = ORIENTED_EDGE ( 'NONE', *, *, #153, .F. ) ;
#2080 = ORIENTED_EDGE ( 'NONE', *, *, #4388, .F. ) ;
#2081 = EDGE_CURVE ( 'NONE', #1922, #1010, #1291, .T. ) ;
#2082 = CARTESIAN_POINT ( 'NONE',  ( -1.808823529411760056, -0.9647058823529490734, 2.600000000000003197 ) ) ;
#2083 = EDGE_CURVE ( 'NONE', #1489, #3115, #3988, .T. ) ;
#2084 = LINE ( 'NONE', #2135, #12 ) ;
#2085 = ORIENTED_EDGE ( 'NONE', *, *, #2617, .T. ) ;
#2086 = DIRECTION ( 'NONE',  ( -1.000000000000000000, -3.469446951953596932E-16, 0.000000000000000000 ) ) ;
#2087 = AXIS2_PLACEMENT_3D ( 'NONE', #1490, #4687, #700 ) ;
#2088 = VERTEX_POINT ( 'NONE', #2001 ) ;
#2089 = EDGE_LOOP ( 'NONE', ( #205, #2003, #2785, #373, #1580, #3412, #2374, #2951, #1426, #2909, #1793, #2160, #5115, #1808, #992, #441, #4307, #1053, #253, #2199, #938, #3050, #4186, #1536, #4033, #3560, #620, #4144, #5035, #697, #1844, #4806, #236, #3444, #439, #1871, #2114, #2575 ) ) ;
#2090 = AXIS2_PLACEMENT_3D ( 'NONE', #1064, #2261, #3102 ) ;
#2091 = DIRECTION ( 'NONE',  ( -1.000000000000000000, 0.000000000000000000, 0.000000000000000000 ) ) ;
#2092 = DIRECTION ( 'NONE',  ( -1.000000000000000000, 0.000000000000000000, 0.000000000000000000 ) ) ;
#2093 = AXIS2_PLACEMENT_3D ( 'NONE', #1068, #4340, #2320 ) ;
#2094 = DIRECTION ( 'NONE',  ( 0.000000000000000000, -0.7071067811865482389, -0.7071067811865469066 ) ) ;
#2095 = CARTESIAN_POINT ( 'NONE',  ( -25.30000000000000071, 0.000000000000000000, -4.000000000000000000 ) ) ;
#2096 = VECTOR ( 'NONE', #4133, 1000.000000000000000 ) ;
#2097 = LINE ( 'NONE', #3293, #2975 ) ;
#2098 = CIRCLE ( 'NONE', #1929, 4.500000000000000888 ) ;
#2099 = ORIENTED_EDGE ( 'NONE', *, *, #3159, .F. ) ;
#2100 = DIRECTION ( 'NONE',  ( -1.000000000000000000, -2.891205793294678326E-16, 0.000000000000000000 ) ) ;
#2101 = CARTESIAN_POINT ( 'NONE',  ( 25.41622186799687100, -11.81769303614650113, 4.900000000000000355 ) ) ;
#2102 = TOROIDAL_SURFACE ( 'NONE', #3263, 1.000000000000000000, 1.000000000000000000 ) ;
#2103 = PLANE ( 'NONE',  #3535 ) ;
#2104 = ORIENTED_EDGE ( 'NONE', *, *, #4791, .T. ) ;
#2105 = CARTESIAN_POINT ( 'NONE',  ( 10.49999999999999822, 5.000000000000007994, 7.249999999999997335 ) ) ;
#2106 = EDGE_LOOP ( 'NONE', ( #173, #4453 ) ) ;
#2107 = ADVANCED_FACE ( 'NONE', ( #4797 ), #2409, .F. ) ;
#2108 = CARTESIAN_POINT ( 'NONE',  ( 10.99261509947659654, 5.000000000000008882, -7.249999999999995559 ) ) ;
#2109 = DIRECTION ( 'NONE',  ( -0.000000000000000000, -0.000000000000000000, -1.000000000000000000 ) ) ;
#2110 = ADVANCED_FACE ( 'NONE', ( #2804 ), #1542, .F. ) ;
#2111 = EDGE_CURVE ( 'NONE', #2890, #2812, #3207, .T. ) ;
#2112 = CARTESIAN_POINT ( 'NONE',  ( 27.50000000000000355, 0.000000000000000000, -4.900000000000000355 ) ) ;
#2113 = DIRECTION ( 'NONE',  ( 0.000000000000000000, 0.000000000000000000, -1.000000000000000000 ) ) ;
#2114 = ORIENTED_EDGE ( 'NONE', *, *, #77, .T. ) ;
#2115 = DIRECTION ( 'NONE',  ( -1.000000000000000000, 0.000000000000000000, 0.000000000000000000 ) ) ;
#2116 = ORIENTED_EDGE ( 'NONE', *, *, #1338, .T. ) ;
#2117 = ORIENTED_EDGE ( 'NONE', *, *, #2333, .F. ) ;
#2118 = VECTOR ( 'NONE', #707, 1000.000000000000000 ) ;
#2119 = DIRECTION ( 'NONE',  ( 1.652117596168388495E-16, -1.000000000000000000, -0.000000000000000000 ) ) ;
#2120 = LINE ( 'NONE', #4898, #3804 ) ;
#2121 = CARTESIAN_POINT ( 'NONE',  ( 27.50000000000000000, -5.000000000000000888, -7.250000000000000888 ) ) ;
#2122 = TOROIDAL_SURFACE ( 'NONE', #5048, 1.000000000000000000, 1.000000000000000000 ) ;
#2123 = EDGE_LOOP ( 'NONE', ( #696, #4074, #3299, #1319 ) ) ;
#2124 = AXIS2_PLACEMENT_3D ( 'NONE', #1805, #142, #2880 ) ;
#2125 = DIRECTION ( 'NONE',  ( -1.652117596168388495E-16, 1.000000000000000000, 0.000000000000000000 ) ) ;
#2126 = AXIS2_PLACEMENT_3D ( 'NONE', #22, #1635, #3965 ) ;
#2127 = DIRECTION ( 'NONE',  ( -1.000000000000000000, -1.892425610156517122E-16, 0.000000000000000000 ) ) ;
#2128 = CARTESIAN_POINT ( 'NONE',  ( -1.911738690190891932, 0.7401175360506628831, 2.605471501996744710 ) ) ;
#2129 = ORIENTED_EDGE ( 'NONE', *, *, #2388, .T. ) ;
#2130 = DIRECTION ( 'NONE',  ( -0.000000000000000000, -0.000000000000000000, 1.000000000000000000 ) ) ;
#2131 = CIRCLE ( 'NONE', #2623, 1.000000000000000000 ) ;
#2132 = ORIENTED_EDGE ( 'NONE', *, *, #1176, .F. ) ;
#2133 = AXIS2_PLACEMENT_3D ( 'NONE', #448, #3633, #3707 ) ;
#2134 = CARTESIAN_POINT ( 'NONE',  ( 0.000000000000000000, 0.000000000000000000, -10.00000000000000000 ) ) ;
#2135 = CARTESIAN_POINT ( 'NONE',  ( 6.750000000000000888, 4.000000000000004441, 7.000000000000000000 ) ) ;
#2136 = ADVANCED_FACE ( 'NONE', ( #996 ), #498, .F. ) ;
#2137 = AXIS2_PLACEMENT_3D ( 'NONE', #4975, #4617, #3089 ) ;
#2138 = DIRECTION ( 'NONE',  ( 0.000000000000000000, 0.000000000000000000, -1.000000000000000000 ) ) ;
#2139 = DIRECTION ( 'NONE',  ( 1.000000000000000000, 0.000000000000000000, 0.000000000000000000 ) ) ;
#2140 = EDGE_LOOP ( 'NONE', ( #4841, #3913, #4940, #3356 ) ) ;
#2141 = CARTESIAN_POINT ( 'NONE',  ( 10.50000000000000178, -2.999999999999994671, 10.00000000000000000 ) ) ;
#2142 = ADVANCED_FACE ( 'NONE', ( #3767 ), #4537, .F. ) ;
#2143 = AXIS2_PLACEMENT_3D ( 'NONE', #346, #1546, #2774 ) ;
#2144 = EDGE_CURVE ( 'NONE', #3508, #82, #522, .T. ) ;
#2145 = VERTEX_POINT ( 'NONE', #2121 ) ;
#2146 = ORIENTED_EDGE ( 'NONE', *, *, #4343, .F. ) ;
#2147 = CONICAL_SURFACE ( 'NONE', #3731, 3.600000000000005862, 0.7853981633974461696 ) ;
#2148 = FACE_OUTER_BOUND ( 'NONE', #3269, .T. ) ;
#2149 = FACE_OUTER_BOUND ( 'NONE', #2298, .T. ) ;
#2150 = EDGE_CURVE ( 'NONE', #4312, #1496, #4508, .T. ) ;
#2151 = DIRECTION ( 'NONE',  ( 0.000000000000000000, 0.000000000000000000, -1.000000000000000000 ) ) ;
#2152 = DIRECTION ( 'NONE',  ( -0.000000000000000000, -0.000000000000000000, 1.000000000000000000 ) ) ;
#2153 = ORIENTED_EDGE ( 'NONE', *, *, #4777, .F. ) ;
#2154 = LINE ( 'NONE', #4490, #3728 ) ;
#2155 = FACE_OUTER_BOUND ( 'NONE', #1855, .T. ) ;
#2156 = CARTESIAN_POINT ( 'NONE',  ( 10.00000000000000000, 4.000000000000005329, 6.000000000000000000 ) ) ;
#2157 = LINE ( 'NONE', #194, #3453 ) ;
#2158 = ORIENTED_EDGE ( 'NONE', *, *, #2013, .T. ) ;
#2159 = DIRECTION ( 'NONE',  ( 0.000000000000000000, 1.000000000000000000, 0.000000000000000000 ) ) ;
#2160 = ORIENTED_EDGE ( 'NONE', *, *, #2841, .T. ) ;
#2161 = CARTESIAN_POINT ( 'NONE',  ( 8.000000000000001776, -4.499999999999979572, -8.000000000000000000 ) ) ;
#2162 = CARTESIAN_POINT ( 'NONE',  ( 10.49999999999999822, 3.000000000000008438, 10.00000000000000000 ) ) ;
#2163 = EDGE_CURVE ( 'NONE', #4734, #3771, #1317, .T. ) ;
#2164 = DIRECTION ( 'NONE',  ( -1.000000000000000000, 0.000000000000000000, 0.000000000000000000 ) ) ;
#2165 = DIRECTION ( 'NONE',  ( -0.000000000000000000, -1.000000000000000000, -0.000000000000000000 ) ) ;
#2166 = ORIENTED_EDGE ( 'NONE', *, *, #3806, .F. ) ;
#2167 = CARTESIAN_POINT ( 'NONE',  ( -12.58578643762690241, -4.414213562373093147, 4.500000000000007105 ) ) ;
#2168 = ORIENTED_EDGE ( 'NONE', *, *, #2669, .F. ) ;
#2169 = ADVANCED_FACE ( 'NONE', ( #2531 ), #1337, .F. ) ;
#2170 = CYLINDRICAL_SURFACE ( 'NONE', #1647, 2.000000000000000000 ) ;
#2171 = DIRECTION ( 'NONE',  ( -1.000000000000000000, -2.168404344971008868E-16, 0.000000000000000000 ) ) ;
#2172 = CARTESIAN_POINT ( 'NONE',  ( 11.00000000000000000, 3.000000000000005329, 4.000000000000000000 ) ) ;
#2173 = CARTESIAN_POINT ( 'NONE',  ( -24.40000000000000213, 0.000000000000000000, 9.499999999999989342 ) ) ;
#2174 = ORIENTED_EDGE ( 'NONE', *, *, #2009, .F. ) ;
#2175 = ADVANCED_FACE ( 'NONE', ( #1753 ), #550, .F. ) ;
#2176 = EDGE_CURVE ( 'NONE', #2052, #4255, #2905, .T. ) ;
#2177 = CIRCLE ( 'NONE', #759, 2.149999999999999023 ) ;
#2178 = DIRECTION ( 'NONE',  ( 0.000000000000000000, 0.000000000000000000, -1.000000000000000000 ) ) ;
#2179 = CYLINDRICAL_SURFACE ( 'NONE', #2348, 5.000000000000000888 ) ;
#2180 = CARTESIAN_POINT ( 'NONE',  ( -6.249999999999996447, -4.999999999999996447, 8.500000000000014211 ) ) ;
#2181 = DIRECTION ( 'NONE',  ( 0.000000000000000000, 0.000000000000000000, 1.000000000000000000 ) ) ;
#2182 = AXIS2_PLACEMENT_3D ( 'NONE', #2441, #4023, #1986 ) ;
#2183 = CARTESIAN_POINT ( 'NONE',  ( 11.82287565553229491, 4.500000000000007105, 7.749999999999998224 ) ) ;
#2184 = ORIENTED_EDGE ( 'NONE', *, *, #4707, .T. ) ;
#2185 = AXIS2_PLACEMENT_3D ( 'NONE', #3572, #1584, #2339 ) ;
#2186 = CARTESIAN_POINT ( 'NONE',  ( 10.00000000000000178, -4.499999999999979572, 5.000000000000000000 ) ) ;
#2187 = CARTESIAN_POINT ( 'NONE',  ( -27.50000000000000000, 0.000000000000000000, -5.799999999999999822 ) ) ;
#2188 = EDGE_LOOP ( 'NONE', ( #4404, #3983, #4384, #2861, #1723, #2028 ) ) ;
#2189 = AXIS2_PLACEMENT_3D ( 'NONE', #1579, #1943, #1242 ) ;
#2190 = CARTESIAN_POINT ( 'NONE',  ( -2.473146625149239330, -0.8183343062101201548, 2.111858966669662774 ) ) ;
#2191 = CARTESIAN_POINT ( 'NONE',  ( -3.749999999999984457, -4.999999999999996447, 6.000000000000000000 ) ) ;
#2192 = ORIENTED_EDGE ( 'NONE', *, *, #864, .T. ) ;
#2193 = FACE_BOUND ( 'NONE', #1178, .T. ) ;
#2194 = ORIENTED_EDGE ( 'NONE', *, *, #3188, .F. ) ;
#2195 = CARTESIAN_POINT ( 'NONE',  ( -2.328426556282913840, 4.000000000000111022, -7.804638666667846003 ) ) ;
#2196 = LINE ( 'NONE', #3341, #3551 ) ;
#2197 = LINE ( 'NONE', #187, #535 ) ;
#2198 = EDGE_CURVE ( 'NONE', #2685, #1087, #2197, .T. ) ;
#2199 = ORIENTED_EDGE ( 'NONE', *, *, #4798, .T. ) ;
#2200 = DIRECTION ( 'NONE',  ( 1.000000000000000000, 1.652117596168388495E-16, -0.000000000000000000 ) ) ;
#2201 = DIRECTION ( 'NONE',  ( -1.000000000000000000, -1.652117596168388495E-16, 0.000000000000000000 ) ) ;
#2202 = VECTOR ( 'NONE', #4042, 1000.000000000000000 ) ;
#2203 = LINE ( 'NONE', #3272, #1045 ) ;
#2204 = CARTESIAN_POINT ( 'NONE',  ( -1.905056632945440587, 0.7571596995099958427, 2.604782434503579047 ) ) ;
#2205 = EDGE_CURVE ( 'NONE', #2305, #3053, #2986, .T. ) ;
#2206 = EDGE_CURVE ( 'NONE', #4519, #474, #1733, .T. ) ;
#2207 = CARTESIAN_POINT ( 'NONE',  ( -12.99999999999999822, -1.171572875253809709, 4.000000000000000000 ) ) ;
#2208 = ORIENTED_EDGE ( 'NONE', *, *, #1609, .F. ) ;
#2209 = AXIS2_PLACEMENT_3D ( 'NONE', #4408, #2025, #454 ) ;
#2210 = LINE ( 'NONE', #4099, #3798 ) ;
#2211 = CARTESIAN_POINT ( 'NONE',  ( -8.499999999999996447, 4.000000000000001776, -6.000000000000000000 ) ) ;
#2212 = ORIENTED_EDGE ( 'NONE', *, *, #3972, .F. ) ;
#2213 = VECTOR ( 'NONE', #1987, 1000.000000000000000 ) ;
#2214 = AXIS2_PLACEMENT_3D ( 'NONE', #3689, #2431, #4059 ) ;
#2215 = CARTESIAN_POINT ( 'NONE',  ( -2.008007085796303937, -0.4149568359303617560, 2.620572043901136627 ) ) ;
#2216 = DIRECTION ( 'NONE',  ( 1.000000000000000000, 0.000000000000000000, 0.000000000000000000 ) ) ;
#2217 = ORIENTED_EDGE ( 'NONE', *, *, #1503, .T. ) ;
#2218 = CARTESIAN_POINT ( 'NONE',  ( 32.50000000000000000, 5.000000000000023093, 7.750000000000000000 ) ) ;
#2219 = VECTOR ( 'NONE', #3691, 1000.000000000000000 ) ;
#2220 = VERTEX_POINT ( 'NONE', #4484 ) ;
#2221 = CARTESIAN_POINT ( 'NONE',  ( 2.750000000000002665, -4.499999999999980460, 4.099999999999999645 ) ) ;
#2222 = CIRCLE ( 'NONE', #5152, 2.000000000000000000 ) ;
#2223 = DIRECTION ( 'NONE',  ( -0.000000000000000000, -0.000000000000000000, -1.000000000000000000 ) ) ;
#2224 = CARTESIAN_POINT ( 'NONE',  ( 25.41622186799687100, -11.81769303614650113, 2.650000000000000355 ) ) ;
#2225 = CARTESIAN_POINT ( 'NONE',  ( 10.50000000000000178, -2.999999999999994671, -10.00000000000000000 ) ) ;
#2226 = VECTOR ( 'NONE', #4869, 1000.000000000000114 ) ;
#2227 = VERTEX_POINT ( 'NONE', #2095 ) ;
#2228 = EDGE_CURVE ( 'NONE', #2482, #2447, #4724, .T. ) ;
#2229 = CARTESIAN_POINT ( 'NONE',  ( 8.515915245704291672E-16, -4.499999999999981348, 2.099999999999999645 ) ) ;
#2230 = DIRECTION ( 'NONE',  ( 0.000000000000000000, -0.7071067811865463515, -0.7071067811865487940 ) ) ;
#2231 = CIRCLE ( 'NONE', #5161, 2.500000000000014211 ) ;
#2232 = LINE ( 'NONE', #1500, #1458 ) ;
#2233 = CYLINDRICAL_SURFACE ( 'NONE', #1191, 2.149999999999999023 ) ;
#2234 = ORIENTED_EDGE ( 'NONE', *, *, #2901, .F. ) ;
#2235 = EDGE_CURVE ( 'NONE', #158, #1568, #3318, .T. ) ;
#2236 = DIRECTION ( 'NONE',  ( 1.000000000000000000, 0.000000000000000000, 0.000000000000000000 ) ) ;
#2237 = FACE_OUTER_BOUND ( 'NONE', #4516, .T. ) ;
#2238 = VERTEX_POINT ( 'NONE', #2480 ) ;
#2239 = ORIENTED_EDGE ( 'NONE', *, *, #857, .T. ) ;
#2240 = EDGE_CURVE ( 'NONE', #1363, #3115, #710, .T. ) ;
#2241 = EDGE_CURVE ( 'NONE', #4889, #5, #1702, .T. ) ;
#2242 = CARTESIAN_POINT ( 'NONE',  ( -2.649981018882579864, 0.05250900286137104300, 2.140404336226112925 ) ) ;
#2243 = CYLINDRICAL_SURFACE ( 'NONE', #2342, 2.049999999999999822 ) ;
#2244 = ORIENTED_EDGE ( 'NONE', *, *, #3307, .F. ) ;
#2245 = FACE_OUTER_BOUND ( 'NONE', #4021, .T. ) ;
#2246 = ORIENTED_EDGE ( 'NONE', *, *, #4358, .T. ) ;
#2247 = CYLINDRICAL_SURFACE ( 'NONE', #1567, 4.000000000000000888 ) ;
#2248 = DIRECTION ( 'NONE',  ( 0.000000000000000000, 0.000000000000000000, -1.000000000000000000 ) ) ;
#2249 = DIRECTION ( 'NONE',  ( -0.000000000000000000, -0.000000000000000000, -1.000000000000000000 ) ) ;
#2250 = FACE_OUTER_BOUND ( 'NONE', #313, .T. ) ;
#2251 = VERTEX_POINT ( 'NONE', #4564 ) ;
#2252 = LINE ( 'NONE', #5003, #972 ) ;
#2253 = CARTESIAN_POINT ( 'NONE',  ( -27.50000000000000000, 0.000000000000000000, -10.00000000000000000 ) ) ;
#2254 = DIRECTION ( 'NONE',  ( -1.000000000000000000, -1.892425610156517122E-16, 0.000000000000000000 ) ) ;
#2255 = VECTOR ( 'NONE', #1645, 1000.000000000000000 ) ;
#2256 = FACE_OUTER_BOUND ( 'NONE', #2089, .T. ) ;
#2257 = ORIENTED_EDGE ( 'NONE', *, *, #4736, .T. ) ;
#2258 = AXIS2_PLACEMENT_3D ( 'NONE', #2187, #930, #1791 ) ;
#2259 = CARTESIAN_POINT ( 'NONE',  ( -6.608470384673556940E-16, 4.000000000000001776, -8.000000000000000000 ) ) ;
#2260 = CIRCLE ( 'NONE', #20, 2.000000000000000000 ) ;
#2261 = DIRECTION ( 'NONE',  ( 1.000000000000000000, 0.000000000000000000, 0.000000000000000000 ) ) ;
#2262 = VERTEX_POINT ( 'NONE', #4899 ) ;
#2263 = EDGE_CURVE ( 'NONE', #882, #150, #1126, .T. ) ;
#2264 = ORIENTED_EDGE ( 'NONE', *, *, #2198, .T. ) ;
#2265 = TOROIDAL_SURFACE ( 'NONE', #3512, 3.000000000000000000, 1.000000000000000000 ) ;
#2266 = CARTESIAN_POINT ( 'NONE',  ( -2.650018727964998266, -0.05111737931624951020, 2.140412023646288908 ) ) ;
#2267 = CARTESIAN_POINT ( 'NONE',  ( -27.50000000000000000, 0.000000000000000000, -9.499999999999991118 ) ) ;
#2268 = ORIENTED_EDGE ( 'NONE', *, *, #2076, .T. ) ;
#2269 = LINE ( 'NONE', #4291, #500 ) ;
#2270 = EDGE_CURVE ( 'NONE', #3805, #887, #2453, .T. ) ;
#2271 = EDGE_CURVE ( 'NONE', #399, #4734, #4616, .T. ) ;
#2272 = EDGE_LOOP ( 'NONE', ( #1598, #272, #304, #3969, #3334 ) ) ;
#2273 = CARTESIAN_POINT ( 'NONE',  ( -0.2754588163380540800, 4.000000000000001776, -7.999999999999793943 ) ) ;
#2274 = ORIENTED_EDGE ( 'NONE', *, *, #1280, .T. ) ;
#2275 = FACE_OUTER_BOUND ( 'NONE', #4203, .T. ) ;
#2276 = LINE ( 'NONE', #1471, #126 ) ;
#2277 = CYLINDRICAL_SURFACE ( 'NONE', #4737, 1.000000000000000000 ) ;
#2278 = ORIENTED_EDGE ( 'NONE', *, *, #2947, .F. ) ;
#2279 = CARTESIAN_POINT ( 'NONE',  ( 10.50000000000001599, -4.999999999999993783, 6.000000000000000000 ) ) ;
#2280 = CARTESIAN_POINT ( 'NONE',  ( -7.499999999999994671, -4.999999999999997335, -6.000000000000000000 ) ) ;
#2281 = DIRECTION ( 'NONE',  ( 0.000000000000000000, 0.000000000000000000, 1.000000000000000000 ) ) ;
#2282 = DIRECTION ( 'NONE',  ( 0.1736481776669276389, 0.9848077530122085754, 0.000000000000000000 ) ) ;
#2283 = ORIENTED_EDGE ( 'NONE', *, *, #5111, .T. ) ;
#2284 = VECTOR ( 'NONE', #2716, 1000.000000000000000 ) ;
#2285 = DIRECTION ( 'NONE',  ( 1.000000000000000000, 1.892425610156517122E-16, 0.000000000000000000 ) ) ;
#2286 = DIRECTION ( 'NONE',  ( 1.000000000000000000, 0.000000000000000000, 0.000000000000000000 ) ) ;
#2287 = ORIENTED_EDGE ( 'NONE', *, *, #3646, .T. ) ;
#2288 = AXIS2_PLACEMENT_3D ( 'NONE', #1913, #3531, #1525 ) ;
#2289 = ORIENTED_EDGE ( 'NONE', *, *, #446, .T. ) ;
#2290 = CARTESIAN_POINT ( 'NONE',  ( -2.514913194624335269, -0.7192122372330328473, 2.117328859555541509 ) ) ;
#2291 = LINE ( 'NONE', #5119, #3428 ) ;
#2292 = EDGE_CURVE ( 'NONE', #3338, #887, #3088, .T. ) ;
#2293 = VECTOR ( 'NONE', #3717, 1000.000000000000000 ) ;
#2294 = ORIENTED_EDGE ( 'NONE', *, *, #1945, .F. ) ;
#2295 = LINE ( 'NONE', #339, #429 ) ;
#2296 = CIRCLE ( 'NONE', #3800, 4.499999999999993783 ) ;
#2297 = AXIS2_PLACEMENT_3D ( 'NONE', #4697, #2356, #1577 ) ;
#2298 = EDGE_LOOP ( 'NONE', ( #2264, #4919, #3422, #4115 ) ) ;
#2299 = EDGE_CURVE ( 'NONE', #2834, #1874, #876, .T. ) ;
#2300 = CARTESIAN_POINT ( 'NONE',  ( -0.8317450024767987227, 4.000000000000003553, -7.535112822705797520 ) ) ;
#2301 = ORIENTED_EDGE ( 'NONE', *, *, #3485, .F. ) ;
#2302 = LINE ( 'NONE', #786, #2955 ) ;
#2303 = CARTESIAN_POINT ( 'NONE',  ( -27.50000000000000000, 0.000000000000000000, -4.500000000000007105 ) ) ;
#2304 = CARTESIAN_POINT ( 'NONE',  ( 11.82287565553230024, -4.499999999999992006, -7.749999999999998224 ) ) ;
#2305 = VERTEX_POINT ( 'NONE', #5051 ) ;
#2306 = VERTEX_POINT ( 'NONE', #1417 ) ;
#2307 = CIRCLE ( 'NONE', #1554, 3.600000000000012967 ) ;
#2308 = EDGE_CURVE ( 'NONE', #583, #4417, #4215, .T. ) ;
#2309 = DIRECTION ( 'NONE',  ( 1.000000000000000000, 0.000000000000000000, 0.000000000000000000 ) ) ;
#2310 = CYLINDRICAL_SURFACE ( 'NONE', #714, 2.000000000000000000 ) ;
#2311 = CARTESIAN_POINT ( 'NONE',  ( -11.17157287525380838, -2.999999999999997780, 10.00000000000000000 ) ) ;
#2312 = AXIS2_PLACEMENT_3D ( 'NONE', #1292, #4903, #4927 ) ;
#2313 = DIRECTION ( 'NONE',  ( -0.000000000000000000, -0.000000000000000000, 1.000000000000000000 ) ) ;
#2314 = ORIENTED_EDGE ( 'NONE', *, *, #1571, .T. ) ;
#2315 = FACE_OUTER_BOUND ( 'NONE', #3920, .T. ) ;
#2316 = DIRECTION ( 'NONE',  ( -1.000000000000000000, 0.000000000000000000, 0.000000000000000000 ) ) ;
#2317 = ORIENTED_EDGE ( 'NONE', *, *, #5111, .F. ) ;
#2318 = ORIENTED_EDGE ( 'NONE', *, *, #1448, .T. ) ;
#2319 = CARTESIAN_POINT ( 'NONE',  ( 11.00000000000000000, 4.000000000000005329, 4.000000000000000000 ) ) ;
#2320 = DIRECTION ( 'NONE',  ( 1.000000000000000000, 0.000000000000000000, 0.000000000000000000 ) ) ;
#2321 = ORIENTED_EDGE ( 'NONE', *, *, #134, .T. ) ;
#2322 = CARTESIAN_POINT ( 'NONE',  ( -7.499999999999994671, -4.999999999999997335, -8.000000000000000000 ) ) ;
#2323 = ORIENTED_EDGE ( 'NONE', *, *, #701, .T. ) ;
#2324 = ORIENTED_EDGE ( 'NONE', *, *, #739, .T. ) ;
#2325 = LINE ( 'NONE', #4764, #4551 ) ;
#2326 = LINE ( 'NONE', #3609, #3899 ) ;
#2327 = EDGE_CURVE ( 'NONE', #2482, #2610, #3540, .T. ) ;
#2328 = VERTEX_POINT ( 'NONE', #2660 ) ;
#2329 = CARTESIAN_POINT ( 'NONE',  ( 10.00000000000000000, 4.000000000000005329, 5.000000000000000000 ) ) ;
#2330 = CARTESIAN_POINT ( 'NONE',  ( 0.2754588163379056431, 4.000000000000001776, -7.999999999999793943 ) ) ;
#2331 = FACE_OUTER_BOUND ( 'NONE', #3279, .T. ) ;
#2332 = DIRECTION ( 'NONE',  ( -0.000000000000000000, -0.000000000000000000, 1.000000000000000000 ) ) ;
#2333 = EDGE_CURVE ( 'NONE', #3075, #904, #2619, .T. ) ;
#2334 = EDGE_CURVE ( 'NONE', #1493, #4043, #2276, .T. ) ;
#2335 = ORIENTED_EDGE ( 'NONE', *, *, #289, .T. ) ;
#2336 = DIRECTION ( 'NONE',  ( 1.652117596168388495E-16, -1.000000000000000000, -0.000000000000000000 ) ) ;
#2337 = AXIS2_PLACEMENT_3D ( 'NONE', #753, #314, #3976 ) ;
#2338 = ORIENTED_EDGE ( 'NONE', *, *, #2864, .T. ) ;
#2339 = DIRECTION ( 'NONE',  ( -1.892425610156517122E-16, 1.000000000000000000, 0.000000000000000000 ) ) ;
#2340 = EDGE_LOOP ( 'NONE', ( #1705, #2715, #3379, #1898 ) ) ;
#2341 = CIRCLE ( 'NONE', #1674, 2.149999999999999023 ) ;
#2342 = AXIS2_PLACEMENT_3D ( 'NONE', #673, #3055, #2344 ) ;
#2343 = DIRECTION ( 'NONE',  ( 1.000000000000000000, 0.000000000000000000, 0.000000000000000000 ) ) ;
#2344 = DIRECTION ( 'NONE',  ( 1.000000000000000000, 0.000000000000000000, 0.000000000000000000 ) ) ;
#2345 = ORIENTED_EDGE ( 'NONE', *, *, #1025, .F. ) ;
#2346 = CARTESIAN_POINT ( 'NONE',  ( -15.00000000000000000, 5.000000000000014211, -4.000000000000000000 ) ) ;
#2347 = AXIS2_PLACEMENT_3D ( 'NONE', #4890, #1308, #2899 ) ;
#2348 = AXIS2_PLACEMENT_3D ( 'NONE', #1421, #5060, #299 ) ;
#2349 = ORIENTED_EDGE ( 'NONE', *, *, #1503, .F. ) ;
#2350 = VERTEX_POINT ( 'NONE', #5101 ) ;
#2351 = CIRCLE ( 'NONE', #4368, 5.000000000000000888 ) ;
#2352 = DIRECTION ( 'NONE',  ( -0.000000000000000000, -0.000000000000000000, 1.000000000000000000 ) ) ;
#2353 = PLANE ( 'NONE',  #2892 ) ;
#2354 = EDGE_LOOP ( 'NONE', ( #61, #3480, #99, #2208 ) ) ;
#2355 = CARTESIAN_POINT ( 'NONE',  ( 18.00000000000000355, -4.499999999999977796, -5.000000000000000000 ) ) ;
#2356 = DIRECTION ( 'NONE',  ( 0.000000000000000000, 0.000000000000000000, -1.000000000000000000 ) ) ;
#2357 = EDGE_CURVE ( 'NONE', #2305, #1375, #378, .T. ) ;
#2358 = CARTESIAN_POINT ( 'NONE',  ( 1.481209643874109805, 4.000000000000002665, -7.238337681547644564 ) ) ;
#2359 = LINE ( 'NONE', #3532, #2856 ) ;
#2360 = EDGE_LOOP ( 'NONE', ( #1395, #2526, #308, #390, #2887 ) ) ;
#2361 = ADVANCED_FACE ( 'NONE', ( #1102 ), #1022, .F. ) ;
#2362 = FACE_OUTER_BOUND ( 'NONE', #4376, .T. ) ;
#2363 = EDGE_CURVE ( 'NONE', #3547, #3508, #4640, .T. ) ;
#2364 = DIRECTION ( 'NONE',  ( -1.000000000000000000, -1.652117596168388495E-16, 0.000000000000000000 ) ) ;
#2365 = ORIENTED_EDGE ( 'NONE', *, *, #134, .F. ) ;
#2366 = DIRECTION ( 'NONE',  ( 0.000000000000000000, 0.000000000000000000, -1.000000000000000000 ) ) ;
#2367 = ORIENTED_EDGE ( 'NONE', *, *, #776, .F. ) ;
#2368 = AXIS2_PLACEMENT_3D ( 'NONE', #3924, #1125, #1101 ) ;
#2369 = CARTESIAN_POINT ( 'NONE',  ( -9.499999999999994671, -4.999999999999997335, 6.000000000000000000 ) ) ;
#2370 = ADVANCED_FACE ( 'NONE', ( #3902 ), #4669, .F. ) ;
#2371 = CARTESIAN_POINT ( 'NONE',  ( -1.916468996258556823, -0.7277824309377584067, 2.605987098332775531 ) ) ;
#2372 = CYLINDRICAL_SURFACE ( 'NONE', #2337, 2.200000000000000622 ) ;
#2373 = AXIS2_PLACEMENT_3D ( 'NONE', #3994, #4804, #1636 ) ;
#2374 = ORIENTED_EDGE ( 'NONE', *, *, #365, .F. ) ;
#2375 = AXIS2_PLACEMENT_3D ( 'NONE', #2412, #872, #460 ) ;
#2376 = VERTEX_POINT ( 'NONE', #240 ) ;
#2377 = DIRECTION ( 'NONE',  ( 0.000000000000000000, -0.000000000000000000, 1.000000000000000000 ) ) ;
#2378 = AXIS2_PLACEMENT_3D ( 'NONE', #1133, #4330, #1972 ) ;
#2379 = CARTESIAN_POINT ( 'NONE',  ( -8.499999999999996447, 3.000000000000002220, 6.000000000000000000 ) ) ;
#2380 = ORIENTED_EDGE ( 'NONE', *, *, #2263, .F. ) ;
#2381 = AXIS2_PLACEMENT_3D ( 'NONE', #2473, #3683, #2823 ) ;
#2382 = ORIENTED_EDGE ( 'NONE', *, *, #1213, .T. ) ;
#2383 = DIRECTION ( 'NONE',  ( 1.892425610156517122E-16, -1.000000000000000000, -0.000000000000000000 ) ) ;
#2384 = CARTESIAN_POINT ( 'NONE',  ( -8.499999999999996447, 4.000000000000001776, 6.000000000000000000 ) ) ;
#2385 = DIRECTION ( 'NONE',  ( -1.000000000000000000, 0.000000000000000000, 0.000000000000000000 ) ) ;
#2386 = FACE_OUTER_BOUND ( 'NONE', #3647, .T. ) ;
#2387 = ORIENTED_EDGE ( 'NONE', *, *, #3809, .T. ) ;
#2388 = EDGE_CURVE ( 'NONE', #3887, #4301, #4809, .T. ) ;
#2389 = AXIS2_PLACEMENT_3D ( 'NONE', #4694, #4716, #4348 ) ;
#2390 = DIRECTION ( 'NONE',  ( 0.000000000000000000, 0.000000000000000000, 1.000000000000000000 ) ) ;
#2391 = FACE_OUTER_BOUND ( 'NONE', #4700, .T. ) ;
#2392 = ORIENTED_EDGE ( 'NONE', *, *, #3415, .F. ) ;
#2393 = LINE ( 'NONE', #415, #4193 ) ;
#2394 = VERTEX_POINT ( 'NONE', #5000 ) ;
#2395 = EDGE_CURVE ( 'NONE', #1865, #208, #2607, .T. ) ;
#2396 = AXIS2_PLACEMENT_3D ( 'NONE', #2329, #4822, #1160 ) ;
#2397 = CARTESIAN_POINT ( 'NONE',  ( -1.808823529411760056, -0.9647058823529490734, 2.600000000000003197 ) ) ;
#2398 = CARTESIAN_POINT ( 'NONE',  ( -2.006633414342940736, -0.4203694646137950963, 2.620296282666507270 ) ) ;
#2399 = FACE_OUTER_BOUND ( 'NONE', #850, .T. ) ;
#2400 = EDGE_CURVE ( 'NONE', #4820, #5129, #1445, .T. ) ;
#2401 = EDGE_CURVE ( 'NONE', #1998, #1169, #2877, .T. ) ;
#2402 = ORIENTED_EDGE ( 'NONE', *, *, #2971, .F. ) ;
#2403 = CARTESIAN_POINT ( 'NONE',  ( -43.11716621585583198, -3.287400779199487477, -2.649999999999999911 ) ) ;
#2404 = CARTESIAN_POINT ( 'NONE',  ( -1.808823529411760278, 0.9647058823529487404, 2.600000000000003197 ) ) ;
#2405 = ORIENTED_EDGE ( 'NONE', *, *, #3167, .F. ) ;
#2406 = ORIENTED_EDGE ( 'NONE', *, *, #1320, .F. ) ;
#2407 = DIRECTION ( 'NONE',  ( 0.000000000000000000, 0.000000000000000000, -1.000000000000000000 ) ) ;
#2408 = CARTESIAN_POINT ( 'NONE',  ( 9.000000000000000000, 4.000000000000005329, 6.000000000000000000 ) ) ;
#2409 = CYLINDRICAL_SURFACE ( 'NONE', #3882, 2.049999999999999822 ) ;
#2410 = CARTESIAN_POINT ( 'NONE',  ( 25.41622186799687100, -11.81769303614650113, -4.900000000000000355 ) ) ;
#2411 = VERTEX_POINT ( 'NONE', #4992 ) ;
#2412 = CARTESIAN_POINT ( 'NONE',  ( -7.119124914398328792E-16, 3.000000000000003553, -7.000000000000000000 ) ) ;
#2413 = PRODUCT_DEFINITION ( '�', '', #4244, #5063 ) ;
#2414 = EDGE_LOOP ( 'NONE', ( #32, #2166, #3541, #1765, #2458, #2870, #5093, #822 ) ) ;
#2415 = PLANE ( 'NONE',  #2185 ) ;
#2416 = ORIENTED_EDGE ( 'NONE', *, *, #43, .T. ) ;
#2417 = PLANE ( 'NONE',  #4615 ) ;
#2418 = CARTESIAN_POINT ( 'NONE',  ( 29.55000000000000071, 0.000000000000000000, -10.00000000000000000 ) ) ;
#2419 = DIRECTION ( 'NONE',  ( 1.000000000000000000, 0.000000000000000000, 0.000000000000000000 ) ) ;
#2420 = EDGE_CURVE ( 'NONE', #4723, #5067, #4129, .T. ) ;
#2421 = CIRCLE ( 'NONE', #175, 3.499999999999985789 ) ;
#2422 = VERTEX_POINT ( 'NONE', #961 ) ;
#2423 = CARTESIAN_POINT ( 'NONE',  ( 27.50000000000000000, 5.000000000000000888, -7.250000000000000888 ) ) ;
#2424 = EDGE_CURVE ( 'NONE', #2562, #3869, #4644, .T. ) ;
#2425 = ADVANCED_FACE ( 'NONE', ( #232, #4553 ), #2549, .T. ) ;
#2426 = AXIS2_PLACEMENT_3D ( 'NONE', #4252, #1397, #3773 ) ;
#2427 = ORIENTED_EDGE ( 'NONE', *, *, #1346, .F. ) ;
#2428 = ORIENTED_EDGE ( 'NONE', *, *, #2395, .F. ) ;
#2429 = VECTOR ( 'NONE', #975, 1000.000000000000000 ) ;
#2430 = DIRECTION ( 'NONE',  ( -1.000000000000000000, -1.892425610156517122E-16, 0.000000000000000000 ) ) ;
#2431 = DIRECTION ( 'NONE',  ( -1.892425610156517122E-16, 1.000000000000000000, 0.000000000000000000 ) ) ;
#2432 = CYLINDRICAL_SURFACE ( 'NONE', #4391, 1.000000000000000888 ) ;
#2433 = AXIS2_PLACEMENT_3D ( 'NONE', #2667, #3074, #2594 ) ;
#2434 = CARTESIAN_POINT ( 'NONE',  ( -2.315343997897726158, 1.108097482727839145, 2.099999999999999645 ) ) ;
#2435 = ORIENTED_EDGE ( 'NONE', *, *, #3673, .T. ) ;
#2436 = FACE_OUTER_BOUND ( 'NONE', #4109, .T. ) ;
#2437 = DIRECTION ( 'NONE',  ( 0.000000000000000000, 0.000000000000000000, 1.000000000000000000 ) ) ;
#2438 = ORIENTED_EDGE ( 'NONE', *, *, #3282, .T. ) ;
#2439 = DIRECTION ( 'NONE',  ( 0.000000000000000000, 0.000000000000000000, -1.000000000000000000 ) ) ;
#2440 = ORIENTED_EDGE ( 'NONE', *, *, #3741, .F. ) ;
#2441 = CARTESIAN_POINT ( 'NONE',  ( 10.49999999999999822, 3.000000000000008438, -10.00000000000000000 ) ) ;
#2442 = CARTESIAN_POINT ( 'NONE',  ( -2.043500772948465549, -0.1644823786586947778, 2.628669227809592890 ) ) ;
#2443 = DIRECTION ( 'NONE',  ( 0.000000000000000000, -0.000000000000000000, 1.000000000000000000 ) ) ;
#2444 = EDGE_CURVE ( 'NONE', #1405, #1799, #3886, .T. ) ;
#2445 = ORIENTED_EDGE ( 'NONE', *, *, #4918, .F. ) ;
#2446 = CARTESIAN_POINT ( 'NONE',  ( 27.50000000000000000, 0.000000000000000000, 7.750000000000001776 ) ) ;
#2447 = VERTEX_POINT ( 'NONE', #4104 ) ;
#2448 = CIRCLE ( 'NONE', #2288, 0.9999999999999991118 ) ;
#2449 = ORIENTED_EDGE ( 'NONE', *, *, #2424, .T. ) ;
#2450 = EDGE_CURVE ( 'NONE', #223, #2849, #202, .T. ) ;
#2451 = LINE ( 'NONE', #1730, #1484 ) ;
#2452 = CARTESIAN_POINT ( 'NONE',  ( 27.50000000000000000, 0.000000000000000000, -4.899999999999999467 ) ) ;
#2453 = CIRCLE ( 'NONE', #207, 2.549999999999986500 ) ;
#2454 = LINE ( 'NONE', #86, #4574 ) ;
#2455 = DIRECTION ( 'NONE',  ( 1.000000000000000000, 1.892425610156517122E-16, 0.000000000000000000 ) ) ;
#2456 = AXIS2_PLACEMENT_3D ( 'NONE', #4232, #1896, #5087 ) ;
#2457 = CARTESIAN_POINT ( 'NONE',  ( 2.750000000000001332, 4.000000000000004441, 1.099999999999999423 ) ) ;
#2458 = ORIENTED_EDGE ( 'NONE', *, *, #1193, .T. ) ;
#2459 = VECTOR ( 'NONE', #4938, 1000.000000000000114 ) ;
#2460 = EDGE_CURVE ( 'NONE', #2745, #331, #2131, .T. ) ;
#2461 = DIRECTION ( 'NONE',  ( 1.892425610156517122E-16, -1.000000000000000000, -0.000000000000000000 ) ) ;
#2462 = DIRECTION ( 'NONE',  ( -0.000000000000000000, -0.000000000000000000, 1.000000000000000000 ) ) ;
#2463 = DIRECTION ( 'NONE',  ( -0.000000000000000000, -0.000000000000000000, 1.000000000000000000 ) ) ;
#2464 = ORIENTED_EDGE ( 'NONE', *, *, #4762, .F. ) ;
#2465 = DIRECTION ( 'NONE',  ( 0.000000000000000000, 0.000000000000000000, 1.000000000000000000 ) ) ;
#2466 = VERTEX_POINT ( 'NONE', #4207 ) ;
#2467 = AXIS2_PLACEMENT_3D ( 'NONE', #3219, #4722, #3935 ) ;
#2468 = DIRECTION ( 'NONE',  ( 0.1736481776669270838, 0.9848077530122086864, 0.000000000000000000 ) ) ;
#2469 = CARTESIAN_POINT ( 'NONE',  ( 5.750000000000000888, 4.000000000000004441, 6.000000000000000000 ) ) ;
#2470 = VECTOR ( 'NONE', #3162, 1000.000000000000000 ) ;
#2471 = VECTOR ( 'NONE', #2529, 1000.000000000000000 ) ;
#2472 = VERTEX_POINT ( 'NONE', #1720 ) ;
#2473 = CARTESIAN_POINT ( 'NONE',  ( 18.00000000000000355, -4.499999999999977796, 3.000000000000000000 ) ) ;
#2474 = ADVANCED_FACE ( 'NONE', ( #178 ), #1984, .T. ) ;
#2475 = ORIENTED_EDGE ( 'NONE', *, *, #2292, .T. ) ;
#2476 = ORIENTED_EDGE ( 'NONE', *, *, #3698, .T. ) ;
#2477 = CARTESIAN_POINT ( 'NONE',  ( 2.750000000000001332, 3.000000000000004441, 4.099999999999999645 ) ) ;
#2478 = DIRECTION ( 'NONE',  ( 0.000000000000000000, 0.000000000000000000, -1.000000000000000000 ) ) ;
#2479 = CARTESIAN_POINT ( 'NONE',  ( -11.17157287525382259, 5.000000000000004441, 4.500000000000007105 ) ) ;
#2480 = CARTESIAN_POINT ( 'NONE',  ( -12.49444853078624718, 4.499999999999996447, 4.000000000000000000 ) ) ;
#2481 = ADVANCED_FACE ( 'NONE', ( #1925 ), #3838, .F. ) ;
#2482 = VERTEX_POINT ( 'NONE', #2319 ) ;
#2483 = LINE ( 'NONE', #4952, #552 ) ;
#2484 = CARTESIAN_POINT ( 'NONE',  ( 2.509896310494099669, 3.119812866009157748, -8.000000000000000000 ) ) ;
#2485 = DIRECTION ( 'NONE',  ( 1.000000000000000000, 0.000000000000000000, 0.000000000000000000 ) ) ;
#2486 = CARTESIAN_POINT ( 'NONE',  ( 28.86304900353958658, -12.42546165798074753, -4.900000000000000355 ) ) ;
#2487 = EDGE_CURVE ( 'NONE', #2394, #4029, #1847, .T. ) ;
#2488 = ORIENTED_EDGE ( 'NONE', *, *, #4540, .F. ) ;
#2489 = EDGE_CURVE ( 'NONE', #2595, #1663, #1965, .T. ) ;
#2490 = LINE ( 'NONE', #3752, #4110 ) ;
#2491 = ORIENTED_EDGE ( 'NONE', *, *, #4743, .T. ) ;
#2492 = CARTESIAN_POINT ( 'NONE',  ( -31.10000000000000497, 0.000000000000000000, -10.00000000000000000 ) ) ;
#2493 = FACE_BOUND ( 'NONE', #4926, .T. ) ;
#2494 = DIRECTION ( 'NONE',  ( -0.000000000000000000, -0.000000000000000000, -1.000000000000000000 ) ) ;
#2495 = EDGE_LOOP ( 'NONE', ( #1531, #1307, #3486, #3087 ) ) ;
#2496 = LINE ( 'NONE', #33, #117 ) ;
#2497 = AXIS2_PLACEMENT_3D ( 'NONE', #543, #157, #1537 ) ;
#2498 = VERTEX_POINT ( 'NONE', #750 ) ;
#2499 = ORIENTED_EDGE ( 'NONE', *, *, #2051, .T. ) ;
#2500 = VECTOR ( 'NONE', #333, 1000.000000000000000 ) ;
#2501 = PLANE ( 'NONE',  #3905 ) ;
#2502 = LINE ( 'NONE', #2530, #1043 ) ;
#2503 = AXIS2_PLACEMENT_3D ( 'NONE', #2950, #4939, #3027 ) ;
#2504 = CARTESIAN_POINT ( 'NONE',  ( -27.50000000000000000, -5.000000000000000888, 10.00000000000000000 ) ) ;
#2505 = DIRECTION ( 'NONE',  ( 1.000000000000000000, 1.892425610156517122E-16, -0.000000000000000000 ) ) ;
#2506 = AXIS2_PLACEMENT_3D ( 'NONE', #4263, #1955, #2678 ) ;
#2507 = VERTEX_POINT ( 'NONE', #3948 ) ;
#2508 = EDGE_CURVE ( 'NONE', #1069, #2890, #363, .T. ) ;
#2509 = CARTESIAN_POINT ( 'NONE',  ( 2.750000000000002665, -4.999999999999994671, 4.099999999999999645 ) ) ;
#2510 = CARTESIAN_POINT ( 'NONE',  ( 2.328426556282959137, 4.000000000000003553, -7.804638666667846891 ) ) ;
#2511 = DIRECTION ( 'NONE',  ( -1.000000000000000000, 0.000000000000000000, 0.000000000000000000 ) ) ;
#2512 = VECTOR ( 'NONE', #2027, 1000.000000000000000 ) ;
#2513 = CARTESIAN_POINT ( 'NONE',  ( -1.884562452381718378, 0.8072779863071696260, 2.602901964421909131 ) ) ;
#2514 = ORIENTED_EDGE ( 'NONE', *, *, #4024, .F. ) ;
#2515 = LINE ( 'NONE', #4121, #1769 ) ;
#2516 = ORIENTED_EDGE ( 'NONE', *, *, #3009, .T. ) ;
#2517 = EDGE_CURVE ( 'NONE', #89, #4827, #4630, .T. ) ;
#2518 = EDGE_CURVE ( 'NONE', #1997, #4915, #3436, .T. ) ;
#2519 = LINE ( 'NONE', #174, #4224 ) ;
#2520 = CARTESIAN_POINT ( 'NONE',  ( 2.049999999999999822, 0.000000000000000000, 2.600000000000003197 ) ) ;
#2521 = EDGE_CURVE ( 'NONE', #4213, #2482, #3667, .T. ) ;
#2522 = CARTESIAN_POINT ( 'NONE',  ( -1.883336968243628728, 0.8139287261368250981, 2.602401900430535431 ) ) ;
#2523 = CARTESIAN_POINT ( 'NONE',  ( 11.00000000000000000, 3.000000000000005329, -4.000000000000000000 ) ) ;
#2524 = ORIENTED_EDGE ( 'NONE', *, *, #4642, .T. ) ;
#2525 = FACE_OUTER_BOUND ( 'NONE', #1015, .T. ) ;
#2526 = ORIENTED_EDGE ( 'NONE', *, *, #1176, .T. ) ;
#2527 = ORIENTED_EDGE ( 'NONE', *, *, #1279, .F. ) ;
#2528 = VECTOR ( 'NONE', #899, 1000.000000000000000 ) ;
#2529 = DIRECTION ( 'NONE',  ( 0.7071067811865482389, -0.7071067811865469066, -0.000000000000000000 ) ) ;
#2530 = CARTESIAN_POINT ( 'NONE',  ( 29.95802622594304054, -6.215537243668483036, 2.649999999999999911 ) ) ;
#2531 = FACE_OUTER_BOUND ( 'NONE', #1948, .T. ) ;
#2532 = VECTOR ( 'NONE', #3932, 1000.000000000000000 ) ;
#2533 = CARTESIAN_POINT ( 'NONE',  ( -2.481394870546903775, -0.8198148413900833154, 2.112267409220303982 ) ) ;
#2534 = ORIENTED_EDGE ( 'NONE', *, *, #3065, .F. ) ;
#2535 = AXIS2_PLACEMENT_3D ( 'NONE', #1883, #5078, #4298 ) ;
#2536 = DIRECTION ( 'NONE',  ( 0.000000000000000000, 0.000000000000000000, 1.000000000000000000 ) ) ;
#2537 = FACE_OUTER_BOUND ( 'NONE', #2495, .T. ) ;
#2538 = LINE ( 'NONE', #4543, #3713 ) ;
#2539 = CARTESIAN_POINT ( 'NONE',  ( -1.948195487812244275, 0.6380397868783209692, 2.610043828546189548 ) ) ;
#2540 = VERTEX_POINT ( 'NONE', #3323 ) ;
#2541 = DIRECTION ( 'NONE',  ( -1.000000000000000000, -1.652117596168388495E-16, 0.000000000000000000 ) ) ;
#2542 = ADVANCED_FACE ( 'NONE', ( #3271 ), #3985, .F. ) ;
#2543 = AXIS2_PLACEMENT_3D ( 'NONE', #2045, #140, #4112 ) ;
#2544 = VERTEX_POINT ( 'NONE', #4379 ) ;
#2545 = DIRECTION ( 'NONE',  ( -1.652117596168388495E-16, 1.000000000000000000, 0.000000000000000000 ) ) ;
#2546 = LINE ( 'NONE', #4987, #2924 ) ;
#2547 = EDGE_CURVE ( 'NONE', #3664, #2961, #351, .T. ) ;
#2548 = VECTOR ( 'NONE', #1076, 1000.000000000000000 ) ;
#2549 = PLANE ( 'NONE',  #1382 ) ;
#2550 = DIRECTION ( 'NONE',  ( -1.000000000000000000, 0.000000000000000000, 0.000000000000000000 ) ) ;
#2551 = EDGE_LOOP ( 'NONE', ( #348, #924, #3991, #2117 ) ) ;
#2552 = DIRECTION ( 'NONE',  ( 0.7071067811865491270, -0.7071067811865459074, 0.000000000000000000 ) ) ;
#2553 = AXIS2_PLACEMENT_3D ( 'NONE', #2229, #5031, #3092 ) ;
#2554 = EDGE_CURVE ( 'NONE', #3945, #2498, #4141, .T. ) ;
#2555 = EDGE_CURVE ( 'NONE', #5, #1409, #5137, .T. ) ;
#2556 = VERTEX_POINT ( 'NONE', #2384 ) ;
#2557 = AXIS2_PLACEMENT_3D ( 'NONE', #430, #2383, #1132 ) ;
#2558 = DIRECTION ( 'NONE',  ( -1.652117596168388495E-16, 1.000000000000000000, 0.000000000000000000 ) ) ;
#2559 = DIRECTION ( 'NONE',  ( -1.000000000000000000, 0.000000000000000000, 0.000000000000000000 ) ) ;
#2560 = CARTESIAN_POINT ( 'NONE',  ( -2.249999999999998668, 3.000000000000003109, 4.099999999999999645 ) ) ;
#2561 = DIRECTION ( 'NONE',  ( 1.000000000000000000, -8.673617379884035472E-16, 0.000000000000000000 ) ) ;
#2562 = VERTEX_POINT ( 'NONE', #3588 ) ;
#2563 = CARTESIAN_POINT ( 'NONE',  ( 24.05317286445727731, 0.6077686218342444047, -4.900000000000000355 ) ) ;
#2564 = DIRECTION ( 'NONE',  ( -1.892425610156517122E-16, 1.000000000000000000, 0.000000000000000000 ) ) ;
#2565 = CARTESIAN_POINT ( 'NONE',  ( -30.99999999999991829, -13.99999999999998757, -4.000000000000000000 ) ) ;
#2566 = CARTESIAN_POINT ( 'NONE',  ( -1.952752549467900334, 0.6239121670593821278, 2.610715871199718929 ) ) ;
#2567 = CARTESIAN_POINT ( 'NONE',  ( -14.41421356237308693, -2.585786437626909962, 4.000000000000000000 ) ) ;
#2568 = VERTEX_POINT ( 'NONE', #741 ) ;
#2569 = DIRECTION ( 'NONE',  ( 8.673617379884035472E-17, 1.641417566239121864E-32, -1.000000000000000000 ) ) ;
#2570 = CYLINDRICAL_SURFACE ( 'NONE', #4607, 1.000000000000000000 ) ;
#2571 = ORIENTED_EDGE ( 'NONE', *, *, #3135, .T. ) ;
#2572 = CARTESIAN_POINT ( 'NONE',  ( -2.315965748240584432, -1.107223276225704378, 2.100012909718755427 ) ) ;
#2573 = CARTESIAN_POINT ( 'NONE',  ( 18.00000000000000355, -4.999999999999992006, 3.000000000000000000 ) ) ;
#2574 = ADVANCED_FACE ( 'NONE', ( #431 ), #5132, .F. ) ;
#2575 = ORIENTED_EDGE ( 'NONE', *, *, #1888, .T. ) ;
#2576 = LINE ( 'NONE', #653, #1093 ) ;
#2577 = VERTEX_POINT ( 'NONE', #1524 ) ;
#2578 = ADVANCED_FACE ( 'NONE', ( #4303 ), #2310, .T. ) ;
#2579 = DIRECTION ( 'NONE',  ( -1.000000000000000000, -1.892425610156517122E-16, 0.000000000000000000 ) ) ;
#2580 = ADVANCED_FACE ( 'NONE', ( #4749 ), #4728, .T. ) ;
#2581 = VERTEX_POINT ( 'NONE', #4796 ) ;
#2582 = CARTESIAN_POINT ( 'NONE',  ( -9.499999999999996447, 4.000000000000001776, 8.000000000000000000 ) ) ;
#2583 = AXIS2_PLACEMENT_3D ( 'NONE', #4001, #445, #3602 ) ;
#2584 = CARTESIAN_POINT ( 'NONE',  ( -9.499999999999994671, -4.499999999999983125, 8.000000000000000000 ) ) ;
#2585 = CARTESIAN_POINT ( 'NONE',  ( 18.00000000000000355, 4.000000000000006217, 4.000000000000000000 ) ) ;
#2586 = ORIENTED_EDGE ( 'NONE', *, *, #1591, .F. ) ;
#2587 = AXIS2_PLACEMENT_3D ( 'NONE', #4858, #2443, #2419 ) ;
#2588 = CIRCLE ( 'NONE', #2503, 2.500000000000014211 ) ;
#2589 = CYLINDRICAL_SURFACE ( 'NONE', #3223, 3.099999999999998757 ) ;
#2590 = CARTESIAN_POINT ( 'NONE',  ( 27.50000000000000000, 0.000000000000000000, 7.749999999999999112 ) ) ;
#2591 = LINE ( 'NONE', #4569, #2528 ) ;
#2592 = CARTESIAN_POINT ( 'NONE',  ( -2.050000000050113957, 1.643233411865651168E-14, 2.630306152124545438 ) ) ;
#2593 = CIRCLE ( 'NONE', #349, 4.500000000000014211 ) ;
#2594 = DIRECTION ( 'NONE',  ( -1.000000000000000000, -1.892425610156517122E-16, 0.000000000000000000 ) ) ;
#2595 = VERTEX_POINT ( 'NONE', #2724 ) ;
#2596 = CARTESIAN_POINT ( 'NONE',  ( 22.23259738175770295, -9.717228014441799289, 2.649999999999999467 ) ) ;
#2597 = CARTESIAN_POINT ( 'NONE',  ( 25.41622186799687100, -11.81769303614650113, 2.650000000000000355 ) ) ;
#2598 = ORIENTED_EDGE ( 'NONE', *, *, #609, .F. ) ;
#2599 = CARTESIAN_POINT ( 'NONE',  ( -2.019121505843056052, 0.3550922220667239726, 2.622977938869972991 ) ) ;
#2600 = DIRECTION ( 'NONE',  ( -1.000000000000000000, 0.000000000000000000, 0.000000000000000000 ) ) ;
#2601 = ORIENTED_EDGE ( 'NONE', *, *, #4128, .F. ) ;
#2602 = CARTESIAN_POINT ( 'NONE',  ( 0.000000000000000000, 0.000000000000000000, 2.099999999999999645 ) ) ;
#2603 = EDGE_CURVE ( 'NONE', #389, #2411, #1212, .T. ) ;
#2604 = ORIENTED_EDGE ( 'NONE', *, *, #2, .T. ) ;
#2605 = CARTESIAN_POINT ( 'NONE',  ( -1.908258683417904278, 3.999999999999904521, -7.720843053015563839 ) ) ;
#2606 = DIRECTION ( 'NONE',  ( -1.000000000000000000, 0.000000000000000000, 0.000000000000000000 ) ) ;
#2607 = LINE ( 'NONE', #3420, #1633 ) ;
#2608 = DIRECTION ( 'NONE',  ( 0.000000000000000000, 0.000000000000000000, 1.000000000000000000 ) ) ;
#2609 = EDGE_CURVE ( 'NONE', #4519, #3738, #1877, .T. ) ;
#2610 = VERTEX_POINT ( 'NONE', #2408 ) ;
#2611 = CONICAL_SURFACE ( 'NONE', #1301, 2.500000000000014211, 0.7853981633974482790 ) ;
#2612 = CARTESIAN_POINT ( 'NONE',  ( -27.50000000000000000, 0.000000000000000000, 5.799999999999999822 ) ) ;
#2613 = CARTESIAN_POINT ( 'NONE',  ( 12.50000000000000178, -2.999999999999994671, -9.500000000000014211 ) ) ;
#2614 = AXIS2_PLACEMENT_3D ( 'NONE', #746, #3537, #3150 ) ;
#2615 = DIRECTION ( 'NONE',  ( -0.000000000000000000, -0.000000000000000000, -1.000000000000000000 ) ) ;
#2616 = CARTESIAN_POINT ( 'NONE',  ( -7.499999999999996447, 4.000000000000002665, 7.000000000000000000 ) ) ;
#2617 = EDGE_CURVE ( 'NONE', #784, #2411, #3546, .T. ) ;
#2618 = ORIENTED_EDGE ( 'NONE', *, *, #100, .F. ) ;
#2619 = CIRCLE ( 'NONE', #3457, 1.000000000000000000 ) ;
#2620 = VECTOR ( 'NONE', #436, 1000.000000000000000 ) ;
#2621 = DIRECTION ( 'NONE',  ( 1.000000000000000000, 1.892425610156517122E-16, 8.673617379884035472E-17 ) ) ;
#2622 = CARTESIAN_POINT ( 'NONE',  ( 12.00000000000000178, -2.999999999999994671, 10.00000000000000000 ) ) ;
#2623 = AXIS2_PLACEMENT_3D ( 'NONE', #1822, #129, #2164 ) ;
#2624 = ORIENTED_EDGE ( 'NONE', *, *, #2836, .F. ) ;
#2625 = AXIS2_PLACEMENT_3D ( 'NONE', #58, #4005, #4503 ) ;
#2626 = ORIENTED_EDGE ( 'NONE', *, *, #1571, .F. ) ;
#2627 = AXIS2_PLACEMENT_3D ( 'NONE', #549, #3265, #39 ) ;
#2628 = CARTESIAN_POINT ( 'NONE',  ( -2.620174689609743979, 0.3380392928025998667, 2.134551002168740386 ) ) ;
#2629 = CARTESIAN_POINT ( 'NONE',  ( -8.771242510566717534E-16, 4.000000000000003553, 1.099999999999999423 ) ) ;
#2630 = ORIENTED_EDGE ( 'NONE', *, *, #2334, .F. ) ;
#2631 = DIRECTION ( 'NONE',  ( -0.7071067811865422437, 0.000000000000000000, -0.7071067811865526798 ) ) ;
#2632 = CIRCLE ( 'NONE', #3384, 2.000000000000000000 ) ;
#2633 = ORIENTED_EDGE ( 'NONE', *, *, #3344, .T. ) ;
#2634 = DIRECTION ( 'NONE',  ( -0.000000000000000000, -0.000000000000000000, -1.000000000000000000 ) ) ;
#2635 = VECTOR ( 'NONE', #4696, 1000.000000000000000 ) ;
#2636 = CARTESIAN_POINT ( 'NONE',  ( -27.50000000000000000, 0.000000000000000000, 5.800000000000001599 ) ) ;
#2637 = DIRECTION ( 'NONE',  ( -0.7071067811865422437, 8.659560562354868763E-17, 0.7071067811865526798 ) ) ;
#2638 = AXIS2_PLACEMENT_3D ( 'NONE', #1468, #1020, #4188 ) ;
#2639 = ORIENTED_EDGE ( 'NONE', *, *, #65, .T. ) ;
#2640 = DIRECTION ( 'NONE',  ( 0.7071067811865474617, 0.000000000000000000, -0.7071067811865474617 ) ) ;
#2641 = DIRECTION ( 'NONE',  ( -0.000000000000000000, -0.000000000000000000, -1.000000000000000000 ) ) ;
#2642 = EDGE_CURVE ( 'NONE', #2934, #1568, #1163, .T. ) ;
#2643 = AXIS2_PLACEMENT_3D ( 'NONE', #421, #1961, #3605 ) ;
#2644 = CARTESIAN_POINT ( 'NONE',  ( 30.04999999999999716, 3.122849337825746475E-16, -7.750000000000000000 ) ) ;
#2645 = DIRECTION ( 'NONE',  ( -1.892425610156517122E-16, 1.000000000000000000, 0.000000000000000000 ) ) ;
#2646 = EDGE_LOOP ( 'NONE', ( #528, #5143, #5068, #3778 ) ) ;
#2647 = ADVANCED_FACE ( 'NONE', ( #4719 ), #4771, .F. ) ;
#2648 = CARTESIAN_POINT ( 'NONE',  ( -0.1043597138380013417, 4.000000000000002665, -7.939748171505780050 ) ) ;
#2649 = ADVANCED_FACE ( 'NONE', ( #3564 ), #879, .T. ) ;
#2650 = DIRECTION ( 'NONE',  ( -1.000000000000000000, 0.000000000000000000, 0.000000000000000000 ) ) ;
#2651 = EDGE_LOOP ( 'NONE', ( #4846, #291, #1061, #4132 ) ) ;
#2652 = ORIENTED_EDGE ( 'NONE', *, *, #1990, .F. ) ;
#2653 = LINE ( 'NONE', #4660, #3101 ) ;
#2654 = VERTEX_POINT ( 'NONE', #2904 ) ;
#2655 = CARTESIAN_POINT ( 'NONE',  ( 10.50000000000000178, -2.999999999999994671, -9.999999999999998224 ) ) ;
#2656 = EDGE_LOOP ( 'NONE', ( #2652, #984, #5055, #4243 ) ) ;
#2657 = CARTESIAN_POINT ( 'NONE',  ( -1.044090904744672921, 4.000000000000003553, -7.427782717392531708 ) ) ;
#2658 = ORIENTED_EDGE ( 'NONE', *, *, #4286, .F. ) ;
#2659 = DIRECTION ( 'NONE',  ( 8.673617379884035472E-17, 1.641417566239121864E-32, 1.000000000000000000 ) ) ;
#2660 = CARTESIAN_POINT ( 'NONE',  ( 8.000000000000001776, -4.999999999999993783, 8.500000000000014211 ) ) ;
#2661 = LINE ( 'NONE', #1418, #2888 ) ;
#2662 = VERTEX_POINT ( 'NONE', #1732 ) ;
#2663 = DIRECTION ( 'NONE',  ( -0.000000000000000000, -0.000000000000000000, 1.000000000000000000 ) ) ;
#2664 = DIRECTION ( 'NONE',  ( 0.000000000000000000, -0.7071067811865493491, -0.7071067811865456854 ) ) ;
#2665 = CARTESIAN_POINT ( 'NONE',  ( -13.00000000000000000, 1.171572875253820367, -4.000000000000000000 ) ) ;
#2666 = CIRCLE ( 'NONE', #1424, 2.000000000000000000 ) ;
#2667 = CARTESIAN_POINT ( 'NONE',  ( -50.00000000000000000, -4.499999999999998224, 4.000000000000000000 ) ) ;
#2668 = ORIENTED_EDGE ( 'NONE', *, *, #3256, .F. ) ;
#2669 = EDGE_CURVE ( 'NONE', #1819, #3236, #4482, .T. ) ;
#2670 = PLANE ( 'NONE',  #1294 ) ;
#2671 = VECTOR ( 'NONE', #4631, 1000.000000000000000 ) ;
#2672 = DIRECTION ( 'NONE',  ( -1.892425610156517122E-16, 1.000000000000000000, 0.000000000000000000 ) ) ;
#2673 = ORIENTED_EDGE ( 'NONE', *, *, #536, .T. ) ;
#2674 = EDGE_LOOP ( 'NONE', ( #3916, #3746, #3737, #4757 ) ) ;
#2675 = EDGE_CURVE ( 'NONE', #1136, #1143, #2120, .T. ) ;
#2676 = AXIS2_PLACEMENT_3D ( 'NONE', #1834, #5032, #3040 ) ;
#2677 = CARTESIAN_POINT ( 'NONE',  ( -2.373583264357994604, 1.012447927723424623, 2.103202533903368643 ) ) ;
#2678 = DIRECTION ( 'NONE',  ( 1.000000000000000000, 0.000000000000000000, 0.000000000000000000 ) ) ;
#2679 = ORIENTED_EDGE ( 'NONE', *, *, #1755, .T. ) ;
#2680 = PLANE ( 'NONE',  #1836 ) ;
#2681 = EDGE_CURVE ( 'NONE', #4255, #1158, #1549, .T. ) ;
#2682 = ADVANCED_FACE ( 'NONE', ( #2828 ), #3317, .F. ) ;
#2683 = EDGE_LOOP ( 'NONE', ( #2868, #4249, #3835, #723, #2491 ) ) ;
#2684 = FACE_OUTER_BOUND ( 'NONE', #1931, .T. ) ;
#2685 = VERTEX_POINT ( 'NONE', #3216 ) ;
#2686 = DIRECTION ( 'NONE',  ( -1.000000000000000000, 0.000000000000000000, -0.000000000000000000 ) ) ;
#2687 = DIRECTION ( 'NONE',  ( -1.338146981832763265E-16, 0.7071067811865476838, -0.7071067811865473507 ) ) ;
#2688 = DIRECTION ( 'NONE',  ( 0.000000000000000000, 0.000000000000000000, 1.000000000000000000 ) ) ;
#2689 = ORIENTED_EDGE ( 'NONE', *, *, #3553, .F. ) ;
#2690 = ORIENTED_EDGE ( 'NONE', *, *, #1995, .F. ) ;
#2691 = CARTESIAN_POINT ( 'NONE',  ( -27.50000000000000000, 5.000000000000000888, -7.249999999999994671 ) ) ;
#2692 = CARTESIAN_POINT ( 'NONE',  ( 1.674992226635364956, 4.000000000000003553, -7.711927794022875204 ) ) ;
#2693 = CARTESIAN_POINT ( 'NONE',  ( 27.50000000000000000, 0.000000000000000000, -7.250000000000000888 ) ) ;
#2694 = CARTESIAN_POINT ( 'NONE',  ( 19.00000000000000000, 4.000000000000007105, 3.000000000000000000 ) ) ;
#2695 = DIRECTION ( 'NONE',  ( -0.000000000000000000, -0.000000000000000000, 1.000000000000000000 ) ) ;
#2696 = ORIENTED_EDGE ( 'NONE', *, *, #425, .T. ) ;
#2697 = DIRECTION ( 'NONE',  ( 1.000000000000000000, 0.000000000000000000, -0.000000000000000000 ) ) ;
#2698 = DIRECTION ( 'NONE',  ( -0.000000000000000000, -0.000000000000000000, 1.000000000000000000 ) ) ;
#2699 = ORIENTED_EDGE ( 'NONE', *, *, #3106, .T. ) ;
#2700 = AXIS2_PLACEMENT_3D ( 'NONE', #2602, #3002, #1438 ) ;
#2701 = CONICAL_SURFACE ( 'NONE', #2373, 2.049999999999999822, 0.7853981633974482790 ) ;
#2702 = EDGE_LOOP ( 'NONE', ( #2257, #1772, #266, #4559 ) ) ;
#2703 =( BOUNDED_CURVE ( )  B_SPLINE_CURVE ( 3, ( #301, #3454, #1109, #742 ),
 .UNSPECIFIED., .F., .T. ) 
 B_SPLINE_CURVE_WITH_KNOTS ( ( 4, 4 ),
 ( 2.418858405776329157, 3.141592653589793116 ),
 .UNSPECIFIED. ) 
 CURVE ( )  GEOMETRIC_REPRESENTATION_ITEM ( )  RATIONAL_B_SPLINE_CURVE ( ( 1.000000000000000000, 0.9569428977956511151, 0.9569428977956511151, 1.000000000000000000 ) ) 
 REPRESENTATION_ITEM ( '' )  );
#2704 = CARTESIAN_POINT ( 'NONE',  ( -2.598786887742253526, 0.4417000810971588587, 2.130637251827067313 ) ) ;
#2705 = CARTESIAN_POINT ( 'NONE',  ( -27.50000000000000000, -4.500000000000014211, -10.00000000000000000 ) ) ;
#2706 = VECTOR ( 'NONE', #40, 1000.000000000000000 ) ;
#2707 = ORIENTED_EDGE ( 'NONE', *, *, #774, .F. ) ;
#2708 = DIRECTION ( 'NONE',  ( -1.000000000000000000, -1.892425610156517122E-16, 0.000000000000000000 ) ) ;
#2709 = ADVANCED_FACE ( 'NONE', ( #1701 ), #3715, .F. ) ;
#2710 = AXIS2_PLACEMENT_3D ( 'NONE', #694, #1033, #3076 ) ;
#2711 = VECTOR ( 'NONE', #1460, 1000.000000000000000 ) ;
#2712 = EDGE_LOOP ( 'NONE', ( #4437, #3327 ) ) ;
#2713 = VECTOR ( 'NONE', #3975, 1000.000000000000114 ) ;
#2714 = APPLICATION_PROTOCOL_DEFINITION ( 'draft international standard', 'automotive_design', 1998, #4426 ) ;
#2715 = ORIENTED_EDGE ( 'NONE', *, *, #2334, .T. ) ;
#2716 = DIRECTION ( 'NONE',  ( -1.892425610156517122E-16, 1.000000000000000000, 0.000000000000000000 ) ) ;
#2717 = ADVANCED_FACE ( 'NONE', ( #4536 ), #842, .T. ) ;
#2718 = EDGE_CURVE ( 'NONE', #3075, #2540, #4431, .T. ) ;
#2719 = CARTESIAN_POINT ( 'NONE',  ( 11.45341433092485239, -4.825834261322598628, -7.424165738677389825 ) ) ;
#2720 = VERTEX_POINT ( 'NONE', #913 ) ;
#2721 = AXIS2_PLACEMENT_3D ( 'NONE', #4941, #4633, #235 ) ;
#2722 = COLOUR_RGB ( '',0.7921568627450980005, 0.8196078431372548767, 0.9333333333333333481 ) ;
#2723 = CARTESIAN_POINT ( 'NONE',  ( 27.50000000000000000, 0.000000000000000000, -7.750000000000000000 ) ) ;
#2724 = CARTESIAN_POINT ( 'NONE',  ( -29.69999999999999929, 2.694222958124181444E-16, 5.800000000000001599 ) ) ;
#2725 = DIRECTION ( 'NONE',  ( 1.000000000000000000, 0.000000000000000000, 0.000000000000000000 ) ) ;
#2726 = CIRCLE ( 'NONE', #2981, 3.099999999999998757 ) ;
#2727 = DIRECTION ( 'NONE',  ( -8.673617379884035472E-17, -1.641417566239121864E-32, -1.000000000000000000 ) ) ;
#2728 = EDGE_LOOP ( 'NONE', ( #3696, #2787, #109, #3642 ) ) ;
#2729 = AXIS2_PLACEMENT_3D ( 'NONE', #2069, #3238, #1751 ) ;
#2730 = CARTESIAN_POINT ( 'NONE',  ( -1.481264833358141075, 4.000000000000002665, -7.238316814285773226 ) ) ;
#2731 = DIRECTION ( 'NONE',  ( -1.652117596168388495E-16, 1.000000000000000000, 0.000000000000000000 ) ) ;
#2732 = VERTEX_POINT ( 'NONE', #4921 ) ;
#2733 = CARTESIAN_POINT ( 'NONE',  ( -4.000000000000000888, 0.000000000000000000, -10.00000000000000000 ) ) ;
#2734 = ORIENTED_EDGE ( 'NONE', *, *, #2299, .T. ) ;
#2735 = DIRECTION ( 'NONE',  ( 0.9848077530122085754, -0.1736481776669277499, -0.000000000000000000 ) ) ;
#2736 = CARTESIAN_POINT ( 'NONE',  ( 2.049999999999999822, 0.000000000000000000, 9.500000000000010658 ) ) ;
#2737 = ORIENTED_EDGE ( 'NONE', *, *, #3971, .F. ) ;
#2738 = PLANE ( 'NONE',  #4270 ) ;
#2739 = ORIENTED_EDGE ( 'NONE', *, *, #2971, .T. ) ;
#2740 = EDGE_CURVE ( 'NONE', #3236, #3735, #5142, .T. ) ;
#2741 = APPLICATION_PROTOCOL_DEFINITION ( 'draft international standard', 'automotive_design', 1998, #4526 ) ;
#2742 = ORIENTED_EDGE ( 'NONE', *, *, #1609, .T. ) ;
#2743 = LINE ( 'NONE', #5125, #947 ) ;
#2744 = CARTESIAN_POINT ( 'NONE',  ( 10.99261509947660542, -4.999999999999992895, -7.249999999999996447 ) ) ;
#2745 = VERTEX_POINT ( 'NONE', #1240 ) ;
#2746 = ORIENTED_EDGE ( 'NONE', *, *, #1280, .F. ) ;
#2747 = EDGE_CURVE ( 'NONE', #1326, #4723, #1298, .T. ) ;
#2748 = ADVANCED_BREP_SHAPE_REPRESENTATION ( 'LQ26-05HGI-01-002', ( #4145, #2643 ), #4910 ) ;
#2749 = ADVANCED_FACE ( 'NONE', ( #1316 ), #3716, .T. ) ;
#2750 = CYLINDRICAL_SURFACE ( 'NONE', #2557, 1.000000000000000888 ) ;
#2751 = CARTESIAN_POINT ( 'NONE',  ( 12.50000000000000000, 5.000000000000019540, 7.749999999999998224 ) ) ;
#2752 = CARTESIAN_POINT ( 'NONE',  ( -7.499999999999994671, -4.999999999999997335, -8.500000000000014211 ) ) ;
#2753 = LINE ( 'NONE', #1974, #4200 ) ;
#2754 = ORIENTED_EDGE ( 'NONE', *, *, #70, .T. ) ;
#2755 = EDGE_CURVE ( 'NONE', #4029, #1334, #2502, .T. ) ;
#2756 = DIRECTION ( 'NONE',  ( -0.000000000000000000, -0.000000000000000000, -1.000000000000000000 ) ) ;
#2757 = AXIS2_PLACEMENT_3D ( 'NONE', #781, #1095, #5121 ) ;
#2758 = CARTESIAN_POINT ( 'NONE',  ( -10.00000000000001243, -4.999999999999997335, 6.000000000000000000 ) ) ;
#2759 = EDGE_LOOP ( 'NONE', ( #1590, #4350 ) ) ;
#2760 = CARTESIAN_POINT ( 'NONE',  ( -27.50000000000000000, -4.500000000000000888, 10.00000000000000000 ) ) ;
#2761 = ORIENTED_EDGE ( 'NONE', *, *, #2521, .T. ) ;
#2762 = AXIS2_PLACEMENT_3D ( 'NONE', #3859, #1140, #279 ) ;
#2763 = CIRCLE ( 'NONE', #4692, 1.000000000000000888 ) ;
#2764 = CARTESIAN_POINT ( 'NONE',  ( -27.50000000000000000, -5.000000000000000888, -8.500000000000015987 ) ) ;
#2765 = EDGE_LOOP ( 'NONE', ( #1183, #519, #3394, #1469, #2524, #1114, #1909, #3080, #804, #493, #2314, #1466, #4983, #4995, #3889, #1614, #1474, #910, #2994, #37, #2761, #2822, #3340, #3012, #3151 ) ) ;
#2766 = CARTESIAN_POINT ( 'NONE',  ( -6.249999999999996447, -4.499999999999983125, 8.000000000000000000 ) ) ;
#2767 = VECTOR ( 'NONE', #1388, 1000.000000000000000 ) ;
#2768 = VECTOR ( 'NONE', #2230, 1000.000000000000000 ) ;
#2769 = EDGE_LOOP ( 'NONE', ( #4240, #1750, #2168, #4235 ) ) ;
#2770 = EDGE_LOOP ( 'NONE', ( #4632, #2020, #1672 ) ) ;
#2771 = VECTOR ( 'NONE', #3020, 999.9999999999998863 ) ;
#2772 = CARTESIAN_POINT ( 'NONE',  ( -27.50000000000000000, 0.000000000000000000, 5.799999999999999822 ) ) ;
#2773 = EDGE_CURVE ( 'NONE', #624, #4094, #3295, .T. ) ;
#2774 = DIRECTION ( 'NONE',  ( 1.000000000000000000, 0.000000000000000000, 0.000000000000000000 ) ) ;
#2775 = ORIENTED_EDGE ( 'NONE', *, *, #857, .F. ) ;
#2776 = EDGE_LOOP ( 'NONE', ( #1669, #2449 ) ) ;
#2777 = DIRECTION ( 'NONE',  ( -1.000000000000000000, 0.000000000000000000, 0.000000000000000000 ) ) ;
#2778 = DIRECTION ( 'NONE',  ( 0.000000000000000000, 0.000000000000000000, 1.000000000000000000 ) ) ;
#2779 = CARTESIAN_POINT ( 'NONE',  ( 1.707730086061338470, 4.000000000000003553, -7.155679868080959238 ) ) ;
#2780 = ADVANCED_FACE ( 'NONE', ( #3638, #1653 ), #64, .F. ) ;
#2781 = CARTESIAN_POINT ( 'NONE',  ( 22.23259738175770295, -9.717228014441799289, -4.900000000000000355 ) ) ;
#2782 = ORIENTED_EDGE ( 'NONE', *, *, #1346, .T. ) ;
#2783 = FACE_OUTER_BOUND ( 'NONE', #4322, .T. ) ;
#2784 = EDGE_CURVE ( 'NONE', #158, #2982, #388, .T. ) ;
#2785 = ORIENTED_EDGE ( 'NONE', *, *, #2205, .T. ) ;
#2786 = CYLINDRICAL_SURFACE ( 'NONE', #687, 2.000000000000000000 ) ;
#2787 = ORIENTED_EDGE ( 'NONE', *, *, #1696, .F. ) ;
#2788 = CIRCLE ( 'NONE', #526, 1.000000000000000000 ) ;
#2789 = CARTESIAN_POINT ( 'NONE',  ( 10.50000000000000178, -2.999999999999994671, 9.999999999999998224 ) ) ;
#2790 = CARTESIAN_POINT ( 'NONE',  ( -27.50000000000000000, -5.000000000000000888, 10.00000000000000000 ) ) ;
#2791 = CARTESIAN_POINT ( 'NONE',  ( 21.96939473245415186, -11.20992441431226005, 4.900000000000000355 ) ) ;
#2792 = AXIS2_PLACEMENT_3D ( 'NONE', #3246, #4414, #4017 ) ;
#2793 = AXIS2_PLACEMENT_3D ( 'NONE', #4974, #2958, #1393 ) ;
#2794 = CARTESIAN_POINT ( 'NONE',  ( -2.645751311064588496, 4.000000000000002665, -7.000000000000000000 ) ) ;
#2795 = VECTOR ( 'NONE', #503, 1000.000000000000000 ) ;
#2796 = ORIENTED_EDGE ( 'NONE', *, *, #989, .T. ) ;
#2797 = FACE_OUTER_BOUND ( 'NONE', #2925, .T. ) ;
#2798 = CARTESIAN_POINT ( 'NONE',  ( -7.499999999999996447, 3.000000000000002220, -6.000000000000000000 ) ) ;
#2799 = ORIENTED_EDGE ( 'NONE', *, *, #1639, .T. ) ;
#2800 = AXIS2_PLACEMENT_3D ( 'NONE', #146, #170, #2485 ) ;
#2801 = EDGE_LOOP ( 'NONE', ( #2239, #545, #3389, #3136 ) ) ;
#2802 = DIRECTION ( 'NONE',  ( -1.000000000000000000, -2.168404344971008868E-16, 0.000000000000000000 ) ) ;
#2803 = CARTESIAN_POINT ( 'NONE',  ( -4.528881991484131924E-16, 4.000000000000001776, -8.000000000000000000 ) ) ;
#2804 = FACE_OUTER_BOUND ( 'NONE', #1574, .T. ) ;
#2805 = CARTESIAN_POINT ( 'NONE',  ( 20.00000000000000000, -4.499999999999979572, 3.000000000000000000 ) ) ;
#2806 = CIRCLE ( 'NONE', #1226, 2.549999999999996714 ) ;
#2807 = ORIENTED_EDGE ( 'NONE', *, *, #807, .T. ) ;
#2808 = EDGE_CURVE ( 'NONE', #1512, #156, #2884, .T. ) ;
#2809 = VECTOR ( 'NONE', #866, 1000.000000000000000 ) ;
#2810 = LINE ( 'NONE', #1244, #2620 ) ;
#2811 = CARTESIAN_POINT ( 'NONE',  ( -25.30000000000000071, 0.000000000000000000, 5.800000000000001599 ) ) ;
#2812 = VERTEX_POINT ( 'NONE', #4083 ) ;
#2813 = CARTESIAN_POINT ( 'NONE',  ( -13.00000000000000000, 1.171572875253820367, -4.000000000000000000 ) ) ;
#2814 = VERTEX_POINT ( 'NONE', #3063 ) ;
#2815 = CIRCLE ( 'NONE', #4746, 2.500000000000012434 ) ;
#2816 = ADVANCED_FACE ( 'NONE', ( #2149 ), #4269, .F. ) ;
#2817 = EDGE_CURVE ( 'NONE', #1663, #2595, #4891, .T. ) ;
#2818 = DIRECTION ( 'NONE',  ( -1.000000000000000000, 0.000000000000000000, 0.000000000000000000 ) ) ;
#2819 = CARTESIAN_POINT ( 'NONE',  ( -1.869368168410957542, -0.8414790225155248660, 2.601876352153017713 ) ) ;
#2820 = DIRECTION ( 'NONE',  ( -1.000000000000000000, -1.652117596168388495E-16, 0.000000000000000000 ) ) ;
#2821 = CARTESIAN_POINT ( 'NONE',  ( 27.50000000000000000, -5.000000000000000888, 4.900000000000000355 ) ) ;
#2822 = ORIENTED_EDGE ( 'NONE', *, *, #2327, .T. ) ;
#2823 = DIRECTION ( 'NONE',  ( 0.000000000000000000, 0.000000000000000000, 1.000000000000000000 ) ) ;
#2824 = LINE ( 'NONE', #3661, #2226 ) ;
#2825 = ORIENTED_EDGE ( 'NONE', *, *, #1749, .T. ) ;
#2826 = VERTEX_POINT ( 'NONE', #1048 ) ;
#2827 = CARTESIAN_POINT ( 'NONE',  ( 32.00000000000000000, -6.406662568580375723E-48, -7.749999999999999112 ) ) ;
#2828 = FACE_OUTER_BOUND ( 'NONE', #4360, .T. ) ;
#2829 = DIRECTION ( 'NONE',  ( -0.000000000000000000, -0.000000000000000000, 1.000000000000000000 ) ) ;
#2830 = CARTESIAN_POINT ( 'NONE',  ( 17.30855861669665785, -8.848987126107161316, -4.899999999999999467 ) ) ;
#2831 = ORIENTED_EDGE ( 'NONE', *, *, #3307, .T. ) ;
#2832 = CARTESIAN_POINT ( 'NONE',  ( 12.50000000000000000, 3.000000000000008882, -9.500000000000014211 ) ) ;
#2833 = DIRECTION ( 'NONE',  ( -1.892425610156517122E-16, 1.000000000000000000, 0.000000000000000000 ) ) ;
#2834 = VERTEX_POINT ( 'NONE', #574 ) ;
#2835 = DIRECTION ( 'NONE',  ( 0.000000000000000000, 0.000000000000000000, 1.000000000000000000 ) ) ;
#2836 = EDGE_CURVE ( 'NONE', #3062, #633, #2196, .T. ) ;
#2837 = ORIENTED_EDGE ( 'NONE', *, *, #3353, .F. ) ;
#2838 = CARTESIAN_POINT ( 'NONE',  ( 25.44999999999999929, 2.510525938252074679E-16, 7.250000000000004441 ) ) ;
#2839 = CARTESIAN_POINT ( 'NONE',  ( -2.019563115259658925, -0.3521102878005730741, 2.623081238121197423 ) ) ;
#2840 = DIRECTION ( 'NONE',  ( 0.7071067811865474617, -0.7071067811865474617, 0.000000000000000000 ) ) ;
#2841 = EDGE_CURVE ( 'NONE', #3862, #3456, #1302, .T. ) ;
#2842 = AXIS2_PLACEMENT_3D ( 'NONE', #470, #512, #4026 ) ;
#2843 = AXIS2_PLACEMENT_3D ( 'NONE', #1745, #1721, #2139 ) ;
#2844 = ORIENTED_EDGE ( 'NONE', *, *, #2675, .F. ) ;
#2845 = CARTESIAN_POINT ( 'NONE',  ( 10.49999999999999822, 3.000000000000008438, 10.00000000000000000 ) ) ;
#2846 = AXIS2_PLACEMENT_3D ( 'NONE', #3574, #1615, #443 ) ;
#2847 = EDGE_CURVE ( 'NONE', #5170, #3522, #2260, .T. ) ;
#2848 = EDGE_CURVE ( 'NONE', #2914, #1331, #1924, .T. ) ;
#2849 = VERTEX_POINT ( 'NONE', #1752 ) ;
#2850 = ORIENTED_EDGE ( 'NONE', *, *, #3380, .F. ) ;
#2851 = CIRCLE ( 'NONE', #3022, 1.000000000000000000 ) ;
#2852 = DIRECTION ( 'NONE',  ( 0.000000000000000000, 0.000000000000000000, -1.000000000000000000 ) ) ;
#2853 = CARTESIAN_POINT ( 'NONE',  ( 10.50000000000000178, -2.999999999999994671, 9.500000000000000000 ) ) ;
#2854 = FACE_OUTER_BOUND ( 'NONE', #83, .T. ) ;
#2855 = FACE_OUTER_BOUND ( 'NONE', #1625, .T. ) ;
#2856 = VECTOR ( 'NONE', #1526, 1000.000000000000000 ) ;
#2857 = DIRECTION ( 'NONE',  ( -1.000000000000000000, 0.000000000000000000, 0.000000000000000000 ) ) ;
#2858 = ORIENTED_EDGE ( 'NONE', *, *, #4034, .T. ) ;
#2859 = DIRECTION ( 'NONE',  ( 0.000000000000000000, 0.000000000000000000, -1.000000000000000000 ) ) ;
#2860 = CARTESIAN_POINT ( 'NONE',  ( -2.249999999999996891, -4.499999999999982236, 4.099999999999999645 ) ) ;
#2861 = ORIENTED_EDGE ( 'NONE', *, *, #3231, .F. ) ;
#2862 = DIRECTION ( 'NONE',  ( 1.338146981832763019E-16, -0.7071067811865474617, -0.7071067811865475727 ) ) ;
#2863 = ORIENTED_EDGE ( 'NONE', *, *, #994, .F. ) ;
#2864 = EDGE_CURVE ( 'NONE', #1998, #2732, #4947, .T. ) ;
#2865 = CARTESIAN_POINT ( 'NONE',  ( -1.980372179017930057, -0.5305043686298541727, 2.615222220058790459 ) ) ;
#2866 = CARTESIAN_POINT ( 'NONE',  ( 8.000000000000001776, -4.999999999999993783, 8.500000000000014211 ) ) ;
#2867 = ADVANCED_FACE ( 'NONE', ( #629 ), #4438, .F. ) ;
#2868 = ORIENTED_EDGE ( 'NONE', *, *, #3777, .F. ) ;
#2869 = CARTESIAN_POINT ( 'NONE',  ( 24.95000000000001350, 3.122849337825735135E-16, 7.749999999999999112 ) ) ;
#2870 = ORIENTED_EDGE ( 'NONE', *, *, #1159, .T. ) ;
#2871 = ORIENTED_EDGE ( 'NONE', *, *, #4127, .F. ) ;
#2872 = VECTOR ( 'NONE', #1917, 1000.000000000000000 ) ;
#2873 = EDGE_CURVE ( 'NONE', #2220, #1894, #3342, .T. ) ;
#2874 = DIRECTION ( 'NONE',  ( -1.892425610156517122E-16, 1.000000000000000000, 0.000000000000000000 ) ) ;
#2875 = ADVANCED_FACE ( 'NONE', ( #3033 ), #1856, .F. ) ;
#2876 = DIRECTION ( 'NONE',  ( 1.000000000000000000, 0.000000000000000000, 0.000000000000000000 ) ) ;
#2877 = CIRCLE ( 'NONE', #2969, 3.099999999999998757 ) ;
#2878 = CARTESIAN_POINT ( 'NONE',  ( 18.00000000000000355, -4.499999999999977796, -5.000000000000000000 ) ) ;
#2879 = AXIS2_PLACEMENT_3D ( 'NONE', #612, #1353, #3729 ) ;
#2880 = DIRECTION ( 'NONE',  ( -1.000000000000000000, 0.000000000000000000, 0.000000000000000000 ) ) ;
#2881 = VECTOR ( 'NONE', #4778, 1000.000000000000000 ) ;
#2882 = PRESENTATION_STYLE_ASSIGNMENT (( #1289 ) ) ;
#2883 = ORIENTED_EDGE ( 'NONE', *, *, #2962, .F. ) ;
#2884 = CIRCLE ( 'NONE', #1049, 3.600000000000005862 ) ;
#2885 = DIRECTION ( 'NONE',  ( -0.000000000000000000, -0.000000000000000000, 1.000000000000000000 ) ) ;
#2886 = CARTESIAN_POINT ( 'NONE',  ( -27.50000000000000000, 5.000000000000000888, 4.500000000000007105 ) ) ;
#2887 = ORIENTED_EDGE ( 'NONE', *, *, #2848, .F. ) ;
#2888 = VECTOR ( 'NONE', #270, 1000.000000000000000 ) ;
#2889 = DIRECTION ( 'NONE',  ( -0.000000000000000000, -1.000000000000000000, -0.000000000000000000 ) ) ;
#2890 = VERTEX_POINT ( 'NONE', #4589 ) ;
#2891 = AXIS2_PLACEMENT_3D ( 'NONE', #2980, #1359, #3736 ) ;
#2892 = AXIS2_PLACEMENT_3D ( 'NONE', #372, #1966, #787 ) ;
#2893 = CARTESIAN_POINT ( 'NONE',  ( -2.048227691274525863, -0.1015807972200937354, 2.629837972893480647 ) ) ;
#2894 = CARTESIAN_POINT ( 'NONE',  ( 10.00000000000000178, -4.999999999999993783, -6.000000000000000000 ) ) ;
#2895 = CONICAL_SURFACE ( 'NONE', #3479, 5.000000000000000888, 0.7853981633974482790 ) ;
#2896 = CARTESIAN_POINT ( 'NONE',  ( -14.99999999999999822, -1.171572875253809931, 4.000000000000000000 ) ) ;
#2897 = TOROIDAL_SURFACE ( 'NONE', #3992, 1.000000000000000000, 1.000000000000000000 ) ;
#2898 = ORIENTED_EDGE ( 'NONE', *, *, #1826, .F. ) ;
#2899 = DIRECTION ( 'NONE',  ( 1.000000000000000000, -8.673617379883957572E-16, 0.000000000000000000 ) ) ;
#2900 = ORIENTED_EDGE ( 'NONE', *, *, #2308, .F. ) ;
#2901 = EDGE_CURVE ( 'NONE', #1296, #659, #186, .T. ) ;
#2902 = EDGE_LOOP ( 'NONE', ( #2174, #4367, #97, #3864 ) ) ;
#2903 = FACE_OUTER_BOUND ( 'NONE', #3635, .T. ) ;
#2904 = CARTESIAN_POINT ( 'NONE',  ( -12.58578643762692195, 4.414213562373095812, -4.000000000000000000 ) ) ;
#2905 = LINE ( 'NONE', #915, #3630 ) ;
#2906 = SURFACE_SIDE_STYLE ('',( #1680 ) ) ;
#2907 = ADVANCED_FACE ( 'NONE', ( #1776 ), #969, .F. ) ;
#2908 = EDGE_CURVE ( 'NONE', #3462, #2934, #3424, .T. ) ;
#2909 = ORIENTED_EDGE ( 'NONE', *, *, #3618, .T. ) ;
#2910 = DIRECTION ( 'NONE',  ( -0.7071067811865460184, 0.000000000000000000, -0.7071067811865490160 ) ) ;
#2911 = CARTESIAN_POINT ( 'NONE',  ( 2.645751311064586719, 4.000000000000003553, -8.000000000000000000 ) ) ;
#2912 = CARTESIAN_POINT ( 'NONE',  ( 5.750000000000000888, 4.000000000000004441, 4.099999999999999645 ) ) ;
#2913 = CARTESIAN_POINT ( 'NONE',  ( -2.031996847113564542, 0.2719554567799594147, 2.625908576782318260 ) ) ;
#2914 = VERTEX_POINT ( 'NONE', #1416 ) ;
#2915 = CARTESIAN_POINT ( 'NONE',  ( 8.000000000000001776, -4.999999999999993783, 6.000000000000000000 ) ) ;
#2916 = EDGE_CURVE ( 'NONE', #1922, #4213, #4019, .T. ) ;
#2917 = VERTEX_POINT ( 'NONE', #4246 ) ;
#2918 = CYLINDRICAL_SURFACE ( 'NONE', #712, 2.049999999999999822 ) ;
#2919 = CARTESIAN_POINT ( 'NONE',  ( 11.00000000000000000, 3.000000000000005329, 6.000000000000000000 ) ) ;
#2920 = CARTESIAN_POINT ( 'NONE',  ( -1.943166455133505499, 0.6584406401850463331, 2.608868344421867214 ) ) ;
#2921 = CARTESIAN_POINT ( 'NONE',  ( -12.49444853078624718, 4.499999999999996447, 4.000000000000000000 ) ) ;
#2922 = VERTEX_POINT ( 'NONE', #1829 ) ;
#2923 = LINE ( 'NONE', #935, #2767 ) ;
#2924 = VECTOR ( 'NONE', #955, 1000.000000000000000 ) ;
#2925 = EDGE_LOOP ( 'NONE', ( #3900, #121, #416, #1157, #2056, #4045 ) ) ;
#2926 = ORIENTED_EDGE ( 'NONE', *, *, #511, .F. ) ;
#2927 = CIRCLE ( 'NONE', #2015, 1.000000000000000888 ) ;
#2928 = DIRECTION ( 'NONE',  ( 0.7071067811865475727, 0.7071067811865475727, 0.000000000000000000 ) ) ;
#2929 = DIRECTION ( 'NONE',  ( -0.7071067811865459074, -0.7071067811865491270, -0.000000000000000000 ) ) ;
#2930 = EDGE_CURVE ( 'NONE', #5149, #3538, #3418, .T. ) ;
#2931 = DIRECTION ( 'NONE',  ( 0.000000000000000000, 0.000000000000000000, 1.000000000000000000 ) ) ;
#2932 = FACE_OUTER_BOUND ( 'NONE', #201, .T. ) ;
#2933 = AXIS2_PLACEMENT_3D ( 'NONE', #256, #5092, #5042 ) ;
#2934 = VERTEX_POINT ( 'NONE', #1444 ) ;
#2935 = DIRECTION ( 'NONE',  ( -1.000000000000000000, -1.892425610156517122E-16, -8.673617379884035472E-17 ) ) ;
#2936 = CARTESIAN_POINT ( 'NONE',  ( 2.168796549525521034, 4.000000000000003553, -7.037078198100474857 ) ) ;
#2937 = FACE_OUTER_BOUND ( 'NONE', #3109, .T. ) ;
#2938 = EDGE_CURVE ( 'NONE', #577, #4462, #3257, .T. ) ;
#2939 = CARTESIAN_POINT ( 'NONE',  ( -7.499999999999996447, 4.000000000000001776, 6.000000000000000000 ) ) ;
#2940 = CIRCLE ( 'NONE', #931, 4.000000000000000888 ) ;
#2941 = CARTESIAN_POINT ( 'NONE',  ( -1.965064502412254832, 0.5846109813397307731, 2.612608716685059562 ) ) ;
#2942 = EDGE_LOOP ( 'NONE', ( #4657, #3632, #4122, #1246 ) ) ;
#2943 = CARTESIAN_POINT ( 'NONE',  ( 20.50000000000001776, -4.999999999999992006, -2.649999999999999467 ) ) ;
#2944 = ORIENTED_EDGE ( 'NONE', *, *, #1528, .T. ) ;
#2945 = ADVANCED_FACE ( 'NONE', ( #2275 ), #3474, .F. ) ;
#2946 = LINE ( 'NONE', #4155, #1300 ) ;
#2947 = EDGE_CURVE ( 'NONE', #4094, #4752, #3870, .T. ) ;
#2948 = CARTESIAN_POINT ( 'NONE',  ( -32.50000000000000000, 0.000000000000000000, -4.500000000000007105 ) ) ;
#2949 = CARTESIAN_POINT ( 'NONE',  ( -2.049988555502728627, 0.04221311994630862208, 2.630303252169589268 ) ) ;
#2950 = CARTESIAN_POINT ( 'NONE',  ( 8.000000000000001776, -4.999999999999993783, 6.000000000000000000 ) ) ;
#2951 = ORIENTED_EDGE ( 'NONE', *, *, #2420, .T. ) ;
#2952 = CARTESIAN_POINT ( 'NONE',  ( -27.50000000000000000, -5.000000000000000888, 5.500000000000014211 ) ) ;
#2953 = ORIENTED_EDGE ( 'NONE', *, *, #3933, .T. ) ;
#2954 = VERTEX_POINT ( 'NONE', #4554 ) ;
#2955 = VECTOR ( 'NONE', #3557, 1000.000000000000000 ) ;
#2956 = PLANE ( 'NONE',  #3067 ) ;
#2957 = DIRECTION ( 'NONE',  ( -0.000000000000000000, -1.000000000000000000, -0.000000000000000000 ) ) ;
#2958 = DIRECTION ( 'NONE',  ( -1.892425610156517122E-16, 1.000000000000000000, 0.000000000000000000 ) ) ;
#2959 = CIRCLE ( 'NONE', #374, 1.000000000000000000 ) ;
#2960 = CARTESIAN_POINT ( 'NONE',  ( -2.650129400423570036, -0.2063886845847100193, 2.140434619515600101 ) ) ;
#2961 = VERTEX_POINT ( 'NONE', #3333 ) ;
#2962 = EDGE_CURVE ( 'NONE', #2145, #5, #98, .T. ) ;
#2963 = CARTESIAN_POINT ( 'NONE',  ( 29.55000000000000071, 0.000000000000000000, -7.249999999999996447 ) ) ;
#2964 = CARTESIAN_POINT ( 'NONE',  ( 11.82287565553230202, -4.499999999999991118, 7.749999999999998224 ) ) ;
#2965 = AXIS2_PLACEMENT_3D ( 'NONE', #306, #1867, #2697 ) ;
#2966 = FACE_OUTER_BOUND ( 'NONE', #2651, .T. ) ;
#2967 = FACE_OUTER_BOUND ( 'NONE', #3670, .T. ) ;
#2968 = CARTESIAN_POINT ( 'NONE',  ( -2.249999999999996891, -4.999999999999996447, 4.099999999999999645 ) ) ;
#2969 = AXIS2_PLACEMENT_3D ( 'NONE', #932, #1744, #1797 ) ;
#2970 = ORIENTED_EDGE ( 'NONE', *, *, #2395, .T. ) ;
#2971 = EDGE_CURVE ( 'NONE', #4577, #1983, #2177, .T. ) ;
#2972 = CYLINDRICAL_SURFACE ( 'NONE', #3548, 2.000000000000000000 ) ;
#2973 = DIRECTION ( 'NONE',  ( 2.453269466693396649E-15, -0.7071067811865474617, -0.7071067811865474617 ) ) ;
#2974 = EDGE_CURVE ( 'NONE', #2814, #4915, #1841, .T. ) ;
#2975 = VECTOR ( 'NONE', #2152, 1000.000000000000000 ) ;
#2976 = EDGE_CURVE ( 'NONE', #2227, #2662, #4775, .T. ) ;
#2977 = CARTESIAN_POINT ( 'NONE',  ( -1.998661308800280478, 0.4578173459108019760, 2.618649111210239244 ) ) ;
#2978 = CARTESIAN_POINT ( 'NONE',  ( 25.41622186799687100, -11.81769303614650113, -2.649999999999999911 ) ) ;
#2979 = ORIENTED_EDGE ( 'NONE', *, *, #458, .F. ) ;
#2980 = CARTESIAN_POINT ( 'NONE',  ( -7.499999999999994671, -4.999999999999997335, 6.000000000000000000 ) ) ;
#2981 = AXIS2_PLACEMENT_3D ( 'NONE', #3903, #3926, #4375 ) ;
#2982 = VERTEX_POINT ( 'NONE', #1771 ) ;
#2983 = VECTOR ( 'NONE', #3714, 1000.000000000000000 ) ;
#2984 = CARTESIAN_POINT ( 'NONE',  ( -0.2409053476266060090, 3.999999999992763122, -7.940391665668891541 ) ) ;
#2985 = CARTESIAN_POINT ( 'NONE',  ( 18.00000000000000355, -4.999999999999992006, -3.000000000000000000 ) ) ;
#2986 = LINE ( 'NONE', #2504, #4469 ) ;
#2987 = FACE_OUTER_BOUND ( 'NONE', #24, .T. ) ;
#2988 = ORIENTED_EDGE ( 'NONE', *, *, #2974, .T. ) ;
#2989 = DIRECTION ( 'NONE',  ( -1.000000000000000000, -1.776356839400250465E-15, 0.000000000000000000 ) ) ;
#2990 = DIRECTION ( 'NONE',  ( 1.000000000000000000, 1.892425610156517122E-16, -0.000000000000000000 ) ) ;
#2991 = LINE ( 'NONE', #4173, #537 ) ;
#2992 = CARTESIAN_POINT ( 'NONE',  ( -1.898880794813310846, 0.7726343824530275128, 2.604174639132464275 ) ) ;
#2993 = CARTESIAN_POINT ( 'NONE',  ( 30.04999999999998650, 0.000000000000000000, 7.749999999999999112 ) ) ;
#2994 = ORIENTED_EDGE ( 'NONE', *, *, #3762, .T. ) ;
#2995 = CARTESIAN_POINT ( 'NONE',  ( 11.00000000000000000, 4.000000000000005329, -6.000000000000000000 ) ) ;
#2996 = LINE ( 'NONE', #4550, #4355 ) ;
#2997 = EDGE_CURVE ( 'NONE', #2328, #4695, #2588, .T. ) ;
#2998 = ORIENTED_EDGE ( 'NONE', *, *, #160, .F. ) ;
#2999 = CARTESIAN_POINT ( 'NONE',  ( -27.50000000000000000, 0.000000000000000000, 4.000000000000000000 ) ) ;
#3000 = CARTESIAN_POINT ( 'NONE',  ( -12.12498720617873538, 4.825834261322585306, 4.325834261322587970 ) ) ;
#3001 = ORIENTED_EDGE ( 'NONE', *, *, #4707, .F. ) ;
#3002 = DIRECTION ( 'NONE',  ( -0.000000000000000000, -0.000000000000000000, 1.000000000000000000 ) ) ;
#3003 = EDGE_CURVE ( 'NONE', #4474, #2238, #4351, .T. ) ;
#3004 = VERTEX_POINT ( 'NONE', #2191 ) ;
#3005 = CARTESIAN_POINT ( 'NONE',  ( -0.2065233688576432747, 4.000000000000001776, -7.880764232261222801 ) ) ;
#3006 = VERTEX_POINT ( 'NONE', #515 ) ;
#3007 = CARTESIAN_POINT ( 'NONE',  ( 18.00000000000000355, 4.000000000000007105, 3.000000000000000000 ) ) ;
#3008 = CONICAL_SURFACE ( 'NONE', #1175, 5.000000000000000888, 0.7853981633974482790 ) ;
#3009 = EDGE_CURVE ( 'NONE', #1694, #2954, #4275, .T. ) ;
#3010 = EDGE_CURVE ( 'NONE', #369, #4511, #262, .T. ) ;
#3011 = DIRECTION ( 'NONE',  ( -1.652117596168388495E-16, 1.000000000000000000, 0.000000000000000000 ) ) ;
#3012 = ORIENTED_EDGE ( 'NONE', *, *, #1368, .T. ) ;
#3013 = AXIS2_PLACEMENT_3D ( 'NONE', #3024, #1034, #3358 ) ;
#3014 = AXIS2_PLACEMENT_3D ( 'NONE', #4208, #3783, #2216 ) ;
#3015 = PLANE ( 'NONE',  #5155 ) ;
#3016 = CARTESIAN_POINT ( 'NONE',  ( -4.249999999999996447, -4.499999999999982236, 4.099999999999999645 ) ) ;
#3017 = FACE_OUTER_BOUND ( 'NONE', #3477, .T. ) ;
#3018 = DIRECTION ( 'NONE',  ( -1.000000000000000000, 0.000000000000000000, 0.000000000000000000 ) ) ;
#3019 = CIRCLE ( 'NONE', #765, 2.000000000000000000 ) ;
#3020 = DIRECTION ( 'NONE',  ( 0.000000000000000000, -0.7071067811865482389, -0.7071067811865469066 ) ) ;
#3021 = ORIENTED_EDGE ( 'NONE', *, *, #510, .T. ) ;
#3022 = AXIS2_PLACEMENT_3D ( 'NONE', #560, #1374, #926 ) ;
#3023 = CARTESIAN_POINT ( 'NONE',  ( 10.50000000000000178, -2.999999999999994671, 7.749999999999998224 ) ) ;
#3024 = CARTESIAN_POINT ( 'NONE',  ( 8.000000000000001776, -4.999999999999993783, -6.000000000000000000 ) ) ;
#3025 = EDGE_LOOP ( 'NONE', ( #2831, #3090, #570, #2435 ) ) ;
#3026 = CARTESIAN_POINT ( 'NONE',  ( -2.632988611386004152, 0.2600788314351542008, 2.136993368094948220 ) ) ;
#3027 = DIRECTION ( 'NONE',  ( -1.000000000000000000, -3.469446951953594467E-16, 0.000000000000000000 ) ) ;
#3028 = VERTEX_POINT ( 'NONE', #4160 ) ;
#3029 = PLANE ( 'NONE',  #1340 ) ;
#3030 = ORIENTED_EDGE ( 'NONE', *, *, #2938, .F. ) ;
#3031 = ADVANCED_FACE ( 'NONE', ( #233 ), #1014, .F. ) ;
#3032 = DIRECTION ( 'NONE',  ( -1.892425610156517122E-16, 1.000000000000000000, 0.000000000000000000 ) ) ;
#3033 = FACE_OUTER_BOUND ( 'NONE', #3573, .T. ) ;
#3034 = DIRECTION ( 'NONE',  ( -0.000000000000000000, -0.000000000000000000, 1.000000000000000000 ) ) ;
#3035 = DIRECTION ( 'NONE',  ( 1.000000000000000000, 0.000000000000000000, 0.000000000000000000 ) ) ;
#3036 = EDGE_LOOP ( 'NONE', ( #3830, #1200 ) ) ;
#3037 = EDGE_CURVE ( 'NONE', #3936, #389, #3178, .T. ) ;
#3038 = EDGE_CURVE ( 'NONE', #904, #1272, #3851, .T. ) ;
#3039 = LINE ( 'NONE', #4222, #4154 ) ;
#3040 = DIRECTION ( 'NONE',  ( 1.000000000000000000, 0.000000000000000000, 0.000000000000000000 ) ) ;
#3041 = AXIS2_PLACEMENT_3D ( 'NONE', #387, #1660, #1222 ) ;
#3042 = LINE ( 'NONE', #3504, #1870 ) ;
#3043 = DIRECTION ( 'NONE',  ( 0.000000000000000000, 0.000000000000000000, -1.000000000000000000 ) ) ;
#3044 = ORIENTED_EDGE ( 'NONE', *, *, #2235, .F. ) ;
#3045 = AXIS2_PLACEMENT_3D ( 'NONE', #2224, #3823, #3064 ) ;
#3046 = VECTOR ( 'NONE', #4595, 1000.000000000000000 ) ;
#3047 = DIRECTION ( 'NONE',  ( 0.000000000000000000, 0.000000000000000000, 1.000000000000000000 ) ) ;
#3048 = CARTESIAN_POINT ( 'NONE',  ( -12.49444853078624718, 4.499999999999996447, -4.000000000000000000 ) ) ;
#3049 = AXIS2_PLACEMENT_3D ( 'NONE', #5164, #1188, #2092 ) ;
#3050 = ORIENTED_EDGE ( 'NONE', *, *, #1872, .T. ) ;
#3051 = CIRCLE ( 'NONE', #717, 2.000000000000000000 ) ;
#3052 = AXIS2_PLACEMENT_3D ( 'NONE', #2939, #946, #4148 ) ;
#3053 = VERTEX_POINT ( 'NONE', #4581 ) ;
#3054 = CARTESIAN_POINT ( 'NONE',  ( -2.249999999999997780, 1.200000000000011724, 2.099999999999999201 ) ) ;
#3055 = DIRECTION ( 'NONE',  ( -0.000000000000000000, -0.000000000000000000, 1.000000000000000000 ) ) ;
#3056 = ORIENTED_EDGE ( 'NONE', *, *, #3582, .T. ) ;
#3057 = DIRECTION ( 'NONE',  ( -1.000000000000000000, -1.892425610156517122E-16, 0.000000000000000000 ) ) ;
#3058 = CONICAL_SURFACE ( 'NONE', #3725, 1.500000000000013545, 0.7853981633974482790 ) ;
#3059 = ORIENTED_EDGE ( 'NONE', *, *, #2836, .T. ) ;
#3060 = FACE_OUTER_BOUND ( 'NONE', #2770, .T. ) ;
#3061 = VECTOR ( 'NONE', #4873, 1000.000000000000000 ) ;
#3062 = VERTEX_POINT ( 'NONE', #155 ) ;
#3063 = CARTESIAN_POINT ( 'NONE',  ( 11.00000000000000000, 4.000000000000005329, -4.000000000000000000 ) ) ;
#3064 = DIRECTION ( 'NONE',  ( 1.000000000000000000, 0.000000000000000000, 0.000000000000000000 ) ) ;
#3065 = EDGE_CURVE ( 'NONE', #3821, #4300, #1758, .T. ) ;
#3066 = DIRECTION ( 'NONE',  ( -0.000000000000000000, -0.000000000000000000, -1.000000000000000000 ) ) ;
#3067 = AXIS2_PLACEMENT_3D ( 'NONE', #889, #2928, #3287 ) ;
#3068 = ORIENTED_EDGE ( 'NONE', *, *, #4678, .F. ) ;
#3069 = PLANE ( 'NONE',  #2553 ) ;
#3070 = CARTESIAN_POINT ( 'NONE',  ( 20.50000000000001421, -4.999999999999992006, -3.000000000000000000 ) ) ;
#3071 = FACE_OUTER_BOUND ( 'NONE', #2123, .T. ) ;
#3072 = EDGE_CURVE ( 'NONE', #4915, #5170, #2763, .T. ) ;
#3073 = ADVANCED_FACE ( 'NONE', ( #3360 ), #4608, .F. ) ;
#3074 = DIRECTION ( 'NONE',  ( -1.338146981832763265E-16, 0.7071067811865476838, 0.7071067811865473507 ) ) ;
#3075 = VERTEX_POINT ( 'NONE', #4964 ) ;
#3076 = DIRECTION ( 'NONE',  ( -1.000000000000000000, 0.000000000000000000, 0.000000000000000000 ) ) ;
#3077 = CARTESIAN_POINT ( 'NONE',  ( 21.96939473245415186, -11.20992441431226005, -4.900000000000000355 ) ) ;
#3078 = EDGE_CURVE ( 'NONE', #2544, #4434, #2421, .T. ) ;
#3079 = ORIENTED_EDGE ( 'NONE', *, *, #798, .F. ) ;
#3080 = ORIENTED_EDGE ( 'NONE', *, *, #5040, .T. ) ;
#3081 = CARTESIAN_POINT ( 'NONE',  ( -2.647858586953799609, 0.1043617353325070468, 2.139967504588662361 ) ) ;
#3082 = CARTESIAN_POINT ( 'NONE',  ( 12.00000000000000000, 3.000000000000008882, 10.00000000000000000 ) ) ;
#3083 = ORIENTED_EDGE ( 'NONE', *, *, #2974, .F. ) ;
#3084 = CARTESIAN_POINT ( 'NONE',  ( -27.50000000000000000, -5.000000000000000888, 8.500000000000014211 ) ) ;
#3085 = ORIENTED_EDGE ( 'NONE', *, *, #1782, .F. ) ;
#3086 = CARTESIAN_POINT ( 'NONE',  ( -4.000000000000000888, 0.000000000000000000, -8.000000000000000000 ) ) ;
#3087 = ORIENTED_EDGE ( 'NONE', *, *, #105, .F. ) ;
#3088 = LINE ( 'NONE', #1906, #1792 ) ;
#3089 = DIRECTION ( 'NONE',  ( -1.000000000000000000, -1.652117596168388495E-16, 0.000000000000000000 ) ) ;
#3090 = ORIENTED_EDGE ( 'NONE', *, *, #3971, .T. ) ;
#3091 = EDGE_CURVE ( 'NONE', #1439, #2922, #345, .T. ) ;
#3092 = DIRECTION ( 'NONE',  ( 1.000000000000000000, 1.892425610156517122E-16, 0.000000000000000000 ) ) ;
#3093 = CARTESIAN_POINT ( 'NONE',  ( 1.074595307949115064, 3.862240854453415029, -7.999999999049825838 ) ) ;
#3094 = PLANE ( 'NONE',  #4720 ) ;
#3095 = CIRCLE ( 'NONE', #840, 2.049999999999999822 ) ;
#3096 = DIRECTION ( 'NONE',  ( 0.1736481776669270838, 0.9848077530122086864, 0.000000000000000000 ) ) ;
#3097 = AXIS2_PLACEMENT_3D ( 'NONE', #4182, #591, #4993 ) ;
#3098 = VERTEX_POINT ( 'NONE', #4239 ) ;
#3099 = EDGE_CURVE ( 'NONE', #3650, #1698, #1926, .T. ) ;
#3100 = CARTESIAN_POINT ( 'NONE',  ( -2.404717615038796996, 4.000000000000000888, -6.999999999999999112 ) ) ;
#3101 = VECTOR ( 'NONE', #3892, 1000.000000000000227 ) ;
#3102 = DIRECTION ( 'NONE',  ( 0.000000000000000000, 0.000000000000000000, -1.000000000000000000 ) ) ;
#3103 = ORIENTED_EDGE ( 'NONE', *, *, #5056, .T. ) ;
#3104 = ORIENTED_EDGE ( 'NONE', *, *, #731, .T. ) ;
#3105 = EDGE_CURVE ( 'NONE', #3724, #1583, #3491, .T. ) ;
#3106 = EDGE_CURVE ( 'NONE', #4851, #1035, #4685, .T. ) ;
#3107 = CARTESIAN_POINT ( 'NONE',  ( -2.580353215466926198, -0.5161658203040835335, 2.127429391868207009 ) ) ;
#3108 = CARTESIAN_POINT ( 'NONE',  ( 19.00000000000000000, 3.000000000000006661, 0.000000000000000000 ) ) ;
#3109 = EDGE_LOOP ( 'NONE', ( #4690, #3226, #3083, #3111 ) ) ;
#3110 = DIRECTION ( 'NONE',  ( 1.000000000000000000, 0.000000000000000000, 0.000000000000000000 ) ) ;
#3111 = ORIENTED_EDGE ( 'NONE', *, *, #167, .F. ) ;
#3112 = ORIENTED_EDGE ( 'NONE', *, *, #1115, .F. ) ;
#3113 = CYLINDRICAL_SURFACE ( 'NONE', #3550, 2.000000000000000000 ) ;
#3114 = CARTESIAN_POINT ( 'NONE',  ( -11.17157287525380838, -4.999999999999997335, -4.500000000000007105 ) ) ;
#3115 = VERTEX_POINT ( 'NONE', #2736 ) ;
#3116 = CARTESIAN_POINT ( 'NONE',  ( 10.49999999999999822, 4.500000000000021316, -10.00000000000000000 ) ) ;
#3117 = CARTESIAN_POINT ( 'NONE',  ( -27.50000000000000000, 0.000000000000000000, 9.500000000000000000 ) ) ;
#3118 = DIRECTION ( 'NONE',  ( -1.000000000000000000, -1.652117596168388495E-16, 0.000000000000000000 ) ) ;
#3119 = CARTESIAN_POINT ( 'NONE',  ( -25.30000000000000071, 0.000000000000000000, -5.799999999999999822 ) ) ;
#3120 = ORIENTED_EDGE ( 'NONE', *, *, #457, .F. ) ;
#3121 = CARTESIAN_POINT ( 'NONE',  ( -27.50000000000000000, 5.000000000000000888, 10.00000000000000000 ) ) ;
#3122 = CARTESIAN_POINT ( 'NONE',  ( -2.249999999999996891, -4.499999999999982236, 2.099999999999999645 ) ) ;
#3123 = ORIENTED_EDGE ( 'NONE', *, *, #424, .F. ) ;
#3124 = PLANE ( 'NONE',  #3607 ) ;
#3125 = ADVANCED_FACE ( 'NONE', ( #651 ), #2243, .F. ) ;
#3126 = AXIS2_PLACEMENT_3D ( 'NONE', #3376, #3118, #4278 ) ;
#3127 = ORIENTED_EDGE ( 'NONE', *, *, #2997, .F. ) ;
#3128 = CARTESIAN_POINT ( 'NONE',  ( -2.472812657340679454, 0.8190359181891497808, 2.111824459233155871 ) ) ;
#3129 = CARTESIAN_POINT ( 'NONE',  ( -14.41421356237309759, 2.585786437626909962, 4.000000000000000000 ) ) ;
#3130 = AXIS2_PLACEMENT_3D ( 'NONE', #213, #2931, #3791 ) ;
#3131 = CARTESIAN_POINT ( 'NONE',  ( -25.30000000000000071, 0.000000000000000000, -10.00000000000000000 ) ) ;
#3132 = CARTESIAN_POINT ( 'NONE',  ( -7.499999999999996447, 4.000000000000002665, -7.000000000000000000 ) ) ;
#3133 = CIRCLE ( 'NONE', #4051, 2.500000000000015987 ) ;
#3134 = EDGE_CURVE ( 'NONE', #3869, #2562, #1509, .T. ) ;
#3135 = EDGE_CURVE ( 'NONE', #3405, #5136, #1146, .T. ) ;
#3136 = ORIENTED_EDGE ( 'NONE', *, *, #1539, .F. ) ;
#3137 = DIRECTION ( 'NONE',  ( -1.000000000000000000, -1.652117596168388495E-16, 0.000000000000000000 ) ) ;
#3138 = VERTEX_POINT ( 'NONE', #3839 ) ;
#3139 = CARTESIAN_POINT ( 'NONE',  ( 27.50000000000000000, 0.000000000000000000, 7.249999999999999112 ) ) ;
#3140 = DIRECTION ( 'NONE',  ( -0.000000000000000000, -0.000000000000000000, -1.000000000000000000 ) ) ;
#3141 = ORIENTED_EDGE ( 'NONE', *, *, #4327, .F. ) ;
#3142 = STYLED_ITEM ( 'NONE', ( #2882 ), #4145 ) ;
#3143 = DIRECTION ( 'NONE',  ( -0.000000000000000000, -0.000000000000000000, -1.000000000000000000 ) ) ;
#3144 = DIRECTION ( 'NONE',  ( 1.000000000000000000, 0.000000000000000000, 0.000000000000000000 ) ) ;
#3145 = DIRECTION ( 'NONE',  ( 0.000000000000000000, 0.000000000000000000, -1.000000000000000000 ) ) ;
#3146 = AXIS2_PLACEMENT_3D ( 'NONE', #524, #1683, #898 ) ;
#3147 = LINE ( 'NONE', #2781, #4448 ) ;
#3148 = ORIENTED_EDGE ( 'NONE', *, *, #4854, .F. ) ;
#3149 = CARTESIAN_POINT ( 'NONE',  ( 23.06437195485759517, -4.999999999999992006, 2.649999999999999911 ) ) ;
#3150 = DIRECTION ( 'NONE',  ( -1.000000000000000000, 0.000000000000000000, 0.000000000000000000 ) ) ;
#3151 = ORIENTED_EDGE ( 'NONE', *, *, #595, .T. ) ;
#3152 = CYLINDRICAL_SURFACE ( 'NONE', #3770, 2.000000000000000000 ) ;
#3153 = EDGE_LOOP ( 'NONE', ( #2104, #3881, #1682, #1657 ) ) ;
#3154 = FACE_OUTER_BOUND ( 'NONE', #744, .T. ) ;
#3155 = EDGE_CURVE ( 'NONE', #2732, #980, #507, .T. ) ;
#3156 = CARTESIAN_POINT ( 'NONE',  ( 32.50000000000000000, 0.000000000000000000, -7.250000000000000888 ) ) ;
#3157 = DIRECTION ( 'NONE',  ( 1.892425610156516875E-16, -1.000000000000000000, 0.000000000000000000 ) ) ;
#3158 = ORIENTED_EDGE ( 'NONE', *, *, #125, .F. ) ;
#3159 = EDGE_CURVE ( 'NONE', #4511, #369, #1100, .T. ) ;
#3160 = ORIENTED_EDGE ( 'NONE', *, *, #425, .F. ) ;
#3161 = FACE_OUTER_BOUND ( 'NONE', #3586, .T. ) ;
#3162 = DIRECTION ( 'NONE',  ( -1.892425610156517122E-16, 1.000000000000000000, -0.000000000000000000 ) ) ;
#3163 = ORIENTED_EDGE ( 'NONE', *, *, #4357, .T. ) ;
#3164 = EDGE_LOOP ( 'NONE', ( #4287, #4582, #4677, #2278 ) ) ;
#3165 = EDGE_CURVE ( 'NONE', #2306, #474, #3183, .T. ) ;
#3166 = LINE ( 'NONE', #841, #3989 ) ;
#3167 = EDGE_CURVE ( 'NONE', #2982, #784, #2291, .T. ) ;
#3168 = DIRECTION ( 'NONE',  ( 1.000000000000000000, 0.000000000000000000, 0.000000000000000000 ) ) ;
#3169 = DIRECTION ( 'NONE',  ( 0.000000000000000000, 0.000000000000000000, -1.000000000000000000 ) ) ;
#3170 = CARTESIAN_POINT ( 'NONE',  ( 12.00000000000001599, -2.999999999999994671, -10.00000000000000000 ) ) ;
#3171 = VERTEX_POINT ( 'NONE', #4289 ) ;
#3172 = FACE_BOUND ( 'NONE', #2776, .T. ) ;
#3173 = DIRECTION ( 'NONE',  ( 0.000000000000000000, 0.000000000000000000, -1.000000000000000000 ) ) ;
#3174 = ORIENTED_EDGE ( 'NONE', *, *, #4863, .F. ) ;
#3175 = DIRECTION ( 'NONE',  ( 0.000000000000000000, 0.7071067811865469066, -0.7071067811865482389 ) ) ;
#3176 = EDGE_LOOP ( 'NONE', ( #107, #1282, #937, #35 ) ) ;
#3177 = CIRCLE ( 'NONE', #4524, 2.049999999999999822 ) ;
#3178 = CIRCLE ( 'NONE', #2843, 4.500000000000000888 ) ;
#3179 = FACE_OUTER_BOUND ( 'NONE', #347, .T. ) ;
#3180 = CARTESIAN_POINT ( 'NONE',  ( -2.037174517310943678, -0.2298030017992772345, 2.627136600162974123 ) ) ;
#3181 = FACE_OUTER_BOUND ( 'NONE', #3262, .T. ) ;
#3182 = AXIS2_PLACEMENT_3D ( 'NONE', #2446, #4053, #3280 ) ;
#3183 = CIRCLE ( 'NONE', #2506, 5.000000000000000888 ) ;
#3184 = ORIENTED_EDGE ( 'NONE', *, *, #3941, .T. ) ;
#3185 = VECTOR ( 'NONE', #4730, 1000.000000000000000 ) ;
#3186 = LINE ( 'NONE', #5099, #1032 ) ;
#3187 = EDGE_LOOP ( 'NONE', ( #1561, #2079, #1324, #1904 ) ) ;
#3188 = EDGE_CURVE ( 'NONE', #3738, #2238, #5148, .T. ) ;
#3189 = EDGE_LOOP ( 'NONE', ( #4400, #2475, #5064, #1290 ) ) ;
#3190 = DIRECTION ( 'NONE',  ( -1.000000000000000000, -2.168404344971008868E-16, 0.000000000000000000 ) ) ;
#3191 = CARTESIAN_POINT ( 'NONE',  ( -12.99999999999999822, -1.171572875253809709, -4.000000000000000000 ) ) ;
#3192 = CARTESIAN_POINT ( 'NONE',  ( -6.608470384673556940E-16, 4.000000000000001776, -8.000000000000000000 ) ) ;
#3193 = FACE_OUTER_BOUND ( 'NONE', #3980, .T. ) ;
#3194 = EDGE_CURVE ( 'NONE', #2732, #1512, #2653, .T. ) ;
#3195 = ADVANCED_FACE ( 'NONE', ( #1461 ), #282, .F. ) ;
#3196 = ORIENTED_EDGE ( 'NONE', *, *, #903, .F. ) ;
#3197 = LINE ( 'NONE', #4435, #3543 ) ;
#3198 = CARTESIAN_POINT ( 'NONE',  ( 20.00000000000000000, -4.499999999999979572, 3.000000000000000000 ) ) ;
#3199 = VERTEX_POINT ( 'NONE', #726 ) ;
#3200 = FACE_OUTER_BOUND ( 'NONE', #2360, .T. ) ;
#3201 = ORIENTED_EDGE ( 'NONE', *, *, #3777, .T. ) ;
#3202 = VECTOR ( 'NONE', #580, 1000.000000000000000 ) ;
#3203 = DIRECTION ( 'NONE',  ( -1.000000000000000000, -2.168404344971006896E-16, 0.000000000000000000 ) ) ;
#3204 = DIRECTION ( 'NONE',  ( -0.000000000000000000, -0.000000000000000000, 1.000000000000000000 ) ) ;
#3205 = DIRECTION ( 'NONE',  ( 0.000000000000000000, 0.000000000000000000, 1.000000000000000000 ) ) ;
#3206 = AXIS2_PLACEMENT_3D ( 'NONE', #438, #2437, #900 ) ;
#3207 = CIRCLE ( 'NONE', #2124, 1.000000000000000000 ) ;
#3208 = AXIS2_PLACEMENT_3D ( 'NONE', #823, #1659, #3224 ) ;
#3209 = VERTEX_POINT ( 'NONE', #2705 ) ;
#3210 = CARTESIAN_POINT ( 'NONE',  ( 8.000000000000000000, 3.000000000000005329, -7.000000000000000000 ) ) ;
#3211 = AXIS2_PLACEMENT_3D ( 'NONE', #1551, #16, #5082 ) ;
#3212 = CARTESIAN_POINT ( 'NONE',  ( -27.50000000000000000, -5.000000000000000888, 4.900000000000000355 ) ) ;
#3213 = ORIENTED_EDGE ( 'NONE', *, *, #3155, .F. ) ;
#3214 = ORIENTED_EDGE ( 'NONE', *, *, #3674, .T. ) ;
#3215 = FACE_OUTER_BOUND ( 'NONE', #4902, .T. ) ;
#3216 = CARTESIAN_POINT ( 'NONE',  ( -6.249999999999998224, 3.000000000000001776, 8.000000000000000000 ) ) ;
#3217 = ADVANCED_FACE ( 'NONE', ( #3465 ), #698, .F. ) ;
#3218 = LINE ( 'NONE', #768, #3628 ) ;
#3219 = CARTESIAN_POINT ( 'NONE',  ( -27.50000000000000000, 0.000000000000000000, 9.499999999999989342 ) ) ;
#3220 = CIRCLE ( 'NONE', #3895, 2.000000000000000000 ) ;
#3221 = ORIENTED_EDGE ( 'NONE', *, *, #4762, .T. ) ;
#3222 = ADVANCED_FACE ( 'NONE', ( #3154 ), #4758, .F. ) ;
#3223 = AXIS2_PLACEMENT_3D ( 'NONE', #2612, #2663, #2309 ) ;
#3224 = DIRECTION ( 'NONE',  ( 1.000000000000000000, 0.000000000000000000, 0.000000000000000000 ) ) ;
#3225 = FACE_OUTER_BOUND ( 'NONE', #3283, .T. ) ;
#3226 = ORIENTED_EDGE ( 'NONE', *, *, #3072, .F. ) ;
#3227 = LINE ( 'NONE', #74, #3185 ) ;
#3228 = ORIENTED_EDGE ( 'NONE', *, *, #5117, .F. ) ;
#3229 = VECTOR ( 'NONE', #2407, 1000.000000000000000 ) ;
#3230 = CARTESIAN_POINT ( 'NONE',  ( 11.00000000000000000, 3.000000000000005329, -6.000000000000000000 ) ) ;
#3231 = EDGE_CURVE ( 'NONE', #1225, #664, #1117, .T. ) ;
#3232 = CARTESIAN_POINT ( 'NONE',  ( -1.947316162182291199, -0.6411364923065732135, 2.609890250672593837 ) ) ;
#3233 = DIRECTION ( 'NONE',  ( 1.892425610156517122E-16, -1.000000000000000000, 0.000000000000000000 ) ) ;
#3234 = ORIENTED_EDGE ( 'NONE', *, *, #1193, .F. ) ;
#3235 = DIRECTION ( 'NONE',  ( -1.000000000000000000, 0.000000000000000000, -0.000000000000000000 ) ) ;
#3236 = VERTEX_POINT ( 'NONE', #3129 ) ;
#3237 = ORIENTED_EDGE ( 'NONE', *, *, #1886, .F. ) ;
#3238 = DIRECTION ( 'NONE',  ( -1.000000000000000000, -1.892425610156516875E-16, 0.000000000000000000 ) ) ;
#3239 = CARTESIAN_POINT ( 'NONE',  ( 27.50000000000000355, 0.000000000000000000, 4.900000000000000355 ) ) ;
#3240 = CARTESIAN_POINT ( 'NONE',  ( 27.50000000000000000, 0.000000000000000000, 7.750000000000001776 ) ) ;
#3241 = CARTESIAN_POINT ( 'NONE',  ( 0.000000000000000000, 0.000000000000000000, -8.000000000000000000 ) ) ;
#3242 = LINE ( 'NONE', #1472, #4481 ) ;
#3243 = ORIENTED_EDGE ( 'NONE', *, *, #5026, .F. ) ;
#3244 = EDGE_CURVE ( 'NONE', #3448, #1714, #1766, .T. ) ;
#3245 = DIRECTION ( 'NONE',  ( -0.000000000000000000, -0.000000000000000000, -1.000000000000000000 ) ) ;
#3246 = CARTESIAN_POINT ( 'NONE',  ( -7.499999999999996447, 3.000000000000002220, 6.000000000000000000 ) ) ;
#3247 = EDGE_LOOP ( 'NONE', ( #2382, #3174, #3148, #1910 ) ) ;
#3248 = DIRECTION ( 'NONE',  ( 0.000000000000000000, 0.000000000000000000, -1.000000000000000000 ) ) ;
#3249 = ORIENTED_EDGE ( 'NONE', *, *, #141, .T. ) ;
#3250 = ADVANCED_FACE ( 'NONE', ( #2537 ), #2417, .F. ) ;
#3251 = AXIS2_PLACEMENT_3D ( 'NONE', #4760, #5094, #3921 ) ;
#3252 = CARTESIAN_POINT ( 'NONE',  ( -27.50000000000000000, 5.000000000000000888, -4.500000000000007105 ) ) ;
#3253 = LINE ( 'NONE', #2866, #4097 ) ;
#3254 = AXIS2_PLACEMENT_3D ( 'NONE', #2597, #3305, #3382 ) ;
#3255 = EDGE_CURVE ( 'NONE', #1375, #583, #1514, .T. ) ;
#3256 = EDGE_CURVE ( 'NONE', #4344, #2068, #854, .T. ) ;
#3257 = CIRCLE ( 'NONE', #3679, 4.000000000000000888 ) ;
#3258 = ORIENTED_EDGE ( 'NONE', *, *, #1539, .T. ) ;
#3259 = CARTESIAN_POINT ( 'NONE',  ( -6.249999999999996447, -4.999999999999998224, 6.000000000000000000 ) ) ;
#3260 = AXIS2_PLACEMENT_3D ( 'NONE', #312, #5071, #1563 ) ;
#3261 = ORIENTED_EDGE ( 'NONE', *, *, #4187, .T. ) ;
#3262 = EDGE_LOOP ( 'NONE', ( #2699, #1073, #1901, #1930 ) ) ;
#3263 = AXIS2_PLACEMENT_3D ( 'NONE', #1297, #4152, #2541 ) ;
#3264 = CARTESIAN_POINT ( 'NONE',  ( 2.049999999999999822, 0.000000000000000000, 9.500000000000010658 ) ) ;
#3265 = DIRECTION ( 'NONE',  ( -1.652117596168388495E-16, 1.000000000000000000, 0.000000000000000000 ) ) ;
#3266 = FACE_OUTER_BOUND ( 'NONE', #4717, .T. ) ;
#3267 = LINE ( 'NONE', #1241, #4135 ) ;
#3268 = FILL_AREA_STYLE ('',( #481 ) ) ;
#3269 = EDGE_LOOP ( 'NONE', ( #542, #1641, #3578, #3811 ) ) ;
#3270 = PLANE ( 'NONE',  #4321 ) ;
#3271 = FACE_OUTER_BOUND ( 'NONE', #1097, .T. ) ;
#3272 = CARTESIAN_POINT ( 'NONE',  ( 4.249999999999986677, -4.999999999999994671, 10.00000000000000000 ) ) ;
#3273 = EDGE_LOOP ( 'NONE', ( #1916, #2626, #2033, #4740 ) ) ;
#3274 = DIRECTION ( 'NONE',  ( -0.000000000000000000, -0.000000000000000000, 1.000000000000000000 ) ) ;
#3275 = ORIENTED_EDGE ( 'NONE', *, *, #4098, .F. ) ;
#3276 = CARTESIAN_POINT ( 'NONE',  ( -1.994387477669227415, -0.4742914790940008229, 2.617864687913946220 ) ) ;
#3277 = CARTESIAN_POINT ( 'NONE',  ( 2.750000000000002665, -4.999999999999994671, 4.099999999999999645 ) ) ;
#3278 = ADVANCED_FACE ( 'NONE', ( #2155 ), #5024, .T. ) ;
#3279 = EDGE_LOOP ( 'NONE', ( #26, #4072, #602, #4588 ) ) ;
#3280 = DIRECTION ( 'NONE',  ( 1.000000000000000000, 0.000000000000000000, 0.000000000000000000 ) ) ;
#3281 = EDGE_CURVE ( 'NONE', #1339, #2720, #3497, .T. ) ;
#3282 = EDGE_CURVE ( 'NONE', #904, #4695, #4393, .T. ) ;
#3283 = EDGE_LOOP ( 'NONE', ( #410, #4917, #3742, #668 ) ) ;
#3284 = AXIS2_PLACEMENT_3D ( 'NONE', #2303, #2249, #293 ) ;
#3285 = ORIENTED_EDGE ( 'NONE', *, *, #1115, .T. ) ;
#3286 = VECTOR ( 'NONE', #3568, 1000.000000000000000 ) ;
#3287 = DIRECTION ( 'NONE',  ( 0.000000000000000000, -0.000000000000000000, 1.000000000000000000 ) ) ;
#3288 = CARTESIAN_POINT ( 'NONE',  ( -13.00000000000000000, 1.171572875253820367, 4.000000000000000000 ) ) ;
#3289 = ADVANCED_FACE ( 'NONE', ( #3179 ), #3748, .T. ) ;
#3290 = CIRCLE ( 'NONE', #4472, 1.000000000000000000 ) ;
#3291 = DIRECTION ( 'NONE',  ( 0.7071067811865474617, 0.000000000000000000, 0.7071067811865474617 ) ) ;
#3292 = CONICAL_SURFACE ( 'NONE', #1716, 2.550000000000003819, 0.7853981633974482790 ) ;
#3293 = CARTESIAN_POINT ( 'NONE',  ( 25.44999999999999929, 2.510525938252074186E-16, -10.00000000000000000 ) ) ;
#3294 = ORIENTED_EDGE ( 'NONE', *, *, #4584, .F. ) ;
#3295 = CIRCLE ( 'NONE', #2627, 3.000000000000000000 ) ;
#3296 = PLANE ( 'NONE',  #2312 ) ;
#3297 = DIRECTION ( 'NONE',  ( 0.000000000000000000, 0.000000000000000000, -1.000000000000000000 ) ) ;
#3298 = DIRECTION ( 'NONE',  ( 0.000000000000000000, -0.000000000000000000, 1.000000000000000000 ) ) ;
#3299 = ORIENTED_EDGE ( 'NONE', *, *, #4216, .F. ) ;
#3300 = AXIS2_PLACEMENT_3D ( 'NONE', #1704, #3745, #3319 ) ;
#3301 = LINE ( 'NONE', #3671, #4618 ) ;
#3302 = ORIENTED_EDGE ( 'NONE', *, *, #3997, .F. ) ;
#3303 = CONICAL_SURFACE ( 'NONE', #1058, 2.549999999999989608, 0.7853981633974410625 ) ;
#3304 = DIRECTION ( 'NONE',  ( 1.000000000000000000, 0.000000000000000000, 0.000000000000000000 ) ) ;
#3305 = DIRECTION ( 'NONE',  ( 0.000000000000000000, -0.000000000000000000, 1.000000000000000000 ) ) ;
#3306 = AXIS2_PLACEMENT_3D ( 'NONE', #2723, #3143, #1626 ) ;
#3307 = EDGE_CURVE ( 'NONE', #4392, #747, #4785, .T. ) ;
#3308 = CARTESIAN_POINT ( 'NONE',  ( -2.039905066166886716, -0.2074551193216120915, 2.627784649991096622 ) ) ;
#3309 = CARTESIAN_POINT ( 'NONE',  ( -11.17157287525382259, 5.000000000000004441, 4.500000000000007105 ) ) ;
#3310 = CIRCLE ( 'NONE', #1989, 0.4999999999999848455 ) ;
#3311 = ORIENTED_EDGE ( 'NONE', *, *, #3997, .T. ) ;
#3312 = CARTESIAN_POINT ( 'NONE',  ( -2.249999999999998668, 4.000000000000002665, 2.099999999999999645 ) ) ;
#3313 = ORIENTED_EDGE ( 'NONE', *, *, #3698, .F. ) ;
#3314 = ORIENTED_EDGE ( 'NONE', *, *, #4227, .T. ) ;
#3315 = EDGE_CURVE ( 'NONE', #1136, #3462, #3324, .T. ) ;
#3316 = DIRECTION ( 'NONE',  ( 0.7071067811865467956, 0.7071067811865482389, -0.000000000000000000 ) ) ;
#3317 = PLANE ( 'NONE',  #2543 ) ;
#3318 = LINE ( 'NONE', #892, #4217 ) ;
#3319 = DIRECTION ( 'NONE',  ( 1.000000000000000000, 0.000000000000000000, 0.000000000000000000 ) ) ;
#3320 = ORIENTED_EDGE ( 'NONE', *, *, #1722, .T. ) ;
#3321 = EDGE_CURVE ( 'NONE', #3405, #1010, #684, .T. ) ;
#3322 = CARTESIAN_POINT ( 'NONE',  ( -5.249999999999998224, 4.000000000000002665, 6.000000000000000000 ) ) ;
#3323 = CARTESIAN_POINT ( 'NONE',  ( 11.00000000000000178, -4.999999999999993783, 5.500000000000014211 ) ) ;
#3324 = LINE ( 'NONE', #417, #3684 ) ;
#3325 = FACE_OUTER_BOUND ( 'NONE', #3956, .T. ) ;
#3326 = CARTESIAN_POINT ( 'NONE',  ( -1.980961816631285011, 0.5276999732239604501, 2.615353170418916129 ) ) ;
#3327 = ORIENTED_EDGE ( 'NONE', *, *, #2444, .T. ) ;
#3328 = DIRECTION ( 'NONE',  ( -0.000000000000000000, -0.000000000000000000, -1.000000000000000000 ) ) ;
#3329 = ORIENTED_EDGE ( 'NONE', *, *, #2400, .F. ) ;
#3330 = CARTESIAN_POINT ( 'NONE',  ( 18.00000000000000355, 3.000000000000006661, -3.000000000000000000 ) ) ;
#3331 = CARTESIAN_POINT ( 'NONE',  ( -6.249999999999998224, 3.000000000000002665, 8.000000000000000000 ) ) ;
#3332 = CARTESIAN_POINT ( 'NONE',  ( -2.050011291861244977, -0.04109436376297712079, 2.630309017734719479 ) ) ;
#3333 = CARTESIAN_POINT ( 'NONE',  ( -14.41421356237308693, -2.585786437626909962, -4.000000000000000000 ) ) ;
#3334 = ORIENTED_EDGE ( 'NONE', *, *, #2609, .F. ) ;
#3335 = FACE_OUTER_BOUND ( 'NONE', #2769, .T. ) ;
#3336 = AXIS2_PLACEMENT_3D ( 'NONE', #2218, #5044, #1463 ) ;
#3337 = EDGE_CURVE ( 'NONE', #4078, #1993, #4441, .T. ) ;
#3338 = VERTEX_POINT ( 'NONE', #2838 ) ;
#3339 = ORIENTED_EDGE ( 'NONE', *, *, #4315, .T. ) ;
#3340 = ORIENTED_EDGE ( 'NONE', *, *, #352, .T. ) ;
#3341 = CARTESIAN_POINT ( 'NONE',  ( -4.249999999999998224, 4.000000000000002665, 6.000000000000000000 ) ) ;
#3342 = CIRCLE ( 'NONE', #1181, 2.149999999999999023 ) ;
#3343 = CARTESIAN_POINT ( 'NONE',  ( -27.50000000000000000, 0.000000000000000000, -5.799999999999999822 ) ) ;
#3344 = EDGE_CURVE ( 'NONE', #3338, #531, #1602, .T. ) ;
#3345 = PLANE ( 'NONE',  #3812 ) ;
#3346 = CIRCLE ( 'NONE', #4698, 1.000000000000000000 ) ;
#3347 = EDGE_LOOP ( 'NONE', ( #1824, #4365, #2438, #3127 ) ) ;
#3348 = CARTESIAN_POINT ( 'NONE',  ( -2.249999999999998668, 4.000000000000003553, 4.099999999999999645 ) ) ;
#3349 = FACE_OUTER_BOUND ( 'NONE', #647, .T. ) ;
#3350 = CARTESIAN_POINT ( 'NONE',  ( -15.00000000000000000, 5.000000000000014211, -4.000000000000000000 ) ) ;
#3351 = CONICAL_SURFACE ( 'NONE', #1852, 1.499999999999985789, 0.7853981633974482790 ) ;
#3352 = CARTESIAN_POINT ( 'NONE',  ( -1.994426658044232026, 0.4746954486659064609, 2.617855853475201222 ) ) ;
#3353 = EDGE_CURVE ( 'NONE', #4078, #1997, #3346, .T. ) ;
#3354 = EDGE_CURVE ( 'NONE', #3171, #2662, #1760, .T. ) ;
#3355 = FACE_OUTER_BOUND ( 'NONE', #5160, .T. ) ;
#3356 = ORIENTED_EDGE ( 'NONE', *, *, #983, .F. ) ;
#3357 = CARTESIAN_POINT ( 'NONE',  ( 18.00000000000000355, 3.000000000000006217, 4.000000000000000000 ) ) ;
#3358 = DIRECTION ( 'NONE',  ( 0.000000000000000000, 0.000000000000000000, -1.000000000000000000 ) ) ;
#3359 = CARTESIAN_POINT ( 'NONE',  ( -1.808823529411760500, 0.9647058823529488514, 2.600000000000003197 ) ) ;
#3360 = FACE_OUTER_BOUND ( 'NONE', #4682, .T. ) ;
#3361 = EDGE_LOOP ( 'NONE', ( #2192, #414, #3441, #4260, #4943, #3904 ) ) ;
#3362 = CARTESIAN_POINT ( 'NONE',  ( 24.95000000000000284, 0.000000000000000000, -7.750000000000000000 ) ) ;
#3363 = ORIENTED_EDGE ( 'NONE', *, *, #3450, .F. ) ;
#3364 = CARTESIAN_POINT ( 'NONE',  ( -2.404049162915009585, 4.000000000000003553, -7.000000016863698882 ) ) ;
#3365 = ORIENTED_EDGE ( 'NONE', *, *, #3648, .T. ) ;
#3366 = DIRECTION ( 'NONE',  ( -1.892425610156517122E-16, 1.000000000000000000, -0.000000000000000000 ) ) ;
#3367 = DIRECTION ( 'NONE',  ( 0.000000000000000000, 0.000000000000000000, -1.000000000000000000 ) ) ;
#3368 = CARTESIAN_POINT ( 'NONE',  ( -7.499999999999996447, 3.000000000000002665, -8.000000000000000000 ) ) ;
#3369 = ORIENTED_EDGE ( 'NONE', *, *, #3478, .T. ) ;
#3370 = ADVANCED_FACE ( 'NONE', ( #3349 ), #1342, .F. ) ;
#3371 = VECTOR ( 'NONE', #113, 1000.000000000000114 ) ;
#3372 = CARTESIAN_POINT ( 'NONE',  ( 0.000000000000000000, 0.000000000000000000, -8.000000000000000000 ) ) ;
#3373 = CARTESIAN_POINT ( 'NONE',  ( 11.82287565553229491, 4.500000000000007105, 7.749999999999998224 ) ) ;
#3374 = AXIS2_PLACEMENT_3D ( 'NONE', #5036, #249, #357 ) ;
#3375 = CARTESIAN_POINT ( 'NONE',  ( -27.50000000000000000, -5.000000000000000888, 8.500000000000014211 ) ) ;
#3376 = CARTESIAN_POINT ( 'NONE',  ( -7.119124914398328792E-16, 3.000000000000003553, 1.099999999999999423 ) ) ;
#3377 = CARTESIAN_POINT ( 'NONE',  ( 2.549999999999989608, 0.000000000000000000, 10.00000000000000000 ) ) ;
#3378 = AXIS2_PLACEMENT_3D ( 'NONE', #2999, #3704, #3782 ) ;
#3379 = ORIENTED_EDGE ( 'NONE', *, *, #261, .T. ) ;
#3380 = EDGE_CURVE ( 'NONE', #882, #3439, #1227, .T. ) ;
#3381 = DIRECTION ( 'NONE',  ( -0.000000000000000000, -0.000000000000000000, 1.000000000000000000 ) ) ;
#3382 = DIRECTION ( 'NONE',  ( 1.000000000000000000, 0.000000000000000000, 0.000000000000000000 ) ) ;
#3383 = ORIENTED_EDGE ( 'NONE', *, *, #451, .T. ) ;
#3384 = AXIS2_PLACEMENT_3D ( 'NONE', #1806, #1778, #2608 ) ;
#3385 = ADVANCED_FACE ( 'NONE', ( #2937 ), #1352, .F. ) ;
#3386 = ADVANCED_FACE ( 'NONE', ( #1643 ), #2265, .F. ) ;
#3387 = DIRECTION ( 'NONE',  ( -1.000000000000000000, -1.892425610156517122E-16, 0.000000000000000000 ) ) ;
#3388 = CARTESIAN_POINT ( 'NONE',  ( 11.00000000000000000, 3.000000000000005329, -6.000000000000000000 ) ) ;
#3389 = ORIENTED_EDGE ( 'NONE', *, *, #1816, .F. ) ;
#3390 = FACE_OUTER_BOUND ( 'NONE', #1237, .T. ) ;
#3391 = ORIENTED_EDGE ( 'NONE', *, *, #2308, .T. ) ;
#3392 = CIRCLE ( 'NONE', #3651, 2.000000000000000000 ) ;
#3393 = LINE ( 'NONE', #1880, #4498 ) ;
#3394 = ORIENTED_EDGE ( 'NONE', *, *, #2947, .T. ) ;
#3395 = DIRECTION ( 'NONE',  ( -0.000000000000000000, -0.000000000000000000, -1.000000000000000000 ) ) ;
#3396 = DIRECTION ( 'NONE',  ( -1.000000000000000000, -2.168404344971008868E-16, 0.000000000000000000 ) ) ;
#3397 = CARTESIAN_POINT ( 'NONE',  ( 32.50000000000000000, -4.499999999999987566, 7.750000000000000000 ) ) ;
#3398 = ORIENTED_EDGE ( 'NONE', *, *, #44, .T. ) ;
#3399 = PLANE ( 'NONE',  #1895 ) ;
#3400 = LINE ( 'NONE', #579, #2429 ) ;
#3401 = CARTESIAN_POINT ( 'NONE',  ( -11.17157287525380838, -2.999999999999997780, 4.000000000000000000 ) ) ;
#3402 = CARTESIAN_POINT ( 'NONE',  ( -1.808823529411760278, 0.9647058823529487404, 2.600000000000003197 ) ) ;
#3403 = CARTESIAN_POINT ( 'NONE',  ( 24.05317286445727731, 0.6077686218342444047, -4.900000000000000355 ) ) ;
#3404 = ADVANCED_FACE ( 'NONE', ( #1781 ), #218, .T. ) ;
#3405 = VERTEX_POINT ( 'NONE', #1810 ) ;
#3406 = DIRECTION ( 'NONE',  ( -1.000000000000000000, 0.000000000000000000, 0.000000000000000000 ) ) ;
#3407 = FACE_OUTER_BOUND ( 'NONE', #3923, .T. ) ;
#3408 = ORIENTED_EDGE ( 'NONE', *, *, #3943, .T. ) ;
#3409 = EDGE_CURVE ( 'NONE', #4745, #2145, #3400, .T. ) ;
#3410 = CARTESIAN_POINT ( 'NONE',  ( -1.883391293151191581, -0.8138280942370880178, 2.602403683635885923 ) ) ;
#3411 = DIRECTION ( 'NONE',  ( 0.000000000000000000, 0.000000000000000000, -1.000000000000000000 ) ) ;
#3412 = ORIENTED_EDGE ( 'NONE', *, *, #3409, .T. ) ;
#3413 = LINE ( 'NONE', #5017, #4847 ) ;
#3414 = ADVANCED_FACE ( 'NONE', ( #5004 ), #2179, .T. ) ;
#3415 = EDGE_CURVE ( 'NONE', #450, #1136, #2098, .T. ) ;
#3416 = ORIENTED_EDGE ( 'NONE', *, *, #510, .F. ) ;
#3417 = CARTESIAN_POINT ( 'NONE',  ( 10.49999999999999822, 5.000000000000007994, -9.500000000000014211 ) ) ;
#3418 = LINE ( 'NONE', #4638, #4359 ) ;
#3419 = AXIS2_PLACEMENT_3D ( 'NONE', #2655, #3865, #1875 ) ;
#3420 = CARTESIAN_POINT ( 'NONE',  ( -9.499999999999994671, -4.499999999999983125, -8.000000000000000000 ) ) ;
#3421 = DIRECTION ( 'NONE',  ( 0.000000000000000000, 0.000000000000000000, 1.000000000000000000 ) ) ;
#3422 = ORIENTED_EDGE ( 'NONE', *, *, #1843, .T. ) ;
#3423 = AXIS2_PLACEMENT_3D ( 'NONE', #3460, #1868, #5141 ) ;
#3424 = CIRCLE ( 'NONE', #3599, 2.000000000000000000 ) ;
#3425 = CARTESIAN_POINT ( 'NONE',  ( 10.00000000000000178, -4.499999999999979572, 5.000000000000000000 ) ) ;
#3426 = DIRECTION ( 'NONE',  ( 0.000000000000000000, -0.7071067811865474617, 0.7071067811865474617 ) ) ;
#3427 = DIRECTION ( 'NONE',  ( 1.000000000000000000, 0.000000000000000000, 0.000000000000000000 ) ) ;
#3428 = VECTOR ( 'NONE', #751, 1000.000000000000000 ) ;
#3429 = DIRECTION ( 'NONE',  ( 1.000000000000000000, 0.000000000000000000, 0.000000000000000000 ) ) ;
#3430 = ORIENTED_EDGE ( 'NONE', *, *, #3665, .T. ) ;
#3431 = VECTOR ( 'NONE', #663, 1000.000000000000000 ) ;
#3432 = LINE ( 'NONE', #4283, #2872 ) ;
#3433 = FACE_OUTER_BOUND ( 'NONE', #1944, .T. ) ;
#3434 = ORIENTED_EDGE ( 'NONE', *, *, #365, .T. ) ;
#3435 = EDGE_LOOP ( 'NONE', ( #3567, #4653, #1361, #736 ) ) ;
#3436 = LINE ( 'NONE', #5041, #2711 ) ;
#3437 = DIRECTION ( 'NONE',  ( -1.892425610156516875E-16, 1.000000000000000000, 0.000000000000000000 ) ) ;
#3438 = EDGE_CURVE ( 'NONE', #4671, #89, #1186, .T. ) ;
#3439 = VERTEX_POINT ( 'NONE', #3016 ) ;
#3440 = CARTESIAN_POINT ( 'NONE',  ( 20.00000000000000000, 3.000000000000006661, 3.000000000000000000 ) ) ;
#3441 = ORIENTED_EDGE ( 'NONE', *, *, #501, .T. ) ;
#3442 = EDGE_CURVE ( 'NONE', #2068, #190, #4856, .T. ) ;
#3443 = EDGE_CURVE ( 'NONE', #4108, #2466, #4881, .T. ) ;
#3444 = ORIENTED_EDGE ( 'NONE', *, *, #4635, .T. ) ;
#3445 = CARTESIAN_POINT ( 'NONE',  ( 0.000000000000000000, 0.000000000000000000, -8.000000000000000000 ) ) ;
#3446 = CARTESIAN_POINT ( 'NONE',  ( -43.11716621585583198, -5.000000000000004441, 2.649999999999999911 ) ) ;
#3447 = CARTESIAN_POINT ( 'NONE',  ( -27.50000000000000000, 0.000000000000000000, 10.00000000000000000 ) ) ;
#3448 = VERTEX_POINT ( 'NONE', #1028 ) ;
#3449 = AXIS2_PLACEMENT_3D ( 'NONE', #1709, #3297, #2511 ) ;
#3450 = EDGE_CURVE ( 'NONE', #3209, #3053, #605, .T. ) ;
#3451 = CARTESIAN_POINT ( 'NONE',  ( 8.000000000000000000, 4.000000000000005329, -8.000000000000000000 ) ) ;
#3452 = DIRECTION ( 'NONE',  ( -0.7071067811865474617, 0.000000000000000000, -0.7071067811865474617 ) ) ;
#3453 = VECTOR ( 'NONE', #1784, 1000.000000000000000 ) ;
#3454 = CARTESIAN_POINT ( 'NONE',  ( -12.12498720617871584, -4.825834261322580865, 4.325834261322589747 ) ) ;
#3455 = DIRECTION ( 'NONE',  ( 1.000000000000000000, 0.000000000000000000, 0.000000000000000000 ) ) ;
#3456 = VERTEX_POINT ( 'NONE', #1450 ) ;
#3457 = AXIS2_PLACEMENT_3D ( 'NONE', #631, #3498, #1494 ) ;
#3458 = CONICAL_SURFACE ( 'NONE', #1216, 2.500000000000014211, 0.7853981633974482790 ) ;
#3459 = DIRECTION ( 'NONE',  ( 1.892425610156517122E-16, -1.000000000000000000, 0.000000000000000000 ) ) ;
#3460 = CARTESIAN_POINT ( 'NONE',  ( 17.30855861669665785, -8.848987126107161316, 4.900000000000000355 ) ) ;
#3461 = AXIS2_PLACEMENT_3D ( 'NONE', #3117, #1498, #767 ) ;
#3462 = VERTEX_POINT ( 'NONE', #3373 ) ;
#3463 = AXIS2_PLACEMENT_3D ( 'NONE', #3139, #4790, #219 ) ;
#3464 = ORIENTED_EDGE ( 'NONE', *, *, #4196, .T. ) ;
#3465 = FACE_OUTER_BOUND ( 'NONE', #2942, .T. ) ;
#3466 = VERTEX_POINT ( 'NONE', #4978 ) ;
#3467 = DIRECTION ( 'NONE',  ( 1.000000000000000000, 1.892425610156517122E-16, 0.000000000000000000 ) ) ;
#3468 = CONICAL_SURFACE ( 'NONE', #4318, 0.4999999999999856781, 0.7853981633974482790 ) ;
#3469 = EDGE_CURVE ( 'NONE', #2568, #4008, #4198, .T. ) ;
#3470 = ORIENTED_EDGE ( 'NONE', *, *, #4470, .T. ) ;
#3471 = DIRECTION ( 'NONE',  ( 0.000000000000000000, 0.000000000000000000, -1.000000000000000000 ) ) ;
#3472 = VECTOR ( 'NONE', #715, 1000.000000000000000 ) ;
#3473 = EDGE_LOOP ( 'NONE', ( #703, #1727, #4855, #4179 ) ) ;
#3474 = PLANE ( 'NONE',  #4103 ) ;
#3475 = CARTESIAN_POINT ( 'NONE',  ( 11.00000000000000000, 4.000000000000005329, 6.000000000000000000 ) ) ;
#3476 = FACE_OUTER_BOUND ( 'NONE', #3247, .T. ) ;
#3477 = EDGE_LOOP ( 'NONE', ( #4776, #3243, #2586, #4816 ) ) ;
#3478 = EDGE_CURVE ( 'NONE', #208, #4344, #3878, .T. ) ;
#3479 = AXIS2_PLACEMENT_3D ( 'NONE', #1939, #1576, #4718 ) ;
#3480 = ORIENTED_EDGE ( 'NONE', *, *, #2144, .T. ) ;
#3481 = LINE ( 'NONE', #2691, #3817 ) ;
#3482 = CARTESIAN_POINT ( 'NONE',  ( 4.750000000000002665, -4.499999999999978684, 8.000000000000000000 ) ) ;
#3483 = CYLINDRICAL_SURFACE ( 'NONE', #4784, 2.049999999999999822 ) ;
#3484 = ADVANCED_FACE ( 'NONE', ( #1890 ), #3827, .F. ) ;
#3485 = EDGE_CURVE ( 'NONE', #1169, #980, #4646, .T. ) ;
#3486 = ORIENTED_EDGE ( 'NONE', *, *, #451, .F. ) ;
#3487 = DIRECTION ( 'NONE',  ( -0.000000000000000000, -0.000000000000000000, 1.000000000000000000 ) ) ;
#3488 = CARTESIAN_POINT ( 'NONE',  ( 12.50000000000000178, -2.999999999999994671, 7.749999999999998224 ) ) ;
#3489 = ORIENTED_EDGE ( 'NONE', *, *, #3908, .T. ) ;
#3490 = ORIENTED_EDGE ( 'NONE', *, *, #4954, .T. ) ;
#3491 = LINE ( 'NONE', #1848, #843 ) ;
#3492 = ORIENTED_EDGE ( 'NONE', *, *, #952, .T. ) ;
#3493 = FACE_OUTER_BOUND ( 'NONE', #3597, .T. ) ;
#3494 = VERTEX_POINT ( 'NONE', #661 ) ;
#3495 = VERTEX_POINT ( 'NONE', #3070 ) ;
#3496 = DIRECTION ( 'NONE',  ( -1.892425610156517122E-16, 1.000000000000000000, 0.000000000000000000 ) ) ;
#3497 = B_SPLINE_CURVE_WITH_KNOTS ( 'NONE', 1,
 ( #2397, #1666 ),
 .UNSPECIFIED., .F., .F.,
 ( 2, 2 ),
 ( 0.000000000000000000, 1.000000000000000000 ),
 .UNSPECIFIED. ) ;
#3498 = DIRECTION ( 'NONE',  ( 0.000000000000000000, 1.000000000000000000, 0.000000000000000000 ) ) ;
#3499 = DIRECTION ( 'NONE',  ( -1.000000000000000000, 0.000000000000000000, 0.000000000000000000 ) ) ;
#3500 = EDGE_LOOP ( 'NONE', ( #3416, #5002, #2194, #796 ) ) ;
#3501 = LINE ( 'NONE', #1079, #2635 ) ;
#3502 = CARTESIAN_POINT ( 'NONE',  ( 0.5503703097807779443, 3.970988795007637684, -8.000000000950173273 ) ) ;
#3503 = EDGE_CURVE ( 'NONE', #3209, #1218, #2593, .T. ) ;
#3504 = CARTESIAN_POINT ( 'NONE',  ( -27.50000000000000000, -5.000000000000000888, 4.500000000000007105 ) ) ;
#3505 = CONICAL_SURFACE ( 'NONE', #1923, 5.000000000000000888, 0.7853981633974482790 ) ;
#3506 = CARTESIAN_POINT ( 'NONE',  ( 27.50000000000000000, 0.000000000000000000, 7.250000000000004441 ) ) ;
#3507 = AXIS2_PLACEMENT_3D ( 'NONE', #5015, #4914, #566 ) ;
#3508 = VERTEX_POINT ( 'NONE', #1477 ) ;
#3509 = EDGE_CURVE ( 'NONE', #450, #2422, #4673, .T. ) ;
#3510 = CARTESIAN_POINT ( 'NONE',  ( -27.50000000000000000, 0.000000000000000000, -10.00000000000000000 ) ) ;
#3511 = EDGE_CURVE ( 'NONE', #3062, #1087, #3019, .T. ) ;
#3512 = AXIS2_PLACEMENT_3D ( 'NONE', #3797, #192, #2201 ) ;
#3513 = CARTESIAN_POINT ( 'NONE',  ( -12.58578643762689886, -4.414213562373095812, 4.000000000000000000 ) ) ;
#3514 = ORIENTED_EDGE ( 'NONE', *, *, #166, .F. ) ;
#3515 = ORIENTED_EDGE ( 'NONE', *, *, #4540, .T. ) ;
#3516 = VECTOR ( 'NONE', #4390, 1000.000000000000114 ) ;
#3517 = CARTESIAN_POINT ( 'NONE',  ( -2.616402485552644652, -0.3613636018800572280, 2.133830439581592575 ) ) ;
#3518 = DIRECTION ( 'NONE',  ( -0.000000000000000000, -0.000000000000000000, -1.000000000000000000 ) ) ;
#3519 = CARTESIAN_POINT ( 'NONE',  ( -5.249999999999998224, 3.000000000000002665, 6.000000000000000000 ) ) ;
#3520 = DIRECTION ( 'NONE',  ( 1.892425610156517122E-16, -1.000000000000000000, 0.000000000000000000 ) ) ;
#3521 = AXIS2_PLACEMENT_3D ( 'NONE', #3506, #4356, #4382 ) ;
#3522 = VERTEX_POINT ( 'NONE', #2057 ) ;
#3523 = DIRECTION ( 'NONE',  ( -1.000000000000000000, 0.000000000000000000, 0.000000000000000000 ) ) ;
#3524 = ORIENTED_EDGE ( 'NONE', *, *, #4327, .T. ) ;
#3525 = PLANE ( 'NONE',  #4800 ) ;
#3526 = CARTESIAN_POINT ( 'NONE',  ( -7.499999999999994671, -4.999999999999997335, 8.500000000000014211 ) ) ;
#3527 = ORIENTED_EDGE ( 'NONE', *, *, #1313, .T. ) ;
#3528 = ORIENTED_EDGE ( 'NONE', *, *, #4250, .T. ) ;
#3529 = FACE_OUTER_BOUND ( 'NONE', #2656, .T. ) ;
#3530 = DIRECTION ( 'NONE',  ( -0.000000000000000000, -0.000000000000000000, -1.000000000000000000 ) ) ;
#3531 = DIRECTION ( 'NONE',  ( 0.000000000000000000, 0.000000000000000000, -1.000000000000000000 ) ) ;
#3532 = CARTESIAN_POINT ( 'NONE',  ( 24.05317286445727731, 0.6077686218342444047, 2.650000000000000355 ) ) ;
#3533 = ORIENTED_EDGE ( 'NONE', *, *, #3135, .F. ) ;
#3534 = ADVANCED_FACE ( 'NONE', ( #803 ), #1142, .T. ) ;
#3535 = AXIS2_PLACEMENT_3D ( 'NONE', #948, #3298, #978 ) ;
#3536 = DIRECTION ( 'NONE',  ( -1.000000000000000000, 0.000000000000000000, 0.000000000000000000 ) ) ;
#3537 = DIRECTION ( 'NONE',  ( -0.000000000000000000, -0.000000000000000000, 1.000000000000000000 ) ) ;
#3538 = VERTEX_POINT ( 'NONE', #2733 ) ;
#3539 = FACE_OUTER_BOUND ( 'NONE', #1832, .T. ) ;
#3540 = CIRCLE ( 'NONE', #4884, 2.000000000000000000 ) ;
#3541 = ORIENTED_EDGE ( 'NONE', *, *, #1991, .F. ) ;
#3542 = ADVANCED_FACE ( 'NONE', ( #1640 ), #3124, .F. ) ;
#3543 = VECTOR ( 'NONE', #3245, 1000.000000000000000 ) ;
#3544 = DIRECTION ( 'NONE',  ( 1.000000000000000000, 1.652117596168388495E-16, 0.000000000000000000 ) ) ;
#3545 = DIRECTION ( 'NONE',  ( -1.000000000000000000, -1.892425610156517122E-16, 0.000000000000000000 ) ) ;
#3546 = CIRCLE ( 'NONE', #3461, 5.000000000000000888 ) ;
#3547 = VERTEX_POINT ( 'NONE', #2006 ) ;
#3548 = AXIS2_PLACEMENT_3D ( 'NONE', #226, #4960, #4521 ) ;
#3549 = CARTESIAN_POINT ( 'NONE',  ( -30.59999999999999787, 0.000000000000000000, -5.799999999999999822 ) ) ;
#3550 = AXIS2_PLACEMENT_3D ( 'NONE', #4374, #3496, #318 ) ;
#3551 = VECTOR ( 'NONE', #3366, 1000.000000000000000 ) ;
#3552 = ADVANCED_FACE ( 'NONE', ( #826 ), #1247, .T. ) ;
#3553 = EDGE_CURVE ( 'NONE', #1493, #3495, #3227, .T. ) ;
#3554 = ORIENTED_EDGE ( 'NONE', *, *, #2555, .F. ) ;
#3555 = DIRECTION ( 'NONE',  ( 1.000000000000000000, 0.000000000000000000, 0.000000000000000000 ) ) ;
#3556 = ORIENTED_EDGE ( 'NONE', *, *, #3485, .T. ) ;
#3557 = DIRECTION ( 'NONE',  ( -0.000000000000000000, -0.000000000000000000, 1.000000000000000000 ) ) ;
#3558 = CIRCLE ( 'NONE', #4402, 2.000000000000000000 ) ;
#3559 = LINE ( 'NONE', #5159, #2470 ) ;
#3560 = ORIENTED_EDGE ( 'NONE', *, *, #1147, .T. ) ;
#3561 = ORIENTED_EDGE ( 'NONE', *, *, #3618, .F. ) ;
#3562 = VECTOR ( 'NONE', #1341, 1000.000000000000000 ) ;
#3563 = DIRECTION ( 'NONE',  ( -1.000000000000000000, 0.000000000000000000, 0.000000000000000000 ) ) ;
#3564 = FACE_OUTER_BOUND ( 'NONE', #2140, .T. ) ;
#3565 = LINE ( 'NONE', #4432, #1624 ) ;
#3566 = DIRECTION ( 'NONE',  ( 0.000000000000000000, -0.000000000000000000, 1.000000000000000000 ) ) ;
#3567 = ORIENTED_EDGE ( 'NONE', *, *, #2081, .T. ) ;
#3568 = DIRECTION ( 'NONE',  ( -0.7071067811865482389, 0.7071067811865469066, -0.000000000000000000 ) ) ;
#3569 = DIRECTION ( 'NONE',  ( 1.892425610156516875E-16, -1.000000000000000000, -0.000000000000000000 ) ) ;
#3570 = ADVANCED_FACE ( 'NONE', ( #4782 ), #2415, .F. ) ;
#3571 = ORIENTED_EDGE ( 'NONE', *, *, #1348, .F. ) ;
#3572 = CARTESIAN_POINT ( 'NONE',  ( 20.00000000000000000, 4.000000000000007105, 5.000000000000000000 ) ) ;
#3573 = EDGE_LOOP ( 'NONE', ( #422, #3489, #3840, #5012 ) ) ;
#3574 = CARTESIAN_POINT ( 'NONE',  ( -9.499999999999996447, 4.000000000000001776, -8.000000000000000000 ) ) ;
#3575 = CARTESIAN_POINT ( 'NONE',  ( -1.956871204987513657, -0.6108671399196098362, 2.611340992980926146 ) ) ;
#3576 = DIRECTION ( 'NONE',  ( 1.000000000000000000, 1.892425610156516875E-16, -0.000000000000000000 ) ) ;
#3577 = ADVANCED_FACE ( 'NONE', ( #1949 ), #5171, .F. ) ;
#3578 = ORIENTED_EDGE ( 'NONE', *, *, #1213, .F. ) ;
#3579 = ORIENTED_EDGE ( 'NONE', *, *, #15, .F. ) ;
#3580 =( BOUNDED_CURVE ( )  B_SPLINE_CURVE ( 3, ( #2183, #1740, #489, #2105 ),
 .UNSPECIFIED., .F., .F. ) 
 B_SPLINE_CURVE_WITH_KNOTS ( ( 4, 4 ),
 ( 5.560451059366169346, 6.283185307179586232 ),
 .UNSPECIFIED. ) 
 CURVE ( )  GEOMETRIC_REPRESENTATION_ITEM ( )  RATIONAL_B_SPLINE_CURVE ( ( 1.000000000000000000, 0.9569428977956567772, 0.9569428977956567772, 1.000000000000000000 ) ) 
 REPRESENTATION_ITEM ( '' )  );
#3581 = CARTESIAN_POINT ( 'NONE',  ( -2.249999999999996891, -4.999999999999995559, 4.099999999999999645 ) ) ;
#3582 = EDGE_CURVE ( 'NONE', #548, #2306, #2351, .T. ) ;
#3583 = ADVANCED_FACE ( 'NONE', ( #4366 ), #1613, .F. ) ;
#3584 = CARTESIAN_POINT ( 'NONE',  ( -27.50000000000000000, 4.500000000000000888, 10.00000000000000000 ) ) ;
#3585 = ORIENTED_EDGE ( 'NONE', *, *, #2401, .F. ) ;
#3586 = EDGE_LOOP ( 'NONE', ( #4014, #4316, #80, #4763 ) ) ;
#3587 = LINE ( 'NONE', #14, #1728 ) ;
#3588 = CARTESIAN_POINT ( 'NONE',  ( -2.549999999999989608, 3.122849337825737600E-16, 10.00000000000000000 ) ) ;
#3589 = DIRECTION ( 'NONE',  ( -1.000000000000000000, 0.000000000000000000, 0.000000000000000000 ) ) ;
#3590 = CARTESIAN_POINT ( 'NONE',  ( -27.50000000000000000, 0.000000000000000000, 9.500000000000000000 ) ) ;
#3591 = EDGE_LOOP ( 'NONE', ( #4290, #60, #2323, #3515 ) ) ;
#3592 = CARTESIAN_POINT ( 'NONE',  ( -36.00000000000003553, 19.00000000000000000, -4.000000000000000000 ) ) ;
#3593 = VECTOR ( 'NONE', #3233, 1000.000000000000000 ) ;
#3594 = LINE ( 'NONE', #1245, #4049 ) ;
#3595 = ORIENTED_EDGE ( 'NONE', *, *, #2908, .F. ) ;
#3596 = DIRECTION ( 'NONE',  ( -1.000000000000000000, -1.892425610156517122E-16, 0.000000000000000000 ) ) ;
#3597 = EDGE_LOOP ( 'NONE', ( #251, #1612, #2775, #669 ) ) ;
#3598 = AXIS2_PLACEMENT_3D ( 'NONE', #695, #1085, #2650 ) ;
#3599 = AXIS2_PLACEMENT_3D ( 'NONE', #211, #4614, #1804 ) ;
#3600 = CARTESIAN_POINT ( 'NONE',  ( 18.00000000000000355, 3.000000000000006217, -4.000000000000000000 ) ) ;
#3601 = CARTESIAN_POINT ( 'NONE',  ( 10.50000000000000533, -4.999999999999993783, 10.00000000000000000 ) ) ;
#3602 = DIRECTION ( 'NONE',  ( -1.000000000000000000, 0.000000000000000000, 0.000000000000000000 ) ) ;
#3603 = AXIS2_PLACEMENT_3D ( 'NONE', #1250, #1201, #3203 ) ;
#3604 = ADVANCED_FACE ( 'NONE', ( #3200 ), #2786, .T. ) ;
#3605 = DIRECTION ( 'NONE',  ( 1.000000000000000000, 0.000000000000000000, 0.000000000000000000 ) ) ;
#3606 = ORIENTED_EDGE ( 'NONE', *, *, #5145, .F. ) ;
#3607 = AXIS2_PLACEMENT_3D ( 'NONE', #3623, #4020, #4337 ) ;
#3608 = CARTESIAN_POINT ( 'NONE',  ( 18.00000000000000355, -4.999999999999992006, 3.000000000000000000 ) ) ;
#3609 = CARTESIAN_POINT ( 'NONE',  ( -50.00000000000000000, 4.499999999999989342, -4.000000000000000000 ) ) ;
#3610 = VERTEX_POINT ( 'NONE', #361 ) ;
#3611 = ORIENTED_EDGE ( 'NONE', *, *, #1499, .F. ) ;
#3612 = EDGE_CURVE ( 'NONE', #784, #1209, #4044, .T. ) ;
#3613 = CARTESIAN_POINT ( 'NONE',  ( 8.000000000000000000, 3.000000000000004885, 6.000000000000000000 ) ) ;
#3614 = DIRECTION ( 'NONE',  ( 0.000000000000000000, -0.7071067811865474617, 0.7071067811865474617 ) ) ;
#3615 = DIRECTION ( 'NONE',  ( -0.000000000000000000, -0.000000000000000000, 1.000000000000000000 ) ) ;
#3616 = LINE ( 'NONE', #1915, #2512 ) ;
#3617 = ORIENTED_EDGE ( 'NONE', *, *, #4488, .T. ) ;
#3618 = EDGE_CURVE ( 'NONE', #3495, #1491, #271, .T. ) ;
#3619 = ADVANCED_FACE ( 'NONE', ( #3539 ), #3152, .T. ) ;
#3620 = CARTESIAN_POINT ( 'NONE',  ( 18.00000000000000355, 4.000000000000007105, -5.000000000000000000 ) ) ;
#3621 = LINE ( 'NONE', #48, #4465 ) ;
#3622 = ORIENTED_EDGE ( 'NONE', *, *, #958, .T. ) ;
#3623 = CARTESIAN_POINT ( 'NONE',  ( -27.50000000000000000, 5.000000000000000888, 7.249999999999994671 ) ) ;
#3624 = EDGE_LOOP ( 'NONE', ( #5072, #2040, #2696, #1044 ) ) ;
#3625 = CARTESIAN_POINT ( 'NONE',  ( -4.249999999999996447, -4.999999999999996447, 4.099999999999999645 ) ) ;
#3626 = DIRECTION ( 'NONE',  ( 0.000000000000000000, 0.000000000000000000, 1.000000000000000000 ) ) ;
#3627 = CARTESIAN_POINT ( 'NONE',  ( 29.95802622594304054, -6.215537243668483036, 2.649999999999999911 ) ) ;
#3628 = VECTOR ( 'NONE', #67, 1000.000000000000000 ) ;
#3629 = B_SPLINE_CURVE_WITH_KNOTS ( 'NONE', 3,
 ( #1734, #2434, #4950, #1366, #4039, #3663, #4143, #2960, #551, #2533, #4485, #1754 ),
 .UNSPECIFIED., .F., .F.,
 ( 4, 2, 2, 2, 2, 4 ),
 ( 0.000000000000000000, 0.1249999999999999167, 0.2499999999999999445, 0.5000000000000000000, 0.7499999999999998890, 1.000000000000000000 ),
 .UNSPECIFIED. ) ;
#3630 = VECTOR ( 'NONE', #4191, 1000.000000000000000 ) ;
#3631 = VECTOR ( 'NONE', #3779, 1000.000000000000000 ) ;
#3632 = ORIENTED_EDGE ( 'NONE', *, *, #1938, .T. ) ;
#3633 = DIRECTION ( 'NONE',  ( 0.000000000000000000, 0.000000000000000000, 1.000000000000000000 ) ) ;
#3634 = VECTOR ( 'NONE', #326, 1000.000000000000114 ) ;
#3635 = EDGE_LOOP ( 'NONE', ( #4264, #1333, #2445, #813 ) ) ;
#3636 = ORIENTED_EDGE ( 'NONE', *, *, #3315, .T. ) ;
#3637 = CARTESIAN_POINT ( 'NONE',  ( 8.000000000000000000, 4.000000000000005329, 6.000000000000000000 ) ) ;
#3638 = FACE_BOUND ( 'NONE', #3036, .T. ) ;
#3639 = CARTESIAN_POINT ( 'NONE',  ( 21.96939473245415186, -11.20992441431226005, -4.900000000000000355 ) ) ;
#3640 = EDGE_CURVE ( 'NONE', #588, #1087, #4416, .T. ) ;
#3641 = CARTESIAN_POINT ( 'NONE',  ( 10.50000000000000533, -4.999999999999993783, 7.249999999999997335 ) ) ;
#3642 = ORIENTED_EDGE ( 'NONE', *, *, #1368, .F. ) ;
#3643 = VECTOR ( 'NONE', #4512, 1000.000000000000000 ) ;
#3644 = LINE ( 'NONE', #4070, #2881 ) ;
#3645 = DIRECTION ( 'NONE',  ( -0.000000000000000000, -0.000000000000000000, -1.000000000000000000 ) ) ;
#3646 = EDGE_CURVE ( 'NONE', #5129, #2834, #2393, .T. ) ;
#3647 = EDGE_LOOP ( 'NONE', ( #114, #693, #1801, #4055 ) ) ;
#3648 = EDGE_CURVE ( 'NONE', #1143, #1409, #2490, .T. ) ;
#3649 = CARTESIAN_POINT ( 'NONE',  ( -41.41442037161814937, 6.369350770655441529, 2.649999999999999911 ) ) ;
#3650 = VERTEX_POINT ( 'NONE', #1325 ) ;
#3651 = AXIS2_PLACEMENT_3D ( 'NONE', #1809, #4621, #2802 ) ;
#3652 = CARTESIAN_POINT ( 'NONE',  ( -27.50000000000000000, 0.000000000000000000, -4.500000000000007105 ) ) ;
#3653 = CARTESIAN_POINT ( 'NONE',  ( -2.039660112324328978, -0.2067280535469323555, 2.627734303234466662 ) ) ;
#3654 = DIRECTION ( 'NONE',  ( -0.000000000000000000, -0.000000000000000000, 1.000000000000000000 ) ) ;
#3655 = ORIENTED_EDGE ( 'NONE', *, *, #3443, .T. ) ;
#3656 = CARTESIAN_POINT ( 'NONE',  ( 4.249999999999986677, -4.999999999999994671, 6.000000000000000000 ) ) ;
#3657 = EDGE_LOOP ( 'NONE', ( #5030, #4545, #3556, #852 ) ) ;
#3658 = VERTEX_POINT ( 'NONE', #3776 ) ;
#3659 = PLANE ( 'NONE',  #5074 ) ;
#3660 = DIRECTION ( 'NONE',  ( 1.000000000000000000, 0.000000000000000000, 0.000000000000000000 ) ) ;
#3661 = CARTESIAN_POINT ( 'NONE',  ( -41.41442037161814937, 6.369350770655441529, 2.649999999999999911 ) ) ;
#3662 = DIRECTION ( 'NONE',  ( -0.000000000000000000, -1.000000000000000000, -0.000000000000000000 ) ) ;
#3663 = CARTESIAN_POINT ( 'NONE',  ( -2.615982082907282624, 0.4164757005598979656, 2.132570989077728463 ) ) ;
#3664 = VERTEX_POINT ( 'NONE', #2567 ) ;
#3665 = EDGE_CURVE ( 'NONE', #2826, #2568, #3946, .T. ) ;
#3666 = LINE ( 'NONE', #919, #3643 ) ;
#3667 = LINE ( 'NONE', #393, #212 ) ;
#3668 = CARTESIAN_POINT ( 'NONE',  ( -27.50000000000000000, -5.000000000000000888, 4.500000000000007105 ) ) ;
#3669 = DIRECTION ( 'NONE',  ( -0.000000000000000000, -0.000000000000000000, -1.000000000000000000 ) ) ;
#3670 = EDGE_LOOP ( 'NONE', ( #4783, #2212, #3158, #3953, #1969, #3617 ) ) ;
#3671 = CARTESIAN_POINT ( 'NONE',  ( 22.23259738175770295, -9.717228014441799289, -4.900000000000000355 ) ) ;
#3672 = ORIENTED_EDGE ( 'NONE', *, *, #3872, .F. ) ;
#3673 = EDGE_CURVE ( 'NONE', #1439, #4392, #4546, .T. ) ;
#3674 = EDGE_CURVE ( 'NONE', #3867, #733, #3301, .T. ) ;
#3675 = AXIS2_PLACEMENT_3D ( 'NONE', #200, #3833, #4600 ) ;
#3676 = CARTESIAN_POINT ( 'NONE',  ( -1.958665635737244060, -0.6051110235105674473, 2.611618016655681718 ) ) ;
#3677 = DIRECTION ( 'NONE',  ( -1.000000000000000000, 0.000000000000000000, 0.000000000000000000 ) ) ;
#3678 = CIRCLE ( 'NONE', #2090, 1.000000000000000000 ) ;
#3679 = AXIS2_PLACEMENT_3D ( 'NONE', #3445, #5050, #1470 ) ;
#3680 = EDGE_CURVE ( 'NONE', #3462, #659, #3580, .T. ) ;
#3681 = VERTEX_POINT ( 'NONE', #979 ) ;
#3682 = AXIS2_PLACEMENT_3D ( 'NONE', #4606, #3057, #3816 ) ;
#3683 = DIRECTION ( 'NONE',  ( -0.000000000000000000, -1.000000000000000000, -0.000000000000000000 ) ) ;
#3684 = VECTOR ( 'NONE', #4928, 1000.000000000000000 ) ;
#3685 = EDGE_LOOP ( 'NONE', ( #2067, #165, #296, #3103 ) ) ;
#3686 = ORIENTED_EDGE ( 'NONE', *, *, #2241, .F. ) ;
#3687 = VECTOR ( 'NONE', #1893, 1000.000000000000000 ) ;
#3688 = LINE ( 'NONE', #4454, #229 ) ;
#3689 = CARTESIAN_POINT ( 'NONE',  ( -7.499999999999996447, 4.000000000000001776, -6.000000000000000000 ) ) ;
#3690 = DIRECTION ( 'NONE',  ( -1.000000000000000000, -1.652117596168388495E-16, 0.000000000000000000 ) ) ;
#3691 = DIRECTION ( 'NONE',  ( 1.892425610156517122E-16, -1.000000000000000000, 0.000000000000000000 ) ) ;
#3692 = ORIENTED_EDGE ( 'NONE', *, *, #1665, .T. ) ;
#3693 = CARTESIAN_POINT ( 'NONE',  ( -27.50000000000000000, -4.499999999999993783, 4.000000000000000000 ) ) ;
#3694 = LINE ( 'NONE', #1343, #1372 ) ;
#3695 = CARTESIAN_POINT ( 'NONE',  ( -1.919520171964328892, 0.7198908926371756500, 2.606312997896199857 ) ) ;
#3696 = ORIENTED_EDGE ( 'NONE', *, *, #4854, .T. ) ;
#3697 = DIRECTION ( 'NONE',  ( -0.7071067811865474617, 0.000000000000000000, -0.7071067811865474617 ) ) ;
#3698 = EDGE_CURVE ( 'NONE', #642, #1375, #4957, .T. ) ;
#3699 = ORIENTED_EDGE ( 'NONE', *, *, #4613, .T. ) ;
#3700 = CARTESIAN_POINT ( 'NONE',  ( 11.82287565553229491, 4.500000000000007105, -7.749999999999998224 ) ) ;
#3701 = LINE ( 'NONE', #124, #3593 ) ;
#3702 = EDGE_CURVE ( 'NONE', #3735, #3494, #1662, .T. ) ;
#3703 = AXIS2_PLACEMENT_3D ( 'NONE', #3608, #1278, #2086 ) ;
#3704 = DIRECTION ( 'NONE',  ( 0.000000000000000000, -0.000000000000000000, 1.000000000000000000 ) ) ;
#3705 = AXIS2_PLACEMENT_3D ( 'NONE', #4876, #3645, #72 ) ;
#3706 = ORIENTED_EDGE ( 'NONE', *, *, #3091, .F. ) ;
#3707 = DIRECTION ( 'NONE',  ( 1.000000000000000000, 0.000000000000000000, 0.000000000000000000 ) ) ;
#3708 = ADVANCED_FACE ( 'NONE', ( #950 ), #27, .F. ) ;
#3709 = ADVANCED_FACE ( 'NONE', ( #4853 ), #2102, .F. ) ;
#3710 = ORIENTED_EDGE ( 'NONE', *, *, #2009, .T. ) ;
#3711 = AXIS2_PLACEMENT_3D ( 'NONE', #4772, #1628, #4354 ) ;
#3712 = ORIENTED_EDGE ( 'NONE', *, *, #4002, .F. ) ;
#3713 = VECTOR ( 'NONE', #1783, 1000.000000000000227 ) ;
#3714 = DIRECTION ( 'NONE',  ( 0.000000000000000000, 0.000000000000000000, -1.000000000000000000 ) ) ;
#3715 = CYLINDRICAL_SURFACE ( 'NONE', #2214, 2.000000000000000000 ) ;
#3716 = CONICAL_SURFACE ( 'NONE', #960, 5.000000000000000888, 0.7853981633974482790 ) ;
#3717 = DIRECTION ( 'NONE',  ( -0.000000000000000000, -0.000000000000000000, 1.000000000000000000 ) ) ;
#3718 = CIRCLE ( 'NONE', #1467, 2.200000000000000622 ) ;
#3719 = ORIENTED_EDGE ( 'NONE', *, *, #3194, .T. ) ;
#3720 = LINE ( 'NONE', #3322, #3562 ) ;
#3721 = CARTESIAN_POINT ( 'NONE',  ( 2.645751311064586719, 3.000000000000004441, -8.000000000000000000 ) ) ;
#3722 = CARTESIAN_POINT ( 'NONE',  ( 6.750000000000002665, -4.999999999999992895, 6.000000000000000000 ) ) ;
#3723 = CARTESIAN_POINT ( 'NONE',  ( -1.846174209415778700, 0.8912116087615767901, 2.600707988680218907 ) ) ;
#3724 = VERTEX_POINT ( 'NONE', #902 ) ;
#3725 = AXIS2_PLACEMENT_3D ( 'NONE', #4538, #1318, #143 ) ;
#3726 = LINE ( 'NONE', #1271, #442 ) ;
#3727 = ORIENTED_EDGE ( 'NONE', *, *, #4386, .T. ) ;
#3728 = VECTOR ( 'NONE', #4171, 1000.000000000000000 ) ;
#3729 = DIRECTION ( 'NONE',  ( 1.000000000000000000, 0.000000000000000000, 0.000000000000000000 ) ) ;
#3730 = CARTESIAN_POINT ( 'NONE',  ( 20.00000000000000000, -4.499999999999979572, -3.000000000000000000 ) ) ;
#3731 = AXIS2_PLACEMENT_3D ( 'NONE', #2044, #4378, #3563 ) ;
#3732 = DIRECTION ( 'NONE',  ( -0.000000000000000000, -0.000000000000000000, 1.000000000000000000 ) ) ;
#3733 = DIRECTION ( 'NONE',  ( 1.652117596168388495E-16, -1.000000000000000000, -0.000000000000000000 ) ) ;
#3734 = EDGE_CURVE ( 'NONE', #2826, #4745, #3726, .T. ) ;
#3735 = VERTEX_POINT ( 'NONE', #172 ) ;
#3736 = DIRECTION ( 'NONE',  ( -1.000000000000000000, -3.469446951953594467E-16, 0.000000000000000000 ) ) ;
#3737 = ORIENTED_EDGE ( 'NONE', *, *, #2675, .T. ) ;
#3738 = VERTEX_POINT ( 'NONE', #4496 ) ;
#3739 = ADVANCED_FACE ( 'NONE', ( #4878 ), #508, .F. ) ;
#3740 = DIRECTION ( 'NONE',  ( 0.000000000000000000, 0.000000000000000000, -1.000000000000000000 ) ) ;
#3741 = EDGE_CURVE ( 'NONE', #1331, #4729, #1762, .T. ) ;
#3742 = ORIENTED_EDGE ( 'NONE', *, *, #4887, .F. ) ;
#3743 = DIRECTION ( 'NONE',  ( -1.652117596168388495E-16, 1.000000000000000000, 0.000000000000000000 ) ) ;
#3744 = DIRECTION ( 'NONE',  ( 1.892425610156517122E-16, -1.000000000000000000, -0.000000000000000000 ) ) ;
#3745 = DIRECTION ( 'NONE',  ( 0.000000000000000000, 0.000000000000000000, 1.000000000000000000 ) ) ;
#3746 = ORIENTED_EDGE ( 'NONE', *, *, #3315, .F. ) ;
#3747 = CARTESIAN_POINT ( 'NONE',  ( -31.10000000000000497, 0.000000000000000000, -10.00000000000000000 ) ) ;
#3748 = CYLINDRICAL_SURFACE ( 'NONE', #4027, 2.000000000000000000 ) ;
#3749 = CARTESIAN_POINT ( 'NONE',  ( 30.94682713554271913, -0.6077686218342441826, -4.900000000000000355 ) ) ;
#3750 = CARTESIAN_POINT ( 'NONE',  ( -1.986743652078768685, 0.5053402595920677420, 2.616415702196558168 ) ) ;
#3751 = ORIENTED_EDGE ( 'NONE', *, *, #836, .T. ) ;
#3752 = CARTESIAN_POINT ( 'NONE',  ( 27.50000000000000000, 5.000000000000011546, 10.00000000000000000 ) ) ;
#3753 = ORIENTED_EDGE ( 'NONE', *, *, #3188, .T. ) ;
#3754 = DIRECTION ( 'NONE',  ( -1.652117596168388495E-16, 1.000000000000000000, 0.000000000000000000 ) ) ;
#3755 = DIRECTION ( 'NONE',  ( 0.000000000000000000, 0.000000000000000000, -1.000000000000000000 ) ) ;
#3756 = DIRECTION ( 'NONE',  ( 1.000000000000000000, 0.000000000000000000, 0.000000000000000000 ) ) ;
#3757 = DIRECTION ( 'NONE',  ( 0.000000000000000000, 0.000000000000000000, -1.000000000000000000 ) ) ;
#3758 = EDGE_LOOP ( 'NONE', ( #2099, #963, #4273, #5086 ) ) ;
#3759 = PLANE ( 'NONE',  #2721 ) ;
#3760 = VECTOR ( 'NONE', #3467, 1000.000000000000000 ) ;
#3761 = VECTOR ( 'NONE', #1900, 1000.000000000000114 ) ;
#3762 = EDGE_CURVE ( 'NONE', #1993, #1922, #4463, .T. ) ;
#3763 = ORIENTED_EDGE ( 'NONE', *, *, #3680, .T. ) ;
#3764 = PLANE ( 'NONE',  #2729 ) ;
#3765 = DIRECTION ( 'NONE',  ( 1.000000000000000000, 0.000000000000000000, 0.000000000000000000 ) ) ;
#3766 = AXIS2_PLACEMENT_3D ( 'NONE', #3652, #808, #2060 ) ;
#3767 = FACE_OUTER_BOUND ( 'NONE', #706, .T. ) ;
#3768 = DIRECTION ( 'NONE',  ( 1.000000000000000000, 0.000000000000000000, 0.000000000000000000 ) ) ;
#3769 = EDGE_CURVE ( 'NONE', #1358, #3887, #2851, .T. ) ;
#3770 = AXIS2_PLACEMENT_3D ( 'NONE', #2813, #2366, #4756 ) ;
#3771 = VERTEX_POINT ( 'NONE', #2943 ) ;
#3772 = CARTESIAN_POINT ( 'NONE',  ( 8.000000000000001776, -4.999999999999993783, 8.000000000000000000 ) ) ;
#3773 = DIRECTION ( 'NONE',  ( 0.000000000000000000, 0.000000000000000000, 1.000000000000000000 ) ) ;
#3774 = LINE ( 'NONE', #4199, #127 ) ;
#3775 = CARTESIAN_POINT ( 'NONE',  ( -1.987156007648277711, 0.5037329081206736170, 2.616492108909131087 ) ) ;
#3776 = CARTESIAN_POINT ( 'NONE',  ( -6.608470384673556940E-16, 4.000000000000001776, -8.000000000000000000 ) ) ;
#3777 = EDGE_CURVE ( 'NONE', #5103, #1363, #2515, .T. ) ;
#3778 = ORIENTED_EDGE ( 'NONE', *, *, #3673, .F. ) ;
#3779 = DIRECTION ( 'NONE',  ( -1.000000000000000000, -1.892425610156517122E-16, 0.000000000000000000 ) ) ;
#3780 = DIRECTION ( 'NONE',  ( -1.000000000000000000, 0.000000000000000000, 0.000000000000000000 ) ) ;
#3781 = ORIENTED_EDGE ( 'NONE', *, *, #2, .F. ) ;
#3782 = DIRECTION ( 'NONE',  ( 1.000000000000000000, 0.000000000000000000, 0.000000000000000000 ) ) ;
#3783 = DIRECTION ( 'NONE',  ( -0.000000000000000000, -0.000000000000000000, 1.000000000000000000 ) ) ;
#3784 = ORIENTED_EDGE ( 'NONE', *, *, #2521, .F. ) ;
#3785 = FACE_OUTER_BOUND ( 'NONE', #234, .T. ) ;
#3786 = ORIENTED_EDGE ( 'NONE', *, *, #4167, .T. ) ;
#3787 = AXIS2_PLACEMENT_3D ( 'NONE', #2665, #662, #3854 ) ;
#3788 = CARTESIAN_POINT ( 'NONE',  ( -0.9647168666771752665, 4.000000000000003553, -7.782170121210557845 ) ) ;
#3789 = DIRECTION ( 'NONE',  ( 0.000000000000000000, 0.000000000000000000, -1.000000000000000000 ) ) ;
#3790 = ADVANCED_FACE ( 'NONE', ( #3355 ), #3351, .T. ) ;
#3791 = DIRECTION ( 'NONE',  ( 1.000000000000000000, 0.000000000000000000, 0.000000000000000000 ) ) ;
#3792 = VECTOR ( 'NONE', #1269, 1000.000000000000000 ) ;
#3793 = CARTESIAN_POINT ( 'NONE',  ( -27.50000000000000000, 4.500000000000014211, -10.00000000000000000 ) ) ;
#3794 = ORIENTED_EDGE ( 'NONE', *, *, #4742, .F. ) ;
#3795 = VECTOR ( 'NONE', #1973, 1000.000000000000000 ) ;
#3796 = FACE_OUTER_BOUND ( 'NONE', #4958, .T. ) ;
#3797 = CARTESIAN_POINT ( 'NONE',  ( -2.249999999999998668, 3.000000000000003109, 4.099999999999999645 ) ) ;
#3798 = VECTOR ( 'NONE', #4936, 1000.000000000000000 ) ;
#3799 = ADVANCED_FACE ( 'NONE', ( #2256 ), #3855, .F. ) ;
#3800 = AXIS2_PLACEMENT_3D ( 'NONE', #1840, #3487, #1112 ) ;
#3801 = DIRECTION ( 'NONE',  ( -0.000000000000000000, -1.000000000000000000, -0.000000000000000000 ) ) ;
#3802 = CARTESIAN_POINT ( 'NONE',  ( -1.860862816736327030, 0.8601032733103161076, 2.601385445437938149 ) ) ;
#3803 = FACE_OUTER_BOUND ( 'NONE', #4866, .T. ) ;
#3804 = VECTOR ( 'NONE', #521, 1000.000000000000114 ) ;
#3805 = VERTEX_POINT ( 'NONE', #2993 ) ;
#3806 = EDGE_CURVE ( 'NONE', #2544, #4029, #4202, .T. ) ;
#3807 = AXIS2_PLACEMENT_3D ( 'NONE', #2410, #4332, #5135 ) ;
#3808 = DIRECTION ( 'NONE',  ( 8.673617379884035472E-17, 1.641417566239121864E-32, 1.000000000000000000 ) ) ;
#3809 = EDGE_CURVE ( 'NONE', #2849, #3664, #4702, .T. ) ;
#3810 = LINE ( 'NONE', #2622, #584 ) ;
#3811 = ORIENTED_EDGE ( 'NONE', *, *, #2327, .F. ) ;
#3812 = AXIS2_PLACEMENT_3D ( 'NONE', #164, #4845, #2505 ) ;
#3813 = CARTESIAN_POINT ( 'NONE',  ( 0.000000000000000000, 0.000000000000000000, 10.00000000000000000 ) ) ;
#3814 = DIRECTION ( 'NONE',  ( -0.000000000000000000, -0.000000000000000000, -1.000000000000000000 ) ) ;
#3815 = ORIENTED_EDGE ( 'NONE', *, *, #2547, .T. ) ;
#3816 = DIRECTION ( 'NONE',  ( 1.892425610156517122E-16, -1.000000000000000000, 0.000000000000000000 ) ) ;
#3817 = VECTOR ( 'NONE', #1861, 1000.000000000000000 ) ;
#3818 = EDGE_LOOP ( 'NONE', ( #3311, #180, #2742, #4281 ) ) ;
#3819 = AXIS2_PLACEMENT_3D ( 'NONE', #497, #547, #2091 ) ;
#3820 = CARTESIAN_POINT ( 'NONE',  ( -1.674992226635395376, 4.000000000000003553, -7.711927794022983562 ) ) ;
#3821 = VERTEX_POINT ( 'NONE', #692 ) ;
#3822 = CARTESIAN_POINT ( 'NONE',  ( -24.40000000000000213, 3.796405077356793932E-16, -5.799999999999999822 ) ) ;
#3823 = DIRECTION ( 'NONE',  ( 0.000000000000000000, -0.000000000000000000, 1.000000000000000000 ) ) ;
#3824 = DIRECTION ( 'NONE',  ( 1.000000000000000000, 1.892425610156517122E-16, 0.000000000000000000 ) ) ;
#3825 = EDGE_LOOP ( 'NONE', ( #4424, #1507, #2844, #2392 ) ) ;
#3826 = CARTESIAN_POINT ( 'NONE',  ( 27.50000000000000000, 4.500000000000002665, -7.749999999999999112 ) ) ;
#3827 = CYLINDRICAL_SURFACE ( 'NONE', #2676, 2.149999999999999023 ) ;
#3828 = CYLINDRICAL_SURFACE ( 'NONE', #3964, 2.000000000000000000 ) ;
#3829 = CARTESIAN_POINT ( 'NONE',  ( 10.00000000000000178, -4.499999999999979572, -5.000000000000000000 ) ) ;
#3830 = ORIENTED_EDGE ( 'NONE', *, *, #4127, .T. ) ;
#3831 = ADVANCED_FACE ( 'NONE', ( #3803 ), #5007, .F. ) ;
#3832 = DIRECTION ( 'NONE',  ( -0.000000000000000000, -0.000000000000000000, 1.000000000000000000 ) ) ;
#3833 = DIRECTION ( 'NONE',  ( -0.000000000000000000, -0.000000000000000000, -1.000000000000000000 ) ) ;
#3834 = ORIENTED_EDGE ( 'NONE', *, *, #2176, .T. ) ;
#3835 = ORIENTED_EDGE ( 'NONE', *, *, #1411, .T. ) ;
#3836 = ADVANCED_FACE ( 'NONE', ( #3880 ), #302, .F. ) ;
#3837 = ADVANCED_FACE ( 'NONE', ( #1030 ), #4254, .T. ) ;
#3838 = CYLINDRICAL_SURFACE ( 'NONE', #5058, 5.000000000000000888 ) ;
#3839 = CARTESIAN_POINT ( 'NONE',  ( 10.00000000000000000, 3.000000000000005329, 6.000000000000000000 ) ) ;
#3840 = ORIENTED_EDGE ( 'NONE', *, *, #3897, .T. ) ;
#3841 = PLANE ( 'NONE',  #638 ) ;
#3842 = ADVANCED_FACE ( 'NONE', ( #197 ), #641, .F. ) ;
#3843 = ORIENTED_EDGE ( 'NONE', *, *, #3165, .T. ) ;
#3844 = CARTESIAN_POINT ( 'NONE',  ( -2.645751311064588496, 4.000000000000003553, -7.000000000000000000 ) ) ;
#3845 = CARTESIAN_POINT ( 'NONE',  ( 10.49999999999999822, 3.000000000000008438, -7.749999999999998224 ) ) ;
#3846 = CIRCLE ( 'NONE', #2587, 1.000000000000000000 ) ;
#3847 = CARTESIAN_POINT ( 'NONE',  ( -50.00000000000000000, -4.499999999999998224, -4.000000000000000000 ) ) ;
#3848 = DIRECTION ( 'NONE',  ( 4.336808689942017736E-16, -2.602085213965210642E-15, -1.000000000000000000 ) ) ;
#3849 = EDGE_LOOP ( 'NONE', ( #1151, #2367, #3928, #3784 ) ) ;
#3850 = CIRCLE ( 'NONE', #677, 3.099999999999998757 ) ;
#3851 = CIRCLE ( 'NONE', #3507, 2.000000000000000000 ) ;
#3852 = DIRECTION ( 'NONE',  ( 1.000000000000000000, 1.892425610156517122E-16, 0.000000000000000000 ) ) ;
#3853 = DIRECTION ( 'NONE',  ( -0.000000000000000000, -0.000000000000000000, -1.000000000000000000 ) ) ;
#3854 = DIRECTION ( 'NONE',  ( -1.000000000000000000, 0.000000000000000000, 0.000000000000000000 ) ) ;
#3855 = PLANE ( 'NONE',  #1104 ) ;
#3856 = ORIENTED_EDGE ( 'NONE', *, *, #3612, .F. ) ;
#3857 = TOROIDAL_SURFACE ( 'NONE', #1606, 1.000000000000000000, 1.000000000000000000 ) ;
#3858 = FACE_BOUND ( 'NONE', #148, .T. ) ;
#3859 = CARTESIAN_POINT ( 'NONE',  ( 10.00000000000000000, 4.000000000000005329, -5.000000000000000000 ) ) ;
#3860 = EDGE_CURVE ( 'NONE', #331, #342, #1814, .T. ) ;
#3861 = EDGE_LOOP ( 'NONE', ( #456, #198, #2883, #3622 ) ) ;
#3862 = VERTEX_POINT ( 'NONE', #1864 ) ;
#3863 = DIRECTION ( 'NONE',  ( 1.000000000000000000, 1.892425610156517122E-16, 0.000000000000000000 ) ) ;
#3864 = ORIENTED_EDGE ( 'NONE', *, *, #2450, .F. ) ;
#3865 = DIRECTION ( 'NONE',  ( 0.000000000000000000, 0.000000000000000000, -1.000000000000000000 ) ) ;
#3866 = ADVANCED_FACE ( 'NONE', ( #1837 ), #3483, .F. ) ;
#3867 = VERTEX_POINT ( 'NONE', #1785 ) ;
#3868 = CARTESIAN_POINT ( 'NONE',  ( -1.988646640583529468, 3.477396701847804028, -8.000000002274028077 ) ) ;
#3869 = VERTEX_POINT ( 'NONE', #3377 ) ;
#3870 = LINE ( 'NONE', #2629, #2671 ) ;
#3871 = ADVANCED_FACE ( 'NONE', ( #1501 ), #1081, .F. ) ;
#3872 = EDGE_CURVE ( 'NONE', #89, #3862, #4699, .T. ) ;
#3873 = DIRECTION ( 'NONE',  ( 0.000000000000000000, -0.000000000000000000, 1.000000000000000000 ) ) ;
#3874 = CARTESIAN_POINT ( 'NONE',  ( -5.249999999999998224, 3.000000000000002665, 0.000000000000000000 ) ) ;
#3875 = ORIENTED_EDGE ( 'NONE', *, *, #4195, .F. ) ;
#3876 = AXIS2_PLACEMENT_3D ( 'NONE', #2772, #3901, #3981 ) ;
#3877 = DIRECTION ( 'NONE',  ( 1.000000000000000000, 0.000000000000000000, 0.000000000000000000 ) ) ;
#3878 = LINE ( 'NONE', #4223, #2768 ) ;
#3879 = DIRECTION ( 'NONE',  ( 0.000000000000000000, 0.000000000000000000, -1.000000000000000000 ) ) ;
#3880 = FACE_OUTER_BOUND ( 'NONE', #4573, .T. ) ;
#3881 = ORIENTED_EDGE ( 'NONE', *, *, #4180, .F. ) ;
#3882 = AXIS2_PLACEMENT_3D ( 'NONE', #1215, #3615, #4038 ) ;
#3883 = CONICAL_SURFACE ( 'NONE', #52, 3.099999999999998757, 0.7853981633974512766 ) ;
#3884 = DIRECTION ( 'NONE',  ( 1.000000000000000000, 0.000000000000000000, 0.000000000000000000 ) ) ;
#3885 = DIRECTION ( 'NONE',  ( -0.000000000000000000, -0.000000000000000000, 1.000000000000000000 ) ) ;
#3886 = CIRCLE ( 'NONE', #3378, 2.200000000000000622 ) ;
#3887 = VERTEX_POINT ( 'NONE', #4625 ) ;
#3888 = VECTOR ( 'NONE', #3204, 1000.000000000000000 ) ;
#3889 = ORIENTED_EDGE ( 'NONE', *, *, #2111, .T. ) ;
#3890 = ADVANCED_FACE ( 'NONE', ( #4229 ), #2233, .F. ) ;
#3891 = CARTESIAN_POINT ( 'NONE',  ( -2.604653261250643226, 0.4159101571629625904, 2.131688386670959279 ) ) ;
#3892 = DIRECTION ( 'NONE',  ( 0.7071067811865460184, 8.659560562354913137E-17, -0.7071067811865490160 ) ) ;
#3893 = ORIENTED_EDGE ( 'NONE', *, *, #4091, .F. ) ;
#3894 = PLANE ( 'NONE',  #2757 ) ;
#3895 = AXIS2_PLACEMENT_3D ( 'NONE', #10, #404, #2688 ) ;
#3896 = ORIENTED_EDGE ( 'NONE', *, *, #2747, .F. ) ;
#3897 = EDGE_CURVE ( 'NONE', #5016, #3538, #2940, .T. ) ;
#3898 =( LENGTH_UNIT ( ) NAMED_UNIT ( * ) SI_UNIT ( .MILLI., .METRE. ) );
#3899 = VECTOR ( 'NONE', #34, 1000.000000000000000 ) ;
#3900 = ORIENTED_EDGE ( 'NONE', *, *, #3806, .T. ) ;
#3901 = DIRECTION ( 'NONE',  ( -0.000000000000000000, -0.000000000000000000, 1.000000000000000000 ) ) ;
#3902 = FACE_OUTER_BOUND ( 'NONE', #2646, .T. ) ;
#3903 = CARTESIAN_POINT ( 'NONE',  ( -27.50000000000000000, 0.000000000000000000, 5.799999999999999822 ) ) ;
#3904 = ORIENTED_EDGE ( 'NONE', *, *, #4833, .T. ) ;
#3905 = AXIS2_PLACEMENT_3D ( 'NONE', #1259, #3316, #4506 ) ;
#3906 = EDGE_LOOP ( 'NONE', ( #2754, #3201, #1687, #1459, #4877 ) ) ;
#3907 = EDGE_CURVE ( 'NONE', #1035, #3681, #1060, .T. ) ;
#3908 = EDGE_CURVE ( 'NONE', #577, #5016, #3616, .T. ) ;
#3909 = DIRECTION ( 'NONE',  ( 0.9848077530122086864, -0.1736481776669270838, 0.000000000000000000 ) ) ;
#3910 = DIRECTION ( 'NONE',  ( -1.000000000000000000, 0.000000000000000000, 0.000000000000000000 ) ) ;
#3911 = DIRECTION ( 'NONE',  ( -1.000000000000000000, 0.000000000000000000, 0.000000000000000000 ) ) ;
#3912 = DIRECTION ( 'NONE',  ( -1.000000000000000000, 3.469446951953613400E-15, 0.000000000000000000 ) ) ;
#3913 = ORIENTED_EDGE ( 'NONE', *, *, #2784, .F. ) ;
#3914 = CYLINDRICAL_SURFACE ( 'NONE', #1876, 2.200000000000000622 ) ;
#3915 = CARTESIAN_POINT ( 'NONE',  ( 10.49999999999999822, 5.000000000000007994, 9.500000000000000000 ) ) ;
#3916 = ORIENTED_EDGE ( 'NONE', *, *, #3680, .F. ) ;
#3917 = ORIENTED_EDGE ( 'NONE', *, *, #2420, .F. ) ;
#3918 = CARTESIAN_POINT ( 'NONE',  ( -41.41442037161814937, 6.369350770655441529, -2.649999999999999911 ) ) ;
#3919 = CARTESIAN_POINT ( 'NONE',  ( 24.05317286445727731, 0.6077686218342444047, 4.900000000000000355 ) ) ;
#3920 = EDGE_LOOP ( 'NONE', ( #1559, #1575, #3524, #4794 ) ) ;
#3921 = DIRECTION ( 'NONE',  ( 1.892425610156517122E-16, -1.000000000000000000, 0.000000000000000000 ) ) ;
#3922 = VERTEX_POINT ( 'NONE', #3990 ) ;
#3923 = EDGE_LOOP ( 'NONE', ( #49, #4004, #215, #3611 ) ) ;
#3924 = CARTESIAN_POINT ( 'NONE',  ( 2.750000000000001332, 3.000000000000003997, 4.099999999999999645 ) ) ;
#3925 = ADVANCED_FACE ( 'NONE', ( #743 ), #3857, .F. ) ;
#3926 = DIRECTION ( 'NONE',  ( 0.000000000000000000, 0.000000000000000000, 1.000000000000000000 ) ) ;
#3927 = ORIENTED_EDGE ( 'NONE', *, *, #1572, .T. ) ;
#3928 = ORIENTED_EDGE ( 'NONE', *, *, #2228, .F. ) ;
#3929 = CIRCLE ( 'NONE', #2087, 0.9999999999999991118 ) ;
#3930 = LINE ( 'NONE', #4352, #4989 ) ;
#3931 = CARTESIAN_POINT ( 'NONE',  ( -6.608470384673558912E-16, 4.000000000000001776, -8.000000000000000000 ) ) ;
#3932 = DIRECTION ( 'NONE',  ( 1.000000000000000000, 1.892425610156517122E-16, 0.000000000000000000 ) ) ;
#3933 = EDGE_CURVE ( 'NONE', #659, #1143, #2753, .T. ) ;
#3934 = AXIS2_PLACEMENT_3D ( 'NONE', #4284, #307, #1842 ) ;
#3935 = DIRECTION ( 'NONE',  ( 1.000000000000000000, 0.000000000000000000, 0.000000000000000000 ) ) ;
#3936 = VERTEX_POINT ( 'NONE', #328 ) ;
#3937 = CIRCLE ( 'NONE', #2347, 1.500000000000013545 ) ;
#3938 = DIRECTION ( 'NONE',  ( -1.000000000000000000, 0.000000000000000000, 0.000000000000000000 ) ) ;
#3939 = AXIS2_PLACEMENT_3D ( 'NONE', #3108, #4709, #4314 ) ;
#3940 = PLANE ( 'NONE',  #1344 ) ;
#3941 = EDGE_CURVE ( 'NONE', #4889, #1845, #853, .T. ) ;
#3942 = ORIENTED_EDGE ( 'NONE', *, *, #4990, .F. ) ;
#3943 = EDGE_CURVE ( 'NONE', #3439, #3062, #4826, .T. ) ;
#3944 = CARTESIAN_POINT ( 'NONE',  ( 5.750000000000000888, 3.000000000000004441, 0.000000000000000000 ) ) ;
#3945 = VERTEX_POINT ( 'NONE', #4433 ) ;
#3946 = CIRCLE ( 'NONE', #4030, 2.000000000000000000 ) ;
#3947 = B_SPLINE_CURVE_WITH_KNOTS ( 'NONE', 3,
 ( #644, #3100, #4703, #4655, #2730, #4726, #5065, #666, #1455, #4679, #2648, #2259 ),
 .UNSPECIFIED., .F., .F.,
 ( 4, 2, 2, 2, 2, 4 ),
 ( 0.000000000000000000, 0.0007230244653764148757, 0.001446048930752829751, 0.002169073396129244519, 0.002530585628817451794, 0.002892097861505660804 ),
 .UNSPECIFIED. ) ;
#3948 = CARTESIAN_POINT ( 'NONE',  ( -11.17157287525380838, -4.999999999999997335, 4.500000000000007105 ) ) ;
#3949 = DIRECTION ( 'NONE',  ( 1.000000000000000000, 0.000000000000000000, 0.000000000000000000 ) ) ;
#3950 = ORIENTED_EDGE ( 'NONE', *, *, #1528, .F. ) ;
#3951 = DIRECTION ( 'NONE',  ( -1.892425610156516875E-16, 1.000000000000000000, 0.000000000000000000 ) ) ;
#3952 = VERTEX_POINT ( 'NONE', #821 ) ;
#3953 = ORIENTED_EDGE ( 'NONE', *, *, #2271, .F. ) ;
#3954 = DIRECTION ( 'NONE',  ( 0.000000000000000000, 0.000000000000000000, -1.000000000000000000 ) ) ;
#3955 = DIRECTION ( 'NONE',  ( -1.652117596168388495E-16, 1.000000000000000000, 0.000000000000000000 ) ) ;
#3956 = EDGE_LOOP ( 'NONE', ( #5077, #2679, #2244, #3692 ) ) ;
#3957 = DIRECTION ( 'NONE',  ( -1.892425610156517122E-16, 1.000000000000000000, 0.000000000000000000 ) ) ;
#3958 = DIRECTION ( 'NONE',  ( -0.000000000000000000, 0.000000000000000000, -1.000000000000000000 ) ) ;
#3959 = LINE ( 'NONE', #3639, #3795 ) ;
#3960 = CARTESIAN_POINT ( 'NONE',  ( 29.95802622594304054, -6.215537243668483036, -2.649999999999999911 ) ) ;
#3961 = CIRCLE ( 'NONE', #2625, 1.000000000000000000 ) ;
#3962 = ORIENTED_EDGE ( 'NONE', *, *, #4887, .T. ) ;
#3963 = ADVANCED_FACE ( 'NONE', ( #3193 ), #2002, .T. ) ;
#3964 = AXIS2_PLACEMENT_3D ( 'NONE', #2311, #3145, #3911 ) ;
#3965 = DIRECTION ( 'NONE',  ( -1.892425610156516875E-16, 1.000000000000000000, 0.000000000000000000 ) ) ;
#3966 = CARTESIAN_POINT ( 'NONE',  ( -23.89999999999999503, 4.408728476930478547E-16, -10.00000000000000000 ) ) ;
#3967 = EDGE_LOOP ( 'NONE', ( #2085, #3998, #3843, #4447 ) ) ;
#3968 = DIRECTION ( 'NONE',  ( 0.1736481776669277499, 0.9848077530122085754, 0.000000000000000000 ) ) ;
#3969 = ORIENTED_EDGE ( 'NONE', *, *, #4933, .F. ) ;
#3970 = AXIS2_PLACEMENT_3D ( 'NONE', #1196, #2859, #4803 ) ;
#3971 = EDGE_CURVE ( 'NONE', #747, #802, #845, .T. ) ;
#3972 = EDGE_CURVE ( 'NONE', #228, #3547, #2359, .T. ) ;
#3973 = DIRECTION ( 'NONE',  ( 1.652117596168388495E-16, -1.000000000000000000, -0.000000000000000000 ) ) ;
#3974 = VECTOR ( 'NONE', #3732, 1000.000000000000000 ) ;
#3975 = DIRECTION ( 'NONE',  ( 0.000000000000000000, -0.7071067811865474617, 0.7071067811865474617 ) ) ;
#3976 = DIRECTION ( 'NONE',  ( 1.000000000000000000, 0.000000000000000000, 0.000000000000000000 ) ) ;
#3977 = CIRCLE ( 'NONE', #702, 2.000000000000000000 ) ;
#3978 = AXIS2_PLACEMENT_3D ( 'NONE', #3239, #1260, #4868 ) ;
#3979 = ORIENTED_EDGE ( 'NONE', *, *, #1533, .F. ) ;
#3980 = EDGE_LOOP ( 'NONE', ( #614, #499, #366, #911, #2850, #4830 ) ) ;
#3981 = DIRECTION ( 'NONE',  ( 1.000000000000000000, 0.000000000000000000, 0.000000000000000000 ) ) ;
#3982 = AXIS2_PLACEMENT_3D ( 'NONE', #2225, #3066, #3768 ) ;
#3983 = ORIENTED_EDGE ( 'NONE', *, *, #4423, .T. ) ;
#3984 = AXIS2_PLACEMENT_3D ( 'NONE', #1736, #2178, #1759 ) ;
#3985 =( BOUNDED_SURFACE ( )  B_SPLINE_SURFACE ( 3, 2, ( 
 ( #3721, #2911, #1266 ),
 ( #2484, #93, #4068 ),
 ( #4090, #2510, #2936 ),
 ( #604, #1523, #1211 ),
 ( #1107, #2692, #325 ),
 ( #1940, #1162, #791 ),
 ( #3093, #1941, #2024 ),
 ( #3502, #1604, #407 ),
 ( #2330, #2000, #4011 ),
 ( #5107, #2803, #3931 ) ),
 .UNSPECIFIED., .F., .F., .F. ) 
 B_SPLINE_SURFACE_WITH_KNOTS ( ( 4, 2, 2, 2, 4 ),
 ( 3, 3 ),
 ( 0.001865397817755775397, 0.002583876141989727843, 0.003302354466223679855, 0.004020832790457631867, 0.004739311114691584746 ),
 ( 0.000000000000000000, 1.000000000000000000 ),
 .UNSPECIFIED. ) 
 GEOMETRIC_REPRESENTATION_ITEM ( )  RATIONAL_B_SPLINE_SURFACE ( (
 ( 1.000000000000000000, 0.7071067811865476838, 1.000000000000000000),
 ( 1.000000000000000000, 0.7494601831124425573, 1.000000000000000000),
 ( 1.000000000000000000, 0.7888695054099338355, 1.000000000000000000),
 ( 1.000000000000000000, 0.8602156236684551649, 1.000000000000000000),
 ( 1.000000000000000000, 0.8922029867401858327, 1.000000000000000000),
 ( 1.000000000000000000, 0.9445021178944187357, 1.000000000000000000),
 ( 1.000000000000000000, 0.9650457241395544727, 1.000000000000000000),
 ( 1.000000000000000000, 0.9928178179544919768, 1.000000000000000000),
 ( 1.000000000000000000, 1.000026929487087601, 1.000000000000000000),
 ( 1.000000000000000000, 1.000000000000000000, 1.000000000000000000) ) ) 
 REPRESENTATION_ITEM ( '' )  SURFACE ( )  );
#3986 = DIRECTION ( 'NONE',  ( -1.000000000000000000, -1.892425610156517122E-16, 8.673617379884035472E-17 ) ) ;
#3987 = DIRECTION ( 'NONE',  ( -0.000000000000000000, -0.000000000000000000, -1.000000000000000000 ) ) ;
#3988 = LINE ( 'NONE', #408, #2706 ) ;
#3989 = VECTOR ( 'NONE', #2430, 1000.000000000000000 ) ;
#3990 = CARTESIAN_POINT ( 'NONE',  ( -30.59999999999999787, 3.796405077356794918E-16, 9.499999999999989342 ) ) ;
#3991 = ORIENTED_EDGE ( 'NONE', *, *, #3282, .F. ) ;
#3992 = AXIS2_PLACEMENT_3D ( 'NONE', #4295, #705, #3137 ) ;
#3993 = DIRECTION ( 'NONE',  ( 1.000000000000000000, 0.000000000000000000, -0.000000000000000000 ) ) ;
#3994 = CARTESIAN_POINT ( 'NONE',  ( 0.000000000000000000, 0.000000000000000000, 9.500000000000010658 ) ) ;
#3995 = ORIENTED_EDGE ( 'NONE', *, *, #4678, .T. ) ;
#3996 = DIRECTION ( 'NONE',  ( -0.000000000000000000, -0.000000000000000000, 1.000000000000000000 ) ) ;
#3997 = EDGE_CURVE ( 'NONE', #664, #228, #3147, .T. ) ;
#3998 = ORIENTED_EDGE ( 'NONE', *, *, #1995, .T. ) ;
#3999 = DIRECTION ( 'NONE',  ( 1.892425610156517122E-16, -1.000000000000000000, 0.000000000000000000 ) ) ;
#4000 = CARTESIAN_POINT ( 'NONE',  ( 11.00000000000000178, -4.499999999999979572, -5.000000000000000000 ) ) ;
#4001 = CARTESIAN_POINT ( 'NONE',  ( 19.00000000000000355, 3.000000000000007105, -3.000000000000000000 ) ) ;
#4002 = EDGE_CURVE ( 'NONE', #531, #3338, #597, .T. ) ;
#4003 = EDGE_CURVE ( 'NONE', #2814, #4078, #5109, .T. ) ;
#4004 = ORIENTED_EDGE ( 'NONE', *, *, #3860, .F. ) ;
#4005 = DIRECTION ( 'NONE',  ( 1.000000000000000000, 0.000000000000000000, -0.000000000000000000 ) ) ;
#4006 = EDGE_CURVE ( 'NONE', #733, #5067, #5147, .T. ) ;
#4007 = CARTESIAN_POINT ( 'NONE',  ( 10.50000000000000533, -4.999999999999993783, -7.249999999999997335 ) ) ;
#4008 = VERTEX_POINT ( 'NONE', #3170 ) ;
#4009 = EDGE_LOOP ( 'NONE', ( #3434, #518, #713, #4164, #360, #4714, #1419, #3234, #4872 ) ) ;
#4010 = DIRECTION ( 'NONE',  ( 0.000000000000000000, 0.7071067811865474617, -0.7071067811865474617 ) ) ;
#4011 = CARTESIAN_POINT ( 'NONE',  ( 0.2065233688579264371, 4.000000000000001776, -7.880764232261708635 ) ) ;
#4012 = CARTESIAN_POINT ( 'NONE',  ( 19.00000000000000355, 4.000000000000007105, -3.000000000000000000 ) ) ;
#4013 = FACE_OUTER_BOUND ( 'NONE', #4497, .T. ) ;
#4014 = ORIENTED_EDGE ( 'NONE', *, *, #3640, .T. ) ;
#4015 = LINE ( 'NONE', #3620, #4969 ) ;
#4016 = CONICAL_SURFACE ( 'NONE', #1757, 1.499999999999985789, 0.7853981633974482790 ) ;
#4017 = DIRECTION ( 'NONE',  ( -1.000000000000000000, -2.168404344971008868E-16, 0.000000000000000000 ) ) ;
#4018 = VERTEX_POINT ( 'NONE', #3119 ) ;
#4019 = CIRCLE ( 'NONE', #1349, 1.000000000000000888 ) ;
#4020 = DIRECTION ( 'NONE',  ( 1.951464348506112674E-16, -0.7071067811865473507, -0.7071067811865476838 ) ) ;
#4021 = EDGE_LOOP ( 'NONE', ( #5110, #2746, #1258, #5075 ) ) ;
#4022 = AXIS2_PLACEMENT_3D ( 'NONE', #239, #4166, #993 ) ;
#4023 = DIRECTION ( 'NONE',  ( 0.000000000000000000, 0.000000000000000000, 1.000000000000000000 ) ) ;
#4024 = EDGE_CURVE ( 'NONE', #4211, #3922, #4654, .T. ) ;
#4025 = DIRECTION ( 'NONE',  ( -0.000000000000000000, -0.000000000000000000, 1.000000000000000000 ) ) ;
#4026 = DIRECTION ( 'NONE',  ( 1.000000000000000000, 0.000000000000000000, -0.000000000000000000 ) ) ;
#4027 = AXIS2_PLACEMENT_3D ( 'NONE', #2789, #779, #2818 ) ;
#4028 = ADVANCED_FACE ( 'NONE', ( #2386 ), #1135, .T. ) ;
#4029 = VERTEX_POINT ( 'NONE', #3960 ) ;
#4030 = AXIS2_PLACEMENT_3D ( 'NONE', #582, #2465, #149 ) ;
#4031 = DIRECTION ( 'NONE',  ( 0.000000000000000000, -0.7071067811865481278, -0.7071067811865469066 ) ) ;
#4032 = ORIENTED_EDGE ( 'NONE', *, *, #4585, .F. ) ;
#4033 = ORIENTED_EDGE ( 'NONE', *, *, #420, .T. ) ;
#4034 = EDGE_CURVE ( 'NONE', #3004, #3062, #1553, .T. ) ;
#4035 = DIRECTION ( 'NONE',  ( 0.000000000000000000, 0.000000000000000000, -1.000000000000000000 ) ) ;
#4036 = EDGE_CURVE ( 'NONE', #2411, #4731, #139, .T. ) ;
#4037 = DIRECTION ( 'NONE',  ( -1.000000000000000000, 0.000000000000000000, 0.000000000000000000 ) ) ;
#4038 = DIRECTION ( 'NONE',  ( 1.000000000000000000, 0.000000000000000000, 0.000000000000000000 ) ) ;
#4039 = CARTESIAN_POINT ( 'NONE',  ( -2.514081619823943736, 0.7214209835255031011, 2.117213867413306083 ) ) ;
#4040 = EDGE_LOOP ( 'NONE', ( #465, #119, #1141, #496 ) ) ;
#4041 = FACE_OUTER_BOUND ( 'NONE', #3273, .T. ) ;
#4042 = DIRECTION ( 'NONE',  ( 0.7071067811865487940, -0.7071067811865463515, 0.000000000000000000 ) ) ;
#4043 = VERTEX_POINT ( 'NONE', #2805 ) ;
#4044 = LINE ( 'NONE', #4808, #3516 ) ;
#4045 = ORIENTED_EDGE ( 'NONE', *, *, #3078, .F. ) ;
#4046 = DIRECTION ( 'NONE',  ( -0.000000000000000000, -0.000000000000000000, 1.000000000000000000 ) ) ;
#4047 = CARTESIAN_POINT ( 'NONE',  ( -1.919679037956857348, -0.7192725989713379953, 2.606350710630043643 ) ) ;
#4048 = CARTESIAN_POINT ( 'NONE',  ( 10.49999999999999822, 5.000000000000007994, 9.500000000000000000 ) ) ;
#4049 = VECTOR ( 'NONE', #3669, 1000.000000000000000 ) ;
#4050 = AXIS2_PLACEMENT_3D ( 'NONE', #2172, #163, #4113 ) ;
#4051 = AXIS2_PLACEMENT_3D ( 'NONE', #1610, #4362, #484 ) ;
#4052 = ORIENTED_EDGE ( 'NONE', *, *, #3702, .F. ) ;
#4053 = DIRECTION ( 'NONE',  ( -0.000000000000000000, -0.000000000000000000, 1.000000000000000000 ) ) ;
#4054 = VECTOR ( 'NONE', #2929, 1000.000000000000000 ) ;
#4055 = ORIENTED_EDGE ( 'NONE', *, *, #3009, .F. ) ;
#4056 = ADVANCED_FACE ( 'NONE', ( #4013 ), #433, .T. ) ;
#4057 = ORIENTED_EDGE ( 'NONE', *, *, #3769, .T. ) ;
#4058 = LINE ( 'NONE', #84, #4663 ) ;
#4059 = DIRECTION ( 'NONE',  ( -1.000000000000000000, 0.000000000000000000, 0.000000000000000000 ) ) ;
#4060 = LINE ( 'NONE', #1285, #2809 ) ;
#4061 = CARTESIAN_POINT ( 'NONE',  ( -2.645751311064588052, 3.000000000000003109, -8.000000000000000000 ) ) ;
#4062 = LINE ( 'NONE', #1656, #1975 ) ;
#4063 = EDGE_CURVE ( 'NONE', #369, #3338, #2097, .T. ) ;
#4064 = AXIS2_PLACEMENT_3D ( 'NONE', #2049, #68, #2857 ) ;
#4065 = ADVANCED_FACE ( 'NONE', ( #2932 ), #3345, .F. ) ;
#4066 = ORIENTED_EDGE ( 'NONE', *, *, #511, .T. ) ;
#4067 = DIRECTION ( 'NONE',  ( -1.000000000000000000, 0.000000000000000000, 1.156482317317882375E-15 ) ) ;
#4068 = CARTESIAN_POINT ( 'NONE',  ( 2.404049162915010029, 4.000000000000003553, -7.000000016863698882 ) ) ;
#4069 = AXIS2_PLACEMENT_3D ( 'NONE', #217, #1522, #3877 ) ;
#4070 = CARTESIAN_POINT ( 'NONE',  ( -50.00000000000000000, -4.499999999999998224, 4.000000000000000000 ) ) ;
#4071 = DIRECTION ( 'NONE',  ( -0.000000000000000000, -1.000000000000000000, -0.000000000000000000 ) ) ;
#4072 = ORIENTED_EDGE ( 'NONE', *, *, #2388, .F. ) ;
#4073 = CARTESIAN_POINT ( 'NONE',  ( -32.50000000000000000, 0.000000000000000000, -4.500000000000007105 ) ) ;
#4074 = ORIENTED_EDGE ( 'NONE', *, *, #1026, .T. ) ;
#4075 = VECTOR ( 'NONE', #2852, 1000.000000000000000 ) ;
#4076 = LINE ( 'NONE', #4857, #2213 ) ;
#4077 = CARTESIAN_POINT ( 'NONE',  ( -2.049999999999999822, 2.510525938252073693E-16, 9.500000000000010658 ) ) ;
#4078 = VERTEX_POINT ( 'NONE', #942 ) ;
#4079 = CARTESIAN_POINT ( 'NONE',  ( 10.00000000000000178, -4.499999999999979572, 6.000000000000000000 ) ) ;
#4080 = ORIENTED_EDGE ( 'NONE', *, *, #3640, .F. ) ;
#4081 = ORIENTED_EDGE ( 'NONE', *, *, #6, .F. ) ;
#4082 = CARTESIAN_POINT ( 'NONE',  ( 0.000000000000000000, 0.000000000000000000, 2.099999999999999645 ) ) ;
#4083 = CARTESIAN_POINT ( 'NONE',  ( 9.000000000000000000, 4.000000000000005329, -6.000000000000000000 ) ) ;
#4084 = ADVANCED_FACE ( 'NONE', ( #2073 ), #3058, .T. ) ;
#4085 = DIRECTION ( 'NONE',  ( 1.000000000000000000, 0.000000000000000000, 0.000000000000000000 ) ) ;
#4086 = CARTESIAN_POINT ( 'NONE',  ( 20.50000000000001421, -4.999999999999992006, 10.00000000000000000 ) ) ;
#4087 =( LENGTH_UNIT ( ) NAMED_UNIT ( * ) SI_UNIT ( .MILLI., .METRE. ) );
#4088 = ORIENTED_EDGE ( 'NONE', *, *, #3511, .T. ) ;
#4089 = LINE ( 'NONE', #2563, #476 ) ;
#4090 = CARTESIAN_POINT ( 'NONE',  ( 2.352846747343730005, 3.242085061099686971, -7.999999997725971923 ) ) ;
#4091 = EDGE_CURVE ( 'NONE', #1673, #2720, #3629, .T. ) ;
#4092 = CARTESIAN_POINT ( 'NONE',  ( -27.50000000000000000, 5.000000000000000888, -4.500000000000007105 ) ) ;
#4093 = CARTESIAN_POINT ( 'NONE',  ( -2.013300009364996423, 0.3863266222667984806, 2.621719441153830044 ) ) ;
#4094 = VERTEX_POINT ( 'NONE', #2457 ) ;
#4095 = DIRECTION ( 'NONE',  ( 0.000000000000000000, 0.000000000000000000, -1.000000000000000000 ) ) ;
#4096 = ORIENTED_EDGE ( 'NONE', *, *, #3244, .F. ) ;
#4097 = VECTOR ( 'NONE', #881, 999.9999999999998863 ) ;
#4098 = EDGE_CURVE ( 'NONE', #4915, #89, #4458, .T. ) ;
#4099 = CARTESIAN_POINT ( 'NONE',  ( 20.00000000000000000, 3.000000000000006661, -3.000000000000000000 ) ) ;
#4100 = EDGE_CURVE ( 'NONE', #2052, #5172, #1803, .T. ) ;
#4101 = PLANE ( 'NONE',  #2842 ) ;
#4102 = CIRCLE ( 'NONE', #3423, 5.000000000000000888 ) ;
#4103 = AXIS2_PLACEMENT_3D ( 'NONE', #683, #1882, #292 ) ;
#4104 = CARTESIAN_POINT ( 'NONE',  ( 11.00000000000000000, 3.000000000000005329, 5.000000000000000000 ) ) ;
#4105 = ORIENTED_EDGE ( 'NONE', *, *, #731, .F. ) ;
#4106 = DIRECTION ( 'NONE',  ( 0.000000000000000000, 0.000000000000000000, 1.000000000000000000 ) ) ;
#4107 = AXIS2_PLACEMENT_3D ( 'NONE', #169, #555, #2008 ) ;
#4108 = VERTEX_POINT ( 'NONE', #3641 ) ;
#4109 = EDGE_LOOP ( 'NONE', ( #2184, #2007, #523, #730 ) ) ;
#4110 = VECTOR ( 'NONE', #4175, 1000.000000000000000 ) ;
#4111 = LINE ( 'NONE', #3264, #893 ) ;
#4112 = DIRECTION ( 'NONE',  ( 1.000000000000000000, 1.892425610156517122E-16, 0.000000000000000000 ) ) ;
#4113 = DIRECTION ( 'NONE',  ( 0.000000000000000000, 0.000000000000000000, -1.000000000000000000 ) ) ;
#4114 =( NAMED_UNIT ( * ) PLANE_ANGLE_UNIT ( ) SI_UNIT ( $, .RADIAN. ) );
#4115 = ORIENTED_EDGE ( 'NONE', *, *, #1499, .T. ) ;
#4116 = DIRECTION ( 'NONE',  ( -0.9848077530122085754, 0.1736481776669276667, 0.000000000000000000 ) ) ;
#4117 = CARTESIAN_POINT ( 'NONE',  ( -31.99999999999999289, 0.000000000000000000, -4.000000000000000000 ) ) ;
#4118 =( BOUNDED_CURVE ( )  B_SPLINE_CURVE ( 3, ( #1597, #1182, #1934, #5102 ),
 .UNSPECIFIED., .F., .F. ) 
 B_SPLINE_CURVE_WITH_KNOTS ( ( 4, 4 ),
 ( 1.892425610156516875E-16, 0.7227342478134640702 ),
 .UNSPECIFIED. ) 
 CURVE ( )  GEOMETRIC_REPRESENTATION_ITEM ( )  RATIONAL_B_SPLINE_CURVE ( ( 1.000000000000000000, 0.9569428977956511151, 0.9569428977956511151, 1.000000000000000000 ) ) 
 REPRESENTATION_ITEM ( '' )  );
#4119 = CARTESIAN_POINT ( 'NONE',  ( -1.855489437787156692, 0.8716514724152506499, 2.601109491708247567 ) ) ;
#4120 = VERTEX_POINT ( 'NONE', #4900 ) ;
#4121 = CARTESIAN_POINT ( 'NONE',  ( -2.049999999999999822, 2.510525938252073693E-16, -10.00000000000000000 ) ) ;
#4122 = ORIENTED_EDGE ( 'NONE', *, *, #1693, .T. ) ;
#4123 = EDGE_CURVE ( 'NONE', #1363, #2562, #4565, .T. ) ;
#4124 = DIRECTION ( 'NONE',  ( 0.000000000000000000, 0.000000000000000000, 1.000000000000000000 ) ) ;
#4125 = CARTESIAN_POINT ( 'NONE',  ( 18.00000000000000355, -4.999999999999992006, -5.500000000000013323 ) ) ;
#4126 = CIRCLE ( 'NONE', #799, 2.549999999999996714 ) ;
#4127 = EDGE_CURVE ( 'NONE', #2498, #3945, #221, .T. ) ;
#4128 = EDGE_CURVE ( 'NONE', #4120, #4211, #4062, .T. ) ;
#4129 = LINE ( 'NONE', #5014, #468 ) ;
#4130 = CARTESIAN_POINT ( 'NONE',  ( 27.50000000000000000, 0.000000000000000000, -7.249999999999996447 ) ) ;
#4131 = AXIS2_PLACEMENT_3D ( 'NONE', #1863, #5134, #3427 ) ;
#4132 = ORIENTED_EDGE ( 'NONE', *, *, #420, .F. ) ;
#4133 = DIRECTION ( 'NONE',  ( -0.000000000000000000, -0.000000000000000000, 1.000000000000000000 ) ) ;
#4134 = EDGE_LOOP ( 'NONE', ( #136, #159, #2944, #2900 ) ) ;
#4135 = VECTOR ( 'NONE', #1190, 1000.000000000000000 ) ;
#4136 = ORIENTED_EDGE ( 'NONE', *, *, #1601, .F. ) ;
#4137 = CIRCLE ( 'NONE', #4725, 2.000000000000001776 ) ;
#4138 = LINE ( 'NONE', #1283, #4242 ) ;
#4139 = EDGE_LOOP ( 'NONE', ( #362, #4176, #1185, #73, #1447, #2630 ) ) ;
#4140 = DIRECTION ( 'NONE',  ( -0.000000000000000000, -0.000000000000000000, 1.000000000000000000 ) ) ;
#4141 = CIRCLE ( 'NONE', #2297, 2.149999999999999023 ) ;
#4142 = DIRECTION ( 'NONE',  ( 0.000000000000000000, 0.7071067811865474617, -0.7071067811865474617 ) ) ;
#4143 = CARTESIAN_POINT ( 'NONE',  ( -2.649870346424008538, 0.2077803081298318089, 2.140381740356801288 ) ) ;
#4144 = ORIENTED_EDGE ( 'NONE', *, *, #5158, .T. ) ;
#4145 = MANIFOLD_SOLID_BREP ( '\X2\52079664\X0\-\X2\62c94f38\X0\6', #1293 ) ;
#4146 = LINE ( 'NONE', #4276, #3472 ) ;
#4147 = DIRECTION ( 'NONE',  ( 1.000000000000000000, 0.000000000000000000, 0.000000000000000000 ) ) ;
#4148 = DIRECTION ( 'NONE',  ( -1.000000000000000000, 0.000000000000000000, 0.000000000000000000 ) ) ;
#4149 = LINE ( 'NONE', #118, #1787 ) ;
#4150 = ORIENTED_EDGE ( 'NONE', *, *, #776, .T. ) ;
#4151 = CIRCLE ( 'NONE', #1137, 2.200000000000000622 ) ;
#4152 = DIRECTION ( 'NONE',  ( -1.652117596168388495E-16, 1.000000000000000000, 0.000000000000000000 ) ) ;
#4153 = ORIENTED_EDGE ( 'NONE', *, *, #862, .T. ) ;
#4154 = VECTOR ( 'NONE', #2200, 1000.000000000000000 ) ;
#4155 = CARTESIAN_POINT ( 'NONE',  ( -27.50000000000000000, -5.000000000000000888, -5.500000000000013323 ) ) ;
#4156 = LINE ( 'NONE', #4233, #757 ) ;
#4157 = EDGE_CURVE ( 'NONE', #4417, #4474, #3242, .T. ) ;
#4158 = VECTOR ( 'NONE', #1315, 1000.000000000000000 ) ;
#4159 = CARTESIAN_POINT ( 'NONE',  ( -2.048754293162970530, -0.08271631677566193552, 2.629987206686925205 ) ) ;
#4160 = CARTESIAN_POINT ( 'NONE',  ( 20.00000000000000000, 3.000000000000007994, -3.000000000000000000 ) ) ;
#4161 = VERTEX_POINT ( 'NONE', #4670 ) ;
#4162 = CARTESIAN_POINT ( 'NONE',  ( -30.59999999999999787, 0.000000000000000000, -9.499999999999991118 ) ) ;
#4163 = EDGE_CURVE ( 'NONE', #4827, #1493, #2632, .T. ) ;
#4164 = ORIENTED_EDGE ( 'NONE', *, *, #3648, .F. ) ;
#4165 = CARTESIAN_POINT ( 'NONE',  ( 2.750000000000001776, 5.204170427930425228E-16, 4.099999999999999645 ) ) ;
#4166 = DIRECTION ( 'NONE',  ( -1.652117596168388495E-16, 1.000000000000000000, 0.000000000000000000 ) ) ;
#4167 = EDGE_CURVE ( 'NONE', #2466, #450, #997, .T. ) ;
#4168 = DIRECTION ( 'NONE',  ( 1.652117596168388495E-16, -1.000000000000000000, -0.000000000000000000 ) ) ;
#4169 = DIRECTION ( 'NONE',  ( -0.000000000000000000, -0.000000000000000000, 1.000000000000000000 ) ) ;
#4170 = ORIENTED_EDGE ( 'NONE', *, *, #3037, .T. ) ;
#4171 = DIRECTION ( 'NONE',  ( -0.000000000000000000, -0.000000000000000000, -1.000000000000000000 ) ) ;
#4172 = DIRECTION ( 'NONE',  ( -1.338146981832763019E-16, 0.7071067811865475727, 0.7071067811865475727 ) ) ;
#4173 = CARTESIAN_POINT ( 'NONE',  ( 20.50000000000002132, -4.999999999999992006, 10.00000000000000000 ) ) ;
#4174 = CYLINDRICAL_SURFACE ( 'NONE', #3126, 1.000000000000000000 ) ;
#4175 = DIRECTION ( 'NONE',  ( -0.000000000000000000, -0.000000000000000000, -1.000000000000000000 ) ) ;
#4176 = ORIENTED_EDGE ( 'NONE', *, *, #4924, .F. ) ;
#4177 = DIRECTION ( 'NONE',  ( 0.000000000000000000, 0.000000000000000000, -1.000000000000000000 ) ) ;
#4178 = DIRECTION ( 'NONE',  ( 0.7071067811865422437, 0.000000000000000000, 0.7071067811865526798 ) ) ;
#4179 = ORIENTED_EDGE ( 'NONE', *, *, #4991, .F. ) ;
#4180 = EDGE_CURVE ( 'NONE', #4008, #8, #1556, .T. ) ;
#4181 = CARTESIAN_POINT ( 'NONE',  ( -2.029107511035072253, 0.2926907015141525514, 2.625234195628268541 ) ) ;
#4182 = CARTESIAN_POINT ( 'NONE',  ( -8.499999999999996447, 3.000000000000001776, -6.000000000000000000 ) ) ;
#4183 = EDGE_LOOP ( 'NONE', ( #5154, #628, #3781, #2153 ) ) ;
#4184 = LINE ( 'NONE', #2167, #2096 ) ;
#4185 = AXIS2_PLACEMENT_3D ( 'NONE', #3845, #2659, #267 ) ;
#4186 = ORIENTED_EDGE ( 'NONE', *, *, #4509, .T. ) ;
#4187 = EDGE_CURVE ( 'NONE', #1069, #4462, #392, .T. ) ;
#4188 = DIRECTION ( 'NONE',  ( 1.000000000000000000, 0.000000000000000000, 0.000000000000000000 ) ) ;
#4189 = DIRECTION ( 'NONE',  ( 1.000000000000000000, 0.000000000000000000, -0.000000000000000000 ) ) ;
#4190 = AXIS2_PLACEMENT_3D ( 'NONE', #2267, #3518, #3949 ) ;
#4191 = DIRECTION ( 'NONE',  ( -1.000000000000000000, -1.652117596168388495E-16, -0.000000000000000000 ) ) ;
#4192 = CARTESIAN_POINT ( 'NONE',  ( 8.000000000000000000, 3.000000000000004885, 6.000000000000000000 ) ) ;
#4193 = VECTOR ( 'NONE', #3596, 1000.000000000000000 ) ;
#4194 = ORIENTED_EDGE ( 'NONE', *, *, #4736, .F. ) ;
#4195 = EDGE_CURVE ( 'NONE', #1218, #4820, #5001, .T. ) ;
#4196 = EDGE_CURVE ( 'NONE', #1296, #1967, #3558, .T. ) ;
#4197 = DIRECTION ( 'NONE',  ( 0.7071067811865500152, 0.7071067811865451302, 0.000000000000000000 ) ) ;
#4198 = LINE ( 'NONE', #2613, #1011 ) ;
#4199 = CARTESIAN_POINT ( 'NONE',  ( -27.50000000000000000, 5.000000000000000888, 4.500000000000007105 ) ) ;
#4200 = VECTOR ( 'NONE', #4774, 1000.000000000000000 ) ;
#4201 = CARTESIAN_POINT ( 'NONE',  ( -1.976240589870358111, 0.5451240734775817387, 2.614516464858249289 ) ) ;
#4202 = LINE ( 'NONE', #4306, #4446 ) ;
#4203 = EDGE_LOOP ( 'NONE', ( #2499, #1739, #917, #1195 ) ) ;
#4204 = DIRECTION ( 'NONE',  ( -0.000000000000000000, -0.000000000000000000, 1.000000000000000000 ) ) ;
#4205 = DIRECTION ( 'NONE',  ( 1.000000000000000000, 1.652117596168388495E-16, 0.000000000000000000 ) ) ;
#4206 = ORIENTED_EDGE ( 'NONE', *, *, #4798, .F. ) ;
#4207 = CARTESIAN_POINT ( 'NONE',  ( 11.82287565553230202, -4.499999999999991118, 7.749999999999998224 ) ) ;
#4208 = CARTESIAN_POINT ( 'NONE',  ( 27.50000000000000000, 0.000000000000000000, -7.250000000000000888 ) ) ;
#4209 = ORIENTED_EDGE ( 'NONE', *, *, #2022, .F. ) ;
#4210 = DIRECTION ( 'NONE',  ( 0.000000000000000000, 0.000000000000000000, 1.000000000000000000 ) ) ;
#4211 = VERTEX_POINT ( 'NONE', #2173 ) ;
#4212 = CARTESIAN_POINT ( 'NONE',  ( -1.481308647607135542, 4.000000000000003553, -7.238299152330367470 ) ) ;
#4213 = VERTEX_POINT ( 'NONE', #2585 ) ;
#4214 = DIRECTION ( 'NONE',  ( -1.000000000000000000, 0.000000000000000000, 0.000000000000000000 ) ) ;
#4215 = LINE ( 'NONE', #685, #4471 ) ;
#4216 = EDGE_CURVE ( 'NONE', #1714, #3448, #2307, .T. ) ;
#4217 = VECTOR ( 'NONE', #4922, 1000.000000000000000 ) ;
#4218 = CARTESIAN_POINT ( 'NONE',  ( 10.49999999999999822, 3.000000000000008438, 9.500000000000000000 ) ) ;
#4219 = VECTOR ( 'NONE', #2004, 1000.000000000000000 ) ;
#4220 = EDGE_LOOP ( 'NONE', ( #4057, #1223, #2527, #4209 ) ) ;
#4221 = VECTOR ( 'NONE', #2735, 1000.000000000000114 ) ;
#4222 = CARTESIAN_POINT ( 'NONE',  ( -4.956352788505171156E-16, 3.000000000000003553, 2.099999999999999645 ) ) ;
#4223 = CARTESIAN_POINT ( 'NONE',  ( 8.000000000000001776, -4.499999999999979572, -8.000000000000000000 ) ) ;
#4224 = VECTOR ( 'NONE', #4204, 1000.000000000000000 ) ;
#4225 = CONICAL_SURFACE ( 'NONE', #785, 1.499999999999999556, 0.7853981633974482790 ) ;
#4226 = LINE ( 'NONE', #2644, #1036 ) ;
#4227 = EDGE_CURVE ( 'NONE', #8, #3209, #2661, .T. ) ;
#4228 = ADVANCED_FACE ( 'NONE', ( #2987 ), #2277, .F. ) ;
#4229 = FACE_OUTER_BOUND ( 'NONE', #5095, .T. ) ;
#4230 = AXIS2_PLACEMENT_3D ( 'NONE', #2853, #2070, #3660 ) ;
#4231 = EDGE_LOOP ( 'NONE', ( #2268, #2639, #3214, #1347 ) ) ;
#4232 = CARTESIAN_POINT ( 'NONE',  ( -7.119124914398328792E-16, 3.000000000000003553, 7.000000000000000000 ) ) ;
#4233 = CARTESIAN_POINT ( 'NONE',  ( 30.04999999999999005, 0.000000000000000000, 7.750000000000001776 ) ) ;
#4234 = ADVANCED_FACE ( 'NONE', ( #1884 ), #634, .F. ) ;
#4235 = ORIENTED_EDGE ( 'NONE', *, *, #195, .T. ) ;
#4236 = ORIENTED_EDGE ( 'NONE', *, *, #1665, .F. ) ;
#4237 = CIRCLE ( 'NONE', #4405, 1.499999999999985789 ) ;
#4238 = DIRECTION ( 'NONE',  ( 1.000000000000000000, 1.892425610156517122E-16, 0.000000000000000000 ) ) ;
#4239 = CARTESIAN_POINT ( 'NONE',  ( 27.56622186799686958, -11.81769303614650113, -2.649999999999999911 ) ) ;
#4240 = ORIENTED_EDGE ( 'NONE', *, *, #536, .F. ) ;
#4241 = FACE_BOUND ( 'NONE', #1548, .T. ) ;
#4242 = VECTOR ( 'NONE', #4842, 1000.000000000000000 ) ;
#4243 = ORIENTED_EDGE ( 'NONE', *, *, #896, .F. ) ;
#4244 = PRODUCT_DEFINITION_FORMATION_WITH_SPECIFIED_SOURCE ( '对称', '', #1189, .NOT_KNOWN. ) ;
#4245 = CARTESIAN_POINT ( 'NONE',  ( -2.645751311064588496, 3.000000000000003109, -8.000000000000000000 ) ) ;
#4246 = CARTESIAN_POINT ( 'NONE',  ( -5.249999999999998224, 4.000000000000002665, 4.099999999999999645 ) ) ;
#4247 = DIRECTION ( 'NONE',  ( 8.673617379884035472E-17, 1.641417566239121864E-32, -1.000000000000000000 ) ) ;
#4248 = DIRECTION ( 'NONE',  ( -1.000000000000000000, -1.652117596168388495E-16, 0.000000000000000000 ) ) ;
#4249 = ORIENTED_EDGE ( 'NONE', *, *, #1826, .T. ) ;
#4250 = EDGE_CURVE ( 'NONE', #3610, #3821, #1495, .T. ) ;
#4251 = DIRECTION ( 'NONE',  ( 1.000000000000000000, 0.000000000000000000, 0.000000000000000000 ) ) ;
#4252 = CARTESIAN_POINT ( 'NONE',  ( 11.00000000000000178, -4.499999999999979572, -6.000000000000000000 ) ) ;
#4253 = FACE_OUTER_BOUND ( 'NONE', #3500, .T. ) ;
#4254 = CYLINDRICAL_SURFACE ( 'NONE', #4860, 3.499999999999985789 ) ;
#4255 = VERTEX_POINT ( 'NONE', #3368 ) ;
#4256 = ADVANCED_FACE ( 'NONE', ( #3476 ), #1391, .F. ) ;
#4257 = CARTESIAN_POINT ( 'NONE',  ( -27.50000000000000000, 0.000000000000000000, 9.499999999999989342 ) ) ;
#4258 = CARTESIAN_POINT ( 'NONE',  ( -27.50000000000000000, 0.000000000000000000, -9.499999999999991118 ) ) ;
#4259 = ORIENTED_EDGE ( 'NONE', *, *, #141, .F. ) ;
#4260 = ORIENTED_EDGE ( 'NONE', *, *, #4668, .T. ) ;
#4261 = ADVANCED_FACE ( 'NONE', ( #1394 ), #3468, .T. ) ;
#4262 = EDGE_CURVE ( 'NONE', #57, #1486, #2806, .T. ) ;
#4263 = CARTESIAN_POINT ( 'NONE',  ( -27.50000000000000000, 0.000000000000000000, 4.500000000000007105 ) ) ;
#4264 = ORIENTED_EDGE ( 'NONE', *, *, #3907, .F. ) ;
#4265 = DIRECTION ( 'NONE',  ( 1.000000000000000000, 0.000000000000000000, 0.000000000000000000 ) ) ;
#4266 = ORIENTED_EDGE ( 'NONE', *, *, #4063, .F. ) ;
#4267 = CARTESIAN_POINT ( 'NONE',  ( -0.5503703097805766609, 3.970988795007661221, -8.000000000950223011 ) ) ;
#4268 = ORIENTED_EDGE ( 'NONE', *, *, #1788, .F. ) ;
#4269 = PLANE ( 'NONE',  #1970 ) ;
#4270 = AXIS2_PLACEMENT_3D ( 'NONE', #1174, #4371, #2708 ) ;
#4271 = DIRECTION ( 'NONE',  ( 1.000000000000000000, 1.892425610156517122E-16, 0.000000000000000000 ) ) ;
#4272 = CARTESIAN_POINT ( 'NONE',  ( -27.50000000000000000, 0.000000000000000000, 10.00000000000000000 ) ) ;
#4273 = ORIENTED_EDGE ( 'NONE', *, *, #4262, .F. ) ;
#4274 = VECTOR ( 'NONE', #1530, 1000.000000000000000 ) ;
#4275 = CIRCLE ( 'NONE', #5100, 3.499999999999985789 ) ;
#4276 = CARTESIAN_POINT ( 'NONE',  ( 10.49999999999999822, 5.000000000000007994, 10.00000000000000000 ) ) ;
#4277 = CARTESIAN_POINT ( 'NONE',  ( -6.249999999999996447, -4.499999999999984013, 6.000000000000000000 ) ) ;
#4278 = DIRECTION ( 'NONE',  ( 1.652117596168388495E-16, -1.000000000000000000, 0.000000000000000000 ) ) ;
#4279 = DIRECTION ( 'NONE',  ( 0.9848077530122086864, -0.1736481776669270838, 0.000000000000000000 ) ) ;
#4280 = UNCERTAINTY_MEASURE_WITH_UNIT (LENGTH_MEASURE( 1.000000000000000082E-05 ), #4087, 'distance_accuracy_value', 'NONE');
#4281 = ORIENTED_EDGE ( 'NONE', *, *, #3231, .T. ) ;
#4282 = AXIS2_PLACEMENT_3D ( 'NONE', #2915, #2889, #3248 ) ;
#4283 = CARTESIAN_POINT ( 'NONE',  ( 20.00000000000000000, 4.000000000000007105, 3.000000000000000000 ) ) ;
#4284 = CARTESIAN_POINT ( 'NONE',  ( 25.41622186799687100, -11.81769303614650113, -2.649999999999999911 ) ) ;
#4285 = ORIENTED_EDGE ( 'NONE', *, *, #4642, .F. ) ;
#4286 = EDGE_CURVE ( 'NONE', #3171, #4018, #4151, .T. ) ;
#4287 = ORIENTED_EDGE ( 'NONE', *, *, #1591, .T. ) ;
#4288 = B_SPLINE_CURVE_WITH_KNOTS ( 'NONE', 1,
 ( #4403, #2404 ),
 .UNSPECIFIED., .F., .F.,
 ( 2, 2 ),
 ( 0.000000000000000000, 1.000000000000000000 ),
 .UNSPECIFIED. ) ;
#4289 = CARTESIAN_POINT ( 'NONE',  ( -29.69999999999999929, 2.694222958124181444E-16, -5.799999999999999822 ) ) ;
#4290 = ORIENTED_EDGE ( 'NONE', *, *, #5118, .T. ) ;
#4291 = CARTESIAN_POINT ( 'NONE',  ( 30.94682713554271913, -0.6077686218342441826, 4.900000000000000355 ) ) ;
#4292 = ADVANCED_FACE ( 'NONE', ( #2250 ), #1859, .T. ) ;
#4293 = EDGE_CURVE ( 'NONE', #4336, #3821, #4118, .T. ) ;
#4294 = ORIENTED_EDGE ( 'NONE', *, *, #1639, .F. ) ;
#4295 = CARTESIAN_POINT ( 'NONE',  ( -7.499999999999996447, 3.000000000000002220, 6.000000000000000000 ) ) ;
#4296 = ORIENTED_EDGE ( 'NONE', *, *, #3337, .F. ) ;
#4297 = DIRECTION ( 'NONE',  ( 0.000000000000000000, -0.000000000000000000, 1.000000000000000000 ) ) ;
#4298 = DIRECTION ( 'NONE',  ( 1.000000000000000000, 0.000000000000000000, 0.000000000000000000 ) ) ;
#4299 = DIRECTION ( 'NONE',  ( -1.000000000000000000, 0.000000000000000000, 0.000000000000000000 ) ) ;
#4300 = VERTEX_POINT ( 'NONE', #2018 ) ;
#4301 = VERTEX_POINT ( 'NONE', #1156 ) ;
#4302 = CARTESIAN_POINT ( 'NONE',  ( 24.05317286445727731, 0.6077686218342444047, -4.900000000000000355 ) ) ;
#4303 = FACE_OUTER_BOUND ( 'NONE', #2902, .T. ) ;
#4304 = AXIS2_PLACEMENT_3D ( 'NONE', #4824, #1262, #820 ) ;
#4305 = FACE_OUTER_BOUND ( 'NONE', #778, .T. ) ;
#4306 = CARTESIAN_POINT ( 'NONE',  ( 28.25528038170535794, -15.87228879352341160, -2.649999999999999911 ) ) ;
#4307 = ORIENTED_EDGE ( 'NONE', *, *, #994, .T. ) ;
#4308 = VECTOR ( 'NONE', #3367, 1000.000000000000000 ) ;
#4309 = FACE_OUTER_BOUND ( 'NONE', #2728, .T. ) ;
#4310 = FACE_OUTER_BOUND ( 'NONE', #3624, .T. ) ;
#4311 = ORIENTED_EDGE ( 'NONE', *, *, #2081, .F. ) ;
#4312 = VERTEX_POINT ( 'NONE', #3526 ) ;
#4313 = DIRECTION ( 'NONE',  ( -1.000000000000000000, 0.000000000000000000, 0.000000000000000000 ) ) ;
#4314 = DIRECTION ( 'NONE',  ( -1.000000000000000000, 0.000000000000000000, 0.000000000000000000 ) ) ;
#4315 = EDGE_CURVE ( 'NONE', #490, #3006, #3220, .T. ) ;
#4316 = ORIENTED_EDGE ( 'NONE', *, *, #3511, .F. ) ;
#4317 = PLANE ( 'NONE',  #3251 ) ;
#4318 = AXIS2_PLACEMENT_3D ( 'NONE', #1023, #1831, #3421 ) ;
#4319 = ORIENTED_EDGE ( 'NONE', *, *, #216, .F. ) ;
#4320 = EDGE_CURVE ( 'NONE', #4392, #2556, #1642, .T. ) ;
#4321 = AXIS2_PLACEMENT_3D ( 'NONE', #945, #4116, #2075 ) ;
#4322 = EDGE_LOOP ( 'NONE', ( #2031, #1899, #885, #4170, #1415, #1207, #1746 ) ) ;
#4323 = DIRECTION ( 'NONE',  ( 1.000000000000000000, 0.000000000000000000, -0.000000000000000000 ) ) ;
#4324 = CYLINDRICAL_SURFACE ( 'NONE', #2143, 2.200000000000000622 ) ;
#4325 = CIRCLE ( 'NONE', #1062, 3.099999999999998757 ) ;
#4326 = ORIENTED_EDGE ( 'NONE', *, *, #2755, .T. ) ;
#4327 = EDGE_CURVE ( 'NONE', #4018, #2227, #1908, .T. ) ;
#4328 = DIRECTION ( 'NONE',  ( -1.000000000000000000, -1.892425610156517122E-16, 0.000000000000000000 ) ) ;
#4329 = EDGE_CURVE ( 'NONE', #3006, #1035, #1519, .T. ) ;
#4330 = DIRECTION ( 'NONE',  ( -1.892425610156517122E-16, 1.000000000000000000, 0.000000000000000000 ) ) ;
#4331 = DIRECTION ( 'NONE',  ( -1.000000000000000000, -1.652117596168388495E-16, 0.000000000000000000 ) ) ;
#4332 = DIRECTION ( 'NONE',  ( -0.000000000000000000, -0.000000000000000000, 1.000000000000000000 ) ) ;
#4333 = EDGE_LOOP ( 'NONE', ( #2318, #546, #4976, #3141 ) ) ;
#4334 = PLANE ( 'NONE',  #2965 ) ;
#4335 = DIRECTION ( 'NONE',  ( -0.000000000000000000, -0.000000000000000000, -1.000000000000000000 ) ) ;
#4336 = VERTEX_POINT ( 'NONE', #3114 ) ;
#4337 = DIRECTION ( 'NONE',  ( 1.000000000000000000, 1.892425610156517122E-16, 8.673617379884035472E-17 ) ) ;
#4338 = EDGE_LOOP ( 'NONE', ( #2926, #4629, #2673, #2158, #3727, #4951, #1860, #3528, #462, #1774, #3710 ) ) ;
#4339 = CARTESIAN_POINT ( 'NONE',  ( -2.615349042692415527, 0.3640786774927617375, 2.133645594171037274 ) ) ;
#4340 = DIRECTION ( 'NONE',  ( -0.000000000000000000, -0.000000000000000000, -1.000000000000000000 ) ) ;
#4341 = ORIENTED_EDGE ( 'NONE', *, *, #1090, .T. ) ;
#4342 = CARTESIAN_POINT ( 'NONE',  ( 27.50000000000000000, 4.500000000000001776, 7.749999999999999112 ) ) ;
#4343 = EDGE_CURVE ( 'NONE', #3887, #3006, #4792, .T. ) ;
#4344 = VERTEX_POINT ( 'NONE', #5126 ) ;
#4345 = DIRECTION ( 'NONE',  ( 1.892425610156517122E-16, -1.000000000000000000, -0.000000000000000000 ) ) ;
#4346 = ORIENTED_EDGE ( 'NONE', *, *, #1790, .T. ) ;
#4347 = CARTESIAN_POINT ( 'NONE',  ( 22.23259738175770295, -9.717228014441795736, -4.900000000000000355 ) ) ;
#4348 = DIRECTION ( 'NONE',  ( 0.000000000000000000, 0.000000000000000000, 1.000000000000000000 ) ) ;
#4349 = EDGE_CURVE ( 'NONE', #4255, #1439, #2222, .T. ) ;
#4350 = ORIENTED_EDGE ( 'NONE', *, *, #914, .T. ) ;
#4351 =( BOUNDED_CURVE ( )  B_SPLINE_CURVE ( 3, ( #3309, #4603, #3000, #2921 ),
 .UNSPECIFIED., .F., .F. ) 
 B_SPLINE_CURVE_WITH_KNOTS ( ( 4, 4 ),
 ( 0.000000000000000000, 0.7227342478134664017 ),
 .UNSPECIFIED. ) 
 CURVE ( )  GEOMETRIC_REPRESENTATION_ITEM ( )  RATIONAL_B_SPLINE_CURVE ( ( 1.000000000000000000, 0.9569428977956508930, 0.9569428977956508930, 1.000000000000000000 ) ) 
 REPRESENTATION_ITEM ( '' )  );
#4352 = CARTESIAN_POINT ( 'NONE',  ( -7.499999999999994671, -4.499999999999983125, -8.000000000000000000 ) ) ;
#4353 = DIRECTION ( 'NONE',  ( 1.000000000000000000, 0.000000000000000000, 0.000000000000000000 ) ) ;
#4354 = DIRECTION ( 'NONE',  ( -1.000000000000000000, 0.000000000000000000, 0.000000000000000000 ) ) ;
#4355 = VECTOR ( 'NONE', #2973, 1000.000000000000114 ) ;
#4356 = DIRECTION ( 'NONE',  ( -0.000000000000000000, -0.000000000000000000, 1.000000000000000000 ) ) ;
#4357 = EDGE_CURVE ( 'NONE', #2376, #4745, #1310, .T. ) ;
#4358 = EDGE_CURVE ( 'NONE', #4120, #4944, #2726, .T. ) ;
#4359 = VECTOR ( 'NONE', #5023, 1000.000000000000000 ) ;
#4360 = EDGE_LOOP ( 'NONE', ( #3962, #2668, #475, #2428 ) ) ;
#4361 = AXIS2_PLACEMENT_3D ( 'NONE', #2141, #4210, #206 ) ;
#4362 = DIRECTION ( 'NONE',  ( -1.892425610156517122E-16, 1.000000000000000000, 0.000000000000000000 ) ) ;
#4363 = VECTOR ( 'NONE', #76, 1000.000000000000000 ) ;
#4364 = DIRECTION ( 'NONE',  ( 1.000000000000000000, 1.892425610156517122E-16, 0.000000000000000000 ) ) ;
#4365 = ORIENTED_EDGE ( 'NONE', *, *, #3038, .F. ) ;
#4366 = FACE_OUTER_BOUND ( 'NONE', #1031, .T. ) ;
#4367 = ORIENTED_EDGE ( 'NONE', *, *, #2547, .F. ) ;
#4368 = AXIS2_PLACEMENT_3D ( 'NONE', #4831, #3996, #4439 ) ;
#4369 = DIRECTION ( 'NONE',  ( 1.892425610156516875E-16, -1.000000000000000000, 0.000000000000000000 ) ) ;
#4370 = CARTESIAN_POINT ( 'NONE',  ( -7.499999999999996447, 3.000000000000002220, 7.000000000000000000 ) ) ;
#4371 = DIRECTION ( 'NONE',  ( 1.338146981832763265E-16, -0.7071067811865475727, 0.7071067811865475727 ) ) ;
#4372 = ORIENTED_EDGE ( 'NONE', *, *, #944, .F. ) ;
#4373 = EDGE_LOOP ( 'NONE', ( #4706, #2476, #4879, #1711 ) ) ;
#4374 = CARTESIAN_POINT ( 'NONE',  ( -6.249999999999998224, 4.000000000000002665, 6.000000000000000000 ) ) ;
#4375 = DIRECTION ( 'NONE',  ( 1.000000000000000000, 0.000000000000000000, 0.000000000000000000 ) ) ;
#4376 = EDGE_LOOP ( 'NONE', ( #5146, #1443, #4194, #4504 ) ) ;
#4377 = ORIENTED_EDGE ( 'NONE', *, *, #1938, .F. ) ;
#4378 = DIRECTION ( 'NONE',  ( -0.000000000000000000, -0.000000000000000000, -1.000000000000000000 ) ) ;
#4379 = CARTESIAN_POINT ( 'NONE',  ( 28.86304900353959368, -12.42546165798074753, -2.649999999999999911 ) ) ;
#4380 = EDGE_CURVE ( 'NONE', #1673, #2350, #4288, .T. ) ;
#4381 = LINE ( 'NONE', #380, #1380 ) ;
#4382 = DIRECTION ( 'NONE',  ( -1.000000000000000000, 0.000000000000000000, 0.000000000000000000 ) ) ;
#4383 = CIRCLE ( 'NONE', #3463, 5.000000000000000888 ) ;
#4384 = ORIENTED_EDGE ( 'NONE', *, *, #1601, .T. ) ;
#4385 = VECTOR ( 'NONE', #4956, 1000.000000000000114 ) ;
#4386 = EDGE_CURVE ( 'NONE', #1453, #3199, #2326, .T. ) ;
#4387 = PLANE ( 'NONE',  #381 ) ;
#4388 = EDGE_CURVE ( 'NONE', #208, #4671, #5069, .T. ) ;
#4389 = EDGE_LOOP ( 'NONE', ( #2217, #1243 ) ) ;
#4390 = DIRECTION ( 'NONE',  ( 0.000000000000000000, 0.7071067811865474617, 0.7071067811865474617 ) ) ;
#4391 = AXIS2_PLACEMENT_3D ( 'NONE', #5165, #1679, #1655 ) ;
#4392 = VERTEX_POINT ( 'NONE', #735 ) ;
#4393 = LINE ( 'NONE', #1, #268 ) ;
#4394 = VECTOR ( 'NONE', #377, 1000.000000000000000 ) ;
#4395 = ADVANCED_FACE ( 'NONE', ( #1103 ), #4324, .F. ) ;
#4396 = LINE ( 'NONE', #3601, #3888 ) ;
#4397 = VECTOR ( 'NONE', #4759, 1000.000000000000000 ) ;
#4398 = LINE ( 'NONE', #1692, #918 ) ;
#4399 = CIRCLE ( 'NONE', #2133, 4.500000000000000888 ) ;
#4400 = ORIENTED_EDGE ( 'NONE', *, *, #3344, .F. ) ;
#4401 = FACE_OUTER_BOUND ( 'NONE', #951, .T. ) ;
#4402 = AXIS2_PLACEMENT_3D ( 'NONE', #4218, #971, #2561 ) ;
#4403 = CARTESIAN_POINT ( 'NONE',  ( -2.249999999999998224, 1.200000000000011724, 2.099999999999999645 ) ) ;
#4404 = ORIENTED_EDGE ( 'NONE', *, *, #637, .T. ) ;
#4405 = AXIS2_PLACEMENT_3D ( 'NONE', #2509, #2461, #4067 ) ;
#4406 = LINE ( 'NONE', #818, #2983 ) ;
#4407 = DIRECTION ( 'NONE',  ( -0.000000000000000000, -0.000000000000000000, 1.000000000000000000 ) ) ;
#4408 = CARTESIAN_POINT ( 'NONE',  ( -27.50000000000000000, 0.000000000000000000, -10.00000000000000000 ) ) ;
#4409 = CIRCLE ( 'NONE', #315, 1.000000000000000000 ) ;
#4410 = CARTESIAN_POINT ( 'NONE',  ( -7.499999999999996447, 3.000000000000002220, -6.000000000000000000 ) ) ;
#4411 = ORIENTED_EDGE ( 'NONE', *, *, #1731, .T. ) ;
#4412 = ADVANCED_FACE ( 'NONE', ( #4744, #761 ), #2353, .F. ) ;
#4413 = DIRECTION ( 'NONE',  ( -1.000000000000000000, -1.892425610156516875E-16, 0.000000000000000000 ) ) ;
#4414 = DIRECTION ( 'NONE',  ( -1.652117596168388495E-16, 1.000000000000000000, 0.000000000000000000 ) ) ;
#4415 = ORIENTED_EDGE ( 'NONE', *, *, #3072, .T. ) ;
#4416 = LINE ( 'NONE', #25, #184 ) ;
#4417 = VERTEX_POINT ( 'NONE', #1996 ) ;
#4418 = EDGE_CURVE ( 'NONE', #802, #1439, #3559, .T. ) ;
#4419 = DIRECTION ( 'NONE',  ( 0.7071067811865487940, -0.7071067811865463515, 0.000000000000000000 ) ) ;
#4420 = CARTESIAN_POINT ( 'NONE',  ( -1.955740953994921316, -0.6144761154104223522, 2.611167528477236210 ) ) ;
#4421 = DIRECTION ( 'NONE',  ( 0.000000000000000000, 1.000000000000000000, 0.000000000000000000 ) ) ;
#4422 = EDGE_CURVE ( 'NONE', #4452, #3936, #4765, .T. ) ;
#4423 = EDGE_CURVE ( 'NONE', #5162, #1920, #4818, .T. ) ;
#4424 = ORIENTED_EDGE ( 'NONE', *, *, #3509, .T. ) ;
#4425 = DIRECTION ( 'NONE',  ( 1.000000000000000000, 0.000000000000000000, 0.000000000000000000 ) ) ;
#4426 = APPLICATION_CONTEXT ( 'automotive_design' ) ;
#4427 = DIRECTION ( 'NONE',  ( -1.000000000000000000, -1.892425610156517122E-16, 0.000000000000000000 ) ) ;
#4428 = EDGE_LOOP ( 'NONE', ( #435, #2514, #1585, #4096 ) ) ;
#4429 = ORIENTED_EDGE ( 'NONE', *, *, #398, .T. ) ;
#4430 = DIRECTION ( 'NONE',  ( 1.000000000000000000, 0.000000000000000000, -0.000000000000000000 ) ) ;
#4431 = LINE ( 'NONE', #478, #128 ) ;
#4432 = CARTESIAN_POINT ( 'NONE',  ( 28.86304900353958658, -12.42546165798074753, -4.900000000000000355 ) ) ;
#4433 = CARTESIAN_POINT ( 'NONE',  ( 23.26622186799687242, -11.81769303614650113, 4.900000000000000355 ) ) ;
#4434 = VERTEX_POINT ( 'NONE', #1236 ) ;
#4435 = CARTESIAN_POINT ( 'NONE',  ( -27.50000000000000000, 5.000000000000000888, 10.00000000000000000 ) ) ;
#4436 = CARTESIAN_POINT ( 'NONE',  ( -7.499999999999994671, -4.999999999999997335, -6.000000000000000000 ) ) ;
#4437 = ORIENTED_EDGE ( 'NONE', *, *, #5084, .T. ) ;
#4438 = CONICAL_SURFACE ( 'NONE', #678, 2.500000000000014211, 0.7853981633974482790 ) ;
#4439 = DIRECTION ( 'NONE',  ( 1.000000000000000000, 0.000000000000000000, 0.000000000000000000 ) ) ;
#4440 = EDGE_LOOP ( 'NONE', ( #2317, #3585 ) ) ;
#4441 = CIRCLE ( 'NONE', #1433, 1.000000000000000888 ) ;
#4442 = DIRECTION ( 'NONE',  ( -0.000000000000000000, -0.000000000000000000, -1.000000000000000000 ) ) ;
#4443 = CARTESIAN_POINT ( 'NONE',  ( -2.028233486062538393, -0.2992425346430788724, 2.625026690091002646 ) ) ;
#4444 = LINE ( 'NONE', #856, #1671 ) ;
#4445 = EDGE_CURVE ( 'NONE', #399, #1334, #2824, .T. ) ;
#4446 = VECTOR ( 'NONE', #2282, 1000.000000000000114 ) ;
#4447 = ORIENTED_EDGE ( 'NONE', *, *, #77, .F. ) ;
#4448 = VECTOR ( 'NONE', #795, 1000.000000000000000 ) ;
#4449 = DIRECTION ( 'NONE',  ( -1.000000000000000000, 0.000000000000000000, 0.000000000000000000 ) ) ;
#4450 = ADVANCED_FACE ( 'NONE', ( #2854 ), #4901, .F. ) ;
#4451 = EDGE_CURVE ( 'NONE', #1967, #158, #4060, .T. ) ;
#4452 = VERTEX_POINT ( 'NONE', #4456 ) ;
#4453 = ORIENTED_EDGE ( 'NONE', *, *, #3244, .T. ) ;
#4454 = CARTESIAN_POINT ( 'NONE',  ( -27.50000000000000000, 4.499999999999993783, 4.000000000000000000 ) ) ;
#4455 = DIRECTION ( 'NONE',  ( 0.000000000000000000, 0.000000000000000000, -1.000000000000000000 ) ) ;
#4456 = CARTESIAN_POINT ( 'NONE',  ( 10.49999999999999822, 4.500000000000007105, 10.00000000000000000 ) ) ;
#4457 = CARTESIAN_POINT ( 'NONE',  ( 2.404705719407874920, 4.000000000000004441, -7.000000000000000000 ) ) ;
#4458 = LINE ( 'NONE', #1263, #2219 ) ;
#4459 = ORIENTED_EDGE ( 'NONE', *, *, #4959, .T. ) ;
#4460 = PLANE ( 'NONE',  #2126 ) ;
#4461 = DIRECTION ( 'NONE',  ( 0.000000000000000000, 1.000000000000000000, 0.000000000000000000 ) ) ;
#4462 = VERTEX_POINT ( 'NONE', #891 ) ;
#4463 = LINE ( 'NONE', #4518, #4945 ) ;
#4464 = ORIENTED_EDGE ( 'NONE', *, *, #4320, .T. ) ;
#4465 = VECTOR ( 'NONE', #1197, 1000.000000000000000 ) ;
#4466 = LINE ( 'NONE', #2790, #1794 ) ;
#4467 = CIRCLE ( 'NONE', #2700, 2.550000000000003819 ) ;
#4468 = DIRECTION ( 'NONE',  ( -0.000000000000000000, -0.000000000000000000, 1.000000000000000000 ) ) ;
#4469 = VECTOR ( 'NONE', #4590, 1000.000000000000000 ) ;
#4470 = EDGE_CURVE ( 'NONE', #4827, #1491, #1654, .T. ) ;
#4471 = VECTOR ( 'NONE', #4271, 1000.000000000000000 ) ;
#4472 = AXIS2_PLACEMENT_3D ( 'NONE', #4370, #1462, #5120 ) ;
#4473 = CIRCLE ( 'NONE', #466, 1.000000000000000000 ) ;
#4474 = VERTEX_POINT ( 'NONE', #2479 ) ;
#4475 = LINE ( 'NONE', #3312, #1205 ) ;
#4476 = AXIS2_PLACEMENT_3D ( 'NONE', #4507, #1627, #4455 ) ;
#4477 = EDGE_LOOP ( 'NONE', ( #3213, #3719, #1726, #4666 ) ) ;
#4478 = ORIENTED_EDGE ( 'NONE', *, *, #3255, .T. ) ;
#4479 = ADVANCED_FACE ( 'NONE', ( #3266 ), #3303, .F. ) ;
#4480 = FACE_OUTER_BOUND ( 'NONE', #4139, .T. ) ;
#4481 = VECTOR ( 'NONE', #4169, 1000.000000000000000 ) ;
#4482 = LINE ( 'NONE', #865, #4054 ) ;
#4483 = DIRECTION ( 'NONE',  ( -0.000000000000000000, -0.000000000000000000, 1.000000000000000000 ) ) ;
#4484 = CARTESIAN_POINT ( 'NONE',  ( 27.56622186799686958, -11.81769303614650113, -4.900000000000000355 ) ) ;
#4485 = CARTESIAN_POINT ( 'NONE',  ( -2.380911733149605247, -1.015880786178012585, 2.100000000000000089 ) ) ;
#4486 = CIRCLE ( 'NONE', #811, 4.000000000000000888 ) ;
#4487 = ORIENTED_EDGE ( 'NONE', *, *, #4743, .F. ) ;
#4488 = EDGE_CURVE ( 'NONE', #1334, #3508, #2454, .T. ) ;
#4489 = EDGE_CURVE ( 'NONE', #2954, #733, #4089, .T. ) ;
#4490 = CARTESIAN_POINT ( 'NONE',  ( -27.50000000000000000, 5.000000000000000888, 10.00000000000000000 ) ) ;
#4491 = DIRECTION ( 'NONE',  ( -1.000000000000000000, -1.652117596168388495E-16, 0.000000000000000000 ) ) ;
#4492 = VECTOR ( 'NONE', #2094, 999.9999999999998863 ) ;
#4493 = DIRECTION ( 'NONE',  ( -0.000000000000000000, -0.000000000000000000, 1.000000000000000000 ) ) ;
#4494 = LINE ( 'NONE', #3198, #2202 ) ;
#4495 = ORIENTED_EDGE ( 'NONE', *, *, #2150, .F. ) ;
#4496 = CARTESIAN_POINT ( 'NONE',  ( -27.50000000000000000, 4.499999999999993783, 4.000000000000000000 ) ) ;
#4497 = EDGE_LOOP ( 'NONE', ( #1521, #1311, #3112, #973, #1066, #3950 ) ) ;
#4498 = VECTOR ( 'NONE', #3471, 1000.000000000000000 ) ;
#4499 = LINE ( 'NONE', #3252, #2713 ) ;
#4500 = CARTESIAN_POINT ( 'NONE',  ( 27.50000000000000000, 0.000000000000000000, -7.250000000000000888 ) ) ;
#4501 = CARTESIAN_POINT ( 'NONE',  ( -2.043586619461426057, 0.1673338294496549694, 2.628696683513121357 ) ) ;
#4502 = VERTEX_POINT ( 'NONE', #1396 ) ;
#4503 = DIRECTION ( 'NONE',  ( 0.000000000000000000, 0.000000000000000000, -1.000000000000000000 ) ) ;
#4504 = ORIENTED_EDGE ( 'NONE', *, *, #3099, .F. ) ;
#4505 = ORIENTED_EDGE ( 'NONE', *, *, #3281, .F. ) ;
#4506 = DIRECTION ( 'NONE',  ( 0.000000000000000000, 0.000000000000000000, 1.000000000000000000 ) ) ;
#4507 = CARTESIAN_POINT ( 'NONE',  ( -7.499999999999996447, 3.000000000000002220, -7.000000000000000000 ) ) ;
#4508 = LINE ( 'NONE', #941, #4967 ) ;
#4509 = EDGE_CURVE ( 'NONE', #2088, #4851, #4237, .T. ) ;
#4510 = DIRECTION ( 'NONE',  ( -0.7071067811865474617, 8.659560562354932858E-17, 0.7071067811865474617 ) ) ;
#4511 = VERTEX_POINT ( 'NONE', #2963 ) ;
#4512 = DIRECTION ( 'NONE',  ( -1.000000000000000000, -1.892425610156517122E-16, 0.000000000000000000 ) ) ;
#4513 = CARTESIAN_POINT ( 'NONE',  ( -2.249999999999998668, 4.000000000000002665, 2.099999999999999645 ) ) ;
#4514 = CARTESIAN_POINT ( 'NONE',  ( -1.950927171393508130, 0.6295967626796080685, 2.610445002752970645 ) ) ;
#4515 = ADVANCED_FACE ( 'NONE', ( #145 ), #3270, .F. ) ;
#4516 = EDGE_LOOP ( 'NONE', ( #1312, #682, #3533, #749 ) ) ;
#4517 = ADVANCED_FACE ( 'NONE', ( #1707, #4567 ), #974, .T. ) ;
#4518 = CARTESIAN_POINT ( 'NONE',  ( 19.00000000000000000, 4.000000000000007105, 3.000000000000000000 ) ) ;
#4519 = VERTEX_POINT ( 'NONE', #3693 ) ;
#4520 = AXIS2_PLACEMENT_3D ( 'NONE', #1957, #1928, #4265 ) ;
#4521 = DIRECTION ( 'NONE',  ( -1.000000000000000000, 0.000000000000000000, 0.000000000000000000 ) ) ;
#4522 = CYLINDRICAL_SURFACE ( 'NONE', #4935, 2.000000000000000000 ) ;
#4523 = VECTOR ( 'NONE', #2631, 1000.000000000000114 ) ;
#4524 = AXIS2_PLACEMENT_3D ( 'NONE', #5088, #4335, #1506 ) ;
#4525 = AXIS2_PLACEMENT_3D ( 'NONE', #2523, #618, #203 ) ;
#4526 = APPLICATION_CONTEXT ( 'automotive_design' ) ;
#4527 = CARTESIAN_POINT ( 'NONE',  ( -1.943367818077524678, -0.6578765991807193902, 2.608894224999309230 ) ) ;
#4528 = DIRECTION ( 'NONE',  ( -1.000000000000000000, 0.000000000000000000, 0.000000000000000000 ) ) ;
#4529 = EDGE_LOOP ( 'NONE', ( #2283, #2338, #1838, #2301 ) ) ;
#4530 = DIRECTION ( 'NONE',  ( -0.000000000000000000, -0.000000000000000000, -1.000000000000000000 ) ) ;
#4531 = VECTOR ( 'NONE', #467, 1000.000000000000000 ) ;
#4532 = ORIENTED_EDGE ( 'NONE', *, *, #4552, .F. ) ;
#4533 = ORIENTED_EDGE ( 'NONE', *, *, #2740, .F. ) ;
#4534 = DIRECTION ( 'NONE',  ( 0.000000000000000000, 0.7071067811865474617, -0.7071067811865474617 ) ) ;
#4535 = ORIENTED_EDGE ( 'NONE', *, *, #4250, .F. ) ;
#4536 = FACE_OUTER_BOUND ( 'NONE', #263, .T. ) ;
#4537 = CYLINDRICAL_SURFACE ( 'NONE', #5052, 1.000000000000000000 ) ;
#4538 = CARTESIAN_POINT ( 'NONE',  ( 10.50000000000000178, -2.999999999999994671, -10.00000000000000000 ) ) ;
#4539 = EDGE_LOOP ( 'NONE', ( #1869, #1878, #495, #2601 ) ) ;
#4540 = EDGE_CURVE ( 'NONE', #2914, #724, #502, .T. ) ;
#4541 = CARTESIAN_POINT ( 'NONE',  ( -7.499999999999994671, -4.499999999999983125, -6.000000000000000000 ) ) ;
#4542 = DIRECTION ( 'NONE',  ( -1.000000000000000000, -1.652117596168388495E-16, 0.000000000000000000 ) ) ;
#4543 = CARTESIAN_POINT ( 'NONE',  ( -10.00000000000001243, -4.999999999999997335, 6.000000000000000000 ) ) ;
#4544 = CARTESIAN_POINT ( 'NONE',  ( 25.41622186799687100, -11.81769303614650113, -4.900000000000000355 ) ) ;
#4545 = ORIENTED_EDGE ( 'NONE', *, *, #2401, .T. ) ;
#4546 = LINE ( 'NONE', #875, #1685 ) ;
#4547 = ORIENTED_EDGE ( 'NONE', *, *, #4063, .T. ) ;
#4548 = EDGE_CURVE ( 'NONE', #4752, #2917, #225, .T. ) ;
#4549 = CARTESIAN_POINT ( 'NONE',  ( 11.45341433092484529, 4.825834261322614616, -7.424165738677389825 ) ) ;
#4550 = CARTESIAN_POINT ( 'NONE',  ( 10.50000000000000355, -4.499999999999993783, 10.00000000000000000 ) ) ;
#4551 = VECTOR ( 'NONE', #2352, 1000.000000000000000 ) ;
#4552 = EDGE_CURVE ( 'NONE', #4731, #548, #2154, .T. ) ;
#4553 = FACE_OUTER_BOUND ( 'NONE', #1651, .T. ) ;
#4554 = CARTESIAN_POINT ( 'NONE',  ( 21.96939473245415186, -11.20992441431226005, -4.900000000000000355 ) ) ;
#4555 = ORIENTED_EDGE ( 'NONE', *, *, #609, .T. ) ;
#4556 = DIRECTION ( 'NONE',  ( -0.7071067811865496822, 8.659560562354958743E-17, 0.7071067811865454633 ) ) ;
#4557 = ORIENTED_EDGE ( 'NONE', *, *, #3105, .T. ) ;
#4558 = CONICAL_SURFACE ( 'NONE', #956, 2.500000000000014211, 0.7853981633974482790 ) ;
#4559 = ORIENTED_EDGE ( 'NONE', *, *, #4620, .F. ) ;
#4560 = DIRECTION ( 'NONE',  ( -1.000000000000000000, -2.168404344971008868E-16, 0.000000000000000000 ) ) ;
#4561 = ORIENTED_EDGE ( 'NONE', *, *, #3380, .T. ) ;
#4562 = DIRECTION ( 'NONE',  ( 0.000000000000000000, 0.000000000000000000, -1.000000000000000000 ) ) ;
#4563 = VECTOR ( 'NONE', #3544, 1000.000000000000000 ) ;
#4564 = CARTESIAN_POINT ( 'NONE',  ( -12.49444853078622586, -4.499999999999991118, 4.000000000000000000 ) ) ;
#4565 = LINE ( 'NONE', #455, #4981 ) ;
#4566 = ORIENTED_EDGE ( 'NONE', *, *, #4961, .F. ) ;
#4567 = FACE_OUTER_BOUND ( 'NONE', #4440, .T. ) ;
#4568 = CARTESIAN_POINT ( 'NONE',  ( 10.99261509947660542, -4.999999999999995559, 7.249999999999997335 ) ) ;
#4569 = CARTESIAN_POINT ( 'NONE',  ( -30.59999999999999787, 3.796405077356793932E-16, 5.799999999999999822 ) ) ;
#4570 = FACE_OUTER_BOUND ( 'NONE', #3164, .T. ) ;
#4571 = VECTOR ( 'NONE', #1192, 1000.000000000000114 ) ;
#4572 = DIRECTION ( 'NONE',  ( 0.000000000000000000, 0.000000000000000000, 1.000000000000000000 ) ) ;
#4573 = EDGE_LOOP ( 'NONE', ( #144, #4346, #1950, #1599 ) ) ;
#4574 = VECTOR ( 'NONE', #871, 1000.000000000000114 ) ;
#4575 = DIRECTION ( 'NONE',  ( -1.000000000000000000, -1.892425610156517122E-16, 0.000000000000000000 ) ) ;
#4576 = DIRECTION ( 'NONE',  ( -1.652117596168388495E-16, 1.000000000000000000, 0.000000000000000000 ) ) ;
#4577 = VERTEX_POINT ( 'NONE', #115 ) ;
#4578 = ADVANCED_FACE ( 'NONE', ( #554 ), #3296, .F. ) ;
#4579 = CIRCLE ( 'NONE', #556, 2.000000000000000000 ) ;
#4580 = CARTESIAN_POINT ( 'NONE',  ( -1.968550602720192222, -0.5781902296161659516, 2.612996644681526259 ) ) ;
#4581 = CARTESIAN_POINT ( 'NONE',  ( -27.50000000000000000, -5.000000000000000888, -9.500000000000014211 ) ) ;
#4582 = ORIENTED_EDGE ( 'NONE', *, *, #4668, .F. ) ;
#4583 = CARTESIAN_POINT ( 'NONE',  ( -12.00000000000001776, 5.000000000000003553, 10.00000000000000000 ) ) ;
#4584 = EDGE_CURVE ( 'NONE', #737, #3439, #168, .T. ) ;
#4585 = EDGE_CURVE ( 'NONE', #2052, #5149, #4486, .T. ) ;
#4586 = ORIENTED_EDGE ( 'NONE', *, *, #2508, .F. ) ;
#4587 = CARTESIAN_POINT ( 'NONE',  ( -6.608470384673558912E-16, 4.000000000000001776, -8.000000000000000000 ) ) ;
#4588 = ORIENTED_EDGE ( 'NONE', *, *, #595, .F. ) ;
#4589 = CARTESIAN_POINT ( 'NONE',  ( 8.000000000000000000, 4.000000000000005329, -7.000000000000000000 ) ) ;
#4590 = DIRECTION ( 'NONE',  ( -0.000000000000000000, -0.000000000000000000, -1.000000000000000000 ) ) ;
#4591 = DIRECTION ( 'NONE',  ( -1.000000000000000000, 0.000000000000000000, 0.000000000000000000 ) ) ;
#4592 = ORIENTED_EDGE ( 'NONE', *, *, #2050, .F. ) ;
#4593 = FACE_OUTER_BOUND ( 'NONE', #1116, .T. ) ;
#4594 = CARTESIAN_POINT ( 'NONE',  ( -27.50000000000000000, 4.500000000000000888, 10.00000000000000000 ) ) ;
#4595 = DIRECTION ( 'NONE',  ( 1.892425610156516875E-16, -1.000000000000000000, -0.000000000000000000 ) ) ;
#4596 = CARTESIAN_POINT ( 'NONE',  ( -12.58578643762692195, 4.414213562373095812, 4.000000000000000000 ) ) ;
#4597 = CARTESIAN_POINT ( 'NONE',  ( 25.41622186799687100, -11.81769303614650113, -4.900000000000000355 ) ) ;
#4598 = ORIENTED_EDGE ( 'NONE', *, *, #91, .F. ) ;
#4599 = CARTESIAN_POINT ( 'NONE',  ( 32.50000000000000000, -4.499999999999987566, 7.750000000000000000 ) ) ;
#4600 = DIRECTION ( 'NONE',  ( -1.000000000000000000, 0.000000000000000000, 0.000000000000000000 ) ) ;
#4601 = ORIENTED_EDGE ( 'NONE', *, *, #3702, .T. ) ;
#4602 = CARTESIAN_POINT ( 'NONE',  ( -1.848596995262703491, -0.8901206730441924009, 2.600009682289069257 ) ) ;
#4603 = CARTESIAN_POINT ( 'NONE',  ( -11.66418797473045643, 5.000000000000004441, 4.500000000000007105 ) ) ;
#4604 = EDGE_CURVE ( 'NONE', #4664, #1272, #191, .T. ) ;
#4605 = EDGE_LOOP ( 'NONE', ( #2739, #1177 ) ) ;
#4606 = CARTESIAN_POINT ( 'NONE',  ( -9.499999999999996447, 4.000000000000001776, 8.000000000000000000 ) ) ;
#4607 = AXIS2_PLACEMENT_3D ( 'NONE', #4628, #4205, #4576 ) ;
#4608 = CONICAL_SURFACE ( 'NONE', #1429, 2.500000000000014211, 0.7853981633974482790 ) ;
#4609 = ORIENTED_EDGE ( 'NONE', *, *, #567, .F. ) ;
#4610 = CIRCLE ( 'NONE', #264, 2.549999999999986500 ) ;
#4611 = EDGE_CURVE ( 'NONE', #4336, #2305, #3666, .T. ) ;
#4612 = DIRECTION ( 'NONE',  ( -0.000000000000000000, -0.000000000000000000, 1.000000000000000000 ) ) ;
#4613 = EDGE_CURVE ( 'NONE', #980, #156, #92, .T. ) ;
#4614 = DIRECTION ( 'NONE',  ( 8.673617379884035472E-17, 1.641417566239121864E-32, -1.000000000000000000 ) ) ;
#4615 = AXIS2_PLACEMENT_3D ( 'NONE', #4953, #1586, #4369 ) ;
#4616 = LINE ( 'NONE', #3446, #1039 ) ;
#4617 = DIRECTION ( 'NONE',  ( -1.652117596168388495E-16, 1.000000000000000000, 0.000000000000000000 ) ) ;
#4618 = VECTOR ( 'NONE', #4095, 1000.000000000000000 ) ;
#4619 = EDGE_LOOP ( 'NONE', ( #720, #4547, #2633, #2618 ) ) ;
#4620 = EDGE_CURVE ( 'NONE', #1698, #4452, #640, .T. ) ;
#4621 = DIRECTION ( 'NONE',  ( -1.652117596168388495E-16, 1.000000000000000000, 0.000000000000000000 ) ) ;
#4622 = CARTESIAN_POINT ( 'NONE',  ( 11.45341433092485239, -4.825834261322599517, 7.424165738677391602 ) ) ;
#4623 = PLANE ( 'NONE',  #541 ) ;
#4624 = CARTESIAN_POINT ( 'NONE',  ( -1.929493429209592881, 0.6930574847635221358, 2.607486903802520573 ) ) ;
#4625 = CARTESIAN_POINT ( 'NONE',  ( 4.750000000000000888, 3.000000000000003553, 6.000000000000000000 ) ) ;
#4626 = ORIENTED_EDGE ( 'NONE', *, *, #4791, .F. ) ;
#4627 = CARTESIAN_POINT ( 'NONE',  ( 8.000000000000000000, 4.000000000000005329, 6.000000000000000000 ) ) ;
#4628 = CARTESIAN_POINT ( 'NONE',  ( -7.119124914398328792E-16, 3.000000000000003553, 7.000000000000000000 ) ) ;
#4629 = ORIENTED_EDGE ( 'NONE', *, *, #1886, .T. ) ;
#4630 = LINE ( 'NONE', #1037, #1131 ) ;
#4631 = DIRECTION ( 'NONE',  ( -1.000000000000000000, -1.652117596168388495E-16, 0.000000000000000000 ) ) ;
#4632 = ORIENTED_EDGE ( 'NONE', *, *, #356, .F. ) ;
#4633 = DIRECTION ( 'NONE',  ( -7.248296151594100354E-17, 0.7071067811865463515, 0.7071067811865487940 ) ) ;
#4634 = CIRCLE ( 'NONE', #3703, 2.500000000000012434 ) ;
#4635 = EDGE_CURVE ( 'NONE', #2422, #4108, #2483, .T. ) ;
#4636 = ORIENTED_EDGE ( 'NONE', *, *, #188, .T. ) ;
#4637 = CARTESIAN_POINT ( 'NONE',  ( -0.4129259879939372602, 4.000000000000003553, -7.761577111381060767 ) ) ;
#4638 = CARTESIAN_POINT ( 'NONE',  ( -4.000000000000000888, 0.000000000000000000, 2.099999999999999645 ) ) ;
#4639 = DIRECTION ( 'NONE',  ( 1.000000000000000000, 0.000000000000000000, 0.000000000000000000 ) ) ;
#4640 = CIRCLE ( 'NONE', #3045, 3.499999999999985789 ) ;
#4641 = CARTESIAN_POINT ( 'NONE',  ( -27.50000000000000000, 0.000000000000000000, -5.799999999999999822 ) ) ;
#4642 = EDGE_CURVE ( 'NONE', #2917, #2745, #3720, .T. ) ;
#4643 = ORIENTED_EDGE ( 'NONE', *, *, #1919, .T. ) ;
#4644 = CIRCLE ( 'NONE', #1796, 2.549999999999989608 ) ;
#4645 = CARTESIAN_POINT ( 'NONE',  ( -27.50000000000000000, 5.000000000000000888, 9.500000000000000000 ) ) ;
#4646 = LINE ( 'NONE', #1055, #437 ) ;
#4647 = CIRCLE ( 'NONE', #616, 2.000000000000000000 ) ;
#4648 = CIRCLE ( 'NONE', #2381, 2.000000000000000000 ) ;
#4649 = CARTESIAN_POINT ( 'NONE',  ( 23.26622186799687242, -11.81769303614650113, -4.900000000000000355 ) ) ;
#4650 = DIRECTION ( 'NONE',  ( -0.000000000000000000, -0.000000000000000000, 1.000000000000000000 ) ) ;
#4651 = EDGE_CURVE ( 'NONE', #802, #1865, #1309, .T. ) ;
#4652 = EDGE_CURVE ( 'NONE', #3952, #5129, #4146, .T. ) ;
#4653 = ORIENTED_EDGE ( 'NONE', *, *, #3321, .F. ) ;
#4654 = CIRCLE ( 'NONE', #2467, 3.099999999999998757 ) ;
#4655 = CARTESIAN_POINT ( 'NONE',  ( -1.707775124617669338, 4.000000000000002665, -7.155665879691039954 ) ) ;
#4656 = CARTESIAN_POINT ( 'NONE',  ( 23.26622186799687242, -11.81769303614650113, -4.900000000000000355 ) ) ;
#4657 = ORIENTED_EDGE ( 'NONE', *, *, #4604, .T. ) ;
#4658 = ORIENTED_EDGE ( 'NONE', *, *, #230, .T. ) ;
#4659 = VECTOR ( 'NONE', #1622, 1000.000000000000000 ) ;
#4660 = CARTESIAN_POINT ( 'NONE',  ( -23.89999999999999503, 4.408728476930478547E-16, -10.00000000000000000 ) ) ;
#4661 = LINE ( 'NONE', #3131, #2053 ) ;
#4662 = DIRECTION ( 'NONE',  ( -0.000000000000000000, -0.000000000000000000, -1.000000000000000000 ) ) ;
#4663 = VECTOR ( 'NONE', #4867, 1000.000000000000227 ) ;
#4664 = VERTEX_POINT ( 'NONE', #243 ) ;
#4665 = DIRECTION ( 'NONE',  ( -1.000000000000000000, 0.000000000000000000, 0.000000000000000000 ) ) ;
#4666 = ORIENTED_EDGE ( 'NONE', *, *, #4613, .F. ) ;
#4667 = CARTESIAN_POINT ( 'NONE',  ( 8.000000000000000000, 3.000000000000004885, -6.000000000000000000 ) ) ;
#4668 = EDGE_CURVE ( 'NONE', #150, #4683, #3039, .T. ) ;
#4669 = CYLINDRICAL_SURFACE ( 'NONE', #2535, 1.000000000000000000 ) ;
#4670 = CARTESIAN_POINT ( 'NONE',  ( 23.26622186799687242, -11.81769303614650113, -2.649999999999999911 ) ) ;
#4671 = VERTEX_POINT ( 'NONE', #660 ) ;
#4672 = CARTESIAN_POINT ( 'NONE',  ( 2.750000000000001332, 3.000000000000005329, 2.099999999999999645 ) ) ;
#4673 = LINE ( 'NONE', #1080, #101 ) ;
#4674 = ADVANCED_FACE ( 'NONE', ( #635 ), #4821, .T. ) ;
#4675 = DIRECTION ( 'NONE',  ( 1.000000000000000000, 0.000000000000000000, 0.000000000000000000 ) ) ;
#4676 = DIRECTION ( 'NONE',  ( 1.000000000000000000, 0.000000000000000000, 0.000000000000000000 ) ) ;
#4677 = ORIENTED_EDGE ( 'NONE', *, *, #807, .F. ) ;
#4678 = EDGE_CURVE ( 'NONE', #208, #3522, #1027, .T. ) ;
#4679 = CARTESIAN_POINT ( 'NONE',  ( -0.2065343631603274444, 4.000000000000002665, -7.880757059990601832 ) ) ;
#4680 = ADVANCED_FACE ( 'NONE', ( #3796 ), #1420, .F. ) ;
#4681 = DIRECTION ( 'NONE',  ( 1.000000000000000000, 1.892425610156517122E-16, 0.000000000000000000 ) ) ;
#4682 = EDGE_LOOP ( 'NONE', ( #3320, #4892, #2427, #1885 ) ) ;
#4683 = VERTEX_POINT ( 'NONE', #4672 ) ;
#4684 = CARTESIAN_POINT ( 'NONE',  ( -2.514439517736029917, 0.7203574412531161819, 2.117267760674305332 ) ) ;
#4685 = LINE ( 'NONE', #1172, #3761 ) ;
#4686 = EDGE_LOOP ( 'NONE', ( #4968, #1956, #833, #3579 ) ) ;
#4687 = DIRECTION ( 'NONE',  ( 0.000000000000000000, 0.000000000000000000, -1.000000000000000000 ) ) ;
#4688 = ORIENTED_EDGE ( 'NONE', *, *, #1286, .T. ) ;
#4689 = FACE_OUTER_BOUND ( 'NONE', #1569, .T. ) ;
#4690 = ORIENTED_EDGE ( 'NONE', *, *, #1982, .T. ) ;
#4691 = VECTOR ( 'NONE', #1304, 1000.000000000000000 ) ;
#4692 = AXIS2_PLACEMENT_3D ( 'NONE', #3388, #3733, #1357 ) ;
#4693 = DIRECTION ( 'NONE',  ( -1.000000000000000000, -2.168404344971008868E-16, 0.000000000000000000 ) ) ;
#4694 = CARTESIAN_POINT ( 'NONE',  ( 8.000000000000001776, -4.499999999999979572, -6.000000000000000000 ) ) ;
#4695 = VERTEX_POINT ( 'NONE', #2279 ) ;
#4696 = DIRECTION ( 'NONE',  ( -0.000000000000000000, -0.000000000000000000, 1.000000000000000000 ) ) ;
#4697 = CARTESIAN_POINT ( 'NONE',  ( 25.41622186799687100, -11.81769303614650113, 4.900000000000000355 ) ) ;
#4698 = AXIS2_PLACEMENT_3D ( 'NONE', #3600, #394, #829 ) ;
#4699 = LINE ( 'NONE', #1425, #2771 ) ;
#4700 = EDGE_LOOP ( 'NONE', ( #5008, #4487, #5043, #5038 ) ) ;
#4701 = ADVANCED_FACE ( 'NONE', ( #4593 ), #3069, .T. ) ;
#4702 = CIRCLE ( 'NONE', #770, 2.000000000000000000 ) ;
#4703 = CARTESIAN_POINT ( 'NONE',  ( -2.168701610983647221, 4.000000000000003553, -7.037097133917736613 ) ) ;
#4704 = LINE ( 'NONE', #722, #4274 ) ;
#4705 = ORIENTED_EDGE ( 'NONE', *, *, #2554, .F. ) ;
#4706 = ORIENTED_EDGE ( 'NONE', *, *, #384, .F. ) ;
#4707 = EDGE_CURVE ( 'NONE', #2934, #1967, #3501, .T. ) ;
#4708 = CARTESIAN_POINT ( 'NONE',  ( -2.633257182911167504, -0.2580539289108720324, 2.137046199988153372 ) ) ;
#4709 = DIRECTION ( 'NONE',  ( 0.000000000000000000, 0.000000000000000000, -1.000000000000000000 ) ) ;
#4710 = ORIENTED_EDGE ( 'NONE', *, *, #1872, .F. ) ;
#4711 = LINE ( 'NONE', #1070, #5098 ) ;
#4712 = ADVANCED_FACE ( 'NONE', ( #1449 ), #2589, .F. ) ;
#4713 = ORIENTED_EDGE ( 'NONE', *, *, #4006, .T. ) ;
#4714 = ORIENTED_EDGE ( 'NONE', *, *, #1689, .T. ) ;
#4715 = CARTESIAN_POINT ( 'NONE',  ( -50.00000000000000000, 5.000000000000007105, 4.000000000000000000 ) ) ;
#4716 = DIRECTION ( 'NONE',  ( -0.000000000000000000, -1.000000000000000000, -0.000000000000000000 ) ) ;
#4717 = EDGE_LOOP ( 'NONE', ( #402, #3712, #2065, #4372 ) ) ;
#4718 = DIRECTION ( 'NONE',  ( 1.000000000000000000, 0.000000000000000000, 0.000000000000000000 ) ) ;
#4719 = FACE_OUTER_BOUND ( 'NONE', #1516, .T. ) ;
#4720 = AXIS2_PLACEMENT_3D ( 'NONE', #639, #5108, #2254 ) ;
#4721 = CARTESIAN_POINT ( 'NONE',  ( -27.50000000000000000, 0.000000000000000000, 9.499999999999989342 ) ) ;
#4722 = DIRECTION ( 'NONE',  ( 0.000000000000000000, 0.000000000000000000, 1.000000000000000000 ) ) ;
#4723 = VERTEX_POINT ( 'NONE', #298 ) ;
#4724 = CIRCLE ( 'NONE', #4050, 1.000000000000000000 ) ;
#4725 = AXIS2_PLACEMENT_3D ( 'NONE', #3330, #3754, #4986 ) ;
#4726 = CARTESIAN_POINT ( 'NONE',  ( -1.044078701175617852, 4.000000000000002665, -7.427789332883999229 ) ) ;
#4727 = PLANE ( 'NONE',  #2762 ) ;
#4728 = CONICAL_SURFACE ( 'NONE', #1713, 5.000000000000000888, 0.7853981633974482790 ) ;
#4729 = VERTEX_POINT ( 'NONE', #3826 ) ;
#4730 = DIRECTION ( 'NONE',  ( 0.7071067811865463515, -0.7071067811865487940, 0.000000000000000000 ) ) ;
#4731 = VERTEX_POINT ( 'NONE', #4645 ) ;
#4732 = DIRECTION ( 'NONE',  ( 0.000000000000000000, 0.000000000000000000, 1.000000000000000000 ) ) ;
#4733 = CARTESIAN_POINT ( 'NONE',  ( -27.50000000000000000, 0.000000000000000000, 10.00000000000000000 ) ) ;
#4734 = VERTEX_POINT ( 'NONE', #1106 ) ;
#4735 = LINE ( 'NONE', #2322, #90 ) ;
#4736 = EDGE_CURVE ( 'NONE', #1698, #1967, #689, .T. ) ;
#4737 = AXIS2_PLACEMENT_3D ( 'NONE', #3874, #600, #4591 ) ;
#4738 = EDGE_LOOP ( 'NONE', ( #471, #3753, #3285, #4838, #1881, #2825, #2387, #4459, #3104, #1105 ) ) ;
#4739 = VECTOR ( 'NONE', #1127, 1000.000000000000000 ) ;
#4740 = ORIENTED_EDGE ( 'NONE', *, *, #2176, .F. ) ;
#4741 = FACE_BOUND ( 'NONE', #2712, .T. ) ;
#4742 = EDGE_CURVE ( 'NONE', #1209, #897, #2252, .T. ) ;
#4743 = EDGE_CURVE ( 'NONE', #3115, #1363, #1144, .T. ) ;
#4744 = FACE_BOUND ( 'NONE', #2759, .T. ) ;
#4745 = VERTEX_POINT ( 'NONE', #1889 ) ;
#4746 = AXIS2_PLACEMENT_3D ( 'NONE', #572, #2874, #1362 ) ;
#4747 = ORIENTED_EDGE ( 'NONE', *, *, #4163, .T. ) ;
#4748 = PLANE ( 'NONE',  #2396 ) ;
#4749 = FACE_OUTER_BOUND ( 'NONE', #2005, .T. ) ;
#4750 = DIRECTION ( 'NONE',  ( 0.000000000000000000, 0.7071067811865474617, 0.7071067811865474617 ) ) ;
#4751 = DIRECTION ( 'NONE',  ( -1.652117596168388495E-16, 1.000000000000000000, 0.000000000000000000 ) ) ;
#4752 = VERTEX_POINT ( 'NONE', #273 ) ;
#4753 = DIRECTION ( 'NONE',  ( 1.892425610156516875E-16, -1.000000000000000000, 0.000000000000000000 ) ) ;
#4754 = CARTESIAN_POINT ( 'NONE',  ( -12.12498720617873360, 4.825834261322585306, -4.325834261322586194 ) ) ;
#4755 = EDGE_LOOP ( 'NONE', ( #4555, #949, #3329, #3875 ) ) ;
#4756 = DIRECTION ( 'NONE',  ( -1.000000000000000000, 0.000000000000000000, 0.000000000000000000 ) ) ;
#4757 = ORIENTED_EDGE ( 'NONE', *, *, #3933, .F. ) ;
#4758 = CYLINDRICAL_SURFACE ( 'NONE', #3939, 1.000000000000000888 ) ;
#4759 = DIRECTION ( 'NONE',  ( -1.000000000000000000, -1.652117596168388495E-16, -0.000000000000000000 ) ) ;
#4760 = CARTESIAN_POINT ( 'NONE',  ( 4.750000000000000888, 4.000000000000004441, 2.099999999999999645 ) ) ;
#4761 = ORIENTED_EDGE ( 'NONE', *, *, #530, .T. ) ;
#4762 = EDGE_CURVE ( 'NONE', #1409, #3952, #3481, .T. ) ;
#4763 = ORIENTED_EDGE ( 'NONE', *, *, #5018, .F. ) ;
#4764 = CARTESIAN_POINT ( 'NONE',  ( 12.50000000000000000, 3.000000000000008882, -9.999999999999998224 ) ) ;
#4765 = LINE ( 'NONE', #3584, #4985 ) ;
#4766 = ORIENTED_EDGE ( 'NONE', *, *, #4489, .T. ) ;
#4767 = ORIENTED_EDGE ( 'NONE', *, *, #530, .F. ) ;
#4768 = ADVANCED_FACE ( 'NONE', ( #5081 ), #3399, .F. ) ;
#4769 = ADVANCED_FACE ( 'NONE', ( #324 ), #3015, .F. ) ;
#4770 = FACE_OUTER_BOUND ( 'NONE', #727, .T. ) ;
#4771 = CYLINDRICAL_SURFACE ( 'NONE', #2378, 2.000000000000000000 ) ;
#4772 = CARTESIAN_POINT ( 'NONE',  ( -11.17157287525382259, 3.000000000000003997, -4.000000000000000000 ) ) ;
#4773 = CIRCLE ( 'NONE', #3598, 1.000000000000000888 ) ;
#4774 = DIRECTION ( 'NONE',  ( 1.000000000000000000, 1.892425610156517122E-16, 8.673617379884035472E-17 ) ) ;
#4775 = CIRCLE ( 'NONE', #586, 2.200000000000000622 ) ;
#4776 = ORIENTED_EDGE ( 'NONE', *, *, #1279, .T. ) ;
#4777 = EDGE_CURVE ( 'NONE', #2685, #633, #3392, .T. ) ;
#4778 = DIRECTION ( 'NONE',  ( -1.000000000000000000, -1.892425610156517122E-16, 0.000000000000000000 ) ) ;
#4779 = AXIS2_PLACEMENT_3D ( 'NONE', #364, #1873, #3545 ) ;
#4780 = LINE ( 'NONE', #4850, #3792 ) ;
#4781 = EDGE_LOOP ( 'NONE', ( #4505, #1623, #4971, #553, #1413 ) ) ;
#4782 = FACE_OUTER_BOUND ( 'NONE', #2340, .T. ) ;
#4783 = ORIENTED_EDGE ( 'NONE', *, *, #2363, .F. ) ;
#4784 = AXIS2_PLACEMENT_3D ( 'NONE', #5085, #2313, #3455 ) ;
#4785 = LINE ( 'NONE', #2369, #846 ) ;
#4786 = CARTESIAN_POINT ( 'NONE',  ( -2.049999999999999822, -0.04018442856028770632, 2.630305792640966533 ) ) ;
#4787 = LINE ( 'NONE', #30, #672 ) ;
#4788 = SHAPE_DEFINITION_REPRESENTATION ( #400, #2748 ) ;
#4789 = ORIENTED_EDGE ( 'NONE', *, *, #2206, .F. ) ;
#4790 = DIRECTION ( 'NONE',  ( -0.000000000000000000, -0.000000000000000000, -1.000000000000000000 ) ) ;
#4791 = EDGE_CURVE ( 'NONE', #2826, #8, #4795, .T. ) ;
#4792 = LINE ( 'NONE', #711, #1725 ) ;
#4793 = ORIENTED_EDGE ( 'NONE', *, *, #3443, .F. ) ;
#4794 = ORIENTED_EDGE ( 'NONE', *, *, #914, .F. ) ;
#4795 = LINE ( 'NONE', #63, #4825 ) ;
#4796 = CARTESIAN_POINT ( 'NONE',  ( 2.750000000000002665, -4.499999999999980460, 2.099999999999999645 ) ) ;
#4797 = FACE_OUTER_BOUND ( 'NONE', #1487, .T. ) ;
#4798 = EDGE_CURVE ( 'NONE', #3004, #737, #1187, .T. ) ;
#4799 = DIRECTION ( 'NONE',  ( 0.000000000000000000, 0.000000000000000000, -1.000000000000000000 ) ) ;
#4800 = AXIS2_PLACEMENT_3D ( 'NONE', #2403, #3954, #2686 ) ;
#4801 = EDGE_LOOP ( 'NONE', ( #4153, #870, #1270, #5104 ) ) ;
#4802 = CONICAL_SURFACE ( 'NONE', #1123, 2.549999999999996714, 0.7853981633974410625 ) ;
#4803 = DIRECTION ( 'NONE',  ( -1.000000000000000000, 0.000000000000000000, 0.000000000000000000 ) ) ;
#4804 = DIRECTION ( 'NONE',  ( 0.000000000000000000, 0.000000000000000000, 1.000000000000000000 ) ) ;
#4805 = ADVANCED_FACE ( 'NONE', ( #4770 ), #1603, .F. ) ;
#4806 = ORIENTED_EDGE ( 'NONE', *, *, #4423, .F. ) ;
#4807 = ADVANCED_FACE ( 'NONE', ( #452 ), #2750, .T. ) ;
#4808 = CARTESIAN_POINT ( 'NONE',  ( -27.50000000000000000, -5.000000000000000888, 9.500000000000000000 ) ) ;
#4809 = CIRCLE ( 'NONE', #4813, 2.000000000000000000 ) ;
#4810 = ORIENTED_EDGE ( 'NONE', *, *, #1147, .F. ) ;
#4811 = AXIS2_PLACEMENT_3D ( 'NONE', #47, #2462, #2029 ) ;
#4812 = DIRECTION ( 'NONE',  ( -1.000000000000000000, 0.000000000000000000, 0.000000000000000000 ) ) ;
#4813 = AXIS2_PLACEMENT_3D ( 'NONE', #1830, #319, #3396 ) ;
#4814 = CARTESIAN_POINT ( 'NONE',  ( -2.017286911263562299, -0.3648772265794917868, 2.622582162138670459 ) ) ;
#4815 = DIRECTION ( 'NONE',  ( 1.000000000000000000, 0.000000000000000000, 0.000000000000000000 ) ) ;
#4816 = ORIENTED_EDGE ( 'NONE', *, *, #2773, .F. ) ;
#4817 = DIRECTION ( 'NONE',  ( -0.000000000000000000, -1.000000000000000000, -0.000000000000000000 ) ) ;
#4818 = LINE ( 'NONE', #3212, #397 ) ;
#4819 = EDGE_LOOP ( 'NONE', ( #309, #2402, #1071, #4705 ) ) ;
#4820 = VERTEX_POINT ( 'NONE', #3116 ) ;
#4821 = CONICAL_SURFACE ( 'NONE', #1977, 5.000000000000000888, 0.7853981633974482790 ) ;
#4822 = DIRECTION ( 'NONE',  ( 0.000000000000000000, -0.000000000000000000, 1.000000000000000000 ) ) ;
#4823 = DIRECTION ( 'NONE',  ( -1.000000000000000000, 0.000000000000000000, 0.000000000000000000 ) ) ;
#4824 = CARTESIAN_POINT ( 'NONE',  ( -12.99999999999999822, -1.171572875253809709, -4.000000000000000000 ) ) ;
#4825 = VECTOR ( 'NONE', #4010, 1000.000000000000114 ) ;
#4826 = LINE ( 'NONE', #409, #1520 ) ;
#4827 = VERTEX_POINT ( 'NONE', #2355 ) ;
#4828 = ADVANCED_FACE ( 'NONE', ( #376 ), #2895, .T. ) ;
#4829 = DIRECTION ( 'NONE',  ( -1.892425610156517122E-16, 1.000000000000000000, -0.000000000000000000 ) ) ;
#4830 = ORIENTED_EDGE ( 'NONE', *, *, #2263, .T. ) ;
#4831 = CARTESIAN_POINT ( 'NONE',  ( -27.50000000000000000, 0.000000000000000000, 4.500000000000007105 ) ) ;
#4832 = ORIENTED_EDGE ( 'NONE', *, *, #1693, .F. ) ;
#4833 = EDGE_CURVE ( 'NONE', #2581, #1583, #1971, .T. ) ;
#4834 = ADVANCED_FACE ( 'NONE', ( #3529 ), #1150, .F. ) ;
#4835 = DIRECTION ( 'NONE',  ( -1.652117596168388495E-16, 1.000000000000000000, 0.000000000000000000 ) ) ;
#4836 = CARTESIAN_POINT ( 'NONE',  ( -1.985299294006271920, -0.5111744147706809294, 2.616142708517182669 ) ) ;
#4837 = CARTESIAN_POINT ( 'NONE',  ( -7.119124914398328792E-16, 3.000000000000003553, -4.000000000000000000 ) ) ;
#4838 = ORIENTED_EDGE ( 'NONE', *, *, #2669, .T. ) ;
#4839 = DIRECTION ( 'NONE',  ( 8.673617379884035472E-17, 1.641417566239121864E-32, 1.000000000000000000 ) ) ;
#4840 = ORIENTED_EDGE ( 'NONE', *, *, #573, .F. ) ;
#4841 = ORIENTED_EDGE ( 'NONE', *, *, #1440, .T. ) ;
#4842 = DIRECTION ( 'NONE',  ( 0.000000000000000000, 0.000000000000000000, 1.000000000000000000 ) ) ;
#4843 = DIRECTION ( 'NONE',  ( 0.000000000000000000, -0.000000000000000000, 1.000000000000000000 ) ) ;
#4844 = CARTESIAN_POINT ( 'NONE',  ( 18.00000000000000355, 3.000000000000006661, -5.000000000000000000 ) ) ;
#4845 = DIRECTION ( 'NONE',  ( -1.338146981832763265E-16, 0.7071067811865475727, 0.7071067811865475727 ) ) ;
#4846 = ORIENTED_EDGE ( 'NONE', *, *, #827, .T. ) ;
#4847 = VECTOR ( 'NONE', #964, 1000.000000000000000 ) ;
#4848 = CARTESIAN_POINT ( 'NONE',  ( 12.50000000000000000, 5.000000000000019540, 9.999999999999998224 ) ) ;
#4849 = CIRCLE ( 'NONE', #2583, 1.000000000000000888 ) ;
#4850 = CARTESIAN_POINT ( 'NONE',  ( -11.17157287525380838, -4.999999999999997335, -4.500000000000007105 ) ) ;
#4851 = VERTEX_POINT ( 'NONE', #1550 ) ;
#4852 = VECTOR ( 'NONE', #3395, 1000.000000000000000 ) ;
#4853 = FACE_OUTER_BOUND ( 'NONE', #4801, .T. ) ;
#4854 = EDGE_CURVE ( 'NONE', #2262, #4664, #4409, .T. ) ;
#4855 = ORIENTED_EDGE ( 'NONE', *, *, #3134, .F. ) ;
#4856 = CIRCLE ( 'NONE', #2021, 2.500000000000014211 ) ;
#4857 = CARTESIAN_POINT ( 'NONE',  ( -32.50000000000000000, 0.000000000000000000, 10.00000000000000000 ) ) ;
#4858 = CARTESIAN_POINT ( 'NONE',  ( 5.750000000000000888, 3.000000000000004441, 4.099999999999999645 ) ) ;
#4859 = ADVANCED_FACE ( 'NONE', ( #406 ), #2147, .F. ) ;
#4860 = AXIS2_PLACEMENT_3D ( 'NONE', #4597, #276, #719 ) ;
#4861 = ORIENTED_EDGE ( 'NONE', *, *, #125, .T. ) ;
#4862 = CARTESIAN_POINT ( 'NONE',  ( 6.750000000000002665, -4.999999999999994671, 8.500000000000015987 ) ) ;
#4863 = EDGE_CURVE ( 'NONE', #4664, #3138, #976, .T. ) ;
#4864 = ADVANCED_FACE ( 'NONE', ( #3215 ), #4748, .F. ) ;
#4865 = EDGE_LOOP ( 'NONE', ( #1992, #592 ) ) ;
#4866 = EDGE_LOOP ( 'NONE', ( #3123, #4643, #248, #4789 ) ) ;
#4867 = DIRECTION ( 'NONE',  ( -0.7071067811865500152, -0.7071067811865450192, 0.000000000000000000 ) ) ;
#4868 = DIRECTION ( 'NONE',  ( -1.000000000000000000, 0.000000000000000000, -0.000000000000000000 ) ) ;
#4869 = DIRECTION ( 'NONE',  ( 0.9848077530122085754, -0.1736481776669277499, -0.000000000000000000 ) ) ;
#4870 = CARTESIAN_POINT ( 'NONE',  ( -7.119124914398328792E-16, 3.000000000000003553, -7.000000000000000000 ) ) ;
#4871 = DIRECTION ( 'NONE',  ( 0.000000000000000000, -1.000000000000000000, 0.000000000000000000 ) ) ;
#4872 = ORIENTED_EDGE ( 'NONE', *, *, #2747, .T. ) ;
#4873 = DIRECTION ( 'NONE',  ( 1.892425610156516875E-16, -1.000000000000000000, -0.000000000000000000 ) ) ;
#4874 = CARTESIAN_POINT ( 'NONE',  ( 4.000000000000000888, 4.898587196589413815E-16, -8.000000000000000000 ) ) ;
#4875 = CIRCLE ( 'NONE', #286, 3.499999999999985789 ) ;
#4876 = CARTESIAN_POINT ( 'NONE',  ( 27.50000000000000000, 0.000000000000000000, 10.00000000000000000 ) ) ;
#4877 = ORIENTED_EDGE ( 'NONE', *, *, #1637, .T. ) ;
#4878 = FACE_OUTER_BOUND ( 'NONE', #4134, .T. ) ;
#4879 = ORIENTED_EDGE ( 'NONE', *, *, #2357, .F. ) ;
#4880 = AXIS2_PLACEMENT_3D ( 'NONE', #4721, #2281, #2725 ) ;
#4881 =( BOUNDED_CURVE ( )  B_SPLINE_CURVE ( 3, ( #636, #4568, #4622, #2964 ),
 .UNSPECIFIED., .F., .F. ) 
 B_SPLINE_CURVE_WITH_KNOTS ( ( 4, 4 ),
 ( 0.000000000000000000, 0.7227342478134187731 ),
 .UNSPECIFIED. ) 
 CURVE ( )  GEOMETRIC_REPRESENTATION_ITEM ( )  RATIONAL_B_SPLINE_CURVE ( ( 1.000000000000000000, 0.9569428977956564442, 0.9569428977956564442, 1.000000000000000000 ) ) 
 REPRESENTATION_ITEM ( '' )  );
#4882 = CARTESIAN_POINT ( 'NONE',  ( -2.012337582661599011, -0.3915672927277865090, 2.621510237484712125 ) ) ;
#4883 = LINE ( 'NONE', #906, #4691 ) ;
#4884 = AXIS2_PLACEMENT_3D ( 'NONE', #3475, #3011, #657 ) ;
#4885 = CIRCLE ( 'NONE', #379, 1.000000000000000000 ) ;
#4886 = VECTOR ( 'NONE', #3530, 1000.000000000000000 ) ;
#4887 = EDGE_CURVE ( 'NONE', #1865, #2068, #3930, .T. ) ;
#4888 = VECTOR ( 'NONE', #1761, 1000.000000000000000 ) ;
#4889 = VERTEX_POINT ( 'NONE', #2827 ) ;
#4890 = CARTESIAN_POINT ( 'NONE',  ( 10.49999999999999822, 3.000000000000008438, -10.00000000000000000 ) ) ;
#4891 = CIRCLE ( 'NONE', #630, 2.200000000000000622 ) ;
#4892 = ORIENTED_EDGE ( 'NONE', *, *, #835, .F. ) ;
#4893 = ORIENTED_EDGE ( 'NONE', *, *, #4611, .F. ) ;
#4894 = EDGE_CURVE ( 'NONE', #1087, #1496, #3166, .T. ) ;
#4895 = CARTESIAN_POINT ( 'NONE',  ( 4.750000000000000888, 3.000000000000004441, 6.000000000000000000 ) ) ;
#4896 =( GEOMETRIC_REPRESENTATION_CONTEXT ( 3 ) GLOBAL_UNCERTAINTY_ASSIGNED_CONTEXT ( ( #4280 ) ) GLOBAL_UNIT_ASSIGNED_CONTEXT ( ( #4087, #4114, #4923 ) ) REPRESENTATION_CONTEXT ( 'NONE', 'WORKASPACE' ) );
#4897 = ADVANCED_FACE ( 'NONE', ( #350 ), #5131, .F. ) ;
#4898 = CARTESIAN_POINT ( 'NONE',  ( 27.50000000000000000, 4.500000000000001776, 7.749999999999999112 ) ) ;
#4899 = CARTESIAN_POINT ( 'NONE',  ( 8.000000000000000000, 4.000000000000005329, 7.000000000000000000 ) ) ;
#4900 = CARTESIAN_POINT ( 'NONE',  ( -24.40000000000000213, 0.000000000000000000, 5.799999999999999822 ) ) ;
#4901 = TOROIDAL_SURFACE ( 'NONE', #1646, 1.000000000000000000, 1.000000000000000000 ) ;
#4902 = EDGE_LOOP ( 'NONE', ( #2571, #4658, #1483, #4150 ) ) ;
#4903 = DIRECTION ( 'NONE',  ( -1.338146981832760800E-16, 0.7071067811865463515, 0.7071067811865487940 ) ) ;
#4904 = TOROIDAL_SURFACE ( 'NONE', #1233, 2.000000000000000000, 1.000000000000000000 ) ;
#4905 = DIRECTION ( 'NONE',  ( 0.000000000000000000, 0.000000000000000000, -1.000000000000000000 ) ) ;
#4906 = CARTESIAN_POINT ( 'NONE',  ( -2.023062097519836566, 0.3319086589705056989, 2.623855727933328996 ) ) ;
#4907 = ORIENTED_EDGE ( 'NONE', *, *, #4380, .T. ) ;
#4908 = DIRECTION ( 'NONE',  ( 1.000000000000000000, 1.892425610156517122E-16, -8.673617379884035472E-17 ) ) ;
#4909 = ORIENTED_EDGE ( 'NONE', *, *, #3897, .F. ) ;
#4910 =( GEOMETRIC_REPRESENTATION_CONTEXT ( 3 ) GLOBAL_UNCERTAINTY_ASSIGNED_CONTEXT ( ( #303 ) ) GLOBAL_UNIT_ASSIGNED_CONTEXT ( ( #3898, #1592, #783 ) ) REPRESENTATION_CONTEXT ( 'NONE', 'WORKASPACE' ) );
#4911 = CARTESIAN_POINT ( 'NONE',  ( 12.50000000000000178, -2.999999999999994671, 9.500000000000000000 ) ) ;
#4912 = DIRECTION ( 'NONE',  ( 0.000000000000000000, 0.000000000000000000, -1.000000000000000000 ) ) ;
#4913 = CARTESIAN_POINT ( 'NONE',  ( -2.039743133334877445, 0.2090829821405777444, 2.627745026071054202 ) ) ;
#4914 = DIRECTION ( 'NONE',  ( -0.000000000000000000, -1.000000000000000000, -0.000000000000000000 ) ) ;
#4915 = VERTEX_POINT ( 'NONE', #1999 ) ;
#4916 = CARTESIAN_POINT ( 'NONE',  ( 10.50000000000000355, -4.499999999999993783, 10.00000000000000000 ) ) ;
#4917 = ORIENTED_EDGE ( 'NONE', *, *, #3442, .F. ) ;
#4918 = EDGE_CURVE ( 'NONE', #4683, #2581, #3587, .T. ) ;
#4919 = ORIENTED_EDGE ( 'NONE', *, *, #4894, .T. ) ;
#4920 = CARTESIAN_POINT ( 'NONE',  ( 20.50000000000001421, -4.999999999999992006, 10.00000000000000000 ) ) ;
#4921 = CARTESIAN_POINT ( 'NONE',  ( -24.40000000000000213, 3.796405077356794918E-16, -9.499999999999991118 ) ) ;
#4922 = DIRECTION ( 'NONE',  ( 0.000000000000000000, 0.000000000000000000, -1.000000000000000000 ) ) ;
#4923 =( NAMED_UNIT ( * ) SI_UNIT ( $, .STERADIAN. ) SOLID_ANGLE_UNIT ( ) );
#4924 = EDGE_CURVE ( 'NONE', #3771, #3495, #4406, .T. ) ;
#4925 = ADVANCED_FACE ( 'NONE', ( #863 ), #3659, .T. ) ;
#4926 = EDGE_LOOP ( 'NONE', ( #1661, #51 ) ) ;
#4927 = DIRECTION ( 'NONE',  ( -1.000000000000000000, -1.892425610156517122E-16, 0.000000000000000000 ) ) ;
#4928 = DIRECTION ( 'NONE',  ( -1.000000000000000000, -1.892425610156517122E-16, -8.673617379884035472E-17 ) ) ;
#4929 = CYLINDRICAL_SURFACE ( 'NONE', #3052, 2.000000000000000000 ) ;
#4930 = CARTESIAN_POINT ( 'NONE',  ( -2.029454481113351250, 0.2902724882070276680, 2.625313521912129300 ) ) ;
#4931 = EDGE_LOOP ( 'NONE', ( #5046, #2658 ) ) ;
#4932 = DIRECTION ( 'NONE',  ( 1.000000000000000000, 1.892425610156517122E-16, 0.000000000000000000 ) ) ;
#4933 = EDGE_CURVE ( 'NONE', #3738, #548, #3688, .T. ) ;
#4934 = ORIENTED_EDGE ( 'NONE', *, *, #4863, .T. ) ;
#4935 = AXIS2_PLACEMENT_3D ( 'NONE', #2162, #3755, #1379 ) ;
#4936 = DIRECTION ( 'NONE',  ( 0.000000000000000000, -0.000000000000000000, -1.000000000000000000 ) ) ;
#4937 = DIRECTION ( 'NONE',  ( 0.7071067811865474617, 0.000000000000000000, -0.7071067811865474617 ) ) ;
#4938 = DIRECTION ( 'NONE',  ( 0.000000000000000000, 0.7071067811865474617, 0.7071067811865474617 ) ) ;
#4939 = DIRECTION ( 'NONE',  ( -1.892425610156517122E-16, 1.000000000000000000, 0.000000000000000000 ) ) ;
#4940 = ORIENTED_EDGE ( 'NONE', *, *, #1377, .F. ) ;
#4941 = CARTESIAN_POINT ( 'NONE',  ( 32.50000000000000000, -4.499999999999987566, -7.750000000000000000 ) ) ;
#4942 = AXIS2_PLACEMENT_3D ( 'NONE', #4733, #4442, #4147 ) ;
#4943 = ORIENTED_EDGE ( 'NONE', *, *, #4918, .T. ) ;
#4944 = VERTEX_POINT ( 'NONE', #1335 ) ;
#4945 = VECTOR ( 'NONE', #1350, 1000.000000000000000 ) ;
#4946 = LINE ( 'NONE', #4895, #4158 ) ;
#4947 = LINE ( 'NONE', #3822, #4852 ) ;
#4948 = ADVANCED_FACE ( 'NONE', ( #1675 ), #2501, .F. ) ;
#4949 = CARTESIAN_POINT ( 'NONE',  ( -27.50000000000000000, -4.499999999999993783, 4.000000000000000000 ) ) ;
#4950 = CARTESIAN_POINT ( 'NONE',  ( -2.373496532481563559, 1.012612236400066923, 2.103193173178481423 ) ) ;
#4951 = ORIENTED_EDGE ( 'NONE', *, *, #252, .T. ) ;
#4952 = CARTESIAN_POINT ( 'NONE',  ( -27.50000000000000000, -5.000000000000000888, 7.249999999999994671 ) ) ;
#4953 = CARTESIAN_POINT ( 'NONE',  ( 12.00000000000001421, 7.475081160118244492E-15, -10.00000000000000000 ) ) ;
#4954 = EDGE_CURVE ( 'NONE', #1515, #4734, #161, .T. ) ;
#4955 = LINE ( 'NONE', #3749, #794 ) ;
#4956 = DIRECTION ( 'NONE',  ( 0.7071067811865496822, 0.000000000000000000, 0.7071067811865454633 ) ) ;
#4957 = LINE ( 'NONE', #4073, #1517 ) ;
#4958 = EDGE_LOOP ( 'NONE', ( #2782, #2345, #1018, #1122 ) ) ;
#4959 = EDGE_CURVE ( 'NONE', #3664, #1555, #912, .T. ) ;
#4960 = DIRECTION ( 'NONE',  ( -1.892425610156517122E-16, 1.000000000000000000, 0.000000000000000000 ) ) ;
#4961 = EDGE_CURVE ( 'NONE', #2088, #2581, #2451, .T. ) ;
#4962 = FACE_OUTER_BOUND ( 'NONE', #1024, .T. ) ;
#4963 = CARTESIAN_POINT ( 'NONE',  ( -2.029742675112757411, -0.2905079936671730034, 2.625372829686219767 ) ) ;
#4964 = CARTESIAN_POINT ( 'NONE',  ( 11.00000000000000178, -4.499999999999979572, 5.000000000000000000 ) ) ;
#4965 = EDGE_LOOP ( 'NONE', ( #596, #1963, #649, #817 ) ) ;
#4966 = DIRECTION ( 'NONE',  ( -1.000000000000000000, 0.000000000000000000, 0.000000000000000000 ) ) ;
#4967 = VECTOR ( 'NONE', #4142, 1000.000000000000114 ) ;
#4968 = ORIENTED_EDGE ( 'NONE', *, *, #2444, .F. ) ;
#4969 = VECTOR ( 'NONE', #4829, 1000.000000000000000 ) ;
#4970 = CARTESIAN_POINT ( 'NONE',  ( 0.000000000000000000, 0.000000000000000000, 2.099999999999999645 ) ) ;
#4971 = ORIENTED_EDGE ( 'NONE', *, *, #1411, .F. ) ;
#4972 = CARTESIAN_POINT ( 'NONE',  ( 25.41622186799687100, -11.81769303614650113, -4.900000000000000355 ) ) ;
#4973 = AXIS2_PLACEMENT_3D ( 'NONE', #112, #85, #4823 ) ;
#4974 = CARTESIAN_POINT ( 'NONE',  ( 18.00000000000000355, 4.000000000000007105, -3.000000000000000000 ) ) ;
#4975 = CARTESIAN_POINT ( 'NONE',  ( 18.00000000000000355, 3.000000000000006661, 3.000000000000000000 ) ) ;
#4976 = ORIENTED_EDGE ( 'NONE', *, *, #2976, .F. ) ;
#4977 = CARTESIAN_POINT ( 'NONE',  ( -3.749999999999985789, -4.999999999999996447, 4.099999999999999645 ) ) ;
#4978 = CARTESIAN_POINT ( 'NONE',  ( 18.00000000000000355, -4.999999999999992006, 5.500000000000012434 ) ) ;
#4979 = LINE ( 'NONE', #2565, #1464 ) ;
#4980 = DIRECTION ( 'NONE',  ( 0.000000000000000000, 0.000000000000000000, -1.000000000000000000 ) ) ;
#4981 = VECTOR ( 'NONE', #4510, 1000.000000000000114 ) ;
#4982 = CARTESIAN_POINT ( 'NONE',  ( -27.50000000000000000, -5.000000000000000888, 10.00000000000000000 ) ) ;
#4983 = ORIENTED_EDGE ( 'NONE', *, *, #2050, .T. ) ;
#4984 = ADVANCED_FACE ( 'NONE', ( #138 ), #3764, .F. ) ;
#4985 = VECTOR ( 'NONE', #837, 1000.000000000000000 ) ;
#4986 = DIRECTION ( 'NONE',  ( -1.000000000000000000, -2.168404344971006896E-16, 0.000000000000000000 ) ) ;
#4987 = CARTESIAN_POINT ( 'NONE',  ( -27.50000000000000000, -5.000000000000000888, -9.500000000000014211 ) ) ;
#4988 = ORIENTED_EDGE ( 'NONE', *, *, #896, .T. ) ;
#4989 = VECTOR ( 'NONE', #1239, 1000.000000000000114 ) ;
#4990 = EDGE_CURVE ( 'NONE', #802, #190, #4058, .T. ) ;
#4991 = EDGE_CURVE ( 'NONE', #3115, #3869, #4111, .T. ) ;
#4992 = CARTESIAN_POINT ( 'NONE',  ( -32.50000000000000000, 0.000000000000000000, 9.500000000000000000 ) ) ;
#4993 = DIRECTION ( 'NONE',  ( -1.000000000000000000, 0.000000000000000000, 0.000000000000000000 ) ) ;
#4994 = B_SPLINE_CURVE_WITH_KNOTS ( 'NONE', 3,
 ( #3192, #2047, #87, #2358, #2779, #1578, #4457, #867 ),
 .UNSPECIFIED., .F., .F.,
 ( 4, 2, 2, 4 ),
 ( -1.095445146510845020E-05, 0.001416565785593424352, 0.002130325904122691398, 0.002844086022651958444 ),
 .UNSPECIFIED. ) ;
#4995 = ORIENTED_EDGE ( 'NONE', *, *, #2508, .T. ) ;
#4996 = PLANE ( 'NONE',  #3336 ) ;
#4997 = ORIENTED_EDGE ( 'NONE', *, *, #2518, .F. ) ;
#4998 = CARTESIAN_POINT ( 'NONE',  ( -2.168796549525526363, 4.000000000000003553, -7.037078198100473969 ) ) ;
#4999 = DIRECTION ( 'NONE',  ( -1.000000000000000000, 0.000000000000000000, 0.000000000000000000 ) ) ;
#5000 = CARTESIAN_POINT ( 'NONE',  ( 23.06437195485759517, -4.999999999999992006, -2.649999999999999911 ) ) ;
#5001 = LINE ( 'NONE', #3793, #1887 ) ;
#5002 = ORIENTED_EDGE ( 'NONE', *, *, #3003, .T. ) ;
#5003 = CARTESIAN_POINT ( 'NONE',  ( 10.50000000000000533, -4.499999999999993783, 10.00000000000000000 ) ) ;
#5004 = FACE_OUTER_BOUND ( 'NONE', #3967, .T. ) ;
#5005 = FACE_OUTER_BOUND ( 'NONE', #4738, .T. ) ;
#5006 = FACE_BOUND ( 'NONE', #4605, .T. ) ;
#5007 = PLANE ( 'NONE',  #2433 ) ;
#5008 = ORIENTED_EDGE ( 'NONE', *, *, #4123, .F. ) ;
#5009 = CARTESIAN_POINT ( 'NONE',  ( -10.00000000000001243, -4.999999999999997335, -6.000000000000000000 ) ) ;
#5010 = FACE_OUTER_BOUND ( 'NONE', #908, .T. ) ;
#5011 = EDGE_CURVE ( 'NONE', #190, #1648, #4138, .T. ) ;
#5012 = ORIENTED_EDGE ( 'NONE', *, *, #2930, .F. ) ;
#5013 = CIRCLE ( 'NONE', #4520, 2.000000000000000000 ) ;
#5014 = CARTESIAN_POINT ( 'NONE',  ( -27.50000000000000000, -5.000000000000000888, -4.899999999999999467 ) ) ;
#5015 = CARTESIAN_POINT ( 'NONE',  ( 8.000000000000001776, -4.499999999999979572, 6.000000000000000000 ) ) ;
#5016 = VERTEX_POINT ( 'NONE', #939 ) ;
#5017 = CARTESIAN_POINT ( 'NONE',  ( -29.69999999999999929, 2.694222958124179472E-16, -10.00000000000000000 ) ) ;
#5018 = EDGE_CURVE ( 'NONE', #588, #3004, #2815, .T. ) ;
#5019 = VECTOR ( 'NONE', #1488, 1000.000000000000000 ) ;
#5020 = EDGE_LOOP ( 'NONE', ( #3686, #482, #3196, #3554 ) ) ;
#5021 = CIRCLE ( 'NONE', #2891, 2.500000000000014211 ) ;
#5022 = CARTESIAN_POINT ( 'NONE',  ( 18.00000000000000355, -4.499999999999977796, 5.000000000000000000 ) ) ;
#5023 = DIRECTION ( 'NONE',  ( -0.000000000000000000, -0.000000000000000000, -1.000000000000000000 ) ) ;
#5024 = CONICAL_SURFACE ( 'NONE', #2182, 1.500000000000013545, 0.7853981633974482790 ) ;
#5025 = ADVANCED_FACE ( 'NONE', ( #4480 ), #2956, .F. ) ;
#5026 = EDGE_CURVE ( 'NONE', #4683, #3681, #4579, .T. ) ;
#5027 = DIRECTION ( 'NONE',  ( 1.000000000000000000, 1.892425610156517122E-16, 0.000000000000000000 ) ) ;
#5028 = CARTESIAN_POINT ( 'NONE',  ( 27.50000000000000000, 0.000000000000000000, -7.749999999999999112 ) ) ;
#5029 = AXIS2_PLACEMENT_3D ( 'NONE', #3403, #4279, #3096 ) ;
#5030 = ORIENTED_EDGE ( 'NONE', *, *, #2864, .F. ) ;
#5031 = DIRECTION ( 'NONE',  ( 1.338146981832763265E-16, -0.7071067811865475727, -0.7071067811865475727 ) ) ;
#5032 = DIRECTION ( 'NONE',  ( -0.000000000000000000, -0.000000000000000000, 1.000000000000000000 ) ) ;
#5033 = CARTESIAN_POINT ( 'NONE',  ( -32.50000000000000000, 0.000000000000000000, -9.500000000000014211 ) ) ;
#5034 = DIRECTION ( 'NONE',  ( 1.000000000000000000, 0.000000000000000000, 0.000000000000000000 ) ) ;
#5035 = ORIENTED_EDGE ( 'NONE', *, *, #1025, .T. ) ;
#5036 = CARTESIAN_POINT ( 'NONE',  ( 0.000000000000000000, 0.000000000000000000, -8.000000000000000000 ) ) ;
#5037 = CARTESIAN_POINT ( 'NONE',  ( 20.50000000000001421, -4.999999999999992006, 3.000000000000000000 ) ) ;
#5038 = ORIENTED_EDGE ( 'NONE', *, *, #2424, .F. ) ;
#5039 = ORIENTED_EDGE ( 'NONE', *, *, #903, .T. ) ;
#5040 = EDGE_CURVE ( 'NONE', #342, #2556, #1985, .T. ) ;
#5041 = CARTESIAN_POINT ( 'NONE',  ( 11.00000000000000000, 3.000000000000005329, -5.000000000000000000 ) ) ;
#5042 = DIRECTION ( 'NONE',  ( 1.000000000000000000, 0.000000000000000000, 0.000000000000000000 ) ) ;
#5043 = ORIENTED_EDGE ( 'NONE', *, *, #4991, .T. ) ;
#5044 = DIRECTION ( 'NONE',  ( 8.673617379884035472E-17, 1.641417566239121864E-32, -1.000000000000000000 ) ) ;
#5045 = VECTOR ( 'NONE', #909, 1000.000000000000114 ) ;
#5046 = ORIENTED_EDGE ( 'NONE', *, *, #1448, .F. ) ;
#5047 = ADVANCED_FACE ( 'NONE', ( #2148 ), #4904, .F. ) ;
#5048 = AXIS2_PLACEMENT_3D ( 'NONE', #1134, #718, #4331 ) ;
#5049 = FACE_OUTER_BOUND ( 'NONE', #1779, .T. ) ;
#5050 = DIRECTION ( 'NONE',  ( -0.000000000000000000, -0.000000000000000000, 1.000000000000000000 ) ) ;
#5051 = CARTESIAN_POINT ( 'NONE',  ( -27.50000000000000000, -5.000000000000000888, -4.500000000000007105 ) ) ;
#5052 = AXIS2_PLACEMENT_3D ( 'NONE', #4870, #3690, #1287 ) ;
#5053 = DIRECTION ( 'NONE',  ( 1.000000000000000000, 0.000000000000000000, 0.000000000000000000 ) ) ;
#5054 = AXIS2_PLACEMENT_3D ( 'NONE', #4599, #1007, #2621 ) ;
#5055 = ORIENTED_EDGE ( 'NONE', *, *, #1019, .T. ) ;
#5056 = EDGE_CURVE ( 'NONE', #3681, #3887, #4946, .T. ) ;
#5057 = ADVANCED_FACE ( 'NONE', ( #2903 ), #2170, .T. ) ;
#5058 = AXIS2_PLACEMENT_3D ( 'NONE', #725, #1145, #4313 ) ;
#5059 = DIRECTION ( 'NONE',  ( -1.000000000000000000, -1.892425610156517122E-16, 0.000000000000000000 ) ) ;
#5060 = DIRECTION ( 'NONE',  ( -0.000000000000000000, -0.000000000000000000, -1.000000000000000000 ) ) ;
#5061 = CARTESIAN_POINT ( 'NONE',  ( 20.50000000000001421, -4.999999999999992006, 4.900000000000000355 ) ) ;
#5062 = DIRECTION ( 'NONE',  ( -1.000000000000000000, 0.000000000000000000, 0.000000000000000000 ) ) ;
#5063 = PRODUCT_DEFINITION_CONTEXT ( 'detailed design', #4426, 'design' ) ;
#5064 = ORIENTED_EDGE ( 'NONE', *, *, #2270, .F. ) ;
#5065 = CARTESIAN_POINT ( 'NONE',  ( -0.8317475723130915988, 4.000000000000003553, -7.535111840817296347 ) ) ;
#5066 = CARTESIAN_POINT ( 'NONE',  ( 25.41622186799687100, -11.81769303614650113, -2.649999999999999911 ) ) ;
#5067 = VERTEX_POINT ( 'NONE', #681 ) ;
#5068 = ORIENTED_EDGE ( 'NONE', *, *, #4320, .F. ) ;
#5069 = CIRCLE ( 'NONE', #2389, 2.000000000000000000 ) ;
#5070 = CARTESIAN_POINT ( 'NONE',  ( -2.639553130192962449, -0.2063593022901085428, 2.138300074195964573 ) ) ;
#5071 = DIRECTION ( 'NONE',  ( 0.000000000000000000, -0.000000000000000000, 1.000000000000000000 ) ) ;
#5072 = ORIENTED_EDGE ( 'NONE', *, *, #4098, .T. ) ;
#5073 = CARTESIAN_POINT ( 'NONE',  ( -27.50000000000000000, -4.500000000000000888, 10.00000000000000000 ) ) ;
#5074 = AXIS2_PLACEMENT_3D ( 'NONE', #4082, #3740, #520 ) ;
#5075 = ORIENTED_EDGE ( 'NONE', *, *, #3409, .F. ) ;
#5076 = DIRECTION ( 'NONE',  ( -1.892425610156517122E-16, 1.000000000000000000, 0.000000000000000000 ) ) ;
#5077 = ORIENTED_EDGE ( 'NONE', *, *, #1843, .F. ) ;
#5078 = DIRECTION ( 'NONE',  ( 0.000000000000000000, 0.000000000000000000, 1.000000000000000000 ) ) ;
#5079 = ADVANCED_FACE ( 'NONE', ( #5049 ), #2247, .F. ) ;
#5080 = ORIENTED_EDGE ( 'NONE', *, *, #2841, .F. ) ;
#5081 = FACE_OUTER_BOUND ( 'NONE', #4231, .T. ) ;
#5082 = DIRECTION ( 'NONE',  ( -1.000000000000000000, 0.000000000000000000, 0.000000000000000000 ) ) ;
#5083 = DIRECTION ( 'NONE',  ( -1.000000000000000000, -1.892425610156517122E-16, 0.000000000000000000 ) ) ;
#5084 = EDGE_CURVE ( 'NONE', #1799, #1405, #729, .T. ) ;
#5085 = CARTESIAN_POINT ( 'NONE',  ( 27.50000000000000000, 0.000000000000000000, -10.00000000000000000 ) ) ;
#5086 = ORIENTED_EDGE ( 'NONE', *, *, #1019, .F. ) ;
#5087 = DIRECTION ( 'NONE',  ( -1.652117596168388495E-16, 1.000000000000000000, 0.000000000000000000 ) ) ;
#5088 = CARTESIAN_POINT ( 'NONE',  ( 0.000000000000000000, 0.000000000000000000, 2.600000000000003197 ) ) ;
#5089 = ADVANCED_FACE ( 'NONE', ( #3060 ), #1139, .F. ) ;
#5090 = ORIENTED_EDGE ( 'NONE', *, *, #4293, .F. ) ;
#5091 = ORIENTED_EDGE ( 'NONE', *, *, #4894, .F. ) ;
#5092 = DIRECTION ( 'NONE',  ( -0.000000000000000000, -0.000000000000000000, -1.000000000000000000 ) ) ;
#5093 = ORIENTED_EDGE ( 'NONE', *, *, #2144, .F. ) ;
#5094 = DIRECTION ( 'NONE',  ( -1.000000000000000000, -1.892425610156517122E-16, 0.000000000000000000 ) ) ;
#5095 = EDGE_LOOP ( 'NONE', ( #675, #3751, #2871, #3079 ) ) ;
#5096 = CIRCLE ( 'NONE', #2614, 4.000000000000000888 ) ;
#5097 = ORIENTED_EDGE ( 'NONE', *, *, #2270, .T. ) ;
#5098 = VECTOR ( 'NONE', #367, 1000.000000000000000 ) ;
#5099 = CARTESIAN_POINT ( 'NONE',  ( 6.750000000000002665, -4.999999999999994671, 8.500000000000015987 ) ) ;
#5100 = AXIS2_PLACEMENT_3D ( 'NONE', #179, #2113, #4528 ) ;
#5101 = CARTESIAN_POINT ( 'NONE',  ( -1.808823529411760278, 0.9647058823529487404, 2.600000000000003197 ) ) ;
#5102 = CARTESIAN_POINT ( 'NONE',  ( -12.49444853078622586, -4.499999999999991118, -4.000000000000000000 ) ) ;
#5103 = VERTEX_POINT ( 'NONE', #991 ) ;
#5104 = ORIENTED_EDGE ( 'NONE', *, *, #2111, .F. ) ;
#5105 = VECTOR ( 'NONE', #4046, 1000.000000000000000 ) ;
#5106 = DIRECTION ( 'NONE',  ( 0.1736481776669270838, 0.9848077530122086864, 0.000000000000000000 ) ) ;
#5107 = CARTESIAN_POINT ( 'NONE',  ( -2.449293598294703456E-16, 4.000000000000001776, -8.000000000000000000 ) ) ;
#5108 = DIRECTION ( 'NONE',  ( 1.338146981832763019E-16, -0.7071067811865474617, 0.7071067811865475727 ) ) ;
#5109 = LINE ( 'NONE', #5166, #1273 ) ;
#5110 = ORIENTED_EDGE ( 'NONE', *, *, #4357, .F. ) ;
#5111 = EDGE_CURVE ( 'NONE', #1169, #1998, #4325, .T. ) ;
#5112 = VECTOR ( 'NONE', #4799, 1000.000000000000000 ) ;
#5113 = FACE_OUTER_BOUND ( 'NONE', #1281, .T. ) ;
#5114 = CARTESIAN_POINT ( 'NONE',  ( -11.17157287525382259, 5.000000000000004441, -4.500000000000007105 ) ) ;
#5115 = ORIENTED_EDGE ( 'NONE', *, *, #5145, .T. ) ;
#5116 = ORIENTED_EDGE ( 'NONE', *, *, #70, .F. ) ;
#5117 = EDGE_CURVE ( 'NONE', #1035, #2581, #2064, .T. ) ;
#5118 = EDGE_CURVE ( 'NONE', #724, #2568, #3393, .T. ) ;
#5119 = CARTESIAN_POINT ( 'NONE',  ( -27.50000000000000000, -5.000000000000000888, 9.500000000000000000 ) ) ;
#5120 = DIRECTION ( 'NONE',  ( 0.000000000000000000, 0.000000000000000000, 1.000000000000000000 ) ) ;
#5121 = DIRECTION ( 'NONE',  ( 0.000000000000000000, 0.000000000000000000, -1.000000000000000000 ) ) ;
#5122 = ORIENTED_EDGE ( 'NONE', *, *, #3908, .F. ) ;
#5123 = PRODUCT_CONTEXT ( 'NONE', #4526, 'mechanical' ) ;
#5124 = ORIENTED_EDGE ( 'NONE', *, *, #289, .F. ) ;
#5125 = CARTESIAN_POINT ( 'NONE',  ( 23.06437195485759517, -4.999999999999992006, 2.649999999999999911 ) ) ;
#5126 = CARTESIAN_POINT ( 'NONE',  ( 8.000000000000001776, -4.999999999999993783, -8.500000000000015987 ) ) ;
#5127 = EDGE_LOOP ( 'NONE', ( #4761, #860, #4495, #2863 ) ) ;
#5128 = CONICAL_SURFACE ( 'NONE', #4880, 3.099999999999998757, 0.7853981633974512766 ) ;
#5129 = VERTEX_POINT ( 'NONE', #3417 ) ;
#5130 = CIRCLE ( 'NONE', #1795, 3.600000000000005862 ) ;
#5131 = PLANE ( 'NONE',  #1398 ) ;
#5132 = CYLINDRICAL_SURFACE ( 'NONE', #3211, 5.000000000000000888 ) ;
#5133 = AXIS2_PLACEMENT_3D ( 'NONE', #3241, #2829, #3589 ) ;
#5134 = DIRECTION ( 'NONE',  ( 0.000000000000000000, 0.000000000000000000, 1.000000000000000000 ) ) ;
#5135 = DIRECTION ( 'NONE',  ( 1.000000000000000000, 0.000000000000000000, 0.000000000000000000 ) ) ;
#5136 = VERTEX_POINT ( 'NONE', #5022 ) ;
#5137 = CIRCLE ( 'NONE', #538, 5.000000000000000888 ) ;
#5138 = CIRCLE ( 'NONE', #1128, 3.099999999999998757 ) ;
#5139 = VECTOR ( 'NONE', #1327, 1000.000000000000000 ) ;
#5140 = LINE ( 'NONE', #1557, #2048 ) ;
#5141 = DIRECTION ( 'NONE',  ( -1.000000000000000000, 0.000000000000000000, 0.000000000000000000 ) ) ;
#5142 = CIRCLE ( 'NONE', #385, 2.000000000000000000 ) ;
#5143 = ORIENTED_EDGE ( 'NONE', *, *, #1482, .F. ) ;
#5144 = CARTESIAN_POINT ( 'NONE',  ( 18.00000000000000355, -4.999999999999992006, -3.000000000000000000 ) ) ;
#5145 = EDGE_CURVE ( 'NONE', #3456, #4344, #2231, .T. ) ;
#5146 = ORIENTED_EDGE ( 'NONE', *, *, #1377, .T. ) ;
#5147 = CIRCLE ( 'NONE', #59, 5.000000000000000888 ) ;
#5148 = LINE ( 'NONE', #1535, #177 ) ;
#5149 = VERTEX_POINT ( 'NONE', #3086 ) ;
#5150 = CARTESIAN_POINT ( 'NONE',  ( 27.50000000000000000, 5.000000000000011546, 7.249999999999999112 ) ) ;
#5151 = ADVANCED_FACE ( 'NONE', ( #2684 ), #2897, .F. ) ;
#5152 = AXIS2_PLACEMENT_3D ( 'NONE', #2798, #3955, #815 ) ;
#5153 = ADVANCED_FACE ( 'NONE', ( #4689 ), #732, .F. ) ;
#5154 = ORIENTED_EDGE ( 'NONE', *, *, #358, .T. ) ;
#5155 = AXIS2_PLACEMENT_3D ( 'NONE', #999, #4197, #603 ) ;
#5156 = ORIENTED_EDGE ( 'NONE', *, *, #989, .F. ) ;
#5157 = CARTESIAN_POINT ( 'NONE',  ( -9.499999999999994671, -4.499999999999983125, -6.000000000000000000 ) ) ;
#5158 = EDGE_CURVE ( 'NONE', #4695, #2540, #3310, .T. ) ;
#5159 = CARTESIAN_POINT ( 'NONE',  ( -9.499999999999996447, 4.000000000000001776, -6.000000000000000000 ) ) ;
#5160 = EDGE_LOOP ( 'NONE', ( #1741, #4268, #1937, #2043 ) ) ;
#5161 = AXIS2_PLACEMENT_3D ( 'NONE', #1441, #3032, #1854 ) ;
#5162 = VERTEX_POINT ( 'NONE', #2821 ) ;
#5163 = CARTESIAN_POINT ( 'NONE',  ( -27.50000000000000000, 5.000000000000000888, -7.249999999999994671 ) ) ;
#5164 = CARTESIAN_POINT ( 'NONE',  ( 10.50000000000000178, -2.999999999999994671, 10.00000000000000000 ) ) ;
#5165 = CARTESIAN_POINT ( 'NONE',  ( 11.00000000000000000, 4.000000000000005329, -6.000000000000000000 ) ) ;
#5166 = CARTESIAN_POINT ( 'NONE',  ( 18.00000000000000355, 4.000000000000006217, -4.000000000000000000 ) ) ;
#5167 = EDGE_LOOP ( 'NONE', ( #1299, #3492, #4341, #1351, #3314, #847 ) ) ;
#5168 = FACE_BOUND ( 'NONE', #2106, .T. ) ;
#5169 = DIRECTION ( 'NONE',  ( -0.000000000000000000, -1.000000000000000000, -0.000000000000000000 ) ) ;
#5170 = VERTEX_POINT ( 'NONE', #31 ) ;
#5171 = CYLINDRICAL_SURFACE ( 'NONE', #104, 1.000000000000000000 ) ;
#5172 = VERTEX_POINT ( 'NONE', #2794 ) ;
ENDSEC;
END-ISO-10303-21;
