ISO-10303-21;
HEADER;
FILE_DESCRIPTION (( 'STEP AP214' ),
    '1' );
FILE_NAME ('LQ26-05HGI-01-016.STEP',
    '2026-05-07T08:55:13',
    ( '' ),
    ( '' ),
    'SwSTEP 2.0',
    'SolidWorks 2025',
    '' );
FILE_SCHEMA (( 'AUTOMOTIVE_DESIGN' ));
ENDSEC;

DATA;
#1 = CARTESIAN_POINT ( 'NONE',  ( 13.49999999999999822, -41.54563976419840543, 5.249999999999995559 ) ) ;
#2 = CARTESIAN_POINT ( 'NONE',  ( -13.97424434848894492, 24.17500381000705190, 5.250000000000000000 ) ) ;
#3 = CARTESIAN_POINT ( 'NONE',  ( -27.00000000000000000, -34.86239308998526809, 5.250000000000000000 ) ) ;
#4 = ORIENTED_EDGE ( 'NONE', *, *, #3320, .F. ) ;
#5 = ADVANCED_FACE ( 'NONE', ( #3364 ), #2621, .T. ) ;
#6 = DIRECTION ( 'NONE',  ( 0.7372773368101209757, 0.6755902076156635738, 0.000000000000000000 ) ) ;
#7 = CARTESIAN_POINT ( 'NONE',  ( 13.62092641126075954, 26.14891093192794713, -3.528653823532707179 ) ) ;
#8 = VERTEX_POINT ( 'NONE', #3069 ) ;
#9 = ORIENTED_EDGE ( 'NONE', *, *, #3589, .F. ) ;
#10 = EDGE_CURVE ( 'NONE', #1149, #789, #2728, .T. ) ;
#11 = EDGE_CURVE ( 'NONE', #15, #2630, #112, .T. ) ;
#12 = DIRECTION ( 'NONE',  ( -0.000000000000000000, -0.000000000000000000, -1.000000000000000000 ) ) ;
#13 = CARTESIAN_POINT ( 'NONE',  ( -19.33955556881018012, -28.43451699311991021, 5.250000000000000000 ) ) ;
#14 = FACE_OUTER_BOUND ( 'NONE', #4364, .T. ) ;
#15 = VERTEX_POINT ( 'NONE', #3049 ) ;
#16 = CARTESIAN_POINT ( 'NONE',  ( 14.99999999999999289, -61.22269074732326999, -5.250000000000000000 ) ) ;
#17 = ORIENTED_EDGE ( 'NONE', *, *, #2264, .T. ) ;
#18 = ORIENTED_EDGE ( 'NONE', *, *, #1933, .T. ) ;
#19 = DIRECTION ( 'NONE',  ( -0.000000000000000000, -0.000000000000000000, -1.000000000000000000 ) ) ;
#20 = DIRECTION ( 'NONE',  ( 1.000000000000000000, 0.000000000000000000, -0.000000000000000000 ) ) ;
#21 = DIRECTION ( 'NONE',  ( -0.000000000000000000, -0.000000000000000000, -1.000000000000000000 ) ) ;
#22 = CIRCLE ( 'NONE', #3093, 4.000000000000000000 ) ;
#23 =( GEOMETRIC_REPRESENTATION_CONTEXT ( 3 ) GLOBAL_UNCERTAINTY_ASSIGNED_CONTEXT ( ( #1968 ) ) GLOBAL_UNIT_ASSIGNED_CONTEXT ( ( #1419, #2483, #1106 ) ) REPRESENTATION_CONTEXT ( 'NONE', 'WORKASPACE' ) );
#24 = FACE_OUTER_BOUND ( 'NONE', #1767, .T. ) ;
#25 = CARTESIAN_POINT ( 'NONE',  ( 16.00000000000000000, 16.84999999999999787, -5.250000000000000000 ) ) ;
#26 = AXIS2_PLACEMENT_3D ( 'NONE', #3200, #540, #2880 ) ;
#27 = VECTOR ( 'NONE', #1435, 1000.000000000000114 ) ;
#28 = ORIENTED_EDGE ( 'NONE', *, *, #3226, .T. ) ;
#29 = ORIENTED_EDGE ( 'NONE', *, *, #1701, .F. ) ;
#30 = DIRECTION ( 'NONE',  ( -0.000000000000000000, -0.000000000000000000, -1.000000000000000000 ) ) ;
#31 = AXIS2_PLACEMENT_3D ( 'NONE', #3905, #1163, #1542 ) ;
#32 = CARTESIAN_POINT ( 'NONE',  ( -10.21389155898008738, -33.86502646763126023, -3.750000000000000444 ) ) ;
#33 = PLANE ( 'NONE',  #739 ) ;
#34 = CIRCLE ( 'NONE', #1170, 2.000000000000000000 ) ;
#35 = EDGE_CURVE ( 'NONE', #2436, #15, #2031, .T. ) ;
#36 = ADVANCED_FACE ( 'NONE', ( #1280 ), #1349, .F. ) ;
#37 = ORIENTED_EDGE ( 'NONE', *, *, #1776, .F. ) ;
#38 = CIRCLE ( 'NONE', #2959, 1.999999999999998224 ) ;
#39 = FACE_OUTER_BOUND ( 'NONE', #1329, .T. ) ;
#40 = CARTESIAN_POINT ( 'NONE',  ( 9.999999999999987566, -43.22269074732326999, -5.250000000000000000 ) ) ;
#41 = ORIENTED_EDGE ( 'NONE', *, *, #3567, .T. ) ;
#42 = ORIENTED_EDGE ( 'NONE', *, *, #994, .T. ) ;
#43 = CIRCLE ( 'NONE', #3256, 1.750000000000011990 ) ;
#44 = DIRECTION ( 'NONE',  ( 0.000000000000000000, 0.000000000000000000, -1.000000000000000000 ) ) ;
#45 = FACE_OUTER_BOUND ( 'NONE', #4101, .T. ) ;
#46 = VECTOR ( 'NONE', #2753, 1000.000000000000000 ) ;
#47 = DIRECTION ( 'NONE',  ( 0.000000000000000000, -1.000000000000000000, 0.000000000000000000 ) ) ;
#48 = AXIS2_PLACEMENT_3D ( 'NONE', #3148, #2388, #720 ) ;
#49 = CARTESIAN_POINT ( 'NONE',  ( 27.69625603251205703, -0.2413335026669556349, -4.950000000000019718 ) ) ;
#50 = CARTESIAN_POINT ( 'NONE',  ( -13.00000000000000178, -43.22269074732326999, -5.250000000000000000 ) ) ;
#51 = VECTOR ( 'NONE', #2267, 1000.000000000000000 ) ;
#52 = ORIENTED_EDGE ( 'NONE', *, *, #778, .F. ) ;
#53 = VERTEX_POINT ( 'NONE', #920 ) ;
#54 = DIRECTION ( 'NONE',  ( -0.000000000000000000, -0.000000000000000000, 1.000000000000000000 ) ) ;
#55 = VECTOR ( 'NONE', #2737, 1000.000000000000000 ) ;
#56 = CARTESIAN_POINT ( 'NONE',  ( 9.000000000000001776, -43.22269074732326999, -0.7500000000000002220 ) ) ;
#57 = ORIENTED_EDGE ( 'NONE', *, *, #1645, .T. ) ;
#58 = ADVANCED_FACE ( 'NONE', ( #2274 ), #589, .F. ) ;
#59 = DIRECTION ( 'NONE',  ( -1.000000000000000000, 0.000000000000000000, 0.000000000000000000 ) ) ;
#60 = DIRECTION ( 'NONE',  ( 1.000000000000000000, 2.312964634635743450E-16, 0.000000000000000000 ) ) ;
#61 = EDGE_LOOP ( 'NONE', ( #431, #9, #804, #1082 ) ) ;
#62 = ORIENTED_EDGE ( 'NONE', *, *, #1583, .F. ) ;
#63 = CARTESIAN_POINT ( 'NONE',  ( -22.50000000000000000, 16.84999999999999787, 5.250000000000000000 ) ) ;
#64 = EDGE_CURVE ( 'NONE', #3875, #4117, #2611, .T. ) ;
#65 = CARTESIAN_POINT ( 'NONE',  ( 30.14487539711820929, -26.50000000000000000, -3.750000000000000444 ) ) ;
#66 = ADVANCED_FACE ( 'NONE', ( #1096 ), #1368, .F. ) ;
#67 = CARTESIAN_POINT ( 'NONE',  ( -18.40186894737724899, -13.50000000000000000, -5.250000000000000888 ) ) ;
#68 = CARTESIAN_POINT ( 'NONE',  ( -22.50000000000000000, 16.84999999999999787, 5.250000000000000000 ) ) ;
#69 = DIRECTION ( 'NONE',  ( 1.000000000000000000, 0.000000000000000000, 0.000000000000000000 ) ) ;
#70 = EDGE_LOOP ( 'NONE', ( #286, #3490, #2440, #1835 ) ) ;
#71 = EDGE_LOOP ( 'NONE', ( #2057, #3993, #2447, #17 ) ) ;
#72 = CARTESIAN_POINT ( 'NONE',  ( 35.12416427739169933, -4.178119462962346375, 5.250000000000000000 ) ) ;
#73 = DIRECTION ( 'NONE',  ( -1.000000000000000000, 0.000000000000000000, 0.000000000000000000 ) ) ;
#74 = VERTEX_POINT ( 'NONE', #705 ) ;
#75 = CARTESIAN_POINT ( 'NONE',  ( -38.64487539711820574, 0.000000000000000000, -3.750000000000000888 ) ) ;
#76 = DIRECTION ( 'NONE',  ( -3.083923978207811463E-16, -1.000000000000000000, 0.000000000000000000 ) ) ;
#77 = CARTESIAN_POINT ( 'NONE',  ( -27.69625603251205703, -0.2413335026669556349, -3.750000000000000888 ) ) ;
#78 = ORIENTED_EDGE ( 'NONE', *, *, #167, .F. ) ;
#79 = EDGE_LOOP ( 'NONE', ( #3002, #474, #2864, #485, #3543, #555 ) ) ;
#80 = EDGE_CURVE ( 'NONE', #3307, #3344, #3768, .T. ) ;
#81 = CARTESIAN_POINT ( 'NONE',  ( -9.999999999999987566, -43.22269074732326999, -5.250000000000001776 ) ) ;
#82 = DIRECTION ( 'NONE',  ( -1.000000000000000000, 0.000000000000000000, 0.000000000000000000 ) ) ;
#83 = EDGE_CURVE ( 'NONE', #2033, #2644, #1887, .T. ) ;
#84 = EDGE_CURVE ( 'NONE', #2376, #593, #969, .T. ) ;
#85 = CARTESIAN_POINT ( 'NONE',  ( 13.00000000000000178, -43.22269074732326999, 5.249999999999995559 ) ) ;
#86 = VECTOR ( 'NONE', #4279, 1000.000000000000000 ) ;
#87 = FACE_OUTER_BOUND ( 'NONE', #310, .T. ) ;
#88 = EDGE_LOOP ( 'NONE', ( #620, #3794, #1124, #295 ) ) ;
#89 = CIRCLE ( 'NONE', #2589, 1.600000000000014522 ) ;
#90 = VERTEX_POINT ( 'NONE', #722 ) ;
#91 = DIRECTION ( 'NONE',  ( -1.000000000000000000, 0.000000000000000000, 0.000000000000000000 ) ) ;
#92 = VECTOR ( 'NONE', #2954, 1000.000000000000000 ) ;
#93 = FACE_OUTER_BOUND ( 'NONE', #2643, .T. ) ;
#94 = CARTESIAN_POINT ( 'NONE',  ( -17.00000000000000000, -34.86239308998526809, -5.250000000000000000 ) ) ;
#95 = ORIENTED_EDGE ( 'NONE', *, *, #1201, .T. ) ;
#96 = AXIS2_PLACEMENT_3D ( 'NONE', #3602, #844, #2195 ) ;
#97 = DIRECTION ( 'NONE',  ( 0.000000000000000000, 0.000000000000000000, 1.000000000000000000 ) ) ;
#98 = CIRCLE ( 'NONE', #2599, 8.500000000000000000 ) ;
#99 = CARTESIAN_POINT ( 'NONE',  ( -11.00003302006595085, 23.35000000000005116, -5.250000000000000000 ) ) ;
#100 = VERTEX_POINT ( 'NONE', #1764 ) ;
#101 = VECTOR ( 'NONE', #549, 1000.000000000000000 ) ;
#102 = EDGE_LOOP ( 'NONE', ( #581, #3814 ) ) ;
#103 = FACE_OUTER_BOUND ( 'NONE', #2046, .T. ) ;
#104 = LINE ( 'NONE', #4128, #3117 ) ;
#105 = EDGE_CURVE ( 'NONE', #1340, #3774, #3452, .T. ) ;
#106 = VECTOR ( 'NONE', #3943, 1000.000000000000000 ) ;
#107 = FACE_OUTER_BOUND ( 'NONE', #1263, .T. ) ;
#108 = LINE ( 'NONE', #800, #668 ) ;
#109 = CARTESIAN_POINT ( 'NONE',  ( 13.49999999999999645, -49.70343144573113392, -3.750000000000000444 ) ) ;
#110 = DIRECTION ( 'NONE',  ( 0.000000000000000000, 0.000000000000000000, 1.000000000000000000 ) ) ;
#111 = EDGE_CURVE ( 'NONE', #2212, #4396, #2114, .T. ) ;
#112 = B_SPLINE_CURVE_WITH_KNOTS ( 'NONE', 3,
 ( #3703, #682, #639, #658, #2006, #1008, #3387, #4398, #2977, #4067, #989, #321 ),
 .UNSPECIFIED., .F., .F.,
 ( 4, 2, 2, 2, 2, 4 ),
 ( 0.004757931581539219523, 0.005206170617115720919, 0.005654409652692223183, 0.006550887723845231179, 0.007447365794998240043, 0.008343843866151248040 ),
 .UNSPECIFIED. ) ;
#113 = EDGE_CURVE ( 'NONE', #631, #2993, #743, .T. ) ;
#114 = EDGE_LOOP ( 'NONE', ( #1067, #3936, #500, #2145 ) ) ;
#115 = VERTEX_POINT ( 'NONE', #2774 ) ;
#116 = AXIS2_PLACEMENT_3D ( 'NONE', #2897, #3577, #4247 ) ;
#117 = FACE_OUTER_BOUND ( 'NONE', #2024, .T. ) ;
#118 = ADVANCED_FACE ( 'NONE', ( #3496 ), #4163, .T. ) ;
#119 = VECTOR ( 'NONE', #2043, 1000.000000000000114 ) ;
#120 = CARTESIAN_POINT ( 'NONE',  ( 13.99999999999999822, -5.150057150114454529, -0.7500000000000002220 ) ) ;
#121 = ORIENTED_EDGE ( 'NONE', *, *, #492, .F. ) ;
#122 = VERTEX_POINT ( 'NONE', #2093 ) ;
#123 = AXIS2_PLACEMENT_3D ( 'NONE', #1710, #1039, #1436 ) ;
#124 = CARTESIAN_POINT ( 'NONE',  ( -13.50000000000000000, -38.41542670280266236, -2.082059430659004118 ) ) ;
#125 = DIRECTION ( 'NONE',  ( 0.000000000000000000, 0.000000000000000000, 1.000000000000000000 ) ) ;
#126 = ORIENTED_EDGE ( 'NONE', *, *, #2260, .T. ) ;
#127 = VECTOR ( 'NONE', #458, 1000.000000000000000 ) ;
#128 = ORIENTED_EDGE ( 'NONE', *, *, #3370, .T. ) ;
#129 = DIRECTION ( 'NONE',  ( -0.000000000000000000, -0.000000000000000000, -1.000000000000000000 ) ) ;
#130 = CARTESIAN_POINT ( 'NONE',  ( 18.00000000000000000, -5.150057150114454529, -0.7500000000000002220 ) ) ;
#131 = CARTESIAN_POINT ( 'NONE',  ( -8.000033020065936640, 23.35000000000005116, -2.250000000000001332 ) ) ;
#132 = CYLINDRICAL_SURFACE ( 'NONE', #3669, 3.000000000000012879 ) ;
#133 = DIRECTION ( 'NONE',  ( 0.000000000000000000, 0.000000000000000000, -1.000000000000000000 ) ) ;
#134 = DIRECTION ( 'NONE',  ( 0.000000000000000000, 0.000000000000000000, -1.000000000000000000 ) ) ;
#135 = ORIENTED_EDGE ( 'NONE', *, *, #2900, .F. ) ;
#136 = ORIENTED_EDGE ( 'NONE', *, *, #3198, .F. ) ;
#137 = EDGE_CURVE ( 'NONE', #2200, #2203, #1801, .T. ) ;
#138 = LINE ( 'NONE', #3610, #1162 ) ;
#139 = DIRECTION ( 'NONE',  ( -0.000000000000000000, -0.000000000000000000, -1.000000000000000000 ) ) ;
#140 = SHAPE_DEFINITION_REPRESENTATION ( #4372, #1601 ) ;
#141 = VERTEX_POINT ( 'NONE', #68 ) ;
#142 = ORIENTED_EDGE ( 'NONE', *, *, #3567, .F. ) ;
#143 = EDGE_CURVE ( 'NONE', #2909, #2492, #1532, .T. ) ;
#144 = ADVANCED_FACE ( 'NONE', ( #24 ), #4149, .T. ) ;
#145 = CYLINDRICAL_SURFACE ( 'NONE', #2602, 6.500000000000000888 ) ;
#146 = DIRECTION ( 'NONE',  ( 0.000000000000000000, 0.000000000000000000, -1.000000000000000000 ) ) ;
#147 = CARTESIAN_POINT ( 'NONE',  ( -8.000033020065936640, 23.35000000000005116, -1.249999999999982014 ) ) ;
#148 = ORIENTED_EDGE ( 'NONE', *, *, #1702, .T. ) ;
#149 = DIRECTION ( 'NONE',  ( -0.000000000000000000, -0.000000000000000000, -1.000000000000000000 ) ) ;
#150 = FACE_OUTER_BOUND ( 'NONE', #370, .T. ) ;
#151 = CARTESIAN_POINT ( 'NONE',  ( -13.50000000000000000, -39.25406378072637636, -0.7500000000000002220 ) ) ;
#152 = PLANE ( 'NONE',  #156 ) ;
#153 = DIRECTION ( 'NONE',  ( 1.000000000000000000, 0.000000000000000000, 0.000000000000000000 ) ) ;
#154 = CYLINDRICAL_SURFACE ( 'NONE', #2222, 0.5000000000000004441 ) ;
#155 = EDGE_LOOP ( 'NONE', ( #2560, #1852, #4142, #227 ) ) ;
#156 = AXIS2_PLACEMENT_3D ( 'NONE', #1865, #1181, #4274 ) ;
#157 = CARTESIAN_POINT ( 'NONE',  ( 13.00000000000000178, -43.22269074732326999, -3.750000000000000444 ) ) ;
#158 = CARTESIAN_POINT ( 'NONE',  ( -25.47125603251202719, -0.2413335026669553574, -5.250000000000000000 ) ) ;
#159 = EDGE_CURVE ( 'NONE', #1261, #3540, #1390, .T. ) ;
#160 = ORIENTED_EDGE ( 'NONE', *, *, #3862, .T. ) ;
#161 = EDGE_LOOP ( 'NONE', ( #4096, #940, #2933, #197 ) ) ;
#162 = DIRECTION ( 'NONE',  ( 2.312964634635742957E-16, -1.000000000000000000, 0.000000000000000000 ) ) ;
#163 = AXIS2_PLACEMENT_3D ( 'NONE', #3500, #1784, #91 ) ;
#164 = CARTESIAN_POINT ( 'NONE',  ( -34.14877610183027912, -10.78557521937307051, 5.250000000000000000 ) ) ;
#165 = CARTESIAN_POINT ( 'NONE',  ( -30.14487539711820929, 0.000000000000000000, 5.250000000000000000 ) ) ;
#166 = ADVANCED_FACE ( 'NONE', ( #3475 ), #2414, .T. ) ;
#167 = EDGE_CURVE ( 'NONE', #90, #981, #3831, .T. ) ;
#168 = DIRECTION ( 'NONE',  ( 0.6427876096865349220, -0.7660444431189816772, 0.000000000000000000 ) ) ;
#169 = ORIENTED_EDGE ( 'NONE', *, *, #2127, .T. ) ;
#170 = VECTOR ( 'NONE', #1658, 1000.000000000000000 ) ;
#171 = CARTESIAN_POINT ( 'NONE',  ( -16.00000000000001421, -43.22269074732326999, -5.250000000000001776 ) ) ;
#172 = VECTOR ( 'NONE', #1585, 1000.000000000000000 ) ;
#173 = DIRECTION ( 'NONE',  ( 1.000000000000000000, 0.000000000000000000, 0.000000000000000000 ) ) ;
#174 = ORIENTED_EDGE ( 'NONE', *, *, #2175, .T. ) ;
#175 = CIRCLE ( 'NONE', #4180, 1.900000000000012790 ) ;
#176 = CARTESIAN_POINT ( 'NONE',  ( -8.000000000000000000, 37.74406644123207144, 5.250000000000000000 ) ) ;
#177 = CARTESIAN_POINT ( 'NONE',  ( 13.00000000000000178, -43.22269074732326999, -5.250000000000000000 ) ) ;
#178 = DIRECTION ( 'NONE',  ( -1.000000000000000000, 0.000000000000000000, 0.000000000000000000 ) ) ;
#179 = CARTESIAN_POINT ( 'NONE',  ( 14.75000000000001421, -43.22269074732326999, -2.250000000000001332 ) ) ;
#180 = ORIENTED_EDGE ( 'NONE', *, *, #2434, .F. ) ;
#181 = AXIS2_PLACEMENT_3D ( 'NONE', #1027, #2387, #20 ) ;
#182 = CARTESIAN_POINT ( 'NONE',  ( -13.00000000000000178, -43.22269074732326999, -0.7499999999999997780 ) ) ;
#183 = CARTESIAN_POINT ( 'NONE',  ( -20.39055460398849462, -27.00000000000000355, 5.250000000000000000 ) ) ;
#184 = ORIENTED_EDGE ( 'NONE', *, *, #3985, .F. ) ;
#185 = ORIENTED_EDGE ( 'NONE', *, *, #2460, .F. ) ;
#186 = DIRECTION ( 'NONE',  ( -0.000000000000000000, -0.000000000000000000, -1.000000000000000000 ) ) ;
#187 = AXIS2_PLACEMENT_3D ( 'NONE', #318, #3044, #1006 ) ;
#188 = LINE ( 'NONE', #3050, #1310 ) ;
#189 = DIRECTION ( 'NONE',  ( -0.6755902076156635738, -0.7372773368101209757, 0.000000000000000000 ) ) ;
#190 = PLANE ( 'NONE',  #1088 ) ;
#191 = ORIENTED_EDGE ( 'NONE', *, *, #159, .T. ) ;
#192 = AXIS2_PLACEMENT_3D ( 'NONE', #77, #336, #2444 ) ;
#193 = EDGE_CURVE ( 'NONE', #2245, #2693, #536, .T. ) ;
#194 = CARTESIAN_POINT ( 'NONE',  ( -8.000033020065936640, 23.35000000000005116, -2.250000000000001332 ) ) ;
#195 = CIRCLE ( 'NONE', #982, 3.000000000000000888 ) ;
#196 = CARTESIAN_POINT ( 'NONE',  ( 8.000000000000063949, 23.35000000000005116, -5.250000000000000000 ) ) ;
#197 = ORIENTED_EDGE ( 'NONE', *, *, #2319, .T. ) ;
#198 = ADVANCED_FACE ( 'NONE', ( #2132, #3515 ), #3173, .T. ) ;
#199 = EDGE_CURVE ( 'NONE', #3918, #3668, #3220, .T. ) ;
#200 = DIRECTION ( 'NONE',  ( -1.000000000000000000, 0.000000000000000000, 0.000000000000000000 ) ) ;
#201 = DIRECTION ( 'NONE',  ( -0.000000000000000000, -0.000000000000000000, -1.000000000000000000 ) ) ;
#202 = CARTESIAN_POINT ( 'NONE',  ( 13.49999999999999822, -48.86683823666898263, -2.915885591079891537 ) ) ;
#203 = FACE_OUTER_BOUND ( 'NONE', #1087, .T. ) ;
#204 = ORIENTED_EDGE ( 'NONE', *, *, #2202, .F. ) ;
#205 = VERTEX_POINT ( 'NONE', #2198 ) ;
#206 = DIRECTION ( 'NONE',  ( 0.000000000000000000, 0.000000000000000000, 1.000000000000000000 ) ) ;
#207 = DIRECTION ( 'NONE',  ( -1.000000000000000000, 0.000000000000000000, 0.000000000000000000 ) ) ;
#208 = ORIENTED_EDGE ( 'NONE', *, *, #1792, .T. ) ;
#209 = ORIENTED_EDGE ( 'NONE', *, *, #3145, .T. ) ;
#210 = CARTESIAN_POINT ( 'NONE',  ( 14.99999999999999467, -59.22269074732326999, 5.250000000000000000 ) ) ;
#211 = DIRECTION ( 'NONE',  ( 0.000000000000000000, -0.000000000000000000, -1.000000000000000000 ) ) ;
#212 = CARTESIAN_POINT ( 'NONE',  ( -30.14487539711820929, 0.000000000000000000, 5.250000000000000000 ) ) ;
#213 = ORIENTED_EDGE ( 'NONE', *, *, #367, .T. ) ;
#214 = CARTESIAN_POINT ( 'NONE',  ( -26.00000000000000000, 11.99999999999999822, 5.250000000000000000 ) ) ;
#215 = DIRECTION ( 'NONE',  ( -1.000000000000000000, 0.000000000000000000, 0.000000000000000000 ) ) ;
#216 = EDGE_LOOP ( 'NONE', ( #3138, #695 ) ) ;
#217 = EDGE_CURVE ( 'NONE', #4217, #875, #2965, .T. ) ;
#218 = ORIENTED_EDGE ( 'NONE', *, *, #2951, .T. ) ;
#219 = DIRECTION ( 'NONE',  ( 0.000000000000000000, -1.000000000000000000, 0.000000000000000000 ) ) ;
#220 = LINE ( 'NONE', #3016, #887 ) ;
#221 = DIRECTION ( 'NONE',  ( -0.000000000000000000, -0.000000000000000000, -1.000000000000000000 ) ) ;
#222 = FACE_OUTER_BOUND ( 'NONE', #4235, .T. ) ;
#223 = EDGE_CURVE ( 'NONE', #1770, #2256, #1749, .T. ) ;
#224 = EDGE_CURVE ( 'NONE', #2135, #1728, #1888, .T. ) ;
#225 = ORIENTED_EDGE ( 'NONE', *, *, #1104, .T. ) ;
#226 = AXIS2_PLACEMENT_3D ( 'NONE', #732, #2081, #358 ) ;
#227 = ORIENTED_EDGE ( 'NONE', *, *, #528, .T. ) ;
#228 = DIRECTION ( 'NONE',  ( -0.000000000000000000, -0.000000000000000000, 1.000000000000000000 ) ) ;
#229 = DIRECTION ( 'NONE',  ( -1.000000000000000000, 0.000000000000000000, 0.000000000000000000 ) ) ;
#230 = VERTEX_POINT ( 'NONE', #1536 ) ;
#231 = ORIENTED_EDGE ( 'NONE', *, *, #1719, .F. ) ;
#232 = DIRECTION ( 'NONE',  ( -0.000000000000000000, -0.000000000000000000, 1.000000000000000000 ) ) ;
#233 = VECTOR ( 'NONE', #2878, 1000.000000000000114 ) ;
#234 = DIRECTION ( 'NONE',  ( -0.000000000000000000, -0.000000000000000000, -1.000000000000000000 ) ) ;
#235 = LINE ( 'NONE', #860, #3593 ) ;
#236 = ORIENTED_EDGE ( 'NONE', *, *, #671, .T. ) ;
#237 = VECTOR ( 'NONE', #1482, 1000.000000000000000 ) ;
#238 = DIRECTION ( 'NONE',  ( 1.000000000000000000, 0.000000000000000000, 0.000000000000000000 ) ) ;
#239 = CARTESIAN_POINT ( 'NONE',  ( -18.00000000000000000, -5.150057150114454529, -1.750000000000000222 ) ) ;
#240 = EDGE_LOOP ( 'NONE', ( #2921, #191, #2563, #3565, #3479, #2187 ) ) ;
#241 = AXIS2_PLACEMENT_3D ( 'NONE', #2180, #4252, #1183 ) ;
#242 = CIRCLE ( 'NONE', #4394, 3.000000000000012879 ) ;
#243 = ORIENTED_EDGE ( 'NONE', *, *, #1289, .F. ) ;
#244 = VECTOR ( 'NONE', #799, 1000.000000000000000 ) ;
#245 = CARTESIAN_POINT ( 'NONE',  ( -18.40186894737724543, -26.50000000000000000, -5.250000000000000888 ) ) ;
#246 = DIRECTION ( 'NONE',  ( 0.000000000000000000, 0.000000000000000000, 1.000000000000000000 ) ) ;
#247 = DIRECTION ( 'NONE',  ( -1.000000000000000000, 8.881784197001244435E-16, 0.000000000000000000 ) ) ;
#248 = CIRCLE ( 'NONE', #468, 6.500000000000007105 ) ;
#249 = AXIS2_PLACEMENT_3D ( 'NONE', #1385, #4237, #3739 ) ;
#250 = ORIENTED_EDGE ( 'NONE', *, *, #3233, .T. ) ;
#251 = ADVANCED_FACE ( 'NONE', ( #2905 ), #3922, .F. ) ;
#252 = CARTESIAN_POINT ( 'NONE',  ( -12.00003302006593842, 23.35000000000005116, -1.249999999999981570 ) ) ;
#253 = DIRECTION ( 'NONE',  ( 1.000000000000000000, 0.000000000000000000, -0.000000000000000000 ) ) ;
#254 = DIRECTION ( 'NONE',  ( -1.000000000000000000, 0.000000000000000000, 0.000000000000000000 ) ) ;
#255 = EDGE_LOOP ( 'NONE', ( #2339, #1634, #387, #618, #1693 ) ) ;
#256 = CIRCLE ( 'NONE', #4054, 4.000000000000000000 ) ;
#257 = ORIENTED_EDGE ( 'NONE', *, *, #3451, .T. ) ;
#258 = EDGE_CURVE ( 'NONE', #1149, #2957, #1399, .T. ) ;
#259 = EDGE_CURVE ( 'NONE', #1774, #3518, #1811, .T. ) ;
#260 = DIRECTION ( 'NONE',  ( -1.000000000000000000, 0.000000000000000000, 0.000000000000000000 ) ) ;
#261 = CARTESIAN_POINT ( 'NONE',  ( 8.000000000000063949, 23.35000000000005116, -2.250000000000001332 ) ) ;
#262 = CYLINDRICAL_SURFACE ( 'NONE', #382, 8.500000000000000000 ) ;
#263 = ORIENTED_EDGE ( 'NONE', *, *, #4186, .T. ) ;
#264 = AXIS2_PLACEMENT_3D ( 'NONE', #1072, #3085, #2787 ) ;
#265 = CYLINDRICAL_SURFACE ( 'NONE', #1595, 2.000000000000001776 ) ;
#266 = DIRECTION ( 'NONE',  ( -1.000000000000000000, 0.000000000000000000, 0.000000000000000000 ) ) ;
#267 = ORIENTED_EDGE ( 'NONE', *, *, #3731, .T. ) ;
#268 = VECTOR ( 'NONE', #756, 1000.000000000000000 ) ;
#269 = ORIENTED_EDGE ( 'NONE', *, *, #1053, .F. ) ;
#270 = CARTESIAN_POINT ( 'NONE',  ( 8.000000000000063949, 23.35000000000005116, -0.7500000000000002220 ) ) ;
#271 = CARTESIAN_POINT ( 'NONE',  ( 12.14396120829949055, 23.47131806870226711, -1.393961208299410615 ) ) ;
#272 = LINE ( 'NONE', #3740, #1605 ) ;
#273 = CARTESIAN_POINT ( 'NONE',  ( 30.14487539711820929, 2.220446049250313081E-13, -3.750000000000000888 ) ) ;
#274 = VERTEX_POINT ( 'NONE', #801 ) ;
#275 = ORIENTED_EDGE ( 'NONE', *, *, #3888, .T. ) ;
#276 = CARTESIAN_POINT ( 'NONE',  ( 12.02081026161504340, 24.17500381001384824, -1.354576280985255288 ) ) ;
#277 = CARTESIAN_POINT ( 'NONE',  ( 30.14487539711820929, 2.220446049250313081E-13, 5.250000000000000000 ) ) ;
#278 = EDGE_LOOP ( 'NONE', ( #1918, #2250 ) ) ;
#279 = EDGE_CURVE ( 'NONE', #924, #3743, #401, .T. ) ;
#280 = ORIENTED_EDGE ( 'NONE', *, *, #2181, .T. ) ;
#281 = CARTESIAN_POINT ( 'NONE',  ( -18.00000000000000000, -5.150057150114454529, -1.750000000000000222 ) ) ;
#282 = CARTESIAN_POINT ( 'NONE',  ( -13.00000000000000178, -43.22269074732326999, 5.250000000000000000 ) ) ;
#283 = FACE_BOUND ( 'NONE', #3184, .T. ) ;
#284 = EDGE_CURVE ( 'NONE', #3391, #508, #1182, .T. ) ;
#285 = EDGE_CURVE ( 'NONE', #3707, #1406, #867, .T. ) ;
#286 = ORIENTED_EDGE ( 'NONE', *, *, #1706, .F. ) ;
#287 = DIRECTION ( 'NONE',  ( -1.000000000000000000, 0.000000000000000000, 0.000000000000000000 ) ) ;
#288 = DIRECTION ( 'NONE',  ( -1.000000000000000000, 0.000000000000000000, 0.000000000000000000 ) ) ;
#289 = ORIENTED_EDGE ( 'NONE', *, *, #2072, .F. ) ;
#290 = ORIENTED_EDGE ( 'NONE', *, *, #2027, .F. ) ;
#291 = DIRECTION ( 'NONE',  ( 1.000000000000000000, 3.083923978207811463E-16, -0.000000000000000000 ) ) ;
#292 = PLANE ( 'NONE',  #4323 ) ;
#293 = CARTESIAN_POINT ( 'NONE',  ( -12.77376674029798842, 25.77885060362345726, -2.606088320460766106 ) ) ;
#294 = DIRECTION ( 'NONE',  ( -1.000000000000000000, 0.000000000000000000, 0.000000000000000000 ) ) ;
#295 = ORIENTED_EDGE ( 'NONE', *, *, #4420, .F. ) ;
#296 = CARTESIAN_POINT ( 'NONE',  ( 12.54629351178806118, 22.81879404355315444, -1.826699459269067516 ) ) ;
#297 = CARTESIAN_POINT ( 'NONE',  ( 12.02081026162029431, 24.25437868462710256, -1.370530320945223313 ) ) ;
#298 = ORIENTED_EDGE ( 'NONE', *, *, #2053, .F. ) ;
#299 = ORIENTED_EDGE ( 'NONE', *, *, #4186, .F. ) ;
#300 = CARTESIAN_POINT ( 'NONE',  ( 13.50000000000000000, -38.41542670280266236, -2.082059430659004118 ) ) ;
#301 = PRODUCT_DEFINITION ( '普通', '', #2736, #4355 ) ;
#302 = CARTESIAN_POINT ( 'NONE',  ( -12.00003302006593842, 23.35000000000005116, -0.7500000000000002220 ) ) ;
#303 = CARTESIAN_POINT ( 'NONE',  ( 8.000000000000063949, 23.35000000000005116, -0.7499999999999997780 ) ) ;
#304 = ORIENTED_EDGE ( 'NONE', *, *, #4325, .T. ) ;
#305 = AXIS2_PLACEMENT_3D ( 'NONE', #538, #2247, #1535 ) ;
#306 = EDGE_CURVE ( 'NONE', #3802, #274, #3830, .T. ) ;
#307 = DIRECTION ( 'NONE',  ( 1.000000000000000000, 0.000000000000000000, 0.000000000000000000 ) ) ;
#308 = EDGE_CURVE ( 'NONE', #3367, #53, #1914, .T. ) ;
#309 = LINE ( 'NONE', #1978, #3914 ) ;
#310 = EDGE_LOOP ( 'NONE', ( #2349, #3215, #3144, #4048 ) ) ;
#311 = AXIS2_PLACEMENT_3D ( 'NONE', #723, #744, #446 ) ;
#312 = ORIENTED_EDGE ( 'NONE', *, *, #346, .T. ) ;
#313 = CARTESIAN_POINT ( 'NONE',  ( -32.61668721559231443, -11.50000000000000000, 5.250000000000000000 ) ) ;
#314 = DIRECTION ( 'NONE',  ( -1.000000000000000000, 0.000000000000000000, 0.000000000000000000 ) ) ;
#315 = EDGE_CURVE ( 'NONE', #1018, #4139, #1559, .T. ) ;
#316 = CARTESIAN_POINT ( 'NONE',  ( 18.00000000000000000, -5.150057150114454529, -2.050000000000000266 ) ) ;
#317 = AXIS2_PLACEMENT_3D ( 'NONE', #1013, #2371, #688 ) ;
#318 = CARTESIAN_POINT ( 'NONE',  ( -13.00000000000000178, -43.22269074732326999, -0.7500000000000002220 ) ) ;
#319 = ORIENTED_EDGE ( 'NONE', *, *, #1926, .F. ) ;
#320 = CIRCLE ( 'NONE', #455, 2.224999999999990763 ) ;
#321 = CARTESIAN_POINT ( 'NONE',  ( -14.40125395459100233, 22.22111978164288715, -3.750000000000000444 ) ) ;
#322 = AXIS2_PLACEMENT_3D ( 'NONE', #2514, #3937, #3529 ) ;
#323 = CARTESIAN_POINT ( 'NONE',  ( 12.32504886227897245, 25.24239368915231552, -1.970538329308332282 ) ) ;
#324 = CIRCLE ( 'NONE', #2530, 3.000000000000012879 ) ;
#325 = ORIENTED_EDGE ( 'NONE', *, *, #193, .T. ) ;
#326 = ORIENTED_EDGE ( 'NONE', *, *, #2125, .T. ) ;
#327 = VECTOR ( 'NONE', #2259, 1000.000000000000000 ) ;
#328 = DIRECTION ( 'NONE',  ( 1.000000000000000000, 0.000000000000000000, 0.000000000000000000 ) ) ;
#329 = CLOSED_SHELL ( 'NONE', ( #2869, #2052, #251, #4166, #2627, #644, #1421, #1016, #2740, #3263, #1262, #2982, #3376, #1855, #1502, #2601, #4192, #3644, #4034, #1230, #1324, #4365, #1317, #3097, #3790, #2820, #4193, #3786, #2346, #2714, #3483, #1398, #1796, #3436, #4363, #1477, #638, #3841, #2739, #36, #3119, #3009, #1367, #2120, #3675, #3924, #4121, #3126, #339, #4097, #2201, #2287, #4389, #4272, #1471, #577, #3072, #2572, #3512, #3038, #964, #118, #4382, #144, #1695, #3840, #1995, #3895, #3620, #4300, #1044, #988, #1073, #3288, #3433, #2012, #2543, #3378, #5, #1268, #772, #2628, #870, #2789, #1672, #58, #1450, #3484, #2989, #3139, #2152, #4331, #3478, #3071, #795, #2960, #166, #4210, #3732, #198, #529, #699, #1291, #721, #1521, #1551, #583, #1224, #2593, #2325, #4144, #66, #3619, #4070, #1578, #993, #3510, #4010, #1584, #853, #1615, #928, #1427, #2568, #3625, #3942, #767, #437, #1902, #582, #3351, #3753, #877, #3232 ) ) ;
#330 = CARTESIAN_POINT ( 'NONE',  ( 33.25655778422098052, -11.07101769133210922, 5.250000000000000000 ) ) ;
#331 = AXIS2_PLACEMENT_3D ( 'NONE', #1225, #1866, #565 ) ;
#332 = PLANE ( 'NONE',  #1093 ) ;
#333 = VERTEX_POINT ( 'NONE', #1472 ) ;
#334 = CIRCLE ( 'NONE', #3981, 4.000000000000000888 ) ;
#335 = LINE ( 'NONE', #503, #2470 ) ;
#336 = DIRECTION ( 'NONE',  ( 0.000000000000000000, 0.000000000000000000, 1.000000000000000000 ) ) ;
#337 = ORIENTED_EDGE ( 'NONE', *, *, #1706, .T. ) ;
#338 = ORIENTED_EDGE ( 'NONE', *, *, #3948, .F. ) ;
#339 = ADVANCED_FACE ( 'NONE', ( #2836 ), #2497, .T. ) ;
#340 = DIRECTION ( 'NONE',  ( -0.000000000000000000, -0.000000000000000000, -1.000000000000000000 ) ) ;
#341 = FACE_OUTER_BOUND ( 'NONE', #255, .T. ) ;
#342 = CARTESIAN_POINT ( 'NONE',  ( -27.00000000000000000, -34.86239308998526809, 5.250000000000000000 ) ) ;
#343 = CIRCLE ( 'NONE', #3481, 3.000000000000012879 ) ;
#344 = DIRECTION ( 'NONE',  ( -0.000000000000000000, -0.000000000000000000, -1.000000000000000000 ) ) ;
#345 = EDGE_CURVE ( 'NONE', #1999, #454, #469, .T. ) ;
#346 = EDGE_CURVE ( 'NONE', #2606, #726, #43, .T. ) ;
#347 = ORIENTED_EDGE ( 'NONE', *, *, #1053, .T. ) ;
#348 = AXIS2_PLACEMENT_3D ( 'NONE', #2558, #2509, #2826 ) ;
#349 = CARTESIAN_POINT ( 'NONE',  ( 12.19889678577277259, 23.35000000000005116, -1.448896785772688878 ) ) ;
#350 = DIRECTION ( 'NONE',  ( -1.000000000000000000, 0.000000000000000000, 0.000000000000000000 ) ) ;
#351 = VECTOR ( 'NONE', #2759, 1000.000000000000114 ) ;
#352 = ORIENTED_EDGE ( 'NONE', *, *, #3432, .T. ) ;
#353 = ORIENTED_EDGE ( 'NONE', *, *, #4041, .T. ) ;
#354 = CARTESIAN_POINT ( 'NONE',  ( 30.95842445486404060, -9.142654862272506122, 5.250000000000000000 ) ) ;
#355 = CYLINDRICAL_SURFACE ( 'NONE', #123, 2.000000000000000000 ) ;
#356 = DIRECTION ( 'NONE',  ( 1.000000000000000000, 0.000000000000000000, 0.000000000000000000 ) ) ;
#357 = ORIENTED_EDGE ( 'NONE', *, *, #3451, .F. ) ;
#358 = DIRECTION ( 'NONE',  ( -1.000000000000000000, 8.881784197001244435E-16, 0.000000000000000000 ) ) ;
#359 = CARTESIAN_POINT ( 'NONE',  ( -16.40186894737724899, -11.50000000000000000, -28.03232820709284212 ) ) ;
#360 = ORIENTED_EDGE ( 'NONE', *, *, #963, .T. ) ;
#361 = ORIENTED_EDGE ( 'NONE', *, *, #3590, .T. ) ;
#362 = DIRECTION ( 'NONE',  ( -0.000000000000000000, -0.000000000000000000, -1.000000000000000000 ) ) ;
#363 = DIRECTION ( 'NONE',  ( -1.000000000000000000, 0.000000000000000000, 0.000000000000000000 ) ) ;
#364 = DIRECTION ( 'NONE',  ( -0.000000000000000000, -0.000000000000000000, -1.000000000000000000 ) ) ;
#365 = DIRECTION ( 'NONE',  ( -1.000000000000000000, 0.000000000000000000, 0.000000000000000000 ) ) ;
#366 = DIRECTION ( 'NONE',  ( -1.000000000000000000, 0.000000000000000000, 0.000000000000000000 ) ) ;
#367 = EDGE_CURVE ( 'NONE', #835, #3447, #2389, .T. ) ;
#368 = EDGE_CURVE ( 'NONE', #333, #1562, #1845, .T. ) ;
#369 = ORIENTED_EDGE ( 'NONE', *, *, #159, .F. ) ;
#370 = EDGE_LOOP ( 'NONE', ( #290, #2335, #4191, #945, #3975, #2913, #817 ) ) ;
#371 = CARTESIAN_POINT ( 'NONE',  ( 13.50000000000000000, -37.57854325797755024, -2.915885591079891537 ) ) ;
#372 = LINE ( 'NONE', #32, #351 ) ;
#373 = FACE_BOUND ( 'NONE', #1512, .T. ) ;
#374 = EDGE_LOOP ( 'NONE', ( #2784, #1986, #347, #2422 ) ) ;
#375 = DIRECTION ( 'NONE',  ( -0.000000000000000000, -0.000000000000000000, -1.000000000000000000 ) ) ;
#376 = CARTESIAN_POINT ( 'NONE',  ( -27.69625603251205703, -0.2413335026669556349, -4.949999999999961986 ) ) ;
#377 = VERTEX_POINT ( 'NONE', #2638 ) ;
#378 = VERTEX_POINT ( 'NONE', #1297 ) ;
#379 = CYLINDRICAL_SURFACE ( 'NONE', #4118, 2.000000000000000000 ) ;
#380 = LINE ( 'NONE', #2089, #619 ) ;
#381 = CARTESIAN_POINT ( 'NONE',  ( -19.89055460398849107, -27.00000000000000355, 5.250000000000000000 ) ) ;
#382 = AXIS2_PLACEMENT_3D ( 'NONE', #212, #3302, #624 ) ;
#383 = CARTESIAN_POINT ( 'NONE',  ( 13.00000000000000178, -43.22269074732326999, -5.250000000000001776 ) ) ;
#384 = DIRECTION ( 'NONE',  ( 2.312964634635742464E-16, -1.000000000000000000, 0.000000000000000000 ) ) ;
#385 = CIRCLE ( 'NONE', #3390, 1.999999999999998224 ) ;
#386 = ORIENTED_EDGE ( 'NONE', *, *, #315, .F. ) ;
#387 = ORIENTED_EDGE ( 'NONE', *, *, #1148, .F. ) ;
#388 = EDGE_CURVE ( 'NONE', #480, #3918, #2167, .T. ) ;
#389 = CARTESIAN_POINT ( 'NONE',  ( -20.39133634950181673, 21.64230268926578660, 5.250000000000000000 ) ) ;
#390 = AXIS2_PLACEMENT_3D ( 'NONE', #490, #3869, #1864 ) ;
#391 = CARTESIAN_POINT ( 'NONE',  ( 18.00000000000000000, -5.150057150114454529, -0.7500000000000002220 ) ) ;
#392 = CARTESIAN_POINT ( 'NONE',  ( -13.00000000000000178, -43.22269074732326999, -2.250000000000001332 ) ) ;
#393 = ORIENTED_EDGE ( 'NONE', *, *, #3947, .T. ) ;
#394 = CIRCLE ( 'NONE', #2677, 2.000000000000001776 ) ;
#395 = EDGE_CURVE ( 'NONE', #2569, #1261, #2225, .T. ) ;
#396 = EDGE_CURVE ( 'NONE', #3455, #535, #1330, .T. ) ;
#397 = DIRECTION ( 'NONE',  ( 0.000000000000000000, 0.000000000000000000, -1.000000000000000000 ) ) ;
#398 = DIRECTION ( 'NONE',  ( -0.000000000000000000, -0.000000000000000000, -1.000000000000000000 ) ) ;
#399 = ORIENTED_EDGE ( 'NONE', *, *, #724, .T. ) ;
#400 = ORIENTED_EDGE ( 'NONE', *, *, #3098, .T. ) ;
#401 = CIRCLE ( 'NONE', #2459, 4.000000000000000000 ) ;
#402 = CARTESIAN_POINT ( 'NONE',  ( 16.02081026162005628, 24.17500381000705190, -3.750000000000000888 ) ) ;
#403 = CARTESIAN_POINT ( 'NONE',  ( 16.09999999999998721, -5.150057150114454529, -2.050000000000000266 ) ) ;
#404 = DIRECTION ( 'NONE',  ( 0.000000000000000000, 0.000000000000000000, -1.000000000000000000 ) ) ;
#405 = AXIS2_PLACEMENT_3D ( 'NONE', #130, #863, #3891 ) ;
#406 = DIRECTION ( 'NONE',  ( 1.000000000000000000, 3.083923978207811463E-16, -0.000000000000000000 ) ) ;
#407 = CARTESIAN_POINT ( 'NONE',  ( -26.00000000000000000, 9.999999999999998224, 5.250000000000000000 ) ) ;
#408 = CIRCLE ( 'NONE', #2907, 8.500000000000000000 ) ;
#409 = VERTEX_POINT ( 'NONE', #3310 ) ;
#410 = ORIENTED_EDGE ( 'NONE', *, *, #3953, .T. ) ;
#411 = CYLINDRICAL_SURFACE ( 'NONE', #163, 1.924999999999999600 ) ;
#412 = COLOUR_RGB ( '',0.7921568627450980005, 0.8196078431372548767, 0.9333333333333333481 ) ;
#413 = CYLINDRICAL_SURFACE ( 'NONE', #4268, 13.50000000000000000 ) ;
#414 = EDGE_CURVE ( 'NONE', #3036, #449, #3690, .T. ) ;
#415 = VERTEX_POINT ( 'NONE', #1603 ) ;
#416 = DIRECTION ( 'NONE',  ( -1.000000000000000000, 3.083923978207811463E-16, 0.000000000000000000 ) ) ;
#417 = DIRECTION ( 'NONE',  ( 0.7660444431189817882, 0.6427876096865350330, -0.000000000000000000 ) ) ;
#418 = EDGE_CURVE ( 'NONE', #3971, #3723, #4417, .T. ) ;
#419 = ORIENTED_EDGE ( 'NONE', *, *, #3533, .F. ) ;
#420 = EDGE_CURVE ( 'NONE', #965, #835, #2972, .T. ) ;
#421 = ORIENTED_EDGE ( 'NONE', *, *, #773, .F. ) ;
#422 = DIRECTION ( 'NONE',  ( -0.000000000000000000, -0.000000000000000000, -1.000000000000000000 ) ) ;
#423 = DIRECTION ( 'NONE',  ( 1.000000000000000000, 0.000000000000000000, 0.000000000000000000 ) ) ;
#424 = B_SPLINE_CURVE_WITH_KNOTS ( 'NONE', 3,
 ( #2706, #2945, #3720, #2616, #4083, #2363 ),
 .UNSPECIFIED., .F., .F.,
 ( 4, 2, 4 ),
 ( 0.003900598644972027955, 0.004329265113255624173, 0.004757931581539219523 ),
 .UNSPECIFIED. ) ;
#425 = CARTESIAN_POINT ( 'NONE',  ( 12.02081026162005628, 24.17500381000705190, 5.250000000000000000 ) ) ;
#426 = DIRECTION ( 'NONE',  ( 0.000000000000000000, 0.000000000000000000, 1.000000000000000000 ) ) ;
#427 = ORIENTED_EDGE ( 'NONE', *, *, #1751, .T. ) ;
#428 = ORIENTED_EDGE ( 'NONE', *, *, #748, .F. ) ;
#429 = DIRECTION ( 'NONE',  ( -0.000000000000000000, -0.000000000000000000, -1.000000000000000000 ) ) ;
#430 = APPLICATION_PROTOCOL_DEFINITION ( 'draft international standard', 'automotive_design', 1998, #1347 ) ;
#431 = ORIENTED_EDGE ( 'NONE', *, *, #2845, .F. ) ;
#432 = EDGE_CURVE ( 'NONE', #955, #3025, #2684, .T. ) ;
#433 = CARTESIAN_POINT ( 'NONE',  ( 26.00000000000000000, 8.499999999999998224, 5.250000000000000000 ) ) ;
#434 = CARTESIAN_POINT ( 'NONE',  ( -8.000033020065936640, 23.35000000000005116, -5.250000000000001776 ) ) ;
#435 = VERTEX_POINT ( 'NONE', #2343 ) ;
#436 = ORIENTED_EDGE ( 'NONE', *, *, #346, .F. ) ;
#437 = ADVANCED_FACE ( 'NONE', ( #1344, #4061 ), #2003, .T. ) ;
#438 = EDGE_CURVE ( 'NONE', #1261, #15, #424, .T. ) ;
#439 = CARTESIAN_POINT ( 'NONE',  ( -13.00000000000000178, -43.22269074732326999, -0.7500000000000002220 ) ) ;
#440 = CARTESIAN_POINT ( 'NONE',  ( 8.000000000000063949, 23.35000000000005116, -2.250000000000001332 ) ) ;
#441 = EDGE_CURVE ( 'NONE', #864, #3324, #272, .T. ) ;
#442 = CARTESIAN_POINT ( 'NONE',  ( 28.00000000000000000, 9.999999999999998224, -5.250000000000000000 ) ) ;
#443 = CARTESIAN_POINT ( 'NONE',  ( 19.60000000000001208, -5.150057150114454529, -2.050000000000000266 ) ) ;
#444 = CARTESIAN_POINT ( 'NONE',  ( 26.00000000000000355, 21.25010530891830030, 5.250000000000000000 ) ) ;
#445 = VECTOR ( 'NONE', #2936, 1000.000000000000000 ) ;
#446 = DIRECTION ( 'NONE',  ( -1.000000000000000000, 0.000000000000000000, 0.000000000000000000 ) ) ;
#447 = ORIENTED_EDGE ( 'NONE', *, *, #1352, .F. ) ;
#448 = CIRCLE ( 'NONE', #1023, 1.750000000000011990 ) ;
#449 = VERTEX_POINT ( 'NONE', #1628 ) ;
#450 = CARTESIAN_POINT ( 'NONE',  ( 8.000000000000063949, 23.35000000000005116, -0.7500000000000002220 ) ) ;
#451 = VECTOR ( 'NONE', #3699, 1000.000000000000114 ) ;
#452 = CIRCLE ( 'NONE', #678, 10.00000000000000000 ) ;
#453 = CARTESIAN_POINT ( 'NONE',  ( 13.00000000000000178, -43.22269074732326999, 5.249999999999995559 ) ) ;
#454 = VERTEX_POINT ( 'NONE', #676 ) ;
#455 = AXIS2_PLACEMENT_3D ( 'NONE', #4273, #1295, #1955 ) ;
#456 = DIRECTION ( 'NONE',  ( 0.6427876096865349220, -0.7660444431189816772, 0.000000000000000000 ) ) ;
#457 = VECTOR ( 'NONE', #3284, 1000.000000000000000 ) ;
#458 = DIRECTION ( 'NONE',  ( -0.000000000000000000, -0.000000000000000000, -1.000000000000000000 ) ) ;
#459 = VERTEX_POINT ( 'NONE', #585 ) ;
#460 = CONICAL_SURFACE ( 'NONE', #3032, 1.924999999999999600, 0.7853981633974645993 ) ;
#461 = ORIENTED_EDGE ( 'NONE', *, *, #557, .F. ) ;
#462 = CARTESIAN_POINT ( 'NONE',  ( 8.000000000000063949, 23.35000000000005116, -3.750000000000000444 ) ) ;
#463 = LINE ( 'NONE', #1818, #1049 ) ;
#464 = EDGE_CURVE ( 'NONE', #734, #122, #4320, .T. ) ;
#465 = VECTOR ( 'NONE', #1930, 1000.000000000000000 ) ;
#466 = CARTESIAN_POINT ( 'NONE',  ( 5.000000000000051514, 23.35000000000005116, -2.250000000000001332 ) ) ;
#467 = CARTESIAN_POINT ( 'NONE',  ( 30.95842445486404060, -9.142654862272507899, -3.750000000000000444 ) ) ;
#468 = AXIS2_PLACEMENT_3D ( 'NONE', #462, #841, #4244 ) ;
#469 = LINE ( 'NONE', #3199, #2818 ) ;
#470 = CYLINDRICAL_SURFACE ( 'NONE', #1028, 2.999999999999999112 ) ;
#471 = EDGE_CURVE ( 'NONE', #734, #4089, #1277, .T. ) ;
#472 = EDGE_CURVE ( 'NONE', #3403, #542, #2607, .T. ) ;
#473 = ORIENTED_EDGE ( 'NONE', *, *, #2068, .T. ) ;
#474 = ORIENTED_EDGE ( 'NONE', *, *, #3919, .T. ) ;
#475 = CIRCLE ( 'NONE', #2973, 1.999999999999998224 ) ;
#476 = EDGE_LOOP ( 'NONE', ( #3020, #1458, #2805, #674 ) ) ;
#477 = DIRECTION ( 'NONE',  ( -1.000000000000000000, 0.000000000000000000, 0.000000000000000000 ) ) ;
#478 = AXIS2_PLACEMENT_3D ( 'NONE', #3665, #1313, #2311 ) ;
#479 = LINE ( 'NONE', #4213, #3424 ) ;
#480 = VERTEX_POINT ( 'NONE', #403 ) ;
#481 = AXIS2_PLACEMENT_3D ( 'NONE', #1375, #2354, #1726 ) ;
#482 = DIRECTION ( 'NONE',  ( -0.000000000000000000, -0.000000000000000000, -1.000000000000000000 ) ) ;
#483 = DIRECTION ( 'NONE',  ( 0.000000000000000000, -0.000000000000000000, -1.000000000000000000 ) ) ;
#484 = DIRECTION ( 'NONE',  ( 1.000000000000000000, 0.000000000000000000, 0.000000000000000000 ) ) ;
#485 = ORIENTED_EDGE ( 'NONE', *, *, #610, .F. ) ;
#486 = AXIS2_PLACEMENT_3D ( 'NONE', #2482, #3520, #1833 ) ;
#487 = ORIENTED_EDGE ( 'NONE', *, *, #2104, .F. ) ;
#488 = CARTESIAN_POINT ( 'NONE',  ( 18.00000000000000000, -5.150057150114454529, -5.250000000000000000 ) ) ;
#489 = DIRECTION ( 'NONE',  ( -0.7071067811865457964, 0.000000000000000000, -0.7071067811865492381 ) ) ;
#490 = CARTESIAN_POINT ( 'NONE',  ( 13.00000000000000178, -43.22269074732326999, -0.7500000000000002220 ) ) ;
#491 = CARTESIAN_POINT ( 'NONE',  ( -18.00000000000000000, -5.150057150114454529, -3.250000000000007550 ) ) ;
#492 = EDGE_CURVE ( 'NONE', #576, #4122, #1108, .T. ) ;
#493 = DIRECTION ( 'NONE',  ( -1.000000000000000000, 0.000000000000000000, 0.000000000000000000 ) ) ;
#494 = CARTESIAN_POINT ( 'NONE',  ( -18.00000000000000000, -5.150057150114454529, -5.250000000000000000 ) ) ;
#495 = ORIENTED_EDGE ( 'NONE', *, *, #2230, .F. ) ;
#496 = EDGE_CURVE ( 'NONE', #1371, #3062, #2536, .T. ) ;
#497 = EDGE_CURVE ( 'NONE', #648, #2229, #3147, .T. ) ;
#498 = LINE ( 'NONE', #2184, #2950 ) ;
#499 = DIRECTION ( 'NONE',  ( -0.000000000000000000, -0.000000000000000000, -1.000000000000000000 ) ) ;
#500 = ORIENTED_EDGE ( 'NONE', *, *, #1527, .F. ) ;
#501 = ORIENTED_EDGE ( 'NONE', *, *, #3807, .F. ) ;
#502 = DIRECTION ( 'NONE',  ( -1.000000000000000000, 0.000000000000000000, 0.000000000000000000 ) ) ;
#503 = CARTESIAN_POINT ( 'NONE',  ( -28.98037701923936993, -11.50000000000000000, 5.250000000000000000 ) ) ;
#504 = DIRECTION ( 'NONE',  ( -0.000000000000000000, -0.000000000000000000, -1.000000000000000000 ) ) ;
#505 = VERTEX_POINT ( 'NONE', #3084 ) ;
#506 = CARTESIAN_POINT ( 'NONE',  ( -8.000033020065936640, 23.35000000000005116, -2.250000000000001332 ) ) ;
#507 = DIRECTION ( 'NONE',  ( 0.000000000000000000, 0.000000000000000000, 1.000000000000000000 ) ) ;
#508 = VERTEX_POINT ( 'NONE', #760 ) ;
#509 = DIRECTION ( 'NONE',  ( -0.000000000000000000, -0.000000000000000000, -1.000000000000000000 ) ) ;
#510 = FACE_OUTER_BOUND ( 'NONE', #717, .T. ) ;
#511 = CARTESIAN_POINT ( 'NONE',  ( 18.00000000000000000, -5.150057150114454529, -0.7499999999999997780 ) ) ;
#512 = DIRECTION ( 'NONE',  ( -1.000000000000000000, 0.000000000000000000, 0.000000000000000000 ) ) ;
#513 = VERTEX_POINT ( 'NONE', #4147 ) ;
#514 = AXIS2_PLACEMENT_3D ( 'NONE', #491, #2917, #2647 ) ;
#515 = DIRECTION ( 'NONE',  ( 0.000000000000000000, 0.000000000000000000, 1.000000000000000000 ) ) ;
#516 = DIRECTION ( 'NONE',  ( -0.000000000000000000, -0.000000000000000000, -1.000000000000000000 ) ) ;
#517 = CIRCLE ( 'NONE', #1235, 3.000000000000012879 ) ;
#518 = EDGE_LOOP ( 'NONE', ( #3423, #2008 ) ) ;
#519 = EDGE_CURVE ( 'NONE', #753, #1010, #1777, .T. ) ;
#520 = VERTEX_POINT ( 'NONE', #81 ) ;
#521 = DIRECTION ( 'NONE',  ( -0.000000000000000000, -0.000000000000000000, -1.000000000000000000 ) ) ;
#522 = VECTOR ( 'NONE', #640, 1000.000000000000000 ) ;
#523 = FACE_OUTER_BOUND ( 'NONE', #746, .T. ) ;
#524 = AXIS2_PLACEMENT_3D ( 'NONE', #1038, #2396, #1284 ) ;
#525 = CARTESIAN_POINT ( 'NONE',  ( -13.49999999999999645, -47.19131771392015651, -1.249999999999982458 ) ) ;
#526 = CARTESIAN_POINT ( 'NONE',  ( 13.49999999999999645, -34.86239308998526809, 5.250000000000000000 ) ) ;
#527 = LINE ( 'NONE', #3259, #1509 ) ;
#528 = EDGE_CURVE ( 'NONE', #3743, #924, #256, .T. ) ;
#529 = ADVANCED_FACE ( 'NONE', ( #45 ), #3065, .T. ) ;
#530 = ORIENTED_EDGE ( 'NONE', *, *, #1994, .F. ) ;
#531 = VECTOR ( 'NONE', #943, 1000.000000000000000 ) ;
#532 = DIRECTION ( 'NONE',  ( -1.000000000000000000, 0.000000000000000000, 0.000000000000000000 ) ) ;
#533 = AXIS2_PLACEMENT_3D ( 'NONE', #1574, #4317, #3140 ) ;
#534 = DIRECTION ( 'NONE',  ( -0.000000000000000000, -0.000000000000000000, -1.000000000000000000 ) ) ;
#535 = VERTEX_POINT ( 'NONE', #1411 ) ;
#536 = CIRCLE ( 'NONE', #4410, 1.999999999999998224 ) ;
#537 = CARTESIAN_POINT ( 'NONE',  ( -13.00000000000000178, -43.22269074732326999, -2.250000000000001332 ) ) ;
#538 = CARTESIAN_POINT ( 'NONE',  ( -25.55051025721682123, 11.49999999999999822, 5.250000000000000000 ) ) ;
#539 = DIRECTION ( 'NONE',  ( -1.000000000000000000, 0.000000000000000000, 0.000000000000000000 ) ) ;
#540 = DIRECTION ( 'NONE',  ( -0.000000000000000000, -0.000000000000000000, -1.000000000000000000 ) ) ;
#541 = AXIS2_PLACEMENT_3D ( 'NONE', #826, #1823, #1204 ) ;
#542 = VERTEX_POINT ( 'NONE', #719 ) ;
#543 = AXIS2_PLACEMENT_3D ( 'NONE', #4188, #406, #1780 ) ;
#544 = VECTOR ( 'NONE', #655, 1000.000000000000000 ) ;
#545 = VERTEX_POINT ( 'NONE', #3848 ) ;
#546 = PLANE ( 'NONE',  #2080 ) ;
#547 = CYLINDRICAL_SURFACE ( 'NONE', #3890, 1.924999999999999600 ) ;
#548 = ORIENTED_EDGE ( 'NONE', *, *, #692, .F. ) ;
#549 = DIRECTION ( 'NONE',  ( 3.083923978207811463E-16, -1.000000000000000000, 0.000000000000000000 ) ) ;
#550 = CIRCLE ( 'NONE', #903, 9.999999999999998224 ) ;
#551 = EDGE_CURVE ( 'NONE', #3847, #3303, #1089, .T. ) ;
#552 = CIRCLE ( 'NONE', #3868, 13.50000000000000000 ) ;
#553 = DIRECTION ( 'NONE',  ( -1.000000000000000000, 0.000000000000000000, 0.000000000000000000 ) ) ;
#554 = CARTESIAN_POINT ( 'NONE',  ( -8.000000000000000000, 37.74406644123207144, -5.250000000000000000 ) ) ;
#555 = ORIENTED_EDGE ( 'NONE', *, *, #1795, .T. ) ;
#556 = AXIS2_PLACEMENT_3D ( 'NONE', #2892, #189, #839 ) ;
#557 = EDGE_CURVE ( 'NONE', #2207, #3367, #380, .T. ) ;
#558 = LINE ( 'NONE', #214, #2958 ) ;
#559 = EDGE_CURVE ( 'NONE', #1358, #981, #3977, .T. ) ;
#560 = CARTESIAN_POINT ( 'NONE',  ( 30.14487539711820929, -57.72269074732326288, 5.250000000000000000 ) ) ;
#561 = ORIENTED_EDGE ( 'NONE', *, *, #3888, .F. ) ;
#562 = ORIENTED_EDGE ( 'NONE', *, *, #2732, .T. ) ;
#563 = FACE_OUTER_BOUND ( 'NONE', #3162, .T. ) ;
#564 = DIRECTION ( 'NONE',  ( -0.000000000000000000, -0.000000000000000000, -1.000000000000000000 ) ) ;
#565 = DIRECTION ( 'NONE',  ( 1.000000000000000000, 0.000000000000000000, -0.000000000000000000 ) ) ;
#566 = CARTESIAN_POINT ( 'NONE',  ( 12.00000000000006573, 23.35000000000005116, -1.249999999999981570 ) ) ;
#567 = VERTEX_POINT ( 'NONE', #701 ) ;
#568 = ORIENTED_EDGE ( 'NONE', *, *, #4238, .T. ) ;
#569 = LINE ( 'NONE', #4001, #3230 ) ;
#570 = CARTESIAN_POINT ( 'NONE',  ( -10.49999999999999645, -54.72269074732326288, 5.250000000000000000 ) ) ;
#571 = ORIENTED_EDGE ( 'NONE', *, *, #528, .F. ) ;
#572 = ORIENTED_EDGE ( 'NONE', *, *, #2027, .T. ) ;
#573 = CARTESIAN_POINT ( 'NONE',  ( 9.999999999999987566, -43.22269074732326999, -2.250000000000001332 ) ) ;
#574 = DIRECTION ( 'NONE',  ( -1.000000000000000000, 0.000000000000000000, 0.000000000000000000 ) ) ;
#575 = CYLINDRICAL_SURFACE ( 'NONE', #735, 10.00000000000000000 ) ;
#576 = VERTEX_POINT ( 'NONE', #3471 ) ;
#577 = ADVANCED_FACE ( 'NONE', ( #1737 ), #3409, .F. ) ;
#578 = CYLINDRICAL_SURFACE ( 'NONE', #3106, 2.999999999999999112 ) ;
#579 = DIRECTION ( 'NONE',  ( -0.000000000000000000, -0.000000000000000000, -1.000000000000000000 ) ) ;
#580 = ORIENTED_EDGE ( 'NONE', *, *, #2266, .T. ) ;
#581 = ORIENTED_EDGE ( 'NONE', *, *, #1051, .F. ) ;
#582 = ADVANCED_FACE ( 'NONE', ( #1699 ), #2449, .F. ) ;
#583 = ADVANCED_FACE ( 'NONE', ( #2725, #4103 ), #1717, .F. ) ;
#584 = DIRECTION ( 'NONE',  ( -0.000000000000000000, 0.000000000000000000, -1.000000000000000000 ) ) ;
#585 = CARTESIAN_POINT ( 'NONE',  ( -16.40186894737724899, -13.50000000000000000, -3.750000000000000444 ) ) ;
#586 = DIRECTION ( 'NONE',  ( -0.000000000000000000, -0.000000000000000000, -1.000000000000000000 ) ) ;
#587 = EDGE_CURVE ( 'NONE', #567, #4211, #1386, .T. ) ;
#588 = ORIENTED_EDGE ( 'NONE', *, *, #797, .F. ) ;
#589 = CYLINDRICAL_SURFACE ( 'NONE', #1463, 3.000000000000000000 ) ;
#590 = CYLINDRICAL_SURFACE ( 'NONE', #3019, 1.750000000000011990 ) ;
#591 = CARTESIAN_POINT ( 'NONE',  ( -25.55051025721682123, 8.499999999999998224, -3.750000000000000444 ) ) ;
#592 = ORIENTED_EDGE ( 'NONE', *, *, #2845, .T. ) ;
#593 = VERTEX_POINT ( 'NONE', #1052 ) ;
#594 = DIRECTION ( 'NONE',  ( -1.000000000000000000, 0.000000000000000000, 0.000000000000000000 ) ) ;
#595 = AXIS2_PLACEMENT_3D ( 'NONE', #2420, #3371, #2014 ) ;
#596 = CARTESIAN_POINT ( 'NONE',  ( -16.40186894737724899, -13.50000000000000000, -5.250000000000000888 ) ) ;
#597 = CARTESIAN_POINT ( 'NONE',  ( 18.00000000000000000, -5.150057150114454529, -5.250000000000000000 ) ) ;
#598 = ORIENTED_EDGE ( 'NONE', *, *, #2408, .F. ) ;
#599 = CIRCLE ( 'NONE', #1586, 1.600000000000014522 ) ;
#600 = FACE_OUTER_BOUND ( 'NONE', #4047, .T. ) ;
#601 = FACE_OUTER_BOUND ( 'NONE', #1047, .T. ) ;
#602 = ORIENTED_EDGE ( 'NONE', *, *, #420, .F. ) ;
#603 = CIRCLE ( 'NONE', #3314, 4.000000000000001776 ) ;
#604 = AXIS2_PLACEMENT_3D ( 'NONE', #1850, #1563, #921 ) ;
#605 = VERTEX_POINT ( 'NONE', #2412 ) ;
#606 = CIRCLE ( 'NONE', #2671, 8.500000000000000000 ) ;
#607 = DIRECTION ( 'NONE',  ( -0.000000000000000000, -0.000000000000000000, 1.000000000000000000 ) ) ;
#608 = DIRECTION ( 'NONE',  ( 1.000000000000000000, 0.000000000000000000, -0.000000000000000000 ) ) ;
#609 = CYLINDRICAL_SURFACE ( 'NONE', #4107, 1.750000000000011990 ) ;
#610 = EDGE_CURVE ( 'NONE', #4217, #2416, #4288, .T. ) ;
#611 = AXIS2_PLACEMENT_3D ( 'NONE', #3623, #1596, #3691 ) ;
#612 = VERTEX_POINT ( 'NONE', #171 ) ;
#613 = CARTESIAN_POINT ( 'NONE',  ( 8.000000000000063949, 23.35000000000005116, -5.250000000000001776 ) ) ;
#614 = CARTESIAN_POINT ( 'NONE',  ( 10.49999999999999467, -54.72269074732326288, -3.750000000000000888 ) ) ;
#615 = EDGE_CURVE ( 'NONE', #1569, #8, #2393, .T. ) ;
#616 = EDGE_CURVE ( 'NONE', #1518, #660, #1043, .T. ) ;
#617 = CARTESIAN_POINT ( 'NONE',  ( -13.49999999999999645, -54.72269074732326288, -3.750000000000000888 ) ) ;
#618 = ORIENTED_EDGE ( 'NONE', *, *, #113, .T. ) ;
#619 = VECTOR ( 'NONE', #422, 1000.000000000000000 ) ;
#620 = ORIENTED_EDGE ( 'NONE', *, *, #224, .T. ) ;
#621 = FACE_OUTER_BOUND ( 'NONE', #2340, .T. ) ;
#622 = AXIS2_PLACEMENT_3D ( 'NONE', #2390, #3771, #3434 ) ;
#623 = LINE ( 'NONE', #2935, #4344 ) ;
#624 = DIRECTION ( 'NONE',  ( -1.000000000000000000, 0.000000000000000000, 0.000000000000000000 ) ) ;
#625 = VERTEX_POINT ( 'NONE', #1504 ) ;
#626 = VECTOR ( 'NONE', #2413, 1000.000000000000000 ) ;
#627 = CARTESIAN_POINT ( 'NONE',  ( 18.00000000000000000, -5.150057150114454529, -2.050000000000000266 ) ) ;
#628 = DIRECTION ( 'NONE',  ( -0.000000000000000000, -0.000000000000000000, -1.000000000000000000 ) ) ;
#629 = ORIENTED_EDGE ( 'NONE', *, *, #2863, .T. ) ;
#630 = CIRCLE ( 'NONE', #832, 3.000000000000012879 ) ;
#631 = VERTEX_POINT ( 'NONE', #3555 ) ;
#632 = CIRCLE ( 'NONE', #704, 4.000000000000000000 ) ;
#633 = DIRECTION ( 'NONE',  ( -1.000000000000000000, 0.000000000000000000, 0.000000000000000000 ) ) ;
#634 = CARTESIAN_POINT ( 'NONE',  ( 12.03661186928389881, 23.88605943753648475, -1.319564180178458557 ) ) ;
#635 = CARTESIAN_POINT ( 'NONE',  ( -13.85573090950655661, 26.17148936336840137, -3.750000000000000444 ) ) ;
#636 = DIRECTION ( 'NONE',  ( -0.000000000000000000, -0.000000000000000000, -1.000000000000000000 ) ) ;
#637 = ORIENTED_EDGE ( 'NONE', *, *, #3766, .T. ) ;
#638 = ADVANCED_FACE ( 'NONE', ( #819 ), #1219, .F. ) ;
#639 = CARTESIAN_POINT ( 'NONE',  ( -12.27839146429833050, 23.10727907339681764, -1.534156491517150389 ) ) ;
#640 = DIRECTION ( 'NONE',  ( -1.000000000000000000, 0.000000000000000000, 0.000000000000000000 ) ) ;
#641 = ORIENTED_EDGE ( 'NONE', *, *, #1206, .T. ) ;
#642 = ORIENTED_EDGE ( 'NONE', *, *, #1776, .T. ) ;
#643 = EDGE_CURVE ( 'NONE', #4428, #4217, #1112, .T. ) ;
#644 = ADVANCED_FACE ( 'NONE', ( #3915 ), #2528, .T. ) ;
#645 = CARTESIAN_POINT ( 'NONE',  ( 13.00000000000000178, -43.22269074732326999, -5.250000000000001776 ) ) ;
#646 = CARTESIAN_POINT ( 'NONE',  ( -12.00003302006593842, 23.35000000000005116, -1.249999999999982014 ) ) ;
#647 = DIRECTION ( 'NONE',  ( -0.000000000000000000, -0.000000000000000000, -1.000000000000000000 ) ) ;
#648 = VERTEX_POINT ( 'NONE', #3262 ) ;
#649 = CARTESIAN_POINT ( 'NONE',  ( 8.000000000000000000, 37.74406644123207144, -5.250000000000000000 ) ) ;
#650 = DIRECTION ( 'NONE',  ( 1.000000000000000000, 0.000000000000000000, 0.000000000000000000 ) ) ;
#651 = EDGE_LOOP ( 'NONE', ( #4081, #1255 ) ) ;
#652 = ORIENTED_EDGE ( 'NONE', *, *, #3649, .F. ) ;
#653 = FACE_OUTER_BOUND ( 'NONE', #3164, .T. ) ;
#654 = CARTESIAN_POINT ( 'NONE',  ( -13.97424434848894492, 24.17500381000705190, -3.750000000000000888 ) ) ;
#655 = DIRECTION ( 'NONE',  ( -0.000000000000000000, -0.000000000000000000, -1.000000000000000000 ) ) ;
#656 = CARTESIAN_POINT ( 'NONE',  ( -11.00003302006595085, 23.35000000000005116, -2.250000000000001332 ) ) ;
#657 = ORIENTED_EDGE ( 'NONE', *, *, #3204, .T. ) ;
#658 = CARTESIAN_POINT ( 'NONE',  ( -12.42618874810913709, 22.90241708364231599, -1.697686748655723665 ) ) ;
#659 = DIRECTION ( 'NONE',  ( 0.000000000000000000, 0.000000000000000000, 1.000000000000000000 ) ) ;
#660 = VERTEX_POINT ( 'NONE', #3192 ) ;
#661 = AXIS2_PLACEMENT_3D ( 'NONE', #2743, #416, #76 ) ;
#662 = EDGE_LOOP ( 'NONE', ( #1599, #174, #2783, #758 ) ) ;
#663 = PLANE ( 'NONE',  #4108 ) ;
#664 = FACE_OUTER_BOUND ( 'NONE', #240, .T. ) ;
#665 = EDGE_CURVE ( 'NONE', #733, #2215, #1464, .T. ) ;
#666 = DIRECTION ( 'NONE',  ( -0.000000000000000000, 1.000000000000000000, 0.000000000000000000 ) ) ;
#667 = ORIENTED_EDGE ( 'NONE', *, *, #1126, .T. ) ;
#668 = VECTOR ( 'NONE', #4227, 1000.000000000000000 ) ;
#669 = CARTESIAN_POINT ( 'NONE',  ( -18.00000000000000000, -5.150057150114454529, -5.250000000000000000 ) ) ;
#670 = DIRECTION ( 'NONE',  ( -1.000000000000000000, 0.000000000000000000, 0.000000000000000000 ) ) ;
#671 = EDGE_CURVE ( 'NONE', #2957, #3654, #248, .T. ) ;
#672 = EDGE_LOOP ( 'NONE', ( #1440, #1068, #1886, #2689 ) ) ;
#673 = EDGE_CURVE ( 'NONE', #1231, #1804, #1175, .T. ) ;
#674 = ORIENTED_EDGE ( 'NONE', *, *, #2182, .F. ) ;
#675 = CARTESIAN_POINT ( 'NONE',  ( -22.00000000000000000, -5.150057150114454529, -0.7500000000000002220 ) ) ;
#676 = CARTESIAN_POINT ( 'NONE',  ( -28.00000000000000000, 9.999999999999998224, -5.250000000000000000 ) ) ;
#677 = AXIS2_PLACEMENT_3D ( 'NONE', #1491, #1156, #2857 ) ;
#678 = AXIS2_PLACEMENT_3D ( 'NONE', #3054, #4405, #4074 ) ;
#679 = LINE ( 'NONE', #2364, #879 ) ;
#680 = EDGE_LOOP ( 'NONE', ( #3003, #236, #3552, #1828 ) ) ;
#681 = CIRCLE ( 'NONE', #96, 9.999999999999998224 ) ;
#682 = CARTESIAN_POINT ( 'NONE',  ( -12.20976155014145625, 23.22317182782101241, -1.459728530075502295 ) ) ;
#683 = VECTOR ( 'NONE', #3866, 1000.000000000000000 ) ;
#684 = DIRECTION ( 'NONE',  ( -1.000000000000000000, 0.000000000000000000, 0.000000000000000000 ) ) ;
#685 = AXIS2_PLACEMENT_3D ( 'NONE', #1214, #4305, #260 ) ;
#686 = ORIENTED_EDGE ( 'NONE', *, *, #3203, .T. ) ;
#687 = VERTEX_POINT ( 'NONE', #2192 ) ;
#688 = DIRECTION ( 'NONE',  ( -1.000000000000000000, 0.000000000000000000, 0.000000000000000000 ) ) ;
#689 = FACE_OUTER_BOUND ( 'NONE', #3931, .T. ) ;
#690 = CARTESIAN_POINT ( 'NONE',  ( 30.14487539711820929, 2.220446049250313081E-13, -5.250000000000000000 ) ) ;
#691 = VERTEX_POINT ( 'NONE', #2919 ) ;
#692 = EDGE_CURVE ( 'NONE', #3418, #3668, #4177, .T. ) ;
#693 = CARTESIAN_POINT ( 'NONE',  ( -16.40186894737724899, -26.50000000000000355, 5.250000000000000000 ) ) ;
#694 = LINE ( 'NONE', #3801, #4423 ) ;
#695 = ORIENTED_EDGE ( 'NONE', *, *, #1206, .F. ) ;
#696 = ORIENTED_EDGE ( 'NONE', *, *, #2071, .F. ) ;
#697 = CIRCLE ( 'NONE', #3186, 4.000000000000001776 ) ;
#698 = EDGE_CURVE ( 'NONE', #4124, #3722, #1670, .T. ) ;
#699 = ADVANCED_FACE ( 'NONE', ( #1528 ), #3511, .T. ) ;
#700 = CARTESIAN_POINT ( 'NONE',  ( -18.00000000000000000, -5.150057150114454529, -1.750000000000000222 ) ) ;
#701 = CARTESIAN_POINT ( 'NONE',  ( -15.49999999999999645, -5.150057150114453641, -1.750000000000000222 ) ) ;
#702 = AXIS2_PLACEMENT_3D ( 'NONE', #1292, #2967, #978 ) ;
#703 = DIRECTION ( 'NONE',  ( 0.000000000000000000, 0.000000000000000000, 1.000000000000000000 ) ) ;
#704 = AXIS2_PLACEMENT_3D ( 'NONE', #3982, #3661, #4306 ) ;
#705 = CARTESIAN_POINT ( 'NONE',  ( -22.75590207615663729, 24.22277336810120474, -5.250000000000000000 ) ) ;
#706 = FACE_OUTER_BOUND ( 'NONE', #3945, .T. ) ;
#707 = AXIS2_PLACEMENT_3D ( 'NONE', #1851, #139, #3224 ) ;
#708 = ORIENTED_EDGE ( 'NONE', *, *, #4040, .F. ) ;
#709 = ORIENTED_EDGE ( 'NONE', *, *, #1607, .T. ) ;
#710 = CARTESIAN_POINT ( 'NONE',  ( -27.00000000000000000, -34.86239308998526809, 5.250000000000000000 ) ) ;
#711 = DIRECTION ( 'NONE',  ( 1.000000000000000000, 0.000000000000000000, 0.000000000000000000 ) ) ;
#712 = CARTESIAN_POINT ( 'NONE',  ( -13.49999999999999645, -47.19131771392015651, -1.249999999999982458 ) ) ;
#713 = ORIENTED_EDGE ( 'NONE', *, *, #3047, .F. ) ;
#714 = DIRECTION ( 'NONE',  ( -0.000000000000000000, -0.000000000000000000, -1.000000000000000000 ) ) ;
#715 = CARTESIAN_POINT ( 'NONE',  ( 26.00000000000000000, 12.00000000000000178, 5.250000000000000000 ) ) ;
#716 = ORIENTED_EDGE ( 'NONE', *, *, #471, .F. ) ;
#717 = EDGE_LOOP ( 'NONE', ( #794, #4436, #1640, #1077 ) ) ;
#718 = CARTESIAN_POINT ( 'NONE',  ( -22.49999999999999289, 2.058093255683377776E-13, 5.250000000000000000 ) ) ;
#719 = CARTESIAN_POINT ( 'NONE',  ( 22.61112256587701097, 10.89999999999999680, -3.750000000000000888 ) ) ;
#720 = DIRECTION ( 'NONE',  ( -1.000000000000000000, 1.734723475976807094E-15, 0.000000000000000000 ) ) ;
#721 = ADVANCED_FACE ( 'NONE', ( #4224, #103 ), #2561, .F. ) ;
#722 = CARTESIAN_POINT ( 'NONE',  ( -7.499058865802544993, 33.45589845166243492, -3.750000000000000444 ) ) ;
#723 = CARTESIAN_POINT ( 'NONE',  ( -13.00000000000000178, -43.22269074732326999, -5.250000000000000000 ) ) ;
#724 = EDGE_CURVE ( 'NONE', #1770, #3307, #1132, .T. ) ;
#725 = EDGE_CURVE ( 'NONE', #1060, #3847, #3532, .T. ) ;
#726 = VERTEX_POINT ( 'NONE', #862 ) ;
#727 = VERTEX_POINT ( 'NONE', #1817 ) ;
#728 = DIRECTION ( 'NONE',  ( -0.000000000000000000, -0.000000000000000000, -1.000000000000000000 ) ) ;
#729 = LINE ( 'NONE', #2100, #3193 ) ;
#730 = CARTESIAN_POINT ( 'NONE',  ( 6.250000000000050626, 23.35000000000005116, -2.250000000000001332 ) ) ;
#731 = ORIENTED_EDGE ( 'NONE', *, *, #1174, .T. ) ;
#732 = CARTESIAN_POINT ( 'NONE',  ( 30.14487539711820929, 2.220446049250313081E-13, 5.250000000000000000 ) ) ;
#733 = VERTEX_POINT ( 'NONE', #1150 ) ;
#734 = VERTEX_POINT ( 'NONE', #3598 ) ;
#735 = AXIS2_PLACEMENT_3D ( 'NONE', #1921, #1592, #3329 ) ;
#736 = DIRECTION ( 'NONE',  ( -1.000000000000000000, 0.000000000000000000, 0.000000000000000000 ) ) ;
#737 = DIRECTION ( 'NONE',  ( 0.000000000000000000, 0.000000000000000000, 1.000000000000000000 ) ) ;
#738 = PLANE ( 'NONE',  #3627 ) ;
#739 = AXIS2_PLACEMENT_3D ( 'NONE', #3353, #1041, #2038 ) ;
#740 = CIRCLE ( 'NONE', #2800, 5.500000000000001776 ) ;
#741 = AXIS2_PLACEMENT_3D ( 'NONE', #1479, #30, #4135 ) ;
#742 = EDGE_CURVE ( 'NONE', #3222, #3676, #3892, .T. ) ;
#743 = LINE ( 'NONE', #425, #46 ) ;
#744 = DIRECTION ( 'NONE',  ( -0.000000000000000000, -0.000000000000000000, -1.000000000000000000 ) ) ;
#745 = AXIS2_PLACEMENT_3D ( 'NONE', #4291, #2834, #4205 ) ;
#746 = EDGE_LOOP ( 'NONE', ( #1990, #1897, #1732, #1481 ) ) ;
#747 = ORIENTED_EDGE ( 'NONE', *, *, #3047, .T. ) ;
#748 = EDGE_CURVE ( 'NONE', #1231, #1165, #2309, .T. ) ;
#749 = EDGE_CURVE ( 'NONE', #3154, #4408, #98, .T. ) ;
#750 = LINE ( 'NONE', #2099, #2667 ) ;
#751 = CARTESIAN_POINT ( 'NONE',  ( -27.00000000000000000, -34.86239308998526809, 5.250000000000000000 ) ) ;
#752 = ORIENTED_EDGE ( 'NONE', *, *, #2655, .F. ) ;
#753 = VERTEX_POINT ( 'NONE', #953 ) ;
#754 = AXIS2_PLACEMENT_3D ( 'NONE', #3040, #3965, #3630 ) ;
#755 = CARTESIAN_POINT ( 'NONE',  ( 30.14487539711820929, -11.50000000000000000, -3.750000000000000444 ) ) ;
#756 = DIRECTION ( 'NONE',  ( -0.000000000000000000, -0.000000000000000000, -1.000000000000000000 ) ) ;
#757 = ORIENTED_EDGE ( 'NONE', *, *, #2103, .F. ) ;
#758 = ORIENTED_EDGE ( 'NONE', *, *, #2140, .T. ) ;
#759 = AXIS2_PLACEMENT_3D ( 'NONE', #3898, #3871, #3538 ) ;
#760 = CARTESIAN_POINT ( 'NONE',  ( -16.39999999999998437, -5.150057150114454529, -2.050000000000000266 ) ) ;
#761 = DIRECTION ( 'NONE',  ( 0.000000000000000000, 0.000000000000000000, 1.000000000000000000 ) ) ;
#762 = AXIS2_PLACEMENT_3D ( 'NONE', #1677, #1700, #1365 ) ;
#763 = CARTESIAN_POINT ( 'NONE',  ( 8.000000000000063949, 23.35000000000005116, -5.250000000000000000 ) ) ;
#764 = DIRECTION ( 'NONE',  ( -0.000000000000000000, -0.000000000000000000, -1.000000000000000000 ) ) ;
#765 = AXIS2_PLACEMENT_3D ( 'NONE', #1571, #3692, #3305 ) ;
#766 = ORIENTED_EDGE ( 'NONE', *, *, #3146, .T. ) ;
#767 = ADVANCED_FACE ( 'NONE', ( #929 ), #4116, .T. ) ;
#768 = ORIENTED_EDGE ( 'NONE', *, *, #4390, .T. ) ;
#769 = DIRECTION ( 'NONE',  ( -1.000000000000000000, 0.000000000000000000, 0.000000000000000000 ) ) ;
#770 = VECTOR ( 'NONE', #3118, 1000.000000000000000 ) ;
#771 = LINE ( 'NONE', #3501, #4246 ) ;
#772 = ADVANCED_FACE ( 'NONE', ( #886 ), #1290, .T. ) ;
#773 = EDGE_CURVE ( 'NONE', #4122, #576, #3756, .T. ) ;
#774 = EDGE_LOOP ( 'NONE', ( #2755, #2039, #1985, #3596 ) ) ;
#775 = LINE ( 'NONE', #1522, #1939 ) ;
#776 = DIRECTION ( 'NONE',  ( -2.312964634635743450E-16, 1.000000000000000000, 0.000000000000000000 ) ) ;
#777 = ORIENTED_EDGE ( 'NONE', *, *, #1011, .F. ) ;
#778 = EDGE_CURVE ( 'NONE', #4287, #793, #4361, .T. ) ;
#779 = EDGE_LOOP ( 'NONE', ( #1966, #1036 ) ) ;
#780 = CARTESIAN_POINT ( 'NONE',  ( 33.25655778422098052, -11.07101769133210922, -3.750000000000000888 ) ) ;
#781 = DIRECTION ( 'NONE',  ( -1.000000000000000000, 0.000000000000000000, 0.000000000000000000 ) ) ;
#782 = CARTESIAN_POINT ( 'NONE',  ( -14.99999999999999645, -61.22269074732326999, 5.250000000000000000 ) ) ;
#783 = DIRECTION ( 'NONE',  ( -1.000000000000000000, 0.000000000000000000, 0.000000000000000000 ) ) ;
#784 = CARTESIAN_POINT ( 'NONE',  ( -16.40186894737725254, 2.112785075724063907E-13, -3.750000000000000444 ) ) ;
#785 = ORIENTED_EDGE ( 'NONE', *, *, #1926, .T. ) ;
#786 = EDGE_LOOP ( 'NONE', ( #3333, #1394, #2576, #4028 ) ) ;
#787 = CARTESIAN_POINT ( 'NONE',  ( -7.499058865802544993, 33.45589845166243492, 5.250000000000000000 ) ) ;
#788 = PLANE ( 'NONE',  #1058 ) ;
#789 = VERTEX_POINT ( 'NONE', #2631 ) ;
#790 = EDGE_CURVE ( 'NONE', #923, #1492, #1244, .T. ) ;
#791 = FACE_OUTER_BOUND ( 'NONE', #774, .T. ) ;
#792 = DIRECTION ( 'NONE',  ( 0.000000000000000000, 0.000000000000000000, 1.000000000000000000 ) ) ;
#793 = VERTEX_POINT ( 'NONE', #4029 ) ;
#794 = ORIENTED_EDGE ( 'NONE', *, *, #3667, .T. ) ;
#795 = ADVANCED_FACE ( 'NONE', ( #2241 ), #1977, .T. ) ;
#796 = DIRECTION ( 'NONE',  ( 0.000000000000000000, 0.000000000000000000, 1.000000000000000000 ) ) ;
#797 = EDGE_CURVE ( 'NONE', #2941, #835, #1997, .T. ) ;
#798 = CARTESIAN_POINT ( 'NONE',  ( 13.50000000000000000, -36.74195004891539895, -3.750000000000000444 ) ) ;
#799 = DIRECTION ( 'NONE',  ( -1.000000000000000000, -0.000000000000000000, -0.000000000000000000 ) ) ;
#800 = CARTESIAN_POINT ( 'NONE',  ( -26.00000000000000355, 21.25010530891830030, -5.250000000000000000 ) ) ;
#801 = CARTESIAN_POINT ( 'NONE',  ( -25.77125603251205987, -0.2413335026669553851, -3.750000000000000888 ) ) ;
#802 = AXIS2_PLACEMENT_3D ( 'NONE', #1187, #872, #2594 ) ;
#803 = CARTESIAN_POINT ( 'NONE',  ( -28.98037701923936993, -11.50000000000000000, -3.750000000000000444 ) ) ;
#804 = ORIENTED_EDGE ( 'NONE', *, *, #418, .T. ) ;
#805 = CIRCLE ( 'NONE', #1797, 3.000000000000012879 ) ;
#806 = ORIENTED_EDGE ( 'NONE', *, *, #3005, .T. ) ;
#807 = DIRECTION ( 'NONE',  ( -0.000000000000000000, -0.000000000000000000, -1.000000000000000000 ) ) ;
#808 = CIRCLE ( 'NONE', #317, 1.999999999999998224 ) ;
#809 = DIRECTION ( 'NONE',  ( -0.000000000000000000, -0.000000000000000000, -1.000000000000000000 ) ) ;
#810 = ORIENTED_EDGE ( 'NONE', *, *, #4420, .T. ) ;
#811 = LINE ( 'NONE', #2166, #2310 ) ;
#812 = FACE_OUTER_BOUND ( 'NONE', #2912, .T. ) ;
#813 = VECTOR ( 'NONE', #1950, 1000.000000000000114 ) ;
#814 = CYLINDRICAL_SURFACE ( 'NONE', #2902, 1.600000000000014522 ) ;
#815 = ORIENTED_EDGE ( 'NONE', *, *, #1724, .T. ) ;
#816 = VECTOR ( 'NONE', #2846, 1000.000000000000000 ) ;
#817 = ORIENTED_EDGE ( 'NONE', *, *, #2264, .F. ) ;
#818 = EDGE_CURVE ( 'NONE', #3722, #3463, #4339, .T. ) ;
#819 = FACE_OUTER_BOUND ( 'NONE', #3639, .T. ) ;
#820 = DIRECTION ( 'NONE',  ( -0.000000000000000000, -0.000000000000000000, -1.000000000000000000 ) ) ;
#821 = AXIS2_PLACEMENT_3D ( 'NONE', #3270, #3244, #178 ) ;
#822 = EDGE_CURVE ( 'NONE', #1007, #625, #3374, .T. ) ;
#823 = EDGE_CURVE ( 'NONE', #377, #1526, #334, .T. ) ;
#824 = FACE_OUTER_BOUND ( 'NONE', #1249, .T. ) ;
#825 = CARTESIAN_POINT ( 'NONE',  ( -25.47125603251202719, -0.2413335026669553574, -5.250000000000000000 ) ) ;
#826 = CARTESIAN_POINT ( 'NONE',  ( -27.69625603251205703, -0.2413335026669556349, 4.750000000000000000 ) ) ;
#827 = CYLINDRICAL_SURFACE ( 'NONE', #3523, 1.600000000000014522 ) ;
#828 = ORIENTED_EDGE ( 'NONE', *, *, #1561, .F. ) ;
#829 = ORIENTED_EDGE ( 'NONE', *, *, #1989, .F. ) ;
#830 = CIRCLE ( 'NONE', #3698, 0.5000000000000004441 ) ;
#831 = LINE ( 'NONE', #2571, #1228 ) ;
#832 = AXIS2_PLACEMENT_3D ( 'NONE', #434, #3957, #2849 ) ;
#833 = CARTESIAN_POINT ( 'NONE',  ( -19.89055460398849107, -26.50000000000000000, 5.250000000000000000 ) ) ;
#834 = ORIENTED_EDGE ( 'NONE', *, *, #3046, .F. ) ;
#835 = VERTEX_POINT ( 'NONE', #3961 ) ;
#836 = CIRCLE ( 'NONE', #707, 1.924999999999999600 ) ;
#837 = CARTESIAN_POINT ( 'NONE',  ( -11.97424434848894315, 24.17500381000705190, -5.250000000000000000 ) ) ;
#838 = CARTESIAN_POINT ( 'NONE',  ( 5.635434273345177658, 35.16359576239665330, 5.250000000000000000 ) ) ;
#839 = DIRECTION ( 'NONE',  ( 0.7372773368101209757, -0.6755902076156635738, 0.000000000000000000 ) ) ;
#840 = ORIENTED_EDGE ( 'NONE', *, *, #2357, .T. ) ;
#841 = DIRECTION ( 'NONE',  ( -0.000000000000000000, -0.000000000000000000, -1.000000000000000000 ) ) ;
#842 = LINE ( 'NONE', #3599, #4418 ) ;
#843 = ORIENTED_EDGE ( 'NONE', *, *, #2600, .F. ) ;
#844 = DIRECTION ( 'NONE',  ( 0.000000000000000000, 0.000000000000000000, 1.000000000000000000 ) ) ;
#845 = CARTESIAN_POINT ( 'NONE',  ( 36.47311794013815955, 6.906064884026059225, -3.750000000000000444 ) ) ;
#846 = DIRECTION ( 'NONE',  ( -0.000000000000000000, -0.000000000000000000, -1.000000000000000000 ) ) ;
#847 = FACE_OUTER_BOUND ( 'NONE', #1734, .T. ) ;
#848 = EDGE_CURVE ( 'NONE', #3282, #1635, #558, .T. ) ;
#849 = ORIENTED_EDGE ( 'NONE', *, *, #4123, .F. ) ;
#850 = EDGE_LOOP ( 'NONE', ( #2466, #410, #840, #657 ) ) ;
#851 = DIRECTION ( 'NONE',  ( -1.000000000000000000, 0.000000000000000000, 0.000000000000000000 ) ) ;
#852 = EDGE_CURVE ( 'NONE', #2894, #2203, #1570, .T. ) ;
#853 = ADVANCED_FACE ( 'NONE', ( #600 ), #265, .T. ) ;
#854 = CARTESIAN_POINT ( 'NONE',  ( -13.49999999999999822, -41.54563976419840543, -5.250000000000000000 ) ) ;
#855 = ORIENTED_EDGE ( 'NONE', *, *, #306, .F. ) ;
#856 = ORIENTED_EDGE ( 'NONE', *, *, #615, .F. ) ;
#857 = CARTESIAN_POINT ( 'NONE',  ( 32.44481455280286042, -8.182926119680185906, 5.250000000000000000 ) ) ;
#858 = LINE ( 'NONE', #3592, #4168 ) ;
#859 = PLANE ( 'NONE',  #556 ) ;
#860 = CARTESIAN_POINT ( 'NONE',  ( -19.89055460398849107, -26.50000000000000000, -28.03232820709284212 ) ) ;
#861 = ORIENTED_EDGE ( 'NONE', *, *, #4140, .T. ) ;
#862 = CARTESIAN_POINT ( 'NONE',  ( -13.49999999999999822, -41.54563976419840543, -0.7499999999999997780 ) ) ;
#863 = DIRECTION ( 'NONE',  ( 0.000000000000000000, 0.000000000000000000, 1.000000000000000000 ) ) ;
#864 = VERTEX_POINT ( 'NONE', #1245 ) ;
#865 = DIRECTION ( 'NONE',  ( -0.000000000000000000, -0.000000000000000000, -1.000000000000000000 ) ) ;
#866 = CARTESIAN_POINT ( 'NONE',  ( -19.89055460398849107, -27.00000000000000355, -5.250000000000000000 ) ) ;
#867 = LINE ( 'NONE', #3967, #1040 ) ;
#868 = CARTESIAN_POINT ( 'NONE',  ( -13.00000000000000178, -43.22269074732326999, 5.250000000000000000 ) ) ;
#869 = ORIENTED_EDGE ( 'NONE', *, *, #1405, .T. ) ;
#870 = ADVANCED_FACE ( 'NONE', ( #2608 ), #578, .F. ) ;
#871 = CIRCLE ( 'NONE', #514, 4.000000000000000000 ) ;
#872 = DIRECTION ( 'NONE',  ( 0.000000000000000000, 0.000000000000000000, -1.000000000000000000 ) ) ;
#873 = CARTESIAN_POINT ( 'NONE',  ( -33.25655778422070341, -11.07101769133245206, -3.750000000000000888 ) ) ;
#874 = AXIS2_PLACEMENT_3D ( 'NONE', #4164, #1765, #2432 ) ;
#875 = VERTEX_POINT ( 'NONE', #1754 ) ;
#876 = ORIENTED_EDGE ( 'NONE', *, *, #3811, .F. ) ;
#877 = ADVANCED_FACE ( 'NONE', ( #39 ), #1949, .F. ) ;
#878 = EDGE_CURVE ( 'NONE', #2993, #4429, #1816, .T. ) ;
#879 = VECTOR ( 'NONE', #636, 1000.000000000000000 ) ;
#880 = DIRECTION ( 'NONE',  ( 0.000000000000000000, 0.000000000000000000, 1.000000000000000000 ) ) ;
#881 = AXIS2_PLACEMENT_3D ( 'NONE', #3660, #3909, #3932 ) ;
#882 = DIRECTION ( 'NONE',  ( 0.000000000000000000, 0.000000000000000000, -1.000000000000000000 ) ) ;
#883 = CARTESIAN_POINT ( 'NONE',  ( -8.000033020065936640, 23.35000000000005116, -5.250000000000000000 ) ) ;
#884 = EDGE_LOOP ( 'NONE', ( #3366, #1847 ) ) ;
#885 = CIRCLE ( 'NONE', #3394, 3.000000000000000888 ) ;
#886 = FACE_OUTER_BOUND ( 'NONE', #1048, .T. ) ;
#887 = VECTOR ( 'NONE', #3337, 1000.000000000000000 ) ;
#888 = DIRECTION ( 'NONE',  ( 0.000000000000000000, 0.000000000000000000, 1.000000000000000000 ) ) ;
#889 = ORIENTED_EDGE ( 'NONE', *, *, #3761, .T. ) ;
#890 = DIRECTION ( 'NONE',  ( -0.000000000000000000, -0.000000000000000000, -1.000000000000000000 ) ) ;
#891 = DIRECTION ( 'NONE',  ( -0.000000000000000000, -0.000000000000000000, -1.000000000000000000 ) ) ;
#892 = CARTESIAN_POINT ( 'NONE',  ( 13.49999999999999645, -47.19131771392015651, -1.249999999999980682 ) ) ;
#893 = CYLINDRICAL_SURFACE ( 'NONE', #4314, 10.00000000000000178 ) ;
#894 = AXIS2_PLACEMENT_3D ( 'NONE', #4392, #4037, #1957 ) ;
#895 = ORIENTED_EDGE ( 'NONE', *, *, #1583, .T. ) ;
#896 = ORIENTED_EDGE ( 'NONE', *, *, #933, .T. ) ;
#897 = CARTESIAN_POINT ( 'NONE',  ( 19.90000000000001279, -5.150057150114454529, -2.050000000000000266 ) ) ;
#898 = DIRECTION ( 'NONE',  ( -0.000000000000000000, -0.000000000000000000, -1.000000000000000000 ) ) ;
#899 = EDGE_CURVE ( 'NONE', #8, #2061, #3782, .T. ) ;
#900 = VERTEX_POINT ( 'NONE', #1403 ) ;
#901 = ORIENTED_EDGE ( 'NONE', *, *, #692, .T. ) ;
#902 = CARTESIAN_POINT ( 'NONE',  ( -25.55051025721682123, 11.49999999999999822, 5.250000000000000000 ) ) ;
#903 = AXIS2_PLACEMENT_3D ( 'NONE', #2150, #888, #1530 ) ;
#904 = DIRECTION ( 'NONE',  ( -0.000000000000000000, -0.000000000000000000, -1.000000000000000000 ) ) ;
#905 = EDGE_CURVE ( 'NONE', #4429, #2993, #34, .T. ) ;
#906 = EDGE_CURVE ( 'NONE', #955, #793, #3079, .T. ) ;
#907 = CARTESIAN_POINT ( 'NONE',  ( -9.999999999999987566, -43.22269074732326999, -2.250000000000001332 ) ) ;
#908 = ORIENTED_EDGE ( 'NONE', *, *, #2053, .T. ) ;
#909 = VECTOR ( 'NONE', #579, 1000.000000000000000 ) ;
#910 = CARTESIAN_POINT ( 'NONE',  ( -13.50000000000001243, 2.119496995973695077E-13, -3.750000000000000444 ) ) ;
#911 = VECTOR ( 'NONE', #2842, 1000.000000000000000 ) ;
#912 = LINE ( 'NONE', #2678, #2176 ) ;
#913 = EDGE_CURVE ( 'NONE', #535, #378, #4078, .T. ) ;
#914 = ORIENTED_EDGE ( 'NONE', *, *, #3568, .F. ) ;
#915 = VERTEX_POINT ( 'NONE', #2720 ) ;
#916 = DIRECTION ( 'NONE',  ( -0.000000000000000000, -0.000000000000000000, -1.000000000000000000 ) ) ;
#917 = CARTESIAN_POINT ( 'NONE',  ( -12.51252747207315785, 25.54509708751340824, -2.267953634898726367 ) ) ;
#918 = FACE_OUTER_BOUND ( 'NONE', #2405, .T. ) ;
#919 = VERTEX_POINT ( 'NONE', #3141 ) ;
#920 = CARTESIAN_POINT ( 'NONE',  ( 13.49999999999999645, -49.70343144573113392, -3.750000000000000444 ) ) ;
#921 = DIRECTION ( 'NONE',  ( -1.000000000000000000, 0.000000000000000000, 0.000000000000000000 ) ) ;
#922 = DIRECTION ( 'NONE',  ( 0.000000000000000000, 0.000000000000000000, -1.000000000000000000 ) ) ;
#923 = VERTEX_POINT ( 'NONE', #1380 ) ;
#924 = VERTEX_POINT ( 'NONE', #1691 ) ;
#925 = LINE ( 'NONE', #1920, #4043 ) ;
#926 = CARTESIAN_POINT ( 'NONE',  ( -8.000033020065936640, 23.35000000000005116, -0.7500000000000002220 ) ) ;
#927 = VERTEX_POINT ( 'NONE', #4141 ) ;
#928 = ADVANCED_FACE ( 'NONE', ( #1065 ), #2379, .F. ) ;
#929 = FACE_OUTER_BOUND ( 'NONE', #1581, .T. ) ;
#930 = CARTESIAN_POINT ( 'NONE',  ( 13.00000000000000178, -43.22269074732326999, -2.250000000000001332 ) ) ;
#931 = ORIENTED_EDGE ( 'NONE', *, *, #2763, .F. ) ;
#932 = ORIENTED_EDGE ( 'NONE', *, *, #2988, .F. ) ;
#933 = EDGE_CURVE ( 'NONE', #3463, #3273, #4297, .T. ) ;
#934 = EDGE_CURVE ( 'NONE', #3952, #2500, #3122, .T. ) ;
#935 = DIRECTION ( 'NONE',  ( 0.000000000000000000, 0.000000000000000000, -1.000000000000000000 ) ) ;
#936 = DIRECTION ( 'NONE',  ( -1.000000000000000000, 0.000000000000000000, 0.000000000000000000 ) ) ;
#937 = AXIS2_PLACEMENT_3D ( 'NONE', #1812, #2557, #4239 ) ;
#938 = CARTESIAN_POINT ( 'NONE',  ( -12.96735069875241031, 25.90694959532532948, -2.836776294447378000 ) ) ;
#939 = DIRECTION ( 'NONE',  ( -0.000000000000000000, -0.000000000000000000, -1.000000000000000000 ) ) ;
#940 = ORIENTED_EDGE ( 'NONE', *, *, #823, .F. ) ;
#941 = CARTESIAN_POINT ( 'NONE',  ( 12.32228839516122498, 23.11169105424378856, -1.577796125820627227 ) ) ;
#942 = CARTESIAN_POINT ( 'NONE',  ( 14.39945909990973583, 22.21117462770481055, -3.750000000000000444 ) ) ;
#943 = DIRECTION ( 'NONE',  ( 3.083923978207811463E-16, -1.000000000000000000, 0.000000000000000000 ) ) ;
#944 = EDGE_LOOP ( 'NONE', ( #2745, #2308, #3713, #204 ) ) ;
#945 = ORIENTED_EDGE ( 'NONE', *, *, #3146, .F. ) ;
#946 = LINE ( 'NONE', #2303, #4400 ) ;
#947 = DIRECTION ( 'NONE',  ( -0.000000000000000000, -0.000000000000000000, -1.000000000000000000 ) ) ;
#948 = CIRCLE ( 'NONE', #1304, 1.999999999999998224 ) ;
#949 = CARTESIAN_POINT ( 'NONE',  ( -32.61668721559231443, -11.50000000000000000, -28.03232820709284212 ) ) ;
#950 = CARTESIAN_POINT ( 'NONE',  ( 22.75590207615663729, 24.22277336810120474, -5.250000000000000000 ) ) ;
#951 = ORIENTED_EDGE ( 'NONE', *, *, #306, .T. ) ;
#952 = VECTOR ( 'NONE', #3843, 1000.000000000000000 ) ;
#953 = CARTESIAN_POINT ( 'NONE',  ( -16.40186894737724543, -26.50000000000000000, -3.750000000000000000 ) ) ;
#954 = DIRECTION ( 'NONE',  ( 1.000000000000000000, 0.000000000000000000, 0.000000000000000000 ) ) ;
#955 = VERTEX_POINT ( 'NONE', #3444 ) ;
#956 = CIRCLE ( 'NONE', #741, 6.500000000000005329 ) ;
#957 = EDGE_CURVE ( 'NONE', #1348, #1562, #2042, .T. ) ;
#958 = ORIENTED_EDGE ( 'NONE', *, *, #4162, .T. ) ;
#959 = VECTOR ( 'NONE', #3156, 1000.000000000000000 ) ;
#960 = FACE_BOUND ( 'NONE', #216, .T. ) ;
#961 = CARTESIAN_POINT ( 'NONE',  ( -19.90000000000001279, -5.150057150114454529, -5.250000000000000000 ) ) ;
#962 = DIRECTION ( 'NONE',  ( 0.000000000000000000, 0.000000000000000000, -1.000000000000000000 ) ) ;
#963 = EDGE_CURVE ( 'NONE', #2908, #753, #3760, .T. ) ;
#964 = ADVANCED_FACE ( 'NONE', ( #2358 ), #3101, .F. ) ;
#965 = VERTEX_POINT ( 'NONE', #16 ) ;
#966 = CARTESIAN_POINT ( 'NONE',  ( 14.18575210538926079, 22.16996946284689329, -3.546817894832525742 ) ) ;
#967 = DIRECTION ( 'NONE',  ( 0.000000000000000000, 0.000000000000000000, 1.000000000000000000 ) ) ;
#968 = ORIENTED_EDGE ( 'NONE', *, *, #698, .F. ) ;
#969 = CIRCLE ( 'NONE', #4409, 3.000000000000012879 ) ;
#970 = AXIS2_PLACEMENT_3D ( 'NONE', #2771, #737, #2066 ) ;
#971 = ORIENTED_EDGE ( 'NONE', *, *, #2649, .F. ) ;
#972 = PLANE ( 'NONE',  #524 ) ;
#973 = DIRECTION ( 'NONE',  ( -0.000000000000000000, -0.000000000000000000, -1.000000000000000000 ) ) ;
#974 = CARTESIAN_POINT ( 'NONE',  ( 30.14487539711820929, 2.220446049250313081E-13, 5.250000000000000000 ) ) ;
#975 = ORIENTED_EDGE ( 'NONE', *, *, #2326, .F. ) ;
#976 = AXIS2_PLACEMENT_3D ( 'NONE', #4184, #703, #423 ) ;
#977 = DIRECTION ( 'NONE',  ( -0.000000000000000000, -0.000000000000000000, -1.000000000000000000 ) ) ;
#978 = DIRECTION ( 'NONE',  ( -1.000000000000000000, 0.000000000000000000, 0.000000000000000000 ) ) ;
#979 = EDGE_LOOP ( 'NONE', ( #57, #473 ) ) ;
#980 = AXIS2_PLACEMENT_3D ( 'NONE', #4362, #3332, #954 ) ;
#981 = VERTEX_POINT ( 'NONE', #3488 ) ;
#982 = AXIS2_PLACEMENT_3D ( 'NONE', #3006, #4335, #553 ) ;
#983 = FACE_OUTER_BOUND ( 'NONE', #1288, .T. ) ;
#984 = LINE ( 'NONE', #2342, #3893 ) ;
#985 = CARTESIAN_POINT ( 'NONE',  ( -8.000000000000000000, 37.74406644123207144, 5.250000000000000000 ) ) ;
#986 = CARTESIAN_POINT ( 'NONE',  ( 27.69625603251205703, -0.2413335026669556349, -4.950000000000019718 ) ) ;
#987 = ORIENTED_EDGE ( 'NONE', *, *, #2928, .F. ) ;
#988 = ADVANCED_FACE ( 'NONE', ( #4119 ), #3401, .T. ) ;
#989 = CARTESIAN_POINT ( 'NONE',  ( -14.18405916994857741, 22.17365316740620074, -3.544349587618680797 ) ) ;
#990 = CYLINDRICAL_SURFACE ( 'NONE', #4038, 3.000000000000012879 ) ;
#991 = VERTEX_POINT ( 'NONE', #1000 ) ;
#992 = ORIENTED_EDGE ( 'NONE', *, *, #2785, .F. ) ;
#993 = ADVANCED_FACE ( 'NONE', ( #3735 ), #1045, .F. ) ;
#994 = EDGE_CURVE ( 'NONE', #1348, #3437, #335, .T. ) ;
#995 = DIRECTION ( 'NONE',  ( -1.000000000000000000, 0.000000000000000000, 0.000000000000000000 ) ) ;
#996 = DIRECTION ( 'NONE',  ( -1.000000000000000000, 0.000000000000000000, 0.000000000000000000 ) ) ;
#997 = CARTESIAN_POINT ( 'NONE',  ( 30.14487539711820929, 2.220446049250313081E-13, -5.250000000000000000 ) ) ;
#998 = DIRECTION ( 'NONE',  ( -2.312964634635742957E-16, 1.000000000000000000, 0.000000000000000000 ) ) ;
#999 = ORIENTED_EDGE ( 'NONE', *, *, #3761, .F. ) ;
#1000 = CARTESIAN_POINT ( 'NONE',  ( -4.000033020065935752, 23.35000000000005116, -1.249999999999982014 ) ) ;
#1001 = CARTESIAN_POINT ( 'NONE',  ( -16.00000000000000000, 16.84999999999999787, -5.250000000000000000 ) ) ;
#1002 = ORIENTED_EDGE ( 'NONE', *, *, #2140, .F. ) ;
#1003 = ORIENTED_EDGE ( 'NONE', *, *, #1745, .T. ) ;
#1004 = DIRECTION ( 'NONE',  ( 0.000000000000000000, 0.000000000000000000, -1.000000000000000000 ) ) ;
#1005 = CARTESIAN_POINT ( 'NONE',  ( -12.68279158583885113, 25.70664396934940754, -2.492213259929251912 ) ) ;
#1006 = DIRECTION ( 'NONE',  ( 1.000000000000000000, 0.000000000000000000, 0.000000000000000000 ) ) ;
#1007 = VERTEX_POINT ( 'NONE', #1857 ) ;
#1008 = CARTESIAN_POINT ( 'NONE',  ( -12.76085137889842080, 22.56781913463774814, -2.072654741203003415 ) ) ;
#1009 = CARTESIAN_POINT ( 'NONE',  ( 22.49999999999999289, 2.244022263797896977E-13, -3.750000000000000444 ) ) ;
#1010 = VERTEX_POINT ( 'NONE', #3506 ) ;
#1011 = EDGE_CURVE ( 'NONE', #4158, #2191, #552, .T. ) ;
#1012 = ORIENTED_EDGE ( 'NONE', *, *, #934, .F. ) ;
#1013 = CARTESIAN_POINT ( 'NONE',  ( 28.00000000000000000, 11.99999999999999822, -5.250000000000000000 ) ) ;
#1014 = LINE ( 'NONE', #1356, #1763 ) ;
#1015 = FACE_OUTER_BOUND ( 'NONE', #3417, .T. ) ;
#1016 = ADVANCED_FACE ( 'NONE', ( #3229 ), #3828, .T. ) ;
#1017 = EDGE_CURVE ( 'NONE', #2282, #3089, #2073, .T. ) ;
#1018 = VERTEX_POINT ( 'NONE', #2168 ) ;
#1019 = CIRCLE ( 'NONE', #2295, 3.000000000000012879 ) ;
#1020 = CARTESIAN_POINT ( 'NONE',  ( -5.000033020065924205, 23.35000000000005116, -5.250000000000000000 ) ) ;
#1021 = DIRECTION ( 'NONE',  ( -1.000000000000000000, 0.000000000000000000, 0.000000000000000000 ) ) ;
#1022 = ORIENTED_EDGE ( 'NONE', *, *, #2840, .T. ) ;
#1023 = AXIS2_PLACEMENT_3D ( 'NONE', #868, #2221, #512 ) ;
#1024 = ORIENTED_EDGE ( 'NONE', *, *, #2098, .F. ) ;
#1025 = CIRCLE ( 'NONE', #1159, 4.000000000000000000 ) ;
#1026 = CARTESIAN_POINT ( 'NONE',  ( 22.50000000000000000, 16.84999999999999787, 5.250000000000000000 ) ) ;
#1027 = CARTESIAN_POINT ( 'NONE',  ( 14.75000000000001421, -43.22269074732326999, -2.250000000000001332 ) ) ;
#1028 = AXIS2_PLACEMENT_3D ( 'NONE', #4321, #2199, #1560 ) ;
#1029 = AXIS2_PLACEMENT_3D ( 'NONE', #282, #947, #1636 ) ;
#1030 = DIRECTION ( 'NONE',  ( 0.000000000000000000, -0.000000000000000000, -1.000000000000000000 ) ) ;
#1031 = DIRECTION ( 'NONE',  ( -1.000000000000000000, 0.000000000000000000, 0.000000000000000000 ) ) ;
#1032 = VECTOR ( 'NONE', #3664, 1000.000000000000000 ) ;
#1033 = CARTESIAN_POINT ( 'NONE',  ( -27.69625603251205703, -0.2413335026669556349, -5.250000000000000000 ) ) ;
#1034 = AXIS2_PLACEMENT_3D ( 'NONE', #3290, #219, #2614 ) ;
#1035 = VERTEX_POINT ( 'NONE', #1438 ) ;
#1036 = ORIENTED_EDGE ( 'NONE', *, *, #4006, .F. ) ;
#1037 = DIRECTION ( 'NONE',  ( -0.000000000000000000, -0.000000000000000000, -1.000000000000000000 ) ) ;
#1038 = CARTESIAN_POINT ( 'NONE',  ( 35.12416427739158564, -4.178119462962476938, 5.250000000000000000 ) ) ;
#1039 = DIRECTION ( 'NONE',  ( -0.000000000000000000, -0.000000000000000000, -1.000000000000000000 ) ) ;
#1040 = VECTOR ( 'NONE', #2219, 1000.000000000000000 ) ;
#1041 = DIRECTION ( 'NONE',  ( 0.6755902076156635738, -0.7372773368101209757, 0.000000000000000000 ) ) ;
#1042 = ORIENTED_EDGE ( 'NONE', *, *, #1873, .F. ) ;
#1043 = CIRCLE ( 'NONE', #3182, 3.000000000000000000 ) ;
#1044 = ADVANCED_FACE ( 'NONE', ( #812 ), #3550, .T. ) ;
#1045 = CYLINDRICAL_SURFACE ( 'NONE', #2330, 1.900000000000012790 ) ;
#1046 = CARTESIAN_POINT ( 'NONE',  ( -30.14487539711820929, 8.499999999999996447, -3.750000000000000888 ) ) ;
#1047 = EDGE_LOOP ( 'NONE', ( #1475, #4402, #2838, #3571 ) ) ;
#1048 = EDGE_LOOP ( 'NONE', ( #932, #1362, #3377, #3348 ) ) ;
#1049 = VECTOR ( 'NONE', #3867, 1000.000000000000227 ) ;
#1050 = CARTESIAN_POINT ( 'NONE',  ( 14.02081026162005628, 24.17500381000705190, 5.250000000000000000 ) ) ;
#1051 = EDGE_CURVE ( 'NONE', #2416, #1395, #1786, .T. ) ;
#1052 = CARTESIAN_POINT ( 'NONE',  ( 16.00000000000001421, -43.22269074732326999, -5.250000000000001776 ) ) ;
#1053 = EDGE_CURVE ( 'NONE', #1300, #2200, #1837, .T. ) ;
#1054 = CONICAL_SURFACE ( 'NONE', #702, 2.225000000000032507, 0.7853981633974386201 ) ;
#1055 = CARTESIAN_POINT ( 'NONE',  ( -40.14487539711821285, 0.000000000000000000, 5.250000000000000000 ) ) ;
#1056 = CARTESIAN_POINT ( 'NONE',  ( -3.700943537748781154, 36.93622992927154058, -3.750000000000000444 ) ) ;
#1057 = CARTESIAN_POINT ( 'NONE',  ( -22.00000000000000000, -5.150057150114454529, -3.750000000000000444 ) ) ;
#1058 = AXIS2_PLACEMENT_3D ( 'NONE', #3929, #1516, #2886 ) ;
#1059 = ORIENTED_EDGE ( 'NONE', *, *, #1407, .F. ) ;
#1060 = VERTEX_POINT ( 'NONE', #3911 ) ;
#1061 = FACE_OUTER_BOUND ( 'NONE', #3700, .T. ) ;
#1062 = CYLINDRICAL_SURFACE ( 'NONE', #2767, 3.000000000000012879 ) ;
#1063 = CARTESIAN_POINT ( 'NONE',  ( -8.000033020065936640, 23.35000000000005116, -0.7499999999999997780 ) ) ;
#1064 = ORIENTED_EDGE ( 'NONE', *, *, #2952, .T. ) ;
#1065 = FACE_OUTER_BOUND ( 'NONE', #3614, .T. ) ;
#1066 = CARTESIAN_POINT ( 'NONE',  ( 16.39999999999998437, -5.150057150114454529, -0.7499999999999997780 ) ) ;
#1067 = ORIENTED_EDGE ( 'NONE', *, *, #1933, .F. ) ;
#1068 = ORIENTED_EDGE ( 'NONE', *, *, #4238, .F. ) ;
#1069 = EDGE_CURVE ( 'NONE', #3324, #2282, #1169, .T. ) ;
#1070 = DIRECTION ( 'NONE',  ( -1.000000000000000000, 0.000000000000000000, 0.000000000000000000 ) ) ;
#1071 = DIRECTION ( 'NONE',  ( -0.000000000000000000, -0.000000000000000000, 1.000000000000000000 ) ) ;
#1072 = CARTESIAN_POINT ( 'NONE',  ( 28.00000000000000000, 11.99999999999999822, -3.750000000000000888 ) ) ;
#1073 = ADVANCED_FACE ( 'NONE', ( #791 ), #2537, .T. ) ;
#1074 = EDGE_CURVE ( 'NONE', #1395, #2416, #2299, .T. ) ;
#1075 = CARTESIAN_POINT ( 'NONE',  ( -11.97424434848894315, 24.17500381000705190, 5.250000000000000000 ) ) ;
#1076 = DIRECTION ( 'NONE',  ( -0.000000000000000000, -0.000000000000000000, -1.000000000000000000 ) ) ;
#1077 = ORIENTED_EDGE ( 'NONE', *, *, #2071, .T. ) ;
#1078 = ORIENTED_EDGE ( 'NONE', *, *, #35, .F. ) ;
#1079 = DIRECTION ( 'NONE',  ( -0.000000000000000000, 0.000000000000000000, -1.000000000000000000 ) ) ;
#1080 = DIRECTION ( 'NONE',  ( 0.000000000000000000, 0.000000000000000000, 1.000000000000000000 ) ) ;
#1081 = ORIENTED_EDGE ( 'NONE', *, *, #1091, .T. ) ;
#1082 = ORIENTED_EDGE ( 'NONE', *, *, #2380, .T. ) ;
#1083 = CARTESIAN_POINT ( 'NONE',  ( -18.00000000000000000, -5.150057150114454529, -3.250000000000007550 ) ) ;
#1084 = DIRECTION ( 'NONE',  ( 1.000000000000000000, 0.000000000000000000, 0.000000000000000000 ) ) ;
#1085 = CARTESIAN_POINT ( 'NONE',  ( 26.00000000000000355, 21.25010530891830030, 5.250000000000000000 ) ) ;
#1086 = ORIENTED_EDGE ( 'NONE', *, *, #3176, .T. ) ;
#1087 = EDGE_LOOP ( 'NONE', ( #3725, #3900, #4230, #1790, #263, #4152, #2400 ) ) ;
#1088 = AXIS2_PLACEMENT_3D ( 'NONE', #926, #1217, #4027 ) ;
#1089 = LINE ( 'NONE', #3449, #3405 ) ;
#1090 = CARTESIAN_POINT ( 'NONE',  ( -20.27357682554798046, -27.32139380484326807, 5.250000000000000000 ) ) ;
#1091 = EDGE_CURVE ( 'NONE', #3277, #3600, #775, .T. ) ;
#1092 = AXIS2_PLACEMENT_3D ( 'NONE', #1128, #2802, #4176 ) ;
#1093 = AXIS2_PLACEMENT_3D ( 'NONE', #2060, #2698, #998 ) ;
#1094 = AXIS2_PLACEMENT_3D ( 'NONE', #3832, #3133, #2775 ) ;
#1095 = AXIS2_PLACEMENT_3D ( 'NONE', #1374, #3393, #328 ) ;
#1096 = FACE_OUTER_BOUND ( 'NONE', #1941, .T. ) ;
#1097 = FACE_OUTER_BOUND ( 'NONE', #70, .T. ) ;
#1098 = EDGE_CURVE ( 'NONE', #435, #1646, #2041, .T. ) ;
#1099 = EDGE_CURVE ( 'NONE', #1774, #1035, #2891, .T. ) ;
#1100 = CIRCLE ( 'NONE', #2159, 1.750000000000013767 ) ;
#1101 = ORIENTED_EDGE ( 'NONE', *, *, #2125, .F. ) ;
#1102 = ORIENTED_EDGE ( 'NONE', *, *, #3370, .F. ) ;
#1103 = FACE_OUTER_BOUND ( 'NONE', #155, .T. ) ;
#1104 = EDGE_CURVE ( 'NONE', #505, #2160, #858, .T. ) ;
#1105 = DIRECTION ( 'NONE',  ( 0.000000000000000000, 0.000000000000000000, -1.000000000000000000 ) ) ;
#1106 =( NAMED_UNIT ( * ) SI_UNIT ( $, .STERADIAN. ) SOLID_ANGLE_UNIT ( ) );
#1107 = ORIENTED_EDGE ( 'NONE', *, *, #3169, .T. ) ;
#1108 = CIRCLE ( 'NONE', #3474, 1.600000000000014522 ) ;
#1109 = CARTESIAN_POINT ( 'NONE',  ( -19.89055460398849107, -26.50000000000000000, -5.250000000000000888 ) ) ;
#1110 = VERTEX_POINT ( 'NONE', #1109 ) ;
#1111 = ORIENTED_EDGE ( 'NONE', *, *, #1269, .T. ) ;
#1112 = CIRCLE ( 'NONE', #3411, 1.750000000000011990 ) ;
#1113 = DIRECTION ( 'NONE',  ( -0.000000000000000000, -0.000000000000000000, -1.000000000000000000 ) ) ;
#1114 = CARTESIAN_POINT ( 'NONE',  ( -26.00000000000000000, 8.499999999999998224, 5.250000000000000000 ) ) ;
#1115 = AXIS2_PLACEMENT_3D ( 'NONE', #1176, #2542, #173 ) ;
#1116 = DIRECTION ( 'NONE',  ( -0.7372773368101209757, -0.6755902076156635738, 0.000000000000000000 ) ) ;
#1117 = CYLINDRICAL_SURFACE ( 'NONE', #1659, 5.500000000000001776 ) ;
#1118 = ORIENTED_EDGE ( 'NONE', *, *, #906, .T. ) ;
#1119 = VERTEX_POINT ( 'NONE', #525 ) ;
#1120 = EDGE_CURVE ( 'NONE', #1119, #1221, #1877, .T. ) ;
#1121 = DIRECTION ( 'NONE',  ( -1.000000000000000000, 0.000000000000000000, 0.000000000000000000 ) ) ;
#1122 = AXIS2_PLACEMENT_3D ( 'NONE', #2779, #4154, #1769 ) ;
#1123 = FACE_OUTER_BOUND ( 'NONE', #3134, .T. ) ;
#1124 = ORIENTED_EDGE ( 'NONE', *, *, #773, .T. ) ;
#1125 = EDGE_CURVE ( 'NONE', #545, #3689, #2488, .T. ) ;
#1126 = EDGE_CURVE ( 'NONE', #2539, #965, #3960, .T. ) ;
#1127 = DIRECTION ( 'NONE',  ( 1.000000000000000000, 0.000000000000000000, 0.000000000000000000 ) ) ;
#1128 = CARTESIAN_POINT ( 'NONE',  ( 13.00000000000000178, -43.22269074732326999, -2.250000000000001332 ) ) ;
#1129 = CARTESIAN_POINT ( 'NONE',  ( 12.00000000000006573, 23.35000000000005116, -1.249999999999981570 ) ) ;
#1130 = ORIENTED_EDGE ( 'NONE', *, *, #1478, .T. ) ;
#1131 = VERTEX_POINT ( 'NONE', #2508 ) ;
#1132 = LINE ( 'NONE', #1198, #683 ) ;
#1133 = DIRECTION ( 'NONE',  ( 0.000000000000000000, 0.000000000000000000, -1.000000000000000000 ) ) ;
#1134 = CARTESIAN_POINT ( 'NONE',  ( -33.54930253190232037, -11.50000000000000000, 5.250000000000000000 ) ) ;
#1135 = DIRECTION ( 'NONE',  ( -1.000000000000000000, 0.000000000000000000, 0.000000000000000000 ) ) ;
#1136 = CARTESIAN_POINT ( 'NONE',  ( 19.90000000000001279, -5.150057150114454529, -5.250000000000000000 ) ) ;
#1137 = CARTESIAN_POINT ( 'NONE',  ( -38.64487539711820574, 0.000000000000000000, 5.250000000000000000 ) ) ;
#1138 = ORIENTED_EDGE ( 'NONE', *, *, #2544, .T. ) ;
#1139 = EDGE_LOOP ( 'NONE', ( #2533, #2843, #3379, #1377 ) ) ;
#1140 = CYLINDRICAL_SURFACE ( 'NONE', #2017, 4.000000000000000888 ) ;
#1141 = DIRECTION ( 'NONE',  ( -0.7372773368101209757, -0.6755902076156635738, 0.000000000000000000 ) ) ;
#1142 = ORIENTED_EDGE ( 'NONE', *, *, #3948, .T. ) ;
#1143 = CYLINDRICAL_SURFACE ( 'NONE', #1743, 6.499999999999999112 ) ;
#1144 = DIRECTION ( 'NONE',  ( -0.6755902076156635738, -0.7372773368101209757, 0.000000000000000000 ) ) ;
#1145 = LINE ( 'NONE', #3231, #3055 ) ;
#1146 = EDGE_CURVE ( 'NONE', #4313, #605, #3724, .T. ) ;
#1147 = ORIENTED_EDGE ( 'NONE', *, *, #1719, .T. ) ;
#1148 = EDGE_CURVE ( 'NONE', #631, #3654, #3440, .T. ) ;
#1149 = VERTEX_POINT ( 'NONE', #942 ) ;
#1150 = CARTESIAN_POINT ( 'NONE',  ( -6.250033020065923317, 23.35000000000005116, -2.250000000000001332 ) ) ;
#1151 = CARTESIAN_POINT ( 'NONE',  ( -25.77125603251205987, -0.2413335026669553851, -4.949999999999961986 ) ) ;
#1152 = DIRECTION ( 'NONE',  ( -1.000000000000000000, -3.469446951953611033E-15, 0.000000000000000000 ) ) ;
#1153 = FACE_OUTER_BOUND ( 'NONE', #1744, .T. ) ;
#1154 = DIRECTION ( 'NONE',  ( 0.000000000000000000, 0.000000000000000000, 1.000000000000000000 ) ) ;
#1155 = CIRCLE ( 'NONE', #1735, 1.750000000000012879 ) ;
#1156 = DIRECTION ( 'NONE',  ( 0.000000000000000000, 0.000000000000000000, 1.000000000000000000 ) ) ;
#1157 = ORIENTED_EDGE ( 'NONE', *, *, #367, .F. ) ;
#1158 = EDGE_LOOP ( 'NONE', ( #3237, #1401 ) ) ;
#1159 = AXIS2_PLACEMENT_3D ( 'NONE', #1308, #3422, #356 ) ;
#1160 = ORIENTED_EDGE ( 'NONE', *, *, #3432, .F. ) ;
#1161 = CARTESIAN_POINT ( 'NONE',  ( -19.90000000000001279, -5.150057150114454529, -2.050000000000000266 ) ) ;
#1162 = VECTOR ( 'NONE', #228, 1000.000000000000000 ) ;
#1163 = DIRECTION ( 'NONE',  ( 0.000000000000000000, 0.000000000000000000, -1.000000000000000000 ) ) ;
#1164 = CARTESIAN_POINT ( 'NONE',  ( 13.49999999999999822, -41.54563976419840543, -5.250000000000000000 ) ) ;
#1165 = VERTEX_POINT ( 'NONE', #4425 ) ;
#1166 = EDGE_LOOP ( 'NONE', ( #2286, #2613, #896, #3205 ) ) ;
#1167 = VECTOR ( 'NONE', #3276, 1000.000000000000000 ) ;
#1168 = FACE_OUTER_BOUND ( 'NONE', #1425, .T. ) ;
#1169 = LINE ( 'NONE', #164, #952 ) ;
#1170 = AXIS2_PLACEMENT_3D ( 'NONE', #1772, #2423, #2781 ) ;
#1171 = DIRECTION ( 'NONE',  ( -0.000000000000000000, -0.000000000000000000, 1.000000000000000000 ) ) ;
#1172 = VECTOR ( 'NONE', #1929, 1000.000000000000000 ) ;
#1173 = ORIENTED_EDGE ( 'NONE', *, *, #1880, .F. ) ;
#1174 = EDGE_CURVE ( 'NONE', #2257, #1165, #188, .T. ) ;
#1175 = LINE ( 'NONE', #1552, #2748 ) ;
#1176 = CARTESIAN_POINT ( 'NONE',  ( -18.00000000000000000, -5.150057150114454529, -1.750000000000000222 ) ) ;
#1177 = VECTOR ( 'NONE', #2925, 1000.000000000000000 ) ;
#1178 = EDGE_CURVE ( 'NONE', #454, #3901, #3772, .T. ) ;
#1179 = EDGE_CURVE ( 'NONE', #1131, #2653, #3460, .T. ) ;
#1180 = FACE_OUTER_BOUND ( 'NONE', #1667, .T. ) ;
#1181 = DIRECTION ( 'NONE',  ( -1.000000000000000000, 2.312964634635742957E-16, 0.000000000000000000 ) ) ;
#1182 = LINE ( 'NONE', #1490, #106 ) ;
#1183 = DIRECTION ( 'NONE',  ( -1.000000000000000000, 0.000000000000000000, 0.000000000000000000 ) ) ;
#1184 = ORIENTED_EDGE ( 'NONE', *, *, #285, .F. ) ;
#1185 = CIRCLE ( 'NONE', #2397, 6.500000000000002665 ) ;
#1186 = ORIENTED_EDGE ( 'NONE', *, *, #818, .F. ) ;
#1187 = CARTESIAN_POINT ( 'NONE',  ( 8.000000000000063949, 23.35000000000005116, -1.249999999999981570 ) ) ;
#1188 = VECTOR ( 'NONE', #792, 1000.000000000000000 ) ;
#1189 = CARTESIAN_POINT ( 'NONE',  ( -16.40186894737724543, -24.50000000000000000, -3.750000000000000444 ) ) ;
#1190 = ORIENTED_EDGE ( 'NONE', *, *, #2540, .F. ) ;
#1191 = EDGE_LOOP ( 'NONE', ( #180, #3907, #834, #4155 ) ) ;
#1192 = CIRCLE ( 'NONE', #3491, 1.900000000000012790 ) ;
#1193 = CARTESIAN_POINT ( 'NONE',  ( 11.00000000000007816, 23.35000000000005116, -2.250000000000001332 ) ) ;
#1194 = DIRECTION ( 'NONE',  ( 0.000000000000000000, 0.000000000000000000, 1.000000000000000000 ) ) ;
#1195 = FACE_OUTER_BOUND ( 'NONE', #3251, .T. ) ;
#1196 = DIRECTION ( 'NONE',  ( 2.312964634635742957E-16, 1.000000000000000000, 0.000000000000000000 ) ) ;
#1197 = VERTEX_POINT ( 'NONE', #3746 ) ;
#1198 = CARTESIAN_POINT ( 'NONE',  ( 29.62125603251205774, -0.2413335026669553851, 4.750000000000000000 ) ) ;
#1199 = CARTESIAN_POINT ( 'NONE',  ( -16.09999999999998721, -5.150057150114454529, -5.250000000000000000 ) ) ;
#1200 = ORIENTED_EDGE ( 'NONE', *, *, #3011, .T. ) ;
#1201 = EDGE_CURVE ( 'NONE', #409, #2511, #1547, .T. ) ;
#1202 = DIRECTION ( 'NONE',  ( 0.000000000000000000, 0.000000000000000000, 1.000000000000000000 ) ) ;
#1203 = DIRECTION ( 'NONE',  ( -0.000000000000000000, -0.000000000000000000, -1.000000000000000000 ) ) ;
#1204 = DIRECTION ( 'NONE',  ( -1.000000000000000000, 0.000000000000000000, 0.000000000000000000 ) ) ;
#1205 = DIRECTION ( 'NONE',  ( -1.000000000000000000, 2.312964634635742957E-16, 0.000000000000000000 ) ) ;
#1206 = EDGE_CURVE ( 'NONE', #3062, #1371, #22, .T. ) ;
#1207 = EDGE_CURVE ( 'NONE', #1165, #915, #2946, .T. ) ;
#1208 = ORIENTED_EDGE ( 'NONE', *, *, #1426, .F. ) ;
#1209 = ORIENTED_EDGE ( 'NONE', *, *, #438, .T. ) ;
#1210 = DIRECTION ( 'NONE',  ( 0.000000000000000000, 1.000000000000000000, 0.000000000000000000 ) ) ;
#1211 = CARTESIAN_POINT ( 'NONE',  ( 27.69625603251205703, -0.2413335026669556349, -4.950000000000019718 ) ) ;
#1212 = EDGE_LOOP ( 'NONE', ( #1309, #971, #1024, #1184 ) ) ;
#1213 = ORIENTED_EDGE ( 'NONE', *, *, #3862, .F. ) ;
#1214 = CARTESIAN_POINT ( 'NONE',  ( -13.97424434848894492, 24.17500381000705190, -5.250000000000000000 ) ) ;
#1215 = DIRECTION ( 'NONE',  ( -0.000000000000000000, -0.000000000000000000, -1.000000000000000000 ) ) ;
#1216 = DIRECTION ( 'NONE',  ( 0.000000000000000000, 0.000000000000000000, 1.000000000000000000 ) ) ;
#1217 = DIRECTION ( 'NONE',  ( 0.000000000000000000, 0.000000000000000000, 1.000000000000000000 ) ) ;
#1218 = EDGE_LOOP ( 'NONE', ( #3135, #1138, #4024, #461 ) ) ;
#1219 = PLANE ( 'NONE',  #1684 ) ;
#1220 = DIRECTION ( 'NONE',  ( -1.000000000000000000, -3.469446951953615372E-15, 0.000000000000000000 ) ) ;
#1221 = VERTEX_POINT ( 'NONE', #3415 ) ;
#1222 = FACE_BOUND ( 'NONE', #1158, .T. ) ;
#1223 = CARTESIAN_POINT ( 'NONE',  ( 28.00000000000000000, 11.99999999999999822, 5.250000000000000000 ) ) ;
#1224 = ADVANCED_FACE ( 'NONE', ( #2367 ), #3345, .F. ) ;
#1225 = CARTESIAN_POINT ( 'NONE',  ( 18.00000000000000000, -5.150057150114454529, -0.7500000000000002220 ) ) ;
#1226 = DIRECTION ( 'NONE',  ( -0.000000000000000000, -0.000000000000000000, -1.000000000000000000 ) ) ;
#1227 = ORIENTED_EDGE ( 'NONE', *, *, #742, .T. ) ;
#1228 = VECTOR ( 'NONE', #1258, 1000.000000000000000 ) ;
#1229 = EDGE_CURVE ( 'NONE', #4259, #520, #2730, .T. ) ;
#1230 = ADVANCED_FACE ( 'NONE', ( #1632 ), #990, .F. ) ;
#1231 = VERTEX_POINT ( 'NONE', #1301 ) ;
#1232 = FACE_OUTER_BOUND ( 'NONE', #2239, .T. ) ;
#1233 = CARTESIAN_POINT ( 'NONE',  ( -16.09999999999998721, -5.150057150114454529, -5.250000000000000000 ) ) ;
#1234 = AXIS2_PLACEMENT_3D ( 'NONE', #614, #967, #4068 ) ;
#1235 = AXIS2_PLACEMENT_3D ( 'NONE', #392, #2797, #3462 ) ;
#1236 = ORIENTED_EDGE ( 'NONE', *, *, #1614, .T. ) ;
#1237 = EDGE_CURVE ( 'NONE', #4158, #4124, #2348, .T. ) ;
#1238 = CONICAL_SURFACE ( 'NONE', #1942, 4.000000000000001776, 0.7853981633974456145 ) ;
#1239 = LINE ( 'NONE', #2603, #327 ) ;
#1240 = AXIS2_PLACEMENT_3D ( 'NONE', #2076, #728, #769 ) ;
#1241 = DIRECTION ( 'NONE',  ( -1.000000000000000000, 0.000000000000000000, 0.000000000000000000 ) ) ;
#1242 = VERTEX_POINT ( 'NONE', #3070 ) ;
#1243 = VECTOR ( 'NONE', #2131, 1000.000000000000000 ) ;
#1244 = CIRCLE ( 'NONE', #2034, 4.000000000000000888 ) ;
#1245 = CARTESIAN_POINT ( 'NONE',  ( -37.80531982830802207, -6.427876096865347222, -5.250000000000000000 ) ) ;
#1246 = CIRCLE ( 'NONE', #2095, 6.500000000000000888 ) ;
#1247 = LINE ( 'NONE', #2609, #2401 ) ;
#1248 = VERTEX_POINT ( 'NONE', #4045 ) ;
#1249 = EDGE_LOOP ( 'NONE', ( #4241, #4015, #1102, #1669 ) ) ;
#1250 = FACE_OUTER_BOUND ( 'NONE', #1212, .T. ) ;
#1251 = CARTESIAN_POINT ( 'NONE',  ( 29.62125603251205774, -0.2413335026669553851, -4.950000000000019718 ) ) ;
#1252 = CARTESIAN_POINT ( 'NONE',  ( -12.43321886569159318, 25.45581282046559934, -2.157543544689699111 ) ) ;
#1253 = FACE_OUTER_BOUND ( 'NONE', #2394, .T. ) ;
#1254 = AXIS2_PLACEMENT_3D ( 'NONE', #2248, #3581, #153 ) ;
#1255 = ORIENTED_EDGE ( 'NONE', *, *, #1873, .T. ) ;
#1256 = AXIS2_PLACEMENT_3D ( 'NONE', #4384, #977, #1312 ) ;
#1257 = ORIENTED_EDGE ( 'NONE', *, *, #933, .F. ) ;
#1258 = DIRECTION ( 'NONE',  ( 2.312964634635742464E-16, 1.000000000000000000, -0.000000000000000000 ) ) ;
#1259 = CARTESIAN_POINT ( 'NONE',  ( 13.50000000000000178, -31.22269074732326288, -0.7499999999999997780 ) ) ;
#1260 = VECTOR ( 'NONE', #2494, 1000.000000000000000 ) ;
#1261 = VERTEX_POINT ( 'NONE', #4106 ) ;
#1262 = ADVANCED_FACE ( 'NONE', ( #706 ), #2055, .F. ) ;
#1263 = EDGE_LOOP ( 'NONE', ( #2381, #2619, #2186, #1862 ) ) ;
#1264 = FACE_OUTER_BOUND ( 'NONE', #2839, .T. ) ;
#1265 = CIRCLE ( 'NONE', #2111, 10.00000000000000178 ) ;
#1266 = DIRECTION ( 'NONE',  ( -0.000000000000000000, -0.000000000000000000, -1.000000000000000000 ) ) ;
#1267 = DIRECTION ( 'NONE',  ( -0.000000000000000000, -0.000000000000000000, -1.000000000000000000 ) ) ;
#1268 = ADVANCED_FACE ( 'NONE', ( #2837 ), #1117, .T. ) ;
#1269 = EDGE_CURVE ( 'NONE', #508, #3689, #599, .T. ) ;
#1270 = ORIENTED_EDGE ( 'NONE', *, *, #1848, .T. ) ;
#1271 = VECTOR ( 'NONE', #4094, 1000.000000000000000 ) ;
#1272 = DIRECTION ( 'NONE',  ( -1.000000000000000000, 0.000000000000000000, 0.000000000000000000 ) ) ;
#1273 = CARTESIAN_POINT ( 'NONE',  ( -30.14487539711820929, 9.999999999999998224, 5.250000000000000000 ) ) ;
#1274 = ORIENTED_EDGE ( 'NONE', *, *, #2352, .T. ) ;
#1275 = ORIENTED_EDGE ( 'NONE', *, *, #4216, .F. ) ;
#1276 = FACE_BOUND ( 'NONE', #850, .T. ) ;
#1277 = LINE ( 'NONE', #4018, #1679 ) ;
#1278 = CARTESIAN_POINT ( 'NONE',  ( -8.000000000000000000, 37.74406644123207144, -5.250000000000000000 ) ) ;
#1279 = ORIENTED_EDGE ( 'NONE', *, *, #1825, .F. ) ;
#1280 = FACE_OUTER_BOUND ( 'NONE', #1299, .T. ) ;
#1281 = CARTESIAN_POINT ( 'NONE',  ( -26.00000000000000355, 21.25010530891830030, 5.250000000000000000 ) ) ;
#1282 = ORIENTED_EDGE ( 'NONE', *, *, #3650, .F. ) ;
#1283 = EDGE_LOOP ( 'NONE', ( #1208, #3209 ) ) ;
#1284 = DIRECTION ( 'NONE',  ( -0.6427876096865349220, -0.7660444431189816772, 0.000000000000000000 ) ) ;
#1285 = EDGE_CURVE ( 'NONE', #1999, #2000, #4150, .T. ) ;
#1286 = LINE ( 'NONE', #4026, #3846 ) ;
#1287 = CYLINDRICAL_SURFACE ( 'NONE', #2662, 2.000000000000000000 ) ;
#1288 = EDGE_LOOP ( 'NONE', ( #4258, #2108 ) ) ;
#1289 = EDGE_CURVE ( 'NONE', #1934, #4100, #4309, .T. ) ;
#1290 = CYLINDRICAL_SURFACE ( 'NONE', #2162, 3.000000000000002665 ) ;
#1291 = ADVANCED_FACE ( 'NONE', ( #4208 ), #1721, .F. ) ;
#1292 = CARTESIAN_POINT ( 'NONE',  ( -27.69625603251205703, -0.2413335026669556349, -5.250000000000000000 ) ) ;
#1293 = EDGE_LOOP ( 'NONE', ( #3063, #2964, #1940, #2999, #436 ) ) ;
#1294 = ORIENTED_EDGE ( 'NONE', *, *, #1207, .T. ) ;
#1295 = DIRECTION ( 'NONE',  ( 0.000000000000000000, 0.000000000000000000, 1.000000000000000000 ) ) ;
#1296 = FACE_BOUND ( 'NONE', #884, .T. ) ;
#1297 = CARTESIAN_POINT ( 'NONE',  ( -22.50000000000000000, 12.00000000000000355, 5.250000000000000000 ) ) ;
#1298 = FACE_OUTER_BOUND ( 'NONE', #114, .T. ) ;
#1299 = EDGE_LOOP ( 'NONE', ( #2005, #1953, #1279, #747 ) ) ;
#1300 = VERTEX_POINT ( 'NONE', #3087 ) ;
#1301 = CARTESIAN_POINT ( 'NONE',  ( -10.49999999999999467, -57.72269074732326288, -3.750000000000000444 ) ) ;
#1302 = ORIENTED_EDGE ( 'NONE', *, *, #472, .T. ) ;
#1303 = ORIENTED_EDGE ( 'NONE', *, *, #3864, .T. ) ;
#1304 = AXIS2_PLACEMENT_3D ( 'NONE', #1223, #2835, #1135 ) ;
#1305 = DIRECTION ( 'NONE',  ( 1.000000000000000000, 0.000000000000000000, 0.000000000000000000 ) ) ;
#1306 = DIRECTION ( 'NONE',  ( -1.000000000000000000, 0.000000000000000000, 0.000000000000000000 ) ) ;
#1307 = LINE ( 'NONE', #949, #3705 ) ;
#1308 = CARTESIAN_POINT ( 'NONE',  ( 13.00000000000000178, -43.22269074732326999, -0.7500000000000002220 ) ) ;
#1309 = ORIENTED_EDGE ( 'NONE', *, *, #3175, .F. ) ;
#1310 = VECTOR ( 'NONE', #2915, 1000.000000000000000 ) ;
#1311 = CIRCLE ( 'NONE', #3528, 9.999999999999998224 ) ;
#1312 = DIRECTION ( 'NONE',  ( -1.000000000000000000, 0.000000000000000000, 0.000000000000000000 ) ) ;
#1313 = DIRECTION ( 'NONE',  ( 0.000000000000000000, 0.000000000000000000, 1.000000000000000000 ) ) ;
#1314 = ORIENTED_EDGE ( 'NONE', *, *, #790, .F. ) ;
#1315 = CONICAL_SURFACE ( 'NONE', #31, 4.000000000000000000, 0.7853981633974456145 ) ;
#1316 = EDGE_LOOP ( 'NONE', ( #386, #1606, #3913, #1913 ) ) ;
#1317 = ADVANCED_FACE ( 'NONE', ( #87 ), #3497, .T. ) ;
#1318 = DIRECTION ( 'NONE',  ( -3.083923978207811463E-16, 1.000000000000000000, 0.000000000000000000 ) ) ;
#1319 = VECTOR ( 'NONE', #340, 1000.000000000000000 ) ;
#1320 = DIRECTION ( 'NONE',  ( -1.000000000000000000, 0.000000000000000000, 0.000000000000000000 ) ) ;
#1321 = DIRECTION ( 'NONE',  ( -1.000000000000000000, 0.000000000000000000, 0.000000000000000000 ) ) ;
#1322 = FACE_OUTER_BOUND ( 'NONE', #3663, .T. ) ;
#1323 = AXIS2_PLACEMENT_3D ( 'NONE', #3504, #521, #995 ) ;
#1324 = ADVANCED_FACE ( 'NONE', ( #1414 ), #2791, .F. ) ;
#1325 = EDGE_CURVE ( 'NONE', #3036, #3154, #3516, .T. ) ;
#1326 = EDGE_LOOP ( 'NONE', ( #4151, #3298, #3363, #3616 ) ) ;
#1327 = CARTESIAN_POINT ( 'NONE',  ( 13.56240153237872192, 22.21715105298323323, -2.926568808545954692 ) ) ;
#1328 = DIRECTION ( 'NONE',  ( -1.000000000000000000, 0.000000000000000000, 0.000000000000000000 ) ) ;
#1329 = EDGE_LOOP ( 'NONE', ( #2865, #1002, #2445, #3125 ) ) ;
#1330 = CIRCLE ( 'NONE', #894, 5.500000000000001776 ) ;
#1331 = ORIENTED_EDGE ( 'NONE', *, *, #2715, .F. ) ;
#1332 = CARTESIAN_POINT ( 'NONE',  ( -17.00000000000000000, -31.22269074732326288, 5.250000000000000000 ) ) ;
#1333 = CARTESIAN_POINT ( 'NONE',  ( -13.49999999999999822, -48.02995479184387051, -2.082059430659003230 ) ) ;
#1334 = ORIENTED_EDGE ( 'NONE', *, *, #1854, .T. ) ;
#1335 = CIRCLE ( 'NONE', #1965, 3.000000000000012879 ) ;
#1336 = DIRECTION ( 'NONE',  ( 0.000000000000000000, 0.000000000000000000, 1.000000000000000000 ) ) ;
#1337 = CARTESIAN_POINT ( 'NONE',  ( -35.12416427739158564, -4.178119462962476938, 5.250000000000000000 ) ) ;
#1338 = EDGE_LOOP ( 'NONE', ( #1853, #1925, #2116, #3074 ) ) ;
#1339 = AXIS2_PLACEMENT_3D ( 'NONE', #359, #60, #776 ) ;
#1340 = VERTEX_POINT ( 'NONE', #3872 ) ;
#1341 = B_SPLINE_CURVE_WITH_KNOTS ( 'NONE', 3,
 ( #3755, #1993, #1333, #712 ),
 .UNSPECIFIED., .F., .F.,
 ( 4, 4 ),
 ( 0.000000000000000000, 0.003544109959009928475 ),
 .UNSPECIFIED. ) ;
#1342 = CONICAL_SURFACE ( 'NONE', #481, 4.000000000000000000, 0.7853981633974453924 ) ;
#1343 = FACE_OUTER_BOUND ( 'NONE', #1139, .T. ) ;
#1344 = FACE_OUTER_BOUND ( 'NONE', #651, .T. ) ;
#1345 = DIRECTION ( 'NONE',  ( -0.000000000000000000, -0.000000000000000000, -1.000000000000000000 ) ) ;
#1346 = EDGE_CURVE ( 'NONE', #4287, #2160, #4393, .T. ) ;
#1347 = APPLICATION_CONTEXT ( 'automotive_design' ) ;
#1348 = VERTEX_POINT ( 'NONE', #803 ) ;
#1349 = PLANE ( 'NONE',  #2322 ) ;
#1350 = CARTESIAN_POINT ( 'NONE',  ( 13.00000000000000178, -43.22269074732326999, -5.250000000000000000 ) ) ;
#1351 = EDGE_CURVE ( 'NONE', #459, #2652, #3852, .T. ) ;
#1352 = EDGE_CURVE ( 'NONE', #378, #3081, #740, .T. ) ;
#1353 = ORIENTED_EDGE ( 'NONE', *, *, #3674, .T. ) ;
#1354 = VERTEX_POINT ( 'NONE', #1802 ) ;
#1355 = CARTESIAN_POINT ( 'NONE',  ( 32.44481455280286042, -8.182926119680185906, -3.750000000000000888 ) ) ;
#1356 = CARTESIAN_POINT ( 'NONE',  ( 26.00000000000000355, 16.84999999999999432, 5.250000000000000000 ) ) ;
#1357 = DIRECTION ( 'NONE',  ( 0.000000000000000000, -0.000000000000000000, 1.000000000000000000 ) ) ;
#1358 = VERTEX_POINT ( 'NONE', #1473 ) ;
#1359 = CARTESIAN_POINT ( 'NONE',  ( 8.000000000000000000, 37.74406644123207144, 5.250000000000000000 ) ) ;
#1360 = FACE_OUTER_BOUND ( 'NONE', #2898, .T. ) ;
#1361 = VERTEX_POINT ( 'NONE', #1392 ) ;
#1362 = ORIENTED_EDGE ( 'NONE', *, *, #3584, .F. ) ;
#1363 = DIRECTION ( 'NONE',  ( 0.000000000000000000, -0.000000000000000000, 1.000000000000000000 ) ) ;
#1364 = CARTESIAN_POINT ( 'NONE',  ( 18.00000000000000000, -5.150057150114454529, -3.750000000000000444 ) ) ;
#1365 = DIRECTION ( 'NONE',  ( -1.000000000000000000, 0.000000000000000000, 0.000000000000000000 ) ) ;
#1366 = ORIENTED_EDGE ( 'NONE', *, *, #559, .T. ) ;
#1367 = ADVANCED_FACE ( 'NONE', ( #1097 ), #4131, .T. ) ;
#1368 = CYLINDRICAL_SURFACE ( 'NONE', #1753, 1.750000000000012879 ) ;
#1369 = DIRECTION ( 'NONE',  ( -1.000000000000000000, 0.000000000000000000, 0.000000000000000000 ) ) ;
#1370 = ORIENTED_EDGE ( 'NONE', *, *, #4162, .F. ) ;
#1371 = VERTEX_POINT ( 'NONE', #1057 ) ;
#1372 = EDGE_CURVE ( 'NONE', #3265, #2693, #3793, .T. ) ;
#1373 = EDGE_CURVE ( 'NONE', #1728, #2135, #89, .T. ) ;
#1374 = CARTESIAN_POINT ( 'NONE',  ( -8.000033020065936640, 23.35000000000005116, -0.7500000000000002220 ) ) ;
#1375 = CARTESIAN_POINT ( 'NONE',  ( -13.00000000000000178, -43.22269074732326999, -1.249999999999981570 ) ) ;
#1376 = FACE_BOUND ( 'NONE', #278, .T. ) ;
#1377 = ORIENTED_EDGE ( 'NONE', *, *, #83, .F. ) ;
#1378 = EDGE_CURVE ( 'NONE', #687, #3403, #1432, .T. ) ;
#1379 = VECTOR ( 'NONE', #3604, 1000.000000000000114 ) ;
#1380 = CARTESIAN_POINT ( 'NONE',  ( 4.000000000000063061, 23.35000000000005116, -1.249999999999981570 ) ) ;
#1381 = DIRECTION ( 'NONE',  ( 0.000000000000000000, 0.000000000000000000, 1.000000000000000000 ) ) ;
#1382 = ORIENTED_EDGE ( 'NONE', *, *, #3313, .F. ) ;
#1383 = AXIS2_PLACEMENT_3D ( 'NONE', #1449, #2498, #3453 ) ;
#1384 = ORIENTED_EDGE ( 'NONE', *, *, #2507, .F. ) ;
#1385 = CARTESIAN_POINT ( 'NONE',  ( -13.50000000000000178, -31.22269074732326288, 5.250000000000000000 ) ) ;
#1386 = LINE ( 'NONE', #2750, #3969 ) ;
#1387 = VECTOR ( 'NONE', #1709, 1000.000000000000000 ) ;
#1388 = DIRECTION ( 'NONE',  ( -1.000000000000000000, 0.000000000000000000, 0.000000000000000000 ) ) ;
#1389 = AXIS2_PLACEMENT_3D ( 'NONE', #570, #1917, #2255 ) ;
#1390 = LINE ( 'NONE', #1075, #3043 ) ;
#1391 = AXIS2_PLACEMENT_3D ( 'NONE', #506, #149, #2830 ) ;
#1392 = CARTESIAN_POINT ( 'NONE',  ( 22.75590207615663729, 24.22277336810120474, 5.250000000000000000 ) ) ;
#1393 = AXIS2_PLACEMENT_3D ( 'NONE', #3041, #607, #1320 ) ;
#1394 = ORIENTED_EDGE ( 'NONE', *, *, #414, .T. ) ;
#1395 = VERTEX_POINT ( 'NONE', #179 ) ;
#1396 = CARTESIAN_POINT ( 'NONE',  ( -13.50000000000000178, -31.22269074732326288, -0.7499999999999997780 ) ) ;
#1397 = FACE_OUTER_BOUND ( 'NONE', #2056, .T. ) ;
#1398 = ADVANCED_FACE ( 'NONE', ( #1253 ), #827, .F. ) ;
#1399 = CIRCLE ( 'NONE', #2890, 6.500000000000007105 ) ;
#1400 = PLANE ( 'NONE',  #3239 ) ;
#1401 = ORIENTED_EDGE ( 'NONE', *, *, #2770, .F. ) ;
#1402 = VECTOR ( 'NONE', #1720, 1000.000000000000000 ) ;
#1403 = CARTESIAN_POINT ( 'NONE',  ( 13.50000000000000178, -34.86239308998526809, 5.250000000000000000 ) ) ;
#1404 = CARTESIAN_POINT ( 'NONE',  ( -40.14487539711821285, 0.000000000000000000, -5.250000000000000000 ) ) ;
#1405 = EDGE_CURVE ( 'NONE', #1922, #3540, #3159, .T. ) ;
#1406 = VERTEX_POINT ( 'NONE', #2249 ) ;
#1407 = EDGE_CURVE ( 'NONE', #3952, #648, #448, .T. ) ;
#1408 = ORIENTED_EDGE ( 'NONE', *, *, #35, .T. ) ;
#1409 = AXIS2_PLACEMENT_3D ( 'NONE', #4019, #1650, #2291 ) ;
#1410 = FACE_OUTER_BOUND ( 'NONE', #2161, .T. ) ;
#1411 = CARTESIAN_POINT ( 'NONE',  ( -22.50000000000000000, 12.00000000000000355, -3.750000000000000888 ) ) ;
#1412 = CARTESIAN_POINT ( 'NONE',  ( -30.95842445486375638, -9.142654862272840077, -3.750000000000000444 ) ) ;
#1413 = DIRECTION ( 'NONE',  ( 3.083923978207811463E-16, 1.000000000000000000, -0.000000000000000000 ) ) ;
#1414 = FACE_OUTER_BOUND ( 'NONE', #1927, .T. ) ;
#1415 = VERTEX_POINT ( 'NONE', #4294 ) ;
#1416 = VERTEX_POINT ( 'NONE', #3968 ) ;
#1417 = CYLINDRICAL_SURFACE ( 'NONE', #2378, 8.500000000000000000 ) ;
#1418 = CYLINDRICAL_SURFACE ( 'NONE', #1122, 1.999999999999998224 ) ;
#1419 =( LENGTH_UNIT ( ) NAMED_UNIT ( * ) SI_UNIT ( .MILLI., .METRE. ) );
#1420 = ORIENTED_EDGE ( 'NONE', *, *, #3283, .F. ) ;
#1421 = ADVANCED_FACE ( 'NONE', ( #2567 ), #1238, .T. ) ;
#1422 = CARTESIAN_POINT ( 'NONE',  ( -13.49999999999999822, -44.89974173044812744, -5.250000000000000000 ) ) ;
#1423 = CARTESIAN_POINT ( 'NONE',  ( -16.00000000000000000, 16.84999999999999787, 5.250000000000000000 ) ) ;
#1424 = VERTEX_POINT ( 'NONE', #3221 ) ;
#1425 = EDGE_LOOP ( 'NONE', ( #2435, #4223, #810, #1630 ) ) ;
#1426 = EDGE_CURVE ( 'NONE', #3385, #2061, #805, .T. ) ;
#1427 = ADVANCED_FACE ( 'NONE', ( #1892 ), #154, .T. ) ;
#1428 = DIRECTION ( 'NONE',  ( 0.000000000000000000, 0.000000000000000000, 1.000000000000000000 ) ) ;
#1429 = DIRECTION ( 'NONE',  ( -1.000000000000000000, 0.000000000000000000, 0.000000000000000000 ) ) ;
#1430 = CARTESIAN_POINT ( 'NONE',  ( 13.99999999999999822, -5.150057150114454529, -0.7500000000000002220 ) ) ;
#1431 = DIRECTION ( 'NONE',  ( 0.000000000000000000, 0.000000000000000000, 1.000000000000000000 ) ) ;
#1432 = LINE ( 'NONE', #3113, #2372 ) ;
#1433 = ORIENTED_EDGE ( 'NONE', *, *, #2148, .T. ) ;
#1434 = EDGE_LOOP ( 'NONE', ( #2816, #2694 ) ) ;
#1435 = DIRECTION ( 'NONE',  ( 0.6427876096865349220, 0.7660444431189816772, 0.000000000000000000 ) ) ;
#1436 = DIRECTION ( 'NONE',  ( -1.000000000000000000, 0.000000000000000000, 0.000000000000000000 ) ) ;
#1437 = ORIENTED_EDGE ( 'NONE', *, *, #2484, .F. ) ;
#1438 = CARTESIAN_POINT ( 'NONE',  ( -19.33955556881018012, -28.43451699311991021, -5.250000000000000000 ) ) ;
#1439 = CARTESIAN_POINT ( 'NONE',  ( -37.80531982830802207, -6.427876096865348998, 5.250000000000000000 ) ) ;
#1440 = ORIENTED_EDGE ( 'NONE', *, *, #1229, .F. ) ;
#1441 = ORIENTED_EDGE ( 'NONE', *, *, #4358, .F. ) ;
#1442 = CIRCLE ( 'NONE', #2872, 2.000000000000001776 ) ;
#1443 = DIRECTION ( 'NONE',  ( -0.000000000000000000, -0.000000000000000000, -1.000000000000000000 ) ) ;
#1444 = CARTESIAN_POINT ( 'NONE',  ( 19.60000000000001208, -5.150057150114454529, -0.7499999999999997780 ) ) ;
#1445 = VECTOR ( 'NONE', #366, 1000.000000000000000 ) ;
#1446 = EDGE_CURVE ( 'NONE', #991, #2436, #603, .T. ) ;
#1447 = AXIS2_PLACEMENT_3D ( 'NONE', #3923, #1205, #3997 ) ;
#1448 = DIRECTION ( 'NONE',  ( -1.000000000000000000, 0.000000000000000000, 0.000000000000000000 ) ) ;
#1449 = CARTESIAN_POINT ( 'NONE',  ( -27.69625603251205703, -0.2413335026669556349, -4.949999999999961986 ) ) ;
#1450 = ADVANCED_FACE ( 'NONE', ( #847 ), #470, .T. ) ;
#1451 = EDGE_CURVE ( 'NONE', #542, #2780, #2618, .T. ) ;
#1452 = ORIENTED_EDGE ( 'NONE', *, *, #1407, .T. ) ;
#1453 = ORIENTED_EDGE ( 'NONE', *, *, #1778, .F. ) ;
#1454 = AXIS2_PLACEMENT_3D ( 'NONE', #2149, #1465, #4267 ) ;
#1455 = LINE ( 'NONE', #3796, #2448 ) ;
#1456 = AXIS2_PLACEMENT_3D ( 'NONE', #2427, #3108, #736 ) ;
#1457 = CARTESIAN_POINT ( 'NONE',  ( 30.14487539711820929, 34.24406644123207144, 5.250000000000000000 ) ) ;
#1458 = ORIENTED_EDGE ( 'NONE', *, *, #2479, .T. ) ;
#1459 = CARTESIAN_POINT ( 'NONE',  ( 26.99999999999999645, -34.86239308998526809, -3.750000000000000888 ) ) ;
#1460 = CARTESIAN_POINT ( 'NONE',  ( 25.77125603251205987, -0.2413335026669556349, -3.750000000000000888 ) ) ;
#1461 = ORIENTED_EDGE ( 'NONE', *, *, #1497, .T. ) ;
#1462 = ORIENTED_EDGE ( 'NONE', *, *, #551, .T. ) ;
#1463 = AXIS2_PLACEMENT_3D ( 'NONE', #3317, #2296, #3678 ) ;
#1464 = CIRCLE ( 'NONE', #2612, 1.750000000000013767 ) ;
#1465 = DIRECTION ( 'NONE',  ( 0.000000000000000000, 0.000000000000000000, 1.000000000000000000 ) ) ;
#1466 = CARTESIAN_POINT ( 'NONE',  ( 17.00000000000000000, -31.22269074732326288, -5.250000000000000000 ) ) ;
#1467 = CIRCLE ( 'NONE', #2899, 4.000000000000000000 ) ;
#1468 = CONICAL_SURFACE ( 'NONE', #2617, 2.500000000000002220, 0.7853981633974456145 ) ;
#1469 = CYLINDRICAL_SURFACE ( 'NONE', #745, 1.924999999999999600 ) ;
#1470 = CARTESIAN_POINT ( 'NONE',  ( -29.62125603251205774, -0.2413335026669556349, -4.949999999999961986 ) ) ;
#1471 = ADVANCED_FACE ( 'NONE', ( #222 ), #893, .F. ) ;
#1472 = CARTESIAN_POINT ( 'NONE',  ( -18.40186894737724899, -11.50000000000000000, -5.250000000000000888 ) ) ;
#1473 = CARTESIAN_POINT ( 'NONE',  ( -22.50000000000000000, 16.84999999999999787, -3.750000000000000888 ) ) ;
#1474 = AXIS2_PLACEMENT_3D ( 'NONE', #4412, #1624, #266 ) ;
#1475 = ORIENTED_EDGE ( 'NONE', *, *, #994, .F. ) ;
#1476 = ORIENTED_EDGE ( 'NONE', *, *, #2513, .F. ) ;
#1477 = ADVANCED_FACE ( 'NONE', ( #203 ), #2549, .T. ) ;
#1478 = EDGE_CURVE ( 'NONE', #4351, #513, #1589, .T. ) ;
#1479 = CARTESIAN_POINT ( 'NONE',  ( -8.000033020065936640, 23.35000000000005116, -3.750000000000000444 ) ) ;
#1480 = LINE ( 'NONE', #3856, #911 ) ;
#1481 = ORIENTED_EDGE ( 'NONE', *, *, #790, .T. ) ;
#1482 = DIRECTION ( 'NONE',  ( -0.000000000000000000, -0.000000000000000000, -1.000000000000000000 ) ) ;
#1483 = LINE ( 'NONE', #1858, #3267 ) ;
#1484 = ORIENTED_EDGE ( 'NONE', *, *, #2374, .T. ) ;
#1485 = ORIENTED_EDGE ( 'NONE', *, *, #4165, .T. ) ;
#1486 = DIRECTION ( 'NONE',  ( -0.6427876096865349220, 0.7660444431189816772, 0.000000000000000000 ) ) ;
#1487 = LINE ( 'NONE', #3531, #1819 ) ;
#1488 = DIRECTION ( 'NONE',  ( 0.000000000000000000, -0.000000000000000000, -1.000000000000000000 ) ) ;
#1489 = CARTESIAN_POINT ( 'NONE',  ( -8.000033020065936640, 23.35000000000005116, -5.250000000000000000 ) ) ;
#1490 = CARTESIAN_POINT ( 'NONE',  ( -16.39999999999998437, -5.150057150114454529, -5.250000000000000000 ) ) ;
#1491 = CARTESIAN_POINT ( 'NONE',  ( -27.00000000000000000, -34.86239308998526809, -5.250000000000000000 ) ) ;
#1492 = VERTEX_POINT ( 'NONE', #566 ) ;
#1493 = ORIENTED_EDGE ( 'NONE', *, *, #1751, .F. ) ;
#1494 = CARTESIAN_POINT ( 'NONE',  ( -20.50000000000000000, -5.150057150114454529, -1.750000000000000222 ) ) ;
#1495 = CYLINDRICAL_SURFACE ( 'NONE', #1623, 4.000000000000000000 ) ;
#1496 = B_SPLINE_CURVE_WITH_KNOTS ( 'NONE', 3,
 ( #3075, #371, #300, #3710 ),
 .UNSPECIFIED., .F., .F.,
 ( 4, 4 ),
 ( 0.000000000000000000, 0.003544109959009928475 ),
 .UNSPECIFIED. ) ;
#1497 = EDGE_CURVE ( 'NONE', #1361, #4287, #1912, .T. ) ;
#1498 = ORIENTED_EDGE ( 'NONE', *, *, #822, .T. ) ;
#1499 = DIRECTION ( 'NONE',  ( 0.000000000000000000, 0.000000000000000000, -1.000000000000000000 ) ) ;
#1500 = CARTESIAN_POINT ( 'NONE',  ( 13.00000000000000178, -43.22269074732326999, -2.250000000000001332 ) ) ;
#1501 = EDGE_CURVE ( 'NONE', #3265, #1035, #2153, .T. ) ;
#1502 = ADVANCED_FACE ( 'NONE', ( #2524 ), #3899, .F. ) ;
#1503 = ORIENTED_EDGE ( 'NONE', *, *, #1607, .F. ) ;
#1504 = CARTESIAN_POINT ( 'NONE',  ( -13.50000000000000000, -54.72269074732326288, -3.750000000000000444 ) ) ;
#1505 = CARTESIAN_POINT ( 'NONE',  ( -18.00000000000000000, -5.150057150114454529, -1.750000000000000222 ) ) ;
#1506 = FACE_OUTER_BOUND ( 'NONE', #88, .T. ) ;
#1507 = LINE ( 'NONE', #845, #1863 ) ;
#1508 = DIRECTION ( 'NONE',  ( 0.000000000000000000, 0.000000000000000000, 1.000000000000000000 ) ) ;
#1509 = VECTOR ( 'NONE', #1525, 1000.000000000000227 ) ;
#1510 = DIRECTION ( 'NONE',  ( -1.000000000000000000, 0.000000000000000000, 0.000000000000000000 ) ) ;
#1511 = VECTOR ( 'NONE', #4399, 1000.000000000000000 ) ;
#1512 = EDGE_LOOP ( 'NONE', ( #3738, #3547 ) ) ;
#1513 = ORIENTED_EDGE ( 'NONE', *, *, #1237, .F. ) ;
#1514 = DIRECTION ( 'NONE',  ( -0.000000000000000000, -0.000000000000000000, -1.000000000000000000 ) ) ;
#1515 = CIRCLE ( 'NONE', #3240, 3.000000000000012879 ) ;
#1516 = DIRECTION ( 'NONE',  ( 0.000000000000000000, -1.000000000000000000, 0.000000000000000000 ) ) ;
#1517 = ORIENTED_EDGE ( 'NONE', *, *, #414, .F. ) ;
#1518 = VERTEX_POINT ( 'NONE', #2659 ) ;
#1519 = CIRCLE ( 'NONE', #2227, 3.000000000000002665 ) ;
#1520 = CARTESIAN_POINT ( 'NONE',  ( -18.00000000000000000, -5.150057150114454529, -0.7500000000000002220 ) ) ;
#1521 = ADVANCED_FACE ( 'NONE', ( #3018 ), #4063, .F. ) ;
#1522 = CARTESIAN_POINT ( 'NONE',  ( 20.39133634950181673, 21.64230268926578304, 5.250000000000000000 ) ) ;
#1523 = DIRECTION ( 'NONE',  ( 0.000000000000000000, 0.000000000000000000, 1.000000000000000000 ) ) ;
#1524 = CIRCLE ( 'NONE', #2452, 2.000000000000000000 ) ;
#1525 = DIRECTION ( 'NONE',  ( 0.6427876096865349220, -0.7660444431189816772, 0.000000000000000000 ) ) ;
#1526 = VERTEX_POINT ( 'NONE', #2272 ) ;
#1527 = EDGE_CURVE ( 'NONE', #2652, #1010, #3099, .T. ) ;
#1528 = FACE_OUTER_BOUND ( 'NONE', #1293, .T. ) ;
#1529 = EDGE_CURVE ( 'NONE', #3344, #3307, #2519, .T. ) ;
#1530 = DIRECTION ( 'NONE',  ( 1.000000000000000000, 0.000000000000000000, 0.000000000000000000 ) ) ;
#1531 = ORIENTED_EDGE ( 'NONE', *, *, #3204, .F. ) ;
#1532 = CIRCLE ( 'NONE', #2463, 1.750000000000011990 ) ;
#1533 = VECTOR ( 'NONE', #3109, 1000.000000000000000 ) ;
#1534 = DIRECTION ( 'NONE',  ( 1.000000000000000000, 0.000000000000000000, 0.000000000000000000 ) ) ;
#1535 = DIRECTION ( 'NONE',  ( -1.000000000000000000, 0.000000000000000000, 0.000000000000000000 ) ) ;
#1536 = CARTESIAN_POINT ( 'NONE',  ( 13.49999999999999645, -54.72269074732326288, 5.250000000000000000 ) ) ;
#1537 = DIRECTION ( 'NONE',  ( 0.000000000000000000, 0.000000000000000000, 1.000000000000000000 ) ) ;
#1538 = EDGE_LOOP ( 'NONE', ( #2350, #501, #2117, #1554 ) ) ;
#1539 = CIRCLE ( 'NONE', #4062, 2.999999999999999112 ) ;
#1540 = CARTESIAN_POINT ( 'NONE',  ( -30.14487539711820929, 9.999999999999998224, -5.250000000000000000 ) ) ;
#1541 = AXIS2_PLACEMENT_3D ( 'NONE', #1439, #417, #1692 ) ;
#1542 = DIRECTION ( 'NONE',  ( -1.000000000000000000, 0.000000000000000000, 0.000000000000000000 ) ) ;
#1543 = ORIENTED_EDGE ( 'NONE', *, *, #395, .F. ) ;
#1544 = VERTEX_POINT ( 'NONE', #3312 ) ;
#1545 = AXIS2_PLACEMENT_3D ( 'NONE', #997, #3729, #73 ) ;
#1546 = CARTESIAN_POINT ( 'NONE',  ( -13.50000000000000178, -31.22269074732326288, -0.7499999999999997780 ) ) ;
#1547 = LINE ( 'NONE', #1009, #1511 ) ;
#1548 = DIRECTION ( 'NONE',  ( -1.000000000000000000, 0.000000000000000000, 0.000000000000000000 ) ) ;
#1549 = CARTESIAN_POINT ( 'NONE',  ( -13.00000000000000178, -43.22269074732326999, -2.250000000000001332 ) ) ;
#1550 = ORIENTED_EDGE ( 'NONE', *, *, #3589, .T. ) ;
#1551 = ADVANCED_FACE ( 'NONE', ( #918 ), #609, .F. ) ;
#1552 = CARTESIAN_POINT ( 'NONE',  ( -10.49999999999999645, -57.72269074732326288, 5.250000000000000000 ) ) ;
#1553 = CARTESIAN_POINT ( 'NONE',  ( 8.000000000000063949, 23.35000000000005116, -0.7500000000000002220 ) ) ;
#1554 = ORIENTED_EDGE ( 'NONE', *, *, #4092, .F. ) ;
#1555 = EDGE_CURVE ( 'NONE', #4209, #74, #3340, .T. ) ;
#1556 = EDGE_CURVE ( 'NONE', #3722, #687, #2804, .T. ) ;
#1557 = DIRECTION ( 'NONE',  ( -1.000000000000000000, 0.000000000000000000, 0.000000000000000000 ) ) ;
#1558 = DIRECTION ( 'NONE',  ( 2.312964634635742464E-16, -1.000000000000000000, 0.000000000000000000 ) ) ;
#1559 = LINE ( 'NONE', #1891, #1177 ) ;
#1560 = DIRECTION ( 'NONE',  ( 1.000000000000000000, 0.000000000000000000, 0.000000000000000000 ) ) ;
#1561 = EDGE_CURVE ( 'NONE', #4278, #3403, #679, .T. ) ;
#1562 = VERTEX_POINT ( 'NONE', #2707 ) ;
#1563 = DIRECTION ( 'NONE',  ( -0.000000000000000000, -0.000000000000000000, -1.000000000000000000 ) ) ;
#1564 = LINE ( 'NONE', #1259, #172 ) ;
#1565 = ORIENTED_EDGE ( 'NONE', *, *, #1372, .F. ) ;
#1566 = ORIENTED_EDGE ( 'NONE', *, *, #2098, .T. ) ;
#1567 = DIRECTION ( 'NONE',  ( 1.000000000000000000, 0.000000000000000000, 0.000000000000000000 ) ) ;
#1568 = FACE_OUTER_BOUND ( 'NONE', #2278, .T. ) ;
#1569 = VERTEX_POINT ( 'NONE', #656 ) ;
#1570 = LINE ( 'NONE', #2938, #1032 ) ;
#1571 = CARTESIAN_POINT ( 'NONE',  ( 26.99999999999999645, -34.86239308998526809, 5.250000000000000000 ) ) ;
#1572 = ORIENTED_EDGE ( 'NONE', *, *, #4421, .F. ) ;
#1573 = ORIENTED_EDGE ( 'NONE', *, *, #2654, .T. ) ;
#1574 = CARTESIAN_POINT ( 'NONE',  ( 26.99999999999999645, -34.86239308998526809, 5.250000000000000000 ) ) ;
#1575 = DIRECTION ( 'NONE',  ( -0.000000000000000000, -0.000000000000000000, -1.000000000000000000 ) ) ;
#1576 = DIRECTION ( 'NONE',  ( 0.000000000000000000, 0.000000000000000000, 1.000000000000000000 ) ) ;
#1577 = DIRECTION ( 'NONE',  ( -1.000000000000000000, 0.000000000000000000, 0.000000000000000000 ) ) ;
#1578 = ADVANCED_FACE ( 'NONE', ( #1984, #1322 ), #2344, .F. ) ;
#1579 = ORIENTED_EDGE ( 'NONE', *, *, #797, .T. ) ;
#1580 = VECTOR ( 'NONE', #1558, 1000.000000000000000 ) ;
#1581 = EDGE_LOOP ( 'NONE', ( #3247, #4234, #1408, #3252, #2269 ) ) ;
#1582 = DIRECTION ( 'NONE',  ( -1.000000000000000000, 0.000000000000000000, 0.000000000000000000 ) ) ;
#1583 = EDGE_CURVE ( 'NONE', #2908, #734, #2016, .T. ) ;
#1584 = ADVANCED_FACE ( 'NONE', ( #3410 ), #1629, .F. ) ;
#1585 = DIRECTION ( 'NONE',  ( 2.312964634635742957E-16, 1.000000000000000000, -0.000000000000000000 ) ) ;
#1586 = AXIS2_PLACEMENT_3D ( 'NONE', #2754, #2415, #2094 ) ;
#1587 = ORIENTED_EDGE ( 'NONE', *, *, #2018, .F. ) ;
#1588 = ORIENTED_EDGE ( 'NONE', *, *, #2654, .F. ) ;
#1589 = CIRCLE ( 'NONE', #26, 1.750000000000013767 ) ;
#1590 = FACE_OUTER_BOUND ( 'NONE', #2674, .T. ) ;
#1591 = DIRECTION ( 'NONE',  ( -0.000000000000000000, -0.000000000000000000, -1.000000000000000000 ) ) ;
#1592 = DIRECTION ( 'NONE',  ( 0.000000000000000000, 0.000000000000000000, -1.000000000000000000 ) ) ;
#1593 = ORIENTED_EDGE ( 'NONE', *, *, #2922, .T. ) ;
#1594 = CIRCLE ( 'NONE', #3167, 3.000000000000002665 ) ;
#1595 = AXIS2_PLACEMENT_3D ( 'NONE', #4311, #2265, #238 ) ;
#1596 = DIRECTION ( 'NONE',  ( -0.000000000000000000, -0.000000000000000000, -1.000000000000000000 ) ) ;
#1597 = VECTOR ( 'NONE', #1602, 1000.000000000000000 ) ;
#1598 = DIRECTION ( 'NONE',  ( -0.6427876096865349220, 0.7660444431189816772, 0.000000000000000000 ) ) ;
#1599 = ORIENTED_EDGE ( 'NONE', *, *, #2433, .F. ) ;
#1600 = ORIENTED_EDGE ( 'NONE', *, *, #3976, .T. ) ;
#1601 = ADVANCED_BREP_SHAPE_REPRESENTATION ( 'LQ26-05HGI-01-016', ( #2395, #2875 ), #23 ) ;
#1602 = DIRECTION ( 'NONE',  ( -0.000000000000000000, -0.000000000000000000, -1.000000000000000000 ) ) ;
#1603 = CARTESIAN_POINT ( 'NONE',  ( 6.499999999999995559, -43.22269074732326999, -3.750000000000000444 ) ) ;
#1604 = DIRECTION ( 'NONE',  ( -1.000000000000000000, 0.000000000000000000, 0.000000000000000000 ) ) ;
#1605 = VECTOR ( 'NONE', #4347, 1000.000000000000227 ) ;
#1606 = ORIENTED_EDGE ( 'NONE', *, *, #2870, .T. ) ;
#1607 = EDGE_CURVE ( 'NONE', #3918, #480, #2758, .T. ) ;
#1608 = CARTESIAN_POINT ( 'NONE',  ( 13.35821654071440001, 22.27621481560342787, -2.714496661207342232 ) ) ;
#1609 = DIRECTION ( 'NONE',  ( -0.000000000000000000, -0.000000000000000000, -1.000000000000000000 ) ) ;
#1610 = CARTESIAN_POINT ( 'NONE',  ( -16.40186894737724543, -26.50000000000000355, 5.250000000000000000 ) ) ;
#1611 = VECTOR ( 'NONE', #2067, 1000.000000000000000 ) ;
#1612 = ORIENTED_EDGE ( 'NONE', *, *, #3175, .T. ) ;
#1613 = ORIENTED_EDGE ( 'NONE', *, *, #559, .F. ) ;
#1614 = EDGE_CURVE ( 'NONE', #3447, #2539, #3066, .T. ) ;
#1615 = ADVANCED_FACE ( 'NONE', ( #1298 ), #4084, .F. ) ;
#1616 = CARTESIAN_POINT ( 'NONE',  ( -8.000033020065936640, 23.35000000000005116, -2.250000000000001332 ) ) ;
#1617 = CIRCLE ( 'NONE', #192, 1.924999999999999600 ) ;
#1618 = SURFACE_STYLE_FILL_AREA ( #4051 ) ;
#1619 = CARTESIAN_POINT ( 'NONE',  ( 25.55051025721682123, 8.499999999999998224, 5.250000000000000000 ) ) ;
#1620 = ORIENTED_EDGE ( 'NONE', *, *, #913, .F. ) ;
#1621 = CIRCLE ( 'NONE', #2550, 9.999999999999998224 ) ;
#1622 = DIRECTION ( 'NONE',  ( 0.000000000000000000, -0.000000000000000000, 1.000000000000000000 ) ) ;
#1623 = AXIS2_PLACEMENT_3D ( 'NONE', #1808, #2119, #3545 ) ;
#1624 = DIRECTION ( 'NONE',  ( -0.000000000000000000, -0.000000000000000000, -1.000000000000000000 ) ) ;
#1625 = ORIENTED_EDGE ( 'NONE', *, *, #1932, .F. ) ;
#1626 = VERTEX_POINT ( 'NONE', #3721 ) ;
#1627 = CARTESIAN_POINT ( 'NONE',  ( 16.00000000000000000, 16.84999999999999787, 5.250000000000000000 ) ) ;
#1628 = CARTESIAN_POINT ( 'NONE',  ( -32.44481455280266147, -8.182926119680507426, 5.250000000000000000 ) ) ;
#1629 = CYLINDRICAL_SURFACE ( 'NONE', #1690, 1.900000000000012790 ) ;
#1630 = ORIENTED_EDGE ( 'NONE', *, *, #492, .T. ) ;
#1631 = ORIENTED_EDGE ( 'NONE', *, *, #64, .T. ) ;
#1632 = FACE_OUTER_BOUND ( 'NONE', #4350, .T. ) ;
#1633 = DIRECTION ( 'NONE',  ( 0.000000000000000000, 0.000000000000000000, -1.000000000000000000 ) ) ;
#1634 = ORIENTED_EDGE ( 'NONE', *, *, #2709, .F. ) ;
#1635 = VERTEX_POINT ( 'NONE', #3383 ) ;
#1636 = DIRECTION ( 'NONE',  ( -1.000000000000000000, 0.000000000000000000, 0.000000000000000000 ) ) ;
#1637 = DIRECTION ( 'NONE',  ( -1.000000000000000000, 0.000000000000000000, 0.000000000000000000 ) ) ;
#1638 = EDGE_CURVE ( 'NONE', #3358, #4429, #4419, .T. ) ;
#1639 = FACE_BOUND ( 'NONE', #2584, .T. ) ;
#1640 = ORIENTED_EDGE ( 'NONE', *, *, #1146, .F. ) ;
#1641 = DIRECTION ( 'NONE',  ( -1.000000000000000000, 0.000000000000000000, 0.000000000000000000 ) ) ;
#1642 = CARTESIAN_POINT ( 'NONE',  ( -30.14487539711820929, 0.000000000000000000, -5.250000000000000000 ) ) ;
#1643 = EDGE_CURVE ( 'NONE', #1221, #2345, #3910, .T. ) ;
#1644 = ORIENTED_EDGE ( 'NONE', *, *, #418, .F. ) ;
#1645 = EDGE_CURVE ( 'NONE', #3509, #115, #1335, .T. ) ;
#1646 = VERTEX_POINT ( 'NONE', #2130 ) ;
#1647 = CARTESIAN_POINT ( 'NONE',  ( -16.00000000000000000, 16.84999999999999787, 5.250000000000000000 ) ) ;
#1648 = DIRECTION ( 'NONE',  ( -1.000000000000000000, 0.000000000000000000, 0.000000000000000000 ) ) ;
#1649 = DIRECTION ( 'NONE',  ( 0.000000000000000000, -0.000000000000000000, 1.000000000000000000 ) ) ;
#1650 = DIRECTION ( 'NONE',  ( -0.000000000000000000, -0.000000000000000000, -1.000000000000000000 ) ) ;
#1651 = ORIENTED_EDGE ( 'NONE', *, *, #1994, .T. ) ;
#1652 = VERTEX_POINT ( 'NONE', #3769 ) ;
#1653 = CARTESIAN_POINT ( 'NONE',  ( 12.04339482766384073, 24.48417865541671290, -1.448858210106937383 ) ) ;
#1654 = ORIENTED_EDGE ( 'NONE', *, *, #4041, .F. ) ;
#1655 = EDGE_LOOP ( 'NONE', ( #2703, #580, #1810, #3682 ) ) ;
#1656 = AXIS2_PLACEMENT_3D ( 'NONE', #866, #891, #3537 ) ;
#1657 = CARTESIAN_POINT ( 'NONE',  ( 13.50000000000000000, -39.25406378072637636, -0.7500000000000002220 ) ) ;
#1658 = DIRECTION ( 'NONE',  ( -1.000000000000000000, -0.000000000000000000, -0.000000000000000000 ) ) ;
#1659 = AXIS2_PLACEMENT_3D ( 'NONE', #2115, #110, #3435 ) ;
#1660 = CARTESIAN_POINT ( 'NONE',  ( -30.14487539711820929, 9.999999999999998224, 5.250000000000000000 ) ) ;
#1661 = DIRECTION ( 'NONE',  ( 1.000000000000000000, 0.000000000000000000, 0.000000000000000000 ) ) ;
#1662 = ORIENTED_EDGE ( 'NONE', *, *, #1879, .T. ) ;
#1663 = VECTOR ( 'NONE', #232, 1000.000000000000000 ) ;
#1664 = EDGE_CURVE ( 'NONE', #4167, #927, #2327, .T. ) ;
#1665 = DIRECTION ( 'NONE',  ( -0.000000000000000000, -0.000000000000000000, 1.000000000000000000 ) ) ;
#1666 = DIRECTION ( 'NONE',  ( -0.7071067811865406894, 0.000000000000000000, -0.7071067811865544561 ) ) ;
#1667 = EDGE_LOOP ( 'NONE', ( #3454, #4073, #1874, #3438 ) ) ;
#1668 = VECTOR ( 'NONE', #4375, 1000.000000000000114 ) ;
#1669 = ORIENTED_EDGE ( 'NONE', *, *, #345, .F. ) ;
#1670 = CIRCLE ( 'NONE', #2232, 2.999999999999999112 ) ;
#1671 = EDGE_CURVE ( 'NONE', #3190, #3114, #1467, .T. ) ;
#1672 = ADVANCED_FACE ( 'NONE', ( #1718 ), #4104, .F. ) ;
#1673 = LINE ( 'NONE', #2682, #1807 ) ;
#1674 = AXIS2_PLACEMENT_3D ( 'NONE', #3670, #1004, #2657 ) ;
#1675 = CARTESIAN_POINT ( 'NONE',  ( -26.00000000000000000, 12.00000000000000178, -5.250000000000000000 ) ) ;
#1676 = CARTESIAN_POINT ( 'NONE',  ( -11.99406232417469198, 24.49148015259594047, -1.402058471328294420 ) ) ;
#1677 = CARTESIAN_POINT ( 'NONE',  ( -18.40186894737724543, -24.50000000000000000, -28.03232820709284212 ) ) ;
#1678 = ORIENTED_EDGE ( 'NONE', *, *, #3400, .F. ) ;
#1679 = VECTOR ( 'NONE', #2428, 1000.000000000000000 ) ;
#1680 = CARTESIAN_POINT ( 'NONE',  ( 12.97693597667615073, 22.45606327540884806, -2.306306876015074003 ) ) ;
#1681 = CARTESIAN_POINT ( 'NONE',  ( 13.85723206598027346, 26.16830312870237307, -3.750000000000000444 ) ) ;
#1682 = ORIENTED_EDGE ( 'NONE', *, *, #1269, .F. ) ;
#1683 = AXIS2_PLACEMENT_3D ( 'NONE', #1741, #1431, #2454 ) ;
#1684 = AXIS2_PLACEMENT_3D ( 'NONE', #2493, #1884, #1486 ) ;
#1685 = ORIENTED_EDGE ( 'NONE', *, *, #2763, .T. ) ;
#1686 = LINE ( 'NONE', #2735, #4315 ) ;
#1687 = DIRECTION ( 'NONE',  ( -1.000000000000000000, 0.000000000000000000, 0.000000000000000000 ) ) ;
#1688 = DIRECTION ( 'NONE',  ( -1.000000000000000000, 0.000000000000000000, 0.000000000000000000 ) ) ;
#1689 = ORIENTED_EDGE ( 'NONE', *, *, #2815, .F. ) ;
#1690 = AXIS2_PLACEMENT_3D ( 'NONE', #2004, #1345, #294 ) ;
#1691 = CARTESIAN_POINT ( 'NONE',  ( 22.00000000000000000, -5.150057150114453641, -3.750000000000000444 ) ) ;
#1692 = DIRECTION ( 'NONE',  ( -0.6427876096865349220, 0.7660444431189816772, 0.000000000000000000 ) ) ;
#1693 = ORIENTED_EDGE ( 'NONE', *, *, #878, .T. ) ;
#1694 = AXIS2_PLACEMENT_3D ( 'NONE', #4178, #2765, #1021 ) ;
#1695 = ADVANCED_FACE ( 'NONE', ( #3131 ), #738, .T. ) ;
#1696 = ORIENTED_EDGE ( 'NONE', *, *, #1989, .T. ) ;
#1697 = VECTOR ( 'NONE', #1973, 1000.000000000000000 ) ;
#1698 = CARTESIAN_POINT ( 'NONE',  ( -28.98037701923936993, -11.50000000000000000, 5.250000000000000000 ) ) ;
#1699 = FACE_OUTER_BOUND ( 'NONE', #3927, .T. ) ;
#1700 = DIRECTION ( 'NONE',  ( 0.000000000000000000, 0.000000000000000000, -1.000000000000000000 ) ) ;
#1701 = EDGE_CURVE ( 'NONE', #4139, #333, #2174, .T. ) ;
#1702 = EDGE_CURVE ( 'NONE', #2768, #2908, #2112, .T. ) ;
#1703 = ORIENTED_EDGE ( 'NONE', *, *, #1017, .F. ) ;
#1704 = EDGE_LOOP ( 'NONE', ( #1042, #2953, #1370, #338 ) ) ;
#1705 = DIRECTION ( 'NONE',  ( 0.6427876096865349220, 0.7660444431189816772, 0.000000000000000000 ) ) ;
#1706 = EDGE_CURVE ( 'NONE', #1354, #2194, #2773, .T. ) ;
#1707 = ORIENTED_EDGE ( 'NONE', *, *, #2430, .T. ) ;
#1708 = VERTEX_POINT ( 'NONE', #1430 ) ;
#1709 = DIRECTION ( 'NONE',  ( 0.000000000000000000, 0.000000000000000000, -1.000000000000000000 ) ) ;
#1710 = CARTESIAN_POINT ( 'NONE',  ( -13.97424434848894492, 24.17500381000705190, 5.250000000000000000 ) ) ;
#1711 = CARTESIAN_POINT ( 'NONE',  ( 26.00000000000000355, 16.84999999999999787, 5.250000000000000000 ) ) ;
#1712 = ORIENTED_EDGE ( 'NONE', *, *, #587, .F. ) ;
#1713 = DIRECTION ( 'NONE',  ( 0.000000000000000000, 0.000000000000000000, 1.000000000000000000 ) ) ;
#1714 = EDGE_LOOP ( 'NONE', ( #951, #4328, #2504, #992 ) ) ;
#1715 = ORIENTED_EDGE ( 'NONE', *, *, #388, .F. ) ;
#1716 = FACE_OUTER_BOUND ( 'NONE', #2469, .T. ) ;
#1717 = PLANE ( 'NONE',  #181 ) ;
#1718 = FACE_OUTER_BOUND ( 'NONE', #2527, .T. ) ;
#1719 = EDGE_CURVE ( 'NONE', #409, #542, #4338, .T. ) ;
#1720 = DIRECTION ( 'NONE',  ( 3.083923978207811463E-16, 1.000000000000000000, 0.000000000000000000 ) ) ;
#1721 = CYLINDRICAL_SURFACE ( 'NONE', #2220, 1.750000000000011990 ) ;
#1722 = ORIENTED_EDGE ( 'NONE', *, *, #143, .T. ) ;
#1723 = ORIENTED_EDGE ( 'NONE', *, *, #2352, .F. ) ;
#1724 = EDGE_CURVE ( 'NONE', #1646, #1007, #1185, .T. ) ;
#1725 = CARTESIAN_POINT ( 'NONE',  ( 30.95842445486404060, -9.142654862272507899, 5.250000000000000000 ) ) ;
#1726 = DIRECTION ( 'NONE',  ( -1.000000000000000000, 0.000000000000000000, 0.000000000000000000 ) ) ;
#1727 = LINE ( 'NONE', #1164, #2086 ) ;
#1728 = VERTEX_POINT ( 'NONE', #1444 ) ;
#1729 = AXIS2_PLACEMENT_3D ( 'NONE', #157, #1514, #3296 ) ;
#1730 = DIRECTION ( 'NONE',  ( 0.000000000000000000, 0.000000000000000000, 1.000000000000000000 ) ) ;
#1731 = CARTESIAN_POINT ( 'NONE',  ( 29.62125603251205774, -0.2413335026669553851, -4.950000000000019718 ) ) ;
#1732 = ORIENTED_EDGE ( 'NONE', *, *, #2020, .T. ) ;
#1733 = AXIS2_PLACEMENT_3D ( 'NONE', #838, #1144, #2467 ) ;
#1734 = EDGE_LOOP ( 'NONE', ( #2859, #828, #298, #3819 ) ) ;
#1735 = AXIS2_PLACEMENT_3D ( 'NONE', #1063, #4138, #1661 ) ;
#1736 = CARTESIAN_POINT ( 'NONE',  ( 25.77125603251205987, -0.2413335026669556349, -4.950000000000019718 ) ) ;
#1737 = FACE_OUTER_BOUND ( 'NONE', #4143, .T. ) ;
#1738 = CIRCLE ( 'NONE', #3316, 2.225000000000032507 ) ;
#1739 = DIRECTION ( 'NONE',  ( 0.000000000000000000, 0.000000000000000000, 1.000000000000000000 ) ) ;
#1740 = VECTOR ( 'NONE', #2596, 1000.000000000000000 ) ;
#1741 = CARTESIAN_POINT ( 'NONE',  ( 27.69625603251205703, -0.2413335026669556349, -5.250000000000000000 ) ) ;
#1742 = CARTESIAN_POINT ( 'NONE',  ( 18.00000000000000000, -5.150057150114454529, -0.7499999999999997780 ) ) ;
#1743 = AXIS2_PLACEMENT_3D ( 'NONE', #2065, #2088, #1759 ) ;
#1744 = EDGE_LOOP ( 'NONE', ( #4366, #1236, #3564, #1462 ) ) ;
#1745 = EDGE_CURVE ( 'NONE', #3908, #864, #3829, .T. ) ;
#1746 = ORIENTED_EDGE ( 'NONE', *, *, #2147, .T. ) ;
#1747 = DIRECTION ( 'NONE',  ( -1.000000000000000000, 0.000000000000000000, 0.000000000000000000 ) ) ;
#1748 = CARTESIAN_POINT ( 'NONE',  ( 22.50000000000000000, 16.84999999999999787, -3.750000000000000888 ) ) ;
#1749 = CIRCLE ( 'NONE', #821, 1.924999999999999600 ) ;
#1750 = EDGE_CURVE ( 'NONE', #3053, #3588, #343, .T. ) ;
#1751 = EDGE_CURVE ( 'NONE', #1358, #535, #2809, .T. ) ;
#1752 = ORIENTED_EDGE ( 'NONE', *, *, #3533, .T. ) ;
#1753 = AXIS2_PLACEMENT_3D ( 'NONE', #763, #4105, #1448 ) ;
#1754 = CARTESIAN_POINT ( 'NONE',  ( 13.49999999999999822, -44.89974173044812744, -0.7499999999999997780 ) ) ;
#1755 = CARTESIAN_POINT ( 'NONE',  ( -30.14487539711820929, 8.499999999999998224, 5.250000000000000000 ) ) ;
#1756 = ORIENTED_EDGE ( 'NONE', *, *, #1932, .T. ) ;
#1757 = ORIENTED_EDGE ( 'NONE', *, *, #2175, .F. ) ;
#1758 = VECTOR ( 'NONE', #761, 1000.000000000000000 ) ;
#1759 = DIRECTION ( 'NONE',  ( -1.000000000000000000, 0.000000000000000000, 0.000000000000000000 ) ) ;
#1760 = CARTESIAN_POINT ( 'NONE',  ( 18.00000000000000000, -5.150057150114454529, -2.050000000000000266 ) ) ;
#1761 = CIRCLE ( 'NONE', #2040, 2.999999999999999112 ) ;
#1762 = LINE ( 'NONE', #2451, #1758 ) ;
#1763 = VECTOR ( 'NONE', #3395, 1000.000000000000000 ) ;
#1764 = CARTESIAN_POINT ( 'NONE',  ( -16.00000000000001421, -43.22269074732326999, -2.250000000000001332 ) ) ;
#1765 = DIRECTION ( 'NONE',  ( -0.000000000000000000, -0.000000000000000000, -1.000000000000000000 ) ) ;
#1766 = EDGE_LOOP ( 'NONE', ( #4343, #280, #3570, #2555 ) ) ;
#1767 = EDGE_LOOP ( 'NONE', ( #1493, #1678, #4290, #1620 ) ) ;
#1768 = DIRECTION ( 'NONE',  ( -0.000000000000000000, -0.000000000000000000, -1.000000000000000000 ) ) ;
#1769 = DIRECTION ( 'NONE',  ( -1.000000000000000000, 0.000000000000000000, 0.000000000000000000 ) ) ;
#1770 = VERTEX_POINT ( 'NONE', #3168 ) ;
#1771 = EDGE_CURVE ( 'NONE', #3553, #4158, #104, .T. ) ;
#1772 = CARTESIAN_POINT ( 'NONE',  ( 14.02081026162005628, 24.17500381000705190, -5.250000000000000000 ) ) ;
#1773 = CARTESIAN_POINT ( 'NONE',  ( -14.75000000000001421, -43.22269074732326999, -2.250000000000001332 ) ) ;
#1774 = VERTEX_POINT ( 'NONE', #3789 ) ;
#1775 = ORIENTED_EDGE ( 'NONE', *, *, #3674, .F. ) ;
#1776 = EDGE_CURVE ( 'NONE', #4265, #691, #830, .T. ) ;
#1777 = LINE ( 'NONE', #65, #1533 ) ;
#1778 = EDGE_CURVE ( 'NONE', #2539, #3847, #3849, .T. ) ;
#1779 = DIRECTION ( 'NONE',  ( 0.000000000000000000, 0.000000000000000000, 1.000000000000000000 ) ) ;
#1780 = DIRECTION ( 'NONE',  ( -3.083923978207811463E-16, 1.000000000000000000, 0.000000000000000000 ) ) ;
#1781 = DIRECTION ( 'NONE',  ( -1.000000000000000000, 0.000000000000000000, 0.000000000000000000 ) ) ;
#1782 = ORIENTED_EDGE ( 'NONE', *, *, #4145, .F. ) ;
#1783 = ORIENTED_EDGE ( 'NONE', *, *, #2408, .T. ) ;
#1784 = DIRECTION ( 'NONE',  ( -0.000000000000000000, -0.000000000000000000, -1.000000000000000000 ) ) ;
#1785 = LINE ( 'NONE', #1457, #959 ) ;
#1786 = CIRCLE ( 'NONE', #3881, 1.750000000000013767 ) ;
#1787 = VERTEX_POINT ( 'NONE', #1412 ) ;
#1788 = CARTESIAN_POINT ( 'NONE',  ( -13.49999999999999645, -47.19131771392015651, -0.7500000000000002220 ) ) ;
#1789 = CARTESIAN_POINT ( 'NONE',  ( 9.750000000000078160, 23.35000000000005116, -5.250000000000000000 ) ) ;
#1790 = ORIENTED_EDGE ( 'NONE', *, *, #3925, .T. ) ;
#1791 = ORIENTED_EDGE ( 'NONE', *, *, #2680, .F. ) ;
#1792 = EDGE_CURVE ( 'NONE', #691, #1774, #3472, .T. ) ;
#1793 = DIRECTION ( 'NONE',  ( 1.000000000000000000, 0.000000000000000000, 0.000000000000000000 ) ) ;
#1794 = DIRECTION ( 'NONE',  ( -0.000000000000000000, -0.000000000000000000, -1.000000000000000000 ) ) ;
#1795 = EDGE_CURVE ( 'NONE', #875, #2492, #1762, .T. ) ;
#1796 = ADVANCED_FACE ( 'NONE', ( #150 ), #2516, .T. ) ;
#1797 = AXIS2_PLACEMENT_3D ( 'NONE', #2158, #3539, #1577 ) ;
#1798 = CARTESIAN_POINT ( 'NONE',  ( 1.500000000000056843, 23.35000000000005116, -3.750000000000000444 ) ) ;
#1799 = AXIS2_PLACEMENT_3D ( 'NONE', #2930, #4299, #1916 ) ;
#1800 = DIRECTION ( 'NONE',  ( -1.000000000000000000, 0.000000000000000000, 0.000000000000000000 ) ) ;
#1801 = LINE ( 'NONE', #3150, #3473 ) ;
#1802 = CARTESIAN_POINT ( 'NONE',  ( -40.14487539711821285, 0.000000000000000000, 5.250000000000000000 ) ) ;
#1803 = AXIS2_PLACEMENT_3D ( 'NONE', #3920, #3579, #1488 ) ;
#1804 = VERTEX_POINT ( 'NONE', #2562 ) ;
#1805 = VERTEX_POINT ( 'NONE', #1199 ) ;
#1806 = FACE_OUTER_BOUND ( 'NONE', #786, .T. ) ;
#1807 = VECTOR ( 'NONE', #4059, 1000.000000000000000 ) ;
#1808 = CARTESIAN_POINT ( 'NONE',  ( -18.00000000000000000, -5.150057150114454529, -0.7500000000000002220 ) ) ;
#1809 = CARTESIAN_POINT ( 'NONE',  ( 13.49999999999999822, -41.54563976419840543, -0.7499999999999997780 ) ) ;
#1810 = ORIENTED_EDGE ( 'NONE', *, *, #2461, .T. ) ;
#1811 = CIRCLE ( 'NONE', #2320, 0.5000000000000004441 ) ;
#1812 = CARTESIAN_POINT ( 'NONE',  ( -32.61668721559231443, -9.500000000000000000, 5.250000000000000000 ) ) ;
#1813 = CARTESIAN_POINT ( 'NONE',  ( -16.09999999999998721, -5.150057150114454529, -2.050000000000000266 ) ) ;
#1814 = VERTEX_POINT ( 'NONE', #2920 ) ;
#1815 = ORIENTED_EDGE ( 'NONE', *, *, #1017, .T. ) ;
#1816 = CIRCLE ( 'NONE', #3325, 2.000000000000000000 ) ;
#1817 = CARTESIAN_POINT ( 'NONE',  ( -20.39133634950181673, 21.64230268926578660, 5.250000000000000000 ) ) ;
#1818 = CARTESIAN_POINT ( 'NONE',  ( 37.80531982830802207, -6.427876096865348998, -5.250000000000000000 ) ) ;
#1819 = VECTOR ( 'NONE', #489, 1000.000000000000000 ) ;
#1820 = CIRCLE ( 'NONE', #3191, 9.999999999999998224 ) ;
#1821 = CARTESIAN_POINT ( 'NONE',  ( 18.00000000000000000, -5.150057150114454529, -5.250000000000000000 ) ) ;
#1822 = CARTESIAN_POINT ( 'NONE',  ( -16.40186894737724899, -13.50000000000000000, -5.250000000000000888 ) ) ;
#1823 = DIRECTION ( 'NONE',  ( -0.000000000000000000, -0.000000000000000000, -1.000000000000000000 ) ) ;
#1824 = CARTESIAN_POINT ( 'NONE',  ( 26.99999999999999645, -34.86239308998526809, 5.250000000000000000 ) ) ;
#1825 = EDGE_CURVE ( 'NONE', #3025, #2223, #842, .T. ) ;
#1826 = EDGE_CURVE ( 'NONE', #1804, #2257, #4289, .T. ) ;
#1827 = CIRCLE ( 'NONE', #2700, 2.000000000000000000 ) ;
#1828 = ORIENTED_EDGE ( 'NONE', *, *, #2901, .T. ) ;
#1829 = ORIENTED_EDGE ( 'NONE', *, *, #2515, .F. ) ;
#1830 = VERTEX_POINT ( 'NONE', #3557 ) ;
#1831 = DIRECTION ( 'NONE',  ( -0.000000000000000000, -0.000000000000000000, -1.000000000000000000 ) ) ;
#1832 = EDGE_CURVE ( 'NONE', #1708, #3008, #4261, .T. ) ;
#1833 = DIRECTION ( 'NONE',  ( -1.000000000000000000, 0.000000000000000000, 0.000000000000000000 ) ) ;
#1834 = LINE ( 'NONE', #2078, #2518 ) ;
#1835 = ORIENTED_EDGE ( 'NONE', *, *, #2072, .T. ) ;
#1836 = CARTESIAN_POINT ( 'NONE',  ( -16.99999999999999289, -59.22269074732326999, 5.250000000000000000 ) ) ;
#1837 = LINE ( 'NONE', #3257, #3601 ) ;
#1838 = CARTESIAN_POINT ( 'NONE',  ( 9.999999999999987566, -43.22269074732326999, -5.250000000000001776 ) ) ;
#1839 = VERTEX_POINT ( 'NONE', #4269 ) ;
#1840 = EDGE_LOOP ( 'NONE', ( #2679, #2134, #2301, #2425 ) ) ;
#1841 = CARTESIAN_POINT ( 'NONE',  ( 11.24999999999998934, -43.22269074732326999, -5.250000000000000000 ) ) ;
#1842 = DIRECTION ( 'NONE',  ( 0.000000000000000000, 0.000000000000000000, 1.000000000000000000 ) ) ;
#1843 = LINE ( 'NONE', #1134, #244 ) ;
#1844 = CARTESIAN_POINT ( 'NONE',  ( -17.00000000000000000, -31.22269074732326288, 5.250000000000000000 ) ) ;
#1845 = LINE ( 'NONE', #2290, #2465 ) ;
#1846 = DIRECTION ( 'NONE',  ( -1.000000000000000000, 0.000000000000000000, 0.000000000000000000 ) ) ;
#1847 = ORIENTED_EDGE ( 'NONE', *, *, #223, .T. ) ;
#1848 = EDGE_CURVE ( 'NONE', #3455, #2894, #1539, .T. ) ;
#1849 = ORIENTED_EDGE ( 'NONE', *, *, #368, .T. ) ;
#1850 = CARTESIAN_POINT ( 'NONE',  ( -5.472288242955557713, 31.24406644123206789, 5.250000000000000000 ) ) ;
#1851 = CARTESIAN_POINT ( 'NONE',  ( 27.69625603251205703, -0.2413335026669556349, -3.750000000000000888 ) ) ;
#1852 = ORIENTED_EDGE ( 'NONE', *, *, #1832, .F. ) ;
#1853 = ORIENTED_EDGE ( 'NONE', *, *, #2844, .F. ) ;
#1854 = EDGE_CURVE ( 'NONE', #3463, #3658, #2251, .T. ) ;
#1855 = ADVANCED_FACE ( 'NONE', ( #3264 ), #4225, .F. ) ;
#1856 = DIRECTION ( 'NONE',  ( 0.000000000000000000, 0.000000000000000000, 1.000000000000000000 ) ) ;
#1857 = CARTESIAN_POINT ( 'NONE',  ( -13.50000000000000000, -49.70343144573113392, -3.750000000000000444 ) ) ;
#1858 = CARTESIAN_POINT ( 'NONE',  ( 13.50000000000000888, 2.258945057391766029E-13, 5.250000000000000000 ) ) ;
#1859 = ORIENTED_EDGE ( 'NONE', *, *, #4245, .F. ) ;
#1860 = DIRECTION ( 'NONE',  ( -1.000000000000000000, 0.000000000000000000, 0.000000000000000000 ) ) ;
#1861 = DIRECTION ( 'NONE',  ( -1.000000000000000000, 1.541976423090495042E-15, 0.000000000000000000 ) ) ;
#1862 = ORIENTED_EDGE ( 'NONE', *, *, #1529, .T. ) ;
#1863 = VECTOR ( 'NONE', #3197, 1000.000000000000000 ) ;
#1864 = DIRECTION ( 'NONE',  ( 1.000000000000000000, 0.000000000000000000, -0.000000000000000000 ) ) ;
#1865 = CARTESIAN_POINT ( 'NONE',  ( 17.00000000000000000, -31.22269074732326288, 5.250000000000000000 ) ) ;
#1866 = DIRECTION ( 'NONE',  ( 0.000000000000000000, 0.000000000000000000, 1.000000000000000000 ) ) ;
#1867 = AXIS2_PLACEMENT_3D ( 'NONE', #3396, #647, #1688 ) ;
#1868 = DIRECTION ( 'NONE',  ( 0.000000000000000000, 0.000000000000000000, 1.000000000000000000 ) ) ;
#1869 = VERTEX_POINT ( 'NONE', #798 ) ;
#1870 = CARTESIAN_POINT ( 'NONE',  ( 5.000000000000051514, 23.35000000000005116, -5.250000000000001776 ) ) ;
#1871 = CIRCLE ( 'NONE', #2675, 4.000000000000000888 ) ;
#1872 = DIRECTION ( 'NONE',  ( 1.000000000000000000, 0.000000000000000000, 0.000000000000000000 ) ) ;
#1873 = EDGE_CURVE ( 'NONE', #567, #205, #2829, .T. ) ;
#1874 = ORIENTED_EDGE ( 'NONE', *, *, #1178, .T. ) ;
#1875 = AXIS2_PLACEMENT_3D ( 'NONE', #281, #1037, #1305 ) ;
#1876 = CYLINDRICAL_SURFACE ( 'NONE', #3034, 4.000000000000000888 ) ;
#1877 = LINE ( 'NONE', #1788, #2084 ) ;
#1878 = DIRECTION ( 'NONE',  ( -0.000000000000000000, -0.000000000000000000, -1.000000000000000000 ) ) ;
#1879 = EDGE_CURVE ( 'NONE', #2194, #864, #550, .T. ) ;
#1880 = EDGE_CURVE ( 'NONE', #4282, #1652, #3416, .T. ) ;
#1881 = CIRCLE ( 'NONE', #3611, 1.750000000000013767 ) ;
#1882 = LINE ( 'NONE', #4307, #3521 ) ;
#1883 = ORIENTED_EDGE ( 'NONE', *, *, #698, .T. ) ;
#1884 = DIRECTION ( 'NONE',  ( 0.7660444431189817882, 0.6427876096865350330, -0.000000000000000000 ) ) ;
#1885 = DIRECTION ( 'NONE',  ( 0.000000000000000000, 0.000000000000000000, 1.000000000000000000 ) ) ;
#1886 = ORIENTED_EDGE ( 'NONE', *, *, #3294, .T. ) ;
#1887 = CIRCLE ( 'NONE', #1683, 2.224999999999990763 ) ;
#1888 = CIRCLE ( 'NONE', #3615, 1.600000000000014522 ) ;
#1889 = CYLINDRICAL_SURFACE ( 'NONE', #3242, 1.999999999999998224 ) ;
#1890 = CARTESIAN_POINT ( 'NONE',  ( -4.000033020065935752, 23.35000000000005116, -1.249999999999981570 ) ) ;
#1891 = CARTESIAN_POINT ( 'NONE',  ( -16.40186894737724899, -11.50000000000000000, -5.250000000000000888 ) ) ;
#1892 = FACE_OUTER_BOUND ( 'NONE', #3648, .T. ) ;
#1893 = ORIENTED_EDGE ( 'NONE', *, *, #1556, .T. ) ;
#1894 = CARTESIAN_POINT ( 'NONE',  ( 5.472288242955558601, 34.24406644123207144, 5.250000000000000000 ) ) ;
#1895 = CIRCLE ( 'NONE', #1474, 3.000000000000000000 ) ;
#1896 = DIRECTION ( 'NONE',  ( -0.000000000000000000, -0.000000000000000000, -1.000000000000000000 ) ) ;
#1897 = ORIENTED_EDGE ( 'NONE', *, *, #1907, .F. ) ;
#1898 = CYLINDRICAL_SURFACE ( 'NONE', #2236, 1.600000000000014522 ) ;
#1899 = DIRECTION ( 'NONE',  ( -0.000000000000000000, -0.000000000000000000, -1.000000000000000000 ) ) ;
#1900 = FACE_OUTER_BOUND ( 'NONE', #518, .T. ) ;
#1901 = ORIENTED_EDGE ( 'NONE', *, *, #10, .T. ) ;
#1902 = ADVANCED_FACE ( 'NONE', ( #2583 ), #1468, .T. ) ;
#1903 = DIRECTION ( 'NONE',  ( -0.000000000000000000, -0.000000000000000000, -1.000000000000000000 ) ) ;
#1904 = DIRECTION ( 'NONE',  ( -1.000000000000000000, 0.000000000000000000, 0.000000000000000000 ) ) ;
#1905 = ORIENTED_EDGE ( 'NONE', *, *, #1098, .F. ) ;
#1906 = ORIENTED_EDGE ( 'NONE', *, *, #3091, .T. ) ;
#1907 = EDGE_CURVE ( 'NONE', #1652, #4282, #697, .T. ) ;
#1908 = EDGE_CURVE ( 'NONE', #4282, #1492, #3624, .T. ) ;
#1909 = PLANE ( 'NONE',  #1034 ) ;
#1910 = CARTESIAN_POINT ( 'NONE',  ( 30.14487539711820929, 8.500000000000179412, 5.250000000000000000 ) ) ;
#1911 = CARTESIAN_POINT ( 'NONE',  ( 13.49999999999999645, -48.02995479184387051, -2.082059430659002341 ) ) ;
#1912 = LINE ( 'NONE', #3293, #3747 ) ;
#1913 = ORIENTED_EDGE ( 'NONE', *, *, #2409, .T. ) ;
#1914 = B_SPLINE_CURVE_WITH_KNOTS ( 'NONE', 3,
 ( #892, #1911, #202, #109 ),
 .UNSPECIFIED., .F., .F.,
 ( 4, 4 ),
 ( 0.000000000000000000, 0.003544109959009929776 ),
 .UNSPECIFIED. ) ;
#1915 = ORIENTED_EDGE ( 'NONE', *, *, #2788, .F. ) ;
#1916 = DIRECTION ( 'NONE',  ( 0.000000000000000000, -0.000000000000000000, 1.000000000000000000 ) ) ;
#1917 = DIRECTION ( 'NONE',  ( 0.000000000000000000, -0.000000000000000000, 1.000000000000000000 ) ) ;
#1918 = ORIENTED_EDGE ( 'NONE', *, *, #3067, .T. ) ;
#1919 = ORIENTED_EDGE ( 'NONE', *, *, #2600, .T. ) ;
#1920 = CARTESIAN_POINT ( 'NONE',  ( -13.99999999999999822, -5.150057150114453641, -0.7500000000000002220 ) ) ;
#1921 = CARTESIAN_POINT ( 'NONE',  ( 16.00000000000000000, 16.84999999999999787, 5.250000000000000000 ) ) ;
#1922 = VERTEX_POINT ( 'NONE', #2193 ) ;
#1923 = CARTESIAN_POINT ( 'NONE',  ( 10.49999999999999467, -54.72269074732326288, 5.250000000000000000 ) ) ;
#1924 = DIRECTION ( 'NONE',  ( 2.312964634635742957E-16, -1.000000000000000000, 0.000000000000000000 ) ) ;
#1925 = ORIENTED_EDGE ( 'NONE', *, *, #1645, .F. ) ;
#1926 = EDGE_CURVE ( 'NONE', #923, #2957, #1487, .T. ) ;
#1927 = EDGE_LOOP ( 'NONE', ( #1303, #2312, #1086, #3643, #1059, #3655 ) ) ;
#1928 = CARTESIAN_POINT ( 'NONE',  ( -5.472288242955557713, 34.24406644123207144, -3.750000000000000888 ) ) ;
#1929 = DIRECTION ( 'NONE',  ( -0.000000000000000000, 0.000000000000000000, -1.000000000000000000 ) ) ;
#1930 = DIRECTION ( 'NONE',  ( 2.312964634635742957E-16, -1.000000000000000000, 0.000000000000000000 ) ) ;
#1931 = DIRECTION ( 'NONE',  ( -0.000000000000000000, -0.000000000000000000, -1.000000000000000000 ) ) ;
#1932 = EDGE_CURVE ( 'NONE', #1060, #2022, #463, .T. ) ;
#1933 = EDGE_CURVE ( 'NONE', #1544, #1018, #475, .T. ) ;
#1934 = VERTEX_POINT ( 'NONE', #1151 ) ;
#1935 = CIRCLE ( 'NONE', #1656, 0.5000000000000004441 ) ;
#1936 = CARTESIAN_POINT ( 'NONE',  ( 14.39945909990973583, 22.21117462770481055, -3.750000000000000444 ) ) ;
#1937 = FACE_OUTER_BOUND ( 'NONE', #79, .T. ) ;
#1938 = DIRECTION ( 'NONE',  ( 0.000000000000000000, 0.000000000000000000, 1.000000000000000000 ) ) ;
#1939 = VECTOR ( 'NONE', #2209, 1000.000000000000000 ) ;
#1940 = ORIENTED_EDGE ( 'NONE', *, *, #1643, .T. ) ;
#1941 = EDGE_LOOP ( 'NONE', ( #3341, #3498, #28, #1130 ) ) ;
#1942 = AXIS2_PLACEMENT_3D ( 'NONE', #4276, #3562, #1846 ) ;
#1943 = CARTESIAN_POINT ( 'NONE',  ( 20.39133634950181673, 21.64230268926578304, -3.750000000000000888 ) ) ;
#1944 = VECTOR ( 'NONE', #2136, 1000.000000000000000 ) ;
#1945 = CARTESIAN_POINT ( 'NONE',  ( 13.00000000000000178, -43.22269074732326999, -3.750000000000000444 ) ) ;
#1946 = DIRECTION ( 'NONE',  ( -0.000000000000000000, -0.000000000000000000, -1.000000000000000000 ) ) ;
#1947 = ORIENTED_EDGE ( 'NONE', *, *, #4245, .T. ) ;
#1948 = CIRCLE ( 'NONE', #3028, 3.000000000000012879 ) ;
#1949 = CONICAL_SURFACE ( 'NONE', #4187, 2.225000000000032507, 0.7853981633974386201 ) ;
#1950 = DIRECTION ( 'NONE',  ( -0.7372773368101210867, 0.6755902076156634628, -0.000000000000000000 ) ) ;
#1951 = CIRCLE ( 'NONE', #4049, 3.000000000000012879 ) ;
#1952 = CYLINDRICAL_SURFACE ( 'NONE', #765, 13.49999999999999822 ) ;
#1953 = ORIENTED_EDGE ( 'NONE', *, *, #2649, .T. ) ;
#1954 = ORIENTED_EDGE ( 'NONE', *, *, #1237, .T. ) ;
#1955 = DIRECTION ( 'NONE',  ( -1.000000000000000000, 0.000000000000000000, 0.000000000000000000 ) ) ;
#1956 = FACE_BOUND ( 'NONE', #680, .T. ) ;
#1957 = DIRECTION ( 'NONE',  ( -1.000000000000000000, 0.000000000000000000, 0.000000000000000000 ) ) ;
#1958 = DIRECTION ( 'NONE',  ( -1.000000000000000000, 0.000000000000000000, 0.000000000000000000 ) ) ;
#1959 = AXIS2_PLACEMENT_3D ( 'NONE', #3652, #1576, #608 ) ;
#1960 = ORIENTED_EDGE ( 'NONE', *, *, #2103, .T. ) ;
#1961 = EDGE_CURVE ( 'NONE', #4089, #753, #3549, .T. ) ;
#1962 = DIRECTION ( 'NONE',  ( 0.000000000000000000, 0.000000000000000000, 1.000000000000000000 ) ) ;
#1963 = CARTESIAN_POINT ( 'NONE',  ( 12.02564969410171614, 24.33341843465464649, -1.393425465848365796 ) ) ;
#1964 = FACE_OUTER_BOUND ( 'NONE', #2640, .T. ) ;
#1965 = AXIS2_PLACEMENT_3D ( 'NONE', #3741, #2051, #781 ) ;
#1966 = ORIENTED_EDGE ( 'NONE', *, *, #64, .F. ) ;
#1967 = EDGE_LOOP ( 'NONE', ( #1200, #2937, #487, #716, #4413, #931, #4169 ) ) ;
#1968 = UNCERTAINTY_MEASURE_WITH_UNIT (LENGTH_MEASURE( 1.000000000000000082E-05 ), #1419, 'distance_accuracy_value', 'NONE');
#1969 = EDGE_CURVE ( 'NONE', #4167, #3190, #912, .T. ) ;
#1970 = EDGE_CURVE ( 'NONE', #2882, #1248, #4342, .T. ) ;
#1971 = DIRECTION ( 'NONE',  ( 0.000000000000000000, 0.000000000000000000, 1.000000000000000000 ) ) ;
#1972 = VECTOR ( 'NONE', #3035, 1000.000000000000000 ) ;
#1973 = DIRECTION ( 'NONE',  ( -1.000000000000000000, -0.000000000000000000, -0.000000000000000000 ) ) ;
#1974 = DIRECTION ( 'NONE',  ( -1.000000000000000000, 0.000000000000000000, 0.000000000000000000 ) ) ;
#1975 = ORIENTED_EDGE ( 'NONE', *, *, #3457, .F. ) ;
#1976 = AXIS2_PLACEMENT_3D ( 'NONE', #1945, #973, #1637 ) ;
#1977 = CYLINDRICAL_SURFACE ( 'NONE', #1256, 4.000000000000000000 ) ;
#1978 = CARTESIAN_POINT ( 'NONE',  ( -29.92125603251209043, -0.2413335026669556349, -5.250000000000000000 ) ) ;
#1979 = EDGE_LOOP ( 'NONE', ( #1919, #696, #135, #2044 ) ) ;
#1980 = ORIENTED_EDGE ( 'NONE', *, *, #2409, .F. ) ;
#1981 = CARTESIAN_POINT ( 'NONE',  ( -19.33955556881018012, -28.43451699311991732, 5.250000000000000000 ) ) ;
#1982 = FACE_OUTER_BOUND ( 'NONE', #4077, .T. ) ;
#1983 = CARTESIAN_POINT ( 'NONE',  ( -13.61406581979745489, 26.15714387470949376, -3.526062553934695032 ) ) ;
#1984 = FACE_BOUND ( 'NONE', #4415, .T. ) ;
#1985 = ORIENTED_EDGE ( 'NONE', *, *, #4140, .F. ) ;
#1986 = ORIENTED_EDGE ( 'NONE', *, *, #2326, .T. ) ;
#1987 = CARTESIAN_POINT ( 'NONE',  ( 12.79503651932016872, 25.77228997629508811, -2.621654637643200392 ) ) ;
#1988 = ORIENTED_EDGE ( 'NONE', *, *, #3505, .F. ) ;
#1989 = EDGE_CURVE ( 'NONE', #3391, #545, #3486, .T. ) ;
#1990 = ORIENTED_EDGE ( 'NONE', *, *, #1908, .F. ) ;
#1991 = DIRECTION ( 'NONE',  ( -0.000000000000000000, -0.000000000000000000, -1.000000000000000000 ) ) ;
#1992 = PRESENTATION_STYLE_ASSIGNMENT (( #4007 ) ) ;
#1993 = CARTESIAN_POINT ( 'NONE',  ( -13.50000000000000000, -48.86683823666898263, -2.915885591079891537 ) ) ;
#1994 = EDGE_CURVE ( 'NONE', #2768, #4265, #2620, .T. ) ;
#1995 = ADVANCED_FACE ( 'NONE', ( #601 ), #3356, .T. ) ;
#1996 = ORIENTED_EDGE ( 'NONE', *, *, #217, .F. ) ;
#1997 = LINE ( 'NONE', #3304, #4322 ) ;
#1998 = FACE_OUTER_BOUND ( 'NONE', #71, .T. ) ;
#1999 = VERTEX_POINT ( 'NONE', #4013 ) ;
#2000 = VERTEX_POINT ( 'NONE', #1273 ) ;
#2001 = PLANE ( 'NONE',  #754 ) ;
#2002 = CARTESIAN_POINT ( 'NONE',  ( 27.69625603251205703, -0.2413335026669556349, -4.950000000000019718 ) ) ;
#2003 = PLANE ( 'NONE',  #1959 ) ;
#2004 = CARTESIAN_POINT ( 'NONE',  ( 18.00000000000000000, -5.150057150114454529, -5.250000000000000000 ) ) ;
#2005 = ORIENTED_EDGE ( 'NONE', *, *, #1555, .T. ) ;
#2006 = CARTESIAN_POINT ( 'NONE',  ( -12.50594660689917248, 22.81193997735254442, -1.787396383412822143 ) ) ;
#2007 = CARTESIAN_POINT ( 'NONE',  ( 12.10518574563494809, 24.76763410531473397, -1.591286115797455603 ) ) ;
#2008 = ORIENTED_EDGE ( 'NONE', *, *, #3708, .T. ) ;
#2009 = ORIENTED_EDGE ( 'NONE', *, *, #4271, .T. ) ;
#2010 = VECTOR ( 'NONE', #1974, 1000.000000000000000 ) ;
#2011 = PLANE ( 'NONE',  #4172 ) ;
#2012 = ADVANCED_FACE ( 'NONE', ( #1998 ), #1952, .T. ) ;
#2013 = CYLINDRICAL_SURFACE ( 'NONE', #2833, 2.999999999999999112 ) ;
#2014 = DIRECTION ( 'NONE',  ( -1.000000000000000000, 0.000000000000000000, 0.000000000000000000 ) ) ;
#2015 = ORIENTED_EDGE ( 'NONE', *, *, #3261, .T. ) ;
#2016 = CIRCLE ( 'NONE', #3163, 13.50000000000000178 ) ;
#2017 = AXIS2_PLACEMENT_3D ( 'NONE', #450, #4194, #1747 ) ;
#2018 = EDGE_CURVE ( 'NONE', #4100, #1131, #309, .T. ) ;
#2019 = DIRECTION ( 'NONE',  ( -1.000000000000000000, 0.000000000000000000, 0.000000000000000000 ) ) ;
#2020 = EDGE_CURVE ( 'NONE', #1652, #923, #2338, .T. ) ;
#2021 = CARTESIAN_POINT ( 'NONE',  ( -5.472288242955557713, 31.24406644123206789, -3.750000000000000888 ) ) ;
#2022 = VERTEX_POINT ( 'NONE', #3646 ) ;
#2023 = AXIS2_PLACEMENT_3D ( 'NONE', #277, #1938, #3322 ) ;
#2024 = EDGE_LOOP ( 'NONE', ( #2932, #337, #1662, #3859 ) ) ;
#2025 = AXIS2_PLACEMENT_3D ( 'NONE', #439, #796, #2896 ) ;
#2026 = LINE ( 'NONE', #63, #3399 ) ;
#2027 = EDGE_CURVE ( 'NONE', #1869, #2191, #3715, .T. ) ;
#2028 = DIRECTION ( 'NONE',  ( -0.000000000000000000, -0.000000000000000000, -1.000000000000000000 ) ) ;
#2029 = CARTESIAN_POINT ( 'NONE',  ( -16.39999999999998437, -5.150057150114454529, -2.050000000000000266 ) ) ;
#2030 = ORIENTED_EDGE ( 'NONE', *, *, #84, .F. ) ;
#2031 = LINE ( 'NONE', #252, #4185 ) ;
#2032 = CARTESIAN_POINT ( 'NONE',  ( 12.98705752883112474, 25.90207435713620043, -2.852117773953333657 ) ) ;
#2033 = VERTEX_POINT ( 'NONE', #4056 ) ;
#2034 = AXIS2_PLACEMENT_3D ( 'NONE', #4011, #3331, #3033 ) ;
#2035 = ORIENTED_EDGE ( 'NONE', *, *, #471, .T. ) ;
#2036 = DIRECTION ( 'NONE',  ( -1.000000000000000000, 0.000000000000000000, 0.000000000000000000 ) ) ;
#2037 = DIRECTION ( 'NONE',  ( 1.000000000000000000, 0.000000000000000000, 0.000000000000000000 ) ) ;
#2038 = DIRECTION ( 'NONE',  ( 0.7372773368101209757, 0.6755902076156635738, 0.000000000000000000 ) ) ;
#2039 = ORIENTED_EDGE ( 'NONE', *, *, #2513, .T. ) ;
#2040 = AXIS2_PLACEMENT_3D ( 'NONE', #2284, #2632, #2702 ) ;
#2041 = B_SPLINE_CURVE_WITH_KNOTS ( 'NONE', 3,
 ( #2123, #124, #4262, #3933 ),
 .UNSPECIFIED., .F., .F.,
 ( 4, 4 ),
 ( 0.000000000000000000, 0.003544109959009929343 ),
 .UNSPECIFIED. ) ;
#2042 = LINE ( 'NONE', #755, #3946 ) ;
#2043 = DIRECTION ( 'NONE',  ( 0.7071067811865588970, 8.659560562355072141E-17, -0.7071067811865360264 ) ) ;
#2044 = ORIENTED_EDGE ( 'NONE', *, *, #4243, .T. ) ;
#2045 = AXIS2_PLACEMENT_3D ( 'NONE', #2190, #3507, #3861 ) ;
#2046 = EDGE_LOOP ( 'NONE', ( #568, #2144 ) ) ;
#2047 = EDGE_CURVE ( 'NONE', #230, #2257, #1895, .T. ) ;
#2048 = VECTOR ( 'NONE', #2164, 1000.000000000000000 ) ;
#2049 = FACE_OUTER_BOUND ( 'NONE', #4341, .T. ) ;
#2050 = DIRECTION ( 'NONE',  ( -1.000000000000000000, 0.000000000000000000, 0.000000000000000000 ) ) ;
#2051 = DIRECTION ( 'NONE',  ( -0.000000000000000000, -0.000000000000000000, -1.000000000000000000 ) ) ;
#2052 = ADVANCED_FACE ( 'NONE', ( #2992 ), #1054, .F. ) ;
#2053 = EDGE_CURVE ( 'NONE', #2780, #4278, #1761, .T. ) ;
#2054 = DIRECTION ( 'NONE',  ( -1.000000000000000000, 0.000000000000000000, 0.000000000000000000 ) ) ;
#2055 = CYLINDRICAL_SURFACE ( 'NONE', #3386, 1.900000000000012790 ) ;
#2056 = EDGE_LOOP ( 'NONE', ( #2441, #3103, #3392, #1382 ) ) ;
#2057 = ORIENTED_EDGE ( 'NONE', *, *, #2715, .T. ) ;
#2058 = DIRECTION ( 'NONE',  ( 0.000000000000000000, 0.000000000000000000, -1.000000000000000000 ) ) ;
#2059 = DIRECTION ( 'NONE',  ( -0.000000000000000000, -0.000000000000000000, -1.000000000000000000 ) ) ;
#2060 = CARTESIAN_POINT ( 'NONE',  ( -13.50000000000000178, -31.22269074732326288, 5.250000000000000000 ) ) ;
#2061 = VERTEX_POINT ( 'NONE', #4030 ) ;
#2062 = DIRECTION ( 'NONE',  ( -0.000000000000000000, -0.000000000000000000, -1.000000000000000000 ) ) ;
#2063 = ORIENTED_EDGE ( 'NONE', *, *, #1664, .T. ) ;
#2064 = EDGE_LOOP ( 'NONE', ( #914, #160, #4308, #1906 ) ) ;
#2065 = CARTESIAN_POINT ( 'NONE',  ( -16.00000000000000000, 16.84999999999999787, 5.250000000000000000 ) ) ;
#2066 = DIRECTION ( 'NONE',  ( -1.000000000000000000, 0.000000000000000000, 0.000000000000000000 ) ) ;
#2067 = DIRECTION ( 'NONE',  ( 1.000000000000000000, 0.000000000000000000, 0.000000000000000000 ) ) ;
#2068 = EDGE_CURVE ( 'NONE', #115, #3509, #3994, .T. ) ;
#2069 = DIRECTION ( 'NONE',  ( -0.000000000000000000, -0.000000000000000000, -1.000000000000000000 ) ) ;
#2070 = CARTESIAN_POINT ( 'NONE',  ( -17.00000000000000000, -31.22269074732326288, -5.250000000000000000 ) ) ;
#2071 = EDGE_CURVE ( 'NONE', #4313, #2777, #4079, .T. ) ;
#2072 = EDGE_CURVE ( 'NONE', #3901, #2194, #1820, .T. ) ;
#2073 = CIRCLE ( 'NONE', #937, 2.000000000000001776 ) ;
#2074 = ORIENTED_EDGE ( 'NONE', *, *, #1671, .T. ) ;
#2075 = ORIENTED_EDGE ( 'NONE', *, *, #2453, .F. ) ;
#2076 = CARTESIAN_POINT ( 'NONE',  ( 18.00000000000000000, -5.150057150114454529, -0.7500000000000002220 ) ) ;
#2077 = LINE ( 'NONE', #3482, #1271 ) ;
#2078 = CARTESIAN_POINT ( 'NONE',  ( 16.39999999999998437, -5.150057150114454529, -5.250000000000000000 ) ) ;
#2079 = ORIENTED_EDGE ( 'NONE', *, *, #4012, .T. ) ;
#2080 = AXIS2_PLACEMENT_3D ( 'NONE', #3275, #206, #253 ) ;
#2081 = DIRECTION ( 'NONE',  ( 0.000000000000000000, 0.000000000000000000, 1.000000000000000000 ) ) ;
#2082 = FACE_OUTER_BOUND ( 'NONE', #1316, .T. ) ;
#2083 = ORIENTED_EDGE ( 'NONE', *, *, #199, .F. ) ;
#2084 = VECTOR ( 'NONE', #97, 1000.000000000000000 ) ;
#2085 = ORIENTED_EDGE ( 'NONE', *, *, #1961, .T. ) ;
#2086 = VECTOR ( 'NONE', #3502, 1000.000000000000000 ) ;
#2087 = VECTOR ( 'NONE', #594, 1000.000000000000000 ) ;
#2088 = DIRECTION ( 'NONE',  ( 0.000000000000000000, 0.000000000000000000, -1.000000000000000000 ) ) ;
#2089 = CARTESIAN_POINT ( 'NONE',  ( 13.49999999999999645, -47.19131771392015651, -0.7500000000000002220 ) ) ;
#2090 = VECTOR ( 'NONE', #3180, 1000.000000000000000 ) ;
#2091 = DIRECTION ( 'NONE',  ( -0.000000000000000000, -0.000000000000000000, -1.000000000000000000 ) ) ;
#2092 = VECTOR ( 'NONE', #3896, 1000.000000000000000 ) ;
#2093 = CARTESIAN_POINT ( 'NONE',  ( -13.50000000000000178, -41.54563976419840543, 5.250000000000000000 ) ) ;
#2094 = DIRECTION ( 'NONE',  ( -1.000000000000000000, 0.000000000000000000, 0.000000000000000000 ) ) ;
#2095 = AXIS2_PLACEMENT_3D ( 'NONE', #1627, #4082, #3360 ) ;
#2096 = ORIENTED_EDGE ( 'NONE', *, *, #673, .T. ) ;
#2097 = ORIENTED_EDGE ( 'NONE', *, *, #1638, .T. ) ;
#2098 = EDGE_CURVE ( 'NONE', #1406, #74, #1265, .T. ) ;
#2099 = CARTESIAN_POINT ( 'NONE',  ( -32.44481455280266147, -8.182926119680505650, 5.250000000000000000 ) ) ;
#2100 = CARTESIAN_POINT ( 'NONE',  ( 7.499058865802550322, 33.45589845166242782, -3.750000000000000888 ) ) ;
#2101 = AXIS2_PLACEMENT_3D ( 'NONE', #342, #2786, #4160 ) ;
#2102 = ORIENTED_EDGE ( 'NONE', *, *, #2351, .F. ) ;
#2103 = EDGE_CURVE ( 'NONE', #1626, #90, #3773, .T. ) ;
#2104 = EDGE_CURVE ( 'NONE', #4089, #1646, #1247, .T. ) ;
#2105 = CARTESIAN_POINT ( 'NONE',  ( -18.40186894737724899, -13.50000000000000000, -28.03232820709284212 ) ) ;
#2106 = CARTESIAN_POINT ( 'NONE',  ( -22.75590207615663729, 24.22277336810120474, 5.250000000000000000 ) ) ;
#2107 = ORIENTED_EDGE ( 'NONE', *, *, #2901, .F. ) ;
#2108 = ORIENTED_EDGE ( 'NONE', *, *, #1880, .T. ) ;
#2109 = AXIS2_PLACEMENT_3D ( 'NONE', #2214, #1885, #1220 ) ;
#2110 = DIRECTION ( 'NONE',  ( -0.000000000000000000, -0.000000000000000000, -1.000000000000000000 ) ) ;
#2111 = AXIS2_PLACEMENT_3D ( 'NONE', #1001, #3736, #670 ) ;
#2112 = LINE ( 'NONE', #3431, #1611 ) ;
#2113 = CIRCLE ( 'NONE', #3634, 1.750000000000013767 ) ;
#2114 = LINE ( 'NONE', #444, #3334 ) ;
#2115 = CARTESIAN_POINT ( 'NONE',  ( 28.00000000000000000, 11.99999999999999822, 5.250000000000000000 ) ) ;
#2116 = ORIENTED_EDGE ( 'NONE', *, *, #2202, .T. ) ;
#2117 = ORIENTED_EDGE ( 'NONE', *, *, #3726, .F. ) ;
#2118 = CARTESIAN_POINT ( 'NONE',  ( -13.00000000000000178, -43.22269074732326999, -5.250000000000001776 ) ) ;
#2119 = DIRECTION ( 'NONE',  ( -0.000000000000000000, -0.000000000000000000, -1.000000000000000000 ) ) ;
#2120 = ADVANCED_FACE ( 'NONE', ( #1360 ), #2721, .F. ) ;
#2121 = EDGE_LOOP ( 'NONE', ( #571, #2792 ) ) ;
#2122 = DIRECTION ( 'NONE',  ( -1.000000000000000000, -1.040834085586084059E-15, 0.000000000000000000 ) ) ;
#2123 = CARTESIAN_POINT ( 'NONE',  ( -13.50000000000000000, -39.25406378072637636, -1.249999999999982458 ) ) ;
#2124 = DIRECTION ( 'NONE',  ( -1.000000000000000000, 0.000000000000000000, 0.000000000000000000 ) ) ;
#2125 = EDGE_CURVE ( 'NONE', #480, #3418, #3844, .T. ) ;
#2126 = ORIENTED_EDGE ( 'NONE', *, *, #1174, .F. ) ;
#2127 = EDGE_CURVE ( 'NONE', #3600, #2511, #2976, .T. ) ;
#2128 = ORIENTED_EDGE ( 'NONE', *, *, #1724, .F. ) ;
#2129 = DIRECTION ( 'NONE',  ( -1.000000000000000000, 2.312964634635742661E-15, 0.000000000000000000 ) ) ;
#2130 = CARTESIAN_POINT ( 'NONE',  ( -13.50000000000000355, -36.74195004891539895, -3.750000000000000444 ) ) ;
#2131 = DIRECTION ( 'NONE',  ( 1.000000000000000000, 0.000000000000000000, 0.000000000000000000 ) ) ;
#2132 = FACE_BOUND ( 'NONE', #2719, .T. ) ;
#2133 = DIRECTION ( 'NONE',  ( -1.000000000000000000, 0.000000000000000000, 0.000000000000000000 ) ) ;
#2134 = ORIENTED_EDGE ( 'NONE', *, *, #848, .T. ) ;
#2135 = VERTEX_POINT ( 'NONE', #1066 ) ;
#2136 = DIRECTION ( 'NONE',  ( 2.312964634635742957E-16, -1.000000000000000000, 0.000000000000000000 ) ) ;
#2137 = CARTESIAN_POINT ( 'NONE',  ( -16.99999999999999289, -59.22269074732326999, -5.250000000000000000 ) ) ;
#2138 = LINE ( 'NONE', #94, #2442 ) ;
#2139 = ORIENTED_EDGE ( 'NONE', *, *, #3811, .T. ) ;
#2140 = EDGE_CURVE ( 'NONE', #4100, #1934, #2831, .T. ) ;
#2141 = LINE ( 'NONE', #3185, #816 ) ;
#2142 = CARTESIAN_POINT ( 'NONE',  ( 14.99999999999999467, -59.22269074732326999, -5.250000000000000000 ) ) ;
#2143 = DIRECTION ( 'NONE',  ( -0.000000000000000000, -0.000000000000000000, -1.000000000000000000 ) ) ;
#2144 = ORIENTED_EDGE ( 'NONE', *, *, #4427, .T. ) ;
#2145 = ORIENTED_EDGE ( 'NONE', *, *, #2870, .F. ) ;
#2146 = CIRCLE ( 'NONE', #1729, 6.500000000000004441 ) ;
#2147 = EDGE_CURVE ( 'NONE', #1340, #409, #694, .T. ) ;
#2148 = EDGE_CURVE ( 'NONE', #727, #141, #3554, .T. ) ;
#2149 = CARTESIAN_POINT ( 'NONE',  ( -11.24999999999998757, -43.22269074732326999, -2.250000000000001332 ) ) ;
#2150 = CARTESIAN_POINT ( 'NONE',  ( -30.14487539711820929, 0.000000000000000000, -5.250000000000000000 ) ) ;
#2151 = AXIS2_PLACEMENT_3D ( 'NONE', #1350, #2711, #684 ) ;
#2152 = ADVANCED_FACE ( 'NONE', ( #2082 ), #3061, .F. ) ;
#2153 = CIRCLE ( 'NONE', #677, 9.999999999999998224 ) ;
#2154 = LINE ( 'NONE', #151, #2092 ) ;
#2155 = CONICAL_SURFACE ( 'NONE', #3677, 4.000000000000000000, 0.7853981633974456145 ) ;
#2156 = PLANE ( 'NONE',  #3090 ) ;
#2157 = DIRECTION ( 'NONE',  ( -1.000000000000000000, 0.000000000000000000, 0.000000000000000000 ) ) ;
#2158 = CARTESIAN_POINT ( 'NONE',  ( -8.000033020065936640, 23.35000000000005116, -5.250000000000001776 ) ) ;
#2159 = AXIS2_PLACEMENT_3D ( 'NONE', #537, #2564, #3514 ) ;
#2160 = VERTEX_POINT ( 'NONE', #2404 ) ;
#2161 = EDGE_LOOP ( 'NONE', ( #1433, #4190, #1366, #2139 ) ) ;
#2162 = AXIS2_PLACEMENT_3D ( 'NONE', #2966, #1903, #1272 ) ;
#2163 = DIRECTION ( 'NONE',  ( 2.312964634635742957E-16, -1.000000000000000000, 0.000000000000000000 ) ) ;
#2164 = DIRECTION ( 'NONE',  ( -0.000000000000000000, -0.000000000000000000, -1.000000000000000000 ) ) ;
#2165 = ORIENTED_EDGE ( 'NONE', *, *, #111, .F. ) ;
#2166 = CARTESIAN_POINT ( 'NONE',  ( -4.000033020065935752, 23.35000000000005116, -0.7500000000000002220 ) ) ;
#2167 = CIRCLE ( 'NONE', #2686, 1.900000000000012790 ) ;
#2168 = CARTESIAN_POINT ( 'NONE',  ( -16.40186894737724543, -24.50000000000000000, -5.250000000000000888 ) ) ;
#2169 = DIRECTION ( 'NONE',  ( -1.000000000000000000, 0.000000000000000000, 0.000000000000000000 ) ) ;
#2170 = ORIENTED_EDGE ( 'NONE', *, *, #1373, .F. ) ;
#2171 = EDGE_LOOP ( 'NONE', ( #121, #421 ) ) ;
#2172 = DIRECTION ( 'NONE',  ( -0.000000000000000000, -0.000000000000000000, -1.000000000000000000 ) ) ;
#2173 = DIRECTION ( 'NONE',  ( 1.000000000000000000, 0.000000000000000000, 0.000000000000000000 ) ) ;
#2174 = CIRCLE ( 'NONE', #4195, 2.000000000000001776 ) ;
#2175 = EDGE_CURVE ( 'NONE', #274, #3802, #1617, .T. ) ;
#2176 = VECTOR ( 'NONE', #3375, 1000.000000000000000 ) ;
#2177 = DIRECTION ( 'NONE',  ( 0.000000000000000000, 0.000000000000000000, 1.000000000000000000 ) ) ;
#2178 = DIRECTION ( 'NONE',  ( -1.000000000000000000, 0.000000000000000000, 0.000000000000000000 ) ) ;
#2179 = CARTESIAN_POINT ( 'NONE',  ( 14.99999999999999467, -59.22269074732326999, 5.250000000000000000 ) ) ;
#2180 = CARTESIAN_POINT ( 'NONE',  ( 8.000000000000063949, 23.35000000000005116, -5.250000000000000000 ) ) ;
#2181 = EDGE_CURVE ( 'NONE', #3307, #2033, #3465, .T. ) ;
#2182 = EDGE_CURVE ( 'NONE', #1248, #2215, #4435, .T. ) ;
#2183 = ORIENTED_EDGE ( 'NONE', *, *, #643, .F. ) ;
#2184 = CARTESIAN_POINT ( 'NONE',  ( 14.75000000000001243, -43.22269074732326999, -5.250000000000000000 ) ) ;
#2185 = CARTESIAN_POINT ( 'NONE',  ( 8.000000000000063949, 23.35000000000005116, -0.7499999999999997780 ) ) ;
#2186 = ORIENTED_EDGE ( 'NONE', *, *, #3124, .T. ) ;
#2187 = ORIENTED_EDGE ( 'NONE', *, *, #11, .F. ) ;
#2188 = DIRECTION ( 'NONE',  ( -1.000000000000000000, 0.000000000000000000, 0.000000000000000000 ) ) ;
#2189 = DIRECTION ( 'NONE',  ( -1.000000000000000000, -1.027984282060330159E-15, 0.000000000000000000 ) ) ;
#2190 = CARTESIAN_POINT ( 'NONE',  ( -18.00000000000000000, -5.150057150114454529, -2.050000000000000266 ) ) ;
#2191 = VERTEX_POINT ( 'NONE', #3822 ) ;
#2192 = CARTESIAN_POINT ( 'NONE',  ( 30.14487539711820929, 8.499999999999998224, -3.750000000000000888 ) ) ;
#2193 = CARTESIAN_POINT ( 'NONE',  ( -15.97424434848894492, 24.17500381000705190, -5.250000000000000000 ) ) ;
#2194 = VERTEX_POINT ( 'NONE', #1404 ) ;
#2195 = DIRECTION ( 'NONE',  ( 1.000000000000000000, 0.000000000000000000, 0.000000000000000000 ) ) ;
#2196 = LINE ( 'NONE', #2855, #1379 ) ;
#2197 = PRODUCT_RELATED_PRODUCT_CATEGORY ( 'part', '', ( #3983 ) ) ;
#2198 = CARTESIAN_POINT ( 'NONE',  ( -20.50000000000000000, -5.150057150114454529, -1.750000000000000222 ) ) ;
#2199 = DIRECTION ( 'NONE',  ( 0.000000000000000000, 0.000000000000000000, 1.000000000000000000 ) ) ;
#2200 = VERTEX_POINT ( 'NONE', #1755 ) ;
#2201 = ADVANCED_FACE ( 'NONE', ( #2424 ), #3080, .F. ) ;
#2202 = EDGE_CURVE ( 'NONE', #3509, #2376, #4120, .T. ) ;
#2203 = VERTEX_POINT ( 'NONE', #1046 ) ;
#2204 = FACE_BOUND ( 'NONE', #2171, .T. ) ;
#2205 = DIRECTION ( 'NONE',  ( 0.000000000000000000, 0.000000000000000000, 1.000000000000000000 ) ) ;
#2206 = ORIENTED_EDGE ( 'NONE', *, *, #1285, .T. ) ;
#2207 = VERTEX_POINT ( 'NONE', #3783 ) ;
#2208 = DIRECTION ( 'NONE',  ( -0.000000000000000000, -0.000000000000000000, -1.000000000000000000 ) ) ;
#2209 = DIRECTION ( 'NONE',  ( 0.000000000000000000, 0.000000000000000000, -1.000000000000000000 ) ) ;
#2210 = LINE ( 'NONE', #99, #127 ) ;
#2211 = DIRECTION ( 'NONE',  ( -0.000000000000000000, -0.000000000000000000, 1.000000000000000000 ) ) ;
#2212 = VERTEX_POINT ( 'NONE', #715 ) ;
#2213 = CARTESIAN_POINT ( 'NONE',  ( 5.472288242955558601, 31.24406644123206789, -3.750000000000000888 ) ) ;
#2214 = CARTESIAN_POINT ( 'NONE',  ( 33.25655778422098052, -11.07101769133210922, 5.250000000000000000 ) ) ;
#2215 = VERTEX_POINT ( 'NONE', #3123 ) ;
#2216 = AXIS2_PLACEMENT_3D ( 'NONE', #3949, #1831, #3223 ) ;
#2217 = DIRECTION ( 'NONE',  ( 0.000000000000000000, 0.000000000000000000, 1.000000000000000000 ) ) ;
#2218 = CARTESIAN_POINT ( 'NONE',  ( -18.00000000000000000, -5.150057150114454529, -2.050000000000000266 ) ) ;
#2219 = DIRECTION ( 'NONE',  ( 0.000000000000000000, 0.000000000000000000, -1.000000000000000000 ) ) ;
#2220 = AXIS2_PLACEMENT_3D ( 'NONE', #50, #3476, #3152 ) ;
#2221 = DIRECTION ( 'NONE',  ( -0.000000000000000000, -0.000000000000000000, -1.000000000000000000 ) ) ;
#2222 = AXIS2_PLACEMENT_3D ( 'NONE', #3606, #2906, #3582 ) ;
#2223 = VERTEX_POINT ( 'NONE', #2106 ) ;
#2224 = AXIS2_PLACEMENT_3D ( 'NONE', #3352, #4378, #1306 ) ;
#2225 = B_SPLINE_CURVE_WITH_KNOTS ( 'NONE', 3,
 ( #635, #1983, #2658, #3361, #938, #293, #1005, #917, #1252, #3042, #3017, #2271, #4368, #1676, #3671, #3292 ),
 .UNSPECIFIED., .F., .F.,
 ( 4, 2, 2, 2, 2, 2, 2, 4 ),
 ( 2.902836096983171939E-07, 0.0009753673739502846793, 0.001462905919120575026, 0.001950444464290865699, 0.002437983009461156154, 0.002925521554631446610, 0.003413060099801737066, 0.003900598644972027955 ),
 .UNSPECIFIED. ) ;
#2226 = FACE_OUTER_BOUND ( 'NONE', #3014, .T. ) ;
#2227 = AXIS2_PLACEMENT_3D ( 'NONE', #2546, #3559, #1152 ) ;
#2228 = DIRECTION ( 'NONE',  ( -0.000000000000000000, -0.000000000000000000, 1.000000000000000000 ) ) ;
#2229 = VERTEX_POINT ( 'NONE', #1773 ) ;
#2230 = EDGE_CURVE ( 'NONE', #1492, #789, #3142, .T. ) ;
#2231 = ORIENTED_EDGE ( 'NONE', *, *, #3986, .F. ) ;
#2232 = AXIS2_PLACEMENT_3D ( 'NONE', #780, #2172, #3235 ) ;
#2233 = CIRCLE ( 'NONE', #2385, 2.500000000000002220 ) ;
#2234 = DIRECTION ( 'NONE',  ( -1.000000000000000000, 0.000000000000000000, 0.000000000000000000 ) ) ;
#2235 =( LENGTH_UNIT ( ) NAMED_UNIT ( * ) SI_UNIT ( .MILLI., .METRE. ) );
#2236 = AXIS2_PLACEMENT_3D ( 'NONE', #3228, #2914, #2934 ) ;
#2237 = DIRECTION ( 'NONE',  ( -0.000000000000000000, -0.000000000000000000, -1.000000000000000000 ) ) ;
#2238 = EDGE_CURVE ( 'NONE', #3372, #900, #1483, .T. ) ;
#2239 = EDGE_LOOP ( 'NONE', ( #588, #3048, #2998, #2668 ) ) ;
#2240 = VECTOR ( 'NONE', #846, 1000.000000000000000 ) ;
#2241 = FACE_OUTER_BOUND ( 'NONE', #4090, .T. ) ;
#2242 = DIRECTION ( 'NONE',  ( 1.000000000000000000, 0.000000000000000000, 0.000000000000000000 ) ) ;
#2243 = ORIENTED_EDGE ( 'NONE', *, *, #1671, .F. ) ;
#2244 = VECTOR ( 'NONE', #1730, 1000.000000000000000 ) ;
#2245 = VERTEX_POINT ( 'NONE', #3912 ) ;
#2246 = DIRECTION ( 'NONE',  ( -0.000000000000000000, -0.000000000000000000, 1.000000000000000000 ) ) ;
#2247 = DIRECTION ( 'NONE',  ( 0.000000000000000000, 0.000000000000000000, 1.000000000000000000 ) ) ;
#2248 = CARTESIAN_POINT ( 'NONE',  ( 13.00000000000000178, -43.22269074732326999, -0.7499999999999997780 ) ) ;
#2249 = CARTESIAN_POINT ( 'NONE',  ( -26.00000000000000355, 16.84999999999999787, -5.250000000000000000 ) ) ;
#2250 = ORIENTED_EDGE ( 'NONE', *, *, #83, .T. ) ;
#2251 = CIRCLE ( 'NONE', #2109, 2.999999999999999112 ) ;
#2252 = ORIENTED_EDGE ( 'NONE', *, *, #1120, .F. ) ;
#2253 = CARTESIAN_POINT ( 'NONE',  ( -13.50000000000000178, -44.89974173044812034, 5.249999999999995559 ) ) ;
#2254 = CIRCLE ( 'NONE', #3992, 4.000000000000001776 ) ;
#2255 = DIRECTION ( 'NONE',  ( 1.000000000000000000, 0.000000000000000000, 0.000000000000000000 ) ) ;
#2256 = VERTEX_POINT ( 'NONE', #1460 ) ;
#2257 = VERTEX_POINT ( 'NONE', #4220 ) ;
#2258 = VECTOR ( 'NONE', #1266, 1000.000000000000000 ) ;
#2259 = DIRECTION ( 'NONE',  ( -1.000000000000000000, 0.000000000000000000, 0.000000000000000000 ) ) ;
#2260 = EDGE_CURVE ( 'NONE', #2061, #3385, #630, .T. ) ;
#2261 = SURFACE_SIDE_STYLE ('',( #1618 ) ) ;
#2262 = CARTESIAN_POINT ( 'NONE',  ( 13.50000000000000000, -39.25406378072637636, -1.249999999999980682 ) ) ;
#2263 = EDGE_LOOP ( 'NONE', ( #1173, #2499, #2407, #3335 ) ) ;
#2264 = EDGE_CURVE ( 'NONE', #2191, #900, #3258, .T. ) ;
#2265 = DIRECTION ( 'NONE',  ( 0.000000000000000000, 0.000000000000000000, 1.000000000000000000 ) ) ;
#2266 = EDGE_CURVE ( 'NONE', #1415, #513, #2868, .T. ) ;
#2267 = DIRECTION ( 'NONE',  ( 2.312964634635742957E-16, 1.000000000000000000, 0.000000000000000000 ) ) ;
#2268 = ORIENTED_EDGE ( 'NONE', *, *, #113, .F. ) ;
#2269 = ORIENTED_EDGE ( 'NONE', *, *, #3953, .F. ) ;
#2270 = CARTESIAN_POINT ( 'NONE',  ( -14.99999999999999645, -61.22269074732326999, 5.250000000000000000 ) ) ;
#2271 = CARTESIAN_POINT ( 'NONE',  ( -12.10842587746813237, 24.90727128515029776, -1.642709036198462647 ) ) ;
#2272 = CARTESIAN_POINT ( 'NONE',  ( -4.000033020065935752, 23.35000000000005116, -0.7500000000000002220 ) ) ;
#2273 = ORIENTED_EDGE ( 'NONE', *, *, #1125, .F. ) ;
#2274 = FACE_OUTER_BOUND ( 'NONE', #2824, .T. ) ;
#2275 = DIRECTION ( 'NONE',  ( 0.000000000000000000, -0.000000000000000000, 1.000000000000000000 ) ) ;
#2276 = DIRECTION ( 'NONE',  ( -0.000000000000000000, 0.000000000000000000, 1.000000000000000000 ) ) ;
#2277 = ORIENTED_EDGE ( 'NONE', *, *, #105, .F. ) ;
#2278 = EDGE_LOOP ( 'NONE', ( #2107, #2097, #3349, #2268, #3225, #2610 ) ) ;
#2279 = LINE ( 'NONE', #1546, #4404 ) ;
#2280 =( NAMED_UNIT ( * ) SI_UNIT ( $, .STERADIAN. ) SOLID_ANGLE_UNIT ( ) );
#2281 = DIRECTION ( 'NONE',  ( -1.000000000000000000, 0.000000000000000000, 0.000000000000000000 ) ) ;
#2282 = VERTEX_POINT ( 'NONE', #3594 ) ;
#2283 = DIRECTION ( 'NONE',  ( 0.000000000000000000, 0.000000000000000000, 1.000000000000000000 ) ) ;
#2284 = CARTESIAN_POINT ( 'NONE',  ( 25.55051025721682123, 11.49999999999999822, 5.250000000000000000 ) ) ;
#2285 = VERTEX_POINT ( 'NONE', #3884 ) ;
#2286 = ORIENTED_EDGE ( 'NONE', *, *, #1556, .F. ) ;
#2287 = ADVANCED_FACE ( 'NONE', ( #4240 ), #859, .F. ) ;
#2288 = CARTESIAN_POINT ( 'NONE',  ( 13.00000000000000178, -43.22269074732326999, -0.7500000000000002220 ) ) ;
#2289 = CARTESIAN_POINT ( 'NONE',  ( 12.09806922361592996, 23.60614617288981876, -1.353600825642055749 ) ) ;
#2290 = CARTESIAN_POINT ( 'NONE',  ( -18.40186894737724899, -11.50000000000000000, -3.750000000000000000 ) ) ;
#2291 = DIRECTION ( 'NONE',  ( -1.000000000000000000, 0.000000000000000000, 0.000000000000000000 ) ) ;
#2292 = EDGE_CURVE ( 'NONE', #1416, #1060, #1145, .T. ) ;
#2293 = EDGE_CURVE ( 'NONE', #3689, #508, #2332, .T. ) ;
#2294 = ORIENTED_EDGE ( 'NONE', *, *, #2147, .F. ) ;
#2295 = AXIS2_PLACEMENT_3D ( 'NONE', #1549, #2580, #2281 ) ;
#2296 = DIRECTION ( 'NONE',  ( 0.000000000000000000, 0.000000000000000000, 1.000000000000000000 ) ) ;
#2297 = CARTESIAN_POINT ( 'NONE',  ( 12.05625664356296234, 24.55675774917296295, -1.481502616419142493 ) ) ;
#2298 = DIRECTION ( 'NONE',  ( -0.000000000000000000, -0.000000000000000000, -1.000000000000000000 ) ) ;
#2299 = CIRCLE ( 'NONE', #1092, 1.750000000000013767 ) ;
#2300 = AXIS2_PLACEMENT_3D ( 'NONE', #303, #3030, #4407 ) ;
#2301 = ORIENTED_EDGE ( 'NONE', *, *, #2922, .F. ) ;
#2302 = EDGE_LOOP ( 'NONE', ( #2165, #2661, #225, #2887 ) ) ;
#2303 = CARTESIAN_POINT ( 'NONE',  ( 13.50000000000000888, 2.258945057391766029E-13, -3.750000000000000444 ) ) ;
#2304 = DIRECTION ( 'NONE',  ( 1.000000000000000000, 0.000000000000000000, -0.000000000000000000 ) ) ;
#2305 = CIRCLE ( 'NONE', #881, 1.900000000000012790 ) ;
#2306 = LINE ( 'NONE', #302, #3059 ) ;
#2307 = LINE ( 'NONE', #3595, #445 ) ;
#2308 = ORIENTED_EDGE ( 'NONE', *, *, #2844, .T. ) ;
#2309 = LINE ( 'NONE', #2650, #2811 ) ;
#2310 = VECTOR ( 'NONE', #19, 1000.000000000000000 ) ;
#2311 = DIRECTION ( 'NONE',  ( -1.000000000000000000, 0.000000000000000000, 0.000000000000000000 ) ) ;
#2312 = ORIENTED_EDGE ( 'NONE', *, *, #2815, .T. ) ;
#2313 = AXIS2_PLACEMENT_3D ( 'NONE', #3212, #146, #3883 ) ;
#2314 = ORIENTED_EDGE ( 'NONE', *, *, #395, .T. ) ;
#2315 = CYLINDRICAL_SURFACE ( 'NONE', #2746, 10.00000000000000178 ) ;
#2316 = DIRECTION ( 'NONE',  ( -0.000000000000000000, -0.000000000000000000, -1.000000000000000000 ) ) ;
#2317 = CARTESIAN_POINT ( 'NONE',  ( 14.99999999999999289, -61.22269074732326999, 5.250000000000000000 ) ) ;
#2318 = CARTESIAN_POINT ( 'NONE',  ( 16.02081026162005628, 24.17500381000705190, 5.250000000000000000 ) ) ;
#2319 = EDGE_CURVE ( 'NONE', #2436, #991, #2254, .T. ) ;
#2320 = AXIS2_PLACEMENT_3D ( 'NONE', #4275, #3632, #2157 ) ;
#2321 = ORIENTED_EDGE ( 'NONE', *, *, #3011, .F. ) ;
#2322 = AXIS2_PLACEMENT_3D ( 'NONE', #2366, #3414, #6 ) ;
#2323 = CARTESIAN_POINT ( 'NONE',  ( 12.79678840818538532, 22.57632034948290922, -2.106811005429441330 ) ) ;
#2324 = CARTESIAN_POINT ( 'NONE',  ( 12.46758734102571609, 25.44087364396998296, -2.182278360693611141 ) ) ;
#2325 = ADVANCED_FACE ( 'NONE', ( #4263, #1195 ), #3551, .F. ) ;
#2326 = EDGE_CURVE ( 'NONE', #2894, #1300, #4285, .T. ) ;
#2327 = CIRCLE ( 'NONE', #48, 4.000000000000000000 ) ;
#2328 = ORIENTED_EDGE ( 'NONE', *, *, #742, .F. ) ;
#2329 = ORIENTED_EDGE ( 'NONE', *, *, #1378, .F. ) ;
#2330 = AXIS2_PLACEMENT_3D ( 'NONE', #669, #714, #2019 ) ;
#2331 = CARTESIAN_POINT ( 'NONE',  ( -19.60000000000001208, -5.150057150114454529, -2.050000000000000266 ) ) ;
#2332 = CIRCLE ( 'NONE', #2045, 1.600000000000014522 ) ;
#2333 = CARTESIAN_POINT ( 'NONE',  ( 13.49999999999999822, -44.89974173044812744, 5.250000000000000000 ) ) ;
#2334 = FACE_BOUND ( 'NONE', #1283, .T. ) ;
#2335 = ORIENTED_EDGE ( 'NONE', *, *, #3650, .T. ) ;
#2336 = STYLED_ITEM ( 'NONE', ( #1992 ), #2395 ) ;
#2337 = DIRECTION ( 'NONE',  ( 1.000000000000000000, 0.000000000000000000, 0.000000000000000000 ) ) ;
#2338 = LINE ( 'NONE', #3990, #1972 ) ;
#2339 = ORIENTED_EDGE ( 'NONE', *, *, #1638, .F. ) ;
#2340 = EDGE_LOOP ( 'NONE', ( #3031, #3115, #1282, #3527 ) ) ;
#2341 = CARTESIAN_POINT ( 'NONE',  ( -22.61112256587701097, 10.89999999999999680, 5.250000000000000000 ) ) ;
#2342 = CARTESIAN_POINT ( 'NONE',  ( -16.00000000000001421, -43.22269074732326999, -5.250000000000000000 ) ) ;
#2343 = CARTESIAN_POINT ( 'NONE',  ( -13.50000000000000000, -39.25406378072637636, -1.249999999999982458 ) ) ;
#2344 = PLANE ( 'NONE',  #3389 ) ;
#2345 = VERTEX_POINT ( 'NONE', #2538 ) ;
#2346 = ADVANCED_FACE ( 'NONE', ( #3934 ), #814, .F. ) ;
#2347 = ORIENTED_EDGE ( 'NONE', *, *, #2292, .T. ) ;
#2348 = LINE ( 'NONE', #2664, #2517 ) ;
#2349 = ORIENTED_EDGE ( 'NONE', *, *, #3708, .F. ) ;
#2350 = ORIENTED_EDGE ( 'NONE', *, *, #4114, .F. ) ;
#2351 = EDGE_CURVE ( 'NONE', #2200, #3036, #408, .T. ) ;
#2352 = EDGE_CURVE ( 'NONE', #1569, #3385, #2210, .T. ) ;
#2353 = CARTESIAN_POINT ( 'NONE',  ( -26.00000000000000355, 16.84999999999999787, 5.250000000000000000 ) ) ;
#2354 = DIRECTION ( 'NONE',  ( 0.000000000000000000, 0.000000000000000000, -1.000000000000000000 ) ) ;
#2355 = CYLINDRICAL_SURFACE ( 'NONE', #1867, 4.000000000000000000 ) ;
#2356 = EDGE_LOOP ( 'NONE', ( #2480, #1696 ) ) ;
#2357 = EDGE_CURVE ( 'NONE', #2630, #1242, #1827, .T. ) ;
#2358 = FACE_OUTER_BOUND ( 'NONE', #1538, .T. ) ;
#2359 = CARTESIAN_POINT ( 'NONE',  ( 30.14487539711820929, 10.00000000000018119, 5.250000000000000000 ) ) ;
#2360 = ORIENTED_EDGE ( 'NONE', *, *, #111, .T. ) ;
#2361 = EDGE_LOOP ( 'NONE', ( #78, #1783, #1573, #876 ) ) ;
#2362 = CARTESIAN_POINT ( 'NONE',  ( -34.14877610183027912, -10.78557521937307051, -5.250000000000000000 ) ) ;
#2363 = CARTESIAN_POINT ( 'NONE',  ( -12.15233087264165768, 23.35000000000005116, -1.402297852575702164 ) ) ;
#2364 = CARTESIAN_POINT ( 'NONE',  ( 25.55051025721682123, 8.499999999999998224, 5.250000000000000000 ) ) ;
#2365 = EDGE_LOOP ( 'NONE', ( #4009, #2983, #4376, #752 ) ) ;
#2366 = CARTESIAN_POINT ( 'NONE',  ( -8.000000000000000000, 37.74406644123207144, 5.250000000000000000 ) ) ;
#2367 = FACE_OUTER_BOUND ( 'NONE', #1338, .T. ) ;
#2368 = VERTEX_POINT ( 'NONE', #1813 ) ;
#2369 = EDGE_LOOP ( 'NONE', ( #4003, #357, #3733, #2294 ) ) ;
#2370 = VECTOR ( 'NONE', #2861, 1000.000000000000114 ) ;
#2371 = DIRECTION ( 'NONE',  ( 0.000000000000000000, 0.000000000000000000, 1.000000000000000000 ) ) ;
#2372 = VECTOR ( 'NONE', #1781, 1000.000000000000000 ) ;
#2373 = FACE_OUTER_BOUND ( 'NONE', #1326, .T. ) ;
#2374 = EDGE_CURVE ( 'NONE', #2000, #1354, #1621, .T. ) ;
#2375 = PLANE ( 'NONE',  #4310 ) ;
#2376 = VERTEX_POINT ( 'NONE', #1838 ) ;
#2377 = AXIS2_PLACEMENT_3D ( 'NONE', #3362, #2685, #2997 ) ;
#2378 = AXIS2_PLACEMENT_3D ( 'NONE', #4212, #807, #477 ) ;
#2379 = CYLINDRICAL_SURFACE ( 'NONE', #3373, 2.000000000000001776 ) ;
#2380 = EDGE_CURVE ( 'NONE', #3723, #1805, #1192, .T. ) ;
#2381 = ORIENTED_EDGE ( 'NONE', *, *, #724, .F. ) ;
#2382 = VECTOR ( 'NONE', #3181, 1000.000000000000000 ) ;
#2383 = ORIENTED_EDGE ( 'NONE', *, *, #137, .F. ) ;
#2384 = VECTOR ( 'NONE', #1336, 1000.000000000000000 ) ;
#2385 = AXIS2_PLACEMENT_3D ( 'NONE', #700, #1428, #3448 ) ;
#2386 = DIRECTION ( 'NONE',  ( -0.000000000000000000, -0.000000000000000000, 1.000000000000000000 ) ) ;
#2387 = DIRECTION ( 'NONE',  ( 0.000000000000000000, 0.000000000000000000, 1.000000000000000000 ) ) ;
#2388 = DIRECTION ( 'NONE',  ( -0.000000000000000000, -0.000000000000000000, 1.000000000000000000 ) ) ;
#2389 = CIRCLE ( 'NONE', #4329, 2.000000000000000000 ) ;
#2390 = CARTESIAN_POINT ( 'NONE',  ( -8.000000000000000000, 34.24406644123207144, 5.250000000000000000 ) ) ;
#2391 = DIRECTION ( 'NONE',  ( 0.000000000000000000, 0.000000000000000000, 1.000000000000000000 ) ) ;
#2392 = ORIENTED_EDGE ( 'NONE', *, *, #1325, .T. ) ;
#2393 = CIRCLE ( 'NONE', #1391, 3.000000000000012879 ) ;
#2394 = EDGE_LOOP ( 'NONE', ( #4324, #136, #2417, #2827 ) ) ;
#2395 = MANIFOLD_SOLID_BREP ( '\X2\501289d2\X0\3', #329 ) ;
#2396 = DIRECTION ( 'NONE',  ( -0.7660444431189817882, 0.6427876096865350330, 0.000000000000000000 ) ) ;
#2397 = AXIS2_PLACEMENT_3D ( 'NONE', #2429, #21, #1388 ) ;
#2398 = DIRECTION ( 'NONE',  ( 0.000000000000000000, 0.000000000000000000, 1.000000000000000000 ) ) ;
#2399 = CARTESIAN_POINT ( 'NONE',  ( 30.14487539711820929, 10.00000000000018119, 5.250000000000000000 ) ) ;
#2400 = ORIENTED_EDGE ( 'NONE', *, *, #2814, .F. ) ;
#2401 = VECTOR ( 'NONE', #1924, 1000.000000000000000 ) ;
#2402 = EDGE_CURVE ( 'NONE', #1119, #435, #632, .T. ) ;
#2403 = DIRECTION ( 'NONE',  ( -0.000000000000000000, -0.000000000000000000, -1.000000000000000000 ) ) ;
#2404 = CARTESIAN_POINT ( 'NONE',  ( 26.00000000000000355, 16.84999999999999787, -5.250000000000000000 ) ) ;
#2405 = EDGE_LOOP ( 'NONE', ( #3880, #2756, #2793, #3939, #3683, #4360 ) ) ;
#2406 = CIRCLE ( 'NONE', #1976, 6.500000000000004441 ) ;
#2407 = ORIENTED_EDGE ( 'NONE', *, *, #2895, .T. ) ;
#2408 = EDGE_CURVE ( 'NONE', #90, #3833, #623, .T. ) ;
#2409 = EDGE_CURVE ( 'NONE', #459, #4139, #2697, .T. ) ;
#2410 = VECTOR ( 'NONE', #499, 1000.000000000000000 ) ;
#2411 = CARTESIAN_POINT ( 'NONE',  ( 16.09999999999998721, -5.150057150114454529, -5.250000000000000000 ) ) ;
#2412 = CARTESIAN_POINT ( 'NONE',  ( 28.00000000000000000, 9.999999999999998224, 5.250000000000000000 ) ) ;
#2413 = DIRECTION ( 'NONE',  ( -0.000000000000000000, -0.000000000000000000, -1.000000000000000000 ) ) ;
#2414 = CYLINDRICAL_SURFACE ( 'NONE', #4403, 4.000000000000001776 ) ;
#2415 = DIRECTION ( 'NONE',  ( -0.000000000000000000, -0.000000000000000000, -1.000000000000000000 ) ) ;
#2416 = VERTEX_POINT ( 'NONE', #4075 ) ;
#2417 = ORIENTED_EDGE ( 'NONE', *, *, #1125, .T. ) ;
#2418 = PLANE ( 'NONE',  #3964 ) ;
#2419 = CYLINDRICAL_SURFACE ( 'NONE', #4136, 1.750000000000013767 ) ;
#2420 = CARTESIAN_POINT ( 'NONE',  ( -28.00000000000000000, 11.99999999999999822, 5.250000000000000000 ) ) ;
#2421 = EDGE_LOOP ( 'NONE', ( #142, #1107, #352, #4298 ) ) ;
#2422 = ORIENTED_EDGE ( 'NONE', *, *, #137, .T. ) ;
#2423 = DIRECTION ( 'NONE',  ( 0.000000000000000000, 0.000000000000000000, -1.000000000000000000 ) ) ;
#2424 = FACE_OUTER_BOUND ( 'NONE', #2302, .T. ) ;
#2425 = ORIENTED_EDGE ( 'NONE', *, *, #285, .T. ) ;
#2426 = EDGE_LOOP ( 'NONE', ( #1441, #2128, #1905, #4387 ) ) ;
#2427 = CARTESIAN_POINT ( 'NONE',  ( -18.00000000000000000, -5.150057150114454529, -5.250000000000000000 ) ) ;
#2428 = DIRECTION ( 'NONE',  ( -0.000000000000000000, -0.000000000000000000, -1.000000000000000000 ) ) ;
#2429 = CARTESIAN_POINT ( 'NONE',  ( -13.00000000000000178, -43.22269074732326999, -3.750000000000000444 ) ) ;
#2430 = EDGE_CURVE ( 'NONE', #415, #1869, #2406, .T. ) ;
#2431 = DIRECTION ( 'NONE',  ( -0.000000000000000000, -0.000000000000000000, -1.000000000000000000 ) ) ;
#2432 = DIRECTION ( 'NONE',  ( -1.000000000000000000, 0.000000000000000000, 0.000000000000000000 ) ) ;
#2433 = EDGE_CURVE ( 'NONE', #274, #1934, #2986, .T. ) ;
#2434 = EDGE_CURVE ( 'NONE', #1804, #2285, #195, .T. ) ;
#2435 = ORIENTED_EDGE ( 'NONE', *, *, #4222, .F. ) ;
#2436 = VERTEX_POINT ( 'NONE', #646 ) ;
#2437 = DIRECTION ( 'NONE',  ( -1.000000000000000000, 0.000000000000000000, 0.000000000000000000 ) ) ;
#2438 = FACE_OUTER_BOUND ( 'NONE', #2981, .T. ) ;
#2439 = AXIS2_PLACEMENT_3D ( 'NONE', #2218, #3897, #2178 ) ;
#2440 = ORIENTED_EDGE ( 'NONE', *, *, #2491, .T. ) ;
#2441 = ORIENTED_EDGE ( 'NONE', *, *, #3590, .F. ) ;
#2442 = VECTOR ( 'NONE', #4174, 1000.000000000000000 ) ;
#2443 = CARTESIAN_POINT ( 'NONE',  ( 14.02081026162005628, 24.17500381000705190, -5.250000000000000000 ) ) ;
#2444 = DIRECTION ( 'NONE',  ( -1.000000000000000000, 0.000000000000000000, 0.000000000000000000 ) ) ;
#2445 = ORIENTED_EDGE ( 'NONE', *, *, #2018, .T. ) ;
#2446 = VECTOR ( 'NONE', #384, 1000.000000000000000 ) ;
#2447 = ORIENTED_EDGE ( 'NONE', *, *, #1011, .T. ) ;
#2448 = VECTOR ( 'NONE', #3155, 1000.000000000000227 ) ;
#2449 = CYLINDRICAL_SURFACE ( 'NONE', #3179, 2.000000000000000000 ) ;
#2450 = VECTOR ( 'NONE', #2276, 1000.000000000000000 ) ;
#2451 = CARTESIAN_POINT ( 'NONE',  ( 13.49999999999999822, -44.89974173044812744, -5.250000000000000000 ) ) ;
#2452 = AXIS2_PLACEMENT_3D ( 'NONE', #654, #564, #3291 ) ;
#2453 = EDGE_CURVE ( 'NONE', #2780, #1340, #4071, .T. ) ;
#2454 = DIRECTION ( 'NONE',  ( -1.000000000000000000, 0.000000000000000000, 0.000000000000000000 ) ) ;
#2455 = DIRECTION ( 'NONE',  ( -0.000000000000000000, -0.000000000000000000, -1.000000000000000000 ) ) ;
#2456 = AXIS2_PLACEMENT_3D ( 'NONE', #1520, #2208, #2577 ) ;
#2457 = ORIENTED_EDGE ( 'NONE', *, *, #259, .F. ) ;
#2458 = ORIENTED_EDGE ( 'NONE', *, *, #1832, .T. ) ;
#2459 = AXIS2_PLACEMENT_3D ( 'NONE', #2566, #4293, #4207 ) ;
#2460 = EDGE_CURVE ( 'NONE', #793, #4209, #3328, .T. ) ;
#2461 = EDGE_CURVE ( 'NONE', #513, #4351, #2113, .T. ) ;
#2462 = FACE_OUTER_BOUND ( 'NONE', #2263, .T. ) ;
#2463 = AXIS2_PLACEMENT_3D ( 'NONE', #85, #3086, #365 ) ;
#2464 = CARTESIAN_POINT ( 'NONE',  ( 30.14487539711820929, 10.00000000000018119, -5.250000000000000000 ) ) ;
#2465 = VECTOR ( 'NONE', #1649, 1000.000000000000000 ) ;
#2466 = ORIENTED_EDGE ( 'NONE', *, *, #3812, .T. ) ;
#2467 = DIRECTION ( 'NONE',  ( 0.7372773368101209757, -0.6755902076156635738, 0.000000000000000000 ) ) ;
#2468 = ORIENTED_EDGE ( 'NONE', *, *, #432, .F. ) ;
#2469 = EDGE_LOOP ( 'NONE', ( #3404, #2534, #3026, #2883, #1012, #889, #1022 ) ) ;
#2470 = VECTOR ( 'NONE', #2825, 1000.000000000000000 ) ;
#2471 = CARTESIAN_POINT ( 'NONE',  ( -13.00000000000000178, -43.22269074732326999, -0.7500000000000002220 ) ) ;
#2472 = AXIS2_PLACEMENT_3D ( 'NONE', #1085, #3426, #2744 ) ;
#2473 = DIRECTION ( 'NONE',  ( -1.000000000000000000, 0.000000000000000000, 0.000000000000000000 ) ) ;
#2474 = VECTOR ( 'NONE', #2672, 1000.000000000000000 ) ;
#2475 = CARTESIAN_POINT ( 'NONE',  ( -8.000000000000000000, 37.74406644123207144, 5.250000000000000000 ) ) ;
#2476 = DIRECTION ( 'NONE',  ( -0.000000000000000000, -0.000000000000000000, -1.000000000000000000 ) ) ;
#2477 = CARTESIAN_POINT ( 'NONE',  ( -28.00000000000000000, 11.99999999999999822, 5.250000000000000000 ) ) ;
#2478 = ORIENTED_EDGE ( 'NONE', *, *, #4325, .F. ) ;
#2479 = EDGE_CURVE ( 'NONE', #2882, #733, #1286, .T. ) ;
#2480 = ORIENTED_EDGE ( 'NONE', *, *, #3198, .T. ) ;
#2481 = LINE ( 'NONE', #2501, #4242 ) ;
#2482 = CARTESIAN_POINT ( 'NONE',  ( 26.99999999999999645, -34.86239308998526809, 5.250000000000000000 ) ) ;
#2483 =( NAMED_UNIT ( * ) PLANE_ANGLE_UNIT ( ) SI_UNIT ( $, .RADIAN. ) );
#2484 = EDGE_CURVE ( 'NONE', #3089, #1830, #1307, .T. ) ;
#2485 = EDGE_CURVE ( 'NONE', #377, #2436, #2306, .T. ) ;
#2486 = ORIENTED_EDGE ( 'NONE', *, *, #2515, .T. ) ;
#2487 = CARTESIAN_POINT ( 'NONE',  ( -16.00000000000000000, 16.84999999999999787, 5.250000000000000000 ) ) ;
#2488 = LINE ( 'NONE', #3860, #237 ) ;
#2489 = DIRECTION ( 'NONE',  ( -1.000000000000000000, 0.000000000000000000, 0.000000000000000000 ) ) ;
#2490 = EDGE_LOOP ( 'NONE', ( #3659, #3412, #2828, #4134 ) ) ;
#2491 = EDGE_CURVE ( 'NONE', #2000, #3901, #3687, .T. ) ;
#2492 = VERTEX_POINT ( 'NONE', #2333 ) ;
#2493 = CARTESIAN_POINT ( 'NONE',  ( -37.80531982830802207, -6.427876096865348998, 5.250000000000000000 ) ) ;
#2494 = DIRECTION ( 'NONE',  ( -0.000000000000000000, -0.000000000000000000, -1.000000000000000000 ) ) ;
#2495 = CARTESIAN_POINT ( 'NONE',  ( -16.99999999999999289, -61.22269074732326999, -5.250000000000000000 ) ) ;
#2496 = CARTESIAN_POINT ( 'NONE',  ( 26.00000000000000000, 9.999999999999998224, 5.250000000000000000 ) ) ;
#2497 = CYLINDRICAL_SURFACE ( 'NONE', #759, 9.999999999999960920 ) ;
#2498 = DIRECTION ( 'NONE',  ( -0.000000000000000000, -0.000000000000000000, -1.000000000000000000 ) ) ;
#2499 = ORIENTED_EDGE ( 'NONE', *, *, #1908, .T. ) ;
#2500 = VERTEX_POINT ( 'NONE', #3029 ) ;
#2501 = CARTESIAN_POINT ( 'NONE',  ( 28.00000000000000000, 9.999999999999998224, 5.250000000000000000 ) ) ;
#2502 = CARTESIAN_POINT ( 'NONE',  ( -15.97424434848894492, 24.17500381000705190, 5.250000000000000000 ) ) ;
#2503 = DIRECTION ( 'NONE',  ( 1.000000000000000000, 0.000000000000000000, 0.000000000000000000 ) ) ;
#2504 = ORIENTED_EDGE ( 'NONE', *, *, #1289, .T. ) ;
#2505 = CARTESIAN_POINT ( 'NONE',  ( 22.00000000000000000, -5.150057150114453641, -0.7500000000000002220 ) ) ;
#2506 = CARTESIAN_POINT ( 'NONE',  ( -28.00000000000000000, 11.99999999999999822, -5.250000000000000000 ) ) ;
#2507 = EDGE_CURVE ( 'NONE', #3081, #3455, #4406, .T. ) ;
#2508 = CARTESIAN_POINT ( 'NONE',  ( -29.92125603251209043, -0.2413335026669556349, -5.250000000000000000 ) ) ;
#2509 = DIRECTION ( 'NONE',  ( 0.000000000000000000, 0.000000000000000000, 1.000000000000000000 ) ) ;
#2510 = EDGE_LOOP ( 'NONE', ( #3128, #3526, #3873, #2314, #1209, #1078 ) ) ;
#2511 = VERTEX_POINT ( 'NONE', #1748 ) ;
#2512 = CIRCLE ( 'NONE', #595, 1.999999999999998224 ) ;
#2513 = EDGE_CURVE ( 'NONE', #3676, #1518, #729, .T. ) ;
#2514 = CARTESIAN_POINT ( 'NONE',  ( 26.99999999999999645, -34.86239308998526809, -5.250000000000000000 ) ) ;
#2515 = EDGE_CURVE ( 'NONE', #1110, #1544, #2077, .T. ) ;
#2516 = PLANE ( 'NONE',  #116 ) ;
#2517 = VECTOR ( 'NONE', #1705, 1000.000000000000114 ) ;
#2518 = VECTOR ( 'NONE', #4214, 1000.000000000000000 ) ;
#2519 = CIRCLE ( 'NONE', #4171, 1.924999999999999600 ) ;
#2520 = CARTESIAN_POINT ( 'NONE',  ( 22.00000000000000000, -5.150057150114453641, -0.7500000000000002220 ) ) ;
#2521 = AXIS2_PLACEMENT_3D ( 'NONE', #3544, #3459, #2794 ) ;
#2522 = DIRECTION ( 'NONE',  ( -1.000000000000000000, 0.000000000000000000, 0.000000000000000000 ) ) ;
#2523 = DIRECTION ( 'NONE',  ( 1.000000000000000000, 0.000000000000000000, 0.000000000000000000 ) ) ;
#2524 = FACE_OUTER_BOUND ( 'NONE', #1655, .T. ) ;
#2525 = VECTOR ( 'NONE', #1633, 1000.000000000000000 ) ;
#2526 = VERTEX_POINT ( 'NONE', #13 ) ;
#2527 = EDGE_LOOP ( 'NONE', ( #2328, #1213, #2871, #1476 ) ) ;
#2528 = CONICAL_SURFACE ( 'NONE', #3546, 2.500000000000002220, 0.7853981633974456145 ) ;
#2529 = CARTESIAN_POINT ( 'NONE',  ( -27.69625603251205703, -0.2413335026669556349, -5.250000000000000000 ) ) ;
#2530 = AXIS2_PLACEMENT_3D ( 'NONE', #2847, #482, #4218 ) ;
#2531 = LINE ( 'NONE', #854, #2382 ) ;
#2532 = DIRECTION ( 'NONE',  ( 0.000000000000000000, 0.000000000000000000, 1.000000000000000000 ) ) ;
#2533 = ORIENTED_EDGE ( 'NONE', *, *, #2181, .F. ) ;
#2534 = ORIENTED_EDGE ( 'NONE', *, *, #4358, .T. ) ;
#2535 = LINE ( 'NONE', #2556, #1663 ) ;
#2536 = CIRCLE ( 'NONE', #970, 4.000000000000000000 ) ;
#2537 = PLANE ( 'NONE',  #1733 ) ;
#2538 = CARTESIAN_POINT ( 'NONE',  ( -13.50000000000000000, -39.25406378072637636, -0.7500000000000002220 ) ) ;
#2539 = VERTEX_POINT ( 'NONE', #3461 ) ;
#2540 = EDGE_CURVE ( 'NONE', #2160, #4396, #1014, .T. ) ;
#2541 = DIRECTION ( 'NONE',  ( -0.000000000000000000, -0.000000000000000000, 1.000000000000000000 ) ) ;
#2542 = DIRECTION ( 'NONE',  ( 0.000000000000000000, 0.000000000000000000, 1.000000000000000000 ) ) ;
#2543 = ADVANCED_FACE ( 'NONE', ( #689 ), #413, .T. ) ;
#2544 = EDGE_CURVE ( 'NONE', #3114, #927, #3076, .T. ) ;
#2545 = AXIS2_PLACEMENT_3D ( 'NONE', #1423, #1381, #2124 ) ;
#2546 = CARTESIAN_POINT ( 'NONE',  ( -33.25655778422070341, -11.07101769133245206, 5.250000000000000000 ) ) ;
#2547 = DIRECTION ( 'NONE',  ( 0.000000000000000000, -1.000000000000000000, 0.000000000000000000 ) ) ;
#2548 = DIRECTION ( 'NONE',  ( 1.000000000000000000, 0.000000000000000000, 0.000000000000000000 ) ) ;
#2549 = PLANE ( 'NONE',  #1447 ) ;
#2550 = AXIS2_PLACEMENT_3D ( 'NONE', #3188, #125, #484 ) ;
#2551 = ORIENTED_EDGE ( 'NONE', *, *, #899, .T. ) ;
#2552 = ORIENTED_EDGE ( 'NONE', *, *, #3169, .F. ) ;
#2553 = CARTESIAN_POINT ( 'NONE',  ( 8.000000000000063949, 23.35000000000005116, -5.250000000000001776 ) ) ;
#2554 = FACE_OUTER_BOUND ( 'NONE', #3926, .T. ) ;
#2555 = ORIENTED_EDGE ( 'NONE', *, *, #4086, .F. ) ;
#2556 = CARTESIAN_POINT ( 'NONE',  ( -30.95842445486375638, -9.142654862272847183, 5.250000000000000000 ) ) ;
#2557 = DIRECTION ( 'NONE',  ( 0.000000000000000000, 0.000000000000000000, 1.000000000000000000 ) ) ;
#2558 = CARTESIAN_POINT ( 'NONE',  ( -6.250033020065923317, 23.35000000000005116, -2.250000000000001332 ) ) ;
#2559 = LINE ( 'NONE', #4286, #2010 ) ;
#2560 = ORIENTED_EDGE ( 'NONE', *, *, #3149, .F. ) ;
#2561 = PLANE ( 'NONE',  #1454 ) ;
#2562 = CARTESIAN_POINT ( 'NONE',  ( -10.49999999999999467, -57.72269074732326288, 5.250000000000000000 ) ) ;
#2563 = ORIENTED_EDGE ( 'NONE', *, *, #3458, .T. ) ;
#2564 = DIRECTION ( 'NONE',  ( -0.000000000000000000, -0.000000000000000000, -1.000000000000000000 ) ) ;
#2565 = DIRECTION ( 'NONE',  ( -0.000000000000000000, -0.000000000000000000, -1.000000000000000000 ) ) ;
#2566 = CARTESIAN_POINT ( 'NONE',  ( 18.00000000000000000, -5.150057150114454529, -3.750000000000000444 ) ) ;
#2567 = FACE_OUTER_BOUND ( 'NONE', #2510, .T. ) ;
#2568 = ADVANCED_FACE ( 'NONE', ( #4137 ), #1342, .T. ) ;
#2569 = VERTEX_POINT ( 'NONE', #3137 ) ;
#2570 = EDGE_LOOP ( 'NONE', ( #3775, #815, #1498, #4110, #3583, #1294, #686, #3315, #1707, #572, #777, #1954, #1883, #1893, #3503, #1302, #231, #95, #4422, #861, #4221, #3987, #1960, #3885, #1613, #427, #4080, #1270, #2747, #4201, #2663, #629, #4044, #3575, #2690, #2851, #2733, #3693, #3706 ) ) ;
#2571 = CARTESIAN_POINT ( 'NONE',  ( 17.00000000000000000, -31.22269074732326288, 5.250000000000000000 ) ) ;
#2572 = ADVANCED_FACE ( 'NONE', ( #1397 ), #1418, .T. ) ;
#2573 = EDGE_CURVE ( 'NONE', #3008, #1708, #3272, .T. ) ;
#2574 = CARTESIAN_POINT ( 'NONE',  ( 27.69625603251205703, -0.2413335026669556349, 4.750000000000000000 ) ) ;
#2575 = ORIENTED_EDGE ( 'NONE', *, *, #4006, .T. ) ;
#2576 = ORIENTED_EDGE ( 'NONE', *, *, #3857, .T. ) ;
#2577 = DIRECTION ( 'NONE',  ( -1.000000000000000000, 0.000000000000000000, 0.000000000000000000 ) ) ;
#2578 = CARTESIAN_POINT ( 'NONE',  ( 12.54517000817600270, 25.52997500287327171, -2.290789999115641074 ) ) ;
#2579 = DIRECTION ( 'NONE',  ( 2.312964634635742957E-16, 1.000000000000000000, 0.000000000000000000 ) ) ;
#2580 = DIRECTION ( 'NONE',  ( -0.000000000000000000, -0.000000000000000000, -1.000000000000000000 ) ) ;
#2581 = ORIENTED_EDGE ( 'NONE', *, *, #3255, .T. ) ;
#2582 = CARTESIAN_POINT ( 'NONE',  ( 13.00000000000000178, -43.22269074732326999, -0.7499999999999997780 ) ) ;
#2583 = FACE_OUTER_BOUND ( 'NONE', #3499, .T. ) ;
#2584 = EDGE_LOOP ( 'NONE', ( #548, #1859 ) ) ;
#2585 = CIRCLE ( 'NONE', #2216, 6.500000000000005329 ) ;
#2586 = CARTESIAN_POINT ( 'NONE',  ( 9.000000000000001776, -43.22269074732326999, -0.7500000000000002220 ) ) ;
#2587 = DIRECTION ( 'NONE',  ( 0.7071067811865455743, 8.659560562354908206E-17, -0.7071067811865493491 ) ) ;
#2588 = DIRECTION ( 'NONE',  ( -0.000000000000000000, -0.000000000000000000, -1.000000000000000000 ) ) ;
#2589 = AXIS2_PLACEMENT_3D ( 'NONE', #1742, #426, #69 ) ;
#2590 = CARTESIAN_POINT ( 'NONE',  ( -13.97424434848894492, 24.17500381000705190, -5.250000000000000000 ) ) ;
#2591 = ORIENTED_EDGE ( 'NONE', *, *, #3350, .F. ) ;
#2592 = CIRCLE ( 'NONE', #3748, 1.750000000000011990 ) ;
#2593 = ADVANCED_FACE ( 'NONE', ( #2373 ), #2419, .F. ) ;
#2594 = DIRECTION ( 'NONE',  ( -1.000000000000000000, 0.000000000000000000, 0.000000000000000000 ) ) ;
#2595 = CIRCLE ( 'NONE', #2023, 9.999999999999960920 ) ;
#2596 = DIRECTION ( 'NONE',  ( -0.000000000000000000, -0.000000000000000000, -1.000000000000000000 ) ) ;
#2597 = ORIENTED_EDGE ( 'NONE', *, *, #1854, .F. ) ;
#2598 = ORIENTED_EDGE ( 'NONE', *, *, #899, .F. ) ;
#2599 = AXIS2_PLACEMENT_3D ( 'NONE', #3355, #2676, #287 ) ;
#2600 = EDGE_CURVE ( 'NONE', #2022, #2777, #3916, .T. ) ;
#2601 = ADVANCED_FACE ( 'NONE', ( #2438 ), #1062, .F. ) ;
#2602 = AXIS2_PLACEMENT_3D ( 'NONE', #4126, #1499, #2866 ) ;
#2603 = CARTESIAN_POINT ( 'NONE',  ( -33.54930253190232037, -11.50000000000000000, -5.250000000000000888 ) ) ;
#2604 = DIRECTION ( 'NONE',  ( -1.000000000000000000, 0.000000000000000000, 0.000000000000000000 ) ) ;
#2605 = CARTESIAN_POINT ( 'NONE',  ( -13.99999999999999822, -5.150057150114453641, -3.250000000000007550 ) ) ;
#2606 = VERTEX_POINT ( 'NONE', #3818 ) ;
#2607 = CIRCLE ( 'NONE', #4254, 2.999999999999999112 ) ;
#2608 = FACE_OUTER_BOUND ( 'NONE', #3210, .T. ) ;
#2609 = CARTESIAN_POINT ( 'NONE',  ( -13.50000000000001243, 2.119496995973695077E-13, -3.750000000000000444 ) ) ;
#2610 = ORIENTED_EDGE ( 'NONE', *, *, #10, .F. ) ;
#2611 = CIRCLE ( 'NONE', #3980, 3.000000000000012879 ) ;
#2612 = AXIS2_PLACEMENT_3D ( 'NONE', #194, #2873, #3216 ) ;
#2613 = ORIENTED_EDGE ( 'NONE', *, *, #818, .T. ) ;
#2614 = DIRECTION ( 'NONE',  ( 0.000000000000000000, -0.000000000000000000, -1.000000000000000000 ) ) ;
#2615 = CYLINDRICAL_SURFACE ( 'NONE', #1674, 0.5000000000000004441 ) ;
#2616 = CARTESIAN_POINT ( 'NONE',  ( -12.05146623357648750, 23.60630831364690252, -1.307043057617607751 ) ) ;
#2617 = AXIS2_PLACEMENT_3D ( 'NONE', #1505, #1133, #1904 ) ;
#2618 = LINE ( 'NONE', #4229, #2742 ) ;
#2619 = ORIENTED_EDGE ( 'NONE', *, *, #2687, .F. ) ;
#2620 = CIRCLE ( 'NONE', #478, 0.5000000000000004441 ) ;
#2621 = CYLINDRICAL_SURFACE ( 'NONE', #3254, 5.500000000000001776 ) ;
#2622 = LINE ( 'NONE', #1494, #2370 ) ;
#2623 = LINE ( 'NONE', #1233, #1740 ) ;
#2624 = ORIENTED_EDGE ( 'NONE', *, *, #3613, .F. ) ;
#2625 = ORIENTED_EDGE ( 'NONE', *, *, #223, .F. ) ;
#2626 = CARTESIAN_POINT ( 'NONE',  ( -5.472288242955556825, 34.24406644123207144, 5.250000000000000000 ) ) ;
#2627 = ADVANCED_FACE ( 'NONE', ( #664 ), #355, .F. ) ;
#2628 = ADVANCED_FACE ( 'NONE', ( #2795 ), #2013, .T. ) ;
#2629 = CARTESIAN_POINT ( 'NONE',  ( -10.21389155898008738, -33.86502646763126023, 5.250000000000000000 ) ) ;
#2630 = VERTEX_POINT ( 'NONE', #4431 ) ;
#2631 = CARTESIAN_POINT ( 'NONE',  ( 12.19889678577277259, 23.35000000000005116, -1.448896785772688878 ) ) ;
#2632 = DIRECTION ( 'NONE',  ( 0.000000000000000000, 0.000000000000000000, 1.000000000000000000 ) ) ;
#2633 = EDGE_CURVE ( 'NONE', #1787, #1348, #372, .T. ) ;
#2634 = VERTEX_POINT ( 'NONE', #3797 ) ;
#2635 = ORIENTED_EDGE ( 'NONE', *, *, #2402, .T. ) ;
#2636 = LINE ( 'NONE', #1928, #3530 ) ;
#2637 = DIRECTION ( 'NONE',  ( -0.000000000000000000, -0.000000000000000000, -1.000000000000000000 ) ) ;
#2638 = CARTESIAN_POINT ( 'NONE',  ( -12.00003302006593842, 23.35000000000005116, -0.7500000000000002220 ) ) ;
#2639 = DIRECTION ( 'NONE',  ( 1.000000000000000000, 0.000000000000000000, -0.000000000000000000 ) ) ;
#2640 = EDGE_LOOP ( 'NONE', ( #2625, #399, #2968, #3799 ) ) ;
#2641 = CARTESIAN_POINT ( 'NONE',  ( -28.00000000000000000, 11.99999999999999822, 5.250000000000000000 ) ) ;
#2642 = CYLINDRICAL_SURFACE ( 'NONE', #1389, 3.000000000000000000 ) ;
#2643 = EDGE_LOOP ( 'NONE', ( #4304, #713, #2468, #1118 ) ) ;
#2644 = VERTEX_POINT ( 'NONE', #4257 ) ;
#2645 = DIRECTION ( 'NONE',  ( -1.000000000000000000, 0.000000000000000000, 0.000000000000000000 ) ) ;
#2646 = DIRECTION ( 'NONE',  ( -0.000000000000000000, -0.000000000000000000, 1.000000000000000000 ) ) ;
#2647 = DIRECTION ( 'NONE',  ( 1.000000000000000000, 0.000000000000000000, 0.000000000000000000 ) ) ;
#2648 = ORIENTED_EDGE ( 'NONE', *, *, #4271, .F. ) ;
#2649 = EDGE_CURVE ( 'NONE', #74, #2223, #1480, .T. ) ;
#2650 = CARTESIAN_POINT ( 'NONE',  ( 30.14487539711820929, -57.72269074732326288, -3.750000000000000444 ) ) ;
#2651 = CARTESIAN_POINT ( 'NONE',  ( 13.50000000000000888, 2.258945057391766029E-13, -3.750000000000000444 ) ) ;
#2652 = VERTEX_POINT ( 'NONE', #1189 ) ;
#2653 = VERTEX_POINT ( 'NONE', #158 ) ;
#2654 = EDGE_CURVE ( 'NONE', #3833, #727, #479, .T. ) ;
#2655 = EDGE_CURVE ( 'NONE', #1708, #3743, #3207, .T. ) ;
#2656 = DIRECTION ( 'NONE',  ( 0.000000000000000000, 0.000000000000000000, -1.000000000000000000 ) ) ;
#2657 = DIRECTION ( 'NONE',  ( -1.000000000000000000, 0.000000000000000000, 0.000000000000000000 ) ) ;
#2658 = CARTESIAN_POINT ( 'NONE',  ( -13.38773761419018804, 26.10096508011495686, -3.299376139869808267 ) ) ;
#2659 = CARTESIAN_POINT ( 'NONE',  ( 7.499058865802553875, 33.45589845166242782, -3.750000000000000444 ) ) ;
#2660 = VECTOR ( 'NONE', #168, 1000.000000000000114 ) ;
#2661 = ORIENTED_EDGE ( 'NONE', *, *, #4092, .T. ) ;
#2662 = AXIS2_PLACEMENT_3D ( 'NONE', #4264, #2237, #4336 ) ;
#2663 = ORIENTED_EDGE ( 'NONE', *, *, #749, .T. ) ;
#2664 = CARTESIAN_POINT ( 'NONE',  ( 35.12416427739169933, -4.178119462962346375, -3.750000000000000444 ) ) ;
#2665 = VECTOR ( 'NONE', #4189, 1000.000000000000000 ) ;
#2666 = VECTOR ( 'NONE', #3007, 1000.000000000000227 ) ;
#2667 = VECTOR ( 'NONE', #3480, 1000.000000000000000 ) ;
#2668 = ORIENTED_EDGE ( 'NONE', *, *, #420, .T. ) ;
#2669 = ORIENTED_EDGE ( 'NONE', *, *, #878, .F. ) ;
#2670 = FACE_OUTER_BOUND ( 'NONE', #3073, .T. ) ;
#2671 = AXIS2_PLACEMENT_3D ( 'NONE', #4280, #2217, #200 ) ;
#2672 = DIRECTION ( 'NONE',  ( -0.000000000000000000, -0.000000000000000000, -1.000000000000000000 ) ) ;
#2673 = DIRECTION ( 'NONE',  ( -0.000000000000000000, 0.000000000000000000, -1.000000000000000000 ) ) ;
#2674 = EDGE_LOOP ( 'NONE', ( #1654, #975, #3120, #1384 ) ) ;
#2675 = AXIS2_PLACEMENT_3D ( 'NONE', #3001, #2228, #207 ) ;
#2676 = DIRECTION ( 'NONE',  ( 0.000000000000000000, 0.000000000000000000, 1.000000000000000000 ) ) ;
#2677 = AXIS2_PLACEMENT_3D ( 'NONE', #4060, #2316, #936 ) ;
#2678 = CARTESIAN_POINT ( 'NONE',  ( 13.50000000000000000, -39.25406378072637636, -0.7500000000000002220 ) ) ;
#2679 = ORIENTED_EDGE ( 'NONE', *, *, #4091, .T. ) ;
#2680 = EDGE_CURVE ( 'NONE', #3588, #4117, #3586, .T. ) ;
#2681 = ORIENTED_EDGE ( 'NONE', *, *, #2148, .F. ) ;
#2682 = CARTESIAN_POINT ( 'NONE',  ( 25.77125603251205987, -0.2413335026669556349, 4.750000000000000000 ) ) ;
#2683 = DIRECTION ( 'NONE',  ( -1.000000000000000000, 0.000000000000000000, 0.000000000000000000 ) ) ;
#2684 = LINE ( 'NONE', #985, #3902 ) ;
#2685 = DIRECTION ( 'NONE',  ( -0.000000000000000000, -0.000000000000000000, -1.000000000000000000 ) ) ;
#2686 = AXIS2_PLACEMENT_3D ( 'NONE', #316, #221, #2996 ) ;
#2687 = EDGE_CURVE ( 'NONE', #2256, #1770, #836, .T. ) ;
#2688 = EDGE_CURVE ( 'NONE', #1242, #1922, #4196, .T. ) ;
#2689 = ORIENTED_EDGE ( 'NONE', *, *, #3791, .T. ) ;
#2690 = ORIENTED_EDGE ( 'NONE', *, *, #3289, .T. ) ;
#2691 = CARTESIAN_POINT ( 'NONE',  ( 12.26073764569540714, 25.13369196730653954, -1.868160192418520937 ) ) ;
#2692 = VECTOR ( 'NONE', #364, 1000.000000000000000 ) ;
#2693 = VERTEX_POINT ( 'NONE', #2137 ) ;
#2694 = ORIENTED_EDGE ( 'NONE', *, *, #3350, .T. ) ;
#2695 = DIRECTION ( 'NONE',  ( 1.000000000000000000, 2.312964634635742957E-16, -0.000000000000000000 ) ) ;
#2696 = VECTOR ( 'NONE', #2916, 1000.000000000000000 ) ;
#2697 = LINE ( 'NONE', #596, #3998 ) ;
#2698 = DIRECTION ( 'NONE',  ( 1.000000000000000000, 2.312964634635742957E-16, -0.000000000000000000 ) ) ;
#2699 = ORIENTED_EDGE ( 'NONE', *, *, #2230, .T. ) ;
#2700 = AXIS2_PLACEMENT_3D ( 'NONE', #4200, #1878, #2169 ) ;
#2701 = CARTESIAN_POINT ( 'NONE',  ( -27.69625603251205703, -0.2413335026669556349, -5.250000000000000000 ) ) ;
#2702 = DIRECTION ( 'NONE',  ( -1.000000000000000000, 1.156482317317871725E-15, 0.000000000000000000 ) ) ;
#2703 = ORIENTED_EDGE ( 'NONE', *, *, #4332, .T. ) ;
#2704 = ORIENTED_EDGE ( 'NONE', *, *, #1229, .T. ) ;
#2705 = CARTESIAN_POINT ( 'NONE',  ( -13.00000000000000178, -43.22269074732326999, -5.250000000000001776 ) ) ;
#2706 = CARTESIAN_POINT ( 'NONE',  ( -11.97424434848894315, 24.17500381000705190, -1.308939143358972323 ) ) ;
#2707 = CARTESIAN_POINT ( 'NONE',  ( -18.40186894737724899, -11.50000000000000000, -3.750000000000000444 ) ) ;
#2708 = EDGE_LOOP ( 'NONE', ( #829, #3963, #1111, #2273 ) ) ;
#2709 = EDGE_CURVE ( 'NONE', #3654, #3358, #4349, .T. ) ;
#2710 = CARTESIAN_POINT ( 'NONE',  ( 12.25535002145779728, 23.22533038077871126, -1.505350021457716236 ) ) ;
#2711 = DIRECTION ( 'NONE',  ( -0.000000000000000000, -0.000000000000000000, -1.000000000000000000 ) ) ;
#2712 = ORIENTED_EDGE ( 'NONE', *, *, #615, .T. ) ;
#2713 = ORIENTED_EDGE ( 'NONE', *, *, #1825, .T. ) ;
#2714 = ADVANCED_FACE ( 'NONE', ( #1123 ), #1495, .T. ) ;
#2715 = EDGE_CURVE ( 'NONE', #900, #3553, #2984, .T. ) ;
#2716 = CARTESIAN_POINT ( 'NONE',  ( -19.90000000000001279, -5.150057150114454529, -5.250000000000000000 ) ) ;
#2717 = DIRECTION ( 'NONE',  ( 0.000000000000000000, 0.000000000000000000, -1.000000000000000000 ) ) ;
#2718 = CARTESIAN_POINT ( 'NONE',  ( -33.54930253190232037, -11.50000000000000000, -28.03232820709284212 ) ) ;
#2719 = EDGE_LOOP ( 'NONE', ( #2723, #2170 ) ) ;
#2720 = CARTESIAN_POINT ( 'NONE',  ( 13.49999999999999645, -54.72269074732326288, -3.750000000000000444 ) ) ;
#2721 = PLANE ( 'NONE',  #1541 ) ;
#2722 = EDGE_LOOP ( 'NONE', ( #2918, #3763 ) ) ;
#2723 = ORIENTED_EDGE ( 'NONE', *, *, #224, .F. ) ;
#2724 = CARTESIAN_POINT ( 'NONE',  ( 16.99999999999999289, -59.22269074732326999, 5.250000000000000000 ) ) ;
#2725 = FACE_BOUND ( 'NONE', #102, .T. ) ;
#2726 = CARTESIAN_POINT ( 'NONE',  ( 13.00000000000000178, -43.22269074732326999, -5.250000000000000000 ) ) ;
#2727 = VECTOR ( 'NONE', #375, 1000.000000000000000 ) ;
#2728 = B_SPLINE_CURVE_WITH_KNOTS ( 'NONE', 3,
 ( #1936, #966, #3021, #1327, #1608, #1680, #2323, #296, #4021, #941, #2710, #349 ),
 .UNSPECIFIED., .F., .F.,
 ( 4, 2, 2, 2, 2, 4 ),
 ( 2.888628494688697597E-07, 0.0008806627537575049177, 0.001761036644665541114, 0.002641410535573576659, 0.003081597481027598118, 0.003521784426481619143 ),
 .UNSPECIFIED. ) ;
#2729 = DIRECTION ( 'NONE',  ( -0.000000000000000000, -0.000000000000000000, -1.000000000000000000 ) ) ;
#2730 = LINE ( 'NONE', #4284, #3311 ) ;
#2731 = ORIENTED_EDGE ( 'NONE', *, *, #258, .F. ) ;
#2732 = EDGE_CURVE ( 'NONE', #3372, #2909, #3195, .T. ) ;
#2733 = ORIENTED_EDGE ( 'NONE', *, *, #1527, .T. ) ;
#2734 = AXIS2_PLACEMENT_3D ( 'NONE', #597, #1946, #1241 ) ;
#2735 = CARTESIAN_POINT ( 'NONE',  ( 30.14487539711820929, 8.499999999999998224, 5.250000000000000000 ) ) ;
#2736 = PRODUCT_DEFINITION_FORMATION_WITH_SPECIFIED_SOURCE ( '对称', '', #3983, .NOT_KNOWN. ) ;
#2737 = DIRECTION ( 'NONE',  ( -0.000000000000000000, -0.000000000000000000, -1.000000000000000000 ) ) ;
#2738 = FACE_BOUND ( 'NONE', #3716, .T. ) ;
#2739 = ADVANCED_FACE ( 'NONE', ( #93 ), #788, .F. ) ;
#2740 = ADVANCED_FACE ( 'NONE', ( #2554 ), #1315, .T. ) ;
#2741 = ORIENTED_EDGE ( 'NONE', *, *, #4295, .T. ) ;
#2742 = VECTOR ( 'NONE', #1537, 1000.000000000000000 ) ;
#2743 = CARTESIAN_POINT ( 'NONE',  ( 22.50000000000000000, 21.25010530891830030, 5.250000000000000000 ) ) ;
#2744 = DIRECTION ( 'NONE',  ( -3.083923978207811463E-16, -1.000000000000000000, 0.000000000000000000 ) ) ;
#2745 = ORIENTED_EDGE ( 'NONE', *, *, #2068, .F. ) ;
#2746 = AXIS2_PLACEMENT_3D ( 'NONE', #1647, #935, #4035 ) ;
#2747 = ORIENTED_EDGE ( 'NONE', *, *, #852, .T. ) ;
#2748 = VECTOR ( 'NONE', #2541, 1000.000000000000000 ) ;
#2749 = CARTESIAN_POINT ( 'NONE',  ( -22.61112256587701097, 10.89999999999999680, -3.750000000000000888 ) ) ;
#2750 = CARTESIAN_POINT ( 'NONE',  ( -15.49999999999999645, -5.150057150114454529, -1.750000000000000222 ) ) ;
#2751 = CARTESIAN_POINT ( 'NONE',  ( -22.49999999999999289, 2.058093255683377776E-13, -3.750000000000000444 ) ) ;
#2752 = VECTOR ( 'NONE', #1443, 1000.000000000000000 ) ;
#2753 = DIRECTION ( 'NONE',  ( -0.000000000000000000, -0.000000000000000000, -1.000000000000000000 ) ) ;
#2754 = CARTESIAN_POINT ( 'NONE',  ( -18.00000000000000000, -5.150057150114454529, -2.050000000000000266 ) ) ;
#2755 = ORIENTED_EDGE ( 'NONE', *, *, #3563, .T. ) ;
#2756 = ORIENTED_EDGE ( 'NONE', *, *, #2732, .F. ) ;
#2757 = CARTESIAN_POINT ( 'NONE',  ( -1.500033020065931089, 23.35000000000005116, -3.750000000000000444 ) ) ;
#2758 = CIRCLE ( 'NONE', #1409, 1.900000000000012790 ) ;
#2759 = DIRECTION ( 'NONE',  ( 0.6427876096865349220, -0.7660444431189816772, 0.000000000000000000 ) ) ;
#2760 = DIRECTION ( 'NONE',  ( -1.000000000000000000, 0.000000000000000000, 0.000000000000000000 ) ) ;
#2761 = ORIENTED_EDGE ( 'NONE', *, *, #2688, .T. ) ;
#2762 = AXIS2_PLACEMENT_3D ( 'NONE', #1337, #2939, #1598 ) ;
#2763 = EDGE_CURVE ( 'NONE', #726, #122, #2531, .T. ) ;
#2764 = CARTESIAN_POINT ( 'NONE',  ( -22.50000000000000000, 12.00000000000000355, 5.250000000000000000 ) ) ;
#2765 = DIRECTION ( 'NONE',  ( -0.000000000000000000, -0.000000000000000000, -1.000000000000000000 ) ) ;
#2766 = ORIENTED_EDGE ( 'NONE', *, *, #2047, .T. ) ;
#2767 = AXIS2_PLACEMENT_3D ( 'NONE', #3094, #2059, #4113 ) ;
#2768 = VERTEX_POINT ( 'NONE', #833 ) ;
#2769 = LINE ( 'NONE', #1836, #4248 ) ;
#2770 = EDGE_CURVE ( 'NONE', #1415, #919, #3820, .T. ) ;
#2771 = CARTESIAN_POINT ( 'NONE',  ( -18.00000000000000000, -5.150057150114454529, -3.750000000000000444 ) ) ;
#2772 = EDGE_CURVE ( 'NONE', #4265, #3518, #3250, .T. ) ;
#2773 = LINE ( 'NONE', #1055, #2692 ) ;
#2774 = CARTESIAN_POINT ( 'NONE',  ( 16.00000000000001421, -43.22269074732326999, -2.250000000000001332 ) ) ;
#2775 = DIRECTION ( 'NONE',  ( -1.000000000000000000, 0.000000000000000000, 0.000000000000000000 ) ) ;
#2776 = ORIENTED_EDGE ( 'NONE', *, *, #3731, .F. ) ;
#2777 = VERTEX_POINT ( 'NONE', #2464 ) ;
#2778 = CARTESIAN_POINT ( 'NONE',  ( 30.14487539711820929, 2.220446049250313081E-13, 5.250000000000000000 ) ) ;
#2779 = CARTESIAN_POINT ( 'NONE',  ( -14.99999999999999645, -59.22269074732326999, 5.250000000000000000 ) ) ;
#2780 = VERTEX_POINT ( 'NONE', #3838 ) ;
#2781 = DIRECTION ( 'NONE',  ( -1.000000000000000000, 0.000000000000000000, 0.000000000000000000 ) ) ;
#2782 = DIRECTION ( 'NONE',  ( -0.000000000000000000, -0.000000000000000000, -1.000000000000000000 ) ) ;
#2783 = ORIENTED_EDGE ( 'NONE', *, *, #2785, .T. ) ;
#2784 = ORIENTED_EDGE ( 'NONE', *, *, #852, .F. ) ;
#2785 = EDGE_CURVE ( 'NONE', #3802, #4100, #771, .T. ) ;
#2786 = DIRECTION ( 'NONE',  ( 0.000000000000000000, 0.000000000000000000, 1.000000000000000000 ) ) ;
#2787 = DIRECTION ( 'NONE',  ( -1.000000000000000000, 0.000000000000000000, 0.000000000000000000 ) ) ;
#2788 = EDGE_CURVE ( 'NONE', #3222, #3468, #1785, .T. ) ;
#2789 = ADVANCED_FACE ( 'NONE', ( #2822 ), #2642, .F. ) ;
#2790 = DIRECTION ( 'NONE',  ( -1.000000000000000000, 0.000000000000000000, 0.000000000000000000 ) ) ;
#2791 = CYLINDRICAL_SURFACE ( 'NONE', #311, 1.750000000000011990 ) ;
#2792 = ORIENTED_EDGE ( 'NONE', *, *, #279, .F. ) ;
#2793 = ORIENTED_EDGE ( 'NONE', *, *, #4414, .T. ) ;
#2794 = DIRECTION ( 'NONE',  ( -1.000000000000000000, 0.000000000000000000, 0.000000000000000000 ) ) ;
#2795 = FACE_OUTER_BOUND ( 'NONE', #3295, .T. ) ;
#2796 = CIRCLE ( 'NONE', #2439, 1.900000000000012790 ) ;
#2797 = DIRECTION ( 'NONE',  ( -0.000000000000000000, -0.000000000000000000, -1.000000000000000000 ) ) ;
#2798 = ORIENTED_EDGE ( 'NONE', *, *, #1104, .F. ) ;
#2799 = DIRECTION ( 'NONE',  ( 0.000000000000000000, 0.000000000000000000, -1.000000000000000000 ) ) ;
#2800 = AXIS2_PLACEMENT_3D ( 'NONE', #2477, #2455, #2133 ) ;
#2801 = CIRCLE ( 'NONE', #2300, 1.750000000000013767 ) ;
#2802 = DIRECTION ( 'NONE',  ( -0.000000000000000000, -0.000000000000000000, -1.000000000000000000 ) ) ;
#2803 = ORIENTED_EDGE ( 'NONE', *, *, #3005, .F. ) ;
#2804 = CIRCLE ( 'NONE', #2948, 8.499999999999959144 ) ;
#2805 = ORIENTED_EDGE ( 'NONE', *, *, #665, .T. ) ;
#2806 = CIRCLE ( 'NONE', #1095, 4.000000000000000888 ) ;
#2807 = CARTESIAN_POINT ( 'NONE',  ( -16.00000000000000000, 16.84999999999999787, -3.750000000000000888 ) ) ;
#2808 = AXIS2_PLACEMENT_3D ( 'NONE', #270, #4345, #3336 ) ;
#2809 = LINE ( 'NONE', #2751, #4129 ) ;
#2810 = EDGE_CURVE ( 'NONE', #1361, #955, #2931, .T. ) ;
#2811 = VECTOR ( 'NONE', #3010, 1000.000000000000000 ) ;
#2812 = DIRECTION ( 'NONE',  ( -0.000000000000000000, -0.000000000000000000, -1.000000000000000000 ) ) ;
#2813 = DIRECTION ( 'NONE',  ( -1.000000000000000000, 0.000000000000000000, 0.000000000000000000 ) ) ;
#2814 = EDGE_CURVE ( 'NONE', #2207, #875, #1564, .T. ) ;
#2815 = EDGE_CURVE ( 'NONE', #2606, #2634, #4022, .T. ) ;
#2816 = ORIENTED_EDGE ( 'NONE', *, *, #1750, .T. ) ;
#2817 = EDGE_LOOP ( 'NONE', ( #1775, #1190, #3587, #3854 ) ) ;
#2818 = VECTOR ( 'NONE', #133, 1000.000000000000000 ) ;
#2819 = CYLINDRICAL_SURFACE ( 'NONE', #2521, 10.00000000000000178 ) ;
#2820 = ADVANCED_FACE ( 'NONE', ( #1964 ), #547, .F. ) ;
#2821 = AXIS2_PLACEMENT_3D ( 'NONE', #49, #3808, #2054 ) ;
#2822 = FACE_OUTER_BOUND ( 'NONE', #1191, .T. ) ;
#2823 = AXIS2_PLACEMENT_3D ( 'NONE', #627, #4055, #3645 ) ;
#2824 = EDGE_LOOP ( 'NONE', ( #561, #598, #757, #3727 ) ) ;
#2825 = DIRECTION ( 'NONE',  ( 0.000000000000000000, 0.000000000000000000, 1.000000000000000000 ) ) ;
#2826 = DIRECTION ( 'NONE',  ( 1.000000000000000000, 0.000000000000000000, -0.000000000000000000 ) ) ;
#2827 = ORIENTED_EDGE ( 'NONE', *, *, #2293, .T. ) ;
#2828 = ORIENTED_EDGE ( 'NONE', *, *, #396, .T. ) ;
#2829 = CIRCLE ( 'NONE', #1115, 2.500000000000002220 ) ;
#2830 = DIRECTION ( 'NONE',  ( -1.000000000000000000, 0.000000000000000000, 0.000000000000000000 ) ) ;
#2831 = CIRCLE ( 'NONE', #4066, 1.924999999999999600 ) ;
#2832 = CARTESIAN_POINT ( 'NONE',  ( -25.55051025721682123, 11.49999999999999822, -3.750000000000000888 ) ) ;
#2833 = AXIS2_PLACEMENT_3D ( 'NONE', #330, #3441, #1687 ) ;
#2834 = DIRECTION ( 'NONE',  ( -0.000000000000000000, -0.000000000000000000, -1.000000000000000000 ) ) ;
#2835 = DIRECTION ( 'NONE',  ( -0.000000000000000000, -0.000000000000000000, -1.000000000000000000 ) ) ;
#2836 = FACE_OUTER_BOUND ( 'NONE', #1979, .T. ) ;
#2837 = FACE_OUTER_BOUND ( 'NONE', #3749, .T. ) ;
#2838 = ORIENTED_EDGE ( 'NONE', *, *, #3584, .T. ) ;
#2839 = EDGE_LOOP ( 'NONE', ( #1157, #602, #3757, #2975 ) ) ;
#2840 = EDGE_CURVE ( 'NONE', #2285, #625, #3637, .T. ) ;
#2841 = LINE ( 'NONE', #1396, #1944 ) ;
#2842 = DIRECTION ( 'NONE',  ( -0.000000000000000000, -0.000000000000000000, 1.000000000000000000 ) ) ;
#2843 = ORIENTED_EDGE ( 'NONE', *, *, #1529, .F. ) ;
#2844 = EDGE_CURVE ( 'NONE', #115, #593, #4002, .T. ) ;
#2845 = EDGE_CURVE ( 'NONE', #2368, #1805, #2623, .T. ) ;
#2846 = DIRECTION ( 'NONE',  ( 2.312964634635742957E-16, 1.000000000000000000, -0.000000000000000000 ) ) ;
#2847 = CARTESIAN_POINT ( 'NONE',  ( 8.000000000000063949, 23.35000000000005116, -2.250000000000001332 ) ) ;
#2848 = DIRECTION ( 'NONE',  ( -1.000000000000000000, 0.000000000000000000, 0.000000000000000000 ) ) ;
#2849 = DIRECTION ( 'NONE',  ( -1.000000000000000000, 0.000000000000000000, 0.000000000000000000 ) ) ;
#2850 = ORIENTED_EDGE ( 'NONE', *, *, #2293, .F. ) ;
#2851 = ORIENTED_EDGE ( 'NONE', *, *, #1351, .T. ) ;
#2852 = DIRECTION ( 'NONE',  ( 0.000000000000000000, 0.000000000000000000, 1.000000000000000000 ) ) ;
#2853 = DIRECTION ( 'NONE',  ( -1.000000000000000000, 0.000000000000000000, 0.000000000000000000 ) ) ;
#2854 = PLANE ( 'NONE',  #1803 ) ;
#2855 = CARTESIAN_POINT ( 'NONE',  ( 25.77125603251205987, -0.2413335026669556349, -4.950000000000019718 ) ) ;
#2856 = CARTESIAN_POINT ( 'NONE',  ( -27.69625603251205703, -0.2413335026669556349, -3.750000000000000888 ) ) ;
#2857 = DIRECTION ( 'NONE',  ( -1.000000000000000000, 0.000000000000000000, 0.000000000000000000 ) ) ;
#2858 = ORIENTED_EDGE ( 'NONE', *, *, #3319, .T. ) ;
#2859 = ORIENTED_EDGE ( 'NONE', *, *, #472, .F. ) ;
#2860 = ORIENTED_EDGE ( 'NONE', *, *, #2292, .F. ) ;
#2861 = DIRECTION ( 'NONE',  ( -0.7071067811865455743, 0.000000000000000000, -0.7071067811865493491 ) ) ;
#2862 = CARTESIAN_POINT ( 'NONE',  ( 11.00000000000007816, 23.35000000000005116, -5.250000000000000000 ) ) ;
#2863 = EDGE_CURVE ( 'NONE', #4408, #1787, #1594, .T. ) ;
#2864 = ORIENTED_EDGE ( 'NONE', *, *, #1074, .T. ) ;
#2865 = ORIENTED_EDGE ( 'NONE', *, *, #4069, .F. ) ;
#2866 = DIRECTION ( 'NONE',  ( -1.000000000000000000, 0.000000000000000000, 0.000000000000000000 ) ) ;
#2867 = DIRECTION ( 'NONE',  ( -0.000000000000000000, -0.000000000000000000, -1.000000000000000000 ) ) ;
#2868 = LINE ( 'NONE', #1789, #4266 ) ;
#2869 = ADVANCED_FACE ( 'NONE', ( #2955 ), #4318, .F. ) ;
#2870 = EDGE_CURVE ( 'NONE', #1018, #2652, #3974, .T. ) ;
#2871 = ORIENTED_EDGE ( 'NONE', *, *, #616, .F. ) ;
#2872 = AXIS2_PLACEMENT_3D ( 'NONE', #3318, #1609, #2978 ) ;
#2873 = DIRECTION ( 'NONE',  ( -0.000000000000000000, -0.000000000000000000, -1.000000000000000000 ) ) ;
#2874 = DIRECTION ( 'NONE',  ( -1.000000000000000000, 0.000000000000000000, 0.000000000000000000 ) ) ;
#2875 = AXIS2_PLACEMENT_3D ( 'NONE', #3208, #2532, #2503 ) ;
#2876 = CARTESIAN_POINT ( 'NONE',  ( -38.64487539711820574, 0.000000000000000000, 5.250000000000000000 ) ) ;
#2877 = VECTOR ( 'NONE', #2163, 1000.000000000000000 ) ;
#2878 = DIRECTION ( 'NONE',  ( 0.7071067811865406894, 8.659560562354850274E-17, -0.7071067811865544561 ) ) ;
#2879 = CARTESIAN_POINT ( 'NONE',  ( 8.000000000000063949, 23.35000000000005116, -3.750000000000000444 ) ) ;
#2880 = DIRECTION ( 'NONE',  ( -1.000000000000000000, 0.000000000000000000, 0.000000000000000000 ) ) ;
#2881 = VECTOR ( 'NONE', #865, 1000.000000000000000 ) ;
#2882 = VERTEX_POINT ( 'NONE', #3657 ) ;
#2883 = ORIENTED_EDGE ( 'NONE', *, *, #3835, .F. ) ;
#2884 = LINE ( 'NONE', #4256, #86 ) ;
#2885 = CIRCLE ( 'NONE', #685, 2.000000000000000000 ) ;
#2886 = DIRECTION ( 'NONE',  ( 0.000000000000000000, -0.000000000000000000, -1.000000000000000000 ) ) ;
#2887 = ORIENTED_EDGE ( 'NONE', *, *, #2540, .T. ) ;
#2888 = ORIENTED_EDGE ( 'NONE', *, *, #2434, .T. ) ;
#2889 = DIRECTION ( 'NONE',  ( 0.000000000000000000, 0.000000000000000000, -1.000000000000000000 ) ) ;
#2890 = AXIS2_PLACEMENT_3D ( 'NONE', #2879, #2588, #4251 ) ;
#2891 = LINE ( 'NONE', #4199, #3238 ) ;
#2892 = CARTESIAN_POINT ( 'NONE',  ( 8.000000000000000000, 37.74406644123207144, 5.250000000000000000 ) ) ;
#2893 = FACE_OUTER_BOUND ( 'NONE', #2817, .T. ) ;
#2894 = VERTEX_POINT ( 'NONE', #591 ) ;
#2895 = EDGE_CURVE ( 'NONE', #1492, #923, #1871, .T. ) ;
#2896 = DIRECTION ( 'NONE',  ( 1.000000000000000000, 0.000000000000000000, -0.000000000000000000 ) ) ;
#2897 = CARTESIAN_POINT ( 'NONE',  ( 13.50000000000000178, -31.22269074732326288, 5.250000000000000000 ) ) ;
#2898 = EDGE_LOOP ( 'NONE', ( #3825, #4381, #2648, #1003 ) ) ;
#2899 = AXIS2_PLACEMENT_3D ( 'NONE', #3513, #4148, #3494 ) ;
#2900 = EDGE_CURVE ( 'NONE', #1424, #4313, #2595, .T. ) ;
#2901 = EDGE_CURVE ( 'NONE', #3358, #1149, #4397, .T. ) ;
#2902 = AXIS2_PLACEMENT_3D ( 'NONE', #3161, #504, #3525 ) ;
#2903 = DIRECTION ( 'NONE',  ( -1.000000000000000000, 0.000000000000000000, 0.000000000000000000 ) ) ;
#2904 = DIRECTION ( 'NONE',  ( 0.000000000000000000, -0.000000000000000000, -1.000000000000000000 ) ) ;
#2905 = FACE_OUTER_BOUND ( 'NONE', #1714, .T. ) ;
#2906 = DIRECTION ( 'NONE',  ( 0.000000000000000000, 0.000000000000000000, -1.000000000000000000 ) ) ;
#2907 = AXIS2_PLACEMENT_3D ( 'NONE', #165, #1523, #2489 ) ;
#2908 = VERTEX_POINT ( 'NONE', #1610 ) ;
#2909 = VERTEX_POINT ( 'NONE', #2980 ) ;
#2910 = PLANE ( 'NONE',  #3100 ) ;
#2911 = CARTESIAN_POINT ( 'NONE',  ( 14.02081026162005628, 24.17500381000705190, -3.750000000000000888 ) ) ;
#2912 = EDGE_LOOP ( 'NONE', ( #1485, #3037, #2329, #3446 ) ) ;
#2913 = ORIENTED_EDGE ( 'NONE', *, *, #2238, .T. ) ;
#2914 = DIRECTION ( 'NONE',  ( -0.000000000000000000, -0.000000000000000000, -1.000000000000000000 ) ) ;
#2915 = DIRECTION ( 'NONE',  ( 0.000000000000000000, 0.000000000000000000, -1.000000000000000000 ) ) ;
#2916 = DIRECTION ( 'NONE',  ( 0.7071067811865457964, 8.659560562354911904E-17, -0.7071067811865492381 ) ) ;
#2917 = DIRECTION ( 'NONE',  ( 0.000000000000000000, 0.000000000000000000, -1.000000000000000000 ) ) ;
#2918 = ORIENTED_EDGE ( 'NONE', *, *, #1405, .F. ) ;
#2919 = CARTESIAN_POINT ( 'NONE',  ( -20.27357682554798046, -27.32139380484326452, 5.250000000000000000 ) ) ;
#2920 = CARTESIAN_POINT ( 'NONE',  ( -17.00000000000000000, -34.86239308998526809, 5.250000000000000000 ) ) ;
#2921 = ORIENTED_EDGE ( 'NONE', *, *, #438, .F. ) ;
#2922 = EDGE_CURVE ( 'NONE', #3707, #1635, #4352, .T. ) ;
#2923 = LINE ( 'NONE', #2495, #1243 ) ;
#2924 = CARTESIAN_POINT ( 'NONE',  ( -13.50000000000000000, -34.86239308998526809, -3.750000000000000888 ) ) ;
#2925 = DIRECTION ( 'NONE',  ( -2.312964634635743450E-16, 1.000000000000000000, 0.000000000000000000 ) ) ;
#2926 = DIRECTION ( 'NONE',  ( 0.000000000000000000, 0.000000000000000000, -1.000000000000000000 ) ) ;
#2927 = EDGE_CURVE ( 'NONE', #2203, #3154, #606, .T. ) ;
#2928 = EDGE_CURVE ( 'NONE', #8, #1569, #1948, .T. ) ;
#2929 = ORIENTED_EDGE ( 'NONE', *, *, #1426, .T. ) ;
#2930 = CARTESIAN_POINT ( 'NONE',  ( -16.99999999999999289, -57.72269074732326288, 5.250000000000000000 ) ) ;
#2931 = LINE ( 'NONE', #4327, #1668 ) ;
#2932 = ORIENTED_EDGE ( 'NONE', *, *, #2951, .F. ) ;
#2933 = ORIENTED_EDGE ( 'NONE', *, *, #2485, .T. ) ;
#2934 = DIRECTION ( 'NONE',  ( -1.000000000000000000, 0.000000000000000000, 0.000000000000000000 ) ) ;
#2935 = CARTESIAN_POINT ( 'NONE',  ( -7.499058865802546769, 33.45589845166243492, 5.250000000000000000 ) ) ;
#2936 = DIRECTION ( 'NONE',  ( -0.000000000000000000, -0.000000000000000000, -1.000000000000000000 ) ) ;
#2937 = ORIENTED_EDGE ( 'NONE', *, *, #1098, .T. ) ;
#2938 = CARTESIAN_POINT ( 'NONE',  ( 30.14487539711820929, 8.499999999999998224, -3.750000000000000444 ) ) ;
#2939 = DIRECTION ( 'NONE',  ( 0.7660444431189817882, 0.6427876096865350330, -0.000000000000000000 ) ) ;
#2940 = ORIENTED_EDGE ( 'NONE', *, *, #2351, .T. ) ;
#2941 = VERTEX_POINT ( 'NONE', #782 ) ;
#2942 = FACE_OUTER_BOUND ( 'NONE', #1840, .T. ) ;
#2943 = CARTESIAN_POINT ( 'NONE',  ( 17.00000000000000000, -34.86239308998526809, 5.250000000000000000 ) ) ;
#2944 = EDGE_CURVE ( 'NONE', #2245, #965, #2923, .T. ) ;
#2945 = CARTESIAN_POINT ( 'NONE',  ( -11.97424434848887920, 24.03359125389761175, -1.280196190224403230 ) ) ;
#2946 = CIRCLE ( 'NONE', #1234, 3.000000000000000000 ) ;
#2947 = DIRECTION ( 'NONE',  ( -1.000000000000000000, 0.000000000000000000, 0.000000000000000000 ) ) ;
#2948 = AXIS2_PLACEMENT_3D ( 'NONE', #273, #4395, #247 ) ;
#2949 = EDGE_LOOP ( 'NONE', ( #2598, #856, #1274, #2929 ) ) ;
#2950 = VECTOR ( 'NONE', #4232, 1000.000000000000000 ) ;
#2951 = EDGE_CURVE ( 'NONE', #1354, #3908, #681, .T. ) ;
#2952 = EDGE_CURVE ( 'NONE', #2229, #2634, #1100, .T. ) ;
#2953 = ORIENTED_EDGE ( 'NONE', *, *, #587, .T. ) ;
#2954 = DIRECTION ( 'NONE',  ( -0.000000000000000000, -0.000000000000000000, 1.000000000000000000 ) ) ;
#2955 = FACE_OUTER_BOUND ( 'NONE', #1766, .T. ) ;
#2956 = VERTEX_POINT ( 'NONE', #442 ) ;
#2957 = VERTEX_POINT ( 'NONE', #1798 ) ;
#2958 = VECTOR ( 'NONE', #1665, 1000.000000000000000 ) ;
#2959 = AXIS2_PLACEMENT_3D ( 'NONE', #2506, #3765, #3470 ) ;
#2960 = ADVANCED_FACE ( 'NONE', ( #4226 ), #3171, .T. ) ;
#2961 = DIRECTION ( 'NONE',  ( -0.000000000000000000, -0.000000000000000000, -1.000000000000000000 ) ) ;
#2962 = DIRECTION ( 'NONE',  ( -0.000000000000000000, -0.000000000000000000, -1.000000000000000000 ) ) ;
#2963 = CARTESIAN_POINT ( 'NONE',  ( 11.24999999999998934, -43.22269074732326999, -0.7499999999999997780 ) ) ;
#2964 = ORIENTED_EDGE ( 'NONE', *, *, #3835, .T. ) ;
#2965 = CIRCLE ( 'NONE', #1254, 1.750000000000011990 ) ;
#2966 = CARTESIAN_POINT ( 'NONE',  ( -33.25655778422070341, -11.07101769133245206, 5.250000000000000000 ) ) ;
#2967 = DIRECTION ( 'NONE',  ( -0.000000000000000000, -0.000000000000000000, -1.000000000000000000 ) ) ;
#2968 = ORIENTED_EDGE ( 'NONE', *, *, #80, .T. ) ;
#2969 = AXIS2_PLACEMENT_3D ( 'NONE', #488, #3576, #1860 ) ;
#2970 = ORIENTED_EDGE ( 'NONE', *, *, #1750, .F. ) ;
#2971 = DIRECTION ( 'NONE',  ( 0.000000000000000000, 0.000000000000000000, -1.000000000000000000 ) ) ;
#2972 = LINE ( 'NONE', #2317, #3039 ) ;
#2973 = AXIS2_PLACEMENT_3D ( 'NONE', #3194, #1842, #2853 ) ;
#2974 = DIRECTION ( 'NONE',  ( 0.000000000000000000, 0.000000000000000000, -1.000000000000000000 ) ) ;
#2975 = ORIENTED_EDGE ( 'NONE', *, *, #1614, .F. ) ;
#2976 = CIRCLE ( 'NONE', #1694, 6.500000000000000888 ) ;
#2977 = CARTESIAN_POINT ( 'NONE',  ( -13.54483535809642802, 22.21016746062699454, -2.910714532636792917 ) ) ;
#2978 = DIRECTION ( 'NONE',  ( -1.000000000000000000, 0.000000000000000000, 0.000000000000000000 ) ) ;
#2979 = AXIS2_PLACEMENT_3D ( 'NONE', #391, #1080, #2037 ) ;
#2980 = CARTESIAN_POINT ( 'NONE',  ( 14.75000000000001243, -43.22269074732326999, 5.249999999999995559 ) ) ;
#2981 = EDGE_LOOP ( 'NONE', ( #987, #2551, #126, #1723 ) ) ;
#2982 = ADVANCED_FACE ( 'NONE', ( #1506 ), #3940, .F. ) ;
#2983 = ORIENTED_EDGE ( 'NONE', *, *, #3149, .T. ) ;
#2984 = CIRCLE ( 'NONE', #486, 13.50000000000000000 ) ;
#2985 = CARTESIAN_POINT ( 'NONE',  ( -20.39055460398849462, -27.00000000000000355, -5.250000000000000000 ) ) ;
#2986 = LINE ( 'NONE', #3641, #2258 ) ;
#2987 = CARTESIAN_POINT ( 'NONE',  ( -20.39055460398849462, -27.00000000000000355, 5.250000000000000000 ) ) ;
#2988 = EDGE_CURVE ( 'NONE', #1839, #449, #1519, .T. ) ;
#2989 = ADVANCED_FACE ( 'NONE', ( #107 ), #1469, .F. ) ;
#2990 = ORIENTED_EDGE ( 'NONE', *, *, #1970, .F. ) ;
#2991 = CARTESIAN_POINT ( 'NONE',  ( -8.000033020065936640, 23.35000000000005116, -0.7500000000000002220 ) ) ;
#2992 = FACE_OUTER_BOUND ( 'NONE', #3287, .T. ) ;
#2993 = VERTEX_POINT ( 'NONE', #3241 ) ;
#2994 = ORIENTED_EDGE ( 'NONE', *, *, #4091, .F. ) ;
#2995 = CARTESIAN_POINT ( 'NONE',  ( 20.39133634950181673, 21.64230268926578304, 5.250000000000000000 ) ) ;
#2996 = DIRECTION ( 'NONE',  ( -1.000000000000000000, 0.000000000000000000, 0.000000000000000000 ) ) ;
#2997 = DIRECTION ( 'NONE',  ( -1.000000000000000000, 0.000000000000000000, 0.000000000000000000 ) ) ;
#2998 = ORIENTED_EDGE ( 'NONE', *, *, #2944, .T. ) ;
#2999 = ORIENTED_EDGE ( 'NONE', *, *, #3534, .T. ) ;
#3000 = CARTESIAN_POINT ( 'NONE',  ( -13.00000000000000178, -43.22269074732326999, -5.250000000000000000 ) ) ;
#3001 = CARTESIAN_POINT ( 'NONE',  ( 8.000000000000063949, 23.35000000000005116, -1.249999999999981570 ) ) ;
#3002 = ORIENTED_EDGE ( 'NONE', *, *, #143, .F. ) ;
#3003 = ORIENTED_EDGE ( 'NONE', *, *, #258, .T. ) ;
#3004 = FACE_BOUND ( 'NONE', #3427, .T. ) ;
#3005 = EDGE_CURVE ( 'NONE', #3437, #3089, #1843, .T. ) ;
#3006 = CARTESIAN_POINT ( 'NONE',  ( -10.49999999999999645, -54.72269074732326288, 5.250000000000000000 ) ) ;
#3007 = DIRECTION ( 'NONE',  ( 0.6427876096865349220, -0.7660444431189816772, 0.000000000000000000 ) ) ;
#3008 = VERTEX_POINT ( 'NONE', #2520 ) ;
#3009 = ADVANCED_FACE ( 'NONE', ( #1180 ), #2854, .F. ) ;
#3010 = DIRECTION ( 'NONE',  ( 1.000000000000000000, 0.000000000000000000, 0.000000000000000000 ) ) ;
#3011 = EDGE_CURVE ( 'NONE', #2345, #435, #2154, .T. ) ;
#3012 = DIRECTION ( 'NONE',  ( 0.000000000000000000, 0.000000000000000000, 1.000000000000000000 ) ) ;
#3013 = ORIENTED_EDGE ( 'NONE', *, *, #2461, .F. ) ;
#3014 = EDGE_LOOP ( 'NONE', ( #3608, #709 ) ) ;
#3015 = PLANE ( 'NONE',  #3684 ) ;
#3016 = CARTESIAN_POINT ( 'NONE',  ( 6.250000000000051514, 23.35000000000005116, -5.250000000000000000 ) ) ;
#3017 = CARTESIAN_POINT ( 'NONE',  ( -12.22110746785241098, 25.14660316144113139, -1.836628321964697275 ) ) ;
#3018 = FACE_OUTER_BOUND ( 'NONE', #672, .T. ) ;
#3019 = AXIS2_PLACEMENT_3D ( 'NONE', #177, #2565, #3870 ) ;
#3020 = ORIENTED_EDGE ( 'NONE', *, *, #4301, .T. ) ;
#3021 = CARTESIAN_POINT ( 'NONE',  ( 13.97538379700160860, 22.16471467221053260, -3.341788630913995473 ) ) ;
#3022 = CARTESIAN_POINT ( 'NONE',  ( -26.00000000000000000, 9.999999999999998224, -5.250000000000000000 ) ) ;
#3023 = AXIS2_PLACEMENT_3D ( 'NONE', #25, #1076, #2813 ) ;
#3024 = VECTOR ( 'NONE', #3954, 1000.000000000000000 ) ;
#3025 = VERTEX_POINT ( 'NONE', #176 ) ;
#3026 = ORIENTED_EDGE ( 'NONE', *, *, #1120, .T. ) ;
#3027 = FACE_OUTER_BOUND ( 'NONE', #944, .T. ) ;
#3028 = AXIS2_PLACEMENT_3D ( 'NONE', #131, #3850, #3218 ) ;
#3029 = CARTESIAN_POINT ( 'NONE',  ( -13.49999999999999822, -44.89974173044812744, -0.7499999999999997780 ) ) ;
#3030 = DIRECTION ( 'NONE',  ( 0.000000000000000000, 0.000000000000000000, 1.000000000000000000 ) ) ;
#3031 = ORIENTED_EDGE ( 'NONE', *, *, #3976, .F. ) ;
#3032 = AXIS2_PLACEMENT_3D ( 'NONE', #2002, #2971, #1648 ) ;
#3033 = DIRECTION ( 'NONE',  ( -1.000000000000000000, 0.000000000000000000, 0.000000000000000000 ) ) ;
#3034 = AXIS2_PLACEMENT_3D ( 'NONE', #3572, #3617, #502 ) ;
#3035 = DIRECTION ( 'NONE',  ( -0.000000000000000000, -0.000000000000000000, -1.000000000000000000 ) ) ;
#3036 = VERTEX_POINT ( 'NONE', #2876 ) ;
#3037 = ORIENTED_EDGE ( 'NONE', *, *, #1561, .T. ) ;
#3038 = ADVANCED_FACE ( 'NONE', ( #824 ), #1889, .F. ) ;
#3039 = VECTOR ( 'NONE', #3697, 1000.000000000000000 ) ;
#3040 = CARTESIAN_POINT ( 'NONE',  ( 37.80531982830802207, -6.427876096865348998, 5.250000000000000000 ) ) ;
#3041 = CARTESIAN_POINT ( 'NONE',  ( 13.00000000000000178, -43.22269074732326999, -1.249999999999980682 ) ) ;
#3042 = CARTESIAN_POINT ( 'NONE',  ( -12.28743881699188734, 25.25663145333610515, -1.941853709643698300 ) ) ;
#3043 = VECTOR ( 'NONE', #4130, 1000.000000000000000 ) ;
#3044 = DIRECTION ( 'NONE',  ( 0.000000000000000000, 0.000000000000000000, 1.000000000000000000 ) ) ;
#3045 = VECTOR ( 'NONE', #2062, 1000.000000000000000 ) ;
#3046 = EDGE_CURVE ( 'NONE', #625, #1231, #885, .T. ) ;
#3047 = EDGE_CURVE ( 'NONE', #3025, #4209, #3196, .T. ) ;
#3048 = ORIENTED_EDGE ( 'NONE', *, *, #3313, .T. ) ;
#3049 = CARTESIAN_POINT ( 'NONE',  ( -12.15233087264165768, 23.35000000000005116, -1.402297852575702164 ) ) ;
#3050 = CARTESIAN_POINT ( 'NONE',  ( 10.49999999999999467, -57.72269074732326288, -3.750000000000000888 ) ) ;
#3051 = AXIS2_PLACEMENT_3D ( 'NONE', #196, #820, #215 ) ;
#3052 = ORIENTED_EDGE ( 'NONE', *, *, #315, .T. ) ;
#3053 = VERTEX_POINT ( 'NONE', #466 ) ;
#3054 = CARTESIAN_POINT ( 'NONE',  ( 16.00000000000000000, 16.84999999999999787, 5.250000000000000000 ) ) ;
#3055 = VECTOR ( 'NONE', #882, 1000.000000000000000 ) ;
#3056 = CARTESIAN_POINT ( 'NONE',  ( -8.000033020065936640, 23.35000000000005116, -5.250000000000000000 ) ) ;
#3057 = FACE_BOUND ( 'NONE', #2722, .T. ) ;
#3058 = EDGE_LOOP ( 'NONE', ( #495, #1314, #785, #2731, #1901 ) ) ;
#3059 = VECTOR ( 'NONE', #2962, 1000.000000000000000 ) ;
#3060 = DIRECTION ( 'NONE',  ( 1.000000000000000000, 0.000000000000000000, 0.000000000000000000 ) ) ;
#3061 = PLANE ( 'NONE',  #1339 ) ;
#3062 = VERTEX_POINT ( 'NONE', #4249 ) ;
#3063 = ORIENTED_EDGE ( 'NONE', *, *, #3864, .F. ) ;
#3064 = CARTESIAN_POINT ( 'NONE',  ( 13.49999999999999645, -47.19131771392015651, -1.249999999999980682 ) ) ;
#3065 = CYLINDRICAL_SURFACE ( 'NONE', #3764, 4.000000000000000000 ) ;
#3066 = LINE ( 'NONE', #3673, #3339 ) ;
#3067 = EDGE_CURVE ( 'NONE', #2644, #2033, #320, .T. ) ;
#3068 = ORIENTED_EDGE ( 'NONE', *, *, #1643, .F. ) ;
#3069 = CARTESIAN_POINT ( 'NONE',  ( -5.000033020065924205, 23.35000000000005116, -2.250000000000001332 ) ) ;
#3070 = CARTESIAN_POINT ( 'NONE',  ( -15.97424434848894492, 24.17500381000705190, -3.750000000000000888 ) ) ;
#3071 = ADVANCED_FACE ( 'NONE', ( #1222, #983 ), #3380, .T. ) ;
#3072 = ADVANCED_FACE ( 'NONE', ( #1250 ), #2315, .T. ) ;
#3073 = EDGE_LOOP ( 'NONE', ( #3088, #3158, #708, #4014 ) ) ;
#3074 = ORIENTED_EDGE ( 'NONE', *, *, #84, .T. ) ;
#3075 = CARTESIAN_POINT ( 'NONE',  ( 13.50000000000000000, -36.74195004891539895, -3.750000000000000444 ) ) ;
#3076 = LINE ( 'NONE', #56, #55 ) ;
#3077 = CARTESIAN_POINT ( 'NONE',  ( -37.80531982830802207, -6.427876096865348998, 5.250000000000000000 ) ) ;
#3078 = EDGE_LOOP ( 'NONE', ( #2458, #3330 ) ) ;
#3079 = LINE ( 'NONE', #1359, #3045 ) ;
#3080 = PLANE ( 'NONE',  #2472 ) ;
#3081 = VERTEX_POINT ( 'NONE', #2341 ) ;
#3082 = ORIENTED_EDGE ( 'NONE', *, *, #3320, .T. ) ;
#3083 = PLANE ( 'NONE',  #249 ) ;
#3084 = CARTESIAN_POINT ( 'NONE',  ( 26.00000000000000000, 12.00000000000000178, -5.250000000000000000 ) ) ;
#3085 = DIRECTION ( 'NONE',  ( 0.000000000000000000, 0.000000000000000000, 1.000000000000000000 ) ) ;
#3086 = DIRECTION ( 'NONE',  ( -0.000000000000000000, -0.000000000000000000, -1.000000000000000000 ) ) ;
#3087 = CARTESIAN_POINT ( 'NONE',  ( -25.55051025721682123, 8.499999999999998224, 5.250000000000000000 ) ) ;
#3088 = ORIENTED_EDGE ( 'NONE', *, *, #1372, .T. ) ;
#3089 = VERTEX_POINT ( 'NONE', #313 ) ;
#3090 = AXIS2_PLACEMENT_3D ( 'NONE', #2496, #2547, #2904 ) ;
#3091 = EDGE_CURVE ( 'NONE', #3468, #1626, #2636, .T. ) ;
#3092 = CARTESIAN_POINT ( 'NONE',  ( 13.99999999999999822, -5.150057150114454529, -3.750000000000000444 ) ) ;
#3093 = AXIS2_PLACEMENT_3D ( 'NONE', #3955, #659, #1328 ) ;
#3094 = CARTESIAN_POINT ( 'NONE',  ( -8.000033020065936640, 23.35000000000005116, -5.250000000000000000 ) ) ;
#3095 = DIRECTION ( 'NONE',  ( -0.000000000000000000, -0.000000000000000000, -1.000000000000000000 ) ) ;
#3096 = ORIENTED_EDGE ( 'NONE', *, *, #3726, .T. ) ;
#3097 = ADVANCED_FACE ( 'NONE', ( #4016 ), #3695, .T. ) ;
#3098 = EDGE_CURVE ( 'NONE', #1035, #2526, #3718, .T. ) ;
#3099 = CIRCLE ( 'NONE', #3886, 1.999999999999998224 ) ;
#3100 = AXIS2_PLACEMENT_3D ( 'NONE', #3585, #1210, #2275 ) ;
#3101 = CYLINDRICAL_SURFACE ( 'NONE', #3151, 1.999999999999998224 ) ;
#3102 = CARTESIAN_POINT ( 'NONE',  ( -9.750033020065950851, 23.35000000000005116, -5.250000000000000000 ) ) ;
#3103 = ORIENTED_EDGE ( 'NONE', *, *, #3406, .F. ) ;
#3104 = VECTOR ( 'NONE', #2246, 1000.000000000000000 ) ;
#3105 = EDGE_LOOP ( 'NONE', ( #2581, #1081, #169, #257 ) ) ;
#3106 = AXIS2_PLACEMENT_3D ( 'NONE', #1923, #1622, #3060 ) ;
#3107 = VECTOR ( 'NONE', #2386, 1000.000000000000000 ) ;
#3108 = DIRECTION ( 'NONE',  ( -0.000000000000000000, -0.000000000000000000, -1.000000000000000000 ) ) ;
#3109 = DIRECTION ( 'NONE',  ( -1.000000000000000000, 0.000000000000000000, 0.000000000000000000 ) ) ;
#3110 = DIRECTION ( 'NONE',  ( 2.312964634635742464E-16, 1.000000000000000000, -0.000000000000000000 ) ) ;
#3111 = AXIS2_PLACEMENT_3D ( 'NONE', #2856, #3605, #539 ) ;
#3112 = CARTESIAN_POINT ( 'NONE',  ( 22.49999999999999289, 2.244022263797896977E-13, 5.250000000000000000 ) ) ;
#3113 = CARTESIAN_POINT ( 'NONE',  ( 30.14487539711820929, 8.499999999999998224, -3.750000000000000444 ) ) ;
#3114 = VERTEX_POINT ( 'NONE', #2586 ) ;
#3115 = ORIENTED_EDGE ( 'NONE', *, *, #1664, .F. ) ;
#3116 = LINE ( 'NONE', #3519, #2877 ) ;
#3117 = VECTOR ( 'NONE', #2091, 1000.000000000000000 ) ;
#3118 = DIRECTION ( 'NONE',  ( -0.000000000000000000, -0.000000000000000000, -1.000000000000000000 ) ) ;
#3119 = ADVANCED_FACE ( 'NONE', ( #2942 ), #3015, .F. ) ;
#3120 = ORIENTED_EDGE ( 'NONE', *, *, #1848, .F. ) ;
#3121 = AXIS2_PLACEMENT_3D ( 'NONE', #239, #4340, #650 ) ;
#3122 = LINE ( 'NONE', #1422, #3734 ) ;
#3123 = CARTESIAN_POINT ( 'NONE',  ( -9.750033020065950851, 23.35000000000005116, -2.250000000000001332 ) ) ;
#3124 = EDGE_CURVE ( 'NONE', #2256, #3344, #1673, .T. ) ;
#3125 = ORIENTED_EDGE ( 'NONE', *, *, #3894, .F. ) ;
#3126 = ADVANCED_FACE ( 'NONE', ( #653 ), #2001, .F. ) ;
#3127 = MECHANICAL_DESIGN_GEOMETRIC_PRESENTATION_REPRESENTATION (  '', ( #2336 ), #3777 ) ;
#3128 = ORIENTED_EDGE ( 'NONE', *, *, #1446, .F. ) ;
#3129 = DIRECTION ( 'NONE',  ( -1.000000000000000000, 0.000000000000000000, 0.000000000000000000 ) ) ;
#3130 = CARTESIAN_POINT ( 'NONE',  ( -14.75000000000001243, -43.22269074732326999, -5.250000000000000000 ) ) ;
#3131 = FACE_OUTER_BOUND ( 'NONE', #374, .T. ) ;
#3132 = CARTESIAN_POINT ( 'NONE',  ( -8.000033020065936640, 23.35000000000005116, -0.7500000000000002220 ) ) ;
#3133 = DIRECTION ( 'NONE',  ( -0.000000000000000000, -0.000000000000000000, -1.000000000000000000 ) ) ;
#3134 = EDGE_LOOP ( 'NONE', ( #958, #41, #641, #1160 ) ) ;
#3135 = ORIENTED_EDGE ( 'NONE', *, *, #4390, .F. ) ;
#3136 = FACE_OUTER_BOUND ( 'NONE', #662, .T. ) ;
#3137 = CARTESIAN_POINT ( 'NONE',  ( -13.85573090950655661, 26.17148936336840137, -3.750000000000000444 ) ) ;
#3138 = ORIENTED_EDGE ( 'NONE', *, *, #496, .F. ) ;
#3139 = ADVANCED_FACE ( 'NONE', ( #563 ), #1909, .F. ) ;
#3140 = DIRECTION ( 'NONE',  ( -1.000000000000000000, 0.000000000000000000, 0.000000000000000000 ) ) ;
#3141 = CARTESIAN_POINT ( 'NONE',  ( 6.250000000000051514, 23.35000000000005116, -0.7499999999999997780 ) ) ;
#3142 = LINE ( 'NONE', #1129, #2696 ) ;
#3143 = ORIENTED_EDGE ( 'NONE', *, *, #1501, .F. ) ;
#3144 = ORIENTED_EDGE ( 'NONE', *, *, #1446, .T. ) ;
#3145 = EDGE_CURVE ( 'NONE', #3303, #1416, #3758, .T. ) ;
#3146 = EDGE_CURVE ( 'NONE', #4428, #3190, #2141, .T. ) ;
#3147 = LINE ( 'NONE', #3130, #2752 ) ;
#3148 = CARTESIAN_POINT ( 'NONE',  ( 13.00000000000000178, -43.22269074732326999, -1.249999999999980682 ) ) ;
#3149 = EDGE_CURVE ( 'NONE', #3008, #924, #3487, .T. ) ;
#3150 = CARTESIAN_POINT ( 'NONE',  ( -30.14487539711820929, 8.499999999999996447, 5.250000000000000000 ) ) ;
#3151 = AXIS2_PLACEMENT_3D ( 'NONE', #3425, #1713, #1084 ) ;
#3152 = DIRECTION ( 'NONE',  ( -1.000000000000000000, 0.000000000000000000, 0.000000000000000000 ) ) ;
#3153 = EDGE_LOOP ( 'NONE', ( #4023, #4197 ) ) ;
#3154 = VERTEX_POINT ( 'NONE', #75 ) ;
#3155 = DIRECTION ( 'NONE',  ( 0.6427876096865349220, 0.7660444431189816772, -0.000000000000000000 ) ) ;
#3156 = DIRECTION ( 'NONE',  ( -1.000000000000000000, 0.000000000000000000, 0.000000000000000000 ) ) ;
#3157 = VECTOR ( 'NONE', #2587, 1000.000000000000114 ) ;
#3158 = ORIENTED_EDGE ( 'NONE', *, *, #3406, .T. ) ;
#3159 = CIRCLE ( 'NONE', #3744, 2.000000000000000000 ) ;
#3160 = DIRECTION ( 'NONE',  ( 3.083923978207811463E-16, 1.000000000000000000, -0.000000000000000000 ) ) ;
#3161 = CARTESIAN_POINT ( 'NONE',  ( -18.00000000000000000, -5.150057150114454529, -5.250000000000000000 ) ) ;
#3162 = EDGE_LOOP ( 'NONE', ( #1829, #4437, #148, #360, #3398, #2858 ) ) ;
#3163 = AXIS2_PLACEMENT_3D ( 'NONE', #3, #939, #4039 ) ;
#3164 = EDGE_LOOP ( 'NONE', ( #3357, #2347, #1756, #3227 ) ) ;
#3165 = CIRCLE ( 'NONE', #1029, 1.750000000000011990 ) ;
#3166 = DIRECTION ( 'NONE',  ( 0.000000000000000000, 0.000000000000000000, -1.000000000000000000 ) ) ;
#3167 = AXIS2_PLACEMENT_3D ( 'NONE', #873, #3612, #229 ) ;
#3168 = CARTESIAN_POINT ( 'NONE',  ( 29.62125603251205774, -0.2413335026669553851, -3.750000000000000888 ) ) ;
#3169 = EDGE_CURVE ( 'NONE', #4211, #1197, #3469, .T. ) ;
#3170 = AXIS2_PLACEMENT_3D ( 'NONE', #3989, #3714, #1641 ) ;
#3171 = PLANE ( 'NONE',  #390 ) ;
#3172 = CYLINDRICAL_SURFACE ( 'NONE', #3956, 3.000000000000012879 ) ;
#3173 = PLANE ( 'NONE',  #331 ) ;
#3174 = DIRECTION ( 'NONE',  ( -1.000000000000000000, 0.000000000000000000, 0.000000000000000000 ) ) ;
#3175 = EDGE_CURVE ( 'NONE', #2223, #3707, #3326, .T. ) ;
#3176 = EDGE_CURVE ( 'NONE', #2634, #2229, #3249, .T. ) ;
#3177 = ORIENTED_EDGE ( 'NONE', *, *, #905, .F. ) ;
#3178 = ORIENTED_EDGE ( 'NONE', *, *, #1179, .F. ) ;
#3179 = AXIS2_PLACEMENT_3D ( 'NONE', #2, #3827, #2050 ) ;
#3180 = DIRECTION ( 'NONE',  ( -0.000000000000000000, -0.000000000000000000, 1.000000000000000000 ) ) ;
#3181 = DIRECTION ( 'NONE',  ( 0.000000000000000000, 0.000000000000000000, 1.000000000000000000 ) ) ;
#3182 = AXIS2_PLACEMENT_3D ( 'NONE', #2213, #3889, #2129 ) ;
#3183 = CARTESIAN_POINT ( 'NONE',  ( 16.02081026162005628, 24.17500381000705190, -5.250000000000000000 ) ) ;
#3184 = EDGE_LOOP ( 'NONE', ( #2669, #3177 ) ) ;
#3185 = CARTESIAN_POINT ( 'NONE',  ( 13.50000000000000178, -31.22269074732326288, -0.7499999999999997780 ) ) ;
#3186 = AXIS2_PLACEMENT_3D ( 'NONE', #3962, #3917, #2242 ) ;
#3187 = DIRECTION ( 'NONE',  ( -1.000000000000000000, 0.000000000000000000, 0.000000000000000000 ) ) ;
#3188 = CARTESIAN_POINT ( 'NONE',  ( -30.14487539711820929, 0.000000000000000000, 5.250000000000000000 ) ) ;
#3189 = ORIENTED_EDGE ( 'NONE', *, *, #1792, .F. ) ;
#3190 = VERTEX_POINT ( 'NONE', #1657 ) ;
#3191 = AXIS2_PLACEMENT_3D ( 'NONE', #1642, #3012, #4385 ) ;
#3192 = CARTESIAN_POINT ( 'NONE',  ( 5.472288242955556825, 34.24406644123207144, -3.750000000000000444 ) ) ;
#3193 = VECTOR ( 'NONE', #2717, 1000.000000000000000 ) ;
#3194 = CARTESIAN_POINT ( 'NONE',  ( -18.40186894737724543, -24.50000000000000000, -5.250000000000000888 ) ) ;
#3195 = CIRCLE ( 'NONE', #3781, 1.750000000000011990 ) ;
#3196 = LINE ( 'NONE', #2475, #2881 ) ;
#3197 = DIRECTION ( 'NONE',  ( -0.7372773368101209757, 0.6755902076156635738, 0.000000000000000000 ) ) ;
#3198 = EDGE_CURVE ( 'NONE', #545, #3391, #3824, .T. ) ;
#3199 = CARTESIAN_POINT ( 'NONE',  ( -28.00000000000000000, 9.999999999999998224, -5.250000000000000000 ) ) ;
#3200 = CARTESIAN_POINT ( 'NONE',  ( 8.000000000000063949, 23.35000000000005116, -2.250000000000001332 ) ) ;
#3201 = ORIENTED_EDGE ( 'NONE', *, *, #3289, .F. ) ;
#3202 = ORIENTED_EDGE ( 'NONE', *, *, #497, .T. ) ;
#3203 = EDGE_CURVE ( 'NONE', #915, #53, #946, .T. ) ;
#3204 = EDGE_CURVE ( 'NONE', #1242, #2569, #1524, .T. ) ;
#3205 = ORIENTED_EDGE ( 'NONE', *, *, #3709, .T. ) ;
#3206 = DIRECTION ( 'NONE',  ( 1.000000000000000000, 0.000000000000000000, 0.000000000000000000 ) ) ;
#3207 = LINE ( 'NONE', #120, #2048 ) ;
#3208 = CARTESIAN_POINT ( 'NONE',  ( 0.000000000000000000, 0.000000000000000000, 0.000000000000000000 ) ) ;
#3209 = ORIENTED_EDGE ( 'NONE', *, *, #2260, .F. ) ;
#3210 = EDGE_LOOP ( 'NONE', ( #4270, #4053, #3785, #2126 ) ) ;
#3211 = FACE_OUTER_BOUND ( 'NONE', #3105, .T. ) ;
#3212 = CARTESIAN_POINT ( 'NONE',  ( 8.000000000000063949, 23.35000000000005116, -1.249999999999981570 ) ) ;
#3213 = CARTESIAN_POINT ( 'NONE',  ( -18.00000000000000000, -5.150057150114454529, -5.250000000000000000 ) ) ;
#3214 = ORIENTED_EDGE ( 'NONE', *, *, #259, .T. ) ;
#3215 = ORIENTED_EDGE ( 'NONE', *, *, #3407, .T. ) ;
#3216 = DIRECTION ( 'NONE',  ( -1.000000000000000000, 0.000000000000000000, 0.000000000000000000 ) ) ;
#3217 = CARTESIAN_POINT ( 'NONE',  ( -27.00000000000000000, -34.86239308998526809, -3.750000000000000888 ) ) ;
#3218 = DIRECTION ( 'NONE',  ( -1.000000000000000000, 0.000000000000000000, 0.000000000000000000 ) ) ;
#3219 = DIRECTION ( 'NONE',  ( 0.000000000000000000, 0.000000000000000000, -1.000000000000000000 ) ) ;
#3220 = LINE ( 'NONE', #1136, #2240 ) ;
#3221 = CARTESIAN_POINT ( 'NONE',  ( 37.80531982830802207, -6.427876096865348998, 5.250000000000000000 ) ) ;
#3222 = VERTEX_POINT ( 'NONE', #4319 ) ;
#3223 = DIRECTION ( 'NONE',  ( -1.000000000000000000, 0.000000000000000000, 0.000000000000000000 ) ) ;
#3224 = DIRECTION ( 'NONE',  ( -1.000000000000000000, 0.000000000000000000, 0.000000000000000000 ) ) ;
#3225 = ORIENTED_EDGE ( 'NONE', *, *, #3261, .F. ) ;
#3226 = EDGE_CURVE ( 'NONE', #919, #4351, #220, .T. ) ;
#3227 = ORIENTED_EDGE ( 'NONE', *, *, #4243, .F. ) ;
#3228 = CARTESIAN_POINT ( 'NONE',  ( 18.00000000000000000, -5.150057150114454529, -5.250000000000000000 ) ) ;
#3229 = FACE_OUTER_BOUND ( 'NONE', #4316, .T. ) ;
#3230 = VECTOR ( 'NONE', #3566, 1000.000000000000114 ) ;
#3231 = CARTESIAN_POINT ( 'NONE',  ( 19.33955556881017657, -28.43451699311991732, -5.250000000000000000 ) ) ;
#3232 = ADVANCED_FACE ( 'NONE', ( #1343 ), #460, .F. ) ;
#3233 = EDGE_CURVE ( 'NONE', #520, #612, #1951, .T. ) ;
#3234 = ORIENTED_EDGE ( 'NONE', *, *, #3759, .F. ) ;
#3235 = DIRECTION ( 'NONE',  ( -1.000000000000000000, 0.000000000000000000, 0.000000000000000000 ) ) ;
#3236 = DIRECTION ( 'NONE',  ( 1.000000000000000000, 0.000000000000000000, 0.000000000000000000 ) ) ;
#3237 = ORIENTED_EDGE ( 'NONE', *, *, #4332, .F. ) ;
#3238 = VECTOR ( 'NONE', #456, 1000.000000000000227 ) ;
#3239 = AXIS2_PLACEMENT_3D ( 'NONE', #2718, #666, #1357 ) ;
#3240 = AXIS2_PLACEMENT_3D ( 'NONE', #2118, #1768, #1121 ) ;
#3241 = CARTESIAN_POINT ( 'NONE',  ( 12.02081026162005628, 24.17500381000705190, -5.250000000000000000 ) ) ;
#3242 = AXIS2_PLACEMENT_3D ( 'NONE', #3536, #2177, #1534 ) ;
#3243 = CARTESIAN_POINT ( 'NONE',  ( 8.000000000000063949, 23.35000000000005116, -5.250000000000000000 ) ) ;
#3244 = DIRECTION ( 'NONE',  ( -0.000000000000000000, -0.000000000000000000, -1.000000000000000000 ) ) ;
#3245 = DIRECTION ( 'NONE',  ( -1.000000000000000000, 0.000000000000000000, 0.000000000000000000 ) ) ;
#3246 = AXIS2_PLACEMENT_3D ( 'NONE', #1083, #2799, #1127 ) ;
#3247 = ORIENTED_EDGE ( 'NONE', *, *, #4064, .F. ) ;
#3248 = FACE_OUTER_BOUND ( 'NONE', #3058, .T. ) ;
#3249 = CIRCLE ( 'NONE', #1323, 1.750000000000013767 ) ;
#3250 = LINE ( 'NONE', #183, #3321 ) ;
#3251 = EDGE_LOOP ( 'NONE', ( #2712, #3959 ) ) ;
#3252 = ORIENTED_EDGE ( 'NONE', *, *, #11, .T. ) ;
#3253 = CYLINDRICAL_SURFACE ( 'NONE', #3826, 2.000000000000000000 ) ;
#3254 = AXIS2_PLACEMENT_3D ( 'NONE', #2641, #1962, #3745 ) ;
#3255 = EDGE_CURVE ( 'NONE', #3774, #3277, #1246, .T. ) ;
#3256 = AXIS2_PLACEMENT_3D ( 'NONE', #4228, #1154, #2523 ) ;
#3257 = CARTESIAN_POINT ( 'NONE',  ( 30.14487539711820929, 8.499999999999998224, 5.250000000000000000 ) ) ;
#3258 = LINE ( 'NONE', #526, #1188 ) ;
#3259 = CARTESIAN_POINT ( 'NONE',  ( -37.80531982830802207, -6.427876096865348998, 5.250000000000000000 ) ) ;
#3260 = VERTEX_POINT ( 'NONE', #4036 ) ;
#3261 = EDGE_CURVE ( 'NONE', #789, #631, #3495, .T. ) ;
#3262 = CARTESIAN_POINT ( 'NONE',  ( -14.75000000000001243, -43.22269074732326999, 5.250000000000000000 ) ) ;
#3263 = ADVANCED_FACE ( 'NONE', ( #1982 ), #2615, .T. ) ;
#3264 = FACE_OUTER_BOUND ( 'NONE', #4072, .T. ) ;
#3265 = VERTEX_POINT ( 'NONE', #3631 ) ;
#3266 = VECTOR ( 'NONE', #404, 1000.000000000000000 ) ;
#3267 = VECTOR ( 'NONE', #2579, 1000.000000000000000 ) ;
#3268 = CARTESIAN_POINT ( 'NONE',  ( -10.49999999999999645, -54.72269074732326288, -3.750000000000000888 ) ) ;
#3269 = CARTESIAN_POINT ( 'NONE',  ( 26.00000000000000000, 11.99999999999999822, -5.250000000000000000 ) ) ;
#3270 = CARTESIAN_POINT ( 'NONE',  ( 27.69625603251205703, -0.2413335026669556349, -3.750000000000000888 ) ) ;
#3271 = CARTESIAN_POINT ( 'NONE',  ( -8.000033020065936640, 23.35000000000005116, -1.249999999999982014 ) ) ;
#3272 = CIRCLE ( 'NONE', #2979, 4.000000000000000000 ) ;
#3273 = VERTEX_POINT ( 'NONE', #1910 ) ;
#3274 = ORIENTED_EDGE ( 'NONE', *, *, #3613, .T. ) ;
#3275 = CARTESIAN_POINT ( 'NONE',  ( 19.60000000000001208, -5.150057150114454529, -2.050000000000000266 ) ) ;
#3276 = DIRECTION ( 'NONE',  ( -0.000000000000000000, -0.000000000000000000, -1.000000000000000000 ) ) ;
#3277 = VERTEX_POINT ( 'NONE', #2995 ) ;
#3278 = EDGE_LOOP ( 'NONE', ( #1988, #4373 ) ) ;
#3279 = CYLINDRICAL_SURFACE ( 'NONE', #2456, 4.000000000000000000 ) ;
#3280 = DIRECTION ( 'NONE',  ( -0.000000000000000000, -0.000000000000000000, -1.000000000000000000 ) ) ;
#3281 = CARTESIAN_POINT ( 'NONE',  ( 13.50000000000000888, 2.258945057391766029E-13, 5.250000000000000000 ) ) ;
#3282 = VERTEX_POINT ( 'NONE', #1675 ) ;
#3283 = EDGE_CURVE ( 'NONE', #927, #3367, #3607, .T. ) ;
#3284 = DIRECTION ( 'NONE',  ( 2.312964634635742957E-16, -1.000000000000000000, 0.000000000000000000 ) ) ;
#3285 = CARTESIAN_POINT ( 'NONE',  ( 12.00000000000006573, 23.35000000000005116, -0.7500000000000002220 ) ) ;
#3286 = ORIENTED_EDGE ( 'NONE', *, *, #4123, .T. ) ;
#3287 = EDGE_LOOP ( 'NONE', ( #243, #3694, #3178, #1587 ) ) ;
#3288 = ADVANCED_FACE ( 'NONE', ( #4367, #1956, #1276, #3381, #3651, #960, #1296 ), #292, .F. ) ;
#3289 = EDGE_CURVE ( 'NONE', #1562, #459, #394, .T. ) ;
#3290 = CARTESIAN_POINT ( 'NONE',  ( -33.54930253190231326, -26.50000000000000000, -28.03232820709284212 ) ) ;
#3291 = DIRECTION ( 'NONE',  ( -1.000000000000000000, 0.000000000000000000, 0.000000000000000000 ) ) ;
#3292 = CARTESIAN_POINT ( 'NONE',  ( -11.97424434848894315, 24.17500381000705190, -1.308939143358972323 ) ) ;
#3293 = CARTESIAN_POINT ( 'NONE',  ( 22.75590207615663019, 24.22277336810120474, 5.250000000000000000 ) ) ;
#3294 = EDGE_CURVE ( 'NONE', #100, #612, #984, .T. ) ;
#3295 = EDGE_LOOP ( 'NONE', ( #2597, #1186, #968, #2776 ) ) ;
#3296 = DIRECTION ( 'NONE',  ( -1.000000000000000000, 0.000000000000000000, 0.000000000000000000 ) ) ;
#3297 = DIRECTION ( 'NONE',  ( -1.000000000000000000, 0.000000000000000000, 0.000000000000000000 ) ) ;
#3298 = ORIENTED_EDGE ( 'NONE', *, *, #1970, .T. ) ;
#3299 = ORIENTED_EDGE ( 'NONE', *, *, #4145, .T. ) ;
#3300 = CARTESIAN_POINT ( 'NONE',  ( 30.14487539711820929, 34.24406644123207144, -3.750000000000000444 ) ) ;
#3301 = FILL_AREA_STYLE_COLOUR ( '', #412 ) ;
#3302 = DIRECTION ( 'NONE',  ( -0.000000000000000000, -0.000000000000000000, -1.000000000000000000 ) ) ;
#3303 = VERTEX_POINT ( 'NONE', #2943 ) ;
#3304 = CARTESIAN_POINT ( 'NONE',  ( -16.99999999999999289, -61.22269074732326999, 5.250000000000000000 ) ) ;
#3305 = DIRECTION ( 'NONE',  ( 1.000000000000000000, 0.000000000000000000, 0.000000000000000000 ) ) ;
#3306 = ORIENTED_EDGE ( 'NONE', *, *, #1148, .T. ) ;
#3307 = VERTEX_POINT ( 'NONE', #1251 ) ;
#3308 = CIRCLE ( 'NONE', #4383, 3.000000000000012879 ) ;
#3309 = LINE ( 'NONE', #245, #1597 ) ;
#3310 = CARTESIAN_POINT ( 'NONE',  ( 22.50000000000000000, 12.00000000000000355, -3.750000000000000888 ) ) ;
#3311 = VECTOR ( 'NONE', #1215, 1000.000000000000000 ) ;
#3312 = CARTESIAN_POINT ( 'NONE',  ( -18.40186894737724543, -26.50000000000000000, -5.250000000000000888 ) ) ;
#3313 = EDGE_CURVE ( 'NONE', #2941, #2245, #3995, .T. ) ;
#3314 = AXIS2_PLACEMENT_3D ( 'NONE', #3271, #3633, #1510 ) ;
#3315 = ORIENTED_EDGE ( 'NONE', *, *, #3985, .T. ) ;
#3316 = AXIS2_PLACEMENT_3D ( 'NONE', #2529, #3904, #1582 ) ;
#3317 = CARTESIAN_POINT ( 'NONE',  ( -5.472288242955557713, 31.24406644123206789, 5.250000000000000000 ) ) ;
#3318 = CARTESIAN_POINT ( 'NONE',  ( -32.61668721559231443, -9.500000000000000000, -5.250000000000000000 ) ) ;
#3319 = EDGE_CURVE ( 'NONE', #1010, #1544, #3309, .T. ) ;
#3320 = EDGE_CURVE ( 'NONE', #1805, #3723, #175, .T. ) ;
#3321 = VECTOR ( 'NONE', #1105, 1000.000000000000000 ) ;
#3322 = DIRECTION ( 'NONE',  ( -1.000000000000000000, 0.000000000000000000, 0.000000000000000000 ) ) ;
#3323 = ORIENTED_EDGE ( 'NONE', *, *, #1826, .T. ) ;
#3324 = VERTEX_POINT ( 'NONE', #2362 ) ;
#3325 = AXIS2_PLACEMENT_3D ( 'NONE', #2443, #3464, #59 ) ;
#3326 = CIRCLE ( 'NONE', #3535, 10.00000000000000178 ) ;
#3327 = FACE_OUTER_BOUND ( 'NONE', #2421, .T. ) ;
#3328 = LINE ( 'NONE', #4379, #1697 ) ;
#3329 = DIRECTION ( 'NONE',  ( -1.000000000000000000, 0.000000000000000000, 0.000000000000000000 ) ) ;
#3330 = ORIENTED_EDGE ( 'NONE', *, *, #2573, .T. ) ;
#3331 = DIRECTION ( 'NONE',  ( -0.000000000000000000, -0.000000000000000000, 1.000000000000000000 ) ) ;
#3332 = DIRECTION ( 'NONE',  ( 0.000000000000000000, 0.000000000000000000, 1.000000000000000000 ) ) ;
#3333 = ORIENTED_EDGE ( 'NONE', *, *, #1325, .F. ) ;
#3334 = VECTOR ( 'NONE', #1413, 1000.000000000000000 ) ;
#3335 = ORIENTED_EDGE ( 'NONE', *, *, #2020, .F. ) ;
#3336 = DIRECTION ( 'NONE',  ( 1.000000000000000000, 0.000000000000000000, -0.000000000000000000 ) ) ;
#3337 = DIRECTION ( 'NONE',  ( -0.000000000000000000, -0.000000000000000000, -1.000000000000000000 ) ) ;
#3338 = DIRECTION ( 'NONE',  ( -1.000000000000000000, -0.000000000000000000, -0.000000000000000000 ) ) ;
#3339 = VECTOR ( 'NONE', #962, 1000.000000000000000 ) ;
#3340 = LINE ( 'NONE', #1278, #451 ) ;
#3341 = ORIENTED_EDGE ( 'NONE', *, *, #2266, .F. ) ;
#3342 = VECTOR ( 'NONE', #1216, 1000.000000000000000 ) ;
#3343 = EDGE_CURVE ( 'NONE', #205, #567, #2233, .T. ) ;
#3344 = VERTEX_POINT ( 'NONE', #1736 ) ;
#3345 = CYLINDRICAL_SURFACE ( 'NONE', #2151, 3.000000000000012879 ) ;
#3346 = AXIS2_PLACEMENT_3D ( 'NONE', #3369, #1899, #574 ) ;
#3347 = CARTESIAN_POINT ( 'NONE',  ( 16.00000000000001421, -43.22269074732326999, -5.250000000000000000 ) ) ;
#3348 = ORIENTED_EDGE ( 'NONE', *, *, #3857, .F. ) ;
#3349 = ORIENTED_EDGE ( 'NONE', *, *, #905, .T. ) ;
#3350 = EDGE_CURVE ( 'NONE', #3588, #3053, #324, .T. ) ;
#3351 = ADVANCED_FACE ( 'NONE', ( #341 ), #379, .F. ) ;
#3352 = CARTESIAN_POINT ( 'NONE',  ( 13.00000000000000178, -43.22269074732326999, -5.250000000000000000 ) ) ;
#3353 = CARTESIAN_POINT ( 'NONE',  ( -5.635434273345177658, 35.16359576239665330, 5.250000000000000000 ) ) ;
#3354 = ORIENTED_EDGE ( 'NONE', *, *, #1478, .F. ) ;
#3355 = CARTESIAN_POINT ( 'NONE',  ( -30.14487539711820929, 0.000000000000000000, -3.750000000000000888 ) ) ;
#3356 = PLANE ( 'NONE',  #2762 ) ;
#3357 = ORIENTED_EDGE ( 'NONE', *, *, #3766, .F. ) ;
#3358 = VERTEX_POINT ( 'NONE', #402 ) ;
#3359 = CARTESIAN_POINT ( 'NONE',  ( -26.00000000000000355, 21.25010530891830030, 5.250000000000000000 ) ) ;
#3360 = DIRECTION ( 'NONE',  ( -1.000000000000000000, 0.000000000000000000, 0.000000000000000000 ) ) ;
#3361 = CARTESIAN_POINT ( 'NONE',  ( -13.07016211050335563, 25.96272989299413325, -2.953727903000041621 ) ) ;
#3362 = CARTESIAN_POINT ( 'NONE',  ( -13.00000000000000178, -43.22269074732326999, -5.250000000000000000 ) ) ;
#3363 = ORIENTED_EDGE ( 'NONE', *, *, #2182, .T. ) ;
#3364 = FACE_OUTER_BOUND ( 'NONE', #2490, .T. ) ;
#3365 = CARTESIAN_POINT ( 'NONE',  ( 26.00000000000000000, 9.999999999999998224, 5.250000000000000000 ) ) ;
#3366 = ORIENTED_EDGE ( 'NONE', *, *, #2687, .T. ) ;
#3367 = VERTEX_POINT ( 'NONE', #3064 ) ;
#3368 = CYLINDRICAL_SURFACE ( 'NONE', #2224, 3.000000000000012879 ) ;
#3369 = CARTESIAN_POINT ( 'NONE',  ( 28.00000000000000000, 11.99999999999999822, 5.250000000000000000 ) ) ;
#3370 = EDGE_CURVE ( 'NONE', #454, #3282, #38, .T. ) ;
#3371 = DIRECTION ( 'NONE',  ( -0.000000000000000000, -0.000000000000000000, -1.000000000000000000 ) ) ;
#3372 = VERTEX_POINT ( 'NONE', #1 ) ;
#3373 = AXIS2_PLACEMENT_3D ( 'NONE', #2105, #397, #3800 ) ;
#3374 = LINE ( 'NONE', #910, #457 ) ;
#3375 = DIRECTION ( 'NONE',  ( 0.000000000000000000, 0.000000000000000000, 1.000000000000000000 ) ) ;
#3376 = ADVANCED_FACE ( 'NONE', ( #2049 ), #4146, .F. ) ;
#3377 = ORIENTED_EDGE ( 'NONE', *, *, #2863, .F. ) ;
#3378 = ADVANCED_FACE ( 'NONE', ( #1410 ), #1143, .F. ) ;
#3379 = ORIENTED_EDGE ( 'NONE', *, *, #4086, .T. ) ;
#3380 = PLANE ( 'NONE',  #2808 ) ;
#3381 = FACE_OUTER_BOUND ( 'NONE', #2570, .T. ) ;
#3382 = CARTESIAN_POINT ( 'NONE',  ( -30.14487539711820929, 0.000000000000000000, 5.250000000000000000 ) ) ;
#3383 = CARTESIAN_POINT ( 'NONE',  ( -26.00000000000000000, 12.00000000000000178, 5.250000000000000000 ) ) ;
#3384 = CONICAL_SURFACE ( 'NONE', #802, 4.000000000000000888, 0.7853981633974458365 ) ;
#3385 = VERTEX_POINT ( 'NONE', #3882 ) ;
#3386 = AXIS2_PLACEMENT_3D ( 'NONE', #3704, #764, #3174 ) ;
#3387 = CARTESIAN_POINT ( 'NONE',  ( -12.94569649574314951, 22.44631787304107107, -2.277289649981367514 ) ) ;
#3388 = CARTESIAN_POINT ( 'NONE',  ( 12.15133580993701834, 24.89750216348512168, -1.679482271780269986 ) ) ;
#3389 = AXIS2_PLACEMENT_3D ( 'NONE', #2029, #4348, #2639 ) ;
#3390 = AXIS2_PLACEMENT_3D ( 'NONE', #4333, #880, #2234 ) ;
#3391 = VERTEX_POINT ( 'NONE', #3429 ) ;
#3392 = ORIENTED_EDGE ( 'NONE', *, *, #193, .F. ) ;
#3393 = DIRECTION ( 'NONE',  ( 0.000000000000000000, 0.000000000000000000, 1.000000000000000000 ) ) ;
#3394 = AXIS2_PLACEMENT_3D ( 'NONE', #3268, #1202, #2903 ) ;
#3395 = DIRECTION ( 'NONE',  ( -0.000000000000000000, -0.000000000000000000, 1.000000000000000000 ) ) ;
#3396 = CARTESIAN_POINT ( 'NONE',  ( 18.00000000000000000, -5.150057150114454529, -0.7500000000000002220 ) ) ;
#3397 = VECTOR ( 'NONE', #129, 1000.000000000000000 ) ;
#3398 = ORIENTED_EDGE ( 'NONE', *, *, #519, .T. ) ;
#3399 = VECTOR ( 'NONE', #44, 1000.000000000000000 ) ;
#3400 = EDGE_CURVE ( 'NONE', #141, #1358, #2026, .T. ) ;
#3401 = PLANE ( 'NONE',  #661 ) ;
#3402 = DIRECTION ( 'NONE',  ( 0.000000000000000000, 0.000000000000000000, 1.000000000000000000 ) ) ;
#3403 = VERTEX_POINT ( 'NONE', #3408 ) ;
#3404 = ORIENTED_EDGE ( 'NONE', *, *, #822, .F. ) ;
#3405 = VECTOR ( 'NONE', #1071, 1000.000000000000000 ) ;
#3406 = EDGE_CURVE ( 'NONE', #2693, #3260, #2769, .T. ) ;
#3407 = EDGE_CURVE ( 'NONE', #1526, #991, #811, .T. ) ;
#3408 = CARTESIAN_POINT ( 'NONE',  ( 25.55051025721682123, 8.499999999999998224, -3.750000000000000444 ) ) ;
#3409 = CYLINDRICAL_SURFACE ( 'NONE', #2101, 9.999999999999998224 ) ;
#3410 = FACE_OUTER_BOUND ( 'NONE', #3666, .T. ) ;
#3411 = AXIS2_PLACEMENT_3D ( 'NONE', #2582, #2852, #1793 ) ;
#3412 = ORIENTED_EDGE ( 'NONE', *, *, #2507, .T. ) ;
#3413 = VECTOR ( 'NONE', #344, 1000.000000000000000 ) ;
#3414 = DIRECTION ( 'NONE',  ( 0.6755902076156635738, -0.7372773368101209757, 0.000000000000000000 ) ) ;
#3415 = CARTESIAN_POINT ( 'NONE',  ( -13.49999999999999645, -47.19131771392015651, -0.7500000000000002220 ) ) ;
#3416 = CIRCLE ( 'NONE', #3770, 4.000000000000001776 ) ;
#3417 = EDGE_LOOP ( 'NONE', ( #3853, #3214, #3286, #2486, #18, #3052, #4354, #1752, #2079, #4231, #4401, #289, #3823, #128, #2994, #1566, #4281, #185, #52, #4277, #2798, #3096, #4109, #843, #1625, #4181, #1453, #667, #3972, #325, #1565, #3999 ) ) ;
#3418 = VERTEX_POINT ( 'NONE', #2411 ) ;
#3419 = LINE ( 'NONE', #354, #1387 ) ;
#3420 = VECTOR ( 'NONE', #4099, 1000.000000000000000 ) ;
#3421 = DIRECTION ( 'NONE',  ( -1.000000000000000000, 0.000000000000000000, 0.000000000000000000 ) ) ;
#3422 = DIRECTION ( 'NONE',  ( 0.000000000000000000, 0.000000000000000000, 1.000000000000000000 ) ) ;
#3423 = ORIENTED_EDGE ( 'NONE', *, *, #823, .T. ) ;
#3424 = VECTOR ( 'NONE', #1141, 1000.000000000000000 ) ;
#3425 = CARTESIAN_POINT ( 'NONE',  ( 28.00000000000000000, 11.99999999999999822, 5.250000000000000000 ) ) ;
#3426 = DIRECTION ( 'NONE',  ( -1.000000000000000000, 3.083923978207811463E-16, 0.000000000000000000 ) ) ;
#3427 = EDGE_LOOP ( 'NONE', ( #3354, #3013 ) ) ;
#3428 = ORIENTED_EDGE ( 'NONE', *, *, #2895, .F. ) ;
#3429 = CARTESIAN_POINT ( 'NONE',  ( -16.39999999999998437, -5.150057150114454529, -1.750000000000000222 ) ) ;
#3430 = CARTESIAN_POINT ( 'NONE',  ( 25.55051025721682123, 11.49999999999999822, -3.750000000000000888 ) ) ;
#3431 = CARTESIAN_POINT ( 'NONE',  ( -33.54930253190231326, -26.50000000000000000, 5.250000000000000000 ) ) ;
#3432 = EDGE_CURVE ( 'NONE', #1197, #1371, #3548, .T. ) ;
#3433 = ADVANCED_FACE ( 'NONE', ( #3211 ), #145, .F. ) ;
#3434 = DIRECTION ( 'NONE',  ( 0.000000000000000000, -0.000000000000000000, -1.000000000000000000 ) ) ;
#3435 = DIRECTION ( 'NONE',  ( 1.000000000000000000, 0.000000000000000000, 0.000000000000000000 ) ) ;
#3436 = ADVANCED_FACE ( 'NONE', ( #1716 ), #3083, .T. ) ;
#3437 = VERTEX_POINT ( 'NONE', #1698 ) ;
#3438 = ORIENTED_EDGE ( 'NONE', *, *, #2491, .F. ) ;
#3439 = CARTESIAN_POINT ( 'NONE',  ( 13.85723206598027346, 26.16830312870237307, -3.750000000000000444 ) ) ;
#3440 = B_SPLINE_CURVE_WITH_KNOTS ( 'NONE', 3,
 ( #276, #297, #1963, #1653, #2297, #2007, #3388, #2691, #323, #2324, #2578, #1987, #2032, #4088, #7, #1681 ),
 .UNSPECIFIED., .F., .F.,
 ( 4, 2, 2, 2, 2, 2, 2, 4 ),
 ( 0.004378490822537851705, 0.004618328347338139690, 0.004858165872138428543, 0.005337840921739005380, 0.005817515971339582218, 0.006297191020940159055, 0.007256541120141322271, 0.008215891219342484619 ),
 .UNSPECIFIED. ) ;
#3441 = DIRECTION ( 'NONE',  ( -0.000000000000000000, -0.000000000000000000, -1.000000000000000000 ) ) ;
#3442 = FACE_OUTER_BOUND ( 'NONE', #2361, .T. ) ;
#3443 = ORIENTED_EDGE ( 'NONE', *, *, #3986, .T. ) ;
#3444 = CARTESIAN_POINT ( 'NONE',  ( 8.000000000000000000, 37.74406644123207144, 5.250000000000000000 ) ) ;
#3445 = CARTESIAN_POINT ( 'NONE',  ( 16.09999999999998721, -5.150057150114454529, -5.250000000000000000 ) ) ;
#3446 = ORIENTED_EDGE ( 'NONE', *, *, #3709, .F. ) ;
#3447 = VERTEX_POINT ( 'NONE', #2724 ) ;
#3448 = DIRECTION ( 'NONE',  ( 1.000000000000000000, 0.000000000000000000, 0.000000000000000000 ) ) ;
#3449 = CARTESIAN_POINT ( 'NONE',  ( 17.00000000000000000, -34.86239308998526809, 5.250000000000000000 ) ) ;
#3450 = DIRECTION ( 'NONE',  ( 3.083923978207811463E-16, -1.000000000000000000, 0.000000000000000000 ) ) ;
#3451 = EDGE_CURVE ( 'NONE', #2511, #3774, #4102, .T. ) ;
#3452 = LINE ( 'NONE', #3112, #1402 ) ;
#3453 = DIRECTION ( 'NONE',  ( -1.000000000000000000, 0.000000000000000000, 0.000000000000000000 ) ) ;
#3454 = ORIENTED_EDGE ( 'NONE', *, *, #1285, .F. ) ;
#3455 = VERTEX_POINT ( 'NONE', #2749 ) ;
#3456 = CIRCLE ( 'NONE', #2734, 1.900000000000012790 ) ;
#3457 = EDGE_CURVE ( 'NONE', #141, #378, #3787, .T. ) ;
#3458 = EDGE_CURVE ( 'NONE', #3540, #1922, #2885, .T. ) ;
#3459 = DIRECTION ( 'NONE',  ( -0.000000000000000000, -0.000000000000000000, -1.000000000000000000 ) ) ;
#3460 = CIRCLE ( 'NONE', #3816, 2.225000000000032507 ) ;
#3461 = CARTESIAN_POINT ( 'NONE',  ( 16.99999999999999289, -59.22269074732326999, -5.250000000000000000 ) ) ;
#3462 = DIRECTION ( 'NONE',  ( -1.000000000000000000, 0.000000000000000000, 0.000000000000000000 ) ) ;
#3463 = VERTEX_POINT ( 'NONE', #857 ) ;
#3464 = DIRECTION ( 'NONE',  ( 0.000000000000000000, 0.000000000000000000, -1.000000000000000000 ) ) ;
#3465 = LINE ( 'NONE', #1731, #119 ) ;
#3466 = EDGE_LOOP ( 'NONE', ( #2940, #2392, #3930, #2383 ) ) ;
#3467 = AXIS2_PLACEMENT_3D ( 'NONE', #1821, #509, #1557 ) ;
#3468 = VERTEX_POINT ( 'NONE', #2626 ) ;
#3469 = CIRCLE ( 'NONE', #3246, 4.000000000000000000 ) ;
#3470 = DIRECTION ( 'NONE',  ( -1.000000000000000000, 0.000000000000000000, 0.000000000000000000 ) ) ;
#3471 = CARTESIAN_POINT ( 'NONE',  ( 16.39999999999998437, -5.150057150114454529, -2.050000000000000266 ) ) ;
#3472 = LINE ( 'NONE', #1090, #3266 ) ;
#3473 = VECTOR ( 'NONE', #2812, 1000.000000000000000 ) ;
#3474 = AXIS2_PLACEMENT_3D ( 'NONE', #1760, #3493, #363 ) ;
#3475 = FACE_OUTER_BOUND ( 'NONE', #161, .T. ) ;
#3476 = DIRECTION ( 'NONE',  ( -0.000000000000000000, -0.000000000000000000, -1.000000000000000000 ) ) ;
#3477 = ORIENTED_EDGE ( 'NONE', *, *, #464, .F. ) ;
#3478 = ADVANCED_FACE ( 'NONE', ( #523 ), #1876, .T. ) ;
#3479 = ORIENTED_EDGE ( 'NONE', *, *, #2357, .F. ) ;
#3480 = DIRECTION ( 'NONE',  ( -0.000000000000000000, -0.000000000000000000, -1.000000000000000000 ) ) ;
#3481 = AXIS2_PLACEMENT_3D ( 'NONE', #440, #1794, #4161 ) ;
#3482 = CARTESIAN_POINT ( 'NONE',  ( -33.54930253190231326, -26.50000000000000000, -5.250000000000000888 ) ) ;
#3483 = ADVANCED_FACE ( 'NONE', ( #3327 ), #3279, .T. ) ;
#3484 = ADVANCED_FACE ( 'NONE', ( #1590 ), #3979, .T. ) ;
#3485 = ORIENTED_EDGE ( 'NONE', *, *, #4040, .T. ) ;
#3486 = CIRCLE ( 'NONE', #3121, 1.600000000000014522 ) ;
#3487 = LINE ( 'NONE', #2505, #1319 ) ;
#3488 = CARTESIAN_POINT ( 'NONE',  ( -20.39133634950181673, 21.64230268926578660, -3.750000000000000888 ) ) ;
#3489 = DIRECTION ( 'NONE',  ( -1.000000000000000000, 0.000000000000000000, 0.000000000000000000 ) ) ;
#3490 = ORIENTED_EDGE ( 'NONE', *, *, #2374, .F. ) ;
#3491 = AXIS2_PLACEMENT_3D ( 'NONE', #3213, #3280, #2604 ) ;
#3492 = ORIENTED_EDGE ( 'NONE', *, *, #2810, .T. ) ;
#3493 = DIRECTION ( 'NONE',  ( -0.000000000000000000, -0.000000000000000000, -1.000000000000000000 ) ) ;
#3494 = DIRECTION ( 'NONE',  ( 1.000000000000000000, 0.000000000000000000, 0.000000000000000000 ) ) ;
#3495 = B_SPLINE_CURVE_WITH_KNOTS ( 'NONE', 3,
 ( #3696, #271, #2289, #634, #4391, #4017 ),
 .UNSPECIFIED., .F., .F.,
 ( 4, 2, 4 ),
 ( 0.003521784426481619143, 0.003950137624509734990, 0.004378490822537851705 ),
 .UNSPECIFIED. ) ;
#3496 = FACE_OUTER_BOUND ( 'NONE', #2064, .T. ) ;
#3497 = CYLINDRICAL_SURFACE ( 'NONE', #874, 4.000000000000001776 ) ;
#3498 = ORIENTED_EDGE ( 'NONE', *, *, #2770, .T. ) ;
#3499 = EDGE_LOOP ( 'NONE', ( #1712, #3839, #1142, #2552 ) ) ;
#3500 = CARTESIAN_POINT ( 'NONE',  ( -27.69625603251205703, -0.2413335026669556349, 4.750000000000000000 ) ) ;
#3501 = CARTESIAN_POINT ( 'NONE',  ( -29.62125603251205774, -0.2413335026669556349, 4.750000000000000000 ) ) ;
#3502 = DIRECTION ( 'NONE',  ( -0.000000000000000000, -0.000000000000000000, -1.000000000000000000 ) ) ;
#3503 = ORIENTED_EDGE ( 'NONE', *, *, #1378, .T. ) ;
#3504 = CARTESIAN_POINT ( 'NONE',  ( -13.00000000000000178, -43.22269074732326999, -2.250000000000001332 ) ) ;
#3505 = EDGE_CURVE ( 'NONE', #2215, #733, #1881, .T. ) ;
#3506 = CARTESIAN_POINT ( 'NONE',  ( -18.40186894737724543, -26.50000000000000000, -3.750000000000000444 ) ) ;
#3507 = DIRECTION ( 'NONE',  ( -0.000000000000000000, -0.000000000000000000, -1.000000000000000000 ) ) ;
#3508 = ORIENTED_EDGE ( 'NONE', *, *, #2810, .F. ) ;
#3509 = VERTEX_POINT ( 'NONE', #573 ) ;
#3510 = ADVANCED_FACE ( 'NONE', ( #1168 ), #1898, .F. ) ;
#3511 = PLANE ( 'NONE',  #2025 ) ;
#3512 = ADVANCED_FACE ( 'NONE', ( #1264 ), #3253, .T. ) ;
#3513 = CARTESIAN_POINT ( 'NONE',  ( 13.00000000000000178, -43.22269074732326999, -0.7500000000000002220 ) ) ;
#3514 = DIRECTION ( 'NONE',  ( -1.000000000000000000, 0.000000000000000000, 0.000000000000000000 ) ) ;
#3515 = FACE_OUTER_BOUND ( 'NONE', #3078, .T. ) ;
#3516 = LINE ( 'NONE', #1137, #3672 ) ;
#3517 = EDGE_LOOP ( 'NONE', ( #1689, #312, #1685, #2624, #3202, #1064 ) ) ;
#3518 = VERTEX_POINT ( 'NONE', #2985 ) ;
#3519 = CARTESIAN_POINT ( 'NONE',  ( -13.50000000000001243, 2.119496995973695077E-13, 5.250000000000000000 ) ) ;
#3520 = DIRECTION ( 'NONE',  ( -0.000000000000000000, -0.000000000000000000, -1.000000000000000000 ) ) ;
#3521 = VECTOR ( 'NONE', #1267, 1000.000000000000000 ) ;
#3522 = ORIENTED_EDGE ( 'NONE', *, *, #2380, .F. ) ;
#3523 = AXIS2_PLACEMENT_3D ( 'NONE', #494, #1226, #3245 ) ;
#3524 = DIRECTION ( 'NONE',  ( -0.000000000000000000, -0.000000000000000000, -1.000000000000000000 ) ) ;
#3525 = DIRECTION ( 'NONE',  ( -1.000000000000000000, 0.000000000000000000, 0.000000000000000000 ) ) ;
#3526 = ORIENTED_EDGE ( 'NONE', *, *, #4064, .T. ) ;
#3527 = ORIENTED_EDGE ( 'NONE', *, *, #2430, .F. ) ;
#3528 = AXIS2_PLACEMENT_3D ( 'NONE', #710, #12, #2645 ) ;
#3529 = DIRECTION ( 'NONE',  ( -1.000000000000000000, 6.938893903907227392E-16, 0.000000000000000000 ) ) ;
#3530 = VECTOR ( 'NONE', #2656, 1000.000000000000000 ) ;
#3531 = CARTESIAN_POINT ( 'NONE',  ( 4.000000000000063061, 23.35000000000005116, -1.249999999999981570 ) ) ;
#3532 = CIRCLE ( 'NONE', #322, 10.00000000000000178 ) ;
#3533 = EDGE_CURVE ( 'NONE', #333, #1830, #1239, .T. ) ;
#3534 = EDGE_CURVE ( 'NONE', #2345, #726, #2279, .T. ) ;
#3535 = AXIS2_PLACEMENT_3D ( 'NONE', #2487, #3842, #2122 ) ;
#3536 = CARTESIAN_POINT ( 'NONE',  ( -28.00000000000000000, 11.99999999999999822, 5.250000000000000000 ) ) ;
#3537 = DIRECTION ( 'NONE',  ( -1.000000000000000000, 0.000000000000000000, 0.000000000000000000 ) ) ;
#3538 = DIRECTION ( 'NONE',  ( -1.000000000000000000, 0.000000000000000000, 0.000000000000000000 ) ) ;
#3539 = DIRECTION ( 'NONE',  ( -0.000000000000000000, -0.000000000000000000, -1.000000000000000000 ) ) ;
#3540 = VERTEX_POINT ( 'NONE', #837 ) ;
#3541 = EDGE_LOOP ( 'NONE', ( #4377, #4175 ) ) ;
#3542 = AXIS2_PLACEMENT_3D ( 'NONE', #3382, #246, #1321 ) ;
#3543 = ORIENTED_EDGE ( 'NONE', *, *, #217, .T. ) ;
#3544 = CARTESIAN_POINT ( 'NONE',  ( -30.14487539711820929, 0.000000000000000000, 5.250000000000000000 ) ) ;
#3545 = DIRECTION ( 'NONE',  ( -1.000000000000000000, 0.000000000000000000, 0.000000000000000000 ) ) ;
#3546 = AXIS2_PLACEMENT_3D ( 'NONE', #4203, #3166, #532 ) ;
#3547 = ORIENTED_EDGE ( 'NONE', *, *, #3233, .F. ) ;
#3548 = LINE ( 'NONE', #675, #3970 ) ;
#3549 = CIRCLE ( 'NONE', #4132, 13.50000000000000178 ) ;
#3550 = PLANE ( 'NONE',  #4371 ) ;
#3551 = PLANE ( 'NONE',  #348 ) ;
#3552 = ORIENTED_EDGE ( 'NONE', *, *, #2709, .T. ) ;
#3553 = VERTEX_POINT ( 'NONE', #3640 ) ;
#3554 = CIRCLE ( 'NONE', #2545, 6.499999999999999112 ) ;
#3555 = CARTESIAN_POINT ( 'NONE',  ( 12.02081026161504340, 24.17500381001384824, -1.354576280985255288 ) ) ;
#3556 = VECTOR ( 'NONE', #3569, 1000.000000000000000 ) ;
#3557 = CARTESIAN_POINT ( 'NONE',  ( -32.61668721559231443, -11.50000000000000000, -5.250000000000000888 ) ) ;
#3558 = AXIS2_PLACEMENT_3D ( 'NONE', #3877, #809, #4173 ) ;
#3559 = DIRECTION ( 'NONE',  ( 0.000000000000000000, 0.000000000000000000, 1.000000000000000000 ) ) ;
#3560 = CARTESIAN_POINT ( 'NONE',  ( 16.65840001789374014, -26.18476035921705147, -3.750000000000000888 ) ) ;
#3561 = DIRECTION ( 'NONE',  ( 0.000000000000000000, 0.000000000000000000, 1.000000000000000000 ) ) ;
#3562 = DIRECTION ( 'NONE',  ( 0.000000000000000000, 0.000000000000000000, -1.000000000000000000 ) ) ;
#3563 = EDGE_CURVE ( 'NONE', #3277, #3676, #4005, .T. ) ;
#3564 = ORIENTED_EDGE ( 'NONE', *, *, #1778, .T. ) ;
#3565 = ORIENTED_EDGE ( 'NONE', *, *, #2688, .F. ) ;
#3566 = DIRECTION ( 'NONE',  ( -0.7071067811865455743, 0.000000000000000000, -0.7071067811865493491 ) ) ;
#3567 = EDGE_CURVE ( 'NONE', #4211, #3062, #925, .T. ) ;
#3568 = EDGE_CURVE ( 'NONE', #660, #1626, #4260, .T. ) ;
#3569 = DIRECTION ( 'NONE',  ( -0.000000000000000000, -0.000000000000000000, -1.000000000000000000 ) ) ;
#3570 = ORIENTED_EDGE ( 'NONE', *, *, #3067, .F. ) ;
#3571 = ORIENTED_EDGE ( 'NONE', *, *, #4216, .T. ) ;
#3572 = CARTESIAN_POINT ( 'NONE',  ( 8.000000000000063949, 23.35000000000005116, -0.7500000000000002220 ) ) ;
#3573 = DIRECTION ( 'NONE',  ( 0.000000000000000000, -1.000000000000000000, 0.000000000000000000 ) ) ;
#3574 = CARTESIAN_POINT ( 'NONE',  ( -25.55051025721682123, 8.499999999999998224, 5.250000000000000000 ) ) ;
#3575 = ORIENTED_EDGE ( 'NONE', *, *, #957, .T. ) ;
#3576 = DIRECTION ( 'NONE',  ( -0.000000000000000000, -0.000000000000000000, -1.000000000000000000 ) ) ;
#3577 = DIRECTION ( 'NONE',  ( -1.000000000000000000, 2.312964634635742957E-16, 0.000000000000000000 ) ) ;
#3578 = ORIENTED_EDGE ( 'NONE', *, *, #3255, .F. ) ;
#3579 = DIRECTION ( 'NONE',  ( 0.000000000000000000, -1.000000000000000000, 0.000000000000000000 ) ) ;
#3580 = LINE ( 'NONE', #1890, #3157 ) ;
#3581 = DIRECTION ( 'NONE',  ( 0.000000000000000000, 0.000000000000000000, 1.000000000000000000 ) ) ;
#3582 = DIRECTION ( 'NONE',  ( -1.000000000000000000, 0.000000000000000000, 0.000000000000000000 ) ) ;
#3583 = ORIENTED_EDGE ( 'NONE', *, *, #748, .T. ) ;
#3584 = EDGE_CURVE ( 'NONE', #1787, #1839, #2535, .T. ) ;
#3585 = CARTESIAN_POINT ( 'NONE',  ( -16.99999999999999289, -61.22269074732326999, 5.250000000000000000 ) ) ;
#3586 = LINE ( 'NONE', #2862, #3556 ) ;
#3587 = ORIENTED_EDGE ( 'NONE', *, *, #1346, .F. ) ;
#3588 = VERTEX_POINT ( 'NONE', #1193 ) ;
#3589 = EDGE_CURVE ( 'NONE', #3971, #2368, #2305, .T. ) ;
#3590 = EDGE_CURVE ( 'NONE', #3260, #2941, #385, .T. ) ;
#3591 = DIRECTION ( 'NONE',  ( -1.000000000000000000, 0.000000000000000000, 0.000000000000000000 ) ) ;
#3592 = CARTESIAN_POINT ( 'NONE',  ( 26.00000000000000355, 21.25010530891830030, -5.250000000000000000 ) ) ;
#3593 = VECTOR ( 'NONE', #2211, 1000.000000000000000 ) ;
#3594 = CARTESIAN_POINT ( 'NONE',  ( -34.14877610183027912, -10.78557521937307051, 5.250000000000000000 ) ) ;
#3595 = CARTESIAN_POINT ( 'NONE',  ( 19.60000000000001208, -5.150057150114454529, -5.250000000000000000 ) ) ;
#3596 = ORIENTED_EDGE ( 'NONE', *, *, #1091, .F. ) ;
#3597 = VECTOR ( 'NONE', #3679, 1000.000000000000000 ) ;
#3598 = CARTESIAN_POINT ( 'NONE',  ( -13.50000000000000000, -34.86239308998526809, 5.250000000000000000 ) ) ;
#3599 = CARTESIAN_POINT ( 'NONE',  ( -8.000000000000000000, 37.74406644123207144, 5.250000000000000000 ) ) ;
#3600 = VERTEX_POINT ( 'NONE', #1943 ) ;
#3601 = VECTOR ( 'NONE', #3187, 1000.000000000000000 ) ;
#3602 = CARTESIAN_POINT ( 'NONE',  ( -30.14487539711820929, 0.000000000000000000, 5.250000000000000000 ) ) ;
#3603 = AXIS2_PLACEMENT_3D ( 'NONE', #2185, #2205, #1872 ) ;
#3604 = DIRECTION ( 'NONE',  ( -0.7071067811865588970, 0.000000000000000000, -0.7071067811865360264 ) ) ;
#3605 = DIRECTION ( 'NONE',  ( 0.000000000000000000, 0.000000000000000000, 1.000000000000000000 ) ) ;
#3606 = CARTESIAN_POINT ( 'NONE',  ( -19.89055460398849107, -27.00000000000000355, 5.250000000000000000 ) ) ;
#3607 = CIRCLE ( 'NONE', #1393, 4.000000000000000000 ) ;
#3608 = ORIENTED_EDGE ( 'NONE', *, *, #388, .T. ) ;
#3609 = ORIENTED_EDGE ( 'NONE', *, *, #1771, .F. ) ;
#3610 = CARTESIAN_POINT ( 'NONE',  ( 13.49999999999999645, -54.72269074732326288, 5.250000000000000000 ) ) ;
#3611 = AXIS2_PLACEMENT_3D ( 'NONE', #1616, #186, #2188 ) ;
#3612 = DIRECTION ( 'NONE',  ( -0.000000000000000000, -0.000000000000000000, -1.000000000000000000 ) ) ;
#3613 = EDGE_CURVE ( 'NONE', #648, #122, #3165, .T. ) ;
#3614 = EDGE_LOOP ( 'NONE', ( #29, #1980, #3201, #4031 ) ) ;
#3615 = AXIS2_PLACEMENT_3D ( 'NONE', #511, #1508, #2548 ) ;
#3616 = ORIENTED_EDGE ( 'NONE', *, *, #3505, .T. ) ;
#3617 = DIRECTION ( 'NONE',  ( -0.000000000000000000, -0.000000000000000000, -1.000000000000000000 ) ) ;
#3618 = VECTOR ( 'NONE', #1116, 1000.000000000000000 ) ;
#3619 = ADVANCED_FACE ( 'NONE', ( #3004, #4025 ), #663, .F. ) ;
#3620 = ADVANCED_FACE ( 'NONE', ( #4111 ), #972, .T. ) ;
#3621 = FACE_OUTER_BOUND ( 'NONE', #3466, .T. ) ;
#3622 = EDGE_LOOP ( 'NONE', ( #1791, #2970, #3443, #1631 ) ) ;
#3623 = CARTESIAN_POINT ( 'NONE',  ( 5.472288242955558601, 31.24406644123206789, 5.250000000000000000 ) ) ;
#3624 = LINE ( 'NONE', #3285, #1260 ) ;
#3625 = ADVANCED_FACE ( 'NONE', ( #621 ), #2155, .T. ) ;
#3626 = ORIENTED_EDGE ( 'NONE', *, *, #3563, .F. ) ;
#3627 = AXIS2_PLACEMENT_3D ( 'NONE', #1114, #47, #1030 ) ;
#3628 = ORIENTED_EDGE ( 'NONE', *, *, #3098, .F. ) ;
#3629 = AXIS2_PLACEMENT_3D ( 'NONE', #2021, #3402, #4312 ) ;
#3630 = DIRECTION ( 'NONE',  ( -0.6427876096865349220, -0.7660444431189816772, 0.000000000000000000 ) ) ;
#3631 = CARTESIAN_POINT ( 'NONE',  ( -17.00000000000000000, -34.86239308998526809, -5.250000000000000000 ) ) ;
#3632 = DIRECTION ( 'NONE',  ( -0.000000000000000000, -0.000000000000000000, -1.000000000000000000 ) ) ;
#3633 = DIRECTION ( 'NONE',  ( -0.000000000000000000, -0.000000000000000000, 1.000000000000000000 ) ) ;
#3634 = AXIS2_PLACEMENT_3D ( 'NONE', #261, #904, #4357 ) ;
#3635 = ORIENTED_EDGE ( 'NONE', *, *, #957, .F. ) ;
#3636 = CARTESIAN_POINT ( 'NONE',  ( -37.80531982830802207, -6.427876096865347222, 5.250000000000000000 ) ) ;
#3637 = LINE ( 'NONE', #617, #2525 ) ;
#3638 = ORIENTED_EDGE ( 'NONE', *, *, #2814, .T. ) ;
#3639 = EDGE_LOOP ( 'NONE', ( #2478, #208, #4433, #400 ) ) ;
#3640 = CARTESIAN_POINT ( 'NONE',  ( 16.65840001789374014, -26.18476035921705147, 5.250000000000000000 ) ) ;
#3641 = CARTESIAN_POINT ( 'NONE',  ( -25.77125603251205987, -0.2413335026669553851, 4.750000000000000000 ) ) ;
#3642 = DIRECTION ( 'NONE',  ( -0.000000000000000000, -0.000000000000000000, -1.000000000000000000 ) ) ;
#3643 = ORIENTED_EDGE ( 'NONE', *, *, #497, .F. ) ;
#3644 = ADVANCED_FACE ( 'NONE', ( #3027 ), #3368, .F. ) ;
#3645 = DIRECTION ( 'NONE',  ( -1.000000000000000000, 0.000000000000000000, 0.000000000000000000 ) ) ;
#3646 = CARTESIAN_POINT ( 'NONE',  ( 37.80531982830802207, -6.427876096865348998, -5.250000000000000000 ) ) ;
#3647 = ORIENTED_EDGE ( 'NONE', *, *, #1451, .T. ) ;
#3648 = EDGE_LOOP ( 'NONE', ( #4020, #530, #4000, #849 ) ) ;
#3649 = EDGE_CURVE ( 'NONE', #2526, #1814, #1311, .T. ) ;
#3650 = EDGE_CURVE ( 'NONE', #1869, #4167, #1496, .T. ) ;
#3651 = FACE_BOUND ( 'NONE', #2121, .T. ) ;
#3652 = CARTESIAN_POINT ( 'NONE',  ( -18.00000000000000000, -5.150057150114454529, -1.750000000000000222 ) ) ;
#3653 = DIRECTION ( 'NONE',  ( -1.000000000000000000, 0.000000000000000000, 0.000000000000000000 ) ) ;
#3654 = VERTEX_POINT ( 'NONE', #3439 ) ;
#3655 = ORIENTED_EDGE ( 'NONE', *, *, #934, .T. ) ;
#3656 = PLANE ( 'NONE',  #1799 ) ;
#3657 = CARTESIAN_POINT ( 'NONE',  ( -6.250033020065924205, 23.35000000000005116, -0.7499999999999997780 ) ) ;
#3658 = VERTEX_POINT ( 'NONE', #1725 ) ;
#3659 = ORIENTED_EDGE ( 'NONE', *, *, #1352, .T. ) ;
#3660 = CARTESIAN_POINT ( 'NONE',  ( -18.00000000000000000, -5.150057150114454529, -2.050000000000000266 ) ) ;
#3661 = DIRECTION ( 'NONE',  ( -0.000000000000000000, -0.000000000000000000, 1.000000000000000000 ) ) ;
#3662 = FACE_OUTER_BOUND ( 'NONE', #476, .T. ) ;
#3663 = EDGE_LOOP ( 'NONE', ( #1550, #3299 ) ) ;
#3664 = DIRECTION ( 'NONE',  ( -1.000000000000000000, 0.000000000000000000, 0.000000000000000000 ) ) ;
#3665 = CARTESIAN_POINT ( 'NONE',  ( -19.89055460398849107, -27.00000000000000355, 5.250000000000000000 ) ) ;
#3666 = EDGE_LOOP ( 'NONE', ( #2083, #1715, #326, #901 ) ) ;
#3667 = EDGE_CURVE ( 'NONE', #2777, #2956, #3728, .T. ) ;
#3668 = VERTEX_POINT ( 'NONE', #4093 ) ;
#3669 = AXIS2_PLACEMENT_3D ( 'NONE', #1489, #1203, #2522 ) ;
#3670 = CARTESIAN_POINT ( 'NONE',  ( -19.89055460398849107, -27.00000000000000355, 5.250000000000000000 ) ) ;
#3671 = CARTESIAN_POINT ( 'NONE',  ( -11.97424434848888808, 24.33583764464423638, -1.341629588242904347 ) ) ;
#3672 = VECTOR ( 'NONE', #3810, 1000.000000000000000 ) ;
#3673 = CARTESIAN_POINT ( 'NONE',  ( 16.99999999999999289, -59.22269074732326999, 5.250000000000000000 ) ) ;
#3674 = EDGE_CURVE ( 'NONE', #4396, #1361, #452, .T. ) ;
#3675 = ADVANCED_FACE ( 'NONE', ( #2670 ), #2011, .F. ) ;
#3676 = VERTEX_POINT ( 'NONE', #3751 ) ;
#3677 = AXIS2_PLACEMENT_3D ( 'NONE', #3776, #2058, #2036 ) ;
#3678 = DIRECTION ( 'NONE',  ( 1.000000000000000000, 0.000000000000000000, 0.000000000000000000 ) ) ;
#3679 = DIRECTION ( 'NONE',  ( -1.000000000000000000, -0.000000000000000000, -0.000000000000000000 ) ) ;
#3680 = AXIS2_PLACEMENT_3D ( 'NONE', #2288, #890, #633 ) ;
#3681 = DIRECTION ( 'NONE',  ( -1.000000000000000000, 0.000000000000000000, 0.000000000000000000 ) ) ;
#3682 = ORIENTED_EDGE ( 'NONE', *, *, #3226, .F. ) ;
#3683 = ORIENTED_EDGE ( 'NONE', *, *, #610, .T. ) ;
#3684 = AXIS2_PLACEMENT_3D ( 'NONE', #3359, #291, #1318 ) ;
#3685 = UNCERTAINTY_MEASURE_WITH_UNIT (LENGTH_MEASURE( 1.000000000000000082E-05 ), #2235, 'distance_accuracy_value', 'NONE');
#3686 = CARTESIAN_POINT ( 'NONE',  ( 9.750000000000078160, 23.35000000000005116, -2.250000000000001332 ) ) ;
#3687 = LINE ( 'NONE', #1660, #2474 ) ;
#3688 = LINE ( 'NONE', #3281, #4033 ) ;
#3689 = VERTEX_POINT ( 'NONE', #2331 ) ;
#3690 = CIRCLE ( 'NONE', #3542, 8.500000000000000000 ) ;
#3691 = DIRECTION ( 'NONE',  ( -1.000000000000000000, 0.000000000000000000, 0.000000000000000000 ) ) ;
#3692 = DIRECTION ( 'NONE',  ( 0.000000000000000000, 0.000000000000000000, 1.000000000000000000 ) ) ;
#3693 = ORIENTED_EDGE ( 'NONE', *, *, #519, .F. ) ;
#3694 = ORIENTED_EDGE ( 'NONE', *, *, #4069, .T. ) ;
#3695 = CYLINDRICAL_SURFACE ( 'NONE', #3680, 4.000000000000000000 ) ;
#3696 = CARTESIAN_POINT ( 'NONE',  ( 12.19889678577277259, 23.35000000000005116, -1.448896785772688878 ) ) ;
#3697 = DIRECTION ( 'NONE',  ( -0.000000000000000000, -0.000000000000000000, 1.000000000000000000 ) ) ;
#3698 = AXIS2_PLACEMENT_3D ( 'NONE', #381, #1739, #2473 ) ;
#3699 = DIRECTION ( 'NONE',  ( -0.7372773368101210867, -0.6755902076156634628, 0.000000000000000000 ) ) ;
#3700 = EDGE_LOOP ( 'NONE', ( #3803, #1651, #642, #304, #3951, #3485, #361, #1579, #213, #393, #209, #637, #4296, #4087, #4085, #2360, #1353, #3492, #3834, #2713, #1612, #1593, #2741, #2206, #1484, #218, #2009, #1815, #2803, #1275, #4337, #1517, #2102, #269, #353, #447, #1975, #2681, #1588, #275, #1915, #1227, #3626, #3578, #2277, #2075, #908, #3991, #1257, #1334, #3234, #1331, #3717, #562, #1722, #299, #2766, #4042, #2888, #999, #1452, #3274, #3477, #62 ) ) ;
#3701 = AXIS2_PLACEMENT_3D ( 'NONE', #930, #628, #288 ) ;
#3702 = EDGE_CURVE ( 'NONE', #593, #2376, #242, .T. ) ;
#3703 = CARTESIAN_POINT ( 'NONE',  ( -12.15233087264165768, 23.35000000000005116, -1.402297852575702164 ) ) ;
#3704 = CARTESIAN_POINT ( 'NONE',  ( 18.00000000000000000, -5.150057150114454529, -5.250000000000000000 ) ) ;
#3705 = VECTOR ( 'NONE', #1591, 1000.000000000000000 ) ;
#3706 = ORIENTED_EDGE ( 'NONE', *, *, #1961, .F. ) ;
#3707 = VERTEX_POINT ( 'NONE', #2353 ) ;
#3708 = EDGE_CURVE ( 'NONE', #1526, #377, #2806, .T. ) ;
#3709 = EDGE_CURVE ( 'NONE', #3273, #687, #1686, .T. ) ;
#3710 = CARTESIAN_POINT ( 'NONE',  ( 13.50000000000000000, -39.25406378072637636, -1.249999999999980682 ) ) ;
#3711 =( NAMED_UNIT ( * ) PLANE_ANGLE_UNIT ( ) SI_UNIT ( $, .RADIAN. ) );
#3712 = DIRECTION ( 'NONE',  ( -1.000000000000000000, 0.000000000000000000, 0.000000000000000000 ) ) ;
#3713 = ORIENTED_EDGE ( 'NONE', *, *, #3702, .T. ) ;
#3714 = DIRECTION ( 'NONE',  ( 0.000000000000000000, 0.000000000000000000, -1.000000000000000000 ) ) ;
#3715 = LINE ( 'NONE', #2651, #51 ) ;
#3716 = EDGE_LOOP ( 'NONE', ( #2030, #3737 ) ) ;
#3717 = ORIENTED_EDGE ( 'NONE', *, *, #2238, .F. ) ;
#3718 = LINE ( 'NONE', #1981, #3104 ) ;
#3719 = DIRECTION ( 'NONE',  ( 2.312964634635742957E-16, 1.000000000000000000, 0.000000000000000000 ) ) ;
#3720 = CARTESIAN_POINT ( 'NONE',  ( -11.99007438451425500, 23.88593668834275263, -1.273363215035727469 ) ) ;
#3721 = CARTESIAN_POINT ( 'NONE',  ( -5.472288242955556825, 34.24406644123207144, -3.750000000000000444 ) ) ;
#3722 = VERTEX_POINT ( 'NONE', #1355 ) ;
#3723 = VERTEX_POINT ( 'NONE', #2716 ) ;
#3724 = LINE ( 'NONE', #3365, #3597 ) ;
#3725 = ORIENTED_EDGE ( 'NONE', *, *, #557, .T. ) ;
#3726 = EDGE_CURVE ( 'NONE', #505, #2956, #808, .T. ) ;
#3727 = ORIENTED_EDGE ( 'NONE', *, *, #3091, .F. ) ;
#3728 = LINE ( 'NONE', #4356, #170 ) ;
#3729 = DIRECTION ( 'NONE',  ( 0.000000000000000000, 0.000000000000000000, 1.000000000000000000 ) ) ;
#3730 = FACE_BOUND ( 'NONE', #3153, .T. ) ;
#3731 = EDGE_CURVE ( 'NONE', #3658, #4124, #3419, .T. ) ;
#3732 = ADVANCED_FACE ( 'NONE', ( #1103 ), #3876, .T. ) ;
#3733 = ORIENTED_EDGE ( 'NONE', *, *, #1201, .F. ) ;
#3734 = VECTOR ( 'NONE', #2403, 1000.000000000000000 ) ;
#3735 = FACE_OUTER_BOUND ( 'NONE', #61, .T. ) ;
#3736 = DIRECTION ( 'NONE',  ( -0.000000000000000000, -0.000000000000000000, -1.000000000000000000 ) ) ;
#3737 = ORIENTED_EDGE ( 'NONE', *, *, #3702, .F. ) ;
#3738 = ORIENTED_EDGE ( 'NONE', *, *, #3791, .F. ) ;
#3739 = DIRECTION ( 'NONE',  ( -2.312964634635742957E-16, 1.000000000000000000, 0.000000000000000000 ) ) ;
#3740 = CARTESIAN_POINT ( 'NONE',  ( -37.80531982830802207, -6.427876096865348998, -5.250000000000000000 ) ) ;
#3741 = CARTESIAN_POINT ( 'NONE',  ( 13.00000000000000178, -43.22269074732326999, -2.250000000000001332 ) ) ;
#3742 = VECTOR ( 'NONE', #3219, 1000.000000000000000 ) ;
#3743 = VERTEX_POINT ( 'NONE', #3092 ) ;
#3744 = AXIS2_PLACEMENT_3D ( 'NONE', #2590, #2926, #2947 ) ;
#3745 = DIRECTION ( 'NONE',  ( 1.000000000000000000, 0.000000000000000000, 0.000000000000000000 ) ) ;
#3746 = CARTESIAN_POINT ( 'NONE',  ( -22.00000000000000000, -5.150057150114454529, -3.250000000000007550 ) ) ;
#3747 = VECTOR ( 'NONE', #134, 1000.000000000000000 ) ;
#3748 = AXIS2_PLACEMENT_3D ( 'NONE', #182, #515, #3206 ) ;
#3749 = EDGE_LOOP ( 'NONE', ( #1147, #3647, #4202, #1746 ) ) ;
#3750 = ORIENTED_EDGE ( 'NONE', *, *, #2772, .T. ) ;
#3751 = CARTESIAN_POINT ( 'NONE',  ( 7.499058865802553875, 33.45589845166242782, 5.250000000000000000 ) ) ;
#3752 = VECTOR ( 'NONE', #898, 1000.000000000000000 ) ;
#3753 = ADVANCED_FACE ( 'NONE', ( #3136 ), #411, .F. ) ;
#3754 = DIRECTION ( 'NONE',  ( -0.000000000000000000, -0.000000000000000000, -1.000000000000000000 ) ) ;
#3755 = CARTESIAN_POINT ( 'NONE',  ( -13.50000000000000000, -49.70343144573113392, -3.750000000000000444 ) ) ;
#3756 = CIRCLE ( 'NONE', #2823, 1.600000000000014522 ) ;
#3757 = ORIENTED_EDGE ( 'NONE', *, *, #1126, .F. ) ;
#3758 = CIRCLE ( 'NONE', #533, 10.00000000000000178 ) ;
#3759 = EDGE_CURVE ( 'NONE', #3553, #3658, #3836, .T. ) ;
#3760 = LINE ( 'NONE', #693, #2727 ) ;
#3761 = EDGE_CURVE ( 'NONE', #3952, #2285, #3116, .T. ) ;
#3762 = ORIENTED_EDGE ( 'NONE', *, *, #551, .F. ) ;
#3763 = ORIENTED_EDGE ( 'NONE', *, *, #3458, .F. ) ;
#3764 = AXIS2_PLACEMENT_3D ( 'NONE', #2471, #1113, #3767 ) ;
#3765 = DIRECTION ( 'NONE',  ( 0.000000000000000000, 0.000000000000000000, 1.000000000000000000 ) ) ;
#3766 = EDGE_CURVE ( 'NONE', #1416, #1424, #1455, .T. ) ;
#3767 = DIRECTION ( 'NONE',  ( -1.000000000000000000, 0.000000000000000000, 0.000000000000000000 ) ) ;
#3768 = CIRCLE ( 'NONE', #2821, 1.924999999999999600 ) ;
#3769 = CARTESIAN_POINT ( 'NONE',  ( 4.000000000000063061, 23.35000000000005116, -0.7500000000000002220 ) ) ;
#3770 = AXIS2_PLACEMENT_3D ( 'NONE', #1553, #4204, #2173 ) ;
#3771 = DIRECTION ( 'NONE',  ( 0.000000000000000000, -1.000000000000000000, 0.000000000000000000 ) ) ;
#3772 = LINE ( 'NONE', #3022, #522 ) ;
#3773 = CIRCLE ( 'NONE', #3629, 3.000000000000000000 ) ;
#3774 = VERTEX_POINT ( 'NONE', #4153 ) ;
#3775 = ORIENTED_EDGE ( 'NONE', *, *, #2104, .T. ) ;
#3776 = CARTESIAN_POINT ( 'NONE',  ( 13.00000000000000178, -43.22269074732326999, -1.249999999999980682 ) ) ;
#3777 =( GEOMETRIC_REPRESENTATION_CONTEXT ( 3 ) GLOBAL_UNCERTAINTY_ASSIGNED_CONTEXT ( ( #3685 ) ) GLOBAL_UNIT_ASSIGNED_CONTEXT ( ( #2235, #3711, #2280 ) ) REPRESENTATION_CONTEXT ( 'NONE', 'WORKASPACE' ) );
#3778 = CARTESIAN_POINT ( 'NONE',  ( -22.61112256587701097, 10.89999999999999680, 5.250000000000000000 ) ) ;
#3779 = LINE ( 'NONE', #3077, #2666 ) ;
#3780 = VERTEX_POINT ( 'NONE', #2757 ) ;
#3781 = AXIS2_PLACEMENT_3D ( 'NONE', #453, #516, #4233 ) ;
#3782 = LINE ( 'NONE', #1020, #4334 ) ;
#3783 = CARTESIAN_POINT ( 'NONE',  ( 13.49999999999999645, -47.19131771392015651, -0.7500000000000002220 ) ) ;
#3784 = ORIENTED_EDGE ( 'NONE', *, *, #2544, .F. ) ;
#3785 = ORIENTED_EDGE ( 'NONE', *, *, #1207, .F. ) ;
#3786 = ADVANCED_FACE ( 'NONE', ( #117 ), #2819, .T. ) ;
#3787 = LINE ( 'NONE', #718, #101 ) ;
#3788 = DIRECTION ( 'NONE',  ( 0.000000000000000000, 0.000000000000000000, 1.000000000000000000 ) ) ;
#3789 = CARTESIAN_POINT ( 'NONE',  ( -20.27357682554798046, -27.32139380484326452, -5.250000000000000000 ) ) ;
#3790 = ADVANCED_FACE ( 'NONE', ( #2462 ), #1140, .T. ) ;
#3791 = EDGE_CURVE ( 'NONE', #612, #520, #1515, .T. ) ;
#3792 = CARTESIAN_POINT ( 'NONE',  ( -14.99999999999999645, -59.22269074732326999, -5.250000000000000000 ) ) ;
#3793 = LINE ( 'NONE', #2070, #2446 ) ;
#3794 = ORIENTED_EDGE ( 'NONE', *, *, #4222, .T. ) ;
#3795 = EDGE_LOOP ( 'NONE', ( #855, #1757 ) ) ;
#3796 = CARTESIAN_POINT ( 'NONE',  ( 37.80531982830802207, -6.427876096865348998, 5.250000000000000000 ) ) ;
#3797 = CARTESIAN_POINT ( 'NONE',  ( -11.24999999999998757, -43.22269074732326999, -2.250000000000001332 ) ) ;
#3798 = FACE_OUTER_BOUND ( 'NONE', #1166, .T. ) ;
#3799 = ORIENTED_EDGE ( 'NONE', *, *, #3124, .F. ) ;
#3800 = DIRECTION ( 'NONE',  ( -1.000000000000000000, 0.000000000000000000, 0.000000000000000000 ) ) ;
#3801 = CARTESIAN_POINT ( 'NONE',  ( 22.50000000000000000, 12.00000000000000355, 5.250000000000000000 ) ) ;
#3802 = VERTEX_POINT ( 'NONE', #4170 ) ;
#3803 = ORIENTED_EDGE ( 'NONE', *, *, #1702, .F. ) ;
#3804 = DIRECTION ( 'NONE',  ( -0.000000000000000000, -0.000000000000000000, -1.000000000000000000 ) ) ;
#3805 = DIRECTION ( 'NONE',  ( -1.000000000000000000, 0.000000000000000000, 0.000000000000000000 ) ) ;
#3806 = CARTESIAN_POINT ( 'NONE',  ( -37.80531982830802207, -6.427876096865347222, 5.250000000000000000 ) ) ;
#3807 = EDGE_CURVE ( 'NONE', #2956, #605, #2481, .T. ) ;
#3808 = DIRECTION ( 'NONE',  ( 0.000000000000000000, 0.000000000000000000, -1.000000000000000000 ) ) ;
#3809 = CIRCLE ( 'NONE', #305, 2.999999999999999112 ) ;
#3810 = DIRECTION ( 'NONE',  ( -0.000000000000000000, -0.000000000000000000, -1.000000000000000000 ) ) ;
#3811 = EDGE_CURVE ( 'NONE', #981, #727, #3855, .T. ) ;
#3812 = EDGE_CURVE ( 'NONE', #2569, #3780, #956, .T. ) ;
#3813 = ORIENTED_EDGE ( 'NONE', *, *, #963, .F. ) ;
#3814 = ORIENTED_EDGE ( 'NONE', *, *, #1074, .F. ) ;
#3815 = CARTESIAN_POINT ( 'NONE',  ( 17.00000000000000000, -34.86239308998526809, -5.250000000000000000 ) ) ;
#3816 = AXIS2_PLACEMENT_3D ( 'NONE', #1033, #2391, #1369 ) ;
#3817 = CIRCLE ( 'NONE', #604, 3.000000000000000000 ) ;
#3818 = CARTESIAN_POINT ( 'NONE',  ( -11.24999999999998934, -43.22269074732326999, -0.7499999999999997780 ) ) ;
#3819 = ORIENTED_EDGE ( 'NONE', *, *, #1451, .F. ) ;
#3820 = CIRCLE ( 'NONE', #3603, 1.750000000000013767 ) ;
#3821 = DIRECTION ( 'NONE',  ( -0.000000000000000000, -0.000000000000000000, -1.000000000000000000 ) ) ;
#3822 = CARTESIAN_POINT ( 'NONE',  ( 13.49999999999999645, -34.86239308998526809, -3.750000000000000888 ) ) ;
#3823 = ORIENTED_EDGE ( 'NONE', *, *, #1178, .F. ) ;
#3824 = CIRCLE ( 'NONE', #1875, 1.600000000000014522 ) ;
#3825 = ORIENTED_EDGE ( 'NONE', *, *, #441, .T. ) ;
#3826 = AXIS2_PLACEMENT_3D ( 'NONE', #210, #2889, #3591 ) ;
#3827 = DIRECTION ( 'NONE',  ( -0.000000000000000000, -0.000000000000000000, -1.000000000000000000 ) ) ;
#3828 = CONICAL_SURFACE ( 'NONE', #2313, 4.000000000000000888, 0.7853981633974458365 ) ;
#3829 = LINE ( 'NONE', #3806, #626 ) ;
#3830 = CIRCLE ( 'NONE', #3111, 1.924999999999999600 ) ;
#3831 = LINE ( 'NONE', #1056, #3618 ) ;
#3832 = CARTESIAN_POINT ( 'NONE',  ( -30.14487539711820929, 0.000000000000000000, 5.250000000000000000 ) ) ;
#3833 = VERTEX_POINT ( 'NONE', #787 ) ;
#3834 = ORIENTED_EDGE ( 'NONE', *, *, #432, .T. ) ;
#3835 = EDGE_CURVE ( 'NONE', #2500, #1221, #2841, .T. ) ;
#3836 = LINE ( 'NONE', #72, #27 ) ;
#3837 = VECTOR ( 'NONE', #3236, 1000.000000000000000 ) ;
#3838 = CARTESIAN_POINT ( 'NONE',  ( 22.61112256587701097, 10.89999999999999680, 5.250000000000000000 ) ) ;
#3839 = ORIENTED_EDGE ( 'NONE', *, *, #3343, .F. ) ;
#3840 = ADVANCED_FACE ( 'NONE', ( #1806 ), #1417, .F. ) ;
#3841 = ADVANCED_FACE ( 'NONE', ( #1061 ), #2418, .F. ) ;
#3842 = DIRECTION ( 'NONE',  ( 0.000000000000000000, 0.000000000000000000, 1.000000000000000000 ) ) ;
#3843 = DIRECTION ( 'NONE',  ( 0.000000000000000000, 0.000000000000000000, 1.000000000000000000 ) ) ;
#3844 = LINE ( 'NONE', #3445, #3420 ) ;
#3845 = ORIENTED_EDGE ( 'NONE', *, *, #3759, .T. ) ;
#3846 = VECTOR ( 'NONE', #234, 1000.000000000000000 ) ;
#3847 = VERTEX_POINT ( 'NONE', #3815 ) ;
#3848 = CARTESIAN_POINT ( 'NONE',  ( -19.60000000000001208, -5.150057150114454529, -1.750000000000000222 ) ) ;
#3849 = LINE ( 'NONE', #1466, #3988 ) ;
#3850 = DIRECTION ( 'NONE',  ( -0.000000000000000000, -0.000000000000000000, -1.000000000000000000 ) ) ;
#3851 = DIRECTION ( 'NONE',  ( -1.000000000000000000, 0.000000000000000000, 0.000000000000000000 ) ) ;
#3852 = LINE ( 'NONE', #784, #2665 ) ;
#3853 = ORIENTED_EDGE ( 'NONE', *, *, #1099, .F. ) ;
#3854 = ORIENTED_EDGE ( 'NONE', *, *, #1497, .F. ) ;
#3855 = LINE ( 'NONE', #389, #2090 ) ;
#3856 = CARTESIAN_POINT ( 'NONE',  ( -22.75590207615663019, 24.22277336810120474, 5.250000000000000000 ) ) ;
#3857 = EDGE_CURVE ( 'NONE', #449, #4408, #750, .T. ) ;
#3858 = APPLICATION_CONTEXT ( 'automotive_design' ) ;
#3859 = ORIENTED_EDGE ( 'NONE', *, *, #1745, .F. ) ;
#3860 = CARTESIAN_POINT ( 'NONE',  ( -19.60000000000001208, -5.150057150114454529, -5.250000000000000000 ) ) ;
#3861 = DIRECTION ( 'NONE',  ( -1.000000000000000000, 0.000000000000000000, 0.000000000000000000 ) ) ;
#3862 = EDGE_CURVE ( 'NONE', #660, #3222, #3973, .T. ) ;
#3863 = ORIENTED_EDGE ( 'NONE', *, *, #3294, .F. ) ;
#3864 = EDGE_CURVE ( 'NONE', #2500, #2606, #2592, .T. ) ;
#3865 = EDGE_LOOP ( 'NONE', ( #2183, #766, #2074, #768, #3638, #1996 ) ) ;
#3866 = DIRECTION ( 'NONE',  ( -0.000000000000000000, -0.000000000000000000, -1.000000000000000000 ) ) ;
#3867 = DIRECTION ( 'NONE',  ( 0.6427876096865349220, 0.7660444431189816772, -0.000000000000000000 ) ) ;
#3868 = AXIS2_PLACEMENT_3D ( 'NONE', #1459, #1194, #2189 ) ;
#3869 = DIRECTION ( 'NONE',  ( 0.000000000000000000, 0.000000000000000000, 1.000000000000000000 ) ) ;
#3870 = DIRECTION ( 'NONE',  ( -1.000000000000000000, 0.000000000000000000, 0.000000000000000000 ) ) ;
#3871 = DIRECTION ( 'NONE',  ( -0.000000000000000000, -0.000000000000000000, -1.000000000000000000 ) ) ;
#3872 = CARTESIAN_POINT ( 'NONE',  ( 22.50000000000000000, 12.00000000000000355, 5.250000000000000000 ) ) ;
#3873 = ORIENTED_EDGE ( 'NONE', *, *, #3812, .F. ) ;
#3874 = ORIENTED_EDGE ( 'NONE', *, *, #725, .F. ) ;
#3875 = VERTEX_POINT ( 'NONE', #1870 ) ;
#3876 = CYLINDRICAL_SURFACE ( 'NONE', #1240, 4.000000000000000000 ) ;
#3877 = CARTESIAN_POINT ( 'NONE',  ( 14.02081026162005628, 24.17500381000705190, -3.750000000000000888 ) ) ;
#3878 = AXIS2_PLACEMENT_3D ( 'NONE', #883, #3642, #4008 ) ;
#3879 = APPLICATION_PROTOCOL_DEFINITION ( 'draft international standard', 'automotive_design', 1998, #3858 ) ;
#3880 = ORIENTED_EDGE ( 'NONE', *, *, #3919, .F. ) ;
#3881 = AXIS2_PLACEMENT_3D ( 'NONE', #1500, #2867, #4219 ) ;
#3882 = CARTESIAN_POINT ( 'NONE',  ( -11.00003302006595085, 23.35000000000005116, -5.250000000000001776 ) ) ;
#3883 = DIRECTION ( 'NONE',  ( -1.000000000000000000, 0.000000000000000000, 0.000000000000000000 ) ) ;
#3884 = CARTESIAN_POINT ( 'NONE',  ( -13.50000000000000000, -54.72269074732326288, 5.250000000000000000 ) ) ;
#3885 = ORIENTED_EDGE ( 'NONE', *, *, #167, .T. ) ;
#3886 = AXIS2_PLACEMENT_3D ( 'NONE', #4369, #1931, #1604 ) ;
#3887 = ORIENTED_EDGE ( 'NONE', *, *, #906, .F. ) ;
#3888 = EDGE_CURVE ( 'NONE', #3833, #3468, #3817, .T. ) ;
#3889 = DIRECTION ( 'NONE',  ( 0.000000000000000000, 0.000000000000000000, 1.000000000000000000 ) ) ;
#3890 = AXIS2_PLACEMENT_3D ( 'NONE', #2574, #1896, #3297 ) ;
#3891 = DIRECTION ( 'NONE',  ( 1.000000000000000000, 0.000000000000000000, 0.000000000000000000 ) ) ;
#3892 = CIRCLE ( 'NONE', #611, 3.000000000000000000 ) ;
#3893 = VECTOR ( 'NONE', #1575, 1000.000000000000000 ) ;
#3894 = EDGE_CURVE ( 'NONE', #2653, #1131, #1738, .T. ) ;
#3895 = ADVANCED_FACE ( 'NONE', ( #4326 ), #3656, .T. ) ;
#3896 = DIRECTION ( 'NONE',  ( -0.000000000000000000, -0.000000000000000000, -1.000000000000000000 ) ) ;
#3897 = DIRECTION ( 'NONE',  ( -0.000000000000000000, -0.000000000000000000, -1.000000000000000000 ) ) ;
#3898 = CARTESIAN_POINT ( 'NONE',  ( 30.14487539711820929, 2.220446049250313081E-13, 5.250000000000000000 ) ) ;
#3899 = CYLINDRICAL_SURFACE ( 'NONE', #241, 1.750000000000012879 ) ;
#3900 = ORIENTED_EDGE ( 'NONE', *, *, #308, .T. ) ;
#3901 = VERTEX_POINT ( 'NONE', #1540 ) ;
#3902 = VECTOR ( 'NONE', #3338, 1000.000000000000000 ) ;
#3903 = EDGE_LOOP ( 'NONE', ( #3845, #267, #1513, #3609 ) ) ;
#3904 = DIRECTION ( 'NONE',  ( 0.000000000000000000, 0.000000000000000000, 1.000000000000000000 ) ) ;
#3905 = CARTESIAN_POINT ( 'NONE',  ( 13.00000000000000178, -43.22269074732326999, -1.249999999999980682 ) ) ;
#3906 = PRODUCT_CONTEXT ( 'NONE', #3858, 'mechanical' ) ;
#3907 = ORIENTED_EDGE ( 'NONE', *, *, #673, .F. ) ;
#3908 = VERTEX_POINT ( 'NONE', #3636 ) ;
#3909 = DIRECTION ( 'NONE',  ( -0.000000000000000000, -0.000000000000000000, -1.000000000000000000 ) ) ;
#3910 = CIRCLE ( 'NONE', #187, 4.000000000000001776 ) ;
#3911 = CARTESIAN_POINT ( 'NONE',  ( 19.33955556881018012, -28.43451699311991376, -5.250000000000000000 ) ) ;
#3912 = CARTESIAN_POINT ( 'NONE',  ( -14.99999999999999645, -61.22269074732326999, -5.250000000000000000 ) ) ;
#3913 = ORIENTED_EDGE ( 'NONE', *, *, #1351, .F. ) ;
#3914 = VECTOR ( 'NONE', #1666, 1000.000000000000114 ) ;
#3915 = FACE_OUTER_BOUND ( 'NONE', #1704, .T. ) ;
#3916 = CIRCLE ( 'NONE', #1545, 9.999999999999960920 ) ;
#3917 = DIRECTION ( 'NONE',  ( 0.000000000000000000, 0.000000000000000000, 1.000000000000000000 ) ) ;
#3918 = VERTEX_POINT ( 'NONE', #897 ) ;
#3919 = EDGE_CURVE ( 'NONE', #2909, #1395, #498, .T. ) ;
#3920 = CARTESIAN_POINT ( 'NONE',  ( -26.00000000000000000, 9.999999999999998224, 5.250000000000000000 ) ) ;
#3921 = LINE ( 'NONE', #825, #233 ) ;
#3922 = CYLINDRICAL_SURFACE ( 'NONE', #541, 1.924999999999999600 ) ;
#3923 = CARTESIAN_POINT ( 'NONE',  ( 13.50000000000000178, -31.22269074732326288, 5.250000000000000000 ) ) ;
#3924 = ADVANCED_FACE ( 'NONE', ( #1232 ), #2910, .F. ) ;
#3925 = EDGE_CURVE ( 'NONE', #915, #230, #138, .T. ) ;
#3926 = EDGE_LOOP ( 'NONE', ( #1420, #1600, #184, #4370 ) ) ;
#3927 = EDGE_LOOP ( 'NONE', ( #369, #1543, #1531, #2761, #869 ) ) ;
#3928 = DIRECTION ( 'NONE',  ( -0.000000000000000000, -0.000000000000000000, -1.000000000000000000 ) ) ;
#3929 = CARTESIAN_POINT ( 'NONE',  ( -8.000000000000000000, 37.74406644123207144, 5.250000000000000000 ) ) ;
#3930 = ORIENTED_EDGE ( 'NONE', *, *, #2927, .F. ) ;
#3931 = EDGE_LOOP ( 'NONE', ( #3813, #895, #2035, #2085 ) ) ;
#3932 = DIRECTION ( 'NONE',  ( -1.000000000000000000, 0.000000000000000000, 0.000000000000000000 ) ) ;
#3933 = CARTESIAN_POINT ( 'NONE',  ( -13.50000000000000355, -36.74195004891539895, -3.750000000000000444 ) ) ;
#3934 = FACE_OUTER_BOUND ( 'NONE', #2708, .T. ) ;
#3935 = FACE_BOUND ( 'NONE', #4004, .T. ) ;
#3936 = ORIENTED_EDGE ( 'NONE', *, *, #3319, .F. ) ;
#3937 = DIRECTION ( 'NONE',  ( 0.000000000000000000, 0.000000000000000000, 1.000000000000000000 ) ) ;
#3938 = DIRECTION ( 'NONE',  ( -0.7372773368101210867, -0.6755902076156634628, 0.000000000000000000 ) ) ;
#3939 = ORIENTED_EDGE ( 'NONE', *, *, #643, .T. ) ;
#3940 = CYLINDRICAL_SURFACE ( 'NONE', #3467, 1.600000000000014522 ) ;
#3941 = FACE_OUTER_BOUND ( 'NONE', #2949, .T. ) ;
#3942 = ADVANCED_FACE ( 'NONE', ( #3248 ), #3384, .T. ) ;
#3943 = DIRECTION ( 'NONE',  ( -0.000000000000000000, -0.000000000000000000, -1.000000000000000000 ) ) ;
#3944 = DIRECTION ( 'NONE',  ( 1.000000000000000000, 0.000000000000000000, 0.000000000000000000 ) ) ;
#3945 = EDGE_LOOP ( 'NONE', ( #1503, #4159, #1947, #1101 ) ) ;
#3946 = VECTOR ( 'NONE', #4156, 1000.000000000000000 ) ;
#3947 = EDGE_CURVE ( 'NONE', #3447, #3303, #831, .T. ) ;
#3948 = EDGE_CURVE ( 'NONE', #205, #1197, #2622, .T. ) ;
#3949 = CARTESIAN_POINT ( 'NONE',  ( -8.000033020065936640, 23.35000000000005116, -3.750000000000000444 ) ) ;
#3950 = CARTESIAN_POINT ( 'NONE',  ( -16.40186894737724543, -24.50000000000000000, -3.750000000000000000 ) ) ;
#3951 = ORIENTED_EDGE ( 'NONE', *, *, #3649, .T. ) ;
#3952 = VERTEX_POINT ( 'NONE', #2253 ) ;
#3953 = EDGE_CURVE ( 'NONE', #3780, #2630, #2585, .T. ) ;
#3954 = DIRECTION ( 'NONE',  ( -0.7372773368101209757, 0.6755902076156635738, 0.000000000000000000 ) ) ;
#3955 = CARTESIAN_POINT ( 'NONE',  ( -18.00000000000000000, -5.150057150114454529, -3.750000000000000444 ) ) ;
#3956 = AXIS2_PLACEMENT_3D ( 'NONE', #3243, #201, #1800 ) ;
#3957 = DIRECTION ( 'NONE',  ( -0.000000000000000000, -0.000000000000000000, -1.000000000000000000 ) ) ;
#3958 = CYLINDRICAL_SURFACE ( 'NONE', #3878, 1.750000000000013767 ) ;
#3959 = ORIENTED_EDGE ( 'NONE', *, *, #2928, .T. ) ;
#3960 = CIRCLE ( 'NONE', #4236, 2.000000000000000000 ) ;
#3961 = CARTESIAN_POINT ( 'NONE',  ( 14.99999999999999289, -61.22269074732326999, 5.250000000000000000 ) ) ;
#3962 = CARTESIAN_POINT ( 'NONE',  ( 8.000000000000063949, 23.35000000000005116, -0.7500000000000002220 ) ) ;
#3963 = ORIENTED_EDGE ( 'NONE', *, *, #284, .T. ) ;
#3964 = AXIS2_PLACEMENT_3D ( 'NONE', #2778, #1079, #2437 ) ;
#3965 = DIRECTION ( 'NONE',  ( -0.7660444431189817882, 0.6427876096865350330, 0.000000000000000000 ) ) ;
#3966 = CARTESIAN_POINT ( 'NONE',  ( 11.00000000000007816, 23.35000000000005116, -5.250000000000001776 ) ) ;
#3967 = CARTESIAN_POINT ( 'NONE',  ( -26.00000000000000355, 16.84999999999999432, 5.250000000000000000 ) ) ;
#3968 = CARTESIAN_POINT ( 'NONE',  ( 19.33955556881018012, -28.43451699311991376, 5.250000000000000000 ) ) ;
#3969 = VECTOR ( 'NONE', #4127, 1000.000000000000114 ) ;
#3970 = VECTOR ( 'NONE', #362, 1000.000000000000000 ) ;
#3971 = VERTEX_POINT ( 'NONE', #1161 ) ;
#3972 = ORIENTED_EDGE ( 'NONE', *, *, #2944, .F. ) ;
#3973 = LINE ( 'NONE', #1894, #92 ) ;
#3974 = LINE ( 'NONE', #3950, #2450 ) ;
#3975 = ORIENTED_EDGE ( 'NONE', *, *, #4414, .F. ) ;
#3976 = EDGE_CURVE ( 'NONE', #927, #415, #569, .T. ) ;
#3977 = CIRCLE ( 'NONE', #4125, 6.499999999999999112 ) ;
#3978 = ORIENTED_EDGE ( 'NONE', *, *, #2680, .T. ) ;
#3979 = CYLINDRICAL_SURFACE ( 'NONE', #4182, 2.999999999999999112 ) ;
#3980 = AXIS2_PLACEMENT_3D ( 'NONE', #613, #2729, #783 ) ;
#3981 = AXIS2_PLACEMENT_3D ( 'NONE', #2991, #2283, #307 ) ;
#3982 = CARTESIAN_POINT ( 'NONE',  ( -13.00000000000000178, -43.22269074732326999, -1.249999999999982458 ) ) ;
#3983 = PRODUCT ( 'LQ26-05HGI-01-016', 'LQ26-05HGI-01-016', '', ( #3906 ) ) ;
#3984 = LINE ( 'NONE', #2629, #2660 ) ;
#3985 = EDGE_CURVE ( 'NONE', #53, #415, #2146, .T. ) ;
#3986 = EDGE_CURVE ( 'NONE', #3053, #3875, #2884, .T. ) ;
#3987 = ORIENTED_EDGE ( 'NONE', *, *, #3568, .T. ) ;
#3988 = VECTOR ( 'NONE', #3110, 1000.000000000000000 ) ;
#3989 = CARTESIAN_POINT ( 'NONE',  ( -8.000033020065936640, 23.35000000000005116, -1.249999999999981570 ) ) ;
#3990 = CARTESIAN_POINT ( 'NONE',  ( 4.000000000000063061, 23.35000000000005116, -0.7500000000000002220 ) ) ;
#3991 = ORIENTED_EDGE ( 'NONE', *, *, #4165, .F. ) ;
#3992 = AXIS2_PLACEMENT_3D ( 'NONE', #147, #1171, #1548 ) ;
#3993 = ORIENTED_EDGE ( 'NONE', *, *, #1771, .T. ) ;
#3994 = CIRCLE ( 'NONE', #3701, 3.000000000000012879 ) ;
#3995 = LINE ( 'NONE', #2270, #1172 ) ;
#3996 = CARTESIAN_POINT ( 'NONE',  ( -13.50000000000001243, 2.119496995973695077E-13, 5.250000000000000000 ) ) ;
#3997 = DIRECTION ( 'NONE',  ( -2.312964634635742957E-16, -1.000000000000000000, 0.000000000000000000 ) ) ;
#3998 = VECTOR ( 'NONE', #211, 1000.000000000000000 ) ;
#3999 = ORIENTED_EDGE ( 'NONE', *, *, #1501, .T. ) ;
#4000 = ORIENTED_EDGE ( 'NONE', *, *, #4215, .F. ) ;
#4001 = CARTESIAN_POINT ( 'NONE',  ( 9.000000000000001776, -43.22269074732326999, -1.249999999999980682 ) ) ;
#4002 = LINE ( 'NONE', #3347, #1167 ) ;
#4003 = ORIENTED_EDGE ( 'NONE', *, *, #105, .T. ) ;
#4004 = EDGE_LOOP ( 'NONE', ( #4255, #2990 ) ) ;
#4005 = LINE ( 'NONE', #4283, #3024 ) ;
#4006 = EDGE_CURVE ( 'NONE', #4117, #3875, #3308, .T. ) ;
#4007 = SURFACE_STYLE_USAGE ( .BOTH. , #2261 ) ;
#4008 = DIRECTION ( 'NONE',  ( -1.000000000000000000, 0.000000000000000000, 0.000000000000000000 ) ) ;
#4009 = ORIENTED_EDGE ( 'NONE', *, *, #2573, .F. ) ;
#4010 = ADVANCED_FACE ( 'NONE', ( #2204, #2226 ), #546, .F. ) ;
#4011 = CARTESIAN_POINT ( 'NONE',  ( 8.000000000000063949, 23.35000000000005116, -1.249999999999981570 ) ) ;
#4012 = EDGE_CURVE ( 'NONE', #1830, #3324, #1442, .T. ) ;
#4013 = CARTESIAN_POINT ( 'NONE',  ( -28.00000000000000000, 9.999999999999998224, 5.250000000000000000 ) ) ;
#4014 = ORIENTED_EDGE ( 'NONE', *, *, #4421, .T. ) ;
#4015 = ORIENTED_EDGE ( 'NONE', *, *, #848, .F. ) ;
#4016 = FACE_OUTER_BOUND ( 'NONE', #1218, .T. ) ;
#4017 = CARTESIAN_POINT ( 'NONE',  ( 12.02081026161504340, 24.17500381001384824, -1.354576280985255288 ) ) ;
#4018 = CARTESIAN_POINT ( 'NONE',  ( -13.50000000000000000, -34.86239308998526809, 5.250000000000000000 ) ) ;
#4019 = CARTESIAN_POINT ( 'NONE',  ( 18.00000000000000000, -5.150057150114454529, -2.050000000000000266 ) ) ;
#4020 = ORIENTED_EDGE ( 'NONE', *, *, #2772, .F. ) ;
#4021 = CARTESIAN_POINT ( 'NONE',  ( 12.46783043523797119, 22.90856620544142430, -1.738565892923071399 ) ) ;
#4022 = LINE ( 'NONE', #4302, #3752 ) ;
#4023 = ORIENTED_EDGE ( 'NONE', *, *, #1179, .T. ) ;
#4024 = ORIENTED_EDGE ( 'NONE', *, *, #3283, .T. ) ;
#4025 = FACE_OUTER_BOUND ( 'NONE', #1434, .T. ) ;
#4026 = CARTESIAN_POINT ( 'NONE',  ( -6.250033020065924205, 23.35000000000005116, -5.250000000000000000 ) ) ;
#4027 = DIRECTION ( 'NONE',  ( 1.000000000000000000, 0.000000000000000000, -0.000000000000000000 ) ) ;
#4028 = ORIENTED_EDGE ( 'NONE', *, *, #749, .F. ) ;
#4029 = CARTESIAN_POINT ( 'NONE',  ( 8.000000000000000000, 37.74406644123207144, -5.250000000000000000 ) ) ;
#4030 = CARTESIAN_POINT ( 'NONE',  ( -5.000033020065924205, 23.35000000000005116, -5.250000000000001776 ) ) ;
#4031 = ORIENTED_EDGE ( 'NONE', *, *, #368, .F. ) ;
#4032 = ORIENTED_EDGE ( 'NONE', *, *, #1969, .F. ) ;
#4033 = VECTOR ( 'NONE', #1196, 1000.000000000000000 ) ;
#4034 = ADVANCED_FACE ( 'NONE', ( #1937 ), #590, .F. ) ;
#4035 = DIRECTION ( 'NONE',  ( -1.000000000000000000, 0.000000000000000000, 0.000000000000000000 ) ) ;
#4036 = CARTESIAN_POINT ( 'NONE',  ( -16.99999999999999289, -59.22269074732326999, 5.250000000000000000 ) ) ;
#4037 = DIRECTION ( 'NONE',  ( 0.000000000000000000, 0.000000000000000000, 1.000000000000000000 ) ) ;
#4038 = AXIS2_PLACEMENT_3D ( 'NONE', #3000, #4374, #350 ) ;
#4039 = DIRECTION ( 'NONE',  ( -1.000000000000000000, 0.000000000000000000, 0.000000000000000000 ) ) ;
#4040 = EDGE_CURVE ( 'NONE', #1814, #3260, #4206, .T. ) ;
#4041 = EDGE_CURVE ( 'NONE', #1300, #3081, #3809, .T. ) ;
#4042 = ORIENTED_EDGE ( 'NONE', *, *, #1826, .F. ) ;
#4043 = VECTOR ( 'NONE', #2961, 1000.000000000000000 ) ;
#4044 = ORIENTED_EDGE ( 'NONE', *, *, #2633, .T. ) ;
#4045 = CARTESIAN_POINT ( 'NONE',  ( -9.750033020065950851, 23.35000000000005116, -0.7499999999999997780 ) ) ;
#4046 = AXIS2_PLACEMENT_3D ( 'NONE', #1211, #922, #3681 ) ;
#4047 = EDGE_LOOP ( 'NONE', ( #4057, #1437, #1703, #4353 ) ) ;
#4048 = ORIENTED_EDGE ( 'NONE', *, *, #2485, .F. ) ;
#4049 = AXIS2_PLACEMENT_3D ( 'NONE', #2705, #916, #314 ) ;
#4050 = DIRECTION ( 'NONE',  ( -2.312964634635742957E-16, 1.000000000000000000, 0.000000000000000000 ) ) ;
#4051 = FILL_AREA_STYLE ('',( #3301 ) ) ;
#4052 = CYLINDRICAL_SURFACE ( 'NONE', #4388, 8.499999999999959144 ) ;
#4053 = ORIENTED_EDGE ( 'NONE', *, *, #3925, .F. ) ;
#4054 = AXIS2_PLACEMENT_3D ( 'NONE', #1364, #3788, #3805 ) ;
#4055 = DIRECTION ( 'NONE',  ( -0.000000000000000000, -0.000000000000000000, -1.000000000000000000 ) ) ;
#4056 = CARTESIAN_POINT ( 'NONE',  ( 29.92125603251204780, -0.2413335026669553574, -5.250000000000000000 ) ) ;
#4057 = ORIENTED_EDGE ( 'NONE', *, *, #4012, .F. ) ;
#4058 = EDGE_LOOP ( 'NONE', ( #3323, #731, #428, #2096 ) ) ;
#4059 = DIRECTION ( 'NONE',  ( -0.000000000000000000, -0.000000000000000000, -1.000000000000000000 ) ) ;
#4060 = CARTESIAN_POINT ( 'NONE',  ( -18.40186894737724899, -13.50000000000000000, -3.750000000000000000 ) ) ;
#4061 = FACE_BOUND ( 'NONE', #2356, .T. ) ;
#4062 = AXIS2_PLACEMENT_3D ( 'NONE', #2832, #534, #2874 ) ;
#4063 = CYLINDRICAL_SURFACE ( 'NONE', #2377, 3.000000000000012879 ) ;
#4064 = EDGE_CURVE ( 'NONE', #991, #3780, #3580, .T. ) ;
#4065 = ORIENTED_EDGE ( 'NONE', *, *, #4427, .F. ) ;
#4066 = AXIS2_PLACEMENT_3D ( 'NONE', #376, #4157, #3489 ) ;
#4067 = CARTESIAN_POINT ( 'NONE',  ( -13.96643533748924959, 22.16380690760731653, -3.333144622656762035 ) ) ;
#4068 = DIRECTION ( 'NONE',  ( -1.000000000000000000, 0.000000000000000000, 0.000000000000000000 ) ) ;
#4069 = EDGE_CURVE ( 'NONE', #1934, #2653, #3921, .T. ) ;
#4070 = ADVANCED_FACE ( 'NONE', ( #4250 ), #3172, .F. ) ;
#4071 = CIRCLE ( 'NONE', #3346, 5.500000000000001776 ) ;
#4072 = EDGE_LOOP ( 'NONE', ( #2591, #3978, #2575, #2231 ) ) ;
#4073 = ORIENTED_EDGE ( 'NONE', *, *, #345, .T. ) ;
#4074 = DIRECTION ( 'NONE',  ( -1.000000000000000000, 0.000000000000000000, 0.000000000000000000 ) ) ;
#4075 = CARTESIAN_POINT ( 'NONE',  ( 11.24999999999998757, -43.22269074732326999, -2.250000000000001332 ) ) ;
#4076 = FACE_OUTER_BOUND ( 'NONE', #1967, .T. ) ;
#4077 = EDGE_LOOP ( 'NONE', ( #37, #3750, #2457, #3189 ) ) ;
#4078 = LINE ( 'NONE', #2764, #2244 ) ;
#4079 = LINE ( 'NONE', #2359, #909 ) ;
#4080 = ORIENTED_EDGE ( 'NONE', *, *, #396, .F. ) ;
#4081 = ORIENTED_EDGE ( 'NONE', *, *, #3343, .T. ) ;
#4082 = DIRECTION ( 'NONE',  ( 0.000000000000000000, 0.000000000000000000, 1.000000000000000000 ) ) ;
#4083 = CARTESIAN_POINT ( 'NONE',  ( -12.09740793255610569, 23.47129016067720642, -1.347374912490151511 ) ) ;
#4084 = CYLINDRICAL_SURFACE ( 'NONE', #762, 1.999999999999998224 ) ;
#4085 = ORIENTED_EDGE ( 'NONE', *, *, #4114, .T. ) ;
#4086 = EDGE_CURVE ( 'NONE', #3344, #2644, #2196, .T. ) ;
#4087 = ORIENTED_EDGE ( 'NONE', *, *, #1146, .T. ) ;
#4088 = CARTESIAN_POINT ( 'NONE',  ( 13.39994673603092501, 26.08966980435244309, -3.305172385809668878 ) ) ;
#4089 = VERTEX_POINT ( 'NONE', #2924 ) ;
#4090 = EDGE_LOOP ( 'NONE', ( #3784, #2243, #4032, #2063 ) ) ;
#4091 = EDGE_CURVE ( 'NONE', #1406, #3282, #108, .T. ) ;
#4092 = EDGE_CURVE ( 'NONE', #2212, #505, #4292, .T. ) ;
#4093 = CARTESIAN_POINT ( 'NONE',  ( 19.90000000000001279, -5.150057150114454529, -5.250000000000000000 ) ) ;
#4094 = DIRECTION ( 'NONE',  ( 1.000000000000000000, 0.000000000000000000, 0.000000000000000000 ) ) ;
#4095 = FACE_OUTER_BOUND ( 'NONE', #2365, .T. ) ;
#4096 = ORIENTED_EDGE ( 'NONE', *, *, #3407, .F. ) ;
#4097 = ADVANCED_FACE ( 'NONE', ( #510 ), #2156, .F. ) ;
#4098 = DIRECTION ( 'NONE',  ( -1.000000000000000000, 0.000000000000000000, 0.000000000000000000 ) ) ;
#4099 = DIRECTION ( 'NONE',  ( -0.000000000000000000, -0.000000000000000000, -1.000000000000000000 ) ) ;
#4100 = VERTEX_POINT ( 'NONE', #1470 ) ;
#4101 = EDGE_LOOP ( 'NONE', ( #2252, #2635, #2321, #3068 ) ) ;
#4102 = LINE ( 'NONE', #1026, #3107 ) ;
#4103 = FACE_OUTER_BOUND ( 'NONE', #979, .T. ) ;
#4104 = CYLINDRICAL_SURFACE ( 'NONE', #976, 3.000000000000000888 ) ;
#4105 = DIRECTION ( 'NONE',  ( -0.000000000000000000, -0.000000000000000000, -1.000000000000000000 ) ) ;
#4106 = CARTESIAN_POINT ( 'NONE',  ( -11.97424434848894315, 24.17500381000705190, -1.308939143358972323 ) ) ;
#4107 = AXIS2_PLACEMENT_3D ( 'NONE', #2726, #586, #1958 ) ;
#4108 = AXIS2_PLACEMENT_3D ( 'NONE', #3686, #1971, #2304 ) ;
#4109 = ORIENTED_EDGE ( 'NONE', *, *, #3667, .F. ) ;
#4110 = ORIENTED_EDGE ( 'NONE', *, *, #3046, .T. ) ;
#4111 = FACE_OUTER_BOUND ( 'NONE', #3903, .T. ) ;
#4112 = AXIS2_PLACEMENT_3D ( 'NONE', #2911, #2298, #254 ) ;
#4113 = DIRECTION ( 'NONE',  ( -1.000000000000000000, 0.000000000000000000, 0.000000000000000000 ) ) ;
#4114 = EDGE_CURVE ( 'NONE', #605, #2212, #948, .T. ) ;
#4115 = CARTESIAN_POINT ( 'NONE',  ( -32.44481455280266147, -8.182926119680507426, -3.750000000000000888 ) ) ;
#4116 = CONICAL_SURFACE ( 'NONE', #3170, 4.000000000000001776, 0.7853981633974456145 ) ;
#4117 = VERTEX_POINT ( 'NONE', #3966 ) ;
#4118 = AXIS2_PLACEMENT_3D ( 'NONE', #1050, #3804, #3129 ) ;
#4119 = FACE_OUTER_BOUND ( 'NONE', #2369, .T. ) ;
#4120 = LINE ( 'NONE', #40, #268 ) ;
#4121 = ADVANCED_FACE ( 'NONE', ( #1153 ), #152, .F. ) ;
#4122 = VERTEX_POINT ( 'NONE', #443 ) ;
#4123 = EDGE_CURVE ( 'NONE', #3518, #1110, #1935, .T. ) ;
#4124 = VERTEX_POINT ( 'NONE', #467 ) ;
#4125 = AXIS2_PLACEMENT_3D ( 'NONE', #2807, #2028, #1429 ) ;
#4126 = CARTESIAN_POINT ( 'NONE',  ( 16.00000000000000000, 16.84999999999999787, 5.250000000000000000 ) ) ;
#4127 = DIRECTION ( 'NONE',  ( 0.7071067811865455743, 8.659560562354905741E-17, -0.7071067811865493491 ) ) ;
#4128 = CARTESIAN_POINT ( 'NONE',  ( 16.65840001789374014, -26.18476035921705147, 5.250000000000000000 ) ) ;
#4129 = VECTOR ( 'NONE', #3450, 1000.000000000000000 ) ;
#4130 = DIRECTION ( 'NONE',  ( -0.000000000000000000, -0.000000000000000000, -1.000000000000000000 ) ) ;
#4131 = CYLINDRICAL_SURFACE ( 'NONE', #1094, 10.00000000000000178 ) ;
#4132 = AXIS2_PLACEMENT_3D ( 'NONE', #3217, #507, #1861 ) ;
#4133 = ORIENTED_EDGE ( 'NONE', *, *, #671, .F. ) ;
#4134 = ORIENTED_EDGE ( 'NONE', *, *, #913, .T. ) ;
#4135 = DIRECTION ( 'NONE',  ( -1.000000000000000000, 0.000000000000000000, 0.000000000000000000 ) ) ;
#4136 = AXIS2_PLACEMENT_3D ( 'NONE', #3056, #3754, #3421 ) ;
#4137 = FACE_OUTER_BOUND ( 'NONE', #2426, .T. ) ;
#4138 = DIRECTION ( 'NONE',  ( 0.000000000000000000, 0.000000000000000000, 1.000000000000000000 ) ) ;
#4139 = VERTEX_POINT ( 'NONE', #1822 ) ;
#4140 = EDGE_CURVE ( 'NONE', #3600, #1518, #1507, .T. ) ;
#4141 = CARTESIAN_POINT ( 'NONE',  ( 9.000000000000001776, -43.22269074732326999, -1.249999999999980682 ) ) ;
#4142 = ORIENTED_EDGE ( 'NONE', *, *, #2655, .T. ) ;
#4143 = EDGE_LOOP ( 'NONE', ( #652, #3628, #3143, #1572 ) ) ;
#4144 = ADVANCED_FACE ( 'NONE', ( #3941 ), #132, .F. ) ;
#4145 = EDGE_CURVE ( 'NONE', #2368, #3971, #2796, .T. ) ;
#4146 = CYLINDRICAL_SURFACE ( 'NONE', #1456, 1.900000000000012790 ) ;
#4147 = CARTESIAN_POINT ( 'NONE',  ( 9.750000000000078160, 23.35000000000005116, -2.250000000000001332 ) ) ;
#4148 = DIRECTION ( 'NONE',  ( 0.000000000000000000, 0.000000000000000000, 1.000000000000000000 ) ) ;
#4149 = PLANE ( 'NONE',  #543 ) ;
#4150 = LINE ( 'NONE', #407, #1445 ) ;
#4151 = ORIENTED_EDGE ( 'NONE', *, *, #2479, .F. ) ;
#4152 = ORIENTED_EDGE ( 'NONE', *, *, #1795, .F. ) ;
#4153 = CARTESIAN_POINT ( 'NONE',  ( 22.50000000000000000, 16.84999999999999787, 5.250000000000000000 ) ) ;
#4154 = DIRECTION ( 'NONE',  ( -0.000000000000000000, 0.000000000000000000, -1.000000000000000000 ) ) ;
#4155 = ORIENTED_EDGE ( 'NONE', *, *, #2840, .F. ) ;
#4156 = DIRECTION ( 'NONE',  ( 1.000000000000000000, 0.000000000000000000, 0.000000000000000000 ) ) ;
#4157 = DIRECTION ( 'NONE',  ( -0.000000000000000000, -0.000000000000000000, -1.000000000000000000 ) ) ;
#4158 = VERTEX_POINT ( 'NONE', #3560 ) ;
#4159 = ORIENTED_EDGE ( 'NONE', *, *, #199, .T. ) ;
#4160 = DIRECTION ( 'NONE',  ( 1.000000000000000000, 0.000000000000000000, 0.000000000000000000 ) ) ;
#4161 = DIRECTION ( 'NONE',  ( -1.000000000000000000, 0.000000000000000000, 0.000000000000000000 ) ) ;
#4162 = EDGE_CURVE ( 'NONE', #1197, #4211, #871, .T. ) ;
#4163 = PLANE ( 'NONE',  #622 ) ;
#4164 = CARTESIAN_POINT ( 'NONE',  ( -8.000033020065936640, 23.35000000000005116, -0.7500000000000002220 ) ) ;
#4165 = EDGE_CURVE ( 'NONE', #3273, #4278, #2559, .T. ) ;
#4166 = ADVANCED_FACE ( 'NONE', ( #1568 ), #1287, .F. ) ;
#4167 = VERTEX_POINT ( 'NONE', #2262 ) ;
#4168 = VECTOR ( 'NONE', #3160, 1000.000000000000000 ) ;
#4169 = ORIENTED_EDGE ( 'NONE', *, *, #3534, .F. ) ;
#4170 = CARTESIAN_POINT ( 'NONE',  ( -29.62125603251205774, -0.2413335026669556349, -3.750000000000000888 ) ) ;
#4171 = AXIS2_PLACEMENT_3D ( 'NONE', #986, #2974, #3653 ) ;
#4172 = AXIS2_PLACEMENT_3D ( 'NONE', #1332, #2695, #4050 ) ;
#4173 = DIRECTION ( 'NONE',  ( -1.000000000000000000, 0.000000000000000000, 0.000000000000000000 ) ) ;
#4174 = DIRECTION ( 'NONE',  ( 0.000000000000000000, 0.000000000000000000, -1.000000000000000000 ) ) ;
#4175 = ORIENTED_EDGE ( 'NONE', *, *, #3176, .F. ) ;
#4176 = DIRECTION ( 'NONE',  ( -1.000000000000000000, 0.000000000000000000, 0.000000000000000000 ) ) ;
#4177 = CIRCLE ( 'NONE', #2969, 1.900000000000012790 ) ;
#4178 = CARTESIAN_POINT ( 'NONE',  ( 16.00000000000000000, 16.84999999999999787, -3.750000000000000888 ) ) ;
#4179 = EDGE_LOOP ( 'NONE', ( #3522, #4 ) ) ;
#4180 = AXIS2_PLACEMENT_3D ( 'NONE', #4346, #2637, #1070 ) ;
#4181 = ORIENTED_EDGE ( 'NONE', *, *, #725, .T. ) ;
#4182 = AXIS2_PLACEMENT_3D ( 'NONE', #902, #1856, #1567 ) ;
#4183 = DIRECTION ( 'NONE',  ( -1.000000000000000000, 0.000000000000000000, 0.000000000000000000 ) ) ;
#4184 = CARTESIAN_POINT ( 'NONE',  ( 5.472288242955558601, 31.24406644123206789, 5.250000000000000000 ) ) ;
#4185 = VECTOR ( 'NONE', #4424, 1000.000000000000114 ) ;
#4186 = EDGE_CURVE ( 'NONE', #230, #2492, #3688, .T. ) ;
#4187 = AXIS2_PLACEMENT_3D ( 'NONE', #2701, #4434, #4098 ) ;
#4188 = CARTESIAN_POINT ( 'NONE',  ( -22.50000000000000000, 21.25010530891830030, 5.250000000000000000 ) ) ;
#4189 = DIRECTION ( 'NONE',  ( 2.312964634635743450E-16, -1.000000000000000000, 0.000000000000000000 ) ) ;
#4190 = ORIENTED_EDGE ( 'NONE', *, *, #3400, .T. ) ;
#4191 = ORIENTED_EDGE ( 'NONE', *, *, #1969, .T. ) ;
#4192 = ADVANCED_FACE ( 'NONE', ( #3662 ), #3958, .F. ) ;
#4193 = ADVANCED_FACE ( 'NONE', ( #3621 ), #262, .F. ) ;
#4194 = DIRECTION ( 'NONE',  ( -0.000000000000000000, -0.000000000000000000, -1.000000000000000000 ) ) ;
#4195 = AXIS2_PLACEMENT_3D ( 'NONE', #67, #1779, #82 ) ;
#4196 = LINE ( 'NONE', #2502, #2410 ) ;
#4197 = ORIENTED_EDGE ( 'NONE', *, *, #3894, .T. ) ;
#4198 = VECTOR ( 'NONE', #398, 1000.000000000000000 ) ;
#4199 = CARTESIAN_POINT ( 'NONE',  ( -37.80531982830802207, -6.427876096865348998, -5.250000000000000000 ) ) ;
#4200 = CARTESIAN_POINT ( 'NONE',  ( -13.97424434848894492, 24.17500381000705190, -3.750000000000000888 ) ) ;
#4201 = ORIENTED_EDGE ( 'NONE', *, *, #2927, .T. ) ;
#4202 = ORIENTED_EDGE ( 'NONE', *, *, #2453, .T. ) ;
#4203 = CARTESIAN_POINT ( 'NONE',  ( -18.00000000000000000, -5.150057150114454529, -1.750000000000000222 ) ) ;
#4204 = DIRECTION ( 'NONE',  ( 0.000000000000000000, 0.000000000000000000, 1.000000000000000000 ) ) ;
#4205 = DIRECTION ( 'NONE',  ( -1.000000000000000000, 0.000000000000000000, 0.000000000000000000 ) ) ;
#4206 = LINE ( 'NONE', #1844, #1580 ) ;
#4207 = DIRECTION ( 'NONE',  ( -1.000000000000000000, 0.000000000000000000, 0.000000000000000000 ) ) ;
#4208 = FACE_OUTER_BOUND ( 'NONE', #3517, .T. ) ;
#4209 = VERTEX_POINT ( 'NONE', #554 ) ;
#4210 = ADVANCED_FACE ( 'NONE', ( #3935, #1900 ), #190, .T. ) ;
#4211 = VERTEX_POINT ( 'NONE', #2605 ) ;
#4212 = CARTESIAN_POINT ( 'NONE',  ( -30.14487539711820929, 0.000000000000000000, 5.250000000000000000 ) ) ;
#4213 = CARTESIAN_POINT ( 'NONE',  ( -3.700943537748781154, 36.93622992927154058, 5.250000000000000000 ) ) ;
#4214 = DIRECTION ( 'NONE',  ( -0.000000000000000000, -0.000000000000000000, -1.000000000000000000 ) ) ;
#4215 = EDGE_CURVE ( 'NONE', #1110, #2768, #235, .T. ) ;
#4216 = EDGE_CURVE ( 'NONE', #1839, #3437, #3984, .T. ) ;
#4217 = VERTEX_POINT ( 'NONE', #2963 ) ;
#4218 = DIRECTION ( 'NONE',  ( -1.000000000000000000, 0.000000000000000000, 0.000000000000000000 ) ) ;
#4219 = DIRECTION ( 'NONE',  ( -1.000000000000000000, 0.000000000000000000, 0.000000000000000000 ) ) ;
#4220 = CARTESIAN_POINT ( 'NONE',  ( 10.49999999999999467, -57.72269074732326288, 5.250000000000000000 ) ) ;
#4221 = ORIENTED_EDGE ( 'NONE', *, *, #616, .T. ) ;
#4222 = EDGE_CURVE ( 'NONE', #1728, #4122, #2307, .T. ) ;
#4223 = ORIENTED_EDGE ( 'NONE', *, *, #1373, .T. ) ;
#4224 = FACE_BOUND ( 'NONE', #3541, .T. ) ;
#4225 = CYLINDRICAL_SURFACE ( 'NONE', #3051, 3.000000000000012879 ) ;
#4226 = FACE_OUTER_BOUND ( 'NONE', #3865, .T. ) ;
#4227 = DIRECTION ( 'NONE',  ( 3.083923978207811463E-16, -1.000000000000000000, 0.000000000000000000 ) ) ;
#4228 = CARTESIAN_POINT ( 'NONE',  ( -13.00000000000000178, -43.22269074732326999, -0.7499999999999997780 ) ) ;
#4229 = CARTESIAN_POINT ( 'NONE',  ( 22.61112256587701097, 10.89999999999999680, 5.250000000000000000 ) ) ;
#4230 = ORIENTED_EDGE ( 'NONE', *, *, #3203, .F. ) ;
#4231 = ORIENTED_EDGE ( 'NONE', *, *, #441, .F. ) ;
#4232 = DIRECTION ( 'NONE',  ( -0.000000000000000000, -0.000000000000000000, -1.000000000000000000 ) ) ;
#4233 = DIRECTION ( 'NONE',  ( -1.000000000000000000, 0.000000000000000000, 0.000000000000000000 ) ) ;
#4234 = ORIENTED_EDGE ( 'NONE', *, *, #2319, .F. ) ;
#4235 = EDGE_LOOP ( 'NONE', ( #4303, #3762, #3874, #2860 ) ) ;
#4236 = AXIS2_PLACEMENT_3D ( 'NONE', #2142, #3524, #2848 ) ;
#4237 = DIRECTION ( 'NONE',  ( 1.000000000000000000, 2.312964634635742957E-16, -0.000000000000000000 ) ) ;
#4238 = EDGE_CURVE ( 'NONE', #100, #4259, #1019, .T. ) ;
#4239 = DIRECTION ( 'NONE',  ( -1.000000000000000000, -2.602085213965208275E-15, 0.000000000000000000 ) ) ;
#4240 = FACE_OUTER_BOUND ( 'NONE', #4253, .T. ) ;
#4241 = ORIENTED_EDGE ( 'NONE', *, *, #4295, .F. ) ;
#4242 = VECTOR ( 'NONE', #54, 1000.000000000000000 ) ;
#4243 = EDGE_CURVE ( 'NONE', #1424, #2022, #1882, .T. ) ;
#4244 = DIRECTION ( 'NONE',  ( -1.000000000000000000, 0.000000000000000000, 0.000000000000000000 ) ) ;
#4245 = EDGE_CURVE ( 'NONE', #3668, #3418, #3456, .T. ) ;
#4246 = VECTOR ( 'NONE', #429, 1000.000000000000000 ) ;
#4247 = DIRECTION ( 'NONE',  ( -2.312964634635742957E-16, -1.000000000000000000, 0.000000000000000000 ) ) ;
#4248 = VECTOR ( 'NONE', #1363, 1000.000000000000000 ) ;
#4249 = CARTESIAN_POINT ( 'NONE',  ( -13.99999999999999822, -5.150057150114453641, -3.750000000000000444 ) ) ;
#4250 = FACE_OUTER_BOUND ( 'NONE', #3622, .T. ) ;
#4251 = DIRECTION ( 'NONE',  ( -1.000000000000000000, 0.000000000000000000, 0.000000000000000000 ) ) ;
#4252 = DIRECTION ( 'NONE',  ( -0.000000000000000000, -0.000000000000000000, -1.000000000000000000 ) ) ;
#4253 = EDGE_LOOP ( 'NONE', ( #3508, #1461, #4386, #3887 ) ) ;
#4254 = AXIS2_PLACEMENT_3D ( 'NONE', #3430, #2110, #4183 ) ;
#4255 = ORIENTED_EDGE ( 'NONE', *, *, #4301, .F. ) ;
#4256 = CARTESIAN_POINT ( 'NONE',  ( 5.000000000000051514, 23.35000000000005116, -5.250000000000000000 ) ) ;
#4257 = CARTESIAN_POINT ( 'NONE',  ( 25.47125603251206627, -0.2413335026669556349, -5.250000000000000000 ) ) ;
#4258 = ORIENTED_EDGE ( 'NONE', *, *, #1907, .T. ) ;
#4259 = VERTEX_POINT ( 'NONE', #907 ) ;
#4260 = LINE ( 'NONE', #3300, #2087 ) ;
#4261 = CIRCLE ( 'NONE', #405, 4.000000000000000000 ) ;
#4262 = CARTESIAN_POINT ( 'NONE',  ( -13.50000000000000000, -37.57854325797755024, -2.915885591079892425 ) ) ;
#4263 = FACE_BOUND ( 'NONE', #3278, .T. ) ;
#4264 = CARTESIAN_POINT ( 'NONE',  ( 14.02081026162005628, 24.17500381000705190, 5.250000000000000000 ) ) ;
#4265 = VERTEX_POINT ( 'NONE', #2987 ) ;
#4266 = VECTOR ( 'NONE', #2143, 1000.000000000000000 ) ;
#4267 = DIRECTION ( 'NONE',  ( 1.000000000000000000, 0.000000000000000000, -0.000000000000000000 ) ) ;
#4268 = AXIS2_PLACEMENT_3D ( 'NONE', #751, #2398, #711 ) ;
#4269 = CARTESIAN_POINT ( 'NONE',  ( -30.95842445486375638, -9.142654862272840077, 5.250000000000000000 ) ) ;
#4270 = ORIENTED_EDGE ( 'NONE', *, *, #2047, .F. ) ;
#4271 = EDGE_CURVE ( 'NONE', #3908, #2282, #527, .T. ) ;
#4272 = ADVANCED_FACE ( 'NONE', ( #2893 ), #575, .T. ) ;
#4273 = CARTESIAN_POINT ( 'NONE',  ( 27.69625603251205703, -0.2413335026669556349, -5.250000000000000000 ) ) ;
#4274 = DIRECTION ( 'NONE',  ( -2.312964634635742957E-16, -1.000000000000000000, 0.000000000000000000 ) ) ;
#4275 = CARTESIAN_POINT ( 'NONE',  ( -19.89055460398849107, -27.00000000000000355, -5.250000000000000000 ) ) ;
#4276 = CARTESIAN_POINT ( 'NONE',  ( -8.000033020065936640, 23.35000000000005116, -1.249999999999981570 ) ) ;
#4277 = ORIENTED_EDGE ( 'NONE', *, *, #1346, .T. ) ;
#4278 = VERTEX_POINT ( 'NONE', #1619 ) ;
#4279 = DIRECTION ( 'NONE',  ( -0.000000000000000000, -0.000000000000000000, -1.000000000000000000 ) ) ;
#4280 = CARTESIAN_POINT ( 'NONE',  ( -30.14487539711820929, 0.000000000000000000, -3.750000000000000888 ) ) ;
#4281 = ORIENTED_EDGE ( 'NONE', *, *, #1555, .F. ) ;
#4282 = VERTEX_POINT ( 'NONE', #4359 ) ;
#4283 = CARTESIAN_POINT ( 'NONE',  ( 36.47311794013815955, 6.906064884026059225, 5.250000000000000000 ) ) ;
#4284 = CARTESIAN_POINT ( 'NONE',  ( -9.999999999999987566, -43.22269074732326999, -5.250000000000000000 ) ) ;
#4285 = LINE ( 'NONE', #3574, #3342 ) ;
#4286 = CARTESIAN_POINT ( 'NONE',  ( 30.14487539711820929, 8.499999999999998224, 5.250000000000000000 ) ) ;
#4287 = VERTEX_POINT ( 'NONE', #950 ) ;
#4288 = LINE ( 'NONE', #1841, #3397 ) ;
#4289 = LINE ( 'NONE', #560, #3837 ) ;
#4290 = ORIENTED_EDGE ( 'NONE', *, *, #3457, .T. ) ;
#4291 = CARTESIAN_POINT ( 'NONE',  ( 27.69625603251205703, -0.2413335026669556349, 4.750000000000000000 ) ) ;
#4292 = LINE ( 'NONE', #3269, #3742 ) ;
#4293 = DIRECTION ( 'NONE',  ( 0.000000000000000000, 0.000000000000000000, 1.000000000000000000 ) ) ;
#4294 = CARTESIAN_POINT ( 'NONE',  ( 9.750000000000078160, 23.35000000000005116, -0.7499999999999997780 ) ) ;
#4295 = EDGE_CURVE ( 'NONE', #1635, #1999, #2512, .T. ) ;
#4296 = ORIENTED_EDGE ( 'NONE', *, *, #2900, .T. ) ;
#4297 = CIRCLE ( 'NONE', #226, 8.499999999999959144 ) ;
#4298 = ORIENTED_EDGE ( 'NONE', *, *, #496, .T. ) ;
#4299 = DIRECTION ( 'NONE',  ( 0.000000000000000000, 1.000000000000000000, 0.000000000000000000 ) ) ;
#4300 = ADVANCED_FACE ( 'NONE', ( #3798 ), #4052, .F. ) ;
#4301 = EDGE_CURVE ( 'NONE', #1248, #2882, #1155, .T. ) ;
#4302 = CARTESIAN_POINT ( 'NONE',  ( -11.24999999999998934, -43.22269074732326999, -5.250000000000000000 ) ) ;
#4303 = ORIENTED_EDGE ( 'NONE', *, *, #3145, .F. ) ;
#4304 = ORIENTED_EDGE ( 'NONE', *, *, #2460, .T. ) ;
#4305 = DIRECTION ( 'NONE',  ( 0.000000000000000000, 0.000000000000000000, -1.000000000000000000 ) ) ;
#4306 = DIRECTION ( 'NONE',  ( -1.000000000000000000, 0.000000000000000000, 0.000000000000000000 ) ) ;
#4307 = CARTESIAN_POINT ( 'NONE',  ( 37.80531982830802207, -6.427876096865348998, 5.250000000000000000 ) ) ;
#4308 = ORIENTED_EDGE ( 'NONE', *, *, #2788, .T. ) ;
#4309 = CIRCLE ( 'NONE', #1383, 1.924999999999999600 ) ;
#4310 = AXIS2_PLACEMENT_3D ( 'NONE', #690, #2673, #3712 ) ;
#4311 = CARTESIAN_POINT ( 'NONE',  ( -32.61668721559231443, -9.500000000000000000, 5.250000000000000000 ) ) ;
#4312 = DIRECTION ( 'NONE',  ( -1.000000000000000000, 0.000000000000000000, 0.000000000000000000 ) ) ;
#4313 = VERTEX_POINT ( 'NONE', #2399 ) ;
#4314 = AXIS2_PLACEMENT_3D ( 'NONE', #1824, #1868, #3944 ) ;
#4315 = VECTOR ( 'NONE', #4430, 1000.000000000000000 ) ;
#4316 = EDGE_LOOP ( 'NONE', ( #3428, #2699, #2015, #3306, #4133, #319 ) ) ;
#4317 = DIRECTION ( 'NONE',  ( -0.000000000000000000, -0.000000000000000000, -1.000000000000000000 ) ) ;
#4318 = CONICAL_SURFACE ( 'NONE', #4046, 1.924999999999999600, 0.7853981633974645993 ) ;
#4319 = CARTESIAN_POINT ( 'NONE',  ( 5.472288242955556825, 34.24406644123207144, 5.250000000000000000 ) ) ;
#4320 = LINE ( 'NONE', #3996, #465 ) ;
#4321 = CARTESIAN_POINT ( 'NONE',  ( 25.55051025721682123, 11.49999999999999822, 5.250000000000000000 ) ) ;
#4322 = VECTOR ( 'NONE', #2337, 1000.000000000000000 ) ;
#4323 = AXIS2_PLACEMENT_3D ( 'NONE', #4416, #584, #2683 ) ;
#4324 = ORIENTED_EDGE ( 'NONE', *, *, #284, .F. ) ;
#4325 = EDGE_CURVE ( 'NONE', #691, #2526, #3779, .T. ) ;
#4326 = FACE_OUTER_BOUND ( 'NONE', #4058, .T. ) ;
#4327 = CARTESIAN_POINT ( 'NONE',  ( 8.000000000000000000, 37.74406644123207144, 5.250000000000000000 ) ) ;
#4328 = ORIENTED_EDGE ( 'NONE', *, *, #2433, .T. ) ;
#4329 = AXIS2_PLACEMENT_3D ( 'NONE', #2179, #3561, #493 ) ;
#4330 = ORIENTED_EDGE ( 'NONE', *, *, #2484, .T. ) ;
#4331 = ADVANCED_FACE ( 'NONE', ( #14 ), #1400, .F. ) ;
#4332 = EDGE_CURVE ( 'NONE', #919, #1415, #2801, .T. ) ;
#4333 = CARTESIAN_POINT ( 'NONE',  ( -14.99999999999999645, -59.22269074732326999, 5.250000000000000000 ) ) ;
#4334 = VECTOR ( 'NONE', #3821, 1000.000000000000000 ) ;
#4335 = DIRECTION ( 'NONE',  ( -0.000000000000000000, -0.000000000000000000, -1.000000000000000000 ) ) ;
#4336 = DIRECTION ( 'NONE',  ( -1.000000000000000000, 0.000000000000000000, 0.000000000000000000 ) ) ;
#4337 = ORIENTED_EDGE ( 'NONE', *, *, #2988, .T. ) ;
#4338 = CIRCLE ( 'NONE', #264, 5.500000000000001776 ) ;
#4339 = LINE ( 'NONE', #4411, #2384 ) ;
#4340 = DIRECTION ( 'NONE',  ( -0.000000000000000000, -0.000000000000000000, -1.000000000000000000 ) ) ;
#4341 = EDGE_LOOP ( 'NONE', ( #1782, #592, #3082, #1644 ) ) ;
#4342 = CIRCLE ( 'NONE', #980, 1.750000000000012879 ) ;
#4343 = ORIENTED_EDGE ( 'NONE', *, *, #80, .F. ) ;
#4344 = VECTOR ( 'NONE', #2646, 1000.000000000000000 ) ;
#4345 = DIRECTION ( 'NONE',  ( 0.000000000000000000, 0.000000000000000000, 1.000000000000000000 ) ) ;
#4346 = CARTESIAN_POINT ( 'NONE',  ( -18.00000000000000000, -5.150057150114454529, -5.250000000000000000 ) ) ;
#4347 = DIRECTION ( 'NONE',  ( 0.6427876096865349220, -0.7660444431189816772, 0.000000000000000000 ) ) ;
#4348 = DIRECTION ( 'NONE',  ( 0.000000000000000000, 0.000000000000000000, 1.000000000000000000 ) ) ;
#4349 = CIRCLE ( 'NONE', #3558, 2.000000000000000000 ) ;
#4350 = EDGE_LOOP ( 'NONE', ( #4065, #2704, #250, #3863 ) ) ;
#4351 = VERTEX_POINT ( 'NONE', #730 ) ;
#4352 = LINE ( 'NONE', #1281, #531 ) ;
#4353 = ORIENTED_EDGE ( 'NONE', *, *, #1069, .F. ) ;
#4354 = ORIENTED_EDGE ( 'NONE', *, *, #1701, .T. ) ;
#4355 = PRODUCT_DEFINITION_CONTEXT ( 'detailed design', #1347, 'design' ) ;
#4356 = CARTESIAN_POINT ( 'NONE',  ( 26.00000000000000000, 9.999999999999998224, -5.250000000000000000 ) ) ;
#4357 = DIRECTION ( 'NONE',  ( -1.000000000000000000, 0.000000000000000000, 0.000000000000000000 ) ) ;
#4358 = EDGE_CURVE ( 'NONE', #1007, #1119, #1341, .T. ) ;
#4359 = CARTESIAN_POINT ( 'NONE',  ( 12.00000000000006573, 23.35000000000005116, -0.7500000000000002220 ) ) ;
#4360 = ORIENTED_EDGE ( 'NONE', *, *, #1051, .T. ) ;
#4361 = LINE ( 'NONE', #649, #813 ) ;
#4362 = CARTESIAN_POINT ( 'NONE',  ( -8.000033020065936640, 23.35000000000005116, -0.7499999999999997780 ) ) ;
#4363 = ADVANCED_FACE ( 'NONE', ( #4076 ), #332, .T. ) ;
#4364 = EDGE_LOOP ( 'NONE', ( #806, #4330, #419, #1849, #3635, #42 ) ) ;
#4365 = ADVANCED_FACE ( 'NONE', ( #4095 ), #2355, .T. ) ;
#4366 = ORIENTED_EDGE ( 'NONE', *, *, #3947, .F. ) ;
#4367 = FACE_BOUND ( 'NONE', #3795, .T. ) ;
#4368 = CARTESIAN_POINT ( 'NONE',  ( -12.06093833310278107, 24.77545215609757534, -1.552000504329727582 ) ) ;
#4369 = CARTESIAN_POINT ( 'NONE',  ( -18.40186894737724543, -24.50000000000000000, -3.750000000000000000 ) ) ;
#4370 = ORIENTED_EDGE ( 'NONE', *, *, #308, .F. ) ;
#4371 = AXIS2_PLACEMENT_3D ( 'NONE', #433, #3573, #483 ) ;
#4372 = PRODUCT_DEFINITION_SHAPE ( 'NONE', 'NONE',  #301 ) ;
#4373 = ORIENTED_EDGE ( 'NONE', *, *, #665, .F. ) ;
#4374 = DIRECTION ( 'NONE',  ( -0.000000000000000000, -0.000000000000000000, -1.000000000000000000 ) ) ;
#4375 = DIRECTION ( 'NONE',  ( -0.7372773368101210867, 0.6755902076156634628, -0.000000000000000000 ) ) ;
#4376 = ORIENTED_EDGE ( 'NONE', *, *, #279, .T. ) ;
#4377 = ORIENTED_EDGE ( 'NONE', *, *, #2952, .F. ) ;
#4378 = DIRECTION ( 'NONE',  ( -0.000000000000000000, -0.000000000000000000, -1.000000000000000000 ) ) ;
#4379 = CARTESIAN_POINT ( 'NONE',  ( -8.000000000000000000, 37.74406644123207144, -5.250000000000000000 ) ) ;
#4380 = FACE_BOUND ( 'NONE', #779, .T. ) ;
#4381 = ORIENTED_EDGE ( 'NONE', *, *, #1069, .T. ) ;
#4382 = ADVANCED_FACE ( 'NONE', ( #3442 ), #33, .T. ) ;
#4383 = AXIS2_PLACEMENT_3D ( 'NONE', #2553, #3928, #851 ) ;
#4384 = CARTESIAN_POINT ( 'NONE',  ( 13.00000000000000178, -43.22269074732326999, -0.7500000000000002220 ) ) ;
#4385 = DIRECTION ( 'NONE',  ( 1.000000000000000000, 0.000000000000000000, 0.000000000000000000 ) ) ;
#4386 = ORIENTED_EDGE ( 'NONE', *, *, #778, .T. ) ;
#4387 = ORIENTED_EDGE ( 'NONE', *, *, #2402, .F. ) ;
#4388 = AXIS2_PLACEMENT_3D ( 'NONE', #974, #3095, #2760 ) ;
#4389 = ADVANCED_FACE ( 'NONE', ( #3730, #1376, #283, #3057, #1639, #4432, #4380, #2334, #2738, #373, #1015 ), #2375, .T. ) ;
#4390 = EDGE_CURVE ( 'NONE', #3114, #2207, #1025, .T. ) ;
#4391 = CARTESIAN_POINT ( 'NONE',  ( 12.02081026161962285, 24.03323916575117636, -1.326082140882238747 ) ) ;
#4392 = CARTESIAN_POINT ( 'NONE',  ( -28.00000000000000000, 11.99999999999999822, -3.750000000000000888 ) ) ;
#4393 = CIRCLE ( 'NONE', #3023, 10.00000000000000000 ) ;
#4394 = AXIS2_PLACEMENT_3D ( 'NONE', #645, #1991, #996 ) ;
#4395 = DIRECTION ( 'NONE',  ( 0.000000000000000000, 0.000000000000000000, 1.000000000000000000 ) ) ;
#4396 = VERTEX_POINT ( 'NONE', #1711 ) ;
#4397 = CIRCLE ( 'NONE', #4112, 2.000000000000000000 ) ;
#4398 = CARTESIAN_POINT ( 'NONE',  ( -13.33679740193737295, 22.26714450062807771, -2.695277102564093141 ) ) ;
#4399 = DIRECTION ( 'NONE',  ( 3.083923978207811463E-16, 1.000000000000000000, 0.000000000000000000 ) ) ;
#4400 = VECTOR ( 'NONE', #3719, 1000.000000000000000 ) ;
#4401 = ORIENTED_EDGE ( 'NONE', *, *, #1879, .F. ) ;
#4402 = ORIENTED_EDGE ( 'NONE', *, *, #2633, .F. ) ;
#4403 = AXIS2_PLACEMENT_3D ( 'NONE', #3132, #2431, #2790 ) ;
#4404 = VECTOR ( 'NONE', #162, 1000.000000000000000 ) ;
#4405 = DIRECTION ( 'NONE',  ( 0.000000000000000000, 0.000000000000000000, 1.000000000000000000 ) ) ;
#4406 = LINE ( 'NONE', #3778, #770 ) ;
#4407 = DIRECTION ( 'NONE',  ( 1.000000000000000000, 0.000000000000000000, 0.000000000000000000 ) ) ;
#4408 = VERTEX_POINT ( 'NONE', #4115 ) ;
#4409 = AXIS2_PLACEMENT_3D ( 'NONE', #383, #2069, #1031 ) ;
#4410 = AXIS2_PLACEMENT_3D ( 'NONE', #3792, #2476, #3851 ) ;
#4411 = CARTESIAN_POINT ( 'NONE',  ( 32.44481455280286042, -8.182926119680185906, 5.250000000000000000 ) ) ;
#4412 = CARTESIAN_POINT ( 'NONE',  ( 10.49999999999999467, -54.72269074732326288, 5.250000000000000000 ) ) ;
#4413 = ORIENTED_EDGE ( 'NONE', *, *, #464, .T. ) ;
#4414 = EDGE_CURVE ( 'NONE', #3372, #4428, #1727, .T. ) ;
#4415 = EDGE_LOOP ( 'NONE', ( #2850, #1682 ) ) ;
#4416 = CARTESIAN_POINT ( 'NONE',  ( 30.14487539711820929, 2.220446049250313081E-13, -3.750000000000000444 ) ) ;
#4417 = LINE ( 'NONE', #961, #544 ) ;
#4418 = VECTOR ( 'NONE', #3938, 1000.000000000000114 ) ;
#4419 = LINE ( 'NONE', #2318, #3413 ) ;
#4420 = EDGE_CURVE ( 'NONE', #2135, #576, #1834, .T. ) ;
#4421 = EDGE_CURVE ( 'NONE', #1814, #3265, #2138, .T. ) ;
#4422 = ORIENTED_EDGE ( 'NONE', *, *, #2127, .F. ) ;
#4423 = VECTOR ( 'NONE', #2782, 1000.000000000000000 ) ;
#4424 = DIRECTION ( 'NONE',  ( -0.7071067811865455743, 0.000000000000000000, -0.7071067811865493491 ) ) ;
#4425 = CARTESIAN_POINT ( 'NONE',  ( 10.49999999999999467, -57.72269074732326288, -3.750000000000000444 ) ) ;
#4426 = PRESENTATION_LAYER_ASSIGNMENT (  '', '', ( #2336 ) ) ;
#4427 = EDGE_CURVE ( 'NONE', #4259, #100, #517, .T. ) ;
#4428 = VERTEX_POINT ( 'NONE', #1809 ) ;
#4429 = VERTEX_POINT ( 'NONE', #3183 ) ;
#4430 = DIRECTION ( 'NONE',  ( 0.000000000000000000, -0.000000000000000000, -1.000000000000000000 ) ) ;
#4431 = CARTESIAN_POINT ( 'NONE',  ( -14.40125395459100233, 22.22111978164288715, -3.750000000000000444 ) ) ;
#4432 = FACE_BOUND ( 'NONE', #4179, .T. ) ;
#4433 = ORIENTED_EDGE ( 'NONE', *, *, #1099, .T. ) ;
#4434 = DIRECTION ( 'NONE',  ( -0.000000000000000000, -0.000000000000000000, -1.000000000000000000 ) ) ;
#4435 = LINE ( 'NONE', #3102, #4198 ) ;
#4436 = ORIENTED_EDGE ( 'NONE', *, *, #3807, .T. ) ;
#4437 = ORIENTED_EDGE ( 'NONE', *, *, #4215, .T. ) ;
ENDSEC;
END-ISO-10303-21;
