ISO-10303-21;
HEADER;
FILE_DESCRIPTION (( 'STEP AP214' ),
    '1' );
FILE_NAME ('LQ26-05HGI-01-007.STEP',
    '2026-05-07T08:55:12',
    ( '' ),
    ( '' ),
    'SwSTEP 2.0',
    'SolidWorks 2025',
    '' );
FILE_SCHEMA (( 'AUTOMOTIVE_DESIGN' ));
ENDSEC;

DATA;
#1 = PLANE ( 'NONE',  #483 ) ;
#2 = LINE ( 'NONE', #1057, #2269 ) ;
#3 = CARTESIAN_POINT ( 'NONE',  ( -24.99999999999999289, -4.716122648722665289, 1.063737763004971804 ) ) ;
#4 = ORIENTED_EDGE ( 'NONE', *, *, #1613, .F. ) ;
#5 = EDGE_CURVE ( 'NONE', #623, #2211, #4147, .T. ) ;
#6 = LINE ( 'NONE', #2560, #3668 ) ;
#7 = CARTESIAN_POINT ( 'NONE',  ( -24.96029254838316191, -6.399011579481819645, 3.523717249964605447 ) ) ;
#8 = VERTEX_POINT ( 'NONE', #1229 ) ;
#9 = ORIENTED_EDGE ( 'NONE', *, *, #3862, .F. ) ;
#10 = EDGE_CURVE ( 'NONE', #2448, #3169, #1828, .T. ) ;
#11 = CIRCLE ( 'NONE', #1632, 1.499999999999997780 ) ;
#12 = EDGE_CURVE ( 'NONE', #220, #2035, #3141, .T. ) ;
#13 = DIRECTION ( 'NONE',  ( 0.9993908270190953180, 0.03489949670251165509, -0.000000000000000000 ) ) ;
#14 = DIRECTION ( 'NONE',  ( -0.03489949670251181468, 0.9993908270190953180, 0.000000000000000000 ) ) ;
#15 = ORIENTED_EDGE ( 'NONE', *, *, #3629, .F. ) ;
#16 = ORIENTED_EDGE ( 'NONE', *, *, #2306, .F. ) ;
#17 = CARTESIAN_POINT ( 'NONE',  ( 4.517160185136443573, -89.00000000000000000, 5.410411008545319866 ) ) ;
#18 = FACE_OUTER_BOUND ( 'NONE', #946, .T. ) ;
#19 = ORIENTED_EDGE ( 'NONE', *, *, #313, .T. ) ;
#20 = DIRECTION ( 'NONE',  ( -1.000000000000000000, -4.625929269271485914E-16, 0.000000000000000000 ) ) ;
#21 = DIRECTION ( 'NONE',  ( 0.03489949670251163427, -0.9993908270190953180, -0.000000000000000000 ) ) ;
#22 = LINE ( 'NONE', #2982, #850 ) ;
#23 = VECTOR ( 'NONE', #188, 999.9999999999998863 ) ;
#24 = DIRECTION ( 'NONE',  ( 0.9993908270190953180, 0.03489949670251165509, -0.000000000000000000 ) ) ;
#25 = ORIENTED_EDGE ( 'NONE', *, *, #2009, .F. ) ;
#26 = EDGE_LOOP ( 'NONE', ( #1694, #426, #4, #4110, #1698 ) ) ;
#27 = DIRECTION ( 'NONE',  ( 0.000000000000000000, 0.000000000000000000, -1.000000000000000000 ) ) ;
#28 = AXIS2_PLACEMENT_3D ( 'NONE', #2836, #876, #2817 ) ;
#29 = CARTESIAN_POINT ( 'NONE',  ( -20.93100716057370647, -86.02044650231292167, 10.01729749794593971 ) ) ;
#30 = EDGE_CURVE ( 'NONE', #1178, #2937, #2649, .T. ) ;
#31 = ADVANCED_FACE ( 'NONE', ( #1165 ), #3393, .F. ) ;
#32 = ORIENTED_EDGE ( 'NONE', *, *, #3041, .T. ) ;
#33 = AXIS2_PLACEMENT_3D ( 'NONE', #507, #2789, #3757 ) ;
#34 = CARTESIAN_POINT ( 'NONE',  ( -16.03168820212615131, -88.68720109677114749, 12.48907682160307608 ) ) ;
#35 = DIRECTION ( 'NONE',  ( 0.000000000000000000, 0.000000000000000000, 1.000000000000000000 ) ) ;
#36 = DIRECTION ( 'NONE',  ( 0.000000000000000000, -0.000000000000000000, -1.000000000000000000 ) ) ;
#37 = EDGE_LOOP ( 'NONE', ( #2366, #522, #3190, #1737 ) ) ;
#38 = DIRECTION ( 'NONE',  ( 0.000000000000000000, 0.000000000000000000, -1.000000000000000000 ) ) ;
#39 = VECTOR ( 'NONE', #3665, 1000.000000000000000 ) ;
#40 = DIRECTION ( 'NONE',  ( -0.03489949670251230734, 0.9993908270190954291, 0.000000000000000000 ) ) ;
#41 = AXIS2_PLACEMENT_3D ( 'NONE', #864, #3228, #4114 ) ;
#42 = CARTESIAN_POINT ( 'NONE',  ( -9.758743944412000104, -27.43748813466045533, 6.848056308771615086 ) ) ;
#43 = AXIS2_PLACEMENT_3D ( 'NONE', #3365, #2013, #3020 ) ;
#44 = CARTESIAN_POINT ( 'NONE',  ( -4.810555355463987937, -34.00496318945764784, 7.077397591302990953 ) ) ;
#45 = CARTESIAN_POINT ( 'NONE',  ( 19.88432727021730173, -3.891384790538444882, 16.63473737664386931 ) ) ;
#46 = EDGE_LOOP ( 'NONE', ( #3782, #2932, #2316, #3106 ) ) ;
#47 = ORIENTED_EDGE ( 'NONE', *, *, #1118, .T. ) ;
#48 = CARTESIAN_POINT ( 'NONE',  ( -19.38236968188011033, -64.57990542199468109, 0.2001524003048089362 ) ) ;
#49 = ORIENTED_EDGE ( 'NONE', *, *, #3068, .F. ) ;
#50 = ORIENTED_EDGE ( 'NONE', *, *, #1704, .T. ) ;
#51 = EDGE_CURVE ( 'NONE', #2889, #962, #2205, .T. ) ;
#52 = CYLINDRICAL_SURFACE ( 'NONE', #545, 1.799999999999998712 ) ;
#53 = CARTESIAN_POINT ( 'NONE',  ( -20.99821974771231581, -18.30801366962205989, 4.826952794199146801 ) ) ;
#54 = CARTESIAN_POINT ( 'NONE',  ( -24.33615872586133122, -5.225685997946438732, 7.336283552381851258 ) ) ;
#55 = ORIENTED_EDGE ( 'NONE', *, *, #3012, .F. ) ;
#56 = FACE_OUTER_BOUND ( 'NONE', #85, .T. ) ;
#57 = EDGE_CURVE ( 'NONE', #825, #1325, #1188, .T. ) ;
#58 = CARTESIAN_POINT ( 'NONE',  ( -21.99828614590658304, -41.24653401730994062, 3.250000000000038636 ) ) ;
#59 = CARTESIAN_POINT ( 'NONE',  ( 4.301980963936875568, -4.000000000000000888, 2.541848489443937709 ) ) ;
#60 = DIRECTION ( 'NONE',  ( -0.000000000000000000, -0.000000000000000000, -1.000000000000000000 ) ) ;
#61 = CARTESIAN_POINT ( 'NONE',  ( -27.11671294828567724, -15.01954275527027782, 0.2000000000000057288 ) ) ;
#62 = VERTEX_POINT ( 'NONE', #158 ) ;
#63 = ORIENTED_EDGE ( 'NONE', *, *, #4143, .F. ) ;
#64 = CARTESIAN_POINT ( 'NONE',  ( -25.10906357573607650, -0.8768278212821873918, -3.099847599695184197 ) ) ;
#65 = CARTESIAN_POINT ( 'NONE',  ( -18.75701173785667564, -89.00000000000001421, 7.860390608028859916 ) ) ;
#66 = ORIENTED_EDGE ( 'NONE', *, *, #541, .T. ) ;
#67 = ORIENTED_EDGE ( 'NONE', *, *, #2114, .T. ) ;
#68 = LINE ( 'NONE', #2647, #2117 ) ;
#69 = FACE_OUTER_BOUND ( 'NONE', #1130, .T. ) ;
#70 = CARTESIAN_POINT ( 'NONE',  ( -21.99828614590658304, -41.24653401730994062, -3.099847599695185085 ) ) ;
#71 = CARTESIAN_POINT ( 'NONE',  ( -22.99999999999999645, -4.000000000000005329, 11.64154703437737304 ) ) ;
#72 = VERTEX_POINT ( 'NONE', #4073 ) ;
#73 = ADVANCED_FACE ( 'NONE', ( #3682 ), #470, .T. ) ;
#74 = CARTESIAN_POINT ( 'NONE',  ( -25.44153373805920282, -62.99039891357538323, 0.2001524003048087141 ) ) ;
#75 = DIRECTION ( 'NONE',  ( 0.9993908270190953180, 0.03489949670251165509, 0.000000000000000000 ) ) ;
#76 = EDGE_CURVE ( 'NONE', #680, #2570, #2738, .T. ) ;
#77 = EDGE_CURVE ( 'NONE', #123, #1324, #1666, .T. ) ;
#78 = CARTESIAN_POINT ( 'NONE',  ( 18.21595173520115551, -2.155141589162626659, 18.56059397713991643 ) ) ;
#79 = CARTESIAN_POINT ( 'NONE',  ( 0.4247462931011901643, -85.49999999999998579, 8.875643901733010210 ) ) ;
#80 = ORIENTED_EDGE ( 'NONE', *, *, #2620, .F. ) ;
#81 = ORIENTED_EDGE ( 'NONE', *, *, #2374, .T. ) ;
#82 = DIRECTION ( 'NONE',  ( 0.000000000000000000, -1.000000000000000000, 0.000000000000000000 ) ) ;
#83 = CIRCLE ( 'NONE', #1439, 2.999999999999999112 ) ;
#84 = CARTESIAN_POINT ( 'NONE',  ( -1.623466631435289687, -4.000000000000003553, 4.561975421475160886 ) ) ;
#85 = EDGE_LOOP ( 'NONE', ( #2526, #2618, #1919, #1888 ) ) ;
#86 = ORIENTED_EDGE ( 'NONE', *, *, #124, .T. ) ;
#87 = AXIS2_PLACEMENT_3D ( 'NONE', #862, #2147, #3162 ) ;
#88 = CARTESIAN_POINT ( 'NONE',  ( -24.99999999999999289, -4.000000000000005329, 18.80000000000000071 ) ) ;
#89 = CIRCLE ( 'NONE', #297, 3.000000000000000000 ) ;
#90 = CARTESIAN_POINT ( 'NONE',  ( -19.13466826877932192, -89.00000000000001421, 6.387924273892649829 ) ) ;
#91 = CARTESIAN_POINT ( 'NONE',  ( -22.79712323634670312, -18.37083276368657536, -3.099847599695185085 ) ) ;
#92 = CIRCLE ( 'NONE', #639, 2.000000000000000000 ) ;
#93 = ORIENTED_EDGE ( 'NONE', *, *, #883, .T. ) ;
#94 = PLANE ( 'NONE',  #1321 ) ;
#95 = DIRECTION ( 'NONE',  ( 0.000000000000000000, 1.000000000000000000, 0.000000000000000000 ) ) ;
#96 = ADVANCED_FACE ( 'NONE', ( #18 ), #348, .T. ) ;
#97 = DIRECTION ( 'NONE',  ( 1.000000000000000000, 1.020425574104004246E-16, -0.000000000000000000 ) ) ;
#98 = CARTESIAN_POINT ( 'NONE',  ( 2.000000000000010658, -79.00000000000001421, 19.96581550227846691 ) ) ;
#99 = AXIS2_PLACEMENT_3D ( 'NONE', #1581, #3747, #2859 ) ;
#100 = DIRECTION ( 'NONE',  ( 0.03487826274238545882, -0.9987827659587178442, 0.03487826274237468271 ) ) ;
#101 = LINE ( 'NONE', #1713, #1998 ) ;
#102 = ADVANCED_FACE ( 'NONE', ( #1957 ), #1897, .F. ) ;
#103 = ADVANCED_FACE ( 'NONE', ( #2553 ), #3245, .F. ) ;
#104 = VECTOR ( 'NONE', #2224, 1000.000000000000000 ) ;
#105 = ORIENTED_EDGE ( 'NONE', *, *, #720, .T. ) ;
#106 = ORIENTED_EDGE ( 'NONE', *, *, #596, .F. ) ;
#107 = LINE ( 'NONE', #1082, #1516 ) ;
#108 = EDGE_CURVE ( 'NONE', #3057, #1786, #2594, .T. ) ;
#109 = DIRECTION ( 'NONE',  ( 0.000000000000000000, 0.000000000000000000, 1.000000000000000000 ) ) ;
#110 = ORIENTED_EDGE ( 'NONE', *, *, #3982, .T. ) ;
#111 = ORIENTED_EDGE ( 'NONE', *, *, #2989, .F. ) ;
#112 = DIRECTION ( 'NONE',  ( 0.000000000000000000, -1.230300337572203386E-16, 1.000000000000000000 ) ) ;
#113 = DIRECTION ( 'NONE',  ( -0.9902680687415698069, -0.1391731009600690461, 0.000000000000000000 ) ) ;
#114 = CARTESIAN_POINT ( 'NONE',  ( -4.785893221999931946, -34.12098940511662448, 3.604727437793043610 ) ) ;
#115 = EDGE_LOOP ( 'NONE', ( #2229, #3575, #4122, #2625, #3954, #2813 ) ) ;
#116 = CARTESIAN_POINT ( 'NONE',  ( -12.30875404182143917, -85.50000000000000000, 2.999999999999999112 ) ) ;
#117 = DIRECTION ( 'NONE',  ( 0.000000000000000000, 1.000000000000000000, 0.000000000000000000 ) ) ;
#118 = CYLINDRICAL_SURFACE ( 'NONE', #3798, 3.500000000000000000 ) ;
#119 = DIRECTION ( 'NONE',  ( 0.03489949670251181468, -0.9993908270190953180, 0.000000000000000000 ) ) ;
#120 = CARTESIAN_POINT ( 'NONE',  ( 12.00000000000000355, 13.99999999999999645, 10.00000000000000000 ) ) ;
#121 = DIRECTION ( 'NONE',  ( -0.03489949670251319552, 0.9993908270190952070, 0.000000000000000000 ) ) ;
#122 = EDGE_LOOP ( 'NONE', ( #2292, #2367, #2895, #2852 ) ) ;
#123 = VERTEX_POINT ( 'NONE', #3538 ) ;
#124 = EDGE_CURVE ( 'NONE', #3436, #1487, #2331, .T. ) ;
#125 = CARTESIAN_POINT ( 'NONE',  ( 20.00000000000000355, 13.99999999999999822, 10.00000000000000000 ) ) ;
#126 = CYLINDRICAL_SURFACE ( 'NONE', #767, 2.000000000000000000 ) ;
#127 = ORIENTED_EDGE ( 'NONE', *, *, #601, .T. ) ;
#128 = ORIENTED_EDGE ( 'NONE', *, *, #3563, .F. ) ;
#129 = EDGE_CURVE ( 'NONE', #2959, #2844, #3971, .T. ) ;
#130 = EDGE_CURVE ( 'NONE', #461, #1309, #2868, .T. ) ;
#131 = CARTESIAN_POINT ( 'NONE',  ( 1.550963468233428344, -89.00000000000000000, 9.289887402045851061 ) ) ;
#132 = LINE ( 'NONE', #1409, #925 ) ;
#133 = CARTESIAN_POINT ( 'NONE',  ( -24.99999999999996092, -86.00000000000000000, 9.393409058628295227 ) ) ;
#134 = EDGE_LOOP ( 'NONE', ( #1488, #256, #3633, #3154 ) ) ;
#135 = TOROIDAL_SURFACE ( 'NONE', #2901, 1.000000000000000000, 2.000000000000000000 ) ;
#136 = DIRECTION ( 'NONE',  ( -0.9993908270190953180, -0.03489949670251165509, 0.000000000000000000 ) ) ;
#137 = DIRECTION ( 'NONE',  ( 0.000000000000000000, 0.000000000000000000, -1.000000000000000000 ) ) ;
#138 = CARTESIAN_POINT ( 'NONE',  ( -24.42612561735114340, -1.571931367615035047, 17.59892452291651921 ) ) ;
#139 = DIRECTION ( 'NONE',  ( 0.9993908270190953180, 0.03489949670251181468, -0.000000000000000000 ) ) ;
#140 = DIRECTION ( 'NONE',  ( -1.000000000000000000, -0.000000000000000000, -0.000000000000000000 ) ) ;
#141 = DIRECTION ( 'NONE',  ( -0.03489949670251233510, 0.9993908270190953180, 0.000000000000000000 ) ) ;
#142 = ORIENTED_EDGE ( 'NONE', *, *, #285, .F. ) ;
#143 = CARTESIAN_POINT ( 'NONE',  ( -3.866736032149189928, -55.15720596395531317, 7.816050185464712641 ) ) ;
#144 = CARTESIAN_POINT ( 'NONE',  ( -3.626425419873247069, -56.79656369178191966, 4.371164413746783772 ) ) ;
#145 = ORIENTED_EDGE ( 'NONE', *, *, #2765, .T. ) ;
#146 = ORIENTED_EDGE ( 'NONE', *, *, #4149, .T. ) ;
#147 = CARTESIAN_POINT ( 'NONE',  ( -24.99999999999999289, -5.225796314436346179, 2.045962282221305273 ) ) ;
#148 = CIRCLE ( 'NONE', #1374, 1.799999999999998712 ) ;
#149 = CARTESIAN_POINT ( 'NONE',  ( -19.44518877594462936, -62.78100193336030799, 0.2001524003048087141 ) ) ;
#150 = CARTESIAN_POINT ( 'NONE',  ( -24.99999999999999289, -4.370417172703391806, 0.000000000000000000 ) ) ;
#151 = EDGE_CURVE ( 'NONE', #660, #3857, #3183, .T. ) ;
#152 = ADVANCED_FACE ( 'NONE', ( #2843 ), #668, .F. ) ;
#153 = LINE ( 'NONE', #4044, #3442 ) ;
#154 = ORIENTED_EDGE ( 'NONE', *, *, #2065, .F. ) ;
#155 = DIRECTION ( 'NONE',  ( 0.000000000000000000, 0.000000000000000000, 1.000000000000000000 ) ) ;
#156 = AXIS2_PLACEMENT_3D ( 'NONE', #1406, #2074, #2666 ) ;
#157 = CARTESIAN_POINT ( 'NONE',  ( -21.49786659495411456, -4.000000000000003553, 3.525030534209192101 ) ) ;
#158 = CARTESIAN_POINT ( 'NONE',  ( 2.820632341007255572, -53.07280839075422563, 0.000000000000000000 ) ) ;
#159 =( BOUNDED_SURFACE ( )  B_SPLINE_SURFACE ( 3, 2, ( 
 ( #3739, #3676, #788 ),
 ( #462, #3696, #555 ),
 ( #809, #2096, #147 ),
 ( #855, #2795, #4023 ) ),
 .UNSPECIFIED., .F., .F., .F. ) 
 B_SPLINE_SURFACE_WITH_KNOTS ( ( 4, 4 ),
 ( 3, 3 ),
 ( 0.002927514792874446204, 0.006292038155087121762 ),
 ( 0.000000000000000000, 1.000000000000000000 ),
 .UNSPECIFIED. ) 
 GEOMETRIC_REPRESENTATION_ITEM ( )  RATIONAL_B_SPLINE_SURFACE ( (
 ( 1.000000000000000000, 0.9971576220707113469, 1.000000000000000000),
 ( 1.000000000000000000, 0.9952889309545748242, 1.000000000000000000),
 ( 1.000000000000000000, 0.9927632797915911800, 1.000000000000000000),
 ( 1.000000000000000000, 0.9900082656611447485, 1.000000000000000000) ) ) 
 REPRESENTATION_ITEM ( '' )  SURFACE ( )  );
#160 = DIRECTION ( 'NONE',  ( 0.000000000000000000, -1.000000000000000000, 0.000000000000000000 ) ) ;
#161 = LINE ( 'NONE', #2742, #3118 ) ;
#162 = CARTESIAN_POINT ( 'NONE',  ( 6.800000000000000711, 3.000000000000002665, -18.80000000000000782 ) ) ;
#163 = ORIENTED_EDGE ( 'NONE', *, *, #3582, .T. ) ;
#164 = VECTOR ( 'NONE', #1352, 1000.000000000000114 ) ;
#165 = CARTESIAN_POINT ( 'NONE',  ( -18.88061197021424675, -7.104698490107502984, 9.640153053515858161 ) ) ;
#166 = VECTOR ( 'NONE', #1437, 1000.000000000000000 ) ;
#167 = CARTESIAN_POINT ( 'NONE',  ( -3.141939053227974732, 0.000000000000000000, 6.029601188155563563 ) ) ;
#168 = EDGE_LOOP ( 'NONE', ( #3830, #3284, #195, #3526, #1310 ) ) ;
#169 = EDGE_LOOP ( 'NONE', ( #634, #2345, #3549, #2392, #2435, #1537, #1741 ) ) ;
#170 = AXIS2_PLACEMENT_3D ( 'NONE', #2604, #3952, #3910 ) ;
#171 = DIRECTION ( 'NONE',  ( 1.000000000000000000, 1.020425574104004122E-16, 0.000000000000000000 ) ) ;
#172 = CARTESIAN_POINT ( 'NONE',  ( -24.92046546430952603, -6.277571108770619190, 2.735104905626268401 ) ) ;
#173 = CARTESIAN_POINT ( 'NONE',  ( -21.99999999999999645, -2.585786437626899747, 18.21421356237309297 ) ) ;
#174 = CARTESIAN_POINT ( 'NONE',  ( 16.90000000000000568, 13.99999999999999822, 10.00000000000000000 ) ) ;
#175 = ORIENTED_EDGE ( 'NONE', *, *, #3203, .T. ) ;
#176 = EDGE_CURVE ( 'NONE', #680, #1800, #1599, .T. ) ;
#177 = CARTESIAN_POINT ( 'NONE',  ( 6.510092534019971566, -78.62456089102323631, 0.000000000000000000 ) ) ;
#178 = DIRECTION ( 'NONE',  ( 0.2077905067623293245, -0.9775774745778875729, 0.03413775765005936519 ) ) ;
#179 = CARTESIAN_POINT ( 'NONE',  ( -24.99999999999999289, -5.603387896215632047, 4.520879003420302134 ) ) ;
#180 = EDGE_CURVE ( 'NONE', #4159, #870, #3206, .T. ) ;
#181 = ADVANCED_FACE ( 'NONE', ( #1608 ), #993, .T. ) ;
#182 = CARTESIAN_POINT ( 'NONE',  ( -10.25682685363648261, -22.69717742125171256, 3.180387605983530541 ) ) ;
#183 = CARTESIAN_POINT ( 'NONE',  ( -24.69371673957790492, -1.498919492206208126, 17.81796014914277038 ) ) ;
#184 = CARTESIAN_POINT ( 'NONE',  ( 0.000000000000000000, 0.000000000000000000, 18.80000000000000071 ) ) ;
#185 = CARTESIAN_POINT ( 'NONE',  ( -9.673872582631737771, -58.93764664789667052, 3.700152400304808520 ) ) ;
#186 = ORIENTED_EDGE ( 'NONE', *, *, #4111, .T. ) ;
#187 = CARTESIAN_POINT ( 'NONE',  ( -24.77330017979642918, -5.931753128361958005, 5.596949723563854562 ) ) ;
#188 = DIRECTION ( 'NONE',  ( 0.1391731009600691016, -0.9902680687415699179, -1.734723475976806108E-16 ) ) ;
#189 = CARTESIAN_POINT ( 'NONE',  ( -3.733324399103164382, -55.79164145469805902, 11.34033856604020052 ) ) ;
#190 = ORIENTED_EDGE ( 'NONE', *, *, #10, .T. ) ;
#191 = ORIENTED_EDGE ( 'NONE', *, *, #4117, .T. ) ;
#192 = CARTESIAN_POINT ( 'NONE',  ( -24.50306754161965017, -18.23028374267701679, -3.099999999999988987 ) ) ;
#193 = DIRECTION ( 'NONE',  ( 0.000000000000000000, 0.000000000000000000, -1.000000000000000000 ) ) ;
#194 = FACE_OUTER_BOUND ( 'NONE', #3956, .T. ) ;
#195 = ORIENTED_EDGE ( 'NONE', *, *, #2009, .T. ) ;
#196 = LINE ( 'NONE', #2125, #2653 ) ;
#197 = CARTESIAN_POINT ( 'NONE',  ( -24.99999999999999645, -2.157698879720773011, 10.01854479361500339 ) ) ;
#198 = ORIENTED_EDGE ( 'NONE', *, *, #1012, .F. ) ;
#199 = CARTESIAN_POINT ( 'NONE',  ( -1.623466631435289687, 0.000000000000000000, 4.561975421475161774 ) ) ;
#200 = CARTESIAN_POINT ( 'NONE',  ( 3.137039275505364877, -54.66427941113094136, 11.30097021598022700 ) ) ;
#201 = PLANE ( 'NONE',  #2260 ) ;
#202 = LINE ( 'NONE', #2763, #166 ) ;
#203 = EDGE_CURVE ( 'NONE', #1224, #3834, #2219, .T. ) ;
#204 = ADVANCED_FACE ( 'NONE', ( #1275 ), #2573, .F. ) ;
#205 = VERTEX_POINT ( 'NONE', #2240 ) ;
#206 = CARTESIAN_POINT ( 'NONE',  ( -24.99999999999999289, -5.725343750916257690, 4.355642270341536282 ) ) ;
#207 = CARTESIAN_POINT ( 'NONE',  ( -0.4262852806922901583, -54.63133219131484708, 4.318182290905004272 ) ) ;
#208 = PLANE ( 'NONE',  #226 ) ;
#209 = VERTEX_POINT ( 'NONE', #3557 ) ;
#210 = ORIENTED_EDGE ( 'NONE', *, *, #678, .T. ) ;
#211 = FACE_OUTER_BOUND ( 'NONE', #3121, .T. ) ;
#212 = CARTESIAN_POINT ( 'NONE',  ( -21.71921504294651939, -4.000000000000005329, 12.29973087102829332 ) ) ;
#213 = DIRECTION ( 'NONE',  ( 0.000000000000000000, 1.000000000000000000, 0.000000000000000000 ) ) ;
#214 = ORIENTED_EDGE ( 'NONE', *, *, #3912, .T. ) ;
#215 = VECTOR ( 'NONE', #3751, 1000.000000000000000 ) ;
#216 = PLANE ( 'NONE',  #647 ) ;
#217 = DIRECTION ( 'NONE',  ( -0.000000000000000000, -1.000000000000000000, -1.230300337572203386E-16 ) ) ;
#218 = CARTESIAN_POINT ( 'NONE',  ( -24.99999999999998934, -5.725343719227404371, 4.355642249989020165 ) ) ;
#219 = CIRCLE ( 'NONE', #2783, 7.000000000000001776 ) ;
#220 = VERTEX_POINT ( 'NONE', #1940 ) ;
#221 = CARTESIAN_POINT ( 'NONE',  ( 2.970036773694364918, -53.74913716665596297, 11.26901274461271463 ) ) ;
#222 = CIRCLE ( 'NONE', #2917, 2.000000000000000000 ) ;
#223 = CARTESIAN_POINT ( 'NONE',  ( 0.6912459581785578289, -89.00000000000000000, 0.000000000000000000 ) ) ;
#224 = CARTESIAN_POINT ( 'NONE',  ( -24.99999999999999289, -5.231068834602391249, 2.054948347656786467 ) ) ;
#225 = VECTOR ( 'NONE', #933, 1000.000000000000227 ) ;
#226 = AXIS2_PLACEMENT_3D ( 'NONE', #255, #3404, #1504 ) ;
#227 = ORIENTED_EDGE ( 'NONE', *, *, #2257, .T. ) ;
#228 = EDGE_CURVE ( 'NONE', #2548, #680, #266, .T. ) ;
#229 = CARTESIAN_POINT ( 'NONE',  ( -22.98517143100941240, -3.414213562373096700, 17.38578643762689069 ) ) ;
#230 = CYLINDRICAL_SURFACE ( 'NONE', #353, 2.000000000000000000 ) ;
#231 = CARTESIAN_POINT ( 'NONE',  ( 3.180641194543114114, -54.93428363795847247, 4.340152383704685590 ) ) ;
#232 = ORIENTED_EDGE ( 'NONE', *, *, #3862, .T. ) ;
#233 = VECTOR ( 'NONE', #2132, 999.9999999999998863 ) ;
#234 = ORIENTED_EDGE ( 'NONE', *, *, #3868, .T. ) ;
#235 = VECTOR ( 'NONE', #3907, 1000.000000000000114 ) ;
#236 = EDGE_CURVE ( 'NONE', #882, #1315, #287, .T. ) ;
#237 = CARTESIAN_POINT ( 'NONE',  ( -21.49786659495411811, -3.999999999999997335, -18.80000000000000071 ) ) ;
#238 = AXIS2_PLACEMENT_3D ( 'NONE', #2126, #2803, #4048 ) ;
#239 =( BOUNDED_CURVE ( )  B_SPLINE_CURVE ( 3, ( #335, #1631, #2947, #59 ),
 .UNSPECIFIED., .F., .F. ) 
 B_SPLINE_CURVE_WITH_KNOTS ( ( 4, 4 ),
 ( 4.578200029734797560, 6.158029133772610741 ),
 .UNSPECIFIED. ) 
 CURVE ( )  GEOMETRIC_REPRESENTATION_ITEM ( )  RATIONAL_B_SPLINE_CURVE ( ( 1.000000000000000000, 0.8026040075570934906, 0.8026040075570934906, 1.000000000000000000 ) ) 
 REPRESENTATION_ITEM ( '' )  );
#240 = CARTESIAN_POINT ( 'NONE',  ( -24.99999999999999289, 0.000000000000000000, -3.099847599695185085 ) ) ;
#241 = DIRECTION ( 'NONE',  ( 0.000000000000000000, 0.000000000000000000, -1.000000000000000000 ) ) ;
#242 = VECTOR ( 'NONE', #2416, 1000.000000000000000 ) ;
#243 = ORIENTED_EDGE ( 'NONE', *, *, #3301, .F. ) ;
#244 = DIRECTION ( 'NONE',  ( -0.9902680687415699179, -0.1391731009600689628, 0.000000000000000000 ) ) ;
#245 = CARTESIAN_POINT ( 'NONE',  ( -0.1222101478353549431, -6.441174139097008755, 6.888079288332342287 ) ) ;
#246 = CARTESIAN_POINT ( 'NONE',  ( 0.7984309015541922738, -80.10416907059466496, 12.10277496071458359 ) ) ;
#247 = ORIENTED_EDGE ( 'NONE', *, *, #2070, .F. ) ;
#248 = CARTESIAN_POINT ( 'NONE',  ( -22.89049319167408925, -7.009689879156233872, 8.188746337878482606 ) ) ;
#249 = DIRECTION ( 'NONE',  ( 1.000000000000000000, 1.020425574104004122E-16, 0.000000000000000000 ) ) ;
#250 = CARTESIAN_POINT ( 'NONE',  ( -26.08084102806915894, 15.49999999999999289, 10.00000000000000000 ) ) ;
#251 = DIRECTION ( 'NONE',  ( 1.000000000000000000, 0.000000000000000000, 0.000000000000000000 ) ) ;
#252 = ORIENTED_EDGE ( 'NONE', *, *, #3282, .T. ) ;
#253 = CARTESIAN_POINT ( 'NONE',  ( -0.8735056416419837433, -14.72406905044353387, 2.838693404935116682 ) ) ;
#254 = PLANE ( 'NONE',  #712 ) ;
#255 = CARTESIAN_POINT ( 'NONE',  ( 7.968265406799485362, -89.00000000000000000, 18.80000000000000071 ) ) ;
#256 = ORIENTED_EDGE ( 'NONE', *, *, #2658, .T. ) ;
#257 = EDGE_CURVE ( 'NONE', #906, #2274, #1999, .T. ) ;
#258 = ORIENTED_EDGE ( 'NONE', *, *, #1404, .F. ) ;
#259 = CARTESIAN_POINT ( 'NONE',  ( -1.999999999999994893, -79.00000000000001421, 6.500000000000000888 ) ) ;
#260 = DIRECTION ( 'NONE',  ( 0.9993908270190953180, 0.03489949670251239755, 0.000000000000000000 ) ) ;
#261 = PLANE ( 'NONE',  #3590 ) ;
#262 = ORIENTED_EDGE ( 'NONE', *, *, #3711, .T. ) ;
#263 = EDGE_CURVE ( 'NONE', #549, #2216, #3138, .T. ) ;
#264 = ADVANCED_FACE ( 'NONE', ( #725 ), #448, .F. ) ;
#265 = EDGE_LOOP ( 'NONE', ( #3750, #2163, #787, #3554 ) ) ;
#266 =( BOUNDED_CURVE ( )  B_SPLINE_CURVE ( 3, ( #2633, #2034, #389, #114 ),
 .UNSPECIFIED., .F., .F. ) 
 B_SPLINE_CURVE_WITH_KNOTS ( ( 4, 4 ),
 ( 4.450589592585535215, 4.921828490623997965 ),
 .UNSPECIFIED. ) 
 CURVE ( )  GEOMETRIC_REPRESENTATION_ITEM ( )  RATIONAL_B_SPLINE_CURVE ( ( 1.000000000000000000, 0.9815799469317847414, 0.9815799469317847414, 1.000000000000000000 ) ) 
 REPRESENTATION_ITEM ( '' )  );
#267 = DIRECTION ( 'NONE',  ( 0.000000000000000000, 1.000000000000000000, 1.230300337572203386E-16 ) ) ;
#268 = CARTESIAN_POINT ( 'NONE',  ( 15.00000000000000000, -1.722420472601085036E-15, 14.00000000000000178 ) ) ;
#269 = DIRECTION ( 'NONE',  ( 0.000000000000000000, -0.9993908270190956511, 0.03489949670250104552 ) ) ;
#270 = ORIENTED_EDGE ( 'NONE', *, *, #1580, .F. ) ;
#271 = CARTESIAN_POINT ( 'NONE',  ( -24.90706233485281373, -6.909126187696916332, 4.424710232321912962 ) ) ;
#272 = CARTESIAN_POINT ( 'NONE',  ( -22.98517143100941240, -1.999999999999997335, 15.97157287525380021 ) ) ;
#273 = DIRECTION ( 'NONE',  ( -1.000000000000000000, 0.000000000000000000, 0.000000000000000000 ) ) ;
#274 = FACE_OUTER_BOUND ( 'NONE', #3153, .T. ) ;
#275 = ORIENTED_EDGE ( 'NONE', *, *, #2306, .T. ) ;
#276 = CARTESIAN_POINT ( 'NONE',  ( -24.95811010596469259, -6.392026111381897913, 3.428870466327512911 ) ) ;
#277 = CARTESIAN_POINT ( 'NONE',  ( -0.2852970460523805429, -55.42138949131870618, 4.340152383704683814 ) ) ;
#278 = EDGE_LOOP ( 'NONE', ( #110, #2296, #2777, #1973, #516, #1815 ) ) ;
#279 = ORIENTED_EDGE ( 'NONE', *, *, #2168, .T. ) ;
#280 = CARTESIAN_POINT ( 'NONE',  ( -27.05389385422115467, -16.81844624390464915, 0.2000000000000059508 ) ) ;
#281 = CARTESIAN_POINT ( 'NONE',  ( 18.00000000000000000, 30.00000000000000000, 0.000000000000000000 ) ) ;
#282 = ORIENTED_EDGE ( 'NONE', *, *, #2350, .F. ) ;
#283 = EDGE_CURVE ( 'NONE', #400, #571, #1411, .T. ) ;
#284 = LINE ( 'NONE', #1185, #3863 ) ;
#285 = EDGE_CURVE ( 'NONE', #2798, #1048, #2202, .T. ) ;
#286 = CARTESIAN_POINT ( 'NONE',  ( 7.968265406799487138, -85.49999999999998579, 3.000000000000002665 ) ) ;
#287 = LINE ( 'NONE', #1010, #1927 ) ;
#288 = EDGE_LOOP ( 'NONE', ( #1912, #3488, #645, #2510 ) ) ;
#289 = DIRECTION ( 'NONE',  ( -0.000000000000000000, -0.000000000000000000, -1.000000000000000000 ) ) ;
#290 = CARTESIAN_POINT ( 'NONE',  ( -0.8735056416419837433, -14.72406905044353387, -10.23014998303639267 ) ) ;
#291 = EDGE_CURVE ( 'NONE', #2804, #2646, #686, .T. ) ;
#292 = CARTESIAN_POINT ( 'NONE',  ( -21.36624050303779754, -59.34595313285799989, -3.099847599695185085 ) ) ;
#293 = CARTESIAN_POINT ( 'NONE',  ( -3.358983848622536073, -24.00000000000000355, 18.80000000000000071 ) ) ;
#294 = ORIENTED_EDGE ( 'NONE', *, *, #3712, .T. ) ;
#295 = CIRCLE ( 'NONE', #28, 3.000000000000001776 ) ;
#296 = DIRECTION ( 'NONE',  ( -0.03489949670251230734, 0.9993908270190954291, 0.000000000000000000 ) ) ;
#297 = AXIS2_PLACEMENT_3D ( 'NONE', #374, #2577, #3249 ) ;
#298 = CARTESIAN_POINT ( 'NONE',  ( 19.60222663744123039, -3.503510004538516132, 17.29648999546147081 ) ) ;
#299 = AXIS2_PLACEMENT_3D ( 'NONE', #259, #1574, #2970 ) ;
#300 = ORIENTED_EDGE ( 'NONE', *, *, #1451, .F. ) ;
#301 = ORIENTED_EDGE ( 'NONE', *, *, #3820, .F. ) ;
#302 = FACE_OUTER_BOUND ( 'NONE', #480, .T. ) ;
#303 = VECTOR ( 'NONE', #1476, 999.9999999999998863 ) ;
#304 = CARTESIAN_POINT ( 'NONE',  ( -18.53228040103909535, -89.00000000000001421, 8.204081957397509228 ) ) ;
#305 = VECTOR ( 'NONE', #1481, 1000.000000000000114 ) ;
#306 = ORIENTED_EDGE ( 'NONE', *, *, #1760, .F. ) ;
#307 = VECTOR ( 'NONE', #2199, 1000.000000000000000 ) ;
#308 = DIRECTION ( 'NONE',  ( 1.000000000000000000, 0.000000000000000000, 0.000000000000000000 ) ) ;
#310 = CIRCLE ( 'NONE', #2541, 4.000000000000005329 ) ;
#309 = CYLINDRICAL_SURFACE ( 'NONE', #4123, 3.000000000000001776 ) ;
#311 = DIRECTION ( 'NONE',  ( -1.000000000000000000, 0.000000000000000000, 0.000000000000000000 ) ) ;
#312 = ORIENTED_EDGE ( 'NONE', *, *, #1179, .T. ) ;
#313 = EDGE_CURVE ( 'NONE', #2992, #3107, #706, .T. ) ;
#314 = CARTESIAN_POINT ( 'NONE',  ( -18.56794618738432945, -59.24823454209097662, 6.187313213253001543 ) ) ;
#315 = DIRECTION ( 'NONE',  ( 0.000000000000000000, -1.230300337572203386E-16, 1.000000000000000000 ) ) ;
#316 = CARTESIAN_POINT ( 'NONE',  ( 4.588094707608533440, -85.65195910250508859, 12.38308383556964287 ) ) ;
#317 = CARTESIAN_POINT ( 'NONE',  ( -7.634986425665454490, -12.79018749626707674, 6.336561299501950018 ) ) ;
#318 = EDGE_CURVE ( 'NONE', #2517, #3494, #2673, .T. ) ;
#319 = ORIENTED_EDGE ( 'NONE', *, *, #569, .F. ) ;
#320 = CARTESIAN_POINT ( 'NONE',  ( -24.99999999999999289, -5.894273907478420504, 3.197808248897572980 ) ) ;
#321 = DIRECTION ( 'NONE',  ( 1.000000000000000000, -1.445602896647339410E-16, 0.000000000000000000 ) ) ;
#322 = EDGE_LOOP ( 'NONE', ( #1859, #4008, #768, #1212 ) ) ;
#323 = ORIENTED_EDGE ( 'NONE', *, *, #822, .F. ) ;
#324 = CARTESIAN_POINT ( 'NONE',  ( 2.000000000000010658, -79.00000000000001421, 7.628242299975788399 ) ) ;
#325 = FACE_BOUND ( 'NONE', #3092, .T. ) ;
#326 = ORIENTED_EDGE ( 'NONE', *, *, #3308, .F. ) ;
#327 = ORIENTED_EDGE ( 'NONE', *, *, #1533, .F. ) ;
#328 =( BOUNDED_CURVE ( )  B_SPLINE_CURVE ( 3, ( #922, #1268, #2549, #2835 ),
 .UNSPECIFIED., .F., .F. ) 
 B_SPLINE_CURVE_WITH_KNOTS ( ( 4, 4 ),
 ( 4.712388980384689674, 6.672370778628310184 ),
 .UNSPECIFIED. ) 
 CURVE ( )  GEOMETRIC_REPRESENTATION_ITEM ( )  RATIONAL_B_SPLINE_CURVE ( ( 1.000000000000000000, 0.7046867366657032505, 0.7046867366657032505, 1.000000000000000000 ) ) 
 REPRESENTATION_ITEM ( '' )  );
#329 = CARTESIAN_POINT ( 'NONE',  ( -21.36624050303779754, -59.34595313285799989, 6.187313213253001543 ) ) ;
#330 = CYLINDRICAL_SURFACE ( 'NONE', #2258, 1.799999999999998712 ) ;
#331 = DIRECTION ( 'NONE',  ( -1.000000000000000000, 0.000000000000000000, 0.000000000000000000 ) ) ;
#332 = ORIENTED_EDGE ( 'NONE', *, *, #1124, .T. ) ;
#333 = CARTESIAN_POINT ( 'NONE',  ( 4.412684844287883656, -89.00000000000000000, 6.454288731646999011 ) ) ;
#334 = CARTESIAN_POINT ( 'NONE',  ( -0.1999999999999961808, -79.00000000000001421, 18.80000000000000071 ) ) ;
#335 = CARTESIAN_POINT ( 'NONE',  ( -6.144293759740839356, -4.000000000000000000, 12.63832553457315200 ) ) ;
#336 = CARTESIAN_POINT ( 'NONE',  ( 0.6912459581785578289, -84.99999999999998579, 0.000000000000000000 ) ) ;
#337 = CARTESIAN_POINT ( 'NONE',  ( -15.30875404182143917, -85.50000000000000000, -27.22265845728987799 ) ) ;
#338 = EDGE_CURVE ( 'NONE', #2643, #4100, #1121, .T. ) ;
#339 = ADVANCED_FACE ( 'NONE', ( #403 ), #2563, .T. ) ;
#340 = ORIENTED_EDGE ( 'NONE', *, *, #228, .F. ) ;
#341 = VERTEX_POINT ( 'NONE', #3817 ) ;
#342 = CIRCLE ( 'NONE', #1962, 7.000000000000000888 ) ;
#343 = DIRECTION ( 'NONE',  ( 1.000000000000000000, 0.000000000000000000, 0.000000000000000000 ) ) ;
#344 = DIRECTION ( 'NONE',  ( 0.9993908270190953180, 0.03489949670251181468, -0.000000000000000000 ) ) ;
#345 = ORIENTED_EDGE ( 'NONE', *, *, #964, .T. ) ;
#346 = CYLINDRICAL_SURFACE ( 'NONE', #3710, 1.799999999999999600 ) ;
#347 = DIRECTION ( 'NONE',  ( 0.000000000000000000, -0.000000000000000000, -1.000000000000000000 ) ) ;
#348 = CYLINDRICAL_SURFACE ( 'NONE', #3598, 2.999999999999999112 ) ;
#349 = ORIENTED_EDGE ( 'NONE', *, *, #1012, .T. ) ;
#350 = DIRECTION ( 'NONE',  ( -4.625929269271485914E-16, 1.000000000000000000, 0.000000000000000000 ) ) ;
#351 = DIRECTION ( 'NONE',  ( -1.000000000000000000, 1.445602896647339656E-16, 4.357881996052697634E-33 ) ) ;
#352 = LINE ( 'NONE', #3309, #3276 ) ;
#353 = AXIS2_PLACEMENT_3D ( 'NONE', #1839, #3125, #1460 ) ;
#354 = CARTESIAN_POINT ( 'NONE',  ( -5.619199985201514203, -20.39612408970858226, 6.602166458047736164 ) ) ;
#355 = CYLINDRICAL_SURFACE ( 'NONE', #1528, 3.000000000000001776 ) ;
#356 = ORIENTED_EDGE ( 'NONE', *, *, #2070, .T. ) ;
#357 = CIRCLE ( 'NONE', #905, 2.999999999999999112 ) ;
#358 = ORIENTED_EDGE ( 'NONE', *, *, #3126, .T. ) ;
#359 = EDGE_CURVE ( 'NONE', #3036, #664, #2206, .T. ) ;
#360 = DIRECTION ( 'NONE',  ( -0.000000000000000000, -1.000000000000000000, 0.000000000000000000 ) ) ;
#361 = VECTOR ( 'NONE', #27, 1000.000000000000000 ) ;
#362 = CARTESIAN_POINT ( 'NONE',  ( -19.07011209299368559, -89.00000000000001421, 7.123935548608286261 ) ) ;
#363 = ORIENTED_EDGE ( 'NONE', *, *, #1227, .T. ) ;
#364 = ORIENTED_EDGE ( 'NONE', *, *, #2872, .F. ) ;
#365 = VECTOR ( 'NONE', #3970, 1000.000000000000227 ) ;
#366 = EDGE_CURVE ( 'NONE', #906, #2499, #3475, .T. ) ;
#367 = EDGE_CURVE ( 'NONE', #3349, #3843, #371, .T. ) ;
#368 = DIRECTION ( 'NONE',  ( -0.1391731009600688795, 0.9902680687415698069, 0.000000000000000000 ) ) ;
#369 = CARTESIAN_POINT ( 'NONE',  ( -24.99999999999999289, -3.125638786344490772, 7.765928635960159809 ) ) ;
#370 = VERTEX_POINT ( 'NONE', #229 ) ;
#371 = CIRCLE ( 'NONE', #3208, 1.799999999999999600 ) ;
#372 = DIRECTION ( 'NONE',  ( 0.000000000000000000, 1.000000000000000000, 0.000000000000000000 ) ) ;
#373 = CIRCLE ( 'NONE', #3671, 1.000000000000000888 ) ;
#374 = CARTESIAN_POINT ( 'NONE',  ( 20.00000000000000355, 2.999999999999999112, 3.011072104942093125E-16 ) ) ;
#375 = CARTESIAN_POINT ( 'NONE',  ( 12.00000000000000355, 13.99999999999999822, 10.00000000000000000 ) ) ;
#376 = AXIS2_PLACEMENT_3D ( 'NONE', #88, #2396, #3387 ) ;
#377 = DIRECTION ( 'NONE',  ( 0.000000000000000000, -0.000000000000000000, 1.000000000000000000 ) ) ;
#378 = LINE ( 'NONE', #337, #2933 ) ;
#379 = VERTEX_POINT ( 'NONE', #1283 ) ;
#380 = ORIENTED_EDGE ( 'NONE', *, *, #2017, .F. ) ;
#381 = FACE_OUTER_BOUND ( 'NONE', #1219, .T. ) ;
#382 = CARTESIAN_POINT ( 'NONE',  ( -18.40091135693056046, -89.00000000000001421, 8.366149391803771707 ) ) ;
#383 = EDGE_CURVE ( 'NONE', #2274, #3242, #1791, .T. ) ;
#384 = ORIENTED_EDGE ( 'NONE', *, *, #1946, .T. ) ;
#385 = ORIENTED_EDGE ( 'NONE', *, *, #883, .F. ) ;
#386 = DIRECTION ( 'NONE',  ( -0.000000000000000000, -0.000000000000000000, 1.000000000000000000 ) ) ;
#387 = DIRECTION ( 'NONE',  ( 0.000000000000000000, -1.000000000000000000, -1.717841266356214641E-16 ) ) ;
#388 = EDGE_CURVE ( 'NONE', #1309, #461, #2538, .T. ) ;
#389 = CARTESIAN_POINT ( 'NONE',  ( -6.219851396748920180, -27.37474660045937469, 3.350188414204779530 ) ) ;
#390 = EDGE_CURVE ( 'NONE', #3604, #3036, #6, .T. ) ;
#391 = ORIENTED_EDGE ( 'NONE', *, *, #1260, .F. ) ;
#392 = DIRECTION ( 'NONE',  ( 0.9993908270190953180, 0.03489949670251165509, -0.000000000000000000 ) ) ;
#393 = LINE ( 'NONE', #2927, #1458 ) ;
#394 = DIRECTION ( 'NONE',  ( -1.000000000000000000, -4.625929269271485914E-16, -5.384700323245300374E-18 ) ) ;
#395 = CARTESIAN_POINT ( 'NONE',  ( 4.301980963936875568, -7.000000000000000888, 0.000000000000000000 ) ) ;
#396 = ORIENTED_EDGE ( 'NONE', *, *, #2036, .T. ) ;
#397 = EDGE_LOOP ( 'NONE', ( #86, #3034, #3229, #1240 ) ) ;
#398 = PLANE ( 'NONE',  #3925 ) ;
#399 = EDGE_LOOP ( 'NONE', ( #3455, #2874, #282, #2189 ) ) ;
#400 = VERTEX_POINT ( 'NONE', #2497 ) ;
#401 = CARTESIAN_POINT ( 'NONE',  ( 1.404203485069675184, -6.223542864692423571, 18.80000000000000071 ) ) ;
#402 = FACE_BOUND ( 'NONE', #2668, .T. ) ;
#403 = FACE_OUTER_BOUND ( 'NONE', #1047, .T. ) ;
#404 = VERTEX_POINT ( 'NONE', #2177 ) ;
#405 = ADVANCED_FACE ( 'NONE', ( #3503 ), #533, .F. ) ;
#406 = EDGE_CURVE ( 'NONE', #3735, #553, #2101, .T. ) ;
#407 = DIRECTION ( 'NONE',  ( -0.000000000000000000, -1.000000000000000000, -0.000000000000000000 ) ) ;
#408 = LINE ( 'NONE', #2637, #2732 ) ;
#409 = ADVANCED_FACE ( 'NONE', ( #915 ), #3444, .F. ) ;
#410 = CARTESIAN_POINT ( 'NONE',  ( -23.00425420429679946, -2.136564420087784910, 18.66343557991231705 ) ) ;
#411 = DIRECTION ( 'NONE',  ( 0.1391731009600694624, -0.9902680687415696958, 0.000000000000000000 ) ) ;
#412 = CARTESIAN_POINT ( 'NONE',  ( -4.254246033653715564, -13.81820239258467176, 2.838693404935115350 ) ) ;
#413 = LINE ( 'NONE', #3580, #3877 ) ;
#414 = ORIENTED_EDGE ( 'NONE', *, *, #2635, .F. ) ;
#415 = ORIENTED_EDGE ( 'NONE', *, *, #3093, .T. ) ;
#416 = DIRECTION ( 'NONE',  ( -0.03489949670251165509, 0.9993908270190953180, 0.000000000000000000 ) ) ;
#417 = CIRCLE ( 'NONE', #2255, 3.000000000000000000 ) ;
#418 = CARTESIAN_POINT ( 'NONE',  ( -1.623466631435289687, 0.000000000000000000, 4.561975421475160886 ) ) ;
#419 = ORIENTED_EDGE ( 'NONE', *, *, #828, .F. ) ;
#420 = EDGE_LOOP ( 'NONE', ( #3953, #2833, #703, #900 ) ) ;
#421 = DIRECTION ( 'NONE',  ( 0.000000000000000000, 0.000000000000000000, -1.000000000000000000 ) ) ;
#422 = VECTOR ( 'NONE', #3520, 1000.000000000000000 ) ;
#423 = CYLINDRICAL_SURFACE ( 'NONE', #975, 2.220138537601081818 ) ;
#424 = DIRECTION ( 'NONE',  ( -1.000000000000000000, 0.000000000000000000, 0.000000000000000000 ) ) ;
#425 = CIRCLE ( 'NONE', #2793, 7.000000000000000888 ) ;
#426 = ORIENTED_EDGE ( 'NONE', *, *, #1477, .T. ) ;
#427 = CYLINDRICAL_SURFACE ( 'NONE', #1920, 1.800000000000000266 ) ;
#428 = FACE_OUTER_BOUND ( 'NONE', #1970, .T. ) ;
#429 = EDGE_CURVE ( 'NONE', #1270, #1676, #2875, .T. ) ;
#430 = VECTOR ( 'NONE', #1794, 1000.000000000000000 ) ;
#431 = CARTESIAN_POINT ( 'NONE',  ( -22.50816964330061509, -2.027911131912564446, 18.77208886808732302 ) ) ;
#432 = CARTESIAN_POINT ( 'NONE',  ( -23.69725055183905127, -41.30586316170420957, -3.099847599695185085 ) ) ;
#433 = LINE ( 'NONE', #1170, #233 ) ;
#434 = LINE ( 'NONE', #1733, #1933 ) ;
#435 = CIRCLE ( 'NONE', #1056, 2.999999999999999112 ) ;
#436 = EDGE_CURVE ( 'NONE', #3666, #3419, #2475, .T. ) ;
#437 = EDGE_CURVE ( 'NONE', #3003, #2853, #1595, .T. ) ;
#438 = ORIENTED_EDGE ( 'NONE', *, *, #291, .F. ) ;
#439 = ORIENTED_EDGE ( 'NONE', *, *, #479, .T. ) ;
#440 = CARTESIAN_POINT ( 'NONE',  ( -24.99999999999929301, -5.102190926574781571, 6.247980617592888031 ) ) ;
#441 = CARTESIAN_POINT ( 'NONE',  ( -23.69725055183905127, -41.30586316170420957, -3.249999999999960476 ) ) ;
#442 = CARTESIAN_POINT ( 'NONE',  ( -17.88931130969504935, -89.00000000000001421, 9.393409058628295227 ) ) ;
#443 = ORIENTED_EDGE ( 'NONE', *, *, #367, .F. ) ;
#444 = ORIENTED_EDGE ( 'NONE', *, *, #2539, .F. ) ;
#445 = CARTESIAN_POINT ( 'NONE',  ( 7.487964391361148664, -85.58248069711977735, 5.410411008545327860 ) ) ;
#446 = DIRECTION ( 'NONE',  ( -0.9993908270190953180, -0.03489949670251165509, -0.000000000000000000 ) ) ;
#447 = CARTESIAN_POINT ( 'NONE',  ( 18.78089103407643989, -2.585786437626905077, 18.21421356237309297 ) ) ;
#448 = CYLINDRICAL_SURFACE ( 'NONE', #1329, 1.499999999999999556 ) ;
#449 = VERTEX_POINT ( 'NONE', #1948 ) ;
#450 = CARTESIAN_POINT ( 'NONE',  ( 0.000000000000000000, 0.000000000000000000, 18.80000000000000071 ) ) ;
#451 = DIRECTION ( 'NONE',  ( 0.000000000000000000, -0.9993908270190956511, 0.03489949670250104552 ) ) ;
#452 = CARTESIAN_POINT ( 'NONE',  ( 17.00000000000000355, -1.171572875253806156, 18.80000000000000071 ) ) ;
#453 = CARTESIAN_POINT ( 'NONE',  ( -24.95551429302824786, -1.999999999999997335, 16.31471862576139742 ) ) ;
#454 = CARTESIAN_POINT ( 'NONE',  ( -24.99999999999999289, -5.795951847950102653, 3.017691685221208786 ) ) ;
#455 = DIRECTION ( 'NONE',  ( -0.000000000000000000, -0.000000000000000000, -1.000000000000000000 ) ) ;
#456 = ORIENTED_EDGE ( 'NONE', *, *, #1559, .T. ) ;
#457 = EDGE_CURVE ( 'NONE', #2972, #2564, #1213, .T. ) ;
#458 = EDGE_CURVE ( 'NONE', #4106, #3056, #2979, .T. ) ;
#459 = CARTESIAN_POINT ( 'NONE',  ( 3.200000000000001066, 3.000000000000003109, 17.00000000000000355 ) ) ;
#460 = ORIENTED_EDGE ( 'NONE', *, *, #646, .T. ) ;
#461 = VERTEX_POINT ( 'NONE', #731 ) ;
#462 = CARTESIAN_POINT ( 'NONE',  ( -24.96240816084579706, -5.076489397073531862, 0.8903856228409746665 ) ) ;
#463 = DIRECTION ( 'NONE',  ( 0.000000000000000000, -0.000000000000000000, 1.000000000000000000 ) ) ;
#464 = CARTESIAN_POINT ( 'NONE',  ( -22.13498193338863373, -86.04338301558647117, 9.906038741643364176 ) ) ;
#465 = VECTOR ( 'NONE', #2462, 1000.000000000000000 ) ;
#466 = ORIENTED_EDGE ( 'NONE', *, *, #3964, .F. ) ;
#467 = AXIS2_PLACEMENT_3D ( 'NONE', #1552, #4108, #1242 ) ;
#468 = CARTESIAN_POINT ( 'NONE',  ( -10.09590253892309164, -25.97342989771279420, 3.294796863510796925 ) ) ;
#469 = PLANE ( 'NONE',  #3215 ) ;
#470 = CYLINDRICAL_SURFACE ( 'NONE', #3059, 2.999999999999999112 ) ;
#471 = CARTESIAN_POINT ( 'NONE',  ( 2.000000000000010658, -79.00000000000001421, 0.000000000000000000 ) ) ;
#472 = DIRECTION ( 'NONE',  ( -0.9993908270190953180, -0.03489949670251165509, -0.000000000000000000 ) ) ;
#473 = LINE ( 'NONE', #2679, #2799 ) ;
#474 = LINE ( 'NONE', #1482, #2271 ) ;
#475 = ORIENTED_EDGE ( 'NONE', *, *, #2175, .F. ) ;
#476 = CARTESIAN_POINT ( 'NONE',  ( -24.55541678667341898, -16.73119750214837254, 0.2000000000000059508 ) ) ;
#477 = PLANE ( 'NONE',  #156 ) ;
#478 = EDGE_LOOP ( 'NONE', ( #1699, #2061, #3816, #1615, #3178, #1484, #3262, #2370, #3731, #3428, #3746, #3427 ) ) ;
#479 = EDGE_CURVE ( 'NONE', #2387, #2944, #713, .T. ) ;
#480 = EDGE_LOOP ( 'NONE', ( #754, #3143, #4062, #306 ) ) ;
#481 = CARTESIAN_POINT ( 'NONE',  ( 0.000000000000000000, 0.000000000000000000, 0.000000000000000000 ) ) ;
#482 = DIRECTION ( 'NONE',  ( -0.03489949670251143304, 0.9993908270190953180, 0.000000000000000000 ) ) ;
#483 = AXIS2_PLACEMENT_3D ( 'NONE', #2373, #350, #20 ) ;
#484 = CARTESIAN_POINT ( 'NONE',  ( -3.626425419873247069, -56.79656369178191966, 4.371164413746784660 ) ) ;
#485 = CARTESIAN_POINT ( 'NONE',  ( 18.00000000000000000, 30.00000000000000000, 14.00000000000000533 ) ) ;
#486 = APPLICATION_PROTOCOL_DEFINITION ( 'draft international standard', 'automotive_design', 1998, #1003 ) ;
#487 = ADVANCED_FACE ( 'NONE', ( #3274 ), #1963, .F. ) ;
#488 = EDGE_CURVE ( 'NONE', #1898, #3666, #2948, .T. ) ;
#489 = EDGE_LOOP ( 'NONE', ( #358, #3322, #695, #2809, #4057, #3363, #2115, #3926, #1703, #759, #1184 ) ) ;
#490 = CIRCLE ( 'NONE', #87, 2.000000000000001776 ) ;
#491 = DIRECTION ( 'NONE',  ( -1.000000000000000000, 1.445602896647339410E-16, -2.658695784602365822E-17 ) ) ;
#492 = VECTOR ( 'NONE', #575, 1000.000000000000000 ) ;
#493 = CARTESIAN_POINT ( 'NONE',  ( -24.99999999999999289, -2.000000000000005329, 11.64154703437737659 ) ) ;
#494 = CARTESIAN_POINT ( 'NONE',  ( 5.000000000000000888, 25.00000000000000000, 18.80000000000000071 ) ) ;
#495 = VECTOR ( 'NONE', #589, 999.9999999999998863 ) ;
#496 = CARTESIAN_POINT ( 'NONE',  ( -21.49786659495411456, 0.000000000000000000, -3.099847599695185085 ) ) ;
#497 = LINE ( 'NONE', #3027, #365 ) ;
#498 = LINE ( 'NONE', #4016, #305 ) ;
#499 = CARTESIAN_POINT ( 'NONE',  ( 3.200000000000001510, 3.000000000000003109, -18.80000000000000782 ) ) ;
#500 = VECTOR ( 'NONE', #752, 1000.000000000000000 ) ;
#501 = VERTEX_POINT ( 'NONE', #2987 ) ;
#502 = AXIS2_PLACEMENT_3D ( 'NONE', #1249, #3829, #331 ) ;
#503 = AXIS2_PLACEMENT_3D ( 'NONE', #929, #3849, #3477 ) ;
#504 = CARTESIAN_POINT ( 'NONE',  ( -24.99999999999999289, -6.184244970897950111, 3.840709937785213413 ) ) ;
#505 = DIRECTION ( 'NONE',  ( 0.000000000000000000, 1.000000000000000000, 0.000000000000000000 ) ) ;
#506 = VECTOR ( 'NONE', #3009, 1000.000000000000000 ) ;
#507 = CARTESIAN_POINT ( 'NONE',  ( -17.70090558972447781, -41.09646618148914143, 3.250000000000038636 ) ) ;
#508 =( BOUNDED_CURVE ( )  B_SPLINE_CURVE ( 3, ( #1668, #53, #1030, #2314 ),
 .UNSPECIFIED., .F., .F. ) 
 B_SPLINE_CURVE_WITH_KNOTS ( ( 4, 4 ),
 ( 4.712388980384684345, 5.639684198386291314 ),
 .UNSPECIFIED. ) 
 CURVE ( )  GEOMETRIC_REPRESENTATION_ITEM ( )  RATIONAL_B_SPLINE_CURVE ( ( 1.000000000000000000, 0.9296181273332779771, 0.9296181273332779771, 1.000000000000000000 ) ) 
 REPRESENTATION_ITEM ( '' )  );
#509 = ORIENTED_EDGE ( 'NONE', *, *, #4144, .T. ) ;
#510 = CIRCLE ( 'NONE', #2735, 3.500000000000000444 ) ;
#511 = CARTESIAN_POINT ( 'NONE',  ( -24.99185268332636767, -4.589662284614643539, 1.958121190253133768E-15 ) ) ;
#512 = ADVANCED_FACE ( 'NONE', ( #1375 ), #806, .F. ) ;
#513 = VECTOR ( 'NONE', #2939, 1000.000000000000000 ) ;
#514 = CARTESIAN_POINT ( 'NONE',  ( 21.62798364287688457, -16.61935193785070553, -3.099999999999988987 ) ) ;
#515 = DIRECTION ( 'NONE',  ( 0.000000000000000000, -1.000000000000000000, 0.000000000000000000 ) ) ;
#516 = ORIENTED_EDGE ( 'NONE', *, *, #878, .T. ) ;
#517 = EDGE_CURVE ( 'NONE', #640, #3031, #1343, .T. ) ;
#518 = FILL_AREA_STYLE ('',( #4046 ) ) ;
#519 = ADVANCED_FACE ( 'NONE', ( #3933 ), #1059, .F. ) ;
#520 = CARTESIAN_POINT ( 'NONE',  ( -3.248869333786438496, -24.51804806198854791, 3.294796863510796925 ) ) ;
#521 = CARTESIAN_POINT ( 'NONE',  ( -24.99999999999998934, -5.963813704579046693, 3.389118755670398997 ) ) ;
#522 = ORIENTED_EDGE ( 'NONE', *, *, #773, .T. ) ;
#523 = CARTESIAN_POINT ( 'NONE',  ( -3.141939053227974288, 0.000000000000000000, 6.029601188155563563 ) ) ;
#524 = CARTESIAN_POINT ( 'NONE',  ( 16.00000000000000000, 23.00000000000000355, 3.000000000000000888 ) ) ;
#525 = DIRECTION ( 'NONE',  ( -1.000000000000000000, 1.445602896647339410E-16, -0.000000000000000000 ) ) ;
#526 = CARTESIAN_POINT ( 'NONE',  ( -4.026400864129392687, -54.52819022647847902, 4.291951066843727070 ) ) ;
#527 = ORIENTED_EDGE ( 'NONE', *, *, #863, .F. ) ;
#528 = CARTESIAN_POINT ( 'NONE',  ( -3.751235286647874201, -55.78634710622019810, 7.838020278271519814 ) ) ;
#529 = CARTESIAN_POINT ( 'NONE',  ( -6.000000000000000000, -79.00000000000001421, 19.96581550227846691 ) ) ;
#530 = EDGE_LOOP ( 'NONE', ( #3695, #1464, #3758, #3777 ) ) ;
#531 = ORIENTED_EDGE ( 'NONE', *, *, #437, .T. ) ;
#532 = PLANE ( 'NONE',  #3246 ) ;
#533 =( BOUNDED_SURFACE ( )  B_SPLINE_SURFACE ( 3, 1, ( 
 ( #597, #1596 ),
 ( #1218, #3835 ),
 ( #1884, #937 ),
 ( #3796, #3170 ) ),
 .UNSPECIFIED., .F., .F., .F. ) 
 B_SPLINE_SURFACE_WITH_KNOTS ( ( 4, 4 ),
 ( 2, 2 ),
 ( 0.000000000000000000, 1.000000000000000000 ),
 ( 0.000000000000000000, 1.000000000000000000 ),
 .UNSPECIFIED. ) 
 GEOMETRIC_REPRESENTATION_ITEM ( )  RATIONAL_B_SPLINE_SURFACE ( (
 ( 1.000000000000000000, 1.000000000000000000),
 ( 0.8044506872272227938, 0.8044506872272227938),
 ( 0.8044506872272227938, 0.8044506872272227938),
 ( 1.000000000000000000, 1.000000000000000000) ) ) 
 REPRESENTATION_ITEM ( '' )  SURFACE ( )  );
#534 = CARTESIAN_POINT ( 'NONE',  ( 0.8664937948051940619, -76.20184218958407030, 8.094992649485181602 ) ) ;
#535 =( NAMED_UNIT ( * ) SI_UNIT ( $, .STERADIAN. ) SOLID_ANGLE_UNIT ( ) );
#536 = VERTEX_POINT ( 'NONE', #976 ) ;
#537 = FACE_OUTER_BOUND ( 'NONE', #2505, .T. ) ;
#538 = LINE ( 'NONE', #3227, #2185 ) ;
#539 = CARTESIAN_POINT ( 'NONE',  ( -24.99999999999999289, -2.745639799779016954, 8.484700332268934275 ) ) ;
#540 = EDGE_LOOP ( 'NONE', ( #1778, #595, #3305, #578 ) ) ;
#541 = EDGE_CURVE ( 'NONE', #2542, #3419, #2266, .T. ) ;
#542 = EDGE_CURVE ( 'NONE', #813, #1719, #3234, .T. ) ;
#543 = AXIS2_PLACEMENT_3D ( 'NONE', #1801, #171, #1158 ) ;
#544 = CARTESIAN_POINT ( 'NONE',  ( 12.00000000000000355, 13.99999999999999822, 10.00000000000000000 ) ) ;
#545 = AXIS2_PLACEMENT_3D ( 'NONE', #3901, #2313, #308 ) ;
#546 = DIRECTION ( 'NONE',  ( -0.000000000000000000, 1.000000000000000000, -0.000000000000000000 ) ) ;
#547 = DIRECTION ( 'NONE',  ( -0.000000000000000000, -0.000000000000000000, -1.000000000000000000 ) ) ;
#548 = EDGE_CURVE ( 'NONE', #3478, #3942, #3805, .T. ) ;
#549 = VERTEX_POINT ( 'NONE', #3354 ) ;
#550 = CARTESIAN_POINT ( 'NONE',  ( 5.000000000000000888, 3.000000000000002665, 18.80000000000000071 ) ) ;
#551 = CARTESIAN_POINT ( 'NONE',  ( -24.89889384336390066, -6.895301509892440173, 3.621871180366213583 ) ) ;
#552 = PLANE ( 'NONE',  #33 ) ;
#553 = VERTEX_POINT ( 'NONE', #2446 ) ;
#554 = ORIENTED_EDGE ( 'NONE', *, *, #3203, .F. ) ;
#555 = CARTESIAN_POINT ( 'NONE',  ( -24.99999999999999289, -4.707777512806173625, 1.045251786737093624 ) ) ;
#556 = DIRECTION ( 'NONE',  ( 0.000000000000000000, 0.000000000000000000, -1.000000000000000000 ) ) ;
#557 = CARTESIAN_POINT ( 'NONE',  ( 20.00000000000000355, 13.99999999999999822, 10.00000000000000000 ) ) ;
#558 = EDGE_LOOP ( 'NONE', ( #531, #3553 ) ) ;
#559 = CIRCLE ( 'NONE', #2192, 3.000000000000000444 ) ;
#560 = DIRECTION ( 'NONE',  ( 1.000000000000000000, 0.000000000000000000, 0.000000000000000000 ) ) ;
#561 = CARTESIAN_POINT ( 'NONE',  ( 1.404203485069676072, -6.223542864692427123, 2.541848489443937265 ) ) ;
#562 = CARTESIAN_POINT ( 'NONE',  ( -15.30875404182143917, -84.99999999999998579, 0.000000000000000000 ) ) ;
#563 = CIRCLE ( 'NONE', #1847, 1.800000000000000266 ) ;
#564 = ORIENTED_EDGE ( 'NONE', *, *, #1735, .T. ) ;
#565 = CYLINDRICAL_SURFACE ( 'NONE', #1913, 3.000000000000004441 ) ;
#566 = CIRCLE ( 'NONE', #3462, 4.000000000000005329 ) ;
#567 = CARTESIAN_POINT ( 'NONE',  ( 4.301980963936875568, -4.000000000000000888, -18.80000000000000071 ) ) ;
#568 = CARTESIAN_POINT ( 'NONE',  ( -2.048471910250522221, -30.07573414799761835, 10.44231929472796416 ) ) ;
#569 = EDGE_CURVE ( 'NONE', #3177, #3383, #2385, .T. ) ;
#570 = AXIS2_PLACEMENT_3D ( 'NONE', #2507, #2800, #3180 ) ;
#571 = VERTEX_POINT ( 'NONE', #3727 ) ;
#572 = DIRECTION ( 'NONE',  ( 0.000000000000000000, 1.000000000000000000, 0.000000000000000000 ) ) ;
#573 = DIRECTION ( 'NONE',  ( 1.020425574104004122E-16, -1.000000000000000000, -0.000000000000000000 ) ) ;
#574 = ADVANCED_FACE ( 'NONE', ( #3639 ), #2045, .F. ) ;
#575 = DIRECTION ( 'NONE',  ( 0.000000000000000000, -2.897332229364734730E-16, 1.000000000000000000 ) ) ;
#576 = VERTEX_POINT ( 'NONE', #1732 ) ;
#577 = AXIS2_PLACEMENT_3D ( 'NONE', #1634, #2303, #2965 ) ;
#578 = ORIENTED_EDGE ( 'NONE', *, *, #3459, .F. ) ;
#579 = VECTOR ( 'NONE', #455, 1000.000000000000000 ) ;
#580 = DIRECTION ( 'NONE',  ( 0.000000000000000000, -1.000000000000000000, 0.000000000000000000 ) ) ;
#581 = AXIS2_PLACEMENT_3D ( 'NONE', #1560, #4137, #2531 ) ;
#582 = CARTESIAN_POINT ( 'NONE',  ( 4.301980963936875568, -7.000000000000000888, -18.80000000000000071 ) ) ;
#583 = CARTESIAN_POINT ( 'NONE',  ( -24.50306754161965017, -18.23028374267701679, 0.000000000000000000 ) ) ;
#584 = ORIENTED_EDGE ( 'NONE', *, *, #745, .F. ) ;
#585 = CIRCLE ( 'NONE', #1129, 1.800000000000000266 ) ;
#586 = VERTEX_POINT ( 'NONE', #3008 ) ;
#587 = CARTESIAN_POINT ( 'NONE',  ( 0.4974691126510223382, -89.00000000000000000, 9.393409058628293451 ) ) ;
#588 = DIRECTION ( 'NONE',  ( 0.9993908270190953180, 0.03489949670251181468, -0.000000000000000000 ) ) ;
#589 = DIRECTION ( 'NONE',  ( -0.03487826274238546576, 0.9987827659587179552, -0.03487826274237467578 ) ) ;
#590 = ORIENTED_EDGE ( 'NONE', *, *, #1892, .F. ) ;
#591 = CARTESIAN_POINT ( 'NONE',  ( -24.48224247087575733, -3.999999999997751132, 6.117402680517484370 ) ) ;
#592 = DIRECTION ( 'NONE',  ( -1.000000000000000000, 0.000000000000000000, 0.000000000000000000 ) ) ;
#593 = CARTESIAN_POINT ( 'NONE',  ( -16.14725322742942026, -85.50000000000000000, 8.875643901733008434 ) ) ;
#594 = DIRECTION ( 'NONE',  ( 0.03489949670251164121, -0.9993908270190953180, -1.480858017719437516E-16 ) ) ;
#595 = ORIENTED_EDGE ( 'NONE', *, *, #3765, .T. ) ;
#596 = EDGE_CURVE ( 'NONE', #3003, #3349, #3686, .T. ) ;
#597 = CARTESIAN_POINT ( 'NONE',  ( -21.49786659495411811, -4.000000000000003553, 3.525030534209192545 ) ) ;
#598 = LINE ( 'NONE', #2891, #3479 ) ;
#599 = ORIENTED_EDGE ( 'NONE', *, *, #3542, .F. ) ;
#600 = ORIENTED_EDGE ( 'NONE', *, *, #804, .T. ) ;
#601 = EDGE_CURVE ( 'NONE', #665, #341, #433, .T. ) ;
#602 = EDGE_CURVE ( 'NONE', #3078, #1291, #2864, .T. ) ;
#603 = PLANE ( 'NONE',  #3030 ) ;
#604 = FACE_OUTER_BOUND ( 'NONE', #877, .T. ) ;
#605 = ORIENTED_EDGE ( 'NONE', *, *, #2484, .F. ) ;
#606 = ORIENTED_EDGE ( 'NONE', *, *, #2960, .F. ) ;
#607 =( LENGTH_UNIT ( ) NAMED_UNIT ( * ) SI_UNIT ( .MILLI., .METRE. ) );
#608 = CARTESIAN_POINT ( 'NONE',  ( -4.781143374583298744, -3.999999999999999112, 12.63832553457669761 ) ) ;
#609 = EDGE_LOOP ( 'NONE', ( #1742, #323 ) ) ;
#610 = CARTESIAN_POINT ( 'NONE',  ( -24.93977742833730460, -4.000000000000005329, 2.668494797186669931 ) ) ;
#611 = CARTESIAN_POINT ( 'NONE',  ( -18.99329594100774443, -4.000000000000003553, 6.029601188155562674 ) ) ;
#612 = CARTESIAN_POINT ( 'NONE',  ( 7.487964391361149552, -85.58248069711977735, 0.000000000000000000 ) ) ;
#613 = FACE_OUTER_BOUND ( 'NONE', #478, .T. ) ;
#614 = ORIENTED_EDGE ( 'NONE', *, *, #2141, .T. ) ;
#615 = CARTESIAN_POINT ( 'NONE',  ( -2.680958849085851803, -27.18985682779957713, 3.350188414204780418 ) ) ;
#616 = DIRECTION ( 'NONE',  ( -1.000000000000000000, 0.000000000000000000, 0.000000000000000000 ) ) ;
#617 = ORIENTED_EDGE ( 'NONE', *, *, #828, .T. ) ;
#618 = AXIS2_PLACEMENT_3D ( 'NONE', #2552, #386, #4156 ) ;
#619 = ORIENTED_EDGE ( 'NONE', *, *, #1868, .F. ) ;
#620 = CARTESIAN_POINT ( 'NONE',  ( -25.44153373805920282, -62.99039891357538323, 0.2001524003048087141 ) ) ;
#621 = CARTESIAN_POINT ( 'NONE',  ( -17.61955265151901528, -89.00000000000000000, 12.34048916385328098 ) ) ;
#622 = EDGE_CURVE ( 'NONE', #3646, #1304, #498, .T. ) ;
#623 = VERTEX_POINT ( 'NONE', #454 ) ;
#624 = DIRECTION ( 'NONE',  ( -0.2586719321207326949, -0.9653767931665647728, 0.03371170046685230404 ) ) ;
#625 = CARTESIAN_POINT ( 'NONE',  ( 4.301980963932307667, -4.000000000000000888, 3.859353239809456326 ) ) ;
#626 = EDGE_CURVE ( 'NONE', #3837, #641, #644, .T. ) ;
#627 = DIRECTION ( 'NONE',  ( -0.000000000000000000, -0.000000000000000000, -1.000000000000000000 ) ) ;
#628 = EDGE_CURVE ( 'NONE', #2937, #3317, #2425, .T. ) ;
#629 = VERTEX_POINT ( 'NONE', #843 ) ;
#630 = FACE_OUTER_BOUND ( 'NONE', #1609, .T. ) ;
#631 = DIRECTION ( 'NONE',  ( -5.168119950628745554E-18, 1.479955919026486811E-16, -1.000000000000000000 ) ) ;
#632 = AXIS2_PLACEMENT_3D ( 'NONE', #2678, #139, #1126 ) ;
#633 = CARTESIAN_POINT ( 'NONE',  ( -24.97561203025059839, -4.698380078799596404, 1.958121190253133768E-15 ) ) ;
#634 = ORIENTED_EDGE ( 'NONE', *, *, #989, .F. ) ;
#635 = AXIS2_PLACEMENT_3D ( 'NONE', #2277, #1009, #1334 ) ;
#636 = DIRECTION ( 'NONE',  ( 0.000000000000000000, 0.000000000000000000, 1.000000000000000000 ) ) ;
#637 = AXIS2_PLACEMENT_3D ( 'NONE', #450, #560, #2822 ) ;
#638 = CARTESIAN_POINT ( 'NONE',  ( -12.30875404182144095, -84.99999999999998579, 3.000000000000001332 ) ) ;
#639 = AXIS2_PLACEMENT_3D ( 'NONE', #824, #4039, #3129 ) ;
#640 = VERTEX_POINT ( 'NONE', #2698 ) ;
#641 = VERTEX_POINT ( 'NONE', #3422 ) ;
#642 = LINE ( 'NONE', #280, #2700 ) ;
#643 = DIRECTION ( 'NONE',  ( 0.000000000000000000, 0.000000000000000000, -1.000000000000000000 ) ) ;
#644 = CIRCLE ( 'NONE', #2662, 1.499999999999999556 ) ;
#645 = ORIENTED_EDGE ( 'NONE', *, *, #3711, .F. ) ;
#646 = EDGE_CURVE ( 'NONE', #2286, #962, #3332, .T. ) ;
#647 = AXIS2_PLACEMENT_3D ( 'NONE', #1273, #879, #2164 ) ;
#648 = LINE ( 'NONE', #763, #3596 ) ;
#650 = AXIS2_PLACEMENT_3D ( 'NONE', #998, #2622, #711 ) ;
#649 = CARTESIAN_POINT ( 'NONE',  ( 20.00000000000000355, -4.000000000000003553, 15.80000000000000071 ) ) ;
#651 = DIRECTION ( 'NONE',  ( -1.264962724470827817E-16, 0.000000000000000000, 1.000000000000000000 ) ) ;
#652 = ORIENTED_EDGE ( 'NONE', *, *, #2759, .T. ) ;
#653 = EDGE_CURVE ( 'NONE', #2909, #1408, #3993, .T. ) ;
#654 = EDGE_CURVE ( 'NONE', #1546, #3343, #2464, .T. ) ;
#655 = CARTESIAN_POINT ( 'NONE',  ( 7.486081066468378786, -85.56908014420035613, 6.324117721879265019 ) ) ;
#656 = CARTESIAN_POINT ( 'NONE',  ( -1.362376619431593383, -33.39329848725451200, 10.23014998303639622 ) ) ;
#657 = CARTESIAN_POINT ( 'NONE',  ( 20.00000000000000355, 13.99999999999999822, 10.00000000000000000 ) ) ;
#658 = DIRECTION ( 'NONE',  ( 1.000000000000000000, 0.000000000000000000, 1.264962724470827817E-16 ) ) ;
#659 = DIRECTION ( 'NONE',  ( 0.9993908270190953180, 0.03489949670251165509, 0.000000000000000000 ) ) ;
#660 = VERTEX_POINT ( 'NONE', #1099 ) ;
#661 = ORIENTED_EDGE ( 'NONE', *, *, #958, .T. ) ;
#662 = CARTESIAN_POINT ( 'NONE',  ( -23.92409728040537331, -34.80982278608009040, -3.099847599695185085 ) ) ;
#663 = CARTESIAN_POINT ( 'NONE',  ( -16.48245452830991908, -89.00000000000001421, 9.393409074876192477 ) ) ;
#664 = VERTEX_POINT ( 'NONE', #819 ) ;
#665 = VERTEX_POINT ( 'NONE', #778 ) ;
#666 = FACE_OUTER_BOUND ( 'NONE', #3254, .T. ) ;
#667 = PLANE ( 'NONE',  #3860 ) ;
#668 = CYLINDRICAL_SURFACE ( 'NONE', #2665, 3.000000000000004441 ) ;
#669 = ORIENTED_EDGE ( 'NONE', *, *, #2015, .T. ) ;
#670 = DIRECTION ( 'NONE',  ( -0.000000000000000000, 1.000000000000000000, -0.000000000000000000 ) ) ;
#671 = DIRECTION ( 'NONE',  ( -0.000000000000000000, -1.000000000000000000, -0.000000000000000000 ) ) ;
#672 =( BOUNDED_CURVE ( )  B_SPLINE_CURVE ( 3, ( #1826, #2529, #1515, #587 ),
 .UNSPECIFIED., .F., .F. ) 
 B_SPLINE_CURVE_WITH_KNOTS ( ( 4, 4 ),
 ( 2.900467975560225842, 4.466407212079577249 ),
 .UNSPECIFIED. ) 
 CURVE ( )  GEOMETRIC_REPRESENTATION_ITEM ( )  RATIONAL_B_SPLINE_CURVE ( ( 1.000000000000000000, 0.8058812900243939037, 0.8058812900243939037, 1.000000000000000000 ) ) 
 REPRESENTATION_ITEM ( '' )  );
#673 = CARTESIAN_POINT ( 'NONE',  ( -18.99329594100774443, -4.000000000000003553, 6.029601188155562674 ) ) ;
#674 = EDGE_CURVE ( 'NONE', #683, #2774, #1813, .T. ) ;
#675 = DIRECTION ( 'NONE',  ( 0.000000000000000000, 1.000000000000000000, 0.000000000000000000 ) ) ;
#676 = CARTESIAN_POINT ( 'NONE',  ( 19.98716807535507911, -4.000000000000008882, 16.10985927769464610 ) ) ;
#677 = EDGE_CURVE ( 'NONE', #2630, #870, #3540, .T. ) ;
#678 = EDGE_CURVE ( 'NONE', #1080, #2000, #1127, .T. ) ;
#679 = ORIENTED_EDGE ( 'NONE', *, *, #2658, .F. ) ;
#680 = VERTEX_POINT ( 'NONE', #3076 ) ;
#681 = CARTESIAN_POINT ( 'NONE',  ( -6.000000000000000000, -79.00000000000001421, 8.648658900036650721 ) ) ;
#682 = PLANE ( 'NONE',  #2719 ) ;
#683 = VERTEX_POINT ( 'NONE', #184 ) ;
#684 = EDGE_LOOP ( 'NONE', ( #1208, #3431, #67, #1264 ) ) ;
#685 = CARTESIAN_POINT ( 'NONE',  ( -21.49786659495411811, 0.000000000000000000, 4.991803722252002196 ) ) ;
#686 = LINE ( 'NONE', #3903, #3336 ) ;
#687 = ORIENTED_EDGE ( 'NONE', *, *, #3787, .F. ) ;
#688 = CARTESIAN_POINT ( 'NONE',  ( 4.517160185133724859, -89.00000000000000000, 5.932798104614184886 ) ) ;
#689 = CARTESIAN_POINT ( 'NONE',  ( 1.000000000000010436, -78.85307454909974467, 11.98767293780032617 ) ) ;
#690 = DIRECTION ( 'NONE',  ( -1.020425574104004122E-16, 1.000000000000000000, 0.000000000000000000 ) ) ;
#691 = VECTOR ( 'NONE', #2131, 1000.000000000000000 ) ;
#692 = EDGE_CURVE ( 'NONE', #683, #536, #473, .T. ) ;
#693 = CARTESIAN_POINT ( 'NONE',  ( -1.034303510779430724, -75.11832120201748353, 8.513107689491297592 ) ) ;
#694 = DIRECTION ( 'NONE',  ( 0.000000000000000000, 0.000000000000000000, -1.000000000000000000 ) ) ;
#695 = ORIENTED_EDGE ( 'NONE', *, *, #3964, .T. ) ;
#696 = ORIENTED_EDGE ( 'NONE', *, *, #1561, .T. ) ;
#697 = ADVANCED_FACE ( 'NONE', ( #1278 ), #3752, .T. ) ;
#698 = EDGE_CURVE ( 'NONE', #3299, #1676, #2172, .T. ) ;
#699 = DIRECTION ( 'NONE',  ( 0.9902680687415699179, 0.1391731009600689628, -0.000000000000000000 ) ) ;
#700 = AXIS2_PLACEMENT_3D ( 'NONE', #1840, #1177, #1799 ) ;
#701 = CARTESIAN_POINT ( 'NONE',  ( -19.13466826877932192, -89.00000000000001421, 6.387924273892655158 ) ) ;
#702 = ORIENTED_EDGE ( 'NONE', *, *, #3182, .F. ) ;
#703 = ORIENTED_EDGE ( 'NONE', *, *, #1784, .T. ) ;
#704 = CARTESIAN_POINT ( 'NONE',  ( 16.90000000000000568, 15.49999999999999645, 10.00000000000000000 ) ) ;
#705 = CARTESIAN_POINT ( 'NONE',  ( -15.30875404182143917, -89.00000000000000000, -3.099847599695185085 ) ) ;
#706 = LINE ( 'NONE', #1337, #3406 ) ;
#707 = ORIENTED_EDGE ( 'NONE', *, *, #2065, .T. ) ;
#708 = AXIS2_PLACEMENT_3D ( 'NONE', #3893, #2343, #2284 ) ;
#709 = VECTOR ( 'NONE', #3423, 1000.000000000000000 ) ;
#710 = DIRECTION ( 'NONE',  ( 0.000000000000000000, 0.000000000000000000, -1.000000000000000000 ) ) ;
#711 = DIRECTION ( 'NONE',  ( -1.000000000000000000, 0.000000000000000000, 0.000000000000000000 ) ) ;
#712 = AXIS2_PLACEMENT_3D ( 'NONE', #2850, #4024, #2752 ) ;
#713 = LINE ( 'NONE', #1712, #1660 ) ;
#714 = CARTESIAN_POINT ( 'NONE',  ( -20.99821974771231581, -18.30801366962204924, 3.700000000000005063 ) ) ;
#715 = EDGE_LOOP ( 'NONE', ( #2969, #707, #1345, #1272 ) ) ;
#716 = ORIENTED_EDGE ( 'NONE', *, *, #3563, .T. ) ;
#717 = LINE ( 'NONE', #756, #2652 ) ;
#718 = FACE_OUTER_BOUND ( 'NONE', #1807, .T. ) ;
#719 = ORIENTED_EDGE ( 'NONE', *, *, #2863, .T. ) ;
#720 = EDGE_CURVE ( 'NONE', #2291, #536, #3147, .T. ) ;
#721 = EDGE_CURVE ( 'NONE', #917, #3942, #3832, .T. ) ;
#722 = VERTEX_POINT ( 'NONE', #952 ) ;
#723 = CARTESIAN_POINT ( 'NONE',  ( -23.19473273892602094, -4.045885023194995433, 10.86911272208730495 ) ) ;
#724 = CARTESIAN_POINT ( 'NONE',  ( -2.308754041821444059, -89.00000000000000000, 3.000000000000000444 ) ) ;
#725 = FACE_OUTER_BOUND ( 'NONE', #2455, .T. ) ;
#726 = EDGE_CURVE ( 'NONE', #449, #1800, #1902, .T. ) ;
#727 = ORIENTED_EDGE ( 'NONE', *, *, #2734, .F. ) ;
#728 = DIRECTION ( 'NONE',  ( -0.2077905067623293245, 0.9775774745778875729, -0.03413775765005937213 ) ) ;
#729 = CARTESIAN_POINT ( 'NONE',  ( -24.50306754161965017, -18.23028374267701679, -3.099847599695183309 ) ) ;
#730 = LINE ( 'NONE', #817, #1718 ) ;
#731 = CARTESIAN_POINT ( 'NONE',  ( 16.90000000000000568, 12.09999999999999787, 10.00000000000000000 ) ) ;
#732 = LINE ( 'NONE', #1675, #1665 ) ;
#733 = ORIENTED_EDGE ( 'NONE', *, *, #3438, .F. ) ;
#734 = ORIENTED_EDGE ( 'NONE', *, *, #3094, .T. ) ;
#735 = CARTESIAN_POINT ( 'NONE',  ( -25.37871464399468024, -64.78930240220975634, 0.2001524003048089362 ) ) ;
#736 = DIRECTION ( 'NONE',  ( -0.000000000000000000, 1.000000000000000000, -0.000000000000000000 ) ) ;
#737 = VERTEX_POINT ( 'NONE', #612 ) ;
#738 = ORIENTED_EDGE ( 'NONE', *, *, #2688, .T. ) ;
#739 = EDGE_CURVE ( 'NONE', #641, #1252, #3790, .T. ) ;
#740 = CARTESIAN_POINT ( 'NONE',  ( -2.404303837561633017, -83.14196064265541963, 12.29543275792858559 ) ) ;
#741 = DIRECTION ( 'NONE',  ( 0.000000000000000000, 0.000000000000000000, -1.000000000000000000 ) ) ;
#742 = CARTESIAN_POINT ( 'NONE',  ( 17.00000000000000000, 30.00000000000000000, 15.80000000000000071 ) ) ;
#743 = ORIENTED_EDGE ( 'NONE', *, *, #2873, .T. ) ;
#744 = B_SPLINE_CURVE_WITH_KNOTS ( 'NONE', 3,
 ( #2004, #1019, #2988, #3253 ),
 .UNSPECIFIED., .F., .F.,
 ( 4, 4 ),
 ( -1.550607852409561911E-05, 0.001060564652822964258 ),
 .UNSPECIFIED. ) ;
#745 = EDGE_CURVE ( 'NONE', #1487, #586, #3188, .T. ) ;
#746 = DIRECTION ( 'NONE',  ( 1.000000000000000000, 1.020425574104004122E-16, 0.000000000000000000 ) ) ;
#747 = EDGE_CURVE ( 'NONE', #576, #2804, #1567, .T. ) ;
#748 = FACE_OUTER_BOUND ( 'NONE', #530, .T. ) ;
#749 =( BOUNDED_CURVE ( )  B_SPLINE_CURVE ( 3, ( #2130, #523, #199, #2372 ),
 .UNSPECIFIED., .F., .F. ) 
 B_SPLINE_CURVE_WITH_KNOTS ( ( 4, 4 ),
 ( 4.578200029734797560, 6.158029133772611630 ),
 .UNSPECIFIED. ) 
 CURVE ( )  GEOMETRIC_REPRESENTATION_ITEM ( )  RATIONAL_B_SPLINE_CURVE ( ( 1.000000000000000000, 0.8026040075570932686, 0.8026040075570932686, 1.000000000000000000 ) ) 
 REPRESENTATION_ITEM ( '' )  );
#750 = CARTESIAN_POINT ( 'NONE',  ( -24.94124607187393039, -5.682492367183709092, 1.862123710781375951 ) ) ;
#751 = CARTESIAN_POINT ( 'NONE',  ( -1.693629142100349583E-16, -1.171572875253802826, 18.80000000000000071 ) ) ;
#752 = DIRECTION ( 'NONE',  ( -0.000000000000000000, -0.000000000000000000, 1.000000000000000000 ) ) ;
#753 = VERTEX_POINT ( 'NONE', #1880 ) ;
#754 = ORIENTED_EDGE ( 'NONE', *, *, #2350, .T. ) ;
#755 = VECTOR ( 'NONE', #3585, 1000.000000000000227 ) ;
#756 = CARTESIAN_POINT ( 'NONE',  ( 21.62798364287688457, -16.61935193785070553, -3.099999999999988987 ) ) ;
#757 = VECTOR ( 'NONE', #670, 1000.000000000000000 ) ;
#758 = PLANE ( 'NONE',  #2925 ) ;
#759 = ORIENTED_EDGE ( 'NONE', *, *, #1286, .T. ) ;
#760 = ORIENTED_EDGE ( 'NONE', *, *, #3564, .F. ) ;
#761 = VECTOR ( 'NONE', #3990, 1000.000000000000114 ) ;
#762 = CARTESIAN_POINT ( 'NONE',  ( 4.182292941936510466, -89.00000000000000000, 11.79696014117929792 ) ) ;
#763 = CARTESIAN_POINT ( 'NONE',  ( -21.23553632528939517, -11.51215604589220298, 18.80000000000000071 ) ) ;
#764 = VECTOR ( 'NONE', #1318, 1000.000000000000000 ) ;
#765 = DIRECTION ( 'NONE',  ( 0.000000000000000000, 0.000000000000000000, 1.000000000000000000 ) ) ;
#766 = CARTESIAN_POINT ( 'NONE',  ( -23.68055292895398267, -4.447383879447667887, 9.297153503800400287 ) ) ;
#767 = AXIS2_PLACEMENT_3D ( 'NONE', #1046, #2705, #2332 ) ;
#768 = ORIENTED_EDGE ( 'NONE', *, *, #677, .T. ) ;
#769 = EDGE_CURVE ( 'NONE', #2790, #1866, #1566, .T. ) ;
#770 = DIRECTION ( 'NONE',  ( -0.03489949670251233510, 0.9993908270190953180, 0.000000000000000000 ) ) ;
#771 = DIRECTION ( 'NONE',  ( 0.03487826274238545882, -0.9987827659587178442, 0.03487826274237468271 ) ) ;
#772 = VECTOR ( 'NONE', #3615, 1000.000000000000000 ) ;
#773 = EDGE_CURVE ( 'NONE', #2570, #1820, #1829, .T. ) ;
#774 = EDGE_CURVE ( 'NONE', #2669, #3568, #2827, .T. ) ;
#775 = VECTOR ( 'NONE', #2103, 1000.000000000000114 ) ;
#776 = CARTESIAN_POINT ( 'NONE',  ( -24.96075909285690742, -5.123712556000471707, 0.9686784050689339898 ) ) ;
#777 = CARTESIAN_POINT ( 'NONE',  ( -6.144293759740840244, -7.000000000000000000, 12.63832553457314845 ) ) ;
#778 = CARTESIAN_POINT ( 'NONE',  ( 2.626634990544307158, -76.14086253815877114, 2.999999999999999112 ) ) ;
#779 = LINE ( 'NONE', #3833, #3874 ) ;
#780 = AXIS2_PLACEMENT_3D ( 'NONE', #1447, #112, #3319 ) ;
#781 = VERTEX_POINT ( 'NONE', #888 ) ;
#782 =( BOUNDED_SURFACE ( )  B_SPLINE_SURFACE ( 3, 2, ( 
 ( #4019, #2411, #3756 ),
 ( #1154, #2704, #3032 ),
 ( #207, #1756, #143 ),
 ( #2724, #1798, #2767 ) ),
 .UNSPECIFIED., .F., .F., .F. ) 
 B_SPLINE_SURFACE_WITH_KNOTS ( ( 4, 4 ),
 ( 3, 3 ),
 ( 4.852015320544239785, 4.921828490623999741 ),
 ( 0.000000000000000000, 1.000000000000000000 ),
 .UNSPECIFIED. ) 
 GEOMETRIC_REPRESENTATION_ITEM ( )  RATIONAL_B_SPLINE_SURFACE ( (
 ( 1.000000000000000000, 0.7088219350365903004, 1.000000000000000000),
 ( 1.000000000000000000, 0.7091055905401965065, 1.000000000000000000),
 ( 1.000000000000000000, 0.7093876830833306668, 1.000000000000000000),
 ( 1.000000000000000000, 0.7096675324995873613, 1.000000000000000000) ) ) 
 REPRESENTATION_ITEM ( '' )  SURFACE ( )  );
#783 = ORIENTED_EDGE ( 'NONE', *, *, #542, .F. ) ;
#784 = CARTESIAN_POINT ( 'NONE',  ( -4.254246033653718229, -13.81820239258469663, 18.80000000000000071 ) ) ;
#785 = CARTESIAN_POINT ( 'NONE',  ( -19.99882892069323148, -18.27311417291954854, 6.025894985680900540 ) ) ;
#786 = ORIENTED_EDGE ( 'NONE', *, *, #3120, .T. ) ;
#787 = ORIENTED_EDGE ( 'NONE', *, *, #3209, .F. ) ;
#788 = CARTESIAN_POINT ( 'NONE',  ( -24.99999999999999289, -4.364245449900245433, -0.01905536298539567408 ) ) ;
#789 = CARTESIAN_POINT ( 'NONE',  ( 3.305451061317741690, -55.82235198506143092, 4.371164413746783772 ) ) ;
#790 = LINE ( 'NONE', #1765, #3128 ) ;
#791 = VERTEX_POINT ( 'NONE', #2223 ) ;
#792 = FACE_OUTER_BOUND ( 'NONE', #3701, .T. ) ;
#793 = FACE_BOUND ( 'NONE', #558, .T. ) ;
#794 = CARTESIAN_POINT ( 'NONE',  ( -24.99999999999998934, -4.823030815077558486, 5.470397635564633987 ) ) ;
#795 = CARTESIAN_POINT ( 'NONE',  ( 5.000000000000000888, 25.00000000000000000, 17.00000000000000355 ) ) ;
#796 = CARTESIAN_POINT ( 'NONE',  ( 2.626634990544307158, -76.14086253815877114, 0.000000000000000000 ) ) ;
#797 = CARTESIAN_POINT ( 'NONE',  ( -16.02041342017244574, -89.21946558872203070, 6.504006641442204639 ) ) ;
#798 = DIRECTION ( 'NONE',  ( 1.000000000000000000, 0.000000000000000000, -0.000000000000000000 ) ) ;
#799 = ADVANCED_FACE ( 'NONE', ( #3500 ), #2867, .T. ) ;
#800 = ORIENTED_EDGE ( 'NONE', *, *, #436, .T. ) ;
#801 = CARTESIAN_POINT ( 'NONE',  ( -24.99999999999999289, -5.296767872769856389, 5.882514514539585626 ) ) ;
#802 = CARTESIAN_POINT ( 'NONE',  ( 1.000000000000009992, -79.00000000000001421, 6.500000000000000888 ) ) ;
#803 = ADVANCED_FACE ( 'NONE', ( #4053 ), #201, .F. ) ;
#804 = EDGE_CURVE ( 'NONE', #1366, #3443, #2151, .T. ) ;
#805 = FACE_OUTER_BOUND ( 'NONE', #1236, .T. ) ;
#806 =( BOUNDED_SURFACE ( )  B_SPLINE_SURFACE ( 3, 2, ( 
 ( #3619, #3909, #412 ),
 ( #1653, #1036, #2323 ),
 ( #2623, #354, #1301 ),
 ( #3600, #2928, #2022 ),
 ( #2580, #3855, #999 ),
 ( #2656, #44, #2003 ) ),
 .UNSPECIFIED., .F., .F., .F. ) 
 B_SPLINE_SURFACE_WITH_KNOTS ( ( 4, 2, 4 ),
 ( 3, 3 ),
 ( 4.450589592585535215, 4.686209041604767478, 4.921828490623998853 ),
 ( 0.000000000000000000, 1.000000000000000000 ),
 .UNSPECIFIED. ) 
 GEOMETRIC_REPRESENTATION_ITEM ( )  RATIONAL_B_SPLINE_SURFACE ( (
 ( 1.000000000000000000, 0.7039060113356399029, 1.000000000000000000),
 ( 1.000000000000000000, 0.7048463212102258346, 1.000000000000000000),
 ( 1.000000000000000000, 0.7058145137321305551, 1.000000000000000000),
 ( 1.000000000000000000, 0.7077529149240672224, 1.000000000000000000),
 ( 1.000000000000000000, 0.7087230720200790035, 1.000000000000000000),
 ( 1.000000000000000000, 0.7096675324995873613, 1.000000000000000000) ) ) 
 REPRESENTATION_ITEM ( '' )  SURFACE ( )  );
#807 = ORIENTED_EDGE ( 'NONE', *, *, #263, .T. ) ;
#808 = ORIENTED_EDGE ( 'NONE', *, *, #1253, .T. ) ;
#809 = CARTESIAN_POINT ( 'NONE',  ( -24.94228763376016644, -5.652665984636028540, 1.818368384714654118 ) ) ;
#810 = FACE_OUTER_BOUND ( 'NONE', #3716, .T. ) ;
#811 = LINE ( 'NONE', #485, #835 ) ;
#812 = APPLICATION_PROTOCOL_DEFINITION ( 'draft international standard', 'automotive_design', 1998, #3655 ) ;
#813 = VERTEX_POINT ( 'NONE', #223 ) ;
#814 = CARTESIAN_POINT ( 'NONE',  ( 20.00000000000000000, 30.00000000000000000, 15.80000000000000071 ) ) ;
#815 = DIRECTION ( 'NONE',  ( 0.9993908270190953180, 0.03489949670251165509, 0.000000000000000000 ) ) ;
#816 = CARTESIAN_POINT ( 'NONE',  ( 0.6029156110320472717, -80.50838826867520481, 12.15224487179501089 ) ) ;
#817 = CARTESIAN_POINT ( 'NONE',  ( -23.44037524886270418, -48.66180939985822107, 3.450000000000007283 ) ) ;
#818 = CARTESIAN_POINT ( 'NONE',  ( 1.404203485069675184, -6.223542864692420018, 2.541848489443937265 ) ) ;
#819 = CARTESIAN_POINT ( 'NONE',  ( -21.49786659495411456, 0.000000000000000000, 3.525030534209192101 ) ) ;
#820 = DIRECTION ( 'NONE',  ( -0.000000000000000000, -0.000000000000000000, 1.000000000000000000 ) ) ;
#821 = VERTEX_POINT ( 'NONE', #1833 ) ;
#822 = EDGE_CURVE ( 'NONE', #4079, #1252, #2597, .T. ) ;
#823 = DIRECTION ( 'NONE',  ( -0.2077905067623293245, 0.9775774745778875729, -0.03413775765005937213 ) ) ;
#824 = CARTESIAN_POINT ( 'NONE',  ( -22.99999999999999289, -5.795951847950654212, 3.017691685220794895 ) ) ;
#825 = VERTEX_POINT ( 'NONE', #4077 ) ;
#826 = ORIENTED_EDGE ( 'NONE', *, *, #3156, .F. ) ;
#827 = EDGE_CURVE ( 'NONE', #2937, #2951, #2169, .T. ) ;
#828 = EDGE_CURVE ( 'NONE', #3690, #737, #997, .T. ) ;
#829 = FACE_BOUND ( 'NONE', #609, .T. ) ;
#830 = CIRCLE ( 'NONE', #1775, 1.799999999999998712 ) ;
#831 =( BOUNDED_CURVE ( )  B_SPLINE_CURVE ( 3, ( #3617, #316, #3577, #2636 ),
 .UNSPECIFIED., .F., .F. ) 
 B_SPLINE_CURVE_WITH_KNOTS ( ( 4, 4 ),
 ( 1.816778095100007429, 3.382717331619360390 ),
 .UNSPECIFIED. ) 
 CURVE ( )  GEOMETRIC_REPRESENTATION_ITEM ( )  RATIONAL_B_SPLINE_CURVE ( ( 1.000000000000000000, 0.8058812900243934596, 0.8058812900243934596, 1.000000000000000000 ) ) 
 REPRESENTATION_ITEM ( '' )  );
#832 = CARTESIAN_POINT ( 'NONE',  ( -22.88023757644693745, -64.70205366045347262, 0.2001524003048089362 ) ) ;
#833 = CARTESIAN_POINT ( 'NONE',  ( 16.90000000000000568, 12.49999999999999822, 10.00000000000000000 ) ) ;
#834 = ORIENTED_EDGE ( 'NONE', *, *, #3490, .T. ) ;
#835 = VECTOR ( 'NONE', #741, 1000.000000000000000 ) ;
#836 = VECTOR ( 'NONE', #351, 1000.000000000000000 ) ;
#837 =( NAMED_UNIT ( * ) SI_UNIT ( $, .STERADIAN. ) SOLID_ANGLE_UNIT ( ) );
#838 = CIRCLE ( 'NONE', #1652, 3.000000000000000000 ) ;
#839 = DIRECTION ( 'NONE',  ( -1.000000000000000000, 0.000000000000000000, 0.000000000000000000 ) ) ;
#840 = CARTESIAN_POINT ( 'NONE',  ( -24.99999999999999289, -3.337716752888422178, 7.419505367120015293 ) ) ;
#841 = LINE ( 'NONE', #314, #1110 ) ;
#842 = LINE ( 'NONE', #2362, #2520 ) ;
#843 = CARTESIAN_POINT ( 'NONE',  ( 20.00000000000000000, 30.00000000000000000, 0.000000000000000000 ) ) ;
#844 = DIRECTION ( 'NONE',  ( 1.000000000000000000, 0.000000000000000000, 0.000000000000000000 ) ) ;
#845 = VECTOR ( 'NONE', #1417, 1000.000000000000000 ) ;
#846 = ORIENTED_EDGE ( 'NONE', *, *, #458, .T. ) ;
#847 = VECTOR ( 'NONE', #1432, 1000.000000000000227 ) ;
#848 = CARTESIAN_POINT ( 'NONE',  ( -24.99999999999999289, -5.917371932542794255, 3.993060550275943310 ) ) ;
#849 = CARTESIAN_POINT ( 'NONE',  ( -24.97561203025059839, -4.698380078799596404, -3.099847599695185085 ) ) ;
#850 = VECTOR ( 'NONE', #1690, 1000.000000000000000 ) ;
#851 = CARTESIAN_POINT ( 'NONE',  ( -24.61823588073793800, -14.93229401351399765, 0.2000000000000057288 ) ) ;
#852 = EDGE_CURVE ( 'NONE', #2564, #1825, #1960, .T. ) ;
#853 = ORIENTED_EDGE ( 'NONE', *, *, #4088, .T. ) ;
#854 = EDGE_LOOP ( 'NONE', ( #2474, #2931, #3864, #186 ) ) ;
#855 = CARTESIAN_POINT ( 'NONE',  ( -24.92046546430954379, -6.277571108770128028, 2.735104905625585836 ) ) ;
#856 = CARTESIAN_POINT ( 'NONE',  ( 12.00000000000000355, 13.99999999999999822, 10.00000000000000000 ) ) ;
#857 = EDGE_CURVE ( 'NONE', #2352, #1820, #1297, .T. ) ;
#858 = EDGE_CURVE ( 'NONE', #3858, #2399, #3927, .T. ) ;
#859 = DIRECTION ( 'NONE',  ( 0.03487826274238545882, -0.9987827659587178442, 0.03487826274237468271 ) ) ;
#860 = VERTEX_POINT ( 'NONE', #3230 ) ;
#861 = DIRECTION ( 'NONE',  ( 0.000000000000000000, 0.000000000000000000, -1.000000000000000000 ) ) ;
#862 = CARTESIAN_POINT ( 'NONE',  ( -22.99999999999999289, -1.999999999999997335, 15.80000000000000071 ) ) ;
#863 = EDGE_CURVE ( 'NONE', #753, #781, #89, .T. ) ;
#864 = CARTESIAN_POINT ( 'NONE',  ( -19.13466826877932547, -86.00000000000000000, -3.099847599695185085 ) ) ;
#865 = ADVANCED_BREP_SHAPE_REPRESENTATION ( 'LQ26-05HGI-01-007', ( #1116, #1629 ), #3632 ) ;
#866 = ORIENTED_EDGE ( 'NONE', *, *, #2936, .F. ) ;
#867 = CARTESIAN_POINT ( 'NONE',  ( -3.733302766310977017, -55.79179538000575889, 11.34034394123039036 ) ) ;
#868 = DIRECTION ( 'NONE',  ( 0.000000000000000000, 0.000000000000000000, 1.000000000000000000 ) ) ;
#869 = FACE_OUTER_BOUND ( 'NONE', #1578, .T. ) ;
#870 = VERTEX_POINT ( 'NONE', #1371 ) ;
#871 = CARTESIAN_POINT ( 'NONE',  ( -2.308754041821442282, -84.99999999999998579, 2.931667788805367753E-15 ) ) ;
#872 = CYLINDRICAL_SURFACE ( 'NONE', #2912, 1.499999999999999556 ) ;
#873 = CARTESIAN_POINT ( 'NONE',  ( 3.200000000000001954, 25.00000000000000000, 18.80000000000000071 ) ) ;
#874 = EDGE_LOOP ( 'NONE', ( #3522, #1442, #312, #2750, #2533, #2485, #4041, #2158, #3241, #719, #2307 ) ) ;
#875 = ORIENTED_EDGE ( 'NONE', *, *, #1355, .F. ) ;
#876 = DIRECTION ( 'NONE',  ( 0.9902680687415699179, 0.1391731009600689906, 0.000000000000000000 ) ) ;
#877 = EDGE_LOOP ( 'NONE', ( #1042, #154 ) ) ;
#878 = EDGE_CURVE ( 'NONE', #2880, #683, #3290, .T. ) ;
#879 = DIRECTION ( 'NONE',  ( -0.03489949670251166203, 0.9993908270190954291, 0.000000000000000000 ) ) ;
#880 = LINE ( 'NONE', #286, #2788 ) ;
#881 = CARTESIAN_POINT ( 'NONE',  ( 0.1985351221167136748, -81.05356028319927475, 12.21422931349496821 ) ) ;
#882 = VERTEX_POINT ( 'NONE', #2283 ) ;
#883 = EDGE_CURVE ( 'NONE', #3010, #549, #2263, .T. ) ;
#884 = VECTOR ( 'NONE', #1111, 1000.000000000000000 ) ;
#885 = EDGE_CURVE ( 'NONE', #2951, #3622, #2, .T. ) ;
#886 = CARTESIAN_POINT ( 'NONE',  ( -20.61095786949490360, -7.071276068890795408, 9.449310294214845030 ) ) ;
#887 = CARTESIAN_POINT ( 'NONE',  ( 0.000000000000000000, 30.00000000000000000, 18.80000000000000071 ) ) ;
#888 = CARTESIAN_POINT ( 'NONE',  ( 20.00000000000000355, -8.673617379884035472E-16, 0.000000000000000000 ) ) ;
#889 = CARTESIAN_POINT ( 'NONE',  ( -8.209409824568247416, -34.60438384606128892, 10.60046322692671694 ) ) ;
#890 = EDGE_LOOP ( 'NONE', ( #1894, #1239, #252, #3754 ) ) ;
#891 = CARTESIAN_POINT ( 'NONE',  ( -24.99999999999999289, -5.795951847946776425, 3.017691685215539099 ) ) ;
#892 = CARTESIAN_POINT ( 'NONE',  ( 1.096703950930716154, -81.55665631072312749, 8.533132016824355404 ) ) ;
#893 = CARTESIAN_POINT ( 'NONE',  ( -3.866703714572012007, -55.03520976776653129, 11.31392338946461074 ) ) ;
#894 = ORIENTED_EDGE ( 'NONE', *, *, #3013, .T. ) ;
#895 = ORIENTED_EDGE ( 'NONE', *, *, #2257, .F. ) ;
#896 = CARTESIAN_POINT ( 'NONE',  ( 0.000000000000000000, 0.000000000000000000, 17.00000000000000000 ) ) ;
#897 = CARTESIAN_POINT ( 'NONE',  ( -22.22513287447290864, -34.75049364168581434, -3.099847599695185085 ) ) ;
#898 = CARTESIAN_POINT ( 'NONE',  ( 0.4247462931011901643, -85.49999999999998579, 8.875643901733010210 ) ) ;
#899 = ORIENTED_EDGE ( 'NONE', *, *, #1169, .F. ) ;
#900 = ORIENTED_EDGE ( 'NONE', *, *, #726, .T. ) ;
#901 = VECTOR ( 'NONE', #1214, 1000.000000000000000 ) ;
#902 = CARTESIAN_POINT ( 'NONE',  ( -22.22513287447290864, -34.75049364168581434, -3.249999999999960476 ) ) ;
#903 = DIRECTION ( 'NONE',  ( 1.000000000000000000, 4.625929269271485914E-16, 1.734723475976807587E-16 ) ) ;
#904 = CARTESIAN_POINT ( 'NONE',  ( -27.17953204235019982, -13.22063926663590472, 0.2000000000000057288 ) ) ;
#905 = AXIS2_PLACEMENT_3D ( 'NONE', #3244, #2593, #35 ) ;
#906 = VERTEX_POINT ( 'NONE', #2904 ) ;
#907 = CARTESIAN_POINT ( 'NONE',  ( -3.626425419873241740, -56.55226721486440766, 11.36690020288045488 ) ) ;
#908 = VECTOR ( 'NONE', #3684, 1000.000000000000000 ) ;
#909 = DIRECTION ( 'NONE',  ( 1.000000000000000000, 1.020425574104004122E-16, -0.000000000000000000 ) ) ;
#910 = DIRECTION ( 'NONE',  ( -0.9781476007338076872, -0.2079116908177498502, 0.000000000000000000 ) ) ;
#911 = EDGE_CURVE ( 'NONE', #4001, #2216, #2001, .T. ) ;
#912 = EDGE_CURVE ( 'NONE', #2972, #2798, #3543, .T. ) ;
#913 = VECTOR ( 'NONE', #119, 1000.000000000000000 ) ;
#914 = EDGE_LOOP ( 'NONE', ( #3594, #2587, #1937, #1438 ) ) ;
#915 = FACE_OUTER_BOUND ( 'NONE', #1909, .T. ) ;
#916 = CARTESIAN_POINT ( 'NONE',  ( -0.3548884504008388285, -54.92622091987951194, 0.000000000000000000 ) ) ;
#917 = VERTEX_POINT ( 'NONE', #2926 ) ;
#918 = VECTOR ( 'NONE', #3749, 1000.000000000000114 ) ;
#919 = VECTOR ( 'NONE', #658, 1000.000000000000000 ) ;
#920 = EDGE_LOOP ( 'NONE', ( #1101, #3978, #1572, #3896 ) ) ;
#921 = CIRCLE ( 'NONE', #2930, 2.999999999999999112 ) ;
#922 = CARTESIAN_POINT ( 'NONE',  ( -4.999999999999999112, -79.00000000000001421, 12.15079230508252550 ) ) ;
#923 = CARTESIAN_POINT ( 'NONE',  ( -15.30875404182143917, -85.50000000000000000, -3.099847599695185085 ) ) ;
#924 = ORIENTED_EDGE ( 'NONE', *, *, #3845, .F. ) ;
#925 = VECTOR ( 'NONE', #1138, 1000.000000000000227 ) ;
#926 = EDGE_LOOP ( 'NONE', ( #1830, #2434, #3451, #1495 ) ) ;
#927 = CARTESIAN_POINT ( 'NONE',  ( 4.517160185136441797, -86.00000000000000000, 18.80000000000000071 ) ) ;
#928 = DIRECTION ( 'NONE',  ( -1.000000000000000000, 0.000000000000000000, 0.000000000000000000 ) ) ;
#929 = CARTESIAN_POINT ( 'NONE',  ( -21.99999999999999645, 0.000000000000000000, 15.80000000000000071 ) ) ;
#930 = ORIENTED_EDGE ( 'NONE', *, *, #291, .T. ) ;
#931 = CARTESIAN_POINT ( 'NONE',  ( -24.04024026600090025, -4.000000000001127098, 6.894084147548699804 ) ) ;
#932 = CARTESIAN_POINT ( 'NONE',  ( -21.99999999999999645, -1.171572875253799717, 16.80000000000000071 ) ) ;
#933 = DIRECTION ( 'NONE',  ( -0.9993908270190953180, -0.03489949670251165509, -0.000000000000000000 ) ) ;
#934 = CARTESIAN_POINT ( 'NONE',  ( -22.13284074983661043, -86.10469849010755183, 18.80000000000000071 ) ) ;
#935 = ORIENTED_EDGE ( 'NONE', *, *, #936, .T. ) ;
#936 = EDGE_CURVE ( 'NONE', #2399, #2454, #2946, .T. ) ;
#937 = CARTESIAN_POINT ( 'NONE',  ( -20.46006912905055586, 0.000000000000000000, 6.029601188155563563 ) ) ;
#938 = DIRECTION ( 'NONE',  ( -1.445602896647339410E-16, -1.000000000000000000, 0.000000000000000000 ) ) ;
#939 = ORIENTED_EDGE ( 'NONE', *, *, #3411, .F. ) ;
#940 = VERTEX_POINT ( 'NONE', #1033 ) ;
#941 = ADVANCED_FACE ( 'NONE', ( #3595 ), #971, .F. ) ;
#942 = EDGE_CURVE ( 'NONE', #3199, #3690, #831, .T. ) ;
#943 = DIRECTION ( 'NONE',  ( 1.000000000000000000, 0.000000000000000000, -0.000000000000000000 ) ) ;
#944 = LINE ( 'NONE', #2250, #1761 ) ;
#945 = CARTESIAN_POINT ( 'NONE',  ( -17.60164981817546348, -89.00000000000001421, 9.015752527708254860 ) ) ;
#946 = EDGE_LOOP ( 'NONE', ( #3195, #3826, #3082, #3223 ) ) ;
#947 = CARTESIAN_POINT ( 'NONE',  ( -18.99329594100774443, 0.000000000000000000, 6.029601188155562674 ) ) ;
#948 = CARTESIAN_POINT ( 'NONE',  ( 2.000000000000007105, -4.000000000000000000, 2.541848489443937709 ) ) ;
#949 = CARTESIAN_POINT ( 'NONE',  ( -24.99999999999996092, -89.12214823845876310, 9.002132105433169329 ) ) ;
#950 = VERTEX_POINT ( 'NONE', #2318 ) ;
#951 = DIRECTION ( 'NONE',  ( -4.625929269271485914E-16, 1.000000000000000000, 0.000000000000000000 ) ) ;
#952 = CARTESIAN_POINT ( 'NONE',  ( -4.999999999999999112, -79.00000000000001421, 12.15079230508252550 ) ) ;
#953 = DIRECTION ( 'NONE',  ( -0.03489949670251181468, 0.9993908270190953180, 0.000000000000000000 ) ) ;
#954 = ORIENTED_EDGE ( 'NONE', *, *, #2431, .T. ) ;
#955 = CARTESIAN_POINT ( 'NONE',  ( -24.93149806836861870, -6.308639787101635754, 2.863033781213908835 ) ) ;
#956 = CARTESIAN_POINT ( 'NONE',  ( 1.907122002356806512, -79.87390299974559582, 7.856837298362206568 ) ) ;
#957 = VERTEX_POINT ( 'NONE', #1611 ) ;
#958 = EDGE_CURVE ( 'NONE', #3778, #553, #2887, .T. ) ;
#959 = ORIENTED_EDGE ( 'NONE', *, *, #1966, .T. ) ;
#960 = FACE_OUTER_BOUND ( 'NONE', #2249, .T. ) ;
#961 = CARTESIAN_POINT ( 'NONE',  ( -19.99882892069322082, -18.27311417291954854, 6.187313213253007760 ) ) ;
#962 = VERTEX_POINT ( 'NONE', #3024 ) ;
#963 = ADVANCED_FACE ( 'NONE', ( #2695 ), #1787, .F. ) ;
#964 = EDGE_CURVE ( 'NONE', #2643, #680, #1767, .T. ) ;
#965 = VERTEX_POINT ( 'NONE', #3967 ) ;
#966 = DIRECTION ( 'NONE',  ( -1.020425574104004122E-16, 1.000000000000000000, 0.000000000000000000 ) ) ;
#967 = CARTESIAN_POINT ( 'NONE',  ( 2.820632341007255572, -53.07280839075422563, 4.291951066843727070 ) ) ;
#968 = CARTESIAN_POINT ( 'NONE',  ( -18.99329594100774443, -89.00000000000001421, 6.029601188155562674 ) ) ;
#969 = ORIENTED_EDGE ( 'NONE', *, *, #911, .F. ) ;
#970 = CARTESIAN_POINT ( 'NONE',  ( 1.024668654363374953, -89.00000000000000000, 9.393409058626467356 ) ) ;
#971 = CYLINDRICAL_SURFACE ( 'NONE', #1586, 1.800000000000001821 ) ;
#972 = AXIS2_PLACEMENT_3D ( 'NONE', #1296, #3211, #372 ) ;
#973 =( BOUNDED_CURVE ( )  B_SPLINE_CURVE ( 3, ( #3272, #42, #3892, #2264 ),
 .UNSPECIFIED., .F., .F. ) 
 B_SPLINE_CURVE_WITH_KNOTS ( ( 4, 4 ),
 ( 1.361356816555587601, 1.832595714594051239 ),
 .UNSPECIFIED. ) 
 CURVE ( )  GEOMETRIC_REPRESENTATION_ITEM ( )  RATIONAL_B_SPLINE_CURVE ( ( 1.000000000000000000, 0.9815799469317847414, 0.9815799469317847414, 1.000000000000000000 ) ) 
 REPRESENTATION_ITEM ( '' )  );
#974 = CARTESIAN_POINT ( 'NONE',  ( -22.79712323634668891, -18.37083276368657536, -5.787312674625651354 ) ) ;
#975 = AXIS2_PLACEMENT_3D ( 'NONE', #1723, #3001, #1410 ) ;
#976 = CARTESIAN_POINT ( 'NONE',  ( 0.000000000000000000, 0.000000000000000000, 17.00000000000000000 ) ) ;
#977 = VECTOR ( 'NONE', #710, 1000.000000000000000 ) ;
#978 = CARTESIAN_POINT ( 'NONE',  ( 1.941719003825159051, -79.70259716353149315, 7.799956967580667921 ) ) ;
#979 = CIRCLE ( 'NONE', #3865, 1.499999999999999556 ) ;
#980 = VERTEX_POINT ( 'NONE', #116 ) ;
#981 = ORIENTED_EDGE ( 'NONE', *, *, #3257, .F. ) ;
#982 = LINE ( 'NONE', #896, #3329 ) ;
#983 = DIRECTION ( 'NONE',  ( 0.000000000000000000, 0.000000000000000000, 1.000000000000000000 ) ) ;
#984 = CARTESIAN_POINT ( 'NONE',  ( -19.13466828502783201, -89.00000000000001421, 6.741195318160673189 ) ) ;
#985 = ORIENTED_EDGE ( 'NONE', *, *, #1663, .T. ) ;
#986 = ORIENTED_EDGE ( 'NONE', *, *, #769, .T. ) ;
#987 = AXIS2_PLACEMENT_3D ( 'NONE', #1120, #4027, #3090 ) ;
#988 = PRESENTATION_LAYER_ASSIGNMENT (  '', '', ( #1393 ) ) ;
#989 = EDGE_CURVE ( 'NONE', #1304, #3604, #1413, .T. ) ;
#990 = DIRECTION ( 'NONE',  ( -0.2079116908177498224, 0.9781476007338075762, 0.000000000000000000 ) ) ;
#992 = VECTOR ( 'NONE', #2601, 1000.000000000000000 ) ;
#991 = CARTESIAN_POINT ( 'NONE',  ( -21.00519964705281595, -18.10813550421822882, -3.099847599695185085 ) ) ;
#993 = CYLINDRICAL_SURFACE ( 'NONE', #503, 2.999999999999999112 ) ;
#994 = VERTEX_POINT ( 'NONE', #2980 ) ;
#995 = CARTESIAN_POINT ( 'NONE',  ( 7.302885002069881892, -85.56648859908450788, 7.236638567604043892 ) ) ;
#996 = ADVANCED_FACE ( 'NONE', ( #792 ), #94, .F. ) ;
#997 = LINE ( 'NONE', #3891, #977 ) ;
#998 = CARTESIAN_POINT ( 'NONE',  ( -1.999999999999994893, -79.00000000000001421, 18.80000000000000071 ) ) ;
#999 = CARTESIAN_POINT ( 'NONE',  ( -5.496236424124232300, -30.77908738833914626, 3.478635848606016268 ) ) ;
#1000 = CARTESIAN_POINT ( 'NONE',  ( 3.941975981525933648, -85.49999999999998579, 5.390520607910406881 ) ) ;
#1001 = ORIENTED_EDGE ( 'NONE', *, *, #57, .F. ) ;
#1002 = ORIENTED_EDGE ( 'NONE', *, *, #1835, .F. ) ;
#1003 = APPLICATION_CONTEXT ( 'automotive_design' ) ;
#1004 = LINE ( 'NONE', #2026, #2052 ) ;
#1005 = CARTESIAN_POINT ( 'NONE',  ( 0.000000000000000000, 30.00000000000000000, 18.80000000000000071 ) ) ;
#1006 = ORIENTED_EDGE ( 'NONE', *, *, #176, .T. ) ;
#1007 = VERTEX_POINT ( 'NONE', #1705 ) ;
#1008 = DIRECTION ( 'NONE',  ( -0.000000000000000000, -0.000000000000000000, 1.000000000000000000 ) ) ;
#1009 = DIRECTION ( 'NONE',  ( -1.734723475976807587E-16, 0.000000000000000000, 1.000000000000000000 ) ) ;
#1010 = CARTESIAN_POINT ( 'NONE',  ( 4.517160185136443573, -89.00000000000000000, 18.80000000000000071 ) ) ;
#1011 = ORIENTED_EDGE ( 'NONE', *, *, #1887, .T. ) ;
#1012 = EDGE_CURVE ( 'NONE', #3883, #3887, #3702, .T. ) ;
#1013 = CARTESIAN_POINT ( 'NONE',  ( 6.083206543149938916, -85.60269423551189050, 9.697135422034182994 ) ) ;
#1014 = CARTESIAN_POINT ( 'NONE',  ( -3.738020364344855337E-16, -2.585786437626902856, 18.21421356237309297 ) ) ;
#1015 = DIRECTION ( 'NONE',  ( 0.000000000000000000, 1.000000000000000000, 0.000000000000000000 ) ) ;
#1016 = EDGE_CURVE ( 'NONE', #2388, #1007, #3635, .T. ) ;
#1017 = ADVANCED_FACE ( 'NONE', ( #1748, #1163 ), #2441, .F. ) ;
#1018 = DIRECTION ( 'NONE',  ( -0.000000000000000000, 1.000000000000000000, -0.000000000000000000 ) ) ;
#1019 = CARTESIAN_POINT ( 'NONE',  ( -24.90611640473798971, -6.688474413032764687, 3.328905179614543464 ) ) ;
#1020 = CIRCLE ( 'NONE', #1083, 3.000000000000000888 ) ;
#1021 = ORIENTED_EDGE ( 'NONE', *, *, #12, .F. ) ;
#1022 = EDGE_LOOP ( 'NONE', ( #1958, #234, #2878, #4022 ) ) ;
#1023 = VECTOR ( 'NONE', #4068, 1000.000000000000000 ) ;
#1024 = LINE ( 'NONE', #2288, #1323 ) ;
#1025 = CARTESIAN_POINT ( 'NONE',  ( -16.12918348404360813, -89.00000000000000000, 12.50000000000001243 ) ) ;
#1026 = VERTEX_POINT ( 'NONE', #177 ) ;
#1027 = ORIENTED_EDGE ( 'NONE', *, *, #1451, .T. ) ;
#1028 = DIRECTION ( 'NONE',  ( 0.2077905067623297686, -0.9775774745778873509, 0.03413775765006078072 ) ) ;
#1029 = FACE_OUTER_BOUND ( 'NONE', #1758, .T. ) ;
#1030 = CARTESIAN_POINT ( 'NONE',  ( -20.63986800533757204, -18.29549975102962733, 5.544529738031915400 ) ) ;
#1031 = DIRECTION ( 'NONE',  ( -0.000000000000000000, -0.000000000000000000, 1.000000000000000000 ) ) ;
#1032 = ORIENTED_EDGE ( 'NONE', *, *, #228, .T. ) ;
#1033 = CARTESIAN_POINT ( 'NONE',  ( 15.00000000000000000, 30.00000000000000000, 17.00000000000000355 ) ) ;
#1034 = FACE_OUTER_BOUND ( 'NONE', #3899, .T. ) ;
#1035 = VECTOR ( 'NONE', #2451, 1000.000000000000114 ) ;
#1036 = CARTESIAN_POINT ( 'NONE',  ( -5.114973848985759020, -16.99440005317719482, 6.483375637091756793 ) ) ;
#1037 = PLANE ( 'NONE',  #170 ) ;
#1038 = EDGE_CURVE ( 'NONE', #1624, #2100, #2736, .T. ) ;
#1039 = EDGE_CURVE ( 'NONE', #3277, #2253, #1541, .T. ) ;
#1040 = ORIENTED_EDGE ( 'NONE', *, *, #3610, .T. ) ;
#1041 = AXIS2_PLACEMENT_3D ( 'NONE', #3265, #347, #2014 ) ;
#1042 = ORIENTED_EDGE ( 'NONE', *, *, #3631, .F. ) ;
#1043 = DIRECTION ( 'NONE',  ( -0.000000000000000000, -0.000000000000000000, 1.000000000000000000 ) ) ;
#1044 = VECTOR ( 'NONE', #97, 1000.000000000000000 ) ;
#1045 = EDGE_CURVE ( 'NONE', #1715, #3478, #2379, .T. ) ;
#1046 = CARTESIAN_POINT ( 'NONE',  ( 20.00000000000000355, -2.000000000000003553, 15.97157287525380021 ) ) ;
#1047 = EDGE_LOOP ( 'NONE', ( #743, #3625, #2562, #3131 ) ) ;
#1048 = VERTEX_POINT ( 'NONE', #814 ) ;
#1049 = CLOSED_SHELL ( 'NONE', ( #1091, #941, #264, #2506, #1207, #1206, #152, #2144, #2232, #2532, #1682, #2071, #2711, #1893, #574, #803, #1860, #3127, #4092, #2639, #3060, #519, #2328, #2659, #181, #73, #2351, #1123, #3035, #102, #512, #963, #3359, #2301, #3736, #3958, #3356, #2252, #1478, #2664, #3306, #405, #204, #2819, #1554, #1453, #2209, #2511, #1093, #4094, #1350, #103, #1173, #1914, #3888, #2964, #3744, #2916, #96, #2540, #1063, #3605, #2512, #2588, #2712, #4012, #1151, #1995, #2237, #697, #1328, #3184, #2841, #2404, #1017, #3654, #1311, #3256, #3384, #3815, #3840, #3328, #4038, #3432, #2839, #3908, #339, #2943, #3987, #3683, #2983, #409, #3233, #2378, #1633, #2483, #2432, #2174, #2201, #31, #1783, #2794, #2210, #996, #3793, #3870, #1201, #2941, #3938, #1708, #799, #2785, #1923, #2683, #3889, #1614, #2566, #487, #1446, #1965 ) ) ;
#1050 = AXIS2_PLACEMENT_3D ( 'NONE', #742, #1369, #1390 ) ;
#1051 = CARTESIAN_POINT ( 'NONE',  ( -4.999999999999999112, -79.00000000000001421, 12.15079230508252550 ) ) ;
#1052 = CARTESIAN_POINT ( 'NONE',  ( -1.999999999999994893, -79.00000000000001421, 0.000000000000000000 ) ) ;
#1053 = ORIENTED_EDGE ( 'NONE', *, *, #180, .T. ) ;
#1054 = VECTOR ( 'NONE', #3785, 1000.000000000000227 ) ;
#1055 = VECTOR ( 'NONE', #2465, 1000.000000000000000 ) ;
#1056 = AXIS2_PLACEMENT_3D ( 'NONE', #2781, #1171, #3728 ) ;
#1057 = CARTESIAN_POINT ( 'NONE',  ( 0.4320901702281332302, -85.43010616249520695, 12.37533656019048678 ) ) ;
#1058 = DIRECTION ( 'NONE',  ( -1.000000000000000000, 0.000000000000000000, 0.000000000000000000 ) ) ;
#1059 = CYLINDRICAL_SURFACE ( 'NONE', #708, 3.000000000000000000 ) ;
#1060 = PLANE ( 'NONE',  #1335 ) ;
#1061 = ORIENTED_EDGE ( 'NONE', *, *, #3100, .T. ) ;
#1062 = ORIENTED_EDGE ( 'NONE', *, *, #1227, .F. ) ;
#1063 = ADVANCED_FACE ( 'NONE', ( #3369 ), #2102, .T. ) ;
#1064 = FACE_OUTER_BOUND ( 'NONE', #2072, .T. ) ;
#1065 = DIRECTION ( 'NONE',  ( 0.000000000000000000, 0.000000000000000000, -1.000000000000000000 ) ) ;
#1066 = ORIENTED_EDGE ( 'NONE', *, *, #827, .T. ) ;
#1067 = ORIENTED_EDGE ( 'NONE', *, *, #2910, .T. ) ;
#1068 = EDGE_CURVE ( 'NONE', #957, #2358, #3391, .T. ) ;
#1069 = CARTESIAN_POINT ( 'NONE',  ( 12.00000000000000355, 13.99999999999999645, 10.00000000000000000 ) ) ;
#1070 = CARTESIAN_POINT ( 'NONE',  ( 18.00000000000000000, 0.000000000000000000, -17.00000000000000000 ) ) ;
#1071 = FACE_OUTER_BOUND ( 'NONE', #3603, .T. ) ;
#1072 = CARTESIAN_POINT ( 'NONE',  ( -24.99999999999999645, -3.827369714330859818, 10.48115410435005224 ) ) ;
#1073 = ORIENTED_EDGE ( 'NONE', *, *, #1285, .F. ) ;
#1074 = DIRECTION ( 'NONE',  ( 0.000000000000000000, 0.000000000000000000, -1.000000000000000000 ) ) ;
#1075 = CARTESIAN_POINT ( 'NONE',  ( -19.50800787000915193, -60.98209844472594199, 0.2001524003048087141 ) ) ;
#1076 = FACE_OUTER_BOUND ( 'NONE', #288, .T. ) ;
#1077 = CARTESIAN_POINT ( 'NONE',  ( 18.00000000000000000, 2.999999999999997780, 2.999999999999997335 ) ) ;
#1078 = DIRECTION ( 'NONE',  ( -1.000000000000000000, 0.000000000000000000, -0.000000000000000000 ) ) ;
#1079 = FACE_OUTER_BOUND ( 'NONE', #3965, .T. ) ;
#1080 = VERTEX_POINT ( 'NONE', #3324 ) ;
#1081 = EDGE_LOOP ( 'NONE', ( #2582, #2894, #2076, #1244 ) ) ;
#1082 = CARTESIAN_POINT ( 'NONE',  ( 18.00000000000000000, 0.000000000000000000, 0.000000000000000000 ) ) ;
#1083 = AXIS2_PLACEMENT_3D ( 'NONE', #1491, #2773, #241 ) ;
#1084 = CARTESIAN_POINT ( 'NONE',  ( -3.141939053227976508, -4.000000000000003553, 6.029601188155563563 ) ) ;
#1085 = ORIENTED_EDGE ( 'NONE', *, *, #1835, .T. ) ;
#1086 = ORIENTED_EDGE ( 'NONE', *, *, #1306, .F. ) ;
#1087 = AXIS2_PLACEMENT_3D ( 'NONE', #620, #1221, #1910 ) ;
#1088 = CARTESIAN_POINT ( 'NONE',  ( -1.362376619431593383, -33.39329848725451200, 0.000000000000000000 ) ) ;
#1089 = PLANE ( 'NONE',  #376 ) ;
#1090 = CARTESIAN_POINT ( 'NONE',  ( -18.99329594100774443, 0.000000000000000000, 6.029601188155562674 ) ) ;
#1091 = ADVANCED_FACE ( 'NONE', ( #2756 ), #427, .F. ) ;
#1092 = CARTESIAN_POINT ( 'NONE',  ( -24.99999999999999645, -3.944657318785792288, 9.444156297045211090 ) ) ;
#1093 = ADVANCED_FACE ( 'NONE', ( #2063 ), #3350, .F. ) ;
#1094 = EDGE_LOOP ( 'NONE', ( #1117, #826 ) ) ;
#1095 = CARTESIAN_POINT ( 'NONE',  ( -18.51889048772018498, -89.30671433047830021, 6.504006641442204639 ) ) ;
#1096 = PLANE ( 'NONE',  #2802 ) ;
#1097 = CARTESIAN_POINT ( 'NONE',  ( -22.73278310193625984, -2.895418156327327797, 17.90458184367265915 ) ) ;
#1098 = CARTESIAN_POINT ( 'NONE',  ( 16.90000000000000568, 15.89999999999999680, 10.00000000000000000 ) ) ;
#1099 = CARTESIAN_POINT ( 'NONE',  ( -21.74141084293023951, -48.60248025546395212, 3.450000000000007283 ) ) ;
#1100 = CARTESIAN_POINT ( 'NONE',  ( -24.99999999999999289, 0.000000000000000000, 0.000000000000000000 ) ) ;
#1101 = ORIENTED_EDGE ( 'NONE', *, *, #3611, .T. ) ;
#1102 = ORIENTED_EDGE ( 'NONE', *, *, #2539, .T. ) ;
#1103 = AXIS2_PLACEMENT_3D ( 'NONE', #544, #249, #3146 ) ;
#1104 = CARTESIAN_POINT ( 'NONE',  ( -24.87776667183810630, -6.162032734735296557, 4.932733527985245559 ) ) ;
#1105 = FACE_OUTER_BOUND ( 'NONE', #1468, .T. ) ;
#1106 = CARTESIAN_POINT ( 'NONE',  ( -20.61180485415014729, -0.7197800861208845102, 0.000000000000000000 ) ) ;
#1107 =( BOUNDED_CURVE ( )  B_SPLINE_CURVE ( 3, ( #1744, #1367, #2097, #789 ),
 .UNSPECIFIED., .F., .F. ) 
 B_SPLINE_CURVE_WITH_KNOTS ( ( 4, 4 ),
 ( 1.361356816555587601, 1.431169986635346891 ),
 .UNSPECIFIED. ) 
 CURVE ( )  GEOMETRIC_REPRESENTATION_ITEM ( )  RATIONAL_B_SPLINE_CURVE ( ( 1.000000000000000000, 0.9995938846793972488, 0.9995938846793972488, 1.000000000000000000 ) ) 
 REPRESENTATION_ITEM ( '' )  );
#1108 = ORIENTED_EDGE ( 'NONE', *, *, #2090, .T. ) ;
#1109 = ORIENTED_EDGE ( 'NONE', *, *, #3631, .T. ) ;
#1110 = VECTOR ( 'NONE', #2999, 1000.000000000000227 ) ;
#1111 = DIRECTION ( 'NONE',  ( 0.000000000000000000, 0.000000000000000000, -1.000000000000000000 ) ) ;
#1112 = FACE_OUTER_BOUND ( 'NONE', #2527, .T. ) ;
#1113 = VECTOR ( 'NONE', #267, 1000.000000000000000 ) ;
#1114 = FACE_OUTER_BOUND ( 'NONE', #3900, .T. ) ;
#1115 = VECTOR ( 'NONE', #3373, 1000.000000000000000 ) ;
#1116 = MANIFOLD_SOLID_BREP ( '\X2\52079664\X0\-\X2\62c94f38\X0\25', #1049 ) ;
#1117 = ORIENTED_EDGE ( 'NONE', *, *, #2041, .F. ) ;
#1118 = EDGE_CURVE ( 'NONE', #3959, #860, #284, .T. ) ;
#1119 = CARTESIAN_POINT ( 'NONE',  ( -7.634986425665455378, -12.66803925780835449, 9.834429194068786018 ) ) ;
#1120 = CARTESIAN_POINT ( 'NONE',  ( -1.999999999999994893, -79.00000000000001421, 19.96581550227846691 ) ) ;
#1121 = CIRCLE ( 'NONE', #1523, 43.50000000000000711 ) ;
#1122 = VECTOR ( 'NONE', #1961, 1000.000000000000000 ) ;
#1123 = ADVANCED_FACE ( 'NONE', ( #1538 ), #1226, .T. ) ;
#1124 = EDGE_CURVE ( 'NONE', #400, #3858, #3783, .T. ) ;
#1125 = CARTESIAN_POINT ( 'NONE',  ( -26.08084102806915894, 12.49999999999999289, 10.00000000000000000 ) ) ;
#1126 = DIRECTION ( 'NONE',  ( -0.03489949670251230734, 0.9993908270190954291, 0.000000000000000000 ) ) ;
#1127 = LINE ( 'NONE', #3398, #430 ) ;
#1128 = LINE ( 'NONE', #3355, #579 ) ;
#1129 = AXIS2_PLACEMENT_3D ( 'NONE', #3218, #659, #1284 ) ;
#1130 = EDGE_LOOP ( 'NONE', ( #258, #853, #2095, #1577 ) ) ;
#1131 = CARTESIAN_POINT ( 'NONE',  ( -24.99999999999999289, -5.977529203447922157, 3.798157263236946246 ) ) ;
#1132 = DIRECTION ( 'NONE',  ( -0.000000000000000000, -0.000000000000000000, -1.000000000000000000 ) ) ;
#1133 = DIRECTION ( 'NONE',  ( 4.698209414103848274E-16, -1.000000000000000000, 0.000000000000000000 ) ) ;
#1134 = EDGE_LOOP ( 'NONE', ( #3066, #3584, #3083, #3130 ) ) ;
#1135 = ORIENTED_EDGE ( 'NONE', *, *, #3327, .T. ) ;
#1136 = DIRECTION ( 'NONE',  ( 0.000000000000000000, -1.000000000000000000, 0.000000000000000000 ) ) ;
#1137 =( BOUNDED_SURFACE ( )  B_SPLINE_SURFACE ( 3, 2, ( 
 ( #561, #948, #4047 ),
 ( #2193, #2165, #625 ),
 ( #2466, #1517, #3784 ),
 ( #2488, #2801, #3766 ),
 ( #245, #3495, #1539 ),
 ( #2239, #1850, #1917 ),
 ( #3476, #1187, #4072 ),
 ( #4135, #1210, #3139 ),
 ( #1827, #1558, #608 ),
 ( #1493, #3748, #4091 ) ),
 .UNSPECIFIED., .F., .F., .F. ) 
 B_SPLINE_SURFACE_WITH_KNOTS ( ( 4, 2, 2, 2, 4 ),
 ( 3, 3 ),
 ( 0.1251561734069752685, 0.5201134494164286748, 0.9150707254258820811, 1.310028001435335376, 1.704985277444788894 ),
 ( 0.000000000000000000, 1.000000000000000000 ),
 .UNSPECIFIED. ) 
 GEOMETRIC_REPRESENTATION_ITEM ( )  RATIONAL_B_SPLINE_SURFACE ( (
 ( 1.000000000000000000, 0.7933533402912363863, 1.000000000000000000),
 ( 1.000000000000000000, 0.7920096544573641539, 1.000000000000000000),
 ( 1.000000000000000000, 0.7885084423921406849, 1.000000000000000000),
 ( 1.000000000000000000, 0.7776104027541270725, 1.000000000000000000),
 ( 1.000000000000000000, 0.7702061747754119780, 1.000000000000000000),
 ( 1.000000000000000000, 0.7523279004212443111, 1.000000000000000000),
 ( 1.000000000000000000, 0.7418541606575476122, 1.000000000000000000),
 ( 1.000000000000000000, 0.7191424563924354585, 1.000000000000000000),
 ( 1.000000000000000000, 0.7069128576710677070, 1.000000000000000000),
 ( 1.000000000000000000, 0.6946583704589974761, 1.000000000000000000) ) ) 
 REPRESENTATION_ITEM ( '' )  SURFACE ( )  );
#1138 = DIRECTION ( 'NONE',  ( -0.03487826274238545882, 0.9987827659587178442, -0.03487826274237468271 ) ) ;
#1139 = DIRECTION ( 'NONE',  ( -0.1390899611223747334, 0.9896764980577128501, -0.03456026486007358900 ) ) ;
#1140 = DIRECTION ( 'NONE',  ( -0.000000000000000000, -0.000000000000000000, 1.000000000000000000 ) ) ;
#1141 = ORIENTED_EDGE ( 'NONE', *, *, #2305, .T. ) ;
#1142 = CARTESIAN_POINT ( 'NONE',  ( -8.209409824568252745, -34.60438384606125339, 10.60046322692671517 ) ) ;
#1143 = FACE_OUTER_BOUND ( 'NONE', #1759, .T. ) ;
#1144 = CARTESIAN_POINT ( 'NONE',  ( -24.99999999999999645, -5.917371905604140281, 3.993060540775134282 ) ) ;
#1145 = EDGE_CURVE ( 'NONE', #1562, #404, #2191, .T. ) ;
#1146 = CARTESIAN_POINT ( 'NONE',  ( -24.56591901049904791, -3.062364197377154262, 17.73763580262289707 ) ) ;
#1147 = DIRECTION ( 'NONE',  ( -5.782411586589358625E-16, 0.000000000000000000, -1.000000000000000000 ) ) ;
#1148 = DIRECTION ( 'NONE',  ( 0.9993908270190953180, 0.03489949670251165509, 0.000000000000000000 ) ) ;
#1149 = CARTESIAN_POINT ( 'NONE',  ( 37.76352740992070522, -25.07683085454452154, 0.000000000000000000 ) ) ;
#1150 = EDGE_CURVE ( 'NONE', #1315, #640, #672, .T. ) ;
#1151 = ADVANCED_FACE ( 'NONE', ( #3161 ), #4071, .F. ) ;
#1152 = ORIENTED_EDGE ( 'NONE', *, *, #804, .F. ) ;
#1153 = CARTESIAN_POINT ( 'NONE',  ( -24.99999999999999289, -5.993650893774524313, 3.694810426092377753 ) ) ;
#1154 = CARTESIAN_POINT ( 'NONE',  ( -0.2787000018585688577, -55.46832989983255402, 4.344608152095450926 ) ) ;
#1155 = DIRECTION ( 'NONE',  ( -0.9902680687415698069, -0.1391731009600694624, 0.000000000000000000 ) ) ;
#1156 = ORIENTED_EDGE ( 'NONE', *, *, #366, .T. ) ;
#1157 = ORIENTED_EDGE ( 'NONE', *, *, #3042, .T. ) ;
#1158 = DIRECTION ( 'NONE',  ( -1.020425574104004122E-16, 1.000000000000000000, 0.000000000000000000 ) ) ;
#1159 = CARTESIAN_POINT ( 'NONE',  ( 2.000000000000010214, -79.17872568269119427, 7.659386119629379763 ) ) ;
#1160 = CARTESIAN_POINT ( 'NONE',  ( 37.76352740992070522, -25.07683085454452154, 18.80000000000000071 ) ) ;
#1161 = FACE_OUTER_BOUND ( 'NONE', #715, .T. ) ;
#1162 = ORIENTED_EDGE ( 'NONE', *, *, #3460, .F. ) ;
#1163 = FACE_BOUND ( 'NONE', #1094, .T. ) ;
#1164 = CARTESIAN_POINT ( 'NONE',  ( -7.634986425665455378, -12.66803925780835449, 9.834429194068786018 ) ) ;
#1165 = FACE_OUTER_BOUND ( 'NONE', #1081, .T. ) ;
#1166 = AXIS2_PLACEMENT_3D ( 'NONE', #3885, #2918, #2293 ) ;
#1167 = CARTESIAN_POINT ( 'NONE',  ( -4.026400864129399793, -54.40604198801970171, 7.789818961410562181 ) ) ;
#1168 = LINE ( 'NONE', #751, #2317 ) ;
#1169 = EDGE_CURVE ( 'NONE', #737, #1026, #1557, .T. ) ;
#1170 = CARTESIAN_POINT ( 'NONE',  ( 2.131500956173484784, -76.21044908863881062, 3.000000000000000000 ) ) ;
#1171 = DIRECTION ( 'NONE',  ( 1.445602896647339410E-16, 1.000000000000000000, -0.000000000000000000 ) ) ;
#1172 = ORIENTED_EDGE ( 'NONE', *, *, #3939, .T. ) ;
#1173 = ADVANCED_FACE ( 'NONE', ( #2840 ), #4112, .T. ) ;
#1174 = EDGE_CURVE ( 'NONE', #994, #1270, #2145, .T. ) ;
#1175 = CARTESIAN_POINT ( 'NONE',  ( -24.81153212626752591, -6.010689917544809191, 5.383371802300399800 ) ) ;
#1176 = CARTESIAN_POINT ( 'NONE',  ( -26.08084102806915894, 13.99999999999999289, 10.00000000000000000 ) ) ;
#1177 = DIRECTION ( 'NONE',  ( 0.000000000000000000, 8.673617379884034486E-16, 1.000000000000000000 ) ) ;
#1178 = VERTEX_POINT ( 'NONE', #3415 ) ;
#1179 = EDGE_CURVE ( 'NONE', #813, #882, #2487, .T. ) ;
#1180 = CYLINDRICAL_SURFACE ( 'NONE', #3966, 40.00000000000000711 ) ;
#1181 = AXIS2_PLACEMENT_3D ( 'NONE', #796, #3992, #411 ) ;
#1182 = FACE_OUTER_BOUND ( 'NONE', #2246, .T. ) ;
#1183 = DIRECTION ( 'NONE',  ( -1.000000000000000000, 1.445602896647339410E-16, 0.000000000000000000 ) ) ;
#1184 = ORIENTED_EDGE ( 'NONE', *, *, #3764, .T. ) ;
#1185 = CARTESIAN_POINT ( 'NONE',  ( 0.3222506436925858253, -63.33696419499838726, 0.000000000000000000 ) ) ;
#1186 = VECTOR ( 'NONE', #2748, 1000.000000000000000 ) ;
#1187 = CARTESIAN_POINT ( 'NONE',  ( -2.248116267790288614, -4.000000000000000888, 8.982925024464210040 ) ) ;
#1188 = LINE ( 'NONE', #2467, #1332 ) ;
#1189 = ORIENTED_EDGE ( 'NONE', *, *, #2893, .T. ) ;
#1190 = CARTESIAN_POINT ( 'NONE',  ( -24.89045714169863643, -4.000000000000005329, 10.46619212182166869 ) ) ;
#1191 = DIRECTION ( 'NONE',  ( 0.000000000000000000, -1.000000000000000000, -1.734723475976807094E-15 ) ) ;
#1192 = CARTESIAN_POINT ( 'NONE',  ( 18.00000000000000000, 0.000000000000000000, 17.00000000000000000 ) ) ;
#1193 = CARTESIAN_POINT ( 'NONE',  ( 0.000000000000000000, 0.000000000000000000, 0.000000000000000000 ) ) ;
#1194 = AXIS2_PLACEMENT_3D ( 'NONE', #871, #1570, #1906 ) ;
#1195 = ORIENTED_EDGE ( 'NONE', *, *, #1687, .F. ) ;
#1196 = VECTOR ( 'NONE', #21, 1000.000000000000227 ) ;
#1197 = CARTESIAN_POINT ( 'NONE',  ( -25.00000000000071054, -5.696554002053578536, 5.127498306248270410 ) ) ;
#1198 = DIRECTION ( 'NONE',  ( 0.000000000000000000, 0.000000000000000000, -1.000000000000000000 ) ) ;
#1199 = DIRECTION ( 'NONE',  ( 1.000000000000000000, 0.000000000000000000, 0.000000000000000000 ) ) ;
#1200 = ORIENTED_EDGE ( 'NONE', *, *, #2121, .T. ) ;
#1201 = ADVANCED_FACE ( 'NONE', ( #537 ), #216, .F. ) ;
#1202 = EDGE_LOOP ( 'NONE', ( #3278, #3194, #2554, #605, #2049, #3313, #1002, #619, #2491 ) ) ;
#1203 =( BOUNDED_CURVE ( )  B_SPLINE_CURVE ( 3, ( #1793, #183, #2761, #4030 ),
 .UNSPECIFIED., .F., .T. ) 
 B_SPLINE_CURVE_WITH_KNOTS ( ( 4, 4 ),
 ( 4.884814978097526961, 6.283185307179586232 ),
 .UNSPECIFIED. ) 
 CURVE ( )  GEOMETRIC_REPRESENTATION_ITEM ( )  RATIONAL_B_SPLINE_CURVE ( ( 1.000000000000000000, 0.8435779098201170445, 0.8435779098201170445, 1.000000000000000000 ) ) 
 REPRESENTATION_ITEM ( '' )  );
#1204 = CARTESIAN_POINT ( 'NONE',  ( -17.70090558972447781, -41.09646618148914143, -3.249999999999960476 ) ) ;
#1205 = CARTESIAN_POINT ( 'NONE',  ( 2.000000000000010658, -79.00000000000001421, 7.628242299975788399 ) ) ;
#1206 = ADVANCED_FACE ( 'NONE', ( #69 ), #3555, .F. ) ;
#1207 = ADVANCED_FACE ( 'NONE', ( #666 ), #346, .F. ) ;
#1208 = ORIENTED_EDGE ( 'NONE', *, *, #130, .F. ) ;
#1209 = DIRECTION ( 'NONE',  ( 0.03489949670251164121, -0.9993908270190953180, -1.480858017719437516E-16 ) ) ;
#1210 = CARTESIAN_POINT ( 'NONE',  ( -4.179085149583127823, -4.000000000000000888, 9.556514249195982913 ) ) ;
#1211 = CARTESIAN_POINT ( 'NONE',  ( 17.00000000000000355, 1.734723475976807489E-15, 15.80000000000000071 ) ) ;
#1212 = ORIENTED_EDGE ( 'NONE', *, *, #180, .F. ) ;
#1213 = B_SPLINE_CURVE_WITH_KNOTS ( 'NONE', 3,
 ( #3311, #2906, #3565, #78, #3252, #1985 ),
 .UNSPECIFIED., .F., .F.,
 ( 4, 2, 4 ),
 ( -1.095445772281344010E-05, 0.001177568936877437323, 0.002366092331477687941 ),
 .UNSPECIFIED. ) ;
#1214 = DIRECTION ( 'NONE',  ( 1.000000000000000000, 1.020425574104004122E-16, -0.000000000000000000 ) ) ;
#1215 = CARTESIAN_POINT ( 'NONE',  ( 1.000000000000010214, -79.00000000000001421, 11.99716558648087172 ) ) ;
#1216 = CARTESIAN_POINT ( 'NONE',  ( -0.8735056416419809677, -14.72406905044350900, 2.838693404935115350 ) ) ;
#1217 = ORIENTED_EDGE ( 'NONE', *, *, #857, .F. ) ;
#1218 = CARTESIAN_POINT ( 'NONE',  ( -21.49786659495411811, -4.000000000000003553, 4.991803722252002196 ) ) ;
#1219 = EDGE_LOOP ( 'NONE', ( #4115, #2885, #2770, #2270 ) ) ;
#1220 = EDGE_LOOP ( 'NONE', ( #145, #1287, #3850, #4095 ) ) ;
#1221 = DIRECTION ( 'NONE',  ( 0.9993908270190953180, 0.03489949670251165509, -0.000000000000000000 ) ) ;
#1222 = CARTESIAN_POINT ( 'NONE',  ( 1.905024285752551672, -78.10474969664242906, 7.566034514094211794 ) ) ;
#1223 = DIRECTION ( 'NONE',  ( 0.000000000000000000, 1.000000000000000000, 0.000000000000000000 ) ) ;
#1224 = VERTEX_POINT ( 'NONE', #1996 ) ;
#1225 = EDGE_CURVE ( 'NONE', #2596, #1546, #2882, .T. ) ;
#1226 = PLANE ( 'NONE',  #570 ) ;
#1227 = EDGE_CURVE ( 'NONE', #72, #2643, #2276, .T. ) ;
#1228 = CARTESIAN_POINT ( 'NONE',  ( 15.00000000000000000, 1.444447458290426890E-31, 17.00000000000000000 ) ) ;
#1229 = CARTESIAN_POINT ( 'NONE',  ( -3.626425419873243072, -56.67441545332315656, 7.869032308313618884 ) ) ;
#1230 = EDGE_LOOP ( 'NONE', ( #1530, #3335, #2766, #2333, #1152 ) ) ;
#1231 = VECTOR ( 'NONE', #3551, 1000.000000000000000 ) ;
#1232 = CARTESIAN_POINT ( 'NONE',  ( -22.88008815903888760, -3.999999999998875122, 8.186073210710224757 ) ) ;
#1233 = CARTESIAN_POINT ( 'NONE',  ( -3.626425419873243072, -56.55226721486440766, 11.36690020288045488 ) ) ;
#1234 = CARTESIAN_POINT ( 'NONE',  ( -10.25682685363648261, -22.69717742125171256, 3.180387605983530541 ) ) ;
#1235 = DIRECTION ( 'NONE',  ( 1.000000000000000000, 0.000000000000000000, -0.000000000000000000 ) ) ;
#1236 = EDGE_LOOP ( 'NONE', ( #146, #1585, #606 ) ) ;
#1237 = CARTESIAN_POINT ( 'NONE',  ( -1.362376619431593383, -33.39329848725451200, 3.604727437793043610 ) ) ;
#1238 = CARTESIAN_POINT ( 'NONE',  ( 20.00000000000000355, -4.000000000000003553, -18.80000000000000071 ) ) ;
#1239 = ORIENTED_EDGE ( 'NONE', *, *, #2305, .F. ) ;
#1240 = ORIENTED_EDGE ( 'NONE', *, *, #3868, .F. ) ;
#1241 = DIRECTION ( 'NONE',  ( 0.000000000000000000, 1.000000000000000000, 1.230300337572203632E-16 ) ) ;
#1242 = DIRECTION ( 'NONE',  ( 1.000000000000000000, -1.445602896647339410E-16, 0.000000000000000000 ) ) ;
#1243 = FACE_OUTER_BOUND ( 'NONE', #2713, .T. ) ;
#1244 = ORIENTED_EDGE ( 'NONE', *, *, #1588, .F. ) ;
#1245 = EDGE_LOOP ( 'NONE', ( #2419, #800, #415, #391 ) ) ;
#1246 = AXIS2_PLACEMENT_3D ( 'NONE', #2514, #1520, #2198 ) ;
#1247 = SURFACE_STYLE_USAGE ( .BOTH. , #1895 ) ;
#1248 = FACE_OUTER_BOUND ( 'NONE', #397, .T. ) ;
#1249 = CARTESIAN_POINT ( 'NONE',  ( 4.301980963936876456, -7.000000000000000888, 2.541848489443937709 ) ) ;
#1250 = VECTOR ( 'NONE', #3824, 1000.000000000000000 ) ;
#1251 =( BOUNDED_CURVE ( )  B_SPLINE_CURVE ( 3, ( #3366, #464, #2058, #3651 ),
 .UNSPECIFIED., .F., .F. ) 
 B_SPLINE_CURVE_WITH_KNOTS ( ( 4, 4 ),
 ( 3.926381829401480505, 5.498396131367602635 ),
 .UNSPECIFIED. ) 
 CURVE ( )  GEOMETRIC_REPRESENTATION_ITEM ( )  RATIONAL_B_SPLINE_CURVE ( ( 1.000000000000000000, 0.8044506872272227938, 0.8044506872272227938, 1.000000000000000000 ) ) 
 REPRESENTATION_ITEM ( '' )  );
#1252 = VERTEX_POINT ( 'NONE', #704 ) ;
#1253 = EDGE_CURVE ( 'NONE', #2548, #1898, #3179, .T. ) ;
#1254 = CARTESIAN_POINT ( 'NONE',  ( -23.69725055183905127, -41.30586316170420957, 3.250000000000038636 ) ) ;
#1255 = DIRECTION ( 'NONE',  ( -0.000000000000000000, -0.000000000000000000, -1.000000000000000000 ) ) ;
#1256 = CIRCLE ( 'NONE', #3534, 1.799999999999999600 ) ;
#1257 = DIRECTION ( 'NONE',  ( -0.2077905067623292967, 0.9775774745778874619, -0.03413775765005936519 ) ) ;
#1258 = FACE_BOUND ( 'NONE', #2877, .T. ) ;
#1259 = EDGE_CURVE ( 'NONE', #3567, #370, #1904, .T. ) ;
#1260 = EDGE_CURVE ( 'NONE', #791, #2006, #2571, .T. ) ;
#1261 = EDGE_LOOP ( 'NONE', ( #2997, #2028 ) ) ;
#1262 = CARTESIAN_POINT ( 'NONE',  ( -2.514943851422230203, -20.84999984682819019, 3.090052010219079381 ) ) ;
#1263 = CARTESIAN_POINT ( 'NONE',  ( 1.773687324816316080, -80.36986099717469756, 8.035961399067440780 ) ) ;
#1264 = ORIENTED_EDGE ( 'NONE', *, *, #3490, .F. ) ;
#1265 = VECTOR ( 'NONE', #2068, 1000.000000000000000 ) ;
#1266 = ORIENTED_EDGE ( 'NONE', *, *, #2281, .F. ) ;
#1267 = CIRCLE ( 'NONE', #3602, 40.00000000000000000 ) ;
#1268 = CARTESIAN_POINT ( 'NONE',  ( -5.000000000000000888, -76.64294612669230844, 12.06848217009311419 ) ) ;
#1269 = CARTESIAN_POINT ( 'NONE',  ( -0.1863896568690718292, -75.42776720851769312, 8.437384169170854875 ) ) ;
#1270 = VERTEX_POINT ( 'NONE', #329 ) ;
#1271 = AXIS2_PLACEMENT_3D ( 'NONE', #395, #1400, #3601 ) ;
#1272 = ORIENTED_EDGE ( 'NONE', *, *, #548, .T. ) ;
#1273 = CARTESIAN_POINT ( 'NONE',  ( -17.92775231829079985, -34.60042580586501515, -3.249999999999960476 ) ) ;
#1274 = CARTESIAN_POINT ( 'NONE',  ( -24.61823588073793800, -14.93229401351399765, 0.2000000000000057288 ) ) ;
#1275 = FACE_OUTER_BOUND ( 'NONE', #2968, .T. ) ;
#1276 = VERTEX_POINT ( 'NONE', #3572 ) ;
#1277 = DIRECTION ( 'NONE',  ( 0.000000000000000000, 1.000000000000000000, -0.000000000000000000 ) ) ;
#1278 = FACE_OUTER_BOUND ( 'NONE', #1022, .T. ) ;
#1279 =( BOUNDED_CURVE ( )  B_SPLINE_CURVE ( 3, ( #3000, #740, #3346, #1051 ),
 .UNSPECIFIED., .F., .F. ) 
 B_SPLINE_CURVE_WITH_KNOTS ( ( 4, 4 ),
 ( 2.473154501821969831, 4.712388980384689674 ),
 .UNSPECIFIED. ) 
 CURVE ( )  GEOMETRIC_REPRESENTATION_ITEM ( )  RATIONAL_B_SPLINE_CURVE ( ( 1.000000000000000000, 0.6240179582969334060, 0.6240179582969334060, 1.000000000000000000 ) ) 
 REPRESENTATION_ITEM ( '' )  );
#1280 = CARTESIAN_POINT ( 'NONE',  ( -2.305002897592756561, -27.17026903024085271, 3.349384689573090323 ) ) ;
#1281 = EDGE_CURVE ( 'NONE', #664, #2542, #2830, .T. ) ;
#1282 = ORIENTED_EDGE ( 'NONE', *, *, #1038, .F. ) ;
#1283 = CARTESIAN_POINT ( 'NONE',  ( -12.30875404182144095, -89.00000000000000000, 3.000000000000001332 ) ) ;
#1284 = DIRECTION ( 'NONE',  ( -0.03489949670251233510, 0.9993908270190953180, 0.000000000000000000 ) ) ;
#1285 = EDGE_CURVE ( 'NONE', #3078, #629, #1915, .T. ) ;
#1286 = EDGE_CURVE ( 'NONE', #2358, #209, #1625, .T. ) ;
#1287 = ORIENTED_EDGE ( 'NONE', *, *, #3764, .F. ) ;
#1288 = ORIENTED_EDGE ( 'NONE', *, *, #2015, .F. ) ;
#1289 = DIRECTION ( 'NONE',  ( -1.445602896647339410E-16, -1.000000000000000000, 0.000000000000000000 ) ) ;
#1290 = DIRECTION ( 'NONE',  ( 0.000000000000000000, -1.000000000000000000, 0.000000000000000000 ) ) ;
#1291 = VERTEX_POINT ( 'NONE', #2898 ) ;
#1292 = CARTESIAN_POINT ( 'NONE',  ( -16.02041342017244574, -89.21946558872203070, 6.504006641442204639 ) ) ;
#1293 = FACE_OUTER_BOUND ( 'NONE', #3318, .T. ) ;
#1294 = CARTESIAN_POINT ( 'NONE',  ( -8.209409824568247416, -34.84868032297875828, 3.604727437793045830 ) ) ;
#1295 = EDGE_LOOP ( 'NONE', ( #2346, #3642, #1993, #475 ) ) ;
#1296 = CARTESIAN_POINT ( 'NONE',  ( 16.90000000000000568, 13.99999999999999822, 10.00000000000000000 ) ) ;
#1297 = LINE ( 'NONE', #1341, #1716 ) ;
#1298 = CARTESIAN_POINT ( 'NONE',  ( -24.99999999999999289, -5.795951847950102653, 3.017691685221208786 ) ) ;
#1299 = AXIS2_PLACEMENT_3D ( 'NONE', #1823, #2439, #213 ) ;
#1300 = ORIENTED_EDGE ( 'NONE', *, *, #1613, .T. ) ;
#1301 = CARTESIAN_POINT ( 'NONE',  ( -5.632133153531875713, -20.52282233568944392, 3.091661977703952235 ) ) ;
#1302 = CARTESIAN_POINT ( 'NONE',  ( -24.94871612574786468, -6.361411490729386387, 3.125521771278980676 ) ) ;
#1303 = VERTEX_POINT ( 'NONE', #3264 ) ;
#1304 = VERTEX_POINT ( 'NONE', #1333 ) ;
#1305 = EDGE_CURVE ( 'NONE', #3959, #2035, #2339, .T. ) ;
#1306 = EDGE_CURVE ( 'NONE', #1719, #3518, #2631, .T. ) ;
#1307 = DIRECTION ( 'NONE',  ( 0.000000000000000000, 0.000000000000000000, 1.000000000000000000 ) ) ;
#1308 = CARTESIAN_POINT ( 'NONE',  ( -17.42011538148003069, -89.00000000000001421, 9.109099408487388416 ) ) ;
#1309 = VERTEX_POINT ( 'NONE', #1667 ) ;
#1310 = ORIENTED_EDGE ( 'NONE', *, *, #1354, .F. ) ;
#1311 = ADVANCED_FACE ( 'NONE', ( #2238 ), #52, .F. ) ;
#1312 = CARTESIAN_POINT ( 'NONE',  ( 1.404203485069675184, -6.223542864692423571, 0.000000000000000000 ) ) ;
#1313 = DIRECTION ( 'NONE',  ( -0.000000000000000000, -0.000000000000000000, 1.000000000000000000 ) ) ;
#1314 = DIRECTION ( 'NONE',  ( 0.000000000000000000, -1.000000000000000000, 0.000000000000000000 ) ) ;
#1315 = VERTEX_POINT ( 'NONE', #17 ) ;
#1316 = AXIS2_PLACEMENT_3D ( 'NONE', #777, #3725, #1147 ) ;
#1317 = CARTESIAN_POINT ( 'NONE',  ( 6.601311255377238396, -85.58329770794070157, 8.923557199543402874 ) ) ;
#1318 = DIRECTION ( 'NONE',  ( -0.000000000000000000, -0.000000000000000000, -1.000000000000000000 ) ) ;
#1319 = DIRECTION ( 'NONE',  ( 1.734723475976806848E-16, -1.000000000000000000, -1.734723475976806848E-16 ) ) ;
#1320 = CARTESIAN_POINT ( 'NONE',  ( -6.000000000000002665, -76.17580952735310973, 8.550035995540559597 ) ) ;
#1321 = AXIS2_PLACEMENT_3D ( 'NONE', #2081, #2359, #136 ) ;
#1322 = CARTESIAN_POINT ( 'NONE',  ( 19.91798600239859240, -3.930981152541312085, 16.50933426008431582 ) ) ;
#1323 = VECTOR ( 'NONE', #699, 999.9999999999998863 ) ;
#1324 = VERTEX_POINT ( 'NONE', #1606 ) ;
#1325 = VERTEX_POINT ( 'NONE', #1312 ) ;
#1326 = FACE_OUTER_BOUND ( 'NONE', #1134, .T. ) ;
#1327 = CARTESIAN_POINT ( 'NONE',  ( -16.84664002906697888, -89.00000000000001421, 12.48726587229342933 ) ) ;
#1328 = ADVANCED_FACE ( 'NONE', ( #1029 ), #3226, .T. ) ;
#1329 = AXIS2_PLACEMENT_3D ( 'NONE', #2356, #2016, #2650 ) ;
#1330 = ORIENTED_EDGE ( 'NONE', *, *, #4037, .F. ) ;
#1331 = AXIS2_PLACEMENT_3D ( 'NONE', #1612, #3441, #1235 ) ;
#1332 = VECTOR ( 'NONE', #3046, 1000.000000000000114 ) ;
#1333 = CARTESIAN_POINT ( 'NONE',  ( -21.23553632528939517, -11.51215604589220298, -3.099847599695185085 ) ) ;
#1335 = AXIS2_PLACEMENT_3D ( 'NONE', #2929, #2967, #1986 ) ;
#1334 = DIRECTION ( 'NONE',  ( 1.000000000000000000, 0.000000000000000000, 1.734723475976807587E-16 ) ) ;
#1336 = EDGE_CURVE ( 'NONE', #1304, #2669, #648, .T. ) ;
#1337 = CARTESIAN_POINT ( 'NONE',  ( 20.00000000000000355, -4.000000000000003553, 12.63832553457315200 ) ) ;
#1338 = EDGE_CURVE ( 'NONE', #3242, #2274, #1967, .T. ) ;
#1339 = ORIENTED_EDGE ( 'NONE', *, *, #4063, .T. ) ;
#1340 = FACE_OUTER_BOUND ( 'NONE', #3513, .T. ) ;
#1341 = CARTESIAN_POINT ( 'NONE',  ( -0.1604871792777528283, -56.30945783842167884, 18.80000000000000071 ) ) ;
#1342 = CARTESIAN_POINT ( 'NONE',  ( -1.623466631435288576, 0.000000000000000000, 2.495834222360337140 ) ) ;
#1343 = LINE ( 'NONE', #3292, #2395 ) ;
#1344 = CARTESIAN_POINT ( 'NONE',  ( -21.00519964705281950, -18.10813550421823237, 18.80000000000000071 ) ) ;
#1345 = ORIENTED_EDGE ( 'NONE', *, *, #1045, .T. ) ;
#1346 = EDGE_LOOP ( 'NONE', ( #1598, #444, #3913, #3975 ) ) ;
#1347 = CARTESIAN_POINT ( 'NONE',  ( -19.45804973277394367, -59.27931764282332239, 6.187313213253001543 ) ) ;
#1348 = EDGE_LOOP ( 'NONE', ( #2922, #210, #2550, #3378 ) ) ;
#1349 = ORIENTED_EDGE ( 'NONE', *, *, #1662, .F. ) ;
#1350 = ADVANCED_FACE ( 'NONE', ( #1112 ), #1089, .F. ) ;
#1351 = LINE ( 'NONE', #724, #1584 ) ;
#1352 = DIRECTION ( 'NONE',  ( -0.03489949670251211999, 0.9993908270190953180, 0.000000000000000000 ) ) ;
#1353 = ORIENTED_EDGE ( 'NONE', *, *, #3839, .F. ) ;
#1354 = EDGE_CURVE ( 'NONE', #1178, #722, #1279, .T. ) ;
#1355 = EDGE_CURVE ( 'NONE', #1820, #8, #510, .T. ) ;
#1356 = DIRECTION ( 'NONE',  ( 0.2077905067623287971, -0.9775774745778875729, 0.03413775765005876844 ) ) ;
#1357 = DIRECTION ( 'NONE',  ( 0.000000000000000000, 0.000000000000000000, -1.000000000000000000 ) ) ;
#1358 = LINE ( 'NONE', #3231, #235 ) ;
#1359 = CARTESIAN_POINT ( 'NONE',  ( -6.000000000000000000, -79.00000000000001421, 8.648658900036650721 ) ) ;
#1360 = CARTESIAN_POINT ( 'NONE',  ( 19.99508977302470214, -4.000000000000003553, 15.97157287525380021 ) ) ;
#1361 = ORIENTED_EDGE ( 'NONE', *, *, #124, .F. ) ;
#1362 = ORIENTED_EDGE ( 'NONE', *, *, #2784, .T. ) ;
#1363 = CARTESIAN_POINT ( 'NONE',  ( -8.209409824568252745, -34.60438384606125339, 10.60046322692671517 ) ) ;
#1364 = CARTESIAN_POINT ( 'NONE',  ( -22.13327050258676465, -86.09239198150493166, 7.094038094207173017 ) ) ;
#1365 = ORIENTED_EDGE ( 'NONE', *, *, #2638, .T. ) ;
#1366 = VERTEX_POINT ( 'NONE', #1388 ) ;
#1367 = CARTESIAN_POINT ( 'NONE',  ( 3.014204643501047443, -53.98349447342764051, 4.318187600330941400 ) ) ;
#1368 = FACE_OUTER_BOUND ( 'NONE', #1391, .T. ) ;
#1369 = DIRECTION ( 'NONE',  ( -0.000000000000000000, 1.000000000000000000, -0.000000000000000000 ) ) ;
#1370 = ORIENTED_EDGE ( 'NONE', *, *, #383, .F. ) ;
#1371 = CARTESIAN_POINT ( 'NONE',  ( -21.18318708023562635, -13.01124228642083658, 0.2000000000000057288 ) ) ;
#1372 = LINE ( 'NONE', #974, #992 ) ;
#1373 = EDGE_CURVE ( 'NONE', #1325, #3436, #2335, .T. ) ;
#1374 = AXIS2_PLACEMENT_3D ( 'NONE', #1485, #1198, #2110 ) ;
#1375 = FACE_OUTER_BOUND ( 'NONE', #3794, .T. ) ;
#1376 = CARTESIAN_POINT ( 'NONE',  ( 19.80345605871287518, -3.788850302465478492, 16.87552983061908307 ) ) ;
#1377 = EDGE_CURVE ( 'NONE', #2727, #994, #2671, .T. ) ;
#1378 = EDGE_LOOP ( 'NONE', ( #2848, #1282, #1842, #15, #1877, #2782 ) ) ;
#1379 = CIRCLE ( 'NONE', #4052, 3.000000000000004441 ) ;
#1380 =( BOUNDED_CURVE ( )  B_SPLINE_CURVE ( 3, ( #3055, #3297, #1084, #1385 ),
 .UNSPECIFIED., .F., .F. ) 
 B_SPLINE_CURVE_WITH_KNOTS ( ( 4, 4 ),
 ( 0.1251561734069757403, 1.704985277444788894 ),
 .UNSPECIFIED. ) 
 CURVE ( )  GEOMETRIC_REPRESENTATION_ITEM ( )  RATIONAL_B_SPLINE_CURVE ( ( 1.000000000000000000, 0.8026040075570934906, 0.8026040075570934906, 1.000000000000000000 ) ) 
 REPRESENTATION_ITEM ( '' )  );
#1381 = ORIENTED_EDGE ( 'NONE', *, *, #1336, .F. ) ;
#1382 = VECTOR ( 'NONE', #1649, 1000.000000000000000 ) ;
#1383 = CARTESIAN_POINT ( 'NONE',  ( 3.305451061317741690, -55.82235198506143092, 0.000000000000000000 ) ) ;
#1384 = VECTOR ( 'NONE', #2935, 1000.000000000000000 ) ;
#1385 = CARTESIAN_POINT ( 'NONE',  ( -5.279662784722490620, -4.000000000000000000, 6.029601188155564451 ) ) ;
#1386 = ORIENTED_EDGE ( 'NONE', *, *, #338, .T. ) ;
#1387 = VECTOR ( 'NONE', #2720, 1000.000000000000000 ) ;
#1388 = CARTESIAN_POINT ( 'NONE',  ( -24.99999999999999289, -1.999999999999997335, 15.80000000000000071 ) ) ;
#1389 = LINE ( 'NONE', #3698, #3920 ) ;
#1390 = DIRECTION ( 'NONE',  ( 0.000000000000000000, 0.000000000000000000, -1.000000000000000000 ) ) ;
#1391 = EDGE_LOOP ( 'NONE', ( #1954, #1021, #2955, #3937 ) ) ;
#1392 = AXIS2_PLACEMENT_3D ( 'NONE', #1294, #2884, #4158 ) ;
#1393 = STYLED_ITEM ( 'NONE', ( #3089 ), #1116 ) ;
#1394 = AXIS2_PLACEMENT_3D ( 'NONE', #2039, #2737, #117 ) ;
#1395 = CARTESIAN_POINT ( 'NONE',  ( -2.308754041821444059, -84.99999999999998579, 3.000000000000000444 ) ) ;
#1396 = CARTESIAN_POINT ( 'NONE',  ( 20.00000000000000355, 2.999999999999998224, 2.999999999999997335 ) ) ;
#1397 = CARTESIAN_POINT ( 'NONE',  ( -16.12918348404367563, -89.00000000000001421, 9.393409058628295227 ) ) ;
#1398 = DIRECTION ( 'NONE',  ( 0.000000000000000000, 0.000000000000000000, -1.000000000000000000 ) ) ;
#1399 = DIRECTION ( 'NONE',  ( -0.03489949670251233510, 0.9993908270190953180, 0.000000000000000000 ) ) ;
#1400 = DIRECTION ( 'NONE',  ( -0.000000000000000000, -0.000000000000000000, -1.000000000000000000 ) ) ;
#1401 = ORIENTED_EDGE ( 'NONE', *, *, #2990, .T. ) ;
#1402 = VERTEX_POINT ( 'NONE', #2709 ) ;
#1403 = EDGE_CURVE ( 'NONE', #2399, #3057, #4005, .T. ) ;
#1404 = EDGE_CURVE ( 'NONE', #2463, #2286, #1862, .T. ) ;
#1405 = CARTESIAN_POINT ( 'NONE',  ( -12.30875404182144095, -84.99999999999998579, 1.094697590084338164E-15 ) ) ;
#1406 = CARTESIAN_POINT ( 'NONE',  ( -11.10475531594062915, -17.96252627872523888, 3.700000000000005063 ) ) ;
#1407 = ORIENTED_EDGE ( 'NONE', *, *, #677, .F. ) ;
#1408 = VERTEX_POINT ( 'NONE', #2731 ) ;
#1409 = CARTESIAN_POINT ( 'NONE',  ( -18.51889048772018498, -89.30671433047830021, 6.504006641442204639 ) ) ;
#1410 = DIRECTION ( 'NONE',  ( 1.000000000000000000, 0.000000000000000000, 0.000000000000000000 ) ) ;
#1411 = LINE ( 'NONE', #91, #164 ) ;
#1412 = EDGE_LOOP ( 'NONE', ( #1189, #3467 ) ) ;
#1413 = LINE ( 'NONE', #3069, #3729 ) ;
#1414 = FACE_OUTER_BOUND ( 'NONE', #2157, .T. ) ;
#1415 = CARTESIAN_POINT ( 'NONE',  ( -22.96517450184733988, -3.299391197362530725, 17.50060880263745844 ) ) ;
#1416 = DIRECTION ( 'NONE',  ( -0.1391731009600694624, 0.9902680687415698069, 0.000000000000000000 ) ) ;
#1417 = DIRECTION ( 'NONE',  ( -0.000000000000000000, -0.000000000000000000, -1.000000000000000000 ) ) ;
#1418 = LINE ( 'NONE', #4032, #1602 ) ;
#1419 = ORIENTED_EDGE ( 'NONE', *, *, #359, .F. ) ;
#1420 = ORIENTED_EDGE ( 'NONE', *, *, #2764, .F. ) ;
#1421 = DIRECTION ( 'NONE',  ( -0.1390899611223747334, 0.9896764980577127391, -0.03456026486007358206 ) ) ;
#1422 = CARTESIAN_POINT ( 'NONE',  ( -1.623466631435290353, -4.000000000000003553, 2.495834222360338472 ) ) ;
#1423 = EDGE_CURVE ( 'NONE', #2393, #3383, #1107, .T. ) ;
#1424 = ORIENTED_EDGE ( 'NONE', *, *, #2405, .T. ) ;
#1425 = VECTOR ( 'NONE', #482, 1000.000000000000114 ) ;
#1426 = CARTESIAN_POINT ( 'NONE',  ( 4.517160185136442685, -89.00000000000000000, 5.410411008545324307 ) ) ;
#1427 =( BOUNDED_SURFACE ( )  B_SPLINE_SURFACE ( 3, 2, ( 
 ( #3705, #3006, #3637 ),
 ( #1415, #1146, #1479 ),
 ( #1750, #3310, #2677 ),
 ( #3048, #3026, #138 ),
 ( #1097, #2697, #2423 ),
 ( #3969, #3949, #1434 ),
 ( #3330, #410, #2406 ),
 ( #2717, #431, #3991 ),
 ( #2760, #1792, #1459 ),
 ( #4029, #2383, #2342 ) ),
 .UNSPECIFIED., .F., .F., .F. ) 
 B_SPLINE_SURFACE_WITH_KNOTS ( ( 4, 2, 2, 2, 4 ),
 ( 3, 3 ),
 ( 4.884814978097526961, 5.234407560368041779, 5.584000142638556596, 5.933592724909071414, 6.283185307179586232 ),
 ( 0.000000000000000000, 1.000000000000000000 ),
 .UNSPECIFIED. ) 
 GEOMETRIC_REPRESENTATION_ITEM ( )  RATIONAL_B_SPLINE_SURFACE ( (
 ( 1.000000000000000000, 0.7487724432561723154, 1.000000000000000000),
 ( 1.000000000000000000, 0.7758855959437278571, 1.000000000000000000),
 ( 1.000000000000000000, 0.8006568905320652352, 1.000000000000000000),
 ( 1.000000000000000000, 0.8440833815740540480, 1.000000000000000000),
 ( 1.000000000000000000, 0.8627341110349885378, 1.000000000000000000),
 ( 1.000000000000000000, 0.8929401754693110371, 1.000000000000000000),
 ( 1.000000000000000000, 0.9044976606681723874, 1.000000000000000000),
 ( 1.000000000000000000, 0.9199669429203042315, 1.000000000000000000),
 ( 1.000000000000000000, 0.9238852225662101958, 1.000000000000000000),
 ( 1.000000000000000000, 0.9238795325112860723, 1.000000000000000000) ) ) 
 REPRESENTATION_ITEM ( '' )  SURFACE ( )  );
#1428 = CARTESIAN_POINT ( 'NONE',  ( 3.941975981525933648, -85.49999999999998579, 5.390520607910406881 ) ) ;
#1429 = EDGE_CURVE ( 'NONE', #1303, #2517, #2207, .T. ) ;
#1430 = EDGE_CURVE ( 'NONE', #576, #2844, #132, .T. ) ;
#1431 = VERTEX_POINT ( 'NONE', #1428 ) ;
#1432 = DIRECTION ( 'NONE',  ( -0.03487826274238545882, 0.9987827659587178442, -0.03487826274237468271 ) ) ;
#1433 = CARTESIAN_POINT ( 'NONE',  ( -6.876086461624747237, -23.60304407911054980, 3.180387605983530985 ) ) ;
#1434 = CARTESIAN_POINT ( 'NONE',  ( -23.66321621162454036, -1.331207427093050732, 18.32109634448218927 ) ) ;
#1435 = CARTESIAN_POINT ( 'NONE',  ( -23.44037524886270418, -48.66180939985822107, -3.049999999999991385 ) ) ;
#1436 = CARTESIAN_POINT ( 'NONE',  ( 20.00000000000000355, 23.00000000000000000, 3.975047607936268293E-15 ) ) ;
#1437 = DIRECTION ( 'NONE',  ( -0.9993908270190953180, -0.03489949670251239755, 0.000000000000000000 ) ) ;
#1438 = ORIENTED_EDGE ( 'NONE', *, *, #3839, .T. ) ;
#1439 = AXIS2_PLACEMENT_3D ( 'NONE', #2911, #2684, #2644 ) ;
#1440 = DIRECTION ( 'NONE',  ( -0.000000000000000000, 0.000000000000000000, 1.000000000000000000 ) ) ;
#1441 = DIRECTION ( 'NONE',  ( 0.1390899611223743171, -0.9896764980577128501, 0.03456026486007390819 ) ) ;
#1442 = ORIENTED_EDGE ( 'NONE', *, *, #3236, .F. ) ;
#1443 = ORIENTED_EDGE ( 'NONE', *, *, #2374, .F. ) ;
#1444 = AXIS2_PLACEMENT_3D ( 'NONE', #1405, #2051, #2347 ) ;
#1445 = CARTESIAN_POINT ( 'NONE',  ( -3.751235286647874201, -55.78634710622019810, 7.838020278271519814 ) ) ;
#1446 = ADVANCED_FACE ( 'NONE', ( #3983 ), #2078, .F. ) ;
#1447 = CARTESIAN_POINT ( 'NONE',  ( 5.000000000000000888, 25.00000000000000000, 17.00000000000000355 ) ) ;
#1448 = DIRECTION ( 'NONE',  ( 1.000000000000000000, 1.020425574104004369E-16, -0.000000000000000000 ) ) ;
#1449 = AXIS2_PLACEMENT_3D ( 'NONE', #125, #2389, #4036 ) ;
#1450 = ORIENTED_EDGE ( 'NONE', *, *, #2030, .T. ) ;
#1451 = EDGE_CURVE ( 'NONE', #1601, #1562, #3038, .T. ) ;
#1452 = DIRECTION ( 'NONE',  ( -0.03489949670251190489, 0.9993908270190953180, 0.000000000000000000 ) ) ;
#1453 = ADVANCED_FACE ( 'NONE', ( #3697, #810 ), #3062, .F. ) ;
#1454 = CYLINDRICAL_SURFACE ( 'NONE', #987, 4.000000000000005329 ) ;
#1455 = DIRECTION ( 'NONE',  ( 1.000000000000000000, 1.020425574104004615E-16, 0.000000000000000000 ) ) ;
#1456 = AXIS2_PLACEMENT_3D ( 'NONE', #949, #1645, #269 ) ;
#1457 = VECTOR ( 'NONE', #2890, 1000.000000000000000 ) ;
#1458 = VECTOR ( 'NONE', #3928, 1000.000000000000000 ) ;
#1459 = CARTESIAN_POINT ( 'NONE',  ( -22.34963220617596136, -1.171572875282925752, 18.80000000000000426 ) ) ;
#1460 = DIRECTION ( 'NONE',  ( -1.445602896647339410E-16, -1.000000000000000000, 0.000000000000000000 ) ) ;
#1461 = DIRECTION ( 'NONE',  ( 0.000000000000000000, -0.000000000000000000, 1.000000000000000000 ) ) ;
#1462 = CARTESIAN_POINT ( 'NONE',  ( 12.00000000000000355, 16.99999999999999645, 10.00000000000000000 ) ) ;
#1463 = VECTOR ( 'NONE', #1929, 1000.000000000000000 ) ;
#1464 = ORIENTED_EDGE ( 'NONE', *, *, #2961, .T. ) ;
#1465 = CARTESIAN_POINT ( 'NONE',  ( -22.40300880506901393, -7.043383015586426765, 9.638011869963829525 ) ) ;
#1466 =( BOUNDED_CURVE ( )  B_SPLINE_CURVE ( 3, ( #2751, #4065, #2816, #2140 ),
 .UNSPECIFIED., .F., .F. ) 
 B_SPLINE_CURVE_WITH_KNOTS ( ( 4, 4 ),
 ( 0.1251561734069757126, 1.704985277444788005 ),
 .UNSPECIFIED. ) 
 CURVE ( )  GEOMETRIC_REPRESENTATION_ITEM ( )  RATIONAL_B_SPLINE_CURVE ( ( 1.000000000000000000, 0.8026040075570937127, 0.8026040075570937127, 1.000000000000000000 ) ) 
 REPRESENTATION_ITEM ( '' )  );
#1467 = CARTESIAN_POINT ( 'NONE',  ( -19.13466826877932192, -89.00000000000001421, 8.148052099544019100 ) ) ;
#1468 = EDGE_LOOP ( 'NONE', ( #1062, #2005, #3401, #3799 ) ) ;
#1469 = ORIENTED_EDGE ( 'NONE', *, *, #3689, .T. ) ;
#1470 = DIRECTION ( 'NONE',  ( 0.000000000000000000, -0.000000000000000000, 1.000000000000000000 ) ) ;
#1471 = CARTESIAN_POINT ( 'NONE',  ( 1.988102442840660178, -79.35472578807751631, 7.701177862111435068 ) ) ;
#1472 = CYLINDRICAL_SURFACE ( 'NONE', #2595, 1.899999999999999023 ) ;
#1473 = ORIENTED_EDGE ( 'NONE', *, *, #12, .T. ) ;
#1474 = CARTESIAN_POINT ( 'NONE',  ( -4.785893221999919511, -34.12098940511663869, 18.80000000000000071 ) ) ;
#1475 = DIRECTION ( 'NONE',  ( 1.770156198885326701E-32, -1.734723475976806848E-16, 1.000000000000000000 ) ) ;
#1476 = DIRECTION ( 'NONE',  ( 0.9902680687415699179, 0.1391731009600689628, -0.000000000000000000 ) ) ;
#1477 = EDGE_CURVE ( 'NONE', #1556, #965, #2413, .T. ) ;
#1478 = ADVANCED_FACE ( 'NONE', ( #2561 ), #254, .T. ) ;
#1479 = CARTESIAN_POINT ( 'NONE',  ( -24.89552621938118904, -1.885182829220754197, 16.65917013810535963 ) ) ;
#1480 = LINE ( 'NONE', #1435, #2725 ) ;
#1481 = DIRECTION ( 'NONE',  ( 0.9993908270190953180, 0.03489949670251142610, 0.000000000000000000 ) ) ;
#1482 = CARTESIAN_POINT ( 'NONE',  ( 15.00000000000000000, 30.00000000000000000, 17.00000000000000355 ) ) ;
#1483 = EDGE_CURVE ( 'NONE', #870, #2630, #585, .T. ) ;
#1484 = ORIENTED_EDGE ( 'NONE', *, *, #858, .F. ) ;
#1485 = CARTESIAN_POINT ( 'NONE',  ( -1.999999999999994893, -79.00000000000001421, 0.000000000000000000 ) ) ;
#1486 = FACE_OUTER_BOUND ( 'NONE', #3507, .T. ) ;
#1487 = VERTEX_POINT ( 'NONE', #2546 ) ;
#1488 = ORIENTED_EDGE ( 'NONE', *, *, #2559, .F. ) ;
#1489 = DIRECTION ( 'NONE',  ( 0.03489949670251166203, -0.9993908270190954291, 0.000000000000000000 ) ) ;
#1490 = CARTESIAN_POINT ( 'NONE',  ( 1.413514498063350944, -76.87033222635731988, 7.821623513587276477 ) ) ;
#1491 = CARTESIAN_POINT ( 'NONE',  ( 18.00000000000000000, 13.99999999999999822, 10.00000000000000000 ) ) ;
#1492 = ORIENTED_EDGE ( 'NONE', *, *, #1887, .F. ) ;
#1493 = CARTESIAN_POINT ( 'NONE',  ( -6.144293759740839356, -7.104698490107501208, 9.640153053515863490 ) ) ;
#1494 = CARTESIAN_POINT ( 'NONE',  ( -24.99999999999998934, -5.993650895928191780, 3.694810426099030654 ) ) ;
#1495 = ORIENTED_EDGE ( 'NONE', *, *, #383, .T. ) ;
#1496 = CARTESIAN_POINT ( 'NONE',  ( 3.305451061317747019, -55.82235198506143092, 4.371164413746785549 ) ) ;
#1497 = CARTESIAN_POINT ( 'NONE',  ( 0.000000000000000000, 0.000000000000000000, 0.000000000000000000 ) ) ;
#1498 = CARTESIAN_POINT ( 'NONE',  ( -6.739724240634272334, -23.09413334214116986, 0.000000000000000000 ) ) ;
#1499 = EDGE_CURVE ( 'NONE', #2521, #3936, #3368, .T. ) ;
#1500 = VERTEX_POINT ( 'NONE', #2247 ) ;
#1501 = CARTESIAN_POINT ( 'NONE',  ( -24.93682903717548172, -6.324453473998133290, 4.305538689930934915 ) ) ;
#1502 = PLANE ( 'NONE',  #1449 ) ;
#1503 = EDGE_CURVE ( 'NONE', #1820, #1431, #3524, .T. ) ;
#1504 = DIRECTION ( 'NONE',  ( -1.000000000000000000, -4.625929269271485914E-16, 0.000000000000000000 ) ) ;
#1505 = VERTEX_POINT ( 'NONE', #3486 ) ;
#1506 = ORIENTED_EDGE ( 'NONE', *, *, #1016, .T. ) ;
#1507 = FACE_OUTER_BOUND ( 'NONE', #3149, .T. ) ;
#1508 = CIRCLE ( 'NONE', #1563, 1.799999999999999822 ) ;
#1509 = LINE ( 'NONE', #923, #1250 ) ;
#1510 = DIRECTION ( 'NONE',  ( 0.000000000000000000, -0.000000000000000000, -1.000000000000000000 ) ) ;
#1511 = ORIENTED_EDGE ( 'NONE', *, *, #2457, .T. ) ;
#1512 = AXIS2_PLACEMENT_3D ( 'NONE', #133, #3135, #1802 ) ;
#1513 =( BOUNDED_CURVE ( )  B_SPLINE_CURVE ( 3, ( #165, #1465, #2811, #551 ),
 .UNSPECIFIED., .F., .F. ) 
 B_SPLINE_CURVE_WITH_KNOTS ( ( 4, 4 ),
 ( 0.7847891758119929229, 2.356803477778114164 ),
 .UNSPECIFIED. ) 
 CURVE ( )  GEOMETRIC_REPRESENTATION_ITEM ( )  RATIONAL_B_SPLINE_CURVE ( ( 1.000000000000000000, 0.8044506872272230158, 0.8044506872272230158, 1.000000000000000000 ) ) 
 REPRESENTATION_ITEM ( '' )  );
#1514 = COLOUR_RGB ( '',0.7921568627450980005, 0.8196078431372548767, 0.9333333333333333481 ) ;
#1515 = CARTESIAN_POINT ( 'NONE',  ( 2.854512049799725393, -89.00000000000001421, 9.393409058628291675 ) ) ;
#1516 = VECTOR ( 'NONE', #360, 1000.000000000000000 ) ;
#1517 = CARTESIAN_POINT ( 'NONE',  ( 1.750519914348699357, -4.000000000000000000, 4.554011223116976481 ) ) ;
#1518 = CARTESIAN_POINT ( 'NONE',  ( -24.99999999999998934, -4.556167937173024818, 5.781364217850174292 ) ) ;
#1519 = ORIENTED_EDGE ( 'NONE', *, *, #151, .T. ) ;
#1520 = DIRECTION ( 'NONE',  ( -0.000000000000000000, -0.000000000000000000, -1.000000000000000000 ) ) ;
#1521 = CARTESIAN_POINT ( 'NONE',  ( 16.90000000000000568, 13.99999999999999822, 10.00000000000000000 ) ) ;
#1522 = FACE_OUTER_BOUND ( 'NONE', #2479, .T. ) ;
#1523 = AXIS2_PLACEMENT_3D ( 'NONE', #1685, #3945, #3304 ) ;
#1524 = AXIS2_PLACEMENT_3D ( 'NONE', #293, #910, #3814 ) ;
#1525 = ORIENTED_EDGE ( 'NONE', *, *, #2017, .T. ) ;
#1526 = DIRECTION ( 'NONE',  ( 8.673617379884042375E-16, 1.000000000000000000, 0.000000000000000000 ) ) ;
#1527 = FACE_OUTER_BOUND ( 'NONE', #2054, .T. ) ;
#1528 = AXIS2_PLACEMENT_3D ( 'NONE', #3275, #3312, #2304 ) ;
#1529 = CARTESIAN_POINT ( 'NONE',  ( -22.99999999999999289, -1.999999999999997335, -18.80000000000000071 ) ) ;
#1530 = ORIENTED_EDGE ( 'NONE', *, *, #1760, .T. ) ;
#1531 = EDGE_LOOP ( 'NONE', ( #3362, #3768 ) ) ;
#1532 = EDGE_CURVE ( 'NONE', #1048, #2387, #3818, .T. ) ;
#1533 = EDGE_CURVE ( 'NONE', #980, #379, #1597, .T. ) ;
#1534 = LINE ( 'NONE', #192, #1425 ) ;
#1535 = CARTESIAN_POINT ( 'NONE',  ( 2.000000000000011546, -78.77770356556516163, 7.589506064872756141 ) ) ;
#1536 = DIRECTION ( 'NONE',  ( 0.000000000000000000, 1.000000000000000000, 0.000000000000000000 ) ) ;
#1537 = ORIENTED_EDGE ( 'NONE', *, *, #2280, .F. ) ;
#1538 = FACE_OUTER_BOUND ( 'NONE', #3247, .T. ) ;
#1539 = CARTESIAN_POINT ( 'NONE',  ( 2.204695951536258303, -4.000000000000000000, 8.739892699902638284 ) ) ;
#1540 = CARTESIAN_POINT ( 'NONE',  ( 0.8734564771505818337, -79.89153127023182321, 12.07726201103805863 ) ) ;
#1541 =( BOUNDED_CURVE ( )  B_SPLINE_CURVE ( 3, ( #1142, #2420, #3947, #1119 ),
 .UNSPECIFIED., .F., .F. ) 
 B_SPLINE_CURVE_WITH_KNOTS ( ( 4, 4 ),
 ( 1.361356816555587379, 1.832595714594051239 ),
 .UNSPECIFIED. ) 
 CURVE ( )  GEOMETRIC_REPRESENTATION_ITEM ( )  RATIONAL_B_SPLINE_CURVE ( ( 1.000000000000000000, 0.9815799469317847414, 0.9815799469317847414, 1.000000000000000000 ) ) 
 REPRESENTATION_ITEM ( '' )  );
#1542 = ORIENTED_EDGE ( 'NONE', *, *, #1532, .T. ) ;
#1543 = FACE_OUTER_BOUND ( 'NONE', #1883, .T. ) ;
#1544 = CARTESIAN_POINT ( 'NONE',  ( -0.2787239290320598917, -55.46815964914679142, 4.344602776906532071 ) ) ;
#1545 = CARTESIAN_POINT ( 'NONE',  ( -1.686628690488549687, -17.75868558154416021, 2.963209499580140793 ) ) ;
#1546 = VERTEX_POINT ( 'NONE', #2831 ) ;
#1547 = DIRECTION ( 'NONE',  ( -0.03489949670251230734, 0.9993908270190954291, 0.000000000000000000 ) ) ;
#1548 = CARTESIAN_POINT ( 'NONE',  ( 1.644406793482772411, -80.68403154014568202, 8.168611673605989054 ) ) ;
#1549 = CARTESIAN_POINT ( 'NONE',  ( -3.626425419873241740, -56.55226721486440766, 11.36690020288045488 ) ) ;
#1550 = ORIENTED_EDGE ( 'NONE', *, *, #3911, .T. ) ;
#1551 = ORIENTED_EDGE ( 'NONE', *, *, #3283, .T. ) ;
#1552 = CARTESIAN_POINT ( 'NONE',  ( -2.891205793294676847E-16, -1.999999999999998668, 18.80000000000000071 ) ) ;
#1553 = CARTESIAN_POINT ( 'NONE',  ( 1.012317501351486904, -76.35938742245353694, 8.026057175910576547 ) ) ;
#1554 = ADVANCED_FACE ( 'NONE', ( #4103 ), #2228, .T. ) ;
#1555 = ORIENTED_EDGE ( 'NONE', *, *, #601, .F. ) ;
#1556 = VERTEX_POINT ( 'NONE', #2519 ) ;
#1557 = LINE ( 'NONE', #3112, #1055 ) ;
#1558 = CARTESIAN_POINT ( 'NONE',  ( -5.193600033748209555, -3.999999999995933031, 9.635743829352801271 ) ) ;
#1559 = EDGE_CURVE ( 'NONE', #860, #2352, #3797, .T. ) ;
#1560 = CARTESIAN_POINT ( 'NONE',  ( 16.90000000000000568, 13.99999999999999822, 10.00000000000000000 ) ) ;
#1561 = EDGE_CURVE ( 'NONE', #1601, #781, #2208, .T. ) ;
#1562 = VERTEX_POINT ( 'NONE', #3192 ) ;
#1563 = AXIS2_PLACEMENT_3D ( 'NONE', #3960, #315, #1136 ) ;
#1564 = CARTESIAN_POINT ( 'NONE',  ( -24.96043110176269764, -6.892825448298282254, 3.541079388703043840 ) ) ;
#1565 = CARTESIAN_POINT ( 'NONE',  ( 7.487964391361149552, -85.58248069711977735, 5.410411008545320755 ) ) ;
#1566 = LINE ( 'NONE', #3167, #1726 ) ;
#1567 =( BOUNDED_CURVE ( )  B_SPLINE_CURVE ( 3, ( #1592, #1855, #2494, #593 ),
 .UNSPECIFIED., .F., .T. ) 
 B_SPLINE_CURVE_WITH_KNOTS ( ( 4, 4 ),
 ( 3.926381829401480950, 5.498396131367603523 ),
 .UNSPECIFIED. ) 
 CURVE ( )  GEOMETRIC_REPRESENTATION_ITEM ( )  RATIONAL_B_SPLINE_CURVE ( ( 1.000000000000000000, 0.8044506872272227938, 0.8044506872272227938, 1.000000000000000000 ) ) 
 REPRESENTATION_ITEM ( '' )  );
#1568 = CARTESIAN_POINT ( 'NONE',  ( -23.41009916980361538, -0.8174986768879171084, 0.000000000000000000 ) ) ;
#1569 = ORIENTED_EDGE ( 'NONE', *, *, #4117, .F. ) ;
#1570 = DIRECTION ( 'NONE',  ( -0.000000000000000000, -1.000000000000000000, -0.000000000000000000 ) ) ;
#1571 = DIRECTION ( 'NONE',  ( -0.000000000000000000, -1.000000000000000000, -0.000000000000000000 ) ) ;
#1572 = ORIENTED_EDGE ( 'NONE', *, *, #692, .F. ) ;
#1573 = ORIENTED_EDGE ( 'NONE', *, *, #4149, .F. ) ;
#1574 = DIRECTION ( 'NONE',  ( -0.000000000000000000, -0.000000000000000000, 1.000000000000000000 ) ) ;
#1575 = FACE_OUTER_BOUND ( 'NONE', #2693, .T. ) ;
#1576 = CARTESIAN_POINT ( 'NONE',  ( 0.5491530201354987151, -75.90996882093686793, 8.225502556930328169 ) ) ;
#1577 = ORIENTED_EDGE ( 'NONE', *, *, #646, .F. ) ;
#1578 = EDGE_LOOP ( 'NONE', ( #2733, #3342, #1443, #590 ) ) ;
#1579 = VECTOR ( 'NONE', #1132, 1000.000000000000000 ) ;
#1580 = EDGE_CURVE ( 'NONE', #629, #2687, #598, .T. ) ;
#1581 = CARTESIAN_POINT ( 'NONE',  ( -3.358983848622536073, -24.00000000000000355, 18.80000000000000071 ) ) ;
#1582 = DIRECTION ( 'NONE',  ( 0.000000000000000000, 1.230300337572203632E-16, -1.000000000000000000 ) ) ;
#1583 = CARTESIAN_POINT ( 'NONE',  ( -19.53063890271948466, -59.28185251249458076, 5.949729957362555943 ) ) ;
#1584 = VECTOR ( 'NONE', #3902, 1000.000000000000000 ) ;
#1585 = ORIENTED_EDGE ( 'NONE', *, *, #1946, .F. ) ;
#1586 = AXIS2_PLACEMENT_3D ( 'NONE', #74, #392, #40 ) ;
#1587 = EDGE_CURVE ( 'NONE', #3974, #2909, #3225, .T. ) ;
#1588 = EDGE_CURVE ( 'NONE', #3078, #1303, #101, .T. ) ;
#1589 = CARTESIAN_POINT ( 'NONE',  ( -3.626425419873243072, -56.67441545332315656, 7.869032308313618884 ) ) ;
#1590 = LINE ( 'NONE', #3789, #3047 ) ;
#1591 = CIRCLE ( 'NONE', #2459, 3.000000000000002665 ) ;
#1592 = CARTESIAN_POINT ( 'NONE',  ( -18.65182388137579039, -85.50000000000000000, 6.371073247786639193 ) ) ;
#1593 = PLANE ( 'NONE',  #1524 ) ;
#1594 = ORIENTED_EDGE ( 'NONE', *, *, #3379, .T. ) ;
#1595 = CIRCLE ( 'NONE', #577, 1.799999999999999822 ) ;
#1596 = CARTESIAN_POINT ( 'NONE',  ( -21.49786659495411811, 0.000000000000000000, 3.525030534209192545 ) ) ;
#1597 = LINE ( 'NONE', #638, #2336 ) ;
#1598 = ORIENTED_EDGE ( 'NONE', *, *, #2427, .T. ) ;
#1599 = CIRCLE ( 'NONE', #1392, 3.499999999999999556 ) ;
#1600 = VECTOR ( 'NONE', #155, 1000.000000000000000 ) ;
#1601 = VERTEX_POINT ( 'NONE', #1964 ) ;
#1602 = VECTOR ( 'NONE', #2133, 1000.000000000000000 ) ;
#1603 = CARTESIAN_POINT ( 'NONE',  ( -21.99999999999999645, -1.999999999999997335, 15.80000000000000071 ) ) ;
#1604 = CARTESIAN_POINT ( 'NONE',  ( -19.07186548911149515, -85.95975203432824685, 11.63851913778003322 ) ) ;
#1605 = ORIENTED_EDGE ( 'NONE', *, *, #692, .T. ) ;
#1606 = CARTESIAN_POINT ( 'NONE',  ( -19.13466826877932547, -89.00000000000001421, -3.099847599695185085 ) ) ;
#1607 = CARTESIAN_POINT ( 'NONE',  ( 0.7397699465727927137, -66.30776840122310034, 1.836970198721031167E-15 ) ) ;
#1608 = FACE_OUTER_BOUND ( 'NONE', #1230, .T. ) ;
#1609 = EDGE_LOOP ( 'NONE', ( #55, #2681, #834, #1766 ) ) ;
#1610 = CARTESIAN_POINT ( 'NONE',  ( 3.712818084696989374, -89.00000000000000000, 7.859564460644826944 ) ) ;
#1611 = CARTESIAN_POINT ( 'NONE',  ( -6.144293759740838468, -7.104698490107488773, 9.640153053515858161 ) ) ;
#1612 = CARTESIAN_POINT ( 'NONE',  ( 21.02198760876045824, 0.7341039835441259820, -3.099847599695184197 ) ) ;
#1613 = EDGE_CURVE ( 'NONE', #3834, #965, #744, .T. ) ;
#1614 = ADVANCED_FACE ( 'NONE', ( #2023 ), #1037, .F. ) ;
#1615 = ORIENTED_EDGE ( 'NONE', *, *, #2037, .T. ) ;
#1616 = CARTESIAN_POINT ( 'NONE',  ( -21.36624050303779754, -59.34595313285799989, -5.787312674625657571 ) ) ;
#1617 = DIRECTION ( 'NONE',  ( 1.000000000000000000, 1.020425574104004122E-16, -0.000000000000000000 ) ) ;
#1618 = EDGE_CURVE ( 'NONE', #1325, #586, #2545, .T. ) ;
#1619 = ORIENTED_EDGE ( 'NONE', *, *, #1429, .T. ) ;
#1620 = ORIENTED_EDGE ( 'NONE', *, *, #1580, .T. ) ;
#1621 = LINE ( 'NONE', #1639, #1231 ) ;
#1622 = CARTESIAN_POINT ( 'NONE',  ( -16.83529730435453331, -85.90760801849501149, 12.39201129243574862 ) ) ;
#1623 = ORIENTED_EDGE ( 'NONE', *, *, #1687, .T. ) ;
#1624 = VERTEX_POINT ( 'NONE', #2641 ) ;
#1625 = LINE ( 'NONE', #34, #4035 ) ;
#1626 = CARTESIAN_POINT ( 'NONE',  ( -24.99999999999999289, 0.000000000000000000, 18.80000000000000071 ) ) ;
#1627 = ORIENTED_EDGE ( 'NONE', *, *, #628, .F. ) ;
#1628 = CARTESIAN_POINT ( 'NONE',  ( 17.00000000000000355, -4.000000000000003553, 15.80000000000000071 ) ) ;
#1629 = AXIS2_PLACEMENT_3D ( 'NONE', #3781, #4007, #3700 ) ;
#1630 = CARTESIAN_POINT ( 'NONE',  ( 0.6553119761215766559, -77.57323901667328414, 11.97747364950510907 ) ) ;
#1631 = CARTESIAN_POINT ( 'NONE',  ( -0.03651166975651102403, -4.000000000000000000, 12.63832553457314489 ) ) ;
#1632 = AXIS2_PLACEMENT_3D ( 'NONE', #174, #2754, #1223 ) ;
#1633 = ADVANCED_FACE ( 'NONE', ( #1079 ), #355, .F. ) ;
#1634 = CARTESIAN_POINT ( 'NONE',  ( 5.000000000000000888, 3.000000000000002665, 17.00000000000000355 ) ) ;
#1635 = FACE_OUTER_BOUND ( 'NONE', #2954, .T. ) ;
#1636 = ORIENTED_EDGE ( 'NONE', *, *, #2090, .F. ) ;
#1637 = ORIENTED_EDGE ( 'NONE', *, *, #3689, .F. ) ;
#1638 = EDGE_CURVE ( 'NONE', #2551, #1324, #413, .T. ) ;
#1639 = CARTESIAN_POINT ( 'NONE',  ( -21.51456411436391392, -55.09852063108807840, -3.049999999999990496 ) ) ;
#1640 = CARTESIAN_POINT ( 'NONE',  ( -20.08233461212801885, -85.98977559445899033, 10.92736682372474277 ) ) ;
#1641 = ORIENTED_EDGE ( 'NONE', *, *, #2322, .T. ) ;
#1642 = ORIENTED_EDGE ( 'NONE', *, *, #1809, .F. ) ;
#1643 = CARTESIAN_POINT ( 'NONE',  ( 20.00000000000000000, 30.00000000000000000, 0.000000000000000000 ) ) ;
#1644 = LINE ( 'NONE', #2616, #3050 ) ;
#1645 = DIRECTION ( 'NONE',  ( -2.152568043719244208E-17, 0.03489949670250105246, 0.9993908270190957621 ) ) ;
#1646 = ORIENTED_EDGE ( 'NONE', *, *, #2231, .T. ) ;
#1647 = AXIS2_PLACEMENT_3D ( 'NONE', #932, #3831, #1191 ) ;
#1648 = CARTESIAN_POINT ( 'NONE',  ( 2.385419971685434959, -88.99999999999998579, 12.42646747129213303 ) ) ;
#1649 = DIRECTION ( 'NONE',  ( -1.020425574104004122E-16, 1.000000000000000000, 0.000000000000000000 ) ) ;
#1650 = AXIS2_PLACEMENT_3D ( 'NONE', #582, #193, #3175 ) ;
#1651 = CARTESIAN_POINT ( 'NONE',  ( -1.999999999999994893, -79.00000000000001421, 6.500000000000000888 ) ) ;
#1652 = AXIS2_PLACEMENT_3D ( 'NONE', #2628, #1290, #643 ) ;
#1653 = CARTESIAN_POINT ( 'NONE',  ( -8.590406030510987279, -16.35586200412486590, 6.461077397073452744 ) ) ;
#1654 = LINE ( 'NONE', #1344, #2401 ) ;
#1655 = CIRCLE ( 'NONE', #1316, 2.999999999999999112 ) ;
#1656 = ORIENTED_EDGE ( 'NONE', *, *, #4116, .F. ) ;
#1657 = VERTEX_POINT ( 'NONE', #2285 ) ;
#1658 = DIRECTION ( 'NONE',  ( 0.000000000000000000, 0.000000000000000000, -1.000000000000000000 ) ) ;
#1659 = CARTESIAN_POINT ( 'NONE',  ( -22.03173459320050753, -89.00000000000001421, 6.387924273892660487 ) ) ;
#1660 = VECTOR ( 'NONE', #60, 1000.000000000000000 ) ;
#1661 = ORIENTED_EDGE ( 'NONE', *, *, #3093, .F. ) ;
#1662 = EDGE_CURVE ( 'NONE', #2248, #3883, #3878, .T. ) ;
#1663 = EDGE_CURVE ( 'NONE', #3443, #2774, #2608, .T. ) ;
#1664 = ORIENTED_EDGE ( 'NONE', *, *, #857, .T. ) ;
#1665 = VECTOR ( 'NONE', #2949, 1000.000000000000000 ) ;
#1666 = CIRCLE ( 'NONE', #41, 3.000000000000002665 ) ;
#1667 = CARTESIAN_POINT ( 'NONE',  ( 16.90000000000000568, 15.89999999999999680, 10.00000000000000000 ) ) ;
#1669 = VECTOR ( 'NONE', #2032, 1000.000000000000227 ) ;
#1668 = CARTESIAN_POINT ( 'NONE',  ( -20.99821974771231581, -18.30801366962206345, 4.024677381450840308 ) ) ;
#1670 = CARTESIAN_POINT ( 'NONE',  ( -24.99999999999999289, -4.009675279217239208, 9.098041689335982340 ) ) ;
#1671 = ORIENTED_EDGE ( 'NONE', *, *, #4013, .F. ) ;
#1672 = CARTESIAN_POINT ( 'NONE',  ( -8.209409824568254521, -34.84868032297875828, 3.604727437793043165 ) ) ;
#1673 = CARTESIAN_POINT ( 'NONE',  ( -3.799999999999993605, -79.00000000000001421, 18.80000000000000071 ) ) ;
#1674 = CARTESIAN_POINT ( 'NONE',  ( 21.02198760876045824, 0.7341039835441259820, -3.099847599695184197 ) ) ;
#1675 = CARTESIAN_POINT ( 'NONE',  ( -22.99999999999999289, -3.999999999999997335, 10.24249287418568422 ) ) ;
#1676 = VERTEX_POINT ( 'NONE', #3620 ) ;
#1677 = ORIENTED_EDGE ( 'NONE', *, *, #2873, .F. ) ;
#1678 = CYLINDRICAL_SURFACE ( 'NONE', #1444, 3.000000000000000000 ) ;
#1679 = FACE_OUTER_BOUND ( 'NONE', #1346, .T. ) ;
#1680 = ORIENTED_EDGE ( 'NONE', *, *, #3251, .T. ) ;
#1681 = EDGE_LOOP ( 'NONE', ( #128, #2113, #1511, #3172, #1217, #2575, #3207, #1330 ) ) ;
#1682 = ADVANCED_FACE ( 'NONE', ( #3640 ), #1060, .F. ) ;
#1683 = DIRECTION ( 'NONE',  ( 0.000000000000000000, -1.000000000000000000, 0.000000000000000000 ) ) ;
#1684 = CARTESIAN_POINT ( 'NONE',  ( -15.30875404182143917, -85.50000000000000000, 0.000000000000000000 ) ) ;
#1685 = CARTESIAN_POINT ( 'NONE',  ( 37.76352740992070522, -25.07683085454452154, 0.000000000000000000 ) ) ;
#1686 = ORIENTED_EDGE ( 'NONE', *, *, #3126, .F. ) ;
#1687 = EDGE_CURVE ( 'NONE', #1276, #1624, #1654, .T. ) ;
#1688 = CARTESIAN_POINT ( 'NONE',  ( -0.3298545596125098123, -76.49060892116862931, 12.04888741250388939 ) ) ;
#1689 = EDGE_CURVE ( 'NONE', #2646, #1431, #3846, .T. ) ;
#1690 = DIRECTION ( 'NONE',  ( 0.000000000000000000, 0.000000000000000000, -1.000000000000000000 ) ) ;
#1691 = CARTESIAN_POINT ( 'NONE',  ( -10.25682685363648083, -22.57502918279296011, 6.678255500550365653 ) ) ;
#1692 = DIRECTION ( 'NONE',  ( 0.000000000000000000, 0.000000000000000000, 1.000000000000000000 ) ) ;
#1693 = ORIENTED_EDGE ( 'NONE', *, *, #1805, .T. ) ;
#1694 = ORIENTED_EDGE ( 'NONE', *, *, #2688, .F. ) ;
#1695 = DIRECTION ( 'NONE',  ( 0.000000000000000000, 0.000000000000000000, 1.000000000000000000 ) ) ;
#1696 = CARTESIAN_POINT ( 'NONE',  ( -1.999999999999994893, -79.00000000000001421, 0.000000000000000000 ) ) ;
#1697 = VECTOR ( 'NONE', #966, 1000.000000000000000 ) ;
#1698 = ORIENTED_EDGE ( 'NONE', *, *, #3209, .T. ) ;
#1699 = ORIENTED_EDGE ( 'NONE', *, *, #4033, .F. ) ;
#1700 = CARTESIAN_POINT ( 'NONE',  ( -23.53086571418393902, -4.300201688696819069, 9.750653859672478774 ) ) ;
#1701 = CARTESIAN_POINT ( 'NONE',  ( 12.00000000000000355, 13.99999999999999822, 10.00000000000000000 ) ) ;
#1702 = CARTESIAN_POINT ( 'NONE',  ( -24.99999999999999289, -2.000000000000005329, 11.64154703437737304 ) ) ;
#1703 = ORIENTED_EDGE ( 'NONE', *, *, #1068, .T. ) ;
#1704 = EDGE_CURVE ( 'NONE', #2790, #2448, #378, .T. ) ;
#1705 = CARTESIAN_POINT ( 'NONE',  ( -2.308754041821444059, -89.00000000000000000, 3.000000000000000444 ) ) ;
#1706 = LINE ( 'NONE', #2002, #1122 ) ;
#1707 = EDGE_CURVE ( 'NONE', #205, #1556, #732, .T. ) ;
#1708 = ADVANCED_FACE ( 'NONE', ( #1635 ), #2907, .F. ) ;
#1709 = VECTOR ( 'NONE', #472, 1000.000000000000114 ) ;
#1710 = DIRECTION ( 'NONE',  ( -0.03489949670251146080, 0.9993908270190953180, -6.672013369141561766E-17 ) ) ;
#1711 = LINE ( 'NONE', #98, #3649 ) ;
#1712 = CARTESIAN_POINT ( 'NONE',  ( 20.00000000000000355, -4.000000000000003553, 18.80000000000000071 ) ) ;
#1713 = CARTESIAN_POINT ( 'NONE',  ( 16.00000000000000000, 26.00000000000000000, 0.000000000000000000 ) ) ;
#1714 = ORIENTED_EDGE ( 'NONE', *, *, #1403, .T. ) ;
#1715 = VERTEX_POINT ( 'NONE', #1462 ) ;
#1716 = VECTOR ( 'NONE', #3271, 1000.000000000000000 ) ;
#1717 = DIRECTION ( 'NONE',  ( 0.000000000000000000, 0.000000000000000000, -1.000000000000000000 ) ) ;
#1718 = VECTOR ( 'NONE', #1710, 1000.000000000000000 ) ;
#1719 = VERTEX_POINT ( 'NONE', #3077 ) ;
#1720 = ORIENTED_EDGE ( 'NONE', *, *, #3611, .F. ) ;
#1721 = AXIS2_PLACEMENT_3D ( 'NONE', #1052, #3022, #424 ) ;
#1722 = DIRECTION ( 'NONE',  ( 0.9993908270190953180, 0.03489949670251165509, 0.000000000000000000 ) ) ;
#1723 = CARTESIAN_POINT ( 'NONE',  ( -22.77986147192501321, -4.370211506638340460, -27.22265845728987799 ) ) ;
#1724 = CARTESIAN_POINT ( 'NONE',  ( -24.99999999999999289, -2.000000007336454111, 10.81531445876607833 ) ) ;
#1725 = ORIENTED_EDGE ( 'NONE', *, *, #338, .F. ) ;
#1726 = VECTOR ( 'NONE', #273, 1000.000000000000000 ) ;
#1727 = VECTOR ( 'NONE', #178, 999.9999999999998863 ) ;
#1728 = CARTESIAN_POINT ( 'NONE',  ( -27.11671294828567724, -15.01954275527027782, 0.2000000000000057288 ) ) ;
#1729 = CARTESIAN_POINT ( 'NONE',  ( 16.00000000000000355, 2.999999999999997780, 2.999999999999997335 ) ) ;
#1730 = LINE ( 'NONE', #2105, #1044 ) ;
#1731 = CARTESIAN_POINT ( 'NONE',  ( -24.73340421985622584, -11.63430428435098207, -3.099999999999988987 ) ) ;
#1732 = CARTESIAN_POINT ( 'NONE',  ( -18.65182388137579039, -85.50000000000000000, 6.371073247786639193 ) ) ;
#1733 = CARTESIAN_POINT ( 'NONE',  ( -21.51456411436391392, -55.09852063108807840, -3.099847599695185085 ) ) ;
#1734 = EDGE_CURVE ( 'NONE', #4100, #2000, #2386, .T. ) ;
#1735 = EDGE_CURVE ( 'NONE', #2564, #3974, #2694, .T. ) ;
#1736 = ORIENTED_EDGE ( 'NONE', *, *, #1423, .F. ) ;
#1737 = ORIENTED_EDGE ( 'NONE', *, *, #3068, .T. ) ;
#1738 = CARTESIAN_POINT ( 'NONE',  ( -21.49786659495411456, -89.00000000000001421, 3.525030534209192101 ) ) ;
#1739 = EDGE_CURVE ( 'NONE', #2570, #72, #1128, .T. ) ;
#1740 = CARTESIAN_POINT ( 'NONE',  ( -19.13466826877932192, -89.00000000000001421, 6.387924273892649829 ) ) ;
#1741 = ORIENTED_EDGE ( 'NONE', *, *, #390, .F. ) ;
#1742 = ORIENTED_EDGE ( 'NONE', *, *, #4111, .F. ) ;
#1743 = CARTESIAN_POINT ( 'NONE',  ( 2.523458798782305834, -89.00000000000000000, 8.891310053714608586 ) ) ;
#1744 = CARTESIAN_POINT ( 'NONE',  ( 2.820632341007255572, -53.07280839075422563, 4.291951066843727070 ) ) ;
#1745 = CARTESIAN_POINT ( 'NONE',  ( -0.6028842615610685574, -53.80049930861636653, 4.291951066843727070 ) ) ;
#1746 = CARTESIAN_POINT ( 'NONE',  ( -24.99999999999999289, -3.796032973482713846, 6.746714810239619275 ) ) ;
#1747 = ORIENTED_EDGE ( 'NONE', *, *, #2893, .F. ) ;
#1748 = FACE_OUTER_BOUND ( 'NONE', #2225, .T. ) ;
#1749 = LINE ( 'NONE', #520, #1727 ) ;
#1750 = CARTESIAN_POINT ( 'NONE',  ( -22.92492030092839173, -3.188166171726423137, 17.61183382827356070 ) ) ;
#1751 = CARTESIAN_POINT ( 'NONE',  ( -27.88144704610173719, -88.22885896671785133, 12.47307116173112718 ) ) ;
#1752 = CARTESIAN_POINT ( 'NONE',  ( 1.000000000000009992, -79.00000000000001421, 18.80000000000000071 ) ) ;
#1753 = CARTESIAN_POINT ( 'NONE',  ( -4.026400864129398904, -54.28389374956095992, 11.28768685597739463 ) ) ;
#1754 = EDGE_LOOP ( 'NONE', ( #4070, #3298, #564, #3474, #687, #3255, #142 ) ) ;
#1755 = EDGE_CURVE ( 'NONE', #3343, #1968, #2447, .T. ) ;
#1756 = CARTESIAN_POINT ( 'NONE',  ( -0.4483181356297450959, -54.51439384946107225, 7.793602691790771253 ) ) ;
#1757 = CARTESIAN_POINT ( 'NONE',  ( -15.30875404182143917, -89.00000000000000000, -27.22265845728987799 ) ) ;
#1758 = EDGE_LOOP ( 'NONE', ( #3487, #2167, #3919, #1102 ) ) ;
#1759 = EDGE_LOOP ( 'NONE', ( #3979, #3510, #1664, #3550 ) ) ;
#1760 = EDGE_CURVE ( 'NONE', #1366, #3567, #435, .T. ) ;
#1761 = VECTOR ( 'NONE', #983, 1000.000000000000000 ) ;
#1762 = EDGE_CURVE ( 'NONE', #2000, #791, #2744, .T. ) ;
#1763 = DIRECTION ( 'NONE',  ( -1.000000000000000000, 0.000000000000000000, 0.000000000000000000 ) ) ;
#1764 = DIRECTION ( 'NONE',  ( 1.000000000000000000, 0.000000000000000000, -0.000000000000000000 ) ) ;
#1765 = CARTESIAN_POINT ( 'NONE',  ( -15.30875404182143917, -89.00000000000000000, -3.099847599695185085 ) ) ;
#1766 = ORIENTED_EDGE ( 'NONE', *, *, #4116, .T. ) ;
#1767 = LINE ( 'NONE', #1474, #1600 ) ;
#1768 = FACE_OUTER_BOUND ( 'NONE', #3738, .T. ) ;
#1769 = DIRECTION ( 'NONE',  ( 1.020425574104004122E-16, -1.000000000000000000, 0.000000000000000000 ) ) ;
#1770 = CARTESIAN_POINT ( 'NONE',  ( -1.034303510779430724, -75.11832120201748353, 8.513107689491297592 ) ) ;
#1771 = DIRECTION ( 'NONE',  ( 0.2586719321207321953, 0.9653767931665647728, -0.03371170046685230404 ) ) ;
#1772 = DIRECTION ( 'NONE',  ( 0.000000000000000000, 1.000000000000000000, 0.000000000000000000 ) ) ;
#1773 = DIRECTION ( 'NONE',  ( 0.2588190451025245697, 0.9659258262890672020, -0.000000000000000000 ) ) ;
#1774 = ORIENTED_EDGE ( 'NONE', *, *, #1423, .T. ) ;
#1775 = AXIS2_PLACEMENT_3D ( 'NONE', #3692, #3403, #3425 ) ;
#1776 = CIRCLE ( 'NONE', #2048, 2.999999999999999112 ) ;
#1777 = FACE_OUTER_BOUND ( 'NONE', #115, .T. ) ;
#1778 = ORIENTED_EDGE ( 'NONE', *, *, #2146, .T. ) ;
#1779 = CIRCLE ( 'NONE', #299, 1.799999999999998712 ) ;
#1780 = CARTESIAN_POINT ( 'NONE',  ( -25.00000000000030198, -4.480342653942483544, 0.000000000000000000 ) ) ;
#1781 = CARTESIAN_POINT ( 'NONE',  ( 18.00000000000000000, 0.000000000000000000, 0.000000000000000000 ) ) ;
#1782 = FACE_OUTER_BOUND ( 'NONE', #1220, .T. ) ;
#1783 = ADVANCED_FACE ( 'NONE', ( #3687 ), #3029, .T. ) ;
#1784 = EDGE_CURVE ( 'NONE', #2570, #449, #2871, .T. ) ;
#1785 = CARTESIAN_POINT ( 'NONE',  ( 20.00000000000000355, -4.000000000000003553, 0.000000000000000000 ) ) ;
#1786 = VERTEX_POINT ( 'NONE', #2087 ) ;
#1787 = CYLINDRICAL_SURFACE ( 'NONE', #3132, 3.500000000000000444 ) ;
#1788 = CARTESIAN_POINT ( 'NONE',  ( -24.99999999999999289, 0.000000000000000000, -3.099847599695185085 ) ) ;
#1789 = CARTESIAN_POINT ( 'NONE',  ( -24.99999999999999289, -5.351149857577959246, 4.843858926017706956 ) ) ;
#1790 = AXIS2_PLACEMENT_3D ( 'NONE', #1626, #1314, #36 ) ;
#1791 = CIRCLE ( 'NONE', #3996, 1.800000000000001821 ) ;
#1792 = CARTESIAN_POINT ( 'NONE',  ( -22.25306563222089906, -2.000000000014700241, 18.79999999998565130 ) ) ;
#1793 = CARTESIAN_POINT ( 'NONE',  ( -24.95551429302824786, -1.999999999999997335, 16.31471862576139742 ) ) ;
#1794 = DIRECTION ( 'NONE',  ( 0.000000000000000000, -1.000000000000000000, 0.000000000000000000 ) ) ;
#1795 = CARTESIAN_POINT ( 'NONE',  ( -24.97561203025059839, -4.698380078799596404, -27.22265845728987799 ) ) ;
#1796 = VECTOR ( 'NONE', #3650, 1000.000000000000000 ) ;
#1797 = ORIENTED_EDGE ( 'NONE', *, *, #3094, .F. ) ;
#1798 = CARTESIAN_POINT ( 'NONE',  ( -0.6275463950251550793, -53.68447309295722647, 7.764621220353666864 ) ) ;
#1799 = DIRECTION ( 'NONE',  ( 0.000000000000000000, -1.000000000000000000, 8.673617379884035472E-16 ) ) ;
#1800 = VERTEX_POINT ( 'NONE', #3376 ) ;
#1801 = CARTESIAN_POINT ( 'NONE',  ( 16.90000000000000568, 13.99999999999999822, 10.00000000000000000 ) ) ;
#1802 = DIRECTION ( 'NONE',  ( 0.000000000000000000, -1.000000000000000000, 0.000000000000000000 ) ) ;
#1803 = CARTESIAN_POINT ( 'NONE',  ( -4.254246033653718229, -13.81820239258469663, 0.000000000000000000 ) ) ;
#1804 = EDGE_LOOP ( 'NONE', ( #1656, #2075 ) ) ;
#1805 = EDGE_CURVE ( 'NONE', #1402, #940, #474, .T. ) ;
#1806 = CARTESIAN_POINT ( 'NONE',  ( -17.44403028674813072, -48.45241241964315293, 3.450000000000007283 ) ) ;
#1807 = EDGE_LOOP ( 'NONE', ( #3367, #279 ) ) ;
#1808 = ORIENTED_EDGE ( 'NONE', *, *, #4064, .F. ) ;
#1809 = EDGE_CURVE ( 'NONE', #3778, #825, #1267, .T. ) ;
#1810 = EDGE_CURVE ( 'NONE', #2853, #3843, #2046, .T. ) ;
#1811 = CARTESIAN_POINT ( 'NONE',  ( -3.733324399103165714, -55.91378969315681502, 7.842470671473365407 ) ) ;
#1812 = LINE ( 'NONE', #3096, #3586 ) ;
#1813 = LINE ( 'NONE', #3375, #3872 ) ;
#1814 = CARTESIAN_POINT ( 'NONE',  ( -21.99999999999999645, -2.585786437626899747, 18.21421356237309297 ) ) ;
#1815 = ORIENTED_EDGE ( 'NONE', *, *, #674, .T. ) ;
#1816 = CARTESIAN_POINT ( 'NONE',  ( -24.99999999999999289, -5.874089121069349773, 4.086410311843964749 ) ) ;
#1817 = FACE_OUTER_BOUND ( 'NONE', #854, .T. ) ;
#1818 = DIRECTION ( 'NONE',  ( 0.000000000000000000, 0.000000000000000000, -1.000000000000000000 ) ) ;
#1819 = ORIENTED_EDGE ( 'NONE', *, *, #3210, .T. ) ;
#1820 = VERTEX_POINT ( 'NONE', #3333 ) ;
#1821 = LINE ( 'NONE', #237, #884 ) ;
#1822 = CARTESIAN_POINT ( 'NONE',  ( -22.99999999999999289, -4.000000000000005329, 11.64154703437737481 ) ) ;
#1823 = CARTESIAN_POINT ( 'NONE',  ( 12.00000000000000355, 13.99999999999999822, 10.00000000000000000 ) ) ;
#1824 = VECTOR ( 'NONE', #1140, 1000.000000000000000 ) ;
#1825 = VERTEX_POINT ( 'NONE', #1814 ) ;
#1826 = CARTESIAN_POINT ( 'NONE',  ( 4.517160185136443573, -89.00000000000000000, 5.410411008545319866 ) ) ;
#1827 = CARTESIAN_POINT ( 'NONE',  ( -5.162733088807101467, -7.002579190663277942, 9.636586968999312219 ) ) ;
#1828 = LINE ( 'NONE', #562, #3929 ) ;
#1829 =( BOUNDED_CURVE ( )  B_SPLINE_CURVE ( 3, ( #4119, #3117, #1544, #2536 ),
 .UNSPECIFIED., .F., .T. ) 
 B_SPLINE_CURVE_WITH_KNOTS ( ( 4, 4 ),
 ( 1.361356816555587823, 1.431169986635346447 ),
 .UNSPECIFIED. ) 
 CURVE ( )  GEOMETRIC_REPRESENTATION_ITEM ( )  RATIONAL_B_SPLINE_CURVE ( ( 1.000000000000000000, 0.9995938846793972488, 0.9995938846793972488, 1.000000000000000000 ) ) 
 REPRESENTATION_ITEM ( '' )  );
#1830 = ORIENTED_EDGE ( 'NONE', *, *, #3251, .F. ) ;
#1831 = CARTESIAN_POINT ( 'NONE',  ( -18.88061197021424675, -7.104698490107511866, 9.640153053515863490 ) ) ;
#1832 = DIRECTION ( 'NONE',  ( -0.2586719321207321953, -0.9653767931665648838, 0.03371170046685230404 ) ) ;
#1833 = CARTESIAN_POINT ( 'NONE',  ( -23.92409728040537331, -34.80982278608009040, -3.099847599695185085 ) ) ;
#1834 = LINE ( 'NONE', #4078, #3546 ) ;
#1835 = EDGE_CURVE ( 'NONE', #501, #1657, #202, .T. ) ;
#1836 = EDGE_CURVE ( 'NONE', #722, #2287, #1418, .T. ) ;
#1837 = ORIENTED_EDGE ( 'NONE', *, *, #2175, .T. ) ;
#1838 = CARTESIAN_POINT ( 'NONE',  ( -24.94072314639135968, -6.336564343064426730, 2.997256958469616261 ) ) ;
#1839 = CARTESIAN_POINT ( 'NONE',  ( -1.693629142100349583E-16, -1.171572875253802826, 16.80000000000000071 ) ) ;
#1840 = CARTESIAN_POINT ( 'NONE',  ( -22.99999999999999289, -2.000000000000005329, 11.64154703437737659 ) ) ;
#1841 = CIRCLE ( 'NONE', #1246, 3.000000000000000000 ) ;
#1842 = ORIENTED_EDGE ( 'NONE', *, *, #2431, .F. ) ;
#1843 = VERTEX_POINT ( 'NONE', #1753 ) ;
#1844 = CARTESIAN_POINT ( 'NONE',  ( -24.99999999999999289, -4.370417172703391806, 0.000000000000000000 ) ) ;
#1845 = FACE_OUTER_BOUND ( 'NONE', #3722, .T. ) ;
#1846 = ORIENTED_EDGE ( 'NONE', *, *, #3581, .T. ) ;
#1847 = AXIS2_PLACEMENT_3D ( 'NONE', #1274, #588, #1875 ) ;
#1848 = SURFACE_STYLE_FILL_AREA ( #518 ) ;
#1849 = VECTOR ( 'NONE', #1818, 1000.000000000000000 ) ;
#1850 = CARTESIAN_POINT ( 'NONE',  ( -1.326660298921751968, -4.000000000000000000, 8.498731095179074657 ) ) ;
#1851 = CARTESIAN_POINT ( 'NONE',  ( -24.99999999999999289, -5.894273882566912981, 3.197808257890608630 ) ) ;
#1852 = ORIENTED_EDGE ( 'NONE', *, *, #1483, .F. ) ;
#1853 = CARTESIAN_POINT ( 'NONE',  ( -20.58459929361378826, -4.000000000000005329, 9.381164222233799421 ) ) ;
#1854 = CARTESIAN_POINT ( 'NONE',  ( -5.279662784722490620, -4.000000000000000000, 6.029601188155564451 ) ) ;
#1855 = CARTESIAN_POINT ( 'NONE',  ( -18.65182388137579395, -85.49999999999998579, 7.837846435829447067 ) ) ;
#1856 = CARTESIAN_POINT ( 'NONE',  ( -1.362376619431593827, -33.39329848725454752, 3.604727437793046274 ) ) ;
#1857 = AXIS2_PLACEMENT_3D ( 'NONE', #968, #651, #2278 ) ;
#1858 = AXIS2_PLACEMENT_3D ( 'NONE', #2516, #4098, #953 ) ;
#1859 = ORIENTED_EDGE ( 'NONE', *, *, #2329, .F. ) ;
#1860 = ADVANCED_FACE ( 'NONE', ( #2721 ), #3099, .F. ) ;
#1861 = CARTESIAN_POINT ( 'NONE',  ( -24.95936499671509168, -6.396190536321223696, 3.729583118236466266 ) ) ;
#1862 = CIRCLE ( 'NONE', #780, 1.799999999999999600 ) ;
#1863 = CARTESIAN_POINT ( 'NONE',  ( -24.90786870627797356, -6.233929887958493232, 4.709385323595588702 ) ) ;
#1864 = FACE_OUTER_BOUND ( 'NONE', #3918, .T. ) ;
#1865 = ORIENTED_EDGE ( 'NONE', *, *, #1734, .T. ) ;
#1866 = VERTEX_POINT ( 'NONE', #3753 ) ;
#1867 = PRODUCT_DEFINITION_CONTEXT ( 'detailed design', #1003, 'design' ) ;
#1868 = EDGE_CURVE ( 'NONE', #1676, #501, #434, .T. ) ;
#1869 = PLANE ( 'NONE',  #467 ) ;
#1870 = FACE_OUTER_BOUND ( 'NONE', #1348, .T. ) ;
#1871 =( LENGTH_UNIT ( ) NAMED_UNIT ( * ) SI_UNIT ( .MILLI., .METRE. ) );
#1872 = ORIENTED_EDGE ( 'NONE', *, *, #2357, .T. ) ;
#1873 = ORIENTED_EDGE ( 'NONE', *, *, #2231, .F. ) ;
#1874 = CARTESIAN_POINT ( 'NONE',  ( 18.00000000000000000, 28.19999999999999929, 14.00000000000000533 ) ) ;
#1875 = DIRECTION ( 'NONE',  ( -0.03489949670251233510, 0.9993908270190953180, 0.000000000000000000 ) ) ;
#1876 = DIRECTION ( 'NONE',  ( 0.000000000000000000, 0.000000000000000000, -1.000000000000000000 ) ) ;
#1877 = ORIENTED_EDGE ( 'NONE', *, *, #283, .F. ) ;
#1878 = CARTESIAN_POINT ( 'NONE',  ( -27.20380869180102934, -4.000000000000005329, 7.322451665887668604 ) ) ;
#1879 = CARTESIAN_POINT ( 'NONE',  ( 3.175902762595281814, -54.90056794274524066, 4.344608152094474818 ) ) ;
#1880 = CARTESIAN_POINT ( 'NONE',  ( 20.00000000000000355, 2.999999999999998224, 2.999999999999997335 ) ) ;
#1881 = CARTESIAN_POINT ( 'NONE',  ( -8.590406030511070767, -16.23371376566608859, 9.958945291640288744 ) ) ;
#1882 = B_SPLINE_CURVE_WITH_KNOTS ( 'NONE', 3,
 ( #4004, #511, #1780, #1844 ),
 .UNSPECIFIED., .F., .F.,
 ( 4, 4 ),
 ( 0.000000000000000000, 0.0003288684248199654023 ),
 .UNSPECIFIED. ) ;
#1883 = EDGE_LOOP ( 'NONE', ( #3424, #679, #3694 ) ) ;
#1884 = CARTESIAN_POINT ( 'NONE',  ( -20.46006912905055586, -4.000000000000003553, 6.029601188155563563 ) ) ;
#1885 = CARTESIAN_POINT ( 'NONE',  ( -24.80216830752456403, -5.986728491545942887, 5.462383770295756058 ) ) ;
#1886 = ORIENTED_EDGE ( 'NONE', *, *, #942, .T. ) ;
#1887 = EDGE_CURVE ( 'NONE', #1601, #1080, #2699, .T. ) ;
#1888 = ORIENTED_EDGE ( 'NONE', *, *, #1150, .F. ) ;
#1889 = DIRECTION ( 'NONE',  ( 0.03489949670251103059, -0.9993908270190953180, -0.000000000000000000 ) ) ;
#1890 = CARTESIAN_POINT ( 'NONE',  ( -12.30875404182144095, -85.50000000000000000, 1.094697590084338164E-15 ) ) ;
#1891 = ORIENTED_EDGE ( 'NONE', *, *, #1285, .T. ) ;
#1892 = EDGE_CURVE ( 'NONE', #2204, #4151, #779, .T. ) ;
#1893 = ADVANCED_FACE ( 'NONE', ( #274, #1258 ), #4121, .T. ) ;
#1894 = ORIENTED_EDGE ( 'NONE', *, *, #2759, .F. ) ;
#1895 = SURFACE_SIDE_STYLE ('',( #1848 ) ) ;
#1896 = LINE ( 'NONE', #2860, #2319 ) ;
#1897 = PLANE ( 'NONE',  #1456 ) ;
#1898 = VERTEX_POINT ( 'NONE', #317 ) ;
#1899 = B_SPLINE_CURVE_WITH_KNOTS ( 'NONE', 3,
 ( #4014, #750, #776, #2043 ),
 .UNSPECIFIED., .F., .F.,
 ( 4, 4 ),
 ( 0.001060564652822964258, 0.004219127916746551535 ),
 .UNSPECIFIED. ) ;
#1900 = CARTESIAN_POINT ( 'NONE',  ( -27.78717848856095074, -4.000000000000005329, 2.219468583691333929 ) ) ;
#1901 = LINE ( 'NONE', #4140, #215 ) ;
#1902 = LINE ( 'NONE', #2243, #2667 ) ;
#1903 = CARTESIAN_POINT ( 'NONE',  ( -1.640816173897692076, -17.51554673119494865, 10.00370788513096443 ) ) ;
#1904 = CIRCLE ( 'NONE', #1166, 1.999999999999999556 ) ;
#1905 = ORIENTED_EDGE ( 'NONE', *, *, #1281, .F. ) ;
#1906 = DIRECTION ( 'NONE',  ( 0.000000000000000000, 0.000000000000000000, -1.000000000000000000 ) ) ;
#1907 = CARTESIAN_POINT ( 'NONE',  ( 19.54662156086031999, -3.414213562373101585, 17.38578643762689069 ) ) ;
#1908 = ORIENTED_EDGE ( 'NONE', *, *, #4143, .T. ) ;
#1909 = EDGE_LOOP ( 'NONE', ( #2607, #2469, #1469, #783 ) ) ;
#1910 = DIRECTION ( 'NONE',  ( -0.03489949670251230734, 0.9993908270190954291, 0.000000000000000000 ) ) ;
#1911 = CARTESIAN_POINT ( 'NONE',  ( -18.88061197021424675, -3.999999999999998224, 12.63832553457314667 ) ) ;
#1912 = ORIENTED_EDGE ( 'NONE', *, *, #1259, .T. ) ;
#1913 = AXIS2_PLACEMENT_3D ( 'NONE', #2555, #1255, #3421 ) ;
#1914 = ADVANCED_FACE ( 'NONE', ( #2200 ), #1593, .F. ) ;
#1915 = LINE ( 'NONE', #1643, #1697 ) ;
#1916 = EDGE_CURVE ( 'NONE', #1408, #205, #373, .T. ) ;
#1917 = CARTESIAN_POINT ( 'NONE',  ( 0.2684849038009890498, -4.000000000000000000, 10.61126894790234054 ) ) ;
#1918 = DIRECTION ( 'NONE',  ( -0.03489949670251146080, 0.9993908270190953180, 0.000000000000000000 ) ) ;
#1919 = ORIENTED_EDGE ( 'NONE', *, *, #2765, .F. ) ;
#1920 = AXIS2_PLACEMENT_3D ( 'NONE', #1728, #3004, #770 ) ;
#1921 = CARTESIAN_POINT ( 'NONE',  ( 2.326171765268095992, -85.78919377484535858, 12.20671327690946484 ) ) ;
#1922 = VECTOR ( 'NONE', #3033, 1000.000000000000000 ) ;
#1923 = ADVANCED_FACE ( 'NONE', ( #613 ), #2495, .F. ) ;
#1924 = CARTESIAN_POINT ( 'NONE',  ( 0.9129608474067228974, -78.26769829087668029, 11.96825955902560246 ) ) ;
#1925 = CARTESIAN_POINT ( 'NONE',  ( -9.123738026455198380, -19.91211138024354099, 10.08739776683793998 ) ) ;
#1926 = ORIENTED_EDGE ( 'NONE', *, *, #3182, .T. ) ;
#1927 = VECTOR ( 'NONE', #1031, 1000.000000000000000 ) ;
#1928 = CARTESIAN_POINT ( 'NONE',  ( -24.99999999999963762, -6.082110692463790436, 2.982270447412711967 ) ) ;
#1929 = DIRECTION ( 'NONE',  ( -0.1391731009600694624, 0.9902680687415698069, 0.000000000000000000 ) ) ;
#1930 = ORIENTED_EDGE ( 'NONE', *, *, #747, .F. ) ;
#1931 = AXIS2_PLACEMENT_3D ( 'NONE', #927, #861, #2124 ) ;
#1932 = ORIENTED_EDGE ( 'NONE', *, *, #626, .T. ) ;
#1933 = VECTOR ( 'NONE', #121, 1000.000000000000114 ) ;
#1934 = CYLINDRICAL_SURFACE ( 'NONE', #2162, 43.50000000000000711 ) ;
#1935 = CARTESIAN_POINT ( 'NONE',  ( 15.00000000000000000, 0.000000000000000000, 14.00000000000000178 ) ) ;
#1936 = ORIENTED_EDGE ( 'NONE', *, *, #548, .F. ) ;
#1937 = ORIENTED_EDGE ( 'NONE', *, *, #1755, .T. ) ;
#1938 = CARTESIAN_POINT ( 'NONE',  ( -6.782500451190863089, -24.72769091786213025, 0.000000000000000000 ) ) ;
#1939 = CARTESIAN_POINT ( 'NONE',  ( -2.308754041821444059, -85.49999999999998579, 3.000000000000000444 ) ) ;
#1940 = CARTESIAN_POINT ( 'NONE',  ( 1.234903980943611312, -66.23818185074306086, 3.000000000000001776 ) ) ;
#1941 = ORIENTED_EDGE ( 'NONE', *, *, #4013, .T. ) ;
#1942 = EDGE_CURVE ( 'NONE', #123, #1224, #2847, .T. ) ;
#1943 = CARTESIAN_POINT ( 'NONE',  ( -21.49786659495411456, -89.00000000000001421, 3.525030534209192101 ) ) ;
#1944 = CARTESIAN_POINT ( 'NONE',  ( -0.5857705677426421342, -76.33750227000481914, 12.05781583558105829 ) ) ;
#1945 = DIRECTION ( 'NONE',  ( 1.000000000000000000, 1.020425574104004122E-16, 0.000000000000000000 ) ) ;
#1946 = EDGE_CURVE ( 'NONE', #2727, #1500, #1834, .T. ) ;
#1947 = EDGE_CURVE ( 'NONE', #62, #3177, #2398, .T. ) ;
#1948 = CARTESIAN_POINT ( 'NONE',  ( -4.026400864129399793, -54.40604198801970171, 7.789818961410562181 ) ) ;
#1949 = CARTESIAN_POINT ( 'NONE',  ( 0.3166818978999299539, -82.28148238117691449, 8.763250789860959955 ) ) ;
#1950 = ORIENTED_EDGE ( 'NONE', *, *, #822, .T. ) ;
#1951 = ORIENTED_EDGE ( 'NONE', *, *, #1989, .T. ) ;
#1952 = CARTESIAN_POINT ( 'NONE',  ( -22.03173459320051464, -89.00000000000001421, 18.80000000000000071 ) ) ;
#1953 = CARTESIAN_POINT ( 'NONE',  ( -20.66090989653052290, -89.00000000000002842, 10.33435664517325492 ) ) ;
#1954 = ORIENTED_EDGE ( 'NONE', *, *, #1305, .T. ) ;
#1955 = ORIENTED_EDGE ( 'NONE', *, *, #2280, .T. ) ;
#1956 = CARTESIAN_POINT ( 'NONE',  ( 5.000000000000000888, 3.000000000000002665, -18.80000000000000782 ) ) ;
#1957 = FACE_OUTER_BOUND ( 'NONE', #3468, .T. ) ;
#1958 = ORIENTED_EDGE ( 'NONE', *, *, #3717, .F. ) ;
#1959 = LINE ( 'NONE', #2282, #3323 ) ;
#1960 = LINE ( 'NONE', #1014, #836 ) ;
#1961 = DIRECTION ( 'NONE',  ( 0.000000000000000000, 0.000000000000000000, 1.000000000000000000 ) ) ;
#1962 = AXIS2_PLACEMENT_3D ( 'NONE', #2436, #3718, #3221 ) ;
#1963 = PLANE ( 'NONE',  #3061 ) ;
#1964 = CARTESIAN_POINT ( 'NONE',  ( 18.00000000000000000, 0.000000000000000000, 3.011072104942093125E-16 ) ) ;
#1965 = ADVANCED_FACE ( 'NONE', ( #869 ), #2828, .F. ) ;
#1966 = EDGE_CURVE ( 'NONE', #3666, #3616, #3119, .T. ) ;
#1967 = CIRCLE ( 'NONE', #4101, 1.800000000000001821 ) ;
#1968 = VERTEX_POINT ( 'NONE', #633 ) ;
#1969 =( BOUNDED_CURVE ( )  B_SPLINE_CURVE ( 3, ( #173, #2710, #2375, #3347 ),
 .UNSPECIFIED., .F., .F. ) 
 B_SPLINE_CURVE_WITH_KNOTS ( ( 4, 4 ),
 ( 0.000000000000000000, 1.398370329082059271 ),
 .UNSPECIFIED. ) 
 CURVE ( )  GEOMETRIC_REPRESENTATION_ITEM ( )  RATIONAL_B_SPLINE_CURVE ( ( 1.000000000000000000, 0.8435779098201170445, 0.8435779098201170445, 1.000000000000000000 ) ) 
 REPRESENTATION_ITEM ( '' )  );
#1970 = EDGE_LOOP ( 'NONE', ( #294, #356, #2196, #2312 ) ) ;
#1971 = CARTESIAN_POINT ( 'NONE',  ( -1.999999999999994893, -79.00000000000001421, 19.96581550227846691 ) ) ;
#1972 = CARTESIAN_POINT ( 'NONE',  ( -18.70913100994800971, -85.95017632148670828, 11.82487851430028414 ) ) ;
#1973 = ORIENTED_EDGE ( 'NONE', *, *, #2734, .T. ) ;
#1974 = ORIENTED_EDGE ( 'NONE', *, *, #3787, .T. ) ;
#1975 = DIRECTION ( 'NONE',  ( 0.03487826274238545188, -0.9987827659587178442, 0.03487826274237468271 ) ) ;
#1976 = FACE_OUTER_BOUND ( 'NONE', #3558, .T. ) ;
#1977 = CARTESIAN_POINT ( 'NONE',  ( -24.99999999999999289, -4.307772203752976203, 8.046796687930903857 ) ) ;
#1978 = ORIENTED_EDGE ( 'NONE', *, *, #2635, .T. ) ;
#1979 = AXIS2_PLACEMENT_3D ( 'NONE', #3315, #1043, #2330 ) ;
#1980 = CARTESIAN_POINT ( 'NONE',  ( 7.984028008084343320, -88.99999999999998579, 6.390028051728013025 ) ) ;
#1981 = CARTESIAN_POINT ( 'NONE',  ( 0.3280399809013737622, -77.08517404409626295, 12.00456798860094665 ) ) ;
#1982 = AXIS2_PLACEMENT_3D ( 'NONE', #2098, #765, #3962 ) ;
#1983 = DIRECTION ( 'NONE',  ( 1.000000000000000000, 1.020425574104004122E-16, 0.000000000000000000 ) ) ;
#1984 = CIRCLE ( 'NONE', #3465, 1.799999999999999600 ) ;
#1985 = CARTESIAN_POINT ( 'NONE',  ( 18.78089103407643989, -2.585786437626905077, 18.21421356237309297 ) ) ;
#1986 = DIRECTION ( 'NONE',  ( -0.9993908270190953180, -0.03489949670251165509, 0.000000000000000000 ) ) ;
#1987 = EDGE_LOOP ( 'NONE', ( #2236, #3449, #1573, #3609, #349, #2686, #227, #1930, #2128 ) ) ;
#1988 = ORIENTED_EDGE ( 'NONE', *, *, #3155, .T. ) ;
#1989 = EDGE_CURVE ( 'NONE', #2547, #623, #2486, .T. ) ;
#1990 = DIRECTION ( 'NONE',  ( -1.000000000000000000, 0.000000000000000000, 0.000000000000000000 ) ) ;
#1991 = CARTESIAN_POINT ( 'NONE',  ( -18.53386669863368041, -88.87785176154120848, 18.80000000000000071 ) ) ;
#1992 = AXIS2_PLACEMENT_3D ( 'NONE', #2743, #1078, #3951 ) ;
#1993 = ORIENTED_EDGE ( 'NONE', *, *, #3100, .F. ) ;
#1994 = VECTOR ( 'NONE', #2888, 1000.000000000000000 ) ;
#1995 = ADVANCED_FACE ( 'NONE', ( #1522 ), #3123, .T. ) ;
#1996 = CARTESIAN_POINT ( 'NONE',  ( -22.13284074983661043, -86.10469849010755183, 6.387924273892649829 ) ) ;
#1998 = VECTOR ( 'NONE', #3235, 1000.000000000000000 ) ;
#1997 = LINE ( 'NONE', #3848, #2855 ) ;
#1999 = LINE ( 'NONE', #2376, #2602 ) ;
#2000 = VERTEX_POINT ( 'NONE', #3578 ) ;
#2001 = LINE ( 'NONE', #1673, #764 ) ;
#2002 = CARTESIAN_POINT ( 'NONE',  ( -21.74141084293023951, -48.60248025546395212, -3.049999999999991385 ) ) ;
#2003 = CARTESIAN_POINT ( 'NONE',  ( -4.785893221999921288, -34.12098940511666711, 3.604727437793046274 ) ) ;
#2004 = CARTESIAN_POINT ( 'NONE',  ( -24.89889384336390066, -6.895301509892440173, 3.621871180366213583 ) ) ;
#2005 = ORIENTED_EDGE ( 'NONE', *, *, #1739, .F. ) ;
#2006 = VERTEX_POINT ( 'NONE', #1342 ) ;
#2007 = DIRECTION ( 'NONE',  ( -0.9993908270190953180, -0.03489949670251165509, -0.000000000000000000 ) ) ;
#2008 = DIRECTION ( 'NONE',  ( -0.9993908270190954291, -0.03489949670251164121, 0.000000000000000000 ) ) ;
#2009 = EDGE_CURVE ( 'NONE', #3317, #2287, #3935, .T. ) ;
#2010 = ORIENTED_EDGE ( 'NONE', *, *, #1755, .F. ) ;
#2011 = ORIENTED_EDGE ( 'NONE', *, *, #2620, .T. ) ;
#2012 = DIRECTION ( 'NONE',  ( -0.1390899611223747334, 0.9896764980577127391, -0.03456026486007357512 ) ) ;
#2013 = DIRECTION ( 'NONE',  ( 1.000000000000000000, -0.000000000000000000, 0.000000000000000000 ) ) ;
#2014 = DIRECTION ( 'NONE',  ( -1.000000000000000000, 0.000000000000000000, 0.000000000000000000 ) ) ;
#2015 = EDGE_CURVE ( 'NONE', #2944, #781, #352, .T. ) ;
#2016 = DIRECTION ( 'NONE',  ( 1.000000000000000000, 1.020425574104004122E-16, -0.000000000000000000 ) ) ;
#2017 = EDGE_CURVE ( 'NONE', #3443, #2596, #393, .T. ) ;
#2018 = ORIENTED_EDGE ( 'NONE', *, *, #3283, .F. ) ;
#2019 = DIRECTION ( 'NONE',  ( -0.9781476007338074652, -0.2079116908177502943, 0.000000000000000000 ) ) ;
#2020 = DIRECTION ( 'NONE',  ( 0.000000000000000000, 0.000000000000000000, -1.000000000000000000 ) ) ;
#2021 = CARTESIAN_POINT ( 'NONE',  ( -0.1999999999999961808, -79.00000000000001421, 6.500000000000000888 ) ) ;
#2022 = CARTESIAN_POINT ( 'NONE',  ( -5.810999299500178239, -27.35344487061403029, 3.349384689573090323 ) ) ;
#2023 = FACE_OUTER_BOUND ( 'NONE', #2651, .T. ) ;
#2024 = ORIENTED_EDGE ( 'NONE', *, *, #257, .F. ) ;
#2025 = ORIENTED_EDGE ( 'NONE', *, *, #622, .T. ) ;
#2026 = CARTESIAN_POINT ( 'NONE',  ( -24.99999999999999289, -4.370417172703391806, -27.22265845728987799 ) ) ;
#2027 = CARTESIAN_POINT ( 'NONE',  ( 5.000000000000000888, 3.000000000000002665, 18.80000000000000071 ) ) ;
#2028 = ORIENTED_EDGE ( 'NONE', *, *, #130, .T. ) ;
#2029 = ORIENTED_EDGE ( 'NONE', *, *, #541, .F. ) ;
#2030 = EDGE_CURVE ( 'NONE', #3821, #660, #1706, .T. ) ;
#2031 = PLANE ( 'NONE',  #3989 ) ;
#2032 = DIRECTION ( 'NONE',  ( -0.9993908270190953180, -0.03489949670251165509, 0.000000000000000000 ) ) ;
#2033 = FACE_OUTER_BOUND ( 'NONE', #914, .T. ) ;
#2034 = CARTESIAN_POINT ( 'NONE',  ( -6.039310086789726029, -20.48015213365300369, 3.090052010219078937 ) ) ;
#2035 = VERTEX_POINT ( 'NONE', #3597 ) ;
#2036 = EDGE_CURVE ( 'NONE', #2844, #3299, #22, .T. ) ;
#2037 = EDGE_CURVE ( 'NONE', #3821, #2454, #408, .T. ) ;
#2038 = CARTESIAN_POINT ( 'NONE',  ( -24.99999999999995026, -7.104698490107502984, 9.640153053515859938 ) ) ;
#2039 = CARTESIAN_POINT ( 'NONE',  ( 16.00000000000000355, 2.999999999999998668, 3.011072104942093125E-16 ) ) ;
#2040 = AXIS2_PLACEMENT_3D ( 'NONE', #2067, #2044, #2718 ) ;
#2041 = EDGE_CURVE ( 'NONE', #4001, #3010, #2805, .T. ) ;
#2042 = AXIS2_PLACEMENT_3D ( 'NONE', #3980, #3648, #3519 ) ;
#2043 = CARTESIAN_POINT ( 'NONE',  ( -24.97561203025059839, -4.698380078799596404, 1.958121190253133768E-15 ) ) ;
#2044 = DIRECTION ( 'NONE',  ( -0.9902680687415698069, -0.1391731009600694624, 0.000000000000000000 ) ) ;
#2045 = CYLINDRICAL_SURFACE ( 'NONE', #2123, 2.500000000000000444 ) ;
#2046 = LINE ( 'NONE', #499, #4136 ) ;
#2047 = ORIENTED_EDGE ( 'NONE', *, *, #1916, .T. ) ;
#2048 = AXIS2_PLACEMENT_3D ( 'NONE', #1890, #3492, #2186 ) ;
#2049 = ORIENTED_EDGE ( 'NONE', *, *, #77, .F. ) ;
#2050 = VECTOR ( 'NONE', #3457, 1000.000000000000000 ) ;
#2051 = DIRECTION ( 'NONE',  ( -0.000000000000000000, -1.000000000000000000, -0.000000000000000000 ) ) ;
#2052 = VECTOR ( 'NONE', #3606, 1000.000000000000000 ) ;
#2053 = ORIENTED_EDGE ( 'NONE', *, *, #3410, .T. ) ;
#2054 = EDGE_LOOP ( 'NONE', ( #3483, #262, #3043, #2815 ) ) ;
#2055 = DIRECTION ( 'NONE',  ( 1.000000000000000000, -2.891205793294679312E-16, 0.000000000000000000 ) ) ;
#2056 = VECTOR ( 'NONE', #4097, 1000.000000000000227 ) ;
#2057 = CARTESIAN_POINT ( 'NONE',  ( -19.99882892069322082, -18.27311417291954854, 6.187313213253007760 ) ) ;
#2058 = CARTESIAN_POINT ( 'NONE',  ( -19.64729795179439265, -85.95661698441359988, 12.39372272323761059 ) ) ;
#2059 = CARTESIAN_POINT ( 'NONE',  ( -24.00213173625671459, -4.802630051225226460, 8.352505929346101254 ) ) ;
#2060 = AXIS2_PLACEMENT_3D ( 'NONE', #2905, #2020, #2654 ) ;
#2061 = ORIENTED_EDGE ( 'NONE', *, *, #151, .F. ) ;
#2062 = VECTOR ( 'NONE', #1692, 1000.000000000000000 ) ;
#2063 = FACE_OUTER_BOUND ( 'NONE', #920, .T. ) ;
#2064 = LINE ( 'NONE', #1433, #761 ) ;
#2065 = EDGE_CURVE ( 'NONE', #917, #1715, #921, .T. ) ;
#2066 = CARTESIAN_POINT ( 'NONE',  ( -23.92409728040537331, -34.80982278608009040, -3.249999999999960476 ) ) ;
#2067 = CARTESIAN_POINT ( 'NONE',  ( 1.234903980943612201, -66.23818185074306086, 1.836970198721031167E-15 ) ) ;
#2068 = DIRECTION ( 'NONE',  ( -0.000000000000000000, -0.000000000000000000, 1.000000000000000000 ) ) ;
#2069 = CARTESIAN_POINT ( 'NONE',  ( 19.08714352325126384, -2.811699472262880306, 17.98830052773711685 ) ) ;
#2070 = EDGE_CURVE ( 'NONE', #1291, #753, #2963, .T. ) ;
#2071 = ADVANCED_FACE ( 'NONE', ( #3853 ), #2300, .F. ) ;
#2072 = EDGE_LOOP ( 'NONE', ( #760, #2722, #1926, #2275, #4045 ) ) ;
#2073 = DIRECTION ( 'NONE',  ( -0.9781476007338076872, -0.2079116908177498502, 0.000000000000000000 ) ) ;
#2074 = DIRECTION ( 'NONE',  ( 0.03489949670251166203, -0.9993908270190954291, 0.000000000000000000 ) ) ;
#2075 = ORIENTED_EDGE ( 'NONE', *, *, #2114, .F. ) ;
#2076 = ORIENTED_EDGE ( 'NONE', *, *, #1429, .F. ) ;
#2077 = CARTESIAN_POINT ( 'NONE',  ( 3.200000000000001066, 3.000000000000003109, 18.80000000000000071 ) ) ;
#2078 = PLANE ( 'NONE',  #4003 ) ;
#2079 = DIRECTION ( 'NONE',  ( 1.000000000000000000, 1.020425574104004122E-16, 0.000000000000000000 ) ) ;
#2080 = ORIENTED_EDGE ( 'NONE', *, *, #108, .F. ) ;
#2081 = CARTESIAN_POINT ( 'NONE',  ( -17.44403028674813072, -48.45241241964315293, -3.049999999999991385 ) ) ;
#2082 = DIRECTION ( 'NONE',  ( 0.000000000000000000, 0.000000000000000000, -1.000000000000000000 ) ) ;
#2083 = CARTESIAN_POINT ( 'NONE',  ( -0.1407169410680779997, -81.35437178601191022, 12.23300877951972154 ) ) ;
#2084 = LINE ( 'NONE', #2066, #1115 ) ;
#2085 = LINE ( 'NONE', #3374, #1709 ) ;
#2086 = DIRECTION ( 'NONE',  ( 1.000000000000000000, 1.020425574104004122E-16, 0.000000000000000000 ) ) ;
#2087 = CARTESIAN_POINT ( 'NONE',  ( -23.92409728040537331, -34.80982278608009040, 3.250000000000038636 ) ) ;
#2088 = ORIENTED_EDGE ( 'NONE', *, *, #602, .F. ) ;
#2089 = EDGE_CURVE ( 'NONE', #571, #994, #1372, .T. ) ;
#2090 = EDGE_CURVE ( 'NONE', #1800, #1898, #973, .T. ) ;
#2091 = CARTESIAN_POINT ( 'NONE',  ( -24.64712608118777837, -5.693818490424439993, 6.216719435495673629 ) ) ;
#2092 = CARTESIAN_POINT ( 'NONE',  ( 6.800000000000000711, 3.000000000000002665, 18.80000000000000071 ) ) ;
#2093 = CARTESIAN_POINT ( 'NONE',  ( -1.623466631435290797, 0.000000000000000000, 2.495834222360339805 ) ) ;
#2094 = ORIENTED_EDGE ( 'NONE', *, *, #1734, .F. ) ;
#2095 = ORIENTED_EDGE ( 'NONE', *, *, #51, .T. ) ;
#2096 = CARTESIAN_POINT ( 'NONE',  ( -24.99999999999999289, -5.443867456181646247, 1.933285204618857112 ) ) ;
#2097 = CARTESIAN_POINT ( 'NONE',  ( 3.175876541039035938, -54.90038136667799051, 4.344602776906531183 ) ) ;
#2098 = CARTESIAN_POINT ( 'NONE',  ( 0.000000000000000000, 0.000000000000000000, 18.80000000000000071 ) ) ;
#2099 = PRODUCT_CONTEXT ( 'NONE', #3655, 'mechanical' ) ;
#2100 = VERTEX_POINT ( 'NONE', #729 ) ;
#2101 =( BOUNDED_CURVE ( )  B_SPLINE_CURVE ( 3, ( #253, #1262, #615, #1237 ),
 .UNSPECIFIED., .F., .F. ) 
 B_SPLINE_CURVE_WITH_KNOTS ( ( 4, 4 ),
 ( 4.450589592585535215, 4.921828490623998853 ),
 .UNSPECIFIED. ) 
 CURVE ( )  GEOMETRIC_REPRESENTATION_ITEM ( )  RATIONAL_B_SPLINE_CURVE ( ( 1.000000000000000000, 0.9815799469317847414, 0.9815799469317847414, 1.000000000000000000 ) ) 
 REPRESENTATION_ITEM ( '' )  );
#2102 = CYLINDRICAL_SURFACE ( 'NONE', #2655, 7.000000000000001776 ) ;
#2103 = DIRECTION ( 'NONE',  ( -0.9993908270190953180, -0.03489949670251165509, -0.000000000000000000 ) ) ;
#2104 = CARTESIAN_POINT ( 'NONE',  ( 0.03885427437605504242, -81.21256167737452358, 12.22805666140440017 ) ) ;
#2105 = CARTESIAN_POINT ( 'NONE',  ( 16.90000000000000568, 12.09999999999999787, 10.00000000000000000 ) ) ;
#2106 = LINE ( 'NONE', #3950, #2180 ) ;
#2107 = DIRECTION ( 'NONE',  ( 0.9993908270190953180, 0.03489949670251179387, 0.000000000000000000 ) ) ;
#2108 = CARTESIAN_POINT ( 'NONE',  ( 18.78089103407643989, -2.585786437626905077, 18.21421356237309297 ) ) ;
#2109 = EDGE_LOOP ( 'NONE', ( #786, #1932 ) ) ;
#2110 = DIRECTION ( 'NONE',  ( -1.000000000000000000, 0.000000000000000000, 0.000000000000000000 ) ) ;
#2111 = AXIS2_PLACEMENT_3D ( 'NONE', #1160, #3720, #2672 ) ;
#2112 = LINE ( 'NONE', #231, #1186 ) ;
#2113 = ORIENTED_EDGE ( 'NONE', *, *, #3484, .F. ) ;
#2114 = EDGE_CURVE ( 'NONE', #3238, #4074, #2998, .T. ) ;
#2115 = ORIENTED_EDGE ( 'NONE', *, *, #1039, .T. ) ;
#2116 = AXIS2_PLACEMENT_3D ( 'NONE', #1521, #3771, #2807 ) ;
#2117 = VECTOR ( 'NONE', #2012, 1000.000000000000114 ) ;
#2118 = CARTESIAN_POINT ( 'NONE',  ( -24.89889384336390066, -6.895301509892440173, 3.621871180366213583 ) ) ;
#2119 = CARTESIAN_POINT ( 'NONE',  ( 1.848810221578538249, -77.88763984294706688, 7.585065072757092963 ) ) ;
#2120 = CARTESIAN_POINT ( 'NONE',  ( 20.00000000000000355, 15.89999999999999680, 10.00000000000000000 ) ) ;
#2121 = EDGE_CURVE ( 'NONE', #3107, #1487, #239, .T. ) ;
#2122 = ORIENTED_EDGE ( 'NONE', *, *, #1836, .T. ) ;
#2123 = AXIS2_PLACEMENT_3D ( 'NONE', #797, #100, #2107 ) ;
#2124 = DIRECTION ( 'NONE',  ( -1.000000000000000000, 0.000000000000000000, 0.000000000000000000 ) ) ;
#2125 = CARTESIAN_POINT ( 'NONE',  ( -16.02041342017244574, -89.13221684696577540, 9.002483708989943878 ) ) ;
#2126 = CARTESIAN_POINT ( 'NONE',  ( 16.00000000000000000, 23.00000000000000000, 3.975047607936268293E-15 ) ) ;
#2127 = VECTOR ( 'NONE', #1209, 1000.000000000000114 ) ;
#2128 = ORIENTED_EDGE ( 'NONE', *, *, #1430, .T. ) ;
#2129 = AXIS2_PLACEMENT_3D ( 'NONE', #1651, #3250, #1058 ) ;
#2130 = CARTESIAN_POINT ( 'NONE',  ( -5.279662784722490620, 0.000000000000000000, 6.029601188155564451 ) ) ;
#2131 = DIRECTION ( 'NONE',  ( -0.9993908270190953180, -0.03489949670251239755, 0.000000000000000000 ) ) ;
#2132 = DIRECTION ( 'NONE',  ( 0.9902680687415699179, 0.1391731009600689628, -0.000000000000000000 ) ) ;
#2133 = DIRECTION ( 'NONE',  ( -0.000000000000000000, -0.000000000000000000, -1.000000000000000000 ) ) ;
#2134 = ORIENTED_EDGE ( 'NONE', *, *, #2380, .T. ) ;
#2135 = CARTESIAN_POINT ( 'NONE',  ( -25.00000000000035172, -5.986100868717619150, 4.530647559056621532 ) ) ;
#2136 = CARTESIAN_POINT ( 'NONE',  ( 2.128552247865043157, -83.24067148267951666, 12.29887981641940442 ) ) ;
#2137 = DIRECTION ( 'NONE',  ( -0.03489949670251233510, 0.9993908270190953180, 0.000000000000000000 ) ) ;
#2138 = ORIENTED_EDGE ( 'NONE', *, *, #3819, .F. ) ;
#2139 = ORIENTED_EDGE ( 'NONE', *, *, #4064, .T. ) ;
#2140 = CARTESIAN_POINT ( 'NONE',  ( -6.144293759740838468, -7.104698490107488773, 9.640153053515858161 ) ) ;
#2141 = EDGE_CURVE ( 'NONE', #3343, #3646, #1358, .T. ) ;
#2142 = CARTESIAN_POINT ( 'NONE',  ( -21.23553632528939517, -11.51215604589219232, -3.099999999999988987 ) ) ;
#2143 = ORIENTED_EDGE ( 'NONE', *, *, #1377, .F. ) ;
#2144 = ADVANCED_FACE ( 'NONE', ( #1034 ), #2320, .F. ) ;
#2145 = LINE ( 'NONE', #3433, #2127 ) ;
#2146 = EDGE_CURVE ( 'NONE', #3616, #3887, #2670, .T. ) ;
#2147 = DIRECTION ( 'NONE',  ( 0.000000000000000000, 0.000000000000000000, 1.000000000000000000 ) ) ;
#2148 = CARTESIAN_POINT ( 'NONE',  ( -24.99999999999998934, -3.125638787474378066, 7.765928636626587611 ) ) ;
#2149 = ORIENTED_EDGE ( 'NONE', *, *, #5, .T. ) ;
#2150 = CARTESIAN_POINT ( 'NONE',  ( -3.866736032149189484, -55.03505772549655717, 11.31391808003154686 ) ) ;
#2151 = LINE ( 'NONE', #3440, #4066 ) ;
#2152 = CARTESIAN_POINT ( 'NONE',  ( -9.316995701405755170, -27.29232423406975627, 10.34512047870643947 ) ) ;
#2153 = ORIENTED_EDGE ( 'NONE', *, *, #3385, .F. ) ;
#2154 = CARTESIAN_POINT ( 'NONE',  ( -24.95401265009569514, -6.378288209220532856, 3.278242904584932838 ) ) ;
#2155 = FACE_OUTER_BOUND ( 'NONE', #2749, .T. ) ;
#2156 = CARTESIAN_POINT ( 'NONE',  ( 20.00000000000000355, -4.000000000000003553, 0.000000000000000000 ) ) ;
#2157 = EDGE_LOOP ( 'NONE', ( #2821, #2212, #1085, #1941 ) ) ;
#2158 = ORIENTED_EDGE ( 'NONE', *, *, #1638, .T. ) ;
#2159 = PLANE ( 'NONE',  #543 ) ;
#2160 = CARTESIAN_POINT ( 'NONE',  ( -22.98517143100940885, -1.999999999999997335, 15.97157287525380021 ) ) ;
#2161 = CARTESIAN_POINT ( 'NONE',  ( 3.200000000000002398, 25.00000000000000000, -18.80000000000000782 ) ) ;
#2162 = AXIS2_PLACEMENT_3D ( 'NONE', #2854, #1307, #343 ) ;
#2163 = ORIENTED_EDGE ( 'NONE', *, *, #313, .F. ) ;
#2164 = DIRECTION ( 'NONE',  ( -0.9993908270190953180, -0.03489949670251165509, 0.000000000000000000 ) ) ;
#2165 = CARTESIAN_POINT ( 'NONE',  ( 1.989401859059960032, -3.999999999997711164, 3.547542242081155539 ) ) ;
#2166 = CARTESIAN_POINT ( 'NONE',  ( -24.99999999999999289, -4.042809997065448968, 6.420028198874452308 ) ) ;
#2167 = ORIENTED_EDGE ( 'NONE', *, *, #3417, .T. ) ;
#2168 = EDGE_CURVE ( 'NONE', #3053, #950, #310, .T. ) ;
#2169 = B_SPLINE_CURVE_WITH_KNOTS ( 'NONE', 3,
 ( #1215, #689, #3852, #2621, #1924, #3906, #1630, #1981, #3875, #1688, #1944, #2962 ),
 .UNSPECIFIED., .F., .F.,
 ( 4, 2, 2, 2, 2, 4 ),
 ( 0.002705517232387337403, 0.003146350740115496682, 0.003587184247843655527, 0.004468851263299934186, 0.005350518278756211978, 0.006232185294212490637 ),
 .UNSPECIFIED. ) ;
#2170 = CARTESIAN_POINT ( 'NONE',  ( -21.47438011413451520, -4.000000000000005329, 12.35381210062173807 ) ) ;
#2171 = CARTESIAN_POINT ( 'NONE',  ( 2.771308074079103623, -52.84075595943607340, 11.23729137386361110 ) ) ;
#2172 = LINE ( 'NONE', #292, #2056 ) ;
#2173 = CARTESIAN_POINT ( 'NONE',  ( -1.411700886359727125, -33.16124605593648766, 10.55006774481293697 ) ) ;
#2174 = ADVANCED_FACE ( 'NONE', ( #748 ), #3658, .F. ) ;
#2175 = EDGE_CURVE ( 'NONE', #553, #2393, #1749, .T. ) ;
#2176 = ORIENTED_EDGE ( 'NONE', *, *, #2041, .T. ) ;
#2177 = CARTESIAN_POINT ( 'NONE',  ( 18.00000000000000000, 30.00000000000000000, 14.00000000000000533 ) ) ;
#2178 = DIRECTION ( 'NONE',  ( 0.1390899611223747334, -0.9896764980577127391, 0.03456026486007358206 ) ) ;
#2179 = LINE ( 'NONE', #529, #1849 ) ;
#2180 = VECTOR ( 'NONE', #1416, 1000.000000000000000 ) ;
#2181 = ORIENTED_EDGE ( 'NONE', *, *, #1483, .T. ) ;
#2182 = ORIENTED_EDGE ( 'NONE', *, *, #2565, .T. ) ;
#2183 = DIRECTION ( 'NONE',  ( 0.000000000000000000, 0.000000000000000000, 1.000000000000000000 ) ) ;
#2184 = DIRECTION ( 'NONE',  ( -0.1391731009600694624, 0.9902680687415698069, 1.734723475976805862E-16 ) ) ;
#2185 = VECTOR ( 'NONE', #3923, 1000.000000000000114 ) ;
#2186 = DIRECTION ( 'NONE',  ( -1.000000000000000000, 0.000000000000000000, 0.000000000000000000 ) ) ;
#2187 = CYLINDRICAL_SURFACE ( 'NONE', #1299, 2.999999999999999112 ) ;
#2188 = ORIENTED_EDGE ( 'NONE', *, *, #1966, .F. ) ;
#2189 = ORIENTED_EDGE ( 'NONE', *, *, #2380, .F. ) ;
#2190 = AXIS2_PLACEMENT_3D ( 'NONE', #1971, #1717, #1990 ) ;
#2191 = LINE ( 'NONE', #1874, #1113 ) ;
#2192 = AXIS2_PLACEMENT_3D ( 'NONE', #3481, #951, #592 ) ;
#2193 = CARTESIAN_POINT ( 'NONE',  ( 1.400756816147675554, -6.236406008226200726, 3.464542845011389094 ) ) ;
#2194 = DIRECTION ( 'NONE',  ( -1.000000000000000000, 0.000000000000000000, 0.000000000000000000 ) ) ;
#2195 = AXIS2_PLACEMENT_3D ( 'NONE', #1292, #2592, #3866 ) ;
#2196 = ORIENTED_EDGE ( 'NONE', *, *, #2961, .F. ) ;
#2197 = CARTESIAN_POINT ( 'NONE',  ( -23.83143922339670695, -4.000000000000005329, 11.26743259703180833 ) ) ;
#2198 = DIRECTION ( 'NONE',  ( 1.000000000000000000, 0.000000000000000000, 0.000000000000000000 ) ) ;
#2199 = DIRECTION ( 'NONE',  ( 0.000000000000000000, 0.000000000000000000, -1.000000000000000000 ) ) ;
#2200 = FACE_OUTER_BOUND ( 'NONE', #4040, .T. ) ;
#2201 = ADVANCED_FACE ( 'NONE', ( #428 ), #1096, .F. ) ;
#2202 = CIRCLE ( 'NONE', #1050, 2.999999999999999112 ) ;
#2203 = AXIS2_PLACEMENT_3D ( 'NONE', #61, #24, #141 ) ;
#2204 = VERTEX_POINT ( 'NONE', #3325 ) ;
#2205 = CIRCLE ( 'NONE', #3142, 1.799999999999998712 ) ;
#2206 = LINE ( 'NONE', #4146, #2327 ) ;
#2207 = CIRCLE ( 'NONE', #43, 2.999999999999999556 ) ;
#2208 = LINE ( 'NONE', #3504, #3344 ) ;
#2209 = ADVANCED_FACE ( 'NONE', ( #793, #3351, #2715 ), #2403, .F. ) ;
#2210 = ADVANCED_FACE ( 'NONE', ( #1414 ), #469, .F. ) ;
#2211 = VERTEX_POINT ( 'NONE', #493 ) ;
#2212 = ORIENTED_EDGE ( 'NONE', *, *, #4033, .T. ) ;
#2213 = AXIS2_PLACEMENT_3D ( 'NONE', #2957, #2256, #368 ) ;
#2214 = FACE_BOUND ( 'NONE', #3102, .T. ) ;
#2215 = DIRECTION ( 'NONE',  ( -1.000000000000000000, 0.000000000000000000, 0.000000000000000000 ) ) ;
#2216 = VERTEX_POINT ( 'NONE', #3005 ) ;
#2217 = CARTESIAN_POINT ( 'NONE',  ( 7.968265406799485362, -89.00000000000000000, 0.000000000000000000 ) ) ;
#2218 = DIRECTION ( 'NONE',  ( 0.000000000000000000, 0.000000000000000000, -1.000000000000000000 ) ) ;
#2219 = LINE ( 'NONE', #3496, #495 ) ;
#2220 = ORIENTED_EDGE ( 'NONE', *, *, #318, .T. ) ;
#2221 = CARTESIAN_POINT ( 'NONE',  ( -24.82615939793469195, -6.880292911325580185, 2.686412004105345641 ) ) ;
#2222 = FACE_OUTER_BOUND ( 'NONE', #2908, .T. ) ;
#2223 = CARTESIAN_POINT ( 'NONE',  ( -1.623466631435290797, -4.000000000000003553, 2.495834222360339805 ) ) ;
#2224 = DIRECTION ( 'NONE',  ( -0.000000000000000000, -0.000000000000000000, 1.000000000000000000 ) ) ;
#2225 = EDGE_LOOP ( 'NONE', ( #16, #25 ) ) ;
#2226 = PRODUCT ( 'LQ26-05HGI-01-007', 'LQ26-05HGI-01-007', '', ( #2099 ) ) ;
#2227 = CARTESIAN_POINT ( 'NONE',  ( 16.90000000000000568, 13.99999999999999822, 10.00000000000000000 ) ) ;
#2228 = PLANE ( 'NONE',  #3811 ) ;
#2229 = ORIENTED_EDGE ( 'NONE', *, *, #2089, .F. ) ;
#2230 = ORIENTED_EDGE ( 'NONE', *, *, #429, .F. ) ;
#2231 = EDGE_CURVE ( 'NONE', #660, #3653, #2757, .T. ) ;
#2232 = ADVANCED_FACE ( 'NONE', ( #1768 ), #1454, .T. ) ;
#2233 = DIRECTION ( 'NONE',  ( 0.1715728752537984125, 0.000000000000000000, 0.9851714310094181748 ) ) ;
#2234 = CARTESIAN_POINT ( 'NONE',  ( -21.56613772444767818, -86.04982367851179959, 8.967871799804917998 ) ) ;
#2235 = ORIENTED_EDGE ( 'NONE', *, *, #3210, .F. ) ;
#2236 = ORIENTED_EDGE ( 'NONE', *, *, #129, .F. ) ;
#2237 = ADVANCED_FACE ( 'NONE', ( #3703 ), #4010, .T. ) ;
#2238 = FACE_OUTER_BOUND ( 'NONE', #3608, .T. ) ;
#2239 = CARTESIAN_POINT ( 'NONE',  ( -1.521319796567210725, -6.604495830498178677, 8.203745981071282500 ) ) ;
#2240 = CARTESIAN_POINT ( 'NONE',  ( -22.99999999999999289, -3.999999999999997335, 15.80000000000000071 ) ) ;
#2241 = ORIENTED_EDGE ( 'NONE', *, *, #1989, .F. ) ;
#2242 = CARTESIAN_POINT ( 'NONE',  ( 0.4974691126510191186, -89.00000000000000000, 9.393409058628295227 ) ) ;
#2243 = CARTESIAN_POINT ( 'NONE',  ( -10.09590253892309164, -25.85128165925404176, 6.792664758077632037 ) ) ;
#2244 = CARTESIAN_POINT ( 'NONE',  ( -21.99999999999999645, -3.999999999999997335, 15.80000000000000071 ) ) ;
#2245 = VECTOR ( 'NONE', #1683, 1000.000000000000000 ) ;
#2246 = EDGE_LOOP ( 'NONE', ( #1349, #954, #1195, #3220, #1381, #4002, #924, #198 ) ) ;
#2247 = CARTESIAN_POINT ( 'NONE',  ( -19.83741069312104699, -22.89552742215447623, 6.187313213253020194 ) ) ;
#2248 = VERTEX_POINT ( 'NONE', #3636 ) ;
#2249 = EDGE_LOOP ( 'NONE', ( #981, #3111, #4154, #1300, #32, #2010, #614, #4155, #9, #63, #1172, #3382, #2080, #243, #3461, #3314, #3803, #1671 ) ) ;
#2250 = CARTESIAN_POINT ( 'NONE',  ( -23.21352852029637859, -55.15784977548234735, -3.049999999999990496 ) ) ;
#2251 = CARTESIAN_POINT ( 'NONE',  ( -19.94380531274495283, -32.09539425093689857, 6.187313213253005095 ) ) ;
#2252 = ADVANCED_FACE ( 'NONE', ( #1143 ), #2381, .F. ) ;
#2253 = VERTEX_POINT ( 'NONE', #1164 ) ;
#2254 = ORIENTED_EDGE ( 'NONE', *, *, #1404, .T. ) ;
#2255 = AXIS2_PLACEMENT_3D ( 'NONE', #2924, #3269, #38 ) ;
#2256 = DIRECTION ( 'NONE',  ( 0.9902680687415699179, 0.1391731009600689906, 0.000000000000000000 ) ) ;
#2257 = EDGE_CURVE ( 'NONE', #3616, #2804, #196, .T. ) ;
#2258 = AXIS2_PLACEMENT_3D ( 'NONE', #3556, #2632, #2294 ) ;
#2259 = ORIENTED_EDGE ( 'NONE', *, *, #436, .F. ) ;
#2260 = AXIS2_PLACEMENT_3D ( 'NONE', #1497, #868, #2780 ) ;
#2261 = CARTESIAN_POINT ( 'NONE',  ( 4.015365126891441427, -85.69901737263106156, 11.50605388797440831 ) ) ;
#2262 = AXIS2_PLACEMENT_3D ( 'NONE', #3420, #289, #2444 ) ;
#2263 = LINE ( 'NONE', #334, #4055 ) ;
#2264 = CARTESIAN_POINT ( 'NONE',  ( -7.634986425665454490, -12.79018749626707674, 6.336561299501950018 ) ) ;
#2265 = AXIS2_PLACEMENT_3D ( 'NONE', #2408, #1148, #1399 ) ;
#2266 = LINE ( 'NONE', #3547, #919 ) ;
#2267 = CARTESIAN_POINT ( 'NONE',  ( -24.46316074174066912, -5.406097791994686652, 6.906702736332431591 ) ) ;
#2268 = ORIENTED_EDGE ( 'NONE', *, *, #3911, .F. ) ;
#2269 = VECTOR ( 'NONE', #2299, 1000.000000000000114 ) ;
#2270 = ORIENTED_EDGE ( 'NONE', *, *, #10, .F. ) ;
#2271 = VECTOR ( 'NONE', #3973, 1000.000000000000000 ) ;
#2272 = DIRECTION ( 'NONE',  ( -0.03489949670251181468, 0.9993908270190953180, 0.000000000000000000 ) ) ;
#2273 = CARTESIAN_POINT ( 'NONE',  ( -19.09185216077643332, -89.00000000000000000, 11.67416850039180076 ) ) ;
#2274 = VERTEX_POINT ( 'NONE', #1075 ) ;
#2275 = ORIENTED_EDGE ( 'NONE', *, *, #2915, .T. ) ;
#2276 = LINE ( 'NONE', #1938, #2579 ) ;
#2277 = CARTESIAN_POINT ( 'NONE',  ( -2.308754041821444059, -84.99999999999998579, 3.000000000000000444 ) ) ;
#2278 = DIRECTION ( 'NONE',  ( 1.000000000000000000, 0.000000000000000000, 1.264962724470827817E-16 ) ) ;
#2279 = ORIENTED_EDGE ( 'NONE', *, *, #1338, .F. ) ;
#2280 = EDGE_CURVE ( 'NONE', #3036, #2596, #2360, .T. ) ;
#2281 = EDGE_CURVE ( 'NONE', #791, #2548, #2064, .T. ) ;
#2282 = CARTESIAN_POINT ( 'NONE',  ( -24.99999999999996092, -85.89530150989250501, 12.39158153968558196 ) ) ;
#2283 = CARTESIAN_POINT ( 'NONE',  ( 4.517160185136443573, -89.00000000000000000, 0.000000000000000000 ) ) ;
#2284 = DIRECTION ( 'NONE',  ( 0.000000000000000000, -1.000000000000000000, 0.000000000000000000 ) ) ;
#2285 = CARTESIAN_POINT ( 'NONE',  ( -23.21352852029637859, -55.15784977548234735, -3.099847599695185085 ) ) ;
#2286 = VERTEX_POINT ( 'NONE', #3681 ) ;
#2287 = VERTEX_POINT ( 'NONE', #3392 ) ;
#2288 = CARTESIAN_POINT ( 'NONE',  ( 2.549020259053691451, -79.18125329486350950, 0.000000000000000000 ) ) ;
#2289 = CARTESIAN_POINT ( 'NONE',  ( -20.91475416494917994, -89.00000000000001421, 10.00501692845243795 ) ) ;
#2290 =( BOUNDED_SURFACE ( )  B_SPLINE_SURFACE ( 3, 2, ( 
 ( #1831, #4075, #2492 ),
 ( #2513, #3788, #3769 ),
 ( #886, #1853, #2170 ),
 ( #2534, #3145, #2197 ),
 ( #248, #1232, #1190 ),
 ( #3480, #931, #3812 ),
 ( #2471, #591, #1878 ),
 ( #271, #3186, #3498 ),
 ( #1564, #2778, #2845 ),
 ( #2221, #610, #1900 ) ),
 .UNSPECIFIED., .F., .F., .F. ) 
 B_SPLINE_SURFACE_WITH_KNOTS ( ( 4, 2, 2, 2, 4 ),
 ( 3, 3 ),
 ( 0.7847891758119922567, 1.216887538139540759, 1.648985900467089039, 2.081084262794637318, 2.513182625122185598 ),
 ( 0.000000000000000000, 1.000000000000000000 ),
 .UNSPECIFIED. ) 
 GEOMETRIC_REPRESENTATION_ITEM ( )  RATIONAL_B_SPLINE_SURFACE ( (
 ( 1.000000000000000000, 0.6946583704589968100, 1.000000000000000000),
 ( 1.000000000000000000, 0.6964636401177837222, 1.000000000000000000),
 ( 1.000000000000000000, 0.6986603632097152516, 1.000000000000000000),
 ( 1.000000000000000000, 0.7034134402097140804, 1.000000000000000000),
 ( 1.000000000000000000, 0.7059683185192928701, 1.000000000000000000),
 ( 1.000000000000000000, 0.7109669634054391896, 1.000000000000000000),
 ( 1.000000000000000000, 0.7134079793065302155, 1.000000000000000000),
 ( 1.000000000000000000, 0.7177397344511671218, 1.000000000000000000),
 ( 1.000000000000000000, 0.7196305519175701937, 1.000000000000000000),
 ( 1.000000000000000000, 0.7210764047212594452, 1.000000000000000000) ) ) 
 REPRESENTATION_ITEM ( '' )  SURFACE ( )  );
#2291 = VERTEX_POINT ( 'NONE', #3807 ) ;
#2292 = ORIENTED_EDGE ( 'NONE', *, *, #3845, .T. ) ;
#2293 = DIRECTION ( 'NONE',  ( 0.000000000000000000, -0.7071067811865499042, 0.7071067811865451302 ) ) ;
#2294 = DIRECTION ( 'NONE',  ( -1.000000000000000000, 0.000000000000000000, 0.000000000000000000 ) ) ;
#2295 = CARTESIAN_POINT ( 'NONE',  ( -23.89198981399277244, -4.675383272905749621, 8.672466864907606876 ) ) ;
#2296 = ORIENTED_EDGE ( 'NONE', *, *, #3537, .T. ) ;
#2297 = CARTESIAN_POINT ( 'NONE',  ( 4.789982204938243449, -85.66056531223223658, 10.98863470500695705 ) ) ;
#2298 = VECTOR ( 'NONE', #1183, 1000.000000000000000 ) ;
#2299 = DIRECTION ( 'NONE',  ( -0.1390899611223747334, 0.9896764980577127391, -0.03456026486007357512 ) ) ;
#2300 = PLANE ( 'NONE',  #3808 ) ;
#2301 = ADVANCED_FACE ( 'NONE', ( #2823 ), #2508, .F. ) ;
#2302 = VECTOR ( 'NONE', #580, 1000.000000000000000 ) ;
#2303 = DIRECTION ( 'NONE',  ( 0.000000000000000000, -1.230300337572203386E-16, 1.000000000000000000 ) ) ;
#2304 = DIRECTION ( 'NONE',  ( -0.1391731009600688795, 0.9902680687415698069, 0.000000000000000000 ) ) ;
#2305 = EDGE_CURVE ( 'NONE', #940, #2291, #3453, .T. ) ;
#2306 = EDGE_CURVE ( 'NONE', #2287, #3317, #1379, .T. ) ;
#2307 = ORIENTED_EDGE ( 'NONE', *, *, #2740, .F. ) ;
#2308 = ORIENTED_EDGE ( 'NONE', *, *, #3156, .T. ) ;
#2309 = CARTESIAN_POINT ( 'NONE',  ( -18.88061197021424675, -6.999999999999998224, 12.63832553457314845 ) ) ;
#2310 = CARTESIAN_POINT ( 'NONE',  ( -18.10740860195084778, -89.00000000000001421, 8.659652146782761406 ) ) ;
#2311 = ORIENTED_EDGE ( 'NONE', *, *, #4037, .T. ) ;
#2312 = ORIENTED_EDGE ( 'NONE', *, *, #318, .F. ) ;
#2313 = DIRECTION ( 'NONE',  ( -0.000000000000000000, -0.000000000000000000, 1.000000000000000000 ) ) ;
#2314 = CARTESIAN_POINT ( 'NONE',  ( -19.99882892069323148, -18.27311417291954854, 6.025894985680900540 ) ) ;
#2315 = CARTESIAN_POINT ( 'NONE',  ( -24.99999999999999289, -4.192078193128173424, 8.399735971338676777 ) ) ;
#2316 = ORIENTED_EDGE ( 'NONE', *, *, #1373, .T. ) ;
#2317 = VECTOR ( 'NONE', #2445, 1000.000000000000000 ) ;
#2318 = CARTESIAN_POINT ( 'NONE',  ( -6.000000000000000000, -79.00000000000001421, 0.000000000000000000 ) ) ;
#2319 = VECTOR ( 'NONE', #3181, 1000.000000000000000 ) ;
#2320 = CYLINDRICAL_SURFACE ( 'NONE', #650, 1.799999999999998712 ) ;
#2321 = CIRCLE ( 'NONE', #2528, 7.000000000000000888 ) ;
#2322 = EDGE_CURVE ( 'NONE', #980, #2388, #880, .T. ) ;
#2323 = CARTESIAN_POINT ( 'NONE',  ( -5.138517360916347698, -17.11834791360511687, 2.963209501219578712 ) ) ;
#2324 = CARTESIAN_POINT ( 'NONE',  ( 19.75635694778425488, -3.725962696999261858, 16.98996355522745461 ) ) ;
#2325 = ORIENTED_EDGE ( 'NONE', *, *, #3070, .F. ) ;
#2326 = EDGE_LOOP ( 'NONE', ( #1988, #1693, #1141, #105 ) ) ;
#2327 = VECTOR ( 'NONE', #3463, 1000.000000000000000 ) ;
#2328 = ADVANCED_FACE ( 'NONE', ( #1248 ), #1137, .F. ) ;
#2329 = EDGE_CURVE ( 'NONE', #3414, #4159, #563, .T. ) ;
#2330 = DIRECTION ( 'NONE',  ( 1.000000000000000000, 0.000000000000000000, 0.000000000000000000 ) ) ;
#2331 = CIRCLE ( 'NONE', #502, 3.000000000000000000 ) ;
#2332 = DIRECTION ( 'NONE',  ( 0.000000000000000000, 1.000000000000000000, 0.000000000000000000 ) ) ;
#2333 = ORIENTED_EDGE ( 'NONE', *, *, #1663, .F. ) ;
#2334 = AXIS2_PLACEMENT_3D ( 'NONE', #1568, #3148, #2537 ) ;
#2335 = LINE ( 'NONE', #401, #1796 ) ;
#2336 = VECTOR ( 'NONE', #1571, 1000.000000000000000 ) ;
#2337 = CARTESIAN_POINT ( 'NONE',  ( -23.57880151820284098, -4.346217699887659158, 9.603118020626370210 ) ) ;
#2338 = ORIENTED_EDGE ( 'NONE', *, *, #3542, .T. ) ;
#2339 = CIRCLE ( 'NONE', #2213, 3.000000000000001776 ) ;
#2340 = CARTESIAN_POINT ( 'NONE',  ( -21.99828614590658304, -41.24653401730994062, -3.249999999999960476 ) ) ;
#2341 = DIRECTION ( 'NONE',  ( 0.03489949670251166203, -0.9993908270190954291, 0.000000000000000000 ) ) ;
#2342 = CARTESIAN_POINT ( 'NONE',  ( -22.00000000000000711, -1.171572875253800383, 18.80000000000000426 ) ) ;
#2343 = DIRECTION ( 'NONE',  ( -1.000000000000000000, 1.445602896647339410E-16, -2.658695784602366130E-17 ) ) ;
#2344 = DIRECTION ( 'NONE',  ( -0.000000000000000000, -0.000000000000000000, 1.000000000000000000 ) ) ;
#2345 = ORIENTED_EDGE ( 'NONE', *, *, #622, .F. ) ;
#2346 = ORIENTED_EDGE ( 'NONE', *, *, #3819, .T. ) ;
#2347 = DIRECTION ( 'NONE',  ( 0.000000000000000000, 0.000000000000000000, -1.000000000000000000 ) ) ;
#2348 = LINE ( 'NONE', #2093, #4126 ) ;
#2349 = ORIENTED_EDGE ( 'NONE', *, *, #1707, .T. ) ;
#2350 = EDGE_CURVE ( 'NONE', #1366, #205, #490, .T. ) ;
#2351 = ADVANCED_FACE ( 'NONE', ( #3828 ), #2775, .F. ) ;
#2352 = VERTEX_POINT ( 'NONE', #4113 ) ;
#2353 = DIRECTION ( 'NONE',  ( 0.000000000000000000, 1.000000000000000000, 0.000000000000000000 ) ) ;
#2354 = DIRECTION ( 'NONE',  ( 1.000000000000000000, -0.000000000000000000, 0.000000000000000000 ) ) ;
#2355 = CARTESIAN_POINT ( 'NONE',  ( -4.254246033653718229, -13.81820239258469663, 2.838693404935116682 ) ) ;
#2356 = CARTESIAN_POINT ( 'NONE',  ( -26.08084102806915894, 13.99999999999999289, 10.00000000000000000 ) ) ;
#2357 = EDGE_CURVE ( 'NONE', #3568, #3646, #1896, .T. ) ;
#2358 = VERTEX_POINT ( 'NONE', #3434 ) ;
#2359 = DIRECTION ( 'NONE',  ( -0.03489949670251166203, 0.9993908270190954291, 0.000000000000000000 ) ) ;
#2360 = LINE ( 'NONE', #1788, #3795 ) ;
#2361 = DIRECTION ( 'NONE',  ( 0.2586719321207321398, 0.9653767931665648838, -0.03371170046685230404 ) ) ;
#2362 = CARTESIAN_POINT ( 'NONE',  ( 3.111049790194655440, -54.43911506651926402, 0.000000000000000000 ) ) ;
#2363 = CARTESIAN_POINT ( 'NONE',  ( 3.305451061317741690, -55.82235198506143092, 18.80000000000000071 ) ) ;
#2364 = DIRECTION ( 'NONE',  ( -0.000000000000000000, 1.000000000000000000, -0.000000000000000000 ) ) ;
#2365 = VECTOR ( 'NONE', #260, 1000.000000000000000 ) ;
#2366 = ORIENTED_EDGE ( 'NONE', *, *, #1784, .F. ) ;
#2367 = ORIENTED_EDGE ( 'NONE', *, *, #390, .T. ) ;
#2368 = LINE ( 'NONE', #64, #3259 ) ;
#2369 = CARTESIAN_POINT ( 'NONE',  ( -3.141939053227974732, -4.000000000000003553, 6.029601188155563563 ) ) ;
#2370 = ORIENTED_EDGE ( 'NONE', *, *, #283, .T. ) ;
#2371 =( BOUNDED_SURFACE ( )  B_SPLINE_SURFACE ( 3, 2, ( 
 ( #2242, #3019, #3873 ),
 ( #970, #3248, #2903 ),
 ( #131, #1648, #1921 ),
 ( #1743, #762, #2261 ),
 ( #3345, #2576, #2297 ),
 ( #1610, #3576, #1013 ),
 ( #3851, #3541, #1317 ),
 ( #333, #2598, #995 ),
 ( #688, #1980, #655 ),
 ( #1426, #2945, #445 ) ),
 .UNSPECIFIED., .F., .F., .F. ) 
 B_SPLINE_SURFACE_WITH_KNOTS ( ( 4, 2, 2, 2, 4 ),
 ( 3, 3 ),
 ( 1.816778095100007651, 2.208262904229846058, 2.599747713359684020, 2.991232522489521983, 3.382717331619360390 ),
 ( 0.000000000000000000, 1.000000000000000000 ),
 .UNSPECIFIED. ) 
 GEOMETRIC_REPRESENTATION_ITEM ( )  RATIONAL_B_SPLINE_SURFACE ( (
 ( 1.000000000000000000, 0.6946583704589947006, 1.000000000000000000),
 ( 1.000000000000000000, 0.6881289890428323730, 1.000000000000000000),
 ( 1.000000000000000000, 0.6818331889145163860, 1.000000000000000000),
 ( 1.000000000000000000, 0.6707213260036326563, 1.000000000000000000),
 ( 1.000000000000000000, 0.6659135142601014801, 1.000000000000000000),
 ( 1.000000000000000000, 0.6586316337994272407, 1.000000000000000000),
 ( 1.000000000000000000, 0.6561636693843836410, 1.000000000000000000),
 ( 1.000000000000000000, 0.6540254145554370568, 1.000000000000000000),
 ( 1.000000000000000000, 0.6543488589598914773, 1.000000000000000000),
 ( 1.000000000000000000, 0.6560590289905038341, 1.000000000000000000) ) ) 
 REPRESENTATION_ITEM ( '' )  SURFACE ( )  );
#2372 = CARTESIAN_POINT ( 'NONE',  ( -1.623466631435288576, 0.000000000000000000, 2.495834222360337140 ) ) ;
#2373 = CARTESIAN_POINT ( 'NONE',  ( 7.968265406799483586, -85.49999999999998579, 18.80000000000000071 ) ) ;
#2374 = EDGE_CURVE ( 'NONE', #4151, #3821, #538, .T. ) ;
#2375 = CARTESIAN_POINT ( 'NONE',  ( -22.89790557985929809, -2.913133054579308379, 17.88686694542068167 ) ) ;
#2376 = CARTESIAN_POINT ( 'NONE',  ( -25.50435283212372539, -61.19149542494101013, 0.2001524003048087141 ) ) ;
#2377 = EDGE_LOOP ( 'NONE', ( #2728, #2254 ) ) ;
#2378 = ADVANCED_FACE ( 'NONE', ( #1293 ), #3287, .F. ) ;
#2379 = LINE ( 'NONE', #2402, #3326 ) ;
#2380 = EDGE_CURVE ( 'NONE', #2211, #1366, #1997, .T. ) ;
#2381 = CYLINDRICAL_SURFACE ( 'NONE', #3657, 36.50000000000000711 ) ;
#2382 = CIRCLE ( 'NONE', #1181, 3.000000000000002220 ) ;
#2383 = CARTESIAN_POINT ( 'NONE',  ( -22.00000000000000000, -1.999999999999992450, 18.80000000000000071 ) ) ;
#2384 = CARTESIAN_POINT ( 'NONE',  ( -18.53386669863368041, -88.87785176154120848, -3.099847599695185085 ) ) ;
#2385 = LINE ( 'NONE', #2363, #1265 ) ;
#2386 = LINE ( 'NONE', #1498, #3339 ) ;
#2387 = VERTEX_POINT ( 'NONE', #649 ) ;
#2388 = VERTEX_POINT ( 'NONE', #1939 ) ;
#2389 = DIRECTION ( 'NONE',  ( 1.000000000000000000, 1.020425574104004122E-16, 0.000000000000000000 ) ) ;
#2390 = VECTOR ( 'NONE', #3776, 1000.000000000000000 ) ;
#2391 = FACE_OUTER_BOUND ( 'NONE', #1245, .T. ) ;
#2392 = ORIENTED_EDGE ( 'NONE', *, *, #654, .F. ) ;
#2393 = VERTEX_POINT ( 'NONE', #967 ) ;
#2394 = CARTESIAN_POINT ( 'NONE',  ( -20.99821974771231581, -18.30801366962206345, 4.024677381450840308 ) ) ;
#2395 = VECTOR ( 'NONE', #394, 1000.000000000000000 ) ;
#2396 = DIRECTION ( 'NONE',  ( 1.000000000000000000, 0.000000000000000000, 0.000000000000000000 ) ) ;
#2397 = CARTESIAN_POINT ( 'NONE',  ( -3.751235286647875089, -55.90849534467895410, 4.340152383704683814 ) ) ;
#2398 = CIRCLE ( 'NONE', #2470, 40.00000000000000000 ) ;
#2399 = VERTEX_POINT ( 'NONE', #2940 ) ;
#2400 =( BOUNDED_SURFACE ( )  B_SPLINE_SURFACE ( 3, 2, ( 
 ( #2879, #1025, #3240 ),
 ( #1622, #1327, #663 ),
 ( #3552, #621, #3898 ),
 ( #1972, #3281, #1308 ),
 ( #1604, #2273, #945 ),
 ( #3260, #2953, #3198 ),
 ( #1640, #3222, #2310 ),
 ( #2913, #1953, #382 ),
 ( #29, #2289, #304 ),
 ( #2645, #2586, #65 ),
 ( #2234, #3882, #3587 ),
 ( #3861, #3842, #362 ),
 ( #1364, #4153, #984 ),
 ( #2611, #1659, #701 ) ),
 .UNSPECIFIED., .F., .F., .F. ) 
 B_SPLINE_SURFACE_WITH_KNOTS ( ( 4, 2, 2, 2, 2, 2, 4 ),
 ( 3, 3 ),
 ( 0.09492605722910424371, 0.2974630286131553225, 0.3987315143051808342, 0.4999999999972063458, 0.6012684856892318574, 0.7025369713812573691, 0.9050739427653083924 ),
 ( 0.000000000000000000, 1.000000000000000000 ),
 .UNSPECIFIED. ) 
 GEOMETRIC_REPRESENTATION_ITEM ( )  RATIONAL_B_SPLINE_SURFACE ( (
 ( 1.000000000000000000, 0.6946583704589963659, 1.000000000000000000),
 ( 1.000000000000000000, 0.6961313339372878772, 1.000000000000000000),
 ( 1.000000000000000000, 0.6979992163213235568, 1.000000000000000000),
 ( 1.000000000000000000, 0.7012112377431422017, 1.000000000000000000),
 ( 1.000000000000000000, 0.7023484755319818751, 1.000000000000000000),
 ( 1.000000000000000000, 0.7046939938594850572, 1.000000000000000000),
 ( 1.000000000000000000, 0.7059018234379018653, 1.000000000000000000),
 ( 1.000000000000000000, 0.7083117389351704096, 1.000000000000000000),
 ( 1.000000000000000000, 0.7095132826084673550, 1.000000000000000000),
 ( 1.000000000000000000, 0.7118351930753259449, 1.000000000000000000),
 ( 1.000000000000000000, 0.7129551519261397852, 1.000000000000000000),
 ( 1.000000000000000000, 0.7161048026733251026, 1.000000000000000000),
 ( 1.000000000000000000, 0.7179174143924816898, 1.000000000000000000),
 ( 1.000000000000000000, 0.7193398003386552997, 1.000000000000000000) ) ) 
 REPRESENTATION_ITEM ( '' )  SURFACE ( )  );
#2401 = VECTOR ( 'NONE', #3894, 1000.000000000000000 ) ;
#2402 = CARTESIAN_POINT ( 'NONE',  ( 12.00000000000000355, 16.99999999999999645, 10.00000000000000000 ) ) ;
#2403 = PLANE ( 'NONE',  #3743 ) ;
#2404 = ADVANCED_FACE ( 'NONE', ( #3614 ), #330, .F. ) ;
#2405 = EDGE_CURVE ( 'NONE', #1007, #379, #1351, .T. ) ;
#2406 = CARTESIAN_POINT ( 'NONE',  ( -23.35599168088636546, -1.271974106759694800, 18.49879630548225862 ) ) ;
#2407 = CARTESIAN_POINT ( 'NONE',  ( -18.53386669863368041, -88.87785176154120848, -3.099999999999988098 ) ) ;
#2408 = CARTESIAN_POINT ( 'NONE',  ( -21.12036798617110378, -14.81014577505520791, 0.2000000000000057288 ) ) ;
#2409 = CARTESIAN_POINT ( 'NONE',  ( 19.54662156086031999, -3.414213562373101585, 17.38578643762689069 ) ) ;
#2410 = VERTEX_POINT ( 'NONE', #2899 ) ;
#2411 = CARTESIAN_POINT ( 'NONE',  ( -0.1772401177961603902, -56.19025448692680413, 7.852125034809191995 ) ) ;
#2412 = CARTESIAN_POINT ( 'NONE',  ( -5.279662784722491509, 0.000000000000000000, 6.029601188155564451 ) ) ;
#2413 = B_SPLINE_CURVE_WITH_KNOTS ( 'NONE', 3,
 ( #3921, #3613, #723, #3302, #1700, #3151, #4148, #2267, #2581, #3719, #1885, #1863, #4125, #2876, #7, #1302, #3548, #172 ),
 .UNSPECIFIED., .F., .F.,
 ( 4, 2, 2, 2, 2, 2, 2, 2, 4 ),
 ( 1.734723475976807094E-18, 0.001191366922167277779, 0.002382733844334553822, 0.004765467688669111981, 0.005956834610836392145, 0.007148201533003671442, 0.008339568455170953340, 0.008935251916254592988, 0.009530935377338232636 ),
 .UNSPECIFIED. ) ;
#2414 = ORIENTED_EDGE ( 'NONE', *, *, #885, .F. ) ;
#2415 = DIRECTION ( 'NONE',  ( 1.000000000000000000, 0.000000000000000000, -0.000000000000000000 ) ) ;
#2416 = DIRECTION ( 'NONE',  ( 0.000000000000000000, 0.000000000000000000, 1.000000000000000000 ) ) ;
#2417 = FACE_OUTER_BOUND ( 'NONE', #3533, .T. ) ;
#2418 = CARTESIAN_POINT ( 'NONE',  ( -24.68105497480246058, -13.13339052487962633, 0.2000000000000057288 ) ) ;
#2419 = ORIENTED_EDGE ( 'NONE', *, *, #2814, .T. ) ;
#2420 = CARTESIAN_POINT ( 'NONE',  ( -9.758743944412001881, -27.31533989620170999, 10.34592420333845020 ) ) ;
#2421 = CARTESIAN_POINT ( 'NONE',  ( -36.30527168834504437, -61.38927602346421963, 18.80000000000000071 ) ) ;
#2422 = CARTESIAN_POINT ( 'NONE',  ( -25.00000000000000000, -5.847593964327158389, 3.105706552556511735 ) ) ;
#2423 = CARTESIAN_POINT ( 'NONE',  ( -24.19834930580898558, -1.481204593954198234, 17.87110484389885201 ) ) ;
#2424 = DIRECTION ( 'NONE',  ( -0.000000000000000000, -0.000000000000000000, -1.000000000000000000 ) ) ;
#2425 = LINE ( 'NONE', #1752, #845 ) ;
#2426 = DIRECTION ( 'NONE',  ( -0.03489949670251166203, 0.9993908270190954291, 0.000000000000000000 ) ) ;
#2427 = EDGE_CURVE ( 'NONE', #3031, #209, #357, .T. ) ;
#2428 = ORIENTED_EDGE ( 'NONE', *, *, #51, .F. ) ;
#2429 = CARTESIAN_POINT ( 'NONE',  ( -25.00000000000053291, -6.196986016095407557, 3.712369084033724231 ) ) ;
#2430 = CARTESIAN_POINT ( 'NONE',  ( 6.092573231139764900, -75.65375668479852322, 3.000000000000000000 ) ) ;
#2431 = EDGE_CURVE ( 'NONE', #2248, #1624, #3867, .T. ) ;
#2432 = ADVANCED_FACE ( 'NONE', ( #1976 ), #667, .F. ) ;
#2433 = DIRECTION ( 'NONE',  ( 0.1391731009600694624, -0.9902680687415698069, 0.000000000000000000 ) ) ;
#2434 = ORIENTED_EDGE ( 'NONE', *, *, #366, .F. ) ;
#2435 = ORIENTED_EDGE ( 'NONE', *, *, #1225, .F. ) ;
#2436 = CARTESIAN_POINT ( 'NONE',  ( -7.634986425665455378, -12.91233573472586293, 2.838693404935116682 ) ) ;
#2437 = CARTESIAN_POINT ( 'NONE',  ( 2.000000000000010658, -79.00000000000001421, 7.628242299975788399 ) ) ;
#2438 = CARTESIAN_POINT ( 'NONE',  ( -0.001777275003316675095, -82.46512711762599679, 8.769663805370871756 ) ) ;
#2439 = DIRECTION ( 'NONE',  ( 1.000000000000000000, 1.020425574104004122E-16, 0.000000000000000000 ) ) ;
#2440 = ORIENTED_EDGE ( 'NONE', *, *, #1618, .F. ) ;
#2441 = PLANE ( 'NONE',  #3214 ) ;
#2442 = DIRECTION ( 'NONE',  ( 0.000000000000000000, -1.000000000000000000, -1.230300337572203386E-16 ) ) ;
#2443 = CARTESIAN_POINT ( 'NONE',  ( -24.99999999999999289, -5.795951847950102653, 3.017691685221208786 ) ) ;
#2444 = DIRECTION ( 'NONE',  ( 1.000000000000000000, -1.235693434942383198E-14, 0.000000000000000000 ) ) ;
#2445 = DIRECTION ( 'NONE',  ( 1.000000000000000000, -1.445602896647339410E-16, -0.000000000000000000 ) ) ;
#2446 = CARTESIAN_POINT ( 'NONE',  ( -1.362376619431593383, -33.39329848725451200, 3.604727437793043610 ) ) ;
#2447 = LINE ( 'NONE', #1795, #709 ) ;
#2448 = VERTEX_POINT ( 'NONE', #1684 ) ;
#2449 = AXIS2_PLACEMENT_3D ( 'NONE', #272, #1277, #4096 ) ;
#2450 = EDGE_CURVE ( 'NONE', #2551, #1224, #3529, .T. ) ;
#2451 = DIRECTION ( 'NONE',  ( -0.9993908270190953180, -0.03489949670251165509, -0.000000000000000000 ) ) ;
#2452 = AXIS2_PLACEMENT_3D ( 'NONE', #268, #2842, #1582 ) ;
#2453 = DIRECTION ( 'NONE',  ( 0.9902680687415698069, 0.1391731009600690461, 0.000000000000000000 ) ) ;
#2454 = VERTEX_POINT ( 'NONE', #70 ) ;
#2455 = EDGE_LOOP ( 'NONE', ( #2755, #894, #1950, #2769 ) ) ;
#2456 = VECTOR ( 'NONE', #671, 1000.000000000000000 ) ;
#2457 = EDGE_CURVE ( 'NONE', #3518, #1431, #1644, .T. ) ;
#2458 = EDGE_CURVE ( 'NONE', #3883, #2791, #508, .T. ) ;
#2459 = AXIS2_PLACEMENT_3D ( 'NONE', #2995, #4000, #1133 ) ;
#2460 = CARTESIAN_POINT ( 'NONE',  ( -36.30527168834504437, -61.38927602346421963, 18.80000000000000071 ) ) ;
#2461 = PLANE ( 'NONE',  #3197 ) ;
#2462 = DIRECTION ( 'NONE',  ( 0.000000000000000000, 0.000000000000000000, -1.000000000000000000 ) ) ;
#2463 = VERTEX_POINT ( 'NONE', #3592 ) ;
#2464 = CIRCLE ( 'NONE', #2993, 2.220138537601081818 ) ;
#2465 = DIRECTION ( 'NONE',  ( -0.1391731009600694624, 0.9902680687415698069, 0.000000000000000000 ) ) ;
#2466 = CARTESIAN_POINT ( 'NONE',  ( 1.201013582954827630, -6.269704768583803656, 4.388937403003178694 ) ) ;
#2467 = CARTESIAN_POINT ( 'NONE',  ( -3.358983848622536073, -24.00000000000000355, 0.000000000000000000 ) ) ;
#2468 = VECTOR ( 'NONE', #4134, 1000.000000000000000 ) ;
#2469 = ORIENTED_EDGE ( 'NONE', *, *, #1016, .F. ) ;
#2470 = AXIS2_PLACEMENT_3D ( 'NONE', #3482, #547, #3521 ) ;
#2471 = CARTESIAN_POINT ( 'NONE',  ( -24.43494039686973451, -6.946322476521449296, 6.090706528794814112 ) ) ;
#2472 = CARTESIAN_POINT ( 'NONE',  ( -21.49786659495411811, -3.999999999999997335, -3.099847599695185085 ) ) ;
#2473 = DIRECTION ( 'NONE',  ( 0.000000000000000000, 0.000000000000000000, 1.000000000000000000 ) ) ;
#2474 = ORIENTED_EDGE ( 'NONE', *, *, #3013, .F. ) ;
#2475 = LINE ( 'NONE', #3755, #4061 ) ;
#2476 = PLANE ( 'NONE',  #2851 ) ;
#2477 = CARTESIAN_POINT ( 'NONE',  ( -4.026400864129398904, -54.28389374956095992, 11.28768685597739463 ) ) ;
#2478 = PRODUCT_RELATED_PRODUCT_CATEGORY ( 'part', '', ( #2226 ) ) ;
#2479 = EDGE_LOOP ( 'NONE', ( #214, #3763, #2138, #3219 ) ) ;
#2480 = VERTEX_POINT ( 'NONE', #705 ) ;
#2481 = CARTESIAN_POINT ( 'NONE',  ( 21.02198760876045824, 0.7341039835441259820, -3.099847599695184197 ) ) ;
#2482 = FACE_BOUND ( 'NONE', #2109, .T. ) ;
#2483 = ADVANCED_FACE ( 'NONE', ( #1368 ), #309, .F. ) ;
#2484 = EDGE_CURVE ( 'NONE', #1324, #2480, #790, .T. ) ;
#2485 = ORIENTED_EDGE ( 'NONE', *, *, #517, .T. ) ;
#2486 = B_SPLINE_CURVE_WITH_KNOTS ( 'NONE', 3,
 ( #3189, #3, #224, #1298 ),
 .UNSPECIFIED., .F., .F.,
 ( 4, 4 ),
 ( 0.000000000000000000, 0.003337898045082319555 ),
 .UNSPECIFIED. ) ;
#2487 = LINE ( 'NONE', #2217, #2468 ) ;
#2488 = CARTESIAN_POINT ( 'NONE',  ( 0.4393765157003791111, -6.372110520049360183, 6.101127316341945495 ) ) ;
#2489 = EDGE_CURVE ( 'NONE', #1825, #370, #1969, .T. ) ;
#2490 = DIRECTION ( 'NONE',  ( 1.000000000000000000, 0.000000000000000000, 0.000000000000000000 ) ) ;
#2491 = ORIENTED_EDGE ( 'NONE', *, *, #698, .F. ) ;
#2492 = CARTESIAN_POINT ( 'NONE',  ( -18.88061197021424675, -4.000000000000006217, 12.63832553457315022 ) ) ;
#2493 = CARTESIAN_POINT ( 'NONE',  ( 2.820632341007235588, -53.07280839075411905, 4.291951066843723517 ) ) ;
#2494 = CARTESIAN_POINT ( 'NONE',  ( -17.61402641547223169, -85.49999999999998579, 8.875643901733010210 ) ) ;
#2495 = PLANE ( 'NONE',  #2334 ) ;
#2496 = ORIENTED_EDGE ( 'NONE', *, *, #3232, .T. ) ;
#2497 = CARTESIAN_POINT ( 'NONE',  ( -22.22513287447290864, -34.75049364168582144, -3.099847599695185085 ) ) ;
#2498 = LINE ( 'NONE', #3152, #492 ) ;
#2499 = VERTEX_POINT ( 'NONE', #832 ) ;
#2500 = ORIENTED_EDGE ( 'NONE', *, *, #1689, .F. ) ;
#2501 = UNCERTAINTY_MEASURE_WITH_UNIT (LENGTH_MEASURE( 1.000000000000000082E-05 ), #1871, 'distance_accuracy_value', 'NONE');
#2502 = CARTESIAN_POINT ( 'NONE',  ( 4.283322918658866385, -62.78027179115810696, 2.311115933264683024E-30 ) ) ;
#2503 = CARTESIAN_POINT ( 'NONE',  ( -0.5959567177606950317, -75.24784168046552679, 8.498165305091994526 ) ) ;
#2504 = LINE ( 'NONE', #583, #465 ) ;
#2505 = EDGE_LOOP ( 'NONE', ( #1157, #3825, #332, #3505 ) ) ;
#2506 = ADVANCED_FACE ( 'NONE', ( #3303 ), #1472, .F. ) ;
#2507 = CARTESIAN_POINT ( 'NONE',  ( -6.739724240634272334, -23.09413334214116986, 18.80000000000000071 ) ) ;
#2508 = CYLINDRICAL_SURFACE ( 'NONE', #3263, 3.500000000000000444 ) ;
#2509 = CARTESIAN_POINT ( 'NONE',  ( -21.74141084293023951, -48.60248025546395212, 3.450000000000007283 ) ) ;
#2510 = ORIENTED_EDGE ( 'NONE', *, *, #3535, .F. ) ;
#2511 = ADVANCED_FACE ( 'NONE', ( #3984, #402, #4006 ), #2691, .T. ) ;
#2512 = ADVANCED_FACE ( 'NONE', ( #1114 ), #3628, .T. ) ;
#2513 = CARTESIAN_POINT ( 'NONE',  ( -19.74608611934588609, -7.089632908168884917, 9.639626951801725241 ) ) ;
#2514 = CARTESIAN_POINT ( 'NONE',  ( 4.517160185136441797, -86.00000000000000000, 0.000000000000000000 ) ) ;
#2515 = DIRECTION ( 'NONE',  ( -0.9659258262890673130, 0.2588190451025246808, 0.000000000000000000 ) ) ;
#2516 = CARTESIAN_POINT ( 'NONE',  ( -18.53386669863368041, -88.87785176154120848, 18.80000000000000071 ) ) ;
#2517 = VERTEX_POINT ( 'NONE', #3388 ) ;
#2518 = CARTESIAN_POINT ( 'NONE',  ( -24.99999999999982236, -6.173425764707413776, 3.332974803353489612 ) ) ;
#2519 = CARTESIAN_POINT ( 'NONE',  ( -22.99999999999999289, -4.000000000000005329, 11.64154703437737481 ) ) ;
#2520 = VECTOR ( 'NONE', #3353, 1000.000000000000000 ) ;
#2521 = VERTEX_POINT ( 'NONE', #2438 ) ;
#2522 = ORIENTED_EDGE ( 'NONE', *, *, #2489, .T. ) ;
#2523 = CARTESIAN_POINT ( 'NONE',  ( -3.799999999999993605, -79.00000000000001421, 6.500000000000000888 ) ) ;
#2524 = AXIS2_PLACEMENT_3D ( 'NONE', #1701, #2079, #2975 ) ;
#2525 = PLANE ( 'NONE',  #3986 ) ;
#2526 = ORIENTED_EDGE ( 'NONE', *, *, #4063, .F. ) ;
#2527 = EDGE_LOOP ( 'NONE', ( #2149, #2134, #600, #1525, #2977, #2612, #1951 ) ) ;
#2528 = AXIS2_PLACEMENT_3D ( 'NONE', #144, #1441, #2453 ) ;
#2529 = CARTESIAN_POINT ( 'NONE',  ( 4.517160185136441797, -89.00000000000001421, 7.745938105860377121 ) ) ;
#2530 = CARTESIAN_POINT ( 'NONE',  ( -1.999999999999994893, -79.00000000000001421, 6.500000000000000888 ) ) ;
#2531 = DIRECTION ( 'NONE',  ( 0.000000000000000000, 1.000000000000000000, 0.000000000000000000 ) ) ;
#2532 = ADVANCED_FACE ( 'NONE', ( #2417 ), #3678, .T. ) ;
#2533 = ORIENTED_EDGE ( 'NONE', *, *, #1150, .T. ) ;
#2534 = CARTESIAN_POINT ( 'NONE',  ( -22.18372691556914589, -7.031291080404141525, 8.723660985254639399 ) ) ;
#2535 = LINE ( 'NONE', #290, #3916 ) ;
#2536 = CARTESIAN_POINT ( 'NONE',  ( -0.1604871792777531891, -56.30945783842167174, 4.371164413746783772 ) ) ;
#2537 = DIRECTION ( 'NONE',  ( 0.03489949670251163427, -0.9993908270190953180, 0.000000000000000000 ) ) ;
#2538 = CIRCLE ( 'NONE', #4133, 1.899999999999999023 ) ;
#2539 = EDGE_CURVE ( 'NONE', #1224, #209, #1251, .T. ) ;
#2540 = ADVANCED_FACE ( 'NONE', ( #1071 ), #3039, .F. ) ;
#2541 = AXIS2_PLACEMENT_3D ( 'NONE', #3291, #2082, #2676 ) ;
#2542 = VERTEX_POINT ( 'NONE', #1090 ) ;
#2543 =( BOUNDED_CURVE ( )  B_SPLINE_CURVE ( 3, ( #1822, #212, #3570, #1911 ),
 .UNSPECIFIED., .F., .T. ) 
 B_SPLINE_CURVE_WITH_KNOTS ( ( 4, 4 ),
 ( 5.023443318555360193, 5.498396131367593753 ),
 .UNSPECIFIED. ) 
 CURVE ( )  GEOMETRIC_REPRESENTATION_ITEM ( )  RATIONAL_B_SPLINE_CURVE ( ( 1.000000000000000000, 0.9812898306982372754, 0.9812898306982372754, 1.000000000000000000 ) ) 
 REPRESENTATION_ITEM ( '' )  );
#2544 = DIRECTION ( 'NONE',  ( 1.000000000000000000, 1.020425574104004122E-16, 0.000000000000000000 ) ) ;
#2545 = CIRCLE ( 'NONE', #1271, 3.000000000000000000 ) ;
#2546 = CARTESIAN_POINT ( 'NONE',  ( 4.301980963936875568, -4.000000000000000888, 2.541848489443937709 ) ) ;
#2547 = VERTEX_POINT ( 'NONE', #150 ) ;
#2548 = VERTEX_POINT ( 'NONE', #2355 ) ;
#2549 = CARTESIAN_POINT ( 'NONE',  ( -3.042484905026685560, -75.32999616015645472, 12.02263294695752194 ) ) ;
#2550 = ORIENTED_EDGE ( 'NONE', *, *, #1762, .T. ) ;
#2551 = VERTEX_POINT ( 'NONE', #90 ) ;
#2552 = CARTESIAN_POINT ( 'NONE',  ( 5.000000000000000888, 25.00000000000000000, -18.80000000000000782 ) ) ;
#2553 = FACE_OUTER_BOUND ( 'NONE', #2642, .T. ) ;
#2554 = ORIENTED_EDGE ( 'NONE', *, *, #2638, .F. ) ;
#2555 = CARTESIAN_POINT ( 'NONE',  ( -1.999999999999994893, -79.00000000000001421, 18.80000000000000071 ) ) ;
#2556 = CARTESIAN_POINT ( 'NONE',  ( 21.39764696464030891, -10.02337247952466903, -3.099999999999988987 ) ) ;
#2557 = CARTESIAN_POINT ( 'NONE',  ( -8.976907083881291882, -30.99359313089506784, 10.47437163667945370 ) ) ;
#2558 = ORIENTED_EDGE ( 'NONE', *, *, #1618, .T. ) ;
#2559 = EDGE_CURVE ( 'NONE', #370, #3974, #1389, .T. ) ;
#2560 = CARTESIAN_POINT ( 'NONE',  ( -21.49786659495411456, 0.000000000000000000, -3.099847599695185085 ) ) ;
#2561 = FACE_OUTER_BOUND ( 'NONE', #1681, .T. ) ;
#2562 = ORIENTED_EDGE ( 'NONE', *, *, #2892, .F. ) ;
#2563 =( BOUNDED_SURFACE ( )  B_SPLINE_SURFACE ( 3, 2, ( 
 ( #1702, #2976, #71 ),
 ( #1724, #3002, #2617 ),
 ( #3924, #1072, #3630 ),
 ( #3963, #1092, #2337 ),
 ( #3652, #1670, #766 ),
 ( #369, #2315, #2295 ),
 ( #3593, #1977, #2059 ),
 ( #1746, #3886, #3574 ),
 ( #3266, #2942, #54 ),
 ( #3402, #440, #3691 ),
 ( #3079, #801, #2091 ),
 ( #3732, #2746, #187 ),
 ( #3337, #1197, #1175 ),
 ( #2703, #3014, #1104 ),
 ( #206, #2135, #3669 ),
 ( #1816, #2723, #1501 ),
 ( #848, #3997, #2786 ),
 ( #1131, #504, #3643 ),
 ( #1153, #2429, #1861 ),
 ( #4102, #3150, #276 ),
 ( #4080, #2518, #2154 ),
 ( #320, #3124, #1838 ),
 ( #3774, #1928, #955 ),
 ( #891, #3523, #2810 ) ),
 .UNSPECIFIED., .F., .F., .F. ) 
 B_SPLINE_SURFACE_WITH_KNOTS ( ( 4, 2, 2, 2, 2, 2, 2, 2, 2, 2, 2, 4 ),
 ( 3, 3 ),
 ( -3.361026734705063745E-18, 0.002435824425800495185, 0.003653736638700744513, 0.004871648851600993840, 0.006089561064501243168, 0.007307473277401492495, 0.007916429383851616292, 0.008525385490301741823, 0.008829863543526803721, 0.009134341596751867354, 0.009438819649976929252, 0.009743297703201991150 ),
 ( 0.000000000000000000, 1.000000000000000000 ),
 .UNSPECIFIED. ) 
 GEOMETRIC_REPRESENTATION_ITEM ( )  RATIONAL_B_SPLINE_SURFACE ( (
 ( 1.000000000000000000, 0.7071067811865482389, 1.000000000000000000),
 ( 1.000000000000000000, 0.7308164996807282598, 1.000000000000000000),
 ( 1.000000000000000000, 0.7576946771939678804, 1.000000000000000000),
 ( 1.000000000000000000, 0.8030748390630013667, 1.000000000000000000),
 ( 1.000000000000000000, 0.8187728223164026931, 1.000000000000000000),
 ( 1.000000000000000000, 0.8504399776205570083, 1.000000000000000000),
 ( 1.000000000000000000, 0.8664757864419069255, 1.000000000000000000),
 ( 1.000000000000000000, 0.8979307827808794551, 1.000000000000000000),
 ( 1.000000000000000000, 0.9133690221029248102, 1.000000000000000000),
 ( 1.000000000000000000, 0.9418848909541622794, 1.000000000000000000),
 ( 1.000000000000000000, 0.9549345732665062148, 1.000000000000000000),
 ( 1.000000000000000000, 0.9712644717148450901, 1.000000000000000000),
 ( 1.000000000000000000, 0.9761664108835303999, 1.000000000000000000),
 ( 1.000000000000000000, 0.9846113427267102480, 1.000000000000000000),
 ( 1.000000000000000000, 0.9881664927593861725, 1.000000000000000000),
 ( 1.000000000000000000, 0.9920730586099117954, 1.000000000000000000),
 ( 1.000000000000000000, 0.9931276420092125523, 1.000000000000000000),
 ( 1.000000000000000000, 0.9945494554311324897, 1.000000000000000000),
 ( 1.000000000000000000, 0.9949076617093168817, 1.000000000000000000),
 ( 1.000000000000000000, 0.9947499850580612257, 1.000000000000000000),
 ( 1.000000000000000000, 0.9942353142035962321, 1.000000000000000000),
 ( 1.000000000000000000, 0.9925630898232273847, 1.000000000000000000),
 ( 1.000000000000000000, 0.9914009067440774370, 1.000000000000000000),
 ( 1.000000000000000000, 0.9900082656610594833, 1.000000000000000000) ) ) 
 REPRESENTATION_ITEM ( '' )  SURFACE ( )  );
#2564 = VERTEX_POINT ( 'NONE', #447 ) ;
#2565 = EDGE_CURVE ( 'NONE', #404, #2687, #811, .T. ) ;
#2566 = ADVANCED_FACE ( 'NONE', ( #2033 ), #423, .T. ) ;
#2567 = CARTESIAN_POINT ( 'NONE',  ( -22.98517143100941595, -1.999999999999997335, 15.97157287525380021 ) ) ;
#2568 = CARTESIAN_POINT ( 'NONE',  ( -19.83741069312104699, -22.89552742215447623, 6.187313213253020194 ) ) ;
#2569 = ORIENTED_EDGE ( 'NONE', *, *, #542, .T. ) ;
#2570 = VERTEX_POINT ( 'NONE', #1745 ) ;
#2571 = LINE ( 'NONE', #3286, #3514 ) ;
#2572 = DIRECTION ( 'NONE',  ( -0.1391731009600688795, 0.9902680687415698069, 0.000000000000000000 ) ) ;
#2573 = PLANE ( 'NONE',  #1857 ) ;
#2574 = AXIS2_PLACEMENT_3D ( 'NONE', #2567, #2233, #3508 ) ;
#2575 = ORIENTED_EDGE ( 'NONE', *, *, #1559, .F. ) ;
#2576 = CARTESIAN_POINT ( 'NONE',  ( 5.022476060629046835, -89.00000000000000000, 11.29338663376710805 ) ) ;
#2577 = DIRECTION ( 'NONE',  ( 1.000000000000000000, 1.020425574104004122E-16, 0.000000000000000000 ) ) ;
#2578 = CARTESIAN_POINT ( 'NONE',  ( -7.634986425665450938, -12.66803925780832607, 9.834429194068786018 ) ) ;
#2579 = VECTOR ( 'NONE', #990, 1000.000000000000227 ) ;
#2580 = CARTESIAN_POINT ( 'NONE',  ( -8.976907083881235039, -31.11574136935380963, 6.976503742112617701 ) ) ;
#2581 = CARTESIAN_POINT ( 'NONE',  ( -24.56191114234634654, -5.555941231005352421, 6.550456135608391683 ) ) ;
#2582 = ORIENTED_EDGE ( 'NONE', *, *, #602, .T. ) ;
#2583 = ORIENTED_EDGE ( 'NONE', *, *, #958, .F. ) ;
#2584 = DIRECTION ( 'NONE',  ( 1.000000000000000000, -1.445602896647339410E-16, 0.000000000000000000 ) ) ;
#2585 = CIRCLE ( 'NONE', #1103, 2.999999999999999112 ) ;
#2586 = CARTESIAN_POINT ( 'NONE',  ( -21.34504097858594562, -89.00000000000001421, 9.311138637301780818 ) ) ;
#2587 = ORIENTED_EDGE ( 'NONE', *, *, #654, .T. ) ;
#2588 = ADVANCED_FACE ( 'NONE', ( #1782 ), #3021, .T. ) ;
#2589 = EDGE_CURVE ( 'NONE', #950, #3053, #566, .T. ) ;
#2590 = ORIENTED_EDGE ( 'NONE', *, *, #2915, .F. ) ;
#2591 = CIRCLE ( 'NONE', #3122, 2.999999999999999112 ) ;
#2592 = DIRECTION ( 'NONE',  ( 0.03487826274238545882, -0.9987827659587178442, 0.03487826274237468271 ) ) ;
#2593 = DIRECTION ( 'NONE',  ( -1.000000000000000000, 0.000000000000000000, 0.000000000000000000 ) ) ;
#2594 = LINE ( 'NONE', #2861, #4131 ) ;
#2595 = AXIS2_PLACEMENT_3D ( 'NONE', #3063, #1448, #2753 ) ;
#2596 = VERTEX_POINT ( 'NONE', #240 ) ;
#2597 = CIRCLE ( 'NONE', #2116, 1.499999999999997780 ) ;
#2598 = CARTESIAN_POINT ( 'NONE',  ( 7.791100961745498488, -89.00000000000000000, 7.368683353257975632 ) ) ;
#2599 = CIRCLE ( 'NONE', #3133, 2.999999999999999112 ) ;
#2600 = CARTESIAN_POINT ( 'NONE',  ( 0.000000000000000000, 0.000000000000000000, 18.80000000000000071 ) ) ;
#2601 = DIRECTION ( 'NONE',  ( 0.000000000000000000, -2.897332229364734730E-16, 1.000000000000000000 ) ) ;
#2602 = VECTOR ( 'NONE', #3321, 1000.000000000000227 ) ;
#2603 = DIRECTION ( 'NONE',  ( 1.000000000000000000, 0.000000000000000000, -0.000000000000000000 ) ) ;
#2604 = CARTESIAN_POINT ( 'NONE',  ( -15.30875404182143917, -85.50000000000000000, -27.22265845728987799 ) ) ;
#2605 = AXIS2_PLACEMENT_3D ( 'NONE', #657, #1945, #1015 ) ;
#2606 = ORIENTED_EDGE ( 'NONE', *, *, #1145, .T. ) ;
#2607 = ORIENTED_EDGE ( 'NONE', *, *, #3236, .T. ) ;
#2608 = CIRCLE ( 'NONE', #3144, 2.999999999999999112 ) ;
#2609 = FACE_OUTER_BOUND ( 'NONE', #122, .T. ) ;
#2610 = PRODUCT_DEFINITION ( '普通', '', #3372, #1867 ) ;
#2611 = CARTESIAN_POINT ( 'NONE',  ( -22.13284074983660688, -86.10469849010755183, 6.387924273892660487 ) ) ;
#2612 = ORIENTED_EDGE ( 'NONE', *, *, #3176, .T. ) ;
#2613 = EDGE_LOOP ( 'NONE', ( #3294, #2522, #2996, #2661 ) ) ;
#2614 = EDGE_CURVE ( 'NONE', #2448, #980, #1776, .T. ) ;
#2615 = DIRECTION ( 'NONE',  ( -0.9659258262890670910, 0.2588190451025252359, 8.673617379884033500E-16 ) ) ;
#2616 = CARTESIAN_POINT ( 'NONE',  ( 3.941975981525931871, -85.49999999999998579, 18.80000000000000071 ) ) ;
#2617 = CARTESIAN_POINT ( 'NONE',  ( -23.13452027278377443, -4.000000000000005329, 11.07607297405342450 ) ) ;
#2618 = ORIENTED_EDGE ( 'NONE', *, *, #942, .F. ) ;
#2619 = PLANE ( 'NONE',  #2042 ) ;
#2620 = EDGE_CURVE ( 'NONE', #341, #1026, #295, .T. ) ;
#2621 = CARTESIAN_POINT ( 'NONE',  ( 0.9453695494955091094, -78.41118236841955991, 11.97060366849697033 ) ) ;
#2622 = DIRECTION ( 'NONE',  ( -0.000000000000000000, -0.000000000000000000, -1.000000000000000000 ) ) ;
#2623 = CARTESIAN_POINT ( 'NONE',  ( -9.123738026455198380, -20.03425961870229344, 6.589529872271106647 ) ) ;
#2624 = CARTESIAN_POINT ( 'NONE',  ( -21.99999999999999645, 0.000000000000000000, 15.80000000000000071 ) ) ;
#2625 = ORIENTED_EDGE ( 'NONE', *, *, #2458, .T. ) ;
#2626 = EDGE_LOOP ( 'NONE', ( #1627, #1066, #466, #2122, #275 ) ) ;
#2627 = CYLINDRICAL_SURFACE ( 'NONE', #2190, 4.000000000000005329 ) ;
#2628 = CARTESIAN_POINT ( 'NONE',  ( -12.30875404182144095, -89.00000000000000000, 1.094697590084338164E-15 ) ) ;
#2629 = ORIENTED_EDGE ( 'NONE', *, *, #3410, .F. ) ;
#2630 = VERTEX_POINT ( 'NONE', #2796 ) ;
#2631 = LINE ( 'NONE', #3204, #513 ) ;
#2632 = DIRECTION ( 'NONE',  ( -0.000000000000000000, -0.000000000000000000, -1.000000000000000000 ) ) ;
#2633 = CARTESIAN_POINT ( 'NONE',  ( -4.254246033653718229, -13.81820239258469663, 2.838693404935116682 ) ) ;
#2634 = EDGE_LOOP ( 'NONE', ( #456, #2325, #363, #1386, #1865, #2660, #1492, #696, #1288, #191, #2440, #1001, #1642, #1162, #3647, #599, #47 ) ) ;
#2635 = EDGE_CURVE ( 'NONE', #3936, #3056, #3699, .T. ) ;
#2636 = CARTESIAN_POINT ( 'NONE',  ( 7.487964391361149552, -85.58248069711977735, 5.410411008545320755 ) ) ;
#2637 = CARTESIAN_POINT ( 'NONE',  ( -21.99828614590658304, -41.24653401730994062, -3.099847599695185085 ) ) ;
#2638 = EDGE_CURVE ( 'NONE', #2480, #2790, #1509, .T. ) ;
#2639 = ADVANCED_FACE ( 'NONE', ( #2482, #604 ), #2461, .F. ) ;
#2640 = DIRECTION ( 'NONE',  ( 0.2586719321207321398, 0.9653767931665647728, -0.03371170046685230404 ) ) ;
#2641 = CARTESIAN_POINT ( 'NONE',  ( -21.00519964705281595, -18.10813550421822882, -3.099847599695185085 ) ) ;
#2642 = EDGE_LOOP ( 'NONE', ( #300, #1011, #1420, #1661, #2029, #1905, #1419, #1955, #380, #985, #3626, #1605, #3023, #652 ) ) ;
#2643 = VERTEX_POINT ( 'NONE', #4109 ) ;
#2644 = DIRECTION ( 'NONE',  ( 0.000000000000000000, 0.000000000000000000, 1.000000000000000000 ) ) ;
#2645 = CARTESIAN_POINT ( 'NONE',  ( -21.37977834792616605, -86.04024796567301792, 9.330606278969106882 ) ) ;
#2646 = VERTEX_POINT ( 'NONE', #898 ) ;
#2647 = CARTESIAN_POINT ( 'NONE',  ( 0.4320901702281332302, -85.43010616249520695, 12.37533656019048678 ) ) ;
#2648 = DIRECTION ( 'NONE',  ( 0.000000000000000000, 0.000000000000000000, -1.000000000000000000 ) ) ;
#2649 = B_SPLINE_CURVE_WITH_KNOTS ( 'NONE', 3,
 ( #2083, #2104, #881, #3454, #816, #246, #1540, #2824, #4028, #4093 ),
 .UNSPECIFIED., .F., .F.,
 ( 4, 2, 2, 2, 4 ),
 ( 3.523657060577889411E-19, 0.0006763793080968345675, 0.001352758616193668918, 0.002029137924290503377, 0.002705517232387337403 ),
 .UNSPECIFIED. ) ;
#2650 = DIRECTION ( 'NONE',  ( 0.000000000000000000, 1.000000000000000000, 0.000000000000000000 ) ) ;
#2651 = EDGE_LOOP ( 'NONE', ( #3674, #1365, #50, #190 ) ) ;
#2652 = VECTOR ( 'NONE', #2007, 1000.000000000000227 ) ;
#2653 = VECTOR ( 'NONE', #771, 1000.000000000000227 ) ;
#2654 = DIRECTION ( 'NONE',  ( -1.000000000000000000, 0.000000000000000000, 0.000000000000000000 ) ) ;
#2655 = AXIS2_PLACEMENT_3D ( 'NONE', #468, #3044, #2675 ) ;
#2656 = CARTESIAN_POINT ( 'NONE',  ( -8.209409824568247416, -34.72653208452003781, 7.102595332359881830 ) ) ;
#2657 = CARTESIAN_POINT ( 'NONE',  ( 2.487158863106303741, -85.50000000000000000, 8.875643901733006658 ) ) ;
#2658 = EDGE_CURVE ( 'NONE', #370, #1408, #222, .T. ) ;
#2659 = ADVANCED_FACE ( 'NONE', ( #1845 ), #3741, .F. ) ;
#2660 = ORIENTED_EDGE ( 'NONE', *, *, #678, .F. ) ;
#2661 = ORIENTED_EDGE ( 'NONE', *, *, #1735, .F. ) ;
#2662 = AXIS2_PLACEMENT_3D ( 'NONE', #120, #2086, #1772 ) ;
#2663 = CARTESIAN_POINT ( 'NONE',  ( -15.30875404182143917, -89.00000000000000000, 0.000000000000000000 ) ) ;
#2664 = ADVANCED_FACE ( 'NONE', ( #1870 ), #261, .F. ) ;
#2665 = AXIS2_PLACEMENT_3D ( 'NONE', #3517, #627, #311 ) ;
#2666 = DIRECTION ( 'NONE',  ( 0.9993908270190953180, 0.03489949670251165509, 0.000000000000000000 ) ) ;
#2667 = VECTOR ( 'NONE', #1257, 1000.000000000000114 ) ;
#2668 = EDGE_LOOP ( 'NONE', ( #2629, #2428 ) ) ;
#2669 = VERTEX_POINT ( 'NONE', #2142 ) ;
#2670 =( BOUNDED_CURVE ( )  B_SPLINE_CURVE ( 3, ( #673, #3562, #3045, #157 ),
 .UNSPECIFIED., .F., .F. ) 
 B_SPLINE_CURVE_WITH_KNOTS ( ( 4, 4 ),
 ( 0.7847891758119630579, 2.356803477778085743 ),
 .UNSPECIFIED. ) 
 CURVE ( )  GEOMETRIC_REPRESENTATION_ITEM ( )  RATIONAL_B_SPLINE_CURVE ( ( 1.000000000000000000, 0.8044506872272227938, 0.8044506872272227938, 1.000000000000000000 ) ) 
 REPRESENTATION_ITEM ( '' )  );
#2671 = LINE ( 'NONE', #2057, #1669 ) ;
#2672 = DIRECTION ( 'NONE',  ( 1.000000000000000000, 0.000000000000000000, 0.000000000000000000 ) ) ;
#2673 = LINE ( 'NONE', #3288, #772 ) ;
#2674 = ORIENTED_EDGE ( 'NONE', *, *, #1762, .F. ) ;
#2675 = DIRECTION ( 'NONE',  ( -0.9781476007338075762, -0.2079116908177497947, 0.000000000000000000 ) ) ;
#2676 = DIRECTION ( 'NONE',  ( -1.000000000000000000, 0.000000000000000000, 0.000000000000000000 ) ) ;
#2677 = CARTESIAN_POINT ( 'NONE',  ( -24.77476090278524268, -1.773952609353323551, 16.99286079770118008 ) ) ;
#2678 = CARTESIAN_POINT ( 'NONE',  ( -22.94305667051146003, -62.90315017181910662, 0.2001524003048087141 ) ) ;
#2679 = CARTESIAN_POINT ( 'NONE',  ( 0.000000000000000000, 0.000000000000000000, 18.80000000000000071 ) ) ;
#2680 = DIRECTION ( 'NONE',  ( 0.000000000000000000, 0.000000000000000000, -1.000000000000000000 ) ) ;
#2681 = ORIENTED_EDGE ( 'NONE', *, *, #388, .F. ) ;
#2682 = EDGE_LOOP ( 'NONE', ( #3822, #419, #1339, #2938 ) ) ;
#2683 = ADVANCED_FACE ( 'NONE', ( #1243 ), #2525, .F. ) ;
#2684 = DIRECTION ( 'NONE',  ( 0.000000000000000000, 1.000000000000000000, 0.000000000000000000 ) ) ;
#2685 = DIRECTION ( 'NONE',  ( 1.000000000000000000, 0.000000000000000000, 0.000000000000000000 ) ) ;
#2686 = ORIENTED_EDGE ( 'NONE', *, *, #2146, .F. ) ;
#2687 = VERTEX_POINT ( 'NONE', #281 ) ;
#2688 = EDGE_CURVE ( 'NONE', #1556, #2992, #2543, .T. ) ;
#2689 = CARTESIAN_POINT ( 'NONE',  ( -6.144293759740839356, -4.000000000000000000, 12.63832553457315200 ) ) ;
#2690 = DIRECTION ( 'NONE',  ( 0.9781476007338076872, 0.2079116908177492951, 0.000000000000000000 ) ) ;
#2691 = PLANE ( 'NONE',  #1982 ) ;
#2692 = DIRECTION ( 'NONE',  ( 1.000000000000000000, 4.625929269271485914E-16, 5.384700323245300374E-18 ) ) ;
#2693 = EDGE_LOOP ( 'NONE', ( #1725, #345, #340, #3880 ) ) ;
#2694 =( BOUNDED_CURVE ( )  B_SPLINE_CURVE ( 3, ( #2108, #2069, #3994, #2409 ),
 .UNSPECIFIED., .F., .F. ) 
 B_SPLINE_CURVE_WITH_KNOTS ( ( 4, 4 ),
 ( 3.777155242281381664, 4.155443838536623247 ),
 .UNSPECIFIED. ) 
 CURVE ( )  GEOMETRIC_REPRESENTATION_ITEM ( )  RATIONAL_B_SPLINE_CURVE ( ( 1.000000000000000000, 0.9881103216555002788, 0.9881103216555002788, 1.000000000000000000 ) ) 
 REPRESENTATION_ITEM ( '' )  );
#2695 = FACE_OUTER_BOUND ( 'NONE', #420, .T. ) ;
#2696 = DIRECTION ( 'NONE',  ( 0.000000000000000000, -1.230300337572203386E-16, 1.000000000000000000 ) ) ;
#2697 = CARTESIAN_POINT ( 'NONE',  ( -23.71654001457657657, -2.432252630500877366, 18.36774736949902120 ) ) ;
#2698 = CARTESIAN_POINT ( 'NONE',  ( 0.4974691126510223382, -89.00000000000000000, 9.393409058628293451 ) ) ;
#2699 = LINE ( 'NONE', #1100, #39 ) ;
#2700 = VECTOR ( 'NONE', #13, 1000.000000000000227 ) ;
#2701 = ORIENTED_EDGE ( 'NONE', *, *, #3282, .F. ) ;
#2702 = EDGE_LOOP ( 'NONE', ( #3895, #734, #4034, #2143, #384 ) ) ;
#2703 = CARTESIAN_POINT ( 'NONE',  ( -24.99999999999999289, -5.603387889029514568, 4.520878997510226149 ) ) ;
#2704 = CARTESIAN_POINT ( 'NONE',  ( -0.2981103687766083477, -55.35033773557181291, 7.822794495540109416 ) ) ;
#2705 = DIRECTION ( 'NONE',  ( 1.000000000000000000, -1.445602896647339410E-16, 0.000000000000000000 ) ) ;
#2706 = ORIENTED_EDGE ( 'NONE', *, *, #458, .F. ) ;
#2707 = EDGE_LOOP ( 'NONE', ( #733, #1680, #3334, #2024 ) ) ;
#2708 = LINE ( 'NONE', #1943, #757 ) ;
#2709 = CARTESIAN_POINT ( 'NONE',  ( 0.000000000000000000, 30.00000000000000000, 17.00000000000000355 ) ) ;
#2710 = CARTESIAN_POINT ( 'NONE',  ( -22.50862265390742678, -2.585786437626900192, 18.21421356237309297 ) ) ;
#2711 = ADVANCED_FACE ( 'NONE', ( #1182, #325 ), #682, .T. ) ;
#2712 = ADVANCED_FACE ( 'NONE', ( #1679 ), #2400, .T. ) ;
#2713 = EDGE_LOOP ( 'NONE', ( #1846, #1551, #232, #3985 ) ) ;
#2714 = DIRECTION ( 'NONE',  ( -1.000000000000000000, 0.000000000000000000, -0.000000000000000000 ) ) ;
#2715 = FACE_OUTER_BOUND ( 'NONE', #2326, .T. ) ;
#2716 = AXIS2_PLACEMENT_3D ( 'NONE', #3915, #82, #1658 ) ;
#2717 = CARTESIAN_POINT ( 'NONE',  ( -22.23303289685700790, -2.606360531067359432, 18.19363946893263062 ) ) ;
#2718 = DIRECTION ( 'NONE',  ( 0.1391731009600693791, -0.9902680687415696958, 0.000000000000000000 ) ) ;
#2719 = AXIS2_PLACEMENT_3D ( 'NONE', #1991, #344, #14 ) ;
#2720 = DIRECTION ( 'NONE',  ( -0.000000000000000000, -0.000000000000000000, 1.000000000000000000 ) ) ;
#2721 = FACE_OUTER_BOUND ( 'NONE', #4145, .T. ) ;
#2722 = ORIENTED_EDGE ( 'NONE', *, *, #1499, .F. ) ;
#2723 = CARTESIAN_POINT ( 'NONE',  ( -24.99999999999982236, -6.102805474712846845, 4.197822822119182007 ) ) ;
#2724 = CARTESIAN_POINT ( 'NONE',  ( -0.6028842615610888744, -53.80049930861625995, 4.291951066843723517 ) ) ;
#2725 = VECTOR ( 'NONE', #2424, 1000.000000000000000 ) ;
#2726 = DIRECTION ( 'NONE',  ( -3.475237779086663203E-16, 0.000000000000000000, -1.000000000000000000 ) ) ;
#2727 = VERTEX_POINT ( 'NONE', #961 ) ;
#2728 = ORIENTED_EDGE ( 'NONE', *, *, #2989, .T. ) ;
#2729 = CARTESIAN_POINT ( 'NONE',  ( -21.51456411436391392, -55.09852063108807840, 3.450000000000007727 ) ) ;
#2730 = VECTOR ( 'NONE', #2640, 1000.000000000000114 ) ;
#2731 = CARTESIAN_POINT ( 'NONE',  ( -22.98517143100941595, -3.999999999999997335, 15.97157287525380021 ) ) ;
#2732 = VECTOR ( 'NONE', #3876, 1000.000000000000114 ) ;
#2733 = ORIENTED_EDGE ( 'NONE', *, *, #3559, .F. ) ;
#2734 = EDGE_CURVE ( 'NONE', #2798, #2880, #3509, .T. ) ;
#2735 = AXIS2_PLACEMENT_3D ( 'NONE', #484, #2974, #3627 ) ;
#2736 = LINE ( 'NONE', #3307, #2792 ) ;
#2737 = DIRECTION ( 'NONE',  ( 1.000000000000000000, 1.020425574104004122E-16, -0.000000000000000000 ) ) ;
#2738 = LINE ( 'NONE', #4011, #918 ) ;
#2739 = EDGE_CURVE ( 'NONE', #1500, #2959, #3397, .T. ) ;
#2740 = EDGE_CURVE ( 'NONE', #379, #3169, #838, .T. ) ;
#2741 = LINE ( 'NONE', #1125, #908 ) ;
#2742 = CARTESIAN_POINT ( 'NONE',  ( -18.99329594100774443, -89.00000000000001421, 6.029601188155562674 ) ) ;
#2743 = CARTESIAN_POINT ( 'NONE',  ( 18.00000000000000000, 13.99999999999999822, 10.00000000000000000 ) ) ;
#2744 = LINE ( 'NONE', #3399, #506 ) ;
#2745 = ORIENTED_EDGE ( 'NONE', *, *, #2457, .F. ) ;
#2746 = CARTESIAN_POINT ( 'NONE',  ( -24.99999999999999289, -5.596140759373702700, 5.317526747175350899 ) ) ;
#2747 = DIRECTION ( 'NONE',  ( 0.2079116908177498224, -0.9781476007338075762, 0.000000000000000000 ) ) ;
#2748 = DIRECTION ( 'NONE',  ( 0.1390899611223747057, -0.9896764980577127391, 0.03456026486007358900 ) ) ;
#2749 = EDGE_LOOP ( 'NONE', ( #527, #247, #2088, #1891, #4128, #1542, #439, #669 ) ) ;
#2750 = ORIENTED_EDGE ( 'NONE', *, *, #236, .T. ) ;
#2751 = CARTESIAN_POINT ( 'NONE',  ( 1.404203485069675184, -6.223542864692420018, 2.541848489443937265 ) ) ;
#2752 = DIRECTION ( 'NONE',  ( 0.1391731009600694624, -0.9902680687415698069, 0.000000000000000000 ) ) ;
#2753 = DIRECTION ( 'NONE',  ( 0.000000000000000000, 1.000000000000000000, 0.000000000000000000 ) ) ;
#2754 = DIRECTION ( 'NONE',  ( 1.000000000000000000, 1.020425574104004122E-16, 0.000000000000000000 ) ) ;
#2755 = ORIENTED_EDGE ( 'NONE', *, *, #626, .F. ) ;
#2756 = FACE_OUTER_BOUND ( 'NONE', #322, .T. ) ;
#2757 = LINE ( 'NONE', #1806, #775 ) ;
#2758 = DIRECTION ( 'NONE',  ( -0.000000000000000000, -1.000000000000000000, -0.000000000000000000 ) ) ;
#2759 = EDGE_CURVE ( 'NONE', #2291, #1562, #3730, .T. ) ;
#2760 = CARTESIAN_POINT ( 'NONE',  ( -22.11654406872527545, -2.585786437655988035, 18.21421356234400335 ) ) ;
#2761 = CARTESIAN_POINT ( 'NONE',  ( -23.52586796172229100, -1.171572875253800383, 18.80000000000000071 ) ) ;
#2762 = DIRECTION ( 'NONE',  ( -0.000000000000000000, -0.000000000000000000, -1.000000000000000000 ) ) ;
#2763 = CARTESIAN_POINT ( 'NONE',  ( -23.21352852029637859, -55.15784977548234735, -3.099847599695185085 ) ) ;
#2764 = EDGE_CURVE ( 'NONE', #2006, #1080, #2348, .T. ) ;
#2765 = EDGE_CURVE ( 'NONE', #640, #3199, #1591, .T. ) ;
#2766 = ORIENTED_EDGE ( 'NONE', *, *, #3982, .F. ) ;
#2767 = CARTESIAN_POINT ( 'NONE',  ( -4.026400864129413115, -54.40604198801963065, 7.789818961410557741 ) ) ;
#2768 = CYLINDRICAL_SURFACE ( 'NONE', #3400, 2.000000000000001776 ) ;
#2769 = ORIENTED_EDGE ( 'NONE', *, *, #739, .F. ) ;
#2770 = ORIENTED_EDGE ( 'NONE', *, *, #2740, .T. ) ;
#2771 = DIRECTION ( 'NONE',  ( 0.9993908270190953180, 0.03489949670251165509, 0.000000000000000000 ) ) ;
#2772 = DIRECTION ( 'NONE',  ( 1.000000000000000000, 0.000000000000000000, -3.475237779086663203E-16 ) ) ;
#2773 = DIRECTION ( 'NONE',  ( -1.000000000000000000, 0.000000000000000000, -0.000000000000000000 ) ) ;
#2774 = VERTEX_POINT ( 'NONE', #2971 ) ;
#2775 = CYLINDRICAL_SURFACE ( 'NONE', #2452, 2.999999999999999112 ) ;
#2776 = CARTESIAN_POINT ( 'NONE',  ( -24.99999999999999289, -2.000000000000005329, 11.64154703437737659 ) ) ;
#2777 = ORIENTED_EDGE ( 'NONE', *, *, #912, .T. ) ;
#2778 = CARTESIAN_POINT ( 'NONE',  ( -25.06548392586809371, -4.000000000006770584, 3.543231877610882208 ) ) ;
#2779 = DIRECTION ( 'NONE',  ( 0.000000000000000000, 0.000000000000000000, -1.000000000000000000 ) ) ;
#2780 = DIRECTION ( 'NONE',  ( 1.000000000000000000, 0.000000000000000000, -0.000000000000000000 ) ) ;
#2781 = CARTESIAN_POINT ( 'NONE',  ( -21.99999999999999645, -1.999999999999997780, 15.80000000000000071 ) ) ;
#2782 = ORIENTED_EDGE ( 'NONE', *, *, #3988, .F. ) ;
#2783 = AXIS2_PLACEMENT_3D ( 'NONE', #1672, #1356, #2690 ) ;
#2784 = EDGE_CURVE ( 'NONE', #3843, #3349, #1984, .T. ) ;
#2785 = ADVANCED_FACE ( 'NONE', ( #805 ), #758, .T. ) ;
#2786 = CARTESIAN_POINT ( 'NONE',  ( -24.94520802488637656, -6.350423158033643212, 4.168882703118914179 ) ) ;
#2787 = PLANE ( 'NONE',  #3791 ) ;
#2788 = VECTOR ( 'NONE', #903, 1000.000000000000000 ) ;
#2789 = DIRECTION ( 'NONE',  ( 0.000000000000000000, -0.000000000000000000, 1.000000000000000000 ) ) ;
#2790 = VERTEX_POINT ( 'NONE', #3016 ) ;
#2791 = VERTEX_POINT ( 'NONE', #785 ) ;
#2792 = VECTOR ( 'NONE', #3680, 1000.000000000000114 ) ;
#2793 = AXIS2_PLACEMENT_3D ( 'NONE', #3285, #1028, #2956 ) ;
#2794 = ADVANCED_FACE ( 'NONE', ( #1777 ), #477, .T. ) ;
#2795 = CARTESIAN_POINT ( 'NONE',  ( -24.99999999999999289, -6.041646786576665207, 2.873531874520883544 ) ) ;
#2796 = CARTESIAN_POINT ( 'NONE',  ( -21.05754889210658476, -16.60904926368958101, 0.2000000000000059508 ) ) ;
#2797 = LINE ( 'NONE', #3064, #1023 ) ;
#2798 = VERTEX_POINT ( 'NONE', #3693 ) ;
#2799 = VECTOR ( 'NONE', #2762, 1000.000000000000000 ) ;
#2800 = DIRECTION ( 'NONE',  ( -0.9659258262890673130, 0.2588190451025246253, 0.000000000000000000 ) ) ;
#2802 = AXIS2_PLACEMENT_3D ( 'NONE', #1729, #1475, #3025 ) ;
#2801 = CARTESIAN_POINT ( 'NONE',  ( 0.8748902332907421142, -4.000000000000000000, 6.374607281456296626 ) ) ;
#2803 = DIRECTION ( 'NONE',  ( 1.000000000000000000, 1.020425574104004122E-16, -0.000000000000000000 ) ) ;
#2804 = VERTEX_POINT ( 'NONE', #3381 ) ;
#2805 = CIRCLE ( 'NONE', #2129, 1.799999999999998712 ) ;
#2806 = DIRECTION ( 'NONE',  ( -0.000000000000000000, -0.000000000000000000, -1.000000000000000000 ) ) ;
#2807 = DIRECTION ( 'NONE',  ( 0.000000000000000000, 1.000000000000000000, 0.000000000000000000 ) ) ;
#2808 = CARTESIAN_POINT ( 'NONE',  ( -0.8118748326135732940, -14.49405973983792251, 9.898195234408950327 ) ) ;
#2809 = ORIENTED_EDGE ( 'NONE', *, *, #885, .T. ) ;
#2810 = CARTESIAN_POINT ( 'NONE',  ( -24.92046546430886877, -6.277571108768049690, 2.735104905618786386 ) ) ;
#2811 = CARTESIAN_POINT ( 'NONE',  ( -24.89675265981187025, -6.956616984413533267, 7.144268015220980317 ) ) ;
#2812 = DIRECTION ( 'NONE',  ( 0.000000000000000000, 0.000000000000000000, 1.000000000000000000 ) ) ;
#2813 = ORIENTED_EDGE ( 'NONE', *, *, #1377, .T. ) ;
#2814 = EDGE_CURVE ( 'NONE', #791, #3666, #1380, .T. ) ;
#2815 = ORIENTED_EDGE ( 'NONE', *, *, #457, .F. ) ;
#2816 = CARTESIAN_POINT ( 'NONE',  ( -1.746242645836876495, -6.647135435699541794, 9.624174599564936372 ) ) ;
#2817 = DIRECTION ( 'NONE',  ( -0.1391731009600688795, 0.9902680687415698069, 0.000000000000000000 ) ) ;
#2818 = CARTESIAN_POINT ( 'NONE',  ( -23.44037524886270418, -48.66180939985822107, -3.099847599695185085 ) ) ;
#2819 = ADVANCED_FACE ( 'NONE', ( #2391 ), #3097, .F. ) ;
#2820 = EDGE_CURVE ( 'NONE', #3031, #2551, #4132, .T. ) ;
#2821 = ORIENTED_EDGE ( 'NONE', *, *, #3582, .F. ) ;
#2822 = DIRECTION ( 'NONE',  ( 0.000000000000000000, 0.000000000000000000, -1.000000000000000000 ) ) ;
#2823 = FACE_OUTER_BOUND ( 'NONE', #3527, .T. ) ;
#2824 = CARTESIAN_POINT ( 'NONE',  ( 0.9749239947547280183, -79.44878431045698619, 12.03137264733117284 ) ) ;
#2825 = ORIENTED_EDGE ( 'NONE', *, *, #3041, .F. ) ;
#2826 = SPHERICAL_SURFACE ( 'NONE', #2449, 2.000000000000000000 ) ;
#2827 = LINE ( 'NONE', #2556, #225 ) ;
#2828 = PLANE ( 'NONE',  #1331 ) ;
#2829 = ORIENTED_EDGE ( 'NONE', *, *, #569, .T. ) ;
#2830 =( BOUNDED_CURVE ( )  B_SPLINE_CURVE ( 3, ( #3243, #685, #3827, #947 ),
 .UNSPECIFIED., .F., .F. ) 
 B_SPLINE_CURVE_WITH_KNOTS ( ( 4, 4 ),
 ( 3.926381829401500489, 5.498396131367623063 ),
 .UNSPECIFIED. ) 
 CURVE ( )  GEOMETRIC_REPRESENTATION_ITEM ( )  RATIONAL_B_SPLINE_CURVE ( ( 1.000000000000000000, 0.8044506872272227938, 0.8044506872272227938, 1.000000000000000000 ) ) 
 REPRESENTATION_ITEM ( '' )  );
#2831 = CARTESIAN_POINT ( 'NONE',  ( -24.99999999999999289, -4.370417172703391806, -3.099847599695185085 ) ) ;
#2832 = PLANE ( 'NONE',  #3660 ) ;
#2833 = ORIENTED_EDGE ( 'NONE', *, *, #76, .T. ) ;
#2834 = ORIENTED_EDGE ( 'NONE', *, *, #488, .T. ) ;
#2835 = CARTESIAN_POINT ( 'NONE',  ( -0.8616952272481998021, -76.22434471802955613, 12.05386428679228139 ) ) ;
#2836 = CARTESIAN_POINT ( 'NONE',  ( 6.092573231139764900, -75.65375668479852322, 0.000000000000000000 ) ) ;
#2837 = AXIS2_PLACEMENT_3D ( 'NONE', #3801, #3721, #3136 ) ;
#2838 = ORIENTED_EDGE ( 'NONE', *, *, #1810, .T. ) ;
#2839 = ADVANCED_FACE ( 'NONE', ( #3917 ), #126, .T. ) ;
#2840 = FACE_OUTER_BOUND ( 'NONE', #2682, .T. ) ;
#2841 = ADVANCED_FACE ( 'NONE', ( #3607, #718 ), #398, .T. ) ;
#2842 = DIRECTION ( 'NONE',  ( 0.000000000000000000, -1.000000000000000000, -1.230300337572203386E-16 ) ) ;
#2843 = FACE_OUTER_BOUND ( 'NONE', #168, .T. ) ;
#2844 = VERTEX_POINT ( 'NONE', #3624 ) ;
#2845 = CARTESIAN_POINT ( 'NONE',  ( -27.98924287237904096, -4.000000000000005329, 3.500815470433556786 ) ) ;
#2846 = DIRECTION ( 'NONE',  ( 0.2586719321207321398, 0.9653767931665648838, -0.03371170046685230404 ) ) ;
#2847 = LINE ( 'NONE', #934, #104 ) ;
#2848 = ORIENTED_EDGE ( 'NONE', *, *, #3939, .F. ) ;
#2849 = CARTESIAN_POINT ( 'NONE',  ( -19.44518877594462936, -62.78100193336030799, 0.2001524003048087141 ) ) ;
#2850 = CARTESIAN_POINT ( 'NONE',  ( -0.3548884504008388285, -54.92622091987951194, 18.80000000000000071 ) ) ;
#2851 = AXIS2_PLACEMENT_3D ( 'NONE', #3976, #2073, #2747 ) ;
#2852 = ORIENTED_EDGE ( 'NONE', *, *, #3765, .F. ) ;
#2853 = VERTEX_POINT ( 'NONE', #459 ) ;
#2854 = CARTESIAN_POINT ( 'NONE',  ( 37.76352740992070522, -25.07683085454452154, 18.80000000000000071 ) ) ;
#2855 = VECTOR ( 'NONE', #1313, 1000.000000000000000 ) ;
#2856 = CARTESIAN_POINT ( 'NONE',  ( 1.625119309097195153, -77.25035690561881552, 7.691641643853683874 ) ) ;
#2857 = ORIENTED_EDGE ( 'NONE', *, *, #3489, .T. ) ;
#2858 = AXIS2_PLACEMENT_3D ( 'NONE', #851, #3081, #2137 ) ;
#2859 = DIRECTION ( 'NONE',  ( -0.2588190451025245697, -0.9659258262890672020, 0.000000000000000000 ) ) ;
#2860 = CARTESIAN_POINT ( 'NONE',  ( -24.73340421985622584, -11.63430428435098207, -3.099999999999988987 ) ) ;
#2861 = CARTESIAN_POINT ( 'NONE',  ( -23.69725055183905127, -41.30586316170420957, 3.250000000000038636 ) ) ;
#2862 = EDGE_LOOP ( 'NONE', ( #3390, #3289, #808, #2834 ) ) ;
#2863 = EDGE_CURVE ( 'NONE', #2480, #3169, #3361, .T. ) ;
#2864 = CIRCLE ( 'NONE', #3930, 2.999999999999999112 ) ;
#2865 = CARTESIAN_POINT ( 'NONE',  ( -3.866703714572016448, -55.15735800622526597, 7.816055494897774736 ) ) ;
#2866 = DIRECTION ( 'NONE',  ( -0.000000000000000000, -0.000000000000000000, -1.000000000000000000 ) ) ;
#2867 = PLANE ( 'NONE',  #3200 ) ;
#2868 = CIRCLE ( 'NONE', #581, 1.899999999999999023 ) ;
#2869 = CARTESIAN_POINT ( 'NONE',  ( -2.140528280610397349, -20.88923681421778156, 3.091661977703952235 ) ) ;
#2870 = VECTOR ( 'NONE', #3656, 1000.000000000000000 ) ;
#2871 = CIRCLE ( 'NONE', #3413, 3.500000000000000444 ) ;
#2872 = EDGE_CURVE ( 'NONE', #3383, #3622, #2321, .T. ) ;
#2873 = EDGE_CURVE ( 'NONE', #623, #965, #92, .T. ) ;
#2874 = ORIENTED_EDGE ( 'NONE', *, *, #1707, .F. ) ;
#2875 = LINE ( 'NONE', #1616, #1457 ) ;
#2876 = CARTESIAN_POINT ( 'NONE',  ( -24.96024357821287865, -6.398843589790923048, 3.724811029481960301 ) ) ;
#2877 = EDGE_LOOP ( 'NONE', ( #1370, #2279 ) ) ;
#2878 = ORIENTED_EDGE ( 'NONE', *, *, #3437, .F. ) ;
#2879 = CARTESIAN_POINT ( 'NONE',  ( -16.12918348404360813, -85.89530150989249080, 12.39158153968558373 ) ) ;
#2880 = VERTEX_POINT ( 'NONE', #3734 ) ;
#2881 = ORIENTED_EDGE ( 'NONE', *, *, #479, .F. ) ;
#2882 = LINE ( 'NONE', #3591, #2245 ) ;
#2883 = DIRECTION ( 'NONE',  ( 0.9902680687415698069, 0.1391731009600689628, -0.000000000000000000 ) ) ;
#2884 = DIRECTION ( 'NONE',  ( 0.2077905067623293245, -0.9775774745778875729, 0.03413775765005937213 ) ) ;
#2885 = ORIENTED_EDGE ( 'NONE', *, *, #1533, .T. ) ;
#2886 = DIRECTION ( 'NONE',  ( -1.445602896647339410E-16, -1.000000000000000000, 0.000000000000000000 ) ) ;
#2887 = LINE ( 'NONE', #656, #2870 ) ;
#2888 = DIRECTION ( 'NONE',  ( -1.000000000000000000, 1.445602896647339410E-16, -1.264962724470827817E-16 ) ) ;
#2889 = VERTEX_POINT ( 'NONE', #873 ) ;
#2890 = DIRECTION ( 'NONE',  ( -0.000000000000000000, -0.000000000000000000, -1.000000000000000000 ) ) ;
#2891 = CARTESIAN_POINT ( 'NONE',  ( 0.000000000000000000, 30.00000000000000000, 0.000000000000000000 ) ) ;
#2892 = EDGE_CURVE ( 'NONE', #2211, #1556, #2985, .T. ) ;
#2893 = EDGE_CURVE ( 'NONE', #4159, #3414, #4056, .T. ) ;
#2894 = ORIENTED_EDGE ( 'NONE', *, *, #3712, .F. ) ;
#2895 = ORIENTED_EDGE ( 'NONE', *, *, #359, .T. ) ;
#2896 = CARTESIAN_POINT ( 'NONE',  ( 18.00000000000000000, 10.99999999999999822, 10.00000000000000000 ) ) ;
#2897 = ORIENTED_EDGE ( 'NONE', *, *, #2872, .T. ) ;
#2898 = CARTESIAN_POINT ( 'NONE',  ( 20.00000000000000000, 23.00000000000000355, 3.000000000000000888 ) ) ;
#2899 = CARTESIAN_POINT ( 'NONE',  ( -24.50306754161965017, -18.23028374267701679, -3.099999999999988987 ) ) ;
#2900 = CARTESIAN_POINT ( 'NONE',  ( -19.45804973277394367, -59.27931764282332239, 6.187313213253001543 ) ) ;
#2901 = AXIS2_PLACEMENT_3D ( 'NONE', #1603, #1289, #2584 ) ;
#2902 = ORIENTED_EDGE ( 'NONE', *, *, #1430, .F. ) ;
#2903 = CARTESIAN_POINT ( 'NONE',  ( 1.412416169106420094, -85.84087330223820800, 12.38968086479223984 ) ) ;
#2904 = CARTESIAN_POINT ( 'NONE',  ( -23.00587576457598260, -61.10424668318473351, 0.2001524003048087141 ) ) ;
#2905 = CARTESIAN_POINT ( 'NONE',  ( -1.999999999999994893, -79.00000000000001421, 6.500000000000000888 ) ) ;
#2906 = CARTESIAN_POINT ( 'NONE',  ( 17.30687566637479691, -1.422135682440820448, 18.80000000000000071 ) ) ;
#2907 = CYLINDRICAL_SURFACE ( 'NONE', #2203, 1.800000000000000266 ) ;
#2908 = EDGE_LOOP ( 'NONE', ( #1061, #866, #364, #1736 ) ) ;
#2909 = VERTEX_POINT ( 'NONE', #3426 ) ;
#2910 = EDGE_CURVE ( 'NONE', #3383, #3690, #2112, .T. ) ;
#2911 = CARTESIAN_POINT ( 'NONE',  ( 15.00000000000000000, 30.00000000000000000, 14.00000000000000533 ) ) ;
#2912 = AXIS2_PLACEMENT_3D ( 'NONE', #1176, #3015, #505 ) ;
#2913 = CARTESIAN_POINT ( 'NONE',  ( -20.66862603386909569, -86.01022440554083914, 10.34107540198465891 ) ) ;
#2914 = ORIENTED_EDGE ( 'NONE', *, *, #1306, .T. ) ;
#2915 = EDGE_CURVE ( 'NONE', #4106, #950, #2179, .T. ) ;
#2916 = ADVANCED_FACE ( 'NONE', ( #3105 ), #208, .F. ) ;
#2917 = AXIS2_PLACEMENT_3D ( 'NONE', #2160, #3450, #3471 ) ;
#2918 = DIRECTION ( 'NONE',  ( 0.1222231563643048774, 0.7018053505240396950, 0.7018053505240441359 ) ) ;
#2919 = CARTESIAN_POINT ( 'NONE',  ( 2.131500956173484784, -76.21044908863881062, 3.000000000000000000 ) ) ;
#2920 = CARTESIAN_POINT ( 'NONE',  ( -19.56733701440341378, -59.28313403879349863, 5.455560114759296475 ) ) ;
#2921 = AXIS2_PLACEMENT_3D ( 'NONE', #2397, #1139, #113 ) ;
#2922 = ORIENTED_EDGE ( 'NONE', *, *, #2764, .T. ) ;
#2923 = VECTOR ( 'NONE', #3806, 1000.000000000000000 ) ;
#2924 = CARTESIAN_POINT ( 'NONE',  ( 18.00000000000000000, 2.999999999999998668, 3.011072104942093125E-16 ) ) ;
#2925 = AXIS2_PLACEMENT_3D ( 'NONE', #1106, #2008, #3645 ) ;
#2926 = CARTESIAN_POINT ( 'NONE',  ( 12.00000000000000355, 10.99999999999999822, 10.00000000000000000 ) ) ;
#2927 = CARTESIAN_POINT ( 'NONE',  ( -24.99999999999999289, 0.000000000000000000, 18.80000000000000071 ) ) ;
#2928 = CARTESIAN_POINT ( 'NONE',  ( -5.817262277972220730, -27.22642453264551676, 6.840685805380180007 ) ) ;
#2929 = CARTESIAN_POINT ( 'NONE',  ( 21.62798364287688457, -16.61935193785070553, 0.000000000000000000 ) ) ;
#2930 = AXIS2_PLACEMENT_3D ( 'NONE', #375, #1983, #95 ) ;
#2931 = ORIENTED_EDGE ( 'NONE', *, *, #3120, .F. ) ;
#2932 = ORIENTED_EDGE ( 'NONE', *, *, #57, .T. ) ;
#2933 = VECTOR ( 'NONE', #2344, 1000.000000000000000 ) ;
#2934 = CARTESIAN_POINT ( 'NONE',  ( -5.999999999999997335, -82.46281939507485959, 8.769583217923610619 ) ) ;
#2935 = DIRECTION ( 'NONE',  ( -1.000000000000000000, -0.000000000000000000, -0.000000000000000000 ) ) ;
#2936 = EDGE_CURVE ( 'NONE', #3622, #1843, #3530, .T. ) ;
#2937 = VERTEX_POINT ( 'NONE', #3466 ) ;
#2938 = ORIENTED_EDGE ( 'NONE', *, *, #236, .F. ) ;
#2939 = DIRECTION ( 'NONE',  ( 1.000000000000000000, 4.625929269271485914E-16, -0.000000000000000000 ) ) ;
#2940 = CARTESIAN_POINT ( 'NONE',  ( -21.99828614590658304, -41.24653401730994062, 3.250000000000038636 ) ) ;
#2941 = ADVANCED_FACE ( 'NONE', ( #1486 ), #552, .F. ) ;
#2942 = CARTESIAN_POINT ( 'NONE',  ( -25.00000000000071054, -4.746656130276538654, 6.973601825086431560 ) ) ;
#2943 = ADVANCED_FACE ( 'NONE', ( #4059 ), #2768, .T. ) ;
#2944 = VERTEX_POINT ( 'NONE', #2156 ) ;
#2945 = CARTESIAN_POINT ( 'NONE',  ( 7.968265406799502237, -88.99999999999998579, 5.410411008545327860 ) ) ;
#2946 = LINE ( 'NONE', #2340, #3922 ) ;
#2947 = CARTESIAN_POINT ( 'NONE',  ( 4.301980963936872904, -4.000000000000000888, 8.445109058343433617 ) ) ;
#2948 = LINE ( 'NONE', #1691, #2730 ) ;
#2949 = DIRECTION ( 'NONE',  ( 0.000000000000000000, 0.000000000000000000, -1.000000000000000000 ) ) ;
#2950 = ORIENTED_EDGE ( 'NONE', *, *, #1253, .F. ) ;
#2951 = VERTEX_POINT ( 'NONE', #3447 ) ;
#2952 = CYLINDRICAL_SURFACE ( 'NONE', #1979, 1.799999999999999600 ) ;
#2953 = CARTESIAN_POINT ( 'NONE',  ( -19.77099169434511339, -89.00000000000001421, 11.20619393087484994 ) ) ;
#2954 = EDGE_LOOP ( 'NONE', ( #3838, #1747, #1053, #2181 ) ) ;
#2955 = ORIENTED_EDGE ( 'NONE', *, *, #3512, .T. ) ;
#2956 = DIRECTION ( 'NONE',  ( 0.9781476007338075762, 0.2079116908177502943, 0.000000000000000000 ) ) ;
#2957 = CARTESIAN_POINT ( 'NONE',  ( 4.700842221539073051, -65.75107599738282715, 1.836970198721031167E-15 ) ) ;
#2958 = DIRECTION ( 'NONE',  ( -0.03489949670249237884, 0.9993908270190959842, 0.000000000000000000 ) ) ;
#2959 = VERTEX_POINT ( 'NONE', #4081 ) ;
#2960 = EDGE_CURVE ( 'NONE', #2791, #2727, #2498, .T. ) ;
#2961 = EDGE_CURVE ( 'NONE', #3494, #753, #3714, .T. ) ;
#2962 = CARTESIAN_POINT ( 'NONE',  ( -0.8616952272481998021, -76.22434471802955613, 12.05386428679228139 ) ) ;
#2963 = LINE ( 'NONE', #1396, #4069 ) ;
#2964 = ADVANCED_FACE ( 'NONE', ( #1864 ), #2832, .F. ) ;
#2965 = DIRECTION ( 'NONE',  ( 0.000000000000000000, -1.000000000000000000, 0.000000000000000000 ) ) ;
#2966 = AXIS2_PLACEMENT_3D ( 'NONE', #3536, #624, #2615 ) ;
#2967 = DIRECTION ( 'NONE',  ( -0.03489949670251166203, 0.9993908270190954291, 0.000000000000000000 ) ) ;
#2968 = EDGE_LOOP ( 'NONE', ( #959, #3448, #66, #2259 ) ) ;
#2969 = ORIENTED_EDGE ( 'NONE', *, *, #721, .F. ) ;
#2970 = DIRECTION ( 'NONE',  ( -1.000000000000000000, 0.000000000000000000, 0.000000000000000000 ) ) ;
#2971 = CARTESIAN_POINT ( 'NONE',  ( -21.99999999999999645, 0.000000000000000000, 18.80000000000000071 ) ) ;
#2972 = VERTEX_POINT ( 'NONE', #452 ) ;
#2973 = ORIENTED_EDGE ( 'NONE', *, *, #3559, .T. ) ;
#2974 = DIRECTION ( 'NONE',  ( 0.1390899611223747334, -0.9896764980577128501, 0.03456026486007358900 ) ) ;
#2975 = DIRECTION ( 'NONE',  ( 0.000000000000000000, 1.000000000000000000, 0.000000000000000000 ) ) ;
#2976 = CARTESIAN_POINT ( 'NONE',  ( -24.99999999999999645, -4.000000000000001776, 11.64154703437737481 ) ) ;
#2977 = ORIENTED_EDGE ( 'NONE', *, *, #1225, .T. ) ;
#2978 = VECTOR ( 'NONE', #3663, 1000.000000000000000 ) ;
#2979 =( BOUNDED_CURVE ( )  B_SPLINE_CURVE ( 3, ( #1359, #1320, #3579, #693 ),
 .UNSPECIFIED., .F., .F. ) 
 B_SPLINE_CURVE_WITH_KNOTS ( ( 4, 4 ),
 ( 4.712388980384689674, 6.527018423299664640 ),
 .UNSPECIFIED. ) 
 CURVE ( )  GEOMETRIC_REPRESENTATION_ITEM ( )  RATIONAL_B_SPLINE_CURVE ( ( 1.000000000000000000, 0.7439090477460635897, 0.7439090477460635897, 1.000000000000000000 ) ) 
 REPRESENTATION_ITEM ( '' )  );
#2980 = CARTESIAN_POINT ( 'NONE',  ( -22.79712323634668891, -18.37083276368657891, 6.187313213253007760 ) ) ;
#2981 = VECTOR ( 'NONE', #2958, 1000.000000000000000 ) ;
#2982 = CARTESIAN_POINT ( 'NONE',  ( -19.56733701440342088, -59.28313403879347732, 3.700152400304808520 ) ) ;
#2983 = ADVANCED_FACE ( 'NONE', ( #1076 ), #1427, .T. ) ;
#2984 = MECHANICAL_DESIGN_GEOMETRIC_PRESENTATION_REPRESENTATION (  '', ( #1393 ), #3341 ) ;
#2985 = CIRCLE ( 'NONE', #700, 2.000000000000000000 ) ;
#2986 = LINE ( 'NONE', #2384, #913 ) ;
#2987 = CARTESIAN_POINT ( 'NONE',  ( -21.51456411436391392, -55.09852063108807840, -3.099847599695185085 ) ) ;
#2988 = CARTESIAN_POINT ( 'NONE',  ( -24.91338585193162558, -6.480304681969046854, 3.032515289492399013 ) ) ;
#2989 = EDGE_CURVE ( 'NONE', #2286, #2463, #1256, .T. ) ;
#2990 = EDGE_CURVE ( 'NONE', #4018, #3653, #730, .T. ) ;
#2991 = ORIENTED_EDGE ( 'NONE', *, *, #2565, .F. ) ;
#2992 = VERTEX_POINT ( 'NONE', #3352 ) ;
#2993 = AXIS2_PLACEMENT_3D ( 'NONE', #3972, #1461, #3028 ) ;
#2994 = DIRECTION ( 'NONE',  ( 1.000000000000000000, -0.000000000000000000, 0.000000000000000000 ) ) ;
#2995 = CARTESIAN_POINT ( 'NONE',  ( 0.4974691126510209505, -86.00000000000000000, 9.393409058628293451 ) ) ;
#2996 = ORIENTED_EDGE ( 'NONE', *, *, #2559, .T. ) ;
#2997 = ORIENTED_EDGE ( 'NONE', *, *, #388, .T. ) ;
#2998 = CIRCLE ( 'NONE', #2605, 1.899999999999999023 ) ;
#2999 = DIRECTION ( 'NONE',  ( -0.9993908270190953180, -0.03489949670251165509, 0.000000000000000000 ) ) ;
#3000 = CARTESIAN_POINT ( 'NONE',  ( -0.1407169410680779997, -81.35437178601191022, 12.23300877951972154 ) ) ;
#3001 = DIRECTION ( 'NONE',  ( -0.000000000000000000, -0.000000000000000000, 1.000000000000000000 ) ) ;
#3002 = CARTESIAN_POINT ( 'NONE',  ( -24.99999999999999289, -3.870029690017864343, 11.09519935671534796 ) ) ;
#3003 = VERTEX_POINT ( 'NONE', #3074 ) ;
#3004 = DIRECTION ( 'NONE',  ( 0.9993908270190953180, 0.03489949670251165509, -0.000000000000000000 ) ) ;
#3005 = CARTESIAN_POINT ( 'NONE',  ( -3.799999999999993605, -79.00000000000001421, 0.000000000000000000 ) ) ;
#3006 = CARTESIAN_POINT ( 'NONE',  ( -24.74233464786855308, -3.261203874963749527, 17.53879612503623520 ) ) ;
#3007 = LINE ( 'NONE', #2407, #3854 ) ;
#3008 = CARTESIAN_POINT ( 'NONE',  ( 4.301980963936875568, -4.000000000000000888, 0.000000000000000000 ) ) ;
#3009 = DIRECTION ( 'NONE',  ( 3.475237779086663203E-16, -5.023813799985946751E-32, 1.000000000000000000 ) ) ;
#3010 = VERTEX_POINT ( 'NONE', #2021 ) ;
#3011 = ORIENTED_EDGE ( 'NONE', *, *, #3308, .T. ) ;
#3012 = EDGE_CURVE ( 'NONE', #461, #3238, #1730, .T. ) ;
#3013 = EDGE_CURVE ( 'NONE', #3837, #4079, #2741, .T. ) ;
#3014 = CARTESIAN_POINT ( 'NONE',  ( -24.99999999999928590, -5.890850952945008601, 4.733839716517051599 ) ) ;
#3015 = DIRECTION ( 'NONE',  ( 1.000000000000000000, 1.020425574104004122E-16, -0.000000000000000000 ) ) ;
#3016 = CARTESIAN_POINT ( 'NONE',  ( -15.30875404182143917, -85.50000000000000000, -3.099847599695185085 ) ) ;
#3017 = ORIENTED_EDGE ( 'NONE', *, *, #2036, .F. ) ;
#3018 = ORIENTED_EDGE ( 'NONE', *, *, #406, .T. ) ;
#3019 = CARTESIAN_POINT ( 'NONE',  ( 0.4974691126510177863, -89.00000000000000000, 12.50000000000002665 ) ) ;
#3020 = DIRECTION ( 'NONE',  ( 0.000000000000000000, 0.000000000000000000, -1.000000000000000000 ) ) ;
#3021 = CYLINDRICAL_SURFACE ( 'NONE', #1512, 3.000000000000002665 ) ;
#3022 = DIRECTION ( 'NONE',  ( 0.000000000000000000, 0.000000000000000000, -1.000000000000000000 ) ) ;
#3023 = ORIENTED_EDGE ( 'NONE', *, *, #720, .F. ) ;
#3024 = CARTESIAN_POINT ( 'NONE',  ( 6.799999999999999822, 25.00000000000000000, 18.80000000000000071 ) ) ;
#3025 = DIRECTION ( 'NONE',  ( 0.000000000000000000, -1.000000000000000000, -1.734723475976806848E-16 ) ) ;
#3026 = CARTESIAN_POINT ( 'NONE',  ( -23.94226834957837724, -2.566300829955377338, 18.23369917004474061 ) ) ;
#3027 = CARTESIAN_POINT ( 'NONE',  ( -3.358983848622536073, -24.00000000000000355, 0.000000000000000000 ) ) ;
#3028 = DIRECTION ( 'NONE',  ( 1.000000000000000000, 0.000000000000000000, 0.000000000000000000 ) ) ;
#3029 = PLANE ( 'NONE',  #3065 ) ;
#3030 = AXIS2_PLACEMENT_3D ( 'NONE', #1952, #3859, #2272 ) ;
#3031 = VERTEX_POINT ( 'NONE', #1397 ) ;
#3032 = CARTESIAN_POINT ( 'NONE',  ( -3.733302766310966803, -55.91394361846451488, 7.842476046663556133 ) ) ;
#3033 = DIRECTION ( 'NONE',  ( -0.000000000000000000, -0.000000000000000000, 1.000000000000000000 ) ) ;
#3034 = ORIENTED_EDGE ( 'NONE', *, *, #2121, .F. ) ;
#3035 = ADVANCED_FACE ( 'NONE', ( #3395 ), #118, .F. ) ;
#3036 = VERTEX_POINT ( 'NONE', #496 ) ;
#3037 = FACE_OUTER_BOUND ( 'NONE', #1202, .T. ) ;
#3038 = LINE ( 'NONE', #1070, #242 ) ;
#3039 = CYLINDRICAL_SURFACE ( 'NONE', #2111, 40.00000000000000000 ) ;
#3040 =( BOUNDED_CURVE ( )  B_SPLINE_CURVE ( 3, ( #1589, #1811, #2865, #1167 ),
 .UNSPECIFIED., .F., .F. ) 
 B_SPLINE_CURVE_WITH_KNOTS ( ( 4, 4 ),
 ( 4.852015320544239785, 4.921828490623999741 ),
 .UNSPECIFIED. ) 
 CURVE ( )  GEOMETRIC_REPRESENTATION_ITEM ( )  RATIONAL_B_SPLINE_CURVE ( ( 1.000000000000000000, 0.9995938846793972488, 0.9995938846793972488, 1.000000000000000000 ) ) 
 REPRESENTATION_ITEM ( '' )  );
#3041 = EDGE_CURVE ( 'NONE', #965, #1968, #1899, .T. ) ;
#3042 = EDGE_CURVE ( 'NONE', #1786, #821, #2084, .T. ) ;
#3043 = ORIENTED_EDGE ( 'NONE', *, *, #852, .F. ) ;
#3044 = DIRECTION ( 'NONE',  ( -0.2077905067623293245, 0.9775774745778875729, -0.03413775765005937213 ) ) ;
#3045 = CARTESIAN_POINT ( 'NONE',  ( -21.49786659495411811, -4.000000000000003553, 4.991803722252002196 ) ) ;
#3046 = DIRECTION ( 'NONE',  ( 0.2588190451025245697, 0.9659258262890672020, -0.000000000000000000 ) ) ;
#3047 = VECTOR ( 'NONE', #2806, 1000.000000000000000 ) ;
#3048 = CARTESIAN_POINT ( 'NONE',  ( -22.80870853911706320, -2.986144929988135743, 17.81385507001185431 ) ) ;
#3049 = CARTESIAN_POINT ( 'NONE',  ( -24.99999999999999289, 0.000000000000000000, 15.80000000000000071 ) ) ;
#3050 = VECTOR ( 'NONE', #3573, 1000.000000000000000 ) ;
#3051 = CARTESIAN_POINT ( 'NONE',  ( 20.00000000000000355, -4.000000000000003553, 15.97157287525380021 ) ) ;
#3052 = DIRECTION ( 'NONE',  ( 0.9781476007338076872, 0.2079116908177493228, 0.000000000000000000 ) ) ;
#3053 = VERTEX_POINT ( 'NONE', #471 ) ;
#3054 = LINE ( 'NONE', #2430, #23 ) ;
#3055 = CARTESIAN_POINT ( 'NONE',  ( -1.623466631435290797, -4.000000000000003553, 2.495834222360339805 ) ) ;
#3056 = VERTEX_POINT ( 'NONE', #1770 ) ;
#3057 = VERTEX_POINT ( 'NONE', #1254 ) ;
#3058 = FACE_OUTER_BOUND ( 'NONE', #3473, .T. ) ;
#3059 = AXIS2_PLACEMENT_3D ( 'NONE', #1211, #1769, #1455 ) ;
#3060 = ADVANCED_FACE ( 'NONE', ( #3165 ), #2290, .F. ) ;
#3061 = AXIS2_PLACEMENT_3D ( 'NONE', #1674, #377, #2603 ) ;
#3062 = PLANE ( 'NONE',  #3279 ) ;
#3063 = CARTESIAN_POINT ( 'NONE',  ( 16.90000000000000568, 13.99999999999999822, 10.00000000000000000 ) ) ;
#3064 = CARTESIAN_POINT ( 'NONE',  ( -18.65182388137579395, -85.50000000000000000, 18.80000000000000071 ) ) ;
#3065 = AXIS2_PLACEMENT_3D ( 'NONE', #185, #2426, #3708 ) ;
#3066 = ORIENTED_EDGE ( 'NONE', *, *, #1810, .F. ) ;
#3067 = VECTOR ( 'NONE', #2178, 1000.000000000000114 ) ;
#3068 = EDGE_CURVE ( 'NONE', #8, #449, #3040, .T. ) ;
#3069 = CARTESIAN_POINT ( 'NONE',  ( -21.49786659495411811, -3.999999999999997335, -3.099847599695185085 ) ) ;
#3070 = EDGE_CURVE ( 'NONE', #72, #2352, #3469, .T. ) ;
#3071 =( BOUNDED_CURVE ( )  B_SPLINE_CURVE ( 3, ( #3644, #3569, #2934, #681 ),
 .UNSPECIFIED., .F., .F. ) 
 B_SPLINE_CURVE_WITH_KNOTS ( ( 4, 4 ),
 ( 2.618506857150618483, 4.712388980384689674 ),
 .UNSPECIFIED. ) 
 CURVE ( )  GEOMETRIC_REPRESENTATION_ITEM ( )  RATIONAL_B_SPLINE_CURVE ( ( 1.000000000000000000, 0.6668147400283634951, 0.6668147400283634951, 1.000000000000000000 ) ) 
 REPRESENTATION_ITEM ( '' )  );
#3072 = DIRECTION ( 'NONE',  ( -1.000000000000000000, 0.000000000000000000, 0.000000000000000000 ) ) ;
#3073 = DIRECTION ( 'NONE',  ( 0.000000000000000000, 0.000000000000000000, 1.000000000000000000 ) ) ;
#3074 = CARTESIAN_POINT ( 'NONE',  ( 6.800000000000000711, 3.000000000000002665, 17.00000000000000355 ) ) ;
#3075 = LINE ( 'NONE', #432, #691 ) ;
#3076 = CARTESIAN_POINT ( 'NONE',  ( -4.785893221999931946, -34.12098940511662448, 3.604727437793043610 ) ) ;
#3077 = CARTESIAN_POINT ( 'NONE',  ( 0.6912459581785578289, -85.49999999999998579, 0.000000000000000000 ) ) ;
#3078 = VERTEX_POINT ( 'NONE', #3095 ) ;
#3079 = CARTESIAN_POINT ( 'NONE',  ( -24.99999999999999289, -4.823030820260248319, 5.470397639816006574 ) ) ;
#3080 = FACE_BOUND ( 'NONE', #1804, .T. ) ;
#3081 = DIRECTION ( 'NONE',  ( 0.9993908270190953180, 0.03489949670251181468, -0.000000000000000000 ) ) ;
#3082 = ORIENTED_EDGE ( 'NONE', *, *, #1638, .F. ) ;
#3083 = ORIENTED_EDGE ( 'NONE', *, *, #596, .T. ) ;
#3084 = CARTESIAN_POINT ( 'NONE',  ( -22.22513287447291219, -34.75049364168581434, 3.250000000000038636 ) ) ;
#3085 = PRODUCT_DEFINITION_SHAPE ( 'NONE', 'NONE',  #2610 ) ;
#3086 = CARTESIAN_POINT ( 'NONE',  ( -0.8127494193597712968, -75.17344013879494469, 8.515032485177133736 ) ) ;
#3087 = LINE ( 'NONE', #1785, #2298 ) ;
#3088 = ORIENTED_EDGE ( 'NONE', *, *, #2322, .F. ) ;
#3089 = PRESENTATION_STYLE_ASSIGNMENT (( #1247 ) ) ;
#3090 = DIRECTION ( 'NONE',  ( -1.000000000000000000, 0.000000000000000000, 0.000000000000000000 ) ) ;
#3091 = CARTESIAN_POINT ( 'NONE',  ( -24.99999999999998934, -5.986710183577367062, 3.491178605004878310 ) ) ;
#3092 = EDGE_LOOP ( 'NONE', ( #1852, #1407 ) ) ;
#3093 = EDGE_CURVE ( 'NONE', #3419, #2006, #749, .T. ) ;
#3094 = EDGE_CURVE ( 'NONE', #2959, #1270, #841, .T. ) ;
#3095 = CARTESIAN_POINT ( 'NONE',  ( 20.00000000000000355, 26.00000000000000000, 0.000000000000000000 ) ) ;
#3096 = CARTESIAN_POINT ( 'NONE',  ( -3.495346069613012308, -24.50891073696938705, 3.180387605983532318 ) ) ;
#3097 =( BOUNDED_SURFACE ( )  B_SPLINE_SURFACE ( 3, 1, ( 
 ( #3316, #2412 ),
 ( #2369, #167 ),
 ( #84, #418 ),
 ( #1422, #3941 ) ),
 .UNSPECIFIED., .F., .F., .F. ) 
 B_SPLINE_SURFACE_WITH_KNOTS ( ( 4, 4 ),
 ( 2, 2 ),
 ( 0.000000000000000000, 1.000000000000000000 ),
 ( 0.000000000000000000, 1.000000000000000000 ),
 .UNSPECIFIED. ) 
 GEOMETRIC_REPRESENTATION_ITEM ( )  RATIONAL_B_SPLINE_SURFACE ( (
 ( 1.000000000000000000, 1.000000000000000000),
 ( 0.8026040075570932686, 0.8026040075570932686),
 ( 0.8026040075570932686, 0.8026040075570932686),
 ( 1.000000000000000000, 1.000000000000000000) ) ) 
 REPRESENTATION_ITEM ( '' )  SURFACE ( )  );
#3098 = DIRECTION ( 'NONE',  ( 0.000000000000000000, 1.000000000000000000, 1.479955919026486811E-16 ) ) ;
#3099 = PLANE ( 'NONE',  #3999 ) ;
#3100 = EDGE_CURVE ( 'NONE', #2393, #1843, #425, .T. ) ;
#3101 = CIRCLE ( 'NONE', #4099, 1.899999999999999023 ) ;
#3102 = EDGE_LOOP ( 'NONE', ( #1156, #4107 ) ) ;
#3103 = CARTESIAN_POINT ( 'NONE',  ( -5.279662784722490620, 0.000000000000000000, 6.029601188155564451 ) ) ;
#3104 = AXIS2_PLACEMENT_3D ( 'NONE', #3110, #515, #1510 ) ;
#3105 = FACE_OUTER_BOUND ( 'NONE', #874, .T. ) ;
#3106 = ORIENTED_EDGE ( 'NONE', *, *, #3717, .T. ) ;
#3107 = VERTEX_POINT ( 'NONE', #2689 ) ;
#3108 = DIRECTION ( 'NONE',  ( 0.000000000000000000, 0.000000000000000000, -1.000000000000000000 ) ) ;
#3109 = CARTESIAN_POINT ( 'NONE',  ( -1.623466631435290797, -89.00000000000001421, 2.495834222360339805 ) ) ;
#3110 = CARTESIAN_POINT ( 'NONE',  ( 0.000000000000000000, 30.00000000000000000, 18.80000000000000071 ) ) ;
#3111 = ORIENTED_EDGE ( 'NONE', *, *, #1942, .T. ) ;
#3112 = CARTESIAN_POINT ( 'NONE',  ( 3.111049790194655440, -54.43911506651926402, 0.000000000000000000 ) ) ;
#3113 = DIRECTION ( 'NONE',  ( -0.9902680687415695848, -0.1391731009600700175, 0.000000000000000000 ) ) ;
#3114 = CARTESIAN_POINT ( 'NONE',  ( -24.99999999999999289, -5.219588548413391038, 5.000878405364463930 ) ) ;
#3115 = EDGE_LOOP ( 'NONE', ( #1936, #3164 ) ) ;
#3116 = CARTESIAN_POINT ( 'NONE',  ( -0.8735056416419837433, -14.72406905044353387, 2.838693404935116682 ) ) ;
#3117 = CARTESIAN_POINT ( 'NONE',  ( -0.4262495355354841142, -54.63150035905584900, 4.318187600330941400 ) ) ;
#3118 = VECTOR ( 'NONE', #3331, 1000.000000000000000 ) ;
#3119 = LINE ( 'NONE', #3501, #1994 ) ;
#3120 = EDGE_CURVE ( 'NONE', #641, #3837, #979, .T. ) ;
#3121 = EDGE_LOOP ( 'NONE', ( #3405, #935, #2973, #4130 ) ) ;
#3122 = AXIS2_PLACEMENT_3D ( 'NONE', #1628, #2886, #2055 ) ;
#3123 =( BOUNDED_SURFACE ( )  B_SPLINE_SURFACE ( 3, 2, ( 
 ( #2578, #2808, #1216 ),
 ( #1881, #1903, #1545 ),
 ( #1925, #3213, #2869 ),
 ( #2152, #4142, #1280 ),
 ( #2557, #568, #3772 ),
 ( #889, #2173, #1856 ) ),
 .UNSPECIFIED., .F., .F., .F. ) 
 B_SPLINE_SURFACE_WITH_KNOTS ( ( 4, 2, 4 ),
 ( 3, 3 ),
 ( 4.450589592585535215, 4.686209041604767478, 4.921828490623998853 ),
 ( 0.000000000000000000, 1.000000000000000000 ),
 .UNSPECIFIED. ) 
 GEOMETRIC_REPRESENTATION_ITEM ( )  RATIONAL_B_SPLINE_SURFACE ( (
 ( 1.000000000000000000, 0.7039060113356399029, 1.000000000000000000),
 ( 1.000000000000000000, 0.7048463212102258346, 1.000000000000000000),
 ( 1.000000000000000000, 0.7058145137321305551, 1.000000000000000000),
 ( 1.000000000000000000, 0.7077529149240672224, 1.000000000000000000),
 ( 1.000000000000000000, 0.7087230720200791145, 1.000000000000000000),
 ( 1.000000000000000000, 0.7096675324995872502, 1.000000000000000000) ) ) 
 REPRESENTATION_ITEM ( '' )  SURFACE ( )  );
#3124 = CARTESIAN_POINT ( 'NONE',  ( -25.00000000000017764, -6.118710076497012373, 3.095962947782984198 ) ) ;
#3125 = DIRECTION ( 'NONE',  ( -1.000000000000000000, 1.445602896647339410E-16, 0.000000000000000000 ) ) ;
#3126 = EDGE_CURVE ( 'NONE', #3199, #1178, #68, .T. ) ;
#3127 = ADVANCED_FACE ( 'NONE', ( #3300 ), #2031, .F. ) ;
#3128 = VECTOR ( 'NONE', #3944, 1000.000000000000000 ) ;
#3129 = DIRECTION ( 'NONE',  ( -1.734723475976807094E-15, 0.8624961309087321171, 0.5060636562404646766 ) ) ;
#3130 = ORIENTED_EDGE ( 'NONE', *, *, #367, .T. ) ;
#3131 = ORIENTED_EDGE ( 'NONE', *, *, #5, .F. ) ;
#3132 = AXIS2_PLACEMENT_3D ( 'NONE', #4026, #728, #2019 ) ;
#3133 = AXIS2_PLACEMENT_3D ( 'NONE', #2309, #2994, #3881 ) ;
#3134 = FACE_OUTER_BOUND ( 'NONE', #1261, .T. ) ;
#3135 = DIRECTION ( 'NONE',  ( -1.000000000000000000, -4.625929269271485914E-16, -5.384700323245300374E-18 ) ) ;
#3136 = DIRECTION ( 'NONE',  ( -1.000000000000000000, 0.000000000000000000, -2.891205793294678326E-16 ) ) ;
#3137 = ORIENTED_EDGE ( 'NONE', *, *, #108, .T. ) ;
#3138 = CIRCLE ( 'NONE', #1721, 1.799999999999998712 ) ;
#3140 = AXIS2_PLACEMENT_3D ( 'NONE', #3968, #3723, #451 ) ;
#3139 = CARTESIAN_POINT ( 'NONE',  ( -3.416558891397556863, -4.000000000000000000, 12.37485247078455330 ) ) ;
#3141 = LINE ( 'NONE', #3418, #303 ) ;
#3142 = AXIS2_PLACEMENT_3D ( 'NONE', #494, #3073, #2490 ) ;
#3143 = ORIENTED_EDGE ( 'NONE', *, *, #1916, .F. ) ;
#3144 = AXIS2_PLACEMENT_3D ( 'NONE', #2624, #2364, #2680 ) ;
#3145 = CARTESIAN_POINT ( 'NONE',  ( -22.16106798483466633, -4.000000000000005329, 8.699362941515346392 ) ) ;
#3146 = DIRECTION ( 'NONE',  ( 0.000000000000000000, 1.000000000000000000, 0.000000000000000000 ) ) ;
#3147 = LINE ( 'NONE', #1192, #2050 ) ;
#3148 = DIRECTION ( 'NONE',  ( -0.9993908270190954291, -0.03489949670251164121, 0.000000000000000000 ) ) ;
#3149 = EDGE_LOOP ( 'NONE', ( #1353, #2825, #1677, #2241 ) ) ;
#3150 = CARTESIAN_POINT ( 'NONE',  ( -24.99999999999947775, -6.191512606833682320, 3.459688696532501329 ) ) ;
#3151 = CARTESIAN_POINT ( 'NONE',  ( -23.89016099678281790, -4.660087050542119691, 8.666505831289493145 ) ) ;
#3152 = CARTESIAN_POINT ( 'NONE',  ( -19.99882892069322082, -18.27311417291954498, -5.787312674625651354 ) ) ;
#3153 = EDGE_LOOP ( 'NONE', ( #1808, #3497, #3017, #2902 ) ) ;
#3154 = ORIENTED_EDGE ( 'NONE', *, *, #1587, .F. ) ;
#3155 = EDGE_CURVE ( 'NONE', #536, #1402, #982, .T. ) ;
#3156 = EDGE_CURVE ( 'NONE', #3010, #4001, #1779, .T. ) ;
#3157 = FACE_BOUND ( 'NONE', #1412, .T. ) ;
#3158 = DIRECTION ( 'NONE',  ( -3.475237779086663203E-16, 0.000000000000000000, -1.000000000000000000 ) ) ;
#3159 = ORIENTED_EDGE ( 'NONE', *, *, #2614, .F. ) ;
#3160 = ORIENTED_EDGE ( 'NONE', *, *, #3460, .T. ) ;
#3161 = FACE_OUTER_BOUND ( 'NONE', #46, .T. ) ;
#3162 = DIRECTION ( 'NONE',  ( 1.000000000000000000, 0.000000000000000000, 0.000000000000000000 ) ) ;
#3163 = CARTESIAN_POINT ( 'NONE',  ( -19.13466826877932547, -86.00000000000000000, 18.80000000000000071 ) ) ;
#3164 = ORIENTED_EDGE ( 'NONE', *, *, #4144, .F. ) ;
#3165 = FACE_OUTER_BOUND ( 'NONE', #26, .T. ) ;
#3166 = CARTESIAN_POINT ( 'NONE',  ( 3.014165470765286958, -53.98331018019548111, 4.318182290910307586 ) ) ;
#3167 = CARTESIAN_POINT ( 'NONE',  ( -18.65182388137579395, -85.50000000000000000, -3.099847599695185085 ) ) ;
#3168 = DIRECTION ( 'NONE',  ( 0.03489949670251187713, -0.9993908270190953180, -0.000000000000000000 ) ) ;
#3169 = VERTEX_POINT ( 'NONE', #2663 ) ;
#3170 = CARTESIAN_POINT ( 'NONE',  ( -18.99329594100774443, 0.000000000000000000, 6.029601188155562674 ) ) ;
#3171 = CARTESIAN_POINT ( 'NONE',  ( 1.304476374560397334, -81.27993398907970857, 8.418017255653337472 ) ) ;
#3172 = ORIENTED_EDGE ( 'NONE', *, *, #1503, .F. ) ;
#3173 = ORIENTED_EDGE ( 'NONE', *, *, #747, .T. ) ;
#3174 = CYLINDRICAL_SURFACE ( 'NONE', #1087, 1.800000000000001821 ) ;
#3175 = DIRECTION ( 'NONE',  ( -1.000000000000000000, 0.000000000000000000, 0.000000000000000000 ) ) ;
#3176 = EDGE_CURVE ( 'NONE', #1546, #2547, #1004, .T. ) ;
#3177 = VERTEX_POINT ( 'NONE', #1383 ) ;
#3178 = ORIENTED_EDGE ( 'NONE', *, *, #936, .F. ) ;
#3179 = CIRCLE ( 'NONE', #2966, 3.500000000000000888 ) ;
#3180 = DIRECTION ( 'NONE',  ( -0.2588190451025245697, -0.9659258262890672020, 0.000000000000000000 ) ) ;
#3181 = DIRECTION ( 'NONE',  ( 0.000000000000000000, 0.000000000000000000, 1.000000000000000000 ) ) ;
#3182 = EDGE_CURVE ( 'NONE', #2521, #4106, #3071, .T. ) ;
#3183 = LINE ( 'NONE', #2509, #1054 ) ;
#3184 = ADVANCED_FACE ( 'NONE', ( #1064 ), #2627, .T. ) ;
#3185 = VERTEX_POINT ( 'NONE', #3258 ) ;
#3186 = CARTESIAN_POINT ( 'NONE',  ( -24.99399477525509994, -4.000000000002252420, 4.441490049294108289 ) ) ;
#3187 = LINE ( 'NONE', #524, #901 ) ;
#3188 = LINE ( 'NONE', #567, #307 ) ;
#3189 = CARTESIAN_POINT ( 'NONE',  ( -24.99999999999999289, -4.370417172703391806, 0.000000000000000000 ) ) ;
#3190 = ORIENTED_EDGE ( 'NONE', *, *, #1355, .T. ) ;
#3191 = CARTESIAN_POINT ( 'NONE',  ( -22.94305667051146003, -62.90315017181910662, 0.2001524003048087141 ) ) ;
#3192 = CARTESIAN_POINT ( 'NONE',  ( 18.00000000000000000, 0.000000000000000000, 14.00000000000000178 ) ) ;
#3193 = VECTOR ( 'NONE', #2866, 1000.000000000000000 ) ;
#3194 = ORIENTED_EDGE ( 'NONE', *, *, #769, .F. ) ;
#3195 = ORIENTED_EDGE ( 'NONE', *, *, #1942, .F. ) ;
#3196 = LINE ( 'NONE', #3491, #2302 ) ;
#3197 = AXIS2_PLACEMENT_3D ( 'NONE', #856, #3761, #3780 ) ;
#3198 = CARTESIAN_POINT ( 'NONE',  ( -17.94534116754507025, -89.00000000000001421, 8.791021190890621284 ) ) ;
#3199 = VERTEX_POINT ( 'NONE', #3940 ) ;
#3200 = AXIS2_PLACEMENT_3D ( 'NONE', #4141, #631, #3098 ) ;
#3201 = EDGE_LOOP ( 'NONE', ( #385, #2308, #3583, #1594 ) ) ;
#3202 = AXIS2_PLACEMENT_3D ( 'NONE', #1935, #736, #3672 ) ;
#3203 = EDGE_CURVE ( 'NONE', #2687, #1303, #107, .T. ) ;
#3204 = CARTESIAN_POINT ( 'NONE',  ( 7.968265406799483586, -85.49999999999998579, 0.000000000000000000 ) ) ;
#3205 = CARTESIAN_POINT ( 'NONE',  ( -3.751235286647875089, -55.90849534467895410, 4.340152383704683814 ) ) ;
#3206 = LINE ( 'NONE', #904, #3740 ) ;
#3207 = ORIENTED_EDGE ( 'NONE', *, *, #3512, .F. ) ;
#3208 = AXIS2_PLACEMENT_3D ( 'NONE', #550, #636, #3217 ) ;
#3209 = EDGE_CURVE ( 'NONE', #2358, #2992, #2599, .T. ) ;
#3210 = EDGE_CURVE ( 'NONE', #1505, #1026, #1024, .T. ) ;
#3211 = DIRECTION ( 'NONE',  ( 1.000000000000000000, 1.020425574104004369E-16, -0.000000000000000000 ) ) ;
#3212 = CARTESIAN_POINT ( 'NONE',  ( 17.00000000000000000, 30.00000000000000000, 18.80000000000000071 ) ) ;
#3213 = CARTESIAN_POINT ( 'NONE',  ( -2.114794631393018154, -20.64090745149137263, 10.11284788644628918 ) ) ;
#3214 = AXIS2_PLACEMENT_3D ( 'NONE', #4009, #1074, #2714 ) ;
#3215 = AXIS2_PLACEMENT_3D ( 'NONE', #3948, #3416, #815 ) ;
#3216 = ORIENTED_EDGE ( 'NONE', *, *, #1038, .T. ) ;
#3217 = DIRECTION ( 'NONE',  ( 1.000000000000000000, 0.000000000000000000, 0.000000000000000000 ) ) ;
#3218 = CARTESIAN_POINT ( 'NONE',  ( -21.12036798617110378, -14.81014577505520791, 0.2000000000000057288 ) ) ;
#3219 = ORIENTED_EDGE ( 'NONE', *, *, #406, .F. ) ;
#3220 = ORIENTED_EDGE ( 'NONE', *, *, #3581, .F. ) ;
#3221 = DIRECTION ( 'NONE',  ( 0.9659258262890672020, -0.2588190451025245142, 0.000000000000000000 ) ) ;
#3222 = CARTESIAN_POINT ( 'NONE',  ( -20.08907630637876096, -89.00000000000001421, 10.93510930367136424 ) ) ;
#3223 = ORIENTED_EDGE ( 'NONE', *, *, #2450, .T. ) ;
#3224 = ORIENTED_EDGE ( 'NONE', *, *, #30, .F. ) ;
#3225 = B_SPLINE_CURVE_WITH_KNOTS ( 'NONE', 3,
 ( #1907, #298, #3566, #2324, #1376, #45, #1322, #3293, #676, #1360 ),
 .UNSPECIFIED., .F., .F.,
 ( 4, 2, 2, 2, 4 ),
 ( 4.336808689942017736E-19, 0.0004088817662331704905, 0.0008177635324663405474, 0.001226645298699509954, 0.001635527064932679577 ),
 .UNSPECIFIED. ) ;
#3226 = CYLINDRICAL_SURFACE ( 'NONE', #2195, 6.000000000000000888 ) ;
#3227 = CARTESIAN_POINT ( 'NONE',  ( -21.74141084293024306, -48.60248025546395212, -3.099847599695185085 ) ) ;
#3228 = DIRECTION ( 'NONE',  ( 0.000000000000000000, -0.000000000000000000, 1.000000000000000000 ) ) ;
#3229 = ORIENTED_EDGE ( 'NONE', *, *, #3506, .F. ) ;
#3230 = CARTESIAN_POINT ( 'NONE',  ( 0.8173846780634037579, -63.26737764451835488, -7.703719777548943412E-31 ) ) ;
#3231 = CARTESIAN_POINT ( 'NONE',  ( -24.73340421985622584, -11.63430428435098207, -3.099847599695185085 ) ) ;
#3232 = EDGE_CURVE ( 'NONE', #2393, #62, #3280, .T. ) ;
#3233 = ADVANCED_FACE ( 'NONE', ( #381 ), #1678, .F. ) ;
#3234 = LINE ( 'NONE', #336, #3273 ) ;
#3235 = DIRECTION ( 'NONE',  ( -1.000000000000000000, -1.020425574104004122E-16, 0.000000000000000000 ) ) ;
#3236 = EDGE_CURVE ( 'NONE', #813, #1007, #3267, .T. ) ;
#3237 = ORIENTED_EDGE ( 'NONE', *, *, #726, .F. ) ;
#3238 = VERTEX_POINT ( 'NONE', #3955 ) ;
#3239 = FACE_OUTER_BOUND ( 'NONE', #926, .T. ) ;
#3240 = CARTESIAN_POINT ( 'NONE',  ( -16.12918348404364366, -89.00000000000001421, 9.393409058628295227 ) ) ;
#3241 = ORIENTED_EDGE ( 'NONE', *, *, #2484, .T. ) ;
#3242 = VERTEX_POINT ( 'NONE', #48 ) ;
#3243 = CARTESIAN_POINT ( 'NONE',  ( -21.49786659495411456, 0.000000000000000000, 3.525030534209192101 ) ) ;
#3244 = CARTESIAN_POINT ( 'NONE',  ( -16.12918348404367563, -86.00000000000000000, 9.393409058628295227 ) ) ;
#3245 = PLANE ( 'NONE',  #1790 ) ;
#3246 = AXIS2_PLACEMENT_3D ( 'NONE', #2481, #1470, #2415 ) ;
#3247 = EDGE_LOOP ( 'NONE', ( #2094, #939, #1266, #2674 ) ) ;
#3248 = CARTESIAN_POINT ( 'NONE',  ( 1.434844763462256756, -89.00000000000000000, 12.55694148249384767 ) ) ;
#3249 = DIRECTION ( 'NONE',  ( 0.000000000000000000, 1.000000000000000000, 0.000000000000000000 ) ) ;
#3250 = DIRECTION ( 'NONE',  ( -0.000000000000000000, -0.000000000000000000, 1.000000000000000000 ) ) ;
#3251 = EDGE_CURVE ( 'NONE', #2499, #3242, #3623, .T. ) ;
#3252 = CARTESIAN_POINT ( 'NONE',  ( 18.50446328783856487, -2.381874197832721585, 18.41812580216727468 ) ) ;
#3253 = CARTESIAN_POINT ( 'NONE',  ( -24.92046546430952603, -6.277571108770619190, 2.735104905626268401 ) ) ;
#3254 = EDGE_LOOP ( 'NONE', ( #301, #2838, #1362, #106 ) ) ;
#3255 = ORIENTED_EDGE ( 'NONE', *, *, #1532, .F. ) ;
#3256 = ADVANCED_FACE ( 'NONE', ( #1326 ), #2952, .F. ) ;
#3257 = EDGE_CURVE ( 'NONE', #123, #1657, #2368, .T. ) ;
#3258 = CARTESIAN_POINT ( 'NONE',  ( -21.99999999999999645, -1.171572875253799717, 18.80000000000000071 ) ) ;
#3259 = VECTOR ( 'NONE', #416, 1000.000000000000114 ) ;
#3260 = CARTESIAN_POINT ( 'NONE',  ( -19.75855670808983433, -85.97955349768547251, 11.18974795042809056 ) ) ;
#3261 = ORIENTED_EDGE ( 'NONE', *, *, #3232, .F. ) ;
#3262 = ORIENTED_EDGE ( 'NONE', *, *, #1124, .F. ) ;
#3263 = AXIS2_PLACEMENT_3D ( 'NONE', #3205, #3516, #3113 ) ;
#3264 = CARTESIAN_POINT ( 'NONE',  ( 18.00000000000000000, 26.00000000000000000, 0.000000000000000000 ) ) ;
#3265 = CARTESIAN_POINT ( 'NONE',  ( -19.13466826877932192, -86.00000000000000000, 6.387924273892649829 ) ) ;
#3266 = CARTESIAN_POINT ( 'NONE',  ( -24.99999999999999289, -4.042809998809475225, 6.420028200302350996 ) ) ;
#3267 = CIRCLE ( 'NONE', #2716, 3.000000000000000000 ) ;
#3268 = ORIENTED_EDGE ( 'NONE', *, *, #4088, .F. ) ;
#3269 = DIRECTION ( 'NONE',  ( 1.000000000000000000, -0.000000000000000000, 0.000000000000000000 ) ) ;
#3270 = CIRCLE ( 'NONE', #2040, 3.000000000000002220 ) ;
#3271 = DIRECTION ( 'NONE',  ( 0.000000000000000000, 0.000000000000000000, 1.000000000000000000 ) ) ;
#3272 = CARTESIAN_POINT ( 'NONE',  ( -8.209409824568254521, -34.72653208451999518, 7.102595332359879166 ) ) ;
#3273 = VECTOR ( 'NONE', #675, 1000.000000000000000 ) ;
#3274 = FACE_OUTER_BOUND ( 'NONE', #169, .T. ) ;
#3275 = CARTESIAN_POINT ( 'NONE',  ( 2.131500956173484784, -76.21044908863881062, 0.000000000000000000 ) ) ;
#3276 = VECTOR ( 'NONE', #690, 1000.000000000000000 ) ;
#3277 = VERTEX_POINT ( 'NONE', #1363 ) ;
#3278 = ORIENTED_EDGE ( 'NONE', *, *, #3511, .T. ) ;
#3279 = AXIS2_PLACEMENT_3D ( 'NONE', #1781, #2354, #2648 ) ;
#3280 = LINE ( 'NONE', #3897, #361 ) ;
#3281 = CARTESIAN_POINT ( 'NONE',  ( -18.73089942269671937, -89.00000000000001421, 11.87072895721330745 ) ) ;
#3282 = EDGE_CURVE ( 'NONE', #940, #404, #83, .T. ) ;
#3283 = EDGE_CURVE ( 'NONE', #1276, #2410, #717, .T. ) ;
#3284 = ORIENTED_EDGE ( 'NONE', *, *, #628, .T. ) ;
#3285 = CARTESIAN_POINT ( 'NONE',  ( -4.026400864129398904, -54.52819022647847902, 4.291951066843727958 ) ) ;
#3286 = CARTESIAN_POINT ( 'NONE',  ( -1.623466631435290797, -89.00000000000001421, 2.495834222360339805 ) ) ;
#3287 = PLANE ( 'NONE',  #635 ) ;
#3288 = CARTESIAN_POINT ( 'NONE',  ( 18.00000000000000000, -5.204170427930415367E-16, 2.999999999999996891 ) ) ;
#3289 = ORIENTED_EDGE ( 'NONE', *, *, #2281, .T. ) ;
#3290 = LINE ( 'NONE', #2600, #2456 ) ;
#3291 = CARTESIAN_POINT ( 'NONE',  ( -1.999999999999994893, -79.00000000000001421, 0.000000000000000000 ) ) ;
#3292 = CARTESIAN_POINT ( 'NONE',  ( 7.968265406799485362, -89.00000000000000000, 9.393409058628295227 ) ) ;
#3293 = CARTESIAN_POINT ( 'NONE',  ( 19.96943042629143150, -3.985377768192053249, 16.24752692224958039 ) ) ;
#3294 = ORIENTED_EDGE ( 'NONE', *, *, #852, .T. ) ;
#3295 = EDGE_LOOP ( 'NONE', ( #554, #270, #1073, #3773 ) ) ;
#3296 = LINE ( 'NONE', #441, #4049 ) ;
#3297 = CARTESIAN_POINT ( 'NONE',  ( -1.623466631435292129, -4.000000000000003553, 4.561975421475164438 ) ) ;
#3298 = ORIENTED_EDGE ( 'NONE', *, *, #457, .T. ) ;
#3299 = VERTEX_POINT ( 'NONE', #3338 ) ;
#3300 = FACE_OUTER_BOUND ( 'NONE', #3295, .T. ) ;
#3301 = EDGE_CURVE ( 'NONE', #2204, #3057, #3296, .T. ) ;
#3302 = CARTESIAN_POINT ( 'NONE',  ( -23.41345630308567394, -4.195628573548777496, 10.11970011474080700 ) ) ;
#3303 = FACE_OUTER_BOUND ( 'NONE', #684, .T. ) ;
#3304 = DIRECTION ( 'NONE',  ( 1.000000000000000000, 0.000000000000000000, 0.000000000000000000 ) ) ;
#3305 = ORIENTED_EDGE ( 'NONE', *, *, #1281, .T. ) ;
#3306 = ADVANCED_FACE ( 'NONE', ( #2609 ), #2787, .F. ) ;
#3307 = CARTESIAN_POINT ( 'NONE',  ( -24.50306754161965017, -18.23028374267701679, -3.099847599695185085 ) ) ;
#3308 = EDGE_CURVE ( 'NONE', #2646, #2521, #3358, .T. ) ;
#3309 = CARTESIAN_POINT ( 'NONE',  ( 20.00000000000000000, 30.00000000000000000, 0.000000000000000000 ) ) ;
#3310 = CARTESIAN_POINT ( 'NONE',  ( -24.36597779176176104, -2.878965149098390075, 17.92103485090146009 ) ) ;
#3311 = CARTESIAN_POINT ( 'NONE',  ( 17.00000000000000355, -1.171572875253806156, 18.80000000000000071 ) ) ;
#3312 = DIRECTION ( 'NONE',  ( 0.9902680687415698069, 0.1391731009600689628, -0.000000000000000000 ) ) ;
#3313 = ORIENTED_EDGE ( 'NONE', *, *, #3257, .T. ) ;
#3314 = ORIENTED_EDGE ( 'NONE', *, *, #3489, .F. ) ;
#3315 = CARTESIAN_POINT ( 'NONE',  ( 5.000000000000000888, 3.000000000000002665, -18.80000000000000782 ) ) ;
#3316 = CARTESIAN_POINT ( 'NONE',  ( -5.279662784722491509, -4.000000000000003553, 6.029601188155564451 ) ) ;
#3317 = VERTEX_POINT ( 'NONE', #802 ) ;
#3318 = EDGE_LOOP ( 'NONE', ( #1641, #1506, #1424, #327 ) ) ;
#3319 = DIRECTION ( 'NONE',  ( 0.000000000000000000, -1.000000000000000000, 0.000000000000000000 ) ) ;
#3320 = DIRECTION ( 'NONE',  ( 1.000000000000000000, -1.445602896647339656E-16, -4.357881996052697634E-33 ) ) ;
#3321 = DIRECTION ( 'NONE',  ( 0.9993908270190953180, 0.03489949670251165509, -0.000000000000000000 ) ) ;
#3322 = ORIENTED_EDGE ( 'NONE', *, *, #1354, .T. ) ;
#3323 = VECTOR ( 'NONE', #3560, 1000.000000000000000 ) ;
#3324 = CARTESIAN_POINT ( 'NONE',  ( -1.623466631435291685, 0.000000000000000000, 0.000000000000000000 ) ) ;
#3325 = CARTESIAN_POINT ( 'NONE',  ( -23.69725055183905127, -41.30586316170420957, -3.099847599695185085 ) ) ;
#3326 = VECTOR ( 'NONE', #746, 1000.000000000000000 ) ;
#3327 = EDGE_CURVE ( 'NONE', #2035, #341, #3054, .T. ) ;
#3328 = ADVANCED_FACE ( 'NONE', ( #1817 ), #872, .F. ) ;
#3329 = VECTOR ( 'NONE', #1241, 1000.000000000000000 ) ;
#3330 = CARTESIAN_POINT ( 'NONE',  ( -22.45199722696210642, -2.686187669132821476, 18.11381233086716946 ) ) ;
#3331 = DIRECTION ( 'NONE',  ( -0.000000000000000000, 1.000000000000000000, -0.000000000000000000 ) ) ;
#3332 = LINE ( 'NONE', #3707, #1387 ) ;
#3333 = CARTESIAN_POINT ( 'NONE',  ( -0.1604871792777531891, -56.30945783842167174, 4.371164413746783772 ) ) ;
#3334 = ORIENTED_EDGE ( 'NONE', *, *, #1338, .T. ) ;
#3335 = ORIENTED_EDGE ( 'NONE', *, *, #3535, .T. ) ;
#3336 = VECTOR ( 'NONE', #2692, 1000.000000000000000 ) ;
#3337 = CARTESIAN_POINT ( 'NONE',  ( -24.99999999999999289, -5.351149864770653686, 4.843858931919324817 ) ) ;
#3338 = CARTESIAN_POINT ( 'NONE',  ( -19.56733701440341378, -59.28313403879348442, -3.099847599695185085 ) ) ;
#3339 = VECTOR ( 'NONE', #1773, 1000.000000000000114 ) ;
#3340 = CARTESIAN_POINT ( 'NONE',  ( -16.12918348404367563, -89.00000000000001421, 9.393409058628295227 ) ) ;
#3341 =( GEOMETRIC_REPRESENTATION_CONTEXT ( 3 ) GLOBAL_UNCERTAINTY_ASSIGNED_CONTEXT ( ( #4085 ) ) GLOBAL_UNIT_ASSIGNED_CONTEXT ( ( #607, #3452, #837 ) ) REPRESENTATION_CONTEXT ( 'NONE', 'WORKASPACE' ) );
#3342 = ORIENTED_EDGE ( 'NONE', *, *, #2037, .F. ) ;
#3343 = VERTEX_POINT ( 'NONE', #849 ) ;
#3344 = VECTOR ( 'NONE', #1617, 1000.000000000000000 ) ;
#3345 = CARTESIAN_POINT ( 'NONE',  ( 2.969185177474549686, -89.00000000000000000, 8.596409249468958791 ) ) ;
#3346 = CARTESIAN_POINT ( 'NONE',  ( -4.999999999999996447, -81.88431960059448045, 12.25151496499541537 ) ) ;
#3347 = CARTESIAN_POINT ( 'NONE',  ( -22.98517143100941240, -3.414213562373096700, 17.38578643762689069 ) ) ;
#3348 = DIRECTION ( 'NONE',  ( 1.000000000000000000, -1.445602896647339410E-16, 2.658695784602366130E-17 ) ) ;
#3349 = VERTEX_POINT ( 'NONE', #2092 ) ;
#3350 = PLANE ( 'NONE',  #637 ) ;
#3351 = FACE_BOUND ( 'NONE', #2377, .T. ) ;
#3352 = CARTESIAN_POINT ( 'NONE',  ( -18.88061197021424675, -3.999999999999998224, 12.63832553457314667 ) ) ;
#3353 = DIRECTION ( 'NONE',  ( -0.1391731009600694624, 0.9902680687415698069, 0.000000000000000000 ) ) ;
#3354 = CARTESIAN_POINT ( 'NONE',  ( -0.1999999999999961808, -79.00000000000001421, 0.000000000000000000 ) ) ;
#3355 = CARTESIAN_POINT ( 'NONE',  ( -0.6028842615610685574, -53.80049930861636653, 18.80000000000000071 ) ) ;
#3356 = ADVANCED_FACE ( 'NONE', ( #1105 ), #2476, .T. ) ;
#3357 = ORIENTED_EDGE ( 'NONE', *, *, #3688, .T. ) ;
#3358 = LINE ( 'NONE', #528, #3981 ) ;
#3359 = ADVANCED_FACE ( 'NONE', ( #4058 ), #782, .F. ) ;
#3360 = EDGE_CURVE ( 'NONE', #1843, #3277, #3713, .T. ) ;
#3361 = LINE ( 'NONE', #1757, #1922 ) ;
#3362 = ORIENTED_EDGE ( 'NONE', *, *, #3379, .F. ) ;
#3363 = ORIENTED_EDGE ( 'NONE', *, *, #3360, .T. ) ;
#3364 = PLANE ( 'NONE',  #3904 ) ;
#3365 = CARTESIAN_POINT ( 'NONE',  ( 18.00000000000000000, 23.00000000000000000, 3.975047607936268293E-15 ) ) ;
#3366 = CARTESIAN_POINT ( 'NONE',  ( -22.13284074983661043, -86.10469849010755183, 6.387924273892649829 ) ) ;
#3367 = ORIENTED_EDGE ( 'NONE', *, *, #2589, .T. ) ;
#3368 = B_SPLINE_CURVE_WITH_KNOTS ( 'NONE', 3,
 ( #3836, #1949, #3856, #892, #3171, #1548, #1263, #956, #978, #1471, #1159, #2437 ),
 .UNSPECIFIED., .F., .F.,
 ( 4, 2, 2, 2, 2, 4 ),
 ( 9.859463506040055947E-19, 0.001083152376422885470, 0.002166304752845769638, 0.003249457129268653807, 0.003791033317480096108, 0.004332609505691538410 ),
 .UNSPECIFIED. ) ;
#3369 = FACE_OUTER_BOUND ( 'NONE', #1295, .T. ) ;
#3370 = CARTESIAN_POINT ( 'NONE',  ( 18.00000000000000000, 0.000000000000000000, 17.00000000000000000 ) ) ;
#3371 = CARTESIAN_POINT ( 'NONE',  ( -24.99999999999998934, -5.977529230383082925, 3.798157272749130176 ) ) ;
#3372 = PRODUCT_DEFINITION_FORMATION_WITH_SPECIFIED_SOURCE ( '对称', '', #2226, .NOT_KNOWN. ) ;
#3373 = DIRECTION ( 'NONE',  ( -0.000000000000000000, -0.000000000000000000, -1.000000000000000000 ) ) ;
#3374 = CARTESIAN_POINT ( 'NONE',  ( -17.21718355818180513, -54.94845279526727921, 3.450000000000007727 ) ) ;
#3375 = CARTESIAN_POINT ( 'NONE',  ( -24.99999999999999289, 0.000000000000000000, 18.80000000000000071 ) ) ;
#3376 = CARTESIAN_POINT ( 'NONE',  ( -8.209409824568254521, -34.72653208451999518, 7.102595332359879166 ) ) ;
#3377 = CIRCLE ( 'NONE', #2837, 3.000000000000000000 ) ;
#3378 = ORIENTED_EDGE ( 'NONE', *, *, #1260, .T. ) ;
#3379 = EDGE_CURVE ( 'NONE', #2216, #549, #148, .T. ) ;
#3380 = CARTESIAN_POINT ( 'NONE',  ( -17.92775231829079985, -34.60042580586501515, 3.250000000000038636 ) ) ;
#3381 = CARTESIAN_POINT ( 'NONE',  ( -16.14725322742942026, -85.50000000000000000, 8.875643901733008434 ) ) ;
#3382 = ORIENTED_EDGE ( 'NONE', *, *, #3042, .F. ) ;
#3383 = VERTEX_POINT ( 'NONE', #3445 ) ;
#3384 = ADVANCED_FACE ( 'NONE', ( #2155, #3080 ), #1502, .T. ) ;
#3385 = EDGE_CURVE ( 'NONE', #3858, #1786, #3998, .T. ) ;
#3386 = DIRECTION ( 'NONE',  ( -0.1390899611223747334, 0.9896764980577127391, -0.03456026486007358206 ) ) ;
#3387 = DIRECTION ( 'NONE',  ( 0.000000000000000000, 0.000000000000000000, -1.000000000000000000 ) ) ;
#3388 = CARTESIAN_POINT ( 'NONE',  ( 18.00000000000000000, 23.00000000000000355, 3.000000000000000888 ) ) ;
#3389 = SHAPE_DEFINITION_REPRESENTATION ( #3085, #865 ) ;
#3390 = ORIENTED_EDGE ( 'NONE', *, *, #2814, .F. ) ;
#3391 = LINE ( 'NONE', #2038, #3545 ) ;
#3392 = CARTESIAN_POINT ( 'NONE',  ( -4.999999999999999112, -79.00000000000001421, 6.500000000000000888 ) ) ;
#3393 = CYLINDRICAL_SURFACE ( 'NONE', #238, 2.999999999999999112 ) ;
#3394 = VECTOR ( 'NONE', #823, 999.9999999999998863 ) ;
#3395 = FACE_OUTER_BOUND ( 'NONE', #2862, .T. ) ;
#3396 = LINE ( 'NONE', #1751, #3525 ) ;
#3397 =( BOUNDED_CURVE ( )  B_SPLINE_CURVE ( 3, ( #2568, #2251, #3531, #1347 ),
 .UNSPECIFIED., .F., .T. ) 
 B_SPLINE_CURVE_WITH_KNOTS ( ( 4, 4 ),
 ( 3.785093762383091143, 4.415524637917060957 ),
 .UNSPECIFIED. ) 
 CURVE ( )  GEOMETRIC_REPRESENTATION_ITEM ( )  RATIONAL_B_SPLINE_CURVE ( ( 1.000000000000000000, 0.9671530737873146322, 0.9671530737873146322, 1.000000000000000000 ) ) 
 REPRESENTATION_ITEM ( '' )  );
#3398 = CARTESIAN_POINT ( 'NONE',  ( -1.623466631435291685, -89.00000000000001421, 0.000000000000000000 ) ) ;
#3399 = CARTESIAN_POINT ( 'NONE',  ( -1.623466631435297014, -4.000000000000000000, -18.79999999999999361 ) ) ;
#3400 = AXIS2_PLACEMENT_3D ( 'NONE', #1529, #2812, #1199 ) ;
#3401 = ORIENTED_EDGE ( 'NONE', *, *, #76, .F. ) ;
#3402 = CARTESIAN_POINT ( 'NONE',  ( -24.99999999999999289, -4.556167935434168648, 5.781364216415859403 ) ) ;
#3403 = DIRECTION ( 'NONE',  ( 0.000000000000000000, 0.000000000000000000, 1.000000000000000000 ) ) ;
#3404 = DIRECTION ( 'NONE',  ( -4.625929269271485914E-16, 1.000000000000000000, 0.000000000000000000 ) ) ;
#3405 = ORIENTED_EDGE ( 'NONE', *, *, #1403, .F. ) ;
#3406 = VECTOR ( 'NONE', #3348, 1000.000000000000000 ) ;
#3407 = ORIENTED_EDGE ( 'NONE', *, *, #721, .T. ) ;
#3408 = CARTESIAN_POINT ( 'NONE',  ( -21.74141084293024306, -48.60248025546395212, -3.099847599695185085 ) ) ;
#3409 = CARTESIAN_POINT ( 'NONE',  ( 1.980820126533154868, -78.54860339149742288, 7.567820969509811313 ) ) ;
#3410 = EDGE_CURVE ( 'NONE', #962, #2889, #830, .T. ) ;
#3411 = EDGE_CURVE ( 'NONE', #2548, #4100, #3670, .T. ) ;
#3412 = LINE ( 'NONE', #2161, #1824 ) ;
#3413 = AXIS2_PLACEMENT_3D ( 'NONE', #526, #4017, #3052 ) ;
#3414 = VERTEX_POINT ( 'NONE', #476 ) ;
#3415 = CARTESIAN_POINT ( 'NONE',  ( -0.1407169410680779997, -81.35437178601191022, 12.23300877951972154 ) ) ;
#3416 = DIRECTION ( 'NONE',  ( 0.03489949670251166203, -0.9993908270190954291, 0.000000000000000000 ) ) ;
#3417 = EDGE_CURVE ( 'NONE', #2358, #3834, #1513, .T. ) ;
#3418 = CARTESIAN_POINT ( 'NONE',  ( 0.7397699465727927137, -66.30776840122310034, 3.000000000000001776 ) ) ;
#3419 = VERTEX_POINT ( 'NONE', #3103 ) ;
#3420 = CARTESIAN_POINT ( 'NONE',  ( -36.30527168834504437, -61.38927602346421963, 0.000000000000000000 ) ) ;
#3421 = DIRECTION ( 'NONE',  ( -1.000000000000000000, 0.000000000000000000, 0.000000000000000000 ) ) ;
#3422 = CARTESIAN_POINT ( 'NONE',  ( 12.00000000000000355, 15.49999999999999645, 10.00000000000000000 ) ) ;
#3423 = DIRECTION ( 'NONE',  ( -0.000000000000000000, -0.000000000000000000, 1.000000000000000000 ) ) ;
#3424 = ORIENTED_EDGE ( 'NONE', *, *, #3931, .T. ) ;
#3425 = DIRECTION ( 'NONE',  ( 1.000000000000000000, 0.000000000000000000, 0.000000000000000000 ) ) ;
#3426 = CARTESIAN_POINT ( 'NONE',  ( 19.99508977302470214, -4.000000000000003553, 15.97157287525380021 ) ) ;
#3427 = ORIENTED_EDGE ( 'NONE', *, *, #1868, .T. ) ;
#3428 = ORIENTED_EDGE ( 'NONE', *, *, #1174, .T. ) ;
#3429 = CARTESIAN_POINT ( 'NONE',  ( 12.00000000000000355, 12.49999999999999645, 10.00000000000000000 ) ) ;
#3430 = CARTESIAN_POINT ( 'NONE',  ( -1.034303510779430724, -75.11832120201748353, 8.513107689491297592 ) ) ;
#3431 = ORIENTED_EDGE ( 'NONE', *, *, #3012, .T. ) ;
#3432 = ADVANCED_FACE ( 'NONE', ( #1527 ), #230, .T. ) ;
#3433 = CARTESIAN_POINT ( 'NONE',  ( -22.79712323634668891, -18.37083276368657891, 6.187313213253007760 ) ) ;
#3434 = CARTESIAN_POINT ( 'NONE',  ( -18.88061197021424675, -7.104698490107502984, 9.640153053515858161 ) ) ;
#3435 = CARTESIAN_POINT ( 'NONE',  ( -24.99999999999999289, -2.000000000000005773, 10.81504780968441892 ) ) ;
#3436 = VERTEX_POINT ( 'NONE', #818 ) ;
#3437 = EDGE_CURVE ( 'NONE', #2253, #957, #3396, .T. ) ;
#3438 = EDGE_CURVE ( 'NONE', #2499, #906, #4120, .T. ) ;
#3439 = CARTESIAN_POINT ( 'NONE',  ( -4.026400864129413115, -54.28389374956088176, 11.28768685597739108 ) ) ;
#3440 = CARTESIAN_POINT ( 'NONE',  ( -24.99999999999999289, 0.000000000000000000, 15.80000000000000071 ) ) ;
#3441 = DIRECTION ( 'NONE',  ( 0.000000000000000000, -0.000000000000000000, 1.000000000000000000 ) ) ;
#3442 = VECTOR ( 'NONE', #859, 1000.000000000000227 ) ;
#3443 = VERTEX_POINT ( 'NONE', #3049 ) ;
#3444 = CYLINDRICAL_SURFACE ( 'NONE', #1194, 3.000000000000000000 ) ;
#3445 = CARTESIAN_POINT ( 'NONE',  ( 3.305451061317741690, -55.82235198506143092, 4.371164413746783772 ) ) ;
#3446 = CIRCLE ( 'NONE', #2574, 2.000000000000001776 ) ;
#3447 = CARTESIAN_POINT ( 'NONE',  ( -0.8616952272481998021, -76.22434471802955613, 12.05386428679228139 ) ) ;
#3448 = ORIENTED_EDGE ( 'NONE', *, *, #3459, .T. ) ;
#3449 = ORIENTED_EDGE ( 'NONE', *, *, #2739, .F. ) ;
#3450 = DIRECTION ( 'NONE',  ( 1.000000000000000000, -1.445602896647339410E-16, 0.000000000000000000 ) ) ;
#3451 = ORIENTED_EDGE ( 'NONE', *, *, #257, .T. ) ;
#3452 =( NAMED_UNIT ( * ) PLANE_ANGLE_UNIT ( ) SI_UNIT ( $, .RADIAN. ) );
#3453 = LINE ( 'NONE', #1228, #3726 ) ;
#3454 = CARTESIAN_POINT ( 'NONE',  ( 0.4803551124165532649, -80.70249964353105554, 12.17648166132221021 ) ) ;
#3455 = ORIENTED_EDGE ( 'NONE', *, *, #2892, .T. ) ;
#3456 = FACE_OUTER_BOUND ( 'NONE', #2626, .T. ) ;
#3457 = DIRECTION ( 'NONE',  ( -1.000000000000000000, -0.000000000000000000, -0.000000000000000000 ) ) ;
#3458 = CIRCLE ( 'NONE', #1647, 2.000000000000000000 ) ;
#3459 = EDGE_CURVE ( 'NONE', #3616, #2542, #161, .T. ) ;
#3460 = EDGE_CURVE ( 'NONE', #62, #3778, #497, .T. ) ;
#3461 = ORIENTED_EDGE ( 'NONE', *, *, #1892, .T. ) ;
#3462 = AXIS2_PLACEMENT_3D ( 'NONE', #4087, #556, #2215 ) ;
#3463 = DIRECTION ( 'NONE',  ( -0.000000000000000000, -0.000000000000000000, 1.000000000000000000 ) ) ;
#3464 = CARTESIAN_POINT ( 'NONE',  ( 20.00000000000000355, -4.000000000000003553, 15.80000000000000071 ) ) ;
#3465 = AXIS2_PLACEMENT_3D ( 'NONE', #2027, #109, #2685 ) ;
#3466 = CARTESIAN_POINT ( 'NONE',  ( 1.000000000000010214, -79.00000000000001421, 11.99716558648087172 ) ) ;
#3467 = ORIENTED_EDGE ( 'NONE', *, *, #2329, .T. ) ;
#3468 = EDGE_LOOP ( 'NONE', ( #702, #326, #438, #895, #2188, #3786, #1636, #3237, #49, #2268, #2706 ) ) ;
#3469 = CIRCLE ( 'NONE', #2262, 36.50000000000000000 ) ;
#3470 = FACE_OUTER_BOUND ( 'NONE', #2613, .T. ) ;
#3471 = DIRECTION ( 'NONE',  ( 0.000000000000000000, 1.000000000000000000, 0.000000000000000000 ) ) ;
#3472 = PLANE ( 'NONE',  #3104 ) ;
#3473 = EDGE_LOOP ( 'NONE', ( #4090, #3261, #1774, #319 ) ) ;
#3474 = ORIENTED_EDGE ( 'NONE', *, *, #1587, .T. ) ;
#3475 = CIRCLE ( 'NONE', #3599, 1.800000000000001821 ) ;
#3476 = CARTESIAN_POINT ( 'NONE',  ( -2.358279574227278630, -6.698688158177003693, 8.731931084042441782 ) ) ;
#3477 = DIRECTION ( 'NONE',  ( 0.000000000000000000, 0.000000000000000000, 1.000000000000000000 ) ) ;
#3478 = VERTEX_POINT ( 'NONE', #4015 ) ;
#3479 = VECTOR ( 'NONE', #616, 1000.000000000000000 ) ;
#3480 = CARTESIAN_POINT ( 'NONE',  ( -24.01642411743283390, -6.967193341354415814, 6.871889952081975395 ) ) ;
#3481 = CARTESIAN_POINT ( 'NONE',  ( -2.308754041821442282, -85.49999999999998579, 2.931667788805367753E-15 ) ) ;
#3482 = CARTESIAN_POINT ( 'NONE',  ( -36.30527168834504437, -61.38927602346421963, 0.000000000000000000 ) ) ;
#3483 = ORIENTED_EDGE ( 'NONE', *, *, #3537, .F. ) ;
#3484 = EDGE_CURVE ( 'NONE', #3518, #1505, #2106, .T. ) ;
#3485 = DIRECTION ( 'NONE',  ( 0.9993908270190953180, 0.03489949670251181468, -0.000000000000000000 ) ) ;
#3486 = CARTESIAN_POINT ( 'NONE',  ( 3.044154293424516045, -79.11166674438348423, 0.000000000000000000 ) ) ;
#3487 = ORIENTED_EDGE ( 'NONE', *, *, #1286, .F. ) ;
#3488 = ORIENTED_EDGE ( 'NONE', *, *, #2489, .F. ) ;
#3489 = EDGE_CURVE ( 'NONE', #3653, #4151, #1480, .T. ) ;
#3490 = EDGE_CURVE ( 'NONE', #1309, #4074, #3638, .T. ) ;
#3491 = CARTESIAN_POINT ( 'NONE',  ( -21.99999999999999645, -3.999999999999996447, 18.80000000000000071 ) ) ;
#3492 = DIRECTION ( 'NONE',  ( -4.625929269271485914E-16, 1.000000000000000000, 0.000000000000000000 ) ) ;
#3493 = ORIENTED_EDGE ( 'NONE', *, *, #3661, .F. ) ;
#3494 = VERTEX_POINT ( 'NONE', #1077 ) ;
#3495 = CARTESIAN_POINT ( 'NONE',  ( 0.2297826244872363533, -4.000000000000000000, 7.192928456619433142 ) ) ;
#3496 = CARTESIAN_POINT ( 'NONE',  ( -22.01675838228701920, -89.42886256893710595, 6.504006641442204639 ) ) ;
#3497 = ORIENTED_EDGE ( 'NONE', *, *, #3511, .F. ) ;
#3498 = CARTESIAN_POINT ( 'NONE',  ( -27.91004321423616474, -4.000000000000005329, 4.825405605718502855 ) ) ;
#3499 = CARTESIAN_POINT ( 'NONE',  ( 3.271945184280919960, -55.58394528207168150, 11.33308565587159578 ) ) ;
#3500 = FACE_OUTER_BOUND ( 'NONE', #2702, .T. ) ;
#3501 = CARTESIAN_POINT ( 'NONE',  ( 20.00000000000000000, -4.000000000000003553, 6.029601188155566227 ) ) ;
#3502 = ORIENTED_EDGE ( 'NONE', *, *, #858, .T. ) ;
#3503 = FACE_OUTER_BOUND ( 'NONE', #540, .T. ) ;
#3504 = CARTESIAN_POINT ( 'NONE',  ( 16.00000000000000355, -1.301042606982605321E-15, 0.000000000000000000 ) ) ;
#3505 = ORIENTED_EDGE ( 'NONE', *, *, #3385, .T. ) ;
#3506 = EDGE_CURVE ( 'NONE', #957, #3107, #1655, .T. ) ;
#3507 = EDGE_LOOP ( 'NONE', ( #2153, #3502, #1714, #3137 ) ) ;
#3508 = DIRECTION ( 'NONE',  ( 0.9851714310094181748, 0.000000000000000000, -0.1715728752537981627 ) ) ;
#3509 = LINE ( 'NONE', #1005, #1384 ) ;
#3510 = ORIENTED_EDGE ( 'NONE', *, *, #3070, .T. ) ;
#3511 = EDGE_CURVE ( 'NONE', #3299, #1866, #2986, .T. ) ;
#3512 = EDGE_CURVE ( 'NONE', #220, #860, #3270, .T. ) ;
#3513 = EDGE_LOOP ( 'NONE', ( #1873, #1519, #163, #1401 ) ) ;
#3514 = VECTOR ( 'NONE', #3847, 1000.000000000000000 ) ;
#3515 = DIRECTION ( 'NONE',  ( 1.000000000000000000, 0.000000000000000000, 0.000000000000000000 ) ) ;
#3516 = DIRECTION ( 'NONE',  ( -0.1390899611223747334, 0.9896764980577128501, -0.03456026486007358900 ) ) ;
#3517 = CARTESIAN_POINT ( 'NONE',  ( -1.999999999999994893, -79.00000000000001421, 18.80000000000000071 ) ) ;
#3518 = VERTEX_POINT ( 'NONE', #3706 ) ;
#3519 = DIRECTION ( 'NONE',  ( 0.000000000000000000, -1.000000000000000000, 6.667948958868846530E-17 ) ) ;
#3520 = DIRECTION ( 'NONE',  ( 1.000000000000000000, 1.020425574104004122E-16, 0.000000000000000000 ) ) ;
#3521 = DIRECTION ( 'NONE',  ( 1.000000000000000000, -6.036837696399288689E-14, 0.000000000000000000 ) ) ;
#3522 = ORIENTED_EDGE ( 'NONE', *, *, #2405, .F. ) ;
#3523 = CARTESIAN_POINT ( 'NONE',  ( -24.99999999999999645, -6.041646786573744876, 2.873531874514817286 ) ) ;
#3524 = LINE ( 'NONE', #277, #3067 ) ;
#3525 = VECTOR ( 'NONE', #1771, 1000.000000000000114 ) ;
#3526 = ORIENTED_EDGE ( 'NONE', *, *, #1836, .F. ) ;
#3527 = EDGE_LOOP ( 'NONE', ( #3011, #3571, #1978, #1550, #875, #4025, #2500 ) ) ;
#3528 = CARTESIAN_POINT ( 'NONE',  ( -23.21352852029637859, -55.15784977548234735, 3.450000000000007727 ) ) ;
#3529 = CIRCLE ( 'NONE', #1041, 2.999999999999999112 ) ;
#3530 =( BOUNDED_CURVE ( )  B_SPLINE_CURVE ( 3, ( #1549, #189, #893, #2477 ),
 .UNSPECIFIED., .F., .F. ) 
 B_SPLINE_CURVE_WITH_KNOTS ( ( 4, 4 ),
 ( 4.852015320544239785, 4.921828490623998853 ),
 .UNSPECIFIED. ) 
 CURVE ( )  GEOMETRIC_REPRESENTATION_ITEM ( )  RATIONAL_B_SPLINE_CURVE ( ( 1.000000000000000000, 0.9995938846793972488, 0.9995938846793972488, 1.000000000000000000 ) ) 
 REPRESENTATION_ITEM ( '' )  );
#3531 = CARTESIAN_POINT ( 'NONE',  ( -19.81305697840542734, -44.63521902351835990, 6.187313213253005095 ) ) ;
#3532 = VECTOR ( 'NONE', #909, 1000.000000000000000 ) ;
#3533 = EDGE_LOOP ( 'NONE', ( #1109, #3407, #509, #3871 ) ) ;
#3534 = AXIS2_PLACEMENT_3D ( 'NONE', #795, #3618, #160 ) ;
#3535 = EDGE_CURVE ( 'NONE', #3567, #3185, #1203, .T. ) ;
#3536 = CARTESIAN_POINT ( 'NONE',  ( -7.634986425665450938, -12.91233573472583274, 2.838693404935115350 ) ) ;
#3537 = EDGE_CURVE ( 'NONE', #3185, #2972, #1168, .T. ) ;
#3538 = CARTESIAN_POINT ( 'NONE',  ( -22.13284074983661043, -86.10469849010755183, -3.099847599695185085 ) ) ;
#3539 = EDGE_LOOP ( 'NONE', ( #1637, #3088, #3159, #3715, #986, #2139, #3173, #930, #3995, #2745, #1086 ) ) ;
#3540 = CIRCLE ( 'NONE', #2265, 1.800000000000000266 ) ;
#3541 = CARTESIAN_POINT ( 'NONE',  ( 7.019263503250761538, -89.00000000000000000, 9.166320350459185917 ) ) ;
#3542 = EDGE_CURVE ( 'NONE', #3959, #3177, #842, .T. ) ;
#3543 = LINE ( 'NONE', #3212, #1382 ) ;
#3544 = CARTESIAN_POINT ( 'NONE',  ( 21.39764696464030891, -10.02337247952466903, -3.099999999999988987 ) ) ;
#3545 = VECTOR ( 'NONE', #491, 1000.000000000000000 ) ;
#3546 = VECTOR ( 'NONE', #594, 1000.000000000000114 ) ;
#3547 = CARTESIAN_POINT ( 'NONE',  ( -18.99329594100774443, 0.000000000000000000, 6.029601188155562674 ) ) ;
#3548 = CARTESIAN_POINT ( 'NONE',  ( -24.93718924729025943, -6.324666540698310691, 2.929025919338181350 ) ) ;
#3549 = ORIENTED_EDGE ( 'NONE', *, *, #2141, .F. ) ;
#3550 = ORIENTED_EDGE ( 'NONE', *, *, #773, .F. ) ;
#3551 = DIRECTION ( 'NONE',  ( 0.000000000000000000, 0.000000000000000000, -1.000000000000000000 ) ) ;
#3552 = CARTESIAN_POINT ( 'NONE',  ( -17.60023214523826240, -85.92318992385848730, 12.26344306449217036 ) ) ;
#3553 = ORIENTED_EDGE ( 'NONE', *, *, #3820, .T. ) ;
#3554 = ORIENTED_EDGE ( 'NONE', *, *, #1068, .F. ) ;
#3555 = CYLINDRICAL_SURFACE ( 'NONE', #618, 1.799999999999998712 ) ;
#3556 = CARTESIAN_POINT ( 'NONE',  ( -1.999999999999994893, -79.00000000000001421, 18.80000000000000071 ) ) ;
#3557 = CARTESIAN_POINT ( 'NONE',  ( -16.12918348404367563, -85.89530150989250501, 12.39158153968558018 ) ) ;
#3558 = EDGE_LOOP ( 'NONE', ( #2311, #1473, #1135, #1555 ) ) ;
#3559 = EDGE_CURVE ( 'NONE', #2454, #2204, #3075, .T. ) ;
#3560 = DIRECTION ( 'NONE',  ( 1.000000000000000000, 4.625929269271485914E-16, 5.384700323245298833E-18 ) ) ;
#3561 = DIRECTION ( 'NONE',  ( -0.000000000000000000, -0.000000000000000000, -1.000000000000000000 ) ) ;
#3562 = CARTESIAN_POINT ( 'NONE',  ( -20.46006912905055586, -4.000000000000003553, 6.029601188155563563 ) ) ;
#3563 = EDGE_CURVE ( 'NONE', #1505, #665, #2382, .T. ) ;
#3564 = EDGE_CURVE ( 'NONE', #3936, #3053, #1711, .T. ) ;
#3565 = CARTESIAN_POINT ( 'NONE',  ( 17.61543401526208186, -1.674158340589607441, 18.75307614223173402 ) ) ;
#3566 = CARTESIAN_POINT ( 'NONE',  ( 19.65599645238902937, -3.583583212787666117, 17.19971416055743418 ) ) ;
#3567 = VERTEX_POINT ( 'NONE', #453 ) ;
#3568 = VERTEX_POINT ( 'NONE', #1731 ) ;
#3569 = CARTESIAN_POINT ( 'NONE',  ( -3.001554622332061051, -84.19499821957543872, 8.830072235372485423 ) ) ;
#3570 = CARTESIAN_POINT ( 'NONE',  ( -20.31990435989902366, -4.000000000000006217, 12.63832553457315200 ) ) ;
#3571 = ORIENTED_EDGE ( 'NONE', *, *, #1499, .T. ) ;
#3572 = CARTESIAN_POINT ( 'NONE',  ( -21.00519964705281950, -18.10813550421822882, -3.099999999999988987 ) ) ;
#3573 = DIRECTION ( 'NONE',  ( 0.000000000000000000, 0.000000000000000000, 1.000000000000000000 ) ) ;
#3574 = CARTESIAN_POINT ( 'NONE',  ( -24.22412934677631569, -5.077619785315211409, 7.684676231646177413 ) ) ;
#3575 = ORIENTED_EDGE ( 'NONE', *, *, #3629, .T. ) ;
#3576 = CARTESIAN_POINT ( 'NONE',  ( 6.445208052553740963, -88.99999999999998579, 9.977226076663109566 ) ) ;
#3577 = CARTESIAN_POINT ( 'NONE',  ( 7.479544256999167473, -85.52256832802214603, 9.495491242815711885 ) ) ;
#3578 = CARTESIAN_POINT ( 'NONE',  ( -1.623466631435290353, -4.000000000000000000, 0.000000000000000000 ) ) ;
#3579 = CARTESIAN_POINT ( 'NONE',  ( -3.774953580563864985, -74.43649349593616193, 8.489297741334146608 ) ) ;
#3580 = CARTESIAN_POINT ( 'NONE',  ( -19.13466826877932547, -89.00000000000001421, 18.80000000000000071 ) ) ;
#3581 = EDGE_CURVE ( 'NONE', #2669, #1276, #3007, .T. ) ;
#3582 = EDGE_CURVE ( 'NONE', #3857, #4018, #2085, .T. ) ;
#3583 = ORIENTED_EDGE ( 'NONE', *, *, #911, .T. ) ;
#3584 = ORIENTED_EDGE ( 'NONE', *, *, #437, .F. ) ;
#3585 = DIRECTION ( 'NONE',  ( 0.9993908270190953180, 0.03489949670251165509, -0.000000000000000000 ) ) ;
#3586 = VECTOR ( 'NONE', #1832, 1000.000000000000114 ) ;
#3587 = CARTESIAN_POINT ( 'NONE',  ( -18.85035861863692475, -89.00000000000001421, 7.678856171332950176 ) ) ;
#3588 = EDGE_LOOP ( 'NONE', ( #443, #4084 ) ) ;
#3589 = ORIENTED_EDGE ( 'NONE', *, *, #2910, .F. ) ;
#3590 = AXIS2_PLACEMENT_3D ( 'NONE', #3109, #2772, #3158 ) ;
#3591 = CARTESIAN_POINT ( 'NONE',  ( -24.99999999999999289, -4.370417172703391806, -3.099847599695185085 ) ) ;
#3592 = CARTESIAN_POINT ( 'NONE',  ( 3.200000000000001954, 25.00000000000000000, 17.00000000000000355 ) ) ;
#3593 = CARTESIAN_POINT ( 'NONE',  ( -24.99999999999999289, -3.337716754084677273, 7.419505367818866937 ) ) ;
#3594 = ORIENTED_EDGE ( 'NONE', *, *, #3176, .F. ) ;
#3595 = FACE_OUTER_BOUND ( 'NONE', #2707, .T. ) ;
#3596 = VECTOR ( 'NONE', #421, 1000.000000000000000 ) ;
#3597 = CARTESIAN_POINT ( 'NONE',  ( 4.700842221539073051, -65.75107599738282715, 3.000000000000001776 ) ) ;
#3598 = AXIS2_PLACEMENT_3D ( 'NONE', #3163, #1876, #2194 ) ;
#3599 = AXIS2_PLACEMENT_3D ( 'NONE', #3191, #3485, #296 ) ;
#3600 = CARTESIAN_POINT ( 'NONE',  ( -9.316995701405755170, -27.41447247252850872, 6.847252584139605247 ) ) ;
#3601 = DIRECTION ( 'NONE',  ( 1.000000000000000000, 0.000000000000000000, 0.000000000000000000 ) ) ;
#3602 = AXIS2_PLACEMENT_3D ( 'NONE', #1149, #4054, #844 ) ;
#3603 = EDGE_LOOP ( 'NONE', ( #2583, #4050, #3493, #3018 ) ) ;
#3604 = VERTEX_POINT ( 'NONE', #2472 ) ;
#3605 = ADVANCED_FACE ( 'NONE', ( #2222 ), #4082, .T. ) ;
#3606 = DIRECTION ( 'NONE',  ( -0.000000000000000000, -0.000000000000000000, 1.000000000000000000 ) ) ;
#3607 = FACE_BOUND ( 'NONE', #1531, .T. ) ;
#3608 = EDGE_LOOP ( 'NONE', ( #3268, #111, #460, #2053 ) ) ;
#3609 = ORIENTED_EDGE ( 'NONE', *, *, #2458, .F. ) ;
#3610 = EDGE_CURVE ( 'NONE', #1048, #629, #1590, .T. ) ;
#3611 = EDGE_CURVE ( 'NONE', #2880, #1402, #3770, .T. ) ;
#3612 = DIRECTION ( 'NONE',  ( 1.000000000000000000, 1.020425574104004122E-16, 0.000000000000000000 ) ) ;
#3613 = CARTESIAN_POINT ( 'NONE',  ( -23.09302302659622796, -4.000000000000005329, 11.25051223126640743 ) ) ;
#3614 = FACE_OUTER_BOUND ( 'NONE', #3201, .T. ) ;
#3615 = DIRECTION ( 'NONE',  ( 0.000000000000000000, -1.000000000000000000, -1.734723475976806848E-16 ) ) ;
#3616 = VERTEX_POINT ( 'NONE', #611 ) ;
#3617 = CARTESIAN_POINT ( 'NONE',  ( 0.4974691126510177863, -85.89530150989247659, 12.39158153968558196 ) ) ;
#3618 = DIRECTION ( 'NONE',  ( 0.000000000000000000, -1.230300337572203386E-16, 1.000000000000000000 ) ) ;
#3619 = CARTESIAN_POINT ( 'NONE',  ( -7.634986425665450938, -12.79018749626707852, 6.336561299501950018 ) ) ;
#3620 = CARTESIAN_POINT ( 'NONE',  ( -21.36624050303779754, -59.34595313285799989, -3.099847599695185085 ) ) ;
#3621 = ORIENTED_EDGE ( 'NONE', *, *, #1305, .F. ) ;
#3622 = VERTEX_POINT ( 'NONE', #907 ) ;
#3623 = LINE ( 'NONE', #735, #755 ) ;
#3624 = CARTESIAN_POINT ( 'NONE',  ( -19.56733701440341378, -59.28313403879349863, 5.455560114759296475 ) ) ;
#3625 = ORIENTED_EDGE ( 'NONE', *, *, #1477, .F. ) ;
#3626 = ORIENTED_EDGE ( 'NONE', *, *, #674, .F. ) ;
#3627 = DIRECTION ( 'NONE',  ( -0.9902680687415695848, -0.1391731009600700175, -9.912705577010324563E-16 ) ) ;
#3628 = CYLINDRICAL_SURFACE ( 'NONE', #2921, 7.000000000000000888 ) ;
#3629 = EDGE_CURVE ( 'NONE', #571, #2248, #1901, .T. ) ;
#3630 = CARTESIAN_POINT ( 'NONE',  ( -23.29274381183174825, -4.094619327231901806, 10.50872150123624849 ) ) ;
#3631 = EDGE_CURVE ( 'NONE', #1715, #917, #2585, .T. ) ;
#3632 =( GEOMETRIC_REPRESENTATION_CONTEXT ( 3 ) GLOBAL_UNCERTAINTY_ASSIGNED_CONTEXT ( ( #2501 ) ) GLOBAL_UNIT_ASSIGNED_CONTEXT ( ( #1871, #4089, #535 ) ) REPRESENTATION_CONTEXT ( 'NONE', 'WORKASPACE' ) );
#3633 = ORIENTED_EDGE ( 'NONE', *, *, #653, .F. ) ;
#3634 = VECTOR ( 'NONE', #1889, 1000.000000000000000 ) ;
#3635 = LINE ( 'NONE', #1395, #3659 ) ;
#3636 = CARTESIAN_POINT ( 'NONE',  ( -20.99821974771231936, -18.30801366962205279, -3.099847599695185085 ) ) ;
#3637 = CARTESIAN_POINT ( 'NONE',  ( -24.95551429302824786, -1.999999999999996669, 16.31471862576139742 ) ) ;
#3638 = LINE ( 'NONE', #1098, #2978 ) ;
#3639 = FACE_OUTER_BOUND ( 'NONE', #1987, .T. ) ;
#3640 = FACE_OUTER_BOUND ( 'NONE', #3810, .T. ) ;
#3641 = ORIENTED_EDGE ( 'NONE', *, *, #2589, .F. ) ;
#3642 = ORIENTED_EDGE ( 'NONE', *, *, #3360, .F. ) ;
#3643 = CARTESIAN_POINT ( 'NONE',  ( -24.95651246249135369, -6.386517523560790721, 3.882232478630405215 ) ) ;
#3644 = CARTESIAN_POINT ( 'NONE',  ( -0.001777275003316675095, -82.46512711762599679, 8.769663805370871756 ) ) ;
#3645 = DIRECTION ( 'NONE',  ( 0.03489949670251163427, -0.9993908270190953180, 0.000000000000000000 ) ) ;
#3646 = VERTEX_POINT ( 'NONE', #4051 ) ;
#3647 = ORIENTED_EDGE ( 'NONE', *, *, #1947, .T. ) ;
#3648 = DIRECTION ( 'NONE',  ( -2.328499085754696338E-18, 6.667948958868846530E-17, 1.000000000000000000 ) ) ;
#3649 = VECTOR ( 'NONE', #1398, 1000.000000000000000 ) ;
#3650 = DIRECTION ( 'NONE',  ( -0.000000000000000000, -0.000000000000000000, 1.000000000000000000 ) ) ;
#3651 = CARTESIAN_POINT ( 'NONE',  ( -16.12918348404367563, -85.89530150989250501, 12.39158153968558018 ) ) ;
#3652 = CARTESIAN_POINT ( 'NONE',  ( -24.99999999999999289, -2.745639800911197526, 8.484700332931032207 ) ) ;
#3653 = VERTEX_POINT ( 'NONE', #4118 ) ;
#3654 = ADVANCED_FACE ( 'NONE', ( #3456 ), #565, .F. ) ;
#3655 = APPLICATION_CONTEXT ( 'automotive_design' ) ;
#3656 = DIRECTION ( 'NONE',  ( -0.000000000000000000, -0.000000000000000000, 1.000000000000000000 ) ) ;
#3657 = AXIS2_PLACEMENT_3D ( 'NONE', #2421, #137, #839 ) ;
#3658 = CYLINDRICAL_SURFACE ( 'NONE', #1394, 2.999999999999999556 ) ;
#3659 = VECTOR ( 'NONE', #407, 1000.000000000000000 ) ;
#3660 = AXIS2_PLACEMENT_3D ( 'NONE', #4020, #1155, #2433 ) ;
#3661 = EDGE_CURVE ( 'NONE', #3735, #825, #2535, .T. ) ;
#3662 = DIRECTION ( 'NONE',  ( -0.9659258262890674240, 0.2588190451025242922, 0.000000000000000000 ) ) ;
#3663 = DIRECTION ( 'NONE',  ( 1.000000000000000000, 1.020425574104004246E-16, -0.000000000000000000 ) ) ;
#3664 = DIRECTION ( 'NONE',  ( 0.000000000000000000, 1.000000000000000000, 0.000000000000000000 ) ) ;
#3665 = DIRECTION ( 'NONE',  ( -1.000000000000000000, 0.000000000000000000, 0.000000000000000000 ) ) ;
#3666 = VERTEX_POINT ( 'NONE', #1854 ) ;
#3667 = ORIENTED_EDGE ( 'NONE', *, *, #3484, .T. ) ;
#3668 = VECTOR ( 'NONE', #1526, 1000.000000000000000 ) ;
#3669 = CARTESIAN_POINT ( 'NONE',  ( -24.90586492757091719, -6.235206247836710070, 4.696709791282695612 ) ) ;
#3670 = LINE ( 'NONE', #784, #1579 ) ;
#3671 = AXIS2_PLACEMENT_3D ( 'NONE', #2244, #3792, #251 ) ;
#3672 = DIRECTION ( 'NONE',  ( 0.000000000000000000, 0.000000000000000000, -1.000000000000000000 ) ) ;
#3673 = ORIENTED_EDGE ( 'NONE', *, *, #774, .T. ) ;
#3674 = ORIENTED_EDGE ( 'NONE', *, *, #2863, .F. ) ;
#3675 = VECTOR ( 'NONE', #446, 1000.000000000000114 ) ;
#3676 = CARTESIAN_POINT ( 'NONE',  ( -24.99999999999999645, -4.508056600588664864, -0.06547404943439769087 ) ) ;
#3677 = DIRECTION ( 'NONE',  ( -0.03489949670251230734, 0.9993908270190954291, 0.000000000000000000 ) ) ;
#3678 = CYLINDRICAL_SURFACE ( 'NONE', #2524, 2.999999999999999112 ) ;
#3679 = ORIENTED_EDGE ( 'NONE', *, *, #3564, .T. ) ;
#3680 = DIRECTION ( 'NONE',  ( -0.9993908270190953180, -0.03489949670251039221, 0.000000000000000000 ) ) ;
#3681 = CARTESIAN_POINT ( 'NONE',  ( 6.800000000000000711, 25.00000000000000000, 17.00000000000000355 ) ) ;
#3682 = FACE_OUTER_BOUND ( 'NONE', #1754, .T. ) ;
#3683 = ADVANCED_FACE ( 'NONE', ( #1543 ), #2826, .T. ) ;
#3684 = DIRECTION ( 'NONE',  ( 1.000000000000000000, 1.020425574104004122E-16, -0.000000000000000000 ) ) ;
#3685 = DIRECTION ( 'NONE',  ( 0.03489949670251181468, -0.9993908270190953180, 0.000000000000000000 ) ) ;
#3686 = LINE ( 'NONE', #162, #500 ) ;
#3687 = FACE_OUTER_BOUND ( 'NONE', #3800, .T. ) ;
#3688 = EDGE_CURVE ( 'NONE', #737, #882, #1841, .T. ) ;
#3689 = EDGE_CURVE ( 'NONE', #2388, #1719, #559, .T. ) ;
#3690 = VERTEX_POINT ( 'NONE', #1565 ) ;
#3691 = CARTESIAN_POINT ( 'NONE',  ( -24.54777543796592454, -5.533700762599750966, 6.601644911167513285 ) ) ;
#3692 = CARTESIAN_POINT ( 'NONE',  ( 5.000000000000000888, 25.00000000000000000, 18.80000000000000071 ) ) ;
#3693 = CARTESIAN_POINT ( 'NONE',  ( 17.00000000000000000, 30.00000000000000000, 18.80000000000000071 ) ) ;
#3694 = ORIENTED_EDGE ( 'NONE', *, *, #1259, .F. ) ;
#3695 = ORIENTED_EDGE ( 'NONE', *, *, #3745, .F. ) ;
#3696 = CARTESIAN_POINT ( 'NONE',  ( -25.00000000000582290, -4.894463936183879760, 0.9691577587233708435 ) ) ;
#3697 = FACE_BOUND ( 'NONE', #3115, .T. ) ;
#3698 = CARTESIAN_POINT ( 'NONE',  ( -4.935597015539184573E-16, -3.414213562373100253, 17.38578643762689069 ) ) ;
#3699 = B_SPLINE_CURVE_WITH_KNOTS ( 'NONE', 3,
 ( #1205, #1535, #3409, #1222, #2119, #2856, #1490, #1553, #534, #1576, #4067, #4129, #1269, #2503, #3086, #3430 ),
 .UNSPECIFIED., .F., .F.,
 ( 4, 2, 2, 2, 2, 2, 2, 4 ),
 ( 0.004332609505691538410, 0.005006214181871578711, 0.005679818858051618145, 0.007027028210411661452, 0.007700632886591667059, 0.008374237562771672666, 0.009047842238951678273, 0.009721446915131683880 ),
 .UNSPECIFIED. ) ;
#3700 = DIRECTION ( 'NONE',  ( 1.000000000000000000, 0.000000000000000000, 0.000000000000000000 ) ) ;
#3701 = EDGE_LOOP ( 'NONE', ( #2857, #81, #1450, #1646 ) ) ;
#3702 = LINE ( 'NONE', #1095, #847 ) ;
#3703 = FACE_OUTER_BOUND ( 'NONE', #489, .T. ) ;
#3704 = CARTESIAN_POINT ( 'NONE',  ( -24.99999999999998934, -3.796032974675280336, 6.746714810943884366 ) ) ;
#3705 = CARTESIAN_POINT ( 'NONE',  ( -22.98517143100941595, -3.414213562373096700, 17.38578643762689069 ) ) ;
#3706 = CARTESIAN_POINT ( 'NONE',  ( 3.941975981525931871, -85.49999999999998579, 0.000000000000000000 ) ) ;
#3707 = CARTESIAN_POINT ( 'NONE',  ( 6.799999999999999822, 25.00000000000000000, -18.80000000000000782 ) ) ;
#3708 = DIRECTION ( 'NONE',  ( -0.9993908270190953180, -0.03489949670251165509, 0.000000000000000000 ) ) ;
#3709 = ORIENTED_EDGE ( 'NONE', *, *, #1169, .T. ) ;
#3710 = AXIS2_PLACEMENT_3D ( 'NONE', #1956, #1008, #3515 ) ;
#3711 = EDGE_CURVE ( 'NONE', #3185, #1825, #3458, .T. ) ;
#3712 = EDGE_CURVE ( 'NONE', #2517, #1291, #3187, .T. ) ;
#3713 = LINE ( 'NONE', #2136, #3394 ) ;
#3714 = LINE ( 'NONE', #4105, #2390 ) ;
#3715 = ORIENTED_EDGE ( 'NONE', *, *, #1704, .F. ) ;
#3716 = EDGE_LOOP ( 'NONE', ( #2220, #4060, #1027, #2606, #2182, #175, #1619 ) ) ;
#3717 = EDGE_CURVE ( 'NONE', #3436, #3735, #1812, .T. ) ;
#3718 = DIRECTION ( 'NONE',  ( -0.2586719321207320843, -0.9653767931665648838, 0.03371170046685226240 ) ) ;
#3719 = CARTESIAN_POINT ( 'NONE',  ( -24.73137695871169583, -5.845689658589185989, 5.828132305969397464 ) ) ;
#3720 = DIRECTION ( 'NONE',  ( 0.000000000000000000, 0.000000000000000000, 1.000000000000000000 ) ) ;
#3721 = DIRECTION ( 'NONE',  ( 2.919619327894532928E-16, 1.688244063004756192E-31, -1.000000000000000000 ) ) ;
#3722 = EDGE_LOOP ( 'NONE', ( #4021, #2558, #584, #1361 ) ) ;
#3723 = DIRECTION ( 'NONE',  ( -2.152568043719244208E-17, 0.03489949670250105246, 0.9993908270190957621 ) ) ;
#3724 = CARTESIAN_POINT ( 'NONE',  ( -24.99999999999999289, -5.874089136909582010, 4.086410322027810516 ) ) ;
#3725 = DIRECTION ( 'NONE',  ( 1.000000000000000000, -2.891205793294678326E-16, -5.684973091544555530E-16 ) ) ;
#3726 = VECTOR ( 'NONE', #217, 1000.000000000000000 ) ;
#3727 = CARTESIAN_POINT ( 'NONE',  ( -22.79712323634670312, -18.37083276368657536, -3.099847599695185085 ) ) ;
#3728 = DIRECTION ( 'NONE',  ( 1.000000000000000000, -1.445602896647339656E-16, 0.000000000000000000 ) ) ;
#3729 = VECTOR ( 'NONE', #1452, 1000.000000000000114 ) ;
#3730 = CIRCLE ( 'NONE', #3202, 2.999999999999999112 ) ;
#3731 = ORIENTED_EDGE ( 'NONE', *, *, #2089, .T. ) ;
#3732 = CARTESIAN_POINT ( 'NONE',  ( -24.99999999999999289, -5.219588545826833403, 5.000878403233115499 ) ) ;
#3733 = DIRECTION ( 'NONE',  ( -1.000000000000000000, 0.000000000000000000, -0.000000000000000000 ) ) ;
#3734 = CARTESIAN_POINT ( 'NONE',  ( 0.000000000000000000, 30.00000000000000000, 18.80000000000000071 ) ) ;
#3735 = VERTEX_POINT ( 'NONE', #3116 ) ;
#3736 = ADVANCED_FACE ( 'NONE', ( #4076 ), #1, .T. ) ;
#3737 = VECTOR ( 'NONE', #525, 1000.000000000000000 ) ;
#3738 = EDGE_LOOP ( 'NONE', ( #414, #3679, #3641, #2590, #846 ) ) ;
#3739 = CARTESIAN_POINT ( 'NONE',  ( -24.97729329301485635, -4.650235012447156535, -0.1113657281274868238 ) ) ;
#3740 = VECTOR ( 'NONE', #3809, 1000.000000000000227 ) ;
#3741 = CYLINDRICAL_SURFACE ( 'NONE', #1650, 3.000000000000000000 ) ;
#3742 = CARTESIAN_POINT ( 'NONE',  ( -6.000000000000000000, -79.00000000000001421, 8.648658900036650721 ) ) ;
#3743 = AXIS2_PLACEMENT_3D ( 'NONE', #3370, #2696, #2442 ) ;
#3744 = ADVANCED_FACE ( 'NONE', ( #56 ), #2371, .T. ) ;
#3745 = EDGE_CURVE ( 'NONE', #3494, #1601, #417, .T. ) ;
#3746 = ORIENTED_EDGE ( 'NONE', *, *, #429, .T. ) ;
#3747 = DIRECTION ( 'NONE',  ( -0.9659258262890673130, 0.2588190451025246253, 0.000000000000000000 ) ) ;
#3748 = CARTESIAN_POINT ( 'NONE',  ( -6.144293759740838468, -3.999999999999998224, 9.531734593201445449 ) ) ;
#3749 = DIRECTION ( 'NONE',  ( 0.2077905067623292967, -0.9775774745778874619, 0.03413775765005936519 ) ) ;
#3750 = ORIENTED_EDGE ( 'NONE', *, *, #3506, .T. ) ;
#3751 = DIRECTION ( 'NONE',  ( 0.9993908270190953180, 0.03489949670251209224, 0.000000000000000000 ) ) ;
#3752 = CYLINDRICAL_SURFACE ( 'NONE', #3932, 7.000000000000002665 ) ;
#3753 = CARTESIAN_POINT ( 'NONE',  ( -18.65182388137579395, -85.50000000000000000, -3.099847599695185085 ) ) ;
#3754 = ORIENTED_EDGE ( 'NONE', *, *, #1145, .F. ) ;
#3755 = CARTESIAN_POINT ( 'NONE',  ( -5.279662784722490620, -89.00000000000001421, 6.029601188155564451 ) ) ;
#3756 = CARTESIAN_POINT ( 'NONE',  ( -3.626425419873243072, -56.67441545332316366, 7.869032308313620661 ) ) ;
#3757 = DIRECTION ( 'NONE',  ( 1.000000000000000000, 0.000000000000000000, -0.000000000000000000 ) ) ;
#3758 = ORIENTED_EDGE ( 'NONE', *, *, #863, .T. ) ;
#3759 = ORIENTED_EDGE ( 'NONE', *, *, #827, .F. ) ;
#3760 = LINE ( 'NONE', #1445, #3775 ) ;
#3761 = DIRECTION ( 'NONE',  ( 1.000000000000000000, 1.020425574104004122E-16, 0.000000000000000000 ) ) ;
#3762 = DIRECTION ( 'NONE',  ( 1.000000000000000000, 1.020425574104004122E-16, 0.000000000000000000 ) ) ;
#3763 = ORIENTED_EDGE ( 'NONE', *, *, #1039, .F. ) ;
#3764 = EDGE_CURVE ( 'NONE', #209, #3199, #1959, .T. ) ;
#3765 = EDGE_CURVE ( 'NONE', #3887, #664, #2708, .T. ) ;
#3766 = CARTESIAN_POINT ( 'NONE',  ( 2.980526126659240216, -4.000000000000000888, 7.619120960946384358 ) ) ;
#3767 = CARTESIAN_POINT ( 'NONE',  ( -24.99999999999999289, -2.577029499311446425, 8.858557643974677376 ) ) ;
#3768 = ORIENTED_EDGE ( 'NONE', *, *, #263, .F. ) ;
#3769 = CARTESIAN_POINT ( 'NONE',  ( -20.17803646416427910, -4.000000000000006217, 12.63832553457089958 ) ) ;
#3770 = LINE ( 'NONE', #887, #3193 ) ;
#3771 = DIRECTION ( 'NONE',  ( 1.000000000000000000, 1.020425574104004122E-16, 0.000000000000000000 ) ) ;
#3772 = CARTESIAN_POINT ( 'NONE',  ( -2.015565763815231115, -30.32028517140268065, 3.478635849958810589 ) ) ;
#3773 = ORIENTED_EDGE ( 'NONE', *, *, #1588, .T. ) ;
#3774 = CARTESIAN_POINT ( 'NONE',  ( -24.99999999999999289, -5.847719827744368715, 3.105920997503527126 ) ) ;
#3775 = VECTOR ( 'NONE', #3386, 1000.000000000000114 ) ;
#3776 = DIRECTION ( 'NONE',  ( 1.000000000000000000, 1.020425574104004122E-16, -0.000000000000000000 ) ) ;
#3777 = ORIENTED_EDGE ( 'NONE', *, *, #1561, .F. ) ;
#3778 = VERTEX_POINT ( 'NONE', #1088 ) ;
#3779 = CARTESIAN_POINT ( 'NONE',  ( -0.3548884504008392171, -54.92622091987951194, 3.000000000000002665 ) ) ;
#3780 = DIRECTION ( 'NONE',  ( -1.020425574104004122E-16, 1.000000000000000000, 0.000000000000000000 ) ) ;
#3781 = CARTESIAN_POINT ( 'NONE',  ( 0.000000000000000000, 0.000000000000000000, 0.000000000000000000 ) ) ;
#3782 = ORIENTED_EDGE ( 'NONE', *, *, #3661, .T. ) ;
#3783 = LINE ( 'NONE', #902, #2923 ) ;
#3784 = CARTESIAN_POINT ( 'NONE',  ( 4.029379739298672547, -4.000000000000000888, 5.178244067092220071 ) ) ;
#3785 = DIRECTION ( 'NONE',  ( 0.03489949670251163427, -0.9993908270190953180, 6.672013369141561766E-17 ) ) ;
#3786 = ORIENTED_EDGE ( 'NONE', *, *, #488, .F. ) ;
#3787 = EDGE_CURVE ( 'NONE', #2387, #2909, #2591, .T. ) ;
#3788 = CARTESIAN_POINT ( 'NONE',  ( -19.72806794531282648, -3.999999999995518252, 9.547310405620409668 ) ) ;
#3789 = CARTESIAN_POINT ( 'NONE',  ( 20.00000000000000000, 30.00000000000000000, 18.80000000000000071 ) ) ;
#3790 = LINE ( 'NONE', #250, #3532 ) ;
#3791 = AXIS2_PLACEMENT_3D ( 'NONE', #1738, #3733, #1440 ) ;
#3792 = DIRECTION ( 'NONE',  ( -1.445602896647339410E-16, -1.000000000000000000, 0.000000000000000000 ) ) ;
#3793 = ADVANCED_FACE ( 'NONE', ( #1340 ), #2619, .F. ) ;
#3794 = EDGE_LOOP ( 'NONE', ( #2950, #1032, #1006, #1108 ) ) ;
#3795 = VECTOR ( 'NONE', #3072, 1000.000000000000000 ) ;
#3796 = CARTESIAN_POINT ( 'NONE',  ( -18.99329594100774443, -4.000000000000003553, 6.029601188155562674 ) ) ;
#3797 = LINE ( 'NONE', #916, #1463 ) ;
#3798 = AXIS2_PLACEMENT_3D ( 'NONE', #182, #2361, #3662 ) ;
#3799 = ORIENTED_EDGE ( 'NONE', *, *, #964, .F. ) ;
#3800 = EDGE_LOOP ( 'NONE', ( #396, #3844, #2230, #1797, #3905 ) ) ;
#3801 = CARTESIAN_POINT ( 'NONE',  ( 4.517160185136440020, -86.00000000000000000, 5.410411008545319866 ) ) ;
#3802 = DIRECTION ( 'NONE',  ( 0.000000000000000000, -0.000000000000000000, 1.000000000000000000 ) ) ;
#3803 = ORIENTED_EDGE ( 'NONE', *, *, #2990, .F. ) ;
#3804 = ORIENTED_EDGE ( 'NONE', *, *, #1336, .T. ) ;
#3805 = CIRCLE ( 'NONE', #1992, 3.000000000000000888 ) ;
#3806 = DIRECTION ( 'NONE',  ( 0.000000000000000000, 0.000000000000000000, 1.000000000000000000 ) ) ;
#3808 = AXIS2_PLACEMENT_3D ( 'NONE', #3544, #2341, #75 ) ;
#3807 = CARTESIAN_POINT ( 'NONE',  ( 15.00000000000000000, 0.000000000000000000, 17.00000000000000000 ) ) ;
#3809 = DIRECTION ( 'NONE',  ( 0.9993908270190953180, 0.03489949670251165509, -0.000000000000000000 ) ) ;
#3810 = EDGE_LOOP ( 'NONE', ( #3216, #1908, #2018, #1623 ) ) ;
#3811 = AXIS2_PLACEMENT_3D ( 'NONE', #1238, #938, #321 ) ;
#3812 = CARTESIAN_POINT ( 'NONE',  ( -26.57712751263805018, -4.000000000000005329, 8.493133560827175188 ) ) ;
#3813 = CARTESIAN_POINT ( 'NONE',  ( 12.00000000000000355, 10.99999999999999822, 10.00000000000000000 ) ) ;
#3814 = DIRECTION ( 'NONE',  ( 0.2079116908177498224, -0.9781476007338075762, 0.000000000000000000 ) ) ;
#3815 = ADVANCED_FACE ( 'NONE', ( #630 ), #3890, .F. ) ;
#3816 = ORIENTED_EDGE ( 'NONE', *, *, #2030, .F. ) ;
#3817 = CARTESIAN_POINT ( 'NONE',  ( 6.092573231139764900, -75.65375668479852322, 3.000000000000000000 ) ) ;
#3818 = LINE ( 'NONE', #3464, #4139 ) ;
#3819 = EDGE_CURVE ( 'NONE', #553, #3277, #219, .T. ) ;
#3820 = EDGE_CURVE ( 'NONE', #2853, #3003, #1508, .T. ) ;
#3821 = VERTEX_POINT ( 'NONE', #3408 ) ;
#3822 = ORIENTED_EDGE ( 'NONE', *, *, #3688, .F. ) ;
#3823 = CARTESIAN_POINT ( 'NONE',  ( 19.54662156086031999, -3.414213562373101585, 17.38578643762689069 ) ) ;
#3824 = DIRECTION ( 'NONE',  ( 0.000000000000000000, 1.000000000000000000, 0.000000000000000000 ) ) ;
#3825 = ORIENTED_EDGE ( 'NONE', *, *, #3988, .T. ) ;
#3826 = ORIENTED_EDGE ( 'NONE', *, *, #77, .T. ) ;
#3827 = CARTESIAN_POINT ( 'NONE',  ( -20.46006912905055586, 0.000000000000000000, 6.029601188155563563 ) ) ;
#3828 = FACE_OUTER_BOUND ( 'NONE', #890, .T. ) ;
#3829 = DIRECTION ( 'NONE',  ( 0.000000000000000000, 0.000000000000000000, -1.000000000000000000 ) ) ;
#3830 = ORIENTED_EDGE ( 'NONE', *, *, #30, .T. ) ;
#3831 = DIRECTION ( 'NONE',  ( 1.000000000000000000, -1.445602896647339410E-16, -0.000000000000000000 ) ) ;
#3832 = LINE ( 'NONE', #3813, #422 ) ;
#3833 = CARTESIAN_POINT ( 'NONE',  ( -23.44037524886270418, -48.66180939985822107, -3.099847599695185085 ) ) ;
#3834 = VERTEX_POINT ( 'NONE', #2118 ) ;
#3835 = CARTESIAN_POINT ( 'NONE',  ( -21.49786659495411811, 0.000000000000000000, 4.991803722252002196 ) ) ;
#3836 = CARTESIAN_POINT ( 'NONE',  ( -0.001777275003316675095, -82.46512711762599679, 8.769663805370871756 ) ) ;
#3837 = VERTEX_POINT ( 'NONE', #3429 ) ;
#3838 = ORIENTED_EDGE ( 'NONE', *, *, #3957, .F. ) ;
#3839 = EDGE_CURVE ( 'NONE', #1968, #2547, #1882, .T. ) ;
#3840 = ADVANCED_FACE ( 'NONE', ( #829, #3134 ), #2159, .T. ) ;
#3841 = LINE ( 'NONE', #897, #2365 ) ;
#3842 = CARTESIAN_POINT ( 'NONE',  ( -21.93138319806331538, -89.00000000000000000, 7.840633629561848394 ) ) ;
#3843 = VERTEX_POINT ( 'NONE', #2077 ) ;
#3844 = ORIENTED_EDGE ( 'NONE', *, *, #698, .T. ) ;
#3845 = EDGE_CURVE ( 'NONE', #3887, #3604, #1821, .T. ) ;
#3846 =( BOUNDED_CURVE ( )  B_SPLINE_CURVE ( 3, ( #79, #2657, #3934, #1000 ),
 .UNSPECIFIED., .F., .F. ) 
 B_SPLINE_CURVE_WITH_KNOTS ( ( 4, 4 ),
 ( 1.816778095100008095, 3.382717331619360390 ),
 .UNSPECIFIED. ) 
 CURVE ( )  GEOMETRIC_REPRESENTATION_ITEM ( )  RATIONAL_B_SPLINE_CURVE ( ( 1.000000000000000000, 0.8058812900243937927, 0.8058812900243937927, 1.000000000000000000 ) ) 
 REPRESENTATION_ITEM ( '' )  );
#3847 = DIRECTION ( 'NONE',  ( -0.000000000000000000, 1.000000000000000000, -0.000000000000000000 ) ) ;
#3848 = CARTESIAN_POINT ( 'NONE',  ( -24.99999999999999289, -1.999999999999997335, 15.80000000000000426 ) ) ;
#3849 = DIRECTION ( 'NONE',  ( 0.000000000000000000, 1.000000000000000000, 0.000000000000000000 ) ) ;
#3850 = ORIENTED_EDGE ( 'NONE', *, *, #2427, .F. ) ;
#3851 = CARTESIAN_POINT ( 'NONE',  ( 4.010435636927062397, -89.00000000000000000, 7.417906814460462961 ) ) ;
#3852 = CARTESIAN_POINT ( 'NONE',  ( 0.9890258805715164137, -78.70397251541615447, 11.98028738602977583 ) ) ;
#3853 = FACE_OUTER_BOUND ( 'NONE', #4127, .T. ) ;
#3854 = VECTOR ( 'NONE', #3685, 1000.000000000000000 ) ;
#3855 = CARTESIAN_POINT ( 'NONE',  ( -5.513200932142710009, -30.65440597322211858, 6.960393555083685513 ) ) ;
#3856 = CARTESIAN_POINT ( 'NONE',  ( 0.5979528951618042765, -82.06214101657496940, 8.707100917566613418 ) ) ;
#3857 = VERTEX_POINT ( 'NONE', #2729 ) ;
#3858 = VERTEX_POINT ( 'NONE', #3084 ) ;
#3859 = DIRECTION ( 'NONE',  ( 0.9993908270190953180, 0.03489949670251181468, -0.000000000000000000 ) ) ;
#3860 = AXIS2_PLACEMENT_3D ( 'NONE', #2919, #4157, #387 ) ;
#3861 = CARTESIAN_POINT ( 'NONE',  ( -22.00470227464237638, -86.07681007614421276, 7.858972935091806278 ) ) ;
#3862 = EDGE_CURVE ( 'NONE', #2410, #3568, #1534, .T. ) ;
#3863 = VECTOR ( 'NONE', #244, 999.9999999999998863 ) ;
#3864 = ORIENTED_EDGE ( 'NONE', *, *, #739, .T. ) ;
#3865 = AXIS2_PLACEMENT_3D ( 'NONE', #1069, #3612, #2353 ) ;
#3866 = DIRECTION ( 'NONE',  ( 0.9993908270190953180, 0.03489949670251272368, 0.000000000000000000 ) ) ;
#3867 = LINE ( 'NONE', #991, #2981 ) ;
#3868 = EDGE_CURVE ( 'NONE', #3436, #957, #1466, .T. ) ;
#3869 = CARTESIAN_POINT ( 'NONE',  ( -19.56733701440341733, -59.28313403879348442, 5.704010999646810021 ) ) ;
#3870 = ADVANCED_FACE ( 'NONE', ( #211 ), #3364, .F. ) ;
#3871 = ORIENTED_EDGE ( 'NONE', *, *, #1045, .F. ) ;
#3872 = VECTOR ( 'NONE', #140, 1000.000000000000000 ) ;
#3873 = CARTESIAN_POINT ( 'NONE',  ( 0.4974691126510163985, -85.89530150989247659, 12.39158153968558373 ) ) ;
#3874 = VECTOR ( 'NONE', #3168, 1000.000000000000114 ) ;
#3875 = CARTESIAN_POINT ( 'NONE',  ( 0.1255165079117744331, -76.86256954425175536, 12.02233003557439694 ) ) ;
#3876 = DIRECTION ( 'NONE',  ( -0.03489949670251141917, 0.9993908270190953180, 0.000000000000000000 ) ) ;
#3877 = VECTOR ( 'NONE', #694, 1000.000000000000000 ) ;
#3878 = LINE ( 'NONE', #714, #2062 ) ;
#3879 = ORIENTED_EDGE ( 'NONE', *, *, #745, .T. ) ;
#3880 = ORIENTED_EDGE ( 'NONE', *, *, #3411, .T. ) ;
#3881 = DIRECTION ( 'NONE',  ( 0.000000000000000000, 0.000000000000000000, -1.000000000000000000 ) ) ;
#3882 = CARTESIAN_POINT ( 'NONE',  ( -21.52175708928352549, -89.00000000000001421, 8.946813896243446251 ) ) ;
#3883 = VERTEX_POINT ( 'NONE', #2394 ) ;
#3884 = ORIENTED_EDGE ( 'NONE', *, *, #3327, .F. ) ;
#3885 = CARTESIAN_POINT ( 'NONE',  ( -22.98517143100941595, -1.999999999999997335, 15.97157287525380021 ) ) ;
#3886 = CARTESIAN_POINT ( 'NONE',  ( -24.99999999999999289, -4.585488427865705319, 7.334109993288628893 ) ) ;
#3887 = VERTEX_POINT ( 'NONE', #4042 ) ;
#3888 = ADVANCED_FACE ( 'NONE', ( #3058 ), #1180, .T. ) ;
#3889 = ADVANCED_FACE ( 'NONE', ( #3037 ), #532, .F. ) ;
#3890 = CYLINDRICAL_SURFACE ( 'NONE', #972, 1.899999999999999023 ) ;
#3891 = CARTESIAN_POINT ( 'NONE',  ( 7.487964391361149552, -85.58248069711977735, 18.80000000000000071 ) ) ;
#3892 = CARTESIAN_POINT ( 'NONE',  ( -9.563676322157244059, -19.98815618201907895, 6.587919904785914937 ) ) ;
#3893 = CARTESIAN_POINT ( 'NONE',  ( 20.00000000000000355, -7.000000000000003553, 12.63832553457315200 ) ) ;
#3894 = DIRECTION ( 'NONE',  ( 0.000000000000000000, 0.000000000000000000, 1.000000000000000000 ) ) ;
#3895 = ORIENTED_EDGE ( 'NONE', *, *, #2739, .T. ) ;
#3896 = ORIENTED_EDGE ( 'NONE', *, *, #878, .F. ) ;
#3897 = CARTESIAN_POINT ( 'NONE',  ( 2.820632341007255572, -53.07280839075422563, 18.80000000000000071 ) ) ;
#3898 = CARTESIAN_POINT ( 'NONE',  ( -16.86519475875697438, -89.00000000000001421, 9.328852882843719385 ) ) ;
#3899 = EDGE_LOOP ( 'NONE', ( #2176, #93, #807, #969 ) ) ;
#3900 = EDGE_LOOP ( 'NONE', ( #3224, #1686, #1886, #3589, #2897, #2414, #3759 ) ) ;
#3901 = CARTESIAN_POINT ( 'NONE',  ( 5.000000000000000888, 25.00000000000000000, -18.80000000000000782 ) ) ;
#3902 = DIRECTION ( 'NONE',  ( -1.000000000000000000, 0.000000000000000000, -1.734723475976807587E-16 ) ) ;
#3903 = CARTESIAN_POINT ( 'NONE',  ( -24.99999999999996092, -85.50000000000000000, 8.875643901733010210 ) ) ;
#3904 = AXIS2_PLACEMENT_3D ( 'NONE', #1204, #1489, #2771 ) ;
#3905 = ORIENTED_EDGE ( 'NONE', *, *, #129, .T. ) ;
#3906 = CARTESIAN_POINT ( 'NONE',  ( 0.7846464800827886998, -77.84580298570810442, 11.96803269814156323 ) ) ;
#3907 = DIRECTION ( 'NONE',  ( 0.03489949670251211999, -0.9993908270190953180, -0.000000000000000000 ) ) ;
#3908 = ADVANCED_FACE ( 'NONE', ( #1507 ), #159, .T. ) ;
#3909 = CARTESIAN_POINT ( 'NONE',  ( -4.223430629139511616, -13.70319773728187407, 6.368444319672033060 ) ) ;
#3910 = DIRECTION ( 'NONE',  ( -0.000000000000000000, 0.000000000000000000, 1.000000000000000000 ) ) ;
#3911 = EDGE_CURVE ( 'NONE', #3056, #8, #3760, .T. ) ;
#3912 = EDGE_CURVE ( 'NONE', #3735, #2253, #342, .T. ) ;
#3913 = ORIENTED_EDGE ( 'NONE', *, *, #2450, .F. ) ;
#3914 = ORIENTED_EDGE ( 'NONE', *, *, #1805, .F. ) ;
#3915 = CARTESIAN_POINT ( 'NONE',  ( -2.308754041821442282, -89.00000000000000000, 2.931667788805367753E-15 ) ) ;
#3916 = VECTOR ( 'NONE', #2779, 1000.000000000000000 ) ;
#3917 = FACE_OUTER_BOUND ( 'NONE', #134, .T. ) ;
#3918 = EDGE_LOOP ( 'NONE', ( #3709, #80, #3884, #3621, #2338, #2829, #1067, #617 ) ) ;
#3919 = ORIENTED_EDGE ( 'NONE', *, *, #203, .F. ) ;
#3920 = VECTOR ( 'NONE', #3320, 1000.000000000000000 ) ;
#3921 = CARTESIAN_POINT ( 'NONE',  ( -22.99999999999999289, -4.000000000000005329, 11.64154703437737481 ) ) ;
#3922 = VECTOR ( 'NONE', #1357, 1000.000000000000000 ) ;
#3923 = DIRECTION ( 'NONE',  ( 0.9993908270190953180, 0.03489949670251244612, 0.000000000000000000 ) ) ;
#3924 = CARTESIAN_POINT ( 'NONE',  ( -24.99999999999999289, -2.157698880872381153, 10.01854479383333008 ) ) ;
#3925 = AXIS2_PLACEMENT_3D ( 'NONE', #1696, #1065, #3977 ) ;
#3926 = ORIENTED_EDGE ( 'NONE', *, *, #3437, .T. ) ;
#3927 = LINE ( 'NONE', #58, #1196 ) ;
#3928 = DIRECTION ( 'NONE',  ( -0.000000000000000000, -0.000000000000000000, -1.000000000000000000 ) ) ;
#3929 = VECTOR ( 'NONE', #2758, 1000.000000000000000 ) ;
#3930 = AXIS2_PLACEMENT_3D ( 'NONE', #1436, #4031, #3664 ) ;
#3931 = EDGE_CURVE ( 'NONE', #3567, #1408, #3446, .T. ) ;
#3932 = AXIS2_PLACEMENT_3D ( 'NONE', #1234, #2846, #2515 ) ;
#3933 = FACE_OUTER_BOUND ( 'NONE', #265, .T. ) ;
#3934 = CARTESIAN_POINT ( 'NONE',  ( 3.941975981525932760, -85.50000000000000000, 7.434106818061081867 ) ) ;
#3935 = CIRCLE ( 'NONE', #2060, 3.000000000000004441 ) ;
#3936 = VERTEX_POINT ( 'NONE', #324 ) ;
#3937 = ORIENTED_EDGE ( 'NONE', *, *, #1118, .F. ) ;
#3938 = ADVANCED_FACE ( 'NONE', ( #3239 ), #3174, .F. ) ;
#3939 = EDGE_CURVE ( 'NONE', #2100, #821, #4152, .T. ) ;
#3940 = CARTESIAN_POINT ( 'NONE',  ( 0.4974691126510177863, -85.89530150989247659, 12.39158153968558196 ) ) ;
#3941 = CARTESIAN_POINT ( 'NONE',  ( -1.623466631435290353, 0.000000000000000000, 2.495834222360338472 ) ) ;
#3942 = VERTEX_POINT ( 'NONE', #2896 ) ;
#3943 = CARTESIAN_POINT ( 'NONE',  ( -17.70090558972447781, -41.09646618148914143, 3.250000000000038636 ) ) ;
#3944 = DIRECTION ( 'NONE',  ( 1.000000000000000000, 3.627312841994671529E-15, 0.000000000000000000 ) ) ;
#3945 = DIRECTION ( 'NONE',  ( -0.000000000000000000, -0.000000000000000000, -1.000000000000000000 ) ) ;
#3946 = EDGE_LOOP ( 'NONE', ( #4083, #2047, #2349, #738, #19, #1200, #3879, #1569, #2881, #1974 ) ) ;
#3947 = CARTESIAN_POINT ( 'NONE',  ( -9.563676322157244059, -19.86600794356033006, 10.08578779935274916 ) ) ;
#3948 = CARTESIAN_POINT ( 'NONE',  ( -17.21718355818180513, -54.94845279526727921, -3.049999999999990496 ) ) ;
#3949 = CARTESIAN_POINT ( 'NONE',  ( -23.24906729880334666, -2.219043220020263441, 18.58095677997981809 ) ) ;
#3950 = CARTESIAN_POINT ( 'NONE',  ( -0.3548884504008388285, -54.92622091987951194, 0.000000000000000000 ) ) ;
#3951 = DIRECTION ( 'NONE',  ( 0.000000000000000000, 0.000000000000000000, -1.000000000000000000 ) ) ;
#3952 = DIRECTION ( 'NONE',  ( -1.000000000000000000, 0.000000000000000000, -0.000000000000000000 ) ) ;
#3953 = ORIENTED_EDGE ( 'NONE', *, *, #176, .F. ) ;
#3954 = ORIENTED_EDGE ( 'NONE', *, *, #2960, .T. ) ;
#3955 = CARTESIAN_POINT ( 'NONE',  ( 20.00000000000000355, 12.09999999999999787, 10.00000000000000000 ) ) ;
#3956 = EDGE_LOOP ( 'NONE', ( #2701, #3914, #1720, #727, #4138, #1040, #1620, #2991 ) ) ;
#3957 = EDGE_CURVE ( 'NONE', #3414, #2630, #642, .T. ) ;
#3958 = ADVANCED_FACE ( 'NONE', ( #1575 ), #1934, .T. ) ;
#3959 = VERTEX_POINT ( 'NONE', #2502 ) ;
#3960 = CARTESIAN_POINT ( 'NONE',  ( 5.000000000000000888, 3.000000000000002665, 17.00000000000000355 ) ) ;
#3961 = CARTESIAN_POINT ( 'NONE',  ( 21.02198760876045824, 0.7341039835441259820, -3.099847599695184197 ) ) ;
#3962 = DIRECTION ( 'NONE',  ( 1.000000000000000000, 0.000000000000000000, -0.000000000000000000 ) ) ;
#3963 = CARTESIAN_POINT ( 'NONE',  ( -24.99999999999999289, -2.577029498736488122, 8.858557643863180786 ) ) ;
#3964 = EDGE_CURVE ( 'NONE', #722, #2951, #328, .T. ) ;
#3965 = EDGE_LOOP ( 'NONE', ( #716, #127, #2011, #2235 ) ) ;
#3966 = AXIS2_PLACEMENT_3D ( 'NONE', #2460, #3108, #1763 ) ;
#3967 = CARTESIAN_POINT ( 'NONE',  ( -24.92046546430952603, -6.277571108770619190, 2.735104905626268401 ) ) ;
#3968 = CARTESIAN_POINT ( 'NONE',  ( -24.99999999999996092, -89.00000000000001421, 12.50000000000000178 ) ) ;
#3969 = CARTESIAN_POINT ( 'NONE',  ( -22.55440540387490955, -2.745420989466120787, 18.05457901053387104 ) ) ;
#3970 = DIRECTION ( 'NONE',  ( -0.2079116908177498224, 0.9781476007338075762, 0.000000000000000000 ) ) ;
#3971 =( BOUNDED_CURVE ( )  B_SPLINE_CURVE ( 3, ( #2900, #1583, #3869, #2920 ),
 .UNSPECIFIED., .F., .F. ) 
 B_SPLINE_CURVE_WITH_KNOTS ( ( 4, 4 ),
 ( 1.273931984327272726, 1.570796326794901221 ),
 .UNSPECIFIED. ) 
 CURVE ( )  GEOMETRIC_REPRESENTATION_ITEM ( )  RATIONAL_B_SPLINE_CURVE ( ( 1.000000000000000000, 0.9926694373336509836, 0.9926694373336509836, 1.000000000000000000 ) ) 
 REPRESENTATION_ITEM ( '' )  );
#3972 = CARTESIAN_POINT ( 'NONE',  ( -22.77986147192501321, -4.370211506638340460, -3.099847599695185085 ) ) ;
#3973 = DIRECTION ( 'NONE',  ( 1.000000000000000000, -0.000000000000000000, -0.000000000000000000 ) ) ;
#3974 = VERTEX_POINT ( 'NONE', #3823 ) ;
#3975 = ORIENTED_EDGE ( 'NONE', *, *, #2820, .F. ) ;
#3976 = CARTESIAN_POINT ( 'NONE',  ( -6.782500451190863089, -24.72769091786213025, 18.80000000000000071 ) ) ;
#3977 = DIRECTION ( 'NONE',  ( -1.000000000000000000, 0.000000000000000000, -0.000000000000000000 ) ) ;
#3978 = ORIENTED_EDGE ( 'NONE', *, *, #3155, .F. ) ;
#3979 = ORIENTED_EDGE ( 'NONE', *, *, #1739, .T. ) ;
#3980 = CARTESIAN_POINT ( 'NONE',  ( -17.44403028674813072, -48.45241241964315293, 3.450000000000007283 ) ) ;
#3981 = VECTOR ( 'NONE', #1421, 1000.000000000000114 ) ;
#3982 = EDGE_CURVE ( 'NONE', #2774, #3185, #3196, .T. ) ;
#3983 = FACE_OUTER_BOUND ( 'NONE', #1378, .T. ) ;
#3984 = FACE_BOUND ( 'NONE', #3588, .T. ) ;
#3985 = ORIENTED_EDGE ( 'NONE', *, *, #774, .F. ) ;
#3986 = AXIS2_PLACEMENT_3D ( 'NONE', #514, #3802, #4043 ) ;
#3987 = ADVANCED_FACE ( 'NONE', ( #302 ), #135, .T. ) ;
#3988 = EDGE_CURVE ( 'NONE', #821, #400, #3841, .T. ) ;
#3989 = AXIS2_PLACEMENT_3D ( 'NONE', #481, #2183, #943 ) ;
#3990 = DIRECTION ( 'NONE',  ( -0.2586719321207321398, -0.9653767931665647728, 0.03371170046685230404 ) ) ;
#3991 = CARTESIAN_POINT ( 'NONE',  ( -22.69909869057099883, -1.192146968694286491, 18.73827771967859590 ) ) ;
#3992 = DIRECTION ( 'NONE',  ( -0.9902680687415698069, -0.1391731009600694624, 0.000000000000000000 ) ) ;
#3993 = LINE ( 'NONE', #3051, #3737 ) ;
#3994 = CARTESIAN_POINT ( 'NONE',  ( 19.34545831192821908, -3.091164597627367172, 17.70883540237262821 ) ) ;
#3995 = ORIENTED_EDGE ( 'NONE', *, *, #1689, .T. ) ;
#3996 = AXIS2_PLACEMENT_3D ( 'NONE', #2849, #4124, #1547 ) ;
#3997 = CARTESIAN_POINT ( 'NONE',  ( -24.99999999999999645, -6.136878588799548950, 4.082245601121964995 ) ) ;
#3998 = LINE ( 'NONE', #3380, #1035 ) ;
#3999 = AXIS2_PLACEMENT_3D ( 'NONE', #1193, #2473, #798 ) ;
#4000 = DIRECTION ( 'NONE',  ( -1.000000000000000000, -4.698209414103847288E-16, -1.644039981590296491E-16 ) ) ;
#4001 = VERTEX_POINT ( 'NONE', #2523 ) ;
#4002 = ORIENTED_EDGE ( 'NONE', *, *, #989, .T. ) ;
#4003 = AXIS2_PLACEMENT_3D ( 'NONE', #3961, #463, #1764 ) ;
#4004 = CARTESIAN_POINT ( 'NONE',  ( -24.97561203025059839, -4.698380078799596404, 1.958121190253133768E-15 ) ) ;
#4005 = LINE ( 'NONE', #3943, #3675 ) ;
#4006 = FACE_OUTER_BOUND ( 'NONE', #278, .T. ) ;
#4007 = DIRECTION ( 'NONE',  ( 0.000000000000000000, 0.000000000000000000, 1.000000000000000000 ) ) ;
#4008 = ORIENTED_EDGE ( 'NONE', *, *, #3957, .T. ) ;
#4009 = CARTESIAN_POINT ( 'NONE',  ( -1.999999999999994893, -79.00000000000001421, 6.500000000000000888 ) ) ;
#4010 = PLANE ( 'NONE',  #3140 ) ;
#4011 = CARTESIAN_POINT ( 'NONE',  ( -6.672385936354765512, -25.24573897985067106, 3.294796863510797369 ) ) ;
#4012 = ADVANCED_FACE ( 'NONE', ( #960, #3157, #2214 ), #603, .F. ) ;
#4013 = EDGE_CURVE ( 'NONE', #1657, #4018, #944, .T. ) ;
#4014 = CARTESIAN_POINT ( 'NONE',  ( -24.92046546430952603, -6.277571108770619190, 2.735104905626268401 ) ) ;
#4015 = CARTESIAN_POINT ( 'NONE',  ( 18.00000000000000000, 16.99999999999999645, 10.00000000000000000 ) ) ;
#4016 = CARTESIAN_POINT ( 'NONE',  ( -21.23553632528939517, -11.51215604589219232, -3.099847599695185085 ) ) ;
#4017 = DIRECTION ( 'NONE',  ( 0.2077905067623291302, -0.9775774745778876840, 0.03413775765005937213 ) ) ;
#4018 = VERTEX_POINT ( 'NONE', #3528 ) ;
#4019 = CARTESIAN_POINT ( 'NONE',  ( -0.1604871792777479711, -56.30945783842167174, 4.371164413746785549 ) ) ;
#4020 = CARTESIAN_POINT ( 'NONE',  ( 3.111049790194655440, -54.43911506651926402, 18.80000000000000071 ) ) ;
#4021 = ORIENTED_EDGE ( 'NONE', *, *, #1373, .F. ) ;
#4022 = ORIENTED_EDGE ( 'NONE', *, *, #3912, .F. ) ;
#4023 = CARTESIAN_POINT ( 'NONE',  ( -24.99999999999999289, -5.795951847950643554, 3.017691685220799780 ) ) ;
#4024 = DIRECTION ( 'NONE',  ( -0.9902680687415698069, -0.1391731009600694624, 0.000000000000000000 ) ) ;
#4025 = ORIENTED_EDGE ( 'NONE', *, *, #1503, .T. ) ;
#4026 = CARTESIAN_POINT ( 'NONE',  ( -10.09590253892309164, -25.97342989771279420, 3.294796863510796925 ) ) ;
#4027 = DIRECTION ( 'NONE',  ( 0.000000000000000000, 0.000000000000000000, -1.000000000000000000 ) ) ;
#4028 = CARTESIAN_POINT ( 'NONE',  ( 1.000000000000008882, -79.22543053801398116, 12.01173033946355773 ) ) ;
#4029 = CARTESIAN_POINT ( 'NONE',  ( -22.00000000000000000, -2.585786437626900636, 18.21421356237309297 ) ) ;
#4030 = CARTESIAN_POINT ( 'NONE',  ( -21.99999999999999645, -1.171572875253799717, 18.80000000000000071 ) ) ;
#4031 = DIRECTION ( 'NONE',  ( 1.000000000000000000, 1.020425574104004122E-16, 0.000000000000000000 ) ) ;
#4032 = CARTESIAN_POINT ( 'NONE',  ( -4.999999999999999112, -79.00000000000001421, 18.80000000000000071 ) ) ;
#4033 = EDGE_CURVE ( 'NONE', #3857, #501, #1621, .T. ) ;
#4034 = ORIENTED_EDGE ( 'NONE', *, *, #1174, .F. ) ;
#4035 = VECTOR ( 'NONE', #1975, 1000.000000000000114 ) ;
#4036 = DIRECTION ( 'NONE',  ( -1.020425574104004122E-16, 1.000000000000000000, 0.000000000000000000 ) ) ;
#4037 = EDGE_CURVE ( 'NONE', #665, #220, #4086, .T. ) ;
#4038 = ADVANCED_FACE ( 'NONE', ( #3470 ), #1869, .F. ) ;
#4039 = DIRECTION ( 'NONE',  ( 0.000000000000000000, -0.5060636562404645655, 0.8624961309087322281 ) ) ;
#4040 = EDGE_LOOP ( 'NONE', ( #2496, #3160, #661, #1837 ) ) ;
#4041 = ORIENTED_EDGE ( 'NONE', *, *, #2820, .T. ) ;
#4042 = CARTESIAN_POINT ( 'NONE',  ( -21.49786659495411456, -4.000000000000003553, 3.525030534209192101 ) ) ;
#4043 = DIRECTION ( 'NONE',  ( 1.000000000000000000, 0.000000000000000000, -0.000000000000000000 ) ) ;
#4044 = CARTESIAN_POINT ( 'NONE',  ( -17.52193412833224428, -89.20210080208160264, 8.502789778041130120 ) ) ;
#4045 = ORIENTED_EDGE ( 'NONE', *, *, #2168, .F. ) ;
#4046 = FILL_AREA_STYLE_COLOUR ( '', #1514 ) ;
#4047 = CARTESIAN_POINT ( 'NONE',  ( 4.301980963936878233, -4.000000000000000888, 2.541848489443937709 ) ) ;
#4048 = DIRECTION ( 'NONE',  ( 0.000000000000000000, 1.000000000000000000, 0.000000000000000000 ) ) ;
#4049 = VECTOR ( 'NONE', #1695, 1000.000000000000000 ) ;
#4050 = ORIENTED_EDGE ( 'NONE', *, *, #1809, .T. ) ;
#4051 = CARTESIAN_POINT ( 'NONE',  ( -24.73340421985622584, -11.63430428435098207, -3.099847599695185085 ) ) ;
#4052 = AXIS2_PLACEMENT_3D ( 'NONE', #2530, #2218, #928 ) ;
#4053 = FACE_OUTER_BOUND ( 'NONE', #2634, .T. ) ;
#4054 = DIRECTION ( 'NONE',  ( -0.000000000000000000, -0.000000000000000000, -1.000000000000000000 ) ) ;
#4055 = VECTOR ( 'NONE', #3561, 1000.000000000000000 ) ;
#4056 = CIRCLE ( 'NONE', #2858, 1.800000000000000266 ) ;
#4057 = ORIENTED_EDGE ( 'NONE', *, *, #2936, .T. ) ;
#4058 = FACE_OUTER_BOUND ( 'NONE', #37, .T. ) ;
#4059 = FACE_OUTER_BOUND ( 'NONE', #399, .T. ) ;
#4060 = ORIENTED_EDGE ( 'NONE', *, *, #3745, .T. ) ;
#4061 = VECTOR ( 'NONE', #1018, 1000.000000000000000 ) ;
#4062 = ORIENTED_EDGE ( 'NONE', *, *, #3931, .F. ) ;
#4063 = EDGE_CURVE ( 'NONE', #3690, #1315, #3377, .T. ) ;
#4064 = EDGE_CURVE ( 'NONE', #1866, #576, #2797, .T. ) ;
#4065 = CARTESIAN_POINT ( 'NONE',  ( 1.388760076026781976, -6.281178451882547087, 6.676143566728368839 ) ) ;
#4066 = VECTOR ( 'NONE', #546, 1000.000000000000000 ) ;
#4067 = CARTESIAN_POINT ( 'NONE',  ( 0.3760903954908564328, -75.77467746912461166, 8.287607498348139146 ) ) ;
#4068 = DIRECTION ( 'NONE',  ( 0.000000000000000000, 0.000000000000000000, 1.000000000000000000 ) ) ;
#4069 = VECTOR ( 'NONE', #1319, 1000.000000000000000 ) ;
#4070 = ORIENTED_EDGE ( 'NONE', *, *, #912, .F. ) ;
#4071 = PLANE ( 'NONE',  #99 ) ;
#4072 = CARTESIAN_POINT ( 'NONE',  ( -0.8911165526630179246, -4.000000000000000000, 11.36112013991543712 ) ) ;
#4073 = CARTESIAN_POINT ( 'NONE',  ( -0.6028842615610685574, -53.80049930861636653, 0.000000000000000000 ) ) ;
#4074 = VERTEX_POINT ( 'NONE', #2120 ) ;
#4075 = CARTESIAN_POINT ( 'NONE',  ( -18.88061197021424675, -4.000000000000007105, 9.531734593201438344 ) ) ;
#4076 = FACE_OUTER_BOUND ( 'NONE', #3539, .T. ) ;
#4077 = CARTESIAN_POINT ( 'NONE',  ( -0.8735056416419837433, -14.72406905044353387, 0.000000000000000000 ) ) ;
#4078 = CARTESIAN_POINT ( 'NONE',  ( -19.99882892069322082, -18.27311417291954854, 6.187313213253007760 ) ) ;
#4079 = VERTEX_POINT ( 'NONE', #833 ) ;
#4080 = CARTESIAN_POINT ( 'NONE',  ( -24.99999999999999289, -5.963813679663172884, 3.389118764651511739 ) ) ;
#4081 = CARTESIAN_POINT ( 'NONE',  ( -19.45804973277394367, -59.27931764282332239, 6.187313213253001543 ) ) ;
#4082 =( BOUNDED_SURFACE ( )  B_SPLINE_SURFACE ( 3, 2, ( 
 ( #1496, #3499, #1233 ),
 ( #1879, #200, #867 ),
 ( #3166, #221, #2150 ),
 ( #2493, #2171, #3439 ) ),
 .UNSPECIFIED., .F., .F., .F. ) 
 B_SPLINE_SURFACE_WITH_KNOTS ( ( 4, 4 ),
 ( 3, 3 ),
 ( 4.852015320544239785, 4.921828490623999741 ),
 ( 0.000000000000000000, 1.000000000000000000 ),
 .UNSPECIFIED. ) 
 GEOMETRIC_REPRESENTATION_ITEM ( )  RATIONAL_B_SPLINE_SURFACE ( (
 ( 1.000000000000000000, 0.7088219350365904114, 1.000000000000000000),
 ( 1.000000000000000000, 0.7091055905401965065, 1.000000000000000000),
 ( 1.000000000000000000, 0.7093876830833304448, 1.000000000000000000),
 ( 1.000000000000000000, 0.7096675324995873613, 1.000000000000000000) ) ) 
 REPRESENTATION_ITEM ( '' )  SURFACE ( )  );
#4083 = ORIENTED_EDGE ( 'NONE', *, *, #653, .T. ) ;
#4084 = ORIENTED_EDGE ( 'NONE', *, *, #2784, .F. ) ;
#4085 = UNCERTAINTY_MEASURE_WITH_UNIT (LENGTH_MEASURE( 1.000000000000000082E-05 ), #607, 'distance_accuracy_value', 'NONE');
#4086 = LINE ( 'NONE', #3779, #4104 ) ;
#4087 = CARTESIAN_POINT ( 'NONE',  ( -1.999999999999994893, -79.00000000000001421, 0.000000000000000000 ) ) ;
#4088 = EDGE_CURVE ( 'NONE', #2463, #2889, #3412, .T. ) ;
#4089 =( NAMED_UNIT ( * ) PLANE_ANGLE_UNIT ( ) SI_UNIT ( $, .RADIAN. ) );
#4090 = ORIENTED_EDGE ( 'NONE', *, *, #1947, .F. ) ;
#4091 = CARTESIAN_POINT ( 'NONE',  ( -6.144293759740836691, -3.999999999999999112, 12.63832553457315022 ) ) ;
#4092 = ADVANCED_FACE ( 'NONE', ( #1161 ), #2187, .T. ) ;
#4093 = CARTESIAN_POINT ( 'NONE',  ( 1.000000000000010214, -79.00000000000001421, 11.99716558648087172 ) ) ;
#4094 = ADVANCED_FACE ( 'NONE', ( #194 ), #3472, .F. ) ;
#4095 = ORIENTED_EDGE ( 'NONE', *, *, #517, .F. ) ;
#4096 = DIRECTION ( 'NONE',  ( 0.1715728752537984125, 0.000000000000000000, 0.9851714310094179528 ) ) ;
#4097 = DIRECTION ( 'NONE',  ( -0.9993908270190953180, -0.03489949670251017710, 0.000000000000000000 ) ) ;
#4098 = DIRECTION ( 'NONE',  ( 0.9993908270190953180, 0.03489949670251181468, -0.000000000000000000 ) ) ;
#4099 = AXIS2_PLACEMENT_3D ( 'NONE', #557, #3762, #1536 ) ;
#4100 = VERTEX_POINT ( 'NONE', #1803 ) ;
#4101 = AXIS2_PLACEMENT_3D ( 'NONE', #149, #1722, #3677 ) ;
#4102 = CARTESIAN_POINT ( 'NONE',  ( -24.99999999999999289, -5.986710185730671263, 3.491178604999248147 ) ) ;
#4103 = FACE_OUTER_BOUND ( 'NONE', #3946, .T. ) ;
#4104 = VECTOR ( 'NONE', #2184, 1000.000000000000000 ) ;
#4105 = CARTESIAN_POINT ( 'NONE',  ( 16.00000000000000355, 2.999999999999997780, 2.999999999999997335 ) ) ;
#4106 = VERTEX_POINT ( 'NONE', #3742 ) ;
#4107 = ORIENTED_EDGE ( 'NONE', *, *, #3438, .T. ) ;
#4108 = DIRECTION ( 'NONE',  ( 1.022195611122253123E-16, 0.7071067811865500152, -0.7071067811865451302 ) ) ;
#4109 = CARTESIAN_POINT ( 'NONE',  ( -4.785893221999919511, -34.12098940511663869, 0.000000000000000000 ) ) ;
#4110 = ORIENTED_EDGE ( 'NONE', *, *, #3417, .F. ) ;
#4111 = EDGE_CURVE ( 'NONE', #1252, #4079, #11, .T. ) ;
#4112 = CYLINDRICAL_SURFACE ( 'NONE', #1931, 3.000000000000000000 ) ;
#4113 = CARTESIAN_POINT ( 'NONE',  ( -0.1604871792777528283, -56.30945783842167884, -6.938893903907228378E-15 ) ) ;
#4114 = DIRECTION ( 'NONE',  ( 1.000000000000000000, 0.000000000000000000, 0.000000000000000000 ) ) ;
#4115 = ORIENTED_EDGE ( 'NONE', *, *, #2614, .T. ) ;
#4116 = EDGE_CURVE ( 'NONE', #4074, #3238, #3101, .T. ) ;
#4117 = EDGE_CURVE ( 'NONE', #2944, #586, #3087, .T. ) ;
#4118 = CARTESIAN_POINT ( 'NONE',  ( -23.44037524886270418, -48.66180939985822107, 3.450000000000007283 ) ) ;
#4119 = CARTESIAN_POINT ( 'NONE',  ( -0.6028842615610685574, -53.80049930861636653, 4.291951066843727070 ) ) ;
#4120 = CIRCLE ( 'NONE', #632, 1.800000000000001821 ) ;
#4121 = PLANE ( 'NONE',  #1858 ) ;
#4122 = ORIENTED_EDGE ( 'NONE', *, *, #1662, .T. ) ;
#4123 = AXIS2_PLACEMENT_3D ( 'NONE', #1607, #2883, #2572 ) ;
#4124 = DIRECTION ( 'NONE',  ( 0.9993908270190953180, 0.03489949670251165509, 0.000000000000000000 ) ) ;
#4125 = CARTESIAN_POINT ( 'NONE',  ( -24.94261130214344035, -6.341588909227680482, 4.322028472312158698 ) ) ;
#4126 = VECTOR ( 'NONE', #2726, 1000.000000000000000 ) ;
#4127 = EDGE_LOOP ( 'NONE', ( #2025, #3804, #3673, #1872 ) ) ;
#4128 = ORIENTED_EDGE ( 'NONE', *, *, #3610, .F. ) ;
#4129 = CARTESIAN_POINT ( 'NONE',  ( 0.007607239235106941742, -75.53329779636510466, 8.393643577817282875 ) ) ;
#4130 = ORIENTED_EDGE ( 'NONE', *, *, #3301, .T. ) ;
#4131 = VECTOR ( 'NONE', #1918, 1000.000000000000000 ) ;
#4132 =( BOUNDED_CURVE ( )  B_SPLINE_CURVE ( 3, ( #3340, #442, #1467, #1740 ),
 .UNSPECIFIED., .F., .F. ) 
 B_SPLINE_CURVE_WITH_KNOTS ( ( 4, 4 ),
 ( 0.7847891758119829309, 2.356803477778105727 ),
 .UNSPECIFIED. ) 
 CURVE ( )  GEOMETRIC_REPRESENTATION_ITEM ( )  RATIONAL_B_SPLINE_CURVE ( ( 1.000000000000000000, 0.8044506872272225717, 0.8044506872272225717, 1.000000000000000000 ) ) 
 REPRESENTATION_ITEM ( '' )  );
#4133 = AXIS2_PLACEMENT_3D ( 'NONE', #2227, #2544, #572 ) ;
#4134 = DIRECTION ( 'NONE',  ( 1.000000000000000000, 4.625929269271485914E-16, -0.000000000000000000 ) ) ;
#4136 = VECTOR ( 'NONE', #820, 1000.000000000000000 ) ;
#4135 = CARTESIAN_POINT ( 'NONE',  ( -4.179435306776406733, -6.897778496728514064, 9.448496103472235674 ) ) ;
#4137 = DIRECTION ( 'NONE',  ( 1.000000000000000000, 1.020425574104004122E-16, 0.000000000000000000 ) ) ;
#4138 = ORIENTED_EDGE ( 'NONE', *, *, #285, .T. ) ;
#4139 = VECTOR ( 'NONE', #573, 1000.000000000000000 ) ;
#4140 = CARTESIAN_POINT ( 'NONE',  ( -20.99821974771231936, -18.30801366962205279, -3.099847599695185085 ) ) ;
#4141 = CARTESIAN_POINT ( 'NONE',  ( -19.99882892069322082, -18.27311417291954854, 6.187313213253007760 ) ) ;
#4142 = CARTESIAN_POINT ( 'NONE',  ( -2.317661178584489168, -26.92128160560615413, 10.33216338460842998 ) ) ;
#4143 = EDGE_CURVE ( 'NONE', #2100, #2410, #2504, .T. ) ;
#4144 = EDGE_CURVE ( 'NONE', #3942, #3478, #1020, .T. ) ;
#4145 = EDGE_LOOP ( 'NONE', ( #3667, #1819, #899, #3357, #4150, #2569, #2914 ) ) ;
#4146 = CARTESIAN_POINT ( 'NONE',  ( -21.49786659495411456, 0.000000000000000000, 3.525030534209192101 ) ) ;
#4147 = B_SPLINE_CURVE_WITH_KNOTS ( 'NONE', 3,
 ( #2443, #2422, #1851, #521, #3091, #1494, #3371, #1144, #3724, #218, #179, #1789, #3114, #794, #1518, #2166, #3704, #840, #2148, #539, #3767, #197, #3435, #2776 ),
 .UNSPECIFIED., .F., .F.,
 ( 4, 2, 2, 2, 2, 2, 2, 2, 2, 2, 2, 4 ),
 ( 0.003819783069564020982, 0.004124136682173586317, 0.004428490294783152086, 0.004732843907392717854, 0.005037197520002283622, 0.005645904745221416894, 0.006254611970440551033, 0.007472026420878819311, 0.008689440871317089324, 0.009906855321755357602, 0.01112426977219362761, 0.01355909867307016591 ),
 .UNSPECIFIED. ) ;
#4148 = CARTESIAN_POINT ( 'NONE',  ( -24.14008250584540605, -4.958637426441480756, 7.969464716089733614 ) ) ;
#4149 = EDGE_CURVE ( 'NONE', #2791, #1500, #153, .T. ) ;
#4150 = ORIENTED_EDGE ( 'NONE', *, *, #1179, .F. ) ;
#4151 = VERTEX_POINT ( 'NONE', #2818 ) ;
#4152 = LINE ( 'NONE', #662, #3634 ) ;
#4153 = CARTESIAN_POINT ( 'NONE',  ( -22.04365568096010719, -89.00000000000001421, 7.083440759659178632 ) ) ;
#4154 = ORIENTED_EDGE ( 'NONE', *, *, #203, .T. ) ;
#4155 = ORIENTED_EDGE ( 'NONE', *, *, #2357, .F. ) ;
#4156 = DIRECTION ( 'NONE',  ( 1.000000000000000000, 0.000000000000000000, 0.000000000000000000 ) ) ;
#4157 = DIRECTION ( 'NONE',  ( 2.414268454599217703E-17, -1.717841266356214641E-16, 1.000000000000000000 ) ) ;
#4158 = DIRECTION ( 'NONE',  ( -0.9781476007338076872, -0.2079116908177493783, 0.000000000000000000 ) ) ;
#4159 = VERTEX_POINT ( 'NONE', #2418 ) ;
ENDSEC;
END-ISO-10303-21;
