ISO-10303-21;
HEADER;
FILE_DESCRIPTION (( 'STEP AP214' ),
    '1' );
FILE_NAME ('LQ26-05HGI-01-006.STEP',
    '2026-05-07T08:55:11',
    ( '' ),
    ( '' ),
    'SwSTEP 2.0',
    'SolidWorks 2025',
    '' );
FILE_SCHEMA (( 'AUTOMOTIVE_DESIGN' ));
ENDSEC;

DATA;
#1 = DIRECTION ( 'NONE',  ( -0.000000000000000000, -0.000000000000000000, -1.000000000000000000 ) ) ;
#2 = FACE_OUTER_BOUND ( 'NONE', #5250, .T. ) ;
#3 = CARTESIAN_POINT ( 'NONE',  ( 12.40000000000000036, -5.150000000000045652, -5.500000000000000000 ) ) ;
#4 = EDGE_CURVE ( 'NONE', #1449, #7390, #7943, .T. ) ;
#5 = VERTEX_POINT ( 'NONE', #431 ) ;
#6 = DIRECTION ( 'NONE',  ( -0.000000000000000000, -0.000000000000000000, 1.000000000000000000 ) ) ;
#7 = ORIENTED_EDGE ( 'NONE', *, *, #5901, .T. ) ;
#8 = ORIENTED_EDGE ( 'NONE', *, *, #6714, .F. ) ;
#9 = CARTESIAN_POINT ( 'NONE',  ( 8.000000000000000000, 27.09831513016747806, -4.000000000000000000 ) ) ;
#10 = EDGE_CURVE ( 'NONE', #3112, #2822, #5518, .T. ) ;
#11 = ORIENTED_EDGE ( 'NONE', *, *, #2223, .F. ) ;
#12 = EDGE_LOOP ( 'NONE', ( #6066, #1614, #2476, #7297 ) ) ;
#13 = CARTESIAN_POINT ( 'NONE',  ( -12.00000000000000000, 23.34999999999998010, -9.650000000000000355 ) ) ;
#14 = AXIS2_PLACEMENT_3D ( 'NONE', #6234, #3191, #4401 ) ;
#15 = CARTESIAN_POINT ( 'NONE',  ( -13.00000000000000000, -28.93902645193045231, 6.999999999999999112 ) ) ;
#16 = CYLINDRICAL_SURFACE ( 'NONE', #2217, 1.600000000000002531 ) ;
#17 = ORIENTED_EDGE ( 'NONE', *, *, #5229, .F. ) ;
#18 = FACE_OUTER_BOUND ( 'NONE', #32, .T. ) ;
#19 = DIRECTION ( 'NONE',  ( -1.000000000000000000, 0.000000000000000000, 0.000000000000000000 ) ) ;
#20 = LINE ( 'NONE', #1960, #2057 ) ;
#21 = ADVANCED_FACE ( 'NONE', ( #1819 ), #3526, .F. ) ;
#22 = ADVANCED_FACE ( 'NONE', ( #7298 ), #1173, .F. ) ;
#23 = CARTESIAN_POINT ( 'NONE',  ( -12.82097160723046514, -49.62229624112515580, -3.216032771070628016 ) ) ;
#24 = VECTOR ( 'NONE', #2449, 1000.000000000000000 ) ;
#25 = ORIENTED_EDGE ( 'NONE', *, *, #2089, .F. ) ;
#26 = DIRECTION ( 'NONE',  ( -0.000000000000000000, -0.000000000000000000, -1.000000000000000000 ) ) ;
#27 = LINE ( 'NONE', #3267, #1822 ) ;
#28 = CARTESIAN_POINT ( 'NONE',  ( -8.000000000000000000, 23.34999999999998010, -9.650000000000000355 ) ) ;
#29 = CIRCLE ( 'NONE', #3775, 4.000000000000000000 ) ;
#30 = VECTOR ( 'NONE', #37, 1000.000000000000000 ) ;
#31 = FACE_OUTER_BOUND ( 'NONE', #5569, .T. ) ;
#32 = EDGE_LOOP ( 'NONE', ( #3725, #2831, #7917, #5963 ) ) ;
#33 = CARTESIAN_POINT ( 'NONE',  ( 30.14487539711820929, 2.220446049250313081E-13, 7.000000000000000000 ) ) ;
#34 = VECTOR ( 'NONE', #2248, 1000.000000000000000 ) ;
#35 = EDGE_LOOP ( 'NONE', ( #1336, #2929 ) ) ;
#36 = DIRECTION ( 'NONE',  ( -0.000000000000000000, -0.000000000000000000, 1.000000000000000000 ) ) ;
#37 = DIRECTION ( 'NONE',  ( -3.818726056296495018E-16, -1.000000000000000000, 0.000000000000000000 ) ) ;
#38 = DIRECTION ( 'NONE',  ( 0.000000000000000000, 0.000000000000000000, 1.000000000000000000 ) ) ;
#39 = ADVANCED_FACE ( 'NONE', ( #5346 ), #3491, .F. ) ;
#40 = AXIS2_PLACEMENT_3D ( 'NONE', #3710, #629, #3625 ) ;
#41 = FACE_BOUND ( 'NONE', #6348, .T. ) ;
#42 = FACE_OUTER_BOUND ( 'NONE', #7113, .T. ) ;
#43 = DIRECTION ( 'NONE',  ( -1.000000000000000000, -1.734723475976807341E-16, -0.000000000000000000 ) ) ;
#44 = FACE_OUTER_BOUND ( 'NONE', #2347, .T. ) ;
#45 = ORIENTED_EDGE ( 'NONE', *, *, #3123, .T. ) ;
#46 = LINE ( 'NONE', #3811, #1613 ) ;
#47 = ORIENTED_EDGE ( 'NONE', *, *, #236, .T. ) ;
#48 = ADVANCED_FACE ( 'NONE', ( #6651 ), #1651, .F. ) ;
#49 = DIRECTION ( 'NONE',  ( -0.000000000000000000, -0.000000000000000000, 1.000000000000000000 ) ) ;
#50 = EDGE_LOOP ( 'NONE', ( #5019, #1247, #6483, #4619 ) ) ;
#51 = ORIENTED_EDGE ( 'NONE', *, *, #4382, .T. ) ;
#52 = DIRECTION ( 'NONE',  ( 0.6427876096865349220, -0.7660444431189815662, 0.000000000000000000 ) ) ;
#53 = DIRECTION ( 'NONE',  ( 1.000000000000000000, 0.000000000000000000, 0.000000000000000000 ) ) ;
#54 = LINE ( 'NONE', #2526, #6044 ) ;
#55 = EDGE_CURVE ( 'NONE', #1088, #2336, #973, .T. ) ;
#56 = ORIENTED_EDGE ( 'NONE', *, *, #922, .F. ) ;
#57 = DIRECTION ( 'NONE',  ( 0.000000000000000000, 0.000000000000000000, 1.000000000000000000 ) ) ;
#58 = PLANE ( 'NONE',  #5978 ) ;
#59 = CARTESIAN_POINT ( 'NONE',  ( -8.000000000000261124, 37.74406644123207144, -4.000000000000000000 ) ) ;
#60 = CARTESIAN_POINT ( 'NONE',  ( -3.305443769227874640, -19.00000000000002132, 6.455443769227854567 ) ) ;
#61 = ORIENTED_EDGE ( 'NONE', *, *, #1397, .T. ) ;
#62 = DIRECTION ( 'NONE',  ( 1.000000000000000000, 0.000000000000000000, 0.000000000000000000 ) ) ;
#63 = DIRECTION ( 'NONE',  ( 6.071532165918992069E-15, 1.000000000000000000, -0.000000000000000000 ) ) ;
#64 = CARTESIAN_POINT ( 'NONE',  ( 15.60000000000000142, -5.150000000000045652, -5.500000000000000000 ) ) ;
#65 = EDGE_CURVE ( 'NONE', #7426, #4128, #6129, .T. ) ;
#66 = EDGE_CURVE ( 'NONE', #7707, #1449, #7859, .T. ) ;
#67 = DIRECTION ( 'NONE',  ( -0.000000000000000000, -0.000000000000000000, 1.000000000000000000 ) ) ;
#68 = ORIENTED_EDGE ( 'NONE', *, *, #6761, .T. ) ;
#69 = DIRECTION ( 'NONE',  ( -0.000000000000000000, 0.000000000000000000, -1.000000000000000000 ) ) ;
#70 = EDGE_LOOP ( 'NONE', ( #4132, #3542 ) ) ;
#71 = ORIENTED_EDGE ( 'NONE', *, *, #4223, .F. ) ;
#72 = AXIS2_PLACEMENT_3D ( 'NONE', #7538, #5030, #7503 ) ;
#73 = CARTESIAN_POINT ( 'NONE',  ( -14.00000000000000000, -24.00000000000002132, -9.650000000000000355 ) ) ;
#74 = DIRECTION ( 'NONE',  ( -0.000000000000000000, -0.000000000000000000, 1.000000000000000000 ) ) ;
#75 = DIRECTION ( 'NONE',  ( 1.000000000000000000, 1.734723475976807587E-16, 0.000000000000000000 ) ) ;
#76 = CIRCLE ( 'NONE', #2795, 2.000000000000000888 ) ;
#77 = DIRECTION ( 'NONE',  ( -0.000000000000000000, -0.000000000000000000, -1.000000000000000000 ) ) ;
#78 = DIRECTION ( 'NONE',  ( -0.000000000000000000, -0.000000000000000000, 1.000000000000000000 ) ) ;
#79 = FACE_OUTER_BOUND ( 'NONE', #6084, .T. ) ;
#80 = DIRECTION ( 'NONE',  ( 1.000000000000000000, -6.071532165918992858E-15, 0.000000000000000000 ) ) ;
#81 = CIRCLE ( 'NONE', #6423, 4.000000000000007105 ) ;
#82 = ORIENTED_EDGE ( 'NONE', *, *, #4554, .T. ) ;
#83 = LINE ( 'NONE', #1337, #7067 ) ;
#84 = ADVANCED_FACE ( 'NONE', ( #7256 ), #4125, .T. ) ;
#85 = ORIENTED_EDGE ( 'NONE', *, *, #4094, .T. ) ;
#86 = CARTESIAN_POINT ( 'NONE',  ( -22.75590207615663729, 24.22277336810120474, 7.000000000000000000 ) ) ;
#87 = ORIENTED_EDGE ( 'NONE', *, *, #7735, .T. ) ;
#88 = CIRCLE ( 'NONE', #1499, 1.900000000000000577 ) ;
#89 = ADVANCED_FACE ( 'NONE', ( #261 ), #7423, .F. ) ;
#90 = ORIENTED_EDGE ( 'NONE', *, *, #5312, .F. ) ;
#91 = AXIS2_PLACEMENT_3D ( 'NONE', #3043, #38, #5636 ) ;
#92 = EDGE_LOOP ( 'NONE', ( #3011, #6953, #3557, #5692 ) ) ;
#93 = VECTOR ( 'NONE', #3665, 1000.000000000000000 ) ;
#94 = PLANE ( 'NONE',  #4725 ) ;
#95 = CARTESIAN_POINT ( 'NONE',  ( -10.00000000000000178, -43.22269074732326999, -3.000000000000000000 ) ) ;
#96 = DIRECTION ( 'NONE',  ( 0.000000000000000000, -1.000000000000000000, 0.000000000000000000 ) ) ;
#97 = CARTESIAN_POINT ( 'NONE',  ( 30.14487539711820929, 2.220446049250313081E-13, 7.000000000000000000 ) ) ;
#98 = VECTOR ( 'NONE', #1355, 1000.000000000000000 ) ;
#99 = EDGE_CURVE ( 'NONE', #1809, #2333, #7505, .T. ) ;
#100 = DIRECTION ( 'NONE',  ( -0.000000000000000000, -0.000000000000000000, -1.000000000000000000 ) ) ;
#101 = AXIS2_PLACEMENT_3D ( 'NONE', #4735, #3486, #1648 ) ;
#102 = ORIENTED_EDGE ( 'NONE', *, *, #1540, .T. ) ;
#103 = DIRECTION ( 'NONE',  ( 0.000000000000000000, 0.000000000000000000, -1.000000000000000000 ) ) ;
#104 = DIRECTION ( 'NONE',  ( -0.000000000000000000, -0.000000000000000000, -1.000000000000000000 ) ) ;
#105 = LINE ( 'NONE', #1467, #5675 ) ;
#106 = FACE_OUTER_BOUND ( 'NONE', #1300, .T. ) ;
#107 = AXIS2_PLACEMENT_3D ( 'NONE', #3271, #5704, #2047 ) ;
#108 = ADVANCED_FACE ( 'NONE', ( #44 ), #6288, .F. ) ;
#109 = ORIENTED_EDGE ( 'NONE', *, *, #523, .T. ) ;
#110 = LINE ( 'NONE', #3760, #838 ) ;
#111 = ORIENTED_EDGE ( 'NONE', *, *, #7428, .T. ) ;
#112 = ORIENTED_EDGE ( 'NONE', *, *, #6594, .T. ) ;
#113 = FACE_OUTER_BOUND ( 'NONE', #7173, .T. ) ;
#114 = PLANE ( 'NONE',  #1971 ) ;
#115 = DIRECTION ( 'NONE',  ( 0.000000000000000000, 0.000000000000000000, 1.000000000000000000 ) ) ;
#116 = AXIS2_PLACEMENT_3D ( 'NONE', #630, #1277, #3751 ) ;
#117 = DIRECTION ( 'NONE',  ( -0.000000000000000000, -0.000000000000000000, 1.000000000000000000 ) ) ;
#118 = DIRECTION ( 'NONE',  ( 0.000000000000000000, 0.000000000000000000, -1.000000000000000000 ) ) ;
#119 = CARTESIAN_POINT ( 'NONE',  ( -11.00000000000000178, -24.00000000000002132, -9.650000000000000355 ) ) ;
#120 = CARTESIAN_POINT ( 'NONE',  ( 5.933350533826676099, 23.72277336810118342, -5.500000000000000000 ) ) ;
#121 = EDGE_CURVE ( 'NONE', #5964, #7789, #1903, .T. ) ;
#122 = EDGE_LOOP ( 'NONE', ( #296, #2681 ) ) ;
#123 = DIRECTION ( 'NONE',  ( 1.000000000000000000, 0.000000000000000000, -0.000000000000000000 ) ) ;
#124 = ORIENTED_EDGE ( 'NONE', *, *, #1448, .T. ) ;
#125 = DIRECTION ( 'NONE',  ( -1.000000000000000000, 0.000000000000000000, 0.000000000000000000 ) ) ;
#126 = ORIENTED_EDGE ( 'NONE', *, *, #2140, .T. ) ;
#127 = ORIENTED_EDGE ( 'NONE', *, *, #6732, .F. ) ;
#128 = VERTEX_POINT ( 'NONE', #2557 ) ;
#129 = EDGE_CURVE ( 'NONE', #6489, #5931, #6296, .T. ) ;
#130 = DIRECTION ( 'NONE',  ( 1.000000000000000000, 0.000000000000000000, 0.000000000000000000 ) ) ;
#131 = EDGE_CURVE ( 'NONE', #7609, #7017, #6818, .T. ) ;
#132 = LINE ( 'NONE', #95, #3409 ) ;
#133 = CARTESIAN_POINT ( 'NONE',  ( -37.80531982830802207, -6.427876096865347222, -1.000000000000000000 ) ) ;
#134 = CARTESIAN_POINT ( 'NONE',  ( 3.850000000000089351, 2.220446049250313081E-13, 7.000000000000000000 ) ) ;
#135 = CYLINDRICAL_SURFACE ( 'NONE', #7670, 6.550000000000000711 ) ;
#136 = AXIS2_PLACEMENT_3D ( 'NONE', #4147, #6674, #2373 ) ;
#137 = VERTEX_POINT ( 'NONE', #1859 ) ;
#138 = DIRECTION ( 'NONE',  ( -1.000000000000000000, 0.000000000000000000, 0.000000000000000000 ) ) ;
#139 = CARTESIAN_POINT ( 'NONE',  ( -25.49999999999994671, 7.850000000000004974, -9.650000000000000355 ) ) ;
#140 = CARTESIAN_POINT ( 'NONE',  ( -8.000000000000000000, 23.34999999999998010, -9.650000000000000355 ) ) ;
#141 = EDGE_CURVE ( 'NONE', #4199, #1172, #3445, .T. ) ;
#142 = AXIS2_PLACEMENT_3D ( 'NONE', #860, #5241, #6468 ) ;
#143 = CARTESIAN_POINT ( 'NONE',  ( 7.949999999999998401, 19.24406644123204657, -1.000000000000000000 ) ) ;
#144 = ORIENTED_EDGE ( 'NONE', *, *, #3972, .T. ) ;
#145 = ORIENTED_EDGE ( 'NONE', *, *, #6908, .T. ) ;
#146 = CARTESIAN_POINT ( 'NONE',  ( -8.000000000000000000, 37.74406644123207144, -7.000000000000000000 ) ) ;
#147 = ORIENTED_EDGE ( 'NONE', *, *, #7502, .F. ) ;
#148 = VERTEX_POINT ( 'NONE', #3 ) ;
#149 = VECTOR ( 'NONE', #7336, 1000.000000000000000 ) ;
#150 = CYLINDRICAL_SURFACE ( 'NONE', #5805, 1.899999999999999023 ) ;
#151 = DIRECTION ( 'NONE',  ( 0.000000000000000000, 0.000000000000000000, 1.000000000000000000 ) ) ;
#152 = DIRECTION ( 'NONE',  ( 0.000000000000000000, 0.000000000000000000, -1.000000000000000000 ) ) ;
#153 = AXIS2_PLACEMENT_3D ( 'NONE', #7650, #1480, #3957 ) ;
#154 = EDGE_CURVE ( 'NONE', #705, #7902, #4297, .T. ) ;
#155 = CARTESIAN_POINT ( 'NONE',  ( 8.000000000000000000, -41.00000000000000000, -9.650000000000000355 ) ) ;
#156 = CARTESIAN_POINT ( 'NONE',  ( -15.00000000000000000, 5.849999999999911715, -7.000000000000000000 ) ) ;
#157 = DIRECTION ( 'NONE',  ( -0.000000000000000000, -0.000000000000000000, -1.000000000000000000 ) ) ;
#158 = CIRCLE ( 'NONE', #4683, 0.5000000000000004441 ) ;
#159 = ORIENTED_EDGE ( 'NONE', *, *, #2776, .F. ) ;
#160 = DIRECTION ( 'NONE',  ( -1.000000000000000000, 0.000000000000000000, 0.000000000000000000 ) ) ;
#161 = VERTEX_POINT ( 'NONE', #1297 ) ;
#162 = CIRCLE ( 'NONE', #1710, 2.000000000000000000 ) ;
#163 = EDGE_CURVE ( 'NONE', #7682, #5651, #3769, .T. ) ;
#164 = EDGE_CURVE ( 'NONE', #4449, #5964, #4337, .T. ) ;
#165 = FACE_OUTER_BOUND ( 'NONE', #854, .T. ) ;
#166 = VERTEX_POINT ( 'NONE', #1470 ) ;
#167 = ORIENTED_EDGE ( 'NONE', *, *, #4070, .F. ) ;
#168 = EDGE_LOOP ( 'NONE', ( #4439, #3759, #2820, #2834 ) ) ;
#169 = FACE_OUTER_BOUND ( 'NONE', #3037, .T. ) ;
#170 = FACE_OUTER_BOUND ( 'NONE', #4681, .T. ) ;
#171 = DIRECTION ( 'NONE',  ( -0.000000000000000000, -0.000000000000000000, -1.000000000000000000 ) ) ;
#172 = DIRECTION ( 'NONE',  ( 1.000000000000000000, 0.000000000000000000, 0.000000000000000000 ) ) ;
#173 = ORIENTED_EDGE ( 'NONE', *, *, #7681, .T. ) ;
#174 = EDGE_CURVE ( 'NONE', #5850, #7758, #1258, .T. ) ;
#175 = CARTESIAN_POINT ( 'NONE',  ( 37.80531982830802207, -6.427876096865348998, 7.000000000000000000 ) ) ;
#176 = CARTESIAN_POINT ( 'NONE',  ( 13.15651736460752375, -28.16341587115827139, -5.500000000000000000 ) ) ;
#177 = DIRECTION ( 'NONE',  ( -0.000000000000000000, -0.000000000000000000, 1.000000000000000000 ) ) ;
#178 = DIRECTION ( 'NONE',  ( -0.000000000000000000, -0.000000000000000000, -1.000000000000000000 ) ) ;
#179 = VERTEX_POINT ( 'NONE', #4989 ) ;
#180 = DIRECTION ( 'NONE',  ( -0.000000000000000000, -0.000000000000000000, 1.000000000000000000 ) ) ;
#181 = AXIS2_PLACEMENT_3D ( 'NONE', #1019, #5356, #1618 ) ;
#182 = ORIENTED_EDGE ( 'NONE', *, *, #274, .F. ) ;
#183 = ADVANCED_FACE ( 'NONE', ( #7461, #691 ), #6779, .T. ) ;
#184 = VERTEX_POINT ( 'NONE', #1945 ) ;
#185 = DIRECTION ( 'NONE',  ( -0.000000000000000000, -0.000000000000000000, -1.000000000000000000 ) ) ;
#186 = CARTESIAN_POINT ( 'NONE',  ( -7.522705113115480735, -43.72193089205185856, -5.500000000000000000 ) ) ;
#187 = CARTESIAN_POINT ( 'NONE',  ( 8.893987274525676057, -46.88248654877161670, -4.878429931546921949 ) ) ;
#188 = VECTOR ( 'NONE', #1085, 1000.000000000000000 ) ;
#189 = DIRECTION ( 'NONE',  ( 0.000000000000000000, 0.000000000000000000, 1.000000000000000000 ) ) ;
#190 = DIRECTION ( 'NONE',  ( -0.000000000000000000, -0.000000000000000000, -1.000000000000000000 ) ) ;
#191 = CARTESIAN_POINT ( 'NONE',  ( 30.14487539711820929, 2.220446049250313081E-13, -7.000000000000000000 ) ) ;
#192 = ORIENTED_EDGE ( 'NONE', *, *, #7428, .F. ) ;
#193 = CARTESIAN_POINT ( 'NONE',  ( -11.53333333333333499, -37.92185223922958670, -5.500000000000000000 ) ) ;
#194 = VERTEX_POINT ( 'NONE', #1218 ) ;
#195 = ADVANCED_FACE ( 'NONE', ( #864 ), #4417, .F. ) ;
#196 = AXIS2_PLACEMENT_3D ( 'NONE', #385, #5377, #2869 ) ;
#197 = VECTOR ( 'NONE', #7797, 1000.000000000000000 ) ;
#198 = DIRECTION ( 'NONE',  ( 0.000000000000000000, 0.000000000000000000, -1.000000000000000000 ) ) ;
#199 = AXIS2_PLACEMENT_3D ( 'NONE', #7900, #4211, #6614 ) ;
#200 = ORIENTED_EDGE ( 'NONE', *, *, #529, .T. ) ;
#201 = DIRECTION ( 'NONE',  ( -0.000000000000000000, -0.000000000000000000, -1.000000000000000000 ) ) ;
#202 = AXIS2_PLACEMENT_3D ( 'NONE', #3291, #201, #6530 ) ;
#203 = ORIENTED_EDGE ( 'NONE', *, *, #3335, .F. ) ;
#204 = VERTEX_POINT ( 'NONE', #609 ) ;
#205 = EDGE_CURVE ( 'NONE', #2890, #3164, #6943, .T. ) ;
#206 = EDGE_CURVE ( 'NONE', #3294, #464, #2596, .T. ) ;
#207 = ORIENTED_EDGE ( 'NONE', *, *, #2788, .T. ) ;
#208 = FACE_OUTER_BOUND ( 'NONE', #7949, .T. ) ;
#209 = CARTESIAN_POINT ( 'NONE',  ( -17.00000000000000000, -35.99427459992278244, 6.999999999999999112 ) ) ;
#210 = VECTOR ( 'NONE', #7884, 1000.000000000000000 ) ;
#211 = FACE_OUTER_BOUND ( 'NONE', #7994, .T. ) ;
#212 = DIRECTION ( 'NONE',  ( 1.000000000000000000, 0.000000000000000000, 0.000000000000000000 ) ) ;
#213 = EDGE_CURVE ( 'NONE', #5188, #5232, #2537, .T. ) ;
#214 = AXIS2_PLACEMENT_3D ( 'NONE', #1442, #4490, #7006 ) ;
#215 = ORIENTED_EDGE ( 'NONE', *, *, #5493, .F. ) ;
#216 = CIRCLE ( 'NONE', #6834, 1.899999999999999689 ) ;
#217 = CARTESIAN_POINT ( 'NONE',  ( -9.999999999999998224, -5.150000000000044764, -5.500000000000000000 ) ) ;
#218 = CARTESIAN_POINT ( 'NONE',  ( 9.399999999999996803, 5.849999999999910827, -5.500000000000000000 ) ) ;
#219 = CARTESIAN_POINT ( 'NONE',  ( -2.189711252603710132E-14, -21.00000000000001776, 7.000000000000000000 ) ) ;
#220 = VECTOR ( 'NONE', #4558, 1000.000000000000000 ) ;
#221 = FACE_OUTER_BOUND ( 'NONE', #7345, .T. ) ;
#222 = VECTOR ( 'NONE', #4249, 1000.000000000000000 ) ;
#223 = ORIENTED_EDGE ( 'NONE', *, *, #4046, .T. ) ;
#224 = FACE_BOUND ( 'NONE', #2238, .T. ) ;
#225 = CIRCLE ( 'NONE', #4761, 6.550000000000000711 ) ;
#226 = ORIENTED_EDGE ( 'NONE', *, *, #3814, .T. ) ;
#227 = ORIENTED_EDGE ( 'NONE', *, *, #4357, .T. ) ;
#228 = CARTESIAN_POINT ( 'NONE',  ( -13.00000000000000178, -43.22269074732326999, -5.500000000000000000 ) ) ;
#229 = CARTESIAN_POINT ( 'NONE',  ( -8.704398134004069476, -46.65849380500838350, -4.383877295957330666 ) ) ;
#230 = FACE_OUTER_BOUND ( 'NONE', #350, .T. ) ;
#231 = VECTOR ( 'NONE', #5866, 1000.000000000000000 ) ;
#232 = VECTOR ( 'NONE', #178, 1000.000000000000000 ) ;
#233 = CARTESIAN_POINT ( 'NONE',  ( -9.449999999999359801, 24.22277336810118342, 6.999999999999999112 ) ) ;
#234 = EDGE_CURVE ( 'NONE', #4261, #238, #6018, .T. ) ;
#235 = CARTESIAN_POINT ( 'NONE',  ( -14.00000000000000000, -5.150000000000045652, -2.499999999999999556 ) ) ;
#236 = EDGE_CURVE ( 'NONE', #1143, #525, #2897, .T. ) ;
#237 = DIRECTION ( 'NONE',  ( -0.000000000000000000, 0.000000000000000000, 1.000000000000000000 ) ) ;
#238 = VERTEX_POINT ( 'NONE', #6632 ) ;
#239 = DIRECTION ( 'NONE',  ( -0.000000000000000000, -0.000000000000000000, 1.000000000000000000 ) ) ;
#240 = ORIENTED_EDGE ( 'NONE', *, *, #1151, .T. ) ;
#241 = CIRCLE ( 'NONE', #4773, 8.050000000000000711 ) ;
#242 = CARTESIAN_POINT ( 'NONE',  ( -7.949999999999998401, 19.24406644123204302, -5.500000000000000000 ) ) ;
#243 = ADVANCED_FACE ( 'NONE', ( #5413 ), #4143, .F. ) ;
#244 = ORIENTED_EDGE ( 'NONE', *, *, #7712, .T. ) ;
#245 = CARTESIAN_POINT ( 'NONE',  ( 11.64730557617118123, -48.55506375495703963, -2.434573843063204901 ) ) ;
#246 = ORIENTED_EDGE ( 'NONE', *, *, #1414, .T. ) ;
#247 = ORIENTED_EDGE ( 'NONE', *, *, #581, .T. ) ;
#248 = ORIENTED_EDGE ( 'NONE', *, *, #2838, .T. ) ;
#249 = DIRECTION ( 'NONE',  ( -1.000000000000000000, 0.000000000000000000, 0.000000000000000000 ) ) ;
#250 = EDGE_CURVE ( 'NONE', #7463, #7426, #2122, .T. ) ;
#251 = DIRECTION ( 'NONE',  ( 1.000000000000000000, 0.000000000000000000, 0.000000000000000000 ) ) ;
#252 = DIRECTION ( 'NONE',  ( 0.000000000000000000, 0.000000000000000000, 1.000000000000000000 ) ) ;
#253 = DIRECTION ( 'NONE',  ( 0.000000000000000000, -0.000000000000000000, -1.000000000000000000 ) ) ;
#254 = VERTEX_POINT ( 'NONE', #5899 ) ;
#255 = CARTESIAN_POINT ( 'NONE',  ( -13.00000000000000178, -43.22269074732326999, -1.000000000000000000 ) ) ;
#256 = DIRECTION ( 'NONE',  ( 0.000000000000000000, 0.000000000000000000, -1.000000000000000000 ) ) ;
#257 = DIRECTION ( 'NONE',  ( 0.000000000000000000, -1.000000000000000000, 0.000000000000000000 ) ) ;
#258 = ADVANCED_FACE ( 'NONE', ( #5366 ), #6595, .F. ) ;
#259 = EDGE_CURVE ( 'NONE', #5310, #5827, #3058, .T. ) ;
#260 = DIRECTION ( 'NONE',  ( -0.000000000000000000, -0.000000000000000000, -1.000000000000000000 ) ) ;
#261 = FACE_OUTER_BOUND ( 'NONE', #944, .T. ) ;
#262 = VERTEX_POINT ( 'NONE', #945 ) ;
#263 = ORIENTED_EDGE ( 'NONE', *, *, #6313, .F. ) ;
#264 = CARTESIAN_POINT ( 'NONE',  ( -9.449999999999359801, 19.24406644123204302, 64.09969851780280692 ) ) ;
#265 = FACE_OUTER_BOUND ( 'NONE', #1860, .T. ) ;
#266 = DIRECTION ( 'NONE',  ( -0.000000000000000000, -0.000000000000000000, 1.000000000000000000 ) ) ;
#267 = AXIS2_PLACEMENT_3D ( 'NONE', #5664, #3119, #5050 ) ;
#268 = FACE_BOUND ( 'NONE', #4865, .T. ) ;
#269 = CARTESIAN_POINT ( 'NONE',  ( -13.00000000000000178, -43.22269074732326999, 5.000000000000000000 ) ) ;
#270 = VERTEX_POINT ( 'NONE', #4680 ) ;
#271 = DIRECTION ( 'NONE',  ( -1.000000000000000000, 0.000000000000000000, 0.000000000000000000 ) ) ;
#272 = CIRCLE ( 'NONE', #7531, 4.000000000000003553 ) ;
#273 = EDGE_LOOP ( 'NONE', ( #1701, #3660 ) ) ;
#274 = EDGE_CURVE ( 'NONE', #3224, #7341, #4479, .T. ) ;
#275 = AXIS2_PLACEMENT_3D ( 'NONE', #301, #6557, #3315 ) ;
#276 = FACE_OUTER_BOUND ( 'NONE', #6412, .T. ) ;
#277 = ORIENTED_EDGE ( 'NONE', *, *, #2958, .T. ) ;
#278 = CARTESIAN_POINT ( 'NONE',  ( -2.113336731477780409E-14, -19.00000000000002132, 7.000000000000000000 ) ) ;
#279 = VERTEX_POINT ( 'NONE', #5328 ) ;
#280 = ORIENTED_EDGE ( 'NONE', *, *, #1081, .T. ) ;
#281 = AXIS2_PLACEMENT_3D ( 'NONE', #6388, #819, #5824 ) ;
#282 = ADVANCED_FACE ( 'NONE', ( #1630 ), #7076, .F. ) ;
#283 = ORIENTED_EDGE ( 'NONE', *, *, #1539, .F. ) ;
#284 = CARTESIAN_POINT ( 'NONE',  ( -16.00000000000000000, 16.85000000000000142, -5.500000000000000000 ) ) ;
#285 = CYLINDRICAL_SURFACE ( 'NONE', #7779, 4.000000000000000888 ) ;
#286 = VECTOR ( 'NONE', #7438, 1000.000000000000000 ) ;
#287 = CARTESIAN_POINT ( 'NONE',  ( 30.14487539711820929, 9.999999999999998224, -3.999999999999999112 ) ) ;
#288 = ORIENTED_EDGE ( 'NONE', *, *, #1130, .T. ) ;
#289 = EDGE_CURVE ( 'NONE', #5048, #3105, #375, .T. ) ;
#290 = CARTESIAN_POINT ( 'NONE',  ( -13.00000000000000178, -35.99427459992278244, 6.999999999999999112 ) ) ;
#291 = CARTESIAN_POINT ( 'NONE',  ( -12.99999999999999822, -28.93902645193045231, 6.999999999999999112 ) ) ;
#292 = CARTESIAN_POINT ( 'NONE',  ( 11.18812536918544076, -48.42801511867979514, -2.410251844772379748 ) ) ;
#293 = DIRECTION ( 'NONE',  ( -1.000000000000000000, 0.000000000000000000, 0.000000000000000000 ) ) ;
#294 = LINE ( 'NONE', #2774, #3348 ) ;
#295 = DIRECTION ( 'NONE',  ( 1.000000000000000000, 0.000000000000000000, 0.000000000000000000 ) ) ;
#296 = ORIENTED_EDGE ( 'NONE', *, *, #6301, .F. ) ;
#297 = VERTEX_POINT ( 'NONE', #903 ) ;
#298 = ADVANCED_FACE ( 'NONE', ( #3393 ), #1548, .T. ) ;
#299 = EDGE_CURVE ( 'NONE', #6227, #3198, #2775, .T. ) ;
#300 = DIRECTION ( 'NONE',  ( -6.685457475978443935E-15, 1.000000000000000000, -0.000000000000000000 ) ) ;
#301 = CARTESIAN_POINT ( 'NONE',  ( 11.00000000000000000, 5.849999999999910827, -9.650000000000000355 ) ) ;
#302 = DIRECTION ( 'NONE',  ( 0.000000000000000000, 0.000000000000000000, -1.000000000000000000 ) ) ;
#303 = CARTESIAN_POINT ( 'NONE',  ( 13.80000000000000071, -48.22269074732328420, -3.999999999999998224 ) ) ;
#304 = DIRECTION ( 'NONE',  ( 1.000000000000000000, -0.000000000000000000, -0.000000000000000000 ) ) ;
#305 = SHAPE_DEFINITION_REPRESENTATION ( #3318, #3363 ) ;
#306 = ORIENTED_EDGE ( 'NONE', *, *, #3920, .T. ) ;
#307 = CARTESIAN_POINT ( 'NONE',  ( -16.00000000000000000, -43.22269074732326999, -3.000000000000000000 ) ) ;
#308 = EDGE_LOOP ( 'NONE', ( #4818, #496 ) ) ;
#309 = ORIENTED_EDGE ( 'NONE', *, *, #1689, .T. ) ;
#310 = FACE_OUTER_BOUND ( 'NONE', #4257, .T. ) ;
#311 = ORIENTED_EDGE ( 'NONE', *, *, #3123, .F. ) ;
#312 = CARTESIAN_POINT ( 'NONE',  ( 9.000000000000001776, 29.74406644123207144, -4.000000000000000000 ) ) ;
#313 = ADVANCED_FACE ( 'NONE', ( #5248 ), #335, .T. ) ;
#314 = AXIS2_PLACEMENT_3D ( 'NONE', #6777, #1, #7421 ) ;
#315 = EDGE_LOOP ( 'NONE', ( #6792, #6105 ) ) ;
#316 = EDGE_LOOP ( 'NONE', ( #4797, #3275, #4086, #5691 ) ) ;
#317 = PRODUCT_DEFINITION_FORMATION_WITH_SPECIFIED_SOURCE ( '对称', '', #5777, .NOT_KNOWN. ) ;
#318 = AXIS2_PLACEMENT_3D ( 'NONE', #6922, #2626, #3683 ) ;
#319 = EDGE_LOOP ( 'NONE', ( #1770, #3872, #4575, #1769 ) ) ;
#320 = DIRECTION ( 'NONE',  ( 4.692204187680386691E-16, 1.000000000000000000, -0.000000000000000000 ) ) ;
#321 = CARTESIAN_POINT ( 'NONE',  ( 8.000000000000000000, 29.74406644123207144, -3.000000000000000000 ) ) ;
#322 = AXIS2_PLACEMENT_3D ( 'NONE', #6550, #5943, #2242 ) ;
#323 = ADVANCED_FACE ( 'NONE', ( #5289 ), #7755, .T. ) ;
#324 = EDGE_CURVE ( 'NONE', #5527, #3600, #1368, .T. ) ;
#325 = CARTESIAN_POINT ( 'NONE',  ( 17.00000000000000000, -34.86239308998525388, -1.000000000000000000 ) ) ;
#326 = AXIS2_PLACEMENT_3D ( 'NONE', #434, #4743, #3611 ) ;
#327 = ORIENTED_EDGE ( 'NONE', *, *, #2719, .F. ) ;
#328 = CARTESIAN_POINT ( 'NONE',  ( -8.000000000000001776, 35.74406644123207144, -1.000000000000000000 ) ) ;
#329 = DIRECTION ( 'NONE',  ( -1.000000000000000000, 0.000000000000000000, -0.000000000000000000 ) ) ;
#330 = CARTESIAN_POINT ( 'NONE',  ( -26.00000000000000355, 21.25010530891830030, -7.000000000000000000 ) ) ;
#331 = ORIENTED_EDGE ( 'NONE', *, *, #3469, .F. ) ;
#332 = FACE_BOUND ( 'NONE', #4952, .T. ) ;
#333 = CARTESIAN_POINT ( 'NONE',  ( -13.00000000000000178, -35.99427459992278244, 64.09969851780280692 ) ) ;
#334 = ADVANCED_FACE ( 'NONE', ( #4718 ), #7195, .F. ) ;
#335 = PLANE ( 'NONE',  #4470 ) ;
#336 = ORIENTED_EDGE ( 'NONE', *, *, #7955, .F. ) ;
#337 = CIRCLE ( 'NONE', #6828, 2.000000000000000000 ) ;
#338 = ORIENTED_EDGE ( 'NONE', *, *, #5888, .F. ) ;
#339 = DIRECTION ( 'NONE',  ( 1.000000000000000000, 0.000000000000000000, 0.000000000000000000 ) ) ;
#340 = CARTESIAN_POINT ( 'NONE',  ( -9.086304466762820553, -47.08971263438573374, -5.141956945185629735 ) ) ;
#341 = DIRECTION ( 'NONE',  ( -1.000000000000000000, 0.000000000000000000, 0.000000000000000000 ) ) ;
#342 = AXIS2_PLACEMENT_3D ( 'NONE', #4571, #6477, #3880 ) ;
#343 = AXIS2_PLACEMENT_3D ( 'NONE', #6197, #3715, #503 ) ;
#344 = DIRECTION ( 'NONE',  ( -0.000000000000000000, -0.000000000000000000, 1.000000000000000000 ) ) ;
#345 = LINE ( 'NONE', #2207, #6634 ) ;
#346 = EDGE_CURVE ( 'NONE', #3085, #1323, #3116, .T. ) ;
#347 = DIRECTION ( 'NONE',  ( 0.000000000000000000, -0.000000000000000000, -1.000000000000000000 ) ) ;
#348 = ORIENTED_EDGE ( 'NONE', *, *, #5338, .F. ) ;
#349 = CYLINDRICAL_SURFACE ( 'NONE', #5012, 5.500000000000000000 ) ;
#350 = EDGE_LOOP ( 'NONE', ( #5477, #2143, #3694, #7100, #5605, #2791, #47, #7986, #4506, #5409, #2759, #1005, #554 ) ) ;
#351 = ORIENTED_EDGE ( 'NONE', *, *, #7584, .F. ) ;
#352 = AXIS2_PLACEMENT_3D ( 'NONE', #791, #6968, #3277 ) ;
#353 = CARTESIAN_POINT ( 'NONE',  ( 14.00000000000000000, -5.150000000000045652, -2.499999999999999556 ) ) ;
#354 = PLANE ( 'NONE',  #3731 ) ;
#355 = EDGE_CURVE ( 'NONE', #4882, #3668, #6192, .T. ) ;
#356 = EDGE_CURVE ( 'NONE', #7463, #2724, #1756, .T. ) ;
#357 = ORIENTED_EDGE ( 'NONE', *, *, #4131, .T. ) ;
#358 = DIRECTION ( 'NONE',  ( -1.000000000000000000, 0.000000000000000000, 0.000000000000000000 ) ) ;
#359 = ORIENTED_EDGE ( 'NONE', *, *, #5104, .T. ) ;
#360 = CIRCLE ( 'NONE', #6979, 3.000000000000000888 ) ;
#361 = ORIENTED_EDGE ( 'NONE', *, *, #1533, .F. ) ;
#362 = ORIENTED_EDGE ( 'NONE', *, *, #7788, .T. ) ;
#363 = VECTOR ( 'NONE', #2368, 1000.000000000000000 ) ;
#364 = DIRECTION ( 'NONE',  ( -1.000000000000000000, 0.000000000000000000, 0.000000000000000000 ) ) ;
#365 = ORIENTED_EDGE ( 'NONE', *, *, #7156, .T. ) ;
#366 = DIRECTION ( 'NONE',  ( 0.000000000000000000, 0.000000000000000000, 1.000000000000000000 ) ) ;
#367 = CARTESIAN_POINT ( 'NONE',  ( -9.999999999999998224, -5.150000000000044764, -2.499999999999999556 ) ) ;
#368 = EDGE_LOOP ( 'NONE', ( #6924, #5068, #4421, #7975 ) ) ;
#369 = CARTESIAN_POINT ( 'NONE',  ( -25.49999999999999645, -0.1499999999997753408, -9.650000000000000355 ) ) ;
#370 = LINE ( 'NONE', #2770, #4663 ) ;
#371 = DIRECTION ( 'NONE',  ( 1.000000000000000000, 0.000000000000000000, 0.000000000000000000 ) ) ;
#372 = ADVANCED_FACE ( 'NONE', ( #5582 ), #6796, .T. ) ;
#373 = PLANE ( 'NONE',  #6125 ) ;
#374 = FACE_OUTER_BOUND ( 'NONE', #490, .T. ) ;
#375 = LINE ( 'NONE', #4764, #974 ) ;
#376 = ORIENTED_EDGE ( 'NONE', *, *, #6010, .F. ) ;
#377 = DIRECTION ( 'NONE',  ( -0.000000000000000000, -0.000000000000000000, 1.000000000000000000 ) ) ;
#378 = PLANE ( 'NONE',  #7146 ) ;
#379 = LINE ( 'NONE', #7801, #1124 ) ;
#380 = ADVANCED_FACE ( 'NONE', ( #7315 ), #6064, .F. ) ;
#381 = CARTESIAN_POINT ( 'NONE',  ( -26.14487539711820929, 0.000000000000000000, -7.000000000000000000 ) ) ;
#382 = DIRECTION ( 'NONE',  ( 0.000000000000000000, 0.000000000000000000, 1.000000000000000000 ) ) ;
#383 =( NAMED_UNIT ( * ) PLANE_ANGLE_UNIT ( ) SI_UNIT ( $, .RADIAN. ) );
#384 = ORIENTED_EDGE ( 'NONE', *, *, #6008, .F. ) ;
#385 = CARTESIAN_POINT ( 'NONE',  ( -16.00000000000000000, 16.85000000000000142, -5.500000000000000000 ) ) ;
#386 = ORIENTED_EDGE ( 'NONE', *, *, #6407, .F. ) ;
#387 = ORIENTED_EDGE ( 'NONE', *, *, #1026, .T. ) ;
#388 = AXIS2_PLACEMENT_3D ( 'NONE', #1635, #1032, #4111 ) ;
#389 = DIRECTION ( 'NONE',  ( 1.000000000000000000, 0.000000000000000000, 0.000000000000000000 ) ) ;
#390 = EDGE_CURVE ( 'NONE', #4287, #3525, #4232, .T. ) ;
#391 = CARTESIAN_POINT ( 'NONE',  ( -8.000000000000000000, 23.34999999999998010, -6.350000000000000533 ) ) ;
#392 = VERTEX_POINT ( 'NONE', #7362 ) ;
#393 = DIRECTION ( 'NONE',  ( -0.000000000000000000, -0.000000000000000000, -1.000000000000000000 ) ) ;
#394 = ORIENTED_EDGE ( 'NONE', *, *, #3920, .F. ) ;
#395 = ORIENTED_EDGE ( 'NONE', *, *, #2241, .F. ) ;
#396 = EDGE_CURVE ( 'NONE', #1564, #4090, #4632, .T. ) ;
#397 = ADVANCED_FACE ( 'NONE', ( #3752 ), #4276, .T. ) ;
#398 = AXIS2_PLACEMENT_3D ( 'NONE', #4455, #3843, #6479 ) ;
#399 = AXIS2_PLACEMENT_3D ( 'NONE', #2015, #151, #2631 ) ;
#400 = VERTEX_POINT ( 'NONE', #7924 ) ;
#401 = FACE_OUTER_BOUND ( 'NONE', #1882, .T. ) ;
#402 = AXIS2_PLACEMENT_3D ( 'NONE', #5242, #7112, #1544 ) ;
#403 = ORIENTED_EDGE ( 'NONE', *, *, #289, .T. ) ;
#404 = DIRECTION ( 'NONE',  ( -1.000000000000000000, 0.000000000000000000, 0.000000000000000000 ) ) ;
#405 = AXIS2_PLACEMENT_3D ( 'NONE', #1521, #2635, #6974 ) ;
#406 = CARTESIAN_POINT ( 'NONE',  ( 8.000000000000000000, 37.74406644123207144, 7.000000000000000000 ) ) ;
#407 = VERTEX_POINT ( 'NONE', #4930 ) ;
#408 = DIRECTION ( 'NONE',  ( 0.000000000000000000, 0.000000000000000000, 1.000000000000000000 ) ) ;
#409 = CARTESIAN_POINT ( 'NONE',  ( -13.15651736460734789, -28.16341587115827139, -5.500000000000000000 ) ) ;
#410 = CARTESIAN_POINT ( 'NONE',  ( 8.847089727481716182E-14, 21.24406644123204302, 3.649999999999999023 ) ) ;
#411 = CIRCLE ( 'NONE', #686, 3.999999999999996447 ) ;
#412 = LINE ( 'NONE', #2157, #1201 ) ;
#413 = CARTESIAN_POINT ( 'NONE',  ( -21.49999999999995026, 7.849999999999999645, -9.650000000000000355 ) ) ;
#414 = DIRECTION ( 'NONE',  ( -0.000000000000000000, -0.000000000000000000, 1.000000000000000000 ) ) ;
#415 = EDGE_CURVE ( 'NONE', #2822, #7891, #2370, .T. ) ;
#416 = ORIENTED_EDGE ( 'NONE', *, *, #6865, .F. ) ;
#417 = DIRECTION ( 'NONE',  ( 1.000000000000000000, 0.000000000000000000, 0.000000000000000000 ) ) ;
#418 = DIRECTION ( 'NONE',  ( -0.000000000000000000, -0.000000000000000000, -1.000000000000000000 ) ) ;
#419 = CARTESIAN_POINT ( 'NONE',  ( -14.00000000000000000, -24.00000000000002132, -7.000000000000000000 ) ) ;
#420 = CARTESIAN_POINT ( 'NONE',  ( -5.933350533826674322, 23.72277336810118342, 7.000000000000000888 ) ) ;
#421 = PLANE ( 'NONE',  #4559 ) ;
#422 = DIRECTION ( 'NONE',  ( 1.000000000000000000, 0.000000000000000000, -0.000000000000000000 ) ) ;
#423 = ADVANCED_FACE ( 'NONE', ( #8009, #3028, #5496 ), #7401, .T. ) ;
#424 = VERTEX_POINT ( 'NONE', #4805 ) ;
#425 = CARTESIAN_POINT ( 'NONE',  ( -12.09999999999999964, -5.150000000000045652, -5.500000000000000000 ) ) ;
#426 = ORIENTED_EDGE ( 'NONE', *, *, #5052, .T. ) ;
#427 = VERTEX_POINT ( 'NONE', #7278 ) ;
#428 = CARTESIAN_POINT ( 'NONE',  ( 23.63822295986629740, 8.444066441232072506, -1.000000000000000000 ) ) ;
#429 = DIRECTION ( 'NONE',  ( -0.000000000000000000, -0.000000000000000000, 1.000000000000000000 ) ) ;
#430 = CYLINDRICAL_SURFACE ( 'NONE', #4102, 2.000000000000001776 ) ;
#431 = CARTESIAN_POINT ( 'NONE',  ( 12.00000000000000000, 23.34999999999998010, -9.650000000000000355 ) ) ;
#432 = EDGE_CURVE ( 'NONE', #3982, #161, #76, .T. ) ;
#433 = EDGE_LOOP ( 'NONE', ( #3082, #2061, #7520, #3975 ) ) ;
#434 = CARTESIAN_POINT ( 'NONE',  ( 13.00000000000000178, -43.22269074732326999, 7.000000000000000000 ) ) ;
#435 = VERTEX_POINT ( 'NONE', #2575 ) ;
#436 = ORIENTED_EDGE ( 'NONE', *, *, #5653, .F. ) ;
#437 = DIRECTION ( 'NONE',  ( -0.000000000000000000, -0.000000000000000000, -1.000000000000000000 ) ) ;
#438 = AXIS2_PLACEMENT_3D ( 'NONE', #5449, #4271, #4967 ) ;
#439 = EDGE_CURVE ( 'NONE', #6978, #467, #3299, .T. ) ;
#440 = ORIENTED_EDGE ( 'NONE', *, *, #5111, .F. ) ;
#441 = DIRECTION ( 'NONE',  ( 0.000000000000000000, 0.000000000000000000, -1.000000000000000000 ) ) ;
#442 = LINE ( 'NONE', #6009, #6541 ) ;
#443 = ORIENTED_EDGE ( 'NONE', *, *, #4615, .F. ) ;
#444 = VECTOR ( 'NONE', #6850, 1000.000000000000000 ) ;
#445 = LINE ( 'NONE', #2930, #7476 ) ;
#446 = CARTESIAN_POINT ( 'NONE',  ( -13.00000000000000178, -43.22269074732326999, 7.000000000000000000 ) ) ;
#447 = CARTESIAN_POINT ( 'NONE',  ( 8.863327340630114293, -46.84958256655771436, -3.163817784386822041 ) ) ;
#448 = VECTOR ( 'NONE', #4474, 1000.000000000000000 ) ;
#449 = ORIENTED_EDGE ( 'NONE', *, *, #1018, .T. ) ;
#450 = DIRECTION ( 'NONE',  ( -0.000000000000000000, -0.000000000000000000, -1.000000000000000000 ) ) ;
#451 = DIRECTION ( 'NONE',  ( 0.000000000000000000, 0.000000000000000000, 1.000000000000000000 ) ) ;
#452 = AXIS2_PLACEMENT_3D ( 'NONE', #5349, #7258, #1782 ) ;
#453 = ADVANCED_FACE ( 'NONE', ( #3261 ), #3862, .F. ) ;
#454 = DIRECTION ( 'NONE',  ( -1.000000000000000000, 0.000000000000000000, 0.000000000000000000 ) ) ;
#455 = AXIS2_PLACEMENT_3D ( 'NONE', #7338, #393, #3649 ) ;
#456 = ORIENTED_EDGE ( 'NONE', *, *, #2121, .T. ) ;
#457 = DIRECTION ( 'NONE',  ( -0.000000000000000000, -0.000000000000000000, -1.000000000000000000 ) ) ;
#458 = DIRECTION ( 'NONE',  ( 1.000000000000000000, 0.000000000000000000, 0.000000000000000000 ) ) ;
#459 = LINE ( 'NONE', #2901, #4096 ) ;
#460 = UNCERTAINTY_MEASURE_WITH_UNIT (LENGTH_MEASURE( 1.000000000000000082E-05 ), #2867, 'distance_accuracy_value', 'NONE');
#461 = DIRECTION ( 'NONE',  ( -0.000000000000000000, -0.000000000000000000, 1.000000000000000000 ) ) ;
#462 = CARTESIAN_POINT ( 'NONE',  ( -37.80531982830802207, -6.427876096865348998, 7.000000000000000000 ) ) ;
#463 = AXIS2_PLACEMENT_3D ( 'NONE', #4721, #457, #2943 ) ;
#464 = VERTEX_POINT ( 'NONE', #3790 ) ;
#465 = CARTESIAN_POINT ( 'NONE',  ( 12.60000000000000142, 5.849999999999910827, -6.349999999999999645 ) ) ;
#466 = ORIENTED_EDGE ( 'NONE', *, *, #6313, .T. ) ;
#467 = VERTEX_POINT ( 'NONE', #5659 ) ;
#468 = AXIS2_PLACEMENT_3D ( 'NONE', #7612, #1406, #2056 ) ;
#469 = DIRECTION ( 'NONE',  ( 0.000000000000000000, -0.000000000000000000, 1.000000000000000000 ) ) ;
#470 = DIRECTION ( 'NONE',  ( 3.936060322957868622E-16, 1.000000000000000000, 0.000000000000000000 ) ) ;
#471 = AXIS2_PLACEMENT_3D ( 'NONE', #6842, #2116, #4441 ) ;
#472 = EDGE_CURVE ( 'NONE', #3525, #435, #3186, .T. ) ;
#473 = EDGE_CURVE ( 'NONE', #6967, #1097, #2660, .T. ) ;
#474 = DIRECTION ( 'NONE',  ( -0.000000000000000000, -0.000000000000000000, 1.000000000000000000 ) ) ;
#475 = FACE_OUTER_BOUND ( 'NONE', #2296, .T. ) ;
#476 = AXIS2_PLACEMENT_3D ( 'NONE', #2374, #7322, #1761 ) ;
#477 = ORIENTED_EDGE ( 'NONE', *, *, #3036, .F. ) ;
#478 = ORIENTED_EDGE ( 'NONE', *, *, #2838, .F. ) ;
#479 = ORIENTED_EDGE ( 'NONE', *, *, #4446, .T. ) ;
#480 = DIRECTION ( 'NONE',  ( -1.000000000000000000, 0.000000000000000000, -0.000000000000000000 ) ) ;
#481 = CIRCLE ( 'NONE', #7092, 3.000000000000000888 ) ;
#482 = ORIENTED_EDGE ( 'NONE', *, *, #6692, .F. ) ;
#483 = EDGE_CURVE ( 'NONE', #4801, #161, #2612, .T. ) ;
#484 = VERTEX_POINT ( 'NONE', #5082 ) ;
#485 = DIRECTION ( 'NONE',  ( 1.000000000000000000, 0.000000000000000000, 0.000000000000000000 ) ) ;
#486 = AXIS2_PLACEMENT_3D ( 'NONE', #3678, #5422, #6154 ) ;
#487 = VERTEX_POINT ( 'NONE', #704 ) ;
#488 = ORIENTED_EDGE ( 'NONE', *, *, #5215, .F. ) ;
#489 = LINE ( 'NONE', #7351, #7970 ) ;
#490 = EDGE_LOOP ( 'NONE', ( #7055, #5157, #7450, #4384 ) ) ;
#491 = AXIS2_PLACEMENT_3D ( 'NONE', #6630, #5364, #2323 ) ;
#492 = DIRECTION ( 'NONE',  ( 0.000000000000000000, -1.000000000000000000, 0.000000000000000000 ) ) ;
#493 = CARTESIAN_POINT ( 'NONE',  ( 6.400000000000000355, 23.34999999999998010, 7.000000000000000888 ) ) ;
#494 = SURFACE_STYLE_USAGE ( .BOTH. , #8003 ) ;
#495 = ADVANCED_FACE ( 'NONE', ( #5046 ), #4551, .F. ) ;
#496 = ORIENTED_EDGE ( 'NONE', *, *, #3180, .F. ) ;
#497 = FACE_OUTER_BOUND ( 'NONE', #5786, .T. ) ;
#498 = FACE_OUTER_BOUND ( 'NONE', #7634, .T. ) ;
#499 = DIRECTION ( 'NONE',  ( -1.000000000000000000, -0.000000000000000000, -0.000000000000000000 ) ) ;
#500 = ORIENTED_EDGE ( 'NONE', *, *, #7381, .T. ) ;
#501 = CARTESIAN_POINT ( 'NONE',  ( 8.847089727481716182E-14, 21.24406644123204302, 6.999999999999999112 ) ) ;
#502 = VERTEX_POINT ( 'NONE', #2000 ) ;
#503 = DIRECTION ( 'NONE',  ( -1.000000000000000000, 0.000000000000000000, 0.000000000000000000 ) ) ;
#504 = LINE ( 'NONE', #2986, #7519 ) ;
#505 = DIRECTION ( 'NONE',  ( -0.000000000000000000, -0.000000000000000000, -1.000000000000000000 ) ) ;
#506 = EDGE_CURVE ( 'NONE', #6495, #4485, #4601, .T. ) ;
#507 = EDGE_CURVE ( 'NONE', #464, #2279, #1349, .T. ) ;
#508 = DIRECTION ( 'NONE',  ( -0.000000000000000000, -0.000000000000000000, -1.000000000000000000 ) ) ;
#509 = DIRECTION ( 'NONE',  ( 1.000000000000000000, 0.000000000000000000, 0.000000000000000000 ) ) ;
#510 = VERTEX_POINT ( 'NONE', #4515 ) ;
#511 = DIRECTION ( 'NONE',  ( 0.000000000000000000, 0.000000000000000000, -1.000000000000000000 ) ) ;
#512 = ORIENTED_EDGE ( 'NONE', *, *, #1210, .T. ) ;
#513 = ORIENTED_EDGE ( 'NONE', *, *, #4521, .T. ) ;
#514 = DIRECTION ( 'NONE',  ( 0.000000000000000000, 0.000000000000000000, 1.000000000000000000 ) ) ;
#515 = CARTESIAN_POINT ( 'NONE',  ( -23.63822295986635424, 8.444066441232072506, -4.000000000000000000 ) ) ;
#516 = LINE ( 'NONE', #5387, #6536 ) ;
#517 = CARTESIAN_POINT ( 'NONE',  ( 10.39129341151854469, -24.00000000000000000, -5.500000000000000000 ) ) ;
#518 = VERTEX_POINT ( 'NONE', #5738 ) ;
#519 = ORIENTED_EDGE ( 'NONE', *, *, #2139, .F. ) ;
#520 = VERTEX_POINT ( 'NONE', #60 ) ;
#521 = CARTESIAN_POINT ( 'NONE',  ( -9.326893062255805944, 24.24406644123207499, -4.000000000000000000 ) ) ;
#522 = VECTOR ( 'NONE', #707, 1000.000000000000000 ) ;
#523 = EDGE_CURVE ( 'NONE', #7620, #3430, #1105, .T. ) ;
#524 = ORIENTED_EDGE ( 'NONE', *, *, #4698, .T. ) ;
#525 = VERTEX_POINT ( 'NONE', #6306 ) ;
#526 = AXIS2_PLACEMENT_3D ( 'NONE', #2700, #5126, #981 ) ;
#527 = DIRECTION ( 'NONE',  ( 1.000000000000000000, 0.000000000000000000, 0.000000000000000000 ) ) ;
#528 = ORIENTED_EDGE ( 'NONE', *, *, #4187, .F. ) ;
#529 = EDGE_CURVE ( 'NONE', #5931, #6489, #5650, .T. ) ;
#530 = ORIENTED_EDGE ( 'NONE', *, *, #5958, .F. ) ;
#531 = DIRECTION ( 'NONE',  ( -1.000000000000000000, 0.000000000000000000, 0.000000000000000000 ) ) ;
#532 = AXIS2_PLACEMENT_3D ( 'NONE', #7745, #6650, #1498 ) ;
#533 = CARTESIAN_POINT ( 'NONE',  ( -2.081668171172168513E-14, -11.73931215304559927, -1.000000000000000000 ) ) ;
#534 = CARTESIAN_POINT ( 'NONE',  ( 30.14487539711820929, 2.220446049250313081E-13, -1.000000000000000000 ) ) ;
#535 = VERTEX_POINT ( 'NONE', #2532 ) ;
#536 = DIRECTION ( 'NONE',  ( 0.000000000000000000, 0.000000000000000000, 1.000000000000000000 ) ) ;
#537 = DIRECTION ( 'NONE',  ( 0.000000000000000000, 0.000000000000000000, -1.000000000000000000 ) ) ;
#538 = VECTOR ( 'NONE', #2903, 1000.000000000000000 ) ;
#539 = DIRECTION ( 'NONE',  ( -0.000000000000000000, -0.000000000000000000, -1.000000000000000000 ) ) ;
#540 = AXIS2_PLACEMENT_3D ( 'NONE', #6363, #6249, #795 ) ;
#541 = CARTESIAN_POINT ( 'NONE',  ( -11.97529123146689578, -48.69000135598374612, -2.463013678650226801 ) ) ;
#542 = EDGE_CURVE ( 'NONE', #5693, #2190, #6679, .T. ) ;
#543 = VERTEX_POINT ( 'NONE', #6384 ) ;
#544 = CIRCLE ( 'NONE', #40, 2.000000000000001776 ) ;
#545 = DIRECTION ( 'NONE',  ( 0.000000000000000000, 0.000000000000000000, 1.000000000000000000 ) ) ;
#546 = DIRECTION ( 'NONE',  ( -1.000000000000000000, 0.000000000000000000, 0.000000000000000000 ) ) ;
#547 = CARTESIAN_POINT ( 'NONE',  ( 37.80531982830802207, -6.427876096865348998, -1.000000000000000000 ) ) ;
#548 = DIRECTION ( 'NONE',  ( 0.000000000000000000, 0.000000000000000000, -1.000000000000000000 ) ) ;
#549 = PLANE ( 'NONE',  #7275 ) ;
#550 = ADVANCED_FACE ( 'NONE', ( #5119, #7596 ), #2040, .T. ) ;
#551 = ORIENTED_EDGE ( 'NONE', *, *, #6380, .F. ) ;
#552 = EDGE_CURVE ( 'NONE', #6436, #7463, #815, .T. ) ;
#553 = CYLINDRICAL_SURFACE ( 'NONE', #5512, 5.049999999999998934 ) ;
#554 = ORIENTED_EDGE ( 'NONE', *, *, #5104, .F. ) ;
#555 = ORIENTED_EDGE ( 'NONE', *, *, #6047, .T. ) ;
#556 = DIRECTION ( 'NONE',  ( -0.000000000000000000, -0.000000000000000000, -1.000000000000000000 ) ) ;
#557 = DIRECTION ( 'NONE',  ( 0.6427876096865279276, 0.7660444431189875614, -0.000000000000000000 ) ) ;
#558 = DIRECTION ( 'NONE',  ( -1.000000000000000000, -0.000000000000000000, -0.000000000000000000 ) ) ;
#559 = CARTESIAN_POINT ( 'NONE',  ( 11.00000000000000533, -56.22269074732326999, -5.500000000000000000 ) ) ;
#560 = DIRECTION ( 'NONE',  ( 0.000000000000000000, 0.000000000000000000, 1.000000000000000000 ) ) ;
#561 = ORIENTED_EDGE ( 'NONE', *, *, #2178, .F. ) ;
#562 = ORIENTED_EDGE ( 'NONE', *, *, #930, .F. ) ;
#563 = ADVANCED_FACE ( 'NONE', ( #6422 ), #855, .F. ) ;
#564 = VERTEX_POINT ( 'NONE', #895 ) ;
#565 = CARTESIAN_POINT ( 'NONE',  ( 11.53333333333335986, -37.92185223922957249, -5.500000000000000000 ) ) ;
#566 = VERTEX_POINT ( 'NONE', #5969 ) ;
#567 = EDGE_LOOP ( 'NONE', ( #5358, #3837 ) ) ;
#568 = DIRECTION ( 'NONE',  ( 0.000000000000000000, 0.000000000000000000, 1.000000000000000000 ) ) ;
#569 = EDGE_CURVE ( 'NONE', #6572, #3962, #1611, .T. ) ;
#570 = ORIENTED_EDGE ( 'NONE', *, *, #2595, .F. ) ;
#571 = AXIS2_PLACEMENT_3D ( 'NONE', #4018, #4706, #253 ) ;
#572 = ORIENTED_EDGE ( 'NONE', *, *, #7689, .F. ) ;
#573 = CARTESIAN_POINT ( 'NONE',  ( 9.600000000000001421, 23.34999999999998010, -0.9999999999999991118 ) ) ;
#574 = CARTESIAN_POINT ( 'NONE',  ( -21.50000000000000000, -0.1499999999997753131, -7.000000000000000000 ) ) ;
#575 = PLANE ( 'NONE',  #7267 ) ;
#576 = LINE ( 'NONE', #4840, #4955 ) ;
#577 = CIRCLE ( 'NONE', #831, 5.499999999999998224 ) ;
#578 = ORIENTED_EDGE ( 'NONE', *, *, #3922, .T. ) ;
#579 = EDGE_CURVE ( 'NONE', #1438, #5734, #845, .T. ) ;
#580 = DIRECTION ( 'NONE',  ( 0.000000000000000000, 0.000000000000000000, -1.000000000000000000 ) ) ;
#581 = EDGE_CURVE ( 'NONE', #5739, #2434, #1246, .T. ) ;
#582 = CARTESIAN_POINT ( 'NONE',  ( 40.14487539711818442, -48.22269074732326999, -3.999999999999998224 ) ) ;
#583 = LINE ( 'NONE', #5979, #632 ) ;
#584 = CARTESIAN_POINT ( 'NONE',  ( -12.89870828346177234, -49.82269074732327852, -3.883062324513800956 ) ) ;
#585 = CIRCLE ( 'NONE', #7186, 2.000000000000000000 ) ;
#586 = VECTOR ( 'NONE', #2388, 1000.000000000000000 ) ;
#587 = ORIENTED_EDGE ( 'NONE', *, *, #654, .T. ) ;
#588 = AXIS2_PLACEMENT_3D ( 'NONE', #5009, #1926, #1312 ) ;
#589 = DIRECTION ( 'NONE',  ( -1.000000000000000000, 0.000000000000000000, 0.000000000000000000 ) ) ;
#590 = CARTESIAN_POINT ( 'NONE',  ( 5.000000000000000888, 29.74406644123207144, 7.000000000000000000 ) ) ;
#591 = DIRECTION ( 'NONE',  ( 1.000000000000000000, 0.000000000000000000, 0.000000000000000000 ) ) ;
#592 = EDGE_CURVE ( 'NONE', #3743, #1454, #5278, .T. ) ;
#593 = VECTOR ( 'NONE', #1743, 1000.000000000000000 ) ;
#594 = CARTESIAN_POINT ( 'NONE',  ( -3.305443769227764950, 21.24406644123204302, 6.455443769227856343 ) ) ;
#595 = CARTESIAN_POINT ( 'NONE',  ( -25.49999999999994671, 7.850000000000004974, -9.650000000000000355 ) ) ;
#596 = AXIS2_PLACEMENT_3D ( 'NONE', #7829, #2277, #1667 ) ;
#597 = ORIENTED_EDGE ( 'NONE', *, *, #2461, .T. ) ;
#598 = CARTESIAN_POINT ( 'NONE',  ( 16.99999999999999289, -59.22269074732326999, -1.000000000000000000 ) ) ;
#599 = ORIENTED_EDGE ( 'NONE', *, *, #3390, .T. ) ;
#600 = CIRCLE ( 'NONE', #3071, 4.000000000000000888 ) ;
#601 = ORIENTED_EDGE ( 'NONE', *, *, #6594, .F. ) ;
#602 = DIRECTION ( 'NONE',  ( -0.000000000000000000, -0.000000000000000000, -1.000000000000000000 ) ) ;
#603 = FACE_OUTER_BOUND ( 'NONE', #316, .T. ) ;
#604 = ADVANCED_FACE ( 'NONE', ( #1579 ), #7145, .F. ) ;
#605 = VECTOR ( 'NONE', #7927, 1000.000000000000000 ) ;
#606 = FACE_OUTER_BOUND ( 'NONE', #6849, .T. ) ;
#607 = CARTESIAN_POINT ( 'NONE',  ( 14.00000000000000000, -5.150000000000045652, -5.500000000000000000 ) ) ;
#608 = VERTEX_POINT ( 'NONE', #5820 ) ;
#609 = CARTESIAN_POINT ( 'NONE',  ( -13.80000000000000071, -46.32269074732328562, -3.999999999999998224 ) ) ;
#610 = ORIENTED_EDGE ( 'NONE', *, *, #1000, .F. ) ;
#611 = CARTESIAN_POINT ( 'NONE',  ( 8.000000000000000000, 2.220446049250313081E-13, -7.000000000000000000 ) ) ;
#612 = EDGE_LOOP ( 'NONE', ( #7999, #5191 ) ) ;
#613 = CIRCLE ( 'NONE', #2152, 5.499999999999998224 ) ;
#614 = EDGE_CURVE ( 'NONE', #5529, #6597, #7196, .T. ) ;
#615 = AXIS2_PLACEMENT_3D ( 'NONE', #6637, #7122, #4069 ) ;
#616 = VERTEX_POINT ( 'NONE', #5316 ) ;
#617 = CARTESIAN_POINT ( 'NONE',  ( 12.24900101694101373, -48.87864640508900749, -5.463186231006345928 ) ) ;
#618 = VECTOR ( 'NONE', #6646, 1000.000000000000000 ) ;
#619 = ORIENTED_EDGE ( 'NONE', *, *, #390, .F. ) ;
#620 = CIRCLE ( 'NONE', #999, 10.00000000000000000 ) ;
#621 = ORIENTED_EDGE ( 'NONE', *, *, #6993, .F. ) ;
#622 = DIRECTION ( 'NONE',  ( 0.000000000000000000, 0.000000000000000000, 1.000000000000000000 ) ) ;
#623 = AXIS2_PLACEMENT_3D ( 'NONE', #1363, #1440, #3915 ) ;
#624 = LINE ( 'NONE', #3146, #783 ) ;
#625 = DIRECTION ( 'NONE',  ( 3.083923978207811463E-16, 1.000000000000000000, -0.000000000000000000 ) ) ;
#626 = ORIENTED_EDGE ( 'NONE', *, *, #7190, .T. ) ;
#627 = AXIS2_PLACEMENT_3D ( 'NONE', #1721, #461, #4151 ) ;
#628 = DIRECTION ( 'NONE',  ( 0.000000000000000000, 0.000000000000000000, 1.000000000000000000 ) ) ;
#629 = DIRECTION ( 'NONE',  ( 0.000000000000000000, 0.000000000000000000, 1.000000000000000000 ) ) ;
#630 = CARTESIAN_POINT ( 'NONE',  ( -13.00000000000000178, -43.22269074732326999, -3.000000000000000000 ) ) ;
#631 = DIRECTION ( 'NONE',  ( 3.818726056296495018E-16, 1.000000000000000000, -0.000000000000000000 ) ) ;
#632 = VECTOR ( 'NONE', #3861, 1000.000000000000000 ) ;
#633 = EDGE_LOOP ( 'NONE', ( #1343, #3137, #3182, #3577 ) ) ;
#634 = EDGE_CURVE ( 'NONE', #5368, #7159, #7784, .T. ) ;
#635 = CARTESIAN_POINT ( 'NONE',  ( -8.000000000000000000, 37.74406644123207144, -7.000000000000000000 ) ) ;
#636 = CARTESIAN_POINT ( 'NONE',  ( -13.80000000000000071, -48.22269074732328420, -3.999999999999998224 ) ) ;
#637 = DIRECTION ( 'NONE',  ( -1.000000000000000000, 0.000000000000000000, 0.000000000000000000 ) ) ;
#638 = CIRCLE ( 'NONE', #3109, 1.900000000000000577 ) ;
#639 = FACE_BOUND ( 'NONE', #3040, .T. ) ;
#640 = ORIENTED_EDGE ( 'NONE', *, *, #2256, .T. ) ;
#641 = DIRECTION ( 'NONE',  ( 0.000000000000000000, -1.000000000000000000, 0.000000000000000000 ) ) ;
#642 = VERTEX_POINT ( 'NONE', #5199 ) ;
#643 = EDGE_CURVE ( 'NONE', #5802, #6546, #7746, .T. ) ;
#644 = ORIENTED_EDGE ( 'NONE', *, *, #2112, .T. ) ;
#645 = LINE ( 'NONE', #1772, #6971 ) ;
#646 = LINE ( 'NONE', #2551, #4429 ) ;
#647 = PLANE ( 'NONE',  #6831 ) ;
#648 = FACE_BOUND ( 'NONE', #5202, .T. ) ;
#649 = FACE_OUTER_BOUND ( 'NONE', #6741, .T. ) ;
#650 = DIRECTION ( 'NONE',  ( -1.000000000000000000, 0.000000000000000000, -0.000000000000000000 ) ) ;
#651 = VERTEX_POINT ( 'NONE', #2887 ) ;
#652 = DIRECTION ( 'NONE',  ( -0.000000000000000000, -0.000000000000000000, -1.000000000000000000 ) ) ;
#653 = VERTEX_POINT ( 'NONE', #7226 ) ;
#654 = EDGE_CURVE ( 'NONE', #7704, #4097, #2149, .T. ) ;
#655 = FACE_OUTER_BOUND ( 'NONE', #1692, .T. ) ;
#656 = ORIENTED_EDGE ( 'NONE', *, *, #6354, .F. ) ;
#657 = VERTEX_POINT ( 'NONE', #287 ) ;
#658 = EDGE_CURVE ( 'NONE', #2772, #653, #7672, .T. ) ;
#659 = DIRECTION ( 'NONE',  ( -1.000000000000000000, 0.000000000000000000, 0.000000000000000000 ) ) ;
#660 = ADVANCED_FACE ( 'NONE', ( #7066 ), #4630, .T. ) ;
#661 = AXIS2_PLACEMENT_3D ( 'NONE', #3076, #4893, #4809 ) ;
#662 = DIRECTION ( 'NONE',  ( 0.000000000000000000, 0.000000000000000000, 1.000000000000000000 ) ) ;
#663 = CARTESIAN_POINT ( 'NONE',  ( -3.850000000000009859, -19.00000000000002132, 7.000000000000000000 ) ) ;
#664 = ORIENTED_EDGE ( 'NONE', *, *, #1340, .T. ) ;
#665 = CARTESIAN_POINT ( 'NONE',  ( -13.00000000000000178, -43.22269074732326999, -5.500000000000000000 ) ) ;
#666 = CARTESIAN_POINT ( 'NONE',  ( -30.14487539711820929, 9.999999999999998224, -3.999999999999999112 ) ) ;
#667 = CARTESIAN_POINT ( 'NONE',  ( 8.000000000000000000, 23.34999999999998010, -0.9999999999999991118 ) ) ;
#668 = DIRECTION ( 'NONE',  ( 1.000000000000000000, -1.301042606982606307E-15, 0.000000000000000000 ) ) ;
#669 = AXIS2_PLACEMENT_3D ( 'NONE', #5360, #4758, #3666 ) ;
#670 = EDGE_LOOP ( 'NONE', ( #1673, #2352, #3124, #2227 ) ) ;
#671 = FACE_OUTER_BOUND ( 'NONE', #4807, .T. ) ;
#672 = LINE ( 'NONE', #2499, #1684 ) ;
#673 = FACE_OUTER_BOUND ( 'NONE', #612, .T. ) ;
#674 = VECTOR ( 'NONE', #78, 1000.000000000000000 ) ;
#675 = AXIS2_PLACEMENT_3D ( 'NONE', #3320, #4073, #2247 ) ;
#676 = CARTESIAN_POINT ( 'NONE',  ( 30.14487539711820929, 10.00000000000018119, 7.000000000000000000 ) ) ;
#677 = ADVANCED_FACE ( 'NONE', ( #3458, #7108 ), #5932, .T. ) ;
#678 = VERTEX_POINT ( 'NONE', #4133 ) ;
#679 = LINE ( 'NONE', #2504, #2261 ) ;
#680 = AXIS2_PLACEMENT_3D ( 'NONE', #269, #1445, #2714 ) ;
#681 = ORIENTED_EDGE ( 'NONE', *, *, #1212, .F. ) ;
#682 = ORIENTED_EDGE ( 'NONE', *, *, #5808, .T. ) ;
#683 = DIRECTION ( 'NONE',  ( 1.000000000000000000, 0.000000000000000000, 0.000000000000000000 ) ) ;
#684 = CARTESIAN_POINT ( 'NONE',  ( 13.00000000000019718, -28.93902645193045231, 6.999999999999999112 ) ) ;
#685 = DIRECTION ( 'NONE',  ( 0.000000000000000000, 0.000000000000000000, -1.000000000000000000 ) ) ;
#686 = AXIS2_PLACEMENT_3D ( 'NONE', #1234, #2936, #2367 ) ;
#687 = FACE_BOUND ( 'NONE', #2625, .T. ) ;
#688 = DIRECTION ( 'NONE',  ( -2.284071015352047492E-16, 1.000000000000000000, 0.000000000000000000 ) ) ;
#689 = EDGE_CURVE ( 'NONE', #5903, #5478, #1597, .T. ) ;
#690 = DIRECTION ( 'NONE',  ( 1.000000000000000000, 0.000000000000000000, 0.000000000000000000 ) ) ;
#691 = FACE_OUTER_BOUND ( 'NONE', #3826, .T. ) ;
#692 = ORIENTED_EDGE ( 'NONE', *, *, #3922, .F. ) ;
#693 = CARTESIAN_POINT ( 'NONE',  ( 13.15651736460753440, -28.16341587115827849, 6.999999999999999112 ) ) ;
#694 = ORIENTED_EDGE ( 'NONE', *, *, #4140, .T. ) ;
#695 = DIRECTION ( 'NONE',  ( 0.000000000000000000, 0.000000000000000000, -1.000000000000000000 ) ) ;
#696 = ADVANCED_FACE ( 'NONE', ( #4752 ), #6620, .F. ) ;
#697 = VERTEX_POINT ( 'NONE', #6499 ) ;
#698 = ORIENTED_EDGE ( 'NONE', *, *, #3875, .T. ) ;
#699 = ORIENTED_EDGE ( 'NONE', *, *, #131, .F. ) ;
#700 = CARTESIAN_POINT ( 'NONE',  ( 9.399999999999996803, 5.849999999999910827, 7.000000000000000888 ) ) ;
#701 = ADVANCED_FACE ( 'NONE', ( #2114 ), #3980, .F. ) ;
#702 = CARTESIAN_POINT ( 'NONE',  ( 11.00000000000000000, 5.849999999999910827, -6.350000000000000533 ) ) ;
#703 = CARTESIAN_POINT ( 'NONE',  ( -8.706723658403030086, -46.66044362964026959, -3.643160196701867637 ) ) ;
#704 = CARTESIAN_POINT ( 'NONE',  ( 35.50190273847658773, 8.444066441232072506, -1.000000000000000000 ) ) ;
#705 = VERTEX_POINT ( 'NONE', #3536 ) ;
#706 = DIRECTION ( 'NONE',  ( -0.000000000000000000, -0.000000000000000000, -1.000000000000000000 ) ) ;
#707 = DIRECTION ( 'NONE',  ( -1.000000000000000000, 0.000000000000000000, 0.000000000000000000 ) ) ;
#708 = CARTESIAN_POINT ( 'NONE',  ( -8.000000000000000000, 37.74406644123207144, 7.000000000000000000 ) ) ;
#709 = EDGE_CURVE ( 'NONE', #7339, #2103, #5400, .T. ) ;
#710 = EDGE_CURVE ( 'NONE', #7891, #2200, #1473, .T. ) ;
#711 = CARTESIAN_POINT ( 'NONE',  ( 27.99999999999999645, 11.99999999999999822, -3.999999999999999112 ) ) ;
#712 = ORIENTED_EDGE ( 'NONE', *, *, #7117, .T. ) ;
#713 = DIRECTION ( 'NONE',  ( 0.000000000000000000, 0.000000000000000000, -1.000000000000000000 ) ) ;
#714 = ORIENTED_EDGE ( 'NONE', *, *, #6920, .F. ) ;
#715 = ORIENTED_EDGE ( 'NONE', *, *, #1950, .T. ) ;
#716 = AXIS2_PLACEMENT_3D ( 'NONE', #1411, #7010, #3921 ) ;
#717 = DIRECTION ( 'NONE',  ( -0.000000000000000000, -0.000000000000000000, -1.000000000000000000 ) ) ;
#718 = DIRECTION ( 'NONE',  ( 1.000000000000000000, 0.000000000000000000, 0.000000000000000000 ) ) ;
#719 = FACE_BOUND ( 'NONE', #6299, .T. ) ;
#720 = CIRCLE ( 'NONE', #7060, 2.000000000000001776 ) ;
#721 = AXIS2_PLACEMENT_3D ( 'NONE', #2283, #1511, #3989 ) ;
#722 = CYLINDRICAL_SURFACE ( 'NONE', #6501, 2.999999999999999112 ) ;
#723 = CARTESIAN_POINT ( 'NONE',  ( -13.00000000000000178, -43.22269074732326999, 5.000000000000000000 ) ) ;
#724 = LINE ( 'NONE', #5682, #4724 ) ;
#725 = CARTESIAN_POINT ( 'NONE',  ( -7.950000000000000178, 24.24406644123207499, -1.000000000000000000 ) ) ;
#726 = AXIS2_PLACEMENT_3D ( 'NONE', #6830, #7432, #1145 ) ;
#727 = ORIENTED_EDGE ( 'NONE', *, *, #6293, .T. ) ;
#728 = CYLINDRICAL_SURFACE ( 'NONE', #2541, 2.000000000000000000 ) ;
#729 = EDGE_LOOP ( 'NONE', ( #955, #919 ) ) ;
#730 = ADVANCED_FACE ( 'NONE', ( #5807 ), #2799, .T. ) ;
#731 = EDGE_CURVE ( 'NONE', #6726, #3938, #4336, .T. ) ;
#732 = DIRECTION ( 'NONE',  ( 0.000000000000000000, 0.000000000000000000, 1.000000000000000000 ) ) ;
#733 = VERTEX_POINT ( 'NONE', #4542 ) ;
#734 = AXIS2_PLACEMENT_3D ( 'NONE', #6403, #2133, #3285 ) ;
#735 = EDGE_LOOP ( 'NONE', ( #4285, #2321, #6566, #1492, #528, #3008 ) ) ;
#736 = EDGE_CURVE ( 'NONE', #2663, #7878, #7566, .T. ) ;
#737 = VECTOR ( 'NONE', #2289, 1000.000000000000000 ) ;
#738 = ORIENTED_EDGE ( 'NONE', *, *, #6782, .T. ) ;
#739 = AXIS2_PLACEMENT_3D ( 'NONE', #748, #7599, #3231 ) ;
#740 = LINE ( 'NONE', #5506, #7964 ) ;
#741 = LINE ( 'NONE', #775, #2741 ) ;
#742 = CARTESIAN_POINT ( 'NONE',  ( -13.00000000000000178, -43.22269074732326999, 7.000000000000000000 ) ) ;
#743 = DIRECTION ( 'NONE',  ( 0.000000000000000000, 0.000000000000000000, 1.000000000000000000 ) ) ;
#744 = CIRCLE ( 'NONE', #5927, 5.499999999999998224 ) ;
#745 = ORIENTED_EDGE ( 'NONE', *, *, #6008, .T. ) ;
#746 = EDGE_CURVE ( 'NONE', #6739, #4882, #964, .T. ) ;
#747 = AXIS2_PLACEMENT_3D ( 'NONE', #6046, #3659, #485 ) ;
#748 = CARTESIAN_POINT ( 'NONE',  ( -11.00000000000000355, -54.22269074732326999, -5.500000000000000000 ) ) ;
#749 = CARTESIAN_POINT ( 'NONE',  ( -26.00000000000000355, 16.84999999999999787, -3.999999999999999112 ) ) ;
#750 = PLANE ( 'NONE',  #5384 ) ;
#751 = LINE ( 'NONE', #5016, #2303 ) ;
#752 = VECTOR ( 'NONE', #2902, 1000.000000000000000 ) ;
#753 = VERTEX_POINT ( 'NONE', #7696 ) ;
#754 = CARTESIAN_POINT ( 'NONE',  ( 14.00000000000000000, -24.00000000000002132, -9.650000000000000355 ) ) ;
#755 = ORIENTED_EDGE ( 'NONE', *, *, #4946, .F. ) ;
#756 = EDGE_CURVE ( 'NONE', #4427, #1977, #3044, .T. ) ;
#757 = ORIENTED_EDGE ( 'NONE', *, *, #3662, .F. ) ;
#758 = EDGE_CURVE ( 'NONE', #753, #2317, #3691, .T. ) ;
#759 = LINE ( 'NONE', #6439, #1917 ) ;
#760 = FACE_OUTER_BOUND ( 'NONE', #5707, .T. ) ;
#761 = CYLINDRICAL_SURFACE ( 'NONE', #342, 4.000000000000000000 ) ;
#762 = AXIS2_PLACEMENT_3D ( 'NONE', #4927, #6191, #5008 ) ;
#763 = CARTESIAN_POINT ( 'NONE',  ( -10.39129341151836705, -27.00000000000000000, 7.000000000000000888 ) ) ;
#764 = LINE ( 'NONE', #877, #3151 ) ;
#765 = CYLINDRICAL_SURFACE ( 'NONE', #7824, 3.999999999999996447 ) ;
#766 = VERTEX_POINT ( 'NONE', #6490 ) ;
#767 = LINE ( 'NONE', #6863, #4607 ) ;
#768 = EDGE_LOOP ( 'NONE', ( #6869, #7557, #3200, #6771 ) ) ;
#769 = CARTESIAN_POINT ( 'NONE',  ( 11.00000000000000000, 5.849999999999910827, -6.350000000000000533 ) ) ;
#770 = EDGE_CURVE ( 'NONE', #1096, #6829, #926, .T. ) ;
#771 = VERTEX_POINT ( 'NONE', #7056 ) ;
#772 = ORIENTED_EDGE ( 'NONE', *, *, #2746, .T. ) ;
#773 = ORIENTED_EDGE ( 'NONE', *, *, #2607, .F. ) ;
#774 = CARTESIAN_POINT ( 'NONE',  ( -17.00000000000000000, -48.22269074732328420, -3.999999999999998224 ) ) ;
#775 = CARTESIAN_POINT ( 'NONE',  ( -27.25605529807277705, -19.00000000000001066, 64.09969851780280692 ) ) ;
#776 = DIRECTION ( 'NONE',  ( 1.000000000000000000, -3.818726056296495018E-16, 0.000000000000000000 ) ) ;
#777 = EDGE_CURVE ( 'NONE', #1341, #2973, #4713, .T. ) ;
#778 = AXIS2_PLACEMENT_3D ( 'NONE', #1517, #2092, #1477 ) ;
#779 = ORIENTED_EDGE ( 'NONE', *, *, #2492, .F. ) ;
#780 = CARTESIAN_POINT ( 'NONE',  ( -8.000000000000000000, 37.74406644123207144, 7.000000000000000000 ) ) ;
#781 = CARTESIAN_POINT ( 'NONE',  ( 8.000000000000000000, -40.93140289984535940, -5.500000000000000000 ) ) ;
#782 = DIRECTION ( 'NONE',  ( 0.000000000000000000, 0.000000000000000000, -1.000000000000000000 ) ) ;
#783 = VECTOR ( 'NONE', #2486, 1000.000000000000000 ) ;
#784 = DIRECTION ( 'NONE',  ( 2.284071015352047492E-16, 1.000000000000000000, 0.000000000000000000 ) ) ;
#785 = EDGE_CURVE ( 'NONE', #3198, #520, #4062, .T. ) ;
#786 = VERTEX_POINT ( 'NONE', #3412 ) ;
#787 = LINE ( 'NONE', #5970, #1887 ) ;
#788 = VERTEX_POINT ( 'NONE', #312 ) ;
#789 = ORIENTED_EDGE ( 'NONE', *, *, #736, .T. ) ;
#790 = VECTOR ( 'NONE', #6894, 1000.000000000000000 ) ;
#791 = CARTESIAN_POINT ( 'NONE',  ( -13.00000000000000178, -43.22269074732326999, -3.000000000000000000 ) ) ;
#792 = LINE ( 'NONE', #5635, #3783 ) ;
#793 = CARTESIAN_POINT ( 'NONE',  ( 8.784340083122721410, -46.75538741790095543, -4.644588232355006063 ) ) ;
#794 = AXIS2_PLACEMENT_3D ( 'NONE', #7611, #1328, #3803 ) ;
#795 = DIRECTION ( 'NONE',  ( 1.000000000000000000, 0.000000000000000000, 0.000000000000000000 ) ) ;
#796 = DIRECTION ( 'NONE',  ( -0.000000000000000000, -0.000000000000000000, 1.000000000000000000 ) ) ;
#797 = EDGE_CURVE ( 'NONE', #6049, #4856, #3047, .T. ) ;
#798 = FACE_OUTER_BOUND ( 'NONE', #1600, .T. ) ;
#799 = EDGE_CURVE ( 'NONE', #5427, #4010, #6825, .T. ) ;
#800 = VECTOR ( 'NONE', #3475, 1000.000000000000000 ) ;
#801 = ORIENTED_EDGE ( 'NONE', *, *, #3730, .F. ) ;
#802 = CYLINDRICAL_SURFACE ( 'NONE', #5128, 8.049999999999945643 ) ;
#803 = ORIENTED_EDGE ( 'NONE', *, *, #6760, .T. ) ;
#804 = AXIS2_PLACEMENT_3D ( 'NONE', #3825, #4476, #6952 ) ;
#805 = CARTESIAN_POINT ( 'NONE',  ( -8.000000000000000000, 37.74406644123207144, 7.000000000000000000 ) ) ;
#806 = EDGE_CURVE ( 'NONE', #5811, #4993, #6153, .T. ) ;
#807 = ORIENTED_EDGE ( 'NONE', *, *, #3258, .F. ) ;
#808 = DIRECTION ( 'NONE',  ( 0.000000000000000000, 0.000000000000000000, -1.000000000000000000 ) ) ;
#809 = ORIENTED_EDGE ( 'NONE', *, *, #5627, .F. ) ;
#810 = VERTEX_POINT ( 'NONE', #1493 ) ;
#811 = ORIENTED_EDGE ( 'NONE', *, *, #3431, .T. ) ;
#812 = CARTESIAN_POINT ( 'NONE',  ( -27.96285684503430602, -6.175863910285076308, -1.000000000000000000 ) ) ;
#813 = DIRECTION ( 'NONE',  ( -0.000000000000000000, -0.000000000000000000, -1.000000000000000000 ) ) ;
#814 = CARTESIAN_POINT ( 'NONE',  ( -5.000000000000204281, 29.74406644123207144, -4.000000000000000000 ) ) ;
#815 = LINE ( 'NONE', #1463, #2407 ) ;
#816 = ORIENTED_EDGE ( 'NONE', *, *, #6106, .F. ) ;
#817 = FACE_OUTER_BOUND ( 'NONE', #5330, .T. ) ;
#818 = DIRECTION ( 'NONE',  ( 1.000000000000000000, 0.000000000000000000, 0.000000000000000000 ) ) ;
#819 = DIRECTION ( 'NONE',  ( 0.000000000000000000, 0.000000000000000000, 1.000000000000000000 ) ) ;
#820 = EDGE_CURVE ( 'NONE', #1694, #3294, #5308, .T. ) ;
#821 = DIRECTION ( 'NONE',  ( -0.000000000000000000, -0.000000000000000000, -1.000000000000000000 ) ) ;
#822 = ORIENTED_EDGE ( 'NONE', *, *, #4574, .F. ) ;
#823 = CYLINDRICAL_SURFACE ( 'NONE', #2135, 2.000000000000000000 ) ;
#824 = VECTOR ( 'NONE', #5284, 1000.000000000000000 ) ;
#825 = ORIENTED_EDGE ( 'NONE', *, *, #1559, .F. ) ;
#826 = ORIENTED_EDGE ( 'NONE', *, *, #4412, .T. ) ;
#827 = DIRECTION ( 'NONE',  ( 1.000000000000000000, -1.734723475976807341E-16, -0.000000000000000000 ) ) ;
#828 = CARTESIAN_POINT ( 'NONE',  ( 14.99999999999999289, -61.22269074732326999, -7.000000000000000000 ) ) ;
#829 = FACE_OUTER_BOUND ( 'NONE', #2909, .T. ) ;
#830 = EDGE_CURVE ( 'NONE', #7259, #5811, #6802, .T. ) ;
#831 = AXIS2_PLACEMENT_3D ( 'NONE', #7918, #1836, #5579 ) ;
#832 = FACE_BOUND ( 'NONE', #7946, .T. ) ;
#833 = CARTESIAN_POINT ( 'NONE',  ( 8.000000000000000000, 27.09831513016747806, -1.000000000000000000 ) ) ;
#834 = DIRECTION ( 'NONE',  ( -1.000000000000000000, 0.000000000000000000, 0.000000000000000000 ) ) ;
#835 = ORIENTED_EDGE ( 'NONE', *, *, #2967, .T. ) ;
#836 = CARTESIAN_POINT ( 'NONE',  ( -16.00000000000000000, 16.85000000000000142, -7.000000000000000000 ) ) ;
#837 = VERTEX_POINT ( 'NONE', #7710 ) ;
#838 = VECTOR ( 'NONE', #1359, 1000.000000000000000 ) ;
#839 = ADVANCED_FACE ( 'NONE', ( #3501 ), #4637, .F. ) ;
#840 = VECTOR ( 'NONE', #2412, 1000.000000000000114 ) ;
#841 = CARTESIAN_POINT ( 'NONE',  ( -9.449999999999359801, 19.24406644123204302, 6.999999999999999112 ) ) ;
#842 = CIRCLE ( 'NONE', #7330, 1.899999999999999689 ) ;
#843 = ORIENTED_EDGE ( 'NONE', *, *, #7302, .T. ) ;
#844 = DIRECTION ( 'NONE',  ( 0.000000000000000000, 0.000000000000000000, -1.000000000000000000 ) ) ;
#845 = CIRCLE ( 'NONE', #5105, 2.000000000000000000 ) ;
#846 = AXIS2_PLACEMENT_3D ( 'NONE', #3905, #7560, #5743 ) ;
#847 = EDGE_LOOP ( 'NONE', ( #2854, #1928, #5286, #7589 ) ) ;
#848 = ORIENTED_EDGE ( 'NONE', *, *, #3531, .T. ) ;
#849 = EDGE_CURVE ( 'NONE', #5439, #2473, #4352, .T. ) ;
#850 = VERTEX_POINT ( 'NONE', #4023 ) ;
#851 = DIRECTION ( 'NONE',  ( -1.000000000000000000, 0.000000000000000000, 0.000000000000000000 ) ) ;
#852 = CARTESIAN_POINT ( 'NONE',  ( -30.14487539711820929, 0.000000000000000000, -5.000000000000000000 ) ) ;
#853 = CARTESIAN_POINT ( 'NONE',  ( -6.999999999999998224, 5.849999999999910827, -7.000000000000000000 ) ) ;
#854 = EDGE_LOOP ( 'NONE', ( #7127, #900, #426, #226 ) ) ;
#855 = PLANE ( 'NONE',  #588 ) ;
#856 = CIRCLE ( 'NONE', #214, 5.499999999999998224 ) ;
#857 = VERTEX_POINT ( 'NONE', #5975 ) ;
#858 = CIRCLE ( 'NONE', #343, 1.900000000000000577 ) ;
#859 = PLANE ( 'NONE',  #2941 ) ;
#860 = CARTESIAN_POINT ( 'NONE',  ( -14.00000000000000000, -5.150000000000045652, -5.500000000000000000 ) ) ;
#861 = CARTESIAN_POINT ( 'NONE',  ( -5.000000000000000888, 29.74406644123207144, 7.000000000000000000 ) ) ;
#862 = AXIS2_PLACEMENT_3D ( 'NONE', #6759, #1806, #4363 ) ;
#863 = DIRECTION ( 'NONE',  ( 0.000000000000000000, 0.000000000000000000, -1.000000000000000000 ) ) ;
#864 = FACE_OUTER_BOUND ( 'NONE', #4394, .T. ) ;
#865 = CIRCLE ( 'NONE', #101, 1.900000000000000577 ) ;
#866 = EDGE_CURVE ( 'NONE', #2716, #1541, #982, .T. ) ;
#867 = ORIENTED_EDGE ( 'NONE', *, *, #7549, .F. ) ;
#868 = FACE_OUTER_BOUND ( 'NONE', #1120, .T. ) ;
#869 = AXIS2_PLACEMENT_3D ( 'NONE', #2679, #5688, #6336 ) ;
#870 = ORIENTED_EDGE ( 'NONE', *, *, #1169, .T. ) ;
#871 = VERTEX_POINT ( 'NONE', #6590 ) ;
#872 = DIRECTION ( 'NONE',  ( 0.000000000000000000, 0.000000000000000000, 1.000000000000000000 ) ) ;
#873 = CARTESIAN_POINT ( 'NONE',  ( -8.999999999999998224, -43.22269074732326999, -1.000000000000000000 ) ) ;
#874 = FACE_OUTER_BOUND ( 'NONE', #3175, .T. ) ;
#875 = AXIS2_PLACEMENT_3D ( 'NONE', #4977, #6803, #2657 ) ;
#876 = FACE_BOUND ( 'NONE', #4308, .T. ) ;
#877 = CARTESIAN_POINT ( 'NONE',  ( 9.000000000000001776, -43.22269074732326999, 7.000000000000000000 ) ) ;
#878 = FACE_BOUND ( 'NONE', #7191, .T. ) ;
#879 = EDGE_CURVE ( 'NONE', #1850, #2395, #1092, .T. ) ;
#880 = ORIENTED_EDGE ( 'NONE', *, *, #1847, .F. ) ;
#881 = CARTESIAN_POINT ( 'NONE',  ( -31.25537671716908150, -6.455175196550846373, -1.000000000000000000 ) ) ;
#882 = ORIENTED_EDGE ( 'NONE', *, *, #1335, .F. ) ;
#883 = AXIS2_PLACEMENT_3D ( 'NONE', #742, #4436, #7439 ) ;
#884 = DIRECTION ( 'NONE',  ( -1.000000000000000000, 0.000000000000000000, 0.000000000000000000 ) ) ;
#885 = ORIENTED_EDGE ( 'NONE', *, *, #6354, .T. ) ;
#886 = CARTESIAN_POINT ( 'NONE',  ( 11.53333333333333321, -48.52352925541695328, -2.428536926285584041 ) ) ;
#887 = ADVANCED_FACE ( 'NONE', ( #4673 ), #7151, .F. ) ;
#888 = EDGE_LOOP ( 'NONE', ( #4924, #1573, #843, #957 ) ) ;
#889 = EDGE_LOOP ( 'NONE', ( #5809, #5556, #3493, #4541 ) ) ;
#890 = ORIENTED_EDGE ( 'NONE', *, *, #7453, .F. ) ;
#891 = CARTESIAN_POINT ( 'NONE',  ( -9.899999999999998579, 23.34999999999998010, -9.650000000000000355 ) ) ;
#892 = CARTESIAN_POINT ( 'NONE',  ( -27.25605529807277705, -19.00000000000001066, 6.999999999999999112 ) ) ;
#893 = EDGE_CURVE ( 'NONE', #3334, #5693, #2906, .T. ) ;
#894 = ADVANCED_FACE ( 'NONE', ( #5407 ), #5322, .F. ) ;
#895 = CARTESIAN_POINT ( 'NONE',  ( 26.00000000000000000, 12.00000000000000178, -7.000000000000000000 ) ) ;
#896 = VERTEX_POINT ( 'NONE', #899 ) ;
#897 = DIRECTION ( 'NONE',  ( 1.000000000000000000, 0.000000000000000000, 0.000000000000000000 ) ) ;
#898 = CYLINDRICAL_SURFACE ( 'NONE', #4149, 4.000000000000000000 ) ;
#899 = CARTESIAN_POINT ( 'NONE',  ( -17.00000000000000000, -46.32269074732328562, -3.999999999999998224 ) ) ;
#900 = ORIENTED_EDGE ( 'NONE', *, *, #2492, .T. ) ;
#901 = CARTESIAN_POINT ( 'NONE',  ( 23.63822295986629740, 8.444066441232072506, -1.000000000000000000 ) ) ;
#902 = CARTESIAN_POINT ( 'NONE',  ( 11.00000000000000355, -50.45110689472375043, -5.500000000000000000 ) ) ;
#903 = CARTESIAN_POINT ( 'NONE',  ( -23.63822295986635424, 8.444066441232072506, -1.000000000000000000 ) ) ;
#904 = AXIS2_PLACEMENT_3D ( 'NONE', #636, #1968, #7559 ) ;
#905 = ORIENTED_EDGE ( 'NONE', *, *, #6603, .T. ) ;
#906 = ORIENTED_EDGE ( 'NONE', *, *, #1736, .F. ) ;
#907 = CYLINDRICAL_SURFACE ( 'NONE', #623, 4.000000000000000000 ) ;
#908 = CARTESIAN_POINT ( 'NONE',  ( -13.00000000000000178, -43.22269074732326999, 7.000000000000000000 ) ) ;
#909 = PLANE ( 'NONE',  #468 ) ;
#910 = VECTOR ( 'NONE', #470, 1000.000000000000000 ) ;
#911 = EDGE_CURVE ( 'NONE', #651, #7357, #2237, .T. ) ;
#912 = FACE_OUTER_BOUND ( 'NONE', #35, .T. ) ;
#913 = CARTESIAN_POINT ( 'NONE',  ( 25.49999999999999645, 7.850000000000004974, -9.650000000000000355 ) ) ;
#914 = PLANE ( 'NONE',  #2258 ) ;
#915 = EDGE_LOOP ( 'NONE', ( #6642, #561, #4270, #7977, #7719 ) ) ;
#916 = CARTESIAN_POINT ( 'NONE',  ( 22.75590207615663729, 24.22277336810120474, -4.000000000000000000 ) ) ;
#917 = CIRCLE ( 'NONE', #6252, 3.000000000000002665 ) ;
#918 = CIRCLE ( 'NONE', #2344, 8.000000000000000000 ) ;
#919 = ORIENTED_EDGE ( 'NONE', *, *, #7190, .F. ) ;
#920 = ORIENTED_EDGE ( 'NONE', *, *, #6135, .F. ) ;
#921 = EDGE_CURVE ( 'NONE', #2496, #4651, #2893, .T. ) ;
#922 = EDGE_CURVE ( 'NONE', #204, #3374, #4082, .T. ) ;
#923 = AXIS2_PLACEMENT_3D ( 'NONE', #1117, #1678, #3596 ) ;
#924 = CARTESIAN_POINT ( 'NONE',  ( -5.933350533826674322, 23.72277336810118342, 7.000000000000000888 ) ) ;
#925 = VERTEX_POINT ( 'NONE', #4138 ) ;
#926 = LINE ( 'NONE', #3968, #6176 ) ;
#927 = ORIENTED_EDGE ( 'NONE', *, *, #6450, .T. ) ;
#928 = ORIENTED_EDGE ( 'NONE', *, *, #6932, .T. ) ;
#929 = VECTOR ( 'NONE', #2980, 1000.000000000000000 ) ;
#930 = EDGE_CURVE ( 'NONE', #5108, #4427, #5468, .T. ) ;
#931 = EDGE_LOOP ( 'NONE', ( #1209, #6128 ) ) ;
#932 = LINE ( 'NONE', #6618, #3354 ) ;
#933 = DIRECTION ( 'NONE',  ( 1.000000000000000000, 0.000000000000000000, 0.000000000000000000 ) ) ;
#934 = AXIS2_PLACEMENT_3D ( 'NONE', #702, #813, #1386 ) ;
#935 = DIRECTION ( 'NONE',  ( 1.000000000000000000, 0.000000000000000000, 0.000000000000000000 ) ) ;
#936 = EDGE_LOOP ( 'NONE', ( #6659, #7372, #3529, #6751 ) ) ;
#937 = DIRECTION ( 'NONE',  ( -6.776263578034408105E-18, 1.000000000000000000, 0.000000000000000000 ) ) ;
#938 = DIRECTION ( 'NONE',  ( 1.987938561099767374E-14, 1.000000000000000000, -0.000000000000000000 ) ) ;
#939 = CARTESIAN_POINT ( 'NONE',  ( 9.502791101139436591, -47.47116571266307972, -2.582752895840164875 ) ) ;
#940 = EDGE_CURVE ( 'NONE', #3668, #788, #1191, .T. ) ;
#941 = ORIENTED_EDGE ( 'NONE', *, *, #6555, .F. ) ;
#942 = CARTESIAN_POINT ( 'NONE',  ( -14.00000000000000000, -5.150000000000045652, -5.500000000000000000 ) ) ;
#943 = DIRECTION ( 'NONE',  ( 1.000000000000000000, 0.000000000000000000, 0.000000000000000000 ) ) ;
#944 = EDGE_LOOP ( 'NONE', ( #5469, #513, #227, #2800 ) ) ;
#945 = CARTESIAN_POINT ( 'NONE',  ( -9.999999999999998224, -5.150000000000044764, -2.499999999999999556 ) ) ;
#946 = VERTEX_POINT ( 'NONE', #6185 ) ;
#947 = ORIENTED_EDGE ( 'NONE', *, *, #6060, .F. ) ;
#948 = LINE ( 'NONE', #5293, #3714 ) ;
#949 = DIRECTION ( 'NONE',  ( 0.000000000000000000, -1.000000000000000000, 0.000000000000000000 ) ) ;
#950 = CARTESIAN_POINT ( 'NONE',  ( -27.99999999999999645, 9.999999999999998224, -7.000000000000000000 ) ) ;
#951 = ADVANCED_FACE ( 'NONE', ( #4964, #7310 ), #1104, .T. ) ;
#952 = EDGE_CURVE ( 'NONE', #128, #5651, #3064, .T. ) ;
#953 = FACE_OUTER_BOUND ( 'NONE', #3654, .T. ) ;
#954 = CARTESIAN_POINT ( 'NONE',  ( -21.50000000000000000, 16.85000000000000142, -7.000000000000000000 ) ) ;
#955 = ORIENTED_EDGE ( 'NONE', *, *, #2002, .F. ) ;
#956 = DIRECTION ( 'NONE',  ( 0.000000000000000000, 0.000000000000000000, 1.000000000000000000 ) ) ;
#957 = ORIENTED_EDGE ( 'NONE', *, *, #5110, .T. ) ;
#958 = ORIENTED_EDGE ( 'NONE', *, *, #1091, .F. ) ;
#959 = DIRECTION ( 'NONE',  ( 1.000000000000000000, 0.000000000000000000, 0.000000000000000000 ) ) ;
#960 = AXIS2_PLACEMENT_3D ( 'NONE', #2341, #2469, #4862 ) ;
#961 = AXIS2_PLACEMENT_3D ( 'NONE', #6213, #3172, #650 ) ;
#962 = DIRECTION ( 'NONE',  ( -0.000000000000000000, -0.000000000000000000, -1.000000000000000000 ) ) ;
#963 = ORIENTED_EDGE ( 'NONE', *, *, #799, .F. ) ;
#964 = LINE ( 'NONE', #4700, #1226 ) ;
#965 = ORIENTED_EDGE ( 'NONE', *, *, #4171, .F. ) ;
#966 = EDGE_CURVE ( 'NONE', #2724, #4128, #576, .T. ) ;
#967 = ADVANCED_FACE ( 'NONE', ( #5447 ), #16, .F. ) ;
#968 = ORIENTED_EDGE ( 'NONE', *, *, #121, .T. ) ;
#969 = AXIS2_PLACEMENT_3D ( 'NONE', #6951, #3823, #172 ) ;
#970 = AXIS2_PLACEMENT_3D ( 'NONE', #6585, #3497, #2273 ) ;
#971 = ORIENTED_EDGE ( 'NONE', *, *, #3709, .T. ) ;
#972 = FACE_OUTER_BOUND ( 'NONE', #1030, .T. ) ;
#973 = CIRCLE ( 'NONE', #455, 1.900000000000000577 ) ;
#974 = VECTOR ( 'NONE', #6472, 1000.000000000000000 ) ;
#975 = VERTEX_POINT ( 'NONE', #7356 ) ;
#976 = DIRECTION ( 'NONE',  ( -0.000000000000000000, -0.000000000000000000, -1.000000000000000000 ) ) ;
#977 = EDGE_CURVE ( 'NONE', #4126, #5399, #3655, .T. ) ;
#978 = AXIS2_PLACEMENT_3D ( 'NONE', #6332, #1861, #6822 ) ;
#979 = ORIENTED_EDGE ( 'NONE', *, *, #4312, .T. ) ;
#980 = FACE_OUTER_BOUND ( 'NONE', #2210, .T. ) ;
#981 = DIRECTION ( 'NONE',  ( 1.000000000000000000, 0.000000000000000000, 0.000000000000000000 ) ) ;
#982 = LINE ( 'NONE', #330, #824 ) ;
#983 = CIRCLE ( 'NONE', #7846, 4.000000000000000000 ) ;
#984 = CARTESIAN_POINT ( 'NONE',  ( 11.00000000000000000, 5.849999999999910827, -9.650000000000000355 ) ) ;
#985 = CARTESIAN_POINT ( 'NONE',  ( -16.00000000000000000, 16.85000000000000142, -5.500000000000000000 ) ) ;
#986 = DIRECTION ( 'NONE',  ( -0.000000000000000000, -0.000000000000000000, 1.000000000000000000 ) ) ;
#987 = EDGE_CURVE ( 'NONE', #467, #520, #7916, .T. ) ;
#988 = MANIFOLD_SOLID_BREP ( '\X2\51f853f0\X0\-\X2\62c94f38\X0\9', #2010 ) ;
#989 = MECHANICAL_DESIGN_GEOMETRIC_PRESENTATION_REPRESENTATION (  '', ( #4302 ), #1048 ) ;
#990 = VECTOR ( 'NONE', #2753, 1000.000000000000000 ) ;
#991 = ORIENTED_EDGE ( 'NONE', *, *, #3421, .F. ) ;
#992 = CARTESIAN_POINT ( 'NONE',  ( -8.000000000000188294, 27.09831513016747806, -1.000000000000000000 ) ) ;
#993 = DIRECTION ( 'NONE',  ( 0.000000000000000000, 0.000000000000000000, 1.000000000000000000 ) ) ;
#994 = CARTESIAN_POINT ( 'NONE',  ( 9.326893062255804168, 24.24406644123207499, -1.000000000000000000 ) ) ;
#995 = AXIS2_PLACEMENT_3D ( 'NONE', #5559, #5597, #2468 ) ;
#996 = DIRECTION ( 'NONE',  ( -1.000000000000000000, 0.000000000000000000, 0.000000000000000000 ) ) ;
#997 = CARTESIAN_POINT ( 'NONE',  ( 19.33955556881018722, -28.43451699311990311, -7.000000000000000000 ) ) ;
#998 = FACE_OUTER_BOUND ( 'NONE', #5114, .T. ) ;
#999 = AXIS2_PLACEMENT_3D ( 'NONE', #1650, #4083, #7053 ) ;
#1000 = EDGE_CURVE ( 'NONE', #2336, #1088, #4200, .T. ) ;
#1001 = ORIENTED_EDGE ( 'NONE', *, *, #4841, .T. ) ;
#1002 = EDGE_CURVE ( 'NONE', #3848, #6597, #7905, .T. ) ;
#1003 = FACE_OUTER_BOUND ( 'NONE', #735, .T. ) ;
#1004 = ORIENTED_EDGE ( 'NONE', *, *, #2447, .T. ) ;
#1005 = ORIENTED_EDGE ( 'NONE', *, *, #3489, .T. ) ;
#1006 = AXIS2_PLACEMENT_3D ( 'NONE', #1727, #7211, #1007 ) ;
#1007 = DIRECTION ( 'NONE',  ( -1.000000000000000000, 0.000000000000000000, 0.000000000000000000 ) ) ;
#1008 = CIRCLE ( 'NONE', #875, 4.000000000000000000 ) ;
#1009 = CARTESIAN_POINT ( 'NONE',  ( -1.000000000000000888, 29.74406644123207144, 7.000000000000000000 ) ) ;
#1010 = ORIENTED_EDGE ( 'NONE', *, *, #2121, .F. ) ;
#1011 = CARTESIAN_POINT ( 'NONE',  ( -8.000000000000000000, 23.34999999999998010, -6.350000000000000533 ) ) ;
#1012 = ORIENTED_EDGE ( 'NONE', *, *, #5619, .T. ) ;
#1013 = CIRCLE ( 'NONE', #486, 1.900000000000000577 ) ;
#1014 = ORIENTED_EDGE ( 'NONE', *, *, #1780, .F. ) ;
#1015 = ORIENTED_EDGE ( 'NONE', *, *, #1603, .F. ) ;
#1016 = CIRCLE ( 'NONE', #7104, 8.049999999999945643 ) ;
#1017 = DIRECTION ( 'NONE',  ( 0.000000000000000000, 1.000000000000000000, 0.000000000000000000 ) ) ;
#1018 = EDGE_CURVE ( 'NONE', #4938, #5021, #7394, .T. ) ;
#1019 = CARTESIAN_POINT ( 'NONE',  ( 15.00000000000017586, -28.93902645193045231, -5.500000000000000000 ) ) ;
#1020 = PLANE ( 'NONE',  #3566 ) ;
#1021 = ORIENTED_EDGE ( 'NONE', *, *, #7523, .F. ) ;
#1022 = DIRECTION ( 'NONE',  ( -1.000000000000000000, 0.000000000000000000, 0.000000000000000000 ) ) ;
#1023 = CARTESIAN_POINT ( 'NONE',  ( -12.09800759387858982, -48.77946718360626477, -5.500000000000000000 ) ) ;
#1024 = DIRECTION ( 'NONE',  ( 1.000000000000000000, 0.000000000000000000, 0.000000000000000000 ) ) ;
#1025 = ORIENTED_EDGE ( 'NONE', *, *, #2566, .T. ) ;
#1026 = EDGE_CURVE ( 'NONE', #5103, #1711, #3147, .T. ) ;
#1027 = CARTESIAN_POINT ( 'NONE',  ( 8.000000000000000000, -41.00000000000000000, -7.000000000000000000 ) ) ;
#1028 = DIRECTION ( 'NONE',  ( -0.000000000000000000, 1.000000000000000000, 0.000000000000000000 ) ) ;
#1029 = CARTESIAN_POINT ( 'NONE',  ( -16.00000000000000000, 8.799999999999998934, -5.500000000000000000 ) ) ;
#1030 = EDGE_LOOP ( 'NONE', ( #7091, #6604, #6083, #2482 ) ) ;
#1031 = FACE_OUTER_BOUND ( 'NONE', #2225, .T. ) ;
#1032 = DIRECTION ( 'NONE',  ( 0.000000000000000000, -1.000000000000000000, 0.000000000000000000 ) ) ;
#1033 = CARTESIAN_POINT ( 'NONE',  ( -3.849999999999901945, 21.24406644123204302, 7.000000000000000000 ) ) ;
#1034 = EDGE_CURVE ( 'NONE', #2103, #5376, #54, .T. ) ;
#1035 = CARTESIAN_POINT ( 'NONE',  ( 11.00000000000000000, -24.00000000000002132, -9.650000000000000355 ) ) ;
#1036 = DIRECTION ( 'NONE',  ( -0.000000000000000000, -0.000000000000000000, -1.000000000000000000 ) ) ;
#1037 = VERTEX_POINT ( 'NONE', #1708 ) ;
#1038 = DIRECTION ( 'NONE',  ( -1.000000000000000000, 0.000000000000000000, 0.000000000000000000 ) ) ;
#1039 = ORIENTED_EDGE ( 'NONE', *, *, #3522, .F. ) ;
#1040 = ORIENTED_EDGE ( 'NONE', *, *, #6761, .F. ) ;
#1041 = VECTOR ( 'NONE', #104, 1000.000000000000000 ) ;
#1042 = CARTESIAN_POINT ( 'NONE',  ( -13.00000000000000178, -43.22269074732326999, -5.500000000000000000 ) ) ;
#1043 = EDGE_CURVE ( 'NONE', #7693, #6697, #6057, .T. ) ;
#1044 = EDGE_CURVE ( 'NONE', #5734, #4460, #6665, .T. ) ;
#1045 = LINE ( 'NONE', #6528, #4629 ) ;
#1046 = AXIS2_PLACEMENT_3D ( 'NONE', #2957, #3687, #2912 ) ;
#1047 = DIRECTION ( 'NONE',  ( -0.000000000000000000, -0.000000000000000000, -1.000000000000000000 ) ) ;
#1048 =( GEOMETRIC_REPRESENTATION_CONTEXT ( 3 ) GLOBAL_UNCERTAINTY_ASSIGNED_CONTEXT ( ( #3551 ) ) GLOBAL_UNIT_ASSIGNED_CONTEXT ( ( #2977, #3580, #5577 ) ) REPRESENTATION_CONTEXT ( 'NONE', 'WORKASPACE' ) );
#1049 = ORIENTED_EDGE ( 'NONE', *, *, #6638, .F. ) ;
#1050 = LINE ( 'NONE', #1821, #5002 ) ;
#1051 = ORIENTED_EDGE ( 'NONE', *, *, #4975, .F. ) ;
#1052 = AXIS2_PLACEMENT_3D ( 'NONE', #3562, #6081, #2386 ) ;
#1053 = VECTOR ( 'NONE', #7005, 1000.000000000000000 ) ;
#1054 = EDGE_CURVE ( 'NONE', #1526, #2190, #7474, .T. ) ;
#1055 = ORIENTED_EDGE ( 'NONE', *, *, #3089, .T. ) ;
#1056 = CARTESIAN_POINT ( 'NONE',  ( 0.000000000000000000, -41.00000000000000000, -9.650000000000000355 ) ) ;
#1057 = ORIENTED_EDGE ( 'NONE', *, *, #5705, .T. ) ;
#1058 = CARTESIAN_POINT ( 'NONE',  ( -13.00000000000000178, -35.99427459992278244, 6.999999999999999112 ) ) ;
#1059 = VECTOR ( 'NONE', #4775, 1000.000000000000000 ) ;
#1060 = DIRECTION ( 'NONE',  ( 0.000000000000000000, 0.000000000000000000, -1.000000000000000000 ) ) ;
#1061 = ORIENTED_EDGE ( 'NONE', *, *, #5061, .F. ) ;
#1062 = CARTESIAN_POINT ( 'NONE',  ( -8.000000000000174083, 24.94999999999998153, -1.000000000000000000 ) ) ;
#1063 = CARTESIAN_POINT ( 'NONE',  ( -12.24893232297625367, -48.87860128382605751, -5.463202979310338492 ) ) ;
#1064 = CARTESIAN_POINT ( 'NONE',  ( 8.700832664558914686, -46.65381084724095473, -3.640961252384228075 ) ) ;
#1065 = VECTOR ( 'NONE', #7398, 1000.000000000000000 ) ;
#1066 = ORIENTED_EDGE ( 'NONE', *, *, #6027, .T. ) ;
#1067 = CARTESIAN_POINT ( 'NONE',  ( 0.000000000000000000, -41.00000000000000000, -5.500000000000000000 ) ) ;
#1068 = DIRECTION ( 'NONE',  ( -0.000000000000000000, -0.000000000000000000, -1.000000000000000000 ) ) ;
#1069 = CARTESIAN_POINT ( 'NONE',  ( 13.00000000000000178, -35.99427459992278244, 64.09969851780280692 ) ) ;
#1070 = ADVANCED_FACE ( 'NONE', ( #6870, #1307 ), #2552, .F. ) ;
#1071 = VERTEX_POINT ( 'NONE', #4860 ) ;
#1072 = ADVANCED_FACE ( 'NONE', ( #8027 ), #7498, .F. ) ;
#1073 = CARTESIAN_POINT ( 'NONE',  ( 8.000000000000000000, 23.34999999999998010, -6.350000000000000533 ) ) ;
#1074 = DIRECTION ( 'NONE',  ( 0.000000000000000000, 0.000000000000000000, 1.000000000000000000 ) ) ;
#1075 = DIRECTION ( 'NONE',  ( -1.000000000000000000, 0.000000000000000000, 0.000000000000000000 ) ) ;
#1076 = FACE_OUTER_BOUND ( 'NONE', #7898, .T. ) ;
#1077 = DIRECTION ( 'NONE',  ( -0.000000000000000000, -0.000000000000000000, -1.000000000000000000 ) ) ;
#1078 = EDGE_LOOP ( 'NONE', ( #240, #5323 ) ) ;
#1079 = DIRECTION ( 'NONE',  ( -0.000000000000000000, -0.000000000000000000, -1.000000000000000000 ) ) ;
#1080 = VERTEX_POINT ( 'NONE', #3204 ) ;
#1081 = EDGE_CURVE ( 'NONE', #4827, #3347, #3088, .T. ) ;
#1082 = ORIENTED_EDGE ( 'NONE', *, *, #2291, .T. ) ;
#1083 = DIRECTION ( 'NONE',  ( -1.000000000000000000, 0.000000000000000000, 0.000000000000000000 ) ) ;
#1084 = DIRECTION ( 'NONE',  ( 3.391332174688262434E-14, -1.000000000000000000, 0.000000000000000000 ) ) ;
#1085 = DIRECTION ( 'NONE',  ( -0.000000000000000000, -0.000000000000000000, -1.000000000000000000 ) ) ;
#1086 = CARTESIAN_POINT ( 'NONE',  ( 23.63822295986629740, 8.444066441232072506, -4.000000000000000000 ) ) ;
#1087 = CARTESIAN_POINT ( 'NONE',  ( -26.00000000000000000, 9.999999999999998224, -7.000000000000000000 ) ) ;
#1088 = VERTEX_POINT ( 'NONE', #4292 ) ;
#1089 = CARTESIAN_POINT ( 'NONE',  ( 14.00000000000000000, -5.150000000000045652, -2.499999999999999556 ) ) ;
#1090 = ORIENTED_EDGE ( 'NONE', *, *, #4255, .F. ) ;
#1091 = EDGE_CURVE ( 'NONE', #3164, #6138, #1940, .T. ) ;
#1092 = CIRCLE ( 'NONE', #3319, 2.000000000000001776 ) ;
#1093 = EDGE_LOOP ( 'NONE', ( #5176, #848, #2034, #3610 ) ) ;
#1094 = DIRECTION ( 'NONE',  ( 1.000000000000000000, 0.000000000000000000, 0.000000000000000000 ) ) ;
#1095 = AXIS2_PLACEMENT_3D ( 'NONE', #774, #5735, #1385 ) ;
#1096 = VERTEX_POINT ( 'NONE', #1815 ) ;
#1097 = VERTEX_POINT ( 'NONE', #4907 ) ;
#1098 = EDGE_CURVE ( 'NONE', #6214, #5190, #4411, .T. ) ;
#1099 = DIRECTION ( 'NONE',  ( 0.000000000000000000, 0.000000000000000000, -1.000000000000000000 ) ) ;
#1100 = EDGE_LOOP ( 'NONE', ( #6391, #3507 ) ) ;
#1101 = VECTOR ( 'NONE', #2085, 1000.000000000000000 ) ;
#1102 = LINE ( 'NONE', #6140, #5679 ) ;
#1103 = CARTESIAN_POINT ( 'NONE',  ( -3.305443769227874640, -21.00000000000001776, 6.455443769227854567 ) ) ;
#1104 = PLANE ( 'NONE',  #5729 ) ;
#1105 = CIRCLE ( 'NONE', #969, 1.600000000000002531 ) ;
#1106 = ORIENTED_EDGE ( 'NONE', *, *, #3140, .F. ) ;
#1107 = DIRECTION ( 'NONE',  ( 0.6427876096865279276, 0.7660444431189875614, 0.000000000000000000 ) ) ;
#1108 = CARTESIAN_POINT ( 'NONE',  ( 15.99999999999988987, 16.85000000000000142, -1.000000000000000000 ) ) ;
#1109 = CIRCLE ( 'NONE', #5654, 1.900000000000000577 ) ;
#1110 = DIRECTION ( 'NONE',  ( 1.000000000000000000, 0.000000000000000000, -0.000000000000000000 ) ) ;
#1111 = AXIS2_PLACEMENT_3D ( 'NONE', #3692, #5563, #5603 ) ;
#1112 = ORIENTED_EDGE ( 'NONE', *, *, #5285, .T. ) ;
#1113 = CARTESIAN_POINT ( 'NONE',  ( -3.849999999999900169, 19.24406644123204302, 7.000000000000000000 ) ) ;
#1114 = CARTESIAN_POINT ( 'NONE',  ( -30.14487539711820929, 0.000000000000000000, -5.000000000000000000 ) ) ;
#1115 = DIRECTION ( 'NONE',  ( -1.000000000000000000, 0.000000000000000000, 0.000000000000000000 ) ) ;
#1116 = FACE_OUTER_BOUND ( 'NONE', #670, .T. ) ;
#1117 = CARTESIAN_POINT ( 'NONE',  ( 13.79999999999999893, -48.22269074732327709, -3.999999999999998224 ) ) ;
#1118 = EDGE_CURVE ( 'NONE', #3453, #1123, #6442, .T. ) ;
#1119 = AXIS2_PLACEMENT_3D ( 'NONE', #1523, #4652, #3405 ) ;
#1120 = EDGE_LOOP ( 'NONE', ( #880, #4371, #2243, #4262, #7049, #3857, #6693, #6824, #2298, #5999, #3892, #4819, #7257, #2123, #7118, #2252, #416, #4158, #4543, #5236 ) ) ;
#1121 = DIRECTION ( 'NONE',  ( 0.000000000000000000, -1.000000000000000000, 0.000000000000000000 ) ) ;
#1122 = ORIENTED_EDGE ( 'NONE', *, *, #2105, .F. ) ;
#1123 = VERTEX_POINT ( 'NONE', #7378 ) ;
#1124 = VECTOR ( 'NONE', #5907, 1000.000000000000000 ) ;
#1125 = CARTESIAN_POINT ( 'NONE',  ( -8.000000000000000000, -41.00000000000000000, -9.650000000000000355 ) ) ;
#1126 = FACE_OUTER_BOUND ( 'NONE', #5143, .T. ) ;
#1127 = CIRCLE ( 'NONE', #3462, 4.000000000000000000 ) ;
#1128 = FACE_OUTER_BOUND ( 'NONE', #6133, .T. ) ;
#1129 = DIRECTION ( 'NONE',  ( 0.000000000000000000, 0.000000000000000000, 1.000000000000000000 ) ) ;
#1130 = EDGE_CURVE ( 'NONE', #5021, #6180, #7214, .T. ) ;
#1131 = AXIS2_PLACEMENT_3D ( 'NONE', #7406, #6351, #2007 ) ;
#1132 = ORIENTED_EDGE ( 'NONE', *, *, #6555, .T. ) ;
#1133 = VERTEX_POINT ( 'NONE', #1898 ) ;
#1134 = EDGE_LOOP ( 'NONE', ( #6375, #3029, #5859, #7909 ) ) ;
#1135 = CARTESIAN_POINT ( 'NONE',  ( 3.849999999999968114, -19.00000000000002132, 6.999999999999999112 ) ) ;
#1136 = CIRCLE ( 'NONE', #5803, 10.00000000000000178 ) ;
#1137 = VERTEX_POINT ( 'NONE', #6775 ) ;
#1138 = AXIS2_PLACEMENT_3D ( 'NONE', #3524, #4739, #1490 ) ;
#1139 = ORIENTED_EDGE ( 'NONE', *, *, #4698, .F. ) ;
#1140 = CARTESIAN_POINT ( 'NONE',  ( 12.89870828346177234, -49.82269074732326430, -4.182160048828635013 ) ) ;
#1141 = ADVANCED_FACE ( 'NONE', ( #719, #1292 ), #3167, .T. ) ;
#1142 = CIRCLE ( 'NONE', #5687, 2.000000000000001776 ) ;
#1143 = VERTEX_POINT ( 'NONE', #1215 ) ;
#1144 = ORIENTED_EDGE ( 'NONE', *, *, #2574, .T. ) ;
#1145 = DIRECTION ( 'NONE',  ( 1.000000000000000000, 0.000000000000000000, 0.000000000000000000 ) ) ;
#1146 = DIRECTION ( 'NONE',  ( -0.000000000000000000, -0.000000000000000000, -1.000000000000000000 ) ) ;
#1147 = CARTESIAN_POINT ( 'NONE',  ( -17.00000000000000000, -50.12269074732328278, -3.999999999999998224 ) ) ;
#1148 = CARTESIAN_POINT ( 'NONE',  ( 15.00000000000019718, -28.93902645193045231, 6.999999999999999112 ) ) ;
#1149 = ORIENTED_EDGE ( 'NONE', *, *, #2490, .F. ) ;
#1150 = CARTESIAN_POINT ( 'NONE',  ( -8.949999999999359801, 21.47716791996685259, 7.000000000000000888 ) ) ;
#1151 = EDGE_CURVE ( 'NONE', #705, #5455, #7993, .T. ) ;
#1152 = CARTESIAN_POINT ( 'NONE',  ( -14.00000000000000000, -5.150000000000045652, -7.000000000000000000 ) ) ;
#1153 = ADVANCED_FACE ( 'NONE', ( #3688, #1329 ), #647, .F. ) ;
#1154 = DIRECTION ( 'NONE',  ( -2.145642317720230778E-13, -1.000000000000000000, 0.000000000000000000 ) ) ;
#1155 = CARTESIAN_POINT ( 'NONE',  ( -12.86269375963604844, -49.72087634779288834, -3.426467035942018846 ) ) ;
#1156 = VERTEX_POINT ( 'NONE', #1774 ) ;
#1157 = DIRECTION ( 'NONE',  ( -1.000000000000000000, 0.000000000000000000, 0.000000000000000000 ) ) ;
#1158 = DIRECTION ( 'NONE',  ( -1.000000000000000000, 0.000000000000000000, 0.000000000000000000 ) ) ;
#1159 = DIRECTION ( 'NONE',  ( 0.6427876096865351441, 0.7660444431189815662, -0.000000000000000000 ) ) ;
#1160 = CARTESIAN_POINT ( 'NONE',  ( -25.49999999999999645, -0.1499999999997753408, -7.000000000000000000 ) ) ;
#1161 = DIRECTION ( 'NONE',  ( -1.000000000000000000, 0.000000000000000000, -0.000000000000000000 ) ) ;
#1162 = EDGE_LOOP ( 'NONE', ( #7158, #4517 ) ) ;
#1163 = FACE_OUTER_BOUND ( 'NONE', #6524, .T. ) ;
#1164 = ORIENTED_EDGE ( 'NONE', *, *, #7054, .T. ) ;
#1165 = ORIENTED_EDGE ( 'NONE', *, *, #1990, .F. ) ;
#1166 = CARTESIAN_POINT ( 'NONE',  ( 16.00000000000000000, 16.84999999999999787, -3.999999999999999112 ) ) ;
#1167 = DIRECTION ( 'NONE',  ( 0.000000000000000000, 0.000000000000000000, -1.000000000000000000 ) ) ;
#1168 = DIRECTION ( 'NONE',  ( 1.000000000000000000, 1.734723475976807341E-16, -0.000000000000000000 ) ) ;
#1169 = EDGE_CURVE ( 'NONE', #543, #837, #5267, .T. ) ;
#1170 = DIRECTION ( 'NONE',  ( -1.000000000000000000, 0.000000000000000000, 0.000000000000000000 ) ) ;
#1171 = CARTESIAN_POINT ( 'NONE',  ( 11.00000000000000178, -43.22269074732326999, 7.000000000000000000 ) ) ;
#1172 = VERTEX_POINT ( 'NONE', #5511 ) ;
#1173 = CYLINDRICAL_SURFACE ( 'NONE', #4477, 1.899999999999999023 ) ;
#1174 = ORIENTED_EDGE ( 'NONE', *, *, #3388, .T. ) ;
#1175 = CARTESIAN_POINT ( 'NONE',  ( 5.000000000000000888, 29.74406644123207144, 7.000000000000000000 ) ) ;
#1176 = CIRCLE ( 'NONE', #526, 3.999999999999996447 ) ;
#1177 = EDGE_LOOP ( 'NONE', ( #3067, #7936 ) ) ;
#1178 = EDGE_CURVE ( 'NONE', #7301, #1133, #1907, .T. ) ;
#1179 = ORIENTED_EDGE ( 'NONE', *, *, #820, .F. ) ;
#1180 = AXIS2_PLACEMENT_3D ( 'NONE', #4332, #4944, #6774 ) ;
#1181 = CARTESIAN_POINT ( 'NONE',  ( -30.14487539711820929, 9.999999999999998224, 7.000000000000000000 ) ) ;
#1182 = VERTEX_POINT ( 'NONE', #7419 ) ;
#1183 = EDGE_LOOP ( 'NONE', ( #2234, #449, #2462, #3853 ) ) ;
#1184 = CARTESIAN_POINT ( 'NONE',  ( 5.933350533826676099, 24.22277336810118342, 64.09969851780280692 ) ) ;
#1185 = CIRCLE ( 'NONE', #3647, 1.600000000000000755 ) ;
#1186 = VECTOR ( 'NONE', #4283, 1000.000000000000000 ) ;
#1187 = ADVANCED_FACE ( 'NONE', ( #4333 ), #2509, .T. ) ;
#1188 = FACE_OUTER_BOUND ( 'NONE', #5011, .T. ) ;
#1189 = CARTESIAN_POINT ( 'NONE',  ( -12.84209101101219552, -49.66949158703474865, -4.706716663878343532 ) ) ;
#1190 = DIRECTION ( 'NONE',  ( -1.000000000000000000, 0.000000000000000000, 0.000000000000000000 ) ) ;
#1191 = CIRCLE ( 'NONE', #402, 4.000000000000000000 ) ;
#1192 = ORIENTED_EDGE ( 'NONE', *, *, #7019, .T. ) ;
#1193 = DIRECTION ( 'NONE',  ( 1.000000000000000000, 0.000000000000000000, -0.000000000000000000 ) ) ;
#1194 = LINE ( 'NONE', #6229, #5080 ) ;
#1195 = CIRCLE ( 'NONE', #3523, 4.000000000000001776 ) ;
#1196 = DIRECTION ( 'NONE',  ( -1.000000000000000000, 0.000000000000000000, 0.000000000000000000 ) ) ;
#1197 = CIRCLE ( 'NONE', #4144, 2.000000000000001776 ) ;
#1198 = DIRECTION ( 'NONE',  ( 1.000000000000000000, 0.000000000000000000, 0.000000000000000000 ) ) ;
#1199 = ORIENTED_EDGE ( 'NONE', *, *, #3258, .T. ) ;
#1200 = EDGE_CURVE ( 'NONE', #1541, #518, #1253, .T. ) ;
#1201 = VECTOR ( 'NONE', #450, 1000.000000000000000 ) ;
#1202 = DIRECTION ( 'NONE',  ( 0.000000000000000000, 0.000000000000000000, -1.000000000000000000 ) ) ;
#1203 = DIRECTION ( 'NONE',  ( -0.000000000000000000, -0.000000000000000000, -1.000000000000000000 ) ) ;
#1204 = DIRECTION ( 'NONE',  ( 0.000000000000000000, 0.000000000000000000, 1.000000000000000000 ) ) ;
#1205 = CYLINDRICAL_SURFACE ( 'NONE', #627, 3.000000000000000888 ) ;
#1206 = CARTESIAN_POINT ( 'NONE',  ( -20.72901885141141420, -19.00000000000001066, -5.500000000000000000 ) ) ;
#1207 = ORIENTED_EDGE ( 'NONE', *, *, #1335, .T. ) ;
#1208 = DIRECTION ( 'NONE',  ( 1.000000000000000000, 0.000000000000000000, 0.000000000000000000 ) ) ;
#1209 = ORIENTED_EDGE ( 'NONE', *, *, #1169, .F. ) ;
#1210 = EDGE_CURVE ( 'NONE', #3294, #5554, #856, .T. ) ;
#1211 = ORIENTED_EDGE ( 'NONE', *, *, #1757, .F. ) ;
#1212 = EDGE_CURVE ( 'NONE', #4427, #7348, #5060, .T. ) ;
#1213 = CARTESIAN_POINT ( 'NONE',  ( -9.449999999999359801, 21.47716791996685259, 6.999999999999999112 ) ) ;
#1214 = CARTESIAN_POINT ( 'NONE',  ( -3.850000000000006306, 2.354251929484806564E-13, 7.000000000000000000 ) ) ;
#1215 = CARTESIAN_POINT ( 'NONE',  ( -7.949999999999998401, 19.24406644123204657, -5.500000000000000000 ) ) ;
#1216 = CARTESIAN_POINT ( 'NONE',  ( -2.000000000000001776, 29.74406644123207144, -7.000000000000000000 ) ) ;
#1217 = CARTESIAN_POINT ( 'NONE',  ( 21.59487539711820503, 8.799999999999997158, -5.500000000000000000 ) ) ;
#1218 = CARTESIAN_POINT ( 'NONE',  ( 3.999999999999999112, 23.34999999999998010, -7.000000000000000000 ) ) ;
#1219 = EDGE_LOOP ( 'NONE', ( #1841, #4390, #3637, #6205 ) ) ;
#1220 = CARTESIAN_POINT ( 'NONE',  ( -8.000000000000000000, -24.00000000000000000, -7.000000000000000000 ) ) ;
#1221 = ORIENTED_EDGE ( 'NONE', *, *, #4919, .T. ) ;
#1222 = ORIENTED_EDGE ( 'NONE', *, *, #2131, .F. ) ;
#1223 = CARTESIAN_POINT ( 'NONE',  ( -2.081668171172168513E-14, -11.73931215304559927, -1.000000000000000000 ) ) ;
#1224 = EDGE_CURVE ( 'NONE', #5190, #424, #2590, .T. ) ;
#1225 = ORIENTED_EDGE ( 'NONE', *, *, #3451, .F. ) ;
#1226 = VECTOR ( 'NONE', #7097, 1000.000000000000000 ) ;
#1227 = VERTEX_POINT ( 'NONE', #7082 ) ;
#1228 = DIRECTION ( 'NONE',  ( 3.083923978207811463E-16, 1.000000000000000000, -0.000000000000000000 ) ) ;
#1229 = DIRECTION ( 'NONE',  ( -0.000000000000000000, -0.000000000000000000, 1.000000000000000000 ) ) ;
#1230 = DIRECTION ( 'NONE',  ( -1.000000000000000000, 0.000000000000000000, 0.000000000000000000 ) ) ;
#1231 = VECTOR ( 'NONE', #1687, 1000.000000000000000 ) ;
#1232 = ORIENTED_EDGE ( 'NONE', *, *, #2695, .F. ) ;
#1233 = DIRECTION ( 'NONE',  ( 0.000000000000000000, 0.000000000000000000, -1.000000000000000000 ) ) ;
#1234 = CARTESIAN_POINT ( 'NONE',  ( 30.14487539711820929, 2.220446049250313081E-13, -7.000000000000000000 ) ) ;
#1235 = CARTESIAN_POINT ( 'NONE',  ( 7.949999999999996625, 16.85000000000000142, -5.500000000000000000 ) ) ;
#1236 = EDGE_CURVE ( 'NONE', #4020, #407, #6696, .T. ) ;
#1237 = CARTESIAN_POINT ( 'NONE',  ( -2.081668171172168513E-14, -11.73931215304559927, -1.000000000000000000 ) ) ;
#1238 = AXIS2_PLACEMENT_3D ( 'NONE', #5055, #713, #1248 ) ;
#1239 = ORIENTED_EDGE ( 'NONE', *, *, #6497, .T. ) ;
#1240 = CARTESIAN_POINT ( 'NONE',  ( 23.59487539711820858, 0.000000000000000000, -1.000000000000000000 ) ) ;
#1241 = CARTESIAN_POINT ( 'NONE',  ( 3.305443769227831563, -19.00000000000002132, 6.455443769227854567 ) ) ;
#1242 = DIRECTION ( 'NONE',  ( -1.000000000000000000, 0.000000000000000000, -0.000000000000000000 ) ) ;
#1243 = VECTOR ( 'NONE', #5442, 1000.000000000000227 ) ;
#1244 = CARTESIAN_POINT ( 'NONE',  ( 16.00000000000000000, 8.799999999999998934, -5.500000000000000000 ) ) ;
#1245 = EDGE_CURVE ( 'NONE', #2798, #279, #3954, .T. ) ;
#1246 = CIRCLE ( 'NONE', #7177, 2.000000000000000000 ) ;
#1247 = ORIENTED_EDGE ( 'NONE', *, *, #6219, .T. ) ;
#1248 = DIRECTION ( 'NONE',  ( -1.000000000000000000, 0.000000000000000000, 0.000000000000000000 ) ) ;
#1249 = EDGE_LOOP ( 'NONE', ( #3239, #715, #3309, #3724 ) ) ;
#1250 = ORIENTED_EDGE ( 'NONE', *, *, #6886, .T. ) ;
#1251 = DIRECTION ( 'NONE',  ( -1.000000000000000000, 0.000000000000000000, 0.000000000000000000 ) ) ;
#1252 = LINE ( 'NONE', #3603, #2478 ) ;
#1253 = LINE ( 'NONE', #4531, #3719 ) ;
#1254 = DIRECTION ( 'NONE',  ( -0.000000000000000000, -0.000000000000000000, 1.000000000000000000 ) ) ;
#1255 = CARTESIAN_POINT ( 'NONE',  ( -12.40000000000000036, -5.150000000000045652, -5.500000000000000000 ) ) ;
#1256 = ADVANCED_FACE ( 'NONE', ( #230 ), #6325, .F. ) ;
#1257 = EDGE_CURVE ( 'NONE', #3735, #5108, #5259, .T. ) ;
#1258 = LINE ( 'NONE', #3809, #7960 ) ;
#1259 = ORIENTED_EDGE ( 'NONE', *, *, #7712, .F. ) ;
#1261 = VECTOR ( 'NONE', #4723, 1000.000000000000000 ) ;
#1260 = DIRECTION ( 'NONE',  ( 0.000000000000000000, 0.000000000000000000, -1.000000000000000000 ) ) ;
#1262 = ORIENTED_EDGE ( 'NONE', *, *, #234, .F. ) ;
#1263 = VECTOR ( 'NONE', #5281, 1000.000000000000000 ) ;
#1264 = CIRCLE ( 'NONE', #7420, 1.999999999999998224 ) ;
#1265 = DIRECTION ( 'NONE',  ( 0.000000000000000000, 0.000000000000000000, 1.000000000000000000 ) ) ;
#1266 = ORIENTED_EDGE ( 'NONE', *, *, #3194, .T. ) ;
#1267 = AXIS2_PLACEMENT_3D ( 'NONE', #7466, #6867, #695 ) ;
#1268 = ORIENTED_EDGE ( 'NONE', *, *, #2310, .T. ) ;
#1269 = CARTESIAN_POINT ( 'NONE',  ( -8.000000000000000000, 23.34999999999998010, -6.349999999999999645 ) ) ;
#1270 = DIRECTION ( 'NONE',  ( -3.818726056296495511E-16, -1.000000000000000000, 0.000000000000000000 ) ) ;
#1271 = DIRECTION ( 'NONE',  ( -1.000000000000000000, 0.000000000000000000, 0.000000000000000000 ) ) ;
#1272 = EDGE_CURVE ( 'NONE', #4017, #2186, #7648, .T. ) ;
#1273 = ORIENTED_EDGE ( 'NONE', *, *, #2736, .F. ) ;
#1274 = AXIS2_PLACEMENT_3D ( 'NONE', #420, #508, #3595 ) ;
#1275 = DIRECTION ( 'NONE',  ( 1.000000000000000000, 0.000000000000000000, 0.000000000000000000 ) ) ;
#1276 = LINE ( 'NONE', #6101, #286 ) ;
#1277 = DIRECTION ( 'NONE',  ( 0.000000000000000000, 0.000000000000000000, -1.000000000000000000 ) ) ;
#1278 = CARTESIAN_POINT ( 'NONE',  ( 8.000000000000000000, 37.74406644123207144, -4.000000000000000000 ) ) ;
#1279 = CIRCLE ( 'NONE', #2448, 6.549999999999895905 ) ;
#1280 = ORIENTED_EDGE ( 'NONE', *, *, #5121, .F. ) ;
#1281 = CARTESIAN_POINT ( 'NONE',  ( -11.00000000000000000, 5.849999999999910827, 7.000000000000000888 ) ) ;
#1282 = LINE ( 'NONE', #3756, #2198 ) ;
#1283 = CARTESIAN_POINT ( 'NONE',  ( -2.000000000000001776, 29.74406644123207144, -3.000000000000000000 ) ) ;
#1284 = ADVANCED_FACE ( 'NONE', ( #2632 ), #909, .F. ) ;
#1285 = DIRECTION ( 'NONE',  ( -0.000000000000000000, -0.000000000000000000, -1.000000000000000000 ) ) ;
#1286 = EDGE_LOOP ( 'NONE', ( #1015, #3290, #640, #6404 ) ) ;
#1287 = CARTESIAN_POINT ( 'NONE',  ( 25.49999999999999645, 7.850000000000004974, -7.000000000000000000 ) ) ;
#1288 = ORIENTED_EDGE ( 'NONE', *, *, #1570, .T. ) ;
#1289 = EDGE_LOOP ( 'NONE', ( #1144, #6810, #2752, #825, #1514, #362 ) ) ;
#1290 = CARTESIAN_POINT ( 'NONE',  ( 8.000000000000000000, 37.74406644123207144, -7.000000000000000000 ) ) ;
#1291 = DIRECTION ( 'NONE',  ( 2.312964634635742464E-16, 1.000000000000000000, -0.000000000000000000 ) ) ;
#1292 = FACE_OUTER_BOUND ( 'NONE', #6683, .T. ) ;
#1293 = ADVANCED_FACE ( 'NONE', ( #874 ), #3399, .F. ) ;
#1294 = CARTESIAN_POINT ( 'NONE',  ( -9.449999999999999289, 16.85000000000000142, -1.000000000000000000 ) ) ;
#1295 = DIRECTION ( 'NONE',  ( 1.000000000000000000, 0.000000000000000000, 0.000000000000000000 ) ) ;
#1296 = CARTESIAN_POINT ( 'NONE',  ( 25.49999999999999645, 7.850000000000004974, -9.650000000000000355 ) ) ;
#1297 = CARTESIAN_POINT ( 'NONE',  ( 3.000000000000000000, 29.74406644123207144, -3.000000000000000000 ) ) ;
#1298 = ORIENTED_EDGE ( 'NONE', *, *, #2156, .T. ) ;
#1299 = CARTESIAN_POINT ( 'NONE',  ( 3.627366839469942317, -48.14587023615462869, -5.609218801398227150 ) ) ;
#1300 = EDGE_LOOP ( 'NONE', ( #5630, #4921 ) ) ;
#1301 = ADVANCED_FACE ( 'NONE', ( #829 ), #761, .T. ) ;
#1302 = DIRECTION ( 'NONE',  ( -0.000000000000000000, -0.000000000000000000, -1.000000000000000000 ) ) ;
#1303 = ORIENTED_EDGE ( 'NONE', *, *, #4737, .F. ) ;
#1304 = ORIENTED_EDGE ( 'NONE', *, *, #7302, .F. ) ;
#1305 = ADVANCED_FACE ( 'NONE', ( #6927, #5868 ), #6361, .T. ) ;
#1306 = AXIS2_PLACEMENT_3D ( 'NONE', #6078, #1167, #6687 ) ;
#1307 = FACE_OUTER_BOUND ( 'NONE', #7416, .T. ) ;
#1308 = ORIENTED_EDGE ( 'NONE', *, *, #2712, .F. ) ;
#1309 = DIRECTION ( 'NONE',  ( 1.000000000000000000, 0.000000000000000000, 0.000000000000000000 ) ) ;
#1310 = LINE ( 'NONE', #1924, #2362 ) ;
#1311 = DIRECTION ( 'NONE',  ( 0.000000000000000000, 0.000000000000000000, 1.000000000000000000 ) ) ;
#1312 = DIRECTION ( 'NONE',  ( 0.000000000000000000, 0.000000000000000000, 1.000000000000000000 ) ) ;
#1313 = VECTOR ( 'NONE', #7460, 1000.000000000000000 ) ;
#1314 = VECTOR ( 'NONE', #1666, 1000.000000000000000 ) ;
#1315 = EDGE_LOOP ( 'NONE', ( #2880, #3519 ) ) ;
#1316 = DIRECTION ( 'NONE',  ( -1.000000000000000000, 0.000000000000000000, 0.000000000000000000 ) ) ;
#1317 = CARTESIAN_POINT ( 'NONE',  ( 10.39129341151854469, -27.00000000000000000, 7.000000000000000888 ) ) ;
#1318 = DIRECTION ( 'NONE',  ( 0.000000000000000000, 0.000000000000000000, -1.000000000000000000 ) ) ;
#1319 = VECTOR ( 'NONE', #7616, 1000.000000000000000 ) ;
#1320 = VECTOR ( 'NONE', #7497, 1000.000000000000000 ) ;
#1321 = DIRECTION ( 'NONE',  ( -1.000000000000000000, 0.000000000000000000, 0.000000000000000000 ) ) ;
#1322 = EDGE_CURVE ( 'NONE', #2881, #3164, #6570, .T. ) ;
#1323 = VERTEX_POINT ( 'NONE', #4034 ) ;
#1324 = DIRECTION ( 'NONE',  ( -1.000000000000000000, 0.000000000000000000, -0.000000000000000000 ) ) ;
#1325 = AXIS2_PLACEMENT_3D ( 'NONE', #4885, #6190, #537 ) ;
#1326 = VERTEX_POINT ( 'NONE', #994 ) ;
#1327 = CARTESIAN_POINT ( 'NONE',  ( -11.00000000000000355, -56.22269074732326999, -1.000000000000000000 ) ) ;
#1328 = DIRECTION ( 'NONE',  ( -0.000000000000000000, -0.000000000000000000, -1.000000000000000000 ) ) ;
#1329 = FACE_OUTER_BOUND ( 'NONE', #7229, .T. ) ;
#1330 = AXIS2_PLACEMENT_3D ( 'NONE', #582, #3069, #5538 ) ;
#1331 = FACE_OUTER_BOUND ( 'NONE', #2421, .T. ) ;
#1332 = DIRECTION ( 'NONE',  ( 1.000000000000000000, 0.000000000000000000, 0.000000000000000000 ) ) ;
#1333 = CARTESIAN_POINT ( 'NONE',  ( 8.000000000000000000, 23.34999999999998010, -6.349999999999999645 ) ) ;
#1334 = DIRECTION ( 'NONE',  ( 1.000000000000000000, 3.391332174688262434E-14, -0.000000000000000000 ) ) ;
#1335 = EDGE_CURVE ( 'NONE', #1380, #2387, #1676, .T. ) ;
#1336 = ORIENTED_EDGE ( 'NONE', *, *, #2694, .T. ) ;
#1337 = CARTESIAN_POINT ( 'NONE',  ( 2.000000000000000888, 29.74406644123207144, -3.000000000000000000 ) ) ;
#1338 = ORIENTED_EDGE ( 'NONE', *, *, #5888, .T. ) ;
#1339 = CYLINDRICAL_SURFACE ( 'NONE', #1267, 3.350000000000000089 ) ;
#1340 = EDGE_CURVE ( 'NONE', #2754, #2918, #5920, .T. ) ;
#1341 = VERTEX_POINT ( 'NONE', #5254 ) ;
#1342 = ORIENTED_EDGE ( 'NONE', *, *, #6820, .F. ) ;
#1343 = ORIENTED_EDGE ( 'NONE', *, *, #3388, .F. ) ;
#1344 = CARTESIAN_POINT ( 'NONE',  ( 17.00000000000000000, -43.22269074732326999, 7.000000000000000000 ) ) ;
#1345 = CARTESIAN_POINT ( 'NONE',  ( 8.000000000000000000, 24.94999999999998153, -4.000000000000000000 ) ) ;
#1346 = CARTESIAN_POINT ( 'NONE',  ( -13.15651736460734433, -28.16341587115827139, 6.999999999999999112 ) ) ;
#1347 = EDGE_CURVE ( 'NONE', #1380, #1323, #4148, .T. ) ;
#1348 = ADVANCED_FACE ( 'NONE', ( #3435, #7200 ), #6558, .T. ) ;
#1349 = LINE ( 'NONE', #6345, #448 ) ;
#1350 = CYLINDRICAL_SURFACE ( 'NONE', #804, 3.000000000000000000 ) ;
#1351 = ORIENTED_EDGE ( 'NONE', *, *, #7156, .F. ) ;
#1352 = AXIS2_PLACEMENT_3D ( 'NONE', #3624, #580, #5492 ) ;
#1353 = DIRECTION ( 'NONE',  ( 0.000000000000000000, -1.000000000000000000, 0.000000000000000000 ) ) ;
#1354 = DIRECTION ( 'NONE',  ( -0.000000000000000000, -0.000000000000000000, -1.000000000000000000 ) ) ;
#1355 = DIRECTION ( 'NONE',  ( 0.000000000000000000, 0.000000000000000000, -1.000000000000000000 ) ) ;
#1356 = DIRECTION ( 'NONE',  ( 1.000000000000000000, 3.083923978207811463E-16, -0.000000000000000000 ) ) ;
#1357 = AXIS2_PLACEMENT_3D ( 'NONE', #6417, #3295, #851 ) ;
#1358 = ORIENTED_EDGE ( 'NONE', *, *, #2089, .T. ) ;
#1359 = DIRECTION ( 'NONE',  ( -0.000000000000000000, -0.000000000000000000, 1.000000000000000000 ) ) ;
#1360 = ORIENTED_EDGE ( 'NONE', *, *, #7399, .F. ) ;
#1361 = ORIENTED_EDGE ( 'NONE', *, *, #2619, .T. ) ;
#1362 = AXIS2_PLACEMENT_3D ( 'NONE', #1333, #5640, #3883 ) ;
#1363 = CARTESIAN_POINT ( 'NONE',  ( 11.00000000000000000, 5.849999999999910827, -9.650000000000000355 ) ) ;
#1364 = DIRECTION ( 'NONE',  ( 1.000000000000000000, 0.000000000000000000, 0.000000000000000000 ) ) ;
#1365 = DIRECTION ( 'NONE',  ( -0.000000000000000000, -0.000000000000000000, -1.000000000000000000 ) ) ;
#1366 = VECTOR ( 'NONE', #4406, 1000.000000000000000 ) ;
#1367 = ADVANCED_FACE ( 'NONE', ( #1719 ), #5295, .F. ) ;
#1368 = CIRCLE ( 'NONE', #322, 1.600000000000002531 ) ;
#1369 = DIRECTION ( 'NONE',  ( 1.000000000000000000, 0.000000000000000000, 0.000000000000000000 ) ) ;
#1370 = DIRECTION ( 'NONE',  ( 0.000000000000000000, 0.000000000000000000, -1.000000000000000000 ) ) ;
#1371 = CARTESIAN_POINT ( 'NONE',  ( -9.399999999999996803, 5.849999999999910827, -5.500000000000000000 ) ) ;
#1372 = AXIS2_PLACEMENT_3D ( 'NONE', #7228, #2662, #5132 ) ;
#1373 = VERTEX_POINT ( 'NONE', #2863 ) ;
#1374 = CARTESIAN_POINT ( 'NONE',  ( 16.00000000000000000, -43.22269074732326999, -7.000000000000000000 ) ) ;
#1375 = EDGE_LOOP ( 'NONE', ( #6050, #2399, #5789, #2371 ) ) ;
#1376 = ADVANCED_FACE ( 'NONE', ( #3476 ), #5334, .T. ) ;
#1377 = DIRECTION ( 'NONE',  ( 0.000000000000000000, 0.000000000000000000, 1.000000000000000000 ) ) ;
#1378 = ORIENTED_EDGE ( 'NONE', *, *, #4213, .F. ) ;
#1379 = AXIS2_PLACEMENT_3D ( 'NONE', #1591, #2327, #5905 ) ;
#1380 = VERTEX_POINT ( 'NONE', #5948 ) ;
#1381 = CIRCLE ( 'NONE', #4624, 2.000000000000000000 ) ;
#1382 = EDGE_CURVE ( 'NONE', #4449, #2173, #7602, .T. ) ;
#1383 = ORIENTED_EDGE ( 'NONE', *, *, #7102, .F. ) ;
#1384 = AXIS2_PLACEMENT_3D ( 'NONE', #1393, #706, #3190 ) ;
#1385 = DIRECTION ( 'NONE',  ( 0.000000000000000000, -1.000000000000000000, 0.000000000000000000 ) ) ;
#1386 = DIRECTION ( 'NONE',  ( -1.000000000000000000, 0.000000000000000000, 0.000000000000000000 ) ) ;
#1387 = CARTESIAN_POINT ( 'NONE',  ( -9.142205477086323029, -47.14600110383324250, -2.808791084375919844 ) ) ;
#1388 = CARTESIAN_POINT ( 'NONE',  ( 16.00000000000000000, 16.85000000000000142, -5.000000000000000000 ) ) ;
#1389 = CARTESIAN_POINT ( 'NONE',  ( 26.00000000000000000, 9.999999999999998224, 7.000000000000000000 ) ) ;
#1390 = CIRCLE ( 'NONE', #3218, 3.350000000000000089 ) ;
#1391 = ORIENTED_EDGE ( 'NONE', *, *, #6958, .T. ) ;
#1392 = AXIS2_PLACEMENT_3D ( 'NONE', #5919, #6609, #6486 ) ;
#1393 = CARTESIAN_POINT ( 'NONE',  ( 27.29659163829112245, -8.061623882891092663, -1.000000000000000000 ) ) ;
#1394 = DIRECTION ( 'NONE',  ( -1.000000000000000000, 0.000000000000000000, 0.000000000000000000 ) ) ;
#1395 = CARTESIAN_POINT ( 'NONE',  ( 21.59487539711820503, 8.799999999999997158, -1.000000000000000000 ) ) ;
#1396 = EDGE_CURVE ( 'NONE', #5133, #3105, #379, .T. ) ;
#1397 = EDGE_CURVE ( 'NONE', #6272, #6946, #459, .T. ) ;
#1398 = LINE ( 'NONE', #3758, #2169 ) ;
#1399 = VECTOR ( 'NONE', #3392, 1000.000000000000000 ) ;
#1400 = ORIENTED_EDGE ( 'NONE', *, *, #7584, .T. ) ;
#1401 = DIRECTION ( 'NONE',  ( 0.000000000000000000, 0.000000000000000000, 1.000000000000000000 ) ) ;
#1402 = VERTEX_POINT ( 'NONE', #1033 ) ;
#1403 = EDGE_LOOP ( 'NONE', ( #6492, #6280, #6409, #1351 ) ) ;
#1404 = CARTESIAN_POINT ( 'NONE',  ( 7.000000000000001776, 29.74406644123207144, 7.000000000000000000 ) ) ;
#1405 = CARTESIAN_POINT ( 'NONE',  ( 17.00000000000000000, -35.99427459992278244, -1.000000000000000888 ) ) ;
#1406 = DIRECTION ( 'NONE',  ( -1.000000000000000000, -6.077688614525857137E-16, 0.000000000000000000 ) ) ;
#1407 = EDGE_CURVE ( 'NONE', #7908, #4210, #7344, .T. ) ;
#1408 = CIRCLE ( 'NONE', #7499, 3.000000000000002665 ) ;
#1409 = DIRECTION ( 'NONE',  ( -0.000000000000000000, -0.000000000000000000, 1.000000000000000000 ) ) ;
#1410 = CARTESIAN_POINT ( 'NONE',  ( -6.605095560780592123, 24.13373567319981561, -5.500000000000000000 ) ) ;
#1411 = CARTESIAN_POINT ( 'NONE',  ( 5.000000000000000888, 29.74406644123207144, -4.000000000000000000 ) ) ;
#1412 = ORIENTED_EDGE ( 'NONE', *, *, #7047, .T. ) ;
#1413 = CARTESIAN_POINT ( 'NONE',  ( -15.60000000000000142, -5.150000000000045652, -2.499999999999999556 ) ) ;
#1414 = EDGE_CURVE ( 'NONE', #3575, #3923, #5666, .T. ) ;
#1415 = ORIENTED_EDGE ( 'NONE', *, *, #7991, .F. ) ;
#1416 = CARTESIAN_POINT ( 'NONE',  ( 11.00000000000000178, -43.22269074732326999, 7.000000000000000000 ) ) ;
#1417 = ORIENTED_EDGE ( 'NONE', *, *, #5760, .F. ) ;
#1418 = ORIENTED_EDGE ( 'NONE', *, *, #1130, .F. ) ;
#1419 = EDGE_CURVE ( 'NONE', #3374, #3466, #7842, .T. ) ;
#1420 = ORIENTED_EDGE ( 'NONE', *, *, #1426, .T. ) ;
#1421 = ORIENTED_EDGE ( 'NONE', *, *, #1322, .T. ) ;
#1422 = CARTESIAN_POINT ( 'NONE',  ( -15.00000000000000000, -28.93902645193045231, 6.999999999999999112 ) ) ;
#1423 = DIRECTION ( 'NONE',  ( -0.000000000000000000, -0.000000000000000000, 1.000000000000000000 ) ) ;
#1424 = CYLINDRICAL_SURFACE ( 'NONE', #6587, 2.999999999999999112 ) ;
#1425 = CARTESIAN_POINT ( 'NONE',  ( -16.00000000000000000, 16.85000000000000142, -5.000000000000000000 ) ) ;
#1426 = EDGE_CURVE ( 'NONE', #1451, #5850, #5418, .T. ) ;
#1427 = CIRCLE ( 'NONE', #3657, 1.899999999999999023 ) ;
#1428 = ORIENTED_EDGE ( 'NONE', *, *, #1671, .T. ) ;
#1429 = FACE_OUTER_BOUND ( 'NONE', #1598, .T. ) ;
#1430 = CARTESIAN_POINT ( 'NONE',  ( -2.000000000000001776, 29.74406644123207144, -3.000000000000000000 ) ) ;
#1431 = DIRECTION ( 'NONE',  ( -0.000000000000000000, -0.000000000000000000, 1.000000000000000000 ) ) ;
#1432 = CIRCLE ( 'NONE', #3893, 10.00000000000001954 ) ;
#1433 = CARTESIAN_POINT ( 'NONE',  ( -13.00000000000000355, -54.22269074732326999, -5.500000000000000000 ) ) ;
#1434 = EDGE_CURVE ( 'NONE', #7947, #5527, #2204, .T. ) ;
#1435 = EDGE_LOOP ( 'NONE', ( #2145, #7493, #3884, #466 ) ) ;
#1436 = CYLINDRICAL_SURFACE ( 'NONE', #4599, 2.999999999999999112 ) ;
#1437 = ORIENTED_EDGE ( 'NONE', *, *, #2156, .F. ) ;
#1438 = VERTEX_POINT ( 'NONE', #2167 ) ;
#1439 = VECTOR ( 'NONE', #3821, 1000.000000000000000 ) ;
#1440 = DIRECTION ( 'NONE',  ( -0.000000000000000000, -0.000000000000000000, 1.000000000000000000 ) ) ;
#1441 = CARTESIAN_POINT ( 'NONE',  ( 13.39129341151854291, -27.00000000000000000, -5.500000000000000000 ) ) ;
#1442 = CARTESIAN_POINT ( 'NONE',  ( 13.00000000000000178, -43.22269074732326999, -5.500000000000000000 ) ) ;
#1443 = CIRCLE ( 'NONE', #794, 9.999999999999998224 ) ;
#1444 = CARTESIAN_POINT ( 'NONE',  ( -22.55000000000000071, 16.85000000000000142, -5.000000000000000000 ) ) ;
#1445 = DIRECTION ( 'NONE',  ( 0.000000000000000000, 0.000000000000000000, 1.000000000000000000 ) ) ;
#1446 = DIRECTION ( 'NONE',  ( -0.000000000000000000, -0.000000000000000000, 1.000000000000000000 ) ) ;
#1447 = AXIS2_PLACEMENT_3D ( 'NONE', #1808, #4284, #7325 ) ;
#1448 = EDGE_CURVE ( 'NONE', #1451, #6697, #1381, .T. ) ;
#1449 = VERTEX_POINT ( 'NONE', #950 ) ;
#1450 = CARTESIAN_POINT ( 'NONE',  ( -8.000000000000000000, 23.34999999999998010, -9.650000000000000355 ) ) ;
#1451 = VERTEX_POINT ( 'NONE', #7762 ) ;
#1452 = AXIS2_PLACEMENT_3D ( 'NONE', #4715, #7833, #7114 ) ;
#1453 = FACE_OUTER_BOUND ( 'NONE', #5491, .T. ) ;
#1454 = VERTEX_POINT ( 'NONE', #4686 ) ;
#1455 = DIRECTION ( 'NONE',  ( -0.000000000000000000, -0.000000000000000000, -1.000000000000000000 ) ) ;
#1456 = VERTEX_POINT ( 'NONE', #7162 ) ;
#1457 = VERTEX_POINT ( 'NONE', #1593 ) ;
#1458 = VERTEX_POINT ( 'NONE', #1283 ) ;
#1459 = DIRECTION ( 'NONE',  ( 1.000000000000000000, 0.000000000000000000, 0.000000000000000000 ) ) ;
#1460 = ADVANCED_FACE ( 'NONE', ( #673, #6844 ), #5548, .T. ) ;
#1461 = LINE ( 'NONE', #3934, #2870 ) ;
#1462 = CARTESIAN_POINT ( 'NONE',  ( 10.39129341151854469, -27.00000000000000000, -5.500000000000000000 ) ) ;
#1463 = CARTESIAN_POINT ( 'NONE',  ( 25.49999999999999645, 7.850000000000004974, -9.650000000000000355 ) ) ;
#1464 = ORIENTED_EDGE ( 'NONE', *, *, #4094, .F. ) ;
#1465 = PLANE ( 'NONE',  #3215 ) ;
#1466 = CARTESIAN_POINT ( 'NONE',  ( -30.14487539711820929, 0.000000000000000000, -5.000000000000000000 ) ) ;
#1467 = CARTESIAN_POINT ( 'NONE',  ( -22.55000000000000071, 16.85000000000000142, -5.000000000000000000 ) ) ;
#1468 = ADVANCED_FACE ( 'NONE', ( #3757 ), #5500, .T. ) ;
#1469 = DIRECTION ( 'NONE',  ( 1.000000000000000000, 0.000000000000000000, 0.000000000000000000 ) ) ;
#1470 = CARTESIAN_POINT ( 'NONE',  ( -12.60000000000000142, 5.849999999999910827, -5.500000000000000000 ) ) ;
#1471 = EDGE_LOOP ( 'NONE', ( #2726, #3640, #1412, #6053 ) ) ;
#1472 = CARTESIAN_POINT ( 'NONE',  ( 8.723809523809968880, 21.92308031997521311, 7.000000000000000888 ) ) ;
#1473 = CIRCLE ( 'NONE', #4589, 2.000000000000000000 ) ;
#1474 = EDGE_LOOP ( 'NONE', ( #3993, #436 ) ) ;
#1475 = ORIENTED_EDGE ( 'NONE', *, *, #439, .F. ) ;
#1476 = DIRECTION ( 'NONE',  ( 1.000000000000000000, 0.000000000000000000, 0.000000000000000000 ) ) ;
#1477 = DIRECTION ( 'NONE',  ( -1.000000000000000000, 0.000000000000000000, 0.000000000000000000 ) ) ;
#1478 = CARTESIAN_POINT ( 'NONE',  ( 9.605889045462618014, -47.55462624493114276, -5.458691618100612430 ) ) ;
#1479 = EDGE_CURVE ( 'NONE', #502, #7259, #6052, .T. ) ;
#1480 = DIRECTION ( 'NONE',  ( 0.000000000000000000, 0.000000000000000000, 1.000000000000000000 ) ) ;
#1481 = LINE ( 'NONE', #6931, #1319 ) ;
#1482 = CARTESIAN_POINT ( 'NONE',  ( -16.00000000000000000, 16.85000000000000142, -5.500000000000000000 ) ) ;
#1483 = VERTEX_POINT ( 'NONE', #64 ) ;
#1484 = CARTESIAN_POINT ( 'NONE',  ( 9.326893062255804168, 24.24406644123207499, -4.000000000000000000 ) ) ;
#1485 = ORIENTED_EDGE ( 'NONE', *, *, #1479, .F. ) ;
#1486 = AXIS2_PLACEMENT_3D ( 'NONE', #33, #1851, #4328 ) ;
#1487 = VECTOR ( 'NONE', #2160, 1000.000000000000000 ) ;
#1488 = EDGE_CURVE ( 'NONE', #2336, #543, #7445, .T. ) ;
#1489 = ADVANCED_FACE ( 'NONE', ( #5586, #3120 ), #3077, .T. ) ;
#1490 = DIRECTION ( 'NONE',  ( 1.000000000000000000, 0.000000000000000000, -0.000000000000000000 ) ) ;
#1491 = CIRCLE ( 'NONE', #6300, 2.000000000000000000 ) ;
#1492 = ORIENTED_EDGE ( 'NONE', *, *, #259, .T. ) ;
#1493 = CARTESIAN_POINT ( 'NONE',  ( -22.25590207615680427, 24.24406644123207499, -1.000000000000000000 ) ) ;
#1494 = ORIENTED_EDGE ( 'NONE', *, *, #2633, .T. ) ;
#1495 = ORIENTED_EDGE ( 'NONE', *, *, #7352, .T. ) ;
#1496 = ORIENTED_EDGE ( 'NONE', *, *, #7724, .F. ) ;
#1497 = CARTESIAN_POINT ( 'NONE',  ( 30.14487539711820929, 2.220446049250313081E-13, -3.999999999999999112 ) ) ;
#1498 = DIRECTION ( 'NONE',  ( -1.000000000000000000, 0.000000000000000000, -0.000000000000000000 ) ) ;
#1499 = AXIS2_PLACEMENT_3D ( 'NONE', #4002, #6523, #5873 ) ;
#1500 = DIRECTION ( 'NONE',  ( -0.000000000000000000, -1.000000000000000000, -0.000000000000000000 ) ) ;
#1501 = AXIS2_PLACEMENT_3D ( 'NONE', #3279, #3316, #2710 ) ;
#1502 = ORIENTED_EDGE ( 'NONE', *, *, #1923, .T. ) ;
#1503 = EDGE_CURVE ( 'NONE', #2387, #7382, #2500, .T. ) ;
#1504 = CIRCLE ( 'NONE', #739, 2.000000000000000000 ) ;
#1505 = DIRECTION ( 'NONE',  ( -0.000000000000000000, -0.000000000000000000, -1.000000000000000000 ) ) ;
#1506 = CARTESIAN_POINT ( 'NONE',  ( 5.933350533826676099, 23.72277336810118342, 7.000000000000000888 ) ) ;
#1507 = CARTESIAN_POINT ( 'NONE',  ( 9.914232278121122732, -47.78866008801809073, -2.442715724517539488 ) ) ;
#1508 = DIRECTION ( 'NONE',  ( 0.000000000000000000, 0.000000000000000000, 1.000000000000000000 ) ) ;
#1509 = AXIS2_PLACEMENT_3D ( 'NONE', #2417, #8015, #7367 ) ;
#1510 = DIRECTION ( 'NONE',  ( 0.000000000000000000, 0.000000000000000000, 1.000000000000000000 ) ) ;
#1511 = DIRECTION ( 'NONE',  ( 0.000000000000000000, 0.000000000000000000, -1.000000000000000000 ) ) ;
#1512 = VECTOR ( 'NONE', #5381, 1000.000000000000000 ) ;
#1513 = ORIENTED_EDGE ( 'NONE', *, *, #5052, .F. ) ;
#1514 = ORIENTED_EDGE ( 'NONE', *, *, #4522, .F. ) ;
#1515 = EDGE_CURVE ( 'NONE', #6597, #3238, #4974, .T. ) ;
#1516 = DIRECTION ( 'NONE',  ( 0.08715574274766199614, -0.9961946980917452121, 0.000000000000000000 ) ) ;
#1517 = CARTESIAN_POINT ( 'NONE',  ( -13.00000000000000178, -43.22269074732326999, 7.000000000000000000 ) ) ;
#1518 = DIRECTION ( 'NONE',  ( 0.000000000000000000, 0.000000000000000000, -1.000000000000000000 ) ) ;
#1519 = AXIS2_PLACEMENT_3D ( 'NONE', #4484, #7603, #1888 ) ;
#1520 = DIRECTION ( 'NONE',  ( 1.000000000000000000, 0.000000000000000000, 0.000000000000000000 ) ) ;
#1521 = CARTESIAN_POINT ( 'NONE',  ( -27.99999999999999645, 11.99999999999999822, -7.000000000000000000 ) ) ;
#1522 = ORIENTED_EDGE ( 'NONE', *, *, #7101, .F. ) ;
#1523 = CARTESIAN_POINT ( 'NONE',  ( -8.000000000000000000, 23.34999999999998010, -5.500000000000000000 ) ) ;
#1524 = VERTEX_POINT ( 'NONE', #1886 ) ;
#1525 = EDGE_CURVE ( 'NONE', #2434, #5739, #6704, .T. ) ;
#1526 = VERTEX_POINT ( 'NONE', #5626 ) ;
#1527 = AXIS2_PLACEMENT_3D ( 'NONE', #7921, #7193, #1196 ) ;
#1528 = DIRECTION ( 'NONE',  ( -0.000000000000000000, -0.000000000000000000, -1.000000000000000000 ) ) ;
#1529 = VERTEX_POINT ( 'NONE', #5015 ) ;
#1530 = CARTESIAN_POINT ( 'NONE',  ( 12.33834223277849240, -48.96097779383016757, -2.577749493079698695 ) ) ;
#1531 = ORIENTED_EDGE ( 'NONE', *, *, #3362, .F. ) ;
#1532 = ORIENTED_EDGE ( 'NONE', *, *, #3168, .T. ) ;
#1533 = EDGE_CURVE ( 'NONE', #786, #5108, #6069, .T. ) ;
#1534 = ORIENTED_EDGE ( 'NONE', *, *, #6255, .F. ) ;
#1535 = CYLINDRICAL_SURFACE ( 'NONE', #2835, 8.000000000000000000 ) ;
#1536 = FACE_BOUND ( 'NONE', #5134, .T. ) ;
#1537 = ORIENTED_EDGE ( 'NONE', *, *, #3944, .F. ) ;
#1538 = CARTESIAN_POINT ( 'NONE',  ( 5.000000000000000888, 29.74406644123207144, 7.000000000000000000 ) ) ;
#1539 = EDGE_CURVE ( 'NONE', #1936, #4405, #4239, .T. ) ;
#1540 = EDGE_CURVE ( 'NONE', #6574, #5378, #7089, .T. ) ;
#1541 = VERTEX_POINT ( 'NONE', #3631 ) ;
#1542 = DIRECTION ( 'NONE',  ( 0.000000000000000000, 0.000000000000000000, -1.000000000000000000 ) ) ;
#1543 = CYLINDRICAL_SURFACE ( 'NONE', #6622, 5.049999999999998934 ) ;
#1544 = DIRECTION ( 'NONE',  ( 1.000000000000000000, 0.000000000000000000, 0.000000000000000000 ) ) ;
#1545 = ORIENTED_EDGE ( 'NONE', *, *, #1587, .T. ) ;
#1546 = FACE_OUTER_BOUND ( 'NONE', #6289, .T. ) ;
#1547 = CARTESIAN_POINT ( 'NONE',  ( 11.00000000000000355, -56.22269074732326999, -5.500000000000000000 ) ) ;
#1548 = CYLINDRICAL_SURFACE ( 'NONE', #5117, 3.000000000000002665 ) ;
#1549 = AXIS2_PLACEMENT_3D ( 'NONE', #1844, #6800, #7444 ) ;
#1550 = ORIENTED_EDGE ( 'NONE', *, *, #7294, .T. ) ;
#1551 = EDGE_LOOP ( 'NONE', ( #2605, #6537, #1974, #2884, #5923, #1250, #4004 ) ) ;
#1552 = LINE ( 'NONE', #992, #5788 ) ;
#1553 = CARTESIAN_POINT ( 'NONE',  ( -9.099999999999997868, 5.849999999999910827, -6.350000000000000533 ) ) ;
#1554 = DIRECTION ( 'NONE',  ( -0.000000000000000000, -0.000000000000000000, -1.000000000000000000 ) ) ;
#1555 = CIRCLE ( 'NONE', #2997, 1.899999999999999023 ) ;
#1556 = CYLINDRICAL_SURFACE ( 'NONE', #4156, 1.899999999999999023 ) ;
#1557 = ADVANCED_FACE ( 'NONE', ( #7929 ), #7968, .F. ) ;
#1558 = CARTESIAN_POINT ( 'NONE',  ( -6.433350533826674322, 23.72277336810118342, -5.500000000000000000 ) ) ;
#1559 = EDGE_CURVE ( 'NONE', #6987, #3913, #6720, .T. ) ;
#1560 = APPLICATION_PROTOCOL_DEFINITION ( 'draft international standard', 'automotive_design', 1998, #3030 ) ;
#1561 = ORIENTED_EDGE ( 'NONE', *, *, #3345, .F. ) ;
#1562 = DIRECTION ( 'NONE',  ( 1.000000000000000000, 0.000000000000000000, 0.000000000000000000 ) ) ;
#1563 = CIRCLE ( 'NONE', #6762, 9.999999999999998224 ) ;
#1564 = VERTEX_POINT ( 'NONE', #3033 ) ;
#1565 = EDGE_LOOP ( 'NONE', ( #2132, #3563, #2920, #6376 ) ) ;
#1566 = CARTESIAN_POINT ( 'NONE',  ( 30.14487539711820929, 2.220446049250313081E-13, -5.000000000000000000 ) ) ;
#1567 = AXIS2_PLACEMENT_3D ( 'NONE', #7204, #5374, #509 ) ;
#1568 = CARTESIAN_POINT ( 'NONE',  ( 14.00000000000000000, -5.150000000000045652, -3.799999999999999822 ) ) ;
#1569 = AXIS2_PLACEMENT_3D ( 'NONE', #7533, #2055, #1364 ) ;
#1570 = EDGE_CURVE ( 'NONE', #653, #2688, #5402, .T. ) ;
#1571 = VERTEX_POINT ( 'NONE', #4324 ) ;
#1572 = DIRECTION ( 'NONE',  ( 0.000000000000000000, 0.000000000000000000, 1.000000000000000000 ) ) ;
#1573 = ORIENTED_EDGE ( 'NONE', *, *, #799, .T. ) ;
#1574 = ORIENTED_EDGE ( 'NONE', *, *, #7932, .F. ) ;
#1575 = CIRCLE ( 'NONE', #1325, 3.350000000000000089 ) ;
#1576 = ORIENTED_EDGE ( 'NONE', *, *, #2064, .T. ) ;
#1577 = CARTESIAN_POINT ( 'NONE',  ( 8.950000000000583711, 21.47716791996747077, -0.9999999999999991118 ) ) ;
#1578 = EDGE_CURVE ( 'NONE', #3913, #279, #3677, .T. ) ;
#1579 = FACE_OUTER_BOUND ( 'NONE', #3134, .T. ) ;
#1580 = EDGE_LOOP ( 'NONE', ( #1829, #4857 ) ) ;
#1581 = CARTESIAN_POINT ( 'NONE',  ( -22.25590207615680427, 24.24406644123207499, -1.000000000000000000 ) ) ;
#1582 = DIRECTION ( 'NONE',  ( -0.000000000000000000, -0.000000000000000000, -1.000000000000000000 ) ) ;
#1583 = CARTESIAN_POINT ( 'NONE',  ( 16.00000000000000000, 16.85000000000000142, -7.000000000000000000 ) ) ;
#1584 = ORIENTED_EDGE ( 'NONE', *, *, #2974, .F. ) ;
#1585 = EDGE_CURVE ( 'NONE', #6829, #4847, #3593, .T. ) ;
#1586 = CARTESIAN_POINT ( 'NONE',  ( 23.59487539711820858, 6.799999999999998046, -5.500000000000000000 ) ) ;
#1587 = EDGE_CURVE ( 'NONE', #2395, #5048, #7677, .T. ) ;
#1588 = DIRECTION ( 'NONE',  ( -0.000000000000000000, -0.000000000000000000, 1.000000000000000000 ) ) ;
#1589 = DIRECTION ( 'NONE',  ( 0.000000000000000000, 0.000000000000000000, 1.000000000000000000 ) ) ;
#1590 = ORIENTED_EDGE ( 'NONE', *, *, #2230, .F. ) ;
#1591 = CARTESIAN_POINT ( 'NONE',  ( 11.00000000000000000, 5.849999999999910827, -6.349999999999999645 ) ) ;
#1592 = CARTESIAN_POINT ( 'NONE',  ( -9.758431805000897796, -47.66591431104029652, -5.500000000000000000 ) ) ;
#1593 = CARTESIAN_POINT ( 'NONE',  ( -16.00000000000000355, -43.22269074732326999, 7.000000000000000000 ) ) ;
#1594 = DIRECTION ( 'NONE',  ( 0.000000000000000000, 0.000000000000000000, 1.000000000000000000 ) ) ;
#1595 = CARTESIAN_POINT ( 'NONE',  ( 22.25590207615663729, 24.24406644123207499, -4.000000000000000000 ) ) ;
#1596 = DIRECTION ( 'NONE',  ( 0.000000000000000000, 1.000000000000000000, 0.000000000000000000 ) ) ;
#1597 = CIRCLE ( 'NONE', #3066, 2.999999999999999112 ) ;
#1598 = EDGE_LOOP ( 'NONE', ( #4310, #2076, #4903, #2675 ) ) ;
#1599 = DIRECTION ( 'NONE',  ( -0.000000000000000000, -0.000000000000000000, 1.000000000000000000 ) ) ;
#1600 = EDGE_LOOP ( 'NONE', ( #621, #5572, #2299, #6232 ) ) ;
#1601 = ORIENTED_EDGE ( 'NONE', *, *, #2996, .F. ) ;
#1602 = LINE ( 'NONE', #4081, #2689 ) ;
#1603 = EDGE_CURVE ( 'NONE', #3960, #407, #105, .T. ) ;
#1604 = CIRCLE ( 'NONE', #1352, 4.000000000000000000 ) ;
#1605 = DIRECTION ( 'NONE',  ( -1.000000000000000000, 0.000000000000000000, 0.000000000000000000 ) ) ;
#1606 = ORIENTED_EDGE ( 'NONE', *, *, #1043, .T. ) ;
#1607 = CARTESIAN_POINT ( 'NONE',  ( 5.000000000000000888, 29.74406644123207144, -3.000000000000000000 ) ) ;
#1608 = CIRCLE ( 'NONE', #6415, 2.999999999999999112 ) ;
#1609 = ORIENTED_EDGE ( 'NONE', *, *, #7614, .F. ) ;
#1610 = ORIENTED_EDGE ( 'NONE', *, *, #1018, .F. ) ;
#1611 = CIRCLE ( 'NONE', #5383, 4.000000000000000000 ) ;
#1612 = ADVANCED_FACE ( 'NONE', ( #2735 ), #750, .F. ) ;
#1613 = VECTOR ( 'NONE', #6977, 1000.000000000000000 ) ;
#1614 = ORIENTED_EDGE ( 'NONE', *, *, #5246, .T. ) ;
#1615 = DIRECTION ( 'NONE',  ( -1.000000000000000000, 0.000000000000000000, 0.000000000000000000 ) ) ;
#1616 = VECTOR ( 'NONE', #1625, 1000.000000000000000 ) ;
#1617 = ORIENTED_EDGE ( 'NONE', *, *, #6284, .F. ) ;
#1618 = DIRECTION ( 'NONE',  ( 1.000000000000000000, 0.000000000000000000, 0.000000000000000000 ) ) ;
#1619 = CIRCLE ( 'NONE', #6177, 0.5000000000000004441 ) ;
#1620 = CARTESIAN_POINT ( 'NONE',  ( -16.99999999999999289, -59.22269074732326999, -1.000000000000000000 ) ) ;
#1621 = ORIENTED_EDGE ( 'NONE', *, *, #7664, .F. ) ;
#1622 = ADVANCED_FACE ( 'NONE', ( #3943 ), #2620, .F. ) ;
#1623 = DIRECTION ( 'NONE',  ( 4.692204187680386691E-16, 1.000000000000000000, -0.000000000000000000 ) ) ;
#1624 = DIRECTION ( 'NONE',  ( -0.000000000000000000, -0.000000000000000000, 1.000000000000000000 ) ) ;
#1625 = DIRECTION ( 'NONE',  ( -0.000000000000000000, -0.000000000000000000, 1.000000000000000000 ) ) ;
#1626 = VERTEX_POINT ( 'NONE', #7524 ) ;
#1627 = CIRCLE ( 'NONE', #2806, 5.500000000000000000 ) ;
#1628 = DIRECTION ( 'NONE',  ( 0.000000000000000000, 0.000000000000000000, 1.000000000000000000 ) ) ;
#1629 = DIRECTION ( 'NONE',  ( -0.000000000000000000, -0.000000000000000000, -1.000000000000000000 ) ) ;
#1630 = FACE_OUTER_BOUND ( 'NONE', #7249, .T. ) ;
#1631 = ORIENTED_EDGE ( 'NONE', *, *, #5111, .T. ) ;
#1632 = EDGE_CURVE ( 'NONE', #2317, #753, #1910, .T. ) ;
#1633 = EDGE_CURVE ( 'NONE', #6666, #535, #5206, .T. ) ;
#1634 = CARTESIAN_POINT ( 'NONE',  ( 31.25537671716912413, -6.455175196550624328, -1.000000000000000000 ) ) ;
#1635 = CARTESIAN_POINT ( 'NONE',  ( 8.847089727481716182E-14, 21.24406644123204302, 6.999999999999999112 ) ) ;
#1636 = CARTESIAN_POINT ( 'NONE',  ( 13.00000000000000178, -43.22269074732326999, 5.000000000000000000 ) ) ;
#1637 = AXIS2_PLACEMENT_3D ( 'NONE', #3765, #6209, #3804 ) ;
#1638 = VECTOR ( 'NONE', #602, 1000.000000000000000 ) ;
#1639 = CARTESIAN_POINT ( 'NONE',  ( -11.00000000000000000, 5.849999999999910827, -5.500000000000000000 ) ) ;
#1640 = CARTESIAN_POINT ( 'NONE',  ( -26.00000000000000355, 16.84999999999999787, -7.000000000000000000 ) ) ;
#1641 = AXIS2_PLACEMENT_3D ( 'NONE', #1911, #1302, #3926 ) ;
#1642 = ORIENTED_EDGE ( 'NONE', *, *, #6932, .F. ) ;
#1643 = FACE_OUTER_BOUND ( 'NONE', #5642, .T. ) ;
#1644 = ORIENTED_EDGE ( 'NONE', *, *, #1951, .T. ) ;
#1645 = EDGE_CURVE ( 'NONE', #2162, #4090, #4520, .T. ) ;
#1646 = ORIENTED_EDGE ( 'NONE', *, *, #5727, .T. ) ;
#1647 = AXIS2_PLACEMENT_3D ( 'NONE', #6365, #3322, #5797 ) ;
#1648 = DIRECTION ( 'NONE',  ( -1.000000000000000000, 0.000000000000000000, 0.000000000000000000 ) ) ;
#1649 = VECTOR ( 'NONE', #2817, 1000.000000000000000 ) ;
#1650 = CARTESIAN_POINT ( 'NONE',  ( 16.00000000000000000, 16.84999999999999787, -7.000000000000000000 ) ) ;
#1651 = CYLINDRICAL_SURFACE ( 'NONE', #6823, 1.900000000000000577 ) ;
#1652 = ORIENTED_EDGE ( 'NONE', *, *, #1098, .F. ) ;
#1653 = CARTESIAN_POINT ( 'NONE',  ( 14.00000000000000000, -5.150000000000045652, -2.499999999999999556 ) ) ;
#1654 = VECTOR ( 'NONE', #1017, 1000.000000000000000 ) ;
#1655 = ORIENTED_EDGE ( 'NONE', *, *, #2185, .T. ) ;
#1656 = EDGE_LOOP ( 'NONE', ( #5436, #167, #3685, #2443, #3485, #7644, #3439, #3503, #4701, #1192, #4447, #5522, #244, #1221, #6039, #698, #7038, #6460, #885 ) ) ;
#1657 = AXIS2_PLACEMENT_3D ( 'NONE', #1658, #2313, #4627 ) ;
#1658 = CARTESIAN_POINT ( 'NONE',  ( -30.14487539711820929, 0.000000000000000000, -7.000000000000000000 ) ) ;
#1659 = ADVANCED_FACE ( 'NONE', ( #5703 ), #7637, .T. ) ;
#1660 = ADVANCED_FACE ( 'NONE', ( #4482 ), #6957, .T. ) ;
#1661 = ORIENTED_EDGE ( 'NONE', *, *, #473, .F. ) ;
#1662 = DIRECTION ( 'NONE',  ( -0.000000000000000000, -0.000000000000000000, -1.000000000000000000 ) ) ;
#1663 = DIRECTION ( 'NONE',  ( 0.000000000000000000, 0.000000000000000000, -1.000000000000000000 ) ) ;
#1664 = EDGE_LOOP ( 'NONE', ( #2707, #3313, #1418, #1610 ) ) ;
#1665 = DIRECTION ( 'NONE',  ( -1.000000000000000000, -6.776263578034408105E-18, 0.000000000000000000 ) ) ;
#1666 = DIRECTION ( 'NONE',  ( -1.000000000000000000, -2.284071015352047985E-16, 0.000000000000000000 ) ) ;
#1667 = DIRECTION ( 'NONE',  ( 0.000000000000000000, -1.000000000000000000, 0.000000000000000000 ) ) ;
#1668 = ORIENTED_EDGE ( 'NONE', *, *, #4321, .F. ) ;
#1669 = DIRECTION ( 'NONE',  ( 1.000000000000000000, 1.734723475976807587E-16, 0.000000000000000000 ) ) ;
#1670 = DIRECTION ( 'NONE',  ( -1.000000000000000000, 0.000000000000000000, 0.000000000000000000 ) ) ;
#1671 = EDGE_CURVE ( 'NONE', #179, #3238, #1264, .T. ) ;
#1672 = CARTESIAN_POINT ( 'NONE',  ( -14.00000000000000000, -24.00000000000002132, -9.650000000000000355 ) ) ;
#1673 = ORIENTED_EDGE ( 'NONE', *, *, #3565, .F. ) ;
#1674 = CARTESIAN_POINT ( 'NONE',  ( 15.60000000000000142, -5.150000000000045652, -2.499999999999999556 ) ) ;
#1675 = CARTESIAN_POINT ( 'NONE',  ( -14.00000000000000000, -5.150000000000045652, -5.500000000000000000 ) ) ;
#1676 = LINE ( 'NONE', #2246, #4747 ) ;
#1677 = CARTESIAN_POINT ( 'NONE',  ( -16.00000000000000000, 16.85000000000000142, -7.000000000000000000 ) ) ;
#1678 = DIRECTION ( 'NONE',  ( -1.000000000000000000, 1.734723475976807341E-16, -0.000000000000000000 ) ) ;
#1679 = ADVANCED_FACE ( 'NONE', ( #5051 ), #6430, .F. ) ;
#1680 = EDGE_LOOP ( 'NONE', ( #7698, #3161, #3395, #2966 ) ) ;
#1681 = PLANE ( 'NONE',  #6814 ) ;
#1682 = ORIENTED_EDGE ( 'NONE', *, *, #2683, .T. ) ;
#1683 = EDGE_LOOP ( 'NONE', ( #2106, #1783, #1225, #3798 ) ) ;
#1684 = VECTOR ( 'NONE', #3794, 1000.000000000000000 ) ;
#1685 = CARTESIAN_POINT ( 'NONE',  ( -3.849999999999900169, 21.24406644123204302, 7.000000000000000000 ) ) ;
#1686 = CYLINDRICAL_SURFACE ( 'NONE', #4546, 5.499999999999998224 ) ;
#1687 = DIRECTION ( 'NONE',  ( -0.000000000000000000, -1.000000000000000000, -0.000000000000000000 ) ) ;
#1688 = DIRECTION ( 'NONE',  ( -0.000000000000000000, -0.000000000000000000, -1.000000000000000000 ) ) ;
#1689 = EDGE_CURVE ( 'NONE', #6572, #2628, #2045, .T. ) ;
#1690 = EDGE_CURVE ( 'NONE', #4338, #3219, #2226, .T. ) ;
#1691 = AXIS2_PLACEMENT_3D ( 'NONE', #3579, #7953, #6748 ) ;
#1692 = EDGE_LOOP ( 'NONE', ( #3589, #7642, #85, #2345 ) ) ;
#1693 = ORIENTED_EDGE ( 'NONE', *, *, #396, .F. ) ;
#1694 = VERTEX_POINT ( 'NONE', #3795 ) ;
#1695 = CARTESIAN_POINT ( 'NONE',  ( -13.00000000000000355, -50.45110689472375043, -1.000000000000000000 ) ) ;
#1696 = ORIENTED_EDGE ( 'NONE', *, *, #129, .F. ) ;
#1697 = AXIS2_PLACEMENT_3D ( 'NONE', #7688, #190, #3919 ) ;
#1698 = CIRCLE ( 'NONE', #4035, 8.000000000000000000 ) ;
#1699 = ORIENTED_EDGE ( 'NONE', *, *, #879, .F. ) ;
#1700 = CARTESIAN_POINT ( 'NONE',  ( 12.09800759387858804, -48.77946718360626477, -5.500000000000000000 ) ) ;
#1701 = ORIENTED_EDGE ( 'NONE', *, *, #758, .T. ) ;
#1702 = AXIS2_PLACEMENT_3D ( 'NONE', #3364, #7573, #6400 ) ;
#1703 = ORIENTED_EDGE ( 'NONE', *, *, #4522, .T. ) ;
#1704 = CARTESIAN_POINT ( 'NONE',  ( 13.00000000000000178, -43.22269074732326999, 7.000000000000000000 ) ) ;
#1705 = ORIENTED_EDGE ( 'NONE', *, *, #3312, .T. ) ;
#1706 = CARTESIAN_POINT ( 'NONE',  ( 15.60000000000000142, -5.150000000000045652, -2.499999999999999556 ) ) ;
#1707 = CARTESIAN_POINT ( 'NONE',  ( 22.25590207615663729, 24.24406644123207499, -4.000000000000000000 ) ) ;
#1708 = CARTESIAN_POINT ( 'NONE',  ( 2.000000000000000888, 29.74406644123207144, -7.000000000000000000 ) ) ;
#1709 = EDGE_CURVE ( 'NONE', #1133, #7301, #3156, .T. ) ;
#1710 = AXIS2_PLACEMENT_3D ( 'NONE', #4230, #4968, #4355 ) ;
#1711 = VERTEX_POINT ( 'NONE', #3305 ) ;
#1712 = DIRECTION ( 'NONE',  ( -1.000000000000000000, 0.000000000000000000, 0.000000000000000000 ) ) ;
#1713 = LINE ( 'NONE', #4803, #2703 ) ;
#1714 = ORIENTED_EDGE ( 'NONE', *, *, #866, .F. ) ;
#1715 = CARTESIAN_POINT ( 'NONE',  ( 5.000000000000000888, 29.74406644123207144, -3.000000000000000000 ) ) ;
#1716 = EDGE_LOOP ( 'NONE', ( #3810, #4030 ) ) ;
#1717 = DIRECTION ( 'NONE',  ( -0.000000000000000000, -0.000000000000000000, 1.000000000000000000 ) ) ;
#1718 = DIRECTION ( 'NONE',  ( -1.000000000000000000, 0.000000000000000000, 0.000000000000000000 ) ) ;
#1719 = FACE_OUTER_BOUND ( 'NONE', #7626, .T. ) ;
#1720 = ADVANCED_FACE ( 'NONE', ( #7072 ), #6275, .F. ) ;
#1721 = CARTESIAN_POINT ( 'NONE',  ( 14.00000000000000000, -24.00000000000002132, -9.650000000000000355 ) ) ;
#1722 = LINE ( 'NONE', #7286, #538 ) ;
#1723 = ORIENTED_EDGE ( 'NONE', *, *, #1200, .T. ) ;
#1724 = DIRECTION ( 'NONE',  ( -0.000000000000000000, -0.000000000000000000, 1.000000000000000000 ) ) ;
#1725 = ORIENTED_EDGE ( 'NONE', *, *, #6186, .F. ) ;
#1726 = ORIENTED_EDGE ( 'NONE', *, *, #3432, .T. ) ;
#1727 = CARTESIAN_POINT ( 'NONE',  ( 8.950000000000583711, 21.47716791996747077, 7.000000000000000888 ) ) ;
#1728 = DIRECTION ( 'NONE',  ( -1.000000000000000000, 0.000000000000000000, 0.000000000000000000 ) ) ;
#1729 = EDGE_CURVE ( 'NONE', #7776, #3982, #5665, .T. ) ;
#1730 = CYLINDRICAL_SURFACE ( 'NONE', #6671, 1.900000000000000577 ) ;
#1731 = DIRECTION ( 'NONE',  ( -6.071532165918996013E-15, -1.000000000000000000, 0.000000000000000000 ) ) ;
#1732 = DIRECTION ( 'NONE',  ( -1.000000000000000000, 0.000000000000000000, 0.000000000000000000 ) ) ;
#1733 = ORIENTED_EDGE ( 'NONE', *, *, #6670, .T. ) ;
#1734 = DIRECTION ( 'NONE',  ( 0.000000000000000000, 0.000000000000000000, 1.000000000000000000 ) ) ;
#1735 = ORIENTED_EDGE ( 'NONE', *, *, #7873, .T. ) ;
#1736 = EDGE_CURVE ( 'NONE', #1326, #6666, #3263, .T. ) ;
#1737 = ADVANCED_FACE ( 'NONE', ( #7518 ), #135, .F. ) ;
#1738 = ORIENTED_EDGE ( 'NONE', *, *, #5869, .F. ) ;
#1739 = CARTESIAN_POINT ( 'NONE',  ( -30.14487539711820929, 0.000000000000000000, -5.000000000000000000 ) ) ;
#1740 = VECTOR ( 'NONE', #7984, 1000.000000000000000 ) ;
#1741 = ORIENTED_EDGE ( 'NONE', *, *, #5454, .T. ) ;
#1742 = ORIENTED_EDGE ( 'NONE', *, *, #1633, .T. ) ;
#1743 = DIRECTION ( 'NONE',  ( -0.000000000000000000, 0.000000000000000000, -1.000000000000000000 ) ) ;
#1744 = VECTOR ( 'NONE', #3245, 1000.000000000000000 ) ;
#1745 = VECTOR ( 'NONE', #1121, 1000.000000000000000 ) ;
#1746 = DIRECTION ( 'NONE',  ( 1.000000000000000000, 0.000000000000000000, -0.000000000000000000 ) ) ;
#1747 = DIRECTION ( 'NONE',  ( -0.000000000000000000, -0.000000000000000000, -1.000000000000000000 ) ) ;
#1748 = CARTESIAN_POINT ( 'NONE',  ( -13.00000000000000355, -48.72269074732326288, -5.500000000000000000 ) ) ;
#1749 = VECTOR ( 'NONE', #6691, 1000.000000000000000 ) ;
#1750 = AXIS2_PLACEMENT_3D ( 'NONE', #2075, #2650, #2696 ) ;
#1751 = ORIENTED_EDGE ( 'NONE', *, *, #7317, .F. ) ;
#1752 = CARTESIAN_POINT ( 'NONE',  ( -30.14487539711820929, 0.000000000000000000, 7.000000000000000000 ) ) ;
#1753 = DIRECTION ( 'NONE',  ( -0.000000000000000000, -0.000000000000000000, -1.000000000000000000 ) ) ;
#1754 = FACE_OUTER_BOUND ( 'NONE', #4660, .T. ) ;
#1755 = AXIS2_PLACEMENT_3D ( 'NONE', #4796, #4837, #531 ) ;
#1756 = LINE ( 'NONE', #1878, #2921 ) ;
#1757 = EDGE_CURVE ( 'NONE', #5376, #7756, #2001, .T. ) ;
#1758 = VERTEX_POINT ( 'NONE', #2615 ) ;
#1759 = CARTESIAN_POINT ( 'NONE',  ( 14.99999999999999467, -59.22269074732326999, -1.000000000000000000 ) ) ;
#1760 = CARTESIAN_POINT ( 'NONE',  ( 8.000000000000000000, 23.34999999999998010, 7.000000000000000888 ) ) ;
#1761 = DIRECTION ( 'NONE',  ( -1.000000000000000000, 0.000000000000000000, 0.000000000000000000 ) ) ;
#1762 = DIRECTION ( 'NONE',  ( 1.000000000000000000, 0.000000000000000000, 0.000000000000000000 ) ) ;
#1763 = CARTESIAN_POINT ( 'NONE',  ( 13.00000000000000178, -35.99427459992278244, 6.999999999999999112 ) ) ;
#1764 = CIRCLE ( 'NONE', #3964, 3.000000000000000888 ) ;
#1765 = ADVANCED_FACE ( 'NONE', ( #3863 ), #1350, .F. ) ;
#1766 = ADVANCED_FACE ( 'NONE', ( #6307 ), #5083, .F. ) ;
#1767 = VERTEX_POINT ( 'NONE', #2239 ) ;
#1768 = DIRECTION ( 'NONE',  ( 0.6427876096865349220, -0.7660444431189816772, 0.000000000000000000 ) ) ;
#1769 = ORIENTED_EDGE ( 'NONE', *, *, #2375, .F. ) ;
#1770 = ORIENTED_EDGE ( 'NONE', *, *, #346, .F. ) ;
#1771 = VECTOR ( 'NONE', #6226, 1000.000000000000000 ) ;
#1772 = CARTESIAN_POINT ( 'NONE',  ( -37.80531982830802207, -6.427876096865348998, -1.000000000000000000 ) ) ;
#1773 = LINE ( 'NONE', #1214, #910 ) ;
#1774 = CARTESIAN_POINT ( 'NONE',  ( -21.59487539711820503, 8.799999999999997158, -1.000000000000000000 ) ) ;
#1775 = AXIS2_PLACEMENT_3D ( 'NONE', #328, #3463, #7875 ) ;
#1776 = CARTESIAN_POINT ( 'NONE',  ( -23.63822295986635424, 8.444066441232072506, -4.000000000000000000 ) ) ;
#1777 = FACE_OUTER_BOUND ( 'NONE', #3538, .T. ) ;
#1778 = EDGE_LOOP ( 'NONE', ( #4791, #4219 ) ) ;
#1779 = DIRECTION ( 'NONE',  ( 4.692204187680386691E-16, -1.000000000000000000, 0.000000000000000000 ) ) ;
#1780 = EDGE_CURVE ( 'NONE', #5482, #5173, #2497, .T. ) ;
#1781 = ORIENTED_EDGE ( 'NONE', *, *, #1921, .F. ) ;
#1782 = DIRECTION ( 'NONE',  ( 0.000000000000000000, 0.000000000000000000, -1.000000000000000000 ) ) ;
#1783 = ORIENTED_EDGE ( 'NONE', *, *, #3531, .F. ) ;
#1784 = VECTOR ( 'NONE', #3217, 1000.000000000000000 ) ;
#1785 = ORIENTED_EDGE ( 'NONE', *, *, #2804, .T. ) ;
#1786 = LINE ( 'NONE', #6826, #2821 ) ;
#1787 = VECTOR ( 'NONE', #6471, 1000.000000000000000 ) ;
#1788 = EDGE_CURVE ( 'NONE', #424, #3142, #412, .T. ) ;
#1789 = ORIENTED_EDGE ( 'NONE', *, *, #2325, .F. ) ;
#1790 = ORIENTED_EDGE ( 'NONE', *, *, #756, .T. ) ;
#1791 = CARTESIAN_POINT ( 'NONE',  ( -27.29659163829112956, -8.061623882891206350, -5.500000000000000000 ) ) ;
#1792 = CIRCLE ( 'NONE', #1657, 4.000000000000000000 ) ;
#1793 = CARTESIAN_POINT ( 'NONE',  ( -16.00000000000000355, -43.22269074732326999, 5.000000000000000000 ) ) ;
#1794 = CARTESIAN_POINT ( 'NONE',  ( 3.850000000000089795, 19.24406644123204302, 7.000000000000000000 ) ) ;
#1795 = ORIENTED_EDGE ( 'NONE', *, *, #6656, .T. ) ;
#1796 = CYLINDRICAL_SURFACE ( 'NONE', #6805, 9.999999999999998224 ) ;
#1797 = CARTESIAN_POINT ( 'NONE',  ( -8.000000000000000000, 23.34999999999998010, 7.000000000000000888 ) ) ;
#1798 = DIRECTION ( 'NONE',  ( 0.000000000000000000, 0.000000000000000000, 1.000000000000000000 ) ) ;
#1799 = EDGE_CURVE ( 'NONE', #5921, #5865, #4170, .T. ) ;
#1800 = EDGE_CURVE ( 'NONE', #1438, #7134, #3987, .T. ) ;
#1801 = VERTEX_POINT ( 'NONE', #5363 ) ;
#1802 = CARTESIAN_POINT ( 'NONE',  ( -11.76117979121741364, -48.58657113160057861, -2.440605567474638082 ) ) ;
#1803 = ORIENTED_EDGE ( 'NONE', *, *, #6986, .T. ) ;
#1804 = CARTESIAN_POINT ( 'NONE',  ( -13.00000000000000178, -35.99427459992278244, -5.500000000000000000 ) ) ;
#1805 = CARTESIAN_POINT ( 'NONE',  ( 4.423300396521608668, -47.66591431104029652, -5.500000000000000000 ) ) ;
#1806 = DIRECTION ( 'NONE',  ( 0.000000000000000000, 0.000000000000000000, 1.000000000000000000 ) ) ;
#1807 = PLANE ( 'NONE',  #5560 ) ;
#1808 = CARTESIAN_POINT ( 'NONE',  ( 17.00000000000000000, -48.22269074732328420, -3.999999999999998224 ) ) ;
#1809 = VERTEX_POINT ( 'NONE', #7753 ) ;
#1810 = DIRECTION ( 'NONE',  ( -1.000000000000000000, 0.000000000000000000, 0.000000000000000000 ) ) ;
#1811 = ORIENTED_EDGE ( 'NONE', *, *, #6010, .T. ) ;
#1812 = ORIENTED_EDGE ( 'NONE', *, *, #2445, .F. ) ;
#1813 = DIRECTION ( 'NONE',  ( 0.6427876096865351441, -0.7660444431189815662, 0.000000000000000000 ) ) ;
#1814 = CARTESIAN_POINT ( 'NONE',  ( 5.000000000000000888, 29.74406644123207144, 7.000000000000000000 ) ) ;
#1815 = CARTESIAN_POINT ( 'NONE',  ( -35.19487539711821000, 6.184466335694137012E-16, -5.000000000000000000 ) ) ;
#1816 = EDGE_CURVE ( 'NONE', #3407, #6534, #2195, .T. ) ;
#1817 = CYLINDRICAL_SURFACE ( 'NONE', #314, 4.000000000000000000 ) ;
#1818 = FACE_OUTER_BOUND ( 'NONE', #7272, .T. ) ;
#1819 = FACE_OUTER_BOUND ( 'NONE', #2066, .T. ) ;
#1820 = EDGE_LOOP ( 'NONE', ( #4741, #7279 ) ) ;
#1821 = CARTESIAN_POINT ( 'NONE',  ( -9.449999999999359801, 19.24406644123204302, 6.999999999999999112 ) ) ;
#1822 = VECTOR ( 'NONE', #2654, 1000.000000000000000 ) ;
#1823 = ORIENTED_EDGE ( 'NONE', *, *, #940, .F. ) ;
#1824 = EDGE_CURVE ( 'NONE', #392, #4051, #7287, .T. ) ;
#1825 = EDGE_LOOP ( 'NONE', ( #2548, #958, #3188, #4638 ) ) ;
#1826 = AXIS2_PLACEMENT_3D ( 'NONE', #515, #1084, #5510 ) ;
#1827 = DIRECTION ( 'NONE',  ( -0.000000000000000000, -0.000000000000000000, -1.000000000000000000 ) ) ;
#1828 = EDGE_LOOP ( 'NONE', ( #6709, #2991, #3284, #1661 ) ) ;
#1829 = ORIENTED_EDGE ( 'NONE', *, *, #2518, .F. ) ;
#1830 = CARTESIAN_POINT ( 'NONE',  ( 8.000000000000000000, 23.34999999999998010, -4.000000000000000000 ) ) ;
#1831 = VECTOR ( 'NONE', #43, 1000.000000000000000 ) ;
#1832 = CARTESIAN_POINT ( 'NONE',  ( -2.189711252603710132E-14, -21.00000000000001776, 7.000000000000000000 ) ) ;
#1833 = DIRECTION ( 'NONE',  ( 0.000000000000000000, 0.000000000000000000, 1.000000000000000000 ) ) ;
#1834 = EDGE_CURVE ( 'NONE', #2317, #4478, #4103, .T. ) ;
#1835 = EDGE_LOOP ( 'NONE', ( #699, #7541, #7129, #5895 ) ) ;
#1836 = DIRECTION ( 'NONE',  ( -0.000000000000000000, -0.000000000000000000, -1.000000000000000000 ) ) ;
#1837 = CARTESIAN_POINT ( 'NONE',  ( -23.59487539711820858, 0.000000000000000000, -5.500000000000000000 ) ) ;
#1838 = AXIS2_PLACEMENT_3D ( 'NONE', #7411, #4326, #2460 ) ;
#1839 = CARTESIAN_POINT ( 'NONE',  ( -8.682891930103208367, -46.63046781427280507, -3.818956266623703133 ) ) ;
#1840 = DIRECTION ( 'NONE',  ( -0.7071067811865529018, 2.700247089901033631E-16, 0.7071067811865421326 ) ) ;
#1841 = ORIENTED_EDGE ( 'NONE', *, *, #7003, .F. ) ;
#1842 = AXIS2_PLACEMENT_3D ( 'NONE', #6837, #5580, #3670 ) ;
#1843 = LINE ( 'NONE', #4322, #4228 ) ;
#1844 = CARTESIAN_POINT ( 'NONE',  ( -11.00000000000000000, 5.849999999999910827, -6.349999999999999645 ) ) ;
#1845 = DIRECTION ( 'NONE',  ( -0.000000000000000000, -0.000000000000000000, -1.000000000000000000 ) ) ;
#1846 = EDGE_CURVE ( 'NONE', #5077, #2224, #4676, .T. ) ;
#1847 = EDGE_CURVE ( 'NONE', #7448, #487, #6592, .T. ) ;
#1848 = CYLINDRICAL_SURFACE ( 'NONE', #4511, 1.900000000000000577 ) ;
#1849 = DIRECTION ( 'NONE',  ( 0.000000000000000000, 0.000000000000000000, 1.000000000000000000 ) ) ;
#1850 = VERTEX_POINT ( 'NONE', #1586 ) ;
#1851 = DIRECTION ( 'NONE',  ( -0.000000000000000000, 0.000000000000000000, -1.000000000000000000 ) ) ;
#1852 = EDGE_LOOP ( 'NONE', ( #3969, #1742, #3855, #4050, #1057, #2544, #2723, #387, #7527, #7506, #5480, #6690, #7412, #3441 ) ) ;
#1853 = ORIENTED_EDGE ( 'NONE', *, *, #2850, .T. ) ;
#1854 = DIRECTION ( 'NONE',  ( 0.000000000000000000, 0.000000000000000000, -1.000000000000000000 ) ) ;
#1855 = DIRECTION ( 'NONE',  ( -1.000000000000000000, 0.000000000000000000, 0.000000000000000000 ) ) ;
#1856 = DIRECTION ( 'NONE',  ( -1.000000000000000000, 0.000000000000000000, 0.000000000000000000 ) ) ;
#1857 = DIRECTION ( 'NONE',  ( 0.000000000000000000, 0.000000000000000000, -1.000000000000000000 ) ) ;
#1858 = DIRECTION ( 'NONE',  ( 1.000000000000000000, 0.000000000000000000, 0.000000000000000000 ) ) ;
#1859 = CARTESIAN_POINT ( 'NONE',  ( -25.49999999999994671, 7.850000000000004974, -9.650000000000000355 ) ) ;
#1860 = EDGE_LOOP ( 'NONE', ( #5131, #3925, #727, #4702 ) ) ;
#1861 = DIRECTION ( 'NONE',  ( 0.000000000000000000, 0.000000000000000000, 1.000000000000000000 ) ) ;
#1862 = EDGE_CURVE ( 'NONE', #5728, #1758, #4063, .T. ) ;
#1863 = EDGE_LOOP ( 'NONE', ( #656, #1954, #376, #1642 ) ) ;
#1864 = CARTESIAN_POINT ( 'NONE',  ( 12.68399608865864714, -49.36518681910681750, -5.133168020803133835 ) ) ;
#1865 = VERTEX_POINT ( 'NONE', #5324 ) ;
#1866 = AXIS2_PLACEMENT_3D ( 'NONE', #278, #7625, #7661 ) ;
#1867 = EDGE_CURVE ( 'NONE', #194, #2643, #4435, .T. ) ;
#1868 = VERTEX_POINT ( 'NONE', #1027 ) ;
#1869 = LINE ( 'NONE', #2972, #2017 ) ;
#1870 = FACE_OUTER_BOUND ( 'NONE', #6357, .T. ) ;
#1871 = DIRECTION ( 'NONE',  ( 0.000000000000000000, 1.000000000000000000, 0.000000000000000000 ) ) ;
#1872 = AXIS2_PLACEMENT_3D ( 'NONE', #6100, #3149, #1275 ) ;
#1873 = ORIENTED_EDGE ( 'NONE', *, *, #1862, .T. ) ;
#1874 = CARTESIAN_POINT ( 'NONE',  ( -13.00000000000000178, -43.22269074732326999, -5.500000000000000000 ) ) ;
#1875 = DIRECTION ( 'NONE',  ( 0.000000000000000000, 0.000000000000000000, 1.000000000000000000 ) ) ;
#1876 = DIRECTION ( 'NONE',  ( 1.000000000000000000, 0.000000000000000000, 0.000000000000000000 ) ) ;
#1877 = ORIENTED_EDGE ( 'NONE', *, *, #6611, .F. ) ;
#1878 = CARTESIAN_POINT ( 'NONE',  ( 25.49999999999999645, -0.1499999999999973854, -9.650000000000000355 ) ) ;
#1879 = AXIS2_PLACEMENT_3D ( 'NONE', #3366, #3403, #5952 ) ;
#1880 = ADVANCED_FACE ( 'NONE', ( #332, #3467 ), #5860, .T. ) ;
#1881 = AXIS2_PLACEMENT_3D ( 'NONE', #6682, #6605, #5466 ) ;
#1882 = EDGE_LOOP ( 'NONE', ( #4500, #7618, #5039, #7288, #7059, #1733, #5671, #2642, #4959, #601 ) ) ;
#1883 = AXIS2_PLACEMENT_3D ( 'NONE', #1069, #4641, #3470 ) ;
#1884 = DIRECTION ( 'NONE',  ( -1.000000000000000000, 0.000000000000000000, 0.000000000000000000 ) ) ;
#1885 = DIRECTION ( 'NONE',  ( -1.000000000000000000, 0.000000000000000000, 0.000000000000000000 ) ) ;
#1886 = CARTESIAN_POINT ( 'NONE',  ( 28.82868052452910135, -9.347199102264150739, -1.000000000000000000 ) ) ;
#1887 = VECTOR ( 'NONE', #180, 1000.000000000000000 ) ;
#1888 = DIRECTION ( 'NONE',  ( -1.000000000000000000, 0.000000000000000000, 0.000000000000000000 ) ) ;
#1889 = AXIS2_PLACEMENT_3D ( 'NONE', #3419, #3381, #1500 ) ;
#1890 = AXIS2_PLACEMENT_3D ( 'NONE', #28, #1318, #1242 ) ;
#1891 = ADVANCED_FACE ( 'NONE', ( #3504, #1546 ), #2119, .F. ) ;
#1892 = ORIENTED_EDGE ( 'NONE', *, *, #483, .T. ) ;
#1893 = PLANE ( 'NONE',  #4867 ) ;
#1894 = ORIENTED_EDGE ( 'NONE', *, *, #259, .F. ) ;
#1895 = ORIENTED_EDGE ( 'NONE', *, *, #5818, .F. ) ;
#1896 = DIRECTION ( 'NONE',  ( -0.000000000000000000, -0.000000000000000000, -1.000000000000000000 ) ) ;
#1897 = CARTESIAN_POINT ( 'NONE',  ( 0.000000000000000000, -41.00000000000000000, -5.500000000000000000 ) ) ;
#1898 = CARTESIAN_POINT ( 'NONE',  ( -13.79999999999999893, -49.82269074732327852, -3.999999999999998224 ) ) ;
#1899 = CIRCLE ( 'NONE', #7469, 4.000000000000000000 ) ;
#1900 = FACE_BOUND ( 'NONE', #4157, .T. ) ;
#1901 = DIRECTION ( 'NONE',  ( 0.000000000000000000, 0.000000000000000000, 1.000000000000000000 ) ) ;
#1902 = DIRECTION ( 'NONE',  ( 0.000000000000000000, 0.000000000000000000, 1.000000000000000000 ) ) ;
#1903 = LINE ( 'NONE', #2472, #6942 ) ;
#1904 = ADVANCED_FACE ( 'NONE', ( #7074 ), #373, .F. ) ;
#1905 = ORIENTED_EDGE ( 'NONE', *, *, #2364, .T. ) ;
#1907 = CIRCLE ( 'NONE', #2687, 1.599999999999997202 ) ;
#1906 = CARTESIAN_POINT ( 'NONE',  ( -7.949999999999998401, 16.85000000000000142, -5.500000000000000000 ) ) ;
#1908 = ORIENTED_EDGE ( 'NONE', *, *, #7028, .T. ) ;
#1909 = AXIS2_PLACEMENT_3D ( 'NONE', #6757, #1202, #1884 ) ;
#1910 = CIRCLE ( 'NONE', #3726, 3.000000000000000000 ) ;
#1911 = CARTESIAN_POINT ( 'NONE',  ( -30.14487539711820929, 0.000000000000000000, -1.000000000000000000 ) ) ;
#1912 = CIRCLE ( 'NONE', #6451, 1.900000000000000577 ) ;
#1913 = ORIENTED_EDGE ( 'NONE', *, *, #4705, .F. ) ;
#1914 = VECTOR ( 'NONE', #198, 1000.000000000000000 ) ;
#1915 = ORIENTED_EDGE ( 'NONE', *, *, #5141, .F. ) ;
#1916 = LINE ( 'NONE', #5521, #2797 ) ;
#1917 = VECTOR ( 'NONE', #7646, 1000.000000000000000 ) ;
#1918 = CYLINDRICAL_SURFACE ( 'NONE', #5318, 4.000000000000000000 ) ;
#1919 = CARTESIAN_POINT ( 'NONE',  ( -8.000000000000222045, 32.38981775229666482, -4.000000000000000000 ) ) ;
#1920 = ORIENTED_EDGE ( 'NONE', *, *, #2077, .T. ) ;
#1921 = EDGE_CURVE ( 'NONE', #3815, #975, #4040, .T. ) ;
#1922 = CARTESIAN_POINT ( 'NONE',  ( -8.000000000000000000, 23.34999999999998010, -0.9999999999999991118 ) ) ;
#1923 = EDGE_CURVE ( 'NONE', #975, #5904, #2773, .T. ) ;
#1924 = CARTESIAN_POINT ( 'NONE',  ( -8.000000000000261124, 37.74406644123207144, -1.000000000000000000 ) ) ;
#1925 = CARTESIAN_POINT ( 'NONE',  ( -25.49999999999994671, 7.850000000000004974, -9.650000000000000355 ) ) ;
#1926 = DIRECTION ( 'NONE',  ( -1.000000000000000000, 0.000000000000000000, 0.000000000000000000 ) ) ;
#1927 = AXIS2_PLACEMENT_3D ( 'NONE', #413, #3070, #2981 ) ;
#1928 = ORIENTED_EDGE ( 'NONE', *, *, #2524, .F. ) ;
#1929 = CARTESIAN_POINT ( 'NONE',  ( 15.99999999999988987, 16.85000000000000142, -5.500000000000000000 ) ) ;
#1930 = DIRECTION ( 'NONE',  ( 1.000000000000000000, 0.000000000000000000, 0.000000000000000000 ) ) ;
#1931 = DIRECTION ( 'NONE',  ( 0.000000000000000000, 0.000000000000000000, -1.000000000000000000 ) ) ;
#1932 = EDGE_CURVE ( 'NONE', #7348, #2200, #7026, .T. ) ;
#1933 = DIRECTION ( 'NONE',  ( -1.000000000000000000, 0.000000000000000000, 0.000000000000000000 ) ) ;
#1934 = ORIENTED_EDGE ( 'NONE', *, *, #6510, .T. ) ;
#1935 = DIRECTION ( 'NONE',  ( -0.000000000000000000, -0.000000000000000000, 1.000000000000000000 ) ) ;
#1936 = VERTEX_POINT ( 'NONE', #6061 ) ;
#1937 = VERTEX_POINT ( 'NONE', #4802 ) ;
#1938 = CARTESIAN_POINT ( 'NONE',  ( 5.000000000000000888, 29.74406644123207144, -1.000000000000000000 ) ) ;
#1939 = CARTESIAN_POINT ( 'NONE',  ( -30.14487539711820929, 0.000000000000000000, 7.000000000000000000 ) ) ;
#1940 = LINE ( 'NONE', #6248, #6960 ) ;
#1941 = EDGE_CURVE ( 'NONE', #5746, #4001, #5337, .T. ) ;
#1942 = DIRECTION ( 'NONE',  ( -0.000000000000000000, 0.000000000000000000, -1.000000000000000000 ) ) ;
#1943 = LINE ( 'NONE', #7537, #1831 ) ;
#1944 = CARTESIAN_POINT ( 'NONE',  ( -8.000000000000188294, 27.09831513016747806, -4.000000000000000000 ) ) ;
#1945 = CARTESIAN_POINT ( 'NONE',  ( -12.40000000000000036, -5.150000000000045652, -2.499999999999999556 ) ) ;
#1946 = ORIENTED_EDGE ( 'NONE', *, *, #3942, .T. ) ;
#1947 = DIRECTION ( 'NONE',  ( 0.000000000000000000, 0.000000000000000000, 1.000000000000000000 ) ) ;
#1948 = VERTEX_POINT ( 'NONE', #3750 ) ;
#1949 = B_SPLINE_CURVE_WITH_KNOTS ( 'NONE', 3,
 ( #1023, #1063, #7828, #7791, #5406, #2276, #2405, #2852, #1189, #3019, #5489, #4180 ),
 .UNSPECIFIED., .F., .F.,
 ( 4, 2, 2, 2, 2, 4 ),
 ( 0.000000000000000000, 0.0005459630448295909981, 0.0008189445672443864972, 0.001091926089659181996, 0.001637889134488760851, 0.002183852179318339706 ),
 .UNSPECIFIED. ) ;
#1950 = EDGE_CURVE ( 'NONE', #7707, #518, #544, .T. ) ;
#1951 = EDGE_CURVE ( 'NONE', #4432, #2916, #1194, .T. ) ;
#1952 = PLANE ( 'NONE',  #7864 ) ;
#1953 = CIRCLE ( 'NONE', #1549, 1.600000000000002531 ) ;
#1954 = ORIENTED_EDGE ( 'NONE', *, *, #1862, .F. ) ;
#1955 = EDGE_LOOP ( 'NONE', ( #1232, #6735, #7597, #7965, #3762, #4167, #2151, #2978 ) ) ;
#1956 = AXIS2_PLACEMENT_3D ( 'NONE', #6141, #4137, #2360 ) ;
#1957 = ORIENTED_EDGE ( 'NONE', *, *, #7071, .F. ) ;
#1958 = DIRECTION ( 'NONE',  ( -0.000000000000000000, -0.000000000000000000, 1.000000000000000000 ) ) ;
#1959 = CARTESIAN_POINT ( 'NONE',  ( -8.000000000000222045, 32.38981775229666482, -1.000000000000000000 ) ) ;
#1960 = CARTESIAN_POINT ( 'NONE',  ( 25.49999999999999645, 7.850000000000004974, -9.650000000000000355 ) ) ;
#1961 = DIRECTION ( 'NONE',  ( 0.000000000000000000, 1.000000000000000000, 0.000000000000000000 ) ) ;
#1962 = VECTOR ( 'NONE', #1731, 1000.000000000000000 ) ;
#1963 = AXIS2_PLACEMENT_3D ( 'NONE', #6163, #5382, #3643 ) ;
#1964 = DIRECTION ( 'NONE',  ( -0.000000000000000000, -0.000000000000000000, 1.000000000000000000 ) ) ;
#1965 = ORIENTED_EDGE ( 'NONE', *, *, #952, .F. ) ;
#1966 = EDGE_CURVE ( 'NONE', #871, #4651, #1575, .T. ) ;
#1967 = DIRECTION ( 'NONE',  ( 1.000000000000000000, 0.000000000000000000, 0.000000000000000000 ) ) ;
#1968 = DIRECTION ( 'NONE',  ( -1.000000000000000000, -1.734723475976807341E-16, -0.000000000000000000 ) ) ;
#1969 = CARTESIAN_POINT ( 'NONE',  ( 7.000000000000001776, 29.74406644123207144, 7.000000000000000000 ) ) ;
#1970 = AXIS2_PLACEMENT_3D ( 'NONE', #4152, #5910, #3553 ) ;
#1971 = AXIS2_PLACEMENT_3D ( 'NONE', #155, #2510, #4454 ) ;
#1972 = CARTESIAN_POINT ( 'NONE',  ( -26.00000000000000355, 21.25010530891830030, 7.000000000000000000 ) ) ;
#1973 = VERTEX_POINT ( 'NONE', #4183 ) ;
#1974 = ORIENTED_EDGE ( 'NONE', *, *, #6261, .T. ) ;
#1975 = LINE ( 'NONE', #5670, #4997 ) ;
#1976 = AXIS2_PLACEMENT_3D ( 'NONE', #942, #4597, #5941 ) ;
#1977 = VERTEX_POINT ( 'NONE', #7313 ) ;
#1978 = EDGE_CURVE ( 'NONE', #5021, #6685, #6794, .T. ) ;
#1979 = ORIENTED_EDGE ( 'NONE', *, *, #4900, .T. ) ;
#1980 = LINE ( 'NONE', #2665, #231 ) ;
#1981 = DIRECTION ( 'NONE',  ( 1.000000000000000000, 0.000000000000000000, -0.000000000000000000 ) ) ;
#1982 = CARTESIAN_POINT ( 'NONE',  ( 9.204649447861873668, -47.20711648343369404, -5.244310380775767833 ) ) ;
#1983 = VECTOR ( 'NONE', #1423, 1000.000000000000000 ) ;
#1984 = CARTESIAN_POINT ( 'NONE',  ( -14.00000000000000000, -5.150000000000045652, -2.499999999999999556 ) ) ;
#1985 = CYLINDRICAL_SURFACE ( 'NONE', #398, 1.599999999999999867 ) ;
#1986 = DIRECTION ( 'NONE',  ( -0.000000000000000000, -0.000000000000000000, -1.000000000000000000 ) ) ;
#1987 = ORIENTED_EDGE ( 'NONE', *, *, #6980, .F. ) ;
#1988 = CARTESIAN_POINT ( 'NONE',  ( -3.999999999999999112, 23.34999999999998010, -9.650000000000000355 ) ) ;
#1989 = ORIENTED_EDGE ( 'NONE', *, *, #710, .T. ) ;
#1990 = EDGE_CURVE ( 'NONE', #2063, #2025, #411, .T. ) ;
#1991 = DIRECTION ( 'NONE',  ( 1.000000000000000000, 0.000000000000000000, 0.000000000000000000 ) ) ;
#1992 = ORIENTED_EDGE ( 'NONE', *, *, #643, .F. ) ;
#1993 = VERTEX_POINT ( 'NONE', #3114 ) ;
#1994 = EDGE_CURVE ( 'NONE', #2772, #7947, #7152, .T. ) ;
#1995 = EDGE_CURVE ( 'NONE', #2881, #3407, #162, .T. ) ;
#1996 = ORIENTED_EDGE ( 'NONE', *, *, #5674, .T. ) ;
#1997 = PLANE ( 'NONE',  #6157 ) ;
#1998 = CARTESIAN_POINT ( 'NONE',  ( -13.00000000000000178, -43.22269074732326999, -5.500000000000000000 ) ) ;
#1999 = DIRECTION ( 'NONE',  ( 1.000000000000000000, 0.000000000000000000, 0.000000000000000000 ) ) ;
#2000 = CARTESIAN_POINT ( 'NONE',  ( 28.82868052452910135, -9.347199102264150739, -5.500000000000000000 ) ) ;
#2001 = LINE ( 'NONE', #4438, #3015 ) ;
#2002 = EDGE_CURVE ( 'NONE', #2763, #6657, #4566, .T. ) ;
#2003 = EDGE_LOOP ( 'NONE', ( #6827, #7866 ) ) ;
#2004 = AXIS2_PLACEMENT_3D ( 'NONE', #5226, #7172, #1605 ) ;
#2005 = CARTESIAN_POINT ( 'NONE',  ( -9.449999999999359801, 19.24406644123204302, 6.999999999999999112 ) ) ;
#2006 = CARTESIAN_POINT ( 'NONE',  ( 16.00000000000000000, -43.22269074732326999, -3.000000000000000000 ) ) ;
#2007 = DIRECTION ( 'NONE',  ( 1.000000000000000000, 0.000000000000000000, 0.000000000000000000 ) ) ;
#2008 = CYLINDRICAL_SURFACE ( 'NONE', #3983, 1.900000000000000577 ) ;
#2009 = EDGE_CURVE ( 'NONE', #7858, #5040, #6711, .T. ) ;
#2010 = CLOSED_SHELL ( 'NONE', ( #3280, #4008, #7202, #730, #89, #48, #4198, #967, #5717, #6940, #4118, #2087, #4281, #5525, #5085, #6156, #195, #6713, #4544, #334, #4851, #2384, #7820, #397, #4000, #4221, #3379, #453, #380, #5354, #5646, #6437, #7759, #1187, #3622, #887, #4036, #7907, #5858, #1737, #7144, #3408, #5690, #7433, #7748, #1468, #3108, #2984, #4509, #1679, #1557, #3049, #6121, #5169, #1766, #3026, #4714, #7865, #7941, #2536, #4957, #696, #4272, #5266, #7329, #3781, #5419, #1070, #5573, #4769, #8010, #7350, #2199, #3850, #423, #7388, #21, #7093, #2046, #5881, #2747, #1367, #2070, #5949, #4690, #5010, #7143, #4445, #5753, #3927, #2815, #2593, #3633, #3502, #7126, #3693, #6087, #3780, #7491, #3573, #7504, #5697, #6731, #839, #5070, #1720, #4052, #951, #1460, #550, #4060, #5767, #5983, #7247, #5296, #1301, #5555, #677, #5929, #4755, #7992, #5601, #4668, #6655, #4393, #5347, #6907, #1072, #3738, #1612, #6610, #39, #7832, #1904, #4889, #6487, #2414, #4563, #2315, #701, #4462, #7073, #7649, #243, #660, #6540, #323, #6836, #5283, #282, #1293, #6169, #5526, #894, #4403, #3193, #6136, #7778, #5575, #3336, #108, #3546, #4608, #7284, #5130, #4107, #5965, #5914, #313, #1659, #1489, #4016, #1880, #1376, #183, #7883, #4303, #6465, #2278, #3680, #4243, #5329, #4965, #1622, #3955, #7083, #4872, #258, #4502, #495, #563, #1256, #3991, #5628, #7001, #3605, #1660, #5216, #3176, #2393, #372, #5849, #604, #2640, #298, #7854, #6930, #1765, #2354, #3973, #2837, #5192, #1348, #4873, #1141, #5435, #5840, #4304, #6094, #22, #1305, #3222, #5465, #6527, #6948, #5610, #5305, #3365, #7442, #4928, #2915, #3682, #4861, #6200, #2786, #1284, #8001, #7942, #5393, #3287, #5385, #1153, #3153, #7480, #6480, #1891, #6533, #84, #4576 ) ) ;
#2011 = ORIENTED_EDGE ( 'NONE', *, *, #3532, .T. ) ;
#2012 = DIRECTION ( 'NONE',  ( -1.000000000000000000, 0.000000000000000000, 0.000000000000000000 ) ) ;
#2013 = EDGE_LOOP ( 'NONE', ( #5863, #816, #7337, #5437 ) ) ;
#2014 = CARTESIAN_POINT ( 'NONE',  ( 40.14487539711818442, -48.22269074732326999, -3.999999999999998224 ) ) ;
#2015 = CARTESIAN_POINT ( 'NONE',  ( 10.39129341151854469, -27.00000000000000000, -5.500000000000000000 ) ) ;
#2016 = DIRECTION ( 'NONE',  ( 0.000000000000000000, -0.000000000000000000, 1.000000000000000000 ) ) ;
#2017 = VECTOR ( 'NONE', #5487, 1000.000000000000000 ) ;
#2018 = VECTOR ( 'NONE', #6897, 1000.000000000000000 ) ;
#2019 = AXIS2_PLACEMENT_3D ( 'NONE', #1583, #6505, #5894 ) ;
#2020 = DIRECTION ( 'NONE',  ( -0.000000000000000000, -0.000000000000000000, 1.000000000000000000 ) ) ;
#2021 = CARTESIAN_POINT ( 'NONE',  ( 0.000000000000000000, -41.00000000000000000, -5.500000000000000000 ) ) ;
#2022 = EDGE_CURVE ( 'NONE', #4856, #4842, #1276, .T. ) ;
#2023 = CARTESIAN_POINT ( 'NONE',  ( -30.14487539711820929, 0.000000000000000000, -1.000000000000000000 ) ) ;
#2024 = VECTOR ( 'NONE', #6, 1000.000000000000000 ) ;
#2025 = VERTEX_POINT ( 'NONE', #6145 ) ;
#2026 = DIRECTION ( 'NONE',  ( 1.000000000000000000, 0.000000000000000000, 0.000000000000000000 ) ) ;
#2027 = EDGE_LOOP ( 'NONE', ( #4009, #1545, #403, #5872 ) ) ;
#2028 = VECTOR ( 'NONE', #5946, 1000.000000000000000 ) ;
#2029 = FACE_OUTER_BOUND ( 'NONE', #2845, .T. ) ;
#2030 = EDGE_CURVE ( 'NONE', #7357, #2868, #6263, .T. ) ;
#2031 = ORIENTED_EDGE ( 'NONE', *, *, #2030, .F. ) ;
#2032 = CIRCLE ( 'NONE', #3721, 6.550000000000000711 ) ;
#2033 = ORIENTED_EDGE ( 'NONE', *, *, #7550, .F. ) ;
#2034 = ORIENTED_EDGE ( 'NONE', *, *, #5785, .T. ) ;
#2035 = AXIS2_PLACEMENT_3D ( 'NONE', #5740, #3793, #1967 ) ;
#2036 = CARTESIAN_POINT ( 'NONE',  ( -8.000000000000000000, 37.74406644123207144, -1.000000000000000000 ) ) ;
#2037 = EDGE_CURVE ( 'NONE', #464, #2413, #5411, .T. ) ;
#2038 = DIRECTION ( 'NONE',  ( 1.000000000000000000, -1.734723475976807341E-16, -0.000000000000000000 ) ) ;
#2039 = DIRECTION ( 'NONE',  ( 0.000000000000000000, 1.000000000000000000, 0.000000000000000000 ) ) ;
#2040 = PLANE ( 'NONE',  #5902 ) ;
#2041 = VECTOR ( 'NONE', #1146, 1000.000000000000000 ) ;
#2042 = ORIENTED_EDGE ( 'NONE', *, *, #5513, .T. ) ;
#2043 = DIRECTION ( 'NONE',  ( 0.000000000000000000, 0.000000000000000000, -1.000000000000000000 ) ) ;
#2044 = DIRECTION ( 'NONE',  ( -0.000000000000000000, -0.000000000000000000, -1.000000000000000000 ) ) ;
#2045 = LINE ( 'NONE', #6996, #6506 ) ;
#2046 = ADVANCED_FACE ( 'NONE', ( #7879 ), #7274, .F. ) ;
#2047 = DIRECTION ( 'NONE',  ( -1.000000000000000000, 0.000000000000000000, 0.000000000000000000 ) ) ;
#2048 = ORIENTED_EDGE ( 'NONE', *, *, #6333, .T. ) ;
#2049 = AXIS2_PLACEMENT_3D ( 'NONE', #5197, #5774, #2693 ) ;
#2050 = ORIENTED_EDGE ( 'NONE', *, *, #2077, .F. ) ;
#2051 = PLANE ( 'NONE',  #3187 ) ;
#2052 = ORIENTED_EDGE ( 'NONE', *, *, #5186, .F. ) ;
#2053 = ORIENTED_EDGE ( 'NONE', *, *, #1054, .T. ) ;
#2054 = CARTESIAN_POINT ( 'NONE',  ( -40.14487539711821285, 0.000000000000000000, 7.000000000000000000 ) ) ;
#2055 = DIRECTION ( 'NONE',  ( 0.000000000000000000, 0.000000000000000000, 1.000000000000000000 ) ) ;
#2056 = DIRECTION ( 'NONE',  ( 6.077688614525857137E-16, -1.000000000000000000, 0.000000000000000000 ) ) ;
#2057 = VECTOR ( 'NONE', #4356, 1000.000000000000000 ) ;
#2058 = FACE_BOUND ( 'NONE', #5223, .T. ) ;
#2059 = CARTESIAN_POINT ( 'NONE',  ( -9.099999999999997868, 5.849999999999910827, -6.350000000000000533 ) ) ;
#2060 = DIRECTION ( 'NONE',  ( 1.000000000000000000, 0.000000000000000000, 0.000000000000000000 ) ) ;
#2061 = ORIENTED_EDGE ( 'NONE', *, *, #299, .F. ) ;
#2062 = DIRECTION ( 'NONE',  ( 0.000000000000000000, 0.000000000000000000, -1.000000000000000000 ) ) ;
#2063 = VERTEX_POINT ( 'NONE', #7959 ) ;
#2064 = EDGE_CURVE ( 'NONE', #5362, #5693, #2410, .T. ) ;
#2065 = LINE ( 'NONE', #4503, #7094 ) ;
#2066 = EDGE_LOOP ( 'NONE', ( #488, #3558, #2894, #1259 ) ) ;
#2067 = CARTESIAN_POINT ( 'NONE',  ( 30.14487539711820929, 0.000000000000000000, -5.500000000000000000 ) ) ;
#2068 = ORIENTED_EDGE ( 'NONE', *, *, #7562, .F. ) ;
#2069 = ORIENTED_EDGE ( 'NONE', *, *, #7991, .T. ) ;
#2070 = ADVANCED_FACE ( 'NONE', ( #498 ), #4273, .F. ) ;
#2071 = EDGE_LOOP ( 'NONE', ( #4247, #6724 ) ) ;
#2072 = CARTESIAN_POINT ( 'NONE',  ( 8.000000000000000000, 24.94999999999998153, 7.000000000000000888 ) ) ;
#2073 = DIRECTION ( 'NONE',  ( 0.000000000000000000, 0.000000000000000000, 1.000000000000000000 ) ) ;
#2074 = CYLINDRICAL_SURFACE ( 'NONE', #5566, 2.999999999999999112 ) ;
#2075 = CARTESIAN_POINT ( 'NONE',  ( 16.00000000000000000, 16.85000000000000142, -1.000000000000000000 ) ) ;
#2076 = ORIENTED_EDGE ( 'NONE', *, *, #2925, .T. ) ;
#2077 = EDGE_CURVE ( 'NONE', #7814, #7250, #4926, .T. ) ;
#2078 = CARTESIAN_POINT ( 'NONE',  ( -30.14487539711820929, 0.000000000000000000, -5.500000000000000000 ) ) ;
#2079 = CARTESIAN_POINT ( 'NONE',  ( 5.949999999999998401, 24.24406644123207499, -5.500000000000000000 ) ) ;
#2080 = CARTESIAN_POINT ( 'NONE',  ( 15.00000000000017586, -28.93902645193045231, -5.500000000000000000 ) ) ;
#2081 = CIRCLE ( 'NONE', #4019, 2.999999999999999112 ) ;
#2082 = CYLINDRICAL_SURFACE ( 'NONE', #5935, 8.050000000000000711 ) ;
#2083 = DIRECTION ( 'NONE',  ( -0.000000000000000000, -0.000000000000000000, -1.000000000000000000 ) ) ;
#2084 = ORIENTED_EDGE ( 'NONE', *, *, #2184, .F. ) ;
#2085 = DIRECTION ( 'NONE',  ( -0.000000000000000000, -0.000000000000000000, 1.000000000000000000 ) ) ;
#2086 = ORIENTED_EDGE ( 'NONE', *, *, #6339, .T. ) ;
#2087 = ADVANCED_FACE ( 'NONE', ( #3226 ), #6343, .F. ) ;
#2088 = ORIENTED_EDGE ( 'NONE', *, *, #5744, .F. ) ;
#2089 = EDGE_CURVE ( 'NONE', #1483, #148, #3021, .T. ) ;
#2090 = AXIS2_PLACEMENT_3D ( 'NONE', #4379, #3767, #1332 ) ;
#2091 = CARTESIAN_POINT ( 'NONE',  ( 26.00000000000000355, 16.84999999999999432, 7.000000000000000000 ) ) ;
#2092 = DIRECTION ( 'NONE',  ( -0.000000000000000000, -0.000000000000000000, -1.000000000000000000 ) ) ;
#2093 = CARTESIAN_POINT ( 'NONE',  ( 8.731328711625275574, -46.69114569627124212, -4.472062290828652920 ) ) ;
#2094 = CARTESIAN_POINT ( 'NONE',  ( 30.14487539711820929, 2.220446049250313081E-13, -5.000000000000000000 ) ) ;
#2095 = DIRECTION ( 'NONE',  ( 1.000000000000000000, 0.000000000000000000, 0.000000000000000000 ) ) ;
#2096 = CARTESIAN_POINT ( 'NONE',  ( 3.849999999999968114, -21.00000000000001776, 7.000000000000000000 ) ) ;
#2097 = CIRCLE ( 'NONE', #6259, 5.499999999999998224 ) ;
#2098 = ORIENTED_EDGE ( 'NONE', *, *, #2266, .F. ) ;
#2099 = LINE ( 'NONE', #2789, #6181 ) ;
#2100 = ORIENTED_EDGE ( 'NONE', *, *, #5484, .F. ) ;
#2101 = VECTOR ( 'NONE', #4025, 1000.000000000000000 ) ;
#2102 = DIRECTION ( 'NONE',  ( 1.000000000000000000, 0.000000000000000000, 0.000000000000000000 ) ) ;
#2103 = VERTEX_POINT ( 'NONE', #209 ) ;
#2104 = DIRECTION ( 'NONE',  ( 0.000000000000000000, 0.000000000000000000, 1.000000000000000000 ) ) ;
#2105 = EDGE_CURVE ( 'NONE', #2450, #3372, #132, .T. ) ;
#2106 = ORIENTED_EDGE ( 'NONE', *, *, #4015, .F. ) ;
#2107 = ORIENTED_EDGE ( 'NONE', *, *, #5568, .F. ) ;
#2108 = ORIENTED_EDGE ( 'NONE', *, *, #6986, .F. ) ;
#2109 = CARTESIAN_POINT ( 'NONE',  ( -5.000000000000000888, 29.74406644123207144, -7.000000000000000000 ) ) ;
#2110 = CARTESIAN_POINT ( 'NONE',  ( 25.49999999999999645, 7.850000000000004974, -9.650000000000000355 ) ) ;
#2111 = PLANE ( 'NONE',  #2049 ) ;
#2112 = EDGE_CURVE ( 'NONE', #3569, #7704, #5736, .T. ) ;
#2113 = ORIENTED_EDGE ( 'NONE', *, *, #1503, .T. ) ;
#2114 = FACE_OUTER_BOUND ( 'NONE', #4891, .T. ) ;
#2115 = ORIENTED_EDGE ( 'NONE', *, *, #777, .F. ) ;
#2116 = DIRECTION ( 'NONE',  ( 0.000000000000000000, -1.000000000000000000, 0.000000000000000000 ) ) ;
#2117 = CARTESIAN_POINT ( 'NONE',  ( 10.00000000000000178, -43.22269074732326999, -3.000000000000000000 ) ) ;
#2118 = DIRECTION ( 'NONE',  ( -0.000000000000000000, -0.000000000000000000, -1.000000000000000000 ) ) ;
#2119 = PLANE ( 'NONE',  #1976 ) ;
#2120 = CYLINDRICAL_SURFACE ( 'NONE', #2577, 1.600000000000000755 ) ;
#2121 = EDGE_CURVE ( 'NONE', #5378, #6574, #6905, .T. ) ;
#2122 = LINE ( 'NONE', #4105, #7974 ) ;
#2123 = ORIENTED_EDGE ( 'NONE', *, *, #4645, .F. ) ;
#2124 = VECTOR ( 'NONE', #5361, 1000.000000000000000 ) ;
#2125 = ORIENTED_EDGE ( 'NONE', *, *, #5061, .T. ) ;
#2126 = CARTESIAN_POINT ( 'NONE',  ( 15.00000000000000178, -43.22269074732326999, 7.000000000000000000 ) ) ;
#2127 = CARTESIAN_POINT ( 'NONE',  ( -8.938095043629026293, -46.93161860802429430, -4.948714392422296271 ) ) ;
#2128 = CARTESIAN_POINT ( 'NONE',  ( 8.676806735756555256, -46.62269074732329699, -4.096801519521479307 ) ) ;
#2129 = DIRECTION ( 'NONE',  ( 0.000000000000000000, 0.000000000000000000, 1.000000000000000000 ) ) ;
#2130 = LINE ( 'NONE', #4573, #5608 ) ;
#2131 = EDGE_CURVE ( 'NONE', #7683, #6120, #6911, .T. ) ;
#2132 = ORIENTED_EDGE ( 'NONE', *, *, #3856, .F. ) ;
#2133 = DIRECTION ( 'NONE',  ( 0.000000000000000000, 0.000000000000000000, 1.000000000000000000 ) ) ;
#2134 = ORIENTED_EDGE ( 'NONE', *, *, #3078, .F. ) ;
#2135 = AXIS2_PLACEMENT_3D ( 'NONE', #4486, #1060, #6356 ) ;
#2136 = AXIS2_PLACEMENT_3D ( 'NONE', #5622, #7481, #1961 ) ;
#2137 = PLANE ( 'NONE',  #1138 ) ;
#2138 = VECTOR ( 'NONE', #4127, 1000.000000000000000 ) ;
#2139 = EDGE_CURVE ( 'NONE', #2190, #5955, #1310, .T. ) ;
#2140 = EDGE_CURVE ( 'NONE', #3219, #2716, #5772, .T. ) ;
#2141 = EDGE_LOOP ( 'NONE', ( #1428, #2968, #6000, #6020, #2363, #512, #2378, #6613 ) ) ;
#2142 = DIRECTION ( 'NONE',  ( -0.000000000000000000, -0.000000000000000000, -1.000000000000000000 ) ) ;
#2143 = ORIENTED_EDGE ( 'NONE', *, *, #6820, .T. ) ;
#2144 = ORIENTED_EDGE ( 'NONE', *, *, #2229, .F. ) ;
#2145 = ORIENTED_EDGE ( 'NONE', *, *, #1816, .F. ) ;
#2146 = CARTESIAN_POINT ( 'NONE',  ( 9.450000000000585487, 21.47716791996747432, -1.000000000000000000 ) ) ;
#2147 = LINE ( 'NONE', #5475, #4677 ) ;
#2148 = AXIS2_PLACEMENT_3D ( 'NONE', #7240, #2165, #2202 ) ;
#2149 = LINE ( 'NONE', #2189, #6426 ) ;
#2150 = AXIS2_PLACEMENT_3D ( 'NONE', #419, #5371, #1075 ) ;
#2151 = ORIENTED_EDGE ( 'NONE', *, *, #1210, .F. ) ;
#2152 = AXIS2_PLACEMENT_3D ( 'NONE', #255, #2699, #4593 ) ;
#2153 = CARTESIAN_POINT ( 'NONE',  ( -16.00000000000000000, 16.85000000000000142, -5.500000000000000000 ) ) ;
#2154 = LINE ( 'NONE', #6429, #3641 ) ;
#2155 = CARTESIAN_POINT ( 'NONE',  ( 16.00000000000000000, 16.85000000000000142, -7.000000000000000000 ) ) ;
#2156 = EDGE_CURVE ( 'NONE', #2798, #5368, #1563, .T. ) ;
#2157 = CARTESIAN_POINT ( 'NONE',  ( -8.000000000000000000, 37.74406644123207144, 7.000000000000000000 ) ) ;
#2158 = VECTOR ( 'NONE', #1845, 1000.000000000000000 ) ;
#2159 = DIRECTION ( 'NONE',  ( 1.000000000000000000, 0.000000000000000000, 0.000000000000000000 ) ) ;
#2160 = DIRECTION ( 'NONE',  ( -1.000000000000000000, -2.284071015352047985E-16, 0.000000000000000000 ) ) ;
#2161 = VECTOR ( 'NONE', #36, 1000.000000000000000 ) ;
#2162 = VERTEX_POINT ( 'NONE', #2610 ) ;
#2163 = AXIS2_PLACEMENT_3D ( 'NONE', #2441, #3139, #3012 ) ;
#2164 = ORIENTED_EDGE ( 'NONE', *, *, #3730, .T. ) ;
#2165 = DIRECTION ( 'NONE',  ( 0.000000000000000000, 0.000000000000000000, -1.000000000000000000 ) ) ;
#2166 = CARTESIAN_POINT ( 'NONE',  ( -25.09487539711820858, 0.000000000000000000, -5.000000000000000000 ) ) ;
#2167 = CARTESIAN_POINT ( 'NONE',  ( -12.09800759387858982, -48.77946718360626477, -5.500000000000000000 ) ) ;
#2168 = EDGE_CURVE ( 'NONE', #6160, #1850, #1461, .T. ) ;
#2169 = VECTOR ( 'NONE', #7447, 1000.000000000000000 ) ;
#2170 = CARTESIAN_POINT ( 'NONE',  ( 9.999999999999994671, -43.22269074732326999, 7.000000000000000000 ) ) ;
#2171 = DIRECTION ( 'NONE',  ( 0.000000000000000000, 0.000000000000000000, -1.000000000000000000 ) ) ;
#2172 = FACE_OUTER_BOUND ( 'NONE', #4917, .T. ) ;
#2173 = VERTEX_POINT ( 'NONE', #666 ) ;
#2174 = DIRECTION ( 'NONE',  ( -1.000000000000000000, 0.000000000000000000, 0.000000000000000000 ) ) ;
#2175 = ORIENTED_EDGE ( 'NONE', *, *, #4793, .T. ) ;
#2176 = ORIENTED_EDGE ( 'NONE', *, *, #10, .T. ) ;
#2177 = VECTOR ( 'NONE', #5352, 1000.000000000000000 ) ;
#2178 = EDGE_CURVE ( 'NONE', #3910, #427, #5459, .T. ) ;
#2179 = LINE ( 'NONE', #2257, #3472 ) ;
#2180 = ORIENTED_EDGE ( 'NONE', *, *, #4616, .T. ) ;
#2181 = CARTESIAN_POINT ( 'NONE',  ( 12.67182307254115159, -49.34921937605139419, -2.859208355412996116 ) ) ;
#2182 = ORIENTED_EDGE ( 'NONE', *, *, #7054, .F. ) ;
#2183 = EDGE_LOOP ( 'NONE', ( #4084, #4998, #2686, #6553 ) ) ;
#2184 = EDGE_CURVE ( 'NONE', #4842, #1457, #917, .T. ) ;
#2185 = EDGE_CURVE ( 'NONE', #148, #1483, #1185, .T. ) ;
#2186 = VERTEX_POINT ( 'NONE', #5079 ) ;
#2187 = PLANE ( 'NONE',  #2309 ) ;
#2188 = EDGE_LOOP ( 'NONE', ( #5883, #4682, #2787, #5571 ) ) ;
#2189 = CARTESIAN_POINT ( 'NONE',  ( 30.14487539711820219, -21.00000000000002842, 7.000000000000000000 ) ) ;
#2190 = VERTEX_POINT ( 'NONE', #1959 ) ;
#2191 = CARTESIAN_POINT ( 'NONE',  ( 26.00000000000000000, 11.99999999999999822, -7.000000000000000000 ) ) ;
#2192 = DIRECTION ( 'NONE',  ( 0.000000000000000000, 0.000000000000000000, -1.000000000000000000 ) ) ;
#2193 = DIRECTION ( 'NONE',  ( 1.000000000000000000, 0.000000000000000000, 0.000000000000000000 ) ) ;
#2194 = ORIENTED_EDGE ( 'NONE', *, *, #7317, .T. ) ;
#2195 = LINE ( 'NONE', #5287, #5473 ) ;
#2196 = LINE ( 'NONE', #3945, #4252 ) ;
#2197 = DIRECTION ( 'NONE',  ( -1.000000000000000000, 0.000000000000000000, -0.000000000000000000 ) ) ;
#2198 = VECTOR ( 'NONE', #6956, 1000.000000000000000 ) ;
#2199 = ADVANCED_FACE ( 'NONE', ( #170 ), #58, .T. ) ;
#2200 = VERTEX_POINT ( 'NONE', #4396 ) ;
#2201 = ORIENTED_EDGE ( 'NONE', *, *, #5160, .T. ) ;
#2202 = DIRECTION ( 'NONE',  ( -1.000000000000000000, 0.000000000000000000, 0.000000000000000000 ) ) ;
#2203 = LINE ( 'NONE', #3359, #6485 ) ;
#2204 = LINE ( 'NONE', #4810, #4888 ) ;
#2205 = AXIS2_PLACEMENT_3D ( 'NONE', #5321, #6589, #5446 ) ;
#2206 = DIRECTION ( 'NONE',  ( 1.000000000000000000, 0.000000000000000000, 0.000000000000000000 ) ) ;
#2207 = CARTESIAN_POINT ( 'NONE',  ( -27.25605529807277705, -19.00000000000001066, 6.999999999999999112 ) ) ;
#2208 = FACE_BOUND ( 'NONE', #6086, .T. ) ;
#2209 = EDGE_CURVE ( 'NONE', #4510, #7484, #6873, .T. ) ;
#2210 = EDGE_LOOP ( 'NONE', ( #6654, #482, #5307, #2113 ) ) ;
#2211 = LINE ( 'NONE', #881, #3841 ) ;
#2212 = VECTOR ( 'NONE', #3001, 1000.000000000000000 ) ;
#2213 = AXIS2_PLACEMENT_3D ( 'NONE', #5637, #2020, #4494 ) ;
#2214 = ORIENTED_EDGE ( 'NONE', *, *, #1034, .F. ) ;
#2215 = EDGE_LOOP ( 'NONE', ( #71, #7119, #2872, #5613 ) ) ;
#2216 = LINE ( 'NONE', #7170, #6194 ) ;
#2217 = AXIS2_PLACEMENT_3D ( 'NONE', #7435, #5490, #1190 ) ;
#2218 = AXIS2_PLACEMENT_3D ( 'NONE', #7726, #2171, #4194 ) ;
#2219 = CARTESIAN_POINT ( 'NONE',  ( 23.59487539711820858, 8.799999999999997158, -5.500000000000000000 ) ) ;
#2220 = AXIS2_PLACEMENT_3D ( 'NONE', #6311, #4481, #2618 ) ;
#2221 = ORIENTED_EDGE ( 'NONE', *, *, #5229, .T. ) ;
#2222 = CARTESIAN_POINT ( 'NONE',  ( 12.55904064356565186, -49.19470697376018364, -2.724987536042525971 ) ) ;
#2223 = EDGE_CURVE ( 'NONE', #535, #857, #4469, .T. ) ;
#2224 = VERTEX_POINT ( 'NONE', #1345 ) ;
#2225 = EDGE_LOOP ( 'NONE', ( #6424, #664, #3876, #4248 ) ) ;
#2226 = CIRCLE ( 'NONE', #281, 9.999999999999998224 ) ;
#2227 = ORIENTED_EDGE ( 'NONE', *, *, #658, .F. ) ;
#2228 = DIRECTION ( 'NONE',  ( -0.000000000000000000, -1.000000000000000000, -0.000000000000000000 ) ) ;
#2229 = EDGE_CURVE ( 'NONE', #6978, #3951, #741, .T. ) ;
#2230 = EDGE_CURVE ( 'NONE', #5821, #7484, #2484, .T. ) ;
#2231 = ORIENTED_EDGE ( 'NONE', *, *, #3797, .F. ) ;
#2232 = DIRECTION ( 'NONE',  ( -1.000000000000000000, 0.000000000000000000, 0.000000000000000000 ) ) ;
#2233 = LINE ( 'NONE', #3911, #1101 ) ;
#2234 = ORIENTED_EDGE ( 'NONE', *, *, #5203, .F. ) ;
#2235 = DIRECTION ( 'NONE',  ( -0.000000000000000000, -0.000000000000000000, -1.000000000000000000 ) ) ;
#2236 = DIRECTION ( 'NONE',  ( 1.000000000000000000, 0.000000000000000000, 0.000000000000000000 ) ) ;
#2237 = LINE ( 'NONE', #4711, #1616 ) ;
#2238 = EDGE_LOOP ( 'NONE', ( #200, #5763 ) ) ;
#2239 = CARTESIAN_POINT ( 'NONE',  ( -16.00000000000000000, -43.22269074732326999, -7.000000000000000000 ) ) ;
#2240 = PLANE ( 'NONE',  #3741 ) ;
#2241 = EDGE_CURVE ( 'NONE', #1526, #424, #6498, .T. ) ;
#2242 = DIRECTION ( 'NONE',  ( -1.000000000000000000, 0.000000000000000000, 0.000000000000000000 ) ) ;
#2243 = ORIENTED_EDGE ( 'NONE', *, *, #2549, .F. ) ;
#2244 = LINE ( 'NONE', #4770, #4360 ) ;
#2245 = CARTESIAN_POINT ( 'NONE',  ( 16.00000000000000711, -43.22269074732326999, 5.000000000000000000 ) ) ;
#2246 = CARTESIAN_POINT ( 'NONE',  ( -21.49999999999995026, 7.849999999999999645, -9.650000000000000355 ) ) ;
#2247 = DIRECTION ( 'NONE',  ( 1.000000000000000000, 0.000000000000000000, 0.000000000000000000 ) ) ;
#2248 = DIRECTION ( 'NONE',  ( -0.000000000000000000, -0.000000000000000000, 1.000000000000000000 ) ) ;
#2249 = VECTOR ( 'NONE', #5228, 1000.000000000000000 ) ;
#2250 = ORIENTED_EDGE ( 'NONE', *, *, #2937, .F. ) ;
#2251 = LINE ( 'NONE', #4855, #1745 ) ;
#2252 = ORIENTED_EDGE ( 'NONE', *, *, #7163, .T. ) ;
#2253 = ORIENTED_EDGE ( 'NONE', *, *, #2873, .F. ) ;
#2254 = CARTESIAN_POINT ( 'NONE',  ( 17.00000000000000000, -46.32269074732328562, -3.999999999999998224 ) ) ;
#2255 = AXIS2_PLACEMENT_3D ( 'NONE', #665, #5006, #7477 ) ;
#2256 = EDGE_CURVE ( 'NONE', #6481, #4020, #7669, .T. ) ;
#2257 = CARTESIAN_POINT ( 'NONE',  ( -23.63822295986635424, 8.444066441232072506, -1.000000000000000000 ) ) ;
#2258 = AXIS2_PLACEMENT_3D ( 'NONE', #7048, #3999, #347 ) ;
#2259 = ORIENTED_EDGE ( 'NONE', *, *, #1540, .F. ) ;
#2260 = DIRECTION ( 'NONE',  ( -1.000000000000000000, -4.692204187680386691E-16, 0.000000000000000000 ) ) ;
#2261 = VECTOR ( 'NONE', #1935, 1000.000000000000000 ) ;
#2262 = ORIENTED_EDGE ( 'NONE', *, *, #2438, .T. ) ;
#2263 = CARTESIAN_POINT ( 'NONE',  ( -23.59487539711820858, 8.799999999999997158, -5.500000000000000000 ) ) ;
#2264 = EDGE_LOOP ( 'NONE', ( #348, #7364, #5686, #3214 ) ) ;
#2265 = VECTOR ( 'NONE', #2324, 1000.000000000000000 ) ;
#2266 = EDGE_CURVE ( 'NONE', #262, #3743, #3002, .T. ) ;
#2267 = AXIS2_PLACEMENT_3D ( 'NONE', #7577, #1947, #123 ) ;
#2268 = ORIENTED_EDGE ( 'NONE', *, *, #1824, .T. ) ;
#2269 = CYLINDRICAL_SURFACE ( 'NONE', #2711, 1.599999999999997202 ) ;
#2270 = VECTOR ( 'NONE', #976, 1000.000000000000000 ) ;
#2271 = ORIENTED_EDGE ( 'NONE', *, *, #785, .T. ) ;
#2272 = DIRECTION ( 'NONE',  ( 1.000000000000000000, 0.000000000000000000, -0.000000000000000000 ) ) ;
#2273 = DIRECTION ( 'NONE',  ( 0.08715574274765502949, 0.9961946980917457672, 0.000000000000000000 ) ) ;
#2274 = ORIENTED_EDGE ( 'NONE', *, *, #2547, .T. ) ;
#2275 = DIRECTION ( 'NONE',  ( 1.000000000000000000, 0.000000000000000000, -0.000000000000000000 ) ) ;
#2276 = CARTESIAN_POINT ( 'NONE',  ( -12.67677299291288406, -49.35851555408321900, -5.129777434290622828 ) ) ;
#2277 = DIRECTION ( 'NONE',  ( -1.000000000000000000, -1.734723475976807341E-16, 0.000000000000000000 ) ) ;
#2278 = ADVANCED_FACE ( 'NONE', ( #475 ), #6037, .F. ) ;
#2279 = VERTEX_POINT ( 'NONE', #517 ) ;
#2280 = VECTOR ( 'NONE', #2456, 1000.000000000000000 ) ;
#2281 = DIRECTION ( 'NONE',  ( 0.000000000000000000, -0.000000000000000000, -1.000000000000000000 ) ) ;
#2282 = CARTESIAN_POINT ( 'NONE',  ( -7.950000000000000178, 24.24406644123207499, -1.000000000000000000 ) ) ;
#2283 = CARTESIAN_POINT ( 'NONE',  ( 21.59487539711820503, 6.799999999999998046, -5.500000000000000000 ) ) ;
#2284 = AXIS2_PLACEMENT_3D ( 'NONE', #2825, #2945, #1115 ) ;
#2285 = AXIS2_PLACEMENT_3D ( 'NONE', #2153, #408, #2275 ) ;
#2286 = ORIENTED_EDGE ( 'NONE', *, *, #6450, .F. ) ;
#2287 = FACE_OUTER_BOUND ( 'NONE', #6966, .T. ) ;
#2288 = CARTESIAN_POINT ( 'NONE',  ( 5.933350533826676099, 24.22277336810118342, 6.999999999999999112 ) ) ;
#2289 = DIRECTION ( 'NONE',  ( -1.000000000000000000, -1.734723475976807341E-16, -0.000000000000000000 ) ) ;
#2290 = EDGE_CURVE ( 'NONE', #857, #6458, #6689, .T. ) ;
#2291 = EDGE_CURVE ( 'NONE', #518, #3219, #3418, .T. ) ;
#2292 = AXIS2_PLACEMENT_3D ( 'NONE', #2466, #8025, #3165 ) ;
#2293 = DIRECTION ( 'NONE',  ( 1.000000000000000000, 0.000000000000000000, 0.000000000000000000 ) ) ;
#2294 = CARTESIAN_POINT ( 'NONE',  ( -6.425409930534608627, 23.63401780426756460, 7.000000000000000888 ) ) ;
#2295 = VECTOR ( 'NONE', #125, 1000.000000000000000 ) ;
#2296 = EDGE_LOOP ( 'NONE', ( #1682, #7798, #6178, #6780 ) ) ;
#2297 = CARTESIAN_POINT ( 'NONE',  ( 30.14487539711820929, 2.220446049250313081E-13, -5.000000000000000000 ) ) ;
#2298 = ORIENTED_EDGE ( 'NONE', *, *, #4999, .F. ) ;
#2299 = ORIENTED_EDGE ( 'NONE', *, *, #7804, .F. ) ;
#2300 = VECTOR ( 'NONE', #1516, 1000.000000000000000 ) ;
#2301 = FACE_OUTER_BOUND ( 'NONE', #3311, .T. ) ;
#2302 = LINE ( 'NONE', #6647, #5848 ) ;
#2303 = VECTOR ( 'NONE', #2624, 1000.000000000000000 ) ;
#2304 = CARTESIAN_POINT ( 'NONE',  ( 14.00000000000000000, -24.00000000000002132, -9.650000000000000355 ) ) ;
#2305 = LINE ( 'NONE', #7296, #1962 ) ;
#2306 = DIRECTION ( 'NONE',  ( -1.000000000000000000, 0.000000000000000000, 0.000000000000000000 ) ) ;
#2307 = ORIENTED_EDGE ( 'NONE', *, *, #6740, .F. ) ;
#2308 = FACE_OUTER_BOUND ( 'NONE', #6633, .T. ) ;
#2309 = AXIS2_PLACEMENT_3D ( 'NONE', #7782, #7868, #7180 ) ;
#2310 = EDGE_CURVE ( 'NONE', #6240, #642, #7254, .T. ) ;
#2311 = ORIENTED_EDGE ( 'NONE', *, *, #6106, .T. ) ;
#2312 = ORIENTED_EDGE ( 'NONE', *, *, #205, .T. ) ;
#2313 = DIRECTION ( 'NONE',  ( 0.000000000000000000, 0.000000000000000000, 1.000000000000000000 ) ) ;
#2314 = ORIENTED_EDGE ( 'NONE', *, *, #3972, .F. ) ;
#2315 = ADVANCED_FACE ( 'NONE', ( #1777 ), #6418, .T. ) ;
#2316 = CARTESIAN_POINT ( 'NONE',  ( 10.39129341151854469, -24.00000000000000000, 6.999999999999999112 ) ) ;
#2317 = VERTEX_POINT ( 'NONE', #321 ) ;
#2318 = PLANE ( 'NONE',  #2285 ) ;
#2319 = PLANE ( 'NONE',  #2205 ) ;
#2320 = CARTESIAN_POINT ( 'NONE',  ( 9.374106316968417119, -47.36128806545616499, -2.644886555035885323 ) ) ;
#2321 = ORIENTED_EDGE ( 'NONE', *, *, #4150, .F. ) ;
#2322 = CARTESIAN_POINT ( 'NONE',  ( 9.450000000000585487, 19.24406644123204302, 6.999999999999999112 ) ) ;
#2323 = DIRECTION ( 'NONE',  ( -1.000000000000000000, 0.000000000000000000, 0.000000000000000000 ) ) ;
#2324 = DIRECTION ( 'NONE',  ( -0.000000000000000000, -0.000000000000000000, -1.000000000000000000 ) ) ;
#2325 = EDGE_CURVE ( 'NONE', #4128, #4003, #2147, .T. ) ;
#2326 = ORIENTED_EDGE ( 'NONE', *, *, #3814, .F. ) ;
#2327 = DIRECTION ( 'NONE',  ( 0.000000000000000000, 0.000000000000000000, -1.000000000000000000 ) ) ;
#2328 = CARTESIAN_POINT ( 'NONE',  ( -14.00000000000000000, -5.150000000000045652, -5.500000000000000000 ) ) ;
#2329 = DIRECTION ( 'NONE',  ( -0.000000000000000000, 1.000000000000000000, -0.000000000000000000 ) ) ;
#2330 = DIRECTION ( 'NONE',  ( 0.000000000000000000, 0.000000000000000000, 1.000000000000000000 ) ) ;
#2331 = LINE ( 'NONE', #954, #5731 ) ;
#2332 = EDGE_CURVE ( 'NONE', #6206, #1071, #7015, .T. ) ;
#2333 = VERTEX_POINT ( 'NONE', #6463 ) ;
#2334 = EDGE_CURVE ( 'NONE', #5263, #3179, #7106, .T. ) ;
#2335 = FACE_BOUND ( 'NONE', #315, .T. ) ;
#2336 = VERTEX_POINT ( 'NONE', #4587 ) ;
#2337 = EDGE_LOOP ( 'NONE', ( #4603, #6909, #4277, #7567, #3931, #6539, #1361, #7933, #3375, #1996, #82, #3779 ) ) ;
#2338 = VECTOR ( 'NONE', #5282, 1000.000000000000000 ) ;
#2339 = CARTESIAN_POINT ( 'NONE',  ( 13.80000000000000071, -50.12269074732328278, -3.999999999999998224 ) ) ;
#2340 = CYLINDRICAL_SURFACE ( 'NONE', #1963, 5.049999999999998934 ) ;
#2341 = CARTESIAN_POINT ( 'NONE',  ( 8.000000000000000000, 23.34999999999998010, -6.350000000000000533 ) ) ;
#2342 = DIRECTION ( 'NONE',  ( -0.000000000000000000, -0.000000000000000000, -1.000000000000000000 ) ) ;
#2343 = CIRCLE ( 'NONE', #6888, 2.000000000000000888 ) ;
#2344 = AXIS2_PLACEMENT_3D ( 'NONE', #2428, #4250, #7252 ) ;
#2345 = ORIENTED_EDGE ( 'NONE', *, *, #2332, .F. ) ;
#2346 = DIRECTION ( 'NONE',  ( -1.000000000000000000, 0.000000000000000000, 0.000000000000000000 ) ) ;
#2347 = EDGE_LOOP ( 'NONE', ( #3928, #5875, #7738, #5590 ) ) ;
#2348 = CARTESIAN_POINT ( 'NONE',  ( 5.949999999999998401, 24.24406644123207499, -1.000000000000000000 ) ) ;
#2349 = ORIENTED_EDGE ( 'NONE', *, *, #4223, .T. ) ;
#2350 = AXIS2_PLACEMENT_3D ( 'NONE', #2021, #2672, #3282 ) ;
#2351 = AXIS2_PLACEMENT_3D ( 'NONE', #2094, #2129, #6560 ) ;
#2352 = ORIENTED_EDGE ( 'NONE', *, *, #4274, .T. ) ;
#2353 = CARTESIAN_POINT ( 'NONE',  ( 21.59487539711820503, 8.799999999999997158, -1.000000000000000000 ) ) ;
#2354 = ADVANCED_FACE ( 'NONE', ( #1536, #4164 ), #7063, .T. ) ;
#2355 = EDGE_LOOP ( 'NONE', ( #1010, #2259 ) ) ;
#2356 = VECTOR ( 'NONE', #7360, 1000.000000000000000 ) ;
#2357 = EDGE_LOOP ( 'NONE', ( #5005, #5389, #1908, #3648 ) ) ;
#2358 = LINE ( 'NONE', #3107, #6684 ) ;
#2359 = DIRECTION ( 'NONE',  ( -0.000000000000000000, -0.000000000000000000, -1.000000000000000000 ) ) ;
#2360 = DIRECTION ( 'NONE',  ( -1.000000000000000000, 0.000000000000000000, 0.000000000000000000 ) ) ;
#2361 = DIRECTION ( 'NONE',  ( -0.000000000000000000, -0.000000000000000000, -1.000000000000000000 ) ) ;
#2362 = VECTOR ( 'NONE', #2691, 1000.000000000000000 ) ;
#2363 = ORIENTED_EDGE ( 'NONE', *, *, #206, .F. ) ;
#2364 = EDGE_CURVE ( 'NONE', #1973, #6978, #2961, .T. ) ;
#2365 = LINE ( 'NONE', #3708, #4994 ) ;
#2366 = EDGE_CURVE ( 'NONE', #4878, #2628, #29, .T. ) ;
#2367 = DIRECTION ( 'NONE',  ( 1.000000000000000000, 0.000000000000000000, 0.000000000000000000 ) ) ;
#2368 = DIRECTION ( 'NONE',  ( -1.000000000000000000, 0.000000000000000000, 0.000000000000000000 ) ) ;
#2369 = EDGE_LOOP ( 'NONE', ( #3950, #2842, #4101, #7576 ) ) ;
#2370 = LINE ( 'NONE', #6103, #2265 ) ;
#2371 = ORIENTED_EDGE ( 'NONE', *, *, #1966, .T. ) ;
#2372 = CARTESIAN_POINT ( 'NONE',  ( -27.00000000000000355, -34.86239308998524677, 6.999999999999999112 ) ) ;
#2373 = DIRECTION ( 'NONE',  ( 1.000000000000000000, 0.000000000000000000, 0.000000000000000000 ) ) ;
#2374 = CARTESIAN_POINT ( 'NONE',  ( -8.000000000000000000, 23.34999999999998010, 7.000000000000000888 ) ) ;
#2375 = EDGE_CURVE ( 'NONE', #1323, #7382, #2305, .T. ) ;
#2376 = DIRECTION ( 'NONE',  ( -1.000000000000000000, 0.000000000000000000, 0.000000000000000000 ) ) ;
#2377 = FACE_BOUND ( 'NONE', #1315, .T. ) ;
#2378 = ORIENTED_EDGE ( 'NONE', *, *, #7409, .T. ) ;
#2379 = DIRECTION ( 'NONE',  ( 1.000000000000000000, 0.000000000000000000, 0.000000000000000000 ) ) ;
#2380 = ORIENTED_EDGE ( 'NONE', *, *, #5069, .F. ) ;
#2381 = ORIENTED_EDGE ( 'NONE', *, *, #3065, .T. ) ;
#2382 = DIRECTION ( 'NONE',  ( 1.000000000000000000, 0.000000000000000000, 0.000000000000000000 ) ) ;
#2383 = PLANE ( 'NONE',  #4420 ) ;
#2384 = ADVANCED_FACE ( 'NONE', ( #5852 ), #285, .T. ) ;
#2385 = CARTESIAN_POINT ( 'NONE',  ( -11.00000000000000178, -43.22269074732326999, 7.000000000000000000 ) ) ;
#2386 = DIRECTION ( 'NONE',  ( 1.000000000000000000, 0.000000000000000000, -0.000000000000000000 ) ) ;
#2387 = VERTEX_POINT ( 'NONE', #4014 ) ;
#2388 = DIRECTION ( 'NONE',  ( -1.000000000000000000, 0.000000000000000000, 0.000000000000000000 ) ) ;
#2389 = ORIENTED_EDGE ( 'NONE', *, *, #7595, .T. ) ;
#2390 = FACE_OUTER_BOUND ( 'NONE', #3250, .T. ) ;
#2391 = ORIENTED_EDGE ( 'NONE', *, *, #5311, .F. ) ;
#2392 = VECTOR ( 'NONE', #6342, 1000.000000000000000 ) ;
#2393 = ADVANCED_FACE ( 'NONE', ( #649 ), #4295, .F. ) ;
#2394 = EDGE_CURVE ( 'NONE', #4432, #5263, #272, .T. ) ;
#2395 = VERTEX_POINT ( 'NONE', #1217 ) ;
#2396 = AXIS2_PLACEMENT_3D ( 'NONE', #3481, #7652, #1596 ) ;
#2397 = CARTESIAN_POINT ( 'NONE',  ( -8.000000000000001776, 35.74406644123207144, -1.000000000000000000 ) ) ;
#2398 = AXIS2_PLACEMENT_3D ( 'NONE', #5771, #2690, #5159 ) ;
#2399 = ORIENTED_EDGE ( 'NONE', *, *, #6047, .F. ) ;
#2400 = ORIENTED_EDGE ( 'NONE', *, *, #2030, .T. ) ;
#2401 = DIRECTION ( 'NONE',  ( -1.000000000000000000, 0.000000000000000000, 0.000000000000000000 ) ) ;
#2402 = CIRCLE ( 'NONE', #5889, 2.999999999999999112 ) ;
#2403 = CIRCLE ( 'NONE', #6024, 1.599999999999999867 ) ;
#2404 = CARTESIAN_POINT ( 'NONE',  ( 13.80000000000000071, -50.12269074732328278, -3.999999999999998224 ) ) ;
#2405 = CARTESIAN_POINT ( 'NONE',  ( -12.71325320972969308, -49.41737925932407194, -5.067784216417874354 ) ) ;
#2406 = DIRECTION ( 'NONE',  ( 0.7071067811865415775, -2.700247089900991230E-16, -0.7071067811865535679 ) ) ;
#2407 = VECTOR ( 'NONE', #3937, 1000.000000000000000 ) ;
#2408 = ORIENTED_EDGE ( 'NONE', *, *, #569, .T. ) ;
#2409 = CARTESIAN_POINT ( 'NONE',  ( -9.449999999999359801, 21.47716791996685259, -1.000000000000000000 ) ) ;
#2410 = LINE ( 'NONE', #3583, #2356 ) ;
#2411 = DIRECTION ( 'NONE',  ( 0.000000000000000000, 0.000000000000000000, 1.000000000000000000 ) ) ;
#2412 = DIRECTION ( 'NONE',  ( 0.7071067811865417996, -0.000000000000000000, 0.7071067811865531239 ) ) ;
#2413 = VERTEX_POINT ( 'NONE', #4948 ) ;
#2414 = ADVANCED_FACE ( 'NONE', ( #2 ), #3733, .F. ) ;
#2415 = FACE_OUTER_BOUND ( 'NONE', #1683, .T. ) ;
#2416 = CARTESIAN_POINT ( 'NONE',  ( 6.425409930534610403, 23.63401780426756460, -5.500000000000000000 ) ) ;
#2417 = CARTESIAN_POINT ( 'NONE',  ( -5.933350533826674322, 23.72277336810118342, -5.500000000000000000 ) ) ;
#2418 = CARTESIAN_POINT ( 'NONE',  ( -11.00000000000000000, 5.849999999999910827, -6.350000000000000533 ) ) ;
#2419 = FACE_OUTER_BOUND ( 'NONE', #6158, .T. ) ;
#2420 = AXIS2_PLACEMENT_3D ( 'NONE', #5985, #4684, #417 ) ;
#2421 = EDGE_LOOP ( 'NONE', ( #1222, #4178, #5837, #905 ) ) ;
#2422 = FACE_OUTER_BOUND ( 'NONE', #6175, .T. ) ;
#2423 = VERTEX_POINT ( 'NONE', #5516 ) ;
#2424 = EDGE_CURVE ( 'NONE', #4145, #7902, #6110, .T. ) ;
#2425 = ORIENTED_EDGE ( 'NONE', *, *, #1799, .T. ) ;
#2426 = VECTOR ( 'NONE', #4392, 1000.000000000000000 ) ;
#2427 = LINE ( 'NONE', #7376, #2819 ) ;
#2428 = CARTESIAN_POINT ( 'NONE',  ( 0.000000000000000000, -41.00000000000000000, -5.500000000000000000 ) ) ;
#2429 = DIRECTION ( 'NONE',  ( -0.000000000000000000, -0.000000000000000000, -1.000000000000000000 ) ) ;
#2430 = CIRCLE ( 'NONE', #4622, 3.000000000000004441 ) ;
#2431 = CARTESIAN_POINT ( 'NONE',  ( 11.53333333333335808, -37.92185223922957249, -5.500000000000000000 ) ) ;
#2432 = DIRECTION ( 'NONE',  ( -0.000000000000000000, -0.000000000000000000, 1.000000000000000000 ) ) ;
#2433 = VERTEX_POINT ( 'NONE', #5600 ) ;
#2434 = VERTEX_POINT ( 'NONE', #7380 ) ;
#2435 = CARTESIAN_POINT ( 'NONE',  ( -11.00000000000000000, 5.849999999999910827, -6.349999999999999645 ) ) ;
#2436 = AXIS2_PLACEMENT_3D ( 'NONE', #5343, #7292, #2382 ) ;
#2437 = ORIENTED_EDGE ( 'NONE', *, *, #1578, .T. ) ;
#2438 = EDGE_CURVE ( 'NONE', #6120, #1456, #4423, .T. ) ;
#2439 = AXIS2_PLACEMENT_3D ( 'NONE', #1739, #1265, #3740 ) ;
#2440 = ORIENTED_EDGE ( 'NONE', *, *, #5817, .F. ) ;
#2441 = CARTESIAN_POINT ( 'NONE',  ( 30.14487539711820929, 2.220446049250313081E-13, -7.000000000000000000 ) ) ;
#2442 = CIRCLE ( 'NONE', #6848, 4.000000000000000000 ) ;
#2443 = ORIENTED_EDGE ( 'NONE', *, *, #1479, .T. ) ;
#2444 = ORIENTED_EDGE ( 'NONE', *, *, #542, .F. ) ;
#2445 = EDGE_CURVE ( 'NONE', #4245, #871, #3170, .T. ) ;
#2446 = CARTESIAN_POINT ( 'NONE',  ( 13.00000000000000178, -43.22269074732326999, 5.000000000000000000 ) ) ;
#2447 = EDGE_CURVE ( 'NONE', #204, #896, #1943, .T. ) ;
#2448 = AXIS2_PLACEMENT_3D ( 'NONE', #7835, #1629, #3584 ) ;
#2449 = DIRECTION ( 'NONE',  ( -2.458770321877971596E-16, -1.000000000000000000, 0.000000000000000000 ) ) ;
#2450 = VERTEX_POINT ( 'NONE', #6859 ) ;
#2451 = CARTESIAN_POINT ( 'NONE',  ( -13.00000000000000178, -43.22269074732326999, 7.000000000000000000 ) ) ;
#2452 = DIRECTION ( 'NONE',  ( 0.000000000000000000, 0.000000000000000000, -1.000000000000000000 ) ) ;
#2453 = CARTESIAN_POINT ( 'NONE',  ( -8.676806735756560585, -46.62269074732328988, -3.999999999999998224 ) ) ;
#2454 = CARTESIAN_POINT ( 'NONE',  ( -12.72008990938600093, -49.42780120491419638, -2.941692307050859601 ) ) ;
#2455 = ORIENTED_EDGE ( 'NONE', *, *, #1224, .T. ) ;
#2456 = DIRECTION ( 'NONE',  ( -1.000000000000000000, -0.000000000000000000, -0.000000000000000000 ) ) ;
#2457 = DIRECTION ( 'NONE',  ( 0.000000000000000000, 0.000000000000000000, -1.000000000000000000 ) ) ;
#2458 = CARTESIAN_POINT ( 'NONE',  ( 37.80531982830802207, -6.427876096865348998, 7.000000000000000000 ) ) ;
#2459 = CARTESIAN_POINT ( 'NONE',  ( -30.14487539711820929, 0.000000000000000000, -7.000000000000000000 ) ) ;
#2460 = DIRECTION ( 'NONE',  ( 1.000000000000000000, 0.000000000000000000, 0.000000000000000000 ) ) ;
#2461 = EDGE_CURVE ( 'NONE', #6195, #4913, #7266, .T. ) ;
#2462 = ORIENTED_EDGE ( 'NONE', *, *, #1978, .T. ) ;
#2463 = DIRECTION ( 'NONE',  ( 0.000000000000000000, 0.000000000000000000, 1.000000000000000000 ) ) ;
#2464 = ORIENTED_EDGE ( 'NONE', *, *, #2168, .F. ) ;
#2465 = ORIENTED_EDGE ( 'NONE', *, *, #1503, .F. ) ;
#2466 = CARTESIAN_POINT ( 'NONE',  ( -11.00000000000000355, -50.45110689472375043, -5.500000000000000000 ) ) ;
#2467 = CARTESIAN_POINT ( 'NONE',  ( -13.00000000000000178, -43.22269074732326999, 7.000000000000000000 ) ) ;
#2468 = DIRECTION ( 'NONE',  ( -1.000000000000000000, 0.000000000000000000, 0.000000000000000000 ) ) ;
#2469 = DIRECTION ( 'NONE',  ( 0.000000000000000000, 0.000000000000000000, -1.000000000000000000 ) ) ;
#2470 = CARTESIAN_POINT ( 'NONE',  ( -5.000000000000000888, 29.74406644123207144, 7.000000000000000000 ) ) ;
#2471 = EDGE_CURVE ( 'NONE', #3938, #7065, #3690, .T. ) ;
#2472 = CARTESIAN_POINT ( 'NONE',  ( -22.25590207615680427, 24.24406644123207499, -4.000000000000000000 ) ) ;
#2473 = VERTEX_POINT ( 'NONE', #1255 ) ;
#2474 = DIRECTION ( 'NONE',  ( -0.000000000000000000, -0.000000000000000000, 1.000000000000000000 ) ) ;
#2475 = AXIS2_PLACEMENT_3D ( 'NONE', #3868, #5702, #5087 ) ;
#2476 = ORIENTED_EDGE ( 'NONE', *, *, #4293, .F. ) ;
#2477 = ORIENTED_EDGE ( 'NONE', *, *, #5817, .T. ) ;
#2478 = VECTOR ( 'NONE', #7418, 1000.000000000000000 ) ;
#2479 = FACE_OUTER_BOUND ( 'NONE', #3276, .T. ) ;
#2480 = EDGE_CURVE ( 'NONE', #1529, #5746, #4415, .T. ) ;
#2481 = ORIENTED_EDGE ( 'NONE', *, *, #7273, .F. ) ;
#2482 = ORIENTED_EDGE ( 'NONE', *, *, #2619, .F. ) ;
#2483 = LINE ( 'NONE', #4962, #5776 ) ;
#2484 = CIRCLE ( 'NONE', #5724, 1.899999999999999023 ) ;
#2485 = VECTOR ( 'NONE', #117, 1000.000000000000000 ) ;
#2486 = DIRECTION ( 'NONE',  ( -0.000000000000000000, -0.000000000000000000, 1.000000000000000000 ) ) ;
#2487 = FILL_AREA_STYLE_COLOUR ( '', #7783 ) ;
#2488 = ORIENTED_EDGE ( 'NONE', *, *, #6959, .F. ) ;
#2489 = DIRECTION ( 'NONE',  ( -0.000000000000000000, -0.000000000000000000, -1.000000000000000000 ) ) ;
#2490 = EDGE_CURVE ( 'NONE', #5300, #2434, #6168, .T. ) ;
#2491 = CARTESIAN_POINT ( 'NONE',  ( -5.933350533826674322, 23.72277336810118342, 7.000000000000000000 ) ) ;
#2492 = EDGE_CURVE ( 'NONE', #5232, #5188, #5602, .T. ) ;
#2493 = VECTOR ( 'NONE', #796, 1000.000000000000000 ) ;
#2494 = DIRECTION ( 'NONE',  ( 1.000000000000000000, 0.000000000000000000, 0.000000000000000000 ) ) ;
#2495 = DIRECTION ( 'NONE',  ( -1.000000000000000000, 6.776263578034408105E-18, 0.000000000000000000 ) ) ;
#2496 = VERTEX_POINT ( 'NONE', #5562 ) ;
#2497 = CIRCLE ( 'NONE', #4691, 2.000000000000000000 ) ;
#2498 = DIRECTION ( 'NONE',  ( -0.000000000000000000, -0.000000000000000000, -1.000000000000000000 ) ) ;
#2499 = CARTESIAN_POINT ( 'NONE',  ( 6.605095560780593900, 24.13373567319981561, -0.9999999999999995559 ) ) ;
#2500 = LINE ( 'NONE', #6235, #3216 ) ;
#2501 = EDGE_CURVE ( 'NONE', #788, #5077, #5325, .T. ) ;
#2502 = DIRECTION ( 'NONE',  ( 0.000000000000000000, 0.000000000000000000, -1.000000000000000000 ) ) ;
#2503 = ORIENTED_EDGE ( 'NONE', *, *, #3480, .T. ) ;
#2504 = CARTESIAN_POINT ( 'NONE',  ( 8.000000000000000000, 32.38981775229666482, -4.000000000000000000 ) ) ;
#2505 = EDGE_LOOP ( 'NONE', ( #7148, #5879, #2262, #6182 ) ) ;
#2506 = EDGE_LOOP ( 'NONE', ( #2033, #2115, #2809, #6446 ) ) ;
#2507 = DIRECTION ( 'NONE',  ( 1.000000000000000000, 0.000000000000000000, 0.000000000000000000 ) ) ;
#2508 = CARTESIAN_POINT ( 'NONE',  ( -5.000000000000000888, 29.74406644123207144, -3.000000000000000000 ) ) ;
#2509 = CYLINDRICAL_SURFACE ( 'NONE', #4364, 4.000000000000000000 ) ;
#2510 = DIRECTION ( 'NONE',  ( 1.000000000000000000, -0.000000000000000000, 0.000000000000000000 ) ) ;
#2511 = PLANE ( 'NONE',  #3939 ) ;
#2512 = CARTESIAN_POINT ( 'NONE',  ( -14.99999999999999467, -59.22269074732326999, -1.000000000000000000 ) ) ;
#2513 = DIRECTION ( 'NONE',  ( -0.000000000000000000, -0.000000000000000000, -1.000000000000000000 ) ) ;
#2514 = ORIENTED_EDGE ( 'NONE', *, *, #6993, .T. ) ;
#2515 = DIRECTION ( 'NONE',  ( 0.000000000000000000, -0.000000000000000000, -1.000000000000000000 ) ) ;
#2516 = EDGE_LOOP ( 'NONE', ( #7653, #4368, #11, #4061 ) ) ;
#2517 = EDGE_CURVE ( 'NONE', #7908, #3334, #5638, .T. ) ;
#2518 = EDGE_CURVE ( 'NONE', #4801, #7776, #2343, .T. ) ;
#2519 = CARTESIAN_POINT ( 'NONE',  ( 8.676806735756557032, -46.62269074732328278, -3.999999999999996447 ) ) ;
#2520 = VERTEX_POINT ( 'NONE', #7501 ) ;
#2521 = AXIS2_PLACEMENT_3D ( 'NONE', #5153, #808, #7135 ) ;
#2522 = VERTEX_POINT ( 'NONE', #3806 ) ;
#2523 = DIRECTION ( 'NONE',  ( 1.000000000000000000, 0.000000000000000000, 0.000000000000000000 ) ) ;
#2524 = EDGE_CURVE ( 'NONE', #1227, #5593, #3046, .T. ) ;
#2525 = FACE_OUTER_BOUND ( 'NONE', #5084, .T. ) ;
#2526 = CARTESIAN_POINT ( 'NONE',  ( -17.00000000000000000, -35.99427459992278244, 6.999999999999999112 ) ) ;
#2527 = CIRCLE ( 'NONE', #5239, 9.999999999999960920 ) ;
#2528 = VERTEX_POINT ( 'NONE', #4910 ) ;
#2529 = FACE_OUTER_BOUND ( 'NONE', #6075, .T. ) ;
#2530 = DIRECTION ( 'NONE',  ( 0.000000000000000000, 0.000000000000000000, 1.000000000000000000 ) ) ;
#2531 = CARTESIAN_POINT ( 'NONE',  ( -10.85666408398309279, -48.30028228415922342, -2.394002552564380881 ) ) ;
#2532 = CARTESIAN_POINT ( 'NONE',  ( 22.25590207615663729, 24.24406644123207499, -4.000000000000000000 ) ) ;
#2533 =( GEOMETRIC_REPRESENTATION_CONTEXT ( 3 ) GLOBAL_UNCERTAINTY_ASSIGNED_CONTEXT ( ( #460 ) ) GLOBAL_UNIT_ASSIGNED_CONTEXT ( ( #2867, #383, #6521 ) ) REPRESENTATION_CONTEXT ( 'NONE', 'WORKASPACE' ) );
#2534 = VECTOR ( 'NONE', #4565, 1000.000000000000000 ) ;
#2535 = ORIENTED_EDGE ( 'NONE', *, *, #1448, .F. ) ;
#2536 = ADVANCED_FACE ( 'NONE', ( #1818 ), #1985, .F. ) ;
#2537 = CIRCLE ( 'NONE', #3827, 2.000000000000000888 ) ;
#2538 = CARTESIAN_POINT ( 'NONE',  ( -27.25605529807277705, -19.00000000000001066, 6.999999999999999112 ) ) ;
#2539 = CARTESIAN_POINT ( 'NONE',  ( -27.00000000000000355, -34.86239308998524677, -7.000000000000000000 ) ) ;
#2540 = DIRECTION ( 'NONE',  ( -1.000000000000000000, 0.000000000000000000, 0.000000000000000000 ) ) ;
#2541 = AXIS2_PLACEMENT_3D ( 'NONE', #7542, #3174, #2026 ) ;
#2542 = DIRECTION ( 'NONE',  ( -0.000000000000000000, -0.000000000000000000, -1.000000000000000000 ) ) ;
#2543 = VECTOR ( 'NONE', #3734, 1000.000000000000000 ) ;
#2544 = ORIENTED_EDGE ( 'NONE', *, *, #4615, .T. ) ;
#2545 = LINE ( 'NONE', #6320, #1366 ) ;
#2546 = EDGE_LOOP ( 'NONE', ( #5723, #867 ) ) ;
#2547 = EDGE_CURVE ( 'NONE', #5802, #2162, #5200, .T. ) ;
#2548 = ORIENTED_EDGE ( 'NONE', *, *, #6656, .F. ) ;
#2549 = EDGE_CURVE ( 'NONE', #1326, #5799, #6364, .T. ) ;
#2550 = CARTESIAN_POINT ( 'NONE',  ( 12.60000000000000142, 5.849999999999910827, -5.500000000000000000 ) ) ;
#2551 = CARTESIAN_POINT ( 'NONE',  ( 8.000000000000000000, 37.74406644123207144, 7.000000000000000000 ) ) ;
#2552 = PLANE ( 'NONE',  #1637 ) ;
#2553 = VECTOR ( 'NONE', #6598, 1000.000000000000000 ) ;
#2554 = CYLINDRICAL_SURFACE ( 'NONE', #2213, 4.000000000000000000 ) ;
#2555 = CARTESIAN_POINT ( 'NONE',  ( 5.000000000000000888, 29.74406644123207144, 7.000000000000000000 ) ) ;
#2556 = FACE_OUTER_BOUND ( 'NONE', #5291, .T. ) ;
#2557 = CARTESIAN_POINT ( 'NONE',  ( -9.449999999999359801, 19.24406644123204302, -1.000000000000000000 ) ) ;
#2558 = ORIENTED_EDGE ( 'NONE', *, *, #6366, .T. ) ;
#2560 = AXIS2_PLACEMENT_3D ( 'NONE', #4606, #1518, #6397 ) ;
#2559 = CARTESIAN_POINT ( 'NONE',  ( -13.00000000000000355, -54.22269074732326999, -1.000000000000000000 ) ) ;
#2561 = ORIENTED_EDGE ( 'NONE', *, *, #5365, .T. ) ;
#2562 = VECTOR ( 'NONE', #1542, 1000.000000000000000 ) ;
#2563 = VECTOR ( 'NONE', #6801, 1000.000000000000000 ) ;
#2564 = CARTESIAN_POINT ( 'NONE',  ( -13.00000000000000178, -35.99427459992278244, -1.000000000000000888 ) ) ;
#2565 = VECTOR ( 'NONE', #7454, 1000.000000000000000 ) ;
#2566 = EDGE_CURVE ( 'NONE', #510, #6138, #3656, .T. ) ;
#2567 = EDGE_LOOP ( 'NONE', ( #1164, #4703 ) ) ;
#2568 = VECTOR ( 'NONE', #3813, 1000.000000000000000 ) ;
#2569 = ORIENTED_EDGE ( 'NONE', *, *, #7371, .F. ) ;
#2570 = ORIENTED_EDGE ( 'NONE', *, *, #4532, .F. ) ;
#2571 = DIRECTION ( 'NONE',  ( -0.000000000000000000, -0.000000000000000000, -1.000000000000000000 ) ) ;
#2572 = DIRECTION ( 'NONE',  ( -0.000000000000000000, -0.000000000000000000, -1.000000000000000000 ) ) ;
#2573 = CARTESIAN_POINT ( 'NONE',  ( 25.49999999999999645, 7.850000000000004974, -7.000000000000000000 ) ) ;
#2574 = EDGE_CURVE ( 'NONE', #2433, #2798, #2130, .T. ) ;
#2575 = CARTESIAN_POINT ( 'NONE',  ( 3.850000000000089351, 19.24406644123204302, 6.999999999999999112 ) ) ;
#2576 = CARTESIAN_POINT ( 'NONE',  ( 9.326893062255804168, 24.24406644123207499, 7.000000000000000888 ) ) ;
#2577 = AXIS2_PLACEMENT_3D ( 'NONE', #4598, #2938, #1670 ) ;
#2578 = VERTEX_POINT ( 'NONE', #6329 ) ;
#2579 = CARTESIAN_POINT ( 'NONE',  ( 8.000000000000000000, 23.34999999999998010, -9.650000000000000355 ) ) ;
#2580 = DIRECTION ( 'NONE',  ( 0.000000000000000000, 0.000000000000000000, 1.000000000000000000 ) ) ;
#2581 = DIRECTION ( 'NONE',  ( 0.000000000000000000, -1.000000000000000000, 0.000000000000000000 ) ) ;
#2582 = CARTESIAN_POINT ( 'NONE',  ( -13.80000000000000071, -48.22269074732328420, -3.999999999999998224 ) ) ;
#2583 = EDGE_CURVE ( 'NONE', #6436, #6076, #5181, .T. ) ;
#2584 = VERTEX_POINT ( 'NONE', #5221 ) ;
#2585 = CARTESIAN_POINT ( 'NONE',  ( 21.50000000000000000, 16.85000000000000142, -7.000000000000000000 ) ) ;
#2586 = VERTEX_POINT ( 'NONE', #2059 ) ;
#2587 = EDGE_LOOP ( 'NONE', ( #4467, #7711, #6756, #1646 ) ) ;
#2588 = DIRECTION ( 'NONE',  ( -1.000000000000000000, 0.000000000000000000, 0.000000000000000000 ) ) ;
#2589 = DIRECTION ( 'NONE',  ( -1.000000000000000000, -1.734723475976807587E-16, -0.000000000000000000 ) ) ;
#2590 = LINE ( 'NONE', #5713, #4618 ) ;
#2591 = CYLINDRICAL_SURFACE ( 'NONE', #6631, 2.999999999999999112 ) ;
#2592 = DIRECTION ( 'NONE',  ( 1.000000000000000000, 0.000000000000000000, 0.000000000000000000 ) ) ;
#2593 = ADVANCED_FACE ( 'NONE', ( #4610, #3321 ), #7046, .F. ) ;
#2594 = CARTESIAN_POINT ( 'NONE',  ( 17.00000000000000711, -43.22269074732326999, 5.000000000000000000 ) ) ;
#2595 = EDGE_CURVE ( 'NONE', #5173, #7758, #3402, .T. ) ;
#2596 = LINE ( 'NONE', #5172, #6545 ) ;
#2597 = ORIENTED_EDGE ( 'NONE', *, *, #6366, .F. ) ;
#2598 = CARTESIAN_POINT ( 'NONE',  ( 11.00000000000000000, 5.849999999999910827, -7.000000000000000000 ) ) ;
#2599 = ORIENTED_EDGE ( 'NONE', *, *, #2695, .T. ) ;
#2600 = B_SPLINE_CURVE_WITH_KNOTS ( 'NONE', 3,
 ( #5218, #7685, #229, #2709, #5178, #4685, #2127, #340, #2824, #7647, #5294, #1592 ),
 .UNSPECIFIED., .F., .F.,
 ( 4, 2, 2, 2, 2, 4 ),
 ( 0.004252686467770226512, 0.004819489009735141230, 0.005102890280717601625, 0.005386291551700062019, 0.005953094093664984543, 0.006519896635629907934 ),
 .UNSPECIFIED. ) ;
#2601 = LINE ( 'NONE', #5106, #7358 ) ;
#2602 = VECTOR ( 'NONE', #7111, 1000.000000000000000 ) ;
#2603 = B_SPLINE_CURVE_WITH_KNOTS ( 'NONE', 3,
 ( #3017, #4879, #7951, #4311, #4222, #6139, #3704, #5574 ),
 .UNSPECIFIED., .F., .F.,
 ( 4, 2, 2, 4 ),
 ( 0.000000000000000000, 0.001395800604432468695, 0.002093700906648703151, 0.002791601208864937390 ),
 .UNSPECIFIED. ) ;
#2604 = ORIENTED_EDGE ( 'NONE', *, *, #6270, .F. ) ;
#2605 = ORIENTED_EDGE ( 'NONE', *, *, #634, .T. ) ;
#2606 = VECTOR ( 'NONE', #3500, 1000.000000000000114 ) ;
#2607 = EDGE_CURVE ( 'NONE', #5123, #1694, #7539, .T. ) ;
#2608 = ORIENTED_EDGE ( 'NONE', *, *, #921, .T. ) ;
#2609 = CARTESIAN_POINT ( 'NONE',  ( -13.00000000000000355, -50.45110689472375043, -5.500000000000000000 ) ) ;
#2610 = CARTESIAN_POINT ( 'NONE',  ( -11.53333333333333499, -48.52352925541694617, -1.000000000000000000 ) ) ;
#2611 = CARTESIAN_POINT ( 'NONE',  ( -8.868241921797839211, -46.85329451415210400, -3.168333728117691539 ) ) ;
#2612 = LINE ( 'NONE', #7517, #5249 ) ;
#2613 = AXIS2_PLACEMENT_3D ( 'NONE', #2512, #4987, #1858 ) ;
#2614 = AXIS2_PLACEMENT_3D ( 'NONE', #5335, #7085, #1520 ) ;
#2615 = CARTESIAN_POINT ( 'NONE',  ( -27.96285684503430602, -6.175863910285076308, -5.500000000000000000 ) ) ;
#2616 = ORIENTED_EDGE ( 'NONE', *, *, #7628, .T. ) ;
#2617 = DIRECTION ( 'NONE',  ( -0.6427876096865351441, -0.7660444431189815662, 0.000000000000000000 ) ) ;
#2618 = DIRECTION ( 'NONE',  ( -1.000000000000000000, 0.000000000000000000, 0.000000000000000000 ) ) ;
#2619 = EDGE_CURVE ( 'NONE', #7306, #1948, #1481, .T. ) ;
#2620 = PLANE ( 'NONE',  #846 ) ;
#2621 = EDGE_CURVE ( 'NONE', #5827, #3357, #7086, .T. ) ;
#2622 = CIRCLE ( 'NONE', #7280, 1.600000000000002531 ) ;
#2623 = CIRCLE ( 'NONE', #7540, 5.049999999999998934 ) ;
#2624 = DIRECTION ( 'NONE',  ( 0.000000000000000000, 0.000000000000000000, -1.000000000000000000 ) ) ;
#2625 = EDGE_LOOP ( 'NONE', ( #5319, #5730 ) ) ;
#2626 = DIRECTION ( 'NONE',  ( -0.000000000000000000, -0.000000000000000000, -1.000000000000000000 ) ) ;
#2627 = AXIS2_PLACEMENT_3D ( 'NONE', #984, #7192, #6016 ) ;
#2628 = VERTEX_POINT ( 'NONE', #156 ) ;
#2629 = ORIENTED_EDGE ( 'NONE', *, *, #7451, .T. ) ;
#2630 = FACE_OUTER_BOUND ( 'NONE', #3801, .T. ) ;
#2631 = DIRECTION ( 'NONE',  ( 1.000000000000000000, 0.000000000000000000, 0.000000000000000000 ) ) ;
#2632 = FACE_OUTER_BOUND ( 'NONE', #2645, .T. ) ;
#2633 = EDGE_CURVE ( 'NONE', #6243, #771, #764, .T. ) ;
#2634 = CARTESIAN_POINT ( 'NONE',  ( -6.999999999999998224, 5.849999999999910827, -9.650000000000000355 ) ) ;
#2635 = DIRECTION ( 'NONE',  ( 0.000000000000000000, 0.000000000000000000, 1.000000000000000000 ) ) ;
#2636 = DIRECTION ( 'NONE',  ( 1.000000000000000000, 0.000000000000000000, 0.000000000000000000 ) ) ;
#2637 = VERTEX_POINT ( 'NONE', #5716 ) ;
#2638 = CARTESIAN_POINT ( 'NONE',  ( 11.00000000000000000, 5.849999999999910827, 7.000000000000000888 ) ) ;
#2639 = ORIENTED_EDGE ( 'NONE', *, *, #1515, .T. ) ;
#2640 = ADVANCED_FACE ( 'NONE', ( #5099, #4495 ), #5755, .T. ) ;
#2641 = CYLINDRICAL_SURFACE ( 'NONE', #3597, 2.000000000000000888 ) ;
#2642 = ORIENTED_EDGE ( 'NONE', *, *, #6346, .F. ) ;
#2643 = VERTEX_POINT ( 'NONE', #7651 ) ;
#2644 = EDGE_CURVE ( 'NONE', #850, #5644, #4162, .T. ) ;
#2645 = EDGE_LOOP ( 'NONE', ( #5890, #4301, #5757, #1895 ) ) ;
#2646 = CARTESIAN_POINT ( 'NONE',  ( -15.90000000000000036, -5.150000000000045652, -7.000000000000000000 ) ) ;
#2647 = DIRECTION ( 'NONE',  ( 1.000000000000000000, 0.000000000000000000, 0.000000000000000000 ) ) ;
#2648 = FACE_OUTER_BOUND ( 'NONE', #5022, .T. ) ;
#2649 = VECTOR ( 'NONE', #5853, 1000.000000000000000 ) ;
#2650 = DIRECTION ( 'NONE',  ( -0.000000000000000000, -0.000000000000000000, -1.000000000000000000 ) ) ;
#2651 = ORIENTED_EDGE ( 'NONE', *, *, #7352, .F. ) ;
#2652 = CIRCLE ( 'NONE', #5885, 5.499999999999998224 ) ;
#2653 = DIRECTION ( 'NONE',  ( -0.000000000000000000, -0.000000000000000000, 1.000000000000000000 ) ) ;
#2654 = DIRECTION ( 'NONE',  ( 0.000000000000000000, 0.000000000000000000, -1.000000000000000000 ) ) ;
#2655 = DIRECTION ( 'NONE',  ( -0.000000000000000000, -0.000000000000000000, -1.000000000000000000 ) ) ;
#2656 = VECTOR ( 'NONE', #4076, 1000.000000000000000 ) ;
#2657 = DIRECTION ( 'NONE',  ( 1.000000000000000000, 0.000000000000000000, 0.000000000000000000 ) ) ;
#2658 = CIRCLE ( 'NONE', #318, 2.000000000000001776 ) ;
#2659 = EDGE_CURVE ( 'NONE', #1449, #1541, #3396, .T. ) ;
#2660 = CIRCLE ( 'NONE', #4075, 5.499999999999998224 ) ;
#2661 = ORIENTED_EDGE ( 'NONE', *, *, #2683, .F. ) ;
#2662 = DIRECTION ( 'NONE',  ( 0.000000000000000000, 0.000000000000000000, -1.000000000000000000 ) ) ;
#2663 = VERTEX_POINT ( 'NONE', #4534 ) ;
#2664 = VERTEX_POINT ( 'NONE', #1410 ) ;
#2665 = CARTESIAN_POINT ( 'NONE',  ( 15.00000000000000000, 5.849999999999910827, -9.650000000000000355 ) ) ;
#2666 = LINE ( 'NONE', #7455, #4679 ) ;
#2667 = CARTESIAN_POINT ( 'NONE',  ( 8.938795477144314106, -46.93237470313765414, -4.949682652666392180 ) ) ;
#2668 = VECTOR ( 'NONE', #6093, 1000.000000000000000 ) ;
#2669 = VECTOR ( 'NONE', #2879, 1000.000000000000000 ) ;
#2670 = AXIS2_PLACEMENT_3D ( 'NONE', #3331, #2104, #5269 ) ;
#2671 = DIRECTION ( 'NONE',  ( 1.000000000000000000, 0.000000000000000000, 0.000000000000000000 ) ) ;
#2672 = DIRECTION ( 'NONE',  ( 0.000000000000000000, 0.000000000000000000, 1.000000000000000000 ) ) ;
#2673 = DIRECTION ( 'NONE',  ( -0.000000000000000000, -0.000000000000000000, 1.000000000000000000 ) ) ;
#2674 = EDGE_CURVE ( 'NONE', #3743, #262, #1195, .T. ) ;
#2675 = ORIENTED_EDGE ( 'NONE', *, *, #6877, .F. ) ;
#2676 = DIRECTION ( 'NONE',  ( -0.000000000000000000, -0.000000000000000000, -1.000000000000000000 ) ) ;
#2677 = EDGE_LOOP ( 'NONE', ( #336, #338 ) ) ;
#2678 = AXIS2_PLACEMENT_3D ( 'NONE', #6067, #7320, #4278 ) ;
#2679 = CARTESIAN_POINT ( 'NONE',  ( 13.00000000000000178, -43.22269074732326999, -3.000000000000000000 ) ) ;
#2680 = VECTOR ( 'NONE', #75, 1000.000000000000000 ) ;
#2681 = ORIENTED_EDGE ( 'NONE', *, *, #324, .F. ) ;
#2682 = CARTESIAN_POINT ( 'NONE',  ( 12.49090634719325088, -49.11363056473982169, -2.668050110095462557 ) ) ;
#2683 = EDGE_CURVE ( 'NONE', #4003, #6076, #6445, .T. ) ;
#2684 = ORIENTED_EDGE ( 'NONE', *, *, #746, .F. ) ;
#2685 = VECTOR ( 'NONE', #2498, 1000.000000000000000 ) ;
#2686 = ORIENTED_EDGE ( 'NONE', *, *, #7549, .T. ) ;
#2687 = AXIS2_PLACEMENT_3D ( 'NONE', #4251, #1168, #3644 ) ;
#2688 = VERTEX_POINT ( 'NONE', #1558 ) ;
#2689 = VECTOR ( 'NONE', #6567, 1000.000000000000000 ) ;
#2690 = DIRECTION ( 'NONE',  ( 0.000000000000000000, 0.000000000000000000, -1.000000000000000000 ) ) ;
#2691 = DIRECTION ( 'NONE',  ( -7.127781821258276232E-15, 1.000000000000000000, -0.000000000000000000 ) ) ;
#2692 = AXIS2_PLACEMENT_3D ( 'NONE', #1568, #962, #884 ) ;
#2693 = DIRECTION ( 'NONE',  ( 1.000000000000000000, -3.818726056296495018E-16, 0.000000000000000000 ) ) ;
#2694 = EDGE_CURVE ( 'NONE', #4405, #1936, #4428, .T. ) ;
#2695 = EDGE_CURVE ( 'NONE', #3735, #5123, #2097, .T. ) ;
#2696 = DIRECTION ( 'NONE',  ( 1.000000000000000000, 0.000000000000000000, 0.000000000000000000 ) ) ;
#2697 = ORIENTED_EDGE ( 'NONE', *, *, #4768, .T. ) ;
#2698 = CIRCLE ( 'NONE', #8011, 5.500000000000000000 ) ;
#2699 = DIRECTION ( 'NONE',  ( -0.000000000000000000, -0.000000000000000000, -1.000000000000000000 ) ) ;
#2700 = CARTESIAN_POINT ( 'NONE',  ( 30.14487539711820929, 2.220446049250313081E-13, -5.000000000000000000 ) ) ;
#2701 = DIRECTION ( 'NONE',  ( -0.000000000000000000, -0.000000000000000000, 1.000000000000000000 ) ) ;
#2702 = CARTESIAN_POINT ( 'NONE',  ( 8.000000000000000000, 29.74406644123207144, -7.000000000000000000 ) ) ;
#2703 = VECTOR ( 'NONE', #3025, 1000.000000000000000 ) ;
#2704 = ORIENTED_EDGE ( 'NONE', *, *, #4532, .T. ) ;
#2705 = DIRECTION ( 'NONE',  ( 1.000000000000000000, 0.000000000000000000, -0.000000000000000000 ) ) ;
#2706 = ORIENTED_EDGE ( 'NONE', *, *, #3614, .T. ) ;
#2707 = ORIENTED_EDGE ( 'NONE', *, *, #5032, .F. ) ;
#2708 = CARTESIAN_POINT ( 'NONE',  ( 22.25590207615663729, 24.24406644123207499, -1.000000000000000000 ) ) ;
#2709 = CARTESIAN_POINT ( 'NONE',  ( -8.783908166709043286, -46.75487196632149534, -4.643448901866436884 ) ) ;
#2710 = DIRECTION ( 'NONE',  ( 1.000000000000000000, 0.000000000000000000, 0.000000000000000000 ) ) ;
#2711 = AXIS2_PLACEMENT_3D ( 'NONE', #3495, #5968, #5233 ) ;
#2712 = EDGE_CURVE ( 'NONE', #786, #5706, #5207, .T. ) ;
#2713 = DIRECTION ( 'NONE',  ( 1.000000000000000000, 0.000000000000000000, 0.000000000000000000 ) ) ;
#2714 = DIRECTION ( 'NONE',  ( 1.000000000000000000, 0.000000000000000000, -0.000000000000000000 ) ) ;
#2715 = PLANE ( 'NONE',  #6294 ) ;
#2716 = VERTEX_POINT ( 'NONE', #1640 ) ;
#2717 = FACE_OUTER_BOUND ( 'NONE', #5074, .T. ) ;
#2718 = ORIENTED_EDGE ( 'NONE', *, *, #3877, .F. ) ;
#2719 = EDGE_CURVE ( 'NONE', #6821, #6043, #2331, .T. ) ;
#2720 = DIRECTION ( 'NONE',  ( -0.000000000000000000, -0.000000000000000000, -1.000000000000000000 ) ) ;
#2721 = ORIENTED_EDGE ( 'NONE', *, *, #4070, .T. ) ;
#2722 = CARTESIAN_POINT ( 'NONE',  ( 11.75669870884230050, -48.59614230502796772, -2.443328926473411045 ) ) ;
#2723 = ORIENTED_EDGE ( 'NONE', *, *, #4431, .T. ) ;
#2724 = VERTEX_POINT ( 'NONE', #6072 ) ;
#2725 = EDGE_CURVE ( 'NONE', #3014, #766, #5989, .T. ) ;
#2726 = ORIENTED_EDGE ( 'NONE', *, *, #1689, .F. ) ;
#2727 = DIRECTION ( 'NONE',  ( 0.000000000000000000, -0.000000000000000000, -1.000000000000000000 ) ) ;
#2728 = CARTESIAN_POINT ( 'NONE',  ( -8.000000000000261124, 37.74406644123207144, -4.000000000000000000 ) ) ;
#2729 = FACE_OUTER_BOUND ( 'NONE', #3330, .T. ) ;
#2730 = CARTESIAN_POINT ( 'NONE',  ( -13.00000000000000355, -48.72269074732326288, -1.000000000000000000 ) ) ;
#2731 = AXIS2_PLACEMENT_3D ( 'NONE', #4647, #4570, #6517 ) ;
#2732 = EDGE_LOOP ( 'NONE', ( #4920, #2465, #882, #4465 ) ) ;
#2733 = DIRECTION ( 'NONE',  ( -0.7660444431189815662, 0.6427876096865351441, 0.000000000000000000 ) ) ;
#2734 = LINE ( 'NONE', #2117, #3138 ) ;
#2735 = FACE_OUTER_BOUND ( 'NONE', #6317, .T. ) ;
#2736 = EDGE_CURVE ( 'NONE', #184, #2473, #4115, .T. ) ;
#2737 = AXIS2_PLACEMENT_3D ( 'NONE', #607, #7422, #2592 ) ;
#2738 = CYLINDRICAL_SURFACE ( 'NONE', #3099, 2.000000000000000000 ) ;
#2739 = DIRECTION ( 'NONE',  ( -0.000000000000000000, -0.000000000000000000, -1.000000000000000000 ) ) ;
#2740 = ORIENTED_EDGE ( 'NONE', *, *, #6261, .F. ) ;
#2741 = VECTOR ( 'NONE', #7591, 1000.000000000000000 ) ;
#2742 = LINE ( 'NONE', #2708, #2300 ) ;
#2743 = PLANE ( 'NONE',  #2731 ) ;
#2744 = CARTESIAN_POINT ( 'NONE',  ( 37.80531982830802207, -6.427876096865348998, -7.000000000000000000 ) ) ;
#2745 = AXIS2_PLACEMENT_3D ( 'NONE', #1939, #5059, #6891 ) ;
#2746 = EDGE_CURVE ( 'NONE', #3430, #7620, #2622, .T. ) ;
#2747 = ADVANCED_FACE ( 'NONE', ( #6602 ), #5298, .F. ) ;
#2748 = CARTESIAN_POINT ( 'NONE',  ( 30.14487539711820929, 2.220446049250313081E-13, -7.000000000000000000 ) ) ;
#2749 = DIRECTION ( 'NONE',  ( 1.000000000000000000, 0.000000000000000000, 0.000000000000000000 ) ) ;
#2750 = PRODUCT_CONTEXT ( 'NONE', #3030, 'mechanical' ) ;
#2751 = CIRCLE ( 'NONE', #2876, 2.000000000000000000 ) ;
#2752 = ORIENTED_EDGE ( 'NONE', *, *, #1578, .F. ) ;
#2753 = DIRECTION ( 'NONE',  ( -0.000000000000000000, -0.000000000000000000, 1.000000000000000000 ) ) ;
#2754 = VERTEX_POINT ( 'NONE', #4038 ) ;
#2755 = AXIS2_PLACEMENT_3D ( 'NONE', #2491, #1875, #1712 ) ;
#2756 = CYLINDRICAL_SURFACE ( 'NONE', #2004, 2.000000000000000888 ) ;
#2757 = ORIENTED_EDGE ( 'NONE', *, *, #1585, .F. ) ;
#2758 = CARTESIAN_POINT ( 'NONE',  ( 14.00000000000000000, -5.150000000000045652, -2.499999999999999556 ) ) ;
#2759 = ORIENTED_EDGE ( 'NONE', *, *, #6508, .T. ) ;
#2760 = EDGE_CURVE ( 'NONE', #5272, #7065, #4650, .T. ) ;
#2761 = EDGE_CURVE ( 'NONE', #7065, #3201, #2751, .T. ) ;
#2762 = ORIENTED_EDGE ( 'NONE', *, *, #7397, .T. ) ;
#2763 = VERTEX_POINT ( 'NONE', #7764 ) ;
#2764 = CARTESIAN_POINT ( 'NONE',  ( 7.950000000000000178, 24.24406644123207499, -1.000000000000000000 ) ) ;
#2765 = CARTESIAN_POINT ( 'NONE',  ( -11.00000000000000000, 5.849999999999910827, -9.650000000000000355 ) ) ;
#2766 = CARTESIAN_POINT ( 'NONE',  ( -6.425409930534608627, 23.63401780426756460, 3.000000000000000888 ) ) ;
#2767 = EDGE_CURVE ( 'NONE', #5362, #7850, #7920, .T. ) ;
#2768 = ORIENTED_EDGE ( 'NONE', *, *, #1000, .T. ) ;
#2769 = FACE_OUTER_BOUND ( 'NONE', #2141, .T. ) ;
#2770 = CARTESIAN_POINT ( 'NONE',  ( 13.00000000000019007, -28.21108598339804630, -5.500000000000000000 ) ) ;
#2771 = CARTESIAN_POINT ( 'NONE',  ( 11.53333333333333321, -48.52352925541695328, -2.428536926285584041 ) ) ;
#2772 = VERTEX_POINT ( 'NONE', #2294 ) ;
#2773 = LINE ( 'NONE', #7713, #2101 ) ;
#2774 = CARTESIAN_POINT ( 'NONE',  ( -9.000000000000001776, 29.74406644123207144, 7.000000000000000000 ) ) ;
#2775 = LINE ( 'NONE', #7236, #197 ) ;
#2776 = EDGE_CURVE ( 'NONE', #6473, #566, #345, .T. ) ;
#2777 = ORIENTED_EDGE ( 'NONE', *, *, #7467, .T. ) ;
#2778 = ORIENTED_EDGE ( 'NONE', *, *, #785, .F. ) ;
#2779 = CARTESIAN_POINT ( 'NONE',  ( 27.29659163829112245, -8.061623882891092663, -5.500000000000000000 ) ) ;
#2780 = CARTESIAN_POINT ( 'NONE',  ( -22.25590207615680427, 24.24406644123207499, -4.000000000000000000 ) ) ;
#2781 = DIRECTION ( 'NONE',  ( -0.000000000000000000, -0.000000000000000000, -1.000000000000000000 ) ) ;
#2782 = VECTOR ( 'NONE', #6649, 1000.000000000000000 ) ;
#2783 = DIRECTION ( 'NONE',  ( -1.000000000000000000, 0.000000000000000000, 0.000000000000000000 ) ) ;
#2784 = DIRECTION ( 'NONE',  ( 1.000000000000000000, 2.312964634635742464E-16, -0.000000000000000000 ) ) ;
#2785 = CYLINDRICAL_SURFACE ( 'NONE', #5768, 9.999999999999998224 ) ;
#2786 = ADVANCED_FACE ( 'NONE', ( #7803 ), #421, .F. ) ;
#2787 = ORIENTED_EDGE ( 'NONE', *, *, #4161, .T. ) ;
#2788 = EDGE_CURVE ( 'NONE', #697, #7176, #1722, .T. ) ;
#2789 = CARTESIAN_POINT ( 'NONE',  ( -12.09999999999999964, -5.150000000000045652, -3.799999999999999822 ) ) ;
#2790 = AXIS2_PLACEMENT_3D ( 'NONE', #1482, #5299, #422 ) ;
#2791 = ORIENTED_EDGE ( 'NONE', *, *, #5215, .T. ) ;
#2792 = AXIS2_PLACEMENT_3D ( 'NONE', #7848, #6115, #4119 ) ;
#2793 = VERTEX_POINT ( 'NONE', #2829 ) ;
#2794 = AXIS2_PLACEMENT_3D ( 'NONE', #7037, #2739, #7680 ) ;
#2795 = AXIS2_PLACEMENT_3D ( 'NONE', #1715, #4186, #3586 ) ;
#2796 = DIRECTION ( 'NONE',  ( -0.000000000000000000, -0.000000000000000000, -1.000000000000000000 ) ) ;
#2797 = VECTOR ( 'NONE', #7861, 1000.000000000000000 ) ;
#2798 = VERTEX_POINT ( 'NONE', #997 ) ;
#2799 = CYLINDRICAL_SURFACE ( 'NONE', #6552, 4.000000000000001776 ) ;
#2800 = ORIENTED_EDGE ( 'NONE', *, *, #1488, .F. ) ;
#2801 = ORIENTED_EDGE ( 'NONE', *, *, #3875, .F. ) ;
#2802 = ORIENTED_EDGE ( 'NONE', *, *, #65, .F. ) ;
#2803 = CARTESIAN_POINT ( 'NONE',  ( -9.399999999999996803, 5.849999999999910827, -6.349999999999999645 ) ) ;
#2804 = EDGE_CURVE ( 'NONE', #3224, #6574, #2866, .T. ) ;
#2805 = CARTESIAN_POINT ( 'NONE',  ( -14.00000000000000000, -5.150000000000045652, -2.499999999999999556 ) ) ;
#2806 = AXIS2_PLACEMENT_3D ( 'NONE', #3961, #5184, #5915 ) ;
#2807 = DIRECTION ( 'NONE',  ( 0.000000000000000000, -1.000000000000000000, 0.000000000000000000 ) ) ;
#2808 = VECTOR ( 'NONE', #2329, 1000.000000000000000 ) ;
#2809 = ORIENTED_EDGE ( 'NONE', *, *, #6389, .T. ) ;
#2810 = VECTOR ( 'NONE', #6994, 1000.000000000000000 ) ;
#2811 = LINE ( 'NONE', #2191, #2562 ) ;
#2812 = LINE ( 'NONE', #5781, #5453 ) ;
#2813 = DIRECTION ( 'NONE',  ( 0.000000000000000000, 0.000000000000000000, 1.000000000000000000 ) ) ;
#2814 = ORIENTED_EDGE ( 'NONE', *, *, #2935, .T. ) ;
#2815 = ADVANCED_FACE ( 'NONE', ( #7244 ), #6026, .F. ) ;
#2816 = CARTESIAN_POINT ( 'NONE',  ( 13.00000000000000178, -43.22269074732326999, -1.000000000000000000 ) ) ;
#2817 = DIRECTION ( 'NONE',  ( -0.000000000000000000, -0.000000000000000000, -1.000000000000000000 ) ) ;
#2818 = DIRECTION ( 'NONE',  ( 0.000000000000000000, 0.000000000000000000, -1.000000000000000000 ) ) ;
#2819 = VECTOR ( 'NONE', #3358, 1000.000000000000000 ) ;
#2820 = ORIENTED_EDGE ( 'NONE', *, *, #5744, .T. ) ;
#2821 = VECTOR ( 'NONE', #2969, 1000.000000000000000 ) ;
#2822 = VERTEX_POINT ( 'NONE', #1763 ) ;
#2823 = DIRECTION ( 'NONE',  ( 0.000000000000000000, 0.000000000000000000, 1.000000000000000000 ) ) ;
#2824 = CARTESIAN_POINT ( 'NONE',  ( -9.201621598881114750, -47.20429675575855555, -5.242165508701332577 ) ) ;
#2825 = CARTESIAN_POINT ( 'NONE',  ( -5.949999999999999289, 22.24406644123207144, -5.500000000000000000 ) ) ;
#2826 = EDGE_CURVE ( 'NONE', #270, #4370, #4242, .T. ) ;
#2827 = AXIS2_PLACEMENT_3D ( 'NONE', #7714, #7115, #1469 ) ;
#2828 = DIRECTION ( 'NONE',  ( 0.000000000000000000, -1.000000000000000000, 0.000000000000000000 ) ) ;
#2829 = CARTESIAN_POINT ( 'NONE',  ( -16.00000000000000000, -43.22269074732326999, -3.000000000000000000 ) ) ;
#2830 = PLANE ( 'NONE',  #2790 ) ;
#2831 = ORIENTED_EDGE ( 'NONE', *, *, #7786, .T. ) ;
#2832 = DIRECTION ( 'NONE',  ( -0.000000000000000000, -0.000000000000000000, 1.000000000000000000 ) ) ;
#2833 = ORIENTED_EDGE ( 'NONE', *, *, #66, .T. ) ;
#2834 = ORIENTED_EDGE ( 'NONE', *, *, #5043, .F. ) ;
#2835 = AXIS2_PLACEMENT_3D ( 'NONE', #1056, #4749, #3455 ) ;
#2836 = CARTESIAN_POINT ( 'NONE',  ( -40.14487539711821285, 0.000000000000000000, -1.000000000000000000 ) ) ;
#2837 = ADVANCED_FACE ( 'NONE', ( #2377, #2419 ), #549, .T. ) ;
#2838 = EDGE_CURVE ( 'NONE', #1524, #502, #7931, .T. ) ;
#2839 = CARTESIAN_POINT ( 'NONE',  ( 16.00000000000000711, -43.22269074732326999, 7.000000000000000000 ) ) ;
#2840 = ORIENTED_EDGE ( 'NONE', *, *, #7019, .F. ) ;
#2841 = DIRECTION ( 'NONE',  ( -1.000000000000000000, 0.000000000000000000, 0.000000000000000000 ) ) ;
#2842 = ORIENTED_EDGE ( 'NONE', *, *, #1347, .F. ) ;
#2843 = ORIENTED_EDGE ( 'NONE', *, *, #7003, .T. ) ;
#2844 = EDGE_CURVE ( 'NONE', #1529, #5917, #6500, .T. ) ;
#2845 = EDGE_LOOP ( 'NONE', ( #6291, #2440, #1726, #456 ) ) ;
#2846 = CYLINDRICAL_SURFACE ( 'NONE', #4260, 1.600000000000002531 ) ;
#2847 = DIRECTION ( 'NONE',  ( 0.000000000000000000, 0.000000000000000000, -1.000000000000000000 ) ) ;
#2848 = CARTESIAN_POINT ( 'NONE',  ( -16.00000000000000000, 8.799999999999998934, -5.500000000000000000 ) ) ;
#2849 = VERTEX_POINT ( 'NONE', #4853 ) ;
#2850 = EDGE_CURVE ( 'NONE', #427, #1865, #6112, .T. ) ;
#2851 = CARTESIAN_POINT ( 'NONE',  ( 29.29659163829112600, -8.061623882891092663, -5.500000000000000000 ) ) ;
#2852 = CARTESIAN_POINT ( 'NONE',  ( -12.80419935019805600, -49.57922258812267557, -4.865792387959570142 ) ) ;
#2853 = CARTESIAN_POINT ( 'NONE',  ( 27.29659163829112245, -8.061623882891092663, -5.500000000000000000 ) ) ;
#2854 = ORIENTED_EDGE ( 'NONE', *, *, #4431, .F. ) ;
#2855 = CARTESIAN_POINT ( 'NONE',  ( 8.000000000000000000, 29.74406644123207144, -3.000000000000000000 ) ) ;
#2856 = CARTESIAN_POINT ( 'NONE',  ( -35.50190273847695011, 8.444066441231665721, -3.999999999999999112 ) ) ;
#2857 = CARTESIAN_POINT ( 'NONE',  ( -13.00000000000000178, -43.22269074732326999, 5.000000000000000000 ) ) ;
#2858 = CIRCLE ( 'NONE', #136, 1.600000000000001643 ) ;
#2859 = ORIENTED_EDGE ( 'NONE', *, *, #523, .F. ) ;
#2860 = EDGE_CURVE ( 'NONE', #7758, #3347, #5075, .T. ) ;
#2861 = FACE_OUTER_BOUND ( 'NONE', #5759, .T. ) ;
#2862 = DIRECTION ( 'NONE',  ( -1.000000000000000000, 0.000000000000000000, 0.000000000000000000 ) ) ;
#2863 = CARTESIAN_POINT ( 'NONE',  ( -37.80531982830802207, -6.427876096865347222, -7.000000000000000000 ) ) ;
#2864 = AXIS2_PLACEMENT_3D ( 'NONE', #534, #6056, #2236 ) ;
#2865 = FACE_OUTER_BOUND ( 'NONE', #6562, .T. ) ;
#2866 = LINE ( 'NONE', #5336, #1059 ) ;
#2867 =( LENGTH_UNIT ( ) NAMED_UNIT ( * ) SI_UNIT ( .MILLI., .METRE. ) );
#2868 = VERTEX_POINT ( 'NONE', #5503 ) ;
#2869 = DIRECTION ( 'NONE',  ( 1.000000000000000000, 0.000000000000000000, -0.000000000000000000 ) ) ;
#2870 = VECTOR ( 'NONE', #3860, 1000.000000000000000 ) ;
#2871 = CIRCLE ( 'NONE', #7408, 1.899999999999999023 ) ;
#2872 = ORIENTED_EDGE ( 'NONE', *, *, #6732, .T. ) ;
#2873 = EDGE_CURVE ( 'NONE', #7484, #5821, #3782, .T. ) ;
#2874 = EDGE_LOOP ( 'NONE', ( #6852, #1905, #7812, #7385, #1741, #2086 ) ) ;
#2875 = DIRECTION ( 'NONE',  ( -0.000000000000000000, -0.000000000000000000, 1.000000000000000000 ) ) ;
#2876 = AXIS2_PLACEMENT_3D ( 'NONE', #3513, #3438, #7124 ) ;
#2877 = FACE_OUTER_BOUND ( 'NONE', #2516, .T. ) ;
#2878 = ORIENTED_EDGE ( 'NONE', *, *, #3942, .F. ) ;
#2879 = DIRECTION ( 'NONE',  ( 0.000000000000000000, 0.000000000000000000, -1.000000000000000000 ) ) ;
#2880 = ORIENTED_EDGE ( 'NONE', *, *, #5110, .F. ) ;
#2881 = VERTEX_POINT ( 'NONE', #4937 ) ;
#2882 = EDGE_CURVE ( 'NONE', #3256, #616, #6765, .T. ) ;
#2883 = VECTOR ( 'NONE', #5243, 1000.000000000000000 ) ;
#2884 = ORIENTED_EDGE ( 'NONE', *, *, #3415, .F. ) ;
#2885 = DIRECTION ( 'NONE',  ( 1.000000000000000000, 0.000000000000000000, 0.000000000000000000 ) ) ;
#2886 = ORIENTED_EDGE ( 'NONE', *, *, #5338, .T. ) ;
#2887 = CARTESIAN_POINT ( 'NONE',  ( -5.933350533826674322, 24.22277336810118342, -5.500000000000000000 ) ) ;
#2888 = EDGE_CURVE ( 'NONE', #137, #3085, #6155, .T. ) ;
#2889 = DIRECTION ( 'NONE',  ( -0.000000000000000000, -0.000000000000000000, -1.000000000000000000 ) ) ;
#2890 = VERTEX_POINT ( 'NONE', #4033 ) ;
#2891 = LINE ( 'NONE', #6624, #6318 ) ;
#2892 = DIRECTION ( 'NONE',  ( 0.000000000000000000, 0.000000000000000000, 1.000000000000000000 ) ) ;
#2893 = LINE ( 'NONE', #410, #2124 ) ;
#2894 = ORIENTED_EDGE ( 'NONE', *, *, #5463, .F. ) ;
#2895 = DIRECTION ( 'NONE',  ( 1.000000000000000000, 0.000000000000000000, 0.000000000000000000 ) ) ;
#2896 = LINE ( 'NONE', #6102, #363 ) ;
#2897 = LINE ( 'NONE', #5981, #3446 ) ;
#2898 = EDGE_LOOP ( 'NONE', ( #4077, #7624 ) ) ;
#2899 = LINE ( 'NONE', #5369, #7078 ) ;
#2900 = CYLINDRICAL_SURFACE ( 'NONE', #4012, 2.000000000000000888 ) ;
#2901 = CARTESIAN_POINT ( 'NONE',  ( -16.53352069552507686, -24.00000000000000000, 6.999999999999999112 ) ) ;
#2902 = DIRECTION ( 'NONE',  ( -0.000000000000000000, -0.000000000000000000, -1.000000000000000000 ) ) ;
#2903 = DIRECTION ( 'NONE',  ( 0.000000000000000000, -1.000000000000000000, 0.000000000000000000 ) ) ;
#2904 = EDGE_CURVE ( 'NONE', #7683, #6187, #6116, .T. ) ;
#2905 = CARTESIAN_POINT ( 'NONE',  ( 27.00000000000000000, -34.86239308998525388, 7.000000000000000000 ) ) ;
#2906 = CIRCLE ( 'NONE', #6405, 4.000000000000000000 ) ;
#2907 = ORIENTED_EDGE ( 'NONE', *, *, #1645, .F. ) ;
#2908 = CARTESIAN_POINT ( 'NONE',  ( 22.55000000000000071, 16.85000000000000142, -1.000000000000000000 ) ) ;
#2909 = EDGE_LOOP ( 'NONE', ( #6006, #386, #6015, #5391, #5309, #6256 ) ) ;
#2910 = ORIENTED_EDGE ( 'NONE', *, *, #849, .T. ) ;
#2911 = CARTESIAN_POINT ( 'NONE',  ( 16.00000000000000000, 16.85000000000000142, -7.000000000000000000 ) ) ;
#2912 = DIRECTION ( 'NONE',  ( -1.000000000000000000, 0.000000000000000000, 0.000000000000000000 ) ) ;
#2913 = VECTOR ( 'NONE', #4986, 1000.000000000000000 ) ;
#2914 = DIRECTION ( 'NONE',  ( -1.000000000000000000, 0.000000000000000000, 0.000000000000000000 ) ) ;
#2915 = ADVANCED_FACE ( 'NONE', ( #3953 ), #378, .F. ) ;
#2916 = VERTEX_POINT ( 'NONE', #873 ) ;
#2917 = AXIS2_PLACEMENT_3D ( 'NONE', #6725, #7248, #5993 ) ;
#2918 = VERTEX_POINT ( 'NONE', #2245 ) ;
#2919 = DIRECTION ( 'NONE',  ( -0.000000000000000000, 1.000000000000000000, -0.000000000000000000 ) ) ;
#2920 = ORIENTED_EDGE ( 'NONE', *, *, #1515, .F. ) ;
#2921 = VECTOR ( 'NONE', #2495, 1000.000000000000000 ) ;
#2922 = CIRCLE ( 'NONE', #3705, 1.600000000000002531 ) ;
#2923 = ORIENTED_EDGE ( 'NONE', *, *, #2178, .T. ) ;
#2924 = LINE ( 'NONE', #7744, #6856 ) ;
#2925 = EDGE_CURVE ( 'NONE', #7997, #6489, #7721, .T. ) ;
#2926 = EDGE_LOOP ( 'NONE', ( #5913, #4528 ) ) ;
#2927 = DIRECTION ( 'NONE',  ( -1.000000000000000000, 0.000000000000000000, 0.000000000000000000 ) ) ;
#2928 = FACE_OUTER_BOUND ( 'NONE', #1716, .T. ) ;
#2929 = ORIENTED_EDGE ( 'NONE', *, *, #1539, .T. ) ;
#2930 = CARTESIAN_POINT ( 'NONE',  ( -16.53352069552507686, -24.00000000000000000, -5.500000000000000000 ) ) ;
#2931 = LINE ( 'NONE', #6097, #4669 ) ;
#2932 = CARTESIAN_POINT ( 'NONE',  ( 9.036643361581157663, -47.03821287619491898, -2.912967826326953613 ) ) ;
#2933 = ORIENTED_EDGE ( 'NONE', *, *, #5312, .T. ) ;
#2934 = VECTOR ( 'NONE', #4042, 1000.000000000000000 ) ;
#2935 = EDGE_CURVE ( 'NONE', #5953, #7682, #158, .T. ) ;
#2936 = DIRECTION ( 'NONE',  ( 0.000000000000000000, 0.000000000000000000, 1.000000000000000000 ) ) ;
#2937 = EDGE_CURVE ( 'NONE', #2586, #1937, #4722, .T. ) ;
#2938 = DIRECTION ( 'NONE',  ( -0.000000000000000000, -0.000000000000000000, -1.000000000000000000 ) ) ;
#2939 = DIRECTION ( 'NONE',  ( 1.000000000000000000, 0.000000000000000000, 0.000000000000000000 ) ) ;
#2940 = AXIS2_PLACEMENT_3D ( 'NONE', #5752, #7044, #7571 ) ;
#2941 = AXIS2_PLACEMENT_3D ( 'NONE', #780, #5086, #7069 ) ;
#2942 = ORIENTED_EDGE ( 'NONE', *, *, #552, .F. ) ;
#2943 = DIRECTION ( 'NONE',  ( 1.000000000000000000, -6.938893903907228378E-15, 0.000000000000000000 ) ) ;
#2944 = DIRECTION ( 'NONE',  ( -1.000000000000000000, 0.000000000000000000, 0.000000000000000000 ) ) ;
#2945 = DIRECTION ( 'NONE',  ( 0.000000000000000000, 0.000000000000000000, -1.000000000000000000 ) ) ;
#2946 = AXIS2_PLACEMENT_3D ( 'NONE', #6152, #1204, #591 ) ;
#2947 = CIRCLE ( 'NONE', #7604, 6.550000000000000711 ) ;
#2948 = LINE ( 'NONE', #7930, #1186 ) ;
#2949 = DIRECTION ( 'NONE',  ( 0.7660444431189815662, 0.6427876096865351441, -0.000000000000000000 ) ) ;
#2950 = CIRCLE ( 'NONE', #3854, 1.900000000000000577 ) ;
#2951 = ORIENTED_EDGE ( 'NONE', *, *, #7923, .F. ) ;
#2952 = CYLINDRICAL_SURFACE ( 'NONE', #5769, 4.000000000000000888 ) ;
#2953 = ORIENTED_EDGE ( 'NONE', *, *, #3662, .T. ) ;
#2954 = ORIENTED_EDGE ( 'NONE', *, *, #355, .F. ) ;
#2955 = VECTOR ( 'NONE', #7004, 1000.000000000000000 ) ;
#2956 = FACE_OUTER_BOUND ( 'NONE', #5268, .T. ) ;
#2957 = CARTESIAN_POINT ( 'NONE',  ( 13.00000000000000178, -43.22269074732326999, 5.000000000000000000 ) ) ;
#2958 = EDGE_CURVE ( 'NONE', #2387, #5926, #5867, .T. ) ;
#2959 = CIRCLE ( 'NONE', #7099, 9.999999999999998224 ) ;
#2960 = DIRECTION ( 'NONE',  ( -0.000000000000000000, -0.000000000000000000, -1.000000000000000000 ) ) ;
#2961 = LINE ( 'NONE', #892, #5071 ) ;
#2962 = CARTESIAN_POINT ( 'NONE',  ( -13.00000000000000355, -48.72269074732326288, -5.500000000000000000 ) ) ;
#2963 = ORIENTED_EDGE ( 'NONE', *, *, #5069, .T. ) ;
#2964 = CARTESIAN_POINT ( 'NONE',  ( 23.59487539711820858, 8.799999999999997158, -1.000000000000000000 ) ) ;
#2965 = VECTOR ( 'NONE', #499, 1000.000000000000000 ) ;
#2966 = ORIENTED_EDGE ( 'NONE', *, *, #3248, .F. ) ;
#2967 = EDGE_CURVE ( 'NONE', #1457, #4842, #7022, .T. ) ;
#2968 = ORIENTED_EDGE ( 'NONE', *, *, #3908, .T. ) ;
#2969 = DIRECTION ( 'NONE',  ( -0.000000000000000000, -0.000000000000000000, -1.000000000000000000 ) ) ;
#2970 = ORIENTED_EDGE ( 'NONE', *, *, #4793, .F. ) ;
#2971 = ORIENTED_EDGE ( 'NONE', *, *, #7788, .F. ) ;
#2972 = CARTESIAN_POINT ( 'NONE',  ( -2.358933949850170005E-14, -19.00000000000002132, -1.000000000000000000 ) ) ;
#2973 = VERTEX_POINT ( 'NONE', #5333 ) ;
#2974 = EDGE_CURVE ( 'NONE', #5426, #1156, #1197, .T. ) ;
#2975 = DIRECTION ( 'NONE',  ( -0.000000000000000000, -0.000000000000000000, 1.000000000000000000 ) ) ;
#2976 = DIRECTION ( 'NONE',  ( 0.000000000000000000, -1.000000000000000000, 0.000000000000000000 ) ) ;
#2977 =( LENGTH_UNIT ( ) NAMED_UNIT ( * ) SI_UNIT ( .MILLI., .METRE. ) );
#2978 = ORIENTED_EDGE ( 'NONE', *, *, #6060, .T. ) ;
#2979 = CARTESIAN_POINT ( 'NONE',  ( 34.14487539711820574, 2.220446049250313081E-13, -5.000000000000000000 ) ) ;
#2980 = DIRECTION ( 'NONE',  ( 0.000000000000000000, -1.000000000000000000, 0.000000000000000000 ) ) ;
#2981 = DIRECTION ( 'NONE',  ( -6.071532165918996013E-15, -1.000000000000000000, 0.000000000000000000 ) ) ;
#2982 = CARTESIAN_POINT ( 'NONE',  ( -12.89870828346177412, -49.82269074732327852, -3.999999999999998224 ) ) ;
#2983 = VERTEX_POINT ( 'NONE', #2166 ) ;
#2984 = ADVANCED_FACE ( 'NONE', ( #6440 ), #5253, .F. ) ;
#2985 = CYLINDRICAL_SURFACE ( 'NONE', #7718, 1.600000000000002531 ) ;
#2986 = CARTESIAN_POINT ( 'NONE',  ( 7.949999999999998401, 19.24406644123204302, -5.500000000000000000 ) ) ;
#2987 = CARTESIAN_POINT ( 'NONE',  ( 13.00000000000000178, -43.22269074732326999, -7.000000000000000000 ) ) ;
#2988 = AXIS2_PLACEMENT_3D ( 'NONE', #3630, #2457, #546 ) ;
#2989 = FACE_OUTER_BOUND ( 'NONE', #7023, .T. ) ;
#2990 = DIRECTION ( 'NONE',  ( 1.000000000000000000, 0.000000000000000000, 0.000000000000000000 ) ) ;
#2991 = ORIENTED_EDGE ( 'NONE', *, *, #7467, .F. ) ;
#2992 = CARTESIAN_POINT ( 'NONE',  ( -11.00000000000000355, -56.22269074732326999, -5.500000000000000000 ) ) ;
#2993 = EDGE_LOOP ( 'NONE', ( #7141, #5054, #5101, #1590 ) ) ;
#2994 = EDGE_CURVE ( 'NONE', #6546, #4460, #2203, .T. ) ;
#2995 = ORIENTED_EDGE ( 'NONE', *, *, #1340, .F. ) ;
#2996 = EDGE_CURVE ( 'NONE', #2637, #5035, #1427, .T. ) ;
#2997 = AXIS2_PLACEMENT_3D ( 'NONE', #4799, #6013, #2976 ) ;
#2998 = CARTESIAN_POINT ( 'NONE',  ( 25.49999999999999645, -0.1499999999999973854, -9.650000000000000355 ) ) ;
#2999 = DIRECTION ( 'NONE',  ( 0.000000000000000000, 0.000000000000000000, -1.000000000000000000 ) ) ;
#3000 = LINE ( 'NONE', #7253, #2782 ) ;
#3001 = DIRECTION ( 'NONE',  ( -0.000000000000000000, -0.000000000000000000, 1.000000000000000000 ) ) ;
#3002 = CIRCLE ( 'NONE', #3144, 4.000000000000001776 ) ;
#3003 = AXIS2_PLACEMENT_3D ( 'NONE', #4160, #6729, #7377 ) ;
#3004 = ORIENTED_EDGE ( 'NONE', *, *, #2424, .T. ) ;
#3005 = EDGE_LOOP ( 'NONE', ( #4487, #3027, #927, #3394, #6619 ) ) ;
#3006 = VERTEX_POINT ( 'NONE', #5831 ) ;
#3007 = DIRECTION ( 'NONE',  ( -1.000000000000000000, 0.000000000000000000, 0.000000000000000000 ) ) ;
#3008 = ORIENTED_EDGE ( 'NONE', *, *, #2501, .F. ) ;
#3009 = VECTOR ( 'NONE', #5871, 1000.000000000000000 ) ;
#3010 = VECTOR ( 'NONE', #6444, 1000.000000000000000 ) ;
#3011 = ORIENTED_EDGE ( 'NONE', *, *, #6224, .T. ) ;
#3012 = DIRECTION ( 'NONE',  ( 1.000000000000000000, 0.000000000000000000, 0.000000000000000000 ) ) ;
#3013 = EDGE_CURVE ( 'NONE', #697, #7017, #6476, .T. ) ;
#3014 = VERTEX_POINT ( 'NONE', #828 ) ;
#3015 = VECTOR ( 'NONE', #6914, 1000.000000000000000 ) ;
#3016 = ORIENTED_EDGE ( 'NONE', *, *, #710, .F. ) ;
#3017 = CARTESIAN_POINT ( 'NONE',  ( -1.865446418204840251, -48.77946718360626477, -5.500000000000000000 ) ) ;
#3018 = DIRECTION ( 'NONE',  ( 1.000000000000000000, 0.000000000000000000, 0.000000000000000000 ) ) ;
#3019 = CARTESIAN_POINT ( 'NONE',  ( -12.88893875609703876, -49.79070386794370506, -4.366081912084426975 ) ) ;
#3020 = CARTESIAN_POINT ( 'NONE',  ( -13.00000000000000355, -56.22269074732326999, -1.000000000000000000 ) ) ;
#3021 = CIRCLE ( 'NONE', #5864, 1.600000000000000755 ) ;
#3022 = EDGE_LOOP ( 'NONE', ( #5552, #2182, #4584, #2125 ) ) ;
#3023 = DIRECTION ( 'NONE',  ( 1.000000000000000000, 0.000000000000000000, 0.000000000000000000 ) ) ;
#3024 = DIRECTION ( 'NONE',  ( 0.000000000000000000, 0.000000000000000000, -1.000000000000000000 ) ) ;
#3025 = DIRECTION ( 'NONE',  ( 1.000000000000000000, 0.000000000000000000, 0.000000000000000000 ) ) ;
#3026 = ADVANCED_FACE ( 'NONE', ( #265 ), #2743, .F. ) ;
#3027 = ORIENTED_EDGE ( 'NONE', *, *, #2037, .T. ) ;
#3028 = FACE_BOUND ( 'NONE', #2926, .T. ) ;
#3029 = ORIENTED_EDGE ( 'NONE', *, *, #3856, .T. ) ;
#3030 = APPLICATION_CONTEXT ( 'automotive_design' ) ;
#3031 = LINE ( 'NONE', #5624, #605 ) ;
#3032 = DIRECTION ( 'NONE',  ( 0.000000000000000000, 0.000000000000000000, 1.000000000000000000 ) ) ;
#3033 = CARTESIAN_POINT ( 'NONE',  ( -12.89870828346177412, -49.82269074732327852, -3.999999999999998224 ) ) ;
#3034 = DIRECTION ( 'NONE',  ( 1.000000000000000000, 0.000000000000000000, -0.000000000000000000 ) ) ;
#3035 = CARTESIAN_POINT ( 'NONE',  ( -7.500000000000003553, -43.22269074732326999, -5.500000000000000000 ) ) ;
#3036 = EDGE_CURVE ( 'NONE', #946, #5904, #2600, .T. ) ;
#3037 = EDGE_LOOP ( 'NONE', ( #772, #7690, #2425, #3054 ) ) ;
#3038 = CARTESIAN_POINT ( 'NONE',  ( -31.25537671716908150, -6.455175196550846373, -5.500000000000000000 ) ) ;
#3039 = ORIENTED_EDGE ( 'NONE', *, *, #3213, .F. ) ;
#3040 = EDGE_LOOP ( 'NONE', ( #4567, #5302 ) ) ;
#3041 = CARTESIAN_POINT ( 'NONE',  ( -13.00000000000000178, -43.22269074732326999, -1.000000000000000000 ) ) ;
#3042 = CARTESIAN_POINT ( 'NONE',  ( 13.00000000000000178, -43.22269074732326999, -5.500000000000000000 ) ) ;
#3043 = CARTESIAN_POINT ( 'NONE',  ( 14.00000000000000000, -5.150000000000045652, -2.499999999999999556 ) ) ;
#3044 = B_SPLINE_CURVE_WITH_KNOTS ( 'NONE', 3,
 ( #886, #245, #2722, #7018, #4049, #3450, #1530, #2682, #2222, #2181, #7174, #5922, #4007, #4658, #4085, #5189 ),
 .UNSPECIFIED., .F., .F.,
 ( 4, 2, 2, 2, 2, 2, 2, 4 ),
 ( 0.000000000000000000, 0.0003506909763152919767, 0.0007013819526305839535, 0.001052072928945875984, 0.001402763905261167907, 0.001753454881576459613, 0.002104145857891751969, 0.002805527810522344487 ),
 .UNSPECIFIED. ) ;
#3045 = CARTESIAN_POINT ( 'NONE',  ( -17.00000000000000000, -35.99427459992278244, -1.000000000000000888 ) ) ;
#3046 = LINE ( 'NONE', #7985, #3391 ) ;
#3047 = CIRCLE ( 'NONE', #2670, 3.000000000000002665 ) ;
#3048 = EDGE_CURVE ( 'NONE', #1071, #6206, #4935, .T. ) ;
#3049 = ADVANCED_FACE ( 'NONE', ( #6151 ), #5986, .F. ) ;
#3050 = EDGE_LOOP ( 'NONE', ( #6334, #779 ) ) ;
#3051 = ORIENTED_EDGE ( 'NONE', *, *, #2009, .F. ) ;
#3052 = ORIENTED_EDGE ( 'NONE', *, *, #3898, .T. ) ;
#3053 = CARTESIAN_POINT ( 'NONE',  ( 35.50190273847658773, 8.444066441232072506, -3.999999999999999112 ) ) ;
#3054 = ORIENTED_EDGE ( 'NONE', *, *, #5719, .F. ) ;
#3055 = VERTEX_POINT ( 'NONE', #3591 ) ;
#3056 = DIRECTION ( 'NONE',  ( -1.000000000000000000, 0.000000000000000000, 0.000000000000000000 ) ) ;
#3057 = AXIS2_PLACEMENT_3D ( 'NONE', #5631, #2463, #4939 ) ;
#3058 = CIRCLE ( 'NONE', #5375, 4.000000000000000000 ) ;
#3059 = ORIENTED_EDGE ( 'NONE', *, *, #3371, .T. ) ;
#3060 = ORIENTED_EDGE ( 'NONE', *, *, #3248, .T. ) ;
#3061 = CARTESIAN_POINT ( 'NONE',  ( 3.305443769227831119, -21.00000000000001776, 6.455443769227854567 ) ) ;
#3062 = AXIS2_PLACEMENT_3D ( 'NONE', #2263, #480, #4914 ) ;
#3063 = DIRECTION ( 'NONE',  ( 0.000000000000000000, 1.000000000000000000, 0.000000000000000000 ) ) ;
#3064 = LINE ( 'NONE', #5534, #6113 ) ;
#3065 = EDGE_CURVE ( 'NONE', #7109, #1454, #7007, .T. ) ;
#3066 = AXIS2_PLACEMENT_3D ( 'NONE', #3496, #2847, #2232 ) ;
#3067 = ORIENTED_EDGE ( 'NONE', *, *, #5959, .F. ) ;
#3068 = DIRECTION ( 'NONE',  ( -0.000000000000000000, -0.000000000000000000, -1.000000000000000000 ) ) ;
#3069 = DIRECTION ( 'NONE',  ( -1.000000000000000000, -1.734723475976807587E-16, -0.000000000000000000 ) ) ;
#3070 = DIRECTION ( 'NONE',  ( -1.000000000000000000, 6.071532165918996013E-15, 0.000000000000000000 ) ) ;
#3071 = AXIS2_PLACEMENT_3D ( 'NONE', #2598, #3249, #160 ) ;
#3072 = CARTESIAN_POINT ( 'NONE',  ( -8.000000000000000000, 23.34999999999998010, -9.650000000000000355 ) ) ;
#3073 = ORIENTED_EDGE ( 'NONE', *, *, #1950, .F. ) ;
#3074 = AXIS2_PLACEMENT_3D ( 'NONE', #6799, #7404, #3755 ) ;
#3075 = DIRECTION ( 'NONE',  ( 0.000000000000000000, 0.000000000000000000, 1.000000000000000000 ) ) ;
#3076 = CARTESIAN_POINT ( 'NONE',  ( 30.14487539711820929, 2.220446049250313081E-13, -1.000000000000000000 ) ) ;
#3077 = PLANE ( 'NONE',  #1890 ) ;
#3078 = EDGE_CURVE ( 'NONE', #2103, #5543, #6719, .T. ) ;
#3079 = DIRECTION ( 'NONE',  ( 1.000000000000000000, 0.000000000000000000, 0.000000000000000000 ) ) ;
#3080 = DIRECTION ( 'NONE',  ( -0.000000000000000000, -0.000000000000000000, 1.000000000000000000 ) ) ;
#3081 = AXIS2_PLACEMENT_3D ( 'NONE', #4057, #7110, #5405 ) ;
#3082 = ORIENTED_EDGE ( 'NONE', *, *, #4804, .F. ) ;
#3083 = CARTESIAN_POINT ( 'NONE',  ( -21.50000000000000000, 16.85000000000000142, -5.000000000000000000 ) ) ;
#3084 = ORIENTED_EDGE ( 'NONE', *, *, #2935, .F. ) ;
#3085 = VERTEX_POINT ( 'NONE', #6068 ) ;
#3086 = DIRECTION ( 'NONE',  ( -1.000000000000000000, 0.000000000000000000, 0.000000000000000000 ) ) ;
#3087 = CYLINDRICAL_SURFACE ( 'NONE', #6370, 9.999999999999960920 ) ;
#3088 = LINE ( 'NONE', #6813, #2680 ) ;
#3089 = EDGE_CURVE ( 'NONE', #2473, #5439, #3136, .T. ) ;
#3090 = VECTOR ( 'NONE', #2975, 1000.000000000000000 ) ;
#3091 = AXIS2_PLACEMENT_3D ( 'NONE', #5483, #7346, #5528 ) ;
#3092 = CARTESIAN_POINT ( 'NONE',  ( -8.000000000000000000, -41.00000000000000000, -5.500000000000000000 ) ) ;
#3093 = CARTESIAN_POINT ( 'NONE',  ( -3.305443769227764950, 21.24406644123204302, 6.455443769227856343 ) ) ;
#3094 = DIRECTION ( 'NONE',  ( -0.000000000000000000, -0.000000000000000000, -1.000000000000000000 ) ) ;
#3095 = VERTEX_POINT ( 'NONE', #2288 ) ;
#3096 = CARTESIAN_POINT ( 'NONE',  ( 4.423300396521608668, -47.66591431104029652, -5.500000000000000000 ) ) ;
#3097 = VECTOR ( 'NONE', #469, 1000.000000000000000 ) ;
#3098 = ORIENTED_EDGE ( 'NONE', *, *, #3632, .T. ) ;
#3099 = AXIS2_PLACEMENT_3D ( 'NONE', #902, #7035, #2159 ) ;
#3100 = EDGE_CURVE ( 'NONE', #5341, #7306, #2858, .T. ) ;
#3101 = EDGE_CURVE ( 'NONE', #525, #4370, #504, .T. ) ;
#3102 = ORIENTED_EDGE ( 'NONE', *, *, #7381, .F. ) ;
#3103 = LINE ( 'NONE', #2397, #5027 ) ;
#3104 = VECTOR ( 'NONE', #96, 1000.000000000000000 ) ;
#3105 = VERTEX_POINT ( 'NONE', #7841 ) ;
#3106 = ORIENTED_EDGE ( 'NONE', *, *, #4633, .T. ) ;
#3107 = CARTESIAN_POINT ( 'NONE',  ( 29.29659163829112600, -8.061623882891092663, -5.500000000000000000 ) ) ;
#3108 = ADVANCED_FACE ( 'NONE', ( #3509 ), #2900, .F. ) ;
#3109 = AXIS2_PLACEMENT_3D ( 'NONE', #7819, #5884, #6496 ) ;
#3110 = DIRECTION ( 'NONE',  ( -1.000000000000000000, 0.000000000000000000, 0.000000000000000000 ) ) ;
#3111 = CARTESIAN_POINT ( 'NONE',  ( 13.00000000000000178, -43.22269074732326999, 7.000000000000000000 ) ) ;
#3112 = VERTEX_POINT ( 'NONE', #4933 ) ;
#3113 = FACE_OUTER_BOUND ( 'NONE', #4175, .T. ) ;
#3114 = CARTESIAN_POINT ( 'NONE',  ( -34.14487539711820574, 4.898587196589414801E-16, -7.000000000000000000 ) ) ;
#3115 = CARTESIAN_POINT ( 'NONE',  ( 3.000000000000000000, 29.74406644123207144, 7.000000000000000000 ) ) ;
#3116 = LINE ( 'NONE', #4319, #4728 ) ;
#3117 = EDGE_LOOP ( 'NONE', ( #2098, #6701, #2381, #3615 ) ) ;
#3118 = CARTESIAN_POINT ( 'NONE',  ( -13.00000000000000178, -43.22269074732326999, 5.000000000000000000 ) ) ;
#3119 = DIRECTION ( 'NONE',  ( -0.000000000000000000, -0.000000000000000000, -1.000000000000000000 ) ) ;
#3120 = FACE_OUTER_BOUND ( 'NONE', #3785, .T. ) ;
#3121 = CARTESIAN_POINT ( 'NONE',  ( 11.53333333333333321, -48.52352925541695328, -2.428536926285584041 ) ) ;
#3122 = PRODUCT_RELATED_PRODUCT_CATEGORY ( 'part', '', ( #5777 ) ) ;
#3123 = EDGE_CURVE ( 'NONE', #4659, #3598, #5732, .T. ) ;
#3124 = ORIENTED_EDGE ( 'NONE', *, *, #1570, .F. ) ;
#3125 = PLANE ( 'NONE',  #7699 ) ;
#3126 = EDGE_LOOP ( 'NONE', ( #51, #5617 ) ) ;
#3127 = CARTESIAN_POINT ( 'NONE',  ( -19.33955556881019078, -28.43451699311989955, -1.000000000000000000 ) ) ;
#3128 = LINE ( 'NONE', #6969, #4298 ) ;
#3129 = CARTESIAN_POINT ( 'NONE',  ( 13.00000000000019007, -28.21108598339804630, -5.500000000000000000 ) ) ;
#3130 = LINE ( 'NONE', #5599, #2913 ) ;
#3131 = DIRECTION ( 'NONE',  ( 0.000000000000000000, 0.000000000000000000, 1.000000000000000000 ) ) ;
#3132 = DIRECTION ( 'NONE',  ( 1.000000000000000000, 0.000000000000000000, 0.000000000000000000 ) ) ;
#3133 = EDGE_CURVE ( 'NONE', #4966, #5531, #6770, .T. ) ;
#3134 = EDGE_LOOP ( 'NONE', ( #619, #4748, #3930, #4644 ) ) ;
#3135 = DIRECTION ( 'NONE',  ( 2.312964634635742464E-16, 1.000000000000000000, -0.000000000000000000 ) ) ;
#3136 = CIRCLE ( 'NONE', #3377, 1.600000000000000755 ) ;
#3137 = ORIENTED_EDGE ( 'NONE', *, *, #1824, .F. ) ;
#3138 = VECTOR ( 'NONE', #4636, 1000.000000000000000 ) ;
#3139 = DIRECTION ( 'NONE',  ( 0.000000000000000000, 0.000000000000000000, 1.000000000000000000 ) ) ;
#3140 = EDGE_CURVE ( 'NONE', #4786, #2520, #7241, .T. ) ;
#3141 = EDGE_LOOP ( 'NONE', ( #5109, #6099, #2814, #7901, #2052, #6091, #6737, #6319, #5270, #7740, #288, #524, #1025, #1795, #7863, #2400, #3992 ) ) ;
#3142 = VERTEX_POINT ( 'NONE', #5370 ) ;
#3143 = DIRECTION ( 'NONE',  ( -1.000000000000000000, 0.000000000000000000, 0.000000000000000000 ) ) ;
#3144 = AXIS2_PLACEMENT_3D ( 'NONE', #2805, #1129, #5815 ) ;
#3145 = CIRCLE ( 'NONE', #6898, 2.999999999999999112 ) ;
#3146 = CARTESIAN_POINT ( 'NONE',  ( -34.14487539711820574, 4.898587196589411843E-16, -7.000000000000000000 ) ) ;
#3147 = LINE ( 'NONE', #6708, #5394 ) ;
#3148 = EDGE_LOOP ( 'NONE', ( #3836, #2639, #7551, #1957 ) ) ;
#3149 = DIRECTION ( 'NONE',  ( -0.000000000000000000, -0.000000000000000000, -1.000000000000000000 ) ) ;
#3150 = DIRECTION ( 'NONE',  ( -0.000000000000000000, -0.000000000000000000, -1.000000000000000000 ) ) ;
#3151 = VECTOR ( 'NONE', #3244, 1000.000000000000000 ) ;
#3152 = DIRECTION ( 'NONE',  ( 1.000000000000000000, -1.301042606982606307E-15, 0.000000000000000000 ) ) ;
#3153 = ADVANCED_FACE ( 'NONE', ( #4849, #7321 ), #6022, .T. ) ;
#3154 = CARTESIAN_POINT ( 'NONE',  ( -11.53333333333333499, -48.52352925541694617, -2.428536926285582265 ) ) ;
#3155 = VERTEX_POINT ( 'NONE', #1805 ) ;
#3156 = CIRCLE ( 'NONE', #5612, 1.599999999999997202 ) ;
#3157 = CARTESIAN_POINT ( 'NONE',  ( 10.50000000000000355, 16.85000000000000142, -5.000000000000000000 ) ) ;
#3158 = CARTESIAN_POINT ( 'NONE',  ( -20.72901885141141420, -19.00000000000001421, -5.500000000000000000 ) ) ;
#3159 = CARTESIAN_POINT ( 'NONE',  ( 13.15651736460752375, -28.16341587115827139, -5.500000000000000000 ) ) ;
#3160 = DIRECTION ( 'NONE',  ( 1.000000000000000000, 0.000000000000000000, 0.000000000000000000 ) ) ;
#3161 = ORIENTED_EDGE ( 'NONE', *, *, #7906, .T. ) ;
#3162 = DIRECTION ( 'NONE',  ( 0.000000000000000000, 0.000000000000000000, -1.000000000000000000 ) ) ;
#3163 = EDGE_LOOP ( 'NONE', ( #7079, #682, #68, #7153 ) ) ;
#3164 = VERTEX_POINT ( 'NONE', #2416 ) ;
#3165 = DIRECTION ( 'NONE',  ( 1.000000000000000000, 0.000000000000000000, 0.000000000000000000 ) ) ;
#3166 = CARTESIAN_POINT ( 'NONE',  ( 18.00000000000000355, -5.150000000000044764, -2.499999999999999556 ) ) ;
#3167 = PLANE ( 'NONE',  #5145 ) ;
#3168 = EDGE_CURVE ( 'NONE', #1809, #128, #7366, .T. ) ;
#3169 = CARTESIAN_POINT ( 'NONE',  ( -12.90000000000000036, 5.849999999999910827, -6.350000000000000533 ) ) ;
#3170 = LINE ( 'NONE', #3093, #790 ) ;
#3171 = CARTESIAN_POINT ( 'NONE',  ( -17.00000000000000000, -24.00000000000002132, -9.650000000000000355 ) ) ;
#3172 = DIRECTION ( 'NONE',  ( 0.000000000000000000, 0.000000000000000000, -1.000000000000000000 ) ) ;
#3173 = ORIENTED_EDGE ( 'NONE', *, *, #2490, .T. ) ;
#3174 = DIRECTION ( 'NONE',  ( -0.000000000000000000, -0.000000000000000000, 1.000000000000000000 ) ) ;
#3175 = EDGE_LOOP ( 'NONE', ( #2801, #5934, #1584, #394 ) ) ;
#3176 = ADVANCED_FACE ( 'NONE', ( #6758 ), #5547, .T. ) ;
#3177 = DIRECTION ( 'NONE',  ( 0.000000000000000000, 0.000000000000000000, -1.000000000000000000 ) ) ;
#3178 = EDGE_LOOP ( 'NONE', ( #1561, #4954, #6502, #694, #4120 ) ) ;
#3179 = VERTEX_POINT ( 'NONE', #6599 ) ;
#3180 = EDGE_CURVE ( 'NONE', #7847, #5300, #3888, .T. ) ;
#3181 = AXIS2_PLACEMENT_3D ( 'NONE', #5430, #5561, #1170 ) ;
#3182 = ORIENTED_EDGE ( 'NONE', *, *, #7983, .T. ) ;
#3183 = LINE ( 'NONE', #7024, #6928 ) ;
#3184 = DIRECTION ( 'NONE',  ( 1.000000000000000000, 0.000000000000000000, 0.000000000000000000 ) ) ;
#3185 = CYLINDRICAL_SURFACE ( 'NONE', #883, 4.000000000000003553 ) ;
#3186 = LINE ( 'NONE', #134, #7830 ) ;
#3187 = AXIS2_PLACEMENT_3D ( 'NONE', #5317, #1401, #2705 ) ;
#3188 = ORIENTED_EDGE ( 'NONE', *, *, #205, .F. ) ;
#3189 = AXIS2_PLACEMENT_3D ( 'NONE', #3209, #5683, #6171 ) ;
#3190 = DIRECTION ( 'NONE',  ( 1.000000000000000000, 0.000000000000000000, 0.000000000000000000 ) ) ;
#3191 = DIRECTION ( 'NONE',  ( -0.000000000000000000, -0.000000000000000000, -1.000000000000000000 ) ) ;
#3192 = DIRECTION ( 'NONE',  ( 0.000000000000000000, -0.000000000000000000, -1.000000000000000000 ) ) ;
#3193 = ADVANCED_FACE ( 'NONE', ( #4191 ), #7405, .F. ) ;
#3194 = EDGE_CURVE ( 'NONE', #4478, #1037, #3252, .T. ) ;
#3195 = CIRCLE ( 'NONE', #7583, 1.600000000000000755 ) ;
#3196 = FACE_OUTER_BOUND ( 'NONE', #4978, .T. ) ;
#3197 = AXIS2_PLACEMENT_3D ( 'NONE', #5388, #2260, #1779 ) ;
#3198 = VERTEX_POINT ( 'NONE', #1241 ) ;
#3199 = DIRECTION ( 'NONE',  ( -1.000000000000000000, 0.000000000000000000, 0.000000000000000000 ) ) ;
#3200 = ORIENTED_EDGE ( 'NONE', *, *, #3718, .F. ) ;
#3201 = VERTEX_POINT ( 'NONE', #5014 ) ;
#3202 = DIRECTION ( 'NONE',  ( 0.000000000000000000, 0.000000000000000000, 1.000000000000000000 ) ) ;
#3203 = CARTESIAN_POINT ( 'NONE',  ( -16.00000000000000000, 16.85000000000000142, -5.500000000000000000 ) ) ;
#3204 = CARTESIAN_POINT ( 'NONE',  ( -40.14487539711821285, 0.000000000000000000, -7.000000000000000000 ) ) ;
#3205 = CIRCLE ( 'NONE', #6435, 2.000000000000000000 ) ;
#3206 = FACE_OUTER_BOUND ( 'NONE', #7222, .T. ) ;
#3207 = DIRECTION ( 'NONE',  ( -1.000000000000000000, 0.000000000000000000, 0.000000000000000000 ) ) ;
#3208 = CARTESIAN_POINT ( 'NONE',  ( 13.00000000000000178, -35.99427459992278244, -1.000000000000000888 ) ) ;
#3209 = CARTESIAN_POINT ( 'NONE',  ( 5.000000000000000888, 29.74406644123207144, -3.000000000000000000 ) ) ;
#3210 = ORIENTED_EDGE ( 'NONE', *, *, #569, .F. ) ;
#3212 = AXIS2_PLACEMENT_3D ( 'NONE', #6855, #6892, #1856 ) ;
#3211 = CARTESIAN_POINT ( 'NONE',  ( -15.00000000000000000, 5.849999999999911715, -9.650000000000000355 ) ) ;
#3213 = EDGE_CURVE ( 'NONE', #166, #7858, #7131, .T. ) ;
#3214 = ORIENTED_EDGE ( 'NONE', *, *, #6389, .F. ) ;
#3215 = AXIS2_PLACEMENT_3D ( 'NONE', #175, #2733, #2617 ) ;
#3216 = VECTOR ( 'NONE', #4238, 1000.000000000000000 ) ;
#3217 = DIRECTION ( 'NONE',  ( -0.000000000000000000, -0.000000000000000000, 1.000000000000000000 ) ) ;
#3218 = AXIS2_PLACEMENT_3D ( 'NONE', #3521, #6077, #5957 ) ;
#3219 = VERTEX_POINT ( 'NONE', #749 ) ;
#3220 = CIRCLE ( 'NONE', #3091, 2.000000000000000000 ) ;
#3221 = EDGE_CURVE ( 'NONE', #1868, #733, #7261, .T. ) ;
#3222 = ADVANCED_FACE ( 'NONE', ( #6879 ), #6274, .F. ) ;
#3223 = EDGE_LOOP ( 'NONE', ( #2963, #4980 ) ) ;
#3224 = VERTEX_POINT ( 'NONE', #2006 ) ;
#3225 = DIRECTION ( 'NONE',  ( -0.000000000000000000, -0.000000000000000000, 1.000000000000000000 ) ) ;
#3226 = FACE_OUTER_BOUND ( 'NONE', #2357, .T. ) ;
#3227 = CARTESIAN_POINT ( 'NONE',  ( -11.53333333333333499, -48.52352925541694617, -2.428536926285582265 ) ) ;
#3228 = CARTESIAN_POINT ( 'NONE',  ( -14.99999999999999467, -59.22269074732326999, -7.000000000000000000 ) ) ;
#3229 = EDGE_CURVE ( 'NONE', #6272, #5529, #6746, .T. ) ;
#3230 = ORIENTED_EDGE ( 'NONE', *, *, #866, .T. ) ;
#3231 = DIRECTION ( 'NONE',  ( 1.000000000000000000, 0.000000000000000000, 0.000000000000000000 ) ) ;
#3232 = LINE ( 'NONE', #139, #5444 ) ;
#3233 = DIRECTION ( 'NONE',  ( 0.000000000000000000, 0.000000000000000000, -1.000000000000000000 ) ) ;
#3234 = CARTESIAN_POINT ( 'NONE',  ( 11.00000000000000000, 5.849999999999910827, -6.350000000000000533 ) ) ;
#3235 = EDGE_CURVE ( 'NONE', #3525, #1402, #3716, .T. ) ;
#3236 = ORIENTED_EDGE ( 'NONE', *, *, #5018, .T. ) ;
#3237 = LINE ( 'NONE', #146, #3307 ) ;
#3238 = VERTEX_POINT ( 'NONE', #176 ) ;
#3239 = ORIENTED_EDGE ( 'NONE', *, *, #66, .F. ) ;
#3240 = DIRECTION ( 'NONE',  ( 1.000000000000000000, 0.000000000000000000, 0.000000000000000000 ) ) ;
#3241 = LINE ( 'NONE', #1441, #1320 ) ;
#3242 = CARTESIAN_POINT ( 'NONE',  ( -8.000000000000000000, 23.34999999999998010, -6.350000000000000533 ) ) ;
#3243 = DIRECTION ( 'NONE',  ( -0.000000000000000000, -0.000000000000000000, -1.000000000000000000 ) ) ;
#3244 = DIRECTION ( 'NONE',  ( -0.000000000000000000, -0.000000000000000000, -1.000000000000000000 ) ) ;
#3245 = DIRECTION ( 'NONE',  ( 0.000000000000000000, 0.000000000000000000, 1.000000000000000000 ) ) ;
#3246 = EDGE_CURVE ( 'NONE', #7608, #2881, #672, .T. ) ;
#3247 = ORIENTED_EDGE ( 'NONE', *, *, #2209, .F. ) ;
#3248 = EDGE_CURVE ( 'NONE', #7872, #3575, #1282, .T. ) ;
#3249 = DIRECTION ( 'NONE',  ( 0.000000000000000000, 0.000000000000000000, -1.000000000000000000 ) ) ;
#3250 = EDGE_LOOP ( 'NONE', ( #7564, #7389, #1823, #6945, #173, #1609 ) ) ;
#3251 = DIRECTION ( 'NONE',  ( -1.000000000000000000, 0.000000000000000000, 0.000000000000000000 ) ) ;
#3252 = CIRCLE ( 'NONE', #2220, 3.000000000000000000 ) ;
#3253 = ORIENTED_EDGE ( 'NONE', *, *, #7691, .T. ) ;
#3254 = ORIENTED_EDGE ( 'NONE', *, *, #6797, .T. ) ;
#3255 = VECTOR ( 'NONE', #6543, 1000.000000000000000 ) ;
#3256 = VERTEX_POINT ( 'NONE', #3158 ) ;
#3257 = DIRECTION ( 'NONE',  ( -1.000000000000000000, 8.673617379884027583E-16, 0.000000000000000000 ) ) ;
#3258 = EDGE_CURVE ( 'NONE', #7756, #3623, #7770, .T. ) ;
#3259 = DIRECTION ( 'NONE',  ( 0.000000000000000000, 0.000000000000000000, -1.000000000000000000 ) ) ;
#3260 = CARTESIAN_POINT ( 'NONE',  ( -9.914799734000007803, -47.78900422463864572, -2.442688162693498644 ) ) ;
#3261 = FACE_OUTER_BOUND ( 'NONE', #6513, .T. ) ;
#3262 = AXIS2_PLACEMENT_3D ( 'NONE', #6025, #6764, #2376 ) ;
#3263 = LINE ( 'NONE', #2576, #6776 ) ;
#3264 = ORIENTED_EDGE ( 'NONE', *, *, #3585, .T. ) ;
#3265 = VECTOR ( 'NONE', #2406, 999.9999999999998863 ) ;
#3266 = CARTESIAN_POINT ( 'NONE',  ( 8.000000000000000000, 32.38981775229666482, -1.000000000000000000 ) ) ;
#3267 = CARTESIAN_POINT ( 'NONE',  ( -8.000000000000000000, -24.00000000000000000, 13.91648783894760477 ) ) ;
#3268 = DIRECTION ( 'NONE',  ( 3.818726056296495018E-16, 1.000000000000000000, 0.000000000000000000 ) ) ;
#3269 = AXIS2_PLACEMENT_3D ( 'NONE', #5796, #5835, #2749 ) ;
#3270 = EDGE_CURVE ( 'NONE', #8021, #788, #5585, .T. ) ;
#3271 = CARTESIAN_POINT ( 'NONE',  ( 14.99999999999999467, -59.22269074732326999, -7.000000000000000000 ) ) ;
#3272 = ORIENTED_EDGE ( 'NONE', *, *, #7638, .F. ) ;
#3273 = FACE_OUTER_BOUND ( 'NONE', #1219, .T. ) ;
#3274 = AXIS2_PLACEMENT_3D ( 'NONE', #5208, #6509, #3543 ) ;
#3275 = ORIENTED_EDGE ( 'NONE', *, *, #5420, .F. ) ;
#3276 = EDGE_LOOP ( 'NONE', ( #4555, #6578, #1207, #277 ) ) ;
#3277 = DIRECTION ( 'NONE',  ( -1.000000000000000000, 0.000000000000000000, 0.000000000000000000 ) ) ;
#3278 = CARTESIAN_POINT ( 'NONE',  ( -13.00000000000000000, -28.93902645193045231, -5.500000000000000000 ) ) ;
#3279 = CARTESIAN_POINT ( 'NONE',  ( 8.000000000000000000, 23.34999999999998010, -5.500000000000000000 ) ) ;
#3280 = ADVANCED_FACE ( 'NONE', ( #7522 ), #7487, .F. ) ;
#3281 = CARTESIAN_POINT ( 'NONE',  ( -30.14487539711820929, 0.000000000000000000, -1.000000000000000000 ) ) ;
#3282 = DIRECTION ( 'NONE',  ( 1.000000000000000000, 0.000000000000000000, 0.000000000000000000 ) ) ;
#3283 = CARTESIAN_POINT ( 'NONE',  ( 9.999999999999998224, -5.150000000000045652, -5.500000000000000000 ) ) ;
#3284 = ORIENTED_EDGE ( 'NONE', *, *, #4596, .T. ) ;
#3285 = DIRECTION ( 'NONE',  ( 1.000000000000000000, 0.000000000000000000, 0.000000000000000000 ) ) ;
#3286 = ORIENTED_EDGE ( 'NONE', *, *, #7319, .F. ) ;
#3287 = ADVANCED_FACE ( 'NONE', ( #4442 ), #6917, .F. ) ;
#3288 = EDGE_CURVE ( 'NONE', #5926, #137, #3232, .T. ) ;
#3289 = CARTESIAN_POINT ( 'NONE',  ( -7.000000000000001776, 29.74406644123207144, 7.000000000000000000 ) ) ;
#3290 = ORIENTED_EDGE ( 'NONE', *, *, #7811, .F. ) ;
#3291 = CARTESIAN_POINT ( 'NONE',  ( -15.00000000000000000, -28.93902645193045231, -5.500000000000000000 ) ) ;
#3292 = ORIENTED_EDGE ( 'NONE', *, *, #432, .T. ) ;
#3293 = EDGE_LOOP ( 'NONE', ( #4831, #6606, #6944, #1934 ) ) ;
#3294 = VERTEX_POINT ( 'NONE', #781 ) ;
#3295 = DIRECTION ( 'NONE',  ( -0.000000000000000000, -0.000000000000000000, -1.000000000000000000 ) ) ;
#3296 = CARTESIAN_POINT ( 'NONE',  ( -3.850000000000010747, -21.00000000000001776, 7.000000000000000000 ) ) ;
#3297 = DIRECTION ( 'NONE',  ( -1.000000000000000000, 0.000000000000000000, 0.000000000000000000 ) ) ;
#3298 = AXIS2_PLACEMENT_3D ( 'NONE', #1538, #366, #2272 ) ;
#3299 = LINE ( 'NONE', #4398, #3308 ) ;
#3300 = ORIENTED_EDGE ( 'NONE', *, *, #4430, .F. ) ;
#3301 = EDGE_CURVE ( 'NONE', #6736, #6522, #27, .T. ) ;
#3302 = AXIS2_PLACEMENT_3D ( 'NONE', #6793, #536, #5618 ) ;
#3303 = CYLINDRICAL_SURFACE ( 'NONE', #5138, 1.600000000000000755 ) ;
#3304 = DIRECTION ( 'NONE',  ( -0.000000000000000000, -0.000000000000000000, 1.000000000000000000 ) ) ;
#3305 = CARTESIAN_POINT ( 'NONE',  ( 26.00000000000000355, 16.84999999999999787, -3.999999999999999112 ) ) ;
#3306 = LINE ( 'NONE', #1547, #1649 ) ;
#3307 = VECTOR ( 'NONE', #6768, 1000.000000000000114 ) ;
#3308 = VECTOR ( 'NONE', #7555, 1000.000000000000000 ) ;
#3309 = ORIENTED_EDGE ( 'NONE', *, *, #1200, .F. ) ;
#3310 = CARTESIAN_POINT ( 'NONE',  ( 11.00000000000000000, 5.849999999999910827, -6.350000000000000533 ) ) ;
#3311 = EDGE_LOOP ( 'NONE', ( #3601, #3376, #4197, #1696 ) ) ;
#3312 = EDGE_CURVE ( 'NONE', #5040, #4399, #1953, .T. ) ;
#3313 = ORIENTED_EDGE ( 'NONE', *, *, #7691, .F. ) ;
#3314 = FACE_OUTER_BOUND ( 'NONE', #915, .T. ) ;
#3315 = DIRECTION ( 'NONE',  ( -1.000000000000000000, 0.000000000000000000, 0.000000000000000000 ) ) ;
#3316 = DIRECTION ( 'NONE',  ( 0.000000000000000000, 0.000000000000000000, 1.000000000000000000 ) ) ;
#3317 = VECTOR ( 'NONE', #2919, 1000.000000000000000 ) ;
#3318 = PRODUCT_DEFINITION_SHAPE ( 'NONE', 'NONE',  #5880 ) ;
#3319 = AXIS2_PLACEMENT_3D ( 'NONE', #6544, #2813, #3465 ) ;
#3320 = CARTESIAN_POINT ( 'NONE',  ( 5.000000000000000888, 29.74406644123207144, 7.000000000000000000 ) ) ;
#3321 = FACE_BOUND ( 'NONE', #4694, .T. ) ;
#3322 = DIRECTION ( 'NONE',  ( -0.000000000000000000, 0.000000000000000000, -1.000000000000000000 ) ) ;
#3323 = EDGE_LOOP ( 'NONE', ( #2477, #4642 ) ) ;
#3324 = DIRECTION ( 'NONE',  ( -1.000000000000000000, 0.000000000000000000, 0.000000000000000000 ) ) ;
#3325 = VERTEX_POINT ( 'NONE', #6198 ) ;
#3326 = EDGE_CURVE ( 'NONE', #1458, #5478, #4973, .T. ) ;
#3327 = CIRCLE ( 'NONE', #3074, 1.900000000000000577 ) ;
#3328 = DIRECTION ( 'NONE',  ( 1.000000000000000000, 0.000000000000000000, -0.000000000000000000 ) ) ;
#3329 = AXIS2_PLACEMENT_3D ( 'NONE', #5026, #3729, #7456 ) ;
#3330 = EDGE_LOOP ( 'NONE', ( #4868, #1415, #4407, #6571 ) ) ;
#3331 = CARTESIAN_POINT ( 'NONE',  ( -13.00000000000000178, -43.22269074732326999, 5.000000000000000000 ) ) ;
#3332 = ORIENTED_EDGE ( 'NONE', *, *, #6638, .T. ) ;
#3333 = AXIS2_PLACEMENT_3D ( 'NONE', #2078, #1505, #897 ) ;
#3334 = VERTEX_POINT ( 'NONE', #5937 ) ;
#3335 = EDGE_CURVE ( 'NONE', #7756, #4485, #3423, .T. ) ;
#3336 = ADVANCED_FACE ( 'NONE', ( #4519, #7676 ), #7070, .T. ) ;
#3337 = VECTOR ( 'NONE', #5088, 1000.000000000000000 ) ;
#3338 = ORIENTED_EDGE ( 'NONE', *, *, #6902, .F. ) ;
#3339 = AXIS2_PLACEMENT_3D ( 'NONE', #7496, #1854, #3086 ) ;
#3340 = CARTESIAN_POINT ( 'NONE',  ( 21.59487539711820503, 6.799999999999998046, -1.000000000000000000 ) ) ;
#3341 = CARTESIAN_POINT ( 'NONE',  ( -17.00000000000000355, -43.22269074732326999, 7.000000000000000000 ) ) ;
#3342 = VECTOR ( 'NONE', #4217, 1000.000000000000000 ) ;
#3343 = CYLINDRICAL_SURFACE ( 'NONE', #5158, 6.550000000000000711 ) ;
#3344 = DIRECTION ( 'NONE',  ( -1.000000000000000000, 0.000000000000000000, 0.000000000000000000 ) ) ;
#3345 = EDGE_CURVE ( 'NONE', #6532, #179, #370, .T. ) ;
#3346 = AXIS2_PLACEMENT_3D ( 'NONE', #228, #5058, #3397 ) ;
#3347 = VERTEX_POINT ( 'NONE', #7033 ) ;
#3348 = VECTOR ( 'NONE', #7640, 1000.000000000000000 ) ;
#3349 = CARTESIAN_POINT ( 'NONE',  ( -15.60000000000000142, -5.150000000000045652, -2.499999999999999556 ) ) ;
#3350 = DIRECTION ( 'NONE',  ( 1.000000000000000000, 0.000000000000000000, 0.000000000000000000 ) ) ;
#3351 = CARTESIAN_POINT ( 'NONE',  ( -13.79999999999999893, -48.22269074732327709, -3.999999999999998224 ) ) ;
#3352 = CARTESIAN_POINT ( 'NONE',  ( 14.00000000000000000, -24.00000000000002132, -7.000000000000000000 ) ) ;
#3353 = DIRECTION ( 'NONE',  ( 0.000000000000000000, 1.000000000000000000, 0.000000000000000000 ) ) ;
#3354 = VECTOR ( 'NONE', #3378, 1000.000000000000000 ) ;
#3355 = ORIENTED_EDGE ( 'NONE', *, *, #6407, .T. ) ;
#3356 = ORIENTED_EDGE ( 'NONE', *, *, #3898, .F. ) ;
#3357 = VERTEX_POINT ( 'NONE', #5893 ) ;
#3358 = DIRECTION ( 'NONE',  ( 4.692204187680386691E-16, -1.000000000000000000, 0.000000000000000000 ) ) ;
#3359 = CARTESIAN_POINT ( 'NONE',  ( -13.00000000000000355, -54.22269074732326999, -5.500000000000000000 ) ) ;
#3360 = CARTESIAN_POINT ( 'NONE',  ( -12.90000000000000036, 5.849999999999910827, -6.350000000000000533 ) ) ;
#3361 = FACE_BOUND ( 'NONE', #5251, .T. ) ;
#3362 = EDGE_CURVE ( 'NONE', #5644, #850, #1176, .T. ) ;
#3363 = ADVANCED_BREP_SHAPE_REPRESENTATION ( 'LQ26-05HGI-01-006', ( #988, #1879 ), #2533 ) ;
#3364 = CARTESIAN_POINT ( 'NONE',  ( 8.000000000000000000, 23.34999999999998010, 7.000000000000000888 ) ) ;
#3365 = ADVANCED_FACE ( 'NONE', ( #4058 ), #5823, .T. ) ;
#3366 = CARTESIAN_POINT ( 'NONE',  ( 0.000000000000000000, 0.000000000000000000, 0.000000000000000000 ) ) ;
#3367 = ORIENTED_EDGE ( 'NONE', *, *, #2974, .T. ) ;
#3368 = CARTESIAN_POINT ( 'NONE',  ( -14.00000000000000000, -24.00000000000002132, -9.650000000000000355 ) ) ;
#3369 = ORIENTED_EDGE ( 'NONE', *, *, #3807, .T. ) ;
#3370 = CARTESIAN_POINT ( 'NONE',  ( 22.25590207615663729, 24.24406644123207499, -4.000000000000000000 ) ) ;
#3371 = EDGE_CURVE ( 'NONE', #1454, #7109, #5842, .T. ) ;
#3372 = VERTEX_POINT ( 'NONE', #6504 ) ;
#3373 = CARTESIAN_POINT ( 'NONE',  ( 8.000000000000000000, -41.00000000000000000, -5.500000000000000000 ) ) ;
#3374 = VERTEX_POINT ( 'NONE', #5167 ) ;
#3375 = ORIENTED_EDGE ( 'NONE', *, *, #6380, .T. ) ;
#3376 = ORIENTED_EDGE ( 'NONE', *, *, #7594, .F. ) ;
#3377 = AXIS2_PLACEMENT_3D ( 'NONE', #2328, #1074, #4771 ) ;
#3378 = DIRECTION ( 'NONE',  ( 1.000000000000000000, 0.000000000000000000, 0.000000000000000000 ) ) ;
#3379 = ADVANCED_FACE ( 'NONE', ( #6995 ), #898, .T. ) ;
#3380 = DIRECTION ( 'NONE',  ( 0.000000000000000000, 0.000000000000000000, -1.000000000000000000 ) ) ;
#3381 = DIRECTION ( 'NONE',  ( 0.7071067811865532349, 0.000000000000000000, -0.7071067811865417996 ) ) ;
#3382 = VECTOR ( 'NONE', #1270, 1000.000000000000000 ) ;
#3383 = ORIENTED_EDGE ( 'NONE', *, *, #5647, .T. ) ;
#3384 = LINE ( 'NONE', #3422, #1263 ) ;
#3385 = DIRECTION ( 'NONE',  ( 0.000000000000000000, 0.000000000000000000, 1.000000000000000000 ) ) ;
#3386 = CARTESIAN_POINT ( 'NONE',  ( 8.676806735756557032, -46.62269074732328278, -3.999999999999996447 ) ) ;
#3387 = ORIENTED_EDGE ( 'NONE', *, *, #4472, .F. ) ;
#3388 = EDGE_CURVE ( 'NONE', #4051, #6657, #2812, .T. ) ;
#3389 = DIRECTION ( 'NONE',  ( 1.000000000000000000, 0.000000000000000000, 0.000000000000000000 ) ) ;
#3390 = EDGE_CURVE ( 'NONE', #5955, #7609, #7636, .T. ) ;
#3391 = VECTOR ( 'NONE', #2432, 1000.000000000000000 ) ;
#3392 = DIRECTION ( 'NONE',  ( 6.071532165918992069E-15, 1.000000000000000000, -0.000000000000000000 ) ) ;
#3393 = FACE_OUTER_BOUND ( 'NONE', #6871, .T. ) ;
#3394 = ORIENTED_EDGE ( 'NONE', *, *, #7639, .T. ) ;
#3395 = ORIENTED_EDGE ( 'NONE', *, *, #6866, .T. ) ;
#3396 = CIRCLE ( 'NONE', #405, 2.000000000000001776 ) ;
#3397 = DIRECTION ( 'NONE',  ( 1.000000000000000000, 0.000000000000000000, 0.000000000000000000 ) ) ;
#3398 = DIRECTION ( 'NONE',  ( 0.000000000000000000, -0.000000000000000000, -1.000000000000000000 ) ) ;
#3399 = CYLINDRICAL_SURFACE ( 'NONE', #2560, 2.000000000000001776 ) ;
#3400 = VECTOR ( 'NONE', #7045, 1000.000000000000000 ) ;
#3401 = LINE ( 'NONE', #381, #5076 ) ;
#3402 = LINE ( 'NONE', #5257, #3009 ) ;
#3403 = DIRECTION ( 'NONE',  ( 0.000000000000000000, 0.000000000000000000, 1.000000000000000000 ) ) ;
#3404 = ORIENTED_EDGE ( 'NONE', *, *, #6255, .T. ) ;
#3405 = DIRECTION ( 'NONE',  ( 1.000000000000000000, 0.000000000000000000, 0.000000000000000000 ) ) ;
#3406 = ORIENTED_EDGE ( 'NONE', *, *, #7319, .T. ) ;
#3407 = VERTEX_POINT ( 'NONE', #2079 ) ;
#3408 = ADVANCED_FACE ( 'NONE', ( #7709 ), #1543, .F. ) ;
#3409 = VECTOR ( 'NONE', #3150, 1000.000000000000000 ) ;
#3410 = LINE ( 'NONE', #7133, #8005 ) ;
#3411 = ORIENTED_EDGE ( 'NONE', *, *, #3235, .T. ) ;
#3412 = CARTESIAN_POINT ( 'NONE',  ( 13.79999999999999893, -46.62269074732328278, -3.999999999999998224 ) ) ;
#3413 = ORIENTED_EDGE ( 'NONE', *, *, #1488, .T. ) ;
#3414 = EDGE_LOOP ( 'NONE', ( #7403, #5214, #2778, #4730, #5700, #1703, #1303, #6032, #2721, #4505, #6851, #2144 ) ) ;
#3415 = EDGE_CURVE ( 'NONE', #6615, #3932, #3941, .T. ) ;
#3416 = ORIENTED_EDGE ( 'NONE', *, *, #4667, .F. ) ;
#3417 = FACE_OUTER_BOUND ( 'NONE', #2337, .T. ) ;
#3418 = LINE ( 'NONE', #4863, #149 ) ;
#3419 = CARTESIAN_POINT ( 'NONE',  ( 3.850000000000089795, 21.24406644123204302, 7.000000000000000000 ) ) ;
#3420 = ORIENTED_EDGE ( 'NONE', *, *, #5568, .T. ) ;
#3421 = EDGE_CURVE ( 'NONE', #6043, #925, #7013, .T. ) ;
#3422 = CARTESIAN_POINT ( 'NONE',  ( -15.00000000000000178, -43.22269074732326999, 7.000000000000000000 ) ) ;
#3423 = LINE ( 'NONE', #4557, #2602 ) ;
#3424 = EDGE_LOOP ( 'NONE', ( #443, #7731, #7179, #5710 ) ) ;
#3425 = CARTESIAN_POINT ( 'NONE',  ( 40.14487539711818442, -48.77946718360625766, -5.500000000000000000 ) ) ;
#3426 = LINE ( 'NONE', #5288, #5414 ) ;
#3427 = DIRECTION ( 'NONE',  ( 0.000000000000000000, 0.000000000000000000, -1.000000000000000000 ) ) ;
#3428 = CIRCLE ( 'NONE', #7956, 2.000000000000001776 ) ;
#3429 = ORIENTED_EDGE ( 'NONE', *, *, #1426, .F. ) ;
#3430 = VERTEX_POINT ( 'NONE', #218 ) ;
#3431 = EDGE_CURVE ( 'NONE', #6946, #678, #2154, .T. ) ;
#3432 = EDGE_CURVE ( 'NONE', #7341, #5378, #2734, .T. ) ;
#3433 = CARTESIAN_POINT ( 'NONE',  ( 30.14487539711820929, 0.000000000000000000, -5.500000000000000000 ) ) ;
#3434 = CARTESIAN_POINT ( 'NONE',  ( -8.000000000000000000, 23.34999999999998010, -9.650000000000000355 ) ) ;
#3435 = FACE_BOUND ( 'NONE', #2071, .T. ) ;
#3436 = AXIS2_PLACEMENT_3D ( 'NONE', #4154, #1724, #4731 ) ;
#3437 = CARTESIAN_POINT ( 'NONE',  ( -16.00000000000000000, 16.85000000000000142, -5.000000000000000000 ) ) ;
#3438 = DIRECTION ( 'NONE',  ( 0.000000000000000000, 0.000000000000000000, 1.000000000000000000 ) ) ;
#3439 = ORIENTED_EDGE ( 'NONE', *, *, #6808, .T. ) ;
#3440 = DIRECTION ( 'NONE',  ( -0.000000000000000000, -0.000000000000000000, 1.000000000000000000 ) ) ;
#3441 = ORIENTED_EDGE ( 'NONE', *, *, #1846, .T. ) ;
#3442 = CIRCLE ( 'NONE', #726, 1.600000000000000755 ) ;
#3443 = ORIENTED_EDGE ( 'NONE', *, *, #2037, .F. ) ;
#3444 = CARTESIAN_POINT ( 'NONE',  ( 16.00000000000000000, 16.85000000000000142, -5.000000000000000000 ) ) ;
#3445 = CIRCLE ( 'NONE', #1111, 3.000000000000000888 ) ;
#3446 = VECTOR ( 'NONE', #2939, 1000.000000000000000 ) ;
#3447 = DIRECTION ( 'NONE',  ( -0.9961946980917452121, -0.08715574274766198226, 0.000000000000000000 ) ) ;
#3448 = CIRCLE ( 'NONE', #4733, 1.600000000000000755 ) ;
#3449 = ORIENTED_EDGE ( 'NONE', *, *, #299, .T. ) ;
#3450 = CARTESIAN_POINT ( 'NONE',  ( 12.25376715702710406, -48.88869832502986412, -2.543446222057307970 ) ) ;
#3451 = EDGE_CURVE ( 'NONE', #678, #6726, #6881, .T. ) ;
#3452 = VERTEX_POINT ( 'NONE', #291 ) ;
#3453 = VERTEX_POINT ( 'NONE', #7915 ) ;
#3454 = EDGE_LOOP ( 'NONE', ( #6338, #6149, #248, #2231 ) ) ;
#3455 = DIRECTION ( 'NONE',  ( 1.000000000000000000, 0.000000000000000000, 0.000000000000000000 ) ) ;
#3456 = CIRCLE ( 'NONE', #1379, 1.600000000000002531 ) ;
#3457 = EDGE_CURVE ( 'NONE', #1438, #1564, #1949, .T. ) ;
#3458 = FACE_OUTER_BOUND ( 'NONE', #5403, .T. ) ;
#3459 = CARTESIAN_POINT ( 'NONE',  ( 12.90000000000000036, 5.849999999999910827, -6.350000000000000533 ) ) ;
#3460 = VECTOR ( 'NONE', #558, 1000.000000000000000 ) ;
#3461 = ORIENTED_EDGE ( 'NONE', *, *, #2644, .F. ) ;
#3462 = AXIS2_PLACEMENT_3D ( 'NONE', #7521, #2043, #6386 ) ;
#3463 = DIRECTION ( 'NONE',  ( 0.000000000000000000, -1.000000000000000000, 0.000000000000000000 ) ) ;
#3464 = DIRECTION ( 'NONE',  ( -0.000000000000000000, -0.000000000000000000, -1.000000000000000000 ) ) ;
#3465 = DIRECTION ( 'NONE',  ( 1.000000000000000000, 0.000000000000000000, 0.000000000000000000 ) ) ;
#3466 = VERTEX_POINT ( 'NONE', #1147 ) ;
#3467 = FACE_OUTER_BOUND ( 'NONE', #5464, .T. ) ;
#3468 = CARTESIAN_POINT ( 'NONE',  ( -16.99999999999999289, -59.22269074732326999, -7.000000000000000000 ) ) ;
#3469 = EDGE_CURVE ( 'NONE', #3913, #487, #5594, .T. ) ;
#3470 = DIRECTION ( 'NONE',  ( 0.000000000000000000, -0.000000000000000000, 1.000000000000000000 ) ) ;
#3471 = CIRCLE ( 'NONE', #7613, 1.600000000000000755 ) ;
#3472 = VECTOR ( 'NONE', #6453, 1000.000000000000000 ) ;
#3473 = ORIENTED_EDGE ( 'NONE', *, *, #1043, .F. ) ;
#3474 = LINE ( 'NONE', #6516, #2028 ) ;
#3475 = DIRECTION ( 'NONE',  ( -1.000000000000000000, -6.776263578034408105E-18, -0.000000000000000000 ) ) ;
#3476 = FACE_OUTER_BOUND ( 'NONE', #1471, .T. ) ;
#3477 = AXIS2_PLACEMENT_3D ( 'NONE', #5549, #4193, #548 ) ;
#3478 = PLANE ( 'NONE',  #7147 ) ;
#3479 = CARTESIAN_POINT ( 'NONE',  ( 14.99999999999999289, -61.22269074732326999, 7.000000000000000000 ) ) ;
#3480 = EDGE_CURVE ( 'NONE', #510, #1137, #7188, .T. ) ;
#3481 = CARTESIAN_POINT ( 'NONE',  ( 13.79999999999999893, -48.22269074732327709, -3.999999999999998224 ) ) ;
#3482 = ORIENTED_EDGE ( 'NONE', *, *, #6239, .T. ) ;
#3483 = PLANE ( 'NONE',  #196 ) ;
#3484 = ORIENTED_EDGE ( 'NONE', *, *, #5912, .F. ) ;
#3485 = ORIENTED_EDGE ( 'NONE', *, *, #830, .T. ) ;
#3486 = DIRECTION ( 'NONE',  ( 0.000000000000000000, 0.000000000000000000, -1.000000000000000000 ) ) ;
#3487 = CARTESIAN_POINT ( 'NONE',  ( 30.14487539711820929, 10.00000000000018119, -7.000000000000000000 ) ) ;
#3488 = EDGE_CURVE ( 'NONE', #535, #5799, #4881, .T. ) ;
#3489 = EDGE_CURVE ( 'NONE', #435, #4790, #6664, .T. ) ;
#3490 = ORIENTED_EDGE ( 'NONE', *, *, #5940, .T. ) ;
#3491 = PLANE ( 'NONE',  #5122 ) ;
#3492 = ORIENTED_EDGE ( 'NONE', *, *, #2725, .T. ) ;
#3493 = ORIENTED_EDGE ( 'NONE', *, *, #6611, .T. ) ;
#3494 = ORIENTED_EDGE ( 'NONE', *, *, #2184, .T. ) ;
#3495 = CARTESIAN_POINT ( 'NONE',  ( 40.14487539711818442, -48.22269074732326999, -3.999999999999998224 ) ) ;
#3496 = CARTESIAN_POINT ( 'NONE',  ( -5.000000000000000888, 29.74406644123207144, -7.000000000000000000 ) ) ;
#3497 = DIRECTION ( 'NONE',  ( 0.9961946980917458783, -0.08715574274765504337, 0.000000000000000000 ) ) ;
#3498 = ORIENTED_EDGE ( 'NONE', *, *, #3457, .T. ) ;
#3499 = DIRECTION ( 'NONE',  ( -1.000000000000000000, 0.000000000000000000, 0.000000000000000000 ) ) ;
#3500 = DIRECTION ( 'NONE',  ( -0.7071067811865417996, 0.000000000000000000, -0.7071067811865531239 ) ) ;
#3501 = FACE_OUTER_BOUND ( 'NONE', #1828, .T. ) ;
#3502 = ADVANCED_FACE ( 'NONE', ( #7876, #4100 ), #2319, .F. ) ;
#3503 = ORIENTED_EDGE ( 'NONE', *, *, #879, .T. ) ;
#3504 = FACE_BOUND ( 'NONE', #7568, .T. ) ;
#3505 = DIRECTION ( 'NONE',  ( -0.6755902076156634628, -0.7372773368101210867, 0.000000000000000000 ) ) ;
#3506 = DIRECTION ( 'NONE',  ( 1.000000000000000000, 0.000000000000000000, 0.000000000000000000 ) ) ;
#3507 = ORIENTED_EDGE ( 'NONE', *, *, #5258, .T. ) ;
#3508 = CYLINDRICAL_SURFACE ( 'NONE', #2420, 3.000000000000006217 ) ;
#3509 = FACE_OUTER_BOUND ( 'NONE', #3663, .T. ) ;
#3510 = DIRECTION ( 'NONE',  ( 1.000000000000000000, 0.000000000000000000, 0.000000000000000000 ) ) ;
#3511 = EDGE_CURVE ( 'NONE', #7395, #4510, #1555, .T. ) ;
#3512 = CARTESIAN_POINT ( 'NONE',  ( -16.00000000000000000, 8.799999999999998934, -5.500000000000000000 ) ) ;
#3513 = CARTESIAN_POINT ( 'NONE',  ( -11.00000000000000178, -35.99427459992278244, -5.500000000000000000 ) ) ;
#3514 = DIRECTION ( 'NONE',  ( 0.000000000000000000, 0.000000000000000000, -1.000000000000000000 ) ) ;
#3515 = ORIENTED_EDGE ( 'NONE', *, *, #7409, .F. ) ;
#3516 = CARTESIAN_POINT ( 'NONE',  ( -8.000000000000000000, 29.74406644123207144, -7.000000000000000000 ) ) ;
#3517 = AXIS2_PLACEMENT_3D ( 'NONE', #2110, #7940, #7897 ) ;
#3518 = AXIS2_PLACEMENT_3D ( 'NONE', #3437, #5950, #7203 ) ;
#3519 = ORIENTED_EDGE ( 'NONE', *, *, #7735, .F. ) ;
#3520 = ORIENTED_EDGE ( 'NONE', *, *, #5808, .F. ) ;
#3521 = CARTESIAN_POINT ( 'NONE',  ( -2.189711252603710132E-14, -21.00000000000001776, 7.000000000000000000 ) ) ;
#3522 = EDGE_CURVE ( 'NONE', #1182, #1156, #7355, .T. ) ;
#3523 = AXIS2_PLACEMENT_3D ( 'NONE', #235, #3882, #2095 ) ;
#3524 = CARTESIAN_POINT ( 'NONE',  ( 0.000000000000000000, -41.00000000000000000, -5.500000000000000000 ) ) ;
#3525 = VERTEX_POINT ( 'NONE', #4710 ) ;
#3526 = PLANE ( 'NONE',  #3197 ) ;
#3527 = ORIENTED_EDGE ( 'NONE', *, *, #6218, .T. ) ;
#3528 = LINE ( 'NONE', #1695, #5255 ) ;
#3529 = ORIENTED_EDGE ( 'NONE', *, *, #5733, .T. ) ;
#3530 = AXIS2_PLACEMENT_3D ( 'NONE', #1152, #2452, #4317 ) ;
#3531 = EDGE_CURVE ( 'NONE', #6726, #4815, #7309, .T. ) ;
#3532 = EDGE_CURVE ( 'NONE', #4010, #5427, #6104, .T. ) ;
#3533 = ORIENTED_EDGE ( 'NONE', *, *, #2105, .T. ) ;
#3534 = CARTESIAN_POINT ( 'NONE',  ( 8.000000000000000000, 23.34999999999998010, -7.000000000000000000 ) ) ;
#3535 = ORIENTED_EDGE ( 'NONE', *, *, #99, .F. ) ;
#3536 = CARTESIAN_POINT ( 'NONE',  ( 9.999999999999998224, -5.150000000000045652, -2.499999999999999556 ) ) ;
#3537 = LINE ( 'NONE', #3873, #5649 ) ;
#3538 = EDGE_LOOP ( 'NONE', ( #5183, #4877, #3547, #7987, #6340, #1979, #7717, #7318, #7303, #4006 ) ) ;
#3539 = DIRECTION ( 'NONE',  ( -0.000000000000000000, -0.000000000000000000, -1.000000000000000000 ) ) ;
#3540 = CARTESIAN_POINT ( 'NONE',  ( 27.00000000000024514, -34.86239308998502651, 6.999999999999999112 ) ) ;
#3541 = CARTESIAN_POINT ( 'NONE',  ( 8.794254582937378828, -46.76770561401134785, -3.312023819443521422 ) ) ;
#3542 = ORIENTED_EDGE ( 'NONE', *, *, #141, .T. ) ;
#3543 = DIRECTION ( 'NONE',  ( -1.000000000000000000, 0.000000000000000000, 0.000000000000000000 ) ) ;
#3544 = LINE ( 'NONE', #2282, #2965 ) ;
#3545 = DIRECTION ( 'NONE',  ( 0.000000000000000000, 0.000000000000000000, 1.000000000000000000 ) ) ;
#3546 = ADVANCED_FACE ( 'NONE', ( #4839 ), #4269, .F. ) ;
#3547 = ORIENTED_EDGE ( 'NONE', *, *, #579, .T. ) ;
#3548 = CYLINDRICAL_SURFACE ( 'NONE', #4745, 2.000000000000001776 ) ;
#3549 = CARTESIAN_POINT ( 'NONE',  ( 7.949999999999996625, 16.85000000000000142, -5.500000000000000000 ) ) ;
#3550 = CARTESIAN_POINT ( 'NONE',  ( -13.80000000000000071, -50.12269074732328278, -3.999999999999998224 ) ) ;
#3551 = UNCERTAINTY_MEASURE_WITH_UNIT (LENGTH_MEASURE( 1.000000000000000082E-05 ), #2977, 'distance_accuracy_value', 'NONE');
#3552 = DIRECTION ( 'NONE',  ( -1.000000000000000000, 6.776263578034408105E-18, 0.000000000000000000 ) ) ;
#3553 = DIRECTION ( 'NONE',  ( 1.000000000000000000, 0.000000000000000000, 0.000000000000000000 ) ) ;
#3554 = EDGE_CURVE ( 'NONE', #5190, #7609, #2931, .T. ) ;
#3555 = ORIENTED_EDGE ( 'NONE', *, *, #6346, .T. ) ;
#3556 = CYLINDRICAL_SURFACE ( 'NONE', #3436, 2.999999999999999112 ) ;
#3557 = ORIENTED_EDGE ( 'NONE', *, *, #849, .F. ) ;
#3558 = ORIENTED_EDGE ( 'NONE', *, *, #99, .T. ) ;
#3559 = LINE ( 'NONE', #4820, #3097 ) ;
#3560 = FACE_OUTER_BOUND ( 'NONE', #6004, .T. ) ;
#3561 = CARTESIAN_POINT ( 'NONE',  ( -37.80531982830802207, -6.427876096865347222, 7.000000000000000000 ) ) ;
#3562 = CARTESIAN_POINT ( 'NONE',  ( -16.00000000000000000, 16.85000000000000142, -5.500000000000000000 ) ) ;
#3563 = ORIENTED_EDGE ( 'NONE', *, *, #3908, .F. ) ;
#3564 = DIRECTION ( 'NONE',  ( -0.000000000000000000, -0.000000000000000000, -1.000000000000000000 ) ) ;
#3565 = EDGE_CURVE ( 'NONE', #2868, #2772, #4942, .T. ) ;
#3566 = AXIS2_PLACEMENT_3D ( 'NONE', #5401, #4753, #6999 ) ;
#3567 = ORIENTED_EDGE ( 'NONE', *, *, #7638, .T. ) ;
#3568 = CYLINDRICAL_SURFACE ( 'NONE', #4349, 1.600000000000002531 ) ;
#3569 = VERTEX_POINT ( 'NONE', #1103 ) ;
#3570 = VECTOR ( 'NONE', #5685, 1000.000000000000114 ) ;
#3571 = ORIENTED_EDGE ( 'NONE', *, *, #213, .T. ) ;
#3572 = CARTESIAN_POINT ( 'NONE',  ( 13.00000000000000178, -43.22269074732326999, -3.000000000000000000 ) ) ;
#3573 = ADVANCED_FACE ( 'NONE', ( #6707 ), #3621, .F. ) ;
#3574 = ORIENTED_EDGE ( 'NONE', *, *, #2185, .F. ) ;
#3575 = VERTEX_POINT ( 'NONE', #6625 ) ;
#3576 = CARTESIAN_POINT ( 'NONE',  ( -37.80531982830802207, -6.427876096865348998, -7.000000000000000000 ) ) ;
#3577 = ORIENTED_EDGE ( 'NONE', *, *, #2002, .T. ) ;
#3578 = DIRECTION ( 'NONE',  ( -1.000000000000000000, -1.734723475976807587E-16, -0.000000000000000000 ) ) ;
#3579 = CARTESIAN_POINT ( 'NONE',  ( -16.00000000000000000, 16.85000000000000142, -5.000000000000000000 ) ) ;
#3580 =( NAMED_UNIT ( * ) PLANE_ANGLE_UNIT ( ) SI_UNIT ( $, .RADIAN. ) );
#3581 = ORIENTED_EDGE ( 'NONE', *, *, #2230, .T. ) ;
#3582 = AXIS2_PLACEMENT_3D ( 'NONE', #7654, #7692, #4612 ) ;
#3583 = CARTESIAN_POINT ( 'NONE',  ( -1.000000000000000888, 29.74406644123207144, 7.000000000000000000 ) ) ;
#3584 = DIRECTION ( 'NONE',  ( -1.000000000000000000, 0.000000000000000000, 0.000000000000000000 ) ) ;
#3585 = EDGE_CURVE ( 'NONE', #2433, #7159, #1432, .T. ) ;
#3586 = DIRECTION ( 'NONE',  ( -1.000000000000000000, 0.000000000000000000, 0.000000000000000000 ) ) ;
#3587 = AXIS2_PLACEMENT_3D ( 'NONE', #7242, #6600, #4192 ) ;
#3588 = CIRCLE ( 'NONE', #7996, 2.000000000000001776 ) ;
#3589 = ORIENTED_EDGE ( 'NONE', *, *, #3614, .F. ) ;
#3590 = DIRECTION ( 'NONE',  ( 0.000000000000000000, 0.000000000000000000, 1.000000000000000000 ) ) ;
#3591 = CARTESIAN_POINT ( 'NONE',  ( 13.39129341151854291, -27.00000000000000000, -5.500000000000000000 ) ) ;
#3592 = DIRECTION ( 'NONE',  ( -0.000000000000000000, -0.000000000000000000, 1.000000000000000000 ) ) ;
#3593 = CIRCLE ( 'NONE', #1131, 5.049999999999998934 ) ;
#3594 = VECTOR ( 'NONE', #7771, 1000.000000000000000 ) ;
#3595 = DIRECTION ( 'NONE',  ( -1.000000000000000000, 0.000000000000000000, 0.000000000000000000 ) ) ;
#3596 = DIRECTION ( 'NONE',  ( 0.000000000000000000, 1.000000000000000000, 0.000000000000000000 ) ) ;
#3597 = AXIS2_PLACEMENT_3D ( 'NONE', #5037, #2720, #7016 ) ;
#3598 = VERTEX_POINT ( 'NONE', #3706 ) ;
#3599 = DIRECTION ( 'NONE',  ( -1.000000000000000000, -1.734723475976807587E-16, -0.000000000000000000 ) ) ;
#3600 = VERTEX_POINT ( 'NONE', #7434 ) ;
#3601 = ORIENTED_EDGE ( 'NONE', *, *, #2925, .F. ) ;
#3602 = DIRECTION ( 'NONE',  ( -0.000000000000000000, -0.000000000000000000, 1.000000000000000000 ) ) ;
#3603 = CARTESIAN_POINT ( 'NONE',  ( 21.50000000000000000, 7.849999999999999645, -9.650000000000000355 ) ) ;
#3604 = CIRCLE ( 'NONE', #4634, 2.999999999999999112 ) ;
#3605 = ADVANCED_FACE ( 'NONE', ( #7473 ), #4313, .F. ) ;
#3606 = CARTESIAN_POINT ( 'NONE',  ( -15.60000000000000142, -5.150000000000045652, -5.500000000000000000 ) ) ;
#3607 = CARTESIAN_POINT ( 'NONE',  ( -12.00000000000000000, 23.34999999999998010, -9.650000000000000355 ) ) ;
#3608 = ORIENTED_EDGE ( 'NONE', *, *, #3213, .T. ) ;
#3609 = DIRECTION ( 'NONE',  ( -0.000000000000000000, -0.000000000000000000, -1.000000000000000000 ) ) ;
#3610 = ORIENTED_EDGE ( 'NONE', *, *, #4264, .F. ) ;
#3611 = DIRECTION ( 'NONE',  ( -1.000000000000000000, 0.000000000000000000, 0.000000000000000000 ) ) ;
#3612 = CIRCLE ( 'NONE', #116, 2.999999999999999112 ) ;
#3613 = ORIENTED_EDGE ( 'NONE', *, *, #6406, .T. ) ;
#3614 = EDGE_CURVE ( 'NONE', #1993, #6206, #624, .T. ) ;
#3615 = ORIENTED_EDGE ( 'NONE', *, *, #592, .F. ) ;
#3616 = CARTESIAN_POINT ( 'NONE',  ( 8.847089727481716182E-14, 19.24406644123204302, 6.999999999999999112 ) ) ;
#3617 = ORIENTED_EDGE ( 'NONE', *, *, #4264, .T. ) ;
#3618 = ORIENTED_EDGE ( 'NONE', *, *, #977, .T. ) ;
#3619 = CARTESIAN_POINT ( 'NONE',  ( 17.00000000000000000, -35.99427459992278244, 64.09969851780280692 ) ) ;
#3620 = CARTESIAN_POINT ( 'NONE',  ( 40.14487539711818442, -49.82269074732327141, -3.999999999999998224 ) ) ;
#3621 = CYLINDRICAL_SURFACE ( 'NONE', #1691, 6.550000000000000711 ) ;
#3622 = ADVANCED_FACE ( 'NONE', ( #1870 ), #1918, .F. ) ;
#3623 = VERTEX_POINT ( 'NONE', #4963 ) ;
#3624 = CARTESIAN_POINT ( 'NONE',  ( -11.00000000000000000, 5.849999999999910827, -7.000000000000000000 ) ) ;
#3625 = DIRECTION ( 'NONE',  ( -1.000000000000000000, 0.000000000000000000, 0.000000000000000000 ) ) ;
#3626 = PLANE ( 'NONE',  #4915 ) ;
#3627 = CARTESIAN_POINT ( 'NONE',  ( -12.49410402561057509, -49.11712983757388429, -2.670328857614548301 ) ) ;
#3628 = ORIENTED_EDGE ( 'NONE', *, *, #4912, .F. ) ;
#3629 = LINE ( 'NONE', #6107, #5668 ) ;
#3630 = CARTESIAN_POINT ( 'NONE',  ( -5.000000000000000888, 29.74406644123207144, -3.000000000000000000 ) ) ;
#3631 = CARTESIAN_POINT ( 'NONE',  ( -26.00000000000000000, 12.00000000000000178, -7.000000000000000000 ) ) ;
#3632 = EDGE_CURVE ( 'NONE', #2279, #6272, #4350, .T. ) ;
#3633 = ADVANCED_FACE ( 'NONE', ( #2525 ), #575, .F. ) ;
#3634 = AXIS2_PLACEMENT_3D ( 'NONE', #4022, #2192, #329 ) ;
#3635 = PLANE ( 'NONE',  #3477 ) ;
#3636 = CARTESIAN_POINT ( 'NONE',  ( 11.00000000000000355, -50.45110689472375043, -5.500000000000000000 ) ) ;
#3637 = ORIENTED_EDGE ( 'NONE', *, *, #4366, .F. ) ;
#3638 = PLANE ( 'NONE',  #2917 ) ;
#3639 = EDGE_LOOP ( 'NONE', ( #6058, #610, #3413, #870 ) ) ;
#3640 = ORIENTED_EDGE ( 'NONE', *, *, #4422, .F. ) ;
#3641 = VECTOR ( 'NONE', #256, 1000.000000000000000 ) ;
#3642 = CARTESIAN_POINT ( 'NONE',  ( 1.000000000000000000, 29.74406644123207144, 7.000000000000000000 ) ) ;
#3643 = DIRECTION ( 'NONE',  ( 1.000000000000000000, 0.000000000000000000, 0.000000000000000000 ) ) ;
#3644 = DIRECTION ( 'NONE',  ( 0.000000000000000000, -1.000000000000000000, 0.000000000000000000 ) ) ;
#3645 = CARTESIAN_POINT ( 'NONE',  ( -6.399999999999997691, 23.34999999999998010, -6.349999999999999645 ) ) ;
#3646 = DIRECTION ( 'NONE',  ( 1.000000000000000000, 0.000000000000000000, 0.000000000000000000 ) ) ;
#3647 = AXIS2_PLACEMENT_3D ( 'NONE', #5007, #7515, #5620 ) ;
#3648 = ORIENTED_EDGE ( 'NONE', *, *, #5365, .F. ) ;
#3649 = DIRECTION ( 'NONE',  ( 1.000000000000000000, 0.000000000000000000, 0.000000000000000000 ) ) ;
#3650 = CIRCLE ( 'NONE', #153, 4.000000000000001776 ) ;
#3651 = ORIENTED_EDGE ( 'NONE', *, *, #4900, .F. ) ;
#3652 = PLANE ( 'NONE',  #3062 ) ;
#3653 = EDGE_CURVE ( 'NONE', #6473, #4097, #5003, .T. ) ;
#3654 = EDGE_LOOP ( 'NONE', ( #2718, #6045, #755, #5749, #203, #1199, #5925, #1378, #5073, #5632, #5486, #1714, #7665, #384, #3742, #6341, #6355, #4547, #2762, #4780, #1049, #6073, #1298 ) ) ;
#3655 = CIRCLE ( 'NONE', #6766, 3.000000000000004441 ) ;
#3656 = CIRCLE ( 'NONE', #1702, 1.599999999999999867 ) ;
#3657 = AXIS2_PLACEMENT_3D ( 'NONE', #3434, #3995, #3916 ) ;
#3658 = VERTEX_POINT ( 'NONE', #5576 ) ;
#3659 = DIRECTION ( 'NONE',  ( -0.000000000000000000, 0.000000000000000000, 1.000000000000000000 ) ) ;
#3660 = ORIENTED_EDGE ( 'NONE', *, *, #1632, .T. ) ;
#3661 = VECTOR ( 'NONE', #7154, 1000.000000000000000 ) ;
#3662 = EDGE_CURVE ( 'NONE', #3452, #7339, #3746, .T. ) ;
#3663 = EDGE_LOOP ( 'NONE', ( #6321, #6901, #3292, #6082 ) ) ;
#3664 = DIRECTION ( 'NONE',  ( -0.000000000000000000, -0.000000000000000000, 1.000000000000000000 ) ) ;
#3665 = DIRECTION ( 'NONE',  ( -1.000000000000000000, -1.734723475976807587E-16, -0.000000000000000000 ) ) ;
#3666 = DIRECTION ( 'NONE',  ( 1.000000000000000000, -1.301042606982606307E-15, 0.000000000000000000 ) ) ;
#3667 = CARTESIAN_POINT ( 'NONE',  ( 9.450000000000585487, 21.47716791996747077, 64.09969851780280692 ) ) ;
#3668 = VERTEX_POINT ( 'NONE', #6225 ) ;
#3669 = CARTESIAN_POINT ( 'NONE',  ( 27.99999999999999645, 9.999999999999998224, -3.999999999999999112 ) ) ;
#3670 = DIRECTION ( 'NONE',  ( -1.000000000000000000, 0.000000000000000000, 0.000000000000000000 ) ) ;
#3671 = DIRECTION ( 'NONE',  ( 0.7372773368101210867, -0.6755902076156634628, 0.000000000000000000 ) ) ;
#3672 = CARTESIAN_POINT ( 'NONE',  ( 3.850000000000089795, 21.24406644123204302, 7.000000000000000000 ) ) ;
#3673 = EDGE_CURVE ( 'NONE', #2688, #651, #4806, .T. ) ;
#3674 = ORIENTED_EDGE ( 'NONE', *, *, #1034, .T. ) ;
#3675 = CYLINDRICAL_SURFACE ( 'NONE', #2678, 3.000000000000000000 ) ;
#3676 = CARTESIAN_POINT ( 'NONE',  ( 14.00000000000000000, -5.150000000000045652, -2.499999999999999556 ) ) ;
#3677 = LINE ( 'NONE', #2458, #2563 ) ;
#3678 = CARTESIAN_POINT ( 'NONE',  ( -14.00000000000000000, -5.150000000000045652, -5.500000000000000000 ) ) ;
#3679 = DIRECTION ( 'NONE',  ( 0.000000000000000000, 0.000000000000000000, 1.000000000000000000 ) ) ;
#3680 = ADVANCED_FACE ( 'NONE', ( #7293 ), #2383, .T. ) ;
#3681 = ORIENTED_EDGE ( 'NONE', *, *, #2873, .T. ) ;
#3682 = ADVANCED_FACE ( 'NONE', ( #603 ), #4291, .F. ) ;
#3683 = DIRECTION ( 'NONE',  ( 1.000000000000000000, 0.000000000000000000, 0.000000000000000000 ) ) ;
#3684 = EDGE_LOOP ( 'NONE', ( #3894, #2286, #3886, #3628 ) ) ;
#3685 = ORIENTED_EDGE ( 'NONE', *, *, #3797, .T. ) ;
#3686 = CARTESIAN_POINT ( 'NONE',  ( -25.49999999999999645, -0.1499999999997753408, -7.000000000000000000 ) ) ;
#3687 = DIRECTION ( 'NONE',  ( 0.000000000000000000, 0.000000000000000000, 1.000000000000000000 ) ) ;
#3688 = FACE_BOUND ( 'NONE', #4450, .T. ) ;
#3689 = LINE ( 'NONE', #4334, #1740 ) ;
#3690 = LINE ( 'NONE', #4254, #4811 ) ;
#3691 = CIRCLE ( 'NONE', #4738, 3.000000000000000000 ) ;
#3692 = CARTESIAN_POINT ( 'NONE',  ( 14.00000000000000000, -24.00000000000002132, -9.650000000000000355 ) ) ;
#3693 = ADVANCED_FACE ( 'NONE', ( #3560 ), #3087, .T. ) ;
#3694 = ORIENTED_EDGE ( 'NONE', *, *, #5186, .T. ) ;
#3695 = CYLINDRICAL_SURFACE ( 'NONE', #4215, 4.000000000000000888 ) ;
#3696 = ORIENTED_EDGE ( 'NONE', *, *, #7932, .T. ) ;
#3697 = VECTOR ( 'NONE', #7939, 1000.000000000000000 ) ;
#3698 = ORIENTED_EDGE ( 'NONE', *, *, #1800, .T. ) ;
#3699 = CARTESIAN_POINT ( 'NONE',  ( 12.88890875107582268, -49.79064265204249295, -4.366082870348914291 ) ) ;
#3700 = EDGE_CURVE ( 'NONE', #6240, #6998, #5722, .T. ) ;
#3701 = AXIS2_PLACEMENT_3D ( 'NONE', #7157, #1589, #4065 ) ;
#3702 = ORIENTED_EDGE ( 'NONE', *, *, #1322, .F. ) ;
#3703 = ORIENTED_EDGE ( 'NONE', *, *, #6238, .T. ) ;
#3704 = CARTESIAN_POINT ( 'NONE',  ( -4.228822272743265387, -47.79496414904957646, -5.547901272606471146 ) ) ;
#3705 = AXIS2_PLACEMENT_3D ( 'NONE', #1269, #8000, #7391 ) ;
#3706 = CARTESIAN_POINT ( 'NONE',  ( 25.09487539711820503, 2.226630515586007067E-13, -1.000000000000000000 ) ) ;
#3707 = ORIENTED_EDGE ( 'NONE', *, *, #592, .T. ) ;
#3708 = CARTESIAN_POINT ( 'NONE',  ( 26.00000000000000000, 9.999999999999998224, -7.000000000000000000 ) ) ;
#3709 = EDGE_CURVE ( 'NONE', #7704, #467, #1773, .T. ) ;
#3710 = CARTESIAN_POINT ( 'NONE',  ( -27.99999999999999645, 11.99999999999999822, -3.999999999999999112 ) ) ;
#3711 = DIRECTION ( 'NONE',  ( -0.000000000000000000, -0.000000000000000000, -1.000000000000000000 ) ) ;
#3712 = DIRECTION ( 'NONE',  ( 0.000000000000000000, -1.000000000000000000, 0.000000000000000000 ) ) ;
#3713 = EDGE_LOOP ( 'NONE', ( #7375, #4836, #3173, #5778 ) ) ;
#3714 = VECTOR ( 'NONE', #377, 1000.000000000000000 ) ;
#3715 = DIRECTION ( 'NONE',  ( 0.000000000000000000, 0.000000000000000000, -1.000000000000000000 ) ) ;
#3716 = LINE ( 'NONE', #6843, #522 ) ;
#3717 = CARTESIAN_POINT ( 'NONE',  ( 27.29659163829112245, -8.061623882891092663, -5.500000000000000000 ) ) ;
#3718 = EDGE_CURVE ( 'NONE', #2724, #2423, #1252, .T. ) ;
#3719 = VECTOR ( 'NONE', #5832, 1000.000000000000000 ) ;
#3720 = CARTESIAN_POINT ( 'NONE',  ( 15.00000000000000178, -43.22269074732326999, 7.000000000000000000 ) ) ;
#3721 = AXIS2_PLACEMENT_3D ( 'NONE', #6273, #5663, #5204 ) ;
#3722 = VERTEX_POINT ( 'NONE', #4906 ) ;
#3723 = CARTESIAN_POINT ( 'NONE',  ( -5.949999999999999289, 24.24406644123207499, -1.000000000000000000 ) ) ;
#3724 = ORIENTED_EDGE ( 'NONE', *, *, #2659, .F. ) ;
#3725 = ORIENTED_EDGE ( 'NONE', *, *, #4046, .F. ) ;
#3726 = AXIS2_PLACEMENT_3D ( 'NONE', #5168, #3233, #3830 ) ;
#3727 = LINE ( 'NONE', #3127, #2161 ) ;
#3728 = CARTESIAN_POINT ( 'NONE',  ( 26.14487539711821285, 2.225344636446902487E-13, -7.000000000000000000 ) ) ;
#3729 = DIRECTION ( 'NONE',  ( -0.000000000000000000, -0.000000000000000000, -1.000000000000000000 ) ) ;
#3730 = EDGE_CURVE ( 'NONE', #2063, #850, #4202, .T. ) ;
#3731 = AXIS2_PLACEMENT_3D ( 'NONE', #3370, #3447, #4124 ) ;
#3732 = CARTESIAN_POINT ( 'NONE',  ( -23.59487539711820858, 6.799999999999997158, -1.000000000000000000 ) ) ;
#3733 = PLANE ( 'NONE',  #3900 ) ;
#3734 = DIRECTION ( 'NONE',  ( 1.000000000000000000, 0.000000000000000000, 0.000000000000000000 ) ) ;
#3735 = VERTEX_POINT ( 'NONE', #6034 ) ;
#3736 = LINE ( 'NONE', #1413, #5120 ) ;
#3737 = ORIENTED_EDGE ( 'NONE', *, *, #7201, .F. ) ;
#3738 = ADVANCED_FACE ( 'NONE', ( #4859 ), #1686, .T. ) ;
#3739 = EDGE_CURVE ( 'NONE', #7899, #6243, #7402, .T. ) ;
#3740 = DIRECTION ( 'NONE',  ( 1.000000000000000000, 0.000000000000000000, 0.000000000000000000 ) ) ;
#3741 = AXIS2_PLACEMENT_3D ( 'NONE', #4717, #1028, #6754 ) ;
#3742 = ORIENTED_EDGE ( 'NONE', *, *, #6958, .F. ) ;
#3743 = VERTEX_POINT ( 'NONE', #7981 ) ;
#3744 = CARTESIAN_POINT ( 'NONE',  ( 8.999999999999994671, -43.22269074732326999, 5.000000000000000000 ) ) ;
#3745 = CIRCLE ( 'NONE', #4122, 2.000000000000000000 ) ;
#3746 = LINE ( 'NONE', #15, #24 ) ;
#3747 = CARTESIAN_POINT ( 'NONE',  ( -30.14487539711820929, 0.000000000000000000, -5.000000000000000000 ) ) ;
#3748 = ORIENTED_EDGE ( 'NONE', *, *, #5912, .T. ) ;
#3749 = DIRECTION ( 'NONE',  ( -0.000000000000000000, -0.000000000000000000, 1.000000000000000000 ) ) ;
#3750 = CARTESIAN_POINT ( 'NONE',  ( -8.000000000000174083, 24.94999999999998153, -4.000000000000000000 ) ) ;
#3751 = DIRECTION ( 'NONE',  ( -1.000000000000000000, 0.000000000000000000, 0.000000000000000000 ) ) ;
#3752 = FACE_OUTER_BOUND ( 'NONE', #7166, .T. ) ;
#3753 = ORIENTED_EDGE ( 'NONE', *, *, #7047, .F. ) ;
#3754 = EDGE_CURVE ( 'NONE', #3372, #1767, #2081, .T. ) ;
#3755 = DIRECTION ( 'NONE',  ( -1.000000000000000000, 0.000000000000000000, 0.000000000000000000 ) ) ;
#3756 = CARTESIAN_POINT ( 'NONE',  ( -11.00000000000000178, -24.00000000000002132, -9.650000000000000355 ) ) ;
#3757 = FACE_OUTER_BOUND ( 'NONE', #4901, .T. ) ;
#3758 = CARTESIAN_POINT ( 'NONE',  ( -8.000000000000000000, -24.00000000000000000, -7.000000000000000000 ) ) ;
#3759 = ORIENTED_EDGE ( 'NONE', *, *, #3326, .T. ) ;
#3760 = CARTESIAN_POINT ( 'NONE',  ( -22.25590207615680427, 24.24406644123207499, -4.000000000000000000 ) ) ;
#3761 = EDGE_CURVE ( 'NONE', #7134, #4827, #918, .T. ) ;
#3762 = ORIENTED_EDGE ( 'NONE', *, *, #1932, .T. ) ;
#3763 = DIRECTION ( 'NONE',  ( 0.000000000000000000, 0.000000000000000000, -1.000000000000000000 ) ) ;
#3764 = CARTESIAN_POINT ( 'NONE',  ( 37.80531982830788706, -6.427876096865231759, -1.000000000000000000 ) ) ;
#3765 = CARTESIAN_POINT ( 'NONE',  ( 13.00000000000000178, -43.22269074732326999, 7.000000000000000000 ) ) ;
#3766 = FACE_OUTER_BOUND ( 'NONE', #1680, .T. ) ;
#3767 = DIRECTION ( 'NONE',  ( -0.000000000000000000, -0.000000000000000000, -1.000000000000000000 ) ) ;
#3768 = CARTESIAN_POINT ( 'NONE',  ( -16.00000000000000000, 16.85000000000000142, -5.000000000000000000 ) ) ;
#3769 = LINE ( 'NONE', #6253, #2018 ) ;
#3770 = ORIENTED_EDGE ( 'NONE', *, *, #1382, .T. ) ;
#3771 = CARTESIAN_POINT ( 'NONE',  ( -5.949999999999999289, 24.24406644123207499, -5.500000000000000000 ) ) ;
#3772 = AXIS2_PLACEMENT_3D ( 'NONE', #2539, #2580, #1394 ) ;
#3773 = ORIENTED_EDGE ( 'NONE', *, *, #4814, .T. ) ;
#3774 = EDGE_CURVE ( 'NONE', #3055, #2279, #5460, .T. ) ;
#3775 = AXIS2_PLACEMENT_3D ( 'NONE', #4824, #3380, #5431 ) ;
#3776 = AXIS2_PLACEMENT_3D ( 'NONE', #446, #2892, #7270 ) ;
#3777 = CYLINDRICAL_SURFACE ( 'NONE', #6972, 2.000000000000001776 ) ;
#3778 = ORIENTED_EDGE ( 'NONE', *, *, #4412, .F. ) ;
#3779 = ORIENTED_EDGE ( 'NONE', *, *, #6301, .T. ) ;
#3780 = ADVANCED_FACE ( 'NONE', ( #1126 ), #2340, .F. ) ;
#3781 = ADVANCED_FACE ( 'NONE', ( #4783 ), #8026, .F. ) ;
#3782 = CIRCLE ( 'NONE', #1447, 1.899999999999999023 ) ;
#3783 = VECTOR ( 'NONE', #1291, 1000.000000000000000 ) ;
#3784 = AXIS2_PLACEMENT_3D ( 'NONE', #1148, #2361, #1271 ) ;
#3785 = EDGE_LOOP ( 'NONE', ( #4931, #4712 ) ) ;
#3786 = CARTESIAN_POINT ( 'NONE',  ( 8.000000000000000000, 23.34999999999998010, -9.650000000000000355 ) ) ;
#3787 = CARTESIAN_POINT ( 'NONE',  ( 13.80000000000000071, -46.32269074732328562, -3.999999999999998224 ) ) ;
#3788 = VECTOR ( 'NONE', #6520, 1000.000000000000000 ) ;
#3789 = CARTESIAN_POINT ( 'NONE',  ( -27.00000000000000355, -34.86239308998524677, 7.000000000000000000 ) ) ;
#3790 = CARTESIAN_POINT ( 'NONE',  ( 8.000000000000000000, -24.00000000000000000, -5.500000000000000000 ) ) ;
#3791 = ORIENTED_EDGE ( 'NONE', *, *, #654, .F. ) ;
#3792 = VECTOR ( 'NONE', #3024, 1000.000000000000000 ) ;
#3793 = DIRECTION ( 'NONE',  ( -0.000000000000000000, -0.000000000000000000, 1.000000000000000000 ) ) ;
#3794 = DIRECTION ( 'NONE',  ( 0.000000000000000000, 0.000000000000000000, -1.000000000000000000 ) ) ;
#3795 = CARTESIAN_POINT ( 'NONE',  ( 8.000000000000000000, -41.00000000000000000, -5.500000000000000000 ) ) ;
#3796 = CARTESIAN_POINT ( 'NONE',  ( -13.00000000000000178, -43.22269074732326999, -3.000000000000000000 ) ) ;
#3797 = EDGE_CURVE ( 'NONE', #4670, #502, #2302, .T. ) ;
#3798 = ORIENTED_EDGE ( 'NONE', *, *, #3431, .F. ) ;
#3799 = FACE_OUTER_BOUND ( 'NONE', #936, .T. ) ;
#3800 = EDGE_LOOP ( 'NONE', ( #3411, #4692, #555, #3834, #7000 ) ) ;
#3801 = EDGE_LOOP ( 'NONE', ( #1308, #4561, #7578, #3816, #112, #280, #6466, #2878 ) ) ;
#3802 = LINE ( 'NONE', #5676, #1638 ) ;
#3803 = DIRECTION ( 'NONE',  ( -1.000000000000000000, 0.000000000000000000, 0.000000000000000000 ) ) ;
#3804 = DIRECTION ( 'NONE',  ( -1.000000000000000000, 0.000000000000000000, 0.000000000000000000 ) ) ;
#3805 = DIRECTION ( 'NONE',  ( -0.000000000000000000, -0.000000000000000000, 1.000000000000000000 ) ) ;
#3806 = CARTESIAN_POINT ( 'NONE',  ( -11.53333333333333499, -37.92185223922958670, -1.000000000000000000 ) ) ;
#3807 = EDGE_CURVE ( 'NONE', #8021, #7697, #6494, .T. ) ;
#3808 = FACE_BOUND ( 'NONE', #5996, .T. ) ;
#3809 = CARTESIAN_POINT ( 'NONE',  ( 13.00000000000000355, -50.45110689472375043, -5.500000000000000000 ) ) ;
#3810 = ORIENTED_EDGE ( 'NONE', *, *, #4116, .F. ) ;
#3811 = CARTESIAN_POINT ( 'NONE',  ( 3.305443769227939033, 21.24406644123204302, 6.455443769227840356 ) ) ;
#3812 = ORIENTED_EDGE ( 'NONE', *, *, #2461, .F. ) ;
#3813 = DIRECTION ( 'NONE',  ( -0.000000000000000000, -0.000000000000000000, 1.000000000000000000 ) ) ;
#3814 = EDGE_CURVE ( 'NONE', #5531, #4966, #4424, .T. ) ;
#3815 = VERTEX_POINT ( 'NONE', #186 ) ;
#3816 = ORIENTED_EDGE ( 'NONE', *, *, #5833, .T. ) ;
#3817 = AXIS2_PLACEMENT_3D ( 'NONE', #1922, #628, #4395 ) ;
#3818 = ORIENTED_EDGE ( 'NONE', *, *, #3101, .F. ) ;
#3819 = LINE ( 'NONE', #2072, #6938 ) ;
#3820 = EDGE_CURVE ( 'NONE', #4405, #4659, #4530, .T. ) ;
#3821 = DIRECTION ( 'NONE',  ( 0.000000000000000000, 0.000000000000000000, -1.000000000000000000 ) ) ;
#3822 = DIRECTION ( 'NONE',  ( 0.7071067811865422437, -2.700247089900993202E-16, 0.7071067811865529018 ) ) ;
#3823 = DIRECTION ( 'NONE',  ( 0.000000000000000000, 0.000000000000000000, 1.000000000000000000 ) ) ;
#3824 = VECTOR ( 'NONE', #1958, 1000.000000000000000 ) ;
#3825 = CARTESIAN_POINT ( 'NONE',  ( 5.000000000000000888, 29.74406644123207144, -3.000000000000000000 ) ) ;
#3826 = EDGE_LOOP ( 'NONE', ( #7645, #2408 ) ) ;
#3827 = AXIS2_PLACEMENT_3D ( 'NONE', #5826, #3545, #3506 ) ;
#3828 = DIRECTION ( 'NONE',  ( -1.000000000000000000, 0.000000000000000000, 0.000000000000000000 ) ) ;
#3829 = CARTESIAN_POINT ( 'NONE',  ( -14.00000000000000000, -5.150000000000045652, -3.799999999999999822 ) ) ;
#3830 = DIRECTION ( 'NONE',  ( -1.000000000000000000, 0.000000000000000000, 0.000000000000000000 ) ) ;
#3831 = VECTOR ( 'NONE', #3664, 1000.000000000000000 ) ;
#3832 = EDGE_CURVE ( 'NONE', #2983, #1096, #2623, .T. ) ;
#3833 = CARTESIAN_POINT ( 'NONE',  ( -22.75590207615680427, 24.22277336810120474, -4.000000000000000000 ) ) ;
#3834 = ORIENTED_EDGE ( 'NONE', *, *, #7171, .T. ) ;
#3835 = LINE ( 'NONE', #7413, #444 ) ;
#3836 = ORIENTED_EDGE ( 'NONE', *, *, #1002, .T. ) ;
#3837 = ORIENTED_EDGE ( 'NONE', *, *, #2644, .T. ) ;
#3838 = CARTESIAN_POINT ( 'NONE',  ( 13.00000000000000355, -50.45110689472375043, -5.500000000000000000 ) ) ;
#3839 = DIRECTION ( 'NONE',  ( 0.000000000000000000, 0.000000000000000000, 1.000000000000000000 ) ) ;
#3840 = DIRECTION ( 'NONE',  ( 0.6427876096865349220, 0.7660444431189816772, -0.000000000000000000 ) ) ;
#3841 = VECTOR ( 'NONE', #7619, 1000.000000000000114 ) ;
#3842 = CARTESIAN_POINT ( 'NONE',  ( -15.00000000000000178, -43.22269074732326999, 7.000000000000000000 ) ) ;
#3843 = DIRECTION ( 'NONE',  ( -0.000000000000000000, -0.000000000000000000, -1.000000000000000000 ) ) ;
#3844 = DIRECTION ( 'NONE',  ( -1.000000000000000000, 0.000000000000000000, -0.000000000000000000 ) ) ;
#3845 = ORIENTED_EDGE ( 'NONE', *, *, #6219, .F. ) ;
#3847 = AXIS2_PLACEMENT_3D ( 'NONE', #5179, #5219, #2016 ) ;
#3846 = CARTESIAN_POINT ( 'NONE',  ( 23.63822295986629740, 8.444066441232072506, -4.000000000000000000 ) ) ;
#3848 = VERTEX_POINT ( 'NONE', #684 ) ;
#3849 = VECTOR ( 'NONE', #5855, 1000.000000000000000 ) ;
#3850 = ADVANCED_FACE ( 'NONE', ( #760 ), #5136, .T. ) ;
#3851 = LINE ( 'NONE', #841, #2295 ) ;
#3852 = CIRCLE ( 'NONE', #352, 2.000000000000000000 ) ;
#3853 = ORIENTED_EDGE ( 'NONE', *, *, #5544, .T. ) ;
#3854 = AXIS2_PLACEMENT_3D ( 'NONE', #769, #3177, #3251 ) ;
#3855 = ORIENTED_EDGE ( 'NONE', *, *, #2223, .T. ) ;
#3856 = EDGE_CURVE ( 'NONE', #3055, #5529, #3241, .T. ) ;
#3857 = ORIENTED_EDGE ( 'NONE', *, *, #5032, .T. ) ;
#3858 = VECTOR ( 'NONE', #821, 1000.000000000000000 ) ;
#3859 = LINE ( 'NONE', #4585, #3824 ) ;
#3860 = DIRECTION ( 'NONE',  ( 0.000000000000000000, -0.000000000000000000, -1.000000000000000000 ) ) ;
#3861 = DIRECTION ( 'NONE',  ( -0.000000000000000000, -0.000000000000000000, -1.000000000000000000 ) ) ;
#3862 = CYLINDRICAL_SURFACE ( 'NONE', #2136, 1.899999999999999023 ) ;
#3863 = FACE_OUTER_BOUND ( 'NONE', #6576, .T. ) ;
#3864 = AXIS2_PLACEMENT_3D ( 'NONE', #3789, #6268, #2494 ) ;
#3865 = ORIENTED_EDGE ( 'NONE', *, *, #2424, .F. ) ;
#3866 = EDGE_CURVE ( 'NONE', #5455, #4145, #4374, .T. ) ;
#3867 = DIRECTION ( 'NONE',  ( 1.000000000000000000, -4.692204187680386691E-16, 0.000000000000000000 ) ) ;
#3868 = CARTESIAN_POINT ( 'NONE',  ( 0.000000000000000000, -41.00000000000000000, -7.000000000000000000 ) ) ;
#3869 = CARTESIAN_POINT ( 'NONE',  ( 13.00000000000000355, -48.72269074732326288, -5.500000000000000000 ) ) ;
#3870 = LINE ( 'NONE', #5129, #6581 ) ;
#3871 = EDGE_LOOP ( 'NONE', ( #4916, #4657, #7752, #5877 ) ) ;
#3872 = ORIENTED_EDGE ( 'NONE', *, *, #4457, .F. ) ;
#3873 = CARTESIAN_POINT ( 'NONE',  ( 25.09487539711820858, 2.226630515586007067E-13, -5.000000000000000000 ) ) ;
#3874 = EDGE_LOOP ( 'NONE', ( #3416, #5854 ) ) ;
#3875 = EDGE_CURVE ( 'NONE', #238, #3006, #5980, .T. ) ;
#3876 = ORIENTED_EDGE ( 'NONE', *, *, #6210, .T. ) ;
#3877 = EDGE_CURVE ( 'NONE', #2849, #5368, #792, .T. ) ;
#3878 = FACE_OUTER_BOUND ( 'NONE', #3163, .T. ) ;
#3879 = CARTESIAN_POINT ( 'NONE',  ( -8.000000000000000000, -40.93140289984535940, -5.500000000000000000 ) ) ;
#3880 = DIRECTION ( 'NONE',  ( -1.000000000000000000, 0.000000000000000000, 0.000000000000000000 ) ) ;
#3881 = PLANE ( 'NONE',  #5327 ) ;
#3882 = DIRECTION ( 'NONE',  ( 0.000000000000000000, 0.000000000000000000, 1.000000000000000000 ) ) ;
#3883 = DIRECTION ( 'NONE',  ( -1.000000000000000000, 0.000000000000000000, 0.000000000000000000 ) ) ;
#3884 = ORIENTED_EDGE ( 'NONE', *, *, #4654, .T. ) ;
#3885 = DIRECTION ( 'NONE',  ( 0.000000000000000000, -1.000000000000000000, 0.000000000000000000 ) ) ;
#3886 = ORIENTED_EDGE ( 'NONE', *, *, #4321, .T. ) ;
#3887 = FACE_OUTER_BOUND ( 'NONE', #6934, .T. ) ;
#3888 = CIRCLE ( 'NONE', #5714, 2.000000000000000000 ) ;
#3889 = ORIENTED_EDGE ( 'NONE', *, *, #3700, .F. ) ;
#3890 = EDGE_CURVE ( 'NONE', #3155, #5123, #1698, .T. ) ;
#3891 = ORIENTED_EDGE ( 'NONE', *, *, #2760, .F. ) ;
#3892 = ORIENTED_EDGE ( 'NONE', *, *, #289, .F. ) ;
#3893 = AXIS2_PLACEMENT_3D ( 'NONE', #3540, #662, #3110 ) ;
#3894 = ORIENTED_EDGE ( 'NONE', *, *, #3221, .F. ) ;
#3895 = CARTESIAN_POINT ( 'NONE',  ( 27.96285684503430602, -6.175863910284964398, -5.500000000000000000 ) ) ;
#3896 = DIRECTION ( 'NONE',  ( 0.000000000000000000, 0.000000000000000000, 1.000000000000000000 ) ) ;
#3897 = FACE_OUTER_BOUND ( 'NONE', #3414, .T. ) ;
#3898 = EDGE_CURVE ( 'NONE', #6214, #4882, #646, .T. ) ;
#3899 = DIRECTION ( 'NONE',  ( 0.000000000000000000, 0.000000000000000000, 1.000000000000000000 ) ) ;
#3900 = AXIS2_PLACEMENT_3D ( 'NONE', #6212, #688, #6778 ) ;
#3901 = AXIS2_PLACEMENT_3D ( 'NONE', #1639, #1594, #2206 ) ;
#3902 = ORIENTED_EDGE ( 'NONE', *, *, #5869, .T. ) ;
#3903 = CARTESIAN_POINT ( 'NONE',  ( -13.80000000000000071, -48.22269074732328420, -3.999999999999998224 ) ) ;
#3904 = CARTESIAN_POINT ( 'NONE',  ( -8.000000000000001776, 35.74406644123207144, -1.000000000000000000 ) ) ;
#3905 = CARTESIAN_POINT ( 'NONE',  ( -8.000000000000000000, -41.00000000000000000, -9.650000000000000355 ) ) ;
#3906 = AXIS2_PLACEMENT_3D ( 'NONE', #3998, #2784, #7009 ) ;
#3907 = CARTESIAN_POINT ( 'NONE',  ( 13.00000000000000178, -43.22269074732326999, 7.000000000000000000 ) ) ;
#3908 = EDGE_CURVE ( 'NONE', #3238, #3055, #5201, .T. ) ;
#3909 = ORIENTED_EDGE ( 'NONE', *, *, #4825, .F. ) ;
#3910 = VERTEX_POINT ( 'NONE', #3879 ) ;
#3911 = CARTESIAN_POINT ( 'NONE',  ( 11.00000000000000000, -24.00000000000002132, -9.650000000000000355 ) ) ;
#3912 = AXIS2_PLACEMENT_3D ( 'NONE', #708, #2581, #3192 ) ;
#3913 = VERTEX_POINT ( 'NONE', #3764 ) ;
#3914 = ORIENTED_EDGE ( 'NONE', *, *, #6368, .F. ) ;
#3915 = DIRECTION ( 'NONE',  ( 1.000000000000000000, 0.000000000000000000, 0.000000000000000000 ) ) ;
#3916 = DIRECTION ( 'NONE',  ( -1.000000000000000000, 0.000000000000000000, 0.000000000000000000 ) ) ;
#3917 = CARTESIAN_POINT ( 'NONE',  ( 11.53333333333333499, -48.52352925541694617, -5.500000000000000000 ) ) ;
#3918 = CARTESIAN_POINT ( 'NONE',  ( -12.09999999999999964, -5.150000000000045652, -7.000000000000000000 ) ) ;
#3919 = DIRECTION ( 'NONE',  ( 1.000000000000000000, 0.000000000000000000, 0.000000000000000000 ) ) ;
#3920 = EDGE_CURVE ( 'NONE', #3006, #5426, #3128, .T. ) ;
#3921 = DIRECTION ( 'NONE',  ( 1.000000000000000000, 0.000000000000000000, -0.000000000000000000 ) ) ;
#3922 = EDGE_CURVE ( 'NONE', #520, #3569, #5596, .T. ) ;
#3923 = VERTEX_POINT ( 'NONE', #4983 ) ;
#3924 = CARTESIAN_POINT ( 'NONE',  ( -8.000000000000000000, -24.00000000000000000, -5.499999999999998224 ) ) ;
#3925 = ORIENTED_EDGE ( 'NONE', *, *, #7245, .T. ) ;
#3926 = DIRECTION ( 'NONE',  ( 1.000000000000000000, 0.000000000000000000, 0.000000000000000000 ) ) ;
#3927 = ADVANCED_FACE ( 'NONE', ( #5096 ), #7570, .T. ) ;
#3928 = ORIENTED_EDGE ( 'NONE', *, *, #4457, .T. ) ;
#3929 = DIRECTION ( 'NONE',  ( 0.000000000000000000, 0.000000000000000000, 1.000000000000000000 ) ) ;
#3930 = ORIENTED_EDGE ( 'NONE', *, *, #3489, .F. ) ;
#3931 = ORIENTED_EDGE ( 'NONE', *, *, #5440, .T. ) ;
#3932 = VERTEX_POINT ( 'NONE', #1405 ) ;
#3933 = DIRECTION ( 'NONE',  ( 0.000000000000000000, 0.000000000000000000, 1.000000000000000000 ) ) ;
#3934 = CARTESIAN_POINT ( 'NONE',  ( 23.59487539711820858, 6.799999999999998046, -5.500000000000000000 ) ) ;
#3935 = CARTESIAN_POINT ( 'NONE',  ( -9.999999999999998224, -43.22269074732326999, 7.000000000000000000 ) ) ;
#3936 = VECTOR ( 'NONE', #2807, 1000.000000000000000 ) ;
#3937 = DIRECTION ( 'NONE',  ( 0.000000000000000000, -1.000000000000000000, 0.000000000000000000 ) ) ;
#3938 = VERTEX_POINT ( 'NONE', #3278 ) ;
#3939 = AXIS2_PLACEMENT_3D ( 'NONE', #2451, #57, #1193 ) ;
#3940 = CARTESIAN_POINT ( 'NONE',  ( -3.849999999999900169, 19.24406644123204302, 6.999999999999999112 ) ) ;
#3941 = LINE ( 'NONE', #7150, #3255 ) ;
#3942 = EDGE_CURVE ( 'NONE', #5706, #1977, #2666, .T. ) ;
#3943 = FACE_OUTER_BOUND ( 'NONE', #5982, .T. ) ;
#3944 = EDGE_CURVE ( 'NONE', #2716, #4981, #1443, .T. ) ;
#3945 = CARTESIAN_POINT ( 'NONE',  ( 15.90000000000000036, -5.150000000000045652, -3.799999999999999822 ) ) ;
#3946 = CIRCLE ( 'NONE', #1238, 2.999999999999999112 ) ;
#3947 = CARTESIAN_POINT ( 'NONE',  ( -8.000000000000001776, 35.74406644123207144, 7.000000000000000000 ) ) ;
#3948 = ORIENTED_EDGE ( 'NONE', *, *, #432, .F. ) ;
#3949 = LINE ( 'NONE', #367, #7978 ) ;
#3950 = ORIENTED_EDGE ( 'NONE', *, *, #346, .T. ) ;
#3951 = VERTEX_POINT ( 'NONE', #6282 ) ;
#3952 = LINE ( 'NONE', #2054, #4765 ) ;
#3953 = FACE_OUTER_BOUND ( 'NONE', #4720, .T. ) ;
#3954 = LINE ( 'NONE', #2744, #3966 ) ;
#3955 = ADVANCED_FACE ( 'NONE', ( #5677 ), #114, .F. ) ;
#3956 = AXIS2_PLACEMENT_3D ( 'NONE', #2435, #7988, #6042 ) ;
#3957 = DIRECTION ( 'NONE',  ( 1.000000000000000000, 0.000000000000000000, 0.000000000000000000 ) ) ;
#3958 = CARTESIAN_POINT ( 'NONE',  ( 22.25590207615663729, 24.24406644123207499, -1.000000000000000000 ) ) ;
#3959 = CARTESIAN_POINT ( 'NONE',  ( 9.000000000000001776, 29.74406644123207144, 7.000000000000000000 ) ) ;
#3960 = VERTEX_POINT ( 'NONE', #1444 ) ;
#3961 = CARTESIAN_POINT ( 'NONE',  ( -16.00000000000000000, 16.85000000000000142, -7.000000000000000000 ) ) ;
#3962 = VERTEX_POINT ( 'NONE', #2634 ) ;
#3963 = EDGE_CURVE ( 'NONE', #6532, #7891, #6893, .T. ) ;
#3964 = AXIS2_PLACEMENT_3D ( 'NONE', #3368, #2062, #3324 ) ;
#3965 = CARTESIAN_POINT ( 'NONE',  ( 8.723809523809968880, 21.92308031997521311, -0.9999999999999991118 ) ) ;
#3966 = VECTOR ( 'NONE', #3840, 1000.000000000000227 ) ;
#3967 = EDGE_LOOP ( 'NONE', ( #7291, #2859 ) ) ;
#3968 = CARTESIAN_POINT ( 'NONE',  ( -35.19487539711821000, 6.184466335694134054E-16, -5.000000000000000000 ) ) ;
#3969 = ORIENTED_EDGE ( 'NONE', *, *, #6270, .T. ) ;
#3970 = CIRCLE ( 'NONE', #6963, 5.499999999999998224 ) ;
#3971 = ORIENTED_EDGE ( 'NONE', *, *, #3673, .F. ) ;
#3972 = EDGE_CURVE ( 'NONE', #4662, #925, #6929, .T. ) ;
#3973 = ADVANCED_FACE ( 'NONE', ( #3206 ), #722, .F. ) ;
#3974 = AXIS2_PLACEMENT_3D ( 'NONE', #6880, #505, #637 ) ;
#3975 = ORIENTED_EDGE ( 'NONE', *, *, #3653, .F. ) ;
#3976 = AXIS2_PLACEMENT_3D ( 'NONE', #1938, #5634, #2507 ) ;
#3977 = CARTESIAN_POINT ( 'NONE',  ( 23.59487539711820858, 0.000000000000000000, -5.500000000000000000 ) ) ;
#3978 = DIRECTION ( 'NONE',  ( -0.6427876096865349220, 0.7660444431189816772, 0.000000000000000000 ) ) ;
#3979 = VECTOR ( 'NONE', #7142, 1000.000000000000000 ) ;
#3980 = CYLINDRICAL_SURFACE ( 'NONE', #5779, 2.000000000000000000 ) ;
#3981 = AXIS2_PLACEMENT_3D ( 'NONE', #6925, #3994, #1476 ) ;
#3982 = VERTEX_POINT ( 'NONE', #4414 ) ;
#3983 = AXIS2_PLACEMENT_3D ( 'NONE', #3234, #2542, #4404 ) ;
#3984 = FACE_OUTER_BOUND ( 'NONE', #1835, .T. ) ;
#3985 = DIRECTION ( 'NONE',  ( -1.000000000000000000, 0.000000000000000000, 0.000000000000000000 ) ) ;
#3986 = CARTESIAN_POINT ( 'NONE',  ( 10.21571893411558563, -47.97936028494027738, -2.410477825849687061 ) ) ;
#3987 = LINE ( 'NONE', #3425, #7793 ) ;
#3988 = DIRECTION ( 'NONE',  ( -0.000000000000000000, -0.000000000000000000, -1.000000000000000000 ) ) ;
#3989 = DIRECTION ( 'NONE',  ( -1.000000000000000000, 0.000000000000000000, 0.000000000000000000 ) ) ;
#3990 = VECTOR ( 'NONE', #539, 1000.000000000000000 ) ;
#3991 = ADVANCED_FACE ( 'NONE', ( #7536 ), #3881, .F. ) ;
#3992 = ORIENTED_EDGE ( 'NONE', *, *, #3565, .T. ) ;
#3993 = ORIENTED_EDGE ( 'NONE', *, *, #6224, .F. ) ;
#3994 = DIRECTION ( 'NONE',  ( 0.000000000000000000, 0.000000000000000000, 1.000000000000000000 ) ) ;
#3995 = DIRECTION ( 'NONE',  ( 0.000000000000000000, 0.000000000000000000, -1.000000000000000000 ) ) ;
#3996 = CARTESIAN_POINT ( 'NONE',  ( 9.758431805000896020, -47.66591431104029652, -5.500000000000000000 ) ) ;
#3997 = CARTESIAN_POINT ( 'NONE',  ( -8.000000000000000000, 23.34999999999998010, -6.350000000000000533 ) ) ;
#3998 = CARTESIAN_POINT ( 'NONE',  ( -17.00000000000000000, -31.22269074732326288, 7.000000000000000000 ) ) ;
#3999 = DIRECTION ( 'NONE',  ( 0.000000000000000000, -1.000000000000000000, 0.000000000000000000 ) ) ;
#4000 = ADVANCED_FACE ( 'NONE', ( #3766 ), #2591, .T. ) ;
#4001 = VERTEX_POINT ( 'NONE', #3918 ) ;
#4002 = CARTESIAN_POINT ( 'NONE',  ( -14.00000000000000000, -5.150000000000045652, -7.000000000000000000 ) ) ;
#4003 = VERTEX_POINT ( 'NONE', #6858 ) ;
#4004 = ORIENTED_EDGE ( 'NONE', *, *, #3877, .T. ) ;
#4005 = DIRECTION ( 'NONE',  ( -0.000000000000000000, -0.000000000000000000, 1.000000000000000000 ) ) ;
#4006 = ORIENTED_EDGE ( 'NONE', *, *, #1081, .F. ) ;
#4007 = CARTESIAN_POINT ( 'NONE',  ( 12.82027851036666988, -49.62075959660030833, -3.213295504399935609 ) ) ;
#4008 = ADVANCED_FACE ( 'NONE', ( #4533 ), #7572, .T. ) ;
#4009 = ORIENTED_EDGE ( 'NONE', *, *, #5995, .F. ) ;
#4010 = VERTEX_POINT ( 'NONE', #3842 ) ;
#4011 = ORIENTED_EDGE ( 'NONE', *, *, #7621, .F. ) ;
#4012 = AXIS2_PLACEMENT_3D ( 'NONE', #590, #5457, #1158 ) ;
#4013 = DIRECTION ( 'NONE',  ( 1.000000000000000000, 3.469446951953614189E-15, 0.000000000000000000 ) ) ;
#4014 = CARTESIAN_POINT ( 'NONE',  ( -21.50000000000000000, -0.1499999999997753131, -9.650000000000000355 ) ) ;
#4015 = EDGE_CURVE ( 'NONE', #4815, #6946, #3145, .T. ) ;
#4016 = ADVANCED_FACE ( 'NONE', ( #1331 ), #2554, .T. ) ;
#4017 = VERTEX_POINT ( 'NONE', #3169 ) ;
#4018 = CARTESIAN_POINT ( 'NONE',  ( -9.449999999999359801, 24.22277336810118342, 64.09969851780280692 ) ) ;
#4019 = AXIS2_PLACEMENT_3D ( 'NONE', #5429, #2999, #4821 ) ;
#4020 = VERTEX_POINT ( 'NONE', #1294 ) ;
#4021 = DIRECTION ( 'NONE',  ( -0.000000000000000000, -0.000000000000000000, -1.000000000000000000 ) ) ;
#4022 = CARTESIAN_POINT ( 'NONE',  ( 8.000000000000000000, 23.34999999999998010, -9.650000000000000355 ) ) ;
#4023 = CARTESIAN_POINT ( 'NONE',  ( 26.14487539711821285, 2.225344636446902487E-13, -5.000000000000000000 ) ) ;
#4024 = ORIENTED_EDGE ( 'NONE', *, *, #7544, .F. ) ;
#4025 = DIRECTION ( 'NONE',  ( -1.000000000000000000, -1.734723475976807587E-16, -0.000000000000000000 ) ) ;
#4026 = VECTOR ( 'NONE', #6817, 1000.000000000000000 ) ;
#4027 = DIRECTION ( 'NONE',  ( -0.000000000000000000, -0.000000000000000000, 1.000000000000000000 ) ) ;
#4028 = DIRECTION ( 'NONE',  ( 1.000000000000000000, 0.000000000000000000, 0.000000000000000000 ) ) ;
#4029 = ORIENTED_EDGE ( 'NONE', *, *, #5513, .F. ) ;
#4030 = ORIENTED_EDGE ( 'NONE', *, *, #3511, .F. ) ;
#4031 = VECTOR ( 'NONE', #4727, 1000.000000000000000 ) ;
#4032 = CARTESIAN_POINT ( 'NONE',  ( 23.59487539711820858, 8.799999999999997158, -5.500000000000000000 ) ) ;
#4033 = CARTESIAN_POINT ( 'NONE',  ( 5.933350533826676099, 24.22277336810118342, -5.500000000000000000 ) ) ;
#4034 = CARTESIAN_POINT ( 'NONE',  ( -21.49999999999995026, 7.849999999999999645, -7.000000000000000000 ) ) ;
#4035 = AXIS2_PLACEMENT_3D ( 'NONE', #1897, #4452, #5712 ) ;
#4036 = ADVANCED_FACE ( 'NONE', ( #6973 ), #5028, .F. ) ;
#4037 = FACE_BOUND ( 'NONE', #7175, .T. ) ;
#4038 = CARTESIAN_POINT ( 'NONE',  ( 9.999999999999994671, -43.22269074732326999, 5.000000000000000000 ) ) ;
#4039 = LINE ( 'NONE', #2096, #2656 ) ;
#4040 = CIRCLE ( 'NONE', #4822, 8.000000000000000000 ) ;
#4041 = ORIENTED_EDGE ( 'NONE', *, *, #5705, .F. ) ;
#4042 = DIRECTION ( 'NONE',  ( -0.000000000000000000, -0.000000000000000000, -1.000000000000000000 ) ) ;
#4043 = ORIENTED_EDGE ( 'NONE', *, *, #2547, .F. ) ;
#4044 = ORIENTED_EDGE ( 'NONE', *, *, #7702, .T. ) ;
#4045 = LINE ( 'NONE', #7894, #3594 ) ;
#4046 = EDGE_CURVE ( 'NONE', #7543, #4740, #6117, .T. ) ;
#4047 = DIRECTION ( 'NONE',  ( 0.000000000000000000, 0.000000000000000000, -1.000000000000000000 ) ) ;
#4048 = ORIENTED_EDGE ( 'NONE', *, *, #2266, .T. ) ;
#4049 = CARTESIAN_POINT ( 'NONE',  ( 12.06768971007817903, -48.75608733563722552, -2.489833426016597073 ) ) ;
#4050 = ORIENTED_EDGE ( 'NONE', *, *, #2290, .T. ) ;
#4051 = VERTEX_POINT ( 'NONE', #6399 ) ;
#4052 = ADVANCED_FACE ( 'NONE', ( #7615, #2058, #7008, #832, #41, #4985, #7459, #1900, #687, #4378, #3361, #4037, #268, #4726, #6478, #5870, #876, #7164, #5834, #953 ), #3478, .T. ) ;
#4053 = VERTEX_POINT ( 'NONE', #7687 ) ;
#4054 = CARTESIAN_POINT ( 'NONE',  ( -14.99999999999999467, -61.22269074732326999, -1.000000000000000000 ) ) ;
#4055 = CARTESIAN_POINT ( 'NONE',  ( 10.39129341151854469, -27.00000000000000000, 7.000000000000000888 ) ) ;
#4056 = ORIENTED_EDGE ( 'NONE', *, *, #396, .T. ) ;
#4057 = CARTESIAN_POINT ( 'NONE',  ( -8.949999999999359801, 21.47716791996685259, -0.9999999999999991118 ) ) ;
#4058 = FACE_OUTER_BOUND ( 'NONE', #1825, .T. ) ;
#4059 = CARTESIAN_POINT ( 'NONE',  ( -27.99999999999999645, 11.99999999999999822, 7.000000000000000000 ) ) ;
#4060 = ADVANCED_FACE ( 'NONE', ( #912, #4649 ), #5256, .T. ) ;
#4061 = ORIENTED_EDGE ( 'NONE', *, *, #3488, .T. ) ;
#4062 = CIRCLE ( 'NONE', #1866, 3.350000000000000089 ) ;
#4063 = LINE ( 'NONE', #6547, #2883 ) ;
#4064 = DIRECTION ( 'NONE',  ( -0.000000000000000000, -0.000000000000000000, -1.000000000000000000 ) ) ;
#4065 = DIRECTION ( 'NONE',  ( 1.000000000000000000, 0.000000000000000000, 0.000000000000000000 ) ) ;
#4066 = VERTEX_POINT ( 'NONE', #6519 ) ;
#4067 = DIRECTION ( 'NONE',  ( -0.7071067811865422437, 0.000000000000000000, 0.7071067811865529018 ) ) ;
#4068 = CARTESIAN_POINT ( 'NONE',  ( -8.949999999999359801, 21.47716791996685259, 7.000000000000000000 ) ) ;
#4069 = DIRECTION ( 'NONE',  ( -1.000000000000000000, 0.000000000000000000, 0.000000000000000000 ) ) ;
#4070 = EDGE_CURVE ( 'NONE', #4670, #3256, #4572, .T. ) ;
#4071 = AXIS2_PLACEMENT_3D ( 'NONE', #6895, #4381, #690 ) ;
#4072 = AXIS2_PLACEMENT_3D ( 'NONE', #6204, #641, #5553 ) ;
#4073 = DIRECTION ( 'NONE',  ( 0.000000000000000000, 0.000000000000000000, 1.000000000000000000 ) ) ;
#4074 = CARTESIAN_POINT ( 'NONE',  ( 11.00000000000000000, 5.849999999999910827, -5.500000000000000000 ) ) ;
#4075 = AXIS2_PLACEMENT_3D ( 'NONE', #1388, #4437, #212 ) ;
#4076 = DIRECTION ( 'NONE',  ( -0.7071067811865422437, 2.700247089900993202E-16, -0.7071067811865529018 ) ) ;
#4077 = ORIENTED_EDGE ( 'NONE', *, *, #7811, .T. ) ;
#4078 = CARTESIAN_POINT ( 'NONE',  ( 9.899999999999998579, 23.34999999999998010, -9.650000000000000355 ) ) ;
#4079 = ORIENTED_EDGE ( 'NONE', *, *, #4899, .F. ) ;
#4080 = ORIENTED_EDGE ( 'NONE', *, *, #3246, .T. ) ;
#4081 = CARTESIAN_POINT ( 'NONE',  ( -3.000000000000000000, 29.74406644123207144, 7.000000000000000000 ) ) ;
#4082 = CIRCLE ( 'NONE', #596, 1.899999999999999023 ) ;
#4083 = DIRECTION ( 'NONE',  ( -0.000000000000000000, -0.000000000000000000, -1.000000000000000000 ) ) ;
#4084 = ORIENTED_EDGE ( 'NONE', *, *, #4992, .F. ) ;
#4085 = CARTESIAN_POINT ( 'NONE',  ( 12.89870828346177234, -49.82269074732327141, -3.765320460230161537 ) ) ;
#4086 = ORIENTED_EDGE ( 'NONE', *, *, #164, .F. ) ;
#4087 = EDGE_CURVE ( 'NONE', #3960, #6481, #6373, .T. ) ;
#4088 = ORIENTED_EDGE ( 'NONE', *, *, #7628, .F. ) ;
#4089 = AXIS2_PLACEMENT_3D ( 'NONE', #2372, #5013, #4972 ) ;
#4090 = VERTEX_POINT ( 'NONE', #7123 ) ;
#4091 = CARTESIAN_POINT ( 'NONE',  ( 9.450000000000585487, 21.47716791996747077, 6.999999999999999112 ) ) ;
#4092 = AXIS2_PLACEMENT_3D ( 'NONE', #369, #937, #1665 ) ;
#4093 = CARTESIAN_POINT ( 'NONE',  ( 11.00000000000000355, -54.22269074732326999, -5.500000000000000000 ) ) ;
#4094 = EDGE_CURVE ( 'NONE', #4320, #1071, #3401, .T. ) ;
#4095 = FACE_OUTER_BOUND ( 'NONE', #4340, .T. ) ;
#4096 = VECTOR ( 'NONE', #7722, 1000.000000000000000 ) ;
#4097 = VERTEX_POINT ( 'NONE', #5297 ) ;
#4098 = AXIS2_PLACEMENT_3D ( 'NONE', #6663, #3578, #492 ) ;
#4099 = CARTESIAN_POINT ( 'NONE',  ( 13.00000000000000178, -43.22269074732326999, 5.000000000000000000 ) ) ;
#4100 = FACE_BOUND ( 'NONE', #6591, .T. ) ;
#4101 = ORIENTED_EDGE ( 'NONE', *, *, #4826, .F. ) ;
#4102 = AXIS2_PLACEMENT_3D ( 'NONE', #4697, #4617, #6569 ) ;
#4103 = LINE ( 'NONE', #2855, #7545 ) ;
#4104 = DIRECTION ( 'NONE',  ( -0.000000000000000000, -0.000000000000000000, 1.000000000000000000 ) ) ;
#4105 = CARTESIAN_POINT ( 'NONE',  ( 25.49999999999999645, -0.1499999999999973854, -9.650000000000000355 ) ) ;
#4106 = CIRCLE ( 'NONE', #6201, 4.000000000000001776 ) ;
#4107 = ADVANCED_FACE ( 'NONE', ( #2865 ), #5909, .T. ) ;
#4108 = CIRCLE ( 'NONE', #107, 2.000000000000000000 ) ;
#4109 = ORIENTED_EDGE ( 'NONE', *, *, #2241, .T. ) ;
#4110 = CYLINDRICAL_SURFACE ( 'NONE', #5392, 6.549999999999895905 ) ;
#4111 = DIRECTION ( 'NONE',  ( 0.000000000000000000, -0.000000000000000000, -1.000000000000000000 ) ) ;
#4112 = CARTESIAN_POINT ( 'NONE',  ( 13.00000000000000178, -43.22269074732326999, -3.000000000000000000 ) ) ;
#4113 = CIRCLE ( 'NONE', #1527, 1.599999999999999867 ) ;
#4114 = CARTESIAN_POINT ( 'NONE',  ( 18.00000000000000355, -5.150000000000044764, -5.500000000000000000 ) ) ;
#4115 = LINE ( 'NONE', #4813, #4817 ) ;
#4116 = EDGE_CURVE ( 'NONE', #4510, #7395, #2871, .T. ) ;
#4117 = ORIENTED_EDGE ( 'NONE', *, *, #5733, .F. ) ;
#4118 = ADVANCED_FACE ( 'NONE', ( #5180 ), #1556, .F. ) ;
#4119 = DIRECTION ( 'NONE',  ( -1.000000000000000000, 0.000000000000000000, -0.000000000000000000 ) ) ;
#4120 = ORIENTED_EDGE ( 'NONE', *, *, #7071, .T. ) ;
#4121 = ORIENTED_EDGE ( 'NONE', *, *, #579, .F. ) ;
#4122 = AXIS2_PLACEMENT_3D ( 'NONE', #4792, #5928, #4013 ) ;
#4123 = LINE ( 'NONE', #3686, #2565 ) ;
#4124 = DIRECTION ( 'NONE',  ( 0.08715574274766198226, -0.9961946980917452121, 0.000000000000000000 ) ) ;
#4125 = CYLINDRICAL_SURFACE ( 'NONE', #5900, 4.000000000000001776 ) ;
#4126 = VERTEX_POINT ( 'NONE', #2170 ) ;
#4127 = DIRECTION ( 'NONE',  ( 0.000000000000000000, 0.000000000000000000, -1.000000000000000000 ) ) ;
#4128 = VERTEX_POINT ( 'NONE', #7763 ) ;
#4129 = ORIENTED_EDGE ( 'NONE', *, *, #3036, .T. ) ;
#4130 = FACE_OUTER_BOUND ( 'NONE', #4212, .T. ) ;
#4131 = EDGE_CURVE ( 'NONE', #7858, #166, #4951, .T. ) ;
#4132 = ORIENTED_EDGE ( 'NONE', *, *, #5484, .T. ) ;
#4133 = CARTESIAN_POINT ( 'NONE',  ( -10.39129341151836705, -24.00000000000000000, -5.500000000000000000 ) ) ;
#4134 = DIRECTION ( 'NONE',  ( -0.000000000000000000, -0.000000000000000000, -1.000000000000000000 ) ) ;
#4135 = EDGE_LOOP ( 'NONE', ( #3909, #3533, #7207, #5279 ) ) ;
#4136 = CYLINDRICAL_SURFACE ( 'NONE', #6188, 2.000000000000000000 ) ;
#4137 = DIRECTION ( 'NONE',  ( 0.000000000000000000, 0.000000000000000000, 1.000000000000000000 ) ) ;
#4138 = CARTESIAN_POINT ( 'NONE',  ( -10.50000000000000000, 16.85000000000000142, -5.000000000000000000 ) ) ;
#4139 = ORIENTED_EDGE ( 'NONE', *, *, #2621, .F. ) ;
#4140 = EDGE_CURVE ( 'NONE', #2822, #3848, #4688, .T. ) ;
#4141 = DIRECTION ( 'NONE',  ( -0.000000000000000000, -0.000000000000000000, -1.000000000000000000 ) ) ;
#4142 = FACE_OUTER_BOUND ( 'NONE', #2732, .T. ) ;
#4143 = CYLINDRICAL_SURFACE ( 'NONE', #6028, 2.000000000000000000 ) ;
#4144 = AXIS2_PLACEMENT_3D ( 'NONE', #7800, #7161, #4605 ) ;
#4145 = VERTEX_POINT ( 'NONE', #4114 ) ;
#4146 = FACE_OUTER_BOUND ( 'NONE', #6772, .T. ) ;
#4147 = CARTESIAN_POINT ( 'NONE',  ( -8.000000000000000000, 23.34999999999998010, -0.9999999999999991118 ) ) ;
#4148 = LINE ( 'NONE', #4772, #1261 ) ;
#4149 = AXIS2_PLACEMENT_3D ( 'NONE', #7600, #3304, #3350 ) ;
#4150 = EDGE_CURVE ( 'NONE', #7697, #8021, #7140, .T. ) ;
#4151 = DIRECTION ( 'NONE',  ( 1.000000000000000000, 0.000000000000000000, 0.000000000000000000 ) ) ;
#4152 = CARTESIAN_POINT ( 'NONE',  ( -5.000000000000000888, 29.74406644123207144, 7.000000000000000000 ) ) ;
#4153 = EDGE_LOOP ( 'NONE', ( #5198, #7210, #6783, #5829 ) ) ;
#4154 = CARTESIAN_POINT ( 'NONE',  ( -14.00000000000000000, -24.00000000000002132, -9.650000000000000355 ) ) ;
#4155 = VECTOR ( 'NONE', #2342, 1000.000000000000000 ) ;
#4156 = AXIS2_PLACEMENT_3D ( 'NONE', #3997, #6601, #996 ) ;
#4157 = EDGE_LOOP ( 'NONE', ( #2802, #7374, #2661, #1789 ) ) ;
#4158 = ORIENTED_EDGE ( 'NONE', *, *, #4737, .T. ) ;
#4159 = DIRECTION ( 'NONE',  ( 0.000000000000000000, 0.000000000000000000, 1.000000000000000000 ) ) ;
#4160 = CARTESIAN_POINT ( 'NONE',  ( 10.39129341151854469, -27.00000000000000000, -5.500000000000000000 ) ) ;
#4161 = EDGE_CURVE ( 'NONE', #7357, #3095, #5795, .T. ) ;
#4162 = CIRCLE ( 'NONE', #3269, 3.999999999999996447 ) ;
#4163 = CARTESIAN_POINT ( 'NONE',  ( 40.14487539711818442, -46.62269074732327567, -3.999999999999998224 ) ) ;
#4164 = FACE_OUTER_BOUND ( 'NONE', #273, .T. ) ;
#4165 = ORIENTED_EDGE ( 'NONE', *, *, #5647, .F. ) ;
#4166 = DIRECTION ( 'NONE',  ( -0.000000000000000000, 0.000000000000000000, 1.000000000000000000 ) ) ;
#4167 = ORIENTED_EDGE ( 'NONE', *, *, #6459, .T. ) ;
#4168 = FACE_OUTER_BOUND ( 'NONE', #6353, .T. ) ;
#4169 = ORIENTED_EDGE ( 'NONE', *, *, #1941, .F. ) ;
#4170 = CIRCLE ( 'NONE', #7926, 1.600000000000002531 ) ;
#4171 = EDGE_CURVE ( 'NONE', #7902, #4145, #3650, .T. ) ;
#4172 = EDGE_CURVE ( 'NONE', #3179, #6195, #2948, .T. ) ;
#4173 = ORIENTED_EDGE ( 'NONE', *, *, #1224, .F. ) ;
#4174 = CYLINDRICAL_SURFACE ( 'NONE', #5410, 2.999999999999999112 ) ;
#4175 = EDGE_LOOP ( 'NONE', ( #4732, #7107, #1537, #5828 ) ) ;
#4176 = EDGE_LOOP ( 'NONE', ( #1165, #2164, #1531, #1417 ) ) ;
#4177 = LINE ( 'NONE', #1184, #2668 ) ;
#4178 = ORIENTED_EDGE ( 'NONE', *, *, #6218, .F. ) ;
#4179 = CYLINDRICAL_SURFACE ( 'NONE', #4098, 1.599999999999997202 ) ;
#4180 = CARTESIAN_POINT ( 'NONE',  ( -12.89870828346177412, -49.82269074732327852, -3.999999999999998224 ) ) ;
#4181 = DIRECTION ( 'NONE',  ( 1.000000000000000000, 0.000000000000000000, 0.000000000000000000 ) ) ;
#4182 = ORIENTED_EDGE ( 'NONE', *, *, #6857, .T. ) ;
#4183 = CARTESIAN_POINT ( 'NONE',  ( -19.33955556881018722, -28.43451699311989955, 6.999999999999999112 ) ) ;
#4184 = LINE ( 'NONE', #4845, #5290 ) ;
#4185 = ORIENTED_EDGE ( 'NONE', *, *, #4274, .F. ) ;
#4186 = DIRECTION ( 'NONE',  ( 0.000000000000000000, 0.000000000000000000, -1.000000000000000000 ) ) ;
#4187 = EDGE_CURVE ( 'NONE', #5077, #5827, #4852, .T. ) ;
#4188 = ORIENTED_EDGE ( 'NONE', *, *, #6459, .F. ) ;
#4189 = EDGE_CURVE ( 'NONE', #400, #6868, #6763, .T. ) ;
#4190 = DIRECTION ( 'NONE',  ( 1.000000000000000000, 0.000000000000000000, 0.000000000000000000 ) ) ;
#4191 = FACE_OUTER_BOUND ( 'NONE', #2587, .T. ) ;
#4192 = DIRECTION ( 'NONE',  ( -1.000000000000000000, 0.000000000000000000, 0.000000000000000000 ) ) ;
#4193 = DIRECTION ( 'NONE',  ( 1.000000000000000000, 0.000000000000000000, 0.000000000000000000 ) ) ;
#4194 = DIRECTION ( 'NONE',  ( -1.000000000000000000, 0.000000000000000000, 0.000000000000000000 ) ) ;
#4195 = EDGE_LOOP ( 'NONE', ( #4353, #4602, #3004, #7860 ) ) ;
#4196 = DIRECTION ( 'NONE',  ( -0.000000000000000000, -0.000000000000000000, -1.000000000000000000 ) ) ;
#4197 = ORIENTED_EDGE ( 'NONE', *, *, #6877, .T. ) ;
#4198 = ADVANCED_FACE ( 'NONE', ( #1116 ), #7410, .T. ) ;
#4199 = VERTEX_POINT ( 'NONE', #1035 ) ;
#4200 = CIRCLE ( 'NONE', #6936, 1.900000000000000577 ) ;
#4201 = FACE_OUTER_BOUND ( 'NONE', #1664, .T. ) ;
#4202 = LINE ( 'NONE', #3728, #6488 ) ;
#4203 = AXIS2_PLACEMENT_3D ( 'NONE', #3786, #3749, #1309 ) ;
#4204 = LINE ( 'NONE', #6080, #5367 ) ;
#4205 = DIRECTION ( 'NONE',  ( -1.000000000000000000, 1.734723475976807341E-16, -0.000000000000000000 ) ) ;
#4206 = AXIS2_PLACEMENT_3D ( 'NONE', #3768, #157, #2636 ) ;
#4207 = ORIENTED_EDGE ( 'NONE', *, *, #7512, .T. ) ;
#4208 = CARTESIAN_POINT ( 'NONE',  ( 25.49999999999999645, -0.1499999999999973854, -7.000000000000000000 ) ) ;
#4209 = VECTOR ( 'NONE', #69, 1000.000000000000000 ) ;
#4210 = VERTEX_POINT ( 'NONE', #7324 ) ;
#4211 = DIRECTION ( 'NONE',  ( 0.000000000000000000, 0.000000000000000000, 1.000000000000000000 ) ) ;
#4212 = EDGE_LOOP ( 'NONE', ( #7513, #5339, #1693, #500, #5564 ) ) ;
#4213 = EDGE_CURVE ( 'NONE', #1080, #1373, #2959, .T. ) ;
#4214 = AXIS2_PLACEMENT_3D ( 'NONE', #120, #3094, #3132 ) ;
#4215 = AXIS2_PLACEMENT_3D ( 'NONE', #1175, #6174, #3007 ) ;
#4216 = ORIENTED_EDGE ( 'NONE', *, *, #2860, .F. ) ;
#4217 = DIRECTION ( 'NONE',  ( -1.000000000000000000, -0.000000000000000000, -0.000000000000000000 ) ) ;
#4218 = VECTOR ( 'NONE', #5641, 1000.000000000000000 ) ;
#4219 = ORIENTED_EDGE ( 'NONE', *, *, #1799, .F. ) ;
#4220 = ORIENTED_EDGE ( 'NONE', *, *, #6627, .T. ) ;
#4221 = ADVANCED_FACE ( 'NONE', ( #4241 ), #1205, .T. ) ;
#4222 = CARTESIAN_POINT ( 'NONE',  ( -3.613551292941028059, -48.14122777749679472, -5.601892579735613609 ) ) ;
#4223 = EDGE_CURVE ( 'NONE', #5917, #1529, #1013, .T. ) ;
#4224 = DIRECTION ( 'NONE',  ( 0.000000000000000000, 0.000000000000000000, 1.000000000000000000 ) ) ;
#4225 = CARTESIAN_POINT ( 'NONE',  ( -16.00000000000000000, 8.799999999999998934, -1.000000000000000000 ) ) ;
#4226 = SURFACE_STYLE_FILL_AREA ( #4351 ) ;
#4227 = ORIENTED_EDGE ( 'NONE', *, *, #3133, .T. ) ;
#4228 = VECTOR ( 'NONE', #6233, 1000.000000000000000 ) ;
#4229 = CYLINDRICAL_SURFACE ( 'NONE', #7057, 3.999999999999996447 ) ;
#4230 = CARTESIAN_POINT ( 'NONE',  ( 5.949999999999998401, 22.24406644123207144, -5.500000000000000000 ) ) ;
#4231 = PLANE ( 'NONE',  #1927 ) ;
#4232 = LINE ( 'NONE', #3672, #840 ) ;
#4233 = AXIS2_PLACEMENT_3D ( 'NONE', #3242, #152, #5097 ) ;
#4234 = VECTOR ( 'NONE', #6542, 1000.000000000000000 ) ;
#4235 = ORIENTED_EDGE ( 'NONE', *, *, #5235, .T. ) ;
#4236 = CARTESIAN_POINT ( 'NONE',  ( 27.25605529807265981, -19.00000000000003197, -1.000000000000000888 ) ) ;
#4237 = CARTESIAN_POINT ( 'NONE',  ( -17.00000000000000000, -35.99427459992278244, 64.09969851780280692 ) ) ;
#4238 = DIRECTION ( 'NONE',  ( -0.000000000000000000, -0.000000000000000000, 1.000000000000000000 ) ) ;
#4239 = CIRCLE ( 'NONE', #2946, 5.049999999999998934 ) ;
#4240 = AXIS2_PLACEMENT_3D ( 'NONE', #4880, #7269, #7914 ) ;
#4241 = FACE_OUTER_BOUND ( 'NONE', #1403, .T. ) ;
#4242 = LINE ( 'NONE', #6723, #4956 ) ;
#4243 = ADVANCED_FACE ( 'NONE', ( #2989 ), #1807, .F. ) ;
#4244 = CIRCLE ( 'NONE', #5148, 3.350000000000000089 ) ;
#4245 = VERTEX_POINT ( 'NONE', #594 ) ;
#4246 = CARTESIAN_POINT ( 'NONE',  ( 8.000000000000000000, 23.34999999999998010, -9.650000000000000355 ) ) ;
#4247 = ORIENTED_EDGE ( 'NONE', *, *, #1525, .F. ) ;
#4248 = ORIENTED_EDGE ( 'NONE', *, *, #977, .F. ) ;
#4249 = DIRECTION ( 'NONE',  ( -0.000000000000000000, -0.000000000000000000, 1.000000000000000000 ) ) ;
#4250 = DIRECTION ( 'NONE',  ( 0.000000000000000000, 0.000000000000000000, 1.000000000000000000 ) ) ;
#4251 = CARTESIAN_POINT ( 'NONE',  ( -13.79999999999999893, -48.22269074732327709, -3.999999999999998224 ) ) ;
#4252 = VECTOR ( 'NONE', #3988, 1000.000000000000000 ) ;
#4253 = CYLINDRICAL_SURFACE ( 'NONE', #6019, 2.999999999999999112 ) ;
#4254 = CARTESIAN_POINT ( 'NONE',  ( -13.00000000000000000, -28.21108598339804630, -5.500000000000000000 ) ) ;
#4255 = EDGE_CURVE ( 'NONE', #6821, #4662, #2698, .T. ) ;
#4256 = VERTEX_POINT ( 'NONE', #5461 ) ;
#4257 = EDGE_LOOP ( 'NONE', ( #5961, #7547, #2923, #7096 ) ) ;
#4258 = ORIENTED_EDGE ( 'NONE', *, *, #7263, .T. ) ;
#4259 = PLANE ( 'NONE',  #452 ) ;
#4260 = AXIS2_PLACEMENT_3D ( 'NONE', #4704, #5851, #1615 ) ;
#4261 = VERTEX_POINT ( 'NONE', #3512 ) ;
#4262 = ORIENTED_EDGE ( 'NONE', *, *, #6027, .F. ) ;
#4263 = LINE ( 'NONE', #7904, #3342 ) ;
#4264 = EDGE_CURVE ( 'NONE', #3938, #3452, #4812, .T. ) ;
#4265 = ORIENTED_EDGE ( 'NONE', *, *, #1932, .F. ) ;
#4266 = VERTEX_POINT ( 'NONE', #1160 ) ;
#4267 = DIRECTION ( 'NONE',  ( -0.000000000000000000, -0.000000000000000000, 1.000000000000000000 ) ) ;
#4268 = FACE_OUTER_BOUND ( 'NONE', #6616, .T. ) ;
#4269 = PLANE ( 'NONE',  #669 ) ;
#4270 = ORIENTED_EDGE ( 'NONE', *, *, #7512, .F. ) ;
#4271 = DIRECTION ( 'NONE',  ( 0.000000000000000000, 0.000000000000000000, 1.000000000000000000 ) ) ;
#4272 = ADVANCED_FACE ( 'NONE', ( #4936 ), #3635, .F. ) ;
#4273 = CYLINDRICAL_SURFACE ( 'NONE', #1330, 1.599999999999997202 ) ;
#4274 = EDGE_CURVE ( 'NONE', #2868, #2688, #7285, .T. ) ;
#4275 = CARTESIAN_POINT ( 'NONE',  ( 8.000000000000000000, 37.74406644123207144, 7.000000000000000000 ) ) ;
#4276 = CYLINDRICAL_SURFACE ( 'NONE', #5773, 4.000000000000000888 ) ;
#4277 = ORIENTED_EDGE ( 'NONE', *, *, #658, .T. ) ;
#4278 = DIRECTION ( 'NONE',  ( 1.000000000000000000, 0.000000000000000000, 0.000000000000000000 ) ) ;
#4279 = CARTESIAN_POINT ( 'NONE',  ( -2.081668171172168513E-14, 19.24406644123204302, -1.000000000000000000 ) ) ;
#4280 = DIRECTION ( 'NONE',  ( 0.000000000000000000, 0.000000000000000000, -1.000000000000000000 ) ) ;
#4281 = ADVANCED_FACE ( 'NONE', ( #8017 ), #1848, .F. ) ;
#4282 = AXIS2_PLACEMENT_3D ( 'NONE', #4362, #4323, #1930 ) ;
#4283 = DIRECTION ( 'NONE',  ( 2.312964634635742464E-16, -1.000000000000000000, 0.000000000000000000 ) ) ;
#4284 = DIRECTION ( 'NONE',  ( -1.000000000000000000, 1.734723475976807341E-16, -0.000000000000000000 ) ) ;
#4285 = ORIENTED_EDGE ( 'NONE', *, *, #3270, .F. ) ;
#4286 = CARTESIAN_POINT ( 'NONE',  ( 8.000000000000000000, 37.74406644123207144, -1.000000000000000000 ) ) ;
#4287 = VERTEX_POINT ( 'NONE', #5373 ) ;
#4288 = ORIENTED_EDGE ( 'NONE', *, *, #1816, .T. ) ;
#4289 = VECTOR ( 'NONE', #5974, 1000.000000000000000 ) ;
#4290 = CARTESIAN_POINT ( 'NONE',  ( -8.000000000000001776, 35.74406644123207144, 7.000000000000000000 ) ) ;
#4291 = PLANE ( 'NONE',  #1826 ) ;
#4292 = CARTESIAN_POINT ( 'NONE',  ( 15.90000000000000036, -5.150000000000045652, -5.500000000000000000 ) ) ;
#4293 = EDGE_CURVE ( 'NONE', #1097, #6967, #7224, .T. ) ;
#4294 = FACE_OUTER_BOUND ( 'NONE', #6367, .T. ) ;
#4295 = PLANE ( 'NONE',  #6244 ) ;
#4296 = AXIS2_PLACEMENT_3D ( 'NONE', #5063, #118, #3207 ) ;
#4297 = LINE ( 'NONE', #4383, #7973 ) ;
#4298 = VECTOR ( 'NONE', #5025, 1000.000000000000000 ) ;
#4299 = ORIENTED_EDGE ( 'NONE', *, *, #174, .F. ) ;
#4300 = DIRECTION ( 'NONE',  ( -0.000000000000000000, -0.000000000000000000, 1.000000000000000000 ) ) ;
#4301 = ORIENTED_EDGE ( 'NONE', *, *, #4187, .T. ) ;
#4302 = STYLED_ITEM ( 'NONE', ( #7954 ), #988 ) ;
#4303 = ADVANCED_FACE ( 'NONE', ( #1076 ), #4774, .F. ) ;
#4304 = ADVANCED_FACE ( 'NONE', ( #31 ), #2008, .F. ) ;
#4305 = AXIS2_PLACEMENT_3D ( 'NONE', #3636, #1849, #8018 ) ;
#4306 = ORIENTED_EDGE ( 'NONE', *, *, #2761, .T. ) ;
#4307 = FACE_OUTER_BOUND ( 'NONE', #4990, .T. ) ;
#4308 = EDGE_LOOP ( 'NONE', ( #2777, #3773 ) ) ;
#4309 = AXIS2_PLACEMENT_3D ( 'NONE', #2816, #7919, #19 ) ;
#4310 = ORIENTED_EDGE ( 'NONE', *, *, #5408, .F. ) ;
#4311 = CARTESIAN_POINT ( 'NONE',  ( -3.403989453034290236, -48.24340754673811205, -5.602566574619846307 ) ) ;
#4312 = EDGE_CURVE ( 'NONE', #7847, #5739, #6961, .T. ) ;
#4313 = CYLINDRICAL_SURFACE ( 'NONE', #7903, 3.350000000000000089 ) ;
#4314 = DIRECTION ( 'NONE',  ( 1.000000000000000000, 0.000000000000000000, -0.000000000000000000 ) ) ;
#4315 = ORIENTED_EDGE ( 'NONE', *, *, #2022, .T. ) ;
#4316 = CYLINDRICAL_SURFACE ( 'NONE', #3302, 2.999999999999999112 ) ;
#4317 = DIRECTION ( 'NONE',  ( -1.000000000000000000, 0.000000000000000000, 0.000000000000000000 ) ) ;
#4318 = CARTESIAN_POINT ( 'NONE',  ( -9.373692502027253681, -47.36090735169135257, -2.645168406009759554 ) ) ;
#4319 = CARTESIAN_POINT ( 'NONE',  ( -25.49999999999994671, 7.850000000000004974, -7.000000000000000000 ) ) ;
#4320 = VERTEX_POINT ( 'NONE', #5629 ) ;
#4321 = EDGE_CURVE ( 'NONE', #2413, #6522, #1398, .T. ) ;
#4322 = CARTESIAN_POINT ( 'NONE',  ( 35.50190273847658773, 8.444066441232072506, 7.000000000000000000 ) ) ;
#4323 = DIRECTION ( 'NONE',  ( 0.000000000000000000, 0.000000000000000000, 1.000000000000000000 ) ) ;
#4324 = CARTESIAN_POINT ( 'NONE',  ( -8.000000000000000000, -41.00000000000000000, -5.500000000000000000 ) ) ;
#4325 = DIRECTION ( 'NONE',  ( -0.000000000000000000, -0.000000000000000000, -1.000000000000000000 ) ) ;
#4326 = DIRECTION ( 'NONE',  ( -0.000000000000000000, -0.000000000000000000, -1.000000000000000000 ) ) ;
#4327 = EDGE_LOOP ( 'NONE', ( #6885, #4695, #2599 ) ) ;
#4328 = DIRECTION ( 'NONE',  ( -1.000000000000000000, 0.000000000000000000, 0.000000000000000000 ) ) ;
#4329 = EDGE_CURVE ( 'NONE', #2754, #4126, #3870, .T. ) ;
#4330 = EDGE_LOOP ( 'NONE', ( #3052, #3748, #1391, #5156, #4173, #1652 ) ) ;
#4331 = DIRECTION ( 'NONE',  ( 0.000000000000000000, 0.000000000000000000, -1.000000000000000000 ) ) ;
#4332 = CARTESIAN_POINT ( 'NONE',  ( -5.933350533826674322, 23.72277336810118342, -5.500000000000000000 ) ) ;
#4333 = FACE_OUTER_BOUND ( 'NONE', #4734, .T. ) ;
#4334 = CARTESIAN_POINT ( 'NONE',  ( 9.450000000000585487, 19.24406644123204302, 64.09969851780280692 ) ) ;
#4335 = DIRECTION ( 'NONE',  ( -1.823796845045658185E-16, -1.000000000000000000, 0.000000000000000000 ) ) ;
#4336 = CIRCLE ( 'NONE', #202, 2.000000000000000000 ) ;
#4337 = LINE ( 'NONE', #5031, #6551 ) ;
#4338 = VERTEX_POINT ( 'NONE', #3833 ) ;
#4339 = LINE ( 'NONE', #3846, #6559 ) ;
#4340 = EDGE_LOOP ( 'NONE', ( #4583, #5673, #6308, #4904 ) ) ;
#4341 = CIRCLE ( 'NONE', #3817, 1.600000000000001643 ) ;
#4342 = CARTESIAN_POINT ( 'NONE',  ( 12.59948129362288682, -49.23943240070877181, -5.244056263466953638 ) ) ;
#4343 = AXIS2_PLACEMENT_3D ( 'NONE', #4246, #511, #1810 ) ;
#4344 = EDGE_CURVE ( 'NONE', #2186, #1937, #7492, .T. ) ;
#4345 = VECTOR ( 'NONE', #3712, 1000.000000000000000 ) ;
#4346 = EDGE_LOOP ( 'NONE', ( #3737, #5057, #7808, #8012 ) ) ;
#4347 = ORIENTED_EDGE ( 'NONE', *, *, #4586, .T. ) ;
#4348 = LINE ( 'NONE', #3576, #1243 ) ;
#4349 = AXIS2_PLACEMENT_3D ( 'NONE', #2638, #652, #5721 ) ;
#4350 = LINE ( 'NONE', #4923, #5971 ) ;
#4351 = FILL_AREA_STYLE ('',( #2487 ) ) ;
#4352 = CIRCLE ( 'NONE', #7817, 1.600000000000000755 ) ;
#4353 = ORIENTED_EDGE ( 'NONE', *, *, #7834, .F. ) ;
#4354 = CARTESIAN_POINT ( 'NONE',  ( 30.14487539711820929, 2.220446049250313081E-13, -7.000000000000000000 ) ) ;
#4355 = DIRECTION ( 'NONE',  ( 1.000000000000000000, 0.000000000000000000, 0.000000000000000000 ) ) ;
#4356 = DIRECTION ( 'NONE',  ( 1.000000000000000000, 1.301042606982606307E-15, -0.000000000000000000 ) ) ;
#4357 = EDGE_CURVE ( 'NONE', #837, #543, #4388, .T. ) ;
#4358 = CARTESIAN_POINT ( 'NONE',  ( -12.34054991815223268, -48.96289738484620813, -2.578683438910255532 ) ) ;
#4359 = ORIENTED_EDGE ( 'NONE', *, *, #7681, .F. ) ;
#4360 = VECTOR ( 'NONE', #7160, 1000.000000000000000 ) ;
#4361 = PLANE ( 'NONE',  #471 ) ;
#4362 = CARTESIAN_POINT ( 'NONE',  ( -11.00000000000000000, 5.849999999999910827, -5.500000000000000000 ) ) ;
#4363 = DIRECTION ( 'NONE',  ( 1.000000000000000000, 0.000000000000000000, -0.000000000000000000 ) ) ;
#4364 = AXIS2_PLACEMENT_3D ( 'NONE', #6124, #2429, #4984 ) ;
#4365 = DIRECTION ( 'NONE',  ( 1.734723475976807341E-16, -1.000000000000000000, 0.000000000000000000 ) ) ;
#4366 = EDGE_CURVE ( 'NONE', #2849, #3014, #4108, .T. ) ;
#4367 = AXIS2_PLACEMENT_3D ( 'NONE', #533, #7952, #1746 ) ;
#4368 = ORIENTED_EDGE ( 'NONE', *, *, #6627, .F. ) ;
#4369 = PLANE ( 'NONE',  #1486 ) ;
#4370 = VERTEX_POINT ( 'NONE', #143 ) ;
#4371 = ORIENTED_EDGE ( 'NONE', *, *, #7736, .F. ) ;
#4372 = VECTOR ( 'NONE', #7488, 1000.000000000000000 ) ;
#4373 = CARTESIAN_POINT ( 'NONE',  ( 6.605095560780593900, 24.13373567319981561, -0.9999999999999995559 ) ) ;
#4374 = LINE ( 'NONE', #3166, #1053 ) ;
#4375 = CARTESIAN_POINT ( 'NONE',  ( -8.000000000000000000, 37.74406644123207144, 7.000000000000000000 ) ) ;
#4376 = AXIS2_PLACEMENT_3D ( 'NONE', #7852, #7937, #1083 ) ;
#4377 = VECTOR ( 'NONE', #1827, 1000.000000000000000 ) ;
#4378 = FACE_BOUND ( 'NONE', #2003, .T. ) ;
#4379 = CARTESIAN_POINT ( 'NONE',  ( 5.000000000000000888, 29.74406644123207144, -4.000000000000000000 ) ) ;
#4380 = EDGE_CURVE ( 'NONE', #2528, #4670, #751, .T. ) ;
#4381 = DIRECTION ( 'NONE',  ( 0.000000000000000000, 0.000000000000000000, 1.000000000000000000 ) ) ;
#4382 = EDGE_CURVE ( 'NONE', #4320, #1993, #1008, .T. ) ;
#4383 = CARTESIAN_POINT ( 'NONE',  ( 9.999999999999998224, -5.150000000000045652, -2.499999999999999556 ) ) ;
#4384 = ORIENTED_EDGE ( 'NONE', *, *, #3078, .T. ) ;
#4385 = FACE_BOUND ( 'NONE', #1474, .T. ) ;
#4386 = AXIS2_PLACEMENT_3D ( 'NONE', #7617, #6330, #834 ) ;
#4387 = ORIENTED_EDGE ( 'NONE', *, *, #4667, .T. ) ;
#4388 = CIRCLE ( 'NONE', #1519, 1.900000000000000577 ) ;
#4389 = DIRECTION ( 'NONE',  ( -0.000000000000000000, -0.000000000000000000, 1.000000000000000000 ) ) ;
#4390 = ORIENTED_EDGE ( 'NONE', *, *, #2725, .F. ) ;
#4391 = EDGE_LOOP ( 'NONE', ( #1606, #2704, #3651, #7470 ) ) ;
#4392 = DIRECTION ( 'NONE',  ( -0.000000000000000000, -0.000000000000000000, 1.000000000000000000 ) ) ;
#4393 = ADVANCED_FACE ( 'NONE', ( #6352 ), #7490, .F. ) ;
#4394 = EDGE_LOOP ( 'NONE', ( #4538, #5355, #1266, #941 ) ) ;
#4395 = DIRECTION ( 'NONE',  ( 1.000000000000000000, 0.000000000000000000, 0.000000000000000000 ) ) ;
#4396 = CARTESIAN_POINT ( 'NONE',  ( 11.53333333333335808, -37.92185223922957249, -1.000000000000000000 ) ) ;
#4397 = FACE_OUTER_BOUND ( 'NONE', #3022, .T. ) ;
#4398 = CARTESIAN_POINT ( 'NONE',  ( -27.25605529807277705, -19.00000000000001066, 6.999999999999999112 ) ) ;
#4399 = VERTEX_POINT ( 'NONE', #6237 ) ;
#4400 = DIRECTION ( 'NONE',  ( -0.000000000000000000, -0.000000000000000000, -1.000000000000000000 ) ) ;
#4401 = DIRECTION ( 'NONE',  ( -1.000000000000000000, 0.000000000000000000, 0.000000000000000000 ) ) ;
#4402 = DIRECTION ( 'NONE',  ( -1.000000000000000000, 0.000000000000000000, 0.000000000000000000 ) ) ;
#4403 = ADVANCED_FACE ( 'NONE', ( #106, #639 ), #6919, .T. ) ;
#4404 = DIRECTION ( 'NONE',  ( -1.000000000000000000, 0.000000000000000000, 0.000000000000000000 ) ) ;
#4405 = VERTEX_POINT ( 'NONE', #7526 ) ;
#4406 = DIRECTION ( 'NONE',  ( -1.000000000000000000, 0.000000000000000000, 0.000000000000000000 ) ) ;
#4407 = ORIENTED_EDGE ( 'NONE', *, *, #5043, .T. ) ;
#4408 = ORIENTED_EDGE ( 'NONE', *, *, #3246, .F. ) ;
#4409 = LINE ( 'NONE', #7332, #6705 ) ;
#4410 = DIRECTION ( 'NONE',  ( -0.000000000000000000, -0.000000000000000000, -1.000000000000000000 ) ) ;
#4411 = LINE ( 'NONE', #4375, #3460 ) ;
#4412 = EDGE_CURVE ( 'NONE', #2793, #2450, #3604, .T. ) ;
#4413 = VECTOR ( 'NONE', #7928, 1000.000000000000000 ) ;
#4414 = CARTESIAN_POINT ( 'NONE',  ( 7.000000000000001776, 29.74406644123207144, -3.000000000000000000 ) ) ;
#4415 = LINE ( 'NONE', #6734, #4026 ) ;
#4416 = CARTESIAN_POINT ( 'NONE',  ( -8.723809523809036293, 21.92308031997473705, 7.000000000000000888 ) ) ;
#4417 = CYLINDRICAL_SURFACE ( 'NONE', #3189, 3.000000000000000000 ) ;
#4418 = ORIENTED_EDGE ( 'NONE', *, *, #4189, .T. ) ;
#4419 = DIRECTION ( 'NONE',  ( -1.000000000000000000, 0.000000000000000000, 0.000000000000000000 ) ) ;
#4420 = AXIS2_PLACEMENT_3D ( 'NONE', #6812, #7333, #1728 ) ;
#4421 = ORIENTED_EDGE ( 'NONE', *, *, #3718, .T. ) ;
#4422 = EDGE_CURVE ( 'NONE', #3962, #6572, #2442, .T. ) ;
#4423 = CIRCLE ( 'NONE', #4296, 4.000000000000000888 ) ;
#4424 = CIRCLE ( 'NONE', #6254, 2.000000000000000888 ) ;
#4425 = LINE ( 'NONE', #242, #1914 ) ;
#4426 = EDGE_LOOP ( 'NONE', ( #5303, #2455, #395, #2053, #7732, #599 ) ) ;
#4427 = VERTEX_POINT ( 'NONE', #3121 ) ;
#4428 = CIRCLE ( 'NONE', #1567, 5.049999999999998934 ) ;
#4429 = VECTOR ( 'NONE', #4410, 1000.000000000000000 ) ;
#4430 = EDGE_CURVE ( 'NONE', #657, #5313, #5588, .T. ) ;
#4431 = EDGE_CURVE ( 'NONE', #5593, #5103, #1142, .T. ) ;
#4432 = VERTEX_POINT ( 'NONE', #6882 ) ;
#4433 = DIRECTION ( 'NONE',  ( -8.673617379884027583E-16, -1.000000000000000000, 0.000000000000000000 ) ) ;
#4434 = CARTESIAN_POINT ( 'NONE',  ( 22.25590207615663729, 24.24406644123207499, -4.000000000000000000 ) ) ;
#4435 = CIRCLE ( 'NONE', #1452, 4.000000000000000888 ) ;
#4436 = DIRECTION ( 'NONE',  ( -0.000000000000000000, -0.000000000000000000, -1.000000000000000000 ) ) ;
#4437 = DIRECTION ( 'NONE',  ( -0.000000000000000000, -0.000000000000000000, -1.000000000000000000 ) ) ;
#4438 = CARTESIAN_POINT ( 'NONE',  ( -17.00000000000000000, -34.86239308998524677, -7.000000000000000000 ) ) ;
#4439 = ORIENTED_EDGE ( 'NONE', *, *, #6088, .F. ) ;
#4440 = AXIS2_PLACEMENT_3D ( 'NONE', #6949, #3259, #6381 ) ;
#4441 = DIRECTION ( 'NONE',  ( 0.000000000000000000, -0.000000000000000000, -1.000000000000000000 ) ) ;
#4442 = FACE_OUTER_BOUND ( 'NONE', #7468, .T. ) ;
#4443 = DIRECTION ( 'NONE',  ( 1.000000000000000000, 0.000000000000000000, 0.000000000000000000 ) ) ;
#4444 = PLANE ( 'NONE',  #6716 ) ;
#4445 = ADVANCED_FACE ( 'NONE', ( #3196 ), #4444, .F. ) ;
#4446 = EDGE_CURVE ( 'NONE', #7339, #5272, #7075, .T. ) ;
#4447 = ORIENTED_EDGE ( 'NONE', *, *, #7273, .T. ) ;
#4448 = CARTESIAN_POINT ( 'NONE',  ( -21.59487539711820503, 8.799999999999997158, -5.500000000000000000 ) ) ;
#4449 = VERTEX_POINT ( 'NONE', #2856 ) ;
#4450 = EDGE_LOOP ( 'NONE', ( #1655, #1358 ) ) ;
#4451 = CARTESIAN_POINT ( 'NONE',  ( 13.80000000000000071, -48.22269074732328420, -3.999999999999998224 ) ) ;
#4452 = DIRECTION ( 'NONE',  ( 0.000000000000000000, 0.000000000000000000, 1.000000000000000000 ) ) ;
#4453 = DIRECTION ( 'NONE',  ( -0.000000000000000000, -0.000000000000000000, -1.000000000000000000 ) ) ;
#4454 = DIRECTION ( 'NONE',  ( 0.000000000000000000, 0.000000000000000000, -1.000000000000000000 ) ) ;
#4455 = CARTESIAN_POINT ( 'NONE',  ( 8.000000000000000000, 23.34999999999998010, 7.000000000000000888 ) ) ;
#4456 = DIRECTION ( 'NONE',  ( -0.000000000000000000, 0.000000000000000000, 1.000000000000000000 ) ) ;
#4457 = EDGE_CURVE ( 'NONE', #4266, #3085, #5942, .T. ) ;
#4458 = ORIENTED_EDGE ( 'NONE', *, *, #7227, .F. ) ;
#4459 = CARTESIAN_POINT ( 'NONE',  ( 16.99999999999999645, -43.22269074732326999, -1.000000000000000000 ) ) ;
#4460 = VERTEX_POINT ( 'NONE', #1433 ) ;
#4461 = LINE ( 'NONE', #5149, #1784 ) ;
#4462 = ADVANCED_FACE ( 'NONE', ( #5861 ), #2738, .F. ) ;
#4463 = CIRCLE ( 'NONE', #5504, 2.999999999999999112 ) ;
#4464 = EDGE_LOOP ( 'NONE', ( #5230, #7728, #6402, #6118 ) ) ;
#4465 = ORIENTED_EDGE ( 'NONE', *, *, #1347, .T. ) ;
#4466 = AXIS2_PLACEMENT_3D ( 'NONE', #5042, #7552, #5195 ) ;
#4467 = ORIENTED_EDGE ( 'NONE', *, *, #2447, .F. ) ;
#4468 = DIRECTION ( 'NONE',  ( -0.000000000000000000, -0.000000000000000000, -1.000000000000000000 ) ) ;
#4469 = LINE ( 'NONE', #4434, #4949 ) ;
#4470 = AXIS2_PLACEMENT_3D ( 'NONE', #1672, #2818, #2197 ) ;
#4471 = LINE ( 'NONE', #6950, #7874 ) ;
#4472 = EDGE_CURVE ( 'NONE', #7850, #4210, #294, .T. ) ;
#4473 = EDGE_CURVE ( 'NONE', #5, #2643, #4640, .T. ) ;
#4474 = DIRECTION ( 'NONE',  ( 1.000000000000000000, 0.000000000000000000, 0.000000000000000000 ) ) ;
#4475 = VECTOR ( 'NONE', #6131, 1000.000000000000000 ) ;
#4476 = DIRECTION ( 'NONE',  ( -0.000000000000000000, -0.000000000000000000, -1.000000000000000000 ) ) ;
#4477 = AXIS2_PLACEMENT_3D ( 'NONE', #1011, #3564, #6040 ) ;
#4478 = VERTEX_POINT ( 'NONE', #2702 ) ;
#4479 = CIRCLE ( 'NONE', #6419, 2.999999999999999112 ) ;
#4480 = FACE_OUTER_BOUND ( 'NONE', #1289, .T. ) ;
#4481 = DIRECTION ( 'NONE',  ( 0.000000000000000000, 0.000000000000000000, -1.000000000000000000 ) ) ;
#4482 = FACE_OUTER_BOUND ( 'NONE', #7268, .T. ) ;
#4483 = CIRCLE ( 'NONE', #978, 9.999999999999960920 ) ;
#4484 = CARTESIAN_POINT ( 'NONE',  ( 14.00000000000000000, -5.150000000000045652, -7.000000000000000000 ) ) ;
#4485 = VERTEX_POINT ( 'NONE', #3468 ) ;
#4486 = CARTESIAN_POINT ( 'NONE',  ( 14.99999999999999467, -59.22269074732326999, 7.000000000000000000 ) ) ;
#4487 = ORIENTED_EDGE ( 'NONE', *, *, #206, .T. ) ;
#4488 = CARTESIAN_POINT ( 'NONE',  ( -8.000000000000188294, 27.09831513016747806, -4.000000000000000000 ) ) ;
#4489 = CARTESIAN_POINT ( 'NONE',  ( 35.19487539711821000, 2.220446049250313081E-13, -5.000000000000000000 ) ) ;
#4490 = DIRECTION ( 'NONE',  ( -0.000000000000000000, -0.000000000000000000, -1.000000000000000000 ) ) ;
#4491 = EDGE_CURVE ( 'NONE', #407, #4020, #5155, .T. ) ;
#4492 = PRESENTATION_LAYER_ASSIGNMENT (  '', '', ( #4302 ) ) ;
#4493 = VECTOR ( 'NONE', #7120, 1000.000000000000000 ) ;
#4494 = DIRECTION ( 'NONE',  ( 1.000000000000000000, 0.000000000000000000, 0.000000000000000000 ) ) ;
#4495 = FACE_OUTER_BOUND ( 'NONE', #2567, .T. ) ;
#4496 = FACE_OUTER_BOUND ( 'NONE', #847, .T. ) ;
#4497 = ORIENTED_EDGE ( 'NONE', *, *, #6398, .T. ) ;
#4499 = VECTOR ( 'NONE', #266, 1000.000000000000000 ) ;
#4498 = FACE_OUTER_BOUND ( 'NONE', #4391, .T. ) ;
#4500 = ORIENTED_EDGE ( 'NONE', *, *, #3890, .T. ) ;
#4501 = AXIS2_PLACEMENT_3D ( 'NONE', #4556, #3867, #7558 ) ;
#4502 = ADVANCED_FACE ( 'NONE', ( #374 ), #7796, .F. ) ;
#4503 = CARTESIAN_POINT ( 'NONE',  ( -17.00000000000000000, -31.22269074732326288, -1.000000000000000000 ) ) ;
#4504 = CIRCLE ( 'NONE', #7862, 5.499999999999996447 ) ;
#4505 = ORIENTED_EDGE ( 'NONE', *, *, #2882, .T. ) ;
#4506 = ORIENTED_EDGE ( 'NONE', *, *, #2826, .F. ) ;
#4507 = CIRCLE ( 'NONE', #5930, 1.899999999999999023 ) ;
#4508 = ORIENTED_EDGE ( 'NONE', *, *, #3673, .T. ) ;
#4509 = ADVANCED_FACE ( 'NONE', ( #4523 ), #6997, .F. ) ;
#4510 = VERTEX_POINT ( 'NONE', #6390 ) ;
#4511 = AXIS2_PLACEMENT_3D ( 'NONE', #2418, #4325, #4896 ) ;
#4512 = DIRECTION ( 'NONE',  ( -1.000000000000000000, 0.000000000000000000, 0.000000000000000000 ) ) ;
#4513 = DIRECTION ( 'NONE',  ( -0.7071067811865415775, 2.700247089900991230E-16, 0.7071067811865535679 ) ) ;
#4514 = DIRECTION ( 'NONE',  ( -0.000000000000000000, -0.000000000000000000, 1.000000000000000000 ) ) ;
#4515 = CARTESIAN_POINT ( 'NONE',  ( 6.399999999999999467, 23.34999999999998010, 7.000000000000000888 ) ) ;
#4516 = VECTOR ( 'NONE', #3152, 1000.000000000000000 ) ;
#4517 = ORIENTED_EDGE ( 'NONE', *, *, #6787, .T. ) ;
#4518 = LINE ( 'NONE', #2005, #2810 ) ;
#4519 = FACE_BOUND ( 'NONE', #729, .T. ) ;
#4520 = LINE ( 'NONE', #6312, #98 ) ;
#4521 = EDGE_CURVE ( 'NONE', #1088, #837, #2196, .T. ) ;
#4522 = EDGE_CURVE ( 'NONE', #566, #6987, #5897, .T. ) ;
#4523 = FACE_OUTER_BOUND ( 'NONE', #5972, .T. ) ;
#4524 = ORIENTED_EDGE ( 'NONE', *, *, #6510, .F. ) ;
#4525 = ORIENTED_EDGE ( 'NONE', *, *, #1834, .F. ) ;
#4526 = DIRECTION ( 'NONE',  ( 1.000000000000000000, 0.000000000000000000, 0.000000000000000000 ) ) ;
#4527 = ORIENTED_EDGE ( 'NONE', *, *, #6497, .F. ) ;
#4528 = ORIENTED_EDGE ( 'NONE', *, *, #4491, .T. ) ;
#4529 = CARTESIAN_POINT ( 'NONE',  ( -22.25590207615680427, 24.24406644123207499, -4.000000000000000000 ) ) ;
#4530 = LINE ( 'NONE', #4489, #7780 ) ;
#4531 = CARTESIAN_POINT ( 'NONE',  ( -26.00000000000000000, 11.99999999999999822, -1.000000000000000000 ) ) ;
#4532 = EDGE_CURVE ( 'NONE', #6697, #5482, #3306, .T. ) ;
#4533 = FACE_OUTER_BOUND ( 'NONE', #3117, .T. ) ;
#4534 = CARTESIAN_POINT ( 'NONE',  ( -9.600000000000003197, 23.34999999999998010, -0.9999999999999991118 ) ) ;
#4535 = FACE_OUTER_BOUND ( 'NONE', #1852, .T. ) ;
#4536 = ORIENTED_EDGE ( 'NONE', *, *, #6866, .F. ) ;
#4537 = DIRECTION ( 'NONE',  ( 1.000000000000000000, 0.000000000000000000, 0.000000000000000000 ) ) ;
#4538 = ORIENTED_EDGE ( 'NONE', *, *, #1632, .F. ) ;
#4539 = FACE_BOUND ( 'NONE', #3050, .T. ) ;
#4540 = AXIS2_PLACEMENT_3D ( 'NONE', #1317, #1354, #1885 ) ;
#4541 = ORIENTED_EDGE ( 'NONE', *, *, #7101, .T. ) ;
#4542 = CARTESIAN_POINT ( 'NONE',  ( -8.000000000000000000, -41.00000000000000000, -7.000000000000000000 ) ) ;
#4543 = ORIENTED_EDGE ( 'NONE', *, *, #1559, .T. ) ;
#4544 = ADVANCED_FACE ( 'NONE', ( #221 ), #4678, .T. ) ;
#4545 = ORIENTED_EDGE ( 'NONE', *, *, #7892, .F. ) ;
#4546 = AXIS2_PLACEMENT_3D ( 'NONE', #3042, #5558, #7895 ) ;
#4547 = ORIENTED_EDGE ( 'NONE', *, *, #6293, .F. ) ;
#4548 = DIRECTION ( 'NONE',  ( 0.000000000000000000, 0.000000000000000000, 1.000000000000000000 ) ) ;
#4549 = DIRECTION ( 'NONE',  ( -0.000000000000000000, -0.000000000000000000, 1.000000000000000000 ) ) ;
#4550 = DIRECTION ( 'NONE',  ( -0.000000000000000000, 0.000000000000000000, -1.000000000000000000 ) ) ;
#4551 = PLANE ( 'NONE',  #4871 ) ;
#4552 = VECTOR ( 'NONE', #251, 1000.000000000000000 ) ;
#4553 = AXIS2_PLACEMENT_3D ( 'NONE', #3203, #6926, #1981 ) ;
#4554 = EDGE_CURVE ( 'NONE', #2663, #3600, #3426, .T. ) ;
#4555 = ORIENTED_EDGE ( 'NONE', *, *, #3288, .T. ) ;
#4556 = CARTESIAN_POINT ( 'NONE',  ( 7.950000000000000178, 24.24406644123207499, -5.500000000000000000 ) ) ;
#4557 = CARTESIAN_POINT ( 'NONE',  ( -17.00000000000000000, -31.22269074732326288, -7.000000000000000000 ) ) ;
#4558 = DIRECTION ( 'NONE',  ( 1.000000000000000000, -0.000000000000000000, -0.000000000000000000 ) ) ;
#4559 = AXIS2_PLACEMENT_3D ( 'NONE', #1595, #6561, #5951 ) ;
#4560 = CARTESIAN_POINT ( 'NONE',  ( -25.49999999999994671, 7.850000000000004974, -7.000000000000000000 ) ) ;
#4561 = ORIENTED_EDGE ( 'NONE', *, *, #1533, .T. ) ;
#4562 = DIRECTION ( 'NONE',  ( 6.071532165918992858E-15, 1.000000000000000000, 0.000000000000000000 ) ) ;
#4563 = ADVANCED_FACE ( 'NONE', ( #7155 ), #2082, .T. ) ;
#4564 = ORIENTED_EDGE ( 'NONE', *, *, #2291, .F. ) ;
#4565 = DIRECTION ( 'NONE',  ( -0.000000000000000000, -0.000000000000000000, 1.000000000000000000 ) ) ;
#4566 = CIRCLE ( 'NONE', #1842, 1.899999999999999689 ) ;
#4567 = ORIENTED_EDGE ( 'NONE', *, *, #1709, .T. ) ;
#4568 = VERTEX_POINT ( 'NONE', #6431 ) ;
#4569 = DIRECTION ( 'NONE',  ( -0.000000000000000000, -0.000000000000000000, -1.000000000000000000 ) ) ;
#4570 = DIRECTION ( 'NONE',  ( -1.000000000000000000, 3.083923978207811463E-16, 0.000000000000000000 ) ) ;
#4571 = CARTESIAN_POINT ( 'NONE',  ( -5.000000000000000888, 29.74406644123207144, 7.000000000000000000 ) ) ;
#4572 = LINE ( 'NONE', #5220, #3010 ) ;
#4573 = CARTESIAN_POINT ( 'NONE',  ( 19.33955556881018367, -28.43451699311990311, -7.000000000000000000 ) ) ;
#4574 = EDGE_CURVE ( 'NONE', #6868, #400, #360, .T. ) ;
#4575 = ORIENTED_EDGE ( 'NONE', *, *, #7575, .F. ) ;
#4576 = ADVANCED_FACE ( 'NONE', ( #7679 ), #2120, .F. ) ;
#4577 = LINE ( 'NONE', #307, #2934 ) ;
#4578 = ORIENTED_EDGE ( 'NONE', *, *, #6980, .T. ) ;
#4579 = CYLINDRICAL_SURFACE ( 'NONE', #2692, 1.900000000000000577 ) ;
#4580 = ORIENTED_EDGE ( 'NONE', *, *, #5440, .F. ) ;
#4581 = DIRECTION ( 'NONE',  ( -0.000000000000000000, -0.000000000000000000, -1.000000000000000000 ) ) ;
#4582 = ORIENTED_EDGE ( 'NONE', *, *, #5901, .F. ) ;
#4583 = ORIENTED_EDGE ( 'NONE', *, *, #7399, .T. ) ;
#4584 = ORIENTED_EDGE ( 'NONE', *, *, #2334, .T. ) ;
#4585 = CARTESIAN_POINT ( 'NONE',  ( 34.14487539711820574, 2.220446049250313081E-13, -7.000000000000000000 ) ) ;
#4586 = EDGE_CURVE ( 'NONE', #3105, #2520, #1016, .T. ) ;
#4587 = CARTESIAN_POINT ( 'NONE',  ( 12.09999999999999964, -5.150000000000045652, -5.500000000000000000 ) ) ;
#4588 = CARTESIAN_POINT ( 'NONE',  ( -5.000000000000000888, 29.74406644123207144, -3.000000000000000000 ) ) ;
#4589 = AXIS2_PLACEMENT_3D ( 'NONE', #7739, #2142, #7775 ) ;
#4590 = CARTESIAN_POINT ( 'NONE',  ( 13.00000000000000178, -43.22269074732326999, -3.000000000000000000 ) ) ;
#4591 = ORIENTED_EDGE ( 'NONE', *, *, #1995, .T. ) ;
#4592 = CIRCLE ( 'NONE', #438, 1.600000000000000755 ) ;
#4593 = DIRECTION ( 'NONE',  ( 1.000000000000000000, 0.000000000000000000, 0.000000000000000000 ) ) ;
#4594 = CARTESIAN_POINT ( 'NONE',  ( -10.39129341151836705, -27.00000000000000000, -5.500000000000000000 ) ) ;
#4595 = DIRECTION ( 'NONE',  ( 1.000000000000000000, 1.734723475976807341E-16, -0.000000000000000000 ) ) ;
#4596 = EDGE_CURVE ( 'NONE', #6089, #1097, #7880, .T. ) ;
#4597 = DIRECTION ( 'NONE',  ( 0.000000000000000000, 0.000000000000000000, 1.000000000000000000 ) ) ;
#4598 = CARTESIAN_POINT ( 'NONE',  ( -14.00000000000000000, -5.150000000000045652, -2.499999999999999556 ) ) ;
#4599 = AXIS2_PLACEMENT_3D ( 'NONE', #7643, #7823, #2012 ) ;
#4600 = CARTESIAN_POINT ( 'NONE',  ( 13.00000000000000178, -43.22269074732326999, -3.000000000000000000 ) ) ;
#4601 = CIRCLE ( 'NONE', #7458, 2.000000000000000000 ) ;
#4602 = ORIENTED_EDGE ( 'NONE', *, *, #3866, .T. ) ;
#4603 = ORIENTED_EDGE ( 'NONE', *, *, #1434, .F. ) ;
#4604 = CARTESIAN_POINT ( 'NONE',  ( -9.000000000000001776, 29.74406644123207144, 7.000000000000000000 ) ) ;
#4605 = DIRECTION ( 'NONE',  ( 1.000000000000000000, 0.000000000000000000, 0.000000000000000000 ) ) ;
#4606 = CARTESIAN_POINT ( 'NONE',  ( -21.59487539711820503, 6.799999999999997158, -5.500000000000000000 ) ) ;
#4607 = VECTOR ( 'NONE', #3135, 1000.000000000000000 ) ;
#4608 = ADVANCED_FACE ( 'NONE', ( #4142 ), #4231, .F. ) ;
#4609 = DIRECTION ( 'NONE',  ( -0.000000000000000000, 0.000000000000000000, -1.000000000000000000 ) ) ;
#4610 = FACE_OUTER_BOUND ( 'NONE', #5956, .T. ) ;
#4611 = ORIENTED_EDGE ( 'NONE', *, *, #1847, .T. ) ;
#4612 = DIRECTION ( 'NONE',  ( -1.000000000000000000, 0.000000000000000000, 0.000000000000000000 ) ) ;
#4613 = EDGE_LOOP ( 'NONE', ( #7825, #5607, #5441, #745 ) ) ;
#4614 = CIRCLE ( 'NONE', #3582, 3.000000000000000000 ) ;
#4615 = EDGE_CURVE ( 'NONE', #657, #5593, #2896, .T. ) ;
#4616 = EDGE_CURVE ( 'NONE', #3722, #4449, #7235, .T. ) ;
#4617 = DIRECTION ( 'NONE',  ( -0.000000000000000000, -0.000000000000000000, 1.000000000000000000 ) ) ;
#4618 = VECTOR ( 'NONE', #4453, 1000.000000000000000 ) ;
#4619 = ORIENTED_EDGE ( 'NONE', *, *, #6314, .F. ) ;
#4620 = DIRECTION ( 'NONE',  ( 1.000000000000000000, 0.000000000000000000, 0.000000000000000000 ) ) ;
#4621 = EDGE_LOOP ( 'NONE', ( #4754, #4408, #3338, #147 ) ) ;
#4622 = AXIS2_PLACEMENT_3D ( 'NONE', #4099, #6588, #1022 ) ;
#4623 = ORIENTED_EDGE ( 'NONE', *, *, #7768, .T. ) ;
#4624 = AXIS2_PLACEMENT_3D ( 'NONE', #4648, #1554, #6518 ) ;
#4625 = ORIENTED_EDGE ( 'NONE', *, *, #3832, .F. ) ;
#4626 = VECTOR ( 'NONE', #6728, 1000.000000000000000 ) ;
#4627 = DIRECTION ( 'NONE',  ( 1.000000000000000000, 0.000000000000000000, 0.000000000000000000 ) ) ;
#4628 = CARTESIAN_POINT ( 'NONE',  ( -9.449999999999999289, 16.85000000000000142, -5.000000000000000000 ) ) ;
#4629 = VECTOR ( 'NONE', #4005, 1000.000000000000000 ) ;
#4630 = CYLINDRICAL_SURFACE ( 'NONE', #181, 1.999999999999998224 ) ;
#4631 = ORIENTED_EDGE ( 'NONE', *, *, #55, .T. ) ;
#4633 = EDGE_CURVE ( 'NONE', #4913, #766, #1713, .T. ) ;
#4632 = B_SPLINE_CURVE_WITH_KNOTS ( 'NONE', 3,
 ( #2982, #584, #6715, #4970, #1155, #23, #6755, #2454, #7440, #6669, #3627, #4358, #6839, #541, #1802, #3154 ),
 .UNSPECIFIED., .F., .F.,
 ( 4, 2, 2, 2, 2, 2, 2, 4 ),
 ( 0.002183852179318339706, 0.002534661759477807585, 0.002885471339637275465, 0.003236280919796742910, 0.003587090499956210789, 0.003937900080115679102, 0.004288709660275146114, 0.004990328820594081873 ),
 .UNSPECIFIED. ) ;
#4634 = AXIS2_PLACEMENT_3D ( 'NONE', #3796, #6847, #1933 ) ;
#4635 = CARTESIAN_POINT ( 'NONE',  ( -13.00000000000000178, -43.22269074732326999, -5.500000000000000000 ) ) ;
#4636 = DIRECTION ( 'NONE',  ( -0.000000000000000000, -0.000000000000000000, -1.000000000000000000 ) ) ;
#4637 = CYLINDRICAL_SURFACE ( 'NONE', #2019, 5.499999999999998224 ) ;
#4638 = ORIENTED_EDGE ( 'NONE', *, *, #6269, .F. ) ;
#4639 = DIRECTION ( 'NONE',  ( 0.000000000000000000, 0.000000000000000000, -1.000000000000000000 ) ) ;
#4640 = LINE ( 'NONE', #5245, #1787 ) ;
#4641 = DIRECTION ( 'NONE',  ( 0.000000000000000000, 1.000000000000000000, 0.000000000000000000 ) ) ;
#4642 = ORIENTED_EDGE ( 'NONE', *, *, #274, .T. ) ;
#4643 = EDGE_CURVE ( 'NONE', #7947, #5953, #6461, .T. ) ;
#4644 = ORIENTED_EDGE ( 'NONE', *, *, #472, .F. ) ;
#4645 = EDGE_CURVE ( 'NONE', #3453, #7014, #1279, .T. ) ;
#4646 = CARTESIAN_POINT ( 'NONE',  ( 22.55000000000000071, 16.85000000000000142, -5.000000000000000000 ) ) ;
#4647 = CARTESIAN_POINT ( 'NONE',  ( 26.00000000000000355, 21.25010530891830030, 7.000000000000000000 ) ) ;
#4648 = CARTESIAN_POINT ( 'NONE',  ( 11.00000000000000355, -54.22269074732326999, -1.000000000000000000 ) ) ;
#4649 = FACE_BOUND ( 'NONE', #567, .T. ) ;
#4650 = LINE ( 'NONE', #7845, #3788 ) ;
#4651 = VERTEX_POINT ( 'NONE', #4763 ) ;
#4652 = DIRECTION ( 'NONE',  ( 0.000000000000000000, 0.000000000000000000, 1.000000000000000000 ) ) ;
#4653 = ORIENTED_EDGE ( 'NONE', *, *, #3585, .F. ) ;
#4654 = EDGE_CURVE ( 'NONE', #6491, #5992, #3544, .T. ) ;
#4655 = ORIENTED_EDGE ( 'NONE', *, *, #1923, .F. ) ;
#4656 = FACE_OUTER_BOUND ( 'NONE', #50, .T. ) ;
#4657 = ORIENTED_EDGE ( 'NONE', *, *, #1151, .F. ) ;
#4658 = CARTESIAN_POINT ( 'NONE',  ( 12.88325017942518080, -49.76924860672726680, -3.528660769317665480 ) ) ;
#4659 = VERTEX_POINT ( 'NONE', #6712 ) ;
#4660 = EDGE_LOOP ( 'NONE', ( #2684, #2514, #6438, #3484 ) ) ;
#4661 = EDGE_CURVE ( 'NONE', #7159, #3112, #4184, .T. ) ;
#4662 = VERTEX_POINT ( 'NONE', #6017 ) ;
#4663 = VECTOR ( 'NONE', #938, 1000.000000000000000 ) ;
#4664 = LINE ( 'NONE', #2764, #6216 ) ;
#4665 = ORIENTED_EDGE ( 'NONE', *, *, #5493, .T. ) ;
#4666 = DIRECTION ( 'NONE',  ( 0.000000000000000000, 0.000000000000000000, 1.000000000000000000 ) ) ;
#4667 = EDGE_CURVE ( 'NONE', #4856, #6049, #1408, .T. ) ;
#4668 = ADVANCED_FACE ( 'NONE', ( #6593 ), #2240, .F. ) ;
#4669 = VECTOR ( 'NONE', #7232, 1000.000000000000000 ) ;
#4670 = VERTEX_POINT ( 'NONE', #6668 ) ;
#4671 = CARTESIAN_POINT ( 'NONE',  ( -2.081668171172168513E-14, -35.99427459992278244, -1.000000000000000000 ) ) ;
#4672 = DIRECTION ( 'NONE',  ( 1.000000000000000000, 0.000000000000000000, 0.000000000000000000 ) ) ;
#4673 = FACE_OUTER_BOUND ( 'NONE', #12, .T. ) ;
#4674 = APPLICATION_CONTEXT ( 'automotive_design' ) ;
#4675 = ORIENTED_EDGE ( 'NONE', *, *, #3048, .T. ) ;
#4676 = LINE ( 'NONE', #7795, #3661 ) ;
#4677 = VECTOR ( 'NONE', #5886, 1000.000000000000000 ) ;
#4678 = CYLINDRICAL_SURFACE ( 'NONE', #4766, 3.000000000000002665 ) ;
#4679 = VECTOR ( 'NONE', #2589, 1000.000000000000000 ) ;
#4680 = CARTESIAN_POINT ( 'NONE',  ( 9.450000000000585487, 19.24406644123204302, -1.000000000000000000 ) ) ;
#4681 = EDGE_LOOP ( 'NONE', ( #2651, #7839, #5505, #7913, #4306, #4207, #4029 ) ) ;
#4682 = ORIENTED_EDGE ( 'NONE', *, *, #911, .T. ) ;
#4683 = AXIS2_PLACEMENT_3D ( 'NONE', #4068, #993, #2862 ) ;
#4684 = DIRECTION ( 'NONE',  ( -0.000000000000000000, -0.000000000000000000, 1.000000000000000000 ) ) ;
#4685 = CARTESIAN_POINT ( 'NONE',  ( -8.894064909271785169, -46.88257047673796762, -4.878523231569166896 ) ) ;
#4686 = CARTESIAN_POINT ( 'NONE',  ( -18.00000000000000355, -5.150000000000045652, -5.500000000000000000 ) ) ;
#4687 = AXIS2_PLACEMENT_3D ( 'NONE', #3829, #5625, #6350 ) ;
#4688 = LINE ( 'NONE', #7802, #3400 ) ;
#4689 = DIRECTION ( 'NONE',  ( 1.000000000000000000, -3.818726056296495018E-16, 0.000000000000000000 ) ) ;
#4690 = ADVANCED_FACE ( 'NONE', ( #5451 ), #7961, .T. ) ;
#4691 = AXIS2_PLACEMENT_3D ( 'NONE', #6628, #1628, #7678 ) ;
#4692 = ORIENTED_EDGE ( 'NONE', *, *, #7525, .T. ) ;
#4693 = DIRECTION ( 'NONE',  ( 1.000000000000000000, 0.000000000000000000, 0.000000000000000000 ) ) ;
#4694 = EDGE_LOOP ( 'NONE', ( #7831, #90 ) ) ;
#4695 = ORIENTED_EDGE ( 'NONE', *, *, #5833, .F. ) ;
#4696 = CYLINDRICAL_SURFACE ( 'NONE', #4376, 4.000000000000001776 ) ;
#4697 = CARTESIAN_POINT ( 'NONE',  ( 27.29659163829112245, -8.061623882891092663, -5.500000000000000000 ) ) ;
#4698 = EDGE_CURVE ( 'NONE', #6180, #510, #4113, .T. ) ;
#4699 = ORIENTED_EDGE ( 'NONE', *, *, #1434, .T. ) ;
#4700 = CARTESIAN_POINT ( 'NONE',  ( 8.000000000000000000, 37.74406644123207144, -4.000000000000000000 ) ) ;
#4701 = ORIENTED_EDGE ( 'NONE', *, *, #5995, .T. ) ;
#4702 = ORIENTED_EDGE ( 'NONE', *, *, #7804, .T. ) ;
#4703 = ORIENTED_EDGE ( 'NONE', *, *, #2394, .T. ) ;
#4704 = CARTESIAN_POINT ( 'NONE',  ( -8.000000000000000000, 23.34999999999998010, 7.000000000000000888 ) ) ;
#4705 = EDGE_CURVE ( 'NONE', #1948, #6421, #6337, .T. ) ;
#4706 = DIRECTION ( 'NONE',  ( 0.000000000000000000, -1.000000000000000000, 0.000000000000000000 ) ) ;
#4707 = FACE_OUTER_BOUND ( 'NONE', #4135, .T. ) ;
#4708 = ORIENTED_EDGE ( 'NONE', *, *, #6806, .F. ) ;
#4709 = CARTESIAN_POINT ( 'NONE',  ( 13.00000000000000178, -43.22269074732326999, 7.000000000000000000 ) ) ;
#4710 = CARTESIAN_POINT ( 'NONE',  ( 3.850000000000089351, 21.24406644123204302, 7.000000000000000000 ) ) ;
#4711 = CARTESIAN_POINT ( 'NONE',  ( -5.933350533826674322, 24.22277336810118342, 64.09969851780280692 ) ) ;
#4712 = ORIENTED_EDGE ( 'NONE', *, *, #3700, .T. ) ;
#4713 = CIRCLE ( 'NONE', #2521, 1.899999999999999023 ) ;
#4714 = ADVANCED_FACE ( 'NONE', ( #1754 ), #3626, .F. ) ;
#4715 = CARTESIAN_POINT ( 'NONE',  ( 8.000000000000000000, 23.34999999999998010, -7.000000000000000000 ) ) ;
#4716 = EDGE_CURVE ( 'NONE', #6161, #4053, #583, .T. ) ;
#4717 = CARTESIAN_POINT ( 'NONE',  ( -7.950000000000000178, 24.24406644123207499, -5.500000000000000000 ) ) ;
#4718 = FACE_OUTER_BOUND ( 'NONE', #4911, .T. ) ;
#4719 = AXIS2_PLACEMENT_3D ( 'NONE', #2304, #1857, #4947 ) ;
#4720 = EDGE_LOOP ( 'NONE', ( #714, #5812, #3406, #551 ) ) ;
#4721 = CARTESIAN_POINT ( 'NONE',  ( 5.949999999999998401, 22.24406644123207144, -1.000000000000000000 ) ) ;
#4722 = LINE ( 'NONE', #1553, #6769 ) ;
#4723 = DIRECTION ( 'NONE',  ( -0.000000000000000000, -0.000000000000000000, 1.000000000000000000 ) ) ;
#4724 = VECTOR ( 'NONE', #1986, 1000.000000000000000 ) ;
#4725 = AXIS2_PLACEMENT_3D ( 'NONE', #2036, #3257, #4433 ) ;
#4726 = FACE_BOUND ( 'NONE', #319, .T. ) ;
#4727 = DIRECTION ( 'NONE',  ( 1.000000000000000000, 1.301042606982606307E-15, -0.000000000000000000 ) ) ;
#4728 = VECTOR ( 'NONE', #668, 1000.000000000000000 ) ;
#4729 = APPLICATION_PROTOCOL_DEFINITION ( 'draft international standard', 'automotive_design', 1998, #4674 ) ;
#4730 = ORIENTED_EDGE ( 'NONE', *, *, #4804, .T. ) ;
#4731 = DIRECTION ( 'NONE',  ( 1.000000000000000000, 0.000000000000000000, 0.000000000000000000 ) ) ;
#4732 = ORIENTED_EDGE ( 'NONE', *, *, #1690, .F. ) ;
#4733 = AXIS2_PLACEMENT_3D ( 'NONE', #1830, #6051, #7871 ) ;
#4734 = EDGE_LOOP ( 'NONE', ( #6899, #1576, #7548, #7040, #7290, #3387 ) ) ;
#4735 = CARTESIAN_POINT ( 'NONE',  ( -11.00000000000000000, 5.849999999999910827, -9.650000000000000355 ) ) ;
#4736 = AXIS2_PLACEMENT_3D ( 'NONE', #6861, #80, #4562 ) ;
#4737 = EDGE_CURVE ( 'NONE', #2528, #6987, #4471, .T. ) ;
#4738 = AXIS2_PLACEMENT_3D ( 'NONE', #1607, #844, #358 ) ;
#4739 = DIRECTION ( 'NONE',  ( 0.000000000000000000, 0.000000000000000000, 1.000000000000000000 ) ) ;
#4740 = VERTEX_POINT ( 'NONE', #133 ) ;
#4741 = ORIENTED_EDGE ( 'NONE', *, *, #7892, .T. ) ;
#4742 = EDGE_LOOP ( 'NONE', ( #3520, #1534, #1494, #145 ) ) ;
#4743 = DIRECTION ( 'NONE',  ( 0.000000000000000000, 0.000000000000000000, 1.000000000000000000 ) ) ;
#4744 = ORIENTED_EDGE ( 'NONE', *, *, #5160, .F. ) ;
#4745 = AXIS2_PLACEMENT_3D ( 'NONE', #2779, #5332, #7799 ) ;
#4746 = EDGE_CURVE ( 'NONE', #2423, #6436, #20, .T. ) ;
#4747 = VECTOR ( 'NONE', #6023, 1000.000000000000000 ) ;
#4748 = ORIENTED_EDGE ( 'NONE', *, *, #6565, .F. ) ;
#4749 = DIRECTION ( 'NONE',  ( -0.000000000000000000, -0.000000000000000000, 1.000000000000000000 ) ) ;
#4750 = CIRCLE ( 'NONE', #3081, 0.5000000000000004441 ) ;
#4751 = ORIENTED_EDGE ( 'NONE', *, *, #3820, .F. ) ;
#4752 = FACE_OUTER_BOUND ( 'NONE', #2188, .T. ) ;
#4753 = DIRECTION ( 'NONE',  ( 1.000000000000000000, -1.734723475976807341E-16, 0.000000000000000000 ) ) ;
#4754 = ORIENTED_EDGE ( 'NONE', *, *, #1995, .F. ) ;
#4755 = ADVANCED_FACE ( 'NONE', ( #7479 ), #7400, .F. ) ;
#4756 = AXIS2_PLACEMENT_3D ( 'NONE', #3041, #5557, #683 ) ;
#4757 = LINE ( 'NONE', #6503, #4234 ) ;
#4758 = DIRECTION ( 'NONE',  ( -1.301042606982606307E-15, -1.000000000000000000, 0.000000000000000000 ) ) ;
#4759 = DIRECTION ( 'NONE',  ( 0.000000000000000000, 0.000000000000000000, 1.000000000000000000 ) ) ;
#4760 = EDGE_LOOP ( 'NONE', ( #440, #7475, #17, #2391 ) ) ;
#4761 = AXIS2_PLACEMENT_3D ( 'NONE', #5306, #5344, #5841 ) ;
#4762 = DIRECTION ( 'NONE',  ( -1.000000000000000000, 1.823796845045658185E-16, 0.000000000000000000 ) ) ;
#4763 = CARTESIAN_POINT ( 'NONE',  ( 8.847089727481716182E-14, 19.24406644123204302, 3.649999999999999023 ) ) ;
#4764 = CARTESIAN_POINT ( 'NONE',  ( 16.00000000000000000, 8.799999999999998934, -1.000000000000000000 ) ) ;
#4765 = VECTOR ( 'NONE', #4569, 1000.000000000000000 ) ;
#4766 = AXIS2_PLACEMENT_3D ( 'NONE', #5170, #4027, #943 ) ;
#4767 = ORIENTED_EDGE ( 'NONE', *, *, #5653, .T. ) ;
#4768 = EDGE_CURVE ( 'NONE', #4090, #946, #7716, .T. ) ;
#4769 = ADVANCED_FACE ( 'NONE', ( #4397 ), #3185, .T. ) ;
#4770 = CARTESIAN_POINT ( 'NONE',  ( 16.99999999999999289, -59.22269074732326999, 7.000000000000000000 ) ) ;
#4771 = DIRECTION ( 'NONE',  ( 1.000000000000000000, 0.000000000000000000, 0.000000000000000000 ) ) ;
#4772 = CARTESIAN_POINT ( 'NONE',  ( -21.49999999999995026, 7.849999999999999645, -9.650000000000000355 ) ) ;
#4773 = AXIS2_PLACEMENT_3D ( 'NONE', #284, #437, #2885 ) ;
#4774 = PLANE ( 'NONE',  #7869 ) ;
#4775 = DIRECTION ( 'NONE',  ( -0.000000000000000000, -0.000000000000000000, -1.000000000000000000 ) ) ;
#4776 = ORIENTED_EDGE ( 'NONE', *, *, #709, .F. ) ;
#4777 = CARTESIAN_POINT ( 'NONE',  ( 13.00000000000000355, -50.45110689472375043, -1.000000000000000000 ) ) ;
#4778 = ORIENTED_EDGE ( 'NONE', *, *, #7342, .F. ) ;
#4779 = EDGE_CURVE ( 'NONE', #3357, #7608, #6982, .T. ) ;
#4780 = ORIENTED_EDGE ( 'NONE', *, *, #5672, .F. ) ;
#4781 = AXIS2_PLACEMENT_3D ( 'NONE', #1577, #6462, #7701 ) ;
#4782 = LINE ( 'NONE', #1125, #7218 ) ;
#4783 = FACE_OUTER_BOUND ( 'NONE', #888, .T. ) ;
#4784 = FACE_BOUND ( 'NONE', #2677, .T. ) ;
#4785 = DIRECTION ( 'NONE',  ( 0.000000000000000000, -1.000000000000000000, 0.000000000000000000 ) ) ;
#4786 = VERTEX_POINT ( 'NONE', #1235 ) ;
#4787 = ORIENTED_EDGE ( 'NONE', *, *, #7163, .F. ) ;
#4788 = ORIENTED_EDGE ( 'NONE', *, *, #1419, .F. ) ;
#4789 = DIRECTION ( 'NONE',  ( -1.000000000000000000, 0.000000000000000000, 0.000000000000000000 ) ) ;
#4790 = VERTEX_POINT ( 'NONE', #5081 ) ;
#4791 = ORIENTED_EDGE ( 'NONE', *, *, #6845, .F. ) ;
#4792 = CARTESIAN_POINT ( 'NONE',  ( -5.949999999999999289, 22.24406644123207144, -1.000000000000000000 ) ) ;
#4793 = EDGE_CURVE ( 'NONE', #3598, #4659, #5813, .T. ) ;
#4794 = EDGE_CURVE ( 'NONE', #6076, #7426, #6795, .T. ) ;
#4795 = ORIENTED_EDGE ( 'NONE', *, *, #7102, .T. ) ;
#4796 = CARTESIAN_POINT ( 'NONE',  ( -8.000000000000000000, 23.34999999999998010, -9.650000000000000355 ) ) ;
#4797 = ORIENTED_EDGE ( 'NONE', *, *, #5353, .T. ) ;
#4798 = DIRECTION ( 'NONE',  ( 1.000000000000000000, 0.000000000000000000, 0.000000000000000000 ) ) ;
#4799 = CARTESIAN_POINT ( 'NONE',  ( 13.80000000000000071, -48.22269074732328420, -3.999999999999998224 ) ) ;
#4800 = DIRECTION ( 'NONE',  ( 0.000000000000000000, 0.000000000000000000, 1.000000000000000000 ) ) ;
#4801 = VERTEX_POINT ( 'NONE', #3115 ) ;
#4802 = CARTESIAN_POINT ( 'NONE',  ( -9.099999999999997868, 5.849999999999910827, -9.650000000000000355 ) ) ;
#4803 = CARTESIAN_POINT ( 'NONE',  ( -16.99999999999999289, -61.22269074732326999, -1.000000000000000000 ) ) ;
#4804 = EDGE_CURVE ( 'NONE', #3198, #6473, #6230, .T. ) ;
#4805 = CARTESIAN_POINT ( 'NONE',  ( -8.000000000000261124, 37.74406644123207144, -4.000000000000000000 ) ) ;
#4806 = CIRCLE ( 'NONE', #1180, 0.5000000000000004441 ) ;
#4807 = EDGE_LOOP ( 'NONE', ( #3051, #357, #2194, #4497 ) ) ;
#4808 = CARTESIAN_POINT ( 'NONE',  ( -21.50000000000000000, 16.85000000000000142, -7.000000000000000000 ) ) ;
#4809 = DIRECTION ( 'NONE',  ( 1.000000000000000000, 0.000000000000000000, 0.000000000000000000 ) ) ;
#4810 = CARTESIAN_POINT ( 'NONE',  ( -6.399999999999998579, 23.34999999999998010, 7.000000000000000888 ) ) ;
#4811 = VECTOR ( 'NONE', #4335, 1000.000000000000000 ) ;
#4812 = LINE ( 'NONE', #5988, #5551 ) ;
#4813 = CARTESIAN_POINT ( 'NONE',  ( -12.40000000000000036, -5.150000000000045652, -2.499999999999999556 ) ) ;
#4814 = EDGE_CURVE ( 'NONE', #484, #6089, #6596, .T. ) ;
#4815 = VERTEX_POINT ( 'NONE', #1346 ) ;
#4816 = CARTESIAN_POINT ( 'NONE',  ( 5.000000000000000888, 29.74406644123207144, 7.000000000000000000 ) ) ;
#4817 = VECTOR ( 'NONE', #1077, 1000.000000000000000 ) ;
#4818 = ORIENTED_EDGE ( 'NONE', *, *, #6239, .F. ) ;
#4819 = ORIENTED_EDGE ( 'NONE', *, *, #5742, .T. ) ;
#4820 = CARTESIAN_POINT ( 'NONE',  ( 5.949999999999998401, 24.24406644123207499, -1.000000000000000000 ) ) ;
#4821 = DIRECTION ( 'NONE',  ( -1.000000000000000000, 0.000000000000000000, 0.000000000000000000 ) ) ;
#4822 = AXIS2_PLACEMENT_3D ( 'NONE', #1067, #1508, #3389 ) ;
#4823 = CARTESIAN_POINT ( 'NONE',  ( 18.00000000000000355, -5.150000000000044764, -2.499999999999999556 ) ) ;
#4824 = CARTESIAN_POINT ( 'NONE',  ( -11.00000000000000000, 5.849999999999910827, -7.000000000000000000 ) ) ;
#4825 = EDGE_CURVE ( 'NONE', #2450, #2793, #3612, .T. ) ;
#4826 = EDGE_CURVE ( 'NONE', #137, #1380, #7516, .T. ) ;
#4827 = VERTEX_POINT ( 'NONE', #6305 ) ;
#4828 = ORIENTED_EDGE ( 'NONE', *, *, #4293, .T. ) ;
#4829 = ORIENTED_EDGE ( 'NONE', *, *, #7983, .F. ) ;
#4830 = CARTESIAN_POINT ( 'NONE',  ( -14.99999999999999467, -61.22269074732326999, -7.000000000000000000 ) ) ;
#4831 = ORIENTED_EDGE ( 'NONE', *, *, #643, .T. ) ;
#4832 = AXIS2_PLACEMENT_3D ( 'NONE', #6667, #5494, #1107 ) ;
#4833 = ORIENTED_EDGE ( 'NONE', *, *, #2967, .F. ) ;
#4834 = FACE_OUTER_BOUND ( 'NONE', #5231, .T. ) ;
#4835 = ORIENTED_EDGE ( 'NONE', *, *, #2009, .T. ) ;
#4836 = ORIENTED_EDGE ( 'NONE', *, *, #3180, .T. ) ;
#4837 = DIRECTION ( 'NONE',  ( 0.000000000000000000, 0.000000000000000000, -1.000000000000000000 ) ) ;
#4838 = CARTESIAN_POINT ( 'NONE',  ( 25.49999999999999645, -0.1499999999999973854, -7.000000000000000000 ) ) ;
#4839 = FACE_OUTER_BOUND ( 'NONE', #2369, .T. ) ;
#4840 = CARTESIAN_POINT ( 'NONE',  ( 21.50000000000000000, -0.1499999999999973577, -9.650000000000000355 ) ) ;
#4841 = EDGE_CURVE ( 'NONE', #424, #4338, #5621, .T. ) ;
#4842 = VERTEX_POINT ( 'NONE', #3935 ) ;
#4843 = CYLINDRICAL_SURFACE ( 'NONE', #5107, 10.00000000000000178 ) ;
#4844 = DIRECTION ( 'NONE',  ( 0.000000000000000000, 0.000000000000000000, -1.000000000000000000 ) ) ;
#4845 = CARTESIAN_POINT ( 'NONE',  ( 17.00000000000000000, -35.99427459992278244, 6.999999999999999112 ) ) ;
#4846 = CARTESIAN_POINT ( 'NONE',  ( 3.849999999999968114, -21.00000000000001776, 7.000000000000000000 ) ) ;
#4847 = VERTEX_POINT ( 'NONE', #6383 ) ;
#4848 = CARTESIAN_POINT ( 'NONE',  ( -3.999999999999999112, 23.34999999999998010, -9.650000000000000355 ) ) ;
#4849 = FACE_OUTER_BOUND ( 'NONE', #1078, .T. ) ;
#4850 = CARTESIAN_POINT ( 'NONE',  ( 13.00000000000000178, -43.22269074732326999, -3.000000000000000000 ) ) ;
#4851 = ADVANCED_FACE ( 'NONE', ( #5162 ), #2074, .F. ) ;
#4852 = LINE ( 'NONE', #7887, #5726 ) ;
#4853 = CARTESIAN_POINT ( 'NONE',  ( 16.99999999999999289, -59.22269074732326999, -7.000000000000000000 ) ) ;
#4854 = ORIENTED_EDGE ( 'NONE', *, *, #1867, .T. ) ;
#4855 = CARTESIAN_POINT ( 'NONE',  ( -23.59487539711820858, 8.799999999999997158, -1.000000000000000000 ) ) ;
#4856 = VERTEX_POINT ( 'NONE', #6420 ) ;
#4857 = ORIENTED_EDGE ( 'NONE', *, *, #7036, .F. ) ;
#4858 = DIRECTION ( 'NONE',  ( 1.000000000000000000, -1.040834085586084059E-15, 0.000000000000000000 ) ) ;
#4859 = FACE_OUTER_BOUND ( 'NONE', #1955, .T. ) ;
#4860 = CARTESIAN_POINT ( 'NONE',  ( -26.14487539711820929, 0.000000000000000000, -5.000000000000000000 ) ) ;
#4861 = ADVANCED_FACE ( 'NONE', ( #2648 ), #7632, .F. ) ;
#4862 = DIRECTION ( 'NONE',  ( -1.000000000000000000, 0.000000000000000000, -0.000000000000000000 ) ) ;
#4863 = CARTESIAN_POINT ( 'NONE',  ( -26.00000000000000355, 21.25010530891830030, -3.999999999999999112 ) ) ;
#4864 = AXIS2_PLACEMENT_3D ( 'NONE', #2023, #1902, #6251 ) ;
#4865 = EDGE_LOOP ( 'NONE', ( #7197, #822 ) ) ;
#4866 = CARTESIAN_POINT ( 'NONE',  ( -14.00000000000000000, -5.150000000000045652, -3.799999999999999822 ) ) ;
#4867 = AXIS2_PLACEMENT_3D ( 'NONE', #3310, #1663, #7606 ) ;
#4868 = ORIENTED_EDGE ( 'NONE', *, *, #3326, .F. ) ;
#4869 = LINE ( 'NONE', #565, #2138 ) ;
#4870 = ORIENTED_EDGE ( 'NONE', *, *, #966, .F. ) ;
#4871 = AXIS2_PLACEMENT_3D ( 'NONE', #97, #5775, #7633 ) ;
#4872 = ADVANCED_FACE ( 'NONE', ( #3897 ), #2111, .F. ) ;
#4873 = ADVANCED_FACE ( 'NONE', ( #2729 ), #1424, .F. ) ;
#4874 = CIRCLE ( 'NONE', #1372, 4.000000000000000888 ) ;
#4875 = ORIENTED_EDGE ( 'NONE', *, *, #2583, .T. ) ;
#4876 = CARTESIAN_POINT ( 'NONE',  ( 16.00000000000000355, 8.800000000000054001, -5.500000000000000000 ) ) ;
#4877 = ORIENTED_EDGE ( 'NONE', *, *, #1800, .F. ) ;
#4878 = VERTEX_POINT ( 'NONE', #853 ) ;
#4879 = CARTESIAN_POINT ( 'NONE',  ( -2.322739724729420807, -48.66981235242155890, -5.540702150752153443 ) ) ;
#4880 = CARTESIAN_POINT ( 'NONE',  ( 11.00000000000003553, -35.99427459992277534, -5.500000000000000000 ) ) ;
#4881 = LINE ( 'NONE', #1707, #5067 ) ;
#4882 = VERTEX_POINT ( 'NONE', #5118 ) ;
#4883 = CIRCLE ( 'NONE', #2148, 3.000000000000000888 ) ;
#4884 = DIRECTION ( 'NONE',  ( -1.000000000000000000, 0.000000000000000000, 0.000000000000000000 ) ) ;
#4885 = CARTESIAN_POINT ( 'NONE',  ( 8.847089727481716182E-14, 19.24406644123204302, 6.999999999999999112 ) ) ;
#4886 = DIRECTION ( 'NONE',  ( 1.000000000000000000, 0.000000000000000000, -0.000000000000000000 ) ) ;
#4887 = DIRECTION ( 'NONE',  ( -0.000000000000000000, -1.000000000000000000, -0.000000000000000000 ) ) ;
#4888 = VECTOR ( 'NONE', #2781, 1000.000000000000000 ) ;
#4889 = ADVANCED_FACE ( 'NONE', ( #211 ), #3343, .T. ) ;
#4890 = CIRCLE ( 'NONE', #7598, 2.000000000000000888 ) ;
#4891 = EDGE_LOOP ( 'NONE', ( #1014, #2570, #2535, #5882 ) ) ;
#4892 = DIRECTION ( 'NONE',  ( 0.000000000000000000, 0.000000000000000000, 1.000000000000000000 ) ) ;
#4893 = DIRECTION ( 'NONE',  ( -0.000000000000000000, -0.000000000000000000, -1.000000000000000000 ) ) ;
#4894 = DIRECTION ( 'NONE',  ( 0.000000000000000000, 0.000000000000000000, 1.000000000000000000 ) ) ;
#4895 = CIRCLE ( 'NONE', #4240, 2.000000000000000000 ) ;
#4896 = DIRECTION ( 'NONE',  ( -1.000000000000000000, 0.000000000000000000, 0.000000000000000000 ) ) ;
#4897 = DIRECTION ( 'NONE',  ( 0.000000000000000000, 0.000000000000000000, -1.000000000000000000 ) ) ;
#4898 = CIRCLE ( 'NONE', #1392, 1.899999999999999023 ) ;
#4899 = EDGE_CURVE ( 'NONE', #7130, #1402, #7593, .T. ) ;
#4900 = EDGE_CURVE ( 'NONE', #5939, #5482, #6580, .T. ) ;
#4901 = EDGE_LOOP ( 'NONE', ( #5094, #1644, #3567, #6217 ) ) ;
#4902 = DIRECTION ( 'NONE',  ( -0.7660444431189817882, -0.6427876096865350330, 0.000000000000000000 ) ) ;
#4903 = ORIENTED_EDGE ( 'NONE', *, *, #529, .F. ) ;
#4904 = ORIENTED_EDGE ( 'NONE', *, *, #5420, .T. ) ;
#4905 = LINE ( 'NONE', #6162, #5147 ) ;
#4906 = CARTESIAN_POINT ( 'NONE',  ( -35.50190273847695011, 8.444066441231665721, -1.000000000000000000 ) ) ;
#4907 = CARTESIAN_POINT ( 'NONE',  ( 21.50000000000000000, 16.85000000000000142, -5.000000000000000000 ) ) ;
#4908 = AXIS2_PLACEMENT_3D ( 'NONE', #5667, #2502, #1321 ) ;
#4909 = CARTESIAN_POINT ( 'NONE',  ( 13.39129341151854291, -27.00000000000000000, 7.000000000000000888 ) ) ;
#4910 = CARTESIAN_POINT ( 'NONE',  ( 20.72901885141144973, -19.00000000000003197, -1.000000000000000000 ) ) ;
#4911 = EDGE_LOOP ( 'NONE', ( #5194, #2608, #359, #6378 ) ) ;
#4912 = EDGE_CURVE ( 'NONE', #733, #6522, #5315, .T. ) ;
#4913 = VERTEX_POINT ( 'NONE', #4054 ) ;
#4914 = DIRECTION ( 'NONE',  ( -0.000000000000000000, 0.000000000000000000, 1.000000000000000000 ) ) ;
#4915 = AXIS2_PLACEMENT_3D ( 'NONE', #4275, #3505, #3671 ) ;
#4916 = ORIENTED_EDGE ( 'NONE', *, *, #3866, .F. ) ;
#4917 = EDGE_LOOP ( 'NONE', ( #3264, #5395, #1437, #5175 ) ) ;
#4918 = LINE ( 'NONE', #7387, #6327 ) ;
#4919 = EDGE_CURVE ( 'NONE', #6531, #4261, #241, .T. ) ;
#4920 = ORIENTED_EDGE ( 'NONE', *, *, #2375, .T. ) ;
#4921 = ORIENTED_EDGE ( 'NONE', *, *, #922, .T. ) ;
#4922 = DIRECTION ( 'NONE',  ( -0.000000000000000000, -0.000000000000000000, -1.000000000000000000 ) ) ;
#4923 = CARTESIAN_POINT ( 'NONE',  ( 10.39129341151854469, -24.00000000000000000, 6.999999999999999112 ) ) ;
#4924 = ORIENTED_EDGE ( 'NONE', *, *, #7263, .F. ) ;
#4925 = DIRECTION ( 'NONE',  ( -1.000000000000000000, 0.000000000000000000, 0.000000000000000000 ) ) ;
#4926 = LINE ( 'NONE', #1837, #6514 ) ;
#4927 = CARTESIAN_POINT ( 'NONE',  ( 16.00000000000000000, 16.85000000000000142, -7.000000000000000000 ) ) ;
#4928 = ADVANCED_FACE ( 'NONE', ( #972 ), #2187, .F. ) ;
#4929 = EDGE_CURVE ( 'NONE', #3910, #1571, #2924, .T. ) ;
#4930 = CARTESIAN_POINT ( 'NONE',  ( -22.55000000000000071, 16.85000000000000142, -1.000000000000000000 ) ) ;
#4931 = ORIENTED_EDGE ( 'NONE', *, *, #6680, .T. ) ;
#4932 = CARTESIAN_POINT ( 'NONE',  ( -10.39129341151836705, -24.00000000000000000, 6.999999999999999112 ) ) ;
#4933 = CARTESIAN_POINT ( 'NONE',  ( 17.00000000000000000, -35.99427459992278244, 6.999999999999999112 ) ) ;
#4934 = CARTESIAN_POINT ( 'NONE',  ( 40.14487539711818442, -46.62269074732327567, -3.999999999999998224 ) ) ;
#4935 = CIRCLE ( 'NONE', #5587, 4.000000000000000000 ) ;
#4936 = FACE_OUTER_BOUND ( 'NONE', #5065, .T. ) ;
#4937 = CARTESIAN_POINT ( 'NONE',  ( 6.605095560780593900, 24.13373567319981561, -5.500000000000000000 ) ) ;
#4938 = VERTEX_POINT ( 'NONE', #2146 ) ;
#4939 = DIRECTION ( 'NONE',  ( 1.000000000000000000, 0.000000000000000000, 0.000000000000000000 ) ) ;
#4940 = EDGE_LOOP ( 'NONE', ( #5652, #3098, #61, #811, #1495, #5669, #1668, #3443 ) ) ;
#4941 = ORIENTED_EDGE ( 'NONE', *, *, #689, .F. ) ;
#4942 = CIRCLE ( 'NONE', #1956, 0.5000000000000004441 ) ;
#4943 = DIRECTION ( 'NONE',  ( -0.000000000000000000, -0.000000000000000000, -1.000000000000000000 ) ) ;
#4944 = DIRECTION ( 'NONE',  ( -0.000000000000000000, -0.000000000000000000, -1.000000000000000000 ) ) ;
#4945 = DIRECTION ( 'NONE',  ( 0.000000000000000000, 0.000000000000000000, 1.000000000000000000 ) ) ;
#4946 = EDGE_CURVE ( 'NONE', #6495, #3014, #932, .T. ) ;
#4947 = DIRECTION ( 'NONE',  ( -1.000000000000000000, 0.000000000000000000, 0.000000000000000000 ) ) ;
#4948 = CARTESIAN_POINT ( 'NONE',  ( 8.000000000000000000, -24.00000000000000000, -7.000000000000000000 ) ) ;
#4949 = VECTOR ( 'NONE', #6267, 1000.000000000000000 ) ;
#4950 = DIRECTION ( 'NONE',  ( 0.08715574274765502949, 0.9961946980917457672, -0.000000000000000000 ) ) ;
#4951 = CIRCLE ( 'NONE', #3901, 1.600000000000002531 ) ;
#4952 = EDGE_LOOP ( 'NONE', ( #2488, #7807 ) ) ;
#4953 = PLANE ( 'NONE',  #2267 ) ;
#4954 = ORIENTED_EDGE ( 'NONE', *, *, #3963, .T. ) ;
#4955 = VECTOR ( 'NONE', #6791, 1000.000000000000000 ) ;
#4956 = VECTOR ( 'NONE', #5462, 1000.000000000000000 ) ;
#4957 = ADVANCED_FACE ( 'NONE', ( #3417 ), #2846, .F. ) ;
#4958 = CARTESIAN_POINT ( 'NONE',  ( 12.38249950966049262, -48.99673741144775363, -5.407938684090396464 ) ) ;
#4959 = ORIENTED_EDGE ( 'NONE', *, *, #3761, .T. ) ;
#4960 = AXIS2_PLACEMENT_3D ( 'NONE', #1389, #6347, #2281 ) ;
#4961 = ORIENTED_EDGE ( 'NONE', *, *, #1002, .F. ) ;
#4962 = CARTESIAN_POINT ( 'NONE',  ( -26.00000000000000000, 9.999999999999998224, -3.999999999999999112 ) ) ;
#4963 = CARTESIAN_POINT ( 'NONE',  ( -19.33955556881019433, -28.43451699311989600, -7.000000000000000000 ) ) ;
#4964 = FACE_OUTER_BOUND ( 'NONE', #7605, .T. ) ;
#4965 = ADVANCED_FACE ( 'NONE', ( #401 ), #1535, .F. ) ;
#4966 = VERTEX_POINT ( 'NONE', #5397 ) ;
#4967 = DIRECTION ( 'NONE',  ( 1.000000000000000000, 0.000000000000000000, 0.000000000000000000 ) ) ;
#4968 = DIRECTION ( 'NONE',  ( 0.000000000000000000, 0.000000000000000000, 1.000000000000000000 ) ) ;
#4969 = CARTESIAN_POINT ( 'NONE',  ( -8.800279027554521960, -46.77445823437842876, -3.314771994399327681 ) ) ;
#4970 = CARTESIAN_POINT ( 'NONE',  ( -12.87642667779303984, -49.75846141610760043, -3.536229255323447784 ) ) ;
#4971 = EDGE_LOOP ( 'NONE', ( #1342, #1812, #6484, #4079 ) ) ;
#4972 = DIRECTION ( 'NONE',  ( -1.000000000000000000, 0.000000000000000000, 0.000000000000000000 ) ) ;
#4973 = LINE ( 'NONE', #1430, #6095 ) ;
#4974 = LINE ( 'NONE', #3159, #2158 ) ;
#4975 = EDGE_CURVE ( 'NONE', #1993, #4320, #1792, .T. ) ;
#4976 = EDGE_CURVE ( 'NONE', #5341, #5992, #3745, .T. ) ;
#4977 = CARTESIAN_POINT ( 'NONE',  ( -30.14487539711820929, 0.000000000000000000, -7.000000000000000000 ) ) ;
#4978 = EDGE_LOOP ( 'NONE', ( #1723, #1082, #126, #3230 ) ) ;
#4979 = FACE_OUTER_BOUND ( 'NONE', #1100, .T. ) ;
#4980 = ORIENTED_EDGE ( 'NONE', *, *, #1990, .T. ) ;
#4981 = VERTEX_POINT ( 'NONE', #7223 ) ;
#4982 = CARTESIAN_POINT ( 'NONE',  ( 6.999999999999998224, 5.849999999999911715, -9.650000000000000355 ) ) ;
#4983 = CARTESIAN_POINT ( 'NONE',  ( -17.00000000000000000, -24.00000000000002132, -7.000000000000000000 ) ) ;
#4984 = DIRECTION ( 'NONE',  ( -1.000000000000000000, 0.000000000000000000, 0.000000000000000000 ) ) ;
#4985 = FACE_BOUND ( 'NONE', #1177, .T. ) ;
#4986 = DIRECTION ( 'NONE',  ( 0.000000000000000000, -0.000000000000000000, 1.000000000000000000 ) ) ;
#4987 = DIRECTION ( 'NONE',  ( 0.000000000000000000, 0.000000000000000000, 1.000000000000000000 ) ) ;
#4988 = VECTOR ( 'NONE', #6007, 1000.000000000000000 ) ;
#4989 = CARTESIAN_POINT ( 'NONE',  ( 13.00000000000017586, -28.93902645193041323, -5.500000000000000000 ) ) ;
#4990 = EDGE_LOOP ( 'NONE', ( #4139, #1894, #4359, #5056, #1280, #519, #2444, #6862, #4708, #6681, #5790, #5146, #6702, #6525 ) ) ;
#4991 = LINE ( 'NONE', #193, #5524 ) ;
#4992 = EDGE_CURVE ( 'NONE', #2586, #4017, #638, .T. ) ;
#4993 = VERTEX_POINT ( 'NONE', #3977 ) ;
#4994 = VECTOR ( 'NONE', #6189, 1000.000000000000000 ) ;
#4995 = CIRCLE ( 'NONE', #4206, 5.500000000000000000 ) ;
#4996 = DIRECTION ( 'NONE',  ( 1.000000000000000000, 0.000000000000000000, 0.000000000000000000 ) ) ;
#4997 = VECTOR ( 'NONE', #6241, 1000.000000000000000 ) ;
#4998 = ORIENTED_EDGE ( 'NONE', *, *, #2937, .T. ) ;
#4999 = EDGE_CURVE ( 'NONE', #2520, #4370, #4664, .T. ) ;
#5000 = ORIENTED_EDGE ( 'NONE', *, *, #952, .T. ) ;
#5001 = CARTESIAN_POINT ( 'NONE',  ( -31.25537671716908150, -6.455175196550846373, -5.500000000000000000 ) ) ;
#5002 = VECTOR ( 'NONE', #4789, 1000.000000000000000 ) ;
#5003 = LINE ( 'NONE', #8002, #3382 ) ;
#5004 = DIRECTION ( 'NONE',  ( 0.000000000000000000, -1.000000000000000000, 0.000000000000000000 ) ) ;
#5005 = ORIENTED_EDGE ( 'NONE', *, *, #5258, .F. ) ;
#5006 = DIRECTION ( 'NONE',  ( -0.000000000000000000, -0.000000000000000000, 1.000000000000000000 ) ) ;
#5007 = CARTESIAN_POINT ( 'NONE',  ( 14.00000000000000000, -5.150000000000045652, -5.500000000000000000 ) ) ;
#5008 = DIRECTION ( 'NONE',  ( -1.000000000000000000, 0.000000000000000000, 0.000000000000000000 ) ) ;
#5009 = CARTESIAN_POINT ( 'NONE',  ( 9.450000000000585487, 19.24406644123204302, 64.09969851780280692 ) ) ;
#5010 = ADVANCED_FACE ( 'NONE', ( #4130 ), #2269, .F. ) ;
#5011 = EDGE_LOOP ( 'NONE', ( #477, #7436, #7326, #3102, #7944, #3698, #3555, #1502 ) ) ;
#5012 = AXIS2_PLACEMENT_3D ( 'NONE', #836, #3440, #1562 ) ;
#5013 = DIRECTION ( 'NONE',  ( 0.000000000000000000, 0.000000000000000000, 1.000000000000000000 ) ) ;
#5014 = CARTESIAN_POINT ( 'NONE',  ( -11.53333333333333499, -37.92185223922958670, -5.500000000000000000 ) ) ;
#5015 = CARTESIAN_POINT ( 'NONE',  ( -15.90000000000000036, -5.150000000000045652, -5.500000000000000000 ) ) ;
#5016 = CARTESIAN_POINT ( 'NONE',  ( 20.72901885141144973, -19.00000000000003197, -5.500000000000000000 ) ) ;
#5017 = AXIS2_PLACEMENT_3D ( 'NONE', #3118, #545, #5498 ) ;
#5018 = EDGE_CURVE ( 'NONE', #2643, #194, #5164, .T. ) ;
#5019 = ORIENTED_EDGE ( 'NONE', *, *, #830, .F. ) ;
#5020 = CARTESIAN_POINT ( 'NONE',  ( -23.63822295986635424, 8.444066441232072506, -4.000000000000000000 ) ) ;
#5021 = VERTEX_POINT ( 'NONE', #4091 ) ;
#5022 = EDGE_LOOP ( 'NONE', ( #4623, #7349, #4044, #4109, #1001, #6607, #4564, #3073, #2597, #8023, #6302, #968, #5874, #1913 ) ) ;
#5023 = VECTOR ( 'NONE', #1159, 1000.000000000000000 ) ;
#5024 = LINE ( 'NONE', #6853, #222 ) ;
#5025 = DIRECTION ( 'NONE',  ( 0.000000000000000000, 0.000000000000000000, 1.000000000000000000 ) ) ;
#5026 = CARTESIAN_POINT ( 'NONE',  ( 27.29659163829112245, -8.061623882891092663, -1.000000000000000000 ) ) ;
#5027 = VECTOR ( 'NONE', #4996, 1000.000000000000000 ) ;
#5028 = CYLINDRICAL_SURFACE ( 'NONE', #540, 5.500000000000000000 ) ;
#5029 = DIRECTION ( 'NONE',  ( -1.000000000000000000, 0.000000000000000000, 0.000000000000000000 ) ) ;
#5030 = DIRECTION ( 'NONE',  ( -0.000000000000000000, -0.000000000000000000, -1.000000000000000000 ) ) ;
#5031 = CARTESIAN_POINT ( 'NONE',  ( -23.63822295986635424, 8.444066441232072506, -4.000000000000000000 ) ) ;
#5032 = EDGE_CURVE ( 'NONE', #5380, #4938, #7237, .T. ) ;
#5033 = ORIENTED_EDGE ( 'NONE', *, *, #3432, .F. ) ;
#5034 = DIRECTION ( 'NONE',  ( -0.000000000000000000, -0.000000000000000000, -1.000000000000000000 ) ) ;
#5035 = VERTEX_POINT ( 'NONE', #891 ) ;
#5036 = AXIS2_PLACEMENT_3D ( 'NONE', #7844, #7369, #2293 ) ;
#5037 = CARTESIAN_POINT ( 'NONE',  ( -5.000000000000000888, 29.74406644123207144, 7.000000000000000000 ) ) ;
#5038 = AXIS2_PLACEMENT_3D ( 'NONE', #5412, #2411, #4886 ) ;
#5039 = ORIENTED_EDGE ( 'NONE', *, *, #7639, .F. ) ;
#5040 = VERTEX_POINT ( 'NONE', #2803 ) ;
#5041 = ORIENTED_EDGE ( 'NONE', *, *, #6959, .T. ) ;
#5042 = CARTESIAN_POINT ( 'NONE',  ( -8.000000000000000000, 23.34999999999998010, -7.000000000000000000 ) ) ;
#5043 = EDGE_CURVE ( 'NONE', #6515, #5903, #6005, .T. ) ;
#5044 = DIRECTION ( 'NONE',  ( 1.000000000000000000, 0.000000000000000000, 0.000000000000000000 ) ) ;
#5045 = CARTESIAN_POINT ( 'NONE',  ( 3.849999999999969003, -19.00000000000002132, 7.000000000000000000 ) ) ;
#5046 = FACE_OUTER_BOUND ( 'NONE', #6413, .T. ) ;
#5047 = DIRECTION ( 'NONE',  ( -0.000000000000000000, -0.000000000000000000, -1.000000000000000000 ) ) ;
#5048 = VERTEX_POINT ( 'NONE', #2353 ) ;
#5049 = FACE_OUTER_BOUND ( 'NONE', #5260, .T. ) ;
#5050 = DIRECTION ( 'NONE',  ( -1.000000000000000000, 0.000000000000000000, 0.000000000000000000 ) ) ;
#5051 = FACE_OUTER_BOUND ( 'NONE', #6983, .T. ) ;
#5052 = EDGE_CURVE ( 'NONE', #5188, #5531, #1786, .T. ) ;
#5053 = CARTESIAN_POINT ( 'NONE',  ( -11.00000000000000000, 5.849999999999910827, -9.650000000000000355 ) ) ;
#5054 = ORIENTED_EDGE ( 'NONE', *, *, #3511, .T. ) ;
#5055 = CARTESIAN_POINT ( 'NONE',  ( -13.00000000000000178, -43.22269074732326999, -7.000000000000000000 ) ) ;
#5056 = ORIENTED_EDGE ( 'NONE', *, *, #2788, .F. ) ;
#5057 = ORIENTED_EDGE ( 'NONE', *, *, #2994, .F. ) ;
#5058 = DIRECTION ( 'NONE',  ( -0.000000000000000000, -0.000000000000000000, 1.000000000000000000 ) ) ;
#5059 = DIRECTION ( 'NONE',  ( -0.000000000000000000, -0.000000000000000000, -1.000000000000000000 ) ) ;
#5060 = LINE ( 'NONE', #3917, #4499 ) ;
#5061 = EDGE_CURVE ( 'NONE', #3179, #2916, #7485, .T. ) ;
#5062 = CARTESIAN_POINT ( 'NONE',  ( 13.00000000000003553, -35.99427459992281797, -1.000000000000000000 ) ) ;
#5063 = CARTESIAN_POINT ( 'NONE',  ( 11.00000000000000000, 5.849999999999910827, -7.000000000000000000 ) ) ;
#5064 = FACE_OUTER_BOUND ( 'NONE', #4176, .T. ) ;
#5065 = EDGE_LOOP ( 'NONE', ( #712, #5165, #1965, #1496 ) ) ;
#5066 = PLANE ( 'NONE',  #7588 ) ;
#5067 = VECTOR ( 'NONE', #1624, 1000.000000000000000 ) ;
#5068 = ORIENTED_EDGE ( 'NONE', *, *, #356, .T. ) ;
#5069 = EDGE_CURVE ( 'NONE', #2025, #2063, #7734, .T. ) ;
#5070 = ADVANCED_FACE ( 'NONE', ( #655 ), #6134, .F. ) ;
#5071 = VECTOR ( 'NONE', #3978, 1000.000000000000000 ) ;
#5072 = DIRECTION ( 'NONE',  ( 0.000000000000000000, 0.000000000000000000, 1.000000000000000000 ) ) ;
#5073 = ORIENTED_EDGE ( 'NONE', *, *, #7535, .F. ) ;
#5074 = EDGE_LOOP ( 'NONE', ( #327, #2307, #144, #991 ) ) ;
#5075 = CIRCLE ( 'NONE', #4305, 2.000000000000000000 ) ;
#5076 = VECTOR ( 'NONE', #344, 1000.000000000000000 ) ;
#5077 = VERTEX_POINT ( 'NONE', #9 ) ;
#5078 = DIRECTION ( 'NONE',  ( 0.000000000000000000, 0.000000000000000000, -1.000000000000000000 ) ) ;
#5079 = CARTESIAN_POINT ( 'NONE',  ( -12.90000000000000036, 5.849999999999910827, -9.650000000000000355 ) ) ;
#5080 = VECTOR ( 'NONE', #1753, 1000.000000000000000 ) ;
#5081 = CARTESIAN_POINT ( 'NONE',  ( 3.305443769227939033, 19.24406644123204302, 6.455443769227840356 ) ) ;
#5082 = CARTESIAN_POINT ( 'NONE',  ( 10.50000000000000355, 16.85000000000000142, -7.000000000000000000 ) ) ;
#5083 = PLANE ( 'NONE',  #4960 ) ;
#5084 = EDGE_LOOP ( 'NONE', ( #6455, #3492, #6474, #4182 ) ) ;
#5085 = ADVANCED_FACE ( 'NONE', ( #4834 ), #4174, .F. ) ;
#5086 = DIRECTION ( 'NONE',  ( 0.6755902076156634628, -0.7372773368101210867, 0.000000000000000000 ) ) ;
#5087 = DIRECTION ( 'NONE',  ( -1.000000000000000000, 0.000000000000000000, 0.000000000000000000 ) ) ;
#5088 = DIRECTION ( 'NONE',  ( -0.000000000000000000, 0.000000000000000000, 1.000000000000000000 ) ) ;
#5089 = DIRECTION ( 'NONE',  ( -0.000000000000000000, -0.000000000000000000, -1.000000000000000000 ) ) ;
#5090 = ORIENTED_EDGE ( 'NONE', *, *, #2904, .T. ) ;
#5091 = ORIENTED_EDGE ( 'NONE', *, *, #5589, .F. ) ;
#5092 = DIRECTION ( 'NONE',  ( 8.673617379884027583E-16, 1.000000000000000000, 0.000000000000000000 ) ) ;
#5093 = EDGE_CURVE ( 'NONE', #1977, #3347, #5396, .T. ) ;
#5094 = ORIENTED_EDGE ( 'NONE', *, *, #2394, .F. ) ;
#5095 = DIRECTION ( 'NONE',  ( 0.000000000000000000, 1.000000000000000000, 0.000000000000000000 ) ) ;
#5096 = FACE_OUTER_BOUND ( 'NONE', #7935, .T. ) ;
#5097 = DIRECTION ( 'NONE',  ( -1.000000000000000000, 0.000000000000000000, -0.000000000000000000 ) ) ;
#5098 = DIRECTION ( 'NONE',  ( -1.000000000000000000, 0.000000000000000000, 0.000000000000000000 ) ) ;
#5099 = FACE_BOUND ( 'NONE', #3874, .T. ) ;
#5100 = CYLINDRICAL_SURFACE ( 'NONE', #4071, 2.000000000000001776 ) ;
#5101 = ORIENTED_EDGE ( 'NONE', *, *, #2209, .T. ) ;
#5102 = CARTESIAN_POINT ( 'NONE',  ( -13.00000000000000355, -56.22269074732326999, -5.500000000000000000 ) ) ;
#5103 = VERTEX_POINT ( 'NONE', #7304 ) ;
#5104 = EDGE_CURVE ( 'NONE', #4651, #4790, #4244, .T. ) ;
#5105 = AXIS2_PLACEMENT_3D ( 'NONE', #5237, #4666, #935 ) ;
#5106 = CARTESIAN_POINT ( 'NONE',  ( 9.450000000000585487, -11.73931215304559927, -1.000000000000000000 ) ) ;
#5107 = AXIS2_PLACEMENT_3D ( 'NONE', #1752, #2489, #7312 ) ;
#5108 = VERTEX_POINT ( 'NONE', #2519 ) ;
#5109 = ORIENTED_EDGE ( 'NONE', *, *, #1994, .T. ) ;
#5110 = EDGE_CURVE ( 'NONE', #254, #4066, #3220, .T. ) ;
#5111 = EDGE_CURVE ( 'NONE', #1096, #2983, #6059, .T. ) ;
#5112 = VECTOR ( 'NONE', #1446, 1000.000000000000000 ) ;
#5113 = CIRCLE ( 'NONE', #7826, 1.600000000000000755 ) ;
#5114 = EDGE_LOOP ( 'NONE', ( #5262, #4220, #4611, #2108 ) ) ;
#5115 = DIRECTION ( 'NONE',  ( 0.000000000000000000, -1.000000000000000000, 0.000000000000000000 ) ) ;
#5116 = CARTESIAN_POINT ( 'NONE',  ( -16.00000000000000000, 16.85000000000000142, -5.500000000000000000 ) ) ;
#5117 = AXIS2_PLACEMENT_3D ( 'NONE', #2857, #5862, #295 ) ;
#5118 = CARTESIAN_POINT ( 'NONE',  ( 8.000000000000000000, 37.74406644123207144, -4.000000000000000000 ) ) ;
#5119 = FACE_OUTER_BOUND ( 'NONE', #2898, .T. ) ;
#5120 = VECTOR ( 'NONE', #6215, 1000.000000000000000 ) ;
#5121 = EDGE_CURVE ( 'NONE', #5955, #697, #3103, .T. ) ;
#5122 = AXIS2_PLACEMENT_3D ( 'NONE', #2962, #5432, #4166 ) ;
#5123 = VERTEX_POINT ( 'NONE', #7995 ) ;
#5124 = AXIS2_PLACEMENT_3D ( 'NONE', #4055, #7705, #404 ) ;
#5125 = DIRECTION ( 'NONE',  ( 0.000000000000000000, -1.000000000000000000, 0.000000000000000000 ) ) ;
#5126 = DIRECTION ( 'NONE',  ( -0.000000000000000000, -0.000000000000000000, -1.000000000000000000 ) ) ;
#5127 = DIRECTION ( 'NONE',  ( 1.000000000000000000, 0.000000000000000000, 0.000000000000000000 ) ) ;
#5128 = AXIS2_PLACEMENT_3D ( 'NONE', #7012, #1599, #4693 ) ;
#5129 = CARTESIAN_POINT ( 'NONE',  ( 9.999999999999996447, -43.22269074732326999, 5.000000000000000000 ) ) ;
#5130 = ADVANCED_FACE ( 'NONE', ( #2479 ), #7429, .F. ) ;
#5131 = ORIENTED_EDGE ( 'NONE', *, *, #1026, .F. ) ;
#5132 = DIRECTION ( 'NONE',  ( -1.000000000000000000, 0.000000000000000000, 0.000000000000000000 ) ) ;
#5133 = VERTEX_POINT ( 'NONE', #4876 ) ;
#5134 = EDGE_LOOP ( 'NONE', ( #4165, #3948 ) ) ;
#5135 = LINE ( 'NONE', #264, #7353 ) ;
#5136 = PLANE ( 'NONE',  #4553 ) ;
#5137 = CARTESIAN_POINT ( 'NONE',  ( 8.816810140654567363, -46.79401660906226823, -4.725724910084466934 ) ) ;
#5138 = AXIS2_PLACEMENT_3D ( 'NONE', #7635, #5701, #138 ) ;
#5139 = DIRECTION ( 'NONE',  ( -0.000000000000000000, -0.000000000000000000, -1.000000000000000000 ) ) ;
#5140 = DIRECTION ( 'NONE',  ( 6.077688614525858123E-16, -1.000000000000000000, 0.000000000000000000 ) ) ;
#5141 = EDGE_CURVE ( 'NONE', #3006, #7814, #4918, .T. ) ;
#5142 = LINE ( 'NONE', #5718, #7867 ) ;
#5143 = EDGE_LOOP ( 'NONE', ( #7950, #4625, #6743, #2757 ) ) ;
#5145 = AXIS2_PLACEMENT_3D ( 'NONE', #6164, #685, #7982 ) ;
#5144 = DIRECTION ( 'NONE',  ( 0.000000000000000000, 0.000000000000000000, 1.000000000000000000 ) ) ;
#5146 = ORIENTED_EDGE ( 'NONE', *, *, #4654, .F. ) ;
#5147 = VECTOR ( 'NONE', #1896, 1000.000000000000000 ) ;
#5148 = AXIS2_PLACEMENT_3D ( 'NONE', #3616, #6090, #6658 ) ;
#5149 = CARTESIAN_POINT ( 'NONE',  ( 10.50000000000000355, 16.85000000000000142, -7.000000000000000000 ) ) ;
#5150 = EDGE_CURVE ( 'NONE', #2890, #651, #4263, .T. ) ;
#5151 = AXIS2_PLACEMENT_3D ( 'NONE', #6359, #185, #2588 ) ;
#5152 = ORIENTED_EDGE ( 'NONE', *, *, #7453, .T. ) ;
#5153 = CARTESIAN_POINT ( 'NONE',  ( -8.000000000000000000, 23.34999999999998010, -6.350000000000000533 ) ) ;
#5154 = ORIENTED_EDGE ( 'NONE', *, *, #1941, .T. ) ;
#5155 = CIRCLE ( 'NONE', #2827, 6.550000000000000711 ) ;
#5156 = ORIENTED_EDGE ( 'NONE', *, *, #1788, .F. ) ;
#5157 = ORIENTED_EDGE ( 'NONE', *, *, #4446, .F. ) ;
#5158 = AXIS2_PLACEMENT_3D ( 'NONE', #5737, #4514, #7671 ) ;
#5159 = DIRECTION ( 'NONE',  ( -1.000000000000000000, 0.000000000000000000, 0.000000000000000000 ) ) ;
#5160 = EDGE_CURVE ( 'NONE', #2173, #7390, #6742, .T. ) ;
#5161 = DIRECTION ( 'NONE',  ( -1.000000000000000000, 0.000000000000000000, 0.000000000000000000 ) ) ;
#5162 = FACE_OUTER_BOUND ( 'NONE', #1134, .T. ) ;
#5163 = DIRECTION ( 'NONE',  ( 0.000000000000000000, -1.000000000000000000, 0.000000000000000000 ) ) ;
#5164 = CIRCLE ( 'NONE', #7623, 4.000000000000000888 ) ;
#5165 = ORIENTED_EDGE ( 'NONE', *, *, #163, .T. ) ;
#5166 = DIRECTION ( 'NONE',  ( -1.000000000000000000, -1.734723475976807341E-16, 0.000000000000000000 ) ) ;
#5167 = CARTESIAN_POINT ( 'NONE',  ( -13.80000000000000071, -50.12269074732328278, -3.999999999999998224 ) ) ;
#5168 = CARTESIAN_POINT ( 'NONE',  ( 5.000000000000000888, 29.74406644123207144, -3.000000000000000000 ) ) ;
#5169 = ADVANCED_FACE ( 'NONE', ( #4307 ), #6785, .T. ) ;
#5170 = CARTESIAN_POINT ( 'NONE',  ( -13.00000000000000178, -43.22269074732326999, 5.000000000000000000 ) ) ;
#5171 = ORIENTED_EDGE ( 'NONE', *, *, #4716, .F. ) ;
#5172 = CARTESIAN_POINT ( 'NONE',  ( 8.000000000000000000, -41.00000000000000000, -5.500000000000000000 ) ) ;
#5173 = VERTEX_POINT ( 'NONE', #7546 ) ;
#5174 = CARTESIAN_POINT ( 'NONE',  ( 11.00000000000000355, -50.45110689472375043, -1.000000000000000000 ) ) ;
#5175 = ORIENTED_EDGE ( 'NONE', *, *, #2574, .F. ) ;
#5176 = ORIENTED_EDGE ( 'NONE', *, *, #731, .F. ) ;
#5177 = CARTESIAN_POINT ( 'NONE',  ( -17.00000000000000000, -34.86239308998524677, -7.000000000000000000 ) ) ;
#5178 = CARTESIAN_POINT ( 'NONE',  ( -8.817143096355369636, -46.79440332348143983, -4.726443695640344167 ) ) ;
#5179 = CARTESIAN_POINT ( 'NONE',  ( -9.449999999999359801, 19.24406644123204302, 64.09969851780280692 ) ) ;
#5180 = FACE_OUTER_BOUND ( 'NONE', #2264, .T. ) ;
#5181 = LINE ( 'NONE', #913, #2493 ) ;
#5182 = LINE ( 'NONE', #4416, #1744 ) ;
#5183 = ORIENTED_EDGE ( 'NONE', *, *, #3761, .F. ) ;
#5184 = DIRECTION ( 'NONE',  ( 0.000000000000000000, 0.000000000000000000, 1.000000000000000000 ) ) ;
#5185 = ORIENTED_EDGE ( 'NONE', *, *, #4172, .T. ) ;
#5186 = EDGE_CURVE ( 'NONE', #7130, #6331, #3851, .T. ) ;
#5187 = DIRECTION ( 'NONE',  ( -1.000000000000000000, 0.000000000000000000, 0.000000000000000000 ) ) ;
#5188 = VERTEX_POINT ( 'NONE', #3289 ) ;
#5189 = CARTESIAN_POINT ( 'NONE',  ( 12.89870828346177234, -49.82269074732327141, -3.999999999999998224 ) ) ;
#5190 = VERTEX_POINT ( 'NONE', #805 ) ;
#5191 = ORIENTED_EDGE ( 'NONE', *, *, #5408, .T. ) ;
#5192 = ADVANCED_FACE ( 'NONE', ( #2029 ), #6295, .F. ) ;
#5193 = AXIS2_PLACEMENT_3D ( 'NONE', #4594, #3385, #5856 ) ;
#5194 = ORIENTED_EDGE ( 'NONE', *, *, #7171, .F. ) ;
#5195 = DIRECTION ( 'NONE',  ( -1.000000000000000000, 0.000000000000000000, 0.000000000000000000 ) ) ;
#5196 = DIRECTION ( 'NONE',  ( -7.127781821258276232E-15, 1.000000000000000000, -0.000000000000000000 ) ) ;
#5197 = CARTESIAN_POINT ( 'NONE',  ( -27.25605529807277705, -19.00000000000001066, 64.09969851780280692 ) ) ;
#5198 = ORIENTED_EDGE ( 'NONE', *, *, #7342, .T. ) ;
#5199 = CARTESIAN_POINT ( 'NONE',  ( -12.00000000000000000, 23.34999999999998010, -7.000000000000000000 ) ) ;
#5200 = CIRCLE ( 'NONE', #1697, 2.000000000000000000 ) ;
#5201 = CIRCLE ( 'NONE', #399, 2.999999999999999112 ) ;
#5202 = EDGE_LOOP ( 'NONE', ( #5567, #963 ) ) ;
#5203 = EDGE_CURVE ( 'NONE', #4938, #270, #2601, .T. ) ;
#5204 = DIRECTION ( 'NONE',  ( 1.000000000000000000, 0.000000000000000000, 0.000000000000000000 ) ) ;
#5205 = DIRECTION ( 'NONE',  ( -0.000000000000000000, -0.000000000000000000, -1.000000000000000000 ) ) ;
#5206 = LINE ( 'NONE', #6918, #220 ) ;
#5207 = CIRCLE ( 'NONE', #923, 1.599999999999997202 ) ;
#5208 = CARTESIAN_POINT ( 'NONE',  ( 8.000000000000000000, 23.34999999999998010, -6.350000000000000533 ) ) ;
#5209 = DIRECTION ( 'NONE',  ( -1.000000000000000000, 0.000000000000000000, 0.000000000000000000 ) ) ;
#5210 = DIRECTION ( 'NONE',  ( -1.000000000000000000, 0.000000000000000000, 0.000000000000000000 ) ) ;
#5211 = ORIENTED_EDGE ( 'NONE', *, *, #6238, .F. ) ;
#5212 = B_SPLINE_CURVE_WITH_KNOTS ( 'NONE', 3,
 ( #3096, #7425, #1299, #6257, #6900, #5606 ),
 .UNSPECIFIED., .F., .F.,
 ( 4, 2, 4 ),
 ( 0.000000000000000000, 0.001400407917349650016, 0.002800815834699300032 ),
 .UNSPECIFIED. ) ;
#5213 = AXIS2_PLACEMENT_3D ( 'NONE', #1797, #4844, #5450 ) ;
#5214 = ORIENTED_EDGE ( 'NONE', *, *, #987, .T. ) ;
#5215 = EDGE_CURVE ( 'NONE', #1809, #1143, #4425, .T. ) ;
#5216 = ADVANCED_FACE ( 'NONE', ( #5648 ), #1339, .F. ) ;
#5217 = DIRECTION ( 'NONE',  ( -1.000000000000000000, -1.734723475976807587E-16, -0.000000000000000000 ) ) ;
#5218 = CARTESIAN_POINT ( 'NONE',  ( -8.676806735756560585, -46.62269074732328988, -3.999999999999998224 ) ) ;
#5219 = DIRECTION ( 'NONE',  ( 0.000000000000000000, 1.000000000000000000, 0.000000000000000000 ) ) ;
#5220 = CARTESIAN_POINT ( 'NONE',  ( -27.25605529807277705, -19.00000000000001066, -5.500000000000000000 ) ) ;
#5221 = CARTESIAN_POINT ( 'NONE',  ( 9.099999999999997868, 5.849999999999910827, -6.350000000000000533 ) ) ;
#5222 = DIRECTION ( 'NONE',  ( 1.000000000000000000, 0.000000000000000000, 0.000000000000000000 ) ) ;
#5223 = EDGE_LOOP ( 'NONE', ( #4169, #127 ) ) ;
#5224 = CARTESIAN_POINT ( 'NONE',  ( 11.00000000000000533, -56.22269074732326999, -1.000000000000000000 ) ) ;
#5225 = ORIENTED_EDGE ( 'NONE', *, *, #6170, .F. ) ;
#5226 = CARTESIAN_POINT ( 'NONE',  ( 5.000000000000000888, 29.74406644123207144, 7.000000000000000000 ) ) ;
#5227 = EDGE_LOOP ( 'NONE', ( #3286, #1360, #7587, #3696, #223, #2389, #2048, #6433, #1811, #7239, #1738, #3367, #1039, #5578, #3535, #1532, #5000, #5470, #7765, #8004 ) ) ;
#5228 = DIRECTION ( 'NONE',  ( 0.000000000000000000, 1.000000000000000000, 0.000000000000000000 ) ) ;
#5229 = EDGE_CURVE ( 'NONE', #4847, #6829, #7998, .T. ) ;
#5230 = ORIENTED_EDGE ( 'NONE', *, *, #4087, .F. ) ;
#5231 = EDGE_LOOP ( 'NONE', ( #182, #1785, #102, #5033 ) ) ;
#5232 = VERTEX_POINT ( 'NONE', #5804 ) ;
#5233 = DIRECTION ( 'NONE',  ( 0.000000000000000000, -1.000000000000000000, 0.000000000000000000 ) ) ;
#5234 = DIRECTION ( 'NONE',  ( -0.000000000000000000, -0.000000000000000000, 1.000000000000000000 ) ) ;
#5235 = EDGE_CURVE ( 'NONE', #5380, #6222, #6452, .T. ) ;
#5236 = ORIENTED_EDGE ( 'NONE', *, *, #3469, .T. ) ;
#5237 = CARTESIAN_POINT ( 'NONE',  ( -11.00000000000000355, -50.45110689472375043, -5.500000000000000000 ) ) ;
#5238 = ORIENTED_EDGE ( 'NONE', *, *, #8020, .T. ) ;
#5239 = AXIS2_PLACEMENT_3D ( 'NONE', #1497, #3933, #7062 ) ;
#5240 = CARTESIAN_POINT ( 'NONE',  ( -5.933350533826674322, 24.22277336810118342, 6.999999999999999112 ) ) ;
#5241 = DIRECTION ( 'NONE',  ( 0.000000000000000000, 0.000000000000000000, 1.000000000000000000 ) ) ;
#5242 = CARTESIAN_POINT ( 'NONE',  ( 5.000000000000000888, 29.74406644123207144, -4.000000000000000000 ) ) ;
#5243 = DIRECTION ( 'NONE',  ( 0.000000000000000000, 0.000000000000000000, -1.000000000000000000 ) ) ;
#5244 = CIRCLE ( 'NONE', #1362, 1.599999999999999867 ) ;
#5245 = CARTESIAN_POINT ( 'NONE',  ( 12.00000000000000000, 23.34999999999998010, -9.650000000000000355 ) ) ;
#5246 = EDGE_CURVE ( 'NONE', #484, #6967, #4461, .T. ) ;
#5247 = CIRCLE ( 'NONE', #4466, 4.000000000000000000 ) ;
#5248 = FACE_OUTER_BOUND ( 'NONE', #1162, .T. ) ;
#5249 = VECTOR ( 'NONE', #5698, 1000.000000000000000 ) ;
#5250 = EDGE_LOOP ( 'NONE', ( #7700, #7209, #1262, #2311 ) ) ;
#5251 = EDGE_LOOP ( 'NONE', ( #1522, #6385 ) ) ;
#5252 = LINE ( 'NONE', #4032, #210 ) ;
#5253 = CYLINDRICAL_SURFACE ( 'NONE', #778, 2.000000000000000000 ) ;
#5254 = CARTESIAN_POINT ( 'NONE',  ( -9.899999999999998579, 23.34999999999998010, -6.350000000000000533 ) ) ;
#5255 = VECTOR ( 'NONE', #4300, 1000.000000000000000 ) ;
#5256 = PLANE ( 'NONE',  #2351 ) ;
#5257 = CARTESIAN_POINT ( 'NONE',  ( 13.00000000000000355, -48.72269074732326288, -5.500000000000000000 ) ) ;
#5258 = EDGE_CURVE ( 'NONE', #6161, #2584, #2950, .T. ) ;
#5259 = B_SPLINE_CURVE_WITH_KNOTS ( 'NONE', 3,
 ( #3996, #1478, #7534, #1982, #7686, #2667, #187, #5137, #793, #2093, #6441, #6970, #2128, #5793 ),
 .UNSPECIFIED., .F., .F.,
 ( 4, 2, 2, 2, 2, 2, 4 ),
 ( 3.878959614448864246E-18, 0.0005722894978506980809, 0.001144578995701392259, 0.001430723744626732517, 0.001716868493552072775, 0.002003013242477412817, 0.002289157991402753292 ),
 .UNSPECIFIED. ) ;
#5260 = EDGE_LOOP ( 'NONE', ( #3818, #2481, #6298, #7041 ) ) ;
#5261 = CARTESIAN_POINT ( 'NONE',  ( 13.00000000000000178, -43.22269074732326999, -1.000000000000000000 ) ) ;
#5262 = ORIENTED_EDGE ( 'NONE', *, *, #2290, .F. ) ;
#5263 = VERTEX_POINT ( 'NONE', #5725 ) ;
#5264 = PLANE ( 'NONE',  #6577 ) ;
#5265 = EDGE_CURVE ( 'NONE', #4981, #4338, #7622, .T. ) ;
#5266 = ADVANCED_FACE ( 'NONE', ( #165 ), #2641, .F. ) ;
#5267 = CIRCLE ( 'NONE', #995, 1.900000000000000577 ) ;
#5268 = EDGE_LOOP ( 'NONE', ( #5225, #7989, #7774, #2970 ) ) ;
#5269 = DIRECTION ( 'NONE',  ( 1.000000000000000000, 0.000000000000000000, 0.000000000000000000 ) ) ;
#5270 = ORIENTED_EDGE ( 'NONE', *, *, #6508, .F. ) ;
#5271 = VECTOR ( 'NONE', #2653, 1000.000000000000000 ) ;
#5272 = VERTEX_POINT ( 'NONE', #2564 ) ;
#5273 = ORIENTED_EDGE ( 'NONE', *, *, #3488, .F. ) ;
#5274 = CIRCLE ( 'NONE', #3339, 4.000000000000000888 ) ;
#5275 = CARTESIAN_POINT ( 'NONE',  ( -8.000000000000000000, 29.74406644123207144, -3.000000000000000000 ) ) ;
#5276 = DIRECTION ( 'NONE',  ( -0.000000000000000000, -0.000000000000000000, 1.000000000000000000 ) ) ;
#5277 = AXIS2_PLACEMENT_3D ( 'NONE', #6939, #5072, #1991 ) ;
#5278 = LINE ( 'NONE', #7822, #7446 ) ;
#5279 = ORIENTED_EDGE ( 'NONE', *, *, #6760, .F. ) ;
#5280 = VECTOR ( 'NONE', #260, 1000.000000000000000 ) ;
#5281 = DIRECTION ( 'NONE',  ( -0.000000000000000000, -0.000000000000000000, -1.000000000000000000 ) ) ;
#5282 = DIRECTION ( 'NONE',  ( -0.000000000000000000, -0.000000000000000000, 1.000000000000000000 ) ) ;
#5283 = ADVANCED_FACE ( 'NONE', ( #6408 ), #3777, .F. ) ;
#5284 = DIRECTION ( 'NONE',  ( 3.083923978207811463E-16, -1.000000000000000000, 0.000000000000000000 ) ) ;
#5285 = EDGE_CURVE ( 'NONE', #5543, #3179, #2065, .T. ) ;
#5286 = ORIENTED_EDGE ( 'NONE', *, *, #7397, .F. ) ;
#5287 = CARTESIAN_POINT ( 'NONE',  ( -7.950000000000000178, 24.24406644123207499, -5.500000000000000000 ) ) ;
#5288 = CARTESIAN_POINT ( 'NONE',  ( -9.600000000000003197, 23.34999999999998010, 7.000000000000000888 ) ) ;
#5289 = FACE_OUTER_BOUND ( 'NONE', #1093, .T. ) ;
#5290 = VECTOR ( 'NONE', #1154, 1000.000000000000000 ) ;
#5291 = EDGE_LOOP ( 'NONE', ( #5520, #5415, #2942, #4875 ) ) ;
#5292 = ORIENTED_EDGE ( 'NONE', *, *, #2844, .F. ) ;
#5293 = CARTESIAN_POINT ( 'NONE',  ( 22.55000000000000071, 16.85000000000000142, -5.000000000000000000 ) ) ;
#5294 = CARTESIAN_POINT ( 'NONE',  ( -9.606073076949639855, -47.55476050570073454, -5.458741453589167847 ) ) ;
#5295 = CYLINDRICAL_SURFACE ( 'NONE', #2284, 1.999999999999999112 ) ;
#5296 = ADVANCED_FACE ( 'NONE', ( #1453, #4539 ), #1952, .T. ) ;
#5297 = CARTESIAN_POINT ( 'NONE',  ( 3.849999999999968114, -21.00000000000001776, 7.000000000000000000 ) ) ;
#5298 = CYLINDRICAL_SURFACE ( 'NONE', #2218, 2.000000000000000000 ) ;
#5299 = DIRECTION ( 'NONE',  ( 0.000000000000000000, 0.000000000000000000, 1.000000000000000000 ) ) ;
#5300 = VERTEX_POINT ( 'NONE', #1416 ) ;
#5301 = LINE ( 'NONE', #7729, #990 ) ;
#5302 = ORIENTED_EDGE ( 'NONE', *, *, #1178, .T. ) ;
#5303 = ORIENTED_EDGE ( 'NONE', *, *, #3554, .F. ) ;
#5304 = FACE_OUTER_BOUND ( 'NONE', #3871, .T. ) ;
#5305 = ADVANCED_FACE ( 'NONE', ( #3887 ), #6372, .T. ) ;
#5306 = CARTESIAN_POINT ( 'NONE',  ( 16.00000000000000000, 16.85000000000000142, -5.000000000000000000 ) ) ;
#5307 = ORIENTED_EDGE ( 'NONE', *, *, #2958, .F. ) ;
#5308 = LINE ( 'NONE', #3373, #2249 ) ;
#5309 = ORIENTED_EDGE ( 'NONE', *, *, #2517, .T. ) ;
#5310 = VERTEX_POINT ( 'NONE', #7810 ) ;
#5311 = EDGE_CURVE ( 'NONE', #2983, #4847, #1045, .T. ) ;
#5312 = EDGE_CURVE ( 'NONE', #896, #3466, #4898, .T. ) ;
#5313 = VERTEX_POINT ( 'NONE', #3487 ) ;
#5314 = AXIS2_PLACEMENT_3D ( 'NONE', #1760, #1203, #7967 ) ;
#5315 = LINE ( 'NONE', #6535, #1654 ) ;
#5316 = CARTESIAN_POINT ( 'NONE',  ( -20.72901885141141420, -19.00000000000001066, -1.000000000000000000 ) ) ;
#5317 = CARTESIAN_POINT ( 'NONE',  ( -2.081668171172168513E-14, -11.73931215304559927, -1.000000000000000000 ) ) ;
#5318 = AXIS2_PLACEMENT_3D ( 'NONE', #5615, #1229, #53 ) ;
#5319 = ORIENTED_EDGE ( 'NONE', *, *, #2366, .F. ) ;
#5320 = LINE ( 'NONE', #4671, #7855 ) ;
#5321 = CARTESIAN_POINT ( 'NONE',  ( 17.00000000000000000, -31.22269074732326288, 7.000000000000000000 ) ) ;
#5322 = CYLINDRICAL_SURFACE ( 'NONE', #7585, 2.000000000000001776 ) ;
#5323 = ORIENTED_EDGE ( 'NONE', *, *, #7834, .T. ) ;
#5324 = CARTESIAN_POINT ( 'NONE',  ( -7.500000000000003553, -43.22269074732326999, -1.000000000000000000 ) ) ;
#5325 = CIRCLE ( 'NONE', #2090, 4.000000000000000000 ) ;
#5326 = DIRECTION ( 'NONE',  ( 0.000000000000000000, 1.000000000000000000, -0.000000000000000000 ) ) ;
#5327 = AXIS2_PLACEMENT_3D ( 'NONE', #7500, #1942, #5598 ) ;
#5328 = CARTESIAN_POINT ( 'NONE',  ( 37.80531982830802207, -6.427876096865348998, -7.000000000000000000 ) ) ;
#5329 = ADVANCED_FACE ( 'NONE', ( #310 ), #2137, .F. ) ;
#5330 = EDGE_LOOP ( 'NONE', ( #7674, #6143, #3574, #215 ) ) ;
#5331 = VECTOR ( 'NONE', #5550, 1000.000000000000000 ) ;
#5332 = DIRECTION ( 'NONE',  ( -0.000000000000000000, -0.000000000000000000, 1.000000000000000000 ) ) ;
#5333 = CARTESIAN_POINT ( 'NONE',  ( -6.100000000000000533, 23.34999999999998010, -6.350000000000000533 ) ) ;
#5334 = CYLINDRICAL_SURFACE ( 'NONE', #6193, 4.000000000000000888 ) ;
#5335 = CARTESIAN_POINT ( 'NONE',  ( 14.00000000000000000, -24.00000000000002132, -9.650000000000000355 ) ) ;
#5336 = CARTESIAN_POINT ( 'NONE',  ( 16.00000000000000000, -43.22269074732326999, -3.000000000000000000 ) ) ;
#5337 = CIRCLE ( 'NONE', #3530, 1.900000000000000577 ) ;
#5338 = EDGE_CURVE ( 'NONE', #2973, #1341, #4507, .T. ) ;
#5339 = ORIENTED_EDGE ( 'NONE', *, *, #4768, .F. ) ;
#5340 = CARTESIAN_POINT ( 'NONE',  ( -8.723809523809036293, 21.92308031997473705, 7.000000000000000888 ) ) ;
#5341 = VERTEX_POINT ( 'NONE', #7772 ) ;
#5342 = EDGE_LOOP ( 'NONE', ( #3210, #309, #1012, #3753 ) ) ;
#5343 = CARTESIAN_POINT ( 'NONE',  ( -30.14487539711820929, 0.000000000000000000, -7.000000000000000000 ) ) ;
#5344 = DIRECTION ( 'NONE',  ( 0.000000000000000000, 0.000000000000000000, 1.000000000000000000 ) ) ;
#5345 = ORIENTED_EDGE ( 'NONE', *, *, #3301, .F. ) ;
#5346 = FACE_OUTER_BOUND ( 'NONE', #3293, .T. ) ;
#5347 = ADVANCED_FACE ( 'NONE', ( #5960 ), #5264, .F. ) ;
#5348 = EDGE_LOOP ( 'NONE', ( #3617, #2953, #479, #5633, #5945 ) ) ;
#5349 = CARTESIAN_POINT ( 'NONE',  ( 21.50000000000000000, 7.849999999999999645, -9.650000000000000355 ) ) ;
#5350 = EDGE_LOOP ( 'NONE', ( #7627, #5273, #7695, #906 ) ) ;
#5351 = EDGE_LOOP ( 'NONE', ( #2221, #7383 ) ) ;
#5352 = DIRECTION ( 'NONE',  ( 1.000000000000000000, 0.000000000000000000, 0.000000000000000000 ) ) ;
#5353 = EDGE_CURVE ( 'NONE', #3722, #297, #2179, .T. ) ;
#5354 = ADVANCED_FACE ( 'NONE', ( #4656 ), #430, .F. ) ;
#5355 = ORIENTED_EDGE ( 'NONE', *, *, #1834, .T. ) ;
#5356 = DIRECTION ( 'NONE',  ( 0.000000000000000000, 0.000000000000000000, 1.000000000000000000 ) ) ;
#5357 = PLANE ( 'NONE',  #970 ) ;
#5358 = ORIENTED_EDGE ( 'NONE', *, *, #3362, .T. ) ;
#5359 = CARTESIAN_POINT ( 'NONE',  ( 7.950000000000000178, 24.24406644123207499, -5.500000000000000000 ) ) ;
#5360 = CARTESIAN_POINT ( 'NONE',  ( -25.49999999999994671, 7.850000000000004974, -9.650000000000000355 ) ) ;
#5361 = DIRECTION ( 'NONE',  ( -0.000000000000000000, -1.000000000000000000, -0.000000000000000000 ) ) ;
#5362 = VERTEX_POINT ( 'NONE', #1009 ) ;
#5363 = CARTESIAN_POINT ( 'NONE',  ( 9.099999999999997868, 5.849999999999910827, -9.650000000000000355 ) ) ;
#5364 = DIRECTION ( 'NONE',  ( 0.000000000000000000, 0.000000000000000000, -1.000000000000000000 ) ) ;
#5365 = EDGE_CURVE ( 'NONE', #2584, #1801, #3410, .T. ) ;
#5366 = FACE_OUTER_BOUND ( 'NONE', #7430, .T. ) ;
#5367 = VECTOR ( 'NONE', #474, 1000.000000000000000 ) ;
#5368 = VERTEX_POINT ( 'NONE', #7213 ) ;
#5369 = CARTESIAN_POINT ( 'NONE',  ( -28.82868052452909424, -9.347199102264276860, -1.000000000000000000 ) ) ;
#5370 = CARTESIAN_POINT ( 'NONE',  ( -8.000000000000000000, 37.74406644123207144, -7.000000000000000000 ) ) ;
#5371 = DIRECTION ( 'NONE',  ( 0.000000000000000000, 0.000000000000000000, -1.000000000000000000 ) ) ;
#5372 = CIRCLE ( 'NONE', #1881, 2.000000000000000000 ) ;
#5373 = CARTESIAN_POINT ( 'NONE',  ( 3.305443769227939033, 21.24406644123204302, 6.455443769227840356 ) ) ;
#5374 = DIRECTION ( 'NONE',  ( 0.000000000000000000, 0.000000000000000000, 1.000000000000000000 ) ) ;
#5375 = AXIS2_PLACEMENT_3D ( 'NONE', #6512, #7837, #7116 ) ;
#5376 = VERTEX_POINT ( 'NONE', #7658 ) ;
#5377 = DIRECTION ( 'NONE',  ( 0.000000000000000000, 0.000000000000000000, 1.000000000000000000 ) ) ;
#5378 = VERTEX_POINT ( 'NONE', #7095 ) ;
#5379 = CIRCLE ( 'NONE', #1755, 1.899999999999999023 ) ;
#5380 = VERTEX_POINT ( 'NONE', #3965 ) ;
#5381 = DIRECTION ( 'NONE',  ( 1.000000000000000000, -1.734723475976807341E-16, -0.000000000000000000 ) ) ;
#5382 = DIRECTION ( 'NONE',  ( -0.000000000000000000, -0.000000000000000000, 1.000000000000000000 ) ) ;
#5383 = AXIS2_PLACEMENT_3D ( 'NONE', #7182, #6464, #6584 ) ;
#5384 = AXIS2_PLACEMENT_3D ( 'NONE', #3869, #4443, #782 ) ;
#5385 = ADVANCED_FACE ( 'NONE', ( #5876 ), #4579, .F. ) ;
#5386 = EDGE_CURVE ( 'NONE', #6374, #3325, #620, .T. ) ;
#5387 = CARTESIAN_POINT ( 'NONE',  ( -7.949999999999998401, 16.85000000000000142, -5.500000000000000000 ) ) ;
#5388 = CARTESIAN_POINT ( 'NONE',  ( -7.950000000000000178, 24.24406644123207499, -5.500000000000000000 ) ) ;
#5389 = ORIENTED_EDGE ( 'NONE', *, *, #4716, .T. ) ;
#5390 = DIRECTION ( 'NONE',  ( 0.000000000000000000, -1.000000000000000000, 0.000000000000000000 ) ) ;
#5391 = ORIENTED_EDGE ( 'NONE', *, *, #1407, .F. ) ;
#5392 = AXIS2_PLACEMENT_3D ( 'NONE', #3433, #1717, #339 ) ;
#5393 = ADVANCED_FACE ( 'NONE', ( #2877 ), #354, .F. ) ;
#5394 = VECTOR ( 'NONE', #625, 1000.000000000000000 ) ;
#5395 = ORIENTED_EDGE ( 'NONE', *, *, #634, .F. ) ;
#5396 = B_SPLINE_CURVE_WITH_KNOTS ( 'NONE', 3,
 ( #6179, #1140, #3699, #5570, #7948, #1864, #4342, #4958, #617, #1700 ),
 .UNSPECIFIED., .F., .F.,
 ( 4, 2, 2, 2, 4 ),
 ( 0.002805527810522344487, 0.003349945832067883350, 0.003894363853613421779, 0.004438781875158960208, 0.004983199896704499504 ),
 .UNSPECIFIED. ) ;
#5397 = CARTESIAN_POINT ( 'NONE',  ( -3.000000000000000000, 29.74406644123207144, -3.000000000000000000 ) ) ;
#5398 = CIRCLE ( 'NONE', #6443, 8.049999999999945643 ) ;
#5399 = VERTEX_POINT ( 'NONE', #2839 ) ;
#5400 = LINE ( 'NONE', #1058, #4988 ) ;
#5401 = CARTESIAN_POINT ( 'NONE',  ( 13.80000000000000071, -48.22269074732328420, -3.999999999999998224 ) ) ;
#5402 = CIRCLE ( 'NONE', #1509, 0.5000000000000004441 ) ;
#5403 = EDGE_LOOP ( 'NONE', ( #7818, #3369 ) ) ;
#5404 = AXIS2_PLACEMENT_3D ( 'NONE', #1566, #7132, #959 ) ;
#5405 = DIRECTION ( 'NONE',  ( 1.000000000000000000, 0.000000000000000000, 0.000000000000000000 ) ) ;
#5406 = CARTESIAN_POINT ( 'NONE',  ( -12.59270366868831914, -49.23924117148892066, -5.238192342817623803 ) ) ;
#5407 = FACE_OUTER_BOUND ( 'NONE', #1249, .T. ) ;
#5408 = EDGE_CURVE ( 'NONE', #7997, #6807, #225, .T. ) ;
#5409 = ORIENTED_EDGE ( 'NONE', *, *, #5544, .F. ) ;
#5410 = AXIS2_PLACEMENT_3D ( 'NONE', #3572, #6220, #3056 ) ;
#5411 = LINE ( 'NONE', #8007, #3792 ) ;
#5412 = CARTESIAN_POINT ( 'NONE',  ( -16.00000000000000000, 16.85000000000000142, -5.500000000000000000 ) ) ;
#5413 = FACE_OUTER_BOUND ( 'NONE', #7068, .T. ) ;
#5414 = VECTOR ( 'NONE', #4064, 1000.000000000000000 ) ;
#5415 = ORIENTED_EDGE ( 'NONE', *, *, #250, .F. ) ;
#5416 = CARTESIAN_POINT ( 'NONE',  ( -22.25590207615680427, 24.24406644123207499, -4.000000000000000000 ) ) ;
#5417 = DIRECTION ( 'NONE',  ( 0.000000000000000000, 0.000000000000000000, 1.000000000000000000 ) ) ;
#5418 = LINE ( 'NONE', #7886, #2808 ) ;
#5419 = ADVANCED_FACE ( 'NONE', ( #276 ), #2756, .F. ) ;
#5420 = EDGE_CURVE ( 'NONE', #5964, #297, #7694, .T. ) ;
#5421 = VECTOR ( 'NONE', #4104, 1000.000000000000000 ) ;
#5422 = DIRECTION ( 'NONE',  ( -0.000000000000000000, -0.000000000000000000, -1.000000000000000000 ) ) ;
#5423 = DIRECTION ( 'NONE',  ( -0.6427876096865351441, 0.7660444431189815662, 0.000000000000000000 ) ) ;
#5424 = ORIENTED_EDGE ( 'NONE', *, *, #6908, .F. ) ;
#5425 = CARTESIAN_POINT ( 'NONE',  ( 9.399999999999996803, 5.849999999999910827, -6.349999999999999645 ) ) ;
#5426 = VERTEX_POINT ( 'NONE', #3732 ) ;
#5427 = VERTEX_POINT ( 'NONE', #2385 ) ;
#5428 = DIRECTION ( 'NONE',  ( 1.000000000000000000, 0.000000000000000000, 0.000000000000000000 ) ) ;
#5429 = CARTESIAN_POINT ( 'NONE',  ( -13.00000000000000178, -43.22269074732326999, -7.000000000000000000 ) ) ;
#5430 = CARTESIAN_POINT ( 'NONE',  ( -14.99999999999999467, -59.22269074732326999, 7.000000000000000000 ) ) ;
#5431 = DIRECTION ( 'NONE',  ( -1.000000000000000000, 0.000000000000000000, 0.000000000000000000 ) ) ;
#5432 = DIRECTION ( 'NONE',  ( -1.000000000000000000, 0.000000000000000000, -0.000000000000000000 ) ) ;
#5433 = ORIENTED_EDGE ( 'NONE', *, *, #6135, .T. ) ;
#5434 = LINE ( 'NONE', #6694, #4475 ) ;
#5435 = ADVANCED_FACE ( 'NONE', ( #4294 ), #1730, .F. ) ;
#5436 = ORIENTED_EDGE ( 'NONE', *, *, #6368, .T. ) ;
#5437 = ORIENTED_EDGE ( 'NONE', *, *, #5463, .T. ) ;
#5438 = DIRECTION ( 'NONE',  ( 0.000000000000000000, -1.000000000000000000, 0.000000000000000000 ) ) ;
#5439 = VERTEX_POINT ( 'NONE', #3606 ) ;
#5440 = EDGE_CURVE ( 'NONE', #2664, #5341, #4204, .T. ) ;
#5441 = ORIENTED_EDGE ( 'NONE', *, *, #1788, .T. ) ;
#5442 = DIRECTION ( 'NONE',  ( 0.6427876096865349220, -0.7660444431189816772, 0.000000000000000000 ) ) ;
#5443 = ORIENTED_EDGE ( 'NONE', *, *, #4992, .T. ) ;
#5444 = VECTOR ( 'NONE', #63, 1000.000000000000000 ) ;
#5445 = DIRECTION ( 'NONE',  ( -1.000000000000000000, 0.000000000000000000, 0.000000000000000000 ) ) ;
#5446 = DIRECTION ( 'NONE',  ( -2.312964634635742464E-16, -1.000000000000000000, 0.000000000000000000 ) ) ;
#5447 = FACE_OUTER_BOUND ( 'NONE', #6258, .T. ) ;
#5448 = EDGE_LOOP ( 'NONE', ( #4675, #7002 ) ) ;
#5449 = CARTESIAN_POINT ( 'NONE',  ( -14.00000000000000000, -5.150000000000045652, -2.499999999999999556 ) ) ;
#5450 = DIRECTION ( 'NONE',  ( -1.000000000000000000, 0.000000000000000000, 0.000000000000000000 ) ) ;
#5451 = FACE_OUTER_BOUND ( 'NONE', #4327, .T. ) ;
#5452 = CARTESIAN_POINT ( 'NONE',  ( -13.80000000000000071, -48.22269074732328420, -3.999999999999998224 ) ) ;
#5453 = VECTOR ( 'NONE', #2044, 1000.000000000000000 ) ;
#5454 = EDGE_CURVE ( 'NONE', #4740, #1373, #6816, .T. ) ;
#5455 = VERTEX_POINT ( 'NONE', #4823 ) ;
#5456 = LINE ( 'NONE', #635, #2280 ) ;
#5457 = DIRECTION ( 'NONE',  ( -0.000000000000000000, -0.000000000000000000, -1.000000000000000000 ) ) ;
#5458 = CARTESIAN_POINT ( 'NONE',  ( 12.09999999999999964, -5.150000000000045652, -3.799999999999999822 ) ) ;
#5459 = CIRCLE ( 'NONE', #6629, 5.499999999999998224 ) ;
#5460 = CIRCLE ( 'NONE', #3003, 2.999999999999999112 ) ;
#5461 = CARTESIAN_POINT ( 'NONE',  ( -28.82868052452909424, -9.347199102264276860, -5.500000000000000000 ) ) ;
#5462 = DIRECTION ( 'NONE',  ( -1.000000000000000000, 0.000000000000000000, 0.000000000000000000 ) ) ;
#5463 = EDGE_CURVE ( 'NONE', #6531, #2333, #516, .T. ) ;
#5464 = EDGE_LOOP ( 'NONE', ( #3527, #5090 ) ) ;
#5465 = ADVANCED_FACE ( 'NONE', ( #4784, #606 ), #7856, .T. ) ;
#5466 = DIRECTION ( 'NONE',  ( 1.000000000000000000, 0.000000000000000000, 0.000000000000000000 ) ) ;
#5467 = VECTOR ( 'NONE', #3679, 1000.000000000000000 ) ;
#5468 = B_SPLINE_CURVE_WITH_KNOTS ( 'NONE', 3,
 ( #3386, #6626, #1064, #3541, #447, #2932, #7877, #2320, #939, #1507, #3986, #5857, #292, #2771 ),
 .UNSPECIFIED., .F., .F.,
 ( 4, 2, 2, 2, 2, 2, 4 ),
 ( 0.002289157991402753292, 0.002821504106997765101, 0.003353850222592776910, 0.003886196338187789152, 0.004418542453782800528, 0.005483234684972812870, 0.006547926916162824344 ),
 .UNSPECIFIED. ) ;
#5469 = ORIENTED_EDGE ( 'NONE', *, *, #55, .F. ) ;
#5470 = ORIENTED_EDGE ( 'NONE', *, *, #7227, .T. ) ;
#5471 = CYLINDRICAL_SURFACE ( 'NONE', #5404, 5.049999999999998934 ) ;
#5472 = CARTESIAN_POINT ( 'NONE',  ( 30.14487539711820929, 2.220446049250313081E-13, 7.000000000000000000 ) ) ;
#5473 = VECTOR ( 'NONE', #6470, 1000.000000000000000 ) ;
#5474 = CARTESIAN_POINT ( 'NONE',  ( -3.999999999999999112, 23.34999999999998010, -7.000000000000000000 ) ) ;
#5475 = CARTESIAN_POINT ( 'NONE',  ( 21.50000000000000000, 7.849999999999999645, -7.000000000000000000 ) ) ;
#5476 = ORIENTED_EDGE ( 'NONE', *, *, #3415, .T. ) ;
#5477 = ORIENTED_EDGE ( 'NONE', *, *, #1966, .F. ) ;
#5478 = VERTEX_POINT ( 'NONE', #1216 ) ;
#5479 = CARTESIAN_POINT ( 'NONE',  ( 25.49999999999999645, 7.850000000000004974, -9.650000000000000355 ) ) ;
#5480 = ORIENTED_EDGE ( 'NONE', *, *, #355, .T. ) ;
#5481 = VECTOR ( 'NONE', #4513, 999.9999999999998863 ) ;
#5482 = VERTEX_POINT ( 'NONE', #559 ) ;
#5483 = CARTESIAN_POINT ( 'NONE',  ( -13.00000000000000178, -43.22269074732326999, -3.000000000000000000 ) ) ;
#5484 = EDGE_CURVE ( 'NONE', #1172, #4199, #6411, .T. ) ;
#5485 = EDGE_LOOP ( 'NONE', ( #4828, #6262 ) ) ;
#5486 = ORIENTED_EDGE ( 'NONE', *, *, #2659, .T. ) ;
#5487 = DIRECTION ( 'NONE',  ( 1.000000000000000000, -3.818726056296495018E-16, 0.000000000000000000 ) ) ;
#5488 = CARTESIAN_POINT ( 'NONE',  ( -30.14487539711820929, 9.999999999999998224, -7.000000000000000000 ) ) ;
#5489 = CARTESIAN_POINT ( 'NONE',  ( -12.89870828346177234, -49.82269074732328562, -4.181989469428732953 ) ) ;
#5490 = DIRECTION ( 'NONE',  ( -0.000000000000000000, -0.000000000000000000, -1.000000000000000000 ) ) ;
#5491 = EDGE_LOOP ( 'NONE', ( #3355, #7424 ) ) ;
#5492 = DIRECTION ( 'NONE',  ( -1.000000000000000000, 0.000000000000000000, 0.000000000000000000 ) ) ;
#5493 = EDGE_CURVE ( 'NONE', #7742, #148, #3000, .T. ) ;
#5494 = DIRECTION ( 'NONE',  ( 0.7660444431189875614, -0.6427876096865279276, 0.000000000000000000 ) ) ;
#5495 = CARTESIAN_POINT ( 'NONE',  ( 21.50000000000000000, 16.85000000000000142, -7.000000000000000000 ) ) ;
#5496 = FACE_BOUND ( 'NONE', #5351, .T. ) ;
#5497 = VERTEX_POINT ( 'NONE', #5474 ) ;
#5498 = DIRECTION ( 'NONE',  ( 1.000000000000000000, 0.000000000000000000, 0.000000000000000000 ) ) ;
#5499 = DIRECTION ( 'NONE',  ( 1.000000000000000000, 0.000000000000000000, -0.000000000000000000 ) ) ;
#5500 = CYLINDRICAL_SURFACE ( 'NONE', #3974, 4.000000000000003553 ) ;
#5501 = EDGE_CURVE ( 'NONE', #946, #7301, #7896, .T. ) ;
#5502 = DIRECTION ( 'NONE',  ( -0.000000000000000000, -0.000000000000000000, 1.000000000000000000 ) ) ;
#5503 = CARTESIAN_POINT ( 'NONE',  ( -6.433350533826674322, 23.72277336810118342, 7.000000000000000000 ) ) ;
#5504 = AXIS2_PLACEMENT_3D ( 'NONE', #2109, #5078, #249 ) ;
#5505 = ORIENTED_EDGE ( 'NONE', *, *, #731, .T. ) ;
#5506 = CARTESIAN_POINT ( 'NONE',  ( 40.14487539711818442, -47.66591431104028942, -5.500000000000000000 ) ) ;
#5507 = ORIENTED_EDGE ( 'NONE', *, *, #987, .F. ) ;
#5508 = ORIENTED_EDGE ( 'NONE', *, *, #7136, .T. ) ;
#5509 = CARTESIAN_POINT ( 'NONE',  ( -3.850000000000012967, -21.00000000000001421, 7.000000000000000000 ) ) ;
#5510 = DIRECTION ( 'NONE',  ( 1.000000000000000000, 3.391332174688262434E-14, 0.000000000000000000 ) ) ;
#5511 = CARTESIAN_POINT ( 'NONE',  ( 17.00000000000000000, -24.00000000000002132, -9.650000000000000355 ) ) ;
#5512 = AXIS2_PLACEMENT_3D ( 'NONE', #2297, #6030, #2379 ) ;
#5513 = EDGE_CURVE ( 'NONE', #6736, #3910, #7335, .T. ) ;
#5514 = AXIS2_PLACEMENT_3D ( 'NONE', #501, #4887, #5540 ) ;
#5515 = DIRECTION ( 'NONE',  ( -1.000000000000000000, 0.000000000000000000, 0.000000000000000000 ) ) ;
#5516 = CARTESIAN_POINT ( 'NONE',  ( 21.50000000000000000, 7.849999999999999645, -9.650000000000000355 ) ) ;
#5517 = ORIENTED_EDGE ( 'NONE', *, *, #4825, .T. ) ;
#5518 = LINE ( 'NONE', #7215, #586 ) ;
#5519 = VECTOR ( 'NONE', #4922, 1000.000000000000000 ) ;
#5520 = ORIENTED_EDGE ( 'NONE', *, *, #4794, .T. ) ;
#5521 = CARTESIAN_POINT ( 'NONE',  ( -9.326893062255805944, 24.24406644123207499, 7.000000000000000888 ) ) ;
#5522 = ORIENTED_EDGE ( 'NONE', *, *, #236, .F. ) ;
#5523 = AXIS2_PLACEMENT_3D ( 'NONE', #2155, #5938, #7189 ) ;
#5524 = VECTOR ( 'NONE', #239, 1000.000000000000000 ) ;
#5525 = ADVANCED_FACE ( 'NONE', ( #7295 ), #4253, .F. ) ;
#5526 = ADVANCED_FACE ( 'NONE', ( #1128 ), #6688, .T. ) ;
#5527 = VERTEX_POINT ( 'NONE', #3645 ) ;
#5528 = DIRECTION ( 'NONE',  ( -1.000000000000000000, 0.000000000000000000, 0.000000000000000000 ) ) ;
#5529 = VERTEX_POINT ( 'NONE', #4909 ) ;
#5530 = VECTOR ( 'NONE', #4067, 1000.000000000000000 ) ;
#5531 = VERTEX_POINT ( 'NONE', #6126 ) ;
#5532 = DIRECTION ( 'NONE',  ( 0.000000000000000000, 0.000000000000000000, 1.000000000000000000 ) ) ;
#5533 = DIRECTION ( 'NONE',  ( -0.000000000000000000, -0.000000000000000000, 1.000000000000000000 ) ) ;
#5534 = CARTESIAN_POINT ( 'NONE',  ( -9.449999999999359801, -11.73931215304559927, -1.000000000000000000 ) ) ;
#5535 = ORIENTED_EDGE ( 'NONE', *, *, #2674, .F. ) ;
#5536 = CIRCLE ( 'NONE', #1119, 1.600000000000001643 ) ;
#5537 = CARTESIAN_POINT ( 'NONE',  ( 5.000000000000000888, 29.74406644123207144, -3.000000000000000000 ) ) ;
#5538 = DIRECTION ( 'NONE',  ( 0.000000000000000000, -1.000000000000000000, 0.000000000000000000 ) ) ;
#5539 = CARTESIAN_POINT ( 'NONE',  ( -35.50190273847695011, 8.444066441231669273, 7.000000000000000000 ) ) ;
#5540 = DIRECTION ( 'NONE',  ( 0.000000000000000000, 0.000000000000000000, -1.000000000000000000 ) ) ;
#5541 = VECTOR ( 'NONE', #1365, 1000.000000000000000 ) ;
#5542 = AXIS2_PLACEMENT_3D ( 'NONE', #6349, #1353, #103 ) ;
#5543 = VERTEX_POINT ( 'NONE', #3045 ) ;
#5544 = EDGE_CURVE ( 'NONE', #6685, #270, #3689, .T. ) ;
#5545 = AXIS2_PLACEMENT_3D ( 'NONE', #5609, #568, #527 ) ;
#5546 = CARTESIAN_POINT ( 'NONE',  ( 13.00000000000017586, -28.93902645193041323, -5.500000000000000000 ) ) ;
#5547 = PLANE ( 'NONE',  #388 ) ;
#5548 = PLANE ( 'NONE',  #862 ) ;
#5549 = CARTESIAN_POINT ( 'NONE',  ( -9.449999999999359801, 19.24406644123204302, 64.09969851780280692 ) ) ;
#5550 = DIRECTION ( 'NONE',  ( -0.000000000000000000, -0.000000000000000000, 1.000000000000000000 ) ) ;
#5551 = VECTOR ( 'NONE', #6722, 1000.000000000000000 ) ;
#5552 = ORIENTED_EDGE ( 'NONE', *, *, #1951, .F. ) ;
#5553 = DIRECTION ( 'NONE',  ( 0.000000000000000000, 0.000000000000000000, -1.000000000000000000 ) ) ;
#5554 = VERTEX_POINT ( 'NONE', #2431 ) ;
#5555 = ADVANCED_FACE ( 'NONE', ( #7379 ), #1817, .T. ) ;
#5556 = ORIENTED_EDGE ( 'NONE', *, *, #6680, .F. ) ;
#5557 = DIRECTION ( 'NONE',  ( 0.000000000000000000, 0.000000000000000000, 1.000000000000000000 ) ) ;
#5558 = DIRECTION ( 'NONE',  ( -0.000000000000000000, -0.000000000000000000, 1.000000000000000000 ) ) ;
#5559 = CARTESIAN_POINT ( 'NONE',  ( 14.00000000000000000, -5.150000000000045652, -7.000000000000000000 ) ) ;
#5560 = AXIS2_PLACEMENT_3D ( 'NONE', #7971, #2330, #3034 ) ;
#5561 = DIRECTION ( 'NONE',  ( -0.000000000000000000, 0.000000000000000000, -1.000000000000000000 ) ) ;
#5562 = CARTESIAN_POINT ( 'NONE',  ( 8.847089727481716182E-14, 21.24406644123204302, 3.649999999999999023 ) ) ;
#5563 = DIRECTION ( 'NONE',  ( 0.000000000000000000, 0.000000000000000000, -1.000000000000000000 ) ) ;
#5564 = ORIENTED_EDGE ( 'NONE', *, *, #1178, .F. ) ;
#5565 = LINE ( 'NONE', #1988, #2024 ) ;
#5566 = AXIS2_PLACEMENT_3D ( 'NONE', #1462, #252, #5816 ) ;
#5567 = ORIENTED_EDGE ( 'NONE', *, *, #3532, .F. ) ;
#5568 = EDGE_CURVE ( 'NONE', #4485, #6195, #3130, .T. ) ;
#5569 = EDGE_LOOP ( 'NONE', ( #5171, #1621, #2561, #5041 ) ) ;
#5570 = CARTESIAN_POINT ( 'NONE',  ( 12.84225268105153539, -49.66989351483975668, -4.705757743966087148 ) ) ;
#5571 = ORIENTED_EDGE ( 'NONE', *, *, #6269, .T. ) ;
#5572 = ORIENTED_EDGE ( 'NONE', *, *, #7663, .T. ) ;
#5573 = ADVANCED_FACE ( 'NONE', ( #648, #42 ), #2511, .T. ) ;
#5574 = CARTESIAN_POINT ( 'NONE',  ( -4.423300396521607780, -47.66591431104029652, -5.500000000000000000 ) ) ;
#5575 = ADVANCED_FACE ( 'NONE', ( #2529 ), #7359, .T. ) ;
#5576 = CARTESIAN_POINT ( 'NONE',  ( -17.00000000000000000, -24.00000000000002132, -9.650000000000000355 ) ) ;
#5577 =( NAMED_UNIT ( * ) SI_UNIT ( $, .STERADIAN. ) SOLID_ANGLE_UNIT ( ) );
#5578 = ORIENTED_EDGE ( 'NONE', *, *, #7969, .F. ) ;
#5579 = DIRECTION ( 'NONE',  ( 1.000000000000000000, 0.000000000000000000, 0.000000000000000000 ) ) ;
#5580 = DIRECTION ( 'NONE',  ( 0.000000000000000000, 0.000000000000000000, -1.000000000000000000 ) ) ;
#5581 = CARTESIAN_POINT ( 'NONE',  ( -10.22218386732918560, -47.98289685598179943, -2.410110966943419530 ) ) ;
#5582 = FACE_OUTER_BOUND ( 'NONE', #433, .T. ) ;
#5583 = ORIENTED_EDGE ( 'NONE', *, *, #6808, .F. ) ;
#5584 = LINE ( 'NONE', #5546, #2685 ) ;
#5585 = LINE ( 'NONE', #5741, #1041 ) ;
#5586 = FACE_BOUND ( 'NONE', #6660, .T. ) ;
#5587 = AXIS2_PLACEMENT_3D ( 'NONE', #1114, #418, #458 ) ;
#5588 = LINE ( 'NONE', #676, #232 ) ;
#5589 = EDGE_CURVE ( 'NONE', #2522, #5272, #6292, .T. ) ;
#5590 = ORIENTED_EDGE ( 'NONE', *, *, #6692, .T. ) ;
#5591 = FACE_BOUND ( 'NONE', #1778, .T. ) ;
#5592 = EDGE_LOOP ( 'NONE', ( #5684, #2886 ) ) ;
#5593 = VERTEX_POINT ( 'NONE', #3669 ) ;
#5594 = CIRCLE ( 'NONE', #2864, 9.999999999999960920 ) ;
#5595 = DIRECTION ( 'NONE',  ( 1.000000000000000000, 0.000000000000000000, 0.000000000000000000 ) ) ;
#5596 = LINE ( 'NONE', #6247, #30 ) ;
#5597 = DIRECTION ( 'NONE',  ( 0.000000000000000000, 0.000000000000000000, -1.000000000000000000 ) ) ;
#5598 = DIRECTION ( 'NONE',  ( -1.000000000000000000, 0.000000000000000000, 0.000000000000000000 ) ) ;
#5599 = CARTESIAN_POINT ( 'NONE',  ( -16.99999999999999289, -59.22269074732326999, 7.000000000000000000 ) ) ;
#5600 = CARTESIAN_POINT ( 'NONE',  ( 19.33955556881038262, -28.43451699311967573, 6.999999999999999112 ) ) ;
#5601 = ADVANCED_FACE ( 'NONE', ( #3113 ), #1796, .T. ) ;
#5602 = CIRCLE ( 'NONE', #5847, 2.000000000000000888 ) ;
#5603 = DIRECTION ( 'NONE',  ( -1.000000000000000000, 0.000000000000000000, 0.000000000000000000 ) ) ;
#5604 = VECTOR ( 'NONE', #1409, 1000.000000000000000 ) ;
#5605 = ORIENTED_EDGE ( 'NONE', *, *, #3168, .F. ) ;
#5606 = CARTESIAN_POINT ( 'NONE',  ( 1.865446418204842916, -48.77946718360626477, -5.500000000000000000 ) ) ;
#5607 = ORIENTED_EDGE ( 'NONE', *, *, #4841, .F. ) ;
#5608 = VECTOR ( 'NONE', #1370, 1000.000000000000000 ) ;
#5609 = CARTESIAN_POINT ( 'NONE',  ( -13.00000000000000178, -43.22269074732326999, -1.000000000000000000 ) ) ;
#5610 = ADVANCED_FACE ( 'NONE', ( #497 ), #6835, .T. ) ;
#5611 = EDGE_LOOP ( 'NONE', ( #56, #1004, #2933, #4788 ) ) ;
#5612 = AXIS2_PLACEMENT_3D ( 'NONE', #3351, #4595, #257 ) ;
#5613 = ORIENTED_EDGE ( 'NONE', *, *, #2480, .F. ) ;
#5614 = LINE ( 'NONE', #5001, #7836 ) ;
#5615 = CARTESIAN_POINT ( 'NONE',  ( -30.14487539711820929, 0.000000000000000000, -7.000000000000000000 ) ) ;
#5616 = CARTESIAN_POINT ( 'NONE',  ( 14.00000000000000000, -5.150000000000045652, -5.500000000000000000 ) ) ;
#5617 = ORIENTED_EDGE ( 'NONE', *, *, #4975, .T. ) ;
#5618 = DIRECTION ( 'NONE',  ( 1.000000000000000000, 0.000000000000000000, 0.000000000000000000 ) ) ;
#5619 = EDGE_CURVE ( 'NONE', #2628, #4878, #1604, .T. ) ;
#5620 = DIRECTION ( 'NONE',  ( 1.000000000000000000, 0.000000000000000000, 0.000000000000000000 ) ) ;
#5621 = LINE ( 'NONE', #59, #7368 ) ;
#5622 = CARTESIAN_POINT ( 'NONE',  ( 13.80000000000000071, -48.22269074732328420, -3.999999999999998224 ) ) ;
#5623 = ORIENTED_EDGE ( 'NONE', *, *, #5719, .T. ) ;
#5624 = CARTESIAN_POINT ( 'NONE',  ( 22.75590207615663374, 24.22277336810120474, 7.000000000000000000 ) ) ;
#5625 = DIRECTION ( 'NONE',  ( -0.000000000000000000, -0.000000000000000000, -1.000000000000000000 ) ) ;
#5626 = CARTESIAN_POINT ( 'NONE',  ( -8.000000000000222045, 32.38981775229666482, -4.000000000000000000 ) ) ;
#5627 = EDGE_CURVE ( 'NONE', #2522, #1865, #577, .T. ) ;
#5628 = ADVANCED_FACE ( 'NONE', ( #7396 ), #4316, .F. ) ;
#5629 = CARTESIAN_POINT ( 'NONE',  ( -26.14487539711820929, 0.000000000000000000, -7.000000000000000000 ) ) ;
#5630 = ORIENTED_EDGE ( 'NONE', *, *, #7178, .T. ) ;
#5631 = CARTESIAN_POINT ( 'NONE',  ( 13.00000000000000178, -43.22269074732326999, -5.500000000000000000 ) ) ;
#5632 = ORIENTED_EDGE ( 'NONE', *, *, #4, .F. ) ;
#5633 = ORIENTED_EDGE ( 'NONE', *, *, #2760, .T. ) ;
#5634 = DIRECTION ( 'NONE',  ( 0.000000000000000000, 0.000000000000000000, 1.000000000000000000 ) ) ;
#5635 = CARTESIAN_POINT ( 'NONE',  ( 17.00000000000000000, -31.22269074732326288, -7.000000000000000000 ) ) ;
#5636 = DIRECTION ( 'NONE',  ( 1.000000000000000000, 0.000000000000000000, 0.000000000000000000 ) ) ;
#5637 = CARTESIAN_POINT ( 'NONE',  ( 11.00000000000000000, 5.849999999999910827, -9.650000000000000355 ) ) ;
#5638 = LINE ( 'NONE', #6127, #674 ) ;
#5639 = AXIS2_PLACEMENT_3D ( 'NONE', #6456, #3929, #4620 ) ;
#5640 = DIRECTION ( 'NONE',  ( 0.000000000000000000, 0.000000000000000000, -1.000000000000000000 ) ) ;
#5641 = DIRECTION ( 'NONE',  ( 4.692204187680386691E-16, -1.000000000000000000, 0.000000000000000000 ) ) ;
#5642 = EDGE_LOOP ( 'NONE', ( #7090, #572, #3060, #246 ) ) ;
#5643 = CARTESIAN_POINT ( 'NONE',  ( 13.00000000000003553, -35.99427459992281797, -5.500000000000000000 ) ) ;
#5644 = VERTEX_POINT ( 'NONE', #2979 ) ;
#5645 = AXIS2_PLACEMENT_3D ( 'NONE', #1150, #3068, #4884 ) ;
#5646 = ADVANCED_FACE ( 'NONE', ( #6710 ), #6144, .T. ) ;
#5647 = EDGE_CURVE ( 'NONE', #161, #3982, #7316, .T. ) ;
#5648 = FACE_OUTER_BOUND ( 'NONE', #1375, .T. ) ;
#5649 = VECTOR ( 'NONE', #7039, 1000.000000000000000 ) ;
#5650 = CIRCLE ( 'NONE', #1750, 6.550000000000000711 ) ;
#5651 = VERTEX_POINT ( 'NONE', #2409 ) ;
#5652 = ORIENTED_EDGE ( 'NONE', *, *, #507, .T. ) ;
#5653 = EDGE_CURVE ( 'NONE', #184, #7137, #4592, .T. ) ;
#5654 = AXIS2_PLACEMENT_3D ( 'NONE', #6369, #1260, #4419 ) ;
#5655 = ORIENTED_EDGE ( 'NONE', *, *, #6079, .F. ) ;
#5656 = CARTESIAN_POINT ( 'NONE',  ( 15.00000000000000178, -43.22269074732326999, -3.000000000000000000 ) ) ;
#5657 = CARTESIAN_POINT ( 'NONE',  ( 27.00000000000000000, -34.86239308998525388, -7.000000000000000000 ) ) ;
#5658 = CARTESIAN_POINT ( 'NONE',  ( -8.676806735756562361, -46.62269074732330409, -3.910248000700280002 ) ) ;
#5659 = CARTESIAN_POINT ( 'NONE',  ( -3.850000000000009859, -19.00000000000002132, 6.999999999999999112 ) ) ;
#5660 = ORIENTED_EDGE ( 'NONE', *, *, #756, .F. ) ;
#5661 = EDGE_CURVE ( 'NONE', #3815, #5904, #2652, .T. ) ;
#5662 = AXIS2_PLACEMENT_3D ( 'NONE', #5261, #5144, #2174 ) ;
#5663 = DIRECTION ( 'NONE',  ( -0.000000000000000000, -0.000000000000000000, -1.000000000000000000 ) ) ;
#5664 = CARTESIAN_POINT ( 'NONE',  ( -14.00000000000000000, -5.150000000000045652, -2.499999999999999556 ) ) ;
#5665 = LINE ( 'NONE', #1969, #6641 ) ;
#5666 = CIRCLE ( 'NONE', #2150, 3.000000000000000888 ) ;
#5667 = CARTESIAN_POINT ( 'NONE',  ( -11.00000000000000000, 5.849999999999910827, -9.650000000000000355 ) ) ;
#5668 = VECTOR ( 'NONE', #7365, 1000.000000000000000 ) ;
#5669 = ORIENTED_EDGE ( 'NONE', *, *, #3301, .T. ) ;
#5670 = CARTESIAN_POINT ( 'NONE',  ( 16.00000000000000000, 8.799999999999998934, -5.500000000000000000 ) ) ;
#5671 = ORIENTED_EDGE ( 'NONE', *, *, #1921, .T. ) ;
#5672 = EDGE_CURVE ( 'NONE', #5313, #1227, #2365, .T. ) ;
#5673 = ORIENTED_EDGE ( 'NONE', *, *, #6038, .F. ) ;
#5674 = EDGE_CURVE ( 'NONE', #2578, #2663, #4341, .T. ) ;
#5675 = VECTOR ( 'NONE', #1431, 1000.000000000000000 ) ;
#5676 = CARTESIAN_POINT ( 'NONE',  ( 1.000000000000000000, 29.74406644123207144, 7.000000000000000000 ) ) ;
#5677 = FACE_OUTER_BOUND ( 'NONE', #3005, .T. ) ;
#5678 = CARTESIAN_POINT ( 'NONE',  ( 14.00000000000000000, -5.150000000000045652, -5.500000000000000000 ) ) ;
#5679 = VECTOR ( 'NONE', #6055, 1000.000000000000114 ) ;
#5680 = CARTESIAN_POINT ( 'NONE',  ( -13.00000000000000178, -43.22269074732326999, -3.000000000000000000 ) ) ;
#5681 = DIRECTION ( 'NONE',  ( -0.7071067811865535679, 2.700247089901036589E-16, -0.7071067811865415775 ) ) ;
#5682 = CARTESIAN_POINT ( 'NONE',  ( 6.100000000000000533, 23.34999999999998010, -6.350000000000000533 ) ) ;
#5683 = DIRECTION ( 'NONE',  ( -0.000000000000000000, -0.000000000000000000, -1.000000000000000000 ) ) ;
#5684 = ORIENTED_EDGE ( 'NONE', *, *, #777, .T. ) ;
#5685 = DIRECTION ( 'NONE',  ( -0.7372773368101210867, 0.6755902076156634628, -0.000000000000000000 ) ) ;
#5686 = ORIENTED_EDGE ( 'NONE', *, *, #2996, .T. ) ;
#5687 = AXIS2_PLACEMENT_3D ( 'NONE', #711, #5089, #3160 ) ;
#5688 = DIRECTION ( 'NONE',  ( -0.000000000000000000, -0.000000000000000000, -1.000000000000000000 ) ) ;
#5689 = VECTOR ( 'NONE', #2039, 1000.000000000000000 ) ;
#5690 = ADVANCED_FACE ( 'NONE', ( #18 ), #4843, .T. ) ;
#5691 = ORIENTED_EDGE ( 'NONE', *, *, #4616, .F. ) ;
#5692 = ORIENTED_EDGE ( 'NONE', *, *, #6554, .F. ) ;
#5693 = VERTEX_POINT ( 'NONE', #7437 ) ;
#5694 = LINE ( 'NONE', #700, #2392 ) ;
#5695 = DIRECTION ( 'NONE',  ( 0.000000000000000000, 0.000000000000000000, 1.000000000000000000 ) ) ;
#5696 = CARTESIAN_POINT ( 'NONE',  ( -8.770923032669760033, -46.73925992018588715, -3.394221018025888714 ) ) ;
#5697 = ADVANCED_FACE ( 'NONE', ( #6872 ), #4229, .F. ) ;
#5698 = DIRECTION ( 'NONE',  ( -0.000000000000000000, -0.000000000000000000, -1.000000000000000000 ) ) ;
#5699 = DIRECTION ( 'NONE',  ( 1.000000000000000000, 0.000000000000000000, 0.000000000000000000 ) ) ;
#5700 = ORIENTED_EDGE ( 'NONE', *, *, #2776, .T. ) ;
#5701 = DIRECTION ( 'NONE',  ( -0.000000000000000000, -0.000000000000000000, -1.000000000000000000 ) ) ;
#5702 = DIRECTION ( 'NONE',  ( -0.000000000000000000, -0.000000000000000000, -1.000000000000000000 ) ) ;
#5703 = FACE_OUTER_BOUND ( 'NONE', #889, .T. ) ;
#5704 = DIRECTION ( 'NONE',  ( -0.000000000000000000, -0.000000000000000000, -1.000000000000000000 ) ) ;
#5705 = EDGE_CURVE ( 'NONE', #6458, #657, #2527, .T. ) ;
#5706 = VERTEX_POINT ( 'NONE', #6266 ) ;
#5707 = EDGE_LOOP ( 'NONE', ( #3254, #8, #1288, #4508, #6727, #2312, #3702, #4591, #4288 ) ) ;
#5708 = FACE_OUTER_BOUND ( 'NONE', #70, .T. ) ;
#5709 = ORIENTED_EDGE ( 'NONE', *, *, #7563, .T. ) ;
#5710 = ORIENTED_EDGE ( 'NONE', *, *, #2524, .T. ) ;
#5711 = DIRECTION ( 'NONE',  ( -6.685457475978443935E-15, 1.000000000000000000, -0.000000000000000000 ) ) ;
#5712 = DIRECTION ( 'NONE',  ( 1.000000000000000000, 0.000000000000000000, 0.000000000000000000 ) ) ;
#5713 = CARTESIAN_POINT ( 'NONE',  ( -8.000000000000000000, 37.74406644123207144, 7.000000000000000000 ) ) ;
#5714 = AXIS2_PLACEMENT_3D ( 'NONE', #7885, #7282, #1718 ) ;
#5715 = DIRECTION ( 'NONE',  ( -1.000000000000000000, 0.000000000000000000, 0.000000000000000000 ) ) ;
#5716 = CARTESIAN_POINT ( 'NONE',  ( -6.100000000000000533, 23.34999999999998010, -9.650000000000000355 ) ) ;
#5717 = ADVANCED_FACE ( 'NONE', ( #169 ), #7590, .F. ) ;
#5718 = CARTESIAN_POINT ( 'NONE',  ( 13.00000000000000355, -54.22269074732326999, -1.000000000000000000 ) ) ;
#5719 = EDGE_CURVE ( 'NONE', #3430, #5865, #5694, .T. ) ;
#5720 = ORIENTED_EDGE ( 'NONE', *, *, #4645, .T. ) ;
#5721 = DIRECTION ( 'NONE',  ( -1.000000000000000000, 0.000000000000000000, 0.000000000000000000 ) ) ;
#5722 = CIRCLE ( 'NONE', #1306, 4.000000000000000000 ) ;
#5723 = ORIENTED_EDGE ( 'NONE', *, *, #4344, .F. ) ;
#5724 = AXIS2_PLACEMENT_3D ( 'NONE', #6989, #4205, #4785 ) ;
#5725 = CARTESIAN_POINT ( 'NONE',  ( -17.00000000000000355, -43.22269074732326999, 5.000000000000000000 ) ) ;
#5726 = VECTOR ( 'NONE', #5502, 1000.000000000000000 ) ;
#5727 = EDGE_CURVE ( 'NONE', #3466, #896, #5891, .T. ) ;
#5728 = VERTEX_POINT ( 'NONE', #812 ) ;
#5729 = AXIS2_PLACEMENT_3D ( 'NONE', #3747, #6142, #4314 ) ;
#5730 = ORIENTED_EDGE ( 'NONE', *, *, #5619, .F. ) ;
#5731 = VECTOR ( 'NONE', #7165, 1000.000000000000000 ) ;
#5732 = CIRCLE ( 'NONE', #661, 5.049999999999998934 ) ;
#5733 = EDGE_CURVE ( 'NONE', #7017, #6214, #3183, .T. ) ;
#5734 = VERTEX_POINT ( 'NONE', #2609 ) ;
#5735 = DIRECTION ( 'NONE',  ( -1.000000000000000000, -1.734723475976807341E-16, 0.000000000000000000 ) ) ;
#5736 = LINE ( 'NONE', #3296, #5481 ) ;
#5737 = CARTESIAN_POINT ( 'NONE',  ( -30.14487539711820929, 0.000000000000000000, -5.500000000000000000 ) ) ;
#5738 = CARTESIAN_POINT ( 'NONE',  ( -26.00000000000000000, 11.99999999999999822, -3.999999999999999112 ) ) ;
#5739 = VERTEX_POINT ( 'NONE', #5656 ) ;
#5740 = CARTESIAN_POINT ( 'NONE',  ( 16.00000000000000000, 16.85000000000000142, -5.000000000000000000 ) ) ;
#5741 = CARTESIAN_POINT ( 'NONE',  ( 9.000000000000001776, 29.74406644123207144, 7.000000000000000000 ) ) ;
#5742 = EDGE_CURVE ( 'NONE', #5048, #6160, #3428, .T. ) ;
#5743 = DIRECTION ( 'NONE',  ( 0.000000000000000000, 0.000000000000000000, 1.000000000000000000 ) ) ;
#5744 = EDGE_CURVE ( 'NONE', #5478, #5903, #4463, .T. ) ;
#5745 = DIRECTION ( 'NONE',  ( -1.000000000000000000, -1.734723475976807341E-16, 0.000000000000000000 ) ) ;
#5746 = VERTEX_POINT ( 'NONE', #2646 ) ;
#5747 = CARTESIAN_POINT ( 'NONE',  ( -34.14487539711820574, 4.898587196589414801E-16, -5.000000000000000000 ) ) ;
#5748 = ORIENTED_EDGE ( 'NONE', *, *, #1091, .T. ) ;
#5749 = ORIENTED_EDGE ( 'NONE', *, *, #506, .T. ) ;
#5750 = CYLINDRICAL_SURFACE ( 'NONE', #6846, 1.599999999999997202 ) ;
#5751 = DIRECTION ( 'NONE',  ( -1.000000000000000000, 0.000000000000000000, 0.000000000000000000 ) ) ;
#5752 = CARTESIAN_POINT ( 'NONE',  ( -16.00000000000000000, 16.85000000000000142, -1.000000000000000000 ) ) ;
#5753 = ADVANCED_FACE ( 'NONE', ( #208 ), #1997, .F. ) ;
#5754 = CARTESIAN_POINT ( 'NONE',  ( -10.50000000000000000, 16.85000000000000142, -7.000000000000000000 ) ) ;
#5755 = PLANE ( 'NONE',  #680 ) ;
#5756 = CYLINDRICAL_SURFACE ( 'NONE', #4386, 10.00000000000000000 ) ;
#5757 = ORIENTED_EDGE ( 'NONE', *, *, #2621, .T. ) ;
#5758 = DIRECTION ( 'NONE',  ( 0.000000000000000000, 0.000000000000000000, -1.000000000000000000 ) ) ;
#5759 = EDGE_LOOP ( 'NONE', ( #3845, #1485, #478, #4787 ) ) ;
#5760 = EDGE_CURVE ( 'NONE', #2025, #5644, #3859, .T. ) ;
#5761 = AXIS2_PLACEMENT_3D ( 'NONE', #2067, #4581, #2841 ) ;
#5762 = DIRECTION ( 'NONE',  ( 0.000000000000000000, -1.000000000000000000, 0.000000000000000000 ) ) ;
#5763 = ORIENTED_EDGE ( 'NONE', *, *, #129, .T. ) ;
#5764 = DIRECTION ( 'NONE',  ( 1.000000000000000000, 0.000000000000000000, 0.000000000000000000 ) ) ;
#5765 = ORIENTED_EDGE ( 'NONE', *, *, #1414, .F. ) ;
#5766 = ORIENTED_EDGE ( 'NONE', *, *, #2480, .T. ) ;
#5767 = ADVANCED_FACE ( 'NONE', ( #7630 ), #94, .T. ) ;
#5768 = AXIS2_PLACEMENT_3D ( 'NONE', #2905, #7205, #5222 ) ;
#5769 = AXIS2_PLACEMENT_3D ( 'NONE', #4816, #4196, #1038 ) ;
#5770 = EDGE_LOOP ( 'NONE', ( #681, #1790, #5784, #4216, #4299, #920 ) ) ;
#5771 = CARTESIAN_POINT ( 'NONE',  ( 13.00000000000000178, -43.22269074732326999, -3.000000000000000000 ) ) ;
#5772 = LINE ( 'NONE', #6304, #1439 ) ;
#5773 = AXIS2_PLACEMENT_3D ( 'NONE', #3072, #7962, #1198 ) ;
#5774 = DIRECTION ( 'NONE',  ( -3.818726056296495018E-16, -1.000000000000000000, 0.000000000000000000 ) ) ;
#5775 = DIRECTION ( 'NONE',  ( -0.000000000000000000, 0.000000000000000000, -1.000000000000000000 ) ) ;
#5776 = VECTOR ( 'NONE', #2523, 1000.000000000000000 ) ;
#5777 = PRODUCT ( 'LQ26-05HGI-01-006', 'LQ26-05HGI-01-006', '', ( #2750 ) ) ;
#5778 = ORIENTED_EDGE ( 'NONE', *, *, #1525, .T. ) ;
#5779 = AXIS2_PLACEMENT_3D ( 'NONE', #4093, #441, #2927 ) ;
#5780 = CARTESIAN_POINT ( 'NONE',  ( 17.00000000000022737, -34.86239308998502651, 6.999999999999999112 ) ) ;
#5781 = CARTESIAN_POINT ( 'NONE',  ( 9.899999999999998579, 23.34999999999998010, -6.350000000000000533 ) ) ;
#5782 = DIRECTION ( 'NONE',  ( -1.000000000000000000, 3.818726056296495018E-16, 0.000000000000000000 ) ) ;
#5783 = DIRECTION ( 'NONE',  ( -0.000000000000000000, -0.000000000000000000, -1.000000000000000000 ) ) ;
#5784 = ORIENTED_EDGE ( 'NONE', *, *, #5093, .T. ) ;
#5785 = EDGE_CURVE ( 'NONE', #4815, #3452, #720, .T. ) ;
#5786 = EDGE_LOOP ( 'NONE', ( #3084, #2951, #4458, #7656 ) ) ;
#5787 = DIRECTION ( 'NONE',  ( 0.000000000000000000, 0.000000000000000000, 1.000000000000000000 ) ) ;
#5788 = VECTOR ( 'NONE', #300, 1000.000000000000000 ) ;
#5789 = ORIENTED_EDGE ( 'NONE', *, *, #2445, .T. ) ;
#5790 = ORIENTED_EDGE ( 'NONE', *, *, #4976, .T. ) ;
#5791 = CYLINDRICAL_SURFACE ( 'NONE', #3346, 5.499999999999998224 ) ;
#5792 = CARTESIAN_POINT ( 'NONE',  ( -25.49999999999999645, -0.1499999999997753408, -9.650000000000000355 ) ) ;
#5793 = CARTESIAN_POINT ( 'NONE',  ( 8.676806735756557032, -46.62269074732328278, -3.999999999999996447 ) ) ;
#5794 = CIRCLE ( 'NONE', #1384, 2.000000000000001776 ) ;
#5795 = LINE ( 'NONE', #233, #7922 ) ;
#5796 = CARTESIAN_POINT ( 'NONE',  ( 30.14487539711820929, 2.220446049250313081E-13, -5.000000000000000000 ) ) ;
#5797 = DIRECTION ( 'NONE',  ( -1.000000000000000000, 0.000000000000000000, 0.000000000000000000 ) ) ;
#5798 = EDGE_CURVE ( 'NONE', #642, #5497, #5247, .T. ) ;
#5799 = VERTEX_POINT ( 'NONE', #6988 ) ;
#5801 = VECTOR ( 'NONE', #6109, 1000.000000000000000 ) ;
#5800 = FACE_OUTER_BOUND ( 'NONE', #6962, .T. ) ;
#5802 = VERTEX_POINT ( 'NONE', #7514 ) ;
#5803 = AXIS2_PLACEMENT_3D ( 'NONE', #1166, #4943, #4858 ) ;
#5804 = CARTESIAN_POINT ( 'NONE',  ( -3.000000000000000000, 29.74406644123207144, 7.000000000000000000 ) ) ;
#5805 = AXIS2_PLACEMENT_3D ( 'NONE', #4451, #827, #5095 ) ;
#5806 = ORIENTED_EDGE ( 'NONE', *, *, #4116, .T. ) ;
#5807 = FACE_OUTER_BOUND ( 'NONE', #4195, .T. ) ;
#5808 = EDGE_CURVE ( 'NONE', #7899, #6615, #6910, .T. ) ;
#5809 = ORIENTED_EDGE ( 'NONE', *, *, #2310, .F. ) ;
#5810 = VECTOR ( 'NONE', #1285, 1000.000000000000000 ) ;
#5811 = VERTEX_POINT ( 'NONE', #3895 ) ;
#5812 = ORIENTED_EDGE ( 'NONE', *, *, #6038, .T. ) ;
#5813 = CIRCLE ( 'NONE', #8016, 5.049999999999998934 ) ;
#5814 = DIRECTION ( 'NONE',  ( 8.673617379884027583E-16, 1.000000000000000000, -0.000000000000000000 ) ) ;
#5815 = DIRECTION ( 'NONE',  ( 1.000000000000000000, 0.000000000000000000, 0.000000000000000000 ) ) ;
#5816 = DIRECTION ( 'NONE',  ( 1.000000000000000000, 0.000000000000000000, 0.000000000000000000 ) ) ;
#5817 = EDGE_CURVE ( 'NONE', #7341, #3224, #7579, .T. ) ;
#5818 = EDGE_CURVE ( 'NONE', #2224, #3357, #3819, .T. ) ;
#5819 = ORIENTED_EDGE ( 'NONE', *, *, #3229, .T. ) ;
#5820 = CARTESIAN_POINT ( 'NONE',  ( 9.600000000000001421, 23.34999999999998010, -6.349999999999999645 ) ) ;
#5821 = VERTEX_POINT ( 'NONE', #6303 ) ;
#5822 = CARTESIAN_POINT ( 'NONE',  ( 17.00000000000000000, -24.00000000000002132, -9.650000000000000355 ) ) ;
#5823 = CYLINDRICAL_SURFACE ( 'NONE', #7655, 0.5000000000000004441 ) ;
#5824 = DIRECTION ( 'NONE',  ( -1.000000000000000000, 1.734723475976807489E-15, 0.000000000000000000 ) ) ;
#5825 = DIRECTION ( 'NONE',  ( -1.000000000000000000, 0.000000000000000000, 0.000000000000000000 ) ) ;
#5826 = CARTESIAN_POINT ( 'NONE',  ( -5.000000000000000888, 29.74406644123207144, 7.000000000000000000 ) ) ;
#5827 = VERTEX_POINT ( 'NONE', #7668 ) ;
#5828 = ORIENTED_EDGE ( 'NONE', *, *, #2140, .F. ) ;
#5829 = ORIENTED_EDGE ( 'NONE', *, *, #6210, .F. ) ;
#5830 = CARTESIAN_POINT ( 'NONE',  ( 14.00000000000000000, -5.150000000000045652, -2.499999999999999556 ) ) ;
#5831 = CARTESIAN_POINT ( 'NONE',  ( -23.59487539711820858, 6.799999999999997158, -5.500000000000000000 ) ) ;
#5832 = DIRECTION ( 'NONE',  ( -0.000000000000000000, -0.000000000000000000, 1.000000000000000000 ) ) ;
#5833 = EDGE_CURVE ( 'NONE', #3735, #3155, #740, .T. ) ;
#5834 = FACE_BOUND ( 'NONE', #3223, .T. ) ;
#5835 = DIRECTION ( 'NONE',  ( -0.000000000000000000, -0.000000000000000000, -1.000000000000000000 ) ) ;
#5836 = DIRECTION ( 'NONE',  ( -1.000000000000000000, 0.000000000000000000, 0.000000000000000000 ) ) ;
#5837 = ORIENTED_EDGE ( 'NONE', *, *, #7757, .T. ) ;
#5838 = CARTESIAN_POINT ( 'NONE',  ( -5.949999999999999289, 22.24406644123207144, -5.500000000000000000 ) ) ;
#5839 = ORIENTED_EDGE ( 'NONE', *, *, #6582, .T. ) ;
#5840 = ADVANCED_FACE ( 'NONE', ( #2335, #7373 ), #7976, .T. ) ;
#5841 = DIRECTION ( 'NONE',  ( 1.000000000000000000, 0.000000000000000000, 0.000000000000000000 ) ) ;
#5842 = CIRCLE ( 'NONE', #142, 4.000000000000001776 ) ;
#5843 = ORIENTED_EDGE ( 'NONE', *, *, #506, .F. ) ;
#5844 = CARTESIAN_POINT ( 'NONE',  ( -13.00000000000000178, -43.22269074732326999, 7.000000000000000000 ) ) ;
#5845 = ORIENTED_EDGE ( 'NONE', *, *, #2566, .F. ) ;
#5846 = ORIENTED_EDGE ( 'NONE', *, *, #7955, .T. ) ;
#5847 = AXIS2_PLACEMENT_3D ( 'NONE', #2470, #1901, #3646 ) ;
#5848 = VECTOR ( 'NONE', #557, 1000.000000000000000 ) ;
#5849 = ADVANCED_FACE ( 'NONE', ( #7208 ), #3638, .T. ) ;
#5850 = VERTEX_POINT ( 'NONE', #4777 ) ;
#5851 = DIRECTION ( 'NONE',  ( -0.000000000000000000, -0.000000000000000000, -1.000000000000000000 ) ) ;
#5852 = FACE_OUTER_BOUND ( 'NONE', #5342, .T. ) ;
#5853 = DIRECTION ( 'NONE',  ( -0.000000000000000000, -0.000000000000000000, 1.000000000000000000 ) ) ;
#5854 = ORIENTED_EDGE ( 'NONE', *, *, #797, .F. ) ;
#5855 = DIRECTION ( 'NONE',  ( 1.000000000000000000, 0.000000000000000000, 0.000000000000000000 ) ) ;
#5856 = DIRECTION ( 'NONE',  ( 1.000000000000000000, 0.000000000000000000, 0.000000000000000000 ) ) ;
#5857 = CARTESIAN_POINT ( 'NONE',  ( 10.85573459261985363, -48.30011647367800265, -2.393825752622864123 ) ) ;
#5858 = ADVANCED_FACE ( 'NONE', ( #1163 ), #553, .F. ) ;
#5859 = ORIENTED_EDGE ( 'NONE', *, *, #3229, .F. ) ;
#5860 = PLANE ( 'NONE',  #2627 ) ;
#5861 = FACE_OUTER_BOUND ( 'NONE', #5770, .T. ) ;
#5862 = DIRECTION ( 'NONE',  ( -0.000000000000000000, -0.000000000000000000, 1.000000000000000000 ) ) ;
#5863 = ORIENTED_EDGE ( 'NONE', *, *, #7969, .T. ) ;
#5864 = AXIS2_PLACEMENT_3D ( 'NONE', #7025, #5695, #5044 ) ;
#5865 = VERTEX_POINT ( 'NONE', #5425 ) ;
#5866 = DIRECTION ( 'NONE',  ( -0.000000000000000000, -0.000000000000000000, 1.000000000000000000 ) ) ;
#5867 = LINE ( 'NONE', #5792, #800 ) ;
#5868 = FACE_OUTER_BOUND ( 'NONE', #5592, .T. ) ;
#5869 = EDGE_CURVE ( 'NONE', #5426, #7250, #2251, .T. ) ;
#5870 = FACE_BOUND ( 'NONE', #3126, .T. ) ;
#5871 = DIRECTION ( 'NONE',  ( -0.000000000000000000, 1.000000000000000000, -0.000000000000000000 ) ) ;
#5872 = ORIENTED_EDGE ( 'NONE', *, *, #1396, .F. ) ;
#5873 = DIRECTION ( 'NONE',  ( -1.000000000000000000, 0.000000000000000000, 0.000000000000000000 ) ) ;
#5874 = ORIENTED_EDGE ( 'NONE', *, *, #6920, .T. ) ;
#5875 = ORIENTED_EDGE ( 'NONE', *, *, #2888, .F. ) ;
#5876 = FACE_OUTER_BOUND ( 'NONE', #3639, .T. ) ;
#5877 = ORIENTED_EDGE ( 'NONE', *, *, #4171, .T. ) ;
#5878 = DIRECTION ( 'NONE',  ( -1.000000000000000000, 0.000000000000000000, 0.000000000000000000 ) ) ;
#5879 = ORIENTED_EDGE ( 'NONE', *, *, #2131, .T. ) ;
#5880 = PRODUCT_DEFINITION ( '普通', '', #317, #7843 ) ;
#5881 = ADVANCED_FACE ( 'NONE', ( #2422 ), #1681, .F. ) ;
#5882 = ORIENTED_EDGE ( 'NONE', *, *, #7873, .F. ) ;
#5883 = ORIENTED_EDGE ( 'NONE', *, *, #5150, .T. ) ;
#5884 = DIRECTION ( 'NONE',  ( 0.000000000000000000, 0.000000000000000000, -1.000000000000000000 ) ) ;
#5885 = AXIS2_PLACEMENT_3D ( 'NONE', #1874, #8006, #3023 ) ;
#5886 = DIRECTION ( 'NONE',  ( -0.000000000000000000, 1.000000000000000000, -0.000000000000000000 ) ) ;
#5887 = DIRECTION ( 'NONE',  ( 0.000000000000000000, 0.000000000000000000, -1.000000000000000000 ) ) ;
#5888 = EDGE_CURVE ( 'NONE', #608, #1137, #2403, .T. ) ;
#5889 = AXIS2_PLACEMENT_3D ( 'NONE', #6933, #3514, #5836 ) ;
#5890 = ORIENTED_EDGE ( 'NONE', *, *, #1846, .F. ) ;
#5891 = CIRCLE ( 'NONE', #1095, 1.899999999999999023 ) ;
#5892 = CARTESIAN_POINT ( 'NONE',  ( -12.60000000000000142, 5.849999999999910827, 7.000000000000000888 ) ) ;
#5893 = CARTESIAN_POINT ( 'NONE',  ( 8.000000000000001776, 24.94999999999998153, -1.000000000000000000 ) ) ;
#5894 = DIRECTION ( 'NONE',  ( 1.000000000000000000, 0.000000000000000000, 0.000000000000000000 ) ) ;
#5895 = ORIENTED_EDGE ( 'NONE', *, *, #3013, .T. ) ;
#5896 = CARTESIAN_POINT ( 'NONE',  ( 11.00000000000000000, 5.849999999999910827, -6.349999999999999645 ) ) ;
#5897 = LINE ( 'NONE', #6511, #3858 ) ;
#5898 = VECTOR ( 'NONE', #1079, 1000.000000000000000 ) ;
#5899 = CARTESIAN_POINT ( 'NONE',  ( -15.00000000000000178, -43.22269074732326999, -3.000000000000000000 ) ) ;
#5900 = AXIS2_PLACEMENT_3D ( 'NONE', #6612, #1047, #2306 ) ;
#5901 = EDGE_CURVE ( 'NONE', #5, #4568, #7457, .T. ) ;
#5902 = AXIS2_PLACEMENT_3D ( 'NONE', #1425, #3899, #6875 ) ;
#5903 = VERTEX_POINT ( 'NONE', #3516 ) ;
#5904 = VERTEX_POINT ( 'NONE', #7890 ) ;
#5905 = DIRECTION ( 'NONE',  ( -1.000000000000000000, 0.000000000000000000, 0.000000000000000000 ) ) ;
#5906 = DIRECTION ( 'NONE',  ( -0.000000000000000000, -0.000000000000000000, -1.000000000000000000 ) ) ;
#5907 = DIRECTION ( 'NONE',  ( -0.000000000000000000, -0.000000000000000000, 1.000000000000000000 ) ) ;
#5908 = CIRCLE ( 'NONE', #199, 4.000000000000000000 ) ;
#5909 = CYLINDRICAL_SURFACE ( 'NONE', #2614, 3.000000000000000888 ) ;
#5910 = DIRECTION ( 'NONE',  ( 0.000000000000000000, 0.000000000000000000, 1.000000000000000000 ) ) ;
#5911 = FACE_BOUND ( 'NONE', #3967, .T. ) ;
#5912 = EDGE_CURVE ( 'NONE', #4882, #7660, #6563, .T. ) ;
#5913 = ORIENTED_EDGE ( 'NONE', *, *, #1236, .T. ) ;
#5914 = ADVANCED_FACE ( 'NONE', ( #1643 ), #3556, .T. ) ;
#5915 = DIRECTION ( 'NONE',  ( 1.000000000000000000, 0.000000000000000000, 0.000000000000000000 ) ) ;
#5916 = ORIENTED_EDGE ( 'NONE', *, *, #4473, .F. ) ;
#5917 = VERTEX_POINT ( 'NONE', #425 ) ;
#5918 = DIRECTION ( 'NONE',  ( -0.000000000000000000, -0.000000000000000000, -1.000000000000000000 ) ) ;
#5919 = CARTESIAN_POINT ( 'NONE',  ( -17.00000000000000000, -48.22269074732328420, -3.999999999999998224 ) ) ;
#5920 = CIRCLE ( 'NONE', #6315, 3.000000000000004441 ) ;
#5921 = VERTEX_POINT ( 'NONE', #465 ) ;
#5922 = CARTESIAN_POINT ( 'NONE',  ( 12.79275485817915303, -49.56111307266397148, -3.116118602953296790 ) ) ;
#5923 = ORIENTED_EDGE ( 'NONE', *, *, #6582, .F. ) ;
#5924 = VECTOR ( 'NONE', #1623, 1000.000000000000000 ) ;
#5925 = ORIENTED_EDGE ( 'NONE', *, *, #6339, .F. ) ;
#5926 = VERTEX_POINT ( 'NONE', #6643 ) ;
#5927 = AXIS2_PLACEMENT_3D ( 'NONE', #1042, #5918, #389 ) ;
#5928 = DIRECTION ( 'NONE',  ( -0.000000000000000000, -0.000000000000000000, -1.000000000000000000 ) ) ;
#5929 = ADVANCED_FACE ( 'NONE', ( #1003 ), #2952, .T. ) ;
#5930 = AXIS2_PLACEMENT_3D ( 'NONE', #391, #5998, #7737 ) ;
#5931 = VERTEX_POINT ( 'NONE', #2908 ) ;
#5932 = PLANE ( 'NONE',  #3298 ) ;
#5933 = CARTESIAN_POINT ( 'NONE',  ( 23.59487539711820858, 6.799999999999998046, -1.000000000000000000 ) ) ;
#5934 = ORIENTED_EDGE ( 'NONE', *, *, #6003, .F. ) ;
#5935 = AXIS2_PLACEMENT_3D ( 'NONE', #985, #1588, #6548 ) ;
#5936 = CARTESIAN_POINT ( 'NONE',  ( -23.59487539711820858, 0.000000000000000000, -1.000000000000000000 ) ) ;
#5937 = CARTESIAN_POINT ( 'NONE',  ( -8.000000000000188294, 27.09831513016747806, -1.000000000000000000 ) ) ;
#5938 = DIRECTION ( 'NONE',  ( -0.000000000000000000, -0.000000000000000000, 1.000000000000000000 ) ) ;
#5939 = VERTEX_POINT ( 'NONE', #2992 ) ;
#5940 = EDGE_CURVE ( 'NONE', #7693, #6546, #5372, .T. ) ;
#5941 = DIRECTION ( 'NONE',  ( 1.000000000000000000, 0.000000000000000000, -0.000000000000000000 ) ) ;
#5942 = LINE ( 'NONE', #4560, #1399 ) ;
#5943 = DIRECTION ( 'NONE',  ( 0.000000000000000000, 0.000000000000000000, -1.000000000000000000 ) ) ;
#5944 = VECTOR ( 'NONE', #3822, 1000.000000000000000 ) ;
#5945 = ORIENTED_EDGE ( 'NONE', *, *, #2471, .F. ) ;
#5946 = DIRECTION ( 'NONE',  ( -0.000000000000000000, 0.000000000000000000, -1.000000000000000000 ) ) ;
#5947 = CARTESIAN_POINT ( 'NONE',  ( 9.449999999999999289, 16.85000000000000142, -5.000000000000000000 ) ) ;
#5948 = CARTESIAN_POINT ( 'NONE',  ( -21.49999999999995026, 7.849999999999999645, -9.650000000000000355 ) ) ;
#5949 = ADVANCED_FACE ( 'NONE', ( #5954 ), #3483, .T. ) ;
#5950 = DIRECTION ( 'NONE',  ( 0.000000000000000000, 0.000000000000000000, 1.000000000000000000 ) ) ;
#5951 = DIRECTION ( 'NONE',  ( 0.000000000000000000, 0.000000000000000000, -1.000000000000000000 ) ) ;
#5952 = DIRECTION ( 'NONE',  ( 1.000000000000000000, 0.000000000000000000, 0.000000000000000000 ) ) ;
#5953 = VERTEX_POINT ( 'NONE', #5340 ) ;
#5954 = FACE_OUTER_BOUND ( 'NONE', #7087, .T. ) ;
#5955 = VERTEX_POINT ( 'NONE', #7806 ) ;
#5956 = EDGE_LOOP ( 'NONE', ( #7098, #6992, #3420, #7849, #6264, #2134, #3674 ) ) ;
#5957 = DIRECTION ( 'NONE',  ( -1.000000000000000000, 0.000000000000000000, 0.000000000000000000 ) ) ;
#5958 = EDGE_CURVE ( 'NONE', #3668, #7176, #679, .T. ) ;
#5959 = EDGE_CURVE ( 'NONE', #1767, #3372, #3946, .T. ) ;
#5960 = FACE_OUTER_BOUND ( 'NONE', #7957, .T. ) ;
#5961 = ORIENTED_EDGE ( 'NONE', *, *, #6670, .F. ) ;
#5962 = CARTESIAN_POINT ( 'NONE',  ( -27.99999999999999645, 9.999999999999998224, -7.000000000000000000 ) ) ;
#5963 = ORIENTED_EDGE ( 'NONE', *, *, #5454, .F. ) ;
#5964 = VERTEX_POINT ( 'NONE', #5020 ) ;
#5965 = ADVANCED_FACE ( 'NONE', ( #5708 ), #6159, .T. ) ;
#5966 = EDGE_LOOP ( 'NONE', ( #7264, #4699, #6904, #6662, #789, #6672 ) ) ;
#5967 = VECTOR ( 'NONE', #2944, 1000.000000000000000 ) ;
#5968 = DIRECTION ( 'NONE',  ( -1.000000000000000000, -1.734723475976807587E-16, -0.000000000000000000 ) ) ;
#5969 = CARTESIAN_POINT ( 'NONE',  ( 27.25605529807265981, -19.00000000000003197, 6.999999999999999112 ) ) ;
#5970 = CARTESIAN_POINT ( 'NONE',  ( 16.00000000000000711, -43.22269074732326999, 5.000000000000000000 ) ) ;
#5971 = VECTOR ( 'NONE', #5533, 1000.000000000000000 ) ;
#5972 = EDGE_LOOP ( 'NONE', ( #3482, #979, #247, #1149 ) ) ;
#5973 = CARTESIAN_POINT ( 'NONE',  ( 11.53333333333333499, -48.52352925541694617, -1.000000000000000000 ) ) ;
#5974 = DIRECTION ( 'NONE',  ( 0.000000000000000000, 0.000000000000000000, 1.000000000000000000 ) ) ;
#5975 = CARTESIAN_POINT ( 'NONE',  ( 23.63822295986629740, 8.444066441232072506, -4.000000000000000000 ) ) ;
#5976 = ORIENTED_EDGE ( 'NONE', *, *, #4, .T. ) ;
#5977 = CARTESIAN_POINT ( 'NONE',  ( -13.00000000000000000, -28.21108598339804630, -5.500000000000000000 ) ) ;
#5978 = AXIS2_PLACEMENT_3D ( 'NONE', #5116, #2530, #7478 ) ;
#5979 = CARTESIAN_POINT ( 'NONE',  ( 12.90000000000000036, 5.849999999999910827, -6.350000000000000533 ) ) ;
#5980 = CIRCLE ( 'NONE', #1569, 2.000000000000001776 ) ;
#5981 = CARTESIAN_POINT ( 'NONE',  ( -9.449999999999359801, 19.24406644123204302, -5.500000000000000000 ) ) ;
#5982 = EDGE_LOOP ( 'NONE', ( #7311, #5345, #2042, #6985, #1021 ) ) ;
#5983 = ADVANCED_FACE ( 'NONE', ( #7565 ), #3125, .T. ) ;
#5984 = VECTOR ( 'NONE', #7043, 1000.000000000000000 ) ;
#5985 = CARTESIAN_POINT ( 'NONE',  ( 13.00000000000000178, -43.22269074732326999, 5.000000000000000000 ) ) ;
#5986 = CYLINDRICAL_SURFACE ( 'NONE', #5314, 1.599999999999999867 ) ;
#5987 = CARTESIAN_POINT ( 'NONE',  ( -11.00000000000000000, 5.849999999999910827, -9.650000000000000355 ) ) ;
#5988 = CARTESIAN_POINT ( 'NONE',  ( -13.00000000000000000, -28.93902645193045231, -5.500000000000000000 ) ) ;
#5989 = LINE ( 'NONE', #3479, #34 ) ;
#5990 = FACE_BOUND ( 'NONE', #7662, .T. ) ;
#5991 = AXIS2_PLACEMENT_3D ( 'NONE', #861, #2118, #7601 ) ;
#5992 = VERTEX_POINT ( 'NONE', #3723 ) ;
#5993 = DIRECTION ( 'NONE',  ( -0.000000000000000000, -1.000000000000000000, -0.000000000000000000 ) ) ;
#5994 = ORIENTED_EDGE ( 'NONE', *, *, #6750, .F. ) ;
#5995 = EDGE_CURVE ( 'NONE', #2395, #5133, #1975, .T. ) ;
#5996 = EDGE_LOOP ( 'NONE', ( #4778, #2995 ) ) ;
#5997 = CYLINDRICAL_SURFACE ( 'NONE', #1006, 0.5000000000000004441 ) ;
#5998 = DIRECTION ( 'NONE',  ( 0.000000000000000000, 0.000000000000000000, -1.000000000000000000 ) ) ;
#5999 = ORIENTED_EDGE ( 'NONE', *, *, #4586, .F. ) ;
#6000 = ORIENTED_EDGE ( 'NONE', *, *, #3774, .T. ) ;
#6001 = LINE ( 'NONE', #611, #7706 ) ;
#6002 = EDGE_LOOP ( 'NONE', ( #801, #2380, #6644, #3461 ) ) ;
#6003 = EDGE_CURVE ( 'NONE', #1156, #238, #7494, .T. ) ;
#6004 = EDGE_LOOP ( 'NONE', ( #4041, #1803, #331, #2437, #3332, #3300 ) ) ;
#6005 = LINE ( 'NONE', #5275, #3979 ) ;
#6006 = ORIENTED_EDGE ( 'NONE', *, *, #2064, .F. ) ;
#6007 = DIRECTION ( 'NONE',  ( -1.000000000000000000, 0.000000000000000000, 0.000000000000000000 ) ) ;
#6008 = EDGE_CURVE ( 'NONE', #3142, #4981, #3237, .T. ) ;
#6009 = CARTESIAN_POINT ( 'NONE',  ( -11.00000000000000355, -56.22269074732326999, -1.000000000000000000 ) ) ;
#6010 = EDGE_CURVE ( 'NONE', #1626, #5728, #2658, .T. ) ;
#6011 = ORIENTED_EDGE ( 'NONE', *, *, #415, .T. ) ;
#6012 = PLANE ( 'NONE',  #1775 ) ;
#6013 = DIRECTION ( 'NONE',  ( -1.000000000000000000, 1.734723475976807341E-16, -0.000000000000000000 ) ) ;
#6014 = CARTESIAN_POINT ( 'NONE',  ( -14.00000000000000000, -5.150000000000045652, -5.500000000000000000 ) ) ;
#6015 = ORIENTED_EDGE ( 'NONE', *, *, #4472, .T. ) ;
#6016 = DIRECTION ( 'NONE',  ( -1.000000000000000000, 0.000000000000000000, -0.000000000000000000 ) ) ;
#6017 = CARTESIAN_POINT ( 'NONE',  ( -10.50000000000000000, 16.85000000000000142, -7.000000000000000000 ) ) ;
#6018 = LINE ( 'NONE', #1029, #1487 ) ;
#6019 = AXIS2_PLACEMENT_3D ( 'NONE', #6733, #2960, #5515 ) ;
#6020 = ORIENTED_EDGE ( 'NONE', *, *, #507, .F. ) ;
#6021 = CARTESIAN_POINT ( 'NONE',  ( 13.00000000000000178, -43.22269074732326999, -1.000000000000000000 ) ) ;
#6022 = PLANE ( 'NONE',  #7392 ) ;
#6023 = DIRECTION ( 'NONE',  ( -6.071532165918996013E-15, -1.000000000000000000, 0.000000000000000000 ) ) ;
#6024 = AXIS2_PLACEMENT_3D ( 'NONE', #7289, #7327, #6074 ) ;
#6025 = CARTESIAN_POINT ( 'NONE',  ( 14.00000000000000000, -24.00000000000002132, -7.000000000000000000 ) ) ;
#6026 = PLANE ( 'NONE',  #7414 ) ;
#6027 = EDGE_CURVE ( 'NONE', #6222, #1326, #5113, .T. ) ;
#6028 = AXIS2_PLACEMENT_3D ( 'NONE', #7715, #986, #4028 ) ;
#6029 = EDGE_LOOP ( 'NONE', ( #4578, #6507, #807, #1211 ) ) ;
#6030 = DIRECTION ( 'NONE',  ( -0.000000000000000000, -0.000000000000000000, 1.000000000000000000 ) ) ;
#6031 = VERTEX_POINT ( 'NONE', #598 ) ;
#6032 = ORIENTED_EDGE ( 'NONE', *, *, #4380, .T. ) ;
#6033 = DIRECTION ( 'NONE',  ( 1.000000000000000000, 0.000000000000000000, 0.000000000000000000 ) ) ;
#6034 = CARTESIAN_POINT ( 'NONE',  ( 9.758431805000896020, -47.66591431104029652, -5.500000000000000000 ) ) ;
#6035 = AXIS2_PLACEMENT_3D ( 'NONE', #7641, #2083, #5210 ) ;
#6036 = DIRECTION ( 'NONE',  ( -0.000000000000000000, -0.000000000000000000, 1.000000000000000000 ) ) ;
#6037 = PLANE ( 'NONE',  #3517 ) ;
#6038 = EDGE_CURVE ( 'NONE', #7789, #810, #110, .T. ) ;
#6039 = ORIENTED_EDGE ( 'NONE', *, *, #234, .T. ) ;
#6040 = DIRECTION ( 'NONE',  ( -1.000000000000000000, 0.000000000000000000, 0.000000000000000000 ) ) ;
#6041 = EDGE_LOOP ( 'NONE', ( #7794, #7743 ) ) ;
#6042 = DIRECTION ( 'NONE',  ( -1.000000000000000000, 0.000000000000000000, 0.000000000000000000 ) ) ;
#6043 = VERTEX_POINT ( 'NONE', #3083 ) ;
#6044 = VECTOR ( 'NONE', #7271, 1000.000000000000000 ) ;
#6045 = ORIENTED_EDGE ( 'NONE', *, *, #4366, .T. ) ;
#6046 = CARTESIAN_POINT ( 'NONE',  ( 0.000000000000000000, 0.000000000000000000, -9.650000000000000355 ) ) ;
#6047 = EDGE_CURVE ( 'NONE', #4245, #2496, #6676, .T. ) ;
#6048 = CIRCLE ( 'NONE', #6568, 1.899999999999999023 ) ;
#6049 = VERTEX_POINT ( 'NONE', #8022 ) ;
#6050 = ORIENTED_EDGE ( 'NONE', *, *, #921, .F. ) ;
#6051 = DIRECTION ( 'NONE',  ( -0.000000000000000000, -0.000000000000000000, -1.000000000000000000 ) ) ;
#6052 = CIRCLE ( 'NONE', #6427, 2.000000000000001776 ) ;
#6053 = ORIENTED_EDGE ( 'NONE', *, *, #2366, .T. ) ;
#6054 = CIRCLE ( 'NONE', #4756, 4.000000000000003553 ) ;
#6055 = DIRECTION ( 'NONE',  ( 0.08715574274765502949, 0.9961946980917457672, -0.000000000000000000 ) ) ;
#6056 = DIRECTION ( 'NONE',  ( 0.000000000000000000, 0.000000000000000000, 1.000000000000000000 ) ) ;
#6057 = LINE ( 'NONE', #3020, #7472 ) ;
#6058 = ORIENTED_EDGE ( 'NONE', *, *, #4521, .F. ) ;
#6059 = CIRCLE ( 'NONE', #2439, 5.049999999999998934 ) ;
#6060 = EDGE_CURVE ( 'NONE', #3294, #5123, #7323, .T. ) ;
#6061 = CARTESIAN_POINT ( 'NONE',  ( 25.09487539711820503, 2.226630515586007067E-13, -5.000000000000000000 ) ) ;
#6062 = EDGE_CURVE ( 'NONE', #2423, #4003, #3835, .T. ) ;
#6063 = DIRECTION ( 'NONE',  ( -1.000000000000000000, 0.000000000000000000, 0.000000000000000000 ) ) ;
#6064 = CYLINDRICAL_SURFACE ( 'NONE', #6166, 1.899999999999999023 ) ;
#6065 = AXIS2_PLACEMENT_3D ( 'NONE', #2582, #5745, #4365 ) ;
#6066 = ORIENTED_EDGE ( 'NONE', *, *, #4814, .F. ) ;
#6067 = CARTESIAN_POINT ( 'NONE',  ( -10.39129341151836705, -27.00000000000000000, -5.500000000000000000 ) ) ;
#6068 = CARTESIAN_POINT ( 'NONE',  ( -25.49999999999994671, 7.850000000000004974, -7.000000000000000000 ) ) ;
#6069 = LINE ( 'NONE', #4934, #4372 ) ;
#6070 = AXIS2_PLACEMENT_3D ( 'NONE', #667, #1311, #1876 ) ;
#6071 = DIRECTION ( 'NONE',  ( 0.000000000000000000, 0.000000000000000000, 1.000000000000000000 ) ) ;
#6072 = CARTESIAN_POINT ( 'NONE',  ( 21.50000000000000000, -0.1499999999999973577, -9.650000000000000355 ) ) ;
#6073 = ORIENTED_EDGE ( 'NONE', *, *, #1245, .F. ) ;
#6074 = DIRECTION ( 'NONE',  ( -1.000000000000000000, 0.000000000000000000, 0.000000000000000000 ) ) ;
#6075 = EDGE_LOOP ( 'NONE', ( #2068, #4582, #6695, #3236 ) ) ;
#6076 = VERTEX_POINT ( 'NONE', #1287 ) ;
#6077 = DIRECTION ( 'NONE',  ( 3.818726056296495018E-16, 1.000000000000000000, 0.000000000000000000 ) ) ;
#6078 = CARTESIAN_POINT ( 'NONE',  ( -8.000000000000000000, 23.34999999999998010, -9.650000000000000355 ) ) ;
#6079 = EDGE_CURVE ( 'NONE', #3932, #7891, #2545, .T. ) ;
#6080 = CARTESIAN_POINT ( 'NONE',  ( -6.605095560780592123, 24.13373567319981561, -5.500000000000000000 ) ) ;
#6081 = DIRECTION ( 'NONE',  ( 0.000000000000000000, 0.000000000000000000, 1.000000000000000000 ) ) ;
#6082 = ORIENTED_EDGE ( 'NONE', *, *, #483, .F. ) ;
#6083 = ORIENTED_EDGE ( 'NONE', *, *, #7768, .F. ) ;
#6084 = EDGE_LOOP ( 'NONE', ( #3404, #7011 ) ) ;
#6085 = DIRECTION ( 'NONE',  ( -0.000000000000000000, -0.000000000000000000, -1.000000000000000000 ) ) ;
#6086 = EDGE_LOOP ( 'NONE', ( #965, #3865 ) ) ;
#6087 = ADVANCED_FACE ( 'NONE', ( #3799 ), #4369, .F. ) ;
#6088 = EDGE_CURVE ( 'NONE', #1458, #6515, #1608, .T. ) ;
#6089 = VERTEX_POINT ( 'NONE', #2585 ) ;
#6090 = DIRECTION ( 'NONE',  ( 0.000000000000000000, -1.000000000000000000, 0.000000000000000000 ) ) ;
#6091 = ORIENTED_EDGE ( 'NONE', *, *, #4899, .T. ) ;
#6092 = ORIENTED_EDGE ( 'NONE', *, *, #2761, .F. ) ;
#6093 = DIRECTION ( 'NONE',  ( 0.000000000000000000, 0.000000000000000000, -1.000000000000000000 ) ) ;
#6094 = ADVANCED_FACE ( 'NONE', ( #5591, #4979 ), #1893, .T. ) ;
#6095 = VECTOR ( 'NONE', #1582, 1000.000000000000000 ) ;
#6096 = LINE ( 'NONE', #1793, #3090 ) ;
#6097 = CARTESIAN_POINT ( 'NONE',  ( -8.000000000000000000, 37.74406644123207144, 7.000000000000000000 ) ) ;
#6098 = DIRECTION ( 'NONE',  ( 1.000000000000000000, 0.000000000000000000, 0.000000000000000000 ) ) ;
#6099 = ORIENTED_EDGE ( 'NONE', *, *, #4643, .T. ) ;
#6100 = CARTESIAN_POINT ( 'NONE',  ( -11.00000000000000178, -35.99427459992278244, -1.000000000000000000 ) ) ;
#6101 = CARTESIAN_POINT ( 'NONE',  ( -9.999999999999998224, -43.22269074732326999, 5.000000000000000000 ) ) ;
#6102 = CARTESIAN_POINT ( 'NONE',  ( 26.00000000000000000, 9.999999999999998224, -3.999999999999999112 ) ) ;
#6103 = CARTESIAN_POINT ( 'NONE',  ( 13.00000000000000178, -35.99427459992278244, 64.09969851780280692 ) ) ;
#6104 = CIRCLE ( 'NONE', #3776, 2.000000000000000000 ) ;
#6105 = ORIENTED_EDGE ( 'NONE', *, *, #3312, .F. ) ;
#6106 = EDGE_CURVE ( 'NONE', #4261, #1182, #6965, .T. ) ;
#6107 = CARTESIAN_POINT ( 'NONE',  ( -6.999999999999998224, 5.849999999999910827, -9.650000000000000355 ) ) ;
#6108 = DIRECTION ( 'NONE',  ( 1.000000000000000000, 0.000000000000000000, 0.000000000000000000 ) ) ;
#6109 = DIRECTION ( 'NONE',  ( -0.000000000000000000, -0.000000000000000000, -1.000000000000000000 ) ) ;
#6110 = CIRCLE ( 'NONE', #2737, 4.000000000000001776 ) ;
#6111 = DIRECTION ( 'NONE',  ( 0.000000000000000000, 0.000000000000000000, 1.000000000000000000 ) ) ;
#6112 = LINE ( 'NONE', #3035, #5331 ) ;
#6113 = VECTOR ( 'NONE', #1871, 1000.000000000000000 ) ;
#6114 = ORIENTED_EDGE ( 'NONE', *, *, #3013, .F. ) ;
#6115 = DIRECTION ( 'NONE',  ( 0.000000000000000000, 0.000000000000000000, -1.000000000000000000 ) ) ;
#6116 = CIRCLE ( 'NONE', #275, 4.000000000000000888 ) ;
#6117 = CIRCLE ( 'NONE', #7659, 9.999999999999998224 ) ;
#6118 = ORIENTED_EDGE ( 'NONE', *, *, #2256, .F. ) ;
#6119 = EDGE_CURVE ( 'NONE', #5939, #7693, #442, .T. ) ;
#6120 = VERTEX_POINT ( 'NONE', #6621 ) ;
#6121 = ADVANCED_FACE ( 'NONE', ( #868, #224, #6434 ), #2051, .T. ) ;
#6122 = CARTESIAN_POINT ( 'NONE',  ( -5.000000000000204281, 29.74406644123207144, -4.000000000000000000 ) ) ;
#6123 = DIRECTION ( 'NONE',  ( -0.000000000000000000, -0.000000000000000000, -1.000000000000000000 ) ) ;
#6124 = CARTESIAN_POINT ( 'NONE',  ( -5.000000000000000888, 29.74406644123207144, 7.000000000000000000 ) ) ;
#6125 = AXIS2_PLACEMENT_3D ( 'NONE', #5977, #4762, #7234 ) ;
#6126 = CARTESIAN_POINT ( 'NONE',  ( -7.000000000000001776, 29.74406644123207144, -3.000000000000000000 ) ) ;
#6127 = CARTESIAN_POINT ( 'NONE',  ( -8.000000000000188294, 27.09831513016747806, -4.000000000000000000 ) ) ;
#6128 = ORIENTED_EDGE ( 'NONE', *, *, #4357, .F. ) ;
#6129 = LINE ( 'NONE', #4208, #1749 ) ;
#6130 = ORIENTED_EDGE ( 'NONE', *, *, #1867, .F. ) ;
#6131 = DIRECTION ( 'NONE',  ( -0.000000000000000000, -0.000000000000000000, -1.000000000000000000 ) ) ;
#6132 = ORIENTED_EDGE ( 'NONE', *, *, #6554, .T. ) ;
#6133 = EDGE_LOOP ( 'NONE', ( #3812, #2107, #5843, #7586 ) ) ;
#6134 = CYLINDRICAL_SURFACE ( 'NONE', #6196, 4.000000000000000000 ) ;
#6135 = EDGE_CURVE ( 'NONE', #7348, #5850, #585, .T. ) ;
#6136 = ADVANCED_FACE ( 'NONE', ( #2928, #6392 ), #1020, .T. ) ;
#6137 = ORIENTED_EDGE ( 'NONE', *, *, #6700, .F. ) ;
#6138 = VERTEX_POINT ( 'NONE', #7787 ) ;
#6139 = CARTESIAN_POINT ( 'NONE',  ( -4.025261866081264017, -47.91752513737967689, -5.574665044691319515 ) ) ;
#6140 = CARTESIAN_POINT ( 'NONE',  ( -22.25590207615680427, 24.24406644123207499, -1.000000000000000000 ) ) ;
#6141 = CARTESIAN_POINT ( 'NONE',  ( -5.933350533826674322, 23.72277336810118342, 7.000000000000000000 ) ) ;
#6142 = DIRECTION ( 'NONE',  ( 0.000000000000000000, 0.000000000000000000, 1.000000000000000000 ) ) ;
#6143 = ORIENTED_EDGE ( 'NONE', *, *, #7427, .T. ) ;
#6144 = CYLINDRICAL_SURFACE ( 'NONE', #2255, 5.499999999999998224 ) ;
#6145 = CARTESIAN_POINT ( 'NONE',  ( 34.14487539711820574, 2.220446049250313081E-13, -7.000000000000000000 ) ) ;
#6146 = DIRECTION ( 'NONE',  ( 1.000000000000000000, 0.000000000000000000, 0.000000000000000000 ) ) ;
#6147 = EDGE_CURVE ( 'NONE', #4199, #6868, #2233, .T. ) ;
#6148 = DIRECTION ( 'NONE',  ( -1.000000000000000000, -1.734723475976807341E-16, -0.000000000000000000 ) ) ;
#6149 = ORIENTED_EDGE ( 'NONE', *, *, #6865, .T. ) ;
#6150 = FACE_OUTER_BOUND ( 'NONE', #4940, .T. ) ;
#6151 = FACE_OUTER_BOUND ( 'NONE', #6915, .T. ) ;
#6152 = CARTESIAN_POINT ( 'NONE',  ( 30.14487539711820929, 2.220446049250313081E-13, -5.000000000000000000 ) ) ;
#6153 = CIRCLE ( 'NONE', #5761, 6.549999999999895905 ) ;
#6154 = DIRECTION ( 'NONE',  ( 1.000000000000000000, 0.000000000000000000, 0.000000000000000000 ) ) ;
#6155 = LINE ( 'NONE', #595, #6377 ) ;
#6156 = ADVANCED_FACE ( 'NONE', ( #4707 ), #1436, .F. ) ;
#6157 = AXIS2_PLACEMENT_3D ( 'NONE', #6379, #5115, #2727 ) ;
#6158 = EDGE_LOOP ( 'NONE', ( #826, #5517 ) ) ;
#6159 = PLANE ( 'NONE',  #6165 ) ;
#6160 = VERTEX_POINT ( 'NONE', #5933 ) ;
#6161 = VERTEX_POINT ( 'NONE', #3459 ) ;
#6162 = CARTESIAN_POINT ( 'NONE',  ( 9.600000000000001421, 23.34999999999998010, 7.000000000000000888 ) ) ;
#6163 = CARTESIAN_POINT ( 'NONE',  ( -30.14487539711820929, 0.000000000000000000, -5.000000000000000000 ) ) ;
#6164 = CARTESIAN_POINT ( 'NONE',  ( -5.000000000000000888, 29.74406644123207144, -3.000000000000000000 ) ) ;
#6165 = AXIS2_PLACEMENT_3D ( 'NONE', #754, #3162, #1324 ) ;
#6166 = AXIS2_PLACEMENT_3D ( 'NONE', #5452, #6148, #7881 ) ;
#6167 = DIRECTION ( 'NONE',  ( -0.000000000000000000, -0.000000000000000000, -1.000000000000000000 ) ) ;
#6168 = LINE ( 'NONE', #1171, #1313 ) ;
#6169 = ADVANCED_FACE ( 'NONE', ( #3273 ), #823, .T. ) ;
#6170 = EDGE_CURVE ( 'NONE', #1936, #3598, #3537, .T. ) ;
#6171 = DIRECTION ( 'NONE',  ( -1.000000000000000000, 0.000000000000000000, 0.000000000000000000 ) ) ;
#6172 = CIRCLE ( 'NONE', #3956, 1.600000000000002531 ) ;
#6173 = EDGE_LOOP ( 'NONE', ( #2011, #4258, #87, #1304 ) ) ;
#6174 = DIRECTION ( 'NONE',  ( -0.000000000000000000, -0.000000000000000000, -1.000000000000000000 ) ) ;
#6175 = EDGE_LOOP ( 'NONE', ( #6277, #3914, #928, #738 ) ) ;
#6176 = VECTOR ( 'NONE', #6410, 1000.000000000000000 ) ;
#6177 = AXIS2_PLACEMENT_3D ( 'NONE', #6482, #956, #271 ) ;
#6178 = ORIENTED_EDGE ( 'NONE', *, *, #4746, .F. ) ;
#6179 = CARTESIAN_POINT ( 'NONE',  ( 12.89870828346177234, -49.82269074732327141, -3.999999999999998224 ) ) ;
#6180 = VERTEX_POINT ( 'NONE', #1472 ) ;
#6181 = VECTOR ( 'NONE', #2676, 1000.000000000000000 ) ;
#6182 = ORIENTED_EDGE ( 'NONE', *, *, #7757, .F. ) ;
#6183 = CARTESIAN_POINT ( 'NONE',  ( -5.949999999999999289, 24.24406644123207499, -5.500000000000000000 ) ) ;
#6184 = DIRECTION ( 'NONE',  ( 3.818726056296495018E-16, 1.000000000000000000, -0.000000000000000000 ) ) ;
#6185 = CARTESIAN_POINT ( 'NONE',  ( -8.676806735756560585, -46.62269074732328988, -3.999999999999998224 ) ) ;
#6186 = EDGE_CURVE ( 'NONE', #262, #7109, #3949, .T. ) ;
#6187 = VERTEX_POINT ( 'NONE', #7183 ) ;
#6188 = AXIS2_PLACEMENT_3D ( 'NONE', #4709, #3539, #7187 ) ;
#6189 = DIRECTION ( 'NONE',  ( -1.000000000000000000, -0.000000000000000000, -0.000000000000000000 ) ) ;
#6190 = DIRECTION ( 'NONE',  ( 0.000000000000000000, -1.000000000000000000, 0.000000000000000000 ) ) ;
#6191 = DIRECTION ( 'NONE',  ( 0.000000000000000000, 0.000000000000000000, 1.000000000000000000 ) ) ;
#6192 = LINE ( 'NONE', #1278, #4345 ) ;
#6193 = AXIS2_PLACEMENT_3D ( 'NONE', #5987, #3592, #3510 ) ;
#6194 = VECTOR ( 'NONE', #2875, 1000.000000000000000 ) ;
#6195 = VERTEX_POINT ( 'NONE', #1620 ) ;
#6196 = AXIS2_PLACEMENT_3D ( 'NONE', #6698, #49, #1094 ) ;
#6197 = CARTESIAN_POINT ( 'NONE',  ( 11.00000000000000000, 5.849999999999910827, -9.650000000000000355 ) ) ;
#6198 = CARTESIAN_POINT ( 'NONE',  ( 26.00000000000000355, 16.84999999999999787, -7.000000000000000000 ) ) ;
#6199 = DIRECTION ( 'NONE',  ( 1.000000000000000000, 0.000000000000000000, 0.000000000000000000 ) ) ;
#6200 = ADVANCED_FACE ( 'NONE', ( #4095 ), #5357, .F. ) ;
#6201 = AXIS2_PLACEMENT_3D ( 'NONE', #5830, #872, #3240 ) ;
#6202 = DIRECTION ( 'NONE',  ( -1.000000000000000000, 2.284071015352047492E-16, 0.000000000000000000 ) ) ;
#6203 = ORIENTED_EDGE ( 'NONE', *, *, #5661, .F. ) ;
#6204 = CARTESIAN_POINT ( 'NONE',  ( 8.847089727481716182E-14, 21.24406644123204302, 6.999999999999999112 ) ) ;
#6205 = ORIENTED_EDGE ( 'NONE', *, *, #6886, .F. ) ;
#6206 = VERTEX_POINT ( 'NONE', #5747 ) ;
#6207 = LINE ( 'NONE', #6773, #4626 ) ;
#6208 = DIRECTION ( 'NONE',  ( 0.000000000000000000, 0.000000000000000000, 1.000000000000000000 ) ) ;
#6209 = DIRECTION ( 'NONE',  ( -0.000000000000000000, 0.000000000000000000, -1.000000000000000000 ) ) ;
#6210 = EDGE_CURVE ( 'NONE', #2918, #5399, #787, .T. ) ;
#6211 = CARTESIAN_POINT ( 'NONE',  ( -11.00000000000000000, 5.849999999999910827, -6.350000000000000533 ) ) ;
#6212 = CARTESIAN_POINT ( 'NONE',  ( -16.00000000000000000, 8.799999999999998934, -5.500000000000000000 ) ) ;
#6213 = CARTESIAN_POINT ( 'NONE',  ( -11.00000000000000000, 5.849999999999910827, -9.650000000000000355 ) ) ;
#6214 = VERTEX_POINT ( 'NONE', #406 ) ;
#6215 = DIRECTION ( 'NONE',  ( -0.000000000000000000, -0.000000000000000000, -1.000000000000000000 ) ) ;
#6216 = VECTOR ( 'NONE', #320, 1000.000000000000000 ) ;
#6217 = ORIENTED_EDGE ( 'NONE', *, *, #2334, .F. ) ;
#6218 = EDGE_CURVE ( 'NONE', #6187, #7683, #4874, .T. ) ;
#6219 = EDGE_CURVE ( 'NONE', #7259, #1123, #2358, .T. ) ;
#6220 = DIRECTION ( 'NONE',  ( -0.000000000000000000, -0.000000000000000000, -1.000000000000000000 ) ) ;
#6221 = ORIENTED_EDGE ( 'NONE', *, *, #4779, .T. ) ;
#6222 = VERTEX_POINT ( 'NONE', #573 ) ;
#6223 = LINE ( 'NONE', #6183, #593 ) ;
#6224 = EDGE_CURVE ( 'NONE', #7137, #184, #3442, .T. ) ;
#6225 = CARTESIAN_POINT ( 'NONE',  ( 8.000000000000000000, 32.38981775229666482, -4.000000000000000000 ) ) ;
#6226 = DIRECTION ( 'NONE',  ( -0.000000000000000000, -0.000000000000000000, 1.000000000000000000 ) ) ;
#6227 = VERTEX_POINT ( 'NONE', #3061 ) ;
#6228 = CARTESIAN_POINT ( 'NONE',  ( -16.00000000000000355, 16.84999999999999787, 7.000000000000000000 ) ) ;
#6229 = CARTESIAN_POINT ( 'NONE',  ( -8.999999999999998224, -43.22269074732326999, 7.000000000000000000 ) ) ;
#6230 = LINE ( 'NONE', #5045, #5944 ) ;
#6231 = DIRECTION ( 'NONE',  ( 0.000000000000000000, 0.000000000000000000, 1.000000000000000000 ) ) ;
#6232 = ORIENTED_EDGE ( 'NONE', *, *, #5386, .F. ) ;
#6233 = DIRECTION ( 'NONE',  ( 0.000000000000000000, 0.000000000000000000, 1.000000000000000000 ) ) ;
#6234 = CARTESIAN_POINT ( 'NONE',  ( 8.000000000000000000, 23.34999999999998010, -6.350000000000000533 ) ) ;
#6235 = CARTESIAN_POINT ( 'NONE',  ( -21.50000000000000000, -0.1499999999997753131, -9.650000000000000355 ) ) ;
#6236 = VECTOR ( 'NONE', #6396, 1000.000000000000000 ) ;
#6237 = CARTESIAN_POINT ( 'NONE',  ( -12.60000000000000142, 5.849999999999910827, -6.349999999999999645 ) ) ;
#6238 = EDGE_CURVE ( 'NONE', #4051, #392, #842, .T. ) ;
#6239 = EDGE_CURVE ( 'NONE', #5300, #7847, #1491, .T. ) ;
#6240 = VERTEX_POINT ( 'NONE', #13 ) ;
#6241 = DIRECTION ( 'NONE',  ( -1.000000000000000000, 2.284071015352047985E-16, -0.000000000000000000 ) ) ;
#6242 = ORIENTED_EDGE ( 'NONE', *, *, #7562, .T. ) ;
#6243 = VERTEX_POINT ( 'NONE', #3744 ) ;
#6244 = AXIS2_PLACEMENT_3D ( 'NONE', #6286, #5681, #6250 ) ;
#6245 = VECTOR ( 'NONE', #1747, 1000.000000000000000 ) ;
#6246 = CARTESIAN_POINT ( 'NONE',  ( 16.00000000000000000, 16.85000000000000142, -5.000000000000000000 ) ) ;
#6247 = CARTESIAN_POINT ( 'NONE',  ( -3.305443769227874640, -21.00000000000001776, 6.455443769227854567 ) ) ;
#6248 = CARTESIAN_POINT ( 'NONE',  ( 6.425409930534610403, 23.63401780426756460, 3.000000000000000888 ) ) ;
#6249 = DIRECTION ( 'NONE',  ( -0.000000000000000000, -0.000000000000000000, 1.000000000000000000 ) ) ;
#6250 = DIRECTION ( 'NONE',  ( 3.818726056296495018E-16, 1.000000000000000000, -0.000000000000000000 ) ) ;
#6251 = DIRECTION ( 'NONE',  ( 1.000000000000000000, 0.000000000000000000, 0.000000000000000000 ) ) ;
#6252 = AXIS2_PLACEMENT_3D ( 'NONE', #7631, #2073, #2647 ) ;
#6253 = CARTESIAN_POINT ( 'NONE',  ( -9.449999999999359801, 21.47716791996685259, 64.09969851780280692 ) ) ;
#6254 = AXIS2_PLACEMENT_3D ( 'NONE', #2508, #6324, #5751 ) ;
#6255 = EDGE_CURVE ( 'NONE', #6243, #7899, #81, .T. ) ;
#6256 = ORIENTED_EDGE ( 'NONE', *, *, #893, .T. ) ;
#6257 = CARTESIAN_POINT ( 'NONE',  ( 2.764960462396373497, -48.52171823863614009, -5.583056885000944547 ) ) ;
#6258 = EDGE_LOOP ( 'NONE', ( #3608, #4835, #1705, #1751 ) ) ;
#6259 = AXIS2_PLACEMENT_3D ( 'NONE', #6640, #1036, #6678 ) ;
#6260 = DIRECTION ( 'NONE',  ( 1.000000000000000000, 0.000000000000000000, 0.000000000000000000 ) ) ;
#6261 = EDGE_CURVE ( 'NONE', #3112, #3932, #7910, .T. ) ;
#6262 = ORIENTED_EDGE ( 'NONE', *, *, #473, .T. ) ;
#6263 = CIRCLE ( 'NONE', #2755, 0.5000000000000004441 ) ;
#6264 = ORIENTED_EDGE ( 'NONE', *, *, #5285, .F. ) ;
#6265 = ORIENTED_EDGE ( 'NONE', *, *, #6147, .F. ) ;
#6266 = CARTESIAN_POINT ( 'NONE',  ( 13.79999999999999893, -49.82269074732327852, -3.999999999999998224 ) ) ;
#6267 = DIRECTION ( 'NONE',  ( 0.08715574274766199614, -0.9961946980917452121, 0.000000000000000000 ) ) ;
#6268 = DIRECTION ( 'NONE',  ( 0.000000000000000000, 0.000000000000000000, 1.000000000000000000 ) ) ;
#6269 = EDGE_CURVE ( 'NONE', #3095, #2890, #4177, .T. ) ;
#6270 = EDGE_CURVE ( 'NONE', #2224, #6666, #3448, .T. ) ;
#6271 = DIRECTION ( 'NONE',  ( -1.000000000000000000, 0.000000000000000000, 0.000000000000000000 ) ) ;
#6272 = VERTEX_POINT ( 'NONE', #2316 ) ;
#6273 = CARTESIAN_POINT ( 'NONE',  ( -30.14487539711820929, 0.000000000000000000, -1.000000000000000000 ) ) ;
#6274 = CYLINDRICAL_SURFACE ( 'NONE', #14, 1.899999999999999689 ) ;
#6275 = PLANE ( 'NONE',  #3912 ) ;
#6276 = DIRECTION ( 'NONE',  ( -1.000000000000000000, 0.000000000000000000, 0.000000000000000000 ) ) ;
#6277 = ORIENTED_EDGE ( 'NONE', *, *, #2882, .F. ) ;
#6278 = CARTESIAN_POINT ( 'NONE',  ( -5.000000000000000888, 29.74406644123207144, -3.000000000000000000 ) ) ;
#6279 = EDGE_LOOP ( 'NONE', ( #1725, #5535, #3707, #3059 ) ) ;
#6280 = ORIENTED_EDGE ( 'NONE', *, *, #6147, .T. ) ;
#6281 = DIRECTION ( 'NONE',  ( -1.000000000000000000, 0.000000000000000000, 0.000000000000000000 ) ) ;
#6282 = CARTESIAN_POINT ( 'NONE',  ( -27.25605529807277705, -19.00000000000001066, -1.000000000000000888 ) ) ;
#6283 = DIRECTION ( 'NONE',  ( 1.987938561099767059E-14, 1.000000000000000000, 0.000000000000000000 ) ) ;
#6284 = EDGE_CURVE ( 'NONE', #5035, #2637, #5379, .T. ) ;
#6285 = DIRECTION ( 'NONE',  ( -1.000000000000000000, 0.000000000000000000, 0.000000000000000000 ) ) ;
#6286 = CARTESIAN_POINT ( 'NONE',  ( -3.850000000000010747, -21.00000000000001776, 7.000000000000000000 ) ) ;
#6287 = PLANE ( 'NONE',  #1647 ) ;
#6288 = PLANE ( 'NONE',  #4736 ) ;
#6289 = EDGE_LOOP ( 'NONE', ( #6786, #2349 ) ) ;
#6290 = FACE_OUTER_BOUND ( 'NONE', #6964, .T. ) ;
#6291 = ORIENTED_EDGE ( 'NONE', *, *, #2804, .F. ) ;
#6292 = CIRCLE ( 'NONE', #1872, 2.000000000000000000 ) ;
#6293 = EDGE_CURVE ( 'NONE', #564, #3325, #489, .T. ) ;
#6294 = AXIS2_PLACEMENT_3D ( 'NONE', #1296, #3844, #4456 ) ;
#6295 = CYLINDRICAL_SURFACE ( 'NONE', #869, 2.999999999999999112 ) ;
#6296 = CIRCLE ( 'NONE', #2794, 6.550000000000000711 ) ;
#6297 = AXIS2_PLACEMENT_3D ( 'NONE', #4846, #1840, #631 ) ;
#6298 = ORIENTED_EDGE ( 'NONE', *, *, #3140, .T. ) ;
#6299 = EDGE_LOOP ( 'NONE', ( #2326, #6984 ) ) ;
#6300 = AXIS2_PLACEMENT_3D ( 'NONE', #1704, #5532, #659 ) ;
#6301 = EDGE_CURVE ( 'NONE', #3600, #5527, #2922, .T. ) ;
#6302 = ORIENTED_EDGE ( 'NONE', *, *, #164, .T. ) ;
#6303 = CARTESIAN_POINT ( 'NONE',  ( 17.00000000000000000, -50.12269074732328278, -3.999999999999998224 ) ) ;
#6304 = CARTESIAN_POINT ( 'NONE',  ( -26.00000000000000355, 16.84999999999999432, 7.000000000000000000 ) ) ;
#6305 = CARTESIAN_POINT ( 'NONE',  ( 1.865446418204842916, -48.77946718360626477, -5.500000000000000000 ) ) ;
#6306 = CARTESIAN_POINT ( 'NONE',  ( 7.949999999999998401, 19.24406644123204657, -5.500000000000000000 ) ) ;
#6307 = FACE_OUTER_BOUND ( 'NONE', #3424, .T. ) ;
#6308 = ORIENTED_EDGE ( 'NONE', *, *, #121, .F. ) ;
#6309 = CIRCLE ( 'NONE', #463, 2.000000000000000000 ) ;
#6310 = LINE ( 'NONE', #5822, #5271 ) ;
#6311 = CARTESIAN_POINT ( 'NONE',  ( 5.000000000000000888, 29.74406644123207144, -7.000000000000000000 ) ) ;
#6312 = CARTESIAN_POINT ( 'NONE',  ( -11.53333333333333499, -48.52352925541694617, -5.500000000000000000 ) ) ;
#6313 = EDGE_CURVE ( 'NONE', #5992, #6534, #6223, .T. ) ;
#6314 = EDGE_CURVE ( 'NONE', #5811, #3453, #6661, .T. ) ;
#6315 = AXIS2_PLACEMENT_3D ( 'NONE', #1636, #7283, #341 ) ;
#6316 = DIRECTION ( 'NONE',  ( 0.000000000000000000, 0.000000000000000000, -1.000000000000000000 ) ) ;
#6317 = EDGE_LOOP ( 'NONE', ( #570, #1735, #1420, #8024 ) ) ;
#6318 = VECTOR ( 'NONE', #4021, 1000.000000000000000 ) ;
#6319 = ORIENTED_EDGE ( 'NONE', *, *, #472, .T. ) ;
#6320 = CARTESIAN_POINT ( 'NONE',  ( -2.081668171172168513E-14, -35.99427459992278244, -1.000000000000000000 ) ) ;
#6321 = ORIENTED_EDGE ( 'NONE', *, *, #2518, .T. ) ;
#6322 = ORIENTED_EDGE ( 'NONE', *, *, #8019, .F. ) ;
#6323 = LINE ( 'NONE', #4488, #6454 ) ;
#6324 = DIRECTION ( 'NONE',  ( 0.000000000000000000, 0.000000000000000000, -1.000000000000000000 ) ) ;
#6325 = PLANE ( 'NONE',  #3847 ) ;
#6326 = AXIS2_PLACEMENT_3D ( 'NONE', #6122, #556, #6890 ) ;
#6327 = VECTOR ( 'NONE', #5438, 1000.000000000000000 ) ;
#6328 = CARTESIAN_POINT ( 'NONE',  ( -14.00000000000000000, -24.00000000000002132, -9.650000000000000355 ) ) ;
#6329 = CARTESIAN_POINT ( 'NONE',  ( -9.326893062255805944, 24.24406644123207499, -1.000000000000000000 ) ) ;
#6330 = DIRECTION ( 'NONE',  ( 0.000000000000000000, 0.000000000000000000, -1.000000000000000000 ) ) ;
#6331 = VERTEX_POINT ( 'NONE', #6789 ) ;
#6332 = CARTESIAN_POINT ( 'NONE',  ( 30.14487539711820929, 2.220446049250313081E-13, -7.000000000000000000 ) ) ;
#6333 = EDGE_CURVE ( 'NONE', #3951, #616, #1869, .T. ) ;
#6334 = ORIENTED_EDGE ( 'NONE', *, *, #213, .F. ) ;
#6335 = AXIS2_PLACEMENT_3D ( 'NONE', #1244, #784, #6202 ) ;
#6336 = DIRECTION ( 'NONE',  ( -1.000000000000000000, 0.000000000000000000, 0.000000000000000000 ) ) ;
#6337 = CIRCLE ( 'NONE', #7230, 1.600000000000002531 ) ;
#6338 = ORIENTED_EDGE ( 'NONE', *, *, #4380, .F. ) ;
#6339 = EDGE_CURVE ( 'NONE', #1373, #3623, #4348, .T. ) ;
#6340 = ORIENTED_EDGE ( 'NONE', *, *, #7201, .T. ) ;
#6341 = ORIENTED_EDGE ( 'NONE', *, *, #6573, .F. ) ;
#6342 = DIRECTION ( 'NONE',  ( -0.000000000000000000, -0.000000000000000000, -1.000000000000000000 ) ) ;
#6343 = CYLINDRICAL_SURFACE ( 'NONE', #934, 1.900000000000000577 ) ;
#6344 = CARTESIAN_POINT ( 'NONE',  ( -11.18787076488038856, -48.42794467328765506, -2.410238358813319159 ) ) ;
#6345 = CARTESIAN_POINT ( 'NONE',  ( -16.53352069552507686, -24.00000000000000000, -5.500000000000000000 ) ) ;
#6346 = EDGE_CURVE ( 'NONE', #7134, #975, #2603, .T. ) ;
#6347 = DIRECTION ( 'NONE',  ( 0.000000000000000000, -1.000000000000000000, 0.000000000000000000 ) ) ;
#6348 = EDGE_LOOP ( 'NONE', ( #6137, #6784 ) ) ;
#6349 = CARTESIAN_POINT ( 'NONE',  ( 8.847089727481716182E-14, 21.24406644123204302, 6.999999999999999112 ) ) ;
#6350 = DIRECTION ( 'NONE',  ( -1.000000000000000000, 0.000000000000000000, 0.000000000000000000 ) ) ;
#6351 = DIRECTION ( 'NONE',  ( -0.000000000000000000, -0.000000000000000000, -1.000000000000000000 ) ) ;
#6352 = FACE_OUTER_BOUND ( 'NONE', #2027, .T. ) ;
#6353 = EDGE_LOOP ( 'NONE', ( #6586, #109, #5623, #7465 ) ) ;
#6354 = EDGE_CURVE ( 'NONE', #1758, #4256, #7462, .T. ) ;
#6355 = ORIENTED_EDGE ( 'NONE', *, *, #5386, .T. ) ;
#6356 = DIRECTION ( 'NONE',  ( -1.000000000000000000, 0.000000000000000000, 0.000000000000000000 ) ) ;
#6357 = EDGE_LOOP ( 'NONE', ( #1051, #2706, #7051, #1464 ) ) ;
#6358 = ORIENTED_EDGE ( 'NONE', *, *, #5589, .T. ) ;
#6359 = CARTESIAN_POINT ( 'NONE',  ( 13.00000000000000178, -43.22269074732326999, 7.000000000000000000 ) ) ;
#6360 = DIRECTION ( 'NONE',  ( 1.000000000000000000, 0.000000000000000000, 0.000000000000000000 ) ) ;
#6361 = PLANE ( 'NONE',  #4233 ) ;
#6362 = AXIS2_PLACEMENT_3D ( 'NONE', #1675, #5417, #6108 ) ;
#6363 = CARTESIAN_POINT ( 'NONE',  ( -16.00000000000000000, 16.85000000000000142, -7.000000000000000000 ) ) ;
#6364 = LINE ( 'NONE', #3958, #7139 ) ;
#6365 = CARTESIAN_POINT ( 'NONE',  ( 13.00000000000000178, -43.22269074732326999, 5.000000000000000000 ) ) ;
#6366 = EDGE_CURVE ( 'NONE', #2173, #7707, #2483, .T. ) ;
#6367 = EDGE_LOOP ( 'NONE', ( #2250, #7260, #7220, #7216 ) ) ;
#6368 = EDGE_CURVE ( 'NONE', #4256, #3256, #5614, .T. ) ;
#6369 = CARTESIAN_POINT ( 'NONE',  ( -11.00000000000000000, 5.849999999999910827, -6.350000000000000533 ) ) ;
#6370 = AXIS2_PLACEMENT_3D ( 'NONE', #5472, #7938, #1855 ) ;
#6371 = ORIENTED_EDGE ( 'NONE', *, *, #6740, .T. ) ;
#6372 = CYLINDRICAL_SURFACE ( 'NONE', #7607, 0.5000000000000004441 ) ;
#6373 = CIRCLE ( 'NONE', #3518, 6.550000000000000711 ) ;
#6374 = VERTEX_POINT ( 'NONE', #7471 ) ;
#6375 = ORIENTED_EDGE ( 'NONE', *, *, #3774, .F. ) ;
#6376 = ORIENTED_EDGE ( 'NONE', *, *, #614, .F. ) ;
#6377 = VECTOR ( 'NONE', #3080, 1000.000000000000000 ) ;
#6378 = ORIENTED_EDGE ( 'NONE', *, *, #6565, .T. ) ;
#6379 = CARTESIAN_POINT ( 'NONE',  ( -26.00000000000000000, 9.999999999999998224, 7.000000000000000000 ) ) ;
#6380 = EDGE_CURVE ( 'NONE', #6421, #2578, #1916, .T. ) ;
#6381 = DIRECTION ( 'NONE',  ( -1.000000000000000000, 0.000000000000000000, 0.000000000000000000 ) ) ;
#6382 = VECTOR ( 'NONE', #2895, 1000.000000000000000 ) ;
#6383 = CARTESIAN_POINT ( 'NONE',  ( -25.09487539711820858, 0.000000000000000000, -1.000000000000000000 ) ) ;
#6384 = CARTESIAN_POINT ( 'NONE',  ( 12.09999999999999964, -5.150000000000045652, -7.000000000000000000 ) ) ;
#6385 = ORIENTED_EDGE ( 'NONE', *, *, #5798, .F. ) ;
#6386 = DIRECTION ( 'NONE',  ( -1.000000000000000000, 0.000000000000000000, 0.000000000000000000 ) ) ;
#6387 = CARTESIAN_POINT ( 'NONE',  ( -16.00000000000000000, 16.85000000000000142, -5.000000000000000000 ) ) ;
#6388 = CARTESIAN_POINT ( 'NONE',  ( -16.00000000000000355, 16.84999999999999787, -3.999999999999999112 ) ) ;
#6389 = EDGE_CURVE ( 'NONE', #1341, #5035, #5434, .T. ) ;
#6390 = CARTESIAN_POINT ( 'NONE',  ( 13.80000000000000071, -46.32269074732328562, -3.999999999999998224 ) ) ;
#6391 = ORIENTED_EDGE ( 'NONE', *, *, #7664, .T. ) ;
#6392 = FACE_BOUND ( 'NONE', #6041, .T. ) ;
#6393 = ORIENTED_EDGE ( 'NONE', *, *, #806, .F. ) ;
#6394 = ORIENTED_EDGE ( 'NONE', *, *, #4015, .T. ) ;
#6395 = CARTESIAN_POINT ( 'NONE',  ( -23.59487539711820858, 0.000000000000000000, -5.500000000000000000 ) ) ;
#6396 = DIRECTION ( 'NONE',  ( -0.000000000000000000, -0.000000000000000000, 1.000000000000000000 ) ) ;
#6397 = DIRECTION ( 'NONE',  ( -1.000000000000000000, 0.000000000000000000, 0.000000000000000000 ) ) ;
#6398 = EDGE_CURVE ( 'NONE', #4399, #5040, #6172, .T. ) ;
#6399 = CARTESIAN_POINT ( 'NONE',  ( 9.899999999999998579, 23.34999999999998010, -6.350000000000000533 ) ) ;
#6400 = DIRECTION ( 'NONE',  ( -1.000000000000000000, 0.000000000000000000, 0.000000000000000000 ) ) ;
#6401 = CARTESIAN_POINT ( 'NONE',  ( -6.399999999999997691, 23.34999999999998010, 7.000000000000000888 ) ) ;
#6402 = ORIENTED_EDGE ( 'NONE', *, *, #1236, .F. ) ;
#6403 = CARTESIAN_POINT ( 'NONE',  ( 0.000000000000000000, -41.00000000000000000, -5.500000000000000000 ) ) ;
#6404 = ORIENTED_EDGE ( 'NONE', *, *, #4491, .F. ) ;
#6405 = AXIS2_PLACEMENT_3D ( 'NONE', #7233, #7751, #371 ) ;
#6406 = EDGE_CURVE ( 'NONE', #5399, #4126, #7194, .T. ) ;
#6407 = EDGE_CURVE ( 'NONE', #7850, #5362, #5908, .T. ) ;
#6408 = FACE_OUTER_BOUND ( 'NONE', #1863, .T. ) ;
#6409 = ORIENTED_EDGE ( 'NONE', *, *, #4574, .T. ) ;
#6410 = DIRECTION ( 'NONE',  ( -0.000000000000000000, -0.000000000000000000, 1.000000000000000000 ) ) ;
#6411 = CIRCLE ( 'NONE', #4719, 3.000000000000000888 ) ;
#6412 = EDGE_LOOP ( 'NONE', ( #7870, #6564, #1892, #3383 ) ) ;
#6413 = EDGE_LOOP ( 'NONE', ( #3791, #971, #1475, #7767, #1987, #2214, #4776, #757, #7138, #6394, #7415, #5819, #6841, #4961, #7667, #6744, #7246, #4653, #2971, #159, #7169 ) ) ;
#6414 = CIRCLE ( 'NONE', #2396, 1.599999999999997202 ) ;
#6415 = AXIS2_PLACEMENT_3D ( 'NONE', #6278, #6809, #3199 ) ;
#6416 = ORIENTED_EDGE ( 'NONE', *, *, #6583, .T. ) ;
#6417 = CARTESIAN_POINT ( 'NONE',  ( 11.00000000000000000, 5.849999999999910827, 7.000000000000000888 ) ) ;
#6418 = PLANE ( 'NONE',  #1052 ) ;
#6419 = AXIS2_PLACEMENT_3D ( 'NONE', #4600, #3427, #454 ) ;
#6420 = CARTESIAN_POINT ( 'NONE',  ( -9.999999999999998224, -43.22269074732326999, 5.000000000000000000 ) ) ;
#6421 = VERTEX_POINT ( 'NONE', #521 ) ;
#6422 = FACE_OUTER_BOUND ( 'NONE', #1183, .T. ) ;
#6423 = AXIS2_PLACEMENT_3D ( 'NONE', #2446, #7265, #3143 ) ;
#6424 = ORIENTED_EDGE ( 'NONE', *, *, #4329, .F. ) ;
#6425 = EDGE_CURVE ( 'NONE', #7014, #6160, #7217, .T. ) ;
#6426 = VECTOR ( 'NONE', #6538, 1000.000000000000000 ) ;
#6427 = AXIS2_PLACEMENT_3D ( 'NONE', #3717, #4894, #6199 ) ;
#6428 = PLANE ( 'NONE',  #4501 ) ;
#6429 = CARTESIAN_POINT ( 'NONE',  ( -10.39129341151836705, -24.00000000000000000, -5.500000000000000000 ) ) ;
#6430 = CYLINDRICAL_SURFACE ( 'NONE', #5991, 2.000000000000000888 ) ;
#6431 = CARTESIAN_POINT ( 'NONE',  ( 3.999999999999999112, 23.34999999999998010, -9.650000000000000355 ) ) ;
#6432 = DIRECTION ( 'NONE',  ( 0.000000000000000000, 0.000000000000000000, -1.000000000000000000 ) ) ;
#6433 = ORIENTED_EDGE ( 'NONE', *, *, #6782, .F. ) ;
#6434 = FACE_BOUND ( 'NONE', #7629, .T. ) ;
#6435 = AXIS2_PLACEMENT_3D ( 'NONE', #1759, #4892, #62 ) ;
#6436 = VERTEX_POINT ( 'NONE', #5479 ) ;
#6437 = ADVANCED_FACE ( 'NONE', ( #2390 ), #3695, .T. ) ;
#6438 = ORIENTED_EDGE ( 'NONE', *, *, #6573, .T. ) ;
#6439 = CARTESIAN_POINT ( 'NONE',  ( 27.25605529807265981, -19.00000000000003197, 6.999999999999999112 ) ) ;
#6440 = FACE_OUTER_BOUND ( 'NONE', #6173, .T. ) ;
#6441 = CARTESIAN_POINT ( 'NONE',  ( 8.710684716196599453, -46.66539992527652458, -4.379352844259951638 ) ) ;
#6442 = CIRCLE ( 'NONE', #3329, 2.000000000000001776 ) ;
#6443 = AXIS2_PLACEMENT_3D ( 'NONE', #1929, #4400, #1316 ) ;
#6444 = DIRECTION ( 'NONE',  ( -1.000000000000000000, 3.818726056296495018E-16, -0.000000000000000000 ) ) ;
#6445 = LINE ( 'NONE', #7888, #4031 ) ;
#6446 = ORIENTED_EDGE ( 'NONE', *, *, #6284, .T. ) ;
#6448 = AXIS2_PLACEMENT_3D ( 'NONE', #219, #3268, #5782 ) ;
#6447 = CARTESIAN_POINT ( 'NONE',  ( 9.450000000000585487, 19.24406644123204302, 6.999999999999999112 ) ) ;
#6449 = ORIENTED_EDGE ( 'NONE', *, *, #3709, .F. ) ;
#6450 = EDGE_CURVE ( 'NONE', #2413, #1868, #6001, .T. ) ;
#6451 = AXIS2_PLACEMENT_3D ( 'NONE', #7417, #4331, #1251 ) ;
#6452 = CIRCLE ( 'NONE', #5277, 1.600000000000000755 ) ;
#6453 = DIRECTION ( 'NONE',  ( 1.000000000000000000, 3.391332174688262434E-14, -0.000000000000000000 ) ) ;
#6454 = VECTOR ( 'NONE', #5711, 1000.000000000000000 ) ;
#6455 = ORIENTED_EDGE ( 'NONE', *, *, #4946, .T. ) ;
#6456 = CARTESIAN_POINT ( 'NONE',  ( -8.000000000000000000, 23.34999999999998010, -0.9999999999999991118 ) ) ;
#6457 = ORIENTED_EDGE ( 'NONE', *, *, #7786, .F. ) ;
#6458 = VERTEX_POINT ( 'NONE', #3053 ) ;
#6459 = EDGE_CURVE ( 'NONE', #2200, #5554, #4869, .T. ) ;
#6460 = ORIENTED_EDGE ( 'NONE', *, *, #7219, .T. ) ;
#6461 = CIRCLE ( 'NONE', #491, 1.600000000000002531 ) ;
#6462 = DIRECTION ( 'NONE',  ( -0.000000000000000000, -0.000000000000000000, -1.000000000000000000 ) ) ;
#6463 = CARTESIAN_POINT ( 'NONE',  ( -7.949999999999998401, 16.85000000000000142, -1.000000000000000000 ) ) ;
#6464 = DIRECTION ( 'NONE',  ( 0.000000000000000000, 0.000000000000000000, -1.000000000000000000 ) ) ;
#6465 = ADVANCED_FACE ( 'NONE', ( #7300 ), #4259, .F. ) ;
#6466 = ORIENTED_EDGE ( 'NONE', *, *, #5093, .F. ) ;
#6467 = LINE ( 'NONE', #1581, #3849 ) ;
#6468 = DIRECTION ( 'NONE',  ( 1.000000000000000000, 0.000000000000000000, 0.000000000000000000 ) ) ;
#6469 = DIRECTION ( 'NONE',  ( 1.000000000000000000, 0.000000000000000000, 0.000000000000000000 ) ) ;
#6470 = DIRECTION ( 'NONE',  ( -1.000000000000000000, -0.000000000000000000, -0.000000000000000000 ) ) ;
#6471 = DIRECTION ( 'NONE',  ( -0.000000000000000000, -0.000000000000000000, 1.000000000000000000 ) ) ;
#6472 = DIRECTION ( 'NONE',  ( -1.000000000000000000, 2.284071015352047985E-16, -0.000000000000000000 ) ) ;
#6473 = VERTEX_POINT ( 'NONE', #1135 ) ;
#6474 = ORIENTED_EDGE ( 'NONE', *, *, #4633, .F. ) ;
#6475 = DIRECTION ( 'NONE',  ( 0.000000000000000000, -1.000000000000000000, 0.000000000000000000 ) ) ;
#6476 = LINE ( 'NONE', #7199, #6236 ) ;
#6477 = DIRECTION ( 'NONE',  ( -0.000000000000000000, -0.000000000000000000, -1.000000000000000000 ) ) ;
#6478 = FACE_BOUND ( 'NONE', #6833, .T. ) ;
#6479 = DIRECTION ( 'NONE',  ( -1.000000000000000000, 0.000000000000000000, 0.000000000000000000 ) ) ;
#6480 = ADVANCED_FACE ( 'NONE', ( #6653 ), #7945, .F. ) ;
#6481 = VERTEX_POINT ( 'NONE', #6738 ) ;
#6482 = CARTESIAN_POINT ( 'NONE',  ( 5.933350533826676099, 23.72277336810118342, 7.000000000000000000 ) ) ;
#6483 = ORIENTED_EDGE ( 'NONE', *, *, #1118, .F. ) ;
#6484 = ORIENTED_EDGE ( 'NONE', *, *, #7525, .F. ) ;
#6485 = VECTOR ( 'NONE', #5906, 1000.000000000000000 ) ;
#6486 = DIRECTION ( 'NONE',  ( 0.000000000000000000, -1.000000000000000000, 0.000000000000000000 ) ) ;
#6487 = ADVANCED_FACE ( 'NONE', ( #2308 ), #3652, .F. ) ;
#6488 = VECTOR ( 'NONE', #429, 1000.000000000000000 ) ;
#6489 = VERTEX_POINT ( 'NONE', #7384 ) ;
#6490 = CARTESIAN_POINT ( 'NONE',  ( 14.99999999999999289, -61.22269074732326999, -1.000000000000000000 ) ) ;
#6491 = VERTEX_POINT ( 'NONE', #2348 ) ;
#6492 = ORIENTED_EDGE ( 'NONE', *, *, #141, .F. ) ;
#6493 = VECTOR ( 'NONE', #5196, 1000.000000000000000 ) ;
#6494 = CIRCLE ( 'NONE', #6889, 4.000000000000000000 ) ;
#6495 = VERTEX_POINT ( 'NONE', #4830 ) ;
#6496 = DIRECTION ( 'NONE',  ( -1.000000000000000000, 0.000000000000000000, 0.000000000000000000 ) ) ;
#6497 = EDGE_CURVE ( 'NONE', #6906, #7742, #3195, .T. ) ;
#6498 = LINE ( 'NONE', #2728, #6493 ) ;
#6499 = CARTESIAN_POINT ( 'NONE',  ( 8.000000000000000000, 35.74406644123207144, -1.000000000000000000 ) ) ;
#6500 = CIRCLE ( 'NONE', #1838, 1.900000000000000577 ) ;
#6501 = AXIS2_PLACEMENT_3D ( 'NONE', #5680, #77, #5098 ) ;
#6502 = ORIENTED_EDGE ( 'NONE', *, *, #415, .F. ) ;
#6503 = CARTESIAN_POINT ( 'NONE',  ( 12.60000000000000142, 5.849999999999910827, 7.000000000000000888 ) ) ;
#6504 = CARTESIAN_POINT ( 'NONE',  ( -10.00000000000000178, -43.22269074732326999, -7.000000000000000000 ) ) ;
#6505 = DIRECTION ( 'NONE',  ( -0.000000000000000000, -0.000000000000000000, 1.000000000000000000 ) ) ;
#6506 = VECTOR ( 'NONE', #2701, 1000.000000000000000 ) ;
#6507 = ORIENTED_EDGE ( 'NONE', *, *, #7673, .F. ) ;
#6508 = EDGE_CURVE ( 'NONE', #6685, #435, #1050, .T. ) ;
#6509 = DIRECTION ( 'NONE',  ( 0.000000000000000000, 0.000000000000000000, -1.000000000000000000 ) ) ;
#6510 = EDGE_CURVE ( 'NONE', #5734, #5802, #3528, .T. ) ;
#6511 = CARTESIAN_POINT ( 'NONE',  ( 27.25605529807265981, -19.00000000000003197, 64.09969851780280692 ) ) ;
#6512 = CARTESIAN_POINT ( 'NONE',  ( 5.000000000000000888, 29.74406644123207144, -1.000000000000000000 ) ) ;
#6513 = EDGE_LOOP ( 'NONE', ( #5806, #2629, #2253, #3247 ) ) ;
#6514 = VECTOR ( 'NONE', #4549, 1000.000000000000000 ) ;
#6515 = VERTEX_POINT ( 'NONE', #6781 ) ;
#6516 = CARTESIAN_POINT ( 'NONE',  ( -14.99999999999999467, -61.22269074732326999, 7.000000000000000000 ) ) ;
#6517 = DIRECTION ( 'NONE',  ( -3.083923978207811463E-16, -1.000000000000000000, 0.000000000000000000 ) ) ;
#6518 = DIRECTION ( 'NONE',  ( 1.000000000000000000, 0.000000000000000000, 0.000000000000000000 ) ) ;
#6519 = CARTESIAN_POINT ( 'NONE',  ( -11.00000000000000178, -43.22269074732326999, -3.000000000000000000 ) ) ;
#6520 = DIRECTION ( 'NONE',  ( 0.000000000000000000, 0.000000000000000000, -1.000000000000000000 ) ) ;
#6521 =( NAMED_UNIT ( * ) SI_UNIT ( $, .STERADIAN. ) SOLID_ANGLE_UNIT ( ) );
#6522 = VERTEX_POINT ( 'NONE', #1220 ) ;
#6523 = DIRECTION ( 'NONE',  ( 0.000000000000000000, 0.000000000000000000, -1.000000000000000000 ) ) ;
#6524 = EDGE_LOOP ( 'NONE', ( #283, #7061, #311, #4751 ) ) ;
#6525 = ORIENTED_EDGE ( 'NONE', *, *, #4779, .F. ) ;
#6526 = LINE ( 'NONE', #2339, #1512 ) ;
#6527 = ADVANCED_FACE ( 'NONE', ( #4168 ), #3568, .F. ) ;
#6528 = CARTESIAN_POINT ( 'NONE',  ( -25.09487539711820858, 0.000000000000000000, -5.000000000000000000 ) ) ;
#6529 = ORIENTED_EDGE ( 'NONE', *, *, #1396, .T. ) ;
#6530 = DIRECTION ( 'NONE',  ( 1.000000000000000000, -1.734723475976807094E-15, 0.000000000000000000 ) ) ;
#6531 = VERTEX_POINT ( 'NONE', #1906 ) ;
#6532 = VERTEX_POINT ( 'NONE', #5643 ) ;
#6533 = ADVANCED_FACE ( 'NONE', ( #7464, #4385 ), #4953, .T. ) ;
#6534 = VERTEX_POINT ( 'NONE', #3771 ) ;
#6535 = CARTESIAN_POINT ( 'NONE',  ( -8.000000000000000000, 2.220446049250313081E-13, -7.000000000000000000 ) ) ;
#6536 = VECTOR ( 'NONE', #1254, 1000.000000000000000 ) ;
#6537 = ORIENTED_EDGE ( 'NONE', *, *, #4661, .T. ) ;
#6538 = DIRECTION ( 'NONE',  ( 1.000000000000000000, -3.818726056296495018E-16, 0.000000000000000000 ) ) ;
#6539 = ORIENTED_EDGE ( 'NONE', *, *, #3100, .T. ) ;
#6540 = ADVANCED_FACE ( 'NONE', ( #6290 ), #728, .F. ) ;
#6541 = VECTOR ( 'NONE', #5787, 1000.000000000000000 ) ;
#6542 = DIRECTION ( 'NONE',  ( -0.000000000000000000, -0.000000000000000000, -1.000000000000000000 ) ) ;
#6543 = DIRECTION ( 'NONE',  ( 2.312964634635742464E-16, 1.000000000000000000, -0.000000000000000000 ) ) ;
#6544 = CARTESIAN_POINT ( 'NONE',  ( 21.59487539711820503, 6.799999999999998046, -5.500000000000000000 ) ) ;
#6545 = VECTOR ( 'NONE', #3353, 1000.000000000000000 ) ;
#6546 = VERTEX_POINT ( 'NONE', #2559 ) ;
#6547 = CARTESIAN_POINT ( 'NONE',  ( -27.96285684503430602, -6.175863910285077196, -5.500000000000000000 ) ) ;
#6548 = DIRECTION ( 'NONE',  ( 1.000000000000000000, 0.000000000000000000, 0.000000000000000000 ) ) ;
#6549 = AXIS2_PLACEMENT_3D ( 'NONE', #1653, #6085, #7340 ) ;
#6550 = CARTESIAN_POINT ( 'NONE',  ( -8.000000000000000000, 23.34999999999998010, -6.349999999999999645 ) ) ;
#6551 = VECTOR ( 'NONE', #1334, 1000.000000000000000 ) ;
#6552 = AXIS2_PLACEMENT_3D ( 'NONE', #2758, #1455, #5878 ) ;
#6553 = ORIENTED_EDGE ( 'NONE', *, *, #1272, .F. ) ;
#6554 = EDGE_CURVE ( 'NONE', #7137, #5439, #3736, .T. ) ;
#6555 = EDGE_CURVE ( 'NONE', #753, #1037, #83, .T. ) ;
#6556 = CARTESIAN_POINT ( 'NONE',  ( -35.19487539711821000, 6.184466335694137012E-16, -1.000000000000000000 ) ) ;
#6557 = DIRECTION ( 'NONE',  ( 0.000000000000000000, 0.000000000000000000, -1.000000000000000000 ) ) ;
#6558 = PLANE ( 'NONE',  #7084 ) ;
#6559 = VECTOR ( 'NONE', #2474, 1000.000000000000000 ) ;
#6560 = DIRECTION ( 'NONE',  ( 1.000000000000000000, 0.000000000000000000, -0.000000000000000000 ) ) ;
#6561 = DIRECTION ( 'NONE',  ( 0.000000000000000000, -1.000000000000000000, -0.000000000000000000 ) ) ;
#6562 = EDGE_LOOP ( 'NONE', ( #6265, #2100, #365, #4418 ) ) ;
#6563 = LINE ( 'NONE', #7934, #5898 ) ;
#6564 = ORIENTED_EDGE ( 'NONE', *, *, #7036, .T. ) ;
#6565 = EDGE_CURVE ( 'NONE', #4790, #4287, #46, .T. ) ;
#6566 = ORIENTED_EDGE ( 'NONE', *, *, #7614, .T. ) ;
#6567 = DIRECTION ( 'NONE',  ( -0.000000000000000000, -0.000000000000000000, -1.000000000000000000 ) ) ;
#6568 = AXIS2_PLACEMENT_3D ( 'NONE', #3903, #5166, #5125 ) ;
#6569 = DIRECTION ( 'NONE',  ( 1.000000000000000000, 0.000000000000000000, 0.000000000000000000 ) ) ;
#6570 = CIRCLE ( 'NONE', #1501, 1.600000000000000755 ) ;
#6571 = ORIENTED_EDGE ( 'NONE', *, *, #689, .T. ) ;
#6572 = VERTEX_POINT ( 'NONE', #3211 ) ;
#6573 = EDGE_CURVE ( 'NONE', #6374, #7660, #6935, .T. ) ;
#6574 = VERTEX_POINT ( 'NONE', #1374 ) ;
#6575 = CIRCLE ( 'NONE', #3333, 6.550000000000000711 ) ;
#6576 = EDGE_LOOP ( 'NONE', ( #4525, #6652, #1132, #7299 ) ) ;
#6577 = AXIS2_PLACEMENT_3D ( 'NONE', #2219, #2102, #4047 ) ;
#6578 = ORIENTED_EDGE ( 'NONE', *, *, #4826, .T. ) ;
#6579 = AXIS2_PLACEMENT_3D ( 'NONE', #3444, #3602, #6033 ) ;
#6580 = LINE ( 'NONE', #7262, #2177 ) ;
#6581 = VECTOR ( 'NONE', #67, 1000.000000000000000 ) ;
#6582 = EDGE_CURVE ( 'NONE', #6031, #6615, #767, .T. ) ;
#6583 = EDGE_CURVE ( 'NONE', #4017, #2586, #1109, .T. ) ;
#6584 = DIRECTION ( 'NONE',  ( -1.000000000000000000, 0.000000000000000000, 0.000000000000000000 ) ) ;
#6585 = CARTESIAN_POINT ( 'NONE',  ( -22.25590207615680427, 24.24406644123207499, -4.000000000000000000 ) ) ;
#6586 = ORIENTED_EDGE ( 'NONE', *, *, #7238, .F. ) ;
#6587 = AXIS2_PLACEMENT_3D ( 'NONE', #4588, #171, #7027 ) ;
#6588 = DIRECTION ( 'NONE',  ( 0.000000000000000000, 0.000000000000000000, 1.000000000000000000 ) ) ;
#6589 = DIRECTION ( 'NONE',  ( -1.000000000000000000, 2.312964634635742464E-16, 0.000000000000000000 ) ) ;
#6590 = CARTESIAN_POINT ( 'NONE',  ( -3.305443769227764950, 19.24406644123204302, 6.455443769227856343 ) ) ;
#6591 = EDGE_LOOP ( 'NONE', ( #3681, #3581 ) ) ;
#6592 = LINE ( 'NONE', #901, #6382 ) ;
#6593 = FACE_OUTER_BOUND ( 'NONE', #1435, .T. ) ;
#6594 = EDGE_CURVE ( 'NONE', #3155, #4827, #5212, .T. ) ;
#6595 = PLANE ( 'NONE',  #1883 ) ;
#6596 = CIRCLE ( 'NONE', #762, 5.499999999999996447 ) ;
#6597 = VERTEX_POINT ( 'NONE', #693 ) ;
#6598 = DIRECTION ( 'NONE',  ( 1.000000000000000000, 0.000000000000000000, 0.000000000000000000 ) ) ;
#6599 = CARTESIAN_POINT ( 'NONE',  ( -16.99999999999999645, -43.22269074732326999, -1.000000000000000000 ) ) ;
#6600 = DIRECTION ( 'NONE',  ( -0.000000000000000000, -0.000000000000000000, -1.000000000000000000 ) ) ;
#6601 = DIRECTION ( 'NONE',  ( -0.000000000000000000, -0.000000000000000000, -1.000000000000000000 ) ) ;
#6602 = FACE_OUTER_BOUND ( 'NONE', #4621, .T. ) ;
#6603 = EDGE_CURVE ( 'NONE', #1456, #6120, #600, .T. ) ;
#6604 = ORIENTED_EDGE ( 'NONE', *, *, #2517, .F. ) ;
#6605 = DIRECTION ( 'NONE',  ( -0.000000000000000000, -0.000000000000000000, -1.000000000000000000 ) ) ;
#6606 = ORIENTED_EDGE ( 'NONE', *, *, #2994, .T. ) ;
#6607 = ORIENTED_EDGE ( 'NONE', *, *, #1690, .T. ) ;
#6608 = DIRECTION ( 'NONE',  ( -1.000000000000000000, 0.000000000000000000, 0.000000000000000000 ) ) ;
#6609 = DIRECTION ( 'NONE',  ( -1.000000000000000000, -1.734723475976807341E-16, 0.000000000000000000 ) ) ;
#6610 = ADVANCED_FACE ( 'NONE', ( #4498 ), #5066, .F. ) ;
#6611 = EDGE_CURVE ( 'NONE', #6998, #5497, #5565, .T. ) ;
#6612 = CARTESIAN_POINT ( 'NONE',  ( -14.00000000000000000, -5.150000000000045652, -2.499999999999999556 ) ) ;
#6613 = ORIENTED_EDGE ( 'NONE', *, *, #3345, .T. ) ;
#6614 = DIRECTION ( 'NONE',  ( 1.000000000000000000, 0.000000000000000000, 0.000000000000000000 ) ) ;
#6615 = VERTEX_POINT ( 'NONE', #4459 ) ;
#6616 = EDGE_LOOP ( 'NONE', ( #5476, #6937, #1989, #4265, #5433, #3429, #124, #3473, #3490, #1992, #2274, #1383, #809, #6358, #1550, #1112, #3272, #1061, #5185, #597, #3106, #2843, #5839, #5424, #1040 ) ) ;
#6617 = VECTOR ( 'NONE', #8014, 1000.000000000000000 ) ;
#6618 = CARTESIAN_POINT ( 'NONE',  ( -16.99999999999999289, -61.22269074732326999, -7.000000000000000000 ) ) ;
#6619 = ORIENTED_EDGE ( 'NONE', *, *, #820, .T. ) ;
#6620 = PLANE ( 'NONE',  #571 ) ;
#6621 = CARTESIAN_POINT ( 'NONE',  ( 6.999999999999998224, 5.849999999999911715, -7.000000000000000000 ) ) ;
#6622 = AXIS2_PLACEMENT_3D ( 'NONE', #1466, #7750, #4672 ) ;
#6623 = ORIENTED_EDGE ( 'NONE', *, *, #3832, .T. ) ;
#6624 = CARTESIAN_POINT ( 'NONE',  ( -11.00000000000000178, -43.22269074732326999, 7.000000000000000000 ) ) ;
#6625 = CARTESIAN_POINT ( 'NONE',  ( -11.00000000000000178, -24.00000000000002132, -7.000000000000000000 ) ) ;
#6626 = CARTESIAN_POINT ( 'NONE',  ( 8.676806735756560585, -46.62269074732328278, -3.819909632818731637 ) ) ;
#6627 = EDGE_CURVE ( 'NONE', #857, #7448, #4339, .T. ) ;
#6628 = CARTESIAN_POINT ( 'NONE',  ( 11.00000000000000355, -54.22269074732326999, -5.500000000000000000 ) ) ;
#6629 = AXIS2_PLACEMENT_3D ( 'NONE', #1998, #2572, #3184 ) ;
#6630 = CARTESIAN_POINT ( 'NONE',  ( -8.000000000000000000, 23.34999999999998010, 7.000000000000000888 ) ) ;
#6631 = AXIS2_PLACEMENT_3D ( 'NONE', #6328, #3805, #1369 ) ;
#6632 = CARTESIAN_POINT ( 'NONE',  ( -21.59487539711820503, 8.799999999999997158, -5.500000000000000000 ) ) ;
#6633 = EDGE_LOOP ( 'NONE', ( #1915, #306, #3902, #2050 ) ) ;
#6634 = VECTOR ( 'NONE', #4689, 1000.000000000000000 ) ;
#6635 = CYLINDRICAL_SURFACE ( 'NONE', #6954, 1.899999999999999689 ) ;
#6636 = DIRECTION ( 'NONE',  ( -0.000000000000000000, 0.000000000000000000, 1.000000000000000000 ) ) ;
#6637 = CARTESIAN_POINT ( 'NONE',  ( -5.000000000000204281, 29.74406644123207144, -4.000000000000000000 ) ) ;
#6638 = EDGE_CURVE ( 'NONE', #279, #5313, #4483, .T. ) ;
#6639 = DIRECTION ( 'NONE',  ( 6.776263578034408105E-18, 1.000000000000000000, 0.000000000000000000 ) ) ;
#6640 = CARTESIAN_POINT ( 'NONE',  ( 13.00000000000000178, -43.22269074732326999, -5.500000000000000000 ) ) ;
#6641 = VECTOR ( 'NONE', #100, 1000.000000000000000 ) ;
#6642 = ORIENTED_EDGE ( 'NONE', *, *, #2850, .F. ) ;
#6643 = CARTESIAN_POINT ( 'NONE',  ( -25.49999999999999645, -0.1499999999997753408, -9.650000000000000355 ) ) ;
#6644 = ORIENTED_EDGE ( 'NONE', *, *, #5760, .T. ) ;
#6645 = ORIENTED_EDGE ( 'NONE', *, *, #911, .F. ) ;
#6646 = DIRECTION ( 'NONE',  ( 0.7071067811865422437, 0.000000000000000000, -0.7071067811865529018 ) ) ;
#6647 = CARTESIAN_POINT ( 'NONE',  ( 31.25537671716912413, -6.455175196550624328, -5.500000000000000000 ) ) ;
#6648 = EDGE_CURVE ( 'NONE', #3201, #2522, #4991, .T. ) ;
#6649 = DIRECTION ( 'NONE',  ( -0.000000000000000000, -0.000000000000000000, -1.000000000000000000 ) ) ;
#6650 = DIRECTION ( 'NONE',  ( 0.000000000000000000, 0.000000000000000000, -1.000000000000000000 ) ) ;
#6651 = FACE_OUTER_BOUND ( 'NONE', #2215, .T. ) ;
#6652 = ORIENTED_EDGE ( 'NONE', *, *, #758, .F. ) ;
#6653 = FACE_OUTER_BOUND ( 'NONE', #7441, .T. ) ;
#6654 = ORIENTED_EDGE ( 'NONE', *, *, #7575, .T. ) ;
#6655 = ADVANCED_FACE ( 'NONE', ( #5800 ), #802, .T. ) ;
#6656 = EDGE_CURVE ( 'NONE', #6138, #3095, #1619, .T. ) ;
#6657 = VERTEX_POINT ( 'NONE', #4078 ) ;
#6658 = DIRECTION ( 'NONE',  ( 0.000000000000000000, 0.000000000000000000, -1.000000000000000000 ) ) ;
#6659 = ORIENTED_EDGE ( 'NONE', *, *, #3554, .T. ) ;
#6660 = EDGE_LOOP ( 'NONE', ( #1617, #1601 ) ) ;
#6661 = LINE ( 'NONE', #7307, #3831 ) ;
#6662 = ORIENTED_EDGE ( 'NONE', *, *, #4554, .F. ) ;
#6663 = CARTESIAN_POINT ( 'NONE',  ( 40.14487539711818442, -48.22269074732326999, -3.999999999999998224 ) ) ;
#6664 = LINE ( 'NONE', #1794, #2606 ) ;
#6665 = LINE ( 'NONE', #1748, #7851 ) ;
#6666 = VERTEX_POINT ( 'NONE', #1484 ) ;
#6667 = CARTESIAN_POINT ( 'NONE',  ( 31.25537671716912413, -6.455175196550624328, -5.500000000000000000 ) ) ;
#6668 = CARTESIAN_POINT ( 'NONE',  ( 20.72901885141144973, -19.00000000000002842, -5.500000000000000000 ) ) ;
#6669 = CARTESIAN_POINT ( 'NONE',  ( -12.56082502445013382, -49.19692214645984052, -2.726654360310952541 ) ) ;
#6670 = EDGE_CURVE ( 'NONE', #1571, #3815, #7990, .T. ) ;
#6671 = AXIS2_PLACEMENT_3D ( 'NONE', #6211, #6167, #2914 ) ;
#6672 = ORIENTED_EDGE ( 'NONE', *, *, #7923, .T. ) ;
#6673 = LINE ( 'NONE', #1113, #5530 ) ;
#6674 = DIRECTION ( 'NONE',  ( 0.000000000000000000, 0.000000000000000000, 1.000000000000000000 ) ) ;
#6675 = DIRECTION ( 'NONE',  ( -1.000000000000000000, 0.000000000000000000, -0.000000000000000000 ) ) ;
#6676 = CIRCLE ( 'NONE', #4072, 3.350000000000000089 ) ;
#6677 = CARTESIAN_POINT ( 'NONE',  ( -6.433350533826674322, 23.72277336810118342, 7.000000000000000888 ) ) ;
#6678 = DIRECTION ( 'NONE',  ( -1.000000000000000000, 0.000000000000000000, 0.000000000000000000 ) ) ;
#6679 = CIRCLE ( 'NONE', #7581, 4.000000000000000000 ) ;
#6680 = EDGE_CURVE ( 'NONE', #6998, #6240, #983, .T. ) ;
#6681 = ORIENTED_EDGE ( 'NONE', *, *, #3100, .F. ) ;
#6682 = CARTESIAN_POINT ( 'NONE',  ( -11.00000000000000355, -54.22269074732326999, -1.000000000000000000 ) ) ;
#6683 = EDGE_LOOP ( 'NONE', ( #2069, #7021 ) ) ;
#6684 = VECTOR ( 'NONE', #4267, 1000.000000000000000 ) ;
#6685 = VERTEX_POINT ( 'NONE', #6447 ) ;
#6686 = CYLINDRICAL_SURFACE ( 'NONE', #6579, 6.550000000000000711 ) ;
#6687 = DIRECTION ( 'NONE',  ( -1.000000000000000000, 0.000000000000000000, 0.000000000000000000 ) ) ;
#6688 = CYLINDRICAL_SURFACE ( 'NONE', #3181, 2.000000000000000000 ) ;
#6689 = LINE ( 'NONE', #1086, #4552 ) ;
#6690 = ORIENTED_EDGE ( 'NONE', *, *, #940, .T. ) ;
#6691 = DIRECTION ( 'NONE',  ( -1.000000000000000000, 6.776263578034408105E-18, 0.000000000000000000 ) ) ;
#6692 = EDGE_CURVE ( 'NONE', #5926, #4266, #5301, .T. ) ;
#6693 = ORIENTED_EDGE ( 'NONE', *, *, #5203, .T. ) ;
#6694 = CARTESIAN_POINT ( 'NONE',  ( -9.899999999999998579, 23.34999999999998010, -6.350000000000000533 ) ) ;
#6695 = ORIENTED_EDGE ( 'NONE', *, *, #4473, .T. ) ;
#6696 = CIRCLE ( 'NONE', #2940, 6.550000000000000711 ) ;
#6697 = VERTEX_POINT ( 'NONE', #5224 ) ;
#6698 = CARTESIAN_POINT ( 'NONE',  ( -30.14487539711820929, 0.000000000000000000, -7.000000000000000000 ) ) ;
#6699 = CIRCLE ( 'NONE', #5017, 4.000000000000003553 ) ;
#6700 = EDGE_CURVE ( 'NONE', #1037, #4478, #4614, .T. ) ;
#6701 = ORIENTED_EDGE ( 'NONE', *, *, #6186, .T. ) ;
#6702 = ORIENTED_EDGE ( 'NONE', *, *, #6902, .T. ) ;
#6703 = DIRECTION ( 'NONE',  ( 1.000000000000000000, 0.000000000000000000, 0.000000000000000000 ) ) ;
#6704 = CIRCLE ( 'NONE', #7730, 2.000000000000000000 ) ;
#6705 = VECTOR ( 'NONE', #717, 1000.000000000000000 ) ;
#6706 = PLANE ( 'NONE',  #4367 ) ;
#6707 = FACE_OUTER_BOUND ( 'NONE', #1286, .T. ) ;
#6708 = CARTESIAN_POINT ( 'NONE',  ( 26.00000000000000355, 21.25010530891830030, -3.999999999999999112 ) ) ;
#6709 = ORIENTED_EDGE ( 'NONE', *, *, #5246, .F. ) ;
#6710 = FACE_OUTER_BOUND ( 'NONE', #7813, .T. ) ;
#6711 = LINE ( 'NONE', #6753, #1065 ) ;
#6712 = CARTESIAN_POINT ( 'NONE',  ( 35.19487539711821000, 2.220446049250313081E-13, -1.000000000000000000 ) ) ;
#6713 = ADVANCED_FACE ( 'NONE', ( #7088 ), #7050, .T. ) ;
#6714 = EDGE_CURVE ( 'NONE', #653, #2664, #5536, .T. ) ;
#6715 = CARTESIAN_POINT ( 'NONE',  ( -12.89451006063635674, -49.80957243241605426, -3.764455167254121548 ) ) ;
#6716 = AXIS2_PLACEMENT_3D ( 'NONE', #1972, #1356, #7561 ) ;
#6717 = ORIENTED_EDGE ( 'NONE', *, *, #356, .F. ) ;
#6718 = CARTESIAN_POINT ( 'NONE',  ( 5.000000000000000888, 29.74406644123207144, 7.000000000000000000 ) ) ;
#6719 = LINE ( 'NONE', #4237, #6617 ) ;
#6720 = LINE ( 'NONE', #547, #5023 ) ;
#6721 = AXIS2_PLACEMENT_3D ( 'NONE', #814, #4550, #3297 ) ;
#6722 = DIRECTION ( 'NONE',  ( 0.000000000000000000, 0.000000000000000000, 1.000000000000000000 ) ) ;
#6723 = CARTESIAN_POINT ( 'NONE',  ( -2.081668171172168513E-14, 19.24406644123204302, -1.000000000000000000 ) ) ;
#6724 = ORIENTED_EDGE ( 'NONE', *, *, #581, .F. ) ;
#6725 = CARTESIAN_POINT ( 'NONE',  ( -3.849999999999900169, 21.24406644123204302, 7.000000000000000000 ) ) ;
#6726 = VERTEX_POINT ( 'NONE', #7766 ) ;
#6727 = ORIENTED_EDGE ( 'NONE', *, *, #5150, .F. ) ;
#6728 = DIRECTION ( 'NONE',  ( -0.000000000000000000, -0.000000000000000000, 1.000000000000000000 ) ) ;
#6729 = DIRECTION ( 'NONE',  ( 0.000000000000000000, 0.000000000000000000, 1.000000000000000000 ) ) ;
#6730 = DIRECTION ( 'NONE',  ( 1.000000000000000000, -1.987938561099767059E-14, 0.000000000000000000 ) ) ;
#6731 = ADVANCED_FACE ( 'NONE', ( #2717 ), #349, .F. ) ;
#6732 = EDGE_CURVE ( 'NONE', #4001, #5746, #88, .T. ) ;
#6733 = CARTESIAN_POINT ( 'NONE',  ( -5.000000000000000888, 29.74406644123207144, -3.000000000000000000 ) ) ;
#6734 = CARTESIAN_POINT ( 'NONE',  ( -15.90000000000000036, -5.150000000000045652, -3.799999999999999822 ) ) ;
#6735 = ORIENTED_EDGE ( 'NONE', *, *, #1257, .T. ) ;
#6736 = VERTEX_POINT ( 'NONE', #3924 ) ;
#6737 = ORIENTED_EDGE ( 'NONE', *, *, #3235, .F. ) ;
#6738 = CARTESIAN_POINT ( 'NONE',  ( -9.449999999999999289, 16.85000000000000142, -5.000000000000000000 ) ) ;
#6739 = VERTEX_POINT ( 'NONE', #916 ) ;
#6740 = EDGE_CURVE ( 'NONE', #4662, #6821, #1627, .T. ) ;
#6741 = EDGE_LOOP ( 'NONE', ( #7331, #692, #5507, #6449 ) ) ;
#6742 = LINE ( 'NONE', #1181, #4377 ) ;
#6743 = ORIENTED_EDGE ( 'NONE', *, *, #5311, .T. ) ;
#6744 = ORIENTED_EDGE ( 'NONE', *, *, #10, .F. ) ;
#6745 = CARTESIAN_POINT ( 'NONE',  ( 8.000000000000000000, 23.34999999999998010, -6.350000000000000533 ) ) ;
#6746 = CIRCLE ( 'NONE', #4540, 3.000000000000000000 ) ;
#6747 = CARTESIAN_POINT ( 'NONE',  ( 27.99999999999999645, 11.99999999999999822, -7.000000000000000000 ) ) ;
#6748 = DIRECTION ( 'NONE',  ( 1.000000000000000000, 0.000000000000000000, 0.000000000000000000 ) ) ;
#6749 = DIRECTION ( 'NONE',  ( -0.000000000000000000, -0.000000000000000000, -1.000000000000000000 ) ) ;
#6750 = EDGE_CURVE ( 'NONE', #5917, #4001, #2099, .T. ) ;
#6751 = ORIENTED_EDGE ( 'NONE', *, *, #1098, .T. ) ;
#6752 = DIRECTION ( 'NONE',  ( 0.000000000000000000, 0.000000000000000000, -1.000000000000000000 ) ) ;
#6753 = CARTESIAN_POINT ( 'NONE',  ( -9.399999999999996803, 5.849999999999910827, 7.000000000000000888 ) ) ;
#6754 = DIRECTION ( 'NONE',  ( 0.000000000000000000, -0.000000000000000000, 1.000000000000000000 ) ) ;
#6755 = CARTESIAN_POINT ( 'NONE',  ( -12.79329973345822147, -49.56232126413174655, -3.118128996742830505 ) ) ;
#6756 = ORIENTED_EDGE ( 'NONE', *, *, #1419, .T. ) ;
#6757 = CARTESIAN_POINT ( 'NONE',  ( -11.00000000000000355, -54.22269074732326999, -5.500000000000000000 ) ) ;
#6758 = FACE_OUTER_BOUND ( 'NONE', #3800, .T. ) ;
#6759 = CARTESIAN_POINT ( 'NONE',  ( 16.00000000000000000, 16.85000000000000142, -5.000000000000000000 ) ) ;
#6760 = EDGE_CURVE ( 'NONE', #2793, #1767, #4577, .T. ) ;
#6761 = EDGE_CURVE ( 'NONE', #6615, #771, #7343, .T. ) ;
#6762 = AXIS2_PLACEMENT_3D ( 'NONE', #5657, #3896, #5161 ) ;
#6763 = CIRCLE ( 'NONE', #3262, 3.000000000000000888 ) ;
#6764 = DIRECTION ( 'NONE',  ( 0.000000000000000000, 0.000000000000000000, -1.000000000000000000 ) ) ;
#6765 = LINE ( 'NONE', #1206, #5467 ) ;
#6766 = AXIS2_PLACEMENT_3D ( 'NONE', #3111, #1833, #1230 ) ;
#6767 = ORIENTED_EDGE ( 'NONE', *, *, #5818, .T. ) ;
#6768 = DIRECTION ( 'NONE',  ( -0.7372773368101210867, -0.6755902076156634628, 0.000000000000000000 ) ) ;
#6769 = VECTOR ( 'NONE', #7761, 1000.000000000000000 ) ;
#6770 = CIRCLE ( 'NONE', #2988, 2.000000000000000888 ) ;
#6771 = ORIENTED_EDGE ( 'NONE', *, *, #966, .T. ) ;
#6772 = EDGE_LOOP ( 'NONE', ( #6393, #6921, #5720, #4011 ) ) ;
#6773 = CARTESIAN_POINT ( 'NONE',  ( 8.000000000000000000, -41.00000000000000000, -9.650000000000000355 ) ) ;
#6774 = DIRECTION ( 'NONE',  ( 1.000000000000000000, 0.000000000000000000, 0.000000000000000000 ) ) ;
#6775 = CARTESIAN_POINT ( 'NONE',  ( 6.400000000000000355, 23.34999999999998010, -6.349999999999999645 ) ) ;
#6776 = VECTOR ( 'NONE', #5047, 1000.000000000000000 ) ;
#6777 = CARTESIAN_POINT ( 'NONE',  ( 13.00000000000000178, -43.22269074732326999, 7.000000000000000000 ) ) ;
#6778 = DIRECTION ( 'NONE',  ( -1.000000000000000000, -2.284071015352047492E-16, 0.000000000000000000 ) ) ;
#6779 = PLANE ( 'NONE',  #961 ) ;
#6780 = ORIENTED_EDGE ( 'NONE', *, *, #6062, .T. ) ;
#6781 = CARTESIAN_POINT ( 'NONE',  ( -8.000000000000000000, 29.74406644123207144, -3.000000000000000000 ) ) ;
#6782 = EDGE_CURVE ( 'NONE', #1626, #616, #2211, .T. ) ;
#6783 = ORIENTED_EDGE ( 'NONE', *, *, #6406, .F. ) ;
#6784 = ORIENTED_EDGE ( 'NONE', *, *, #3194, .F. ) ;
#6785 = PLANE ( 'NONE',  #7221 ) ;
#6786 = ORIENTED_EDGE ( 'NONE', *, *, #2844, .T. ) ;
#6787 = EDGE_CURVE ( 'NONE', #3658, #7872, #1764, .T. ) ;
#6788 = ORIENTED_EDGE ( 'NONE', *, *, #5661, .T. ) ;
#6789 = CARTESIAN_POINT ( 'NONE',  ( -9.449999999999359801, 19.24406644123204302, 6.999999999999999112 ) ) ;
#6790 = DIRECTION ( 'NONE',  ( -1.000000000000000000, 0.000000000000000000, 0.000000000000000000 ) ) ;
#6791 = DIRECTION ( 'NONE',  ( -0.000000000000000000, -0.000000000000000000, 1.000000000000000000 ) ) ;
#6792 = ORIENTED_EDGE ( 'NONE', *, *, #6398, .F. ) ;
#6793 = CARTESIAN_POINT ( 'NONE',  ( 10.39129341151854469, -27.00000000000000000, -5.500000000000000000 ) ) ;
#6794 = LINE ( 'NONE', #2322, #929 ) ;
#6795 = LINE ( 'NONE', #2573, #3104 ) ;
#6796 = PLANE ( 'NONE',  #6297 ) ;
#6797 = EDGE_CURVE ( 'NONE', #6534, #2664, #337, .T. ) ;
#6798 = ORIENTED_EDGE ( 'NONE', *, *, #6425, .T. ) ;
#6799 = CARTESIAN_POINT ( 'NONE',  ( 11.00000000000000000, 5.849999999999910827, -9.650000000000000355 ) ) ;
#6800 = DIRECTION ( 'NONE',  ( 0.000000000000000000, 0.000000000000000000, -1.000000000000000000 ) ) ;
#6801 = DIRECTION ( 'NONE',  ( -0.000000000000000000, -0.000000000000000000, -1.000000000000000000 ) ) ;
#6802 = CIRCLE ( 'NONE', #7052, 2.000000000000001776 ) ;
#6803 = DIRECTION ( 'NONE',  ( 0.000000000000000000, 0.000000000000000000, 1.000000000000000000 ) ) ;
#6804 = DIRECTION ( 'NONE',  ( 0.000000000000000000, 0.000000000000000000, -1.000000000000000000 ) ) ;
#6805 = AXIS2_PLACEMENT_3D ( 'NONE', #6228, #6752, #4925 ) ;
#6806 = EDGE_CURVE ( 'NONE', #7306, #3334, #1552, .T. ) ;
#6807 = VERTEX_POINT ( 'NONE', #4646 ) ;
#6808 = EDGE_CURVE ( 'NONE', #4993, #1850, #5252, .T. ) ;
#6809 = DIRECTION ( 'NONE',  ( 0.000000000000000000, 0.000000000000000000, -1.000000000000000000 ) ) ;
#6810 = ORIENTED_EDGE ( 'NONE', *, *, #1245, .T. ) ;
#6811 = CYLINDRICAL_SURFACE ( 'NONE', #2292, 2.000000000000000000 ) ;
#6812 = CARTESIAN_POINT ( 'NONE',  ( 0.000000000000000000, 0.000000000000000000, -9.650000000000000355 ) ) ;
#6813 = CARTESIAN_POINT ( 'NONE',  ( 40.14487539711818442, -48.77946718360625766, -5.500000000000000000 ) ) ;
#6814 = AXIS2_PLACEMENT_3D ( 'NONE', #3038, #4902, #1768 ) ;
#6815 = AXIS2_PLACEMENT_3D ( 'NONE', #1237, #6231, #1110 ) ;
#6816 = LINE ( 'NONE', #3561, #188 ) ;
#6817 = DIRECTION ( 'NONE',  ( -0.000000000000000000, -0.000000000000000000, -1.000000000000000000 ) ) ;
#6818 = LINE ( 'NONE', #3947, #2543 ) ;
#6819 = AXIS2_PLACEMENT_3D ( 'NONE', #1791, #622, #6703 ) ;
#6820 = EDGE_CURVE ( 'NONE', #871, #7130, #6673, .T. ) ;
#6821 = VERTEX_POINT ( 'NONE', #4808 ) ;
#6822 = DIRECTION ( 'NONE',  ( -1.000000000000000000, 0.000000000000000000, 0.000000000000000000 ) ) ;
#6823 = AXIS2_PLACEMENT_3D ( 'NONE', #4866, #3609, #1732 ) ;
#6824 = ORIENTED_EDGE ( 'NONE', *, *, #2826, .T. ) ;
#6825 = CIRCLE ( 'NONE', #7838, 2.000000000000000000 ) ;
#6826 = CARTESIAN_POINT ( 'NONE',  ( -7.000000000000001776, 29.74406644123207144, 7.000000000000000000 ) ) ;
#6827 = ORIENTED_EDGE ( 'NONE', *, *, #6603, .F. ) ;
#6828 = AXIS2_PLACEMENT_3D ( 'NONE', #5838, #3590, #4190 ) ;
#6829 = VERTEX_POINT ( 'NONE', #6556 ) ;
#6830 = CARTESIAN_POINT ( 'NONE',  ( -14.00000000000000000, -5.150000000000045652, -2.499999999999999556 ) ) ;
#6831 = AXIS2_PLACEMENT_3D ( 'NONE', #5678, #115, #7334 ) ;
#6832 = DIRECTION ( 'NONE',  ( 0.000000000000000000, -0.000000000000000000, 1.000000000000000000 ) ) ;
#6833 = EDGE_LOOP ( 'NONE', ( #7816, #6130 ) ) ;
#6834 = AXIS2_PLACEMENT_3D ( 'NONE', #2579, #6916, #3828 ) ;
#6835 = CYLINDRICAL_SURFACE ( 'NONE', #5645, 0.5000000000000004441 ) ;
#6836 = ADVANCED_FACE ( 'NONE', ( #2861 ), #3548, .F. ) ;
#6837 = CARTESIAN_POINT ( 'NONE',  ( 8.000000000000000000, 23.34999999999998010, -9.650000000000000355 ) ) ;
#6838 = CARTESIAN_POINT ( 'NONE',  ( 30.14487539711820929, 2.220446049250313081E-13, -1.000000000000000000 ) ) ;
#6839 = CARTESIAN_POINT ( 'NONE',  ( -12.25550619659865070, -48.89005737068819002, -2.544047277805959073 ) ) ;
#6840 = CIRCLE ( 'NONE', #2436, 9.999999999999998224 ) ;
#6841 = ORIENTED_EDGE ( 'NONE', *, *, #614, .T. ) ;
#6842 = CARTESIAN_POINT ( 'NONE',  ( -8.000000000000000000, -24.00000000000000000, 13.91648783894760477 ) ) ;
#6843 = CARTESIAN_POINT ( 'NONE',  ( 30.14487539711820929, 21.24406644123204302, 7.000000000000000000 ) ) ;
#6844 = FACE_BOUND ( 'NONE', #5485, .T. ) ;
#6845 = EDGE_CURVE ( 'NONE', #5865, #5921, #3456, .T. ) ;
#6846 = AXIS2_PLACEMENT_3D ( 'NONE', #2014, #5217, #6475 ) ;
#6847 = DIRECTION ( 'NONE',  ( 0.000000000000000000, 0.000000000000000000, -1.000000000000000000 ) ) ;
#6848 = AXIS2_PLACEMENT_3D ( 'NONE', #5053, #6316, #6276 ) ;
#6849 = EDGE_LOOP ( 'NONE', ( #2268, #3703 ) ) ;
#6850 = DIRECTION ( 'NONE',  ( -0.000000000000000000, -0.000000000000000000, 1.000000000000000000 ) ) ;
#6851 = ORIENTED_EDGE ( 'NONE', *, *, #6333, .F. ) ;
#6852 = ORIENTED_EDGE ( 'NONE', *, *, #7673, .T. ) ;
#6853 = CARTESIAN_POINT ( 'NONE',  ( 23.59487539711820858, 0.000000000000000000, -5.500000000000000000 ) ) ;
#6854 = CARTESIAN_POINT ( 'NONE',  ( -30.14487539711820929, 0.000000000000000000, -5.000000000000000000 ) ) ;
#6855 = CARTESIAN_POINT ( 'NONE',  ( 8.950000000000583711, 21.47716791996747077, 7.000000000000000000 ) ) ;
#6856 = VECTOR ( 'NONE', #2228, 1000.000000000000000 ) ;
#6857 = EDGE_CURVE ( 'NONE', #4913, #6495, #3474, .T. ) ;
#6858 = CARTESIAN_POINT ( 'NONE',  ( 21.50000000000000000, 7.849999999999999645, -7.000000000000000000 ) ) ;
#6859 = CARTESIAN_POINT ( 'NONE',  ( -10.00000000000000178, -43.22269074732326999, -3.000000000000000000 ) ) ;
#6860 = LINE ( 'NONE', #3171, #5112 ) ;
#6861 = CARTESIAN_POINT ( 'NONE',  ( -25.49999999999994671, 7.850000000000004974, -9.650000000000000355 ) ) ;
#6862 = ORIENTED_EDGE ( 'NONE', *, *, #893, .F. ) ;
#6863 = CARTESIAN_POINT ( 'NONE',  ( 17.00000000000000000, -31.22269074732326288, -1.000000000000000000 ) ) ;
#6864 = ORIENTED_EDGE ( 'NONE', *, *, #5798, .T. ) ;
#6865 = EDGE_CURVE ( 'NONE', #2528, #1524, #7720, .T. ) ;
#6866 = EDGE_CURVE ( 'NONE', #3923, #3575, #4883, .T. ) ;
#6867 = DIRECTION ( 'NONE',  ( -0.000000000000000000, -1.000000000000000000, -0.000000000000000000 ) ) ;
#6868 = VERTEX_POINT ( 'NONE', #7281 ) ;
#6869 = ORIENTED_EDGE ( 'NONE', *, *, #2325, .T. ) ;
#6870 = FACE_BOUND ( 'NONE', #308, .T. ) ;
#6871 = EDGE_LOOP ( 'NONE', ( #192, #7882, #4315, #4833 ) ) ;
#6872 = FACE_OUTER_BOUND ( 'NONE', #6002, .T. ) ;
#6873 = LINE ( 'NONE', #3787, #7911 ) ;
#6874 = CARTESIAN_POINT ( 'NONE',  ( -8.724305499203444114, -46.68242878350299208, -3.558266735787681601 ) ) ;
#6875 = DIRECTION ( 'NONE',  ( 1.000000000000000000, 0.000000000000000000, -0.000000000000000000 ) ) ;
#6876 = ORIENTED_EDGE ( 'NONE', *, *, #4976, .F. ) ;
#6877 = EDGE_CURVE ( 'NONE', #6807, #5931, #948, .T. ) ;
#6878 = DIRECTION ( 'NONE',  ( -0.000000000000000000, -0.000000000000000000, -1.000000000000000000 ) ) ;
#6879 = FACE_OUTER_BOUND ( 'NONE', #633, .T. ) ;
#6880 = CARTESIAN_POINT ( 'NONE',  ( -13.00000000000000178, -43.22269074732326999, 7.000000000000000000 ) ) ;
#6881 = CIRCLE ( 'NONE', #5193, 3.000000000000000000 ) ;
#6882 = CARTESIAN_POINT ( 'NONE',  ( -8.999999999999998224, -43.22269074732326999, 5.000000000000000000 ) ) ;
#6883 = EDGE_LOOP ( 'NONE', ( #1090, #7058, #4545, #2314 ) ) ;
#6884 = DIRECTION ( 'NONE',  ( 0.000000000000000000, 0.000000000000000000, 1.000000000000000000 ) ) ;
#6885 = ORIENTED_EDGE ( 'NONE', *, *, #3890, .F. ) ;
#6886 = EDGE_CURVE ( 'NONE', #6031, #2849, #2244, .T. ) ;
#6887 = ORIENTED_EDGE ( 'NONE', *, *, #1587, .F. ) ;
#6888 = AXIS2_PLACEMENT_3D ( 'NONE', #2555, #560, #5029 ) ;
#6889 = AXIS2_PLACEMENT_3D ( 'NONE', #1814, #3839, #6360 ) ;
#6890 = DIRECTION ( 'NONE',  ( -1.000000000000000000, 0.000000000000000000, 0.000000000000000000 ) ) ;
#6891 = DIRECTION ( 'NONE',  ( -1.000000000000000000, 0.000000000000000000, 0.000000000000000000 ) ) ;
#6892 = DIRECTION ( 'NONE',  ( 0.000000000000000000, 0.000000000000000000, 1.000000000000000000 ) ) ;
#6893 = LINE ( 'NONE', #5062, #5604 ) ;
#6894 = DIRECTION ( 'NONE',  ( -0.000000000000000000, -1.000000000000000000, -0.000000000000000000 ) ) ;
#6895 = CARTESIAN_POINT ( 'NONE',  ( 27.99999999999999645, 11.99999999999999822, 7.000000000000000000 ) ) ;
#6896 = VECTOR ( 'NONE', #5140, 1000.000000000000000 ) ;
#6897 = DIRECTION ( 'NONE',  ( 0.000000000000000000, 0.000000000000000000, -1.000000000000000000 ) ) ;
#6898 = AXIS2_PLACEMENT_3D ( 'NONE', #763, #3243, #5715 ) ;
#6899 = ORIENTED_EDGE ( 'NONE', *, *, #2767, .F. ) ;
#6900 = CARTESIAN_POINT ( 'NONE',  ( 2.321424564114957345, -48.67012771613475053, -5.540585092695918590 ) ) ;
#6901 = ORIENTED_EDGE ( 'NONE', *, *, #1729, .T. ) ;
#6902 = EDGE_CURVE ( 'NONE', #6491, #7608, #6309, .T. ) ;
#6903 = DIRECTION ( 'NONE',  ( 1.000000000000000000, 0.000000000000000000, -0.000000000000000000 ) ) ;
#6904 = ORIENTED_EDGE ( 'NONE', *, *, #324, .T. ) ;
#6905 = CIRCLE ( 'NONE', #4440, 2.999999999999999112 ) ;
#6906 = VERTEX_POINT ( 'NONE', #1674 ) ;
#6907 = ADVANCED_FACE ( 'NONE', ( #4146 ), #4110, .T. ) ;
#6908 = EDGE_CURVE ( 'NONE', #771, #6615, #1899, .T. ) ;
#6909 = ORIENTED_EDGE ( 'NONE', *, *, #1994, .F. ) ;
#6910 = LINE ( 'NONE', #1344, #6941 ) ;
#6911 = LINE ( 'NONE', #7553, #1983 ) ;
#6912 = CARTESIAN_POINT ( 'NONE',  ( -9.038285373175225956, -47.03995775715812044, -2.910892134608447535 ) ) ;
#6913 = DIRECTION ( 'NONE',  ( -0.000000000000000000, -0.000000000000000000, -1.000000000000000000 ) ) ;
#6914 = DIRECTION ( 'NONE',  ( 0.000000000000000000, 0.000000000000000000, -1.000000000000000000 ) ) ;
#6915 = EDGE_LOOP ( 'NONE', ( #4235, #1400, #1338, #7925, #1139, #3253 ) ) ;
#6916 = DIRECTION ( 'NONE',  ( 0.000000000000000000, 0.000000000000000000, -1.000000000000000000 ) ) ;
#6917 = CYLINDRICAL_SURFACE ( 'NONE', #4687, 1.900000000000000577 ) ;
#6918 = CARTESIAN_POINT ( 'NONE',  ( 22.25590207615663729, 24.24406644123207499, -4.000000000000000000 ) ) ;
#6919 = PLANE ( 'NONE',  #6065 ) ;
#6920 = EDGE_CURVE ( 'NONE', #7789, #6421, #7198, .T. ) ;
#6921 = ORIENTED_EDGE ( 'NONE', *, *, #6314, .T. ) ;
#6922 = CARTESIAN_POINT ( 'NONE',  ( -27.29659163829112956, -8.061623882891206350, -1.000000000000000000 ) ) ;
#6923 = EDGE_LOOP ( 'NONE', ( #7979, #4048 ) ) ;
#6924 = ORIENTED_EDGE ( 'NONE', *, *, #552, .T. ) ;
#6925 = CARTESIAN_POINT ( 'NONE',  ( -16.00000000000000000, 16.85000000000000142, -5.000000000000000000 ) ) ;
#6926 = DIRECTION ( 'NONE',  ( 0.000000000000000000, 0.000000000000000000, 1.000000000000000000 ) ) ;
#6927 = FACE_BOUND ( 'NONE', #122, .T. ) ;
#6928 = VECTOR ( 'NONE', #5814, 1000.000000000000000 ) ;
#6929 = LINE ( 'NONE', #5754, #2485 ) ;
#6930 = ADVANCED_FACE ( 'NONE', ( #1031 ), #3508, .T. ) ;
#6931 = CARTESIAN_POINT ( 'NONE',  ( -8.000000000000174083, 24.94999999999998153, 7.000000000000000888 ) ) ;
#6932 = EDGE_CURVE ( 'NONE', #4256, #1626, #2899, .T. ) ;
#6933 = CARTESIAN_POINT ( 'NONE',  ( -5.000000000000000888, 29.74406644123207144, -3.000000000000000000 ) ) ;
#6934 = EDGE_LOOP ( 'NONE', ( #4185, #2031, #6645, #3971 ) ) ;
#6935 = LINE ( 'NONE', #7507, #3570 ) ;
#6936 = AXIS2_PLACEMENT_3D ( 'NONE', #5616, #6749, #6098 ) ;
#6937 = ORIENTED_EDGE ( 'NONE', *, *, #6079, .T. ) ;
#6938 = VECTOR ( 'NONE', #4548, 1000.000000000000000 ) ;
#6939 = CARTESIAN_POINT ( 'NONE',  ( 8.000000000000000000, 23.34999999999998010, -0.9999999999999991118 ) ) ;
#6940 = ADVANCED_FACE ( 'NONE', ( #2287 ), #6635, .F. ) ;
#6941 = VECTOR ( 'NONE', #4468, 1000.000000000000000 ) ;
#6942 = VECTOR ( 'NONE', #4950, 1000.000000000000114 ) ;
#6943 = CIRCLE ( 'NONE', #4214, 0.5000000000000004441 ) ;
#6944 = ORIENTED_EDGE ( 'NONE', *, *, #1044, .F. ) ;
#6945 = ORIENTED_EDGE ( 'NONE', *, *, #5958, .T. ) ;
#6946 = VERTEX_POINT ( 'NONE', #4932 ) ;
#6947 = DIRECTION ( 'NONE',  ( -0.000000000000000000, -0.000000000000000000, -1.000000000000000000 ) ) ;
#6948 = ADVANCED_FACE ( 'NONE', ( #671 ), #2985, .F. ) ;
#6949 = CARTESIAN_POINT ( 'NONE',  ( 13.00000000000000178, -43.22269074732326999, -7.000000000000000000 ) ) ;
#6950 = CARTESIAN_POINT ( 'NONE',  ( -2.358933949850170005E-14, -19.00000000000002132, -1.000000000000000000 ) ) ;
#6951 = CARTESIAN_POINT ( 'NONE',  ( 11.00000000000000000, 5.849999999999910827, -5.500000000000000000 ) ) ;
#6952 = DIRECTION ( 'NONE',  ( -1.000000000000000000, 0.000000000000000000, 0.000000000000000000 ) ) ;
#6953 = ORIENTED_EDGE ( 'NONE', *, *, #2736, .T. ) ;
#6954 = AXIS2_PLACEMENT_3D ( 'NONE', #1073, #26, #8013 ) ;
#6955 = CYLINDRICAL_SURFACE ( 'NONE', #2035, 6.550000000000000711 ) ;
#6956 = DIRECTION ( 'NONE',  ( -0.000000000000000000, -0.000000000000000000, 1.000000000000000000 ) ) ;
#6957 = PLANE ( 'NONE',  #6448 ) ;
#6958 = EDGE_CURVE ( 'NONE', #7660, #3142, #5456, .T. ) ;
#6959 = EDGE_CURVE ( 'NONE', #1801, #4053, #3327, .T. ) ;
#6960 = VECTOR ( 'NONE', #4945, 1000.000000000000000 ) ;
#6961 = LINE ( 'NONE', #3720, #5810 ) ;
#6962 = EDGE_LOOP ( 'NONE', ( #4347, #1106, #2840, #6529 ) ) ;
#6963 = AXIS2_PLACEMENT_3D ( 'NONE', #4635, #2359, #3018 ) ;
#6964 = EDGE_LOOP ( 'NONE', ( #6092, #3891, #5091, #7805 ) ) ;
#6965 = LINE ( 'NONE', #2848, #2534 ) ;
#6966 = EDGE_LOOP ( 'NONE', ( #5211, #1174, #626, #4829 ) ) ;
#6967 = VERTEX_POINT ( 'NONE', #3157 ) ;
#6968 = DIRECTION ( 'NONE',  ( 0.000000000000000000, 0.000000000000000000, -1.000000000000000000 ) ) ;
#6969 = CARTESIAN_POINT ( 'NONE',  ( -23.59487539711820858, 6.799999999999997158, -1.000000000000000000 ) ) ;
#6970 = CARTESIAN_POINT ( 'NONE',  ( 8.683618383218826509, -46.63140338205013791, -4.192009911205671457 ) ) ;
#6971 = VECTOR ( 'NONE', #1813, 1000.000000000000000 ) ;
#6972 = AXIS2_PLACEMENT_3D ( 'NONE', #7582, #4389, #6260 ) ;
#6973 = FACE_OUTER_BOUND ( 'NONE', #6883, .T. ) ;
#6974 = DIRECTION ( 'NONE',  ( -1.000000000000000000, 0.000000000000000000, 0.000000000000000000 ) ) ;
#6975 = PLANE ( 'NONE',  #716 ) ;
#6976 = ORIENTED_EDGE ( 'NONE', *, *, #3963, .F. ) ;
#6977 = DIRECTION ( 'NONE',  ( 0.000000000000000000, 1.000000000000000000, 0.000000000000000000 ) ) ;
#6978 = VERTEX_POINT ( 'NONE', #2538 ) ;
#6979 = AXIS2_PLACEMENT_3D ( 'NONE', #3352, #863, #5209 ) ;
#6980 = EDGE_CURVE ( 'NONE', #5376, #1973, #7592, .T. ) ;
#6981 = CARTESIAN_POINT ( 'NONE',  ( -5.000000000000000888, 29.74406644123207144, 7.000000000000000000 ) ) ;
#6982 = CIRCLE ( 'NONE', #6070, 1.600000000000000755 ) ;
#6983 = EDGE_LOOP ( 'NONE', ( #3571, #5709, #4227, #1513 ) ) ;
#6984 = ORIENTED_EDGE ( 'NONE', *, *, #3133, .F. ) ;
#6985 = ORIENTED_EDGE ( 'NONE', *, *, #4929, .T. ) ;
#6986 = EDGE_CURVE ( 'NONE', #6458, #487, #1843, .T. ) ;
#6987 = VERTEX_POINT ( 'NONE', #4236 ) ;
#6988 = CARTESIAN_POINT ( 'NONE',  ( 22.25590207615663729, 24.24406644123207499, -1.000000000000000000 ) ) ;
#6989 = CARTESIAN_POINT ( 'NONE',  ( 17.00000000000000000, -48.22269074732328420, -3.999999999999998224 ) ) ;
#6990 = CARTESIAN_POINT ( 'NONE',  ( -3.849999999999901945, 2.220446049250313081E-13, 7.000000000000000000 ) ) ;
#6991 = CARTESIAN_POINT ( 'NONE',  ( -5.000000000000000888, 29.74406644123207144, -1.000000000000000000 ) ) ;
#6992 = ORIENTED_EDGE ( 'NONE', *, *, #3335, .T. ) ;
#6993 = EDGE_CURVE ( 'NONE', #6739, #6374, #3031, .T. ) ;
#6994 = DIRECTION ( 'NONE',  ( 0.000000000000000000, 1.000000000000000000, 0.000000000000000000 ) ) ;
#6995 = FACE_OUTER_BOUND ( 'NONE', #7168, .T. ) ;
#6996 = CARTESIAN_POINT ( 'NONE',  ( -15.00000000000000000, 5.849999999999911715, -9.650000000000000355 ) ) ;
#6997 = CYLINDRICAL_SURFACE ( 'NONE', #7363, 2.000000000000000000 ) ;
#6998 = VERTEX_POINT ( 'NONE', #4848 ) ;
#6999 = DIRECTION ( 'NONE',  ( -1.734723475976807341E-16, -1.000000000000000000, 0.000000000000000000 ) ) ;
#7000 = ORIENTED_EDGE ( 'NONE', *, *, #390, .T. ) ;
#7001 = ADVANCED_FACE ( 'NONE', ( #2415 ), #3675, .F. ) ;
#7002 = ORIENTED_EDGE ( 'NONE', *, *, #2332, .T. ) ;
#7003 = EDGE_CURVE ( 'NONE', #766, #6031, #3205, .T. ) ;
#7004 = DIRECTION ( 'NONE',  ( -0.000000000000000000, -0.000000000000000000, 1.000000000000000000 ) ) ;
#7005 = DIRECTION ( 'NONE',  ( -0.000000000000000000, -0.000000000000000000, -1.000000000000000000 ) ) ;
#7006 = DIRECTION ( 'NONE',  ( -1.000000000000000000, 0.000000000000000000, 0.000000000000000000 ) ) ;
#7007 = CIRCLE ( 'NONE', #6362, 4.000000000000001776 ) ;
#7008 = FACE_BOUND ( 'NONE', #2355, .T. ) ;
#7009 = DIRECTION ( 'NONE',  ( -2.312964634635742464E-16, 1.000000000000000000, 0.000000000000000000 ) ) ;
#7010 = DIRECTION ( 'NONE',  ( 0.000000000000000000, 0.000000000000000000, 1.000000000000000000 ) ) ;
#7011 = ORIENTED_EDGE ( 'NONE', *, *, #3739, .T. ) ;
#7012 = CARTESIAN_POINT ( 'NONE',  ( 15.99999999999988987, 16.85000000000000142, -5.500000000000000000 ) ) ;
#7013 = CIRCLE ( 'NONE', #7773, 5.500000000000000000 ) ;
#7014 = VERTEX_POINT ( 'NONE', #1240 ) ;
#7015 = CIRCLE ( 'NONE', #7407, 4.000000000000000000 ) ;
#7016 = DIRECTION ( 'NONE',  ( -1.000000000000000000, 0.000000000000000000, 0.000000000000000000 ) ) ;
#7017 = VERTEX_POINT ( 'NONE', #7486 ) ;
#7018 = CARTESIAN_POINT ( 'NONE',  ( 11.96630948064545485, -48.69619021504818335, -2.470788062049368961 ) ) ;
#7019 = EDGE_CURVE ( 'NONE', #5133, #4786, #5398, .T. ) ;
#7020 = ORIENTED_EDGE ( 'NONE', *, *, #7535, .T. ) ;
#7021 = ORIENTED_EDGE ( 'NONE', *, *, #6088, .T. ) ;
#7022 = CIRCLE ( 'NONE', #7666, 3.000000000000002665 ) ;
#7023 = EDGE_LOOP ( 'NONE', ( #1179, #773, #947 ) ) ;
#7024 = CARTESIAN_POINT ( 'NONE',  ( 8.000000000000000000, 37.74406644123207144, 7.000000000000000000 ) ) ;
#7025 = CARTESIAN_POINT ( 'NONE',  ( 14.00000000000000000, -5.150000000000045652, -5.500000000000000000 ) ) ;
#7026 = CIRCLE ( 'NONE', #4309, 5.499999999999998224 ) ;
#7027 = DIRECTION ( 'NONE',  ( -1.000000000000000000, 0.000000000000000000, 0.000000000000000000 ) ) ;
#7028 = EDGE_CURVE ( 'NONE', #4053, #1801, #858, .T. ) ;
#7029 = ORIENTED_EDGE ( 'NONE', *, *, #4131, .F. ) ;
#7030 = DIRECTION ( 'NONE',  ( 1.000000000000000000, 0.000000000000000000, 0.000000000000000000 ) ) ;
#7031 = ORIENTED_EDGE ( 'NONE', *, *, #1645, .T. ) ;
#7032 = FACE_OUTER_BOUND ( 'NONE', #4613, .T. ) ;
#7033 = CARTESIAN_POINT ( 'NONE',  ( 12.09800759387858804, -48.77946718360626477, -5.500000000000000000 ) ) ;
#7034 = DIRECTION ( 'NONE',  ( 1.000000000000000000, 0.000000000000000000, 0.000000000000000000 ) ) ;
#7035 = DIRECTION ( 'NONE',  ( -0.000000000000000000, -0.000000000000000000, 1.000000000000000000 ) ) ;
#7036 = EDGE_CURVE ( 'NONE', #7776, #4801, #4890, .T. ) ;
#7037 = CARTESIAN_POINT ( 'NONE',  ( 16.00000000000000000, 16.85000000000000142, -1.000000000000000000 ) ) ;
#7038 = ORIENTED_EDGE ( 'NONE', *, *, #5141, .T. ) ;
#7039 = DIRECTION ( 'NONE',  ( -0.000000000000000000, -0.000000000000000000, 1.000000000000000000 ) ) ;
#7040 = ORIENTED_EDGE ( 'NONE', *, *, #1054, .F. ) ;
#7041 = ORIENTED_EDGE ( 'NONE', *, *, #4999, .T. ) ;
#7042 = CYLINDRICAL_SURFACE ( 'NONE', #5151, 4.000000000000000000 ) ;
#7043 = DIRECTION ( 'NONE',  ( -0.000000000000000000, -0.000000000000000000, 1.000000000000000000 ) ) ;
#7044 = DIRECTION ( 'NONE',  ( -0.000000000000000000, -0.000000000000000000, -1.000000000000000000 ) ) ;
#7045 = DIRECTION ( 'NONE',  ( 2.778410463722107845E-14, 1.000000000000000000, 0.000000000000000000 ) ) ;
#7046 = PLANE ( 'NONE',  #3906 ) ;
#7047 = EDGE_CURVE ( 'NONE', #3962, #4878, #3629, .T. ) ;
#7048 = CARTESIAN_POINT ( 'NONE',  ( 23.63822295986629740, 8.444066441232072506, -4.000000000000000000 ) ) ;
#7049 = ORIENTED_EDGE ( 'NONE', *, *, #5235, .F. ) ;
#7050 = CYLINDRICAL_SURFACE ( 'NONE', #7206, 3.000000000000006217 ) ;
#7051 = ORIENTED_EDGE ( 'NONE', *, *, #3048, .F. ) ;
#7052 = AXIS2_PLACEMENT_3D ( 'NONE', #2853, #4800, #1024 ) ;
#7053 = DIRECTION ( 'NONE',  ( -1.000000000000000000, 0.000000000000000000, 0.000000000000000000 ) ) ;
#7054 = EDGE_CURVE ( 'NONE', #5263, #4432, #6699, .T. ) ;
#7055 = ORIENTED_EDGE ( 'NONE', *, *, #7294, .F. ) ;
#7056 = CARTESIAN_POINT ( 'NONE',  ( 9.000000000000001776, -43.22269074732326999, -1.000000000000000000 ) ) ;
#7057 = AXIS2_PLACEMENT_3D ( 'NONE', #4354, #3225, #1459 ) ;
#7058 = ORIENTED_EDGE ( 'NONE', *, *, #2719, .T. ) ;
#7059 = ORIENTED_EDGE ( 'NONE', *, *, #7523, .T. ) ;
#7060 = AXIS2_PLACEMENT_3D ( 'NONE', #1422, #2571, #4512 ) ;
#7061 = ORIENTED_EDGE ( 'NONE', *, *, #6170, .T. ) ;
#7062 = DIRECTION ( 'NONE',  ( 1.000000000000000000, 0.000000000000000000, 0.000000000000000000 ) ) ;
#7063 = PLANE ( 'NONE',  #532 ) ;
#7064 = DIRECTION ( 'NONE',  ( -0.7372773368101188662, -0.6755902076156657943, 0.000000000000000000 ) ) ;
#7065 = VERTEX_POINT ( 'NONE', #1804 ) ;
#7066 = FACE_OUTER_BOUND ( 'NONE', #3148, .T. ) ;
#7067 = VECTOR ( 'NONE', #5034, 1000.000000000000000 ) ;
#7068 = EDGE_LOOP ( 'NONE', ( #3515, #4188, #3016, #6976 ) ) ;
#7069 = DIRECTION ( 'NONE',  ( 0.7372773368101210867, 0.6755902076156634628, 0.000000000000000000 ) ) ;
#7070 = PLANE ( 'NONE',  #3634 ) ;
#7071 = EDGE_CURVE ( 'NONE', #3848, #179, #5584, .T. ) ;
#7072 = FACE_OUTER_BOUND ( 'NONE', #4330, .T. ) ;
#7073 = ADVANCED_FACE ( 'NONE', ( #7966 ), #7443, .F. ) ;
#7074 = FACE_OUTER_BOUND ( 'NONE', #5348, .T. ) ;
#7075 = LINE ( 'NONE', #333, #5280 ) ;
#7076 = CYLINDRICAL_SURFACE ( 'NONE', #721, 2.000000000000001776 ) ;
#7077 = ORIENTED_EDGE ( 'NONE', *, *, #65, .T. ) ;
#7078 = VECTOR ( 'NONE', #7840, 1000.000000000000000 ) ;
#7079 = ORIENTED_EDGE ( 'NONE', *, *, #3739, .F. ) ;
#7080 = CARTESIAN_POINT ( 'NONE',  ( 12.40000000000000036, -5.150000000000045652, -2.499999999999999556 ) ) ;
#7081 = DIRECTION ( 'NONE',  ( 0.000000000000000000, 0.000000000000000000, 1.000000000000000000 ) ) ;
#7082 = CARTESIAN_POINT ( 'NONE',  ( 27.99999999999999645, 9.999999999999998224, -7.000000000000000000 ) ) ;
#7083 = ADVANCED_FACE ( 'NONE', ( #6150 ), #4361, .T. ) ;
#7084 = AXIS2_PLACEMENT_3D ( 'NONE', #4112, #302, #6675 ) ;
#7085 = DIRECTION ( 'NONE',  ( -0.000000000000000000, -0.000000000000000000, 1.000000000000000000 ) ) ;
#7086 = LINE ( 'NONE', #833, #6896 ) ;
#7087 = EDGE_LOOP ( 'NONE', ( #1781, #6788, #4655 ) ) ;
#7089 = CIRCLE ( 'NONE', #7482, 2.999999999999999112 ) ;
#7088 = FACE_OUTER_BOUND ( 'NONE', #4153, .T. ) ;
#7090 = ORIENTED_EDGE ( 'NONE', *, *, #7906, .F. ) ;
#7091 = ORIENTED_EDGE ( 'NONE', *, *, #6806, .T. ) ;
#7092 = AXIS2_PLACEMENT_3D ( 'NONE', #73, #3763, #6281 ) ;
#7093 = ADVANCED_FACE ( 'NONE', ( #5049 ), #6428, .F. ) ;
#7094 = VECTOR ( 'NONE', #7509, 1000.000000000000000 ) ;
#7095 = CARTESIAN_POINT ( 'NONE',  ( 10.00000000000000178, -43.22269074732326999, -7.000000000000000000 ) ) ;
#7096 = ORIENTED_EDGE ( 'NONE', *, *, #7371, .T. ) ;
#7097 = DIRECTION ( 'NONE',  ( -0.7372773368101210867, 0.6755902076156634628, -0.000000000000000000 ) ) ;
#7098 = ORIENTED_EDGE ( 'NONE', *, *, #1757, .T. ) ;
#7099 = AXIS2_PLACEMENT_3D ( 'NONE', #2459, #6071, #1762 ) ;
#7100 = ORIENTED_EDGE ( 'NONE', *, *, #7724, .T. ) ;
#7101 = EDGE_CURVE ( 'NONE', #5497, #642, #1127, .T. ) ;
#7102 = EDGE_CURVE ( 'NONE', #1865, #2162, #613, .T. ) ;
#7103 = EDGE_LOOP ( 'NONE', ( #1273, #4767, #6132, #7747 ) ) ;
#7104 = AXIS2_PLACEMENT_3D ( 'NONE', #1108, #1068, #6063 ) ;
#7105 = DIRECTION ( 'NONE',  ( 0.000000000000000000, 0.000000000000000000, -1.000000000000000000 ) ) ;
#7106 = LINE ( 'NONE', #3341, #4155 ) ;
#7107 = ORIENTED_EDGE ( 'NONE', *, *, #5265, .F. ) ;
#7108 = FACE_BOUND ( 'NONE', #1580, .T. ) ;
#7109 = VERTEX_POINT ( 'NONE', #217 ) ;
#7110 = DIRECTION ( 'NONE',  ( -0.000000000000000000, -0.000000000000000000, -1.000000000000000000 ) ) ;
#7111 = DIRECTION ( 'NONE',  ( 2.312964634635742464E-16, -1.000000000000000000, 0.000000000000000000 ) ) ;
#7112 = DIRECTION ( 'NONE',  ( -0.000000000000000000, -0.000000000000000000, -1.000000000000000000 ) ) ;
#7113 = EDGE_LOOP ( 'NONE', ( #3494, #835 ) ) ;
#7114 = DIRECTION ( 'NONE',  ( -1.000000000000000000, 0.000000000000000000, 0.000000000000000000 ) ) ;
#7115 = DIRECTION ( 'NONE',  ( -0.000000000000000000, -0.000000000000000000, -1.000000000000000000 ) ) ;
#7116 = DIRECTION ( 'NONE',  ( 1.000000000000000000, 0.000000000000000000, 0.000000000000000000 ) ) ;
#7117 = EDGE_CURVE ( 'NONE', #6331, #7682, #4518, .T. ) ;
#7118 = ORIENTED_EDGE ( 'NONE', *, *, #1118, .T. ) ;
#7119 = ORIENTED_EDGE ( 'NONE', *, *, #6750, .T. ) ;
#7120 = DIRECTION ( 'NONE',  ( 0.6427876096865279276, 0.7660444431189875614, -0.000000000000000000 ) ) ;
#7121 = DIRECTION ( 'NONE',  ( 1.000000000000000000, 0.000000000000000000, 0.000000000000000000 ) ) ;
#7122 = DIRECTION ( 'NONE',  ( -0.000000000000000000, -0.000000000000000000, -1.000000000000000000 ) ) ;
#7123 = CARTESIAN_POINT ( 'NONE',  ( -11.53333333333333499, -48.52352925541694617, -2.428536926285582265 ) ) ;
#7124 = DIRECTION ( 'NONE',  ( 1.000000000000000000, 0.000000000000000000, 0.000000000000000000 ) ) ;
#7125 = CARTESIAN_POINT ( 'NONE',  ( 9.449999999999997513, 16.85000000000000142, -5.000000000000000000 ) ) ;
#7126 = ADVANCED_FACE ( 'NONE', ( #4480 ), #1465, .F. ) ;
#7127 = ORIENTED_EDGE ( 'NONE', *, *, #7563, .F. ) ;
#7128 = CARTESIAN_POINT ( 'NONE',  ( 13.00000000000000178, -43.22269074732326999, 5.000000000000000000 ) ) ;
#7129 = ORIENTED_EDGE ( 'NONE', *, *, #5121, .T. ) ;
#7130 = VERTEX_POINT ( 'NONE', #3940 ) ;
#7131 = CIRCLE ( 'NONE', #4282, 1.600000000000002531 ) ;
#7132 = DIRECTION ( 'NONE',  ( -0.000000000000000000, -0.000000000000000000, 1.000000000000000000 ) ) ;
#7133 = CARTESIAN_POINT ( 'NONE',  ( 9.099999999999997868, 5.849999999999910827, -6.350000000000000533 ) ) ;
#7134 = VERTEX_POINT ( 'NONE', #7675 ) ;
#7135 = DIRECTION ( 'NONE',  ( -1.000000000000000000, 0.000000000000000000, 0.000000000000000000 ) ) ;
#7136 = EDGE_CURVE ( 'NONE', #7250, #5728, #2032, .T. ) ;
#7137 = VERTEX_POINT ( 'NONE', #3349 ) ;
#7138 = ORIENTED_EDGE ( 'NONE', *, *, #5785, .F. ) ;
#7139 = VECTOR ( 'NONE', #304, 1000.000000000000000 ) ;
#7140 = CIRCLE ( 'NONE', #675, 4.000000000000000000 ) ;
#7141 = ORIENTED_EDGE ( 'NONE', *, *, #7451, .F. ) ;
#7142 = DIRECTION ( 'NONE',  ( -0.000000000000000000, -0.000000000000000000, -1.000000000000000000 ) ) ;
#7143 = ADVANCED_FACE ( 'NONE', ( #7032 ), #859, .F. ) ;
#7144 = ADVANCED_FACE ( 'NONE', ( #1429 ), #6955, .F. ) ;
#7145 = PLANE ( 'NONE',  #1889 ) ;
#7146 = AXIS2_PLACEMENT_3D ( 'NONE', #2780, #949, #3398 ) ;
#7147 = AXIS2_PLACEMENT_3D ( 'NONE', #2748, #4609, #2783 ) ;
#7148 = ORIENTED_EDGE ( 'NONE', *, *, #2904, .F. ) ;
#7149 = LINE ( 'NONE', #5892, #7347 ) ;
#7150 = CARTESIAN_POINT ( 'NONE',  ( 17.00000000000000000, -31.22269074732326288, -1.000000000000000000 ) ) ;
#7151 = CYLINDRICAL_SURFACE ( 'NONE', #5523, 5.499999999999998224 ) ;
#7152 = CIRCLE ( 'NONE', #5213, 1.600000000000002531 ) ;
#7153 = ORIENTED_EDGE ( 'NONE', *, *, #2633, .F. ) ;
#7154 = DIRECTION ( 'NONE',  ( 6.077688614525858123E-16, -1.000000000000000000, 0.000000000000000000 ) ) ;
#7155 = FACE_OUTER_BOUND ( 'NONE', #2013, .T. ) ;
#7156 = EDGE_CURVE ( 'NONE', #1172, #400, #6310, .T. ) ;
#7157 = CARTESIAN_POINT ( 'NONE',  ( -15.00000000000000000, -28.93902645193045231, -5.500000000000000000 ) ) ;
#7158 = ORIENTED_EDGE ( 'NONE', *, *, #7689, .T. ) ;
#7159 = VERTEX_POINT ( 'NONE', #5780 ) ;
#7160 = DIRECTION ( 'NONE',  ( 0.000000000000000000, 0.000000000000000000, -1.000000000000000000 ) ) ;
#7161 = DIRECTION ( 'NONE',  ( -0.000000000000000000, -0.000000000000000000, -1.000000000000000000 ) ) ;
#7162 = CARTESIAN_POINT ( 'NONE',  ( 15.00000000000000000, 5.849999999999910827, -7.000000000000000000 ) ) ;
#7163 = EDGE_CURVE ( 'NONE', #1123, #1524, #5794, .T. ) ;
#7164 = FACE_BOUND ( 'NONE', #7255, .T. ) ;
#7165 = DIRECTION ( 'NONE',  ( -0.000000000000000000, -0.000000000000000000, 1.000000000000000000 ) ) ;
#7166 = EDGE_LOOP ( 'NONE', ( #3889, #1268, #6864, #1877 ) ) ;
#7167 = DIRECTION ( 'NONE',  ( -1.000000000000000000, 0.000000000000000000, 0.000000000000000000 ) ) ;
#7168 = EDGE_LOOP ( 'NONE', ( #4088, #6242, #4854, #5916 ) ) ;
#7169 = ORIENTED_EDGE ( 'NONE', *, *, #3653, .T. ) ;
#7170 = CARTESIAN_POINT ( 'NONE',  ( 3.999999999999999112, 23.34999999999998010, -9.650000000000000355 ) ) ;
#7171 = EDGE_CURVE ( 'NONE', #2496, #4287, #7212, .T. ) ;
#7172 = DIRECTION ( 'NONE',  ( -0.000000000000000000, -0.000000000000000000, -1.000000000000000000 ) ) ;
#7173 = EDGE_LOOP ( 'NONE', ( #4121, #3498, #4056, #2907, #4043, #4524 ) ) ;
#7174 = CARTESIAN_POINT ( 'NONE',  ( 12.71816005577112563, -49.42446917498903503, -2.937762147250987610 ) ) ;
#7175 = EDGE_LOOP ( 'NONE', ( #5765, #4536 ) ) ;
#7176 = VERTEX_POINT ( 'NONE', #3266 ) ;
#7177 = AXIS2_PLACEMENT_3D ( 'NONE', #4590, #5887, #3344 ) ;
#7178 = EDGE_CURVE ( 'NONE', #3374, #204, #6048, .T. ) ;
#7179 = ORIENTED_EDGE ( 'NONE', *, *, #5672, .T. ) ;
#7180 = DIRECTION ( 'NONE',  ( -6.685457475978443146E-15, 1.000000000000000000, 0.000000000000000000 ) ) ;
#7181 = VECTOR ( 'NONE', #6036, 1000.000000000000000 ) ;
#7182 = CARTESIAN_POINT ( 'NONE',  ( -11.00000000000000000, 5.849999999999910827, -9.650000000000000355 ) ) ;
#7183 = CARTESIAN_POINT ( 'NONE',  ( 15.00000000000000000, 5.849999999999910827, -9.650000000000000355 ) ) ;
#7184 = CIRCLE ( 'NONE', #72, 8.050000000000000711 ) ;
#7185 = ORIENTED_EDGE ( 'NONE', *, *, #5742, .F. ) ;
#7186 = AXIS2_PLACEMENT_3D ( 'NONE', #5174, #4134, #4526 ) ;
#7187 = DIRECTION ( 'NONE',  ( -1.000000000000000000, 0.000000000000000000, 0.000000000000000000 ) ) ;
#7188 = LINE ( 'NONE', #493, #6245 ) ;
#7189 = DIRECTION ( 'NONE',  ( 1.000000000000000000, 0.000000000000000000, 0.000000000000000000 ) ) ;
#7190 = EDGE_CURVE ( 'NONE', #6657, #2763, #216, .T. ) ;
#7191 = EDGE_LOOP ( 'NONE', ( #3039, #7029 ) ) ;
#7192 = DIRECTION ( 'NONE',  ( 0.000000000000000000, 0.000000000000000000, -1.000000000000000000 ) ) ;
#7193 = DIRECTION ( 'NONE',  ( 0.000000000000000000, 0.000000000000000000, -1.000000000000000000 ) ) ;
#7194 = CIRCLE ( 'NONE', #326, 3.000000000000004441 ) ;
#7195 = CYLINDRICAL_SURFACE ( 'NONE', #5514, 3.350000000000000089 ) ;
#7196 = CIRCLE ( 'NONE', #5124, 3.000000000000000000 ) ;
#7197 = ORIENTED_EDGE ( 'NONE', *, *, #4189, .F. ) ;
#7198 = LINE ( 'NONE', #5416, #2553 ) ;
#7199 = CARTESIAN_POINT ( 'NONE',  ( 7.999999999999998224, 35.74406644123207144, -1.000000000000000000 ) ) ;
#7200 = FACE_OUTER_BOUND ( 'NONE', #3323, .T. ) ;
#7201 = EDGE_CURVE ( 'NONE', #4460, #5939, #1504, .T. ) ;
#7202 = ADVANCED_FACE ( 'NONE', ( #817 ), #3303, .F. ) ;
#7203 = DIRECTION ( 'NONE',  ( 1.000000000000000000, 0.000000000000000000, 0.000000000000000000 ) ) ;
#7204 = CARTESIAN_POINT ( 'NONE',  ( 30.14487539711820929, 2.220446049250313081E-13, -5.000000000000000000 ) ) ;
#7205 = DIRECTION ( 'NONE',  ( 0.000000000000000000, 0.000000000000000000, 1.000000000000000000 ) ) ;
#7206 = AXIS2_PLACEMENT_3D ( 'NONE', #7128, #2832, #4537 ) ;
#7207 = ORIENTED_EDGE ( 'NONE', *, *, #3754, .T. ) ;
#7208 = FACE_OUTER_BOUND ( 'NONE', #4971, .T. ) ;
#7209 = ORIENTED_EDGE ( 'NONE', *, *, #6003, .T. ) ;
#7210 = ORIENTED_EDGE ( 'NONE', *, *, #4329, .T. ) ;
#7211 = DIRECTION ( 'NONE',  ( -0.000000000000000000, -0.000000000000000000, -1.000000000000000000 ) ) ;
#7212 = CIRCLE ( 'NONE', #5542, 3.350000000000000089 ) ;
#7213 = CARTESIAN_POINT ( 'NONE',  ( 17.00000000000000000, -34.86239308998525388, -7.000000000000000000 ) ) ;
#7214 = CIRCLE ( 'NONE', #3212, 0.5000000000000004441 ) ;
#7215 = CARTESIAN_POINT ( 'NONE',  ( 13.00000000000000178, -35.99427459992278244, 6.999999999999999112 ) ) ;
#7216 = ORIENTED_EDGE ( 'NONE', *, *, #4344, .T. ) ;
#7217 = LINE ( 'NONE', #2964, #3317 ) ;
#7218 = VECTOR ( 'NONE', #7809, 1000.000000000000000 ) ;
#7219 = EDGE_CURVE ( 'NONE', #7814, #1758, #6575, .T. ) ;
#7220 = ORIENTED_EDGE ( 'NONE', *, *, #1272, .T. ) ;
#7221 = AXIS2_PLACEMENT_3D ( 'NONE', #1223, #1377, #3328 ) ;
#7222 = EDGE_LOOP ( 'NONE', ( #1122, #3778, #803, #7511 ) ) ;
#7223 = CARTESIAN_POINT ( 'NONE',  ( -22.75590207615663729, 24.22277336810120119, -7.000000000000000000 ) ) ;
#7224 = CIRCLE ( 'NONE', #5036, 5.499999999999998224 ) ;
#7225 = ORIENTED_EDGE ( 'NONE', *, *, #7427, .F. ) ;
#7226 = CARTESIAN_POINT ( 'NONE',  ( -6.425409930534608627, 23.63401780426756460, -5.500000000000000000 ) ) ;
#7227 = EDGE_CURVE ( 'NONE', #5651, #7878, #4750, .T. ) ;
#7228 = CARTESIAN_POINT ( 'NONE',  ( 11.00000000000000000, 5.849999999999910827, -9.650000000000000355 ) ) ;
#7229 = EDGE_LOOP ( 'NONE', ( #2768, #4631 ) ) ;
#7230 = AXIS2_PLACEMENT_3D ( 'NONE', #7361, #1798, #7314 ) ;
#7231 = FACE_OUTER_BOUND ( 'NONE', #3713, .T. ) ;
#7232 = DIRECTION ( 'NONE',  ( -8.673617379884027583E-16, -1.000000000000000000, 0.000000000000000000 ) ) ;
#7233 = CARTESIAN_POINT ( 'NONE',  ( -5.000000000000000888, 29.74406644123207144, -1.000000000000000000 ) ) ;
#7234 = DIRECTION ( 'NONE',  ( -1.823796845045658185E-16, -1.000000000000000000, 0.000000000000000000 ) ) ;
#7235 = LINE ( 'NONE', #5539, #3990 ) ;
#7236 = CARTESIAN_POINT ( 'NONE',  ( 3.305443769227831119, -21.00000000000001776, 6.455443769227854567 ) ) ;
#7237 = CIRCLE ( 'NONE', #4781, 0.5000000000000004441 ) ;
#7238 = EDGE_CURVE ( 'NONE', #7620, #5921, #4757, .T. ) ;
#7239 = ORIENTED_EDGE ( 'NONE', *, *, #7136, .F. ) ;
#7240 = CARTESIAN_POINT ( 'NONE',  ( -14.00000000000000000, -24.00000000000002132, -7.000000000000000000 ) ) ;
#7241 = LINE ( 'NONE', #3549, #4413 ) ;
#7242 = CARTESIAN_POINT ( 'NONE',  ( -30.14487539711820929, 0.000000000000000000, -3.999999999999999112 ) ) ;
#7243 = CARTESIAN_POINT ( 'NONE',  ( 25.49999999999999645, -0.1499999999999973854, -9.650000000000000355 ) ) ;
#7244 = FACE_OUTER_BOUND ( 'NONE', #2874, .T. ) ;
#7245 = EDGE_CURVE ( 'NONE', #5103, #564, #2811, .T. ) ;
#7246 = ORIENTED_EDGE ( 'NONE', *, *, #4661, .F. ) ;
#7247 = ADVANCED_FACE ( 'NONE', ( #3984 ), #6012, .T. ) ;
#7248 = DIRECTION ( 'NONE',  ( 0.7071067811865529018, -0.000000000000000000, 0.7071067811865422437 ) ) ;
#7249 = EDGE_LOOP ( 'NONE', ( #1699, #2464, #7185, #6887 ) ) ;
#7250 = VERTEX_POINT ( 'NONE', #5936 ) ;
#7251 = LINE ( 'NONE', #1685, #618 ) ;
#7252 = DIRECTION ( 'NONE',  ( 1.000000000000000000, 0.000000000000000000, 0.000000000000000000 ) ) ;
#7253 = CARTESIAN_POINT ( 'NONE',  ( 12.40000000000000036, -5.150000000000045652, -2.499999999999999556 ) ) ;
#7254 = LINE ( 'NONE', #3607, #7657 ) ;
#7255 = EDGE_LOOP ( 'NONE', ( #6371, #7386 ) ) ;
#7256 = FACE_OUTER_BOUND ( 'NONE', #6279, .T. ) ;
#7257 = ORIENTED_EDGE ( 'NONE', *, *, #6425, .F. ) ;
#7258 = DIRECTION ( 'NONE',  ( 1.000000000000000000, 0.000000000000000000, 0.000000000000000000 ) ) ;
#7259 = VERTEX_POINT ( 'NONE', #2851 ) ;
#7260 = ORIENTED_EDGE ( 'NONE', *, *, #6583, .F. ) ;
#7261 = CIRCLE ( 'NONE', #2475, 8.000000000000000000 ) ;
#7262 = CARTESIAN_POINT ( 'NONE',  ( -13.00000000000000355, -56.22269074732326999, -5.500000000000000000 ) ) ;
#7263 = EDGE_CURVE ( 'NONE', #5427, #4066, #2891, .T. ) ;
#7264 = ORIENTED_EDGE ( 'NONE', *, *, #4643, .F. ) ;
#7265 = DIRECTION ( 'NONE',  ( 0.000000000000000000, 0.000000000000000000, 1.000000000000000000 ) ) ;
#7266 = CIRCLE ( 'NONE', #2613, 2.000000000000000000 ) ;
#7267 = AXIS2_PLACEMENT_3D ( 'NONE', #7393, #3063, #6832 ) ;
#7268 = EDGE_LOOP ( 'NONE', ( #587, #5238, #5152, #644 ) ) ;
#7269 = DIRECTION ( 'NONE',  ( 0.000000000000000000, 0.000000000000000000, 1.000000000000000000 ) ) ;
#7270 = DIRECTION ( 'NONE',  ( 1.000000000000000000, 0.000000000000000000, 0.000000000000000000 ) ) ;
#7271 = DIRECTION ( 'NONE',  ( 0.000000000000000000, 1.000000000000000000, 0.000000000000000000 ) ) ;
#7272 = EDGE_LOOP ( 'NONE', ( #351, #1066, #7889, #2604, #6767, #6221, #4080, #1421, #5748, #5845, #2503, #5846 ) ) ;
#7273 = EDGE_CURVE ( 'NONE', #4786, #525, #7708, .T. ) ;
#7274 = PLANE ( 'NONE',  #4832 ) ;
#7275 = AXIS2_PLACEMENT_3D ( 'NONE', #7370, #6804, #1161 ) ;
#7276 = CARTESIAN_POINT ( 'NONE',  ( -13.00000000000000178, -43.22269074732326999, 5.000000000000000000 ) ) ;
#7277 = AXIS2_PLACEMENT_3D ( 'NONE', #1984, #5139, #6285 ) ;
#7278 = CARTESIAN_POINT ( 'NONE',  ( -7.500000000000003553, -43.22269074732326999, -5.500000000000000000 ) ) ;
#7279 = ORIENTED_EDGE ( 'NONE', *, *, #3421, .T. ) ;
#7280 = AXIS2_PLACEMENT_3D ( 'NONE', #4074, #382, #2990 ) ;
#7281 = CARTESIAN_POINT ( 'NONE',  ( 11.00000000000000000, -24.00000000000002132, -7.000000000000000000 ) ) ;
#7282 = DIRECTION ( 'NONE',  ( 0.000000000000000000, 0.000000000000000000, 1.000000000000000000 ) ) ;
#7283 = DIRECTION ( 'NONE',  ( 0.000000000000000000, 0.000000000000000000, 1.000000000000000000 ) ) ;
#7284 = ADVANCED_FACE ( 'NONE', ( #980 ), #7749, .F. ) ;
#7285 = LINE ( 'NONE', #6677, #752 ) ;
#7286 = CARTESIAN_POINT ( 'NONE',  ( 8.000000000000000000, 37.74406644123207144, -1.000000000000000000 ) ) ;
#7287 = CIRCLE ( 'NONE', #3274, 1.899999999999999689 ) ;
#7288 = ORIENTED_EDGE ( 'NONE', *, *, #3221, .T. ) ;
#7289 = CARTESIAN_POINT ( 'NONE',  ( 8.000000000000000000, 23.34999999999998010, -6.349999999999999645 ) ) ;
#7290 = ORIENTED_EDGE ( 'NONE', *, *, #7702, .F. ) ;
#7291 = ORIENTED_EDGE ( 'NONE', *, *, #2746, .F. ) ;
#7292 = DIRECTION ( 'NONE',  ( 0.000000000000000000, 0.000000000000000000, 1.000000000000000000 ) ) ;
#7293 = FACE_OUTER_BOUND ( 'NONE', #368, .T. ) ;
#7294 = EDGE_CURVE ( 'NONE', #5272, #5543, #5320, .T. ) ;
#7295 = FACE_OUTER_BOUND ( 'NONE', #168, .T. ) ;
#7296 = CARTESIAN_POINT ( 'NONE',  ( -21.49999999999995026, 7.849999999999999645, -7.000000000000000000 ) ) ;
#7297 = ORIENTED_EDGE ( 'NONE', *, *, #4596, .F. ) ;
#7298 = FACE_OUTER_BOUND ( 'NONE', #2506, .T. ) ;
#7299 = ORIENTED_EDGE ( 'NONE', *, *, #6700, .T. ) ;
#7300 = FACE_OUTER_BOUND ( 'NONE', #768, .T. ) ;
#7301 = VERTEX_POINT ( 'NONE', #7790 ) ;
#7302 = EDGE_CURVE ( 'NONE', #4010, #254, #3384, .T. ) ;
#7303 = ORIENTED_EDGE ( 'NONE', *, *, #2860, .T. ) ;
#7304 = CARTESIAN_POINT ( 'NONE',  ( 25.99999999999999645, 12.00000000000000000, -3.999999999999999112 ) ) ;
#7305 = ORIENTED_EDGE ( 'NONE', *, *, #3065, .F. ) ;
#7306 = VERTEX_POINT ( 'NONE', #1062 ) ;
#7307 = CARTESIAN_POINT ( 'NONE',  ( 27.96285684503430602, -6.175863910284965286, -5.500000000000000000 ) ) ;
#7308 = LINE ( 'NONE', #1706, #2041 ) ;
#7309 = LINE ( 'NONE', #409, #4289 ) ;
#7310 = FACE_BOUND ( 'NONE', #5448, .T. ) ;
#7311 = ORIENTED_EDGE ( 'NONE', *, *, #4912, .T. ) ;
#7312 = DIRECTION ( 'NONE',  ( -1.000000000000000000, 0.000000000000000000, 0.000000000000000000 ) ) ;
#7313 = CARTESIAN_POINT ( 'NONE',  ( 12.89870828346177234, -49.82269074732327141, -3.999999999999998224 ) ) ;
#7314 = DIRECTION ( 'NONE',  ( -1.000000000000000000, 0.000000000000000000, 0.000000000000000000 ) ) ;
#7315 = FACE_OUTER_BOUND ( 'NONE', #5611, .T. ) ;
#7316 = CIRCLE ( 'NONE', #7821, 2.000000000000000888 ) ;
#7317 = EDGE_CURVE ( 'NONE', #166, #4399, #7149, .T. ) ;
#7318 = ORIENTED_EDGE ( 'NONE', *, *, #2595, .T. ) ;
#7319 = EDGE_CURVE ( 'NONE', #810, #2578, #6467, .T. ) ;
#7320 = DIRECTION ( 'NONE',  ( 0.000000000000000000, 0.000000000000000000, 1.000000000000000000 ) ) ;
#7321 = FACE_BOUND ( 'NONE', #7769, .T. ) ;
#7322 = DIRECTION ( 'NONE',  ( -0.000000000000000000, -0.000000000000000000, -1.000000000000000000 ) ) ;
#7323 = CIRCLE ( 'NONE', #3057, 5.499999999999998224 ) ;
#7324 = CARTESIAN_POINT ( 'NONE',  ( -9.000000000000206057, 29.74406644123207144, -4.000000000000000000 ) ) ;
#7325 = DIRECTION ( 'NONE',  ( 0.000000000000000000, -1.000000000000000000, 0.000000000000000000 ) ) ;
#7326 = ORIENTED_EDGE ( 'NONE', *, *, #1709, .F. ) ;
#7327 = DIRECTION ( 'NONE',  ( 0.000000000000000000, 0.000000000000000000, -1.000000000000000000 ) ) ;
#7328 = ORIENTED_EDGE ( 'NONE', *, *, #2022, .F. ) ;
#7329 = ADVANCED_FACE ( 'NONE', ( #7231 ), #4136, .F. ) ;
#7330 = AXIS2_PLACEMENT_3D ( 'NONE', #6745, #1099, #2401 ) ;
#7331 = ORIENTED_EDGE ( 'NONE', *, *, #2112, .F. ) ;
#7332 = CARTESIAN_POINT ( 'NONE',  ( 8.723809523809968880, 21.92308031997521311, 7.000000000000000888 ) ) ;
#7333 = DIRECTION ( 'NONE',  ( -0.000000000000000000, 0.000000000000000000, -1.000000000000000000 ) ) ;
#7334 = DIRECTION ( 'NONE',  ( 1.000000000000000000, 0.000000000000000000, -0.000000000000000000 ) ) ;
#7335 = LINE ( 'NONE', #3092, #1231 ) ;
#7336 = DIRECTION ( 'NONE',  ( -3.083923978207811463E-16, 1.000000000000000000, 0.000000000000000000 ) ) ;
#7337 = ORIENTED_EDGE ( 'NONE', *, *, #4919, .F. ) ;
#7338 = CARTESIAN_POINT ( 'NONE',  ( 14.00000000000000000, -5.150000000000045652, -5.500000000000000000 ) ) ;
#7339 = VERTEX_POINT ( 'NONE', #290 ) ;
#7340 = DIRECTION ( 'NONE',  ( -1.000000000000000000, 0.000000000000000000, 0.000000000000000000 ) ) ;
#7341 = VERTEX_POINT ( 'NONE', #7827 ) ;
#7342 = EDGE_CURVE ( 'NONE', #2918, #2754, #2430, .T. ) ;
#7343 = CIRCLE ( 'NONE', #5662, 4.000000000000000000 ) ;
#7344 = CIRCLE ( 'NONE', #615, 4.000000000000001776 ) ;
#7345 = EDGE_LOOP ( 'NONE', ( #4387, #111, #2084, #7328 ) ) ;
#7346 = DIRECTION ( 'NONE',  ( 0.000000000000000000, 0.000000000000000000, -1.000000000000000000 ) ) ;
#7347 = VECTOR ( 'NONE', #2235, 1000.000000000000000 ) ;
#7348 = VERTEX_POINT ( 'NONE', #5973 ) ;
#7349 = ORIENTED_EDGE ( 'NONE', *, *, #1407, .T. ) ;
#7350 = ADVANCED_FACE ( 'NONE', ( #2769 ), #2318, .T. ) ;
#7351 = CARTESIAN_POINT ( 'NONE',  ( 26.00000000000000355, 21.25010530891830030, -7.000000000000000000 ) ) ;
#7352 = EDGE_CURVE ( 'NONE', #678, #6736, #445, .T. ) ;
#7353 = VECTOR ( 'NONE', #7569, 1000.000000000000000 ) ;
#7354 = LINE ( 'NONE', #3620, #93 ) ;
#7355 = LINE ( 'NONE', #4225, #1314 ) ;
#7356 = CARTESIAN_POINT ( 'NONE',  ( -4.423300396521607780, -47.66591431104029652, -5.500000000000000000 ) ) ;
#7357 = VERTEX_POINT ( 'NONE', #5240 ) ;
#7358 = VECTOR ( 'NONE', #5762, 1000.000000000000000 ) ;
#7359 = CYLINDRICAL_SURFACE ( 'NONE', #4203, 4.000000000000000000 ) ;
#7360 = DIRECTION ( 'NONE',  ( -0.000000000000000000, -0.000000000000000000, -1.000000000000000000 ) ) ;
#7361 = CARTESIAN_POINT ( 'NONE',  ( -8.000000000000000000, 23.34999999999998010, -4.000000000000000000 ) ) ;
#7362 = CARTESIAN_POINT ( 'NONE',  ( 6.100000000000000533, 23.34999999999998010, -6.350000000000000533 ) ) ;
#7363 = AXIS2_PLACEMENT_3D ( 'NONE', #3907, #5783, #5825 ) ;
#7364 = ORIENTED_EDGE ( 'NONE', *, *, #7550, .T. ) ;
#7365 = DIRECTION ( 'NONE',  ( -0.000000000000000000, -0.000000000000000000, 1.000000000000000000 ) ) ;
#7366 = LINE ( 'NONE', #4279, #5967 ) ;
#7367 = DIRECTION ( 'NONE',  ( 1.000000000000000000, 0.000000000000000000, 0.000000000000000000 ) ) ;
#7368 = VECTOR ( 'NONE', #7064, 1000.000000000000114 ) ;
#7369 = DIRECTION ( 'NONE',  ( -0.000000000000000000, -0.000000000000000000, -1.000000000000000000 ) ) ;
#7370 = CARTESIAN_POINT ( 'NONE',  ( -13.00000000000000178, -43.22269074732326999, -3.000000000000000000 ) ) ;
#7371 = EDGE_CURVE ( 'NONE', #427, #3815, #3970, .T. ) ;
#7372 = ORIENTED_EDGE ( 'NONE', *, *, #131, .T. ) ;
#7373 = FACE_OUTER_BOUND ( 'NONE', #7510, .T. ) ;
#7374 = ORIENTED_EDGE ( 'NONE', *, *, #4794, .F. ) ;
#7375 = ORIENTED_EDGE ( 'NONE', *, *, #4312, .F. ) ;
#7376 = CARTESIAN_POINT ( 'NONE',  ( -7.950000000000000178, 24.24406644123207499, -5.500000000000000000 ) ) ;
#7377 = DIRECTION ( 'NONE',  ( 1.000000000000000000, 0.000000000000000000, 0.000000000000000000 ) ) ;
#7378 = CARTESIAN_POINT ( 'NONE',  ( 29.29659163829112600, -8.061623882891092663, -1.000000000000000000 ) ) ;
#7379 = FACE_OUTER_BOUND ( 'NONE', #4742, .T. ) ;
#7380 = CARTESIAN_POINT ( 'NONE',  ( 11.00000000000000178, -43.22269074732326999, -3.000000000000000000 ) ) ;
#7381 = EDGE_CURVE ( 'NONE', #1564, #1133, #7354, .T. ) ;
#7382 = VERTEX_POINT ( 'NONE', #574 ) ;
#7383 = ORIENTED_EDGE ( 'NONE', *, *, #1585, .T. ) ;
#7384 = CARTESIAN_POINT ( 'NONE',  ( 9.449999999999997513, 16.85000000000000142, -1.000000000000000000 ) ) ;
#7385 = ORIENTED_EDGE ( 'NONE', *, *, #7595, .F. ) ;
#7386 = ORIENTED_EDGE ( 'NONE', *, *, #4255, .T. ) ;
#7387 = CARTESIAN_POINT ( 'NONE',  ( -23.59487539711820858, 8.799999999999997158, -5.500000000000000000 ) ) ;
#7388 = ADVANCED_FACE ( 'NONE', ( #4268 ), #6706, .T. ) ;
#7389 = ORIENTED_EDGE ( 'NONE', *, *, #3270, .T. ) ;
#7390 = VERTEX_POINT ( 'NONE', #5488 ) ;
#7391 = DIRECTION ( 'NONE',  ( -1.000000000000000000, 0.000000000000000000, 0.000000000000000000 ) ) ;
#7392 = AXIS2_PLACEMENT_3D ( 'NONE', #3676, #3032, #5499 ) ;
#7393 = CARTESIAN_POINT ( 'NONE',  ( -16.99999999999999289, -61.22269074732326999, 7.000000000000000000 ) ) ;
#7394 = LINE ( 'NONE', #3667, #1771 ) ;
#7395 = VERTEX_POINT ( 'NONE', #2404 ) ;
#7396 = FACE_OUTER_BOUND ( 'NONE', #1565, .T. ) ;
#7397 = EDGE_CURVE ( 'NONE', #564, #1227, #3588, .T. ) ;
#7398 = DIRECTION ( 'NONE',  ( -0.000000000000000000, -0.000000000000000000, -1.000000000000000000 ) ) ;
#7399 = EDGE_CURVE ( 'NONE', #297, #810, #1102, .T. ) ;
#7400 = CYLINDRICAL_SURFACE ( 'NONE', #3864, 10.00000000000000178 ) ;
#7401 = PLANE ( 'NONE',  #6815 ) ;
#7402 = CIRCLE ( 'NONE', #1046, 4.000000000000007105 ) ;
#7403 = ORIENTED_EDGE ( 'NONE', *, *, #439, .T. ) ;
#7404 = DIRECTION ( 'NONE',  ( 0.000000000000000000, 0.000000000000000000, -1.000000000000000000 ) ) ;
#7405 = CYLINDRICAL_SURFACE ( 'NONE', #904, 1.899999999999999023 ) ;
#7406 = CARTESIAN_POINT ( 'NONE',  ( -30.14487539711820929, 0.000000000000000000, -1.000000000000000000 ) ) ;
#7407 = AXIS2_PLACEMENT_3D ( 'NONE', #852, #1688, #933 ) ;
#7408 = AXIS2_PLACEMENT_3D ( 'NONE', #303, #7725, #2828 ) ;
#7409 = EDGE_CURVE ( 'NONE', #5554, #6532, #4895, .T. ) ;
#7410 = CYLINDRICAL_SURFACE ( 'NONE', #1274, 0.5000000000000004441 ) ;
#7411 = CARTESIAN_POINT ( 'NONE',  ( -14.00000000000000000, -5.150000000000045652, -5.500000000000000000 ) ) ;
#7412 = ORIENTED_EDGE ( 'NONE', *, *, #2501, .T. ) ;
#7413 = CARTESIAN_POINT ( 'NONE',  ( 21.50000000000000000, 7.849999999999999645, -9.650000000000000355 ) ) ;
#7414 = AXIS2_PLACEMENT_3D ( 'NONE', #462, #2949, #5423 ) ;
#7415 = ORIENTED_EDGE ( 'NONE', *, *, #1397, .F. ) ;
#7416 = EDGE_LOOP ( 'NONE', ( #3613, #3618 ) ) ;
#7417 = CARTESIAN_POINT ( 'NONE',  ( 11.00000000000000000, 5.849999999999910827, -6.350000000000000533 ) ) ;
#7418 = DIRECTION ( 'NONE',  ( -0.000000000000000000, 1.000000000000000000, -0.000000000000000000 ) ) ;
#7419 = CARTESIAN_POINT ( 'NONE',  ( -16.00000000000000000, 8.799999999999998934, -1.000000000000000000 ) ) ;
#7420 = AXIS2_PLACEMENT_3D ( 'NONE', #2080, #2655, #5127 ) ;
#7421 = DIRECTION ( 'NONE',  ( -1.000000000000000000, 0.000000000000000000, 0.000000000000000000 ) ) ;
#7422 = DIRECTION ( 'NONE',  ( 0.000000000000000000, 0.000000000000000000, 1.000000000000000000 ) ) ;
#7423 = CYLINDRICAL_SURFACE ( 'NONE', #6035, 1.900000000000000577 ) ;
#7424 = ORIENTED_EDGE ( 'NONE', *, *, #2767, .T. ) ;
#7425 = CARTESIAN_POINT ( 'NONE',  ( 4.037163080214492439, -47.92214342900302881, -5.595108223447485152 ) ) ;
#7426 = VERTEX_POINT ( 'NONE', #4838 ) ;
#7427 = EDGE_CURVE ( 'NONE', #6906, #1483, #7308, .T. ) ;
#7428 = EDGE_CURVE ( 'NONE', #6049, #1457, #6096, .T. ) ;
#7429 = PLANE ( 'NONE',  #747 ) ;
#7430 = EDGE_LOOP ( 'NONE', ( #5655, #2740, #2176, #6011 ) ) ;
#7431 = ORIENTED_EDGE ( 'NONE', *, *, #2168, .T. ) ;
#7432 = DIRECTION ( 'NONE',  ( 0.000000000000000000, 0.000000000000000000, 1.000000000000000000 ) ) ;
#7433 = ADVANCED_FACE ( 'NONE', ( #1188 ), #4179, .F. ) ;
#7434 = CARTESIAN_POINT ( 'NONE',  ( -9.600000000000003197, 23.34999999999998010, -6.349999999999999645 ) ) ;
#7435 = CARTESIAN_POINT ( 'NONE',  ( -11.00000000000000000, 5.849999999999910827, 7.000000000000000888 ) ) ;
#7436 = ORIENTED_EDGE ( 'NONE', *, *, #5501, .T. ) ;
#7437 = CARTESIAN_POINT ( 'NONE',  ( -1.000000000000000888, 29.74406644123207144, -1.000000000000000000 ) ) ;
#7438 = DIRECTION ( 'NONE',  ( -0.000000000000000000, -0.000000000000000000, 1.000000000000000000 ) ) ;
#7439 = DIRECTION ( 'NONE',  ( -1.000000000000000000, 0.000000000000000000, 0.000000000000000000 ) ) ;
#7440 = CARTESIAN_POINT ( 'NONE',  ( -12.67342031205830999, -49.35164402635653857, -2.861579853068848767 ) ) ;
#7441 = EDGE_LOOP ( 'NONE', ( #7225, #1239, #4665, #25 ) ) ;
#7442 = ADVANCED_FACE ( 'NONE', ( #4201 ), #5997, .T. ) ;
#7443 = CYLINDRICAL_SURFACE ( 'NONE', #1909, 2.000000000000000000 ) ;
#7444 = DIRECTION ( 'NONE',  ( -1.000000000000000000, 0.000000000000000000, 0.000000000000000000 ) ) ;
#7445 = LINE ( 'NONE', #5458, #5801 ) ;
#7446 = VECTOR ( 'NONE', #1662, 1000.000000000000000 ) ;
#7447 = DIRECTION ( 'NONE',  ( -1.000000000000000000, -0.000000000000000000, -0.000000000000000000 ) ) ;
#7448 = VERTEX_POINT ( 'NONE', #428 ) ;
#7449 = CARTESIAN_POINT ( 'NONE',  ( 8.000000000000000000, 23.34999999999998010, -0.9999999999999991118 ) ) ;
#7450 = ORIENTED_EDGE ( 'NONE', *, *, #709, .T. ) ;
#7451 = EDGE_CURVE ( 'NONE', #7395, #5821, #6526, .T. ) ;
#7452 = ORIENTED_EDGE ( 'NONE', *, *, #3371, .F. ) ;
#7453 = EDGE_CURVE ( 'NONE', #6227, #3569, #1390, .T. ) ;
#7454 = DIRECTION ( 'NONE',  ( -1.000000000000000000, -6.776263578034408105E-18, -0.000000000000000000 ) ) ;
#7455 = CARTESIAN_POINT ( 'NONE',  ( 40.14487539711818442, -49.82269074732327141, -3.999999999999998224 ) ) ;
#7456 = DIRECTION ( 'NONE',  ( 1.000000000000000000, 1.734723475976805517E-15, 0.000000000000000000 ) ) ;
#7457 = CIRCLE ( 'NONE', #4343, 4.000000000000000888 ) ;
#7458 = AXIS2_PLACEMENT_3D ( 'NONE', #3228, #6913, #6271 ) ;
#7459 = FACE_BOUND ( 'NONE', #3684, .T. ) ;
#7460 = DIRECTION ( 'NONE',  ( -0.000000000000000000, -0.000000000000000000, -1.000000000000000000 ) ) ;
#7461 = FACE_BOUND ( 'NONE', #2546, .T. ) ;
#7462 = CIRCLE ( 'NONE', #6819, 2.000000000000001776 ) ;
#7463 = VERTEX_POINT ( 'NONE', #2998 ) ;
#7464 = FACE_OUTER_BOUND ( 'NONE', #6923, .T. ) ;
#7465 = ORIENTED_EDGE ( 'NONE', *, *, #6845, .T. ) ;
#7466 = CARTESIAN_POINT ( 'NONE',  ( 8.847089727481716182E-14, 21.24406644123204302, 6.999999999999999112 ) ) ;
#7467 = EDGE_CURVE ( 'NONE', #6089, #484, #4504, .T. ) ;
#7468 = EDGE_LOOP ( 'NONE', ( #5994, #5292, #5766, #5154 ) ) ;
#7469 = AXIS2_PLACEMENT_3D ( 'NONE', #6021, #2823, #7760 ) ;
#7470 = ORIENTED_EDGE ( 'NONE', *, *, #6119, .T. ) ;
#7471 = CARTESIAN_POINT ( 'NONE',  ( 22.75590207615663729, 24.22277336810120474, -7.000000000000000000 ) ) ;
#7472 = VECTOR ( 'NONE', #4181, 1000.000000000000000 ) ;
#7473 = FACE_OUTER_BOUND ( 'NONE', #7530, .T. ) ;
#7474 = LINE ( 'NONE', #1919, #2426 ) ;
#7475 = ORIENTED_EDGE ( 'NONE', *, *, #770, .T. ) ;
#7476 = VECTOR ( 'NONE', #4798, 1000.000000000000000 ) ;
#7477 = DIRECTION ( 'NONE',  ( 1.000000000000000000, 0.000000000000000000, 0.000000000000000000 ) ) ;
#7478 = DIRECTION ( 'NONE',  ( 1.000000000000000000, 0.000000000000000000, -0.000000000000000000 ) ) ;
#7479 = FACE_OUTER_BOUND ( 'NONE', #6029, .T. ) ;
#7480 = ADVANCED_FACE ( 'NONE', ( #5304 ), #4696, .T. ) ;
#7481 = DIRECTION ( 'NONE',  ( 1.000000000000000000, -1.734723475976807341E-16, -0.000000000000000000 ) ) ;
#7482 = AXIS2_PLACEMENT_3D ( 'NONE', #2987, #1931, #4402 ) ;
#7483 = CIRCLE ( 'NONE', #3976, 4.000000000000000000 ) ;
#7484 = VERTEX_POINT ( 'NONE', #2254 ) ;
#7485 = CIRCLE ( 'NONE', #5545, 4.000000000000003553 ) ;
#7486 = CARTESIAN_POINT ( 'NONE',  ( 7.999999999999996447, 35.74406644123207144, 7.000000000000000000 ) ) ;
#7487 = CYLINDRICAL_SURFACE ( 'NONE', #267, 1.600000000000000755 ) ;
#7488 = DIRECTION ( 'NONE',  ( -1.000000000000000000, -1.734723475976807587E-16, -0.000000000000000000 ) ) ;
#7489 = CIRCLE ( 'NONE', #3981, 6.550000000000000711 ) ;
#7490 = PLANE ( 'NONE',  #6335 ) ;
#7491 = ADVANCED_FACE ( 'NONE', ( #2301 ), #6686, .F. ) ;
#7492 = CIRCLE ( 'NONE', #4908, 1.900000000000000577 ) ;
#7493 = ORIENTED_EDGE ( 'NONE', *, *, #7502, .T. ) ;
#7494 = LINE ( 'NONE', #4448, #4209 ) ;
#7495 = EDGE_LOOP ( 'NONE', ( #7, #2616 ) ) ;
#7496 = CARTESIAN_POINT ( 'NONE',  ( 8.000000000000000000, 23.34999999999998010, -9.650000000000000355 ) ) ;
#7497 = DIRECTION ( 'NONE',  ( 0.000000000000000000, 0.000000000000000000, 1.000000000000000000 ) ) ;
#7498 = PLANE ( 'NONE',  #7723 ) ;
#7499 = AXIS2_PLACEMENT_3D ( 'NONE', #7276, #451, #6146 ) ;
#7500 = CARTESIAN_POINT ( 'NONE',  ( 30.14487539711820929, 2.220446049250313081E-13, 7.000000000000000000 ) ) ;
#7501 = CARTESIAN_POINT ( 'NONE',  ( 7.949999999999996625, 16.85000000000000142, -1.000000000000000000 ) ) ;
#7502 = EDGE_CURVE ( 'NONE', #3407, #6491, #3559, .T. ) ;
#7503 = DIRECTION ( 'NONE',  ( 1.000000000000000000, 0.000000000000000000, 0.000000000000000000 ) ) ;
#7504 = ADVANCED_FACE ( 'NONE', ( #2956 ), #5471, .F. ) ;
#7505 = LINE ( 'NONE', #725, #4218 ) ;
#7506 = ORIENTED_EDGE ( 'NONE', *, *, #746, .T. ) ;
#7507 = CARTESIAN_POINT ( 'NONE',  ( 8.000000000000000000, 37.74406644123207144, -7.000000000000000000 ) ) ;
#7508 = EDGE_LOOP ( 'NONE', ( #4117, #6114, #207, #530, #2954, #3356 ) ) ;
#7509 = DIRECTION ( 'NONE',  ( 2.312964634635742464E-16, -1.000000000000000000, 0.000000000000000000 ) ) ;
#7510 = EDGE_LOOP ( 'NONE', ( #6416, #5443 ) ) ;
#7511 = ORIENTED_EDGE ( 'NONE', *, *, #5959, .T. ) ;
#7512 = EDGE_CURVE ( 'NONE', #3201, #3910, #744, .T. ) ;
#7513 = ORIENTED_EDGE ( 'NONE', *, *, #5501, .F. ) ;
#7514 = CARTESIAN_POINT ( 'NONE',  ( -13.00000000000000355, -50.45110689472375043, -1.000000000000000000 ) ) ;
#7515 = DIRECTION ( 'NONE',  ( 0.000000000000000000, 0.000000000000000000, 1.000000000000000000 ) ) ;
#7516 = LINE ( 'NONE', #1925, #4516 ) ;
#7517 = CARTESIAN_POINT ( 'NONE',  ( 3.000000000000000000, 29.74406644123207144, 7.000000000000000000 ) ) ;
#7518 = FACE_OUTER_BOUND ( 'NONE', #4464, .T. ) ;
#7519 = VECTOR ( 'NONE', #6636, 1000.000000000000000 ) ;
#7520 = ORIENTED_EDGE ( 'NONE', *, *, #8020, .F. ) ;
#7521 = CARTESIAN_POINT ( 'NONE',  ( -8.000000000000000000, 23.34999999999998010, -7.000000000000000000 ) ) ;
#7522 = FACE_OUTER_BOUND ( 'NONE', #92, .T. ) ;
#7523 = EDGE_CURVE ( 'NONE', #733, #1571, #4782, .T. ) ;
#7524 = CARTESIAN_POINT ( 'NONE',  ( -28.82868052452909424, -9.347199102264276860, -1.000000000000000000 ) ) ;
#7525 = EDGE_CURVE ( 'NONE', #1402, #4245, #7251, .T. ) ;
#7526 = CARTESIAN_POINT ( 'NONE',  ( 35.19487539711821000, 2.220446049250313081E-13, -5.000000000000000000 ) ) ;
#7527 = ORIENTED_EDGE ( 'NONE', *, *, #7663, .F. ) ;
#7528 = DIRECTION ( 'NONE',  ( 1.000000000000000000, -8.673617379884027583E-16, 0.000000000000000000 ) ) ;
#7529 = ORIENTED_EDGE ( 'NONE', *, *, #6797, .F. ) ;
#7530 = EDGE_LOOP ( 'NONE', ( #2271, #578, #890, #3449 ) ) ;
#7531 = AXIS2_PLACEMENT_3D ( 'NONE', #723, #3131, #1295 ) ;
#7532 = LINE ( 'NONE', #2091, #2955 ) ;
#7533 = CARTESIAN_POINT ( 'NONE',  ( -21.59487539711820503, 6.799999999999997158, -5.500000000000000000 ) ) ;
#7534 = CARTESIAN_POINT ( 'NONE',  ( 9.464348799847927651, -47.43926576160410491, -5.402121500060580672 ) ) ;
#7535 = EDGE_CURVE ( 'NONE', #7390, #1080, #6840, .T. ) ;
#7536 = FACE_OUTER_BOUND ( 'NONE', #3141, .T. ) ;
#7537 = CARTESIAN_POINT ( 'NONE',  ( -13.80000000000000071, -46.32269074732328562, -3.999999999999998224 ) ) ;
#7538 = CARTESIAN_POINT ( 'NONE',  ( -16.00000000000000000, 16.85000000000000142, -1.000000000000000000 ) ) ;
#7539 = CIRCLE ( 'NONE', #2350, 8.000000000000000000 ) ;
#7540 = AXIS2_PLACEMENT_3D ( 'NONE', #6854, #6208, #718 ) ;
#7541 = ORIENTED_EDGE ( 'NONE', *, *, #3390, .F. ) ;
#7542 = CARTESIAN_POINT ( 'NONE',  ( -11.00000000000000178, -35.99427459992278244, -5.500000000000000000 ) ) ;
#7543 = VERTEX_POINT ( 'NONE', #2836 ) ;
#7544 = EDGE_CURVE ( 'NONE', #7742, #6906, #3471, .T. ) ;
#7545 = VECTOR ( 'NONE', #4141, 1000.000000000000000 ) ;
#7546 = CARTESIAN_POINT ( 'NONE',  ( 13.00000000000000355, -54.22269074732326999, -5.500000000000000000 ) ) ;
#7547 = ORIENTED_EDGE ( 'NONE', *, *, #4929, .F. ) ;
#7548 = ORIENTED_EDGE ( 'NONE', *, *, #542, .T. ) ;
#7549 = EDGE_CURVE ( 'NONE', #1937, #2186, #865, .T. ) ;
#7550 = EDGE_CURVE ( 'NONE', #2973, #2637, #4045, .T. ) ;
#7551 = ORIENTED_EDGE ( 'NONE', *, *, #1671, .F. ) ;
#7552 = DIRECTION ( 'NONE',  ( 0.000000000000000000, 0.000000000000000000, -1.000000000000000000 ) ) ;
#7553 = CARTESIAN_POINT ( 'NONE',  ( 6.999999999999998224, 5.849999999999911715, -9.650000000000000355 ) ) ;
#7554 = CARTESIAN_POINT ( 'NONE',  ( -9.503906377641433423, -47.47207296681275324, -2.582290937030893740 ) ) ;
#7555 = DIRECTION ( 'NONE',  ( 1.000000000000000000, -3.818726056296495018E-16, 0.000000000000000000 ) ) ;
#7556 = CARTESIAN_POINT ( 'NONE',  ( -16.00000000000000000, 16.85000000000000142, -5.000000000000000000 ) ) ;
#7557 = ORIENTED_EDGE ( 'NONE', *, *, #6062, .F. ) ;
#7558 = DIRECTION ( 'NONE',  ( 4.692204187680386691E-16, 1.000000000000000000, 0.000000000000000000 ) ) ;
#7559 = DIRECTION ( 'NONE',  ( 0.000000000000000000, -1.000000000000000000, 0.000000000000000000 ) ) ;
#7560 = DIRECTION ( 'NONE',  ( -1.000000000000000000, 0.000000000000000000, 0.000000000000000000 ) ) ;
#7561 = DIRECTION ( 'NONE',  ( -3.083923978207811463E-16, 1.000000000000000000, 0.000000000000000000 ) ) ;
#7562 = EDGE_CURVE ( 'NONE', #4568, #194, #2216, .T. ) ;
#7563 = EDGE_CURVE ( 'NONE', #5232, #4966, #1602, .T. ) ;
#7564 = ORIENTED_EDGE ( 'NONE', *, *, #3807, .F. ) ;
#7565 = FACE_OUTER_BOUND ( 'NONE', #7508, .T. ) ;
#7566 = CIRCLE ( 'NONE', #5639, 1.600000000000001643 ) ;
#7567 = ORIENTED_EDGE ( 'NONE', *, *, #6714, .T. ) ;
#7568 = EDGE_LOOP ( 'NONE', ( #2910, #1055 ) ) ;
#7569 = DIRECTION ( 'NONE',  ( -0.000000000000000000, -0.000000000000000000, -1.000000000000000000 ) ) ;
#7570 = CYLINDRICAL_SURFACE ( 'NONE', #2745, 10.00000000000000178 ) ;
#7571 = DIRECTION ( 'NONE',  ( 1.000000000000000000, 0.000000000000000000, 0.000000000000000000 ) ) ;
#7572 = CYLINDRICAL_SURFACE ( 'NONE', #7277, 4.000000000000001776 ) ;
#7573 = DIRECTION ( 'NONE',  ( 0.000000000000000000, 0.000000000000000000, -1.000000000000000000 ) ) ;
#7574 = CARTESIAN_POINT ( 'NONE',  ( -8.723809523809036293, 21.92308031997473705, -0.9999999999999991118 ) ) ;
#7575 = EDGE_CURVE ( 'NONE', #7382, #4266, #4123, .T. ) ;
#7576 = ORIENTED_EDGE ( 'NONE', *, *, #2888, .T. ) ;
#7577 = CARTESIAN_POINT ( 'NONE',  ( -14.00000000000000000, -5.150000000000045652, -2.499999999999999556 ) ) ;
#7578 = ORIENTED_EDGE ( 'NONE', *, *, #1257, .F. ) ;
#7579 = CIRCLE ( 'NONE', #2398, 2.999999999999999112 ) ;
#7580 = VECTOR ( 'NONE', #2346, 1000.000000000000000 ) ;
#7581 = AXIS2_PLACEMENT_3D ( 'NONE', #6991, #743, #7030 ) ;
#7582 = CARTESIAN_POINT ( 'NONE',  ( -27.29659163829112956, -8.061623882891206350, -5.500000000000000000 ) ) ;
#7583 = AXIS2_PLACEMENT_3D ( 'NONE', #1089, #1734, #7815 ) ;
#7584 = EDGE_CURVE ( 'NONE', #6222, #608, #4905, .T. ) ;
#7585 = AXIS2_PLACEMENT_3D ( 'NONE', #4059, #7792, #6469 ) ;
#7586 = ORIENTED_EDGE ( 'NONE', *, *, #6857, .F. ) ;
#7587 = ORIENTED_EDGE ( 'NONE', *, *, #5353, .F. ) ;
#7588 = AXIS2_PLACEMENT_3D ( 'NONE', #5102, #3885, #2515 ) ;
#7589 = ORIENTED_EDGE ( 'NONE', *, *, #7245, .F. ) ;
#7590 = CYLINDRICAL_SURFACE ( 'NONE', #1357, 1.600000000000002531 ) ;
#7591 = DIRECTION ( 'NONE',  ( -0.000000000000000000, -0.000000000000000000, -1.000000000000000000 ) ) ;
#7592 = CIRCLE ( 'NONE', #4089, 10.00000000000000178 ) ;
#7593 = LINE ( 'NONE', #6990, #5689 ) ;
#7594 = EDGE_CURVE ( 'NONE', #6807, #7997, #2947, .T. ) ;
#7595 = EDGE_CURVE ( 'NONE', #4740, #3951, #645, .T. ) ;
#7596 = FACE_BOUND ( 'NONE', #1820, .T. ) ;
#7597 = ORIENTED_EDGE ( 'NONE', *, *, #930, .T. ) ;
#7598 = AXIS2_PLACEMENT_3D ( 'NONE', #6718, #3075, #1157 ) ;
#7599 = DIRECTION ( 'NONE',  ( 0.000000000000000000, 0.000000000000000000, 1.000000000000000000 ) ) ;
#7600 = CARTESIAN_POINT ( 'NONE',  ( 8.000000000000000000, 23.34999999999998010, -9.650000000000000355 ) ) ;
#7601 = DIRECTION ( 'NONE',  ( -1.000000000000000000, 0.000000000000000000, 0.000000000000000000 ) ) ;
#7602 = CIRCLE ( 'NONE', #3587, 10.00000000000000178 ) ;
#7603 = DIRECTION ( 'NONE',  ( 0.000000000000000000, 0.000000000000000000, -1.000000000000000000 ) ) ;
#7604 = AXIS2_PLACEMENT_3D ( 'NONE', #6246, #3202, #5595 ) ;
#7605 = EDGE_LOOP ( 'NONE', ( #6623, #1631 ) ) ;
#7606 = DIRECTION ( 'NONE',  ( -1.000000000000000000, 0.000000000000000000, -0.000000000000000000 ) ) ;
#7607 = AXIS2_PLACEMENT_3D ( 'NONE', #924, #2796, #5187 ) ;
#7608 = VERTEX_POINT ( 'NONE', #4373 ) ;
#7609 = VERTEX_POINT ( 'NONE', #4290 ) ;
#7610 = FACE_OUTER_BOUND ( 'NONE', #2993, .T. ) ;
#7611 = CARTESIAN_POINT ( 'NONE',  ( -16.00000000000000355, 16.84999999999999787, -7.000000000000000000 ) ) ;
#7612 = CARTESIAN_POINT ( 'NONE',  ( 8.000000000000000000, 27.09831513016747806, -4.000000000000000000 ) ) ;
#7613 = AXIS2_PLACEMENT_3D ( 'NONE', #353, #514, #5428 ) ;
#7614 = EDGE_CURVE ( 'NONE', #7697, #5310, #3802, .T. ) ;
#7615 = FACE_BOUND ( 'NONE', #931, .T. ) ;
#7616 = DIRECTION ( 'NONE',  ( -0.000000000000000000, -0.000000000000000000, -1.000000000000000000 ) ) ;
#7617 = CARTESIAN_POINT ( 'NONE',  ( 16.00000000000000000, 16.84999999999999787, 7.000000000000000000 ) ) ;
#7618 = ORIENTED_EDGE ( 'NONE', *, *, #2607, .T. ) ;
#7619 = DIRECTION ( 'NONE',  ( 0.6427876096865349220, -0.7660444431189815662, 0.000000000000000000 ) ) ;
#7620 = VERTEX_POINT ( 'NONE', #2550 ) ;
#7621 = EDGE_CURVE ( 'NONE', #4993, #7014, #5024, .T. ) ;
#7622 = LINE ( 'NONE', #86, #2568 ) ;
#7623 = AXIS2_PLACEMENT_3D ( 'NONE', #3534, #7105, #364 ) ;
#7624 = ORIENTED_EDGE ( 'NONE', *, *, #4087, .T. ) ;
#7625 = DIRECTION ( 'NONE',  ( 3.818726056296495018E-16, 1.000000000000000000, 0.000000000000000000 ) ) ;
#7626 = EDGE_LOOP ( 'NONE', ( #6876, #4580, #7529, #263 ) ) ;
#7627 = ORIENTED_EDGE ( 'NONE', *, *, #2549, .T. ) ;
#7628 = EDGE_CURVE ( 'NONE', #4568, #5, #5274, .T. ) ;
#7629 = EDGE_LOOP ( 'NONE', ( #45, #2175 ) ) ;
#7630 = FACE_OUTER_BOUND ( 'NONE', #4426, .T. ) ;
#7631 = CARTESIAN_POINT ( 'NONE',  ( -13.00000000000000178, -43.22269074732326999, 7.000000000000000000 ) ) ;
#7632 = PLANE ( 'NONE',  #6721 ) ;
#7633 = DIRECTION ( 'NONE',  ( -1.000000000000000000, 0.000000000000000000, 0.000000000000000000 ) ) ;
#7634 = EDGE_LOOP ( 'NONE', ( #361, #6322, #1946, #5660, #562 ) ) ;
#7635 = CARTESIAN_POINT ( 'NONE',  ( 14.00000000000000000, -5.150000000000045652, -2.499999999999999556 ) ) ;
#7636 = LINE ( 'NONE', #3904, #2338 ) ;
#7637 = CYLINDRICAL_SURFACE ( 'NONE', #7857, 4.000000000000000888 ) ;
#7638 = EDGE_CURVE ( 'NONE', #2916, #3179, #6054, .T. ) ;
#7639 = EDGE_CURVE ( 'NONE', #1868, #1694, #6207, .T. ) ;
#7640 = DIRECTION ( 'NONE',  ( -0.000000000000000000, -0.000000000000000000, -1.000000000000000000 ) ) ;
#7641 = CARTESIAN_POINT ( 'NONE',  ( 14.00000000000000000, -5.150000000000045652, -3.799999999999999822 ) ) ;
#7642 = ORIENTED_EDGE ( 'NONE', *, *, #4382, .F. ) ;
#7643 = CARTESIAN_POINT ( 'NONE',  ( -13.00000000000000178, -43.22269074732326999, -3.000000000000000000 ) ) ;
#7644 = ORIENTED_EDGE ( 'NONE', *, *, #806, .T. ) ;
#7645 = ORIENTED_EDGE ( 'NONE', *, *, #4422, .T. ) ;
#7646 = DIRECTION ( 'NONE',  ( -0.6427876096865300370, -0.7660444431189858960, 0.000000000000000000 ) ) ;
#7647 = CARTESIAN_POINT ( 'NONE',  ( -9.463470931628968685, -47.43859243415859339, -5.401888479285965161 ) ) ;
#7648 = LINE ( 'NONE', #3360, #5541 ) ;
#7649 = ADVANCED_FACE ( 'NONE', ( #113 ), #6811, .F. ) ;
#7650 = CARTESIAN_POINT ( 'NONE',  ( 14.00000000000000000, -5.150000000000045652, -5.500000000000000000 ) ) ;
#7651 = CARTESIAN_POINT ( 'NONE',  ( 12.00000000000000000, 23.34999999999998010, -7.000000000000000000 ) ) ;
#7652 = DIRECTION ( 'NONE',  ( -1.000000000000000000, 1.734723475976807341E-16, -0.000000000000000000 ) ) ;
#7653 = ORIENTED_EDGE ( 'NONE', *, *, #7736, .T. ) ;
#7654 = CARTESIAN_POINT ( 'NONE',  ( 5.000000000000000888, 29.74406644123207144, -7.000000000000000000 ) ) ;
#7655 = AXIS2_PLACEMENT_3D ( 'NONE', #1506, #3464, #3985 ) ;
#7656 = ORIENTED_EDGE ( 'NONE', *, *, #163, .F. ) ;
#7657 = VECTOR ( 'NONE', #5276, 1000.000000000000000 ) ;
#7658 = CARTESIAN_POINT ( 'NONE',  ( -17.00000000000000000, -34.86239308998524677, 6.999999999999999112 ) ) ;
#7659 = AXIS2_PLACEMENT_3D ( 'NONE', #3281, #189, #2671 ) ;
#7660 = VERTEX_POINT ( 'NONE', #1290 ) ;
#7661 = DIRECTION ( 'NONE',  ( -1.000000000000000000, 0.000000000000000000, 0.000000000000000000 ) ) ;
#7662 = EDGE_LOOP ( 'NONE', ( #7452, #7305 ) ) ;
#7663 = EDGE_CURVE ( 'NONE', #6739, #1711, #1136, .T. ) ;
#7664 = EDGE_CURVE ( 'NONE', #2584, #6161, #1912, .T. ) ;
#7665 = ORIENTED_EDGE ( 'NONE', *, *, #3944, .T. ) ;
#7666 = AXIS2_PLACEMENT_3D ( 'NONE', #908, #7081, #7121 ) ;
#7667 = ORIENTED_EDGE ( 'NONE', *, *, #4140, .F. ) ;
#7668 = CARTESIAN_POINT ( 'NONE',  ( 8.000000000000000000, 27.09831513016747806, -1.000000000000000000 ) ) ;
#7669 = LINE ( 'NONE', #4628, #2212 ) ;
#7670 = AXIS2_PLACEMENT_3D ( 'NONE', #7556, #1964, #5699 ) ;
#7671 = DIRECTION ( 'NONE',  ( 1.000000000000000000, 0.000000000000000000, 0.000000000000000000 ) ) ;
#7672 = LINE ( 'NONE', #2766, #2270 ) ;
#7673 = EDGE_CURVE ( 'NONE', #3623, #1973, #3727, .T. ) ;
#7674 = ORIENTED_EDGE ( 'NONE', *, *, #7544, .T. ) ;
#7675 = CARTESIAN_POINT ( 'NONE',  ( -1.865446418204840251, -48.77946718360626477, -5.500000000000000000 ) ) ;
#7676 = FACE_OUTER_BOUND ( 'NONE', #7495, .T. ) ;
#7677 = LINE ( 'NONE', #1395, #3337 ) ;
#7678 = DIRECTION ( 'NONE',  ( 1.000000000000000000, 0.000000000000000000, 0.000000000000000000 ) ) ;
#7679 = FACE_OUTER_BOUND ( 'NONE', #7103, .T. ) ;
#7680 = DIRECTION ( 'NONE',  ( 1.000000000000000000, 0.000000000000000000, 0.000000000000000000 ) ) ;
#7681 = EDGE_CURVE ( 'NONE', #7176, #5310, #7483, .T. ) ;
#7682 = VERTEX_POINT ( 'NONE', #1213 ) ;
#7683 = VERTEX_POINT ( 'NONE', #4982 ) ;
#7684 = FACE_OUTER_BOUND ( 'NONE', #2505, .T. ) ;
#7685 = CARTESIAN_POINT ( 'NONE',  ( -8.676806735756560585, -46.62269074732329699, -4.191395859478678432 ) ) ;
#7686 = CARTESIAN_POINT ( 'NONE',  ( 9.085870282856516766, -47.08923151024491460, -5.141280288323225811 ) ) ;
#7687 = CARTESIAN_POINT ( 'NONE',  ( 12.90000000000000036, 5.849999999999910827, -9.650000000000000355 ) ) ;
#7688 = CARTESIAN_POINT ( 'NONE',  ( -11.00000000000000355, -50.45110689472375043, -1.000000000000000000 ) ) ;
#7689 = EDGE_CURVE ( 'NONE', #7872, #3658, #481, .T. ) ;
#7690 = ORIENTED_EDGE ( 'NONE', *, *, #7238, .T. ) ;
#7691 = EDGE_CURVE ( 'NONE', #6180, #5380, #4409, .T. ) ;
#7692 = DIRECTION ( 'NONE',  ( 0.000000000000000000, 0.000000000000000000, -1.000000000000000000 ) ) ;
#7693 = VERTEX_POINT ( 'NONE', #1327 ) ;
#7694 = LINE ( 'NONE', #1776, #7181 ) ;
#7695 = ORIENTED_EDGE ( 'NONE', *, *, #1633, .F. ) ;
#7696 = CARTESIAN_POINT ( 'NONE',  ( 2.000000000000000888, 29.74406644123207144, -3.000000000000000000 ) ) ;
#7697 = VERTEX_POINT ( 'NONE', #3642 ) ;
#7698 = ORIENTED_EDGE ( 'NONE', *, *, #6787, .F. ) ;
#7699 = AXIS2_PLACEMENT_3D ( 'NONE', #4286, #7528, #5092 ) ;
#7700 = ORIENTED_EDGE ( 'NONE', *, *, #3522, .T. ) ;
#7701 = DIRECTION ( 'NONE',  ( 1.000000000000000000, -1.387778780781444413E-14, 0.000000000000000000 ) ) ;
#7702 = EDGE_CURVE ( 'NONE', #4210, #1526, #7733, .T. ) ;
#7703 = DIRECTION ( 'NONE',  ( 1.000000000000000000, 0.000000000000000000, 0.000000000000000000 ) ) ;
#7704 = VERTEX_POINT ( 'NONE', #5509 ) ;
#7705 = DIRECTION ( 'NONE',  ( -0.000000000000000000, -0.000000000000000000, -1.000000000000000000 ) ) ;
#7706 = VECTOR ( 'NONE', #5390, 1000.000000000000000 ) ;
#7707 = VERTEX_POINT ( 'NONE', #7980 ) ;
#7708 = LINE ( 'NONE', #5359, #5924 ) ;
#7709 = FACE_OUTER_BOUND ( 'NONE', #4760, .T. ) ;
#7710 = CARTESIAN_POINT ( 'NONE',  ( 15.90000000000000036, -5.150000000000045652, -7.000000000000000000 ) ) ;
#7711 = ORIENTED_EDGE ( 'NONE', *, *, #7178, .F. ) ;
#7712 = EDGE_CURVE ( 'NONE', #1143, #6531, #2427, .T. ) ;
#7713 = CARTESIAN_POINT ( 'NONE',  ( 40.14487539711818442, -47.66591431104028942, -5.500000000000000000 ) ) ;
#7714 = CARTESIAN_POINT ( 'NONE',  ( -16.00000000000000000, 16.85000000000000142, -1.000000000000000000 ) ) ;
#7715 = CARTESIAN_POINT ( 'NONE',  ( 11.00000000000003553, -35.99427459992277534, -5.500000000000000000 ) ) ;
#7716 = B_SPLINE_CURVE_WITH_KNOTS ( 'NONE', 3,
 ( #3227, #6344, #2531, #5581, #3260, #7554, #4318, #1387, #6912, #8008, #2611, #4969, #5696, #6874, #703, #1839, #5658, #2453 ),
 .UNSPECIFIED., .F., .F.,
 ( 4, 2, 2, 2, 2, 2, 2, 2, 4 ),
 ( 1.734723475976807094E-18, 0.001063171616942555110, 0.002126343233885108486, 0.002657929042356389077, 0.003189514850827669234, 0.003455307755063308228, 0.003721100659298948090, 0.003986893563534587084, 0.004252686467770226512 ),
 .UNSPECIFIED. ) ;
#7717 = ORIENTED_EDGE ( 'NONE', *, *, #1780, .T. ) ;
#7718 = AXIS2_PLACEMENT_3D ( 'NONE', #1281, #6878, #589 ) ;
#7719 = ORIENTED_EDGE ( 'NONE', *, *, #5627, .T. ) ;
#7720 = LINE ( 'NONE', #1634, #4493 ) ;
#7721 = LINE ( 'NONE', #5947, #5984 ) ;
#7722 = DIRECTION ( 'NONE',  ( -1.000000000000000000, 0.000000000000000000, 0.000000000000000000 ) ) ;
#7723 = AXIS2_PLACEMENT_3D ( 'NONE', #3129, #6730, #6283 ) ;
#7724 = EDGE_CURVE ( 'NONE', #6331, #128, #5135, .T. ) ;
#7725 = DIRECTION ( 'NONE',  ( -1.000000000000000000, 1.734723475976807341E-16, -0.000000000000000000 ) ) ;
#7726 = CARTESIAN_POINT ( 'NONE',  ( 5.949999999999998401, 22.24406644123207144, -5.500000000000000000 ) ) ;
#7727 = FACE_OUTER_BOUND ( 'NONE', #1656, .T. ) ;
#7728 = ORIENTED_EDGE ( 'NONE', *, *, #1603, .T. ) ;
#7730 = AXIS2_PLACEMENT_3D ( 'NONE', #4850, #4280, #2540 ) ;
#7729 = CARTESIAN_POINT ( 'NONE',  ( -25.49999999999999645, -0.1499999999997753408, -9.650000000000000355 ) ) ;
#7731 = ORIENTED_EDGE ( 'NONE', *, *, #4430, .T. ) ;
#7732 = ORIENTED_EDGE ( 'NONE', *, *, #2139, .T. ) ;
#7733 = CIRCLE ( 'NONE', #6326, 4.000000000000001776 ) ;
#7734 = CIRCLE ( 'NONE', #2163, 3.999999999999996447 ) ;
#7735 = EDGE_CURVE ( 'NONE', #4066, #254, #3852, .T. ) ;
#7736 = EDGE_CURVE ( 'NONE', #5799, #7448, #2742, .T. ) ;
#7737 = DIRECTION ( 'NONE',  ( -1.000000000000000000, 0.000000000000000000, 0.000000000000000000 ) ) ;
#7738 = ORIENTED_EDGE ( 'NONE', *, *, #3288, .F. ) ;
#7739 = CARTESIAN_POINT ( 'NONE',  ( 11.00000000000003553, -35.99427459992277534, -1.000000000000000000 ) ) ;
#7740 = ORIENTED_EDGE ( 'NONE', *, *, #1978, .F. ) ;
#7741 = AXIS2_PLACEMENT_3D ( 'NONE', #7754, #5326, #1510 ) ;
#7742 = VERTEX_POINT ( 'NONE', #7080 ) ;
#7743 = ORIENTED_EDGE ( 'NONE', *, *, #2712, .T. ) ;
#7744 = CARTESIAN_POINT ( 'NONE',  ( -8.000000000000000000, -41.00000000000000000, -5.500000000000000000 ) ) ;
#7745 = CARTESIAN_POINT ( 'NONE',  ( 5.000000000000000888, 29.74406644123207144, -3.000000000000000000 ) ) ;
#7746 = LINE ( 'NONE', #2730, #3936 ) ;
#7747 = ORIENTED_EDGE ( 'NONE', *, *, #3089, .F. ) ;
#7748 = ADVANCED_FACE ( 'NONE', ( #2630 ), #5750, .F. ) ;
#7749 = PLANE ( 'NONE',  #4092 ) ;
#7750 = DIRECTION ( 'NONE',  ( -0.000000000000000000, -0.000000000000000000, 1.000000000000000000 ) ) ;
#7751 = DIRECTION ( 'NONE',  ( 0.000000000000000000, 0.000000000000000000, 1.000000000000000000 ) ) ;
#7752 = ORIENTED_EDGE ( 'NONE', *, *, #154, .T. ) ;
#7753 = CARTESIAN_POINT ( 'NONE',  ( -7.949999999999998401, 19.24406644123204657, -1.000000000000000000 ) ) ;
#7754 = CARTESIAN_POINT ( 'NONE',  ( -13.00000000000000178, -35.99427459992278244, 64.09969851780280692 ) ) ;
#7755 = CYLINDRICAL_SURFACE ( 'NONE', #3701, 2.000000000000000000 ) ;
#7756 = VERTEX_POINT ( 'NONE', #5177 ) ;
#7757 = EDGE_CURVE ( 'NONE', #6187, #1456, #1980, .T. ) ;
#7758 = VERTEX_POINT ( 'NONE', #3838 ) ;
#7759 = ADVANCED_FACE ( 'NONE', ( #3878 ), #7042, .T. ) ;
#7760 = DIRECTION ( 'NONE',  ( -1.000000000000000000, 0.000000000000000000, 0.000000000000000000 ) ) ;
#7761 = DIRECTION ( 'NONE',  ( -0.000000000000000000, -0.000000000000000000, -1.000000000000000000 ) ) ;
#7762 = CARTESIAN_POINT ( 'NONE',  ( 13.00000000000000355, -54.22269074732326999, -1.000000000000000000 ) ) ;
#7763 = CARTESIAN_POINT ( 'NONE',  ( 21.50000000000000000, -0.1499999999999973577, -7.000000000000000000 ) ) ;
#7764 = CARTESIAN_POINT ( 'NONE',  ( 6.100000000000000533, 23.34999999999998010, -9.650000000000000355 ) ) ;
#7765 = ORIENTED_EDGE ( 'NONE', *, *, #736, .F. ) ;
#7766 = CARTESIAN_POINT ( 'NONE',  ( -13.15651736460734789, -28.16341587115827139, -5.500000000000000000 ) ) ;
#7767 = ORIENTED_EDGE ( 'NONE', *, *, #2364, .F. ) ;
#7768 = EDGE_CURVE ( 'NONE', #1948, #7908, #6323, .T. ) ;
#7769 = EDGE_LOOP ( 'NONE', ( #4024, #4527 ) ) ;
#7770 = CIRCLE ( 'NONE', #3772, 10.00000000000000178 ) ;
#7771 = DIRECTION ( 'NONE',  ( -0.000000000000000000, -0.000000000000000000, -1.000000000000000000 ) ) ;
#7772 = CARTESIAN_POINT ( 'NONE',  ( -6.605095560780592123, 24.13373567319981561, -1.000000000000000000 ) ) ;
#7773 = AXIS2_PLACEMENT_3D ( 'NONE', #6387, #5205, #818 ) ;
#7774 = ORIENTED_EDGE ( 'NONE', *, *, #3820, .T. ) ;
#7775 = DIRECTION ( 'NONE',  ( 1.000000000000000000, -3.469446951953614189E-15, 0.000000000000000000 ) ) ;
#7776 = VERTEX_POINT ( 'NONE', #1404 ) ;
#7777 = ORIENTED_EDGE ( 'NONE', *, *, #250, .T. ) ;
#7778 = ADVANCED_FACE ( 'NONE', ( #7610 ), #150, .F. ) ;
#7779 = AXIS2_PLACEMENT_3D ( 'NONE', #2765, #5234, #7703 ) ;
#7780 = VECTOR ( 'NONE', #74, 1000.000000000000000 ) ;
#7781 = ORIENTED_EDGE ( 'NONE', *, *, #7219, .F. ) ;
#7782 = CARTESIAN_POINT ( 'NONE',  ( -8.000000000000188294, 27.09831513016747806, -4.000000000000000000 ) ) ;
#7783 = COLOUR_RGB ( '',0.7921568627450980005, 0.8196078431372548767, 0.9333333333333333481 ) ;
#7784 = LINE ( 'NONE', #325, #2649 ) ;
#7785 = VECTOR ( 'NONE', #4897, 1000.000000000000000 ) ;
#7786 = EDGE_CURVE ( 'NONE', #7543, #1080, #3952, .T. ) ;
#7787 = CARTESIAN_POINT ( 'NONE',  ( 6.425409930534611291, 23.63401780426756460, 7.000000000000000888 ) ) ;
#7788 = EDGE_CURVE ( 'NONE', #566, #2433, #759, .T. ) ;
#7789 = VERTEX_POINT ( 'NONE', #4529 ) ;
#7790 = CARTESIAN_POINT ( 'NONE',  ( -13.79999999999999893, -46.62269074732328278, -3.999999999999998224 ) ) ;
#7791 = CARTESIAN_POINT ( 'NONE',  ( -12.54480119579355524, -49.17819346658484392, -5.285472699411325692 ) ) ;
#7792 = DIRECTION ( 'NONE',  ( 0.000000000000000000, 0.000000000000000000, 1.000000000000000000 ) ) ;
#7793 = VECTOR ( 'NONE', #1669, 1000.000000000000000 ) ;
#7794 = ORIENTED_EDGE ( 'NONE', *, *, #8019, .T. ) ;
#7795 = CARTESIAN_POINT ( 'NONE',  ( 8.000000000000000000, 27.09831513016747806, -4.000000000000000000 ) ) ;
#7796 = PLANE ( 'NONE',  #7741 ) ;
#7797 = DIRECTION ( 'NONE',  ( 3.818726056296495018E-16, 1.000000000000000000, -0.000000000000000000 ) ) ;
#7798 = ORIENTED_EDGE ( 'NONE', *, *, #2583, .F. ) ;
#7799 = DIRECTION ( 'NONE',  ( 1.000000000000000000, 0.000000000000000000, 0.000000000000000000 ) ) ;
#7800 = CARTESIAN_POINT ( 'NONE',  ( -21.59487539711820503, 6.799999999999997158, -1.000000000000000000 ) ) ;
#7801 = CARTESIAN_POINT ( 'NONE',  ( 16.00000000000000355, 8.800000000000054001, -5.500000000000000000 ) ) ;
#7802 = CARTESIAN_POINT ( 'NONE',  ( 13.00000000000019718, -28.93902645193045231, 6.999999999999999112 ) ) ;
#7803 = FACE_OUTER_BOUND ( 'NONE', #5350, .T. ) ;
#7804 = EDGE_CURVE ( 'NONE', #3325, #1711, #7532, .T. ) ;
#7805 = ORIENTED_EDGE ( 'NONE', *, *, #6648, .F. ) ;
#7806 = CARTESIAN_POINT ( 'NONE',  ( -8.000000000000246914, 35.74406644123207144, -1.000000000000000000 ) ) ;
#7807 = ORIENTED_EDGE ( 'NONE', *, *, #7028, .F. ) ;
#7808 = ORIENTED_EDGE ( 'NONE', *, *, #5940, .F. ) ;
#7809 = DIRECTION ( 'NONE',  ( -0.000000000000000000, -0.000000000000000000, 1.000000000000000000 ) ) ;
#7810 = CARTESIAN_POINT ( 'NONE',  ( 1.000000000000000000, 29.74406644123207144, -1.000000000000000000 ) ) ;
#7811 = EDGE_CURVE ( 'NONE', #6481, #3960, #7489, .T. ) ;
#7812 = ORIENTED_EDGE ( 'NONE', *, *, #2229, .T. ) ;
#7813 = EDGE_LOOP ( 'NONE', ( #2569, #1853, #4795, #7031, #2697, #4129, #6203 ) ) ;
#7814 = VERTEX_POINT ( 'NONE', #6395 ) ;
#7815 = DIRECTION ( 'NONE',  ( 1.000000000000000000, 0.000000000000000000, 0.000000000000000000 ) ) ;
#7816 = ORIENTED_EDGE ( 'NONE', *, *, #5018, .F. ) ;
#7817 = AXIS2_PLACEMENT_3D ( 'NONE', #6014, #4759, #2193 ) ;
#7818 = ORIENTED_EDGE ( 'NONE', *, *, #4150, .T. ) ;
#7819 = CARTESIAN_POINT ( 'NONE',  ( -11.00000000000000000, 5.849999999999910827, -6.350000000000000533 ) ) ;
#7820 = ADVANCED_FACE ( 'NONE', ( #7684 ), #907, .T. ) ;
#7821 = AXIS2_PLACEMENT_3D ( 'NONE', #5537, #1233, #7958 ) ;
#7822 = CARTESIAN_POINT ( 'NONE',  ( -18.00000000000000355, -5.150000000000045652, -2.499999999999999556 ) ) ;
#7823 = DIRECTION ( 'NONE',  ( -0.000000000000000000, -0.000000000000000000, -1.000000000000000000 ) ) ;
#7824 = AXIS2_PLACEMENT_3D ( 'NONE', #191, #2673, #2060 ) ;
#7825 = ORIENTED_EDGE ( 'NONE', *, *, #5265, .T. ) ;
#7826 = AXIS2_PLACEMENT_3D ( 'NONE', #7449, #6884, #1208 ) ;
#7827 = CARTESIAN_POINT ( 'NONE',  ( 10.00000000000000178, -43.22269074732326999, -3.000000000000000000 ) ) ;
#7828 = CARTESIAN_POINT ( 'NONE',  ( -12.38077773344881116, -48.99497154007501365, -5.409001208991387699 ) ) ;
#7829 = CARTESIAN_POINT ( 'NONE',  ( -13.80000000000000071, -48.22269074732328420, -3.999999999999998224 ) ) ;
#7830 = VECTOR ( 'NONE', #5163, 1000.000000000000000 ) ;
#7831 = ORIENTED_EDGE ( 'NONE', *, *, #5727, .F. ) ;
#7832 = ADVANCED_FACE ( 'NONE', ( #3314 ), #5791, .T. ) ;
#7833 = DIRECTION ( 'NONE',  ( 0.000000000000000000, 0.000000000000000000, -1.000000000000000000 ) ) ;
#7834 = EDGE_CURVE ( 'NONE', #5455, #705, #4106, .T. ) ;
#7835 = CARTESIAN_POINT ( 'NONE',  ( 30.14487539711820929, 0.000000000000000000, -1.000000000000000000 ) ) ;
#7836 = VECTOR ( 'NONE', #52, 1000.000000000000114 ) ;
#7837 = DIRECTION ( 'NONE',  ( 0.000000000000000000, 0.000000000000000000, 1.000000000000000000 ) ) ;
#7838 = AXIS2_PLACEMENT_3D ( 'NONE', #5844, #1572, #5764 ) ;
#7839 = ORIENTED_EDGE ( 'NONE', *, *, #3451, .T. ) ;
#7840 = DIRECTION ( 'NONE',  ( -0.000000000000000000, -0.000000000000000000, 1.000000000000000000 ) ) ;
#7841 = CARTESIAN_POINT ( 'NONE',  ( 16.00000000000000355, 8.800000000000054001, -1.000000000000000000 ) ) ;
#7842 = LINE ( 'NONE', #3550, #737 ) ;
#7843 = PRODUCT_DEFINITION_CONTEXT ( 'detailed design', #4674, 'design' ) ;
#7844 = CARTESIAN_POINT ( 'NONE',  ( 16.00000000000000000, 16.85000000000000142, -5.000000000000000000 ) ) ;
#7845 = CARTESIAN_POINT ( 'NONE',  ( -13.00000000000000178, -35.99427459992278244, -5.500000000000000000 ) ) ;
#7846 = AXIS2_PLACEMENT_3D ( 'NONE', #1450, #5758, #7167 ) ;
#7847 = VERTEX_POINT ( 'NONE', #2126 ) ;
#7848 = CARTESIAN_POINT ( 'NONE',  ( -11.00000000000000000, 5.849999999999910827, -6.350000000000000533 ) ) ;
#7849 = ORIENTED_EDGE ( 'NONE', *, *, #4172, .F. ) ;
#7850 = VERTEX_POINT ( 'NONE', #4604 ) ;
#7851 = VECTOR ( 'NONE', #5004, 1000.000000000000000 ) ;
#7852 = CARTESIAN_POINT ( 'NONE',  ( 14.00000000000000000, -5.150000000000045652, -2.499999999999999556 ) ) ;
#7853 = DIRECTION ( 'NONE',  ( -1.000000000000000000, 0.000000000000000000, 0.000000000000000000 ) ) ;
#7854 = ADVANCED_FACE ( 'NONE', ( #3808, #79 ), #6287, .F. ) ;
#7855 = VECTOR ( 'NONE', #3499, 1000.000000000000000 ) ;
#7856 = PLANE ( 'NONE',  #960 ) ;
#7857 = AXIS2_PLACEMENT_3D ( 'NONE', #140, #177, #7034 ) ;
#7858 = VERTEX_POINT ( 'NONE', #1371 ) ;
#7859 = LINE ( 'NONE', #5962, #2669 ) ;
#7860 = ORIENTED_EDGE ( 'NONE', *, *, #154, .F. ) ;
#7861 = DIRECTION ( 'NONE',  ( 0.000000000000000000, 0.000000000000000000, 1.000000000000000000 ) ) ;
#7862 = AXIS2_PLACEMENT_3D ( 'NONE', #2911, #4159, #6608 ) ;
#7863 = ORIENTED_EDGE ( 'NONE', *, *, #4161, .F. ) ;
#7864 = AXIS2_PLACEMENT_3D ( 'NONE', #6981, #732, #6903 ) ;
#7865 = ADVANCED_FACE ( 'NONE', ( #798 ), #5756, .T. ) ;
#7866 = ORIENTED_EDGE ( 'NONE', *, *, #2438, .F. ) ;
#7867 = VECTOR ( 'NONE', #237, 1000.000000000000000 ) ;
#7868 = DIRECTION ( 'NONE',  ( 1.000000000000000000, 6.685457475978443146E-15, 0.000000000000000000 ) ) ;
#7869 = AXIS2_PLACEMENT_3D ( 'NONE', #7243, #6639, #3552 ) ;
#7870 = ORIENTED_EDGE ( 'NONE', *, *, #1729, .F. ) ;
#7871 = DIRECTION ( 'NONE',  ( 1.000000000000000000, -2.168404344971007685E-15, 0.000000000000000000 ) ) ;
#7872 = VERTEX_POINT ( 'NONE', #119 ) ;
#7873 = EDGE_CURVE ( 'NONE', #5173, #1451, #5142, .T. ) ;
#7874 = VECTOR ( 'NONE', #776, 1000.000000000000000 ) ;
#7875 = DIRECTION ( 'NONE',  ( 0.000000000000000000, -0.000000000000000000, -1.000000000000000000 ) ) ;
#7876 = FACE_OUTER_BOUND ( 'NONE', #1551, .T. ) ;
#7877 = CARTESIAN_POINT ( 'NONE',  ( 9.141920701129686577, -47.14574018442361591, -2.808981732247358920 ) ) ;
#7878 = VERTEX_POINT ( 'NONE', #7574 ) ;
#7879 = FACE_OUTER_BOUND ( 'NONE', #3454, .T. ) ;
#7880 = LINE ( 'NONE', #5495, #5421 ) ;
#7881 = DIRECTION ( 'NONE',  ( 0.000000000000000000, -1.000000000000000000, 0.000000000000000000 ) ) ;
#7882 = ORIENTED_EDGE ( 'NONE', *, *, #797, .T. ) ;
#7883 = ADVANCED_FACE ( 'NONE', ( #2556 ), #2715, .F. ) ;
#7884 = DIRECTION ( 'NONE',  ( -0.000000000000000000, 1.000000000000000000, -0.000000000000000000 ) ) ;
#7885 = CARTESIAN_POINT ( 'NONE',  ( 13.00000000000000178, -43.22269074732326999, 7.000000000000000000 ) ) ;
#7886 = CARTESIAN_POINT ( 'NONE',  ( 13.00000000000000355, -48.72269074732326288, -1.000000000000000000 ) ) ;
#7887 = CARTESIAN_POINT ( 'NONE',  ( 8.000000000000000000, 27.09831513016747806, -4.000000000000000000 ) ) ;
#7888 = CARTESIAN_POINT ( 'NONE',  ( 25.49999999999999645, 7.850000000000004974, -7.000000000000000000 ) ) ;
#7889 = ORIENTED_EDGE ( 'NONE', *, *, #1736, .T. ) ;
#7890 = CARTESIAN_POINT ( 'NONE',  ( -9.758431805000897796, -47.66591431104029652, -5.500000000000000000 ) ) ;
#7891 = VERTEX_POINT ( 'NONE', #3208 ) ;
#7892 = EDGE_CURVE ( 'NONE', #925, #6043, #4995, .T. ) ;
#7893 = ORIENTED_EDGE ( 'NONE', *, *, #7621, .T. ) ;
#7894 = CARTESIAN_POINT ( 'NONE',  ( -6.100000000000000533, 23.34999999999998010, -6.350000000000000533 ) ) ;
#7895 = DIRECTION ( 'NONE',  ( 1.000000000000000000, 0.000000000000000000, 0.000000000000000000 ) ) ;
#7896 = LINE ( 'NONE', #4163, #3697 ) ;
#7897 = DIRECTION ( 'NONE',  ( 1.000000000000000000, 1.301042606982606307E-15, 0.000000000000000000 ) ) ;
#7898 = EDGE_LOOP ( 'NONE', ( #7077, #4870, #6717, #7777 ) ) ;
#7899 = VERTEX_POINT ( 'NONE', #2594 ) ;
#7900 = CARTESIAN_POINT ( 'NONE',  ( -5.000000000000000888, 29.74406644123207144, 7.000000000000000000 ) ) ;
#7901 = ORIENTED_EDGE ( 'NONE', *, *, #7117, .F. ) ;
#7902 = VERTEX_POINT ( 'NONE', #3283 ) ;
#7903 = AXIS2_PLACEMENT_3D ( 'NONE', #1832, #6184, #6790 ) ;
#7904 = CARTESIAN_POINT ( 'NONE',  ( -9.449999999999359801, 24.22277336810118342, -5.500000000000000000 ) ) ;
#7905 = CIRCLE ( 'NONE', #3784, 2.000000000000005329 ) ;
#7906 = EDGE_CURVE ( 'NONE', #3658, #3923, #6860, .T. ) ;
#7907 = ADVANCED_FACE ( 'NONE', ( #5064 ), #765, .F. ) ;
#7908 = VERTEX_POINT ( 'NONE', #1944 ) ;
#7909 = ORIENTED_EDGE ( 'NONE', *, *, #3632, .F. ) ;
#7910 = LINE ( 'NONE', #3619, #5519 ) ;
#7911 = VECTOR ( 'NONE', #2038, 1000.000000000000000 ) ;
#7912 = AXIS2_PLACEMENT_3D ( 'NONE', #2467, #6123, #7853 ) ;
#7913 = ORIENTED_EDGE ( 'NONE', *, *, #2471, .T. ) ;
#7914 = DIRECTION ( 'NONE',  ( 1.000000000000000000, 0.000000000000000000, 0.000000000000000000 ) ) ;
#7915 = CARTESIAN_POINT ( 'NONE',  ( 27.96285684503430602, -6.175863910284964398, -1.000000000000000000 ) ) ;
#7916 = LINE ( 'NONE', #663, #3265 ) ;
#7917 = ORIENTED_EDGE ( 'NONE', *, *, #4213, .T. ) ;
#7918 = CARTESIAN_POINT ( 'NONE',  ( -13.00000000000000178, -43.22269074732326999, -1.000000000000000000 ) ) ;
#7919 = DIRECTION ( 'NONE',  ( -0.000000000000000000, -0.000000000000000000, -1.000000000000000000 ) ) ;
#7920 = CIRCLE ( 'NONE', #1970, 4.000000000000000000 ) ;
#7921 = CARTESIAN_POINT ( 'NONE',  ( 8.000000000000000000, 23.34999999999998010, 7.000000000000000888 ) ) ;
#7922 = VECTOR ( 'NONE', #2713, 1000.000000000000000 ) ;
#7923 = EDGE_CURVE ( 'NONE', #7878, #5953, #5182, .T. ) ;
#7924 = CARTESIAN_POINT ( 'NONE',  ( 17.00000000000000000, -24.00000000000002132, -7.000000000000000000 ) ) ;
#7925 = ORIENTED_EDGE ( 'NONE', *, *, #3480, .F. ) ;
#7926 = AXIS2_PLACEMENT_3D ( 'NONE', #5896, #4639, #293 ) ;
#7927 = DIRECTION ( 'NONE',  ( 0.000000000000000000, 0.000000000000000000, -1.000000000000000000 ) ) ;
#7928 = DIRECTION ( 'NONE',  ( -0.000000000000000000, -0.000000000000000000, 1.000000000000000000 ) ) ;
#7929 = FACE_OUTER_BOUND ( 'NONE', #5966, .T. ) ;
#7930 = CARTESIAN_POINT ( 'NONE',  ( -17.00000000000000000, -31.22269074732326288, -1.000000000000000000 ) ) ;
#7931 = LINE ( 'NONE', #7972, #7785 ) ;
#7932 = EDGE_CURVE ( 'NONE', #3722, #7543, #7963, .T. ) ;
#7933 = ORIENTED_EDGE ( 'NONE', *, *, #4705, .T. ) ;
#7934 = CARTESIAN_POINT ( 'NONE',  ( 8.000000000000000000, 37.74406644123207144, 7.000000000000000000 ) ) ;
#7935 = EDGE_LOOP ( 'NONE', ( #6457, #1574, #2180, #3770, #2201, #7020 ) ) ;
#7936 = ORIENTED_EDGE ( 'NONE', *, *, #3754, .F. ) ;
#7937 = DIRECTION ( 'NONE',  ( -0.000000000000000000, -0.000000000000000000, -1.000000000000000000 ) ) ;
#7938 = DIRECTION ( 'NONE',  ( -0.000000000000000000, -0.000000000000000000, -1.000000000000000000 ) ) ;
#7939 = DIRECTION ( 'NONE',  ( -1.000000000000000000, -1.734723475976807587E-16, -0.000000000000000000 ) ) ;
#7940 = DIRECTION ( 'NONE',  ( 1.301042606982606307E-15, -1.000000000000000000, 0.000000000000000000 ) ) ;
#7941 = ADVANCED_FACE ( 'NONE', ( #4496 ), #5100, .F. ) ;
#7942 = ADVANCED_FACE ( 'NONE', ( #4535 ), #6975, .T. ) ;
#7943 = LINE ( 'NONE', #1087, #7580 ) ;
#7944 = ORIENTED_EDGE ( 'NONE', *, *, #3457, .F. ) ;
#7945 = CYLINDRICAL_SURFACE ( 'NONE', #6549, 1.600000000000000755 ) ;
#7946 = EDGE_LOOP ( 'NONE', ( #4941, #2088 ) ) ;
#7947 = VERTEX_POINT ( 'NONE', #6401 ) ;
#7948 = CARTESIAN_POINT ( 'NONE',  ( 12.80414507370708677, -49.57925496333633220, -4.865505959104031497 ) ) ;
#7949 = EDGE_LOOP ( 'NONE', ( #4744, #2558, #2833, #5976 ) ) ;
#7950 = ORIENTED_EDGE ( 'NONE', *, *, #770, .F. ) ;
#7951 = CARTESIAN_POINT ( 'NONE',  ( -2.764125386155625641, -48.52170188106755688, -5.582778439758424582 ) ) ;
#7952 = DIRECTION ( 'NONE',  ( 0.000000000000000000, 0.000000000000000000, 1.000000000000000000 ) ) ;
#7953 = DIRECTION ( 'NONE',  ( -0.000000000000000000, -0.000000000000000000, 1.000000000000000000 ) ) ;
#7954 = PRESENTATION_STYLE_ASSIGNMENT (( #494 ) ) ;
#7955 = EDGE_CURVE ( 'NONE', #1137, #608, #5244, .T. ) ;
#7956 = AXIS2_PLACEMENT_3D ( 'NONE', #3340, #6947, #130 ) ;
#7957 = EDGE_LOOP ( 'NONE', ( #6798, #7431, #5583, #7893 ) ) ;
#7958 = DIRECTION ( 'NONE',  ( -1.000000000000000000, 0.000000000000000000, 0.000000000000000000 ) ) ;
#7959 = CARTESIAN_POINT ( 'NONE',  ( 26.14487539711821285, 2.225344636446902487E-13, -7.000000000000000000 ) ) ;
#7960 = VECTOR ( 'NONE', #6432, 1000.000000000000000 ) ;
#7961 = PLANE ( 'NONE',  #5038 ) ;
#7962 = DIRECTION ( 'NONE',  ( -0.000000000000000000, -0.000000000000000000, 1.000000000000000000 ) ) ;
#7963 = CIRCLE ( 'NONE', #4864, 9.999999999999998224 ) ;
#7964 = VECTOR ( 'NONE', #3599, 1000.000000000000000 ) ;
#7965 = ORIENTED_EDGE ( 'NONE', *, *, #1212, .T. ) ;
#7966 = FACE_OUTER_BOUND ( 'NONE', #4346, .T. ) ;
#7967 = DIRECTION ( 'NONE',  ( -1.000000000000000000, 0.000000000000000000, 0.000000000000000000 ) ) ;
#7968 = CYLINDRICAL_SURFACE ( 'NONE', #476, 1.600000000000002531 ) ;
#7969 = EDGE_CURVE ( 'NONE', #2333, #1182, #7184, .T. ) ;
#7970 = VECTOR ( 'NONE', #1228, 1000.000000000000000 ) ;
#7971 = CARTESIAN_POINT ( 'NONE',  ( 0.000000000000000000, -41.00000000000000000, -5.500000000000000000 ) ) ;
#7972 = CARTESIAN_POINT ( 'NONE',  ( 28.82868052452910135, -9.347199102264150739, -5.500000000000000000 ) ) ;
#7973 = VECTOR ( 'NONE', #2513, 1000.000000000000000 ) ;
#7974 = VECTOR ( 'NONE', #414, 1000.000000000000000 ) ;
#7975 = ORIENTED_EDGE ( 'NONE', *, *, #4746, .T. ) ;
#7976 = PLANE ( 'NONE',  #2792 ) ;
#7977 = ORIENTED_EDGE ( 'NONE', *, *, #6648, .T. ) ;
#7978 = VECTOR ( 'NONE', #2889, 1000.000000000000000 ) ;
#7979 = ORIENTED_EDGE ( 'NONE', *, *, #2674, .T. ) ;
#7980 = CARTESIAN_POINT ( 'NONE',  ( -27.99999999999999645, 9.999999999999998224, -3.999999999999999112 ) ) ;
#7981 = CARTESIAN_POINT ( 'NONE',  ( -18.00000000000000355, -5.150000000000045652, -2.499999999999999556 ) ) ;
#7982 = DIRECTION ( 'NONE',  ( -1.000000000000000000, 0.000000000000000000, -0.000000000000000000 ) ) ;
#7983 = EDGE_CURVE ( 'NONE', #392, #2763, #724, .T. ) ;
#7984 = DIRECTION ( 'NONE',  ( -0.000000000000000000, -0.000000000000000000, -1.000000000000000000 ) ) ;
#7985 = CARTESIAN_POINT ( 'NONE',  ( 27.99999999999999645, 9.999999999999998224, -1.000000000000000000 ) ) ;
#7986 = ORIENTED_EDGE ( 'NONE', *, *, #3101, .T. ) ;
#7987 = ORIENTED_EDGE ( 'NONE', *, *, #1044, .T. ) ;
#7988 = DIRECTION ( 'NONE',  ( 0.000000000000000000, 0.000000000000000000, -1.000000000000000000 ) ) ;
#7989 = ORIENTED_EDGE ( 'NONE', *, *, #2694, .F. ) ;
#7990 = CIRCLE ( 'NONE', #734, 8.000000000000000000 ) ;
#7991 = EDGE_CURVE ( 'NONE', #6515, #1458, #2402, .T. ) ;
#7992 = ADVANCED_FACE ( 'NONE', ( #2172 ), #2785, .F. ) ;
#7993 = CIRCLE ( 'NONE', #91, 4.000000000000001776 ) ;
#7994 = EDGE_LOOP ( 'NONE', ( #5508, #1873, #7781, #1920 ) ) ;
#7995 = CARTESIAN_POINT ( 'NONE',  ( 7.522705113115480735, -43.72193089205185856, -5.500000000000000000 ) ) ;
#7996 = AXIS2_PLACEMENT_3D ( 'NONE', #6747, #4224, #5445 ) ;
#7997 = VERTEX_POINT ( 'NONE', #7125 ) ;
#7998 = CIRCLE ( 'NONE', #1641, 5.049999999999998934 ) ;
#7999 = ORIENTED_EDGE ( 'NONE', *, *, #7594, .T. ) ;
#8000 = DIRECTION ( 'NONE',  ( 0.000000000000000000, 0.000000000000000000, -1.000000000000000000 ) ) ;
#8001 = ADVANCED_FACE ( 'NONE', ( #998 ), #914, .F. ) ;
#8002 = CARTESIAN_POINT ( 'NONE',  ( 3.849999999999974776, 2.320858975076358284E-13, 7.000000000000000000 ) ) ;
#8003 = SURFACE_SIDE_STYLE ('',( #4226 ) ) ;
#8004 = ORIENTED_EDGE ( 'NONE', *, *, #5674, .F. ) ;
#8005 = VECTOR ( 'NONE', #1528, 1000.000000000000000 ) ;
#8006 = DIRECTION ( 'NONE',  ( -0.000000000000000000, -0.000000000000000000, -1.000000000000000000 ) ) ;
#8007 = CARTESIAN_POINT ( 'NONE',  ( 8.000000000000000000, -24.00000000000000000, 13.91648783894760477 ) ) ;
#8008 = CARTESIAN_POINT ( 'NONE',  ( -8.907063185885277790, -46.89720374741689568, -3.100368114060056524 ) ) ;
#8009 = FACE_OUTER_BOUND ( 'NONE', #5227, .T. ) ;
#8010 = ADVANCED_FACE ( 'NONE', ( #5990, #2208, #5911, #878, #7727 ), #2830, .T. ) ;
#8011 = AXIS2_PLACEMENT_3D ( 'NONE', #1677, #6111, #3079 ) ;
#8012 = ORIENTED_EDGE ( 'NONE', *, *, #6119, .F. ) ;
#8013 = DIRECTION ( 'NONE',  ( -1.000000000000000000, 0.000000000000000000, 0.000000000000000000 ) ) ;
#8014 = DIRECTION ( 'NONE',  ( -0.000000000000000000, -0.000000000000000000, -1.000000000000000000 ) ) ;
#8015 = DIRECTION ( 'NONE',  ( -0.000000000000000000, -0.000000000000000000, -1.000000000000000000 ) ) ;
#8016 = AXIS2_PLACEMENT_3D ( 'NONE', #6838, #3711, #1999 ) ;
#8017 = FACE_OUTER_BOUND ( 'NONE', #2183, .T. ) ;
#8018 = DIRECTION ( 'NONE',  ( 1.000000000000000000, 0.000000000000000000, 0.000000000000000000 ) ) ;
#8019 = EDGE_CURVE ( 'NONE', #5706, #786, #6414, .T. ) ;
#8020 = EDGE_CURVE ( 'NONE', #4097, #6227, #4039, .T. ) ;
#8021 = VERTEX_POINT ( 'NONE', #3959 ) ;
#8022 = CARTESIAN_POINT ( 'NONE',  ( -16.00000000000000355, -43.22269074732326999, 5.000000000000000000 ) ) ;
#8023 = ORIENTED_EDGE ( 'NONE', *, *, #1382, .F. ) ;
#8024 = ORIENTED_EDGE ( 'NONE', *, *, #174, .T. ) ;
#8025 = DIRECTION ( 'NONE',  ( -0.000000000000000000, -0.000000000000000000, 1.000000000000000000 ) ) ;
#8026 = CYLINDRICAL_SURFACE ( 'NONE', #7912, 2.000000000000000000 ) ;
#8027 = FACE_OUTER_BOUND ( 'NONE', #3178, .T. ) ;
ENDSEC;
END-ISO-10303-21;
