ISO-10303-21;
HEADER;
FILE_DESCRIPTION (( 'STEP AP214' ),
    '1' );
FILE_NAME ('LQ26-05HGI-01-008.STEP',
    '2026-05-07T08:55:12',
    ( '' ),
    ( '' ),
    'SwSTEP 2.0',
    'SolidWorks 2025',
    '' );
FILE_SCHEMA (( 'AUTOMOTIVE_DESIGN' ));
ENDSEC;

DATA;
#1 = CARTESIAN_POINT ( 'NONE',  ( -1.999999999999994893, -79.00000000000001421, -19.96581550227846691 ) ) ;
#2 = VECTOR ( 'NONE', #2399, 1000.000000000000227 ) ;
#3 = CARTESIAN_POINT ( 'NONE',  ( -15.30875404182143917, -85.50000000000000000, -3.250000000000037748 ) ) ;
#4 = CARTESIAN_POINT ( 'NONE',  ( -1.623466631435289687, -4.000000000000003553, -4.561975421475160886 ) ) ;
#5 = PLANE ( 'NONE',  #116 ) ;
#6 = APPLICATION_CONTEXT ( 'automotive_design' ) ;
#7 = ORIENTED_EDGE ( 'NONE', *, *, #1803, .F. ) ;
#8 = VERTEX_POINT ( 'NONE', #2271 ) ;
#9 = ADVANCED_FACE ( 'NONE', ( #1391 ), #2545, .T. ) ;
#10 = EDGE_CURVE ( 'NONE', #476, #1717, #3405, .T. ) ;
#11 = CARTESIAN_POINT ( 'NONE',  ( -24.99999999999999289, -3.872624706329971023, -11.10610785678594148 ) ) ;
#12 = EDGE_LOOP ( 'NONE', ( #2884, #1129, #3538, #1978 ) ) ;
#13 = ORIENTED_EDGE ( 'NONE', *, *, #2004, .T. ) ;
#14 = CARTESIAN_POINT ( 'NONE',  ( 2.326171765268095992, -85.78919377484535858, -12.20671327690946484 ) ) ;
#15 = DIRECTION ( 'NONE',  ( -0.9781476007338076872, -0.2079116908177493783, 0.000000000000000000 ) ) ;
#16 = ORIENTED_EDGE ( 'NONE', *, *, #684, .T. ) ;
#17 = CARTESIAN_POINT ( 'NONE',  ( -7.634986425665455378, -12.66803925780835449, -9.834429194068786018 ) ) ;
#18 = FACE_OUTER_BOUND ( 'NONE', #2339, .T. ) ;
#19 = CARTESIAN_POINT ( 'NONE',  ( -24.85803153369543139, -6.109772443634451378, -5.103296917306978209 ) ) ;
#20 = DIRECTION ( 'NONE',  ( -0.000000000000000000, -0.000000000000000000, 1.000000000000000000 ) ) ;
#21 = EDGE_LOOP ( 'NONE', ( #3652, #2817, #2956, #852 ) ) ;
#22 = ORIENTED_EDGE ( 'NONE', *, *, #3388, .F. ) ;
#23 = CARTESIAN_POINT ( 'NONE',  ( -23.97707241461486305, -4.773292335984207213, -8.425837863695679886 ) ) ;
#24 = AXIS2_PLACEMENT_3D ( 'NONE', #1747, #2615, #2564 ) ;
#25 = ORIENTED_EDGE ( 'NONE', *, *, #2048, .F. ) ;
#26 = AXIS2_PLACEMENT_3D ( 'NONE', #2923, #2374, #2395 ) ;
#27 = EDGE_CURVE ( 'NONE', #8, #404, #801, .T. ) ;
#28 = EDGE_CURVE ( 'NONE', #1554, #1362, #3354, .T. ) ;
#29 = ORIENTED_EDGE ( 'NONE', *, *, #2116, .F. ) ;
#30 = VECTOR ( 'NONE', #2703, 1000.000000000000114 ) ;
#31 = CARTESIAN_POINT ( 'NONE',  ( 7.968265406799502237, -88.99999999999998579, -5.410411008545327860 ) ) ;
#32 = CARTESIAN_POINT ( 'NONE',  ( 18.00000000000000000, 26.00000000000000000, 0.000000000000000000 ) ) ;
#33 = CARTESIAN_POINT ( 'NONE',  ( -0.09999999999999527323, -79.00000000000001421, 0.000000000000000000 ) ) ;
#34 = ORIENTED_EDGE ( 'NONE', *, *, #3253, .T. ) ;
#35 = VECTOR ( 'NONE', #1640, 1000.000000000000114 ) ;
#36 = DIRECTION ( 'NONE',  ( 0.03489949670251236286, -0.9993908270190953180, 0.000000000000000000 ) ) ;
#37 = CIRCLE ( 'NONE', #514, 4.000000000000005329 ) ;
#38 = DIRECTION ( 'NONE',  ( 0.000000000000000000, 1.000000000000000000, 0.000000000000000000 ) ) ;
#39 = CARTESIAN_POINT ( 'NONE',  ( -13.00611498520307130, -89.00000000000000000, -12.98128220610914774 ) ) ;
#40 = DIRECTION ( 'NONE',  ( 0.2077905067623293245, -0.9775774745778875729, -0.03413775765005936519 ) ) ;
#41 = ORIENTED_EDGE ( 'NONE', *, *, #2638, .F. ) ;
#42 = CARTESIAN_POINT ( 'NONE',  ( -1.326660298921751968, -4.000000000000000000, -8.498731095179074657 ) ) ;
#43 = CARTESIAN_POINT ( 'NONE',  ( -24.94931343606458185, -6.363187790172588620, -4.151330614052641366 ) ) ;
#44 = VERTEX_POINT ( 'NONE', #3332 ) ;
#45 = ORIENTED_EDGE ( 'NONE', *, *, #580, .F. ) ;
#46 = ADVANCED_FACE ( 'NONE', ( #2790 ), #2814, .F. ) ;
#47 = CARTESIAN_POINT ( 'NONE',  ( -23.21352852029637859, -55.15784977548234735, -3.450000000000007727 ) ) ;
#48 = CARTESIAN_POINT ( 'NONE',  ( -24.94211327098499353, -6.901358343699197206, -4.013249717918251136 ) ) ;
#49 = DIRECTION ( 'NONE',  ( 1.000000000000000000, 0.000000000000000000, -1.264962724470827817E-16 ) ) ;
#50 = ORIENTED_EDGE ( 'NONE', *, *, #1084, .F. ) ;
#51 = EDGE_CURVE ( 'NONE', #760, #1310, #37, .T. ) ;
#52 = CARTESIAN_POINT ( 'NONE',  ( 16.90000000000000568, 12.49999999999999822, -10.00000000000000000 ) ) ;
#53 = ADVANCED_FACE ( 'NONE', ( #291 ), #1518, .F. ) ;
#54 = LINE ( 'NONE', #3430, #2674 ) ;
#55 = CIRCLE ( 'NONE', #3532, 2.999999999999999112 ) ;
#56 = DIRECTION ( 'NONE',  ( -0.03487826274238545882, 0.9987827659587178442, 0.03487826274237468271 ) ) ;
#57 = DIRECTION ( 'NONE',  ( 0.000000000000000000, 0.000000000000000000, 1.000000000000000000 ) ) ;
#58 = VERTEX_POINT ( 'NONE', #654 ) ;
#59 = CARTESIAN_POINT ( 'NONE',  ( -21.99999999999999645, -1.171572875253799717, -16.80000000000000071 ) ) ;
#60 = CARTESIAN_POINT ( 'NONE',  ( -24.99999999999999289, -5.963203337643013136, -3.383307966673332778 ) ) ;
#61 = ORIENTED_EDGE ( 'NONE', *, *, #394, .T. ) ;
#62 = ORIENTED_EDGE ( 'NONE', *, *, #2663, .F. ) ;
#63 = CARTESIAN_POINT ( 'NONE',  ( -24.99999999999999289, -5.916883356074166045, -4.028629331118997570 ) ) ;
#64 = LINE ( 'NONE', #1413, #2880 ) ;
#65 = CARTESIAN_POINT ( 'NONE',  ( -19.68656015532745229, -3.999999999999472422, -9.546547513423369935 ) ) ;
#66 = FACE_OUTER_BOUND ( 'NONE', #21, .T. ) ;
#67 = VERTEX_POINT ( 'NONE', #2879 ) ;
#68 = DIRECTION ( 'NONE',  ( 1.734723475976806848E-16, -1.000000000000000000, 1.734723475976806848E-16 ) ) ;
#69 = DIRECTION ( 'NONE',  ( 0.000000000000000000, 1.000000000000000000, 0.000000000000000000 ) ) ;
#70 = EDGE_CURVE ( 'NONE', #2739, #3398, #1436, .T. ) ;
#71 = EDGE_CURVE ( 'NONE', #1586, #58, #3475, .T. ) ;
#72 = CARTESIAN_POINT ( 'NONE',  ( -21.99999999999999645, -1.171572875253799717, -18.80000000000000071 ) ) ;
#73 = DIRECTION ( 'NONE',  ( 1.000000000000000000, 0.000000000000000000, 0.000000000000000000 ) ) ;
#74 = EDGE_LOOP ( 'NONE', ( #3578, #2738, #932, #780 ) ) ;
#75 = CARTESIAN_POINT ( 'NONE',  ( 0.4393765157003791111, -6.372110520049360183, -6.101127316341945495 ) ) ;
#76 = CARTESIAN_POINT ( 'NONE',  ( -24.94785443577913497, -6.358515245183259168, -3.129951903741127861 ) ) ;
#77 = ORIENTED_EDGE ( 'NONE', *, *, #1237, .T. ) ;
#78 = ORIENTED_EDGE ( 'NONE', *, *, #119, .F. ) ;
#79 = LINE ( 'NONE', #3465, #2235 ) ;
#80 = CIRCLE ( 'NONE', #674, 3.000000000000001776 ) ;
#81 = AXIS2_PLACEMENT_3D ( 'NONE', #3418, #2563, #883 ) ;
#82 = DIRECTION ( 'NONE',  ( 0.000000000000000000, 0.000000000000000000, -1.000000000000000000 ) ) ;
#83 = CARTESIAN_POINT ( 'NONE',  ( -22.79712323634670312, -18.37083276368657536, -3.250000000000037748 ) ) ;
#84 = VERTEX_POINT ( 'NONE', #2064 ) ;
#85 = CIRCLE ( 'NONE', #1908, 2.999999999999999112 ) ;
#86 = CARTESIAN_POINT ( 'NONE',  ( -24.90802882180468458, -6.633709953528220460, -3.250000000000037748 ) ) ;
#87 = CYLINDRICAL_SURFACE ( 'NONE', #3565, 3.500000000000000444 ) ;
#88 = VECTOR ( 'NONE', #2207, 1000.000000000000000 ) ;
#89 = VECTOR ( 'NONE', #2749, 1000.000000000000000 ) ;
#90 = FACE_OUTER_BOUND ( 'NONE', #3294, .T. ) ;
#91 = VECTOR ( 'NONE', #2194, 1000.000000000000000 ) ;
#92 = PLANE ( 'NONE',  #268 ) ;
#93 = CARTESIAN_POINT ( 'NONE',  ( -23.69725055183905127, -41.30586316170420957, -3.250000000000038636 ) ) ;
#94 = ADVANCED_FACE ( 'NONE', ( #2600 ), #2357, .F. ) ;
#95 = EDGE_CURVE ( 'NONE', #3357, #1650, #3126, .T. ) ;
#96 = PRODUCT ( 'LQ26-05HGI-01-008', 'LQ26-05HGI-01-008', '', ( #2208 ) ) ;
#97 = VERTEX_POINT ( 'NONE', #2286 ) ;
#98 = CARTESIAN_POINT ( 'NONE',  ( -3.416558891397556863, -4.000000000000000000, -12.37485247078455330 ) ) ;
#99 = EDGE_CURVE ( 'NONE', #1234, #3240, #2845, .T. ) ;
#100 = DIRECTION ( 'NONE',  ( 0.000000000000000000, 1.000000000000000000, 0.000000000000000000 ) ) ;
#101 = VERTEX_POINT ( 'NONE', #396 ) ;
#102 = VERTEX_POINT ( 'NONE', #1512 ) ;
#103 = FACE_OUTER_BOUND ( 'NONE', #2401, .T. ) ;
#104 = CARTESIAN_POINT ( 'NONE',  ( -9.316995701405755170, -27.41447247252850872, -6.847252584139605247 ) ) ;
#105 = DIRECTION ( 'NONE',  ( -0.2588190451025245697, -0.9659258262890672020, -0.000000000000000000 ) ) ;
#106 = ORIENTED_EDGE ( 'NONE', *, *, #1406, .T. ) ;
#107 = DIRECTION ( 'NONE',  ( 1.000000000000000000, 0.000000000000000000, 0.000000000000000000 ) ) ;
#108 = DIRECTION ( 'NONE',  ( -0.03489949670251166203, 0.9993908270190954291, 0.000000000000000000 ) ) ;
#109 = CARTESIAN_POINT ( 'NONE',  ( 17.00000000000000355, -1.171572875253806156, -18.80000000000000071 ) ) ;
#110 = DIRECTION ( 'NONE',  ( 1.000000000000000000, 0.000000000000000000, 0.000000000000000000 ) ) ;
#111 = CARTESIAN_POINT ( 'NONE',  ( -1.362376619431593383, -33.39329848725451200, -10.23014998303639622 ) ) ;
#112 = ORIENTED_EDGE ( 'NONE', *, *, #972, .T. ) ;
#113 = CARTESIAN_POINT ( 'NONE',  ( 1.750519914348699357, -4.000000000000000888, -4.554011223116976481 ) ) ;
#114 = VECTOR ( 'NONE', #2385, 1000.000000000000000 ) ;
#115 = CYLINDRICAL_SURFACE ( 'NONE', #1381, 3.000000000000001776 ) ;
#116 = AXIS2_PLACEMENT_3D ( 'NONE', #1699, #1093, #1271 ) ;
#117 = ORIENTED_EDGE ( 'NONE', *, *, #3455, .T. ) ;
#118 = ORIENTED_EDGE ( 'NONE', *, *, #3302, .F. ) ;
#119 = EDGE_CURVE ( 'NONE', #1362, #3184, #633, .T. ) ;
#120 = EDGE_CURVE ( 'NONE', #251, #1717, #1914, .T. ) ;
#121 = CARTESIAN_POINT ( 'NONE',  ( 5.000000000000000888, 25.00000000000000000, -18.80000000000000071 ) ) ;
#122 = CARTESIAN_POINT ( 'NONE',  ( -3.626425419873247069, -56.79656369178191966, -4.371164413746783772 ) ) ;
#123 = ORIENTED_EDGE ( 'NONE', *, *, #2478, .T. ) ;
#124 = SURFACE_STYLE_USAGE ( .BOTH. , #2649 ) ;
#125 = DIRECTION ( 'NONE',  ( 1.000000000000000000, 0.000000000000000000, -1.734723475976807587E-16 ) ) ;
#126 = DIRECTION ( 'NONE',  ( 0.000000000000000000, -1.000000000000000000, 1.717841266356214641E-16 ) ) ;
#127 = CARTESIAN_POINT ( 'NONE',  ( 15.00000000000000000, 30.00000000000000000, -14.00000000000000533 ) ) ;
#128 = CARTESIAN_POINT ( 'NONE',  ( -21.36624050303779754, -59.34595313285799989, -3.250000000000038636 ) ) ;
#129 = CARTESIAN_POINT ( 'NONE',  ( 0.000000000000000000, 0.000000000000000000, -18.80000000000000071 ) ) ;
#130 =( BOUNDED_CURVE ( )  B_SPLINE_CURVE ( 3, ( #624, #1118, #1707, #1460 ),
 .UNSPECIFIED., .F., .F. ) 
 B_SPLINE_CURVE_WITH_KNOTS ( ( 4, 4 ),
 ( 3.926381829401500489, 5.498396131367623063 ),
 .UNSPECIFIED. ) 
 CURVE ( )  GEOMETRIC_REPRESENTATION_ITEM ( )  RATIONAL_B_SPLINE_CURVE ( ( 1.000000000000000000, 0.8044506872272227938, 0.8044506872272227938, 1.000000000000000000 ) ) 
 REPRESENTATION_ITEM ( '' )  );
#131 = CARTESIAN_POINT ( 'NONE',  ( -4.785893221999919511, -34.12098940511663869, -0.000000000000000000 ) ) ;
#132 = EDGE_LOOP ( 'NONE', ( #903, #984, #657, #343 ) ) ;
#133 = ORIENTED_EDGE ( 'NONE', *, *, #3207, .F. ) ;
#134 = CARTESIAN_POINT ( 'NONE',  ( 4.301980963936875568, -7.000000000000000888, 18.80000000000000071 ) ) ;
#135 = CARTESIAN_POINT ( 'NONE',  ( -4.785893221999921288, -34.12098940511666711, -3.604727437793046274 ) ) ;
#136 = EDGE_CURVE ( 'NONE', #1907, #2844, #1263, .T. ) ;
#137 = EDGE_CURVE ( 'NONE', #3496, #1435, #165, .T. ) ;
#138 = ORIENTED_EDGE ( 'NONE', *, *, #27, .T. ) ;
#139 = ORIENTED_EDGE ( 'NONE', *, *, #3436, .F. ) ;
#140 = DIRECTION ( 'NONE',  ( 0.000000000000000000, 1.000000000000000000, 0.000000000000000000 ) ) ;
#141 = DIRECTION ( 'NONE',  ( 0.000000000000000000, 0.000000000000000000, 1.000000000000000000 ) ) ;
#142 = CARTESIAN_POINT ( 'NONE',  ( -21.74141084293023951, -48.60248025546395212, 3.049999999999991385 ) ) ;
#143 = VECTOR ( 'NONE', #3134, 1000.000000000000000 ) ;
#144 = CARTESIAN_POINT ( 'NONE',  ( -0.09999999999999527323, -79.00000000000001421, -3.200000000000000178 ) ) ;
#145 = DIRECTION ( 'NONE',  ( 0.000000000000000000, 0.000000000000000000, -1.000000000000000000 ) ) ;
#146 = AXIS2_PLACEMENT_3D ( 'NONE', #362, #82, #1478 ) ;
#147 = CARTESIAN_POINT ( 'NONE',  ( 12.00000000000000355, 13.99999999999999822, -10.00000000000000000 ) ) ;
#148 = CYLINDRICAL_SURFACE ( 'NONE', #1971, 3.000000000000000000 ) ;
#149 = AXIS2_PLACEMENT_3D ( 'NONE', #813, #3328, #1125 ) ;
#150 = CARTESIAN_POINT ( 'NONE',  ( -7.634986425665454490, -12.79018749626707674, -6.336561299501950018 ) ) ;
#151 = ORIENTED_EDGE ( 'NONE', *, *, #2592, .F. ) ;
#152 = ORIENTED_EDGE ( 'NONE', *, *, #866, .T. ) ;
#153 = DIRECTION ( 'NONE',  ( 0.000000000000000000, 0.000000000000000000, -1.000000000000000000 ) ) ;
#154 = VERTEX_POINT ( 'NONE', #1600 ) ;
#155 = VERTEX_POINT ( 'NONE', #469 ) ;
#156 = EDGE_CURVE ( 'NONE', #2461, #67, #3567, .T. ) ;
#157 = FACE_OUTER_BOUND ( 'NONE', #1881, .T. ) ;
#158 = LINE ( 'NONE', #1005, #1437 ) ;
#159 = CARTESIAN_POINT ( 'NONE',  ( 5.000000000000000888, 3.000000000000002665, -17.00000000000000355 ) ) ;
#160 = ADVANCED_FACE ( 'NONE', ( #2993 ), #1322, .F. ) ;
#161 = EDGE_CURVE ( 'NONE', #2983, #102, #689, .T. ) ;
#162 = CARTESIAN_POINT ( 'NONE',  ( -22.98517143100941595, -1.999999999999997335, -15.97157287525380021 ) ) ;
#163 = CARTESIAN_POINT ( 'NONE',  ( 16.90000000000000568, 15.89999999999999680, -10.00000000000000000 ) ) ;
#164 = CARTESIAN_POINT ( 'NONE',  ( -6.219851396748920180, -27.37474660045937469, -3.350188414204779530 ) ) ;
#165 = LINE ( 'NONE', #1836, #1209 ) ;
#166 = CARTESIAN_POINT ( 'NONE',  ( -19.45804973277394367, -59.27931764282332239, -6.187313213253001543 ) ) ;
#167 = LINE ( 'NONE', #2157, #3399 ) ;
#168 = ORIENTED_EDGE ( 'NONE', *, *, #2275, .T. ) ;
#169 = ORIENTED_EDGE ( 'NONE', *, *, #683, .F. ) ;
#170 = AXIS2_PLACEMENT_3D ( 'NONE', #134, #1239, #3203 ) ;
#171 = CARTESIAN_POINT ( 'NONE',  ( -16.86519475875697438, -89.00000000000001421, -9.328852882843719385 ) ) ;
#172 = ORIENTED_EDGE ( 'NONE', *, *, #2639, .T. ) ;
#173 = EDGE_LOOP ( 'NONE', ( #2873, #2251, #2544, #2049, #916, #1976, #493, #3500, #1567, #602, #3201, #521, #1270, #1700, #356, #2143, #188 ) ) ;
#174 = DIRECTION ( 'NONE',  ( -1.020425574104004122E-16, 1.000000000000000000, 0.000000000000000000 ) ) ;
#175 = DIRECTION ( 'NONE',  ( -1.000000000000000000, -1.020425574104004122E-16, -0.000000000000000000 ) ) ;
#176 = CARTESIAN_POINT ( 'NONE',  ( -19.83741069312104699, -22.89552742215447623, -6.187313213253020194 ) ) ;
#177 = EDGE_LOOP ( 'NONE', ( #943, #2835, #2517, #187 ) ) ;
#178 = PLANE ( 'NONE',  #449 ) ;
#179 = CARTESIAN_POINT ( 'NONE',  ( 16.90000000000000568, 12.09999999999999787, -10.00000000000000000 ) ) ;
#180 = DIRECTION ( 'NONE',  ( 0.9781476007338075762, 0.2079116908177502943, 0.000000000000000000 ) ) ;
#181 = ADVANCED_FACE ( 'NONE', ( #2428 ), #1302, .T. ) ;
#182 = EDGE_CURVE ( 'NONE', #44, #2925, #2712, .T. ) ;
#183 = CARTESIAN_POINT ( 'NONE',  ( -19.13466826877932547, -89.00000000000001421, -18.80000000000000071 ) ) ;
#184 = CARTESIAN_POINT ( 'NONE',  ( 18.00000000000000000, 30.00000000000000000, -14.00000000000000533 ) ) ;
#185 = B_SPLINE_CURVE_WITH_KNOTS ( 'NONE', 3,
 ( #193, #3286, #2463, #748, #519, #1927, #3002, #3617, #1065, #3359, #2146, #1946, #2203, #3580, #2760, #3061 ),
 .UNSPECIFIED., .F., .F.,
 ( 4, 2, 2, 2, 2, 2, 2, 4 ),
 ( 0.004332609505691538410, 0.005006214181871578711, 0.005679818858051618145, 0.007027028210411661452, 0.007700632886591667059, 0.008374237562771672666, 0.009047842238951678273, 0.009721446915131683880 ),
 .UNSPECIFIED. ) ;
#186 = CARTESIAN_POINT ( 'NONE',  ( -8.590406030511070767, -16.23371376566608859, -9.958945291640288744 ) ) ;
#187 = ORIENTED_EDGE ( 'NONE', *, *, #2658, .F. ) ;
#188 = ORIENTED_EDGE ( 'NONE', *, *, #3025, .T. ) ;
#189 = CARTESIAN_POINT ( 'NONE',  ( -20.66862603386891450, -86.01022440554083914, -10.34107540198483832 ) ) ;
#190 = ORIENTED_EDGE ( 'NONE', *, *, #3548, .T. ) ;
#191 = ORIENTED_EDGE ( 'NONE', *, *, #2778, .F. ) ;
#192 = CARTESIAN_POINT ( 'NONE',  ( -0.6028842615610888744, -53.80049930861625995, -4.291951066843723517 ) ) ;
#193 = CARTESIAN_POINT ( 'NONE',  ( 2.000000000000010658, -79.00000000000001421, -7.628242299975788399 ) ) ;
#194 = DIRECTION ( 'NONE',  ( 1.000000000000000000, 1.020425574104004122E-16, 0.000000000000000000 ) ) ;
#195 = ORIENTED_EDGE ( 'NONE', *, *, #2804, .F. ) ;
#196 = CARTESIAN_POINT ( 'NONE',  ( 3.014204643501047443, -53.98349447342764051, -4.318187600330941400 ) ) ;
#197 = CYLINDRICAL_SURFACE ( 'NONE', #1659, 3.000000000000000000 ) ;
#198 = CARTESIAN_POINT ( 'NONE',  ( -1.623466631435290353, -4.000000000000000000, -0.000000000000000000 ) ) ;
#199 = VECTOR ( 'NONE', #2077, 1000.000000000000000 ) ;
#200 = AXIS2_PLACEMENT_3D ( 'NONE', #3427, #2278, #1742 ) ;
#201 = LINE ( 'NONE', #410, #2379 ) ;
#202 = EDGE_CURVE ( 'NONE', #454, #3183, #1389, .T. ) ;
#203 = CARTESIAN_POINT ( 'NONE',  ( -21.49786659495411456, 0.000000000000000000, -3.525030534209192101 ) ) ;
#204 = CARTESIAN_POINT ( 'NONE',  ( -9.123738026455198380, -19.91211138024354099, -10.08739776683793998 ) ) ;
#205 = AXIS2_PLACEMENT_3D ( 'NONE', #162, #2612, #1562 ) ;
#206 = VERTEX_POINT ( 'NONE', #448 ) ;
#207 = VECTOR ( 'NONE', #2721, 1000.000000000000000 ) ;
#208 = VERTEX_POINT ( 'NONE', #3528 ) ;
#209 = EDGE_CURVE ( 'NONE', #84, #3190, #442, .T. ) ;
#210 = EDGE_CURVE ( 'NONE', #2402, #784, #201, .T. ) ;
#211 = VECTOR ( 'NONE', #3073, 1000.000000000000114 ) ;
#212 = CARTESIAN_POINT ( 'NONE',  ( 20.00000000000000355, 13.99999999999999822, -10.00000000000000000 ) ) ;
#213 = ORIENTED_EDGE ( 'NONE', *, *, #532, .F. ) ;
#214 = ADVANCED_BREP_SHAPE_REPRESENTATION ( 'LQ26-05HGI-01-008', ( #1654, #2620 ), #1735 ) ;
#215 = ORIENTED_EDGE ( 'NONE', *, *, #2730, .F. ) ;
#216 = CARTESIAN_POINT ( 'NONE',  ( -0.6275463950251550793, -53.68447309295722647, -7.764621220353666864 ) ) ;
#217 = CARTESIAN_POINT ( 'NONE',  ( -23.71654001457657657, -2.432252630500877366, -18.36774736949902120 ) ) ;
#218 = LINE ( 'NONE', #2147, #3039 ) ;
#219 = ORIENTED_EDGE ( 'NONE', *, *, #2780, .T. ) ;
#220 = CARTESIAN_POINT ( 'NONE',  ( 16.00000000000000355, 2.999999999999997780, -2.999999999999997335 ) ) ;
#221 = DIRECTION ( 'NONE',  ( -1.000000000000000000, 1.445602896647339410E-16, 2.658695784602366130E-17 ) ) ;
#222 = FACE_OUTER_BOUND ( 'NONE', #627, .T. ) ;
#223 = DIRECTION ( 'NONE',  ( 0.000000000000000000, 0.000000000000000000, 1.000000000000000000 ) ) ;
#224 = CARTESIAN_POINT ( 'NONE',  ( -0.1604871792777531891, -56.30945783842167174, -4.371164413746783772 ) ) ;
#225 = CARTESIAN_POINT ( 'NONE',  ( 18.00000000000000000, 13.99999999999999822, -10.00000000000000000 ) ) ;
#226 = CARTESIAN_POINT ( 'NONE',  ( -2.015565763815231115, -30.32028517140268065, -3.478635849958810589 ) ) ;
#227 = ORIENTED_EDGE ( 'NONE', *, *, #3620, .F. ) ;
#228 = ORIENTED_EDGE ( 'NONE', *, *, #946, .T. ) ;
#229 = UNCERTAINTY_MEASURE_WITH_UNIT (LENGTH_MEASURE( 1.000000000000000082E-05 ), #542, 'distance_accuracy_value', 'NONE');
#230 = CARTESIAN_POINT ( 'NONE',  ( -24.99999999999999645, -2.000000000000005773, -10.83693813440447684 ) ) ;
#231 = CARTESIAN_POINT ( 'NONE',  ( -21.93138319806331538, -89.00000000000000000, -7.840633629561157392 ) ) ;
#232 = VERTEX_POINT ( 'NONE', #2451 ) ;
#233 = EDGE_CURVE ( 'NONE', #3240, #2182, #2622, .T. ) ;
#234 = ADVANCED_FACE ( 'NONE', ( #3546, #2079, #2655 ), #1011, .T. ) ;
#235 = EDGE_LOOP ( 'NONE', ( #2103, #817, #2631, #3139, #3440, #856, #1936, #1242 ) ) ;
#236 = DIRECTION ( 'NONE',  ( 0.000000000000000000, 0.000000000000000000, 1.000000000000000000 ) ) ;
#237 = CARTESIAN_POINT ( 'NONE',  ( -3.599999999999996536, -81.67605001257754793, -12.24424203072013384 ) ) ;
#238 = CARTESIAN_POINT ( 'NONE',  ( 20.00000000000000355, 13.99999999999999822, -10.00000000000000000 ) ) ;
#239 = EDGE_LOOP ( 'NONE', ( #41, #333, #2718, #3468 ) ) ;
#240 = LINE ( 'NONE', #1085, #88 ) ;
#241 = DIRECTION ( 'NONE',  ( 1.000000000000000000, 0.000000000000000000, 0.000000000000000000 ) ) ;
#242 = CARTESIAN_POINT ( 'NONE',  ( 17.30687566637479691, -1.422135682440820448, -18.80000000000000071 ) ) ;
#243 = CARTESIAN_POINT ( 'NONE',  ( -24.99999999999996092, -85.89530150989250501, -12.39158153968558196 ) ) ;
#244 = B_SPLINE_CURVE_WITH_KNOTS ( 'NONE', 3,
 ( #3403, #2876, #354, #2596, #598, #3123, #1180, #868, #899, #19, #2862, #3176, #632, #3383, #2268, #2300 ),
 .UNSPECIFIED., .F., .F.,
 ( 4, 2, 2, 2, 2, 2, 2, 4 ),
 ( 1.734723475976807094E-18, 0.001126225512371327019, 0.002252451024742652304, 0.004504902049485302873, 0.006757353074227954309, 0.007883578586599278293, 0.008446691342784940285, 0.009009804098970602276 ),
 .UNSPECIFIED. ) ;
#245 = CARTESIAN_POINT ( 'NONE',  ( -18.99329594100774443, -4.000000000000003553, -6.029601188155562674 ) ) ;
#246 = CARTESIAN_POINT ( 'NONE',  ( -18.51889048772018498, -89.30671433047830021, -6.504006641442204639 ) ) ;
#247 = CARTESIAN_POINT ( 'NONE',  ( -23.44037524886270418, -48.66180939985822107, -3.450000000000007283 ) ) ;
#248 = ORIENTED_EDGE ( 'NONE', *, *, #820, .T. ) ;
#249 = ORIENTED_EDGE ( 'NONE', *, *, #1257, .T. ) ;
#250 = CARTESIAN_POINT ( 'NONE',  ( -21.56613772444762134, -86.04982367851179959, -8.967871799805065436 ) ) ;
#251 = VERTEX_POINT ( 'NONE', #3510 ) ;
#252 = ORIENTED_EDGE ( 'NONE', *, *, #2073, .T. ) ;
#253 =( BOUNDED_CURVE ( )  B_SPLINE_CURVE ( 3, ( #2641, #1769, #705, #1515 ),
 .UNSPECIFIED., .F., .T. ) 
 B_SPLINE_CURVE_WITH_KNOTS ( ( 4, 4 ),
 ( 0.7847891758119929229, 2.356803477778114164 ),
 .UNSPECIFIED. ) 
 CURVE ( )  GEOMETRIC_REPRESENTATION_ITEM ( )  RATIONAL_B_SPLINE_CURVE ( ( 1.000000000000000000, 0.8044506872272230158, 0.8044506872272230158, 1.000000000000000000 ) ) 
 REPRESENTATION_ITEM ( '' )  );
#254 = ADVANCED_FACE ( 'NONE', ( #2131 ), #2971, .T. ) ;
#255 = CARTESIAN_POINT ( 'NONE',  ( -0.4262852806922901583, -54.63133219131484708, -4.318182290905004272 ) ) ;
#256 = ADVANCED_FACE ( 'NONE', ( #2113 ), #3271, .T. ) ;
#257 = CARTESIAN_POINT ( 'NONE',  ( -24.56591901049904791, -3.062364197377154262, -17.73763580262289707 ) ) ;
#258 = DIRECTION ( 'NONE',  ( -0.9993908270190953180, -0.03489949670251165509, -0.000000000000000000 ) ) ;
#259 = ORIENTED_EDGE ( 'NONE', *, *, #2982, .T. ) ;
#260 = DIRECTION ( 'NONE',  ( 0.000000000000000000, 0.000000000000000000, -1.000000000000000000 ) ) ;
#261 = CARTESIAN_POINT ( 'NONE',  ( 2.820632341007255572, -53.07280839075422563, -4.291951066843727070 ) ) ;
#262 = EDGE_CURVE ( 'NONE', #421, #2758, #2414, .T. ) ;
#263 = DIRECTION ( 'NONE',  ( 0.1391731009600693791, -0.9902680687415696958, 0.000000000000000000 ) ) ;
#264 = CARTESIAN_POINT ( 'NONE',  ( 2.854512049799725393, -89.00000000000001421, -9.393409058628291675 ) ) ;
#265 = CARTESIAN_POINT ( 'NONE',  ( -23.44037524886270418, -48.66180939985822107, -3.250000000000037748 ) ) ;
#266 = DIRECTION ( 'NONE',  ( -0.000000000000000000, -0.000000000000000000, 1.000000000000000000 ) ) ;
#267 = CIRCLE ( 'NONE', #2023, 2.999999999999999112 ) ;
#268 = AXIS2_PLACEMENT_3D ( 'NONE', #2635, #3232, #953 ) ;
#269 = DIRECTION ( 'NONE',  ( 0.000000000000000000, 0.000000000000000000, -1.000000000000000000 ) ) ;
#270 = ORIENTED_EDGE ( 'NONE', *, *, #2591, .T. ) ;
#271 = VERTEX_POINT ( 'NONE', #1545 ) ;
#272 = VECTOR ( 'NONE', #951, 1000.000000000000000 ) ;
#273 = VECTOR ( 'NONE', #1837, 1000.000000000000114 ) ;
#274 = VECTOR ( 'NONE', #2475, 1000.000000000000000 ) ;
#275 = CARTESIAN_POINT ( 'NONE',  ( -24.99999999999999289, -3.083973045271955371, -7.838688774688263194 ) ) ;
#276 = VECTOR ( 'NONE', #1868, 1000.000000000000000 ) ;
#277 = ORIENTED_EDGE ( 'NONE', *, *, #3371, .T. ) ;
#278 = VECTOR ( 'NONE', #915, 1000.000000000000000 ) ;
#279 = CARTESIAN_POINT ( 'NONE',  ( 2.626634990544307158, -76.14086253815877114, 0.000000000000000000 ) ) ;
#280 = CARTESIAN_POINT ( 'NONE',  ( -23.84494805603896239, -6.974453881117173459, -7.117764463933622388 ) ) ;
#281 = CARTESIAN_POINT ( 'NONE',  ( -4.026400864129398904, -54.28389374956095992, -11.28768685597739463 ) ) ;
#282 = ORIENTED_EDGE ( 'NONE', *, *, #2390, .F. ) ;
#283 = CARTESIAN_POINT ( 'NONE',  ( -24.99999999999999289, -5.912343476072240200, -3.249999999999949374 ) ) ;
#284 = CARTESIAN_POINT ( 'NONE',  ( -3.599999999999996980, -79.00000000000001421, -12.15079230508252550 ) ) ;
#285 = CARTESIAN_POINT ( 'NONE',  ( -24.99999999999999289, 0.000000000000000000, -15.80000000000000071 ) ) ;
#286 = ADVANCED_FACE ( 'NONE', ( #2673 ), #148, .F. ) ;
#287 = CARTESIAN_POINT ( 'NONE',  ( -1.999999999999994893, -79.00000000000001421, -3.200000000000000178 ) ) ;
#288 = LINE ( 'NONE', #2512, #1684 ) ;
#289 = CARTESIAN_POINT ( 'NONE',  ( -22.13284074983661043, -86.10469849010755183, -18.80000000000000071 ) ) ;
#290 = EDGE_LOOP ( 'NONE', ( #530, #1475, #2279, #2159 ) ) ;
#291 = FACE_OUTER_BOUND ( 'NONE', #74, .T. ) ;
#292 = CARTESIAN_POINT ( 'NONE',  ( -24.99999999999999289, -5.248483031236569119, -4.967484475867928850 ) ) ;
#293 = ORIENTED_EDGE ( 'NONE', *, *, #1279, .T. ) ;
#294 = ORIENTED_EDGE ( 'NONE', *, *, #95, .F. ) ;
#295 = CARTESIAN_POINT ( 'NONE',  ( 7.302885002069881892, -85.56648859908450788, -7.236638567604043892 ) ) ;
#296 = CARTESIAN_POINT ( 'NONE',  ( -26.32029373599890576, -4.000000000000005329, -8.861565013152482351 ) ) ;
#297 = CARTESIAN_POINT ( 'NONE',  ( -8.209409824568247416, -34.84868032297875828, -3.604727437793045830 ) ) ;
#298 = ORIENTED_EDGE ( 'NONE', *, *, #1013, .T. ) ;
#299 = CIRCLE ( 'NONE', #1284, 3.000000000000000000 ) ;
#300 = CARTESIAN_POINT ( 'NONE',  ( 18.00000000000000000, 0.000000000000000000, 0.000000000000000000 ) ) ;
#301 = DIRECTION ( 'NONE',  ( -1.000000000000000000, 0.000000000000000000, 0.000000000000000000 ) ) ;
#302 = VECTOR ( 'NONE', #1663, 1000.000000000000000 ) ;
#303 = LINE ( 'NONE', #2578, #574 ) ;
#304 = CARTESIAN_POINT ( 'NONE',  ( -24.93355785559149140, -6.458657357627425100, -3.250000000000038636 ) ) ;
#305 = EDGE_CURVE ( 'NONE', #1650, #2084, #682, .T. ) ;
#306 = ADVANCED_FACE ( 'NONE', ( #833 ), #1913, .T. ) ;
#307 = VERTEX_POINT ( 'NONE', #2193 ) ;
#308 = VERTEX_POINT ( 'NONE', #504 ) ;
#309 = CARTESIAN_POINT ( 'NONE',  ( -24.99999999999999289, -4.699127799888989543, -7.077765681239744033 ) ) ;
#310 = ORIENTED_EDGE ( 'NONE', *, *, #1551, .T. ) ;
#311 = ORIENTED_EDGE ( 'NONE', *, *, #3548, .F. ) ;
#312 = CARTESIAN_POINT ( 'NONE',  ( 7.984028008084343320, -88.99999999999998579, -6.390028051728013025 ) ) ;
#313 = CARTESIAN_POINT ( 'NONE',  ( -23.86214240509493223, -3.999999999999469757, -7.136568094980561661 ) ) ;
#314 = CARTESIAN_POINT ( 'NONE',  ( -21.36624050303779754, -59.34595313285799989, -6.187313213253001543 ) ) ;
#315 = ORIENTED_EDGE ( 'NONE', *, *, #1821, .F. ) ;
#316 = CARTESIAN_POINT ( 'NONE',  ( -20.99821974771231581, -18.30801366962204924, -3.700000000000005063 ) ) ;
#317 = LINE ( 'NONE', #3173, #2855 ) ;
#318 = LINE ( 'NONE', #1418, #3107 ) ;
#319 = DIRECTION ( 'NONE',  ( 0.000000000000000000, 1.000000000000000000, 0.000000000000000000 ) ) ;
#320 = EDGE_LOOP ( 'NONE', ( #669, #1274, #365, #2236 ) ) ;
#321 = CARTESIAN_POINT ( 'NONE',  ( 1.400756816147675554, -6.236406008226200726, -3.464542845011389094 ) ) ;
#322 = EDGE_CURVE ( 'NONE', #3114, #2085, #3086, .T. ) ;
#323 = CARTESIAN_POINT ( 'NONE',  ( -24.99999999999932143, -4.170599950391485677, -8.471965277754959445 ) ) ;
#324 = CIRCLE ( 'NONE', #1965, 1.499999999999997780 ) ;
#325 = ORIENTED_EDGE ( 'NONE', *, *, #2318, .T. ) ;
#326 = ORIENTED_EDGE ( 'NONE', *, *, #794, .F. ) ;
#327 = EDGE_CURVE ( 'NONE', #1174, #1121, #1620, .T. ) ;
#328 = EDGE_CURVE ( 'NONE', #2732, #1355, #905, .T. ) ;
#329 = CIRCLE ( 'NONE', #1555, 3.000000000000000000 ) ;
#330 = CARTESIAN_POINT ( 'NONE',  ( 4.517160185136442685, -89.00000000000000000, -5.410411008545324307 ) ) ;
#331 = FACE_OUTER_BOUND ( 'NONE', #3147, .T. ) ;
#332 = DIRECTION ( 'NONE',  ( 0.000000000000000000, 0.000000000000000000, -1.000000000000000000 ) ) ;
#333 = ORIENTED_EDGE ( 'NONE', *, *, #2213, .F. ) ;
#334 = CIRCLE ( 'NONE', #917, 3.000000000000000000 ) ;
#335 = VECTOR ( 'NONE', #1832, 1000.000000000000000 ) ;
#336 = DIRECTION ( 'NONE',  ( -1.000000000000000000, 1.445602896647339410E-16, 1.264962724470827817E-16 ) ) ;
#337 = DIRECTION ( 'NONE',  ( -1.000000000000000000, 0.000000000000000000, 0.000000000000000000 ) ) ;
#338 = CARTESIAN_POINT ( 'NONE',  ( 19.65599645238902937, -3.583583212787666117, -17.19971416055743418 ) ) ;
#339 = CARTESIAN_POINT ( 'NONE',  ( -19.13466826877932547, -89.00000000000001421, -3.250000000000037748 ) ) ;
#340 = ORIENTED_EDGE ( 'NONE', *, *, #2071, .F. ) ;
#341 = CARTESIAN_POINT ( 'NONE',  ( -7.634986425665454490, -12.79018749626707674, -6.336561299501950018 ) ) ;
#342 = CARTESIAN_POINT ( 'NONE',  ( -24.99999999999999289, -2.554460507334268549, -8.913984102022578071 ) ) ;
#343 = ORIENTED_EDGE ( 'NONE', *, *, #1644, .T. ) ;
#344 = ORIENTED_EDGE ( 'NONE', *, *, #2161, .F. ) ;
#345 = CARTESIAN_POINT ( 'NONE',  ( 4.015365126891441427, -85.69901737263106156, -11.50605388797440831 ) ) ;
#346 = CARTESIAN_POINT ( 'NONE',  ( -22.03587998301510709, -7.035357989196933559, -8.809588230803054643 ) ) ;
#347 = EDGE_CURVE ( 'NONE', #2270, #1948, #2145, .T. ) ;
#348 = CARTESIAN_POINT ( 'NONE',  ( -1.999999999999994893, -79.00000000000001421, 0.000000000000000000 ) ) ;
#349 = EDGE_CURVE ( 'NONE', #3164, #44, #2786, .T. ) ;
#350 = ORIENTED_EDGE ( 'NONE', *, *, #2437, .T. ) ;
#351 = DIRECTION ( 'NONE',  ( 0.9902680687415699179, 0.1391731009600689628, 0.000000000000000000 ) ) ;
#352 = DIRECTION ( 'NONE',  ( 0.000000000000000000, -1.000000000000000000, 1.734723475976806848E-16 ) ) ;
#353 = AXIS2_PLACEMENT_3D ( 'NONE', #2985, #1926, #537 ) ;
#354 = CARTESIAN_POINT ( 'NONE',  ( -23.18361446722940045, -4.041056961894810229, -10.91085192530582937 ) ) ;
#355 = CARTESIAN_POINT ( 'NONE',  ( -24.95206314614522114, -6.372329788534335293, -3.250000000000038636 ) ) ;
#356 = ORIENTED_EDGE ( 'NONE', *, *, #366, .F. ) ;
#357 = CARTESIAN_POINT ( 'NONE',  ( -2.358279574227278630, -6.698688158177003693, -8.731931084042441782 ) ) ;
#358 = CARTESIAN_POINT ( 'NONE',  ( 5.000000000000000888, 3.000000000000002665, -17.00000000000000355 ) ) ;
#359 = ORIENTED_EDGE ( 'NONE', *, *, #2825, .T. ) ;
#360 = ORIENTED_EDGE ( 'NONE', *, *, #601, .F. ) ;
#361 = CARTESIAN_POINT ( 'NONE',  ( -18.51889048772018498, -89.30671433047830021, -6.504006641442204639 ) ) ;
#362 = CARTESIAN_POINT ( 'NONE',  ( -36.30527168834504437, -61.38927602346421963, -0.000000000000000000 ) ) ;
#363 = CARTESIAN_POINT ( 'NONE',  ( 0.4974691126510177863, -85.89530150989247659, -12.39158153968558196 ) ) ;
#364 = ORIENTED_EDGE ( 'NONE', *, *, #2981, .T. ) ;
#365 = ORIENTED_EDGE ( 'NONE', *, *, #2092, .T. ) ;
#366 = EDGE_CURVE ( 'NONE', #3125, #154, #2741, .T. ) ;
#367 = EDGE_CURVE ( 'NONE', #784, #1603, #2456, .T. ) ;
#368 = DIRECTION ( 'NONE',  ( -1.000000000000000000, -1.020425574104004122E-16, -0.000000000000000000 ) ) ;
#369 = EDGE_CURVE ( 'NONE', #535, #2757, #3654, .T. ) ;
#370 = CARTESIAN_POINT ( 'NONE',  ( 5.000000000000000888, 3.000000000000002665, -18.80000000000000071 ) ) ;
#371 = DIRECTION ( 'NONE',  ( -0.000000000000000000, -0.000000000000000000, 1.000000000000000000 ) ) ;
#372 =( BOUNDED_CURVE ( )  B_SPLINE_CURVE ( 3, ( #2479, #1080, #3340, #3557 ),
 .UNSPECIFIED., .F., .F. ) 
 B_SPLINE_CURVE_WITH_KNOTS ( ( 4, 4 ),
 ( 3.926381829401480505, 5.498396131367602635 ),
 .UNSPECIFIED. ) 
 CURVE ( )  GEOMETRIC_REPRESENTATION_ITEM ( )  RATIONAL_B_SPLINE_CURVE ( ( 1.000000000000000000, 0.8044506872272227938, 0.8044506872272227938, 1.000000000000000000 ) ) 
 REPRESENTATION_ITEM ( '' )  );
#373 = CARTESIAN_POINT ( 'NONE',  ( -16.12918348404367563, -85.89530150989250501, -12.39158153968558018 ) ) ;
#374 = ORIENTED_EDGE ( 'NONE', *, *, #1985, .T. ) ;
#375 = CARTESIAN_POINT ( 'NONE',  ( 2.000000000000007105, -4.000000000000000888, -2.541848489443937709 ) ) ;
#376 = LINE ( 'NONE', #3463, #1091 ) ;
#377 = EDGE_LOOP ( 'NONE', ( #3256, #298, #2995, #152 ) ) ;
#378 = VERTEX_POINT ( 'NONE', #1679 ) ;
#379 = CARTESIAN_POINT ( 'NONE',  ( -1.623466631435290797, -4.000000000000003553, -2.495834222360339805 ) ) ;
#380 = VECTOR ( 'NONE', #352, 1000.000000000000000 ) ;
#381 = VECTOR ( 'NONE', #990, 1000.000000000000000 ) ;
#382 = CARTESIAN_POINT ( 'NONE',  ( -26.08084102806915894, 12.49999999999999289, -10.00000000000000000 ) ) ;
#383 = DIRECTION ( 'NONE',  ( -0.9902680687415695848, -0.1391731009600700175, 9.912705577010324563E-16 ) ) ;
#384 = ORIENTED_EDGE ( 'NONE', *, *, #2773, .F. ) ;
#385 = CIRCLE ( 'NONE', #1316, 2.999999999999999112 ) ;
#386 = DIRECTION ( 'NONE',  ( -1.000000000000000000, 0.000000000000000000, 2.891205793294678326E-16 ) ) ;
#387 = LINE ( 'NONE', #2633, #505 ) ;
#388 = TOROIDAL_SURFACE ( 'NONE', #2505, 1.000000000000000000, 2.000000000000000000 ) ;
#389 = VECTOR ( 'NONE', #258, 1000.000000000000227 ) ;
#390 = FACE_OUTER_BOUND ( 'NONE', #1444, .T. ) ;
#391 = CARTESIAN_POINT ( 'NONE',  ( 7.487964391361149552, -85.58248069711977735, 0.000000000000000000 ) ) ;
#392 = DIRECTION ( 'NONE',  ( -0.2077905067623297686, 0.9775774745778873509, 0.03413775765006078072 ) ) ;
#393 = ADVANCED_FACE ( 'NONE', ( #1107 ), #2215, .T. ) ;
#394 = EDGE_CURVE ( 'NONE', #432, #980, #2809, .T. ) ;
#395 = VERTEX_POINT ( 'NONE', #775 ) ;
#396 = CARTESIAN_POINT ( 'NONE',  ( 3.200000000000001066, 3.000000000000002220, -18.80000000000000071 ) ) ;
#397 = CARTESIAN_POINT ( 'NONE',  ( -5.279662784722490620, 0.000000000000000000, -6.029601188155564451 ) ) ;
#398 = FACE_OUTER_BOUND ( 'NONE', #3552, .T. ) ;
#399 = ORIENTED_EDGE ( 'NONE', *, *, #3615, .F. ) ;
#400 = VERTEX_POINT ( 'NONE', #1892 ) ;
#401 = FACE_OUTER_BOUND ( 'NONE', #2257, .T. ) ;
#402 = LINE ( 'NONE', #2646, #569 ) ;
#403 = CARTESIAN_POINT ( 'NONE',  ( 7.479544256999167473, -85.52256832802214603, -9.495491242815711885 ) ) ;
#404 = VERTEX_POINT ( 'NONE', #3605 ) ;
#405 = CARTESIAN_POINT ( 'NONE',  ( -0.3999999999999928058, -79.00000000000001421, -3.199999999999999734 ) ) ;
#406 = CARTESIAN_POINT ( 'NONE',  ( 2.487158863106303741, -85.50000000000000000, -8.875643901733006658 ) ) ;
#407 = DIRECTION ( 'NONE',  ( 2.414268454599217703E-17, -1.717841266356214641E-16, -1.000000000000000000 ) ) ;
#408 = FACE_BOUND ( 'NONE', #2356, .T. ) ;
#409 = CARTESIAN_POINT ( 'NONE',  ( -4.026400864129398904, -54.52819022647847902, -4.291951066843727958 ) ) ;
#410 = CARTESIAN_POINT ( 'NONE',  ( -22.01675838228701920, -89.42886256893710595, -6.504006641442204639 ) ) ;
#411 = VECTOR ( 'NONE', #610, 1000.000000000000000 ) ;
#412 = EDGE_CURVE ( 'NONE', #1116, #2625, #479, .T. ) ;
#413 = EDGE_CURVE ( 'NONE', #1839, #2774, #3287, .T. ) ;
#414 = DIRECTION ( 'NONE',  ( 1.000000000000000000, 1.020425574104004122E-16, 0.000000000000000000 ) ) ;
#415 = ORIENTED_EDGE ( 'NONE', *, *, #3258, .T. ) ;
#416 = VERTEX_POINT ( 'NONE', #2405 ) ;
#417 =( BOUNDED_CURVE ( )  B_SPLINE_CURVE ( 3, ( #2969, #2393, #1802, #2710 ),
 .UNSPECIFIED., .F., .F. ) 
 B_SPLINE_CURVE_WITH_KNOTS ( ( 4, 4 ),
 ( 0.7847891758119829309, 2.356803477778105727 ),
 .UNSPECIFIED. ) 
 CURVE ( )  GEOMETRIC_REPRESENTATION_ITEM ( )  RATIONAL_B_SPLINE_CURVE ( ( 1.000000000000000000, 0.8044506872272225717, 0.8044506872272225717, 1.000000000000000000 ) ) 
 REPRESENTATION_ITEM ( '' )  );
#418 = CARTESIAN_POINT ( 'NONE',  ( 2.128552247865043157, -83.24067148267951666, -12.29887981641940442 ) ) ;
#419 = CARTESIAN_POINT ( 'NONE',  ( -22.99999999999999289, -4.000000000000005329, -11.64154703437737481 ) ) ;
#420 = ORIENTED_EDGE ( 'NONE', *, *, #840, .T. ) ;
#421 = VERTEX_POINT ( 'NONE', #2126 ) ;
#422 = DIRECTION ( 'NONE',  ( 0.000000000000000000, 1.000000000000000000, 0.000000000000000000 ) ) ;
#423 = CYLINDRICAL_SURFACE ( 'NONE', #2083, 3.000000000000002665 ) ;
#424 = CARTESIAN_POINT ( 'NONE',  ( -24.99999999999999289, -1.999999999999997335, -15.80000000000000426 ) ) ;
#425 = DIRECTION ( 'NONE',  ( 1.000000000000000000, 0.000000000000000000, 0.000000000000000000 ) ) ;
#426 = LINE ( 'NONE', #2392, #2913 ) ;
#427 = CARTESIAN_POINT ( 'NONE',  ( -4.254246033653718229, -13.81820239258469663, -2.838693404935116682 ) ) ;
#428 = DIRECTION ( 'NONE',  ( -3.475237779086663203E-16, 0.000000000000000000, 1.000000000000000000 ) ) ;
#429 = CARTESIAN_POINT ( 'NONE',  ( -24.99999999999999289, -5.930858907091845822, -3.288320580633464552 ) ) ;
#430 = ORIENTED_EDGE ( 'NONE', *, *, #3593, .F. ) ;
#431 = EDGE_CURVE ( 'NONE', #1190, #1955, #697, .T. ) ;
#432 = VERTEX_POINT ( 'NONE', #2464 ) ;
#433 = CARTESIAN_POINT ( 'NONE',  ( -24.99999999999999289, -3.275106370034317926, -7.519949516010242085 ) ) ;
#434 = CARTESIAN_POINT ( 'NONE',  ( -12.30875404182144095, -84.99999999999998579, -3.000000000000001332 ) ) ;
#435 = ORIENTED_EDGE ( 'NONE', *, *, #2139, .T. ) ;
#436 = EDGE_CURVE ( 'NONE', #58, #1824, #497, .T. ) ;
#437 = EDGE_CURVE ( 'NONE', #2270, #746, #2387, .T. ) ;
#438 = ORIENTED_EDGE ( 'NONE', *, *, #1760, .F. ) ;
#439 = CARTESIAN_POINT ( 'NONE',  ( -24.99999999999996092, -86.00000000000000000, -9.393409058628295227 ) ) ;
#440 = CARTESIAN_POINT ( 'NONE',  ( 2.970036773694364918, -53.74913716665596297, -11.26901274461271463 ) ) ;
#441 = VECTOR ( 'NONE', #1527, 1000.000000000000000 ) ;
#442 = CIRCLE ( 'NONE', #3156, 3.000000000000000000 ) ;
#443 = CARTESIAN_POINT ( 'NONE',  ( -23.21352852029637859, -55.15784977548234735, 3.049999999999990496 ) ) ;
#444 = CARTESIAN_POINT ( 'NONE',  ( -0.3548884504008388285, -54.92622091987951194, -0.000000000000000000 ) ) ;
#445 = AXIS2_PLACEMENT_3D ( 'NONE', #2605, #3484, #3499 ) ;
#446 = DIRECTION ( 'NONE',  ( 0.2586719321207321398, 0.9653767931665647728, 0.03371170046685230404 ) ) ;
#447 = VECTOR ( 'NONE', #1672, 1000.000000000000000 ) ;
#448 = CARTESIAN_POINT ( 'NONE',  ( -21.49786659495411456, 0.000000000000000000, -3.525030534209192101 ) ) ;
#449 = AXIS2_PLACEMENT_3D ( 'NONE', #220, #2190, #3323 ) ;
#450 = AXIS2_PLACEMENT_3D ( 'NONE', #2937, #2727, #1565 ) ;
#451 = VECTOR ( 'NONE', #194, 1000.000000000000000 ) ;
#452 = DIRECTION ( 'NONE',  ( 1.000000000000000000, 0.000000000000000000, -0.000000000000000000 ) ) ;
#453 = CARTESIAN_POINT ( 'NONE',  ( -0.8735056416419837433, -14.72406905044353387, -2.838693404935116682 ) ) ;
#454 = VERTEX_POINT ( 'NONE', #3559 ) ;
#455 = APPLICATION_CONTEXT ( 'automotive_design' ) ;
#456 = CIRCLE ( 'NONE', #1922, 3.000000000000002220 ) ;
#457 = CARTESIAN_POINT ( 'NONE',  ( -16.84664002906750824, -89.00000000000001421, -12.48726587229345775 ) ) ;
#458 = ORIENTED_EDGE ( 'NONE', *, *, #3486, .F. ) ;
#459 = VERTEX_POINT ( 'NONE', #1026 ) ;
#460 = EDGE_CURVE ( 'NONE', #1407, #606, #1541, .T. ) ;
#461 = DIRECTION ( 'NONE',  ( 0.9902680687415699179, 0.1391731009600689628, 0.000000000000000000 ) ) ;
#462 = EDGE_CURVE ( 'NONE', #1147, #2240, #218, .T. ) ;
#463 = DIRECTION ( 'NONE',  ( 0.000000000000000000, 0.000000000000000000, -1.000000000000000000 ) ) ;
#464 = CARTESIAN_POINT ( 'NONE',  ( -6.144293759740839356, -4.000000000000000000, -12.63832553457315200 ) ) ;
#465 = ORIENTED_EDGE ( 'NONE', *, *, #413, .T. ) ;
#466 = CARTESIAN_POINT ( 'NONE',  ( 0.000000000000000000, 0.000000000000000000, -18.80000000000000071 ) ) ;
#467 = LINE ( 'NONE', #2129, #381 ) ;
#468 = DIRECTION ( 'NONE',  ( -0.000000000000000000, -0.000000000000000000, -1.000000000000000000 ) ) ;
#469 = CARTESIAN_POINT ( 'NONE',  ( -8.209409824568252745, -34.60438384606125339, -10.60046322692671517 ) ) ;
#470 = CARTESIAN_POINT ( 'NONE',  ( -1.686628690488549687, -17.75868558154416021, -2.963209499580140793 ) ) ;
#471 = ORIENTED_EDGE ( 'NONE', *, *, #1285, .T. ) ;
#472 = AXIS2_PLACEMENT_3D ( 'NONE', #1276, #3488, #950 ) ;
#473 = ORIENTED_EDGE ( 'NONE', *, *, #769, .T. ) ;
#474 = VECTOR ( 'NONE', #2062, 1000.000000000000227 ) ;
#475 = CARTESIAN_POINT ( 'NONE',  ( -18.40091135693056046, -89.00000000000001421, -8.366149391803771707 ) ) ;
#476 = VERTEX_POINT ( 'NONE', #1850 ) ;
#477 = VERTEX_POINT ( 'NONE', #464 ) ;
#478 = CARTESIAN_POINT ( 'NONE',  ( -3.495346069613012308, -24.50891073696938705, -3.180387605983532318 ) ) ;
#479 = LINE ( 'NONE', #424, #207 ) ;
#480 = ORIENTED_EDGE ( 'NONE', *, *, #1354, .T. ) ;
#481 = EDGE_CURVE ( 'NONE', #2085, #1586, #3600, .T. ) ;
#482 = EDGE_CURVE ( 'NONE', #3083, #1424, #2168, .T. ) ;
#483 = CARTESIAN_POINT ( 'NONE',  ( 3.305451061317741690, -55.82235198506143092, -4.371164413746783772 ) ) ;
#484 = AXIS2_PLACEMENT_3D ( 'NONE', #1357, #560, #3023 ) ;
#485 = DIRECTION ( 'NONE',  ( 0.000000000000000000, 0.000000000000000000, 1.000000000000000000 ) ) ;
#486 = ADVANCED_FACE ( 'NONE', ( #750 ), #3522, .F. ) ;
#487 = DIRECTION ( 'NONE',  ( 0.9902680687415699179, 0.1391731009600689628, 0.000000000000000000 ) ) ;
#488 = CARTESIAN_POINT ( 'NONE',  ( 6.092573231139764900, -75.65375668479852322, 0.000000000000000000 ) ) ;
#489 = CARTESIAN_POINT ( 'NONE',  ( -21.99999999999999645, -1.999999999999997335, -15.80000000000000071 ) ) ;
#490 = ORIENTED_EDGE ( 'NONE', *, *, #3189, .F. ) ;
#491 = EDGE_LOOP ( 'NONE', ( #61, #1878, #3577, #1476, #1925, #3298, #2636, #3111, #2565 ) ) ;
#492 = CARTESIAN_POINT ( 'NONE',  ( -19.75855670808991604, -85.97955349768547251, -11.18974795042803727 ) ) ;
#493 = ORIENTED_EDGE ( 'NONE', *, *, #1777, .T. ) ;
#494 = ORIENTED_EDGE ( 'NONE', *, *, #820, .F. ) ;
#495 = DIRECTION ( 'NONE',  ( -1.445602896647339410E-16, -1.000000000000000000, 0.000000000000000000 ) ) ;
#496 = CARTESIAN_POINT ( 'NONE',  ( -24.19834930580898558, -1.481204593954198234, -17.87110484389885201 ) ) ;
#497 = LINE ( 'NONE', #1048, #3102 ) ;
#498 = ORIENTED_EDGE ( 'NONE', *, *, #1177, .F. ) ;
#499 = DIRECTION ( 'NONE',  ( -0.000000000000000000, 1.230300337572203386E-16, 1.000000000000000000 ) ) ;
#500 = DIRECTION ( 'NONE',  ( -1.000000000000000000, 0.000000000000000000, 0.000000000000000000 ) ) ;
#501 = CARTESIAN_POINT ( 'NONE',  ( 4.517160185136441797, -89.00000000000001421, -7.745938105860377121 ) ) ;
#502 = EDGE_CURVE ( 'NONE', #3227, #2434, #3581, .T. ) ;
#503 = CIRCLE ( 'NONE', #1007, 3.000000000000000888 ) ;
#504 = CARTESIAN_POINT ( 'NONE',  ( -23.44037524886270418, -48.66180939985822107, -3.450000000000007283 ) ) ;
#505 = VECTOR ( 'NONE', #2368, 1000.000000000000000 ) ;
#506 = CARTESIAN_POINT ( 'NONE',  ( 2.000000000000010658, -79.00000000000001421, -7.628242299975788399 ) ) ;
#507 = LINE ( 'NONE', #247, #1582 ) ;
#508 = ADVANCED_FACE ( 'NONE', ( #714 ), #3315, .T. ) ;
#509 = CARTESIAN_POINT ( 'NONE',  ( -2.317661178584489168, -26.92128160560615413, -10.33216338460842998 ) ) ;
#510 = VECTOR ( 'NONE', #1909, 1000.000000000000114 ) ;
#511 = ORIENTED_EDGE ( 'NONE', *, *, #2687, .T. ) ;
#512 = AXIS2_PLACEMENT_3D ( 'NONE', #977, #2097, #3236 ) ;
#513 = ORIENTED_EDGE ( 'NONE', *, *, #1804, .F. ) ;
#514 = AXIS2_PLACEMENT_3D ( 'NONE', #3090, #568, #1685 ) ;
#515 = CARTESIAN_POINT ( 'NONE',  ( -18.10740860195084778, -89.00000000000001421, -8.659652146782761406 ) ) ;
#516 = ORIENTED_EDGE ( 'NONE', *, *, #2030, .T. ) ;
#517 = ORIENTED_EDGE ( 'NONE', *, *, #262, .F. ) ;
#518 =( BOUNDED_CURVE ( )  B_SPLINE_CURVE ( 3, ( #363, #1479, #403, #1520 ),
 .UNSPECIFIED., .F., .F. ) 
 B_SPLINE_CURVE_WITH_KNOTS ( ( 4, 4 ),
 ( 1.816778095100007429, 3.382717331619360390 ),
 .UNSPECIFIED. ) 
 CURVE ( )  GEOMETRIC_REPRESENTATION_ITEM ( )  RATIONAL_B_SPLINE_CURVE ( ( 1.000000000000000000, 0.8058812900243934596, 0.8058812900243934596, 1.000000000000000000 ) ) 
 REPRESENTATION_ITEM ( '' )  );
#519 = CARTESIAN_POINT ( 'NONE',  ( 1.848810221578538249, -77.88763984294706688, -7.585065072757092963 ) ) ;
#520 = DIRECTION ( 'NONE',  ( -1.000000000000000000, -1.020425574104004122E-16, -0.000000000000000000 ) ) ;
#521 = ORIENTED_EDGE ( 'NONE', *, *, #2617, .T. ) ;
#522 = LINE ( 'NONE', #1635, #2210 ) ;
#523 = SHAPE_DEFINITION_REPRESENTATION ( #2328, #214 ) ;
#524 = CARTESIAN_POINT ( 'NONE',  ( 0.000000000000000000, 0.000000000000000000, -18.80000000000000071 ) ) ;
#525 = CARTESIAN_POINT ( 'NONE',  ( -4.785893221999919511, -34.12098940511663869, -18.80000000000000071 ) ) ;
#526 = DIRECTION ( 'NONE',  ( -0.000000000000000000, -0.000000000000000000, 1.000000000000000000 ) ) ;
#527 = CARTESIAN_POINT ( 'NONE',  ( 1.644406793482772411, -80.68403154014568202, -8.168611673605989054 ) ) ;
#528 = DIRECTION ( 'NONE',  ( 1.000000000000000000, -1.445602896647339656E-16, 4.357881996052697634E-33 ) ) ;
#529 = ORIENTED_EDGE ( 'NONE', *, *, #769, .F. ) ;
#530 = ORIENTED_EDGE ( 'NONE', *, *, #1401, .T. ) ;
#531 = EDGE_CURVE ( 'NONE', #758, #2285, #2621, .T. ) ;
#532 = EDGE_CURVE ( 'NONE', #548, #1016, #1493, .T. ) ;
#533 = DIRECTION ( 'NONE',  ( -1.020425574104004122E-16, 1.000000000000000000, 0.000000000000000000 ) ) ;
#534 = ORIENTED_EDGE ( 'NONE', *, *, #1240, .F. ) ;
#535 = VERTEX_POINT ( 'NONE', #176 ) ;
#536 = AXIS2_PLACEMENT_3D ( 'NONE', #2681, #982, #658 ) ;
#537 = DIRECTION ( 'NONE',  ( 0.000000000000000000, -1.000000000000000000, -6.667948958868846530E-17 ) ) ;
#538 = CARTESIAN_POINT ( 'NONE',  ( -0.001777275003316675095, -82.46512711762599679, -8.769663805370871756 ) ) ;
#539 = CARTESIAN_POINT ( 'NONE',  ( -3.751235286647875089, -55.90849534467895410, -4.340152383704683814 ) ) ;
#540 = VERTEX_POINT ( 'NONE', #1397 ) ;
#541 = CYLINDRICAL_SURFACE ( 'NONE', #3454, 1.799999999999998712 ) ;
#542 =( LENGTH_UNIT ( ) NAMED_UNIT ( * ) SI_UNIT ( .MILLI., .METRE. ) );
#543 = DIRECTION ( 'NONE',  ( 1.000000000000000000, 0.000000000000000000, -0.000000000000000000 ) ) ;
#544 = CARTESIAN_POINT ( 'NONE',  ( -16.12918348404367563, -89.00000000000001421, -9.393409058628295227 ) ) ;
#545 = CARTESIAN_POINT ( 'NONE',  ( -20.46006912905055586, -4.000000000000003553, -6.029601188155563563 ) ) ;
#546 = CARTESIAN_POINT ( 'NONE',  ( -1.999999999999994893, -79.00000000000001421, -3.200000000000000178 ) ) ;
#547 = CARTESIAN_POINT ( 'NONE',  ( 0.4247462931011901643, -85.49999999999998579, -8.875643901733010210 ) ) ;
#548 = VERTEX_POINT ( 'NONE', #2244 ) ;
#549 = VECTOR ( 'NONE', #500, 1000.000000000000000 ) ;
#550 = VERTEX_POINT ( 'NONE', #314 ) ;
#551 = CARTESIAN_POINT ( 'NONE',  ( -24.95972134762050132, -6.397307480233796362, -3.564010468919614372 ) ) ;
#552 = ORIENTED_EDGE ( 'NONE', *, *, #1803, .T. ) ;
#553 = VERTEX_POINT ( 'NONE', #1414 ) ;
#554 = FACE_OUTER_BOUND ( 'NONE', #1929, .T. ) ;
#555 = CARTESIAN_POINT ( 'NONE',  ( -6.000000000000000000, -79.00000000000001421, -8.648658900036650721 ) ) ;
#556 = EDGE_CURVE ( 'NONE', #1074, #1424, #1204, .T. ) ;
#557 = CARTESIAN_POINT ( 'NONE',  ( -24.99999999999995026, -7.104698490107502984, -9.640153053515859938 ) ) ;
#558 = EDGE_CURVE ( 'NONE', #927, #1585, #629, .T. ) ;
#559 = ORIENTED_EDGE ( 'NONE', *, *, #1062, .T. ) ;
#560 = DIRECTION ( 'NONE',  ( -0.000000000000000000, -0.000000000000000000, -1.000000000000000000 ) ) ;
#561 = CARTESIAN_POINT ( 'NONE',  ( 5.000000000000000888, 25.00000000000000000, 18.80000000000000782 ) ) ;
#562 = DIRECTION ( 'NONE',  ( -0.9993908270190954291, -0.03489949670251164121, 0.000000000000000000 ) ) ;
#563 = CARTESIAN_POINT ( 'NONE',  ( -3.141939053227974732, -4.000000000000003553, -6.029601188155563563 ) ) ;
#564 = CIRCLE ( 'NONE', #1674, 1.799999999999999600 ) ;
#565 = AXIS2_PLACEMENT_3D ( 'NONE', #1507, #699, #110 ) ;
#566 = PLANE ( 'NONE',  #3478 ) ;
#567 = ORIENTED_EDGE ( 'NONE', *, *, #305, .F. ) ;
#568 = DIRECTION ( 'NONE',  ( -0.000000000000000000, -0.000000000000000000, -1.000000000000000000 ) ) ;
#569 = VECTOR ( 'NONE', #2945, 1000.000000000000000 ) ;
#570 = CARTESIAN_POINT ( 'NONE',  ( -24.99999999999999289, -4.545223074627980253, -7.429976508064435770 ) ) ;
#571 = VECTOR ( 'NONE', #526, 1000.000000000000000 ) ;
#572 = ORIENTED_EDGE ( 'NONE', *, *, #1599, .F. ) ;
#573 = ORIENTED_EDGE ( 'NONE', *, *, #2866, .T. ) ;
#574 = VECTOR ( 'NONE', #613, 1000.000000000000000 ) ;
#575 = CARTESIAN_POINT ( 'NONE',  ( -7.634986425665455378, -12.66803925780835449, -9.834429194068786018 ) ) ;
#576 = CARTESIAN_POINT ( 'NONE',  ( -22.70890730173152150, -4.000000000000541789, -8.315949620781468710 ) ) ;
#577 = LINE ( 'NONE', #1138, #2443 ) ;
#578 = EDGE_LOOP ( 'NONE', ( #3653, #516, #803, #763 ) ) ;
#579 = ADVANCED_FACE ( 'NONE', ( #1963 ), #2521, .T. ) ;
#580 = EDGE_CURVE ( 'NONE', #863, #421, #3032, .T. ) ;
#581 = CARTESIAN_POINT ( 'NONE',  ( -24.99999999999996092, -89.12214823845876310, -9.002132105433169329 ) ) ;
#582 = DIRECTION ( 'NONE',  ( 0.000000000000000000, 1.000000000000000000, 0.000000000000000000 ) ) ;
#583 = DIRECTION ( 'NONE',  ( -0.1390899611223747334, 0.9896764980577127391, 0.03456026486007357512 ) ) ;
#584 = CARTESIAN_POINT ( 'NONE',  ( -15.30875404182143917, -89.00000000000000000, -3.250000000000037748 ) ) ;
#585 = EDGE_LOOP ( 'NONE', ( #1862, #949, #2683, #3610 ) ) ;
#586 = EDGE_LOOP ( 'NONE', ( #311, #1553, #1363, #3627 ) ) ;
#587 = CARTESIAN_POINT ( 'NONE',  ( -24.78186756507182409, -5.949089817627048582, -5.551709090614513009 ) ) ;
#588 = ORIENTED_EDGE ( 'NONE', *, *, #3648, .F. ) ;
#589 = ORIENTED_EDGE ( 'NONE', *, *, #973, .T. ) ;
#590 = CARTESIAN_POINT ( 'NONE',  ( 4.412684844287883656, -89.00000000000000000, -6.454288731646999011 ) ) ;
#591 = CARTESIAN_POINT ( 'NONE',  ( -22.01230712551168267, -3.999999999997871480, -8.780896708693024522 ) ) ;
#592 = ORIENTED_EDGE ( 'NONE', *, *, #3138, .F. ) ;
#593 = AXIS2_PLACEMENT_3D ( 'NONE', #3172, #2523, #2334 ) ;
#594 = PLANE ( 'NONE',  #1873 ) ;
#595 = DIRECTION ( 'NONE',  ( 1.000000000000000000, 1.020425574104004122E-16, 0.000000000000000000 ) ) ;
#596 = AXIS2_PLACEMENT_3D ( 'NONE', #1194, #1470, #1181 ) ;
#597 = EDGE_CURVE ( 'NONE', #1115, #2118, #1321, .T. ) ;
#598 = CARTESIAN_POINT ( 'NONE',  ( -23.49875533107823955, -4.271368151724842299, -9.851167671231555900 ) ) ;
#599 = PLANE ( 'NONE',  #24 ) ;
#600 = EDGE_CURVE ( 'NONE', #1202, #535, #3320, .T. ) ;
#601 = EDGE_CURVE ( 'NONE', #3142, #2434, #2820, .T. ) ;
#602 = ORIENTED_EDGE ( 'NONE', *, *, #1697, .T. ) ;
#603 = CARTESIAN_POINT ( 'NONE',  ( 0.2297826244872364643, -4.000000000000000000, -7.192928456619433142 ) ) ;
#604 = CARTESIAN_POINT ( 'NONE',  ( -24.99999999999999289, -3.829212557124769045, -10.50558282569910240 ) ) ;
#605 = ORIENTED_EDGE ( 'NONE', *, *, #2936, .T. ) ;
#606 = VERTEX_POINT ( 'NONE', #2186 ) ;
#607 = CARTESIAN_POINT ( 'NONE',  ( 4.182292941936510466, -89.00000000000000000, -11.79696014117929792 ) ) ;
#608 = CYLINDRICAL_SURFACE ( 'NONE', #1852, 1.799999999999999600 ) ;
#609 = VERTEX_POINT ( 'NONE', #33 ) ;
#610 = DIRECTION ( 'NONE',  ( 0.000000000000000000, 0.000000000000000000, -1.000000000000000000 ) ) ;
#611 = FACE_OUTER_BOUND ( 'NONE', #3408, .T. ) ;
#612 = EDGE_CURVE ( 'NONE', #3015, #1174, #828, .T. ) ;
#613 = DIRECTION ( 'NONE',  ( 0.000000000000000000, 0.000000000000000000, -1.000000000000000000 ) ) ;
#614 = CARTESIAN_POINT ( 'NONE',  ( -21.49786659495411811, 0.000000000000000000, -3.525030534209192545 ) ) ;
#615 = ORIENTED_EDGE ( 'NONE', *, *, #1465, .F. ) ;
#616 = CARTESIAN_POINT ( 'NONE',  ( -21.74141084293023951, -48.60248025546395212, -3.450000000000007283 ) ) ;
#617 = EDGE_CURVE ( 'NONE', #3497, #1362, #1498, .T. ) ;
#618 = EDGE_CURVE ( 'NONE', #3052, #476, #577, .T. ) ;
#619 = CARTESIAN_POINT ( 'NONE',  ( -24.99999999999999289, -5.995512466606022883, -3.582742631063286609 ) ) ;
#620 = AXIS2_PLACEMENT_3D ( 'NONE', #2450, #2485, #1087 ) ;
#621 = ORIENTED_EDGE ( 'NONE', *, *, #2914, .F. ) ;
#622 = VERTEX_POINT ( 'NONE', #3396 ) ;
#623 = CIRCLE ( 'NONE', #3568, 1.799999999999999822 ) ;
#624 = CARTESIAN_POINT ( 'NONE',  ( -21.49786659495411456, 0.000000000000000000, -3.525030534209192101 ) ) ;
#625 = CARTESIAN_POINT ( 'NONE',  ( 4.301980963936875568, -4.000000000000000888, 0.000000000000000000 ) ) ;
#626 = DIRECTION ( 'NONE',  ( 0.000000000000000000, 0.000000000000000000, -1.000000000000000000 ) ) ;
#627 = EDGE_LOOP ( 'NONE', ( #1336, #3277, #2946, #195 ) ) ;
#628 = PRODUCT_DEFINITION_FORMATION_WITH_SPECIFIED_SOURCE ( '对称', '', #96, .NOT_KNOWN. ) ;
#629 = CIRCLE ( 'NONE', #2861, 40.00000000000000000 ) ;
#630 = CARTESIAN_POINT ( 'NONE',  ( 20.00000000000000000, 23.00000000000000355, -3.000000000000000888 ) ) ;
#631 = DIRECTION ( 'NONE',  ( 0.000000000000000000, 0.000000000000000000, 1.000000000000000000 ) ) ;
#632 = CARTESIAN_POINT ( 'NONE',  ( -24.95338743857366381, -6.376483632699063264, -4.005151139734618226 ) ) ;
#633 =( BOUNDED_CURVE ( )  B_SPLINE_CURVE ( 3, ( #904, #3421, #2921, #341 ),
 .UNSPECIFIED., .F., .F. ) 
 B_SPLINE_CURVE_WITH_KNOTS ( ( 4, 4 ),
 ( 1.361356816555587601, 1.832595714594051239 ),
 .UNSPECIFIED. ) 
 CURVE ( )  GEOMETRIC_REPRESENTATION_ITEM ( )  RATIONAL_B_SPLINE_CURVE ( ( 1.000000000000000000, 0.9815799469317847414, 0.9815799469317847414, 1.000000000000000000 ) ) 
 REPRESENTATION_ITEM ( '' )  );
#634 = DIRECTION ( 'NONE',  ( -0.000000000000000000, -0.000000000000000000, -1.000000000000000000 ) ) ;
#635 = EDGE_LOOP ( 'NONE', ( #1331, #1040, #1133, #2834 ) ) ;
#636 = DIRECTION ( 'NONE',  ( -0.03489949670251164121, 0.9993908270190953180, 0.000000000000000000 ) ) ;
#637 = CARTESIAN_POINT ( 'NONE',  ( 4.517160185136443573, -89.00000000000000000, -5.410411008545319866 ) ) ;
#638 = ORIENTED_EDGE ( 'NONE', *, *, #1111, .T. ) ;
#639 = ADVANCED_FACE ( 'NONE', ( #1947 ), #1370, .F. ) ;
#640 = EDGE_CURVE ( 'NONE', #2907, #378, #1639, .T. ) ;
#641 = VERTEX_POINT ( 'NONE', #3062 ) ;
#642 = CARTESIAN_POINT ( 'NONE',  ( -1.623466631435290797, -4.000000000000003553, -2.495834222360339805 ) ) ;
#643 = CARTESIAN_POINT ( 'NONE',  ( -22.00000000000000711, -1.171572875253800383, -18.80000000000000426 ) ) ;
#644 = DIRECTION ( 'NONE',  ( 0.2586719321207326949, 0.9653767931665647728, 0.03371170046685230404 ) ) ;
#645 = EDGE_CURVE ( 'NONE', #2774, #477, #1561, .T. ) ;
#646 = ORIENTED_EDGE ( 'NONE', *, *, #262, .T. ) ;
#647 = CYLINDRICAL_SURFACE ( 'NONE', #472, 3.500000000000000000 ) ;
#648 = DIRECTION ( 'NONE',  ( -0.9902680687415698069, -0.1391731009600694624, 0.000000000000000000 ) ) ;
#649 = VECTOR ( 'NONE', #3129, 1000.000000000000114 ) ;
#650 = DIRECTION ( 'NONE',  ( 0.000000000000000000, 0.000000000000000000, -1.000000000000000000 ) ) ;
#651 = CARTESIAN_POINT ( 'NONE',  ( 19.80345605871287518, -3.788850302465478492, -16.87552983061908307 ) ) ;
#652 = CARTESIAN_POINT ( 'NONE',  ( -21.49786659495411811, -4.000000000000003553, -3.525030534209192545 ) ) ;
#653 = EDGE_LOOP ( 'NONE', ( #1692, #1222, #2580, #3649 ) ) ;
#654 = CARTESIAN_POINT ( 'NONE',  ( -21.51456411436391392, -55.09852063108807840, -3.450000000000007727 ) ) ;
#655 = DIRECTION ( 'NONE',  ( 1.000000000000000000, -2.891205793294679312E-16, 0.000000000000000000 ) ) ;
#656 = ORIENTED_EDGE ( 'NONE', *, *, #2430, .F. ) ;
#657 = ORIENTED_EDGE ( 'NONE', *, *, #1012, .T. ) ;
#658 = DIRECTION ( 'NONE',  ( 0.1715728752537984125, 0.000000000000000000, -0.9851714310094179528 ) ) ;
#659 = DIRECTION ( 'NONE',  ( 1.000000000000000000, 1.020425574104004122E-16, 0.000000000000000000 ) ) ;
#660 = CARTESIAN_POINT ( 'NONE',  ( 5.000000000000000888, 3.000000000000002665, 18.80000000000000782 ) ) ;
#661 = ORIENTED_EDGE ( 'NONE', *, *, #202, .T. ) ;
#662 = EDGE_CURVE ( 'NONE', #1955, #3634, #3639, .T. ) ;
#663 = FACE_OUTER_BOUND ( 'NONE', #132, .T. ) ;
#664 = EDGE_CURVE ( 'NONE', #2774, #271, #844, .T. ) ;
#665 = CARTESIAN_POINT ( 'NONE',  ( -18.99329594100774443, -4.000000000000003553, -6.029601188155562674 ) ) ;
#666 = DIRECTION ( 'NONE',  ( 0.1390899611223747334, -0.9896764980577127391, -0.03456026486007358206 ) ) ;
#667 = DIRECTION ( 'NONE',  ( 0.000000000000000000, -1.230300337572203386E-16, -1.000000000000000000 ) ) ;
#668 = DIRECTION ( 'NONE',  ( 0.000000000000000000, -1.000000000000000000, 0.000000000000000000 ) ) ;
#669 = ORIENTED_EDGE ( 'NONE', *, *, #3212, .F. ) ;
#670 = DIRECTION ( 'NONE',  ( 0.2588190451025245697, 0.9659258262890672020, 0.000000000000000000 ) ) ;
#671 = ORIENTED_EDGE ( 'NONE', *, *, #1777, .F. ) ;
#672 = ORIENTED_EDGE ( 'NONE', *, *, #2729, .F. ) ;
#673 = CARTESIAN_POINT ( 'NONE',  ( -3.751235286647874201, -55.78634710622019810, -7.838020278271519814 ) ) ;
#674 = AXIS2_PLACEMENT_3D ( 'NONE', #2654, #3564, #2410 ) ;
#675 = CIRCLE ( 'NONE', #81, 1.899999999999999023 ) ;
#676 = CARTESIAN_POINT ( 'NONE',  ( -12.30875404182143917, -85.50000000000000000, -2.999999999999999112 ) ) ;
#677 = DIRECTION ( 'NONE',  ( 0.000000000000000000, 0.000000000000000000, 1.000000000000000000 ) ) ;
#678 = ORIENTED_EDGE ( 'NONE', *, *, #3137, .F. ) ;
#679 = DIRECTION ( 'NONE',  ( -1.000000000000000000, -1.020425574104004122E-16, -0.000000000000000000 ) ) ;
#680 = FACE_OUTER_BOUND ( 'NONE', #2659, .T. ) ;
#681 = AXIS2_PLACEMENT_3D ( 'NONE', #2669, #2690, #2075 ) ;
#682 = CIRCLE ( 'NONE', #2680, 1.600000000000002087 ) ;
#683 = EDGE_CURVE ( 'NONE', #102, #1880, #3453, .T. ) ;
#684 = EDGE_CURVE ( 'NONE', #2254, #3164, #2017, .T. ) ;
#685 = FACE_OUTER_BOUND ( 'NONE', #923, .T. ) ;
#686 = CARTESIAN_POINT ( 'NONE',  ( -19.99882892069323148, -18.27311417291954854, -6.025894985680900540 ) ) ;
#687 = DIRECTION ( 'NONE',  ( -0.000000000000000000, -0.000000000000000000, 1.000000000000000000 ) ) ;
#688 = ORIENTED_EDGE ( 'NONE', *, *, #1219, .F. ) ;
#689 = LINE ( 'NONE', #1036, #3105 ) ;
#690 = DIRECTION ( 'NONE',  ( 0.2586719321207320843, 0.9653767931665648838, 0.03371170046685226240 ) ) ;
#691 = ORIENTED_EDGE ( 'NONE', *, *, #10, .T. ) ;
#692 = ORIENTED_EDGE ( 'NONE', *, *, #2892, .T. ) ;
#693 = CARTESIAN_POINT ( 'NONE',  ( -6.739724240634272334, -23.09413334214116986, -18.80000000000000071 ) ) ;
#694 = CARTESIAN_POINT ( 'NONE',  ( -5.632133153531875713, -20.52282233568944392, -3.091661977703952235 ) ) ;
#695 = ORIENTED_EDGE ( 'NONE', *, *, #618, .T. ) ;
#696 = DIRECTION ( 'NONE',  ( 1.000000000000000000, 4.625929269271485914E-16, 0.000000000000000000 ) ) ;
#697 = LINE ( 'NONE', #3265, #335 ) ;
#698 = CARTESIAN_POINT ( 'NONE',  ( -22.03173459320051464, -89.00000000000001421, -18.80000000000000071 ) ) ;
#699 = DIRECTION ( 'NONE',  ( 1.445602896647339410E-16, 1.000000000000000000, 0.000000000000000000 ) ) ;
#700 = LINE ( 'NONE', #1320, #848 ) ;
#701 = EDGE_CURVE ( 'NONE', #3227, #2739, #2606, .T. ) ;
#702 = DIRECTION ( 'NONE',  ( 0.000000000000000000, 0.000000000000000000, -1.000000000000000000 ) ) ;
#703 = EDGE_CURVE ( 'NONE', #2179, #3184, #1152, .T. ) ;
#704 = ADVANCED_FACE ( 'NONE', ( #894 ), #2308, .F. ) ;
#705 = CARTESIAN_POINT ( 'NONE',  ( -24.89675265981187025, -6.956616984413533267, -7.144268015220980317 ) ) ;
#706 = ORIENTED_EDGE ( 'NONE', *, *, #993, .F. ) ;
#707 = ORIENTED_EDGE ( 'NONE', *, *, #2530, .T. ) ;
#708 = CARTESIAN_POINT ( 'NONE',  ( -26.08084102806915894, 13.99999999999999289, -10.00000000000000000 ) ) ;
#709 = DIRECTION ( 'NONE',  ( 0.9902680687415698069, 0.1391731009600690461, 0.000000000000000000 ) ) ;
#710 = ORIENTED_EDGE ( 'NONE', *, *, #2846, .F. ) ;
#711 = ORIENTED_EDGE ( 'NONE', *, *, #3103, .F. ) ;
#712 = LINE ( 'NONE', #1227, #3299 ) ;
#713 = FACE_BOUND ( 'NONE', #3424, .T. ) ;
#714 = FACE_OUTER_BOUND ( 'NONE', #739, .T. ) ;
#715 = PLANE ( 'NONE',  #681 ) ;
#716 = CARTESIAN_POINT ( 'NONE',  ( -19.56733701440341378, -59.28313403879348442, -3.250000000000037748 ) ) ;
#717 = DIRECTION ( 'NONE',  ( -1.000000000000000000, -0.000000000000000000, -0.000000000000000000 ) ) ;
#718 = DIRECTION ( 'NONE',  ( 4.625929269271485914E-16, -1.000000000000000000, -0.000000000000000000 ) ) ;
#719 = ORIENTED_EDGE ( 'NONE', *, *, #1347, .T. ) ;
#720 = ORIENTED_EDGE ( 'NONE', *, *, #640, .F. ) ;
#721 = ADVANCED_FACE ( 'NONE', ( #1207 ), #3467, .F. ) ;
#722 = ADVANCED_FACE ( 'NONE', ( #66 ), #608, .F. ) ;
#723 = LINE ( 'NONE', #1500, #3448 ) ;
#724 = ORIENTED_EDGE ( 'NONE', *, *, #1177, .T. ) ;
#725 = ORIENTED_EDGE ( 'NONE', *, *, #95, .T. ) ;
#726 = VECTOR ( 'NONE', #56, 1000.000000000000227 ) ;
#727 = CARTESIAN_POINT ( 'NONE',  ( 20.00000000000000000, 30.00000000000000000, 0.000000000000000000 ) ) ;
#728 = FACE_OUTER_BOUND ( 'NONE', #3261, .T. ) ;
#729 = DIRECTION ( 'NONE',  ( -0.000000000000000000, -0.000000000000000000, 1.000000000000000000 ) ) ;
#730 = AXIS2_PLACEMENT_3D ( 'NONE', #122, #1254, #709 ) ;
#731 = DIRECTION ( 'NONE',  ( 1.000000000000000000, 1.020425574104004122E-16, 0.000000000000000000 ) ) ;
#732 = FACE_OUTER_BOUND ( 'NONE', #585, .T. ) ;
#733 = VECTOR ( 'NONE', #2723, 1000.000000000000000 ) ;
#734 = CARTESIAN_POINT ( 'NONE',  ( -3.866703714572016448, -55.15735800622526597, -7.816055494897774736 ) ) ;
#735 = VECTOR ( 'NONE', #2332, 1000.000000000000000 ) ;
#736 = DIRECTION ( 'NONE',  ( 1.000000000000000000, 0.000000000000000000, 0.000000000000000000 ) ) ;
#737 = VECTOR ( 'NONE', #2431, 1000.000000000000000 ) ;
#738 = LINE ( 'NONE', #203, #2795 ) ;
#739 = EDGE_LOOP ( 'NONE', ( #3071, #3404, #3305, #3143 ) ) ;
#740 = ORIENTED_EDGE ( 'NONE', *, *, #2029, .T. ) ;
#741 =( BOUNDED_SURFACE ( )  B_SPLINE_SURFACE ( 3, 2, ( 
 ( #826, #1740, #2536 ),
 ( #3144, #3377, #2818 ),
 ( #14, #2258, #1395 ),
 ( #345, #607, #860 ),
 ( #1722, #2851, #2519 ),
 ( #842, #3425, #2015 ),
 ( #1981, #3358, #1171 ),
 ( #295, #1426, #590 ),
 ( #1961, #312, #3097 ),
 ( #2552, #31, #330 ) ),
 .UNSPECIFIED., .F., .F., .F. ) 
 B_SPLINE_SURFACE_WITH_KNOTS ( ( 4, 2, 2, 2, 4 ),
 ( 3, 3 ),
 ( 1.816778095100007651, 2.208262904229846058, 2.599747713359684020, 2.991232522489521983, 3.382717331619360390 ),
 ( 0.000000000000000000, 1.000000000000000000 ),
 .UNSPECIFIED. ) 
 GEOMETRIC_REPRESENTATION_ITEM ( )  RATIONAL_B_SPLINE_SURFACE ( (
 ( 1.000000000000000000, 0.6946583704589947006, 1.000000000000000000),
 ( 1.000000000000000000, 0.6881289890428323730, 1.000000000000000000),
 ( 1.000000000000000000, 0.6818331889145163860, 1.000000000000000000),
 ( 1.000000000000000000, 0.6707213260036326563, 1.000000000000000000),
 ( 1.000000000000000000, 0.6659135142601014801, 1.000000000000000000),
 ( 1.000000000000000000, 0.6586316337994272407, 1.000000000000000000),
 ( 1.000000000000000000, 0.6561636693843836410, 1.000000000000000000),
 ( 1.000000000000000000, 0.6540254145554370568, 1.000000000000000000),
 ( 1.000000000000000000, 0.6543488589598914773, 1.000000000000000000),
 ( 1.000000000000000000, 0.6560590289905038341, 1.000000000000000000) ) ) 
 REPRESENTATION_ITEM ( '' )  SURFACE ( )  );
#742 = CARTESIAN_POINT ( 'NONE',  ( -18.53228040103909535, -89.00000000000001421, -8.204081957397509228 ) ) ;
#743 = ADVANCED_FACE ( 'NONE', ( #1759 ), #3410, .F. ) ;
#744 = EDGE_CURVE ( 'NONE', #1116, #3042, #1609, .T. ) ;
#745 = ORIENTED_EDGE ( 'NONE', *, *, #1598, .F. ) ;
#746 = VERTEX_POINT ( 'NONE', #3170 ) ;
#747 = CARTESIAN_POINT ( 'NONE',  ( -3.626425419873243072, -56.67441545332316366, -7.869032308313620661 ) ) ;
#748 = CARTESIAN_POINT ( 'NONE',  ( 1.905024285752551672, -78.10474969664242906, -7.566034514094211794 ) ) ;
#749 = ADVANCED_FACE ( 'NONE', ( #2573 ), #3188, .F. ) ;
#750 = FACE_OUTER_BOUND ( 'NONE', #3331, .T. ) ;
#751 = VERTEX_POINT ( 'NONE', #1775 ) ;
#752 = DIRECTION ( 'NONE',  ( -0.000000000000000000, 1.000000000000000000, -0.000000000000000000 ) ) ;
#753 = CARTESIAN_POINT ( 'NONE',  ( -24.99999999999999289, -4.000000000000005329, -18.80000000000000071 ) ) ;
#754 = CARTESIAN_POINT ( 'NONE',  ( 0.4974691126510223382, -89.00000000000000000, -9.393409058628293451 ) ) ;
#755 = DIRECTION ( 'NONE',  ( -1.000000000000000000, 1.445602896647339410E-16, 0.000000000000000000 ) ) ;
#756 = CARTESIAN_POINT ( 'NONE',  ( -1.623466631435290353, -4.000000000000003553, -2.495834222360338472 ) ) ;
#757 = DIRECTION ( 'NONE',  ( 0.000000000000000000, 0.000000000000000000, 1.000000000000000000 ) ) ;
#758 = VERTEX_POINT ( 'NONE', #2929 ) ;
#759 = VECTOR ( 'NONE', #174, 1000.000000000000000 ) ;
#760 = VERTEX_POINT ( 'NONE', #2294 ) ;
#761 = VECTOR ( 'NONE', #1809, 1000.000000000000114 ) ;
#762 = CARTESIAN_POINT ( 'NONE',  ( 18.00000000000000000, 23.00000000000000355, -3.000000000000000888 ) ) ;
#763 = ORIENTED_EDGE ( 'NONE', *, *, #156, .T. ) ;
#764 = ORIENTED_EDGE ( 'NONE', *, *, #2595, .F. ) ;
#765 = DIRECTION ( 'NONE',  ( 0.000000000000000000, -1.000000000000000000, 0.000000000000000000 ) ) ;
#766 = DIRECTION ( 'NONE',  ( 0.000000000000000000, 0.000000000000000000, -1.000000000000000000 ) ) ;
#767 = ORIENTED_EDGE ( 'NONE', *, *, #1734, .T. ) ;
#768 = ADVANCED_FACE ( 'NONE', ( #1448 ), #2348, .F. ) ;
#769 = EDGE_CURVE ( 'NONE', #459, #622, #2872, .T. ) ;
#770 = LINE ( 'NONE', #466, #3635 ) ;
#771 = CARTESIAN_POINT ( 'NONE',  ( -12.30875404182144095, -89.00000000000000000, -1.094697590084338164E-15 ) ) ;
#772 = VECTOR ( 'NONE', #1105, 1000.000000000000000 ) ;
#773 = DIRECTION ( 'NONE',  ( 1.000000000000000000, 1.020425574104004246E-16, 0.000000000000000000 ) ) ;
#774 = DIRECTION ( 'NONE',  ( 0.000000000000000000, 0.000000000000000000, 1.000000000000000000 ) ) ;
#775 = CARTESIAN_POINT ( 'NONE',  ( 6.510092534019971566, -78.62456089102323631, 0.000000000000000000 ) ) ;
#776 = DIRECTION ( 'NONE',  ( 0.000000000000000000, 0.000000000000000000, -1.000000000000000000 ) ) ;
#777 = PLANE ( 'NONE',  #3182 ) ;
#778 = CARTESIAN_POINT ( 'NONE',  ( -2.680958849085851803, -27.18985682779957713, -3.350188414204780418 ) ) ;
#779 = ORIENTED_EDGE ( 'NONE', *, *, #2280, .F. ) ;
#780 = ORIENTED_EDGE ( 'NONE', *, *, #1599, .T. ) ;
#781 = CARTESIAN_POINT ( 'NONE',  ( -24.99999999999999645, -2.149608626445191017, -10.06078658034726914 ) ) ;
#782 = CARTESIAN_POINT ( 'NONE',  ( -17.61955265151832961, -89.00000000000000000, -12.34048916385362205 ) ) ;
#783 = ORIENTED_EDGE ( 'NONE', *, *, #2238, .T. ) ;
#784 = VERTEX_POINT ( 'NONE', #3205 ) ;
#785 = CARTESIAN_POINT ( 'NONE',  ( -0.4483181356297450959, -54.51439384946107225, -7.793602691790771253 ) ) ;
#786 = DIRECTION ( 'NONE',  ( -1.000000000000000000, -0.000000000000000000, -0.000000000000000000 ) ) ;
#787 = CARTESIAN_POINT ( 'NONE',  ( 3.180641194543114114, -54.93428363795847247, -4.340152383704685590 ) ) ;
#788 = ORIENTED_EDGE ( 'NONE', *, *, #1064, .T. ) ;
#789 =( BOUNDED_SURFACE ( )  B_SPLINE_SURFACE ( 3, 2, ( 
 ( #3127, #837, #2239 ),
 ( #3422, #11, #1168 ),
 ( #2848, #604, #2304 ),
 ( #2791, #2815, #342 ),
 ( #2253, #1423, #2833 ),
 ( #1977, #323, #275 ),
 ( #23, #2011, #822 ),
 ( #1114, #570, #2516 ),
 ( #1686, #309, #3373 ),
 ( #3112, #1151, #2547 ),
 ( #2534, #2272, #1957 ),
 ( #1666, #3406, #3091 ),
 ( #587, #1439, #292 ),
 ( #1408, #1702, #1132 ),
 ( #1941, #1994, #872 ),
 ( #3074, #1719, #2567 ),
 ( #43, #3387, #855 ),
 ( #2287, #1455, #888 ),
 ( #551, #3141, #619 ),
 ( #1736, #2582, #60 ),
 ( #76, #2601, #429 ),
 ( #2675, #1529, #3181 ) ),
 .UNSPECIFIED., .F., .F., .F. ) 
 B_SPLINE_SURFACE_WITH_KNOTS ( ( 4, 2, 2, 2, 2, 2, 2, 2, 2, 2, 4 ),
 ( 3, 3 ),
 ( -3.361026734705063745E-18, 0.002385538024639071580, 0.003578307036958609105, 0.004771076049278146630, 0.005963845061597684155, 0.007156614073917221680, 0.007752998580076990442, 0.008349383086236759205, 0.008945767592396527967, 0.009243959845476412349, 0.009542152098556296730 ),
 ( 0.000000000000000000, 1.000000000000000000 ),
 .UNSPECIFIED. ) 
 GEOMETRIC_REPRESENTATION_ITEM ( )  RATIONAL_B_SPLINE_SURFACE ( (
 ( 1.000000000000000000, 0.7071067811865482389, 1.000000000000000000),
 ( 1.000000000000000000, 0.7303308550604719063, 1.000000000000000000),
 ( 1.000000000000000000, 0.7565820247942627308, 1.000000000000000000),
 ( 1.000000000000000000, 0.8008268816725437889, 1.000000000000000000),
 ( 1.000000000000000000, 0.8161827967034709364, 1.000000000000000000),
 ( 1.000000000000000000, 0.8471504794288757800, 1.000000000000000000),
 ( 1.000000000000000000, 0.8628481224426702845, 1.000000000000000000),
 ( 1.000000000000000000, 0.8937530434531744117, 1.000000000000000000),
 ( 1.000000000000000000, 0.9089724694554116580, 1.000000000000000000),
 ( 1.000000000000000000, 0.9373749099135159080, 1.000000000000000000),
 ( 1.000000000000000000, 0.9505035366230430993, 1.000000000000000000),
 ( 1.000000000000000000, 0.9672645848101141253, 1.000000000000000000),
 ( 1.000000000000000000, 0.9723615536286785987, 1.000000000000000000),
 ( 1.000000000000000000, 0.9813279294943587638, 1.000000000000000000),
 ( 1.000000000000000000, 0.9852119674598089905, 1.000000000000000000),
 ( 1.000000000000000000, 0.9913467128909823067, 1.000000000000000000),
 ( 1.000000000000000000, 0.9936443468938329637, 1.000000000000000000),
 ( 1.000000000000000000, 0.9949218520822137313, 1.000000000000000000),
 ( 1.000000000000000000, 0.9949524984158424346, 1.000000000000000000),
 ( 1.000000000000000000, 0.9942108438087999822, 1.000000000000000000),
 ( 1.000000000000000000, 0.9934605645875507207, 1.000000000000000000),
 ( 1.000000000000000000, 0.9924397589871707392, 1.000000000000000000) ) ) 
 REPRESENTATION_ITEM ( '' )  SURFACE ( )  );
#790 = DIRECTION ( 'NONE',  ( 0.000000000000000000, 1.000000000000000000, 0.000000000000000000 ) ) ;
#791 = FACE_OUTER_BOUND ( 'NONE', #1974, .T. ) ;
#792 = VECTOR ( 'NONE', #3268, 1000.000000000000000 ) ;
#793 = EDGE_CURVE ( 'NONE', #609, #746, #3456, .T. ) ;
#794 = EDGE_CURVE ( 'NONE', #84, #1683, #1796, .T. ) ;
#795 = CARTESIAN_POINT ( 'NONE',  ( -19.94380531274495283, -32.09539425093689857, -6.187313213253005095 ) ) ;
#796 = CIRCLE ( 'NONE', #2315, 2.999999999999999112 ) ;
#797 = DIRECTION ( 'NONE',  ( -0.9902680687415699179, -0.1391731009600689906, -0.000000000000000000 ) ) ;
#798 = CARTESIAN_POINT ( 'NONE',  ( -21.74141084293023951, -48.60248025546395212, -3.250000000000038192 ) ) ;
#799 = AXIS2_PLACEMENT_3D ( 'NONE', #1566, #1038, #1015 ) ;
#800 = ORIENTED_EDGE ( 'NONE', *, *, #2256, .F. ) ;
#801 = CIRCLE ( 'NONE', #2324, 3.000000000000002665 ) ;
#802 = VECTOR ( 'NONE', #729, 1000.000000000000000 ) ;
#803 = ORIENTED_EDGE ( 'NONE', *, *, #1375, .F. ) ;
#804 = FACE_BOUND ( 'NONE', #1574, .T. ) ;
#805 = ORIENTED_EDGE ( 'NONE', *, *, #2298, .F. ) ;
#806 = ORIENTED_EDGE ( 'NONE', *, *, #3187, .T. ) ;
#807 = CARTESIAN_POINT ( 'NONE',  ( -0.3548884504008392171, -54.92622091987951194, -3.000000000000002665 ) ) ;
#808 = DIRECTION ( 'NONE',  ( 0.03487826274238545882, -0.9987827659587178442, -0.03487826274237468271 ) ) ;
#809 = ORIENTED_EDGE ( 'NONE', *, *, #967, .T. ) ;
#810 = DIRECTION ( 'NONE',  ( 0.000000000000000000, 0.000000000000000000, 1.000000000000000000 ) ) ;
#811 = CARTESIAN_POINT ( 'NONE',  ( 4.301980963936875568, -7.000000000000000888, 0.000000000000000000 ) ) ;
#812 = DIRECTION ( 'NONE',  ( 1.000000000000000000, 4.625929269271485914E-16, -5.384700323245300374E-18 ) ) ;
#813 = CARTESIAN_POINT ( 'NONE',  ( -1.999999999999994893, -79.00000000000001421, -19.96581550227846691 ) ) ;
#814 = EDGE_CURVE ( 'NONE', #404, #1174, #518, .T. ) ;
#815 = CARTESIAN_POINT ( 'NONE',  ( 0.5979528951618042765, -82.06214101657496940, -8.707100917566613418 ) ) ;
#816 = DIRECTION ( 'NONE',  ( -0.000000000000000000, -0.000000000000000000, -1.000000000000000000 ) ) ;
#817 = ORIENTED_EDGE ( 'NONE', *, *, #1697, .F. ) ;
#818 = CARTESIAN_POINT ( 'NONE',  ( -10.09590253892309164, -25.85128165925404176, -6.792664758077632037 ) ) ;
#819 = ADVANCED_FACE ( 'NONE', ( #2888, #2647 ), #2972, .T. ) ;
#820 = EDGE_CURVE ( 'NONE', #1761, #2665, #1210, .T. ) ;
#821 = LINE ( 'NONE', #1910, #1497 ) ;
#822 = CARTESIAN_POINT ( 'NONE',  ( -24.99999999999999289, -3.288820561953095911, -7.497742675567254267 ) ) ;
#823 = AXIS2_PLACEMENT_3D ( 'NONE', #2165, #3616, #236 ) ;
#824 = ORIENTED_EDGE ( 'NONE', *, *, #3300, .F. ) ;
#825 = AXIS2_PLACEMENT_3D ( 'NONE', #2233, #269, #1973 ) ;
#826 = CARTESIAN_POINT ( 'NONE',  ( 0.4974691126510163985, -85.89530150989247659, -12.39158153968558373 ) ) ;
#827 = CARTESIAN_POINT ( 'NONE',  ( 4.283322918658866385, -62.78027179115810696, -2.311115933264683024E-30 ) ) ;
#828 = LINE ( 'NONE', #787, #1619 ) ;
#829 = ORIENTED_EDGE ( 'NONE', *, *, #864, .T. ) ;
#830 = CARTESIAN_POINT ( 'NONE',  ( 7.968265406799485362, -89.00000000000000000, -9.393409058628295227 ) ) ;
#831 = CARTESIAN_POINT ( 'NONE',  ( 18.50446328783856487, -2.381874197832721585, -18.41812580216727468 ) ) ;
#832 = DIRECTION ( 'NONE',  ( 1.000000000000000000, 1.020425574104004122E-16, 0.000000000000000000 ) ) ;
#833 = FACE_OUTER_BOUND ( 'NONE', #999, .T. ) ;
#834 = FACE_OUTER_BOUND ( 'NONE', #2733, .T. ) ;
#835 = ORIENTED_EDGE ( 'NONE', *, *, #2365, .T. ) ;
#836 = DIRECTION ( 'NONE',  ( -4.625929269271485914E-16, 1.000000000000000000, 0.000000000000000000 ) ) ;
#837 = CARTESIAN_POINT ( 'NONE',  ( -24.99999999999999645, -4.000000000000001776, -11.64154703437737481 ) ) ;
#838 = VERTEX_POINT ( 'NONE', #957 ) ;
#839 = ADVANCED_FACE ( 'NONE', ( #2694 ), #3221, .T. ) ;
#840 = EDGE_CURVE ( 'NONE', #2757, #400, #1380, .T. ) ;
#841 = VERTEX_POINT ( 'NONE', #1583 ) ;
#842 = CARTESIAN_POINT ( 'NONE',  ( 6.083206543149938916, -85.60269423551189050, -9.697135422034182994 ) ) ;
#843 = CARTESIAN_POINT ( 'NONE',  ( -22.11654406872527545, -2.585786437655988035, -18.21421356234400335 ) ) ;
#844 = LINE ( 'NONE', #557, #447 ) ;
#845 = VERTEX_POINT ( 'NONE', #184 ) ;
#846 = CARTESIAN_POINT ( 'NONE',  ( -17.70090558972447781, -41.09646618148914143, -3.250000000000038636 ) ) ;
#847 = DIRECTION ( 'NONE',  ( 1.000000000000000000, -1.445602896647339410E-16, 0.000000000000000000 ) ) ;
#848 = VECTOR ( 'NONE', #812, 1000.000000000000000 ) ;
#849 = VECTOR ( 'NONE', #2337, 1000.000000000000000 ) ;
#850 = CARTESIAN_POINT ( 'NONE',  ( -21.99828614590658304, -41.24653401730994062, -3.250000000000038636 ) ) ;
#851 = ORIENTED_EDGE ( 'NONE', *, *, #1089, .F. ) ;
#852 = ORIENTED_EDGE ( 'NONE', *, *, #3372, .F. ) ;
#853 = AXIS2_PLACEMENT_3D ( 'NONE', #2277, #1999, #3260 ) ;
#854 = CARTESIAN_POINT ( 'NONE',  ( -24.99999999999999289, -2.709248007322183849, -8.563118623533478413 ) ) ;
#855 = CARTESIAN_POINT ( 'NONE',  ( -24.99999999999999289, -5.938646322228197327, -3.980761758649576709 ) ) ;
#856 = ORIENTED_EDGE ( 'NONE', *, *, #2847, .F. ) ;
#857 = ORIENTED_EDGE ( 'NONE', *, *, #1551, .F. ) ;
#858 = CIRCLE ( 'NONE', #2808, 3.000000000000001776 ) ;
#859 = EDGE_CURVE ( 'NONE', #550, #2383, #1822, .T. ) ;
#860 = CARTESIAN_POINT ( 'NONE',  ( 2.523458798782305834, -89.00000000000000000, -8.891310053714608586 ) ) ;
#861 = CARTESIAN_POINT ( 'NONE',  ( -26.97292457341210792, -4.000000000000005329, -7.783759076003040178 ) ) ;
#862 = CARTESIAN_POINT ( 'NONE',  ( -36.30527168834504437, -61.38927602346421963, -0.000000000000000000 ) ) ;
#863 = VERTEX_POINT ( 'NONE', #397 ) ;
#864 = EDGE_CURVE ( 'NONE', #2493, #1960, #2098, .T. ) ;
#865 = CARTESIAN_POINT ( 'NONE',  ( 6.092573231139764900, -75.65375668479852322, -3.000000000000000000 ) ) ;
#866 = EDGE_CURVE ( 'NONE', #2844, #1531, #3412, .T. ) ;
#867 = CARTESIAN_POINT ( 'NONE',  ( -22.98517143100941595, -3.999999999999997335, -15.97157287525380021 ) ) ;
#868 = CARTESIAN_POINT ( 'NONE',  ( -24.49390244613172030, -5.440095300814461687, -6.825060768399056954 ) ) ;
#869 = CARTESIAN_POINT ( 'NONE',  ( -20.46006912905055586, 0.000000000000000000, -6.029601188155563563 ) ) ;
#870 = ORIENTED_EDGE ( 'NONE', *, *, #3435, .T. ) ;
#871 = CARTESIAN_POINT ( 'NONE',  ( -2.308754041821444059, -84.99999999999998579, -3.000000000000000444 ) ) ;
#872 = CARTESIAN_POINT ( 'NONE',  ( -24.99999999999999289, -5.624225732389908750, -4.496525464777618275 ) ) ;
#873 = ORIENTED_EDGE ( 'NONE', *, *, #3327, .T. ) ;
#874 = ORIENTED_EDGE ( 'NONE', *, *, #840, .F. ) ;
#875 = CYLINDRICAL_SURFACE ( 'NONE', #1057, 2.999999999999999112 ) ;
#876 = DIRECTION ( 'NONE',  ( 1.000000000000000000, 0.000000000000000000, 0.000000000000000000 ) ) ;
#877 = ORIENTED_EDGE ( 'NONE', *, *, #3644, .T. ) ;
#878 = VECTOR ( 'NONE', #2836, 1000.000000000000227 ) ;
#879 = CARTESIAN_POINT ( 'NONE',  ( -9.563676322157244059, -19.86600794356033006, -10.08578779935274916 ) ) ;
#880 = CARTESIAN_POINT ( 'NONE',  ( 3.111049790194655440, -54.43911506651926402, 0.000000000000000000 ) ) ;
#881 = EDGE_CURVE ( 'NONE', #3094, #206, #738, .T. ) ;
#882 = EDGE_CURVE ( 'NONE', #307, #2983, #1340, .T. ) ;
#883 = DIRECTION ( 'NONE',  ( 0.000000000000000000, 1.000000000000000000, 0.000000000000000000 ) ) ;
#884 =( BOUNDED_SURFACE ( )  B_SPLINE_SURFACE ( 3, 1, ( 
 ( #756, #3625 ),
 ( #4, #3349 ),
 ( #563, #1385 ),
 ( #1893, #2787 ) ),
 .UNSPECIFIED., .F., .F., .F. ) 
 B_SPLINE_SURFACE_WITH_KNOTS ( ( 4, 4 ),
 ( 2, 2 ),
 ( 0.000000000000000000, 1.000000000000000000 ),
 ( 0.000000000000000000, 1.000000000000000000 ),
 .UNSPECIFIED. ) 
 GEOMETRIC_REPRESENTATION_ITEM ( )  RATIONAL_B_SPLINE_SURFACE ( (
 ( 1.000000000000000000, 1.000000000000000000),
 ( 0.8026040075570932686, 0.8026040075570932686),
 ( 0.8026040075570932686, 0.8026040075570932686),
 ( 1.000000000000000000, 1.000000000000000000) ) ) 
 REPRESENTATION_ITEM ( '' )  SURFACE ( )  );
#885 = CARTESIAN_POINT ( 'NONE',  ( -23.21352852029637859, -55.15784977548234735, -3.250000000000037748 ) ) ;
#886 = ORIENTED_EDGE ( 'NONE', *, *, #1714, .F. ) ;
#887 = CARTESIAN_POINT ( 'NONE',  ( 0.8748902332907422252, -4.000000000000000888, -6.374607281456296626 ) ) ;
#888 = CARTESIAN_POINT ( 'NONE',  ( -24.99999999999999289, -5.994121414495483080, -3.682832201861538479 ) ) ;
#889 = VERTEX_POINT ( 'NONE', #2216 ) ;
#890 = EDGE_LOOP ( 'NONE', ( #2849, #133, #3089, #2607, #25 ) ) ;
#891 = CARTESIAN_POINT ( 'NONE',  ( -24.99999999999998934, -5.987933063762579167, -3.738089960669355172 ) ) ;
#892 = CARTESIAN_POINT ( 'NONE',  ( 15.00000000000000000, -1.722420472601085036E-15, -14.00000000000000178 ) ) ;
#893 = CARTESIAN_POINT ( 'NONE',  ( -22.34963220617596136, -1.171572875282925752, -18.80000000000000426 ) ) ;
#894 = FACE_OUTER_BOUND ( 'NONE', #12, .T. ) ;
#895 = ORIENTED_EDGE ( 'NONE', *, *, #1111, .F. ) ;
#896 = DIRECTION ( 'NONE',  ( 1.022195611122253123E-16, 0.7071067811865500152, 0.7071067811865451302 ) ) ;
#897 = DIRECTION ( 'NONE',  ( 0.03487826274238545882, -0.9987827659587178442, -0.03487826274237468271 ) ) ;
#898 = PRODUCT_RELATED_PRODUCT_CATEGORY ( 'part', '', ( #96 ) ) ;
#899 = CARTESIAN_POINT ( 'NONE',  ( -24.67600624804730813, -5.730328345573680870, -6.152676792459459421 ) ) ;
#900 = CARTESIAN_POINT ( 'NONE',  ( 15.00000000000000000, 30.00000000000000000, -17.00000000000000355 ) ) ;
#901 = ADVANCED_FACE ( 'NONE', ( #2487 ), #884, .T. ) ;
#902 = ADVANCED_FACE ( 'NONE', ( #1641 ), #3607, .F. ) ;
#903 = ORIENTED_EDGE ( 'NONE', *, *, #70, .F. ) ;
#904 = CARTESIAN_POINT ( 'NONE',  ( -8.209409824568254521, -34.72653208451999518, -7.102595332359879166 ) ) ;
#905 =( BOUNDED_CURVE ( )  B_SPLINE_CURVE ( 3, ( #245, #545, #1382, #1660 ),
 .UNSPECIFIED., .F., .F. ) 
 B_SPLINE_CURVE_WITH_KNOTS ( ( 4, 4 ),
 ( 0.7847891758119630579, 2.356803477778085743 ),
 .UNSPECIFIED. ) 
 CURVE ( )  GEOMETRIC_REPRESENTATION_ITEM ( )  RATIONAL_B_SPLINE_CURVE ( ( 1.000000000000000000, 0.8044506872272227938, 0.8044506872272227938, 1.000000000000000000 ) ) 
 REPRESENTATION_ITEM ( '' )  );
#906 = AXIS2_PLACEMENT_3D ( 'NONE', #1358, #832, #3085 ) ;
#907 = EDGE_CURVE ( 'NONE', #2752, #3042, #2156, .T. ) ;
#908 = FACE_OUTER_BOUND ( 'NONE', #239, .T. ) ;
#909 = VECTOR ( 'NONE', #40, 999.9999999999998863 ) ;
#910 = ORIENTED_EDGE ( 'NONE', *, *, #3644, .F. ) ;
#911 = ORIENTED_EDGE ( 'NONE', *, *, #481, .T. ) ;
#912 = AXIS2_PLACEMENT_3D ( 'NONE', #2359, #690, #2924 ) ;
#913 = CLOSED_SHELL ( 'NONE', ( #2230, #902, #1919, #3431, #704, #3573, #306, #2323, #2510, #9, #1552, #2189, #160, #721, #3024, #1195, #3574, #2685, #839, #3213, #2958, #2711, #1845, #2055, #2829, #254, #508, #579, #2805, #3098, #3414, #743, #3351, #2132, #1696, #3523, #3283, #3006, #1352, #2093, #1280, #234, #1135, #1467, #901, #749, #2255, #94, #3077, #2007, #2574, #1259, #2115, #2616, #1758, #486, #3048, #1481, #1649, #1939, #1778, #1304, #181, #1944, #53, #1328, #2940, #2572, #2726, #2480, #722, #3096, #1131, #2551, #768, #1484, #1693, #2664, #3120, #256, #3282, #1891, #2915, #286, #1675, #2754, #46, #3234, #3462, #639, #3524, #3235, #2824, #3397, #1176, #2167, #1669, #1442, #2047, #393, #3413, #3322, #1533, #819, #1628, #1017 ) ) ;
#914 = CARTESIAN_POINT ( 'NONE',  ( -1.623466631435292129, -4.000000000000003553, -4.561975421475164438 ) ) ;
#915 = DIRECTION ( 'NONE',  ( 1.000000000000000000, 1.020425574104004122E-16, 0.000000000000000000 ) ) ;
#916 = ORIENTED_EDGE ( 'NONE', *, *, #1715, .T. ) ;
#917 = AXIS2_PLACEMENT_3D ( 'NONE', #3344, #3065, #1854 ) ;
#918 = VECTOR ( 'NONE', #3198, 1000.000000000000000 ) ;
#919 = CARTESIAN_POINT ( 'NONE',  ( 0.6912459581785578289, -85.49999999999998579, 0.000000000000000000 ) ) ;
#920 = DIRECTION ( 'NONE',  ( 0.000000000000000000, 0.000000000000000000, 1.000000000000000000 ) ) ;
#921 = CARTESIAN_POINT ( 'NONE',  ( 20.00000000000000355, 26.00000000000000000, 0.000000000000000000 ) ) ;
#922 = CARTESIAN_POINT ( 'NONE',  ( -21.49786659495411811, 0.000000000000000000, -4.991803722252002196 ) ) ;
#923 = EDGE_LOOP ( 'NONE', ( #2361, #1869, #3018, #2196 ) ) ;
#924 = CARTESIAN_POINT ( 'NONE',  ( 1.404203485069676072, -6.223542864692427123, -2.541848489443937265 ) ) ;
#925 = CARTESIAN_POINT ( 'NONE',  ( -22.79712323634670312, -18.37083276368657181, -3.250000000000037748 ) ) ;
#926 = ORIENTED_EDGE ( 'NONE', *, *, #3593, .T. ) ;
#927 = VERTEX_POINT ( 'NONE', #1108 ) ;
#928 = EDGE_CURVE ( 'NONE', #1435, #395, #858, .T. ) ;
#929 = CARTESIAN_POINT ( 'NONE',  ( -24.99999999999999289, -5.090183986600714583, -5.154359009848825224 ) ) ;
#930 = DIRECTION ( 'NONE',  ( -0.000000000000000000, -0.000000000000000000, 1.000000000000000000 ) ) ;
#931 = DIRECTION ( 'NONE',  ( 1.000000000000000000, 0.000000000000000000, 0.000000000000000000 ) ) ;
#932 = ORIENTED_EDGE ( 'NONE', *, *, #645, .T. ) ;
#933 = FACE_OUTER_BOUND ( 'NONE', #1606, .T. ) ;
#934 = CARTESIAN_POINT ( 'NONE',  ( -13.00611498520307130, -85.50000000000000000, -12.98128220610914774 ) ) ;
#935 = DIRECTION ( 'NONE',  ( -1.000000000000000000, 0.000000000000000000, 0.000000000000000000 ) ) ;
#936 = AXIS2_PLACEMENT_3D ( 'NONE', #3124, #634, #3177 ) ;
#937 = CARTESIAN_POINT ( 'NONE',  ( -21.51456411436391392, -55.09852063108807840, -3.250000000000037748 ) ) ;
#938 = CARTESIAN_POINT ( 'NONE',  ( -1.999999999999994893, -79.00000000000001421, -18.80000000000000426 ) ) ;
#939 = ORIENTED_EDGE ( 'NONE', *, *, #1940, .F. ) ;
#940 = CARTESIAN_POINT ( 'NONE',  ( -5.193600033748920097, -3.999999999994191757, -9.635743829357368284 ) ) ;
#941 = LINE ( 'NONE', #1492, #2027 ) ;
#942 = ORIENTED_EDGE ( 'NONE', *, *, #1240, .T. ) ;
#943 = ORIENTED_EDGE ( 'NONE', *, *, #2987, .F. ) ;
#944 = FACE_OUTER_BOUND ( 'NONE', #3037, .T. ) ;
#945 = CARTESIAN_POINT ( 'NONE',  ( -5.810999299500178239, -27.35344487061403029, -3.349384689573090323 ) ) ;
#946 = EDGE_CURVE ( 'NONE', #2535, #3223, #1681, .T. ) ;
#947 = DIRECTION ( 'NONE',  ( 1.000000000000000000, 0.000000000000000000, 0.000000000000000000 ) ) ;
#948 = EDGE_CURVE ( 'NONE', #3094, #1234, #2177, .T. ) ;
#949 = ORIENTED_EDGE ( 'NONE', *, *, #1621, .T. ) ;
#950 = DIRECTION ( 'NONE',  ( -0.9659258262890674240, 0.2588190451025242922, 0.000000000000000000 ) ) ;
#951 = DIRECTION ( 'NONE',  ( 1.000000000000000000, 1.020425574104004122E-16, 0.000000000000000000 ) ) ;
#952 = FACE_OUTER_BOUND ( 'NONE', #3423, .T. ) ;
#953 = DIRECTION ( 'NONE',  ( 0.9993908270190953180, 0.03489949670251165509, 0.000000000000000000 ) ) ;
#954 = LINE ( 'NONE', #1283, #199 ) ;
#955 = ORIENTED_EDGE ( 'NONE', *, *, #664, .T. ) ;
#956 = DIRECTION ( 'NONE',  ( -0.03487826274238546576, 0.9987827659587179552, 0.03487826274237467578 ) ) ;
#957 = CARTESIAN_POINT ( 'NONE',  ( -19.56733701440341378, -59.28313403879348442, -3.250000000000037748 ) ) ;
#958 = CARTESIAN_POINT ( 'NONE',  ( -6.000000000000000000, -79.00000000000001421, -19.96581550227846691 ) ) ;
#959 = EDGE_LOOP ( 'NONE', ( #1631, #788, #1367, #2657 ) ) ;
#960 = ORIENTED_EDGE ( 'NONE', *, *, #3166, .F. ) ;
#961 = DIRECTION ( 'NONE',  ( -1.000000000000000000, 0.000000000000000000, 0.000000000000000000 ) ) ;
#962 = AXIS2_PLACEMENT_3D ( 'NONE', #3010, #2807, #1070 ) ;
#963 = AXIS2_PLACEMENT_3D ( 'NONE', #660, #1173, #3146 ) ;
#964 = CARTESIAN_POINT ( 'NONE',  ( -5.817262277972220730, -27.22642453264551676, -6.840685805380180007 ) ) ;
#965 = ORIENTED_EDGE ( 'NONE', *, *, #3372, .T. ) ;
#966 = AXIS2_PLACEMENT_3D ( 'NONE', #3209, #1831, #2949 ) ;
#967 = EDGE_CURVE ( 'NONE', #3398, #3094, #1092, .T. ) ;
#968 = CARTESIAN_POINT ( 'NONE',  ( 4.301980963936872904, -4.000000000000000888, -8.445109058343433617 ) ) ;
#969 = CARTESIAN_POINT ( 'NONE',  ( -22.99999999999999289, -3.999999999999997335, -15.80000000000000071 ) ) ;
#970 = VECTOR ( 'NONE', #2991, 1000.000000000000000 ) ;
#971 = AXIS2_PLACEMENT_3D ( 'NONE', #2107, #3230, #3247 ) ;
#972 = EDGE_CURVE ( 'NONE', #1097, #863, #288, .T. ) ;
#973 = EDGE_CURVE ( 'NONE', #97, #1859, #1029, .T. ) ;
#974 = CARTESIAN_POINT ( 'NONE',  ( -0.5734216171630651671, -78.27551803499164862, -12.12549283738153960 ) ) ;
#975 = PLANE ( 'NONE',  #1841 ) ;
#976 = LINE ( 'NONE', #1818, #3092 ) ;
#977 = CARTESIAN_POINT ( 'NONE',  ( -10.09590253892309164, -25.97342989771279420, -3.294796863510796925 ) ) ;
#978 = CARTESIAN_POINT ( 'NONE',  ( -1.999999999999994893, -79.00000000000001421, -3.200000000000000178 ) ) ;
#979 = CARTESIAN_POINT ( 'NONE',  ( 20.00000000000000355, -4.000000000000003553, -15.80000000000000071 ) ) ;
#980 = VERTEX_POINT ( 'NONE', #3292 ) ;
#981 = ORIENTED_EDGE ( 'NONE', *, *, #2459, .F. ) ;
#982 = DIRECTION ( 'NONE',  ( 0.000000000000000000, -1.000000000000000000, -0.000000000000000000 ) ) ;
#983 = CARTESIAN_POINT ( 'NONE',  ( 18.78089103407643989, -2.585786437626905077, -18.21421356237309297 ) ) ;
#984 = ORIENTED_EDGE ( 'NONE', *, *, #1509, .T. ) ;
#985 = ORIENTED_EDGE ( 'NONE', *, *, #120, .T. ) ;
#986 = DIRECTION ( 'NONE',  ( 0.000000000000000000, -2.897332229364734730E-16, -1.000000000000000000 ) ) ;
#987 = CARTESIAN_POINT ( 'NONE',  ( -0.3999999999999927502, -79.00000000000001421, -12.15043293736211893 ) ) ;
#988 = CARTESIAN_POINT ( 'NONE',  ( -27.88144704610173719, -88.22885896671785133, -12.47307116173112718 ) ) ;
#989 = DIRECTION ( 'NONE',  ( -1.445602896647339410E-16, -1.000000000000000000, -0.000000000000000000 ) ) ;
#990 = DIRECTION ( 'NONE',  ( -1.000000000000000000, 1.445602896647339410E-16, -0.000000000000000000 ) ) ;
#991 = CYLINDRICAL_SURFACE ( 'NONE', #1198, 2.999999999999999112 ) ;
#992 = AXIS2_PLACEMENT_3D ( 'NONE', #2124, #3191, #2351 ) ;
#993 = EDGE_CURVE ( 'NONE', #2205, #102, #2292, .T. ) ;
#994 = EDGE_CURVE ( 'NONE', #2522, #2943, #3012, .T. ) ;
#995 = DIRECTION ( 'NONE',  ( 0.000000000000000000, 0.000000000000000000, -1.000000000000000000 ) ) ;
#996 = AXIS2_PLACEMENT_3D ( 'NONE', #581, #2281, #2540 ) ;
#997 = CARTESIAN_POINT ( 'NONE',  ( -7.634986425665450938, -12.66803925780832607, -9.834429194068786018 ) ) ;
#998 = EDGE_LOOP ( 'NONE', ( #1825, #2489, #783, #22 ) ) ;
#999 = EDGE_LOOP ( 'NONE', ( #589, #2926, #435, #1441, #3171 ) ) ;
#1000 = FACE_OUTER_BOUND ( 'NONE', #578, .T. ) ;
#1001 = FACE_OUTER_BOUND ( 'NONE', #2996, .T. ) ;
#1002 = ORIENTED_EDGE ( 'NONE', *, *, #27, .F. ) ;
#1003 = ORIENTED_EDGE ( 'NONE', *, *, #907, .T. ) ;
#1004 = LINE ( 'NONE', #2686, #3596 ) ;
#1005 = CARTESIAN_POINT ( 'NONE',  ( 7.968265406799483586, -85.49999999999998579, 0.000000000000000000 ) ) ;
#1006 = DIRECTION ( 'NONE',  ( -0.9993908270190953180, -0.03489949670251165509, 0.000000000000000000 ) ) ;
#1007 = AXIS2_PLACEMENT_3D ( 'NONE', #1949, #3603, #2709 ) ;
#1008 = CARTESIAN_POINT ( 'NONE',  ( 12.00000000000000355, 13.99999999999999822, -10.00000000000000000 ) ) ;
#1009 = DIRECTION ( 'NONE',  ( -1.000000000000000000, -1.020425574104004122E-16, -0.000000000000000000 ) ) ;
#1010 = DIRECTION ( 'NONE',  ( -0.1391731009600694624, 0.9902680687415698069, 0.000000000000000000 ) ) ;
#1011 = PLANE ( 'NONE',  #1384 ) ;
#1012 = EDGE_CURVE ( 'NONE', #1964, #1355, #2768, .T. ) ;
#1013 = EDGE_CURVE ( 'NONE', #1761, #1907, #2411, .T. ) ;
#1014 = CARTESIAN_POINT ( 'NONE',  ( -19.53063890271948466, -59.28185251249458076, -5.949729957362555943 ) ) ;
#1015 = DIRECTION ( 'NONE',  ( 1.000000000000000000, 0.000000000000000000, 0.000000000000000000 ) ) ;
#1016 = VERTEX_POINT ( 'NONE', #2022 ) ;
#1017 = ADVANCED_FACE ( 'NONE', ( #1164 ), #3108, .T. ) ;
#1018 = CARTESIAN_POINT ( 'NONE',  ( -17.94534116754507025, -89.00000000000001421, -8.791021190890621284 ) ) ;
#1019 = ORIENTED_EDGE ( 'NONE', *, *, #600, .F. ) ;
#1020 = EDGE_LOOP ( 'NONE', ( #77, #2999, #1249, #1738, #112, #1984, #646, #1099, #2220, #1292, #228, #1216, #2957, #3051 ) ) ;
#1021 =( BOUNDED_SURFACE ( )  B_SPLINE_SURFACE ( 3, 2, ( 
 ( #2994, #3255, #997 ),
 ( #470, #1876, #186 ),
 ( #1305, #2432, #204 ),
 ( #1325, #509, #3588 ),
 ( #226, #1055, #2178 ),
 ( #2473, #3311, #2408 ) ),
 .UNSPECIFIED., .F., .F., .F. ) 
 B_SPLINE_SURFACE_WITH_KNOTS ( ( 4, 2, 4 ),
 ( 3, 3 ),
 ( 4.450589592585535215, 4.686209041604767478, 4.921828490623998853 ),
 ( 0.000000000000000000, 1.000000000000000000 ),
 .UNSPECIFIED. ) 
 GEOMETRIC_REPRESENTATION_ITEM ( )  RATIONAL_B_SPLINE_SURFACE ( (
 ( 1.000000000000000000, 0.7039060113356399029, 1.000000000000000000),
 ( 1.000000000000000000, 0.7048463212102258346, 1.000000000000000000),
 ( 1.000000000000000000, 0.7058145137321305551, 1.000000000000000000),
 ( 1.000000000000000000, 0.7077529149240672224, 1.000000000000000000),
 ( 1.000000000000000000, 0.7087230720200791145, 1.000000000000000000),
 ( 1.000000000000000000, 0.7096675324995872502, 1.000000000000000000) ) ) 
 REPRESENTATION_ITEM ( '' )  SURFACE ( )  );
#1022 = VECTOR ( 'NONE', #2301, 1000.000000000000000 ) ;
#1023 = VECTOR ( 'NONE', #3087, 1000.000000000000000 ) ;
#1024 = CARTESIAN_POINT ( 'NONE',  ( -2.308754041821444059, -89.00000000000000000, -3.000000000000000444 ) ) ;
#1025 = CARTESIAN_POINT ( 'NONE',  ( -22.55440540387490955, -2.745420989466120787, -18.05457901053387104 ) ) ;
#1026 = CARTESIAN_POINT ( 'NONE',  ( 1.404203485069675184, -6.223542864692423571, 0.000000000000000000 ) ) ;
#1027 = ORIENTED_EDGE ( 'NONE', *, *, #328, .T. ) ;
#1028 = VECTOR ( 'NONE', #1923, 1000.000000000000227 ) ;
#1029 = B_SPLINE_CURVE_WITH_KNOTS ( 'NONE', 3,
 ( #3587, #3329, #815, #1661, #3069, #527, #2728, #3646, #1915, #1404, #3027, #506 ),
 .UNSPECIFIED., .F., .F.,
 ( 4, 2, 2, 2, 2, 4 ),
 ( 9.859463506040055947E-19, 0.001083152376422885470, 0.002166304752845769638, 0.003249457129268653807, 0.003791033317480096108, 0.004332609505691538410 ),
 .UNSPECIFIED. ) ;
#1030 = FACE_OUTER_BOUND ( 'NONE', #2903, .T. ) ;
#1031 = LINE ( 'NONE', #830, #1617 ) ;
#1032 = DIRECTION ( 'NONE',  ( 0.2077905067623292967, -0.9775774745778874619, -0.03413775765005936519 ) ) ;
#1033 = VECTOR ( 'NONE', #2226, 1000.000000000000000 ) ;
#1034 = CARTESIAN_POINT ( 'NONE',  ( 3.200000000000001066, 3.000000000000002220, -17.00000000000000355 ) ) ;
#1035 = AXIS2_PLACEMENT_3D ( 'NONE', #3251, #702, #736 ) ;
#1036 = CARTESIAN_POINT ( 'NONE',  ( -0.1604871792777528283, -56.30945783842167884, -18.80000000000000071 ) ) ;
#1037 = DIRECTION ( 'NONE',  ( 0.000000000000000000, 0.000000000000000000, 1.000000000000000000 ) ) ;
#1038 = DIRECTION ( 'NONE',  ( 0.000000000000000000, 0.000000000000000000, -1.000000000000000000 ) ) ;
#1039 = ORIENTED_EDGE ( 'NONE', *, *, #233, .T. ) ;
#1040 = ORIENTED_EDGE ( 'NONE', *, *, #2663, .T. ) ;
#1041 = CARTESIAN_POINT ( 'NONE',  ( -22.13327050258676820, -86.09239198150493166, -7.094038094207401279 ) ) ;
#1042 = EDGE_LOOP ( 'NONE', ( #1186, #1456, #857, #3613 ) ) ;
#1043 = EDGE_CURVE ( 'NONE', #2883, #1607, #2624, .T. ) ;
#1044 = EDGE_CURVE ( 'NONE', #3042, #2182, #244, .T. ) ;
#1045 = ORIENTED_EDGE ( 'NONE', *, *, #1890, .F. ) ;
#1046 = CARTESIAN_POINT ( 'NONE',  ( -0.1772401177961603902, -56.19025448692680413, -7.852125034809191995 ) ) ;
#1047 = CARTESIAN_POINT ( 'NONE',  ( -22.98517143100941595, -3.414213562373096700, -17.38578643762689069 ) ) ;
#1048 = CARTESIAN_POINT ( 'NONE',  ( -17.21718355818180513, -54.94845279526727921, -3.450000000000007727 ) ) ;
#1049 = ORIENTED_EDGE ( 'NONE', *, *, #597, .F. ) ;
#1050 =( NAMED_UNIT ( * ) SI_UNIT ( $, .STERADIAN. ) SOLID_ANGLE_UNIT ( ) );
#1051 = CARTESIAN_POINT ( 'NONE',  ( 18.00000000000000000, 0.000000000000000000, -14.00000000000000178 ) ) ;
#1052 = CARTESIAN_POINT ( 'NONE',  ( -19.99882892069323148, -18.27311417291954854, -6.025894985680900540 ) ) ;
#1053 = CARTESIAN_POINT ( 'NONE',  ( 20.00000000000000355, -4.000000000000003553, -18.80000000000000071 ) ) ;
#1054 = CARTESIAN_POINT ( 'NONE',  ( -22.99999999999999289, -3.999999999999997335, -10.24249287418568422 ) ) ;
#1055 = CARTESIAN_POINT ( 'NONE',  ( -2.048471910250522221, -30.07573414799761835, -10.44231929472796416 ) ) ;
#1056 = ORIENTED_EDGE ( 'NONE', *, *, #2213, .T. ) ;
#1057 = AXIS2_PLACEMENT_3D ( 'NONE', #892, #3655, #1689 ) ;
#1058 = ORIENTED_EDGE ( 'NONE', *, *, #2413, .F. ) ;
#1059 = CARTESIAN_POINT ( 'NONE',  ( -1.623466631435290797, -89.00000000000001421, -2.495834222360339805 ) ) ;
#1060 = ORIENTED_EDGE ( 'NONE', *, *, #928, .T. ) ;
#1061 = EDGE_LOOP ( 'NONE', ( #344, #2549 ) ) ;
#1062 = EDGE_CURVE ( 'NONE', #3479, #2907, #2897, .T. ) ;
#1063 = LINE ( 'NONE', #2870, #649 ) ;
#1064 = EDGE_CURVE ( 'NONE', #232, #3633, #3059, .T. ) ;
#1065 = CARTESIAN_POINT ( 'NONE',  ( 0.8664937948051940619, -76.20184218958407030, -8.094992649485181602 ) ) ;
#1066 = CARTESIAN_POINT ( 'NONE',  ( -24.99999999999999289, 0.000000000000000000, -18.80000000000000071 ) ) ;
#1067 = ORIENTED_EDGE ( 'NONE', *, *, #1257, .F. ) ;
#1068 = DIRECTION ( 'NONE',  ( 0.000000000000000000, 0.000000000000000000, -1.000000000000000000 ) ) ;
#1069 = DIRECTION ( 'NONE',  ( 0.2079116908177498224, -0.9781476007338075762, 0.000000000000000000 ) ) ;
#1070 = DIRECTION ( 'NONE',  ( 1.000000000000000000, 0.000000000000000000, 0.000000000000000000 ) ) ;
#1071 = CARTESIAN_POINT ( 'NONE',  ( -1.999999999999994893, -79.00000000000001421, -3.199999999999999734 ) ) ;
#1072 = CARTESIAN_POINT ( 'NONE',  ( 18.00000000000000000, 0.000000000000000000, 0.000000000000000000 ) ) ;
#1073 = LINE ( 'NONE', #3608, #2 ) ;
#1074 = VERTEX_POINT ( 'NONE', #921 ) ;
#1075 = ORIENTED_EDGE ( 'NONE', *, *, #120, .F. ) ;
#1076 = CARTESIAN_POINT ( 'NONE',  ( -24.99999999999999289, -2.000000000000005329, -11.64154703437737659 ) ) ;
#1077 = CARTESIAN_POINT ( 'NONE',  ( -22.13284074983660688, -86.10469849010755183, -6.387924273892658711 ) ) ;
#1078 = ORIENTED_EDGE ( 'NONE', *, *, #1575, .F. ) ;
#1079 = VERTEX_POINT ( 'NONE', #2283 ) ;
#1080 = CARTESIAN_POINT ( 'NONE',  ( -22.13498193338863373, -86.04338301558647117, -9.906038741643364176 ) ) ;
#1081 = CARTESIAN_POINT ( 'NONE',  ( -3.599999999999996980, -79.00000000000001421, -12.15079230508252550 ) ) ;
#1082 = CARTESIAN_POINT ( 'NONE',  ( -5.279662784722490620, 0.000000000000000000, -6.029601188155564451 ) ) ;
#1083 = EDGE_LOOP ( 'NONE', ( #1785, #78, #1720, #1846 ) ) ;
#1084 = EDGE_CURVE ( 'NONE', #308, #3114, #1451, .T. ) ;
#1085 = CARTESIAN_POINT ( 'NONE',  ( -0.6028842615610685574, -53.80049930861636653, -18.80000000000000071 ) ) ;
#1086 = FACE_OUTER_BOUND ( 'NONE', #2180, .T. ) ;
#1087 = DIRECTION ( 'NONE',  ( -1.000000000000000000, -4.625929269271485914E-16, -0.000000000000000000 ) ) ;
#1088 = EDGE_CURVE ( 'NONE', #454, #841, #303, .T. ) ;
#1089 = EDGE_CURVE ( 'NONE', #3042, #1668, #1751, .T. ) ;
#1090 = CARTESIAN_POINT ( 'NONE',  ( -19.45804973277394367, -59.27931764282332239, -6.187313213253001543 ) ) ;
#1091 = VECTOR ( 'NONE', #2045, 1000.000000000000000 ) ;
#1092 = LINE ( 'NONE', #3367, #3443 ) ;
#1093 = DIRECTION ( 'NONE',  ( -5.168119950628745554E-18, 1.479955919026486811E-16, 1.000000000000000000 ) ) ;
#1094 = AXIS2_PLACEMENT_3D ( 'NONE', #1542, #2967, #1213 ) ;
#1095 = EDGE_LOOP ( 'NONE', ( #2360, #3132, #2801, #2569 ) ) ;
#1096 = AXIS2_PLACEMENT_3D ( 'NONE', #539, #3116, #1983 ) ;
#1097 = VERTEX_POINT ( 'NONE', #1486 ) ;
#1098 = CARTESIAN_POINT ( 'NONE',  ( -19.07011209299368559, -89.00000000000001421, -7.123935548608286261 ) ) ;
#1099 = ORIENTED_EDGE ( 'NONE', *, *, #2617, .F. ) ;
#1100 = ORIENTED_EDGE ( 'NONE', *, *, #3053, .F. ) ;
#1101 = LINE ( 'NONE', #3263, #1524 ) ;
#1102 = CARTESIAN_POINT ( 'NONE',  ( -23.24906729880334666, -2.219043220020263441, -18.58095677997981809 ) ) ;
#1103 = CARTESIAN_POINT ( 'NONE',  ( -17.52193412833224428, -89.20210080208160264, -8.502789778041130120 ) ) ;
#1104 = ORIENTED_EDGE ( 'NONE', *, *, #859, .F. ) ;
#1105 = DIRECTION ( 'NONE',  ( 1.000000000000000000, -1.445602896647339410E-16, -0.000000000000000000 ) ) ;
#1106 = FACE_OUTER_BOUND ( 'NONE', #1537, .T. ) ;
#1107 = FACE_OUTER_BOUND ( 'NONE', #1625, .T. ) ;
#1108 = CARTESIAN_POINT ( 'NONE',  ( 2.820632341007255572, -53.07280839075422563, 0.000000000000000000 ) ) ;
#1109 = FACE_OUTER_BOUND ( 'NONE', #890, .T. ) ;
#1110 = EDGE_CURVE ( 'NONE', #251, #1844, #318, .T. ) ;
#1111 = EDGE_CURVE ( 'NONE', #1250, #553, #675, .T. ) ;
#1112 = VERTEX_POINT ( 'NONE', #2653 ) ;
#1113 = ORIENTED_EDGE ( 'NONE', *, *, #1089, .T. ) ;
#1114 = CARTESIAN_POINT ( 'NONE',  ( -24.19422289743840793, -5.039255072838429328, -7.776224704616513606 ) ) ;
#1115 = VERTEX_POINT ( 'NONE', #3249 ) ;
#1116 = VERTEX_POINT ( 'NONE', #1834 ) ;
#1117 = CIRCLE ( 'NONE', #2407, 7.000000000000001776 ) ;
#1118 = CARTESIAN_POINT ( 'NONE',  ( -21.49786659495411811, 0.000000000000000000, -4.991803722252002196 ) ) ;
#1119 = CARTESIAN_POINT ( 'NONE',  ( -25.03853770462535877, -4.000000000006975753, -4.023060446480118735 ) ) ;
#1120 = CARTESIAN_POINT ( 'NONE',  ( -3.141939053227974288, 0.000000000000000000, -6.029601188155563563 ) ) ;
#1121 = VERTEX_POINT ( 'NONE', #391 ) ;
#1122 = PLANE ( 'NONE',  #3151 ) ;
#1123 = CARTESIAN_POINT ( 'NONE',  ( 18.00000000000000000, 30.00000000000000000, 0.000000000000000000 ) ) ;
#1124 =( BOUNDED_CURVE ( )  B_SPLINE_CURVE ( 3, ( #642, #914, #3168, #1756 ),
 .UNSPECIFIED., .F., .F. ) 
 B_SPLINE_CURVE_WITH_KNOTS ( ( 4, 4 ),
 ( 0.1251561734069757403, 1.704985277444788894 ),
 .UNSPECIFIED. ) 
 CURVE ( )  GEOMETRIC_REPRESENTATION_ITEM ( )  RATIONAL_B_SPLINE_CURVE ( ( 1.000000000000000000, 0.8026040075570934906, 0.8026040075570934906, 1.000000000000000000 ) ) 
 REPRESENTATION_ITEM ( '' )  );
#1125 = DIRECTION ( 'NONE',  ( -1.000000000000000000, 0.000000000000000000, 0.000000000000000000 ) ) ;
#1126 = CARTESIAN_POINT ( 'NONE',  ( 19.54662156086031999, -3.414213562373101585, -17.38578643762689069 ) ) ;
#1127 = DIRECTION ( 'NONE',  ( 0.000000000000000000, -0.9993908270190956511, -0.03489949670250104552 ) ) ;
#1128 = ORIENTED_EDGE ( 'NONE', *, *, #683, .T. ) ;
#1129 = ORIENTED_EDGE ( 'NONE', *, *, #1218, .T. ) ;
#1130 = EDGE_CURVE ( 'NONE', #2150, #845, #1966, .T. ) ;
#1131 = ADVANCED_FACE ( 'NONE', ( #732 ), #2076, .F. ) ;
#1132 = CARTESIAN_POINT ( 'NONE',  ( -24.99999999999999289, -5.500701825546265411, -4.655433985974308797 ) ) ;
#1133 = ORIENTED_EDGE ( 'NONE', *, *, #794, .T. ) ;
#1134 = ORIENTED_EDGE ( 'NONE', *, *, #2530, .F. ) ;
#1135 = ADVANCED_FACE ( 'NONE', ( #2095, #408, #2691 ), #975, .F. ) ;
#1136 = DIRECTION ( 'NONE',  ( -0.1390899611223747334, 0.9896764980577127391, 0.03456026486007357512 ) ) ;
#1137 = CARTESIAN_POINT ( 'NONE',  ( -24.31950013740420502, -3.999999999998397282, -6.423923569012624846 ) ) ;
#1138 = CARTESIAN_POINT ( 'NONE',  ( 7.968265406799487138, -85.49999999999998579, -3.000000000000002665 ) ) ;
#1139 = ORIENTED_EDGE ( 'NONE', *, *, #2162, .F. ) ;
#1140 = CARTESIAN_POINT ( 'NONE',  ( 1.388760076026781976, -6.281178451882547087, -6.676143566728368839 ) ) ;
#1141 = CYLINDRICAL_SURFACE ( 'NONE', #2373, 2.000000000000000000 ) ;
#1142 = CARTESIAN_POINT ( 'NONE',  ( 19.60222663744123039, -3.503510004538516132, -17.29648999546147081 ) ) ;
#1143 =( BOUNDED_CURVE ( )  B_SPLINE_CURVE ( 3, ( #1658, #501, #264, #754 ),
 .UNSPECIFIED., .F., .F. ) 
 B_SPLINE_CURVE_WITH_KNOTS ( ( 4, 4 ),
 ( 2.900467975560225842, 4.466407212079577249 ),
 .UNSPECIFIED. ) 
 CURVE ( )  GEOMETRIC_REPRESENTATION_ITEM ( )  RATIONAL_B_SPLINE_CURVE ( ( 1.000000000000000000, 0.8058812900243939037, 0.8058812900243939037, 1.000000000000000000 ) ) 
 REPRESENTATION_ITEM ( '' )  );
#1144 = AXIS2_PLACEMENT_3D ( 'NONE', #2371, #3509, #2096 ) ;
#1145 = VECTOR ( 'NONE', #1009, 1000.000000000000000 ) ;
#1146 = FACE_OUTER_BOUND ( 'NONE', #3380, .T. ) ;
#1147 = VERTEX_POINT ( 'NONE', #937 ) ;
#1148 = CARTESIAN_POINT ( 'NONE',  ( 7.968265406799483586, -85.49999999999998579, -18.80000000000000071 ) ) ;
#1149 = AXIS2_PLACEMENT_3D ( 'NONE', #3222, #414, #1823 ) ;
#1150 = VECTOR ( 'NONE', #2990, 1000.000000000000000 ) ;
#1151 = CARTESIAN_POINT ( 'NONE',  ( -24.99999999999999645, -5.040867427494498898, -6.368075218515959257 ) ) ;
#1152 = CIRCLE ( 'NONE', #3220, 3.500000000000000888 ) ;
#1153 = EDGE_LOOP ( 'NONE', ( #494, #1743, #2930 ) ) ;
#1154 = ORIENTED_EDGE ( 'NONE', *, *, #1986, .T. ) ;
#1155 = AXIS2_PLACEMENT_3D ( 'NONE', #3628, #1956, #3650 ) ;
#1156 = CARTESIAN_POINT ( 'NONE',  ( 2.000000000000010658, -79.00000000000001421, -7.628242299975788399 ) ) ;
#1157 = DIRECTION ( 'NONE',  ( 0.000000000000000000, 0.000000000000000000, 1.000000000000000000 ) ) ;
#1158 = EDGE_CURVE ( 'NONE', #2854, #307, #2952, .T. ) ;
#1159 = DIRECTION ( 'NONE',  ( -0.000000000000000000, -8.673617379884034486E-16, 1.000000000000000000 ) ) ;
#1160 = EDGE_CURVE ( 'NONE', #3633, #2665, #467, .T. ) ;
#1161 = ORIENTED_EDGE ( 'NONE', *, *, #2550, .F. ) ;
#1162 = DIRECTION ( 'NONE',  ( 1.000000000000000000, 0.000000000000000000, 0.000000000000000000 ) ) ;
#1163 = DIRECTION ( 'NONE',  ( -0.1390899611223747334, 0.9896764980577128501, 0.03456026486007358900 ) ) ;
#1164 = FACE_OUTER_BOUND ( 'NONE', #1885, .T. ) ;
#1165 = DIRECTION ( 'NONE',  ( -1.000000000000000000, -1.020425574104004122E-16, -0.000000000000000000 ) ) ;
#1166 = ORIENTED_EDGE ( 'NONE', *, *, #2658, .T. ) ;
#1167 = CARTESIAN_POINT ( 'NONE',  ( 1.201013582954827630, -6.269704768583803656, -4.388937403003178694 ) ) ;
#1168 = CARTESIAN_POINT ( 'NONE',  ( -24.99999999999999289, -2.000000007185099626, -10.83235999751938117 ) ) ;
#1169 = ORIENTED_EDGE ( 'NONE', *, *, #3601, .F. ) ;
#1170 = ORIENTED_EDGE ( 'NONE', *, *, #1044, .T. ) ;
#1171 = CARTESIAN_POINT ( 'NONE',  ( 4.010435636927062397, -89.00000000000000000, -7.417906814460462961 ) ) ;
#1172 = DIRECTION ( 'NONE',  ( -1.000000000000000000, 0.000000000000000000, 0.000000000000000000 ) ) ;
#1173 = DIRECTION ( 'NONE',  ( 0.000000000000000000, 0.000000000000000000, -1.000000000000000000 ) ) ;
#1174 = VERTEX_POINT ( 'NONE', #2917 ) ;
#1175 = AXIS2_PLACEMENT_3D ( 'NONE', #2101, #2927, #961 ) ;
#1176 = ADVANCED_FACE ( 'NONE', ( #1578 ), #92, .F. ) ;
#1177 = EDGE_CURVE ( 'NONE', #2665, #2752, #2313, .T. ) ;
#1178 = PLANE ( 'NONE',  #3476 ) ;
#1179 = CARTESIAN_POINT ( 'NONE',  ( 17.00000000000000000, 30.00000000000000000, -18.80000000000000071 ) ) ;
#1180 = CARTESIAN_POINT ( 'NONE',  ( -24.07333716311698524, -4.878409831838257382, -8.161078755312118460 ) ) ;
#1181 = DIRECTION ( 'NONE',  ( -0.9993908270190953180, -0.03489949670251165509, -0.000000000000000000 ) ) ;
#1182 = ORIENTED_EDGE ( 'NONE', *, *, #209, .T. ) ;
#1183 = CARTESIAN_POINT ( 'NONE',  ( -1.521319796567210725, -6.604495830498178677, -8.203745981071282500 ) ) ;
#1184 = FACE_OUTER_BOUND ( 'NONE', #2626, .T. ) ;
#1185 = EDGE_LOOP ( 'NONE', ( #3284, #592, #2219, #2643, #3614, #572, #118, #851, #1721, #498 ) ) ;
#1186 = ORIENTED_EDGE ( 'NONE', *, *, #3395, .F. ) ;
#1187 = FACE_OUTER_BOUND ( 'NONE', #1153, .T. ) ;
#1188 = DIRECTION ( 'NONE',  ( 0.000000000000000000, 1.000000000000000000, 0.000000000000000000 ) ) ;
#1189 = CARTESIAN_POINT ( 'NONE',  ( 5.000000000000000888, 3.000000000000002665, 18.80000000000000782 ) ) ;
#1190 = VERTEX_POINT ( 'NONE', #1245 ) ;
#1191 = CARTESIAN_POINT ( 'NONE',  ( -1.534912363743203612, -76.38224535103583435, -12.05937829840009634 ) ) ;
#1192 = DIRECTION ( 'NONE',  ( 0.1391731009600694624, -0.9902680687415698069, 0.000000000000000000 ) ) ;
#1193 = DIRECTION ( 'NONE',  ( -1.000000000000000000, -1.020425574104004122E-16, -0.000000000000000000 ) ) ;
#1194 = CARTESIAN_POINT ( 'NONE',  ( -17.44403028674813072, -48.45241241964315293, 3.049999999999991385 ) ) ;
#1195 = ADVANCED_FACE ( 'NONE', ( #2370 ), #1232, .F. ) ;
#1196 = ORIENTED_EDGE ( 'NONE', *, *, #1088, .F. ) ;
#1197 = CARTESIAN_POINT ( 'NONE',  ( 4.301980963932307667, -4.000000000000000888, -3.859353239809456326 ) ) ;
#1198 = AXIS2_PLACEMENT_3D ( 'NONE', #147, #2919, #2953 ) ;
#1199 = VECTOR ( 'NONE', #1953, 1000.000000000000000 ) ;
#1200 = DIRECTION ( 'NONE',  ( 0.000000000000000000, -1.000000000000000000, 0.000000000000000000 ) ) ;
#1201 = VECTOR ( 'NONE', #2901, 1000.000000000000000 ) ;
#1202 = VERTEX_POINT ( 'NONE', #686 ) ;
#1203 = AXIS2_PLACEMENT_3D ( 'NONE', #3490, #989, #3175 ) ;
#1204 = CIRCLE ( 'NONE', #1440, 2.999999999999999112 ) ;
#1205 = DIRECTION ( 'NONE',  ( -0.2077905067623293245, 0.9775774745778875729, 0.03413775765005937213 ) ) ;
#1206 = CARTESIAN_POINT ( 'NONE',  ( 12.00000000000000355, 16.99999999999999645, -10.00000000000000000 ) ) ;
#1207 = FACE_OUTER_BOUND ( 'NONE', #173, .T. ) ;
#1208 = ORIENTED_EDGE ( 'NONE', *, *, #1648, .F. ) ;
#1209 = VECTOR ( 'NONE', #487, 999.9999999999998863 ) ;
#1210 = CIRCLE ( 'NONE', #26, 2.000000000000001776 ) ;
#1211 = LINE ( 'NONE', #1798, #2174 ) ;
#1212 = DIRECTION ( 'NONE',  ( 4.625929269271485914E-16, -1.000000000000000000, -0.000000000000000000 ) ) ;
#1213 = DIRECTION ( 'NONE',  ( 0.9993908270190953180, 0.03489949670251165509, 0.000000000000000000 ) ) ;
#1214 = LINE ( 'NONE', #716, #2611 ) ;
#1215 = DIRECTION ( 'NONE',  ( 0.000000000000000000, 0.000000000000000000, -1.000000000000000000 ) ) ;
#1216 = ORIENTED_EDGE ( 'NONE', *, *, #2004, .F. ) ;
#1217 = DIRECTION ( 'NONE',  ( 0.000000000000000000, -1.000000000000000000, 1.734723475976807094E-15 ) ) ;
#1218 = EDGE_CURVE ( 'NONE', #2285, #101, #1817, .T. ) ;
#1219 = EDGE_CURVE ( 'NONE', #838, #2383, #1214, .T. ) ;
#1220 = DIRECTION ( 'NONE',  ( -0.000000000000000000, 1.230300337572203386E-16, 1.000000000000000000 ) ) ;
#1221 = VERTEX_POINT ( 'NONE', #2061 ) ;
#1222 = ORIENTED_EDGE ( 'NONE', *, *, #3601, .T. ) ;
#1223 = FACE_OUTER_BOUND ( 'NONE', #2302, .T. ) ;
#1224 = CARTESIAN_POINT ( 'NONE',  ( -4.223430629139511616, -13.70319773728187407, -6.368444319672033060 ) ) ;
#1225 = CARTESIAN_POINT ( 'NONE',  ( -22.99999999999999289, -2.000000000000005329, -11.64154703437737659 ) ) ;
#1226 = ORIENTED_EDGE ( 'NONE', *, *, #1329, .F. ) ;
#1227 = CARTESIAN_POINT ( 'NONE',  ( -5.279662784722490620, -89.00000000000001421, -6.029601188155564451 ) ) ;
#1228 = CARTESIAN_POINT ( 'NONE',  ( -26.08084102806915894, 15.49999999999999289, -10.00000000000000000 ) ) ;
#1229 = VECTOR ( 'NONE', #1610, 1000.000000000000227 ) ;
#1230 = CARTESIAN_POINT ( 'NONE',  ( 20.00000000000000355, 13.99999999999999822, -10.00000000000000000 ) ) ;
#1231 = AXIS2_PLACEMENT_3D ( 'NONE', #2843, #1165, #319 ) ;
#1232 = PLANE ( 'NONE',  #2081 ) ;
#1233 = CARTESIAN_POINT ( 'NONE',  ( -1.034303510779430724, -75.11832120201748353, -8.513107689491297592 ) ) ;
#1234 = VERTEX_POINT ( 'NONE', #3543 ) ;
#1235 = CARTESIAN_POINT ( 'NONE',  ( -6.144293759740836691, -3.999999999999999112, -12.63832553457315022 ) ) ;
#1236 = PLANE ( 'NONE',  #1383 ) ;
#1237 = EDGE_CURVE ( 'NONE', #2548, #1234, #426, .T. ) ;
#1238 = ORIENTED_EDGE ( 'NONE', *, *, #3327, .F. ) ;
#1239 = DIRECTION ( 'NONE',  ( 0.000000000000000000, 0.000000000000000000, 1.000000000000000000 ) ) ;
#1240 = EDGE_CURVE ( 'NONE', #2441, #2163, #1311, .T. ) ;
#1241 = EDGE_CURVE ( 'NONE', #2977, #1221, #1265, .T. ) ;
#1242 = ORIENTED_EDGE ( 'NONE', *, *, #1514, .T. ) ;
#1243 = FACE_OUTER_BOUND ( 'NONE', #2889, .T. ) ;
#1244 = CYLINDRICAL_SURFACE ( 'NONE', #2086, 1.899999999999999023 ) ;
#1245 = CARTESIAN_POINT ( 'NONE',  ( 17.00000000000000000, 30.00000000000000000, -18.80000000000000071 ) ) ;
#1246 = LINE ( 'NONE', #1856, #2734 ) ;
#1247 = DIRECTION ( 'NONE',  ( 1.000000000000000000, 0.000000000000000000, 0.000000000000000000 ) ) ;
#1248 = DIRECTION ( 'NONE',  ( 0.9902680687415698069, 0.1391731009600689628, 0.000000000000000000 ) ) ;
#1249 = ORIENTED_EDGE ( 'NONE', *, *, #881, .T. ) ;
#1250 = VERTEX_POINT ( 'NONE', #163 ) ;
#1251 = CYLINDRICAL_SURFACE ( 'NONE', #170, 3.000000000000000000 ) ;
#1252 =( BOUNDED_CURVE ( )  B_SPLINE_CURVE ( 3, ( #2173, #3364, #1950, #1052 ),
 .UNSPECIFIED., .F., .F. ) 
 B_SPLINE_CURVE_WITH_KNOTS ( ( 4, 4 ),
 ( 4.712388980384684345, 5.639684198386291314 ),
 .UNSPECIFIED. ) 
 CURVE ( )  GEOMETRIC_REPRESENTATION_ITEM ( )  RATIONAL_B_SPLINE_CURVE ( ( 1.000000000000000000, 0.9296181273332779771, 0.9296181273332779771, 1.000000000000000000 ) ) 
 REPRESENTATION_ITEM ( '' )  );
#1253 = VECTOR ( 'NONE', #2785, 1000.000000000000000 ) ;
#1254 = DIRECTION ( 'NONE',  ( -0.1390899611223743171, 0.9896764980577128501, 0.03456026486007390819 ) ) ;
#1255 = EDGE_LOOP ( 'NONE', ( #1767, #364, #2349, #3658 ) ) ;
#1256 = ORIENTED_EDGE ( 'NONE', *, *, #2804, .T. ) ;
#1257 = EDGE_CURVE ( 'NONE', #1074, #2943, #1282, .T. ) ;
#1258 = CARTESIAN_POINT ( 'NONE',  ( 3.305451061317741690, -55.82235198506143092, 0.000000000000000000 ) ) ;
#1259 = ADVANCED_FACE ( 'NONE', ( #1855 ), #3363, .T. ) ;
#1260 = LINE ( 'NONE', #1228, #272 ) ;
#1261 = DIRECTION ( 'NONE',  ( 0.2586719321207321953, 0.9653767931665647728, 0.03371170046685230404 ) ) ;
#1262 = AXIS2_PLACEMENT_3D ( 'NONE', #3609, #3029, #1895 ) ;
#1263 = CIRCLE ( 'NONE', #3155, 2.000000000000000000 ) ;
#1264 = DIRECTION ( 'NONE',  ( -0.000000000000000000, -0.000000000000000000, 1.000000000000000000 ) ) ;
#1265 = LINE ( 'NONE', #444, #2735 ) ;
#1266 = CARTESIAN_POINT ( 'NONE',  ( -3.733324399103165714, -55.91378969315681502, -7.842470671473365407 ) ) ;
#1267 = CARTESIAN_POINT ( 'NONE',  ( -21.99999999999999645, 0.000000000000000000, -15.80000000000000071 ) ) ;
#1268 = CARTESIAN_POINT ( 'NONE',  ( 16.90000000000000568, 13.99999999999999822, -10.00000000000000000 ) ) ;
#1269 = ORIENTED_EDGE ( 'NONE', *, *, #71, .T. ) ;
#1270 = ORIENTED_EDGE ( 'NONE', *, *, #2116, .T. ) ;
#1271 = DIRECTION ( 'NONE',  ( 0.000000000000000000, 1.000000000000000000, -1.479955919026486811E-16 ) ) ;
#1272 = DIRECTION ( 'NONE',  ( -0.000000000000000000, -1.000000000000000000, 0.000000000000000000 ) ) ;
#1273 = ORIENTED_EDGE ( 'NONE', *, *, #1864, .T. ) ;
#1274 = ORIENTED_EDGE ( 'NONE', *, *, #3254, .T. ) ;
#1275 =( BOUNDED_SURFACE ( )  B_SPLINE_SURFACE ( 3, 2, ( 
 ( #2088, #1224, #2053 ),
 ( #2661, #3243, #2102 ),
 ( #694, #1774, #2905 ),
 ( #945, #964, #104 ),
 ( #2347, #1810, #2068 ),
 ( #135, #3204, #3518 ) ),
 .UNSPECIFIED., .F., .F., .F. ) 
 B_SPLINE_SURFACE_WITH_KNOTS ( ( 4, 2, 4 ),
 ( 3, 3 ),
 ( 4.450589592585535215, 4.686209041604767478, 4.921828490623998853 ),
 ( 0.000000000000000000, 1.000000000000000000 ),
 .UNSPECIFIED. ) 
 GEOMETRIC_REPRESENTATION_ITEM ( )  RATIONAL_B_SPLINE_SURFACE ( (
 ( 1.000000000000000000, 0.7039060113356399029, 1.000000000000000000),
 ( 1.000000000000000000, 0.7048463212102258346, 1.000000000000000000),
 ( 1.000000000000000000, 0.7058145137321305551, 1.000000000000000000),
 ( 1.000000000000000000, 0.7077529149240672224, 1.000000000000000000),
 ( 1.000000000000000000, 0.7087230720200790035, 1.000000000000000000),
 ( 1.000000000000000000, 0.7096675324995873613, 1.000000000000000000) ) ) 
 REPRESENTATION_ITEM ( '' )  SURFACE ( )  );
#1276 = CARTESIAN_POINT ( 'NONE',  ( -10.25682685363648261, -22.69717742125171256, -3.180387605983530541 ) ) ;
#1277 = FACE_OUTER_BOUND ( 'NONE', #1924, .T. ) ;
#1278 = DIRECTION ( 'NONE',  ( -0.000000000000000000, 1.230300337572203386E-16, 1.000000000000000000 ) ) ;
#1279 = EDGE_CURVE ( 'NONE', #1079, #1997, #503, .T. ) ;
#1280 = ADVANCED_FACE ( 'NONE', ( #2227 ), #1637, .F. ) ;
#1281 = PLANE ( 'NONE',  #2442 ) ;
#1282 = LINE ( 'NONE', #2409, #1145 ) ;
#1283 = CARTESIAN_POINT ( 'NONE',  ( 20.00000000000000000, 30.00000000000000000, -18.80000000000000071 ) ) ;
#1284 = AXIS2_PLACEMENT_3D ( 'NONE', #3469, #3539, #386 ) ;
#1285 = EDGE_CURVE ( 'NONE', #540, #2522, #3622, .T. ) ;
#1286 = CARTESIAN_POINT ( 'NONE',  ( 18.00000000000000000, 2.999999999999998668, -3.011072104942093125E-16 ) ) ;
#1287 = VECTOR ( 'NONE', #1205, 999.9999999999998863 ) ;
#1288 = CARTESIAN_POINT ( 'NONE',  ( 20.00000000000000355, -4.000000000000003553, -12.63832553457315200 ) ) ;
#1289 = ORIENTED_EDGE ( 'NONE', *, *, #2299, .T. ) ;
#1290 = ORIENTED_EDGE ( 'NONE', *, *, #1110, .F. ) ;
#1291 = CARTESIAN_POINT ( 'NONE',  ( -20.08907630637911979, -89.00000000000001421, -10.93510930367118483 ) ) ;
#1292 = ORIENTED_EDGE ( 'NONE', *, *, #1670, .F. ) ;
#1293 = ORIENTED_EDGE ( 'NONE', *, *, #3007, .T. ) ;
#1294 = CARTESIAN_POINT ( 'NONE',  ( -1.693629142100349583E-16, -1.171572875253802826, -16.80000000000000071 ) ) ;
#1295 = CARTESIAN_POINT ( 'NONE',  ( -22.73278310193625984, -2.895418156327327797, -17.90458184367265915 ) ) ;
#1296 = CARTESIAN_POINT ( 'NONE',  ( -18.65182388137579039, -85.50000000000000000, -6.371073247786639193 ) ) ;
#1297 = VERTEX_POINT ( 'NONE', #3066 ) ;
#1298 = CARTESIAN_POINT ( 'NONE',  ( 5.000000000000000888, 25.00000000000000000, 18.80000000000000782 ) ) ;
#1299 = CARTESIAN_POINT ( 'NONE',  ( 5.000000000000000888, 25.00000000000000000, -17.00000000000000355 ) ) ;
#1300 = CARTESIAN_POINT ( 'NONE',  ( 0.000000000000000000, 30.00000000000000000, 0.000000000000000000 ) ) ;
#1301 = CARTESIAN_POINT ( 'NONE',  ( -6.000000000000002665, -76.17580952735310973, -8.550035995540559597 ) ) ;
#1302 = CYLINDRICAL_SURFACE ( 'NONE', #2978, 2.999999999999999112 ) ;
#1303 = DIRECTION ( 'NONE',  ( -0.000000000000000000, -0.000000000000000000, 1.000000000000000000 ) ) ;
#1304 = ADVANCED_FACE ( 'NONE', ( #1086 ), #1616, .T. ) ;
#1305 = CARTESIAN_POINT ( 'NONE',  ( -2.140528280610397349, -20.88923681421778156, -3.091661977703952235 ) ) ;
#1306 = VERTEX_POINT ( 'NONE', #2209 ) ;
#1307 = ORIENTED_EDGE ( 'NONE', *, *, #1575, .T. ) ;
#1308 = CARTESIAN_POINT ( 'NONE',  ( -18.85035861863692475, -89.00000000000001421, -7.678856171332950176 ) ) ;
#1309 = EDGE_LOOP ( 'NONE', ( #2135, #809, #1710, #3516, #1039, #3163, #1139, #3336, #2319, #3128 ) ) ;
#1310 = VERTEX_POINT ( 'NONE', #3084 ) ;
#1311 = CIRCLE ( 'NONE', #1787, 2.999999999999999112 ) ;
#1312 = FACE_OUTER_BOUND ( 'NONE', #2745, .T. ) ;
#1313 = CARTESIAN_POINT ( 'NONE',  ( 12.00000000000000355, 12.49999999999999645, -10.00000000000000000 ) ) ;
#1314 = CARTESIAN_POINT ( 'NONE',  ( -3.733302766310977017, -55.79179538000575889, -11.34034394123039036 ) ) ;
#1315 = ORIENTED_EDGE ( 'NONE', *, *, #481, .F. ) ;
#1316 = AXIS2_PLACEMENT_3D ( 'NONE', #1750, #2325, #655 ) ;
#1317 = APPLICATION_PROTOCOL_DEFINITION ( 'draft international standard', 'automotive_design', 1998, #6 ) ;
#1318 = DIRECTION ( 'NONE',  ( -1.000000000000000000, -1.020425574104004122E-16, -0.000000000000000000 ) ) ;
#1319 = AXIS2_PLACEMENT_3D ( 'NONE', #1299, #499, #2425 ) ;
#1320 = CARTESIAN_POINT ( 'NONE',  ( -24.99999999999996092, -85.50000000000000000, -8.875643901733010210 ) ) ;
#1321 = CIRCLE ( 'NONE', #2322, 1.899999999999999023 ) ;
#1322 = CYLINDRICAL_SURFACE ( 'NONE', #450, 2.500000000000000444 ) ;
#1323 = DIRECTION ( 'NONE',  ( 8.673617379884042375E-16, 1.000000000000000000, 0.000000000000000000 ) ) ;
#1324 = B_SPLINE_CURVE_WITH_KNOTS ( 'NONE', 3,
 ( #3504, #1780, #2386, #2965, #2910, #987 ),
 .UNSPECIFIED., .F., .F.,
 ( 4, 2, 4 ),
 ( 1.450766223465140510E-17, 0.0003741659626123176353, 0.0007483319252246207424 ),
 .UNSPECIFIED. ) ;
#1325 = CARTESIAN_POINT ( 'NONE',  ( -2.305002897592756561, -27.17026903024085271, -3.349384689573090323 ) ) ;
#1326 = VERTEX_POINT ( 'NONE', #1051 ) ;
#1327 = ORIENTED_EDGE ( 'NONE', *, *, #2389, .T. ) ;
#1328 = ADVANCED_FACE ( 'NONE', ( #2724 ), #197, .F. ) ;
#1329 = EDGE_CURVE ( 'NONE', #459, #2925, #3252, .T. ) ;
#1330 = CARTESIAN_POINT ( 'NONE',  ( -16.48245452830991908, -89.00000000000001421, -9.393409074876192477 ) ) ;
#1331 = ORIENTED_EDGE ( 'NONE', *, *, #482, .F. ) ;
#1332 = ORIENTED_EDGE ( 'NONE', *, *, #2778, .T. ) ;
#1333 = CARTESIAN_POINT ( 'NONE',  ( 12.00000000000000355, 16.99999999999999645, -10.00000000000000000 ) ) ;
#1334 = CARTESIAN_POINT ( 'NONE',  ( -23.00425420429679946, -2.136564420087784910, -18.66343557991231705 ) ) ;
#1335 = CARTESIAN_POINT ( 'NONE',  ( 2.771308074079103623, -52.84075595943607340, -11.23729137386361110 ) ) ;
#1336 = ORIENTED_EDGE ( 'NONE', *, *, #3455, .F. ) ;
#1337 = DIRECTION ( 'NONE',  ( 0.000000000000000000, 0.000000000000000000, 1.000000000000000000 ) ) ;
#1338 = CARTESIAN_POINT ( 'NONE',  ( -0.3999999999999927502, -79.00000000000001421, -12.15043293736211893 ) ) ;
#1339 = CARTESIAN_POINT ( 'NONE',  ( -24.89889384336390066, -6.895301509892440173, -3.621871180366213583 ) ) ;
#1340 = LINE ( 'NONE', #2527, #1023 ) ;
#1341 = LINE ( 'NONE', #1642, #3365 ) ;
#1342 = DIRECTION ( 'NONE',  ( -0.1390899611223747334, 0.9896764980577127391, 0.03456026486007358206 ) ) ;
#1343 = ORIENTED_EDGE ( 'NONE', *, *, #3481, .T. ) ;
#1344 = VECTOR ( 'NONE', #1446, 1000.000000000000000 ) ;
#1345 = EDGE_LOOP ( 'NONE', ( #3533, #2989, #45, #745 ) ) ;
#1346 = CARTESIAN_POINT ( 'NONE',  ( -6.782500451190863089, -24.72769091786213025, -0.000000000000000000 ) ) ;
#1347 = EDGE_CURVE ( 'NONE', #3022, #3441, #3079, .T. ) ;
#1348 = ORIENTED_EDGE ( 'NONE', *, *, #612, .F. ) ;
#1349 = ORIENTED_EDGE ( 'NONE', *, *, #202, .F. ) ;
#1350 = DIRECTION ( 'NONE',  ( 1.000000000000000000, 1.020425574104004122E-16, 0.000000000000000000 ) ) ;
#1351 = CARTESIAN_POINT ( 'NONE',  ( -24.74233464786855308, -3.261203874963749527, -17.53879612503623520 ) ) ;
#1352 = ADVANCED_FACE ( 'NONE', ( #1888 ), #2191, .F. ) ;
#1353 = CARTESIAN_POINT ( 'NONE',  ( -3.626425419873241740, -56.55226721486440766, -11.36690020288045488 ) ) ;
#1354 = EDGE_CURVE ( 'NONE', #3497, #2205, #3325, .T. ) ;
#1355 = VERTEX_POINT ( 'NONE', #2784 ) ;
#1356 = CARTESIAN_POINT ( 'NONE',  ( 3.941975981525931871, -85.49999999999998579, -18.80000000000000071 ) ) ;
#1357 = CARTESIAN_POINT ( 'NONE',  ( -19.13466826877932192, -86.00000000000000000, -6.387924273892649829 ) ) ;
#1358 = CARTESIAN_POINT ( 'NONE',  ( 16.90000000000000568, 13.99999999999999822, -10.00000000000000000 ) ) ;
#1359 = DIRECTION ( 'NONE',  ( 1.000000000000000000, 0.000000000000000000, 0.000000000000000000 ) ) ;
#1360 = DIRECTION ( 'NONE',  ( -1.000000000000000000, -0.000000000000000000, 0.000000000000000000 ) ) ;
#1361 = DIRECTION ( 'NONE',  ( -0.03489949670251146080, 0.9993908270190953180, 6.672013369141561766E-17 ) ) ;
#1362 = VERTEX_POINT ( 'NONE', #1871 ) ;
#1363 = ORIENTED_EDGE ( 'NONE', *, *, #161, .F. ) ;
#1364 = CARTESIAN_POINT ( 'NONE',  ( -25.00000000000000000, -3.072291219578073385, -7.859338060787742997 ) ) ;
#1365 = CARTESIAN_POINT ( 'NONE',  ( -16.12918348404364366, -89.00000000000001421, -9.393409058628295227 ) ) ;
#1366 = ORIENTED_EDGE ( 'NONE', *, *, #2867, .T. ) ;
#1367 = ORIENTED_EDGE ( 'NONE', *, *, #1160, .T. ) ;
#1368 = CARTESIAN_POINT ( 'NONE',  ( -4.026400864129413115, -54.40604198801963065, -7.789818961410557741 ) ) ;
#1369 = CARTESIAN_POINT ( 'NONE',  ( -22.92492030092839173, -3.188166171726423137, -17.61183382827356070 ) ) ;
#1370 = CYLINDRICAL_SURFACE ( 'NONE', #2028, 2.999999999999999556 ) ;
#1371 = ORIENTED_EDGE ( 'NONE', *, *, #1918, .T. ) ;
#1372 = AXIS2_PLACEMENT_3D ( 'NONE', #1, #774, #1889 ) ;
#1373 = VECTOR ( 'NONE', #371, 1000.000000000000000 ) ;
#1374 = EDGE_CURVE ( 'NONE', #2998, #307, #456, .T. ) ;
#1375 = EDGE_CURVE ( 'NONE', #2461, #2402, #3193, .T. ) ;
#1376 = FACE_OUTER_BOUND ( 'NONE', #1095, .T. ) ;
#1377 = DIRECTION ( 'NONE',  ( -0.000000000000000000, -1.000000000000000000, 1.230300337572203386E-16 ) ) ;
#1378 = CARTESIAN_POINT ( 'NONE',  ( -1.693629142100349583E-16, -1.171572875253802826, -18.80000000000000071 ) ) ;
#1379 = PLANE ( 'NONE',  #620 ) ;
#1380 =( BOUNDED_CURVE ( )  B_SPLINE_CURVE ( 3, ( #166, #1014, #3513, #3272 ),
 .UNSPECIFIED., .F., .F. ) 
 B_SPLINE_CURVE_WITH_KNOTS ( ( 4, 4 ),
 ( 1.273931984327272726, 1.570796326794901221 ),
 .UNSPECIFIED. ) 
 CURVE ( )  GEOMETRIC_REPRESENTATION_ITEM ( )  RATIONAL_B_SPLINE_CURVE ( ( 1.000000000000000000, 0.9926694373336509836, 0.9926694373336509836, 1.000000000000000000 ) ) 
 REPRESENTATION_ITEM ( '' )  );
#1381 = AXIS2_PLACEMENT_3D ( 'NONE', #2032, #1248, #3495 ) ;
#1382 = CARTESIAN_POINT ( 'NONE',  ( -21.49786659495411811, -4.000000000000003553, -4.991803722252002196 ) ) ;
#1383 = AXIS2_PLACEMENT_3D ( 'NONE', #2656, #2099, #2881 ) ;
#1384 = AXIS2_PLACEMENT_3D ( 'NONE', #129, #995, #1247 ) ;
#1385 = CARTESIAN_POINT ( 'NONE',  ( -3.141939053227974732, 0.000000000000000000, -6.029601188155563563 ) ) ;
#1386 = FACE_OUTER_BOUND ( 'NONE', #2482, .T. ) ;
#1387 = VECTOR ( 'NONE', #3471, 1000.000000000000000 ) ;
#1388 = ORIENTED_EDGE ( 'NONE', *, *, #2546, .F. ) ;
#1389 = CIRCLE ( 'NONE', #3630, 1.799999999999999600 ) ;
#1390 = AXIS2_PLACEMENT_3D ( 'NONE', #1225, #1159, #2000 ) ;
#1391 = FACE_OUTER_BOUND ( 'NONE', #3075, .T. ) ;
#1392 = DIRECTION ( 'NONE',  ( 0.000000000000000000, 1.000000000000000000, -0.000000000000000000 ) ) ;
#1393 = ORIENTED_EDGE ( 'NONE', *, *, #2412, .T. ) ;
#1394 = ORIENTED_EDGE ( 'NONE', *, *, #502, .F. ) ;
#1395 = CARTESIAN_POINT ( 'NONE',  ( 1.550963468233428344, -89.00000000000000000, -9.289887402045851061 ) ) ;
#1396 = CARTESIAN_POINT ( 'NONE',  ( -21.34717433048484381, -4.000000000000005329, -12.38142218027058483 ) ) ;
#1397 = CARTESIAN_POINT ( 'NONE',  ( 20.00000000000000000, 30.00000000000000000, 0.000000000000000000 ) ) ;
#1398 = ORIENTED_EDGE ( 'NONE', *, *, #3165, .T. ) ;
#1399 = CARTESIAN_POINT ( 'NONE',  ( -1.623466631435290797, -89.00000000000001421, -2.495834222360339805 ) ) ;
#1400 = FACE_OUTER_BOUND ( 'NONE', #2920, .T. ) ;
#1401 = EDGE_CURVE ( 'NONE', #1907, #3428, #2153, .T. ) ;
#1402 = EDGE_CURVE ( 'NONE', #3428, #1306, #2908, .T. ) ;
#1403 = CARTESIAN_POINT ( 'NONE',  ( -24.90499441482469933, -6.720604000370569153, -3.374158747533912983 ) ) ;
#1404 = CARTESIAN_POINT ( 'NONE',  ( 1.988102442840660178, -79.35472578807751631, -7.701177862111435068 ) ) ;
#1405 = CARTESIAN_POINT ( 'NONE',  ( 6.092573231139764900, -75.65375668479852322, -3.000000000000000000 ) ) ;
#1406 = EDGE_CURVE ( 'NONE', #553, #2118, #3045, .T. ) ;
#1407 = VERTEX_POINT ( 'NONE', #524 ) ;
#1408 = CARTESIAN_POINT ( 'NONE',  ( -24.85193762785927873, -6.100421096442643965, -5.122214587469595237 ) ) ;
#1409 = AXIS2_PLACEMENT_3D ( 'NONE', #121, #2330, #2628 ) ;
#1410 = ORIENTED_EDGE ( 'NONE', *, *, #1401, .F. ) ;
#1411 = EDGE_LOOP ( 'NONE', ( #2864, #3206, #13, #1398 ) ) ;
#1412 = VECTOR ( 'NONE', #816, 1000.000000000000000 ) ;
#1413 = CARTESIAN_POINT ( 'NONE',  ( 0.4320901702281332302, -85.43010616249520695, -12.37533656019048678 ) ) ;
#1414 = CARTESIAN_POINT ( 'NONE',  ( 16.90000000000000568, 12.09999999999999787, -10.00000000000000000 ) ) ;
#1415 = VERTEX_POINT ( 'NONE', #52 ) ;
#1416 = DIRECTION ( 'NONE',  ( 0.000000000000000000, 0.000000000000000000, 1.000000000000000000 ) ) ;
#1417 = CARTESIAN_POINT ( 'NONE',  ( 18.00000000000000000, -5.204170427930415367E-16, -2.999999999999996891 ) ) ;
#1418 = CARTESIAN_POINT ( 'NONE',  ( 7.968265406799485362, -89.00000000000000000, 0.000000000000000000 ) ) ;
#1419 = DIRECTION ( 'NONE',  ( 0.000000000000000000, 0.000000000000000000, 1.000000000000000000 ) ) ;
#1420 = ORIENTED_EDGE ( 'NONE', *, *, #3054, .F. ) ;
#1421 = VERTEX_POINT ( 'NONE', #919 ) ;
#1422 = EDGE_CURVE ( 'NONE', #622, #2774, #2127, .T. ) ;
#1423 = CARTESIAN_POINT ( 'NONE',  ( -25.00000000000069633, -3.998105847202364060, -9.154887373505086856 ) ) ;
#1424 = VERTEX_POINT ( 'NONE', #630 ) ;
#1425 = EDGE_LOOP ( 'NONE', ( #7, #2584, #2715, #3515 ) ) ;
#1426 = CARTESIAN_POINT ( 'NONE',  ( 7.791100961745498488, -89.00000000000000000, -7.368683353257975632 ) ) ;
#1427 = CARTESIAN_POINT ( 'NONE',  ( -24.99131943888452057, -4.000000000000006217, -3.184803329624095181 ) ) ;
#1428 = DIRECTION ( 'NONE',  ( -1.000000000000000000, -1.020425574104004122E-16, -0.000000000000000000 ) ) ;
#1429 = ORIENTED_EDGE ( 'NONE', *, *, #1864, .F. ) ;
#1430 = LINE ( 'NONE', #2558, #2701 ) ;
#1431 = DIRECTION ( 'NONE',  ( -1.000000000000000000, 1.445602896647339410E-16, -0.000000000000000000 ) ) ;
#1432 = DIRECTION ( 'NONE',  ( 1.000000000000000000, 4.625929269271485914E-16, 0.000000000000000000 ) ) ;
#1433 = VECTOR ( 'NONE', #631, 1000.000000000000000 ) ;
#1434 = CARTESIAN_POINT ( 'NONE',  ( -18.65182388137579395, -85.50000000000000000, -18.80000000000000071 ) ) ;
#1435 = VERTEX_POINT ( 'NONE', #865 ) ;
#1436 = LINE ( 'NONE', #1718, #1445 ) ;
#1437 = VECTOR ( 'NONE', #696, 1000.000000000000000 ) ;
#1438 = CIRCLE ( 'NONE', #205, 1.999999999999999556 ) ;
#1439 = CARTESIAN_POINT ( 'NONE',  ( -24.99999999999999645, -5.618272408975256482, -5.277009813562108853 ) ) ;
#1440 = AXIS2_PLACEMENT_3D ( 'NONE', #2554, #520, #3618 ) ;
#1441 = ORIENTED_EDGE ( 'NONE', *, *, #3121, .F. ) ;
#1442 = ADVANCED_FACE ( 'NONE', ( #2246 ), #1122, .F. ) ;
#1443 = EDGE_CURVE ( 'NONE', #2998, #416, #2840, .T. ) ;
#1444 = EDGE_LOOP ( 'NONE', ( #3057, #2796, #1753, #2234, #3343, #1797, #2382, #2455 ) ) ;
#1445 = VECTOR ( 'NONE', #636, 1000.000000000000114 ) ;
#1446 = DIRECTION ( 'NONE',  ( -0.000000000000000000, -0.000000000000000000, 1.000000000000000000 ) ) ;
#1447 = CYLINDRICAL_SURFACE ( 'NONE', #2140, 40.00000000000000711 ) ;
#1448 = FACE_OUTER_BOUND ( 'NONE', #177, .T. ) ;
#1449 = ORIENTED_EDGE ( 'NONE', *, *, #859, .T. ) ;
#1450 = CYLINDRICAL_SURFACE ( 'NONE', #1902, 36.50000000000000711 ) ;
#1451 = LINE ( 'NONE', #2005, #1373 ) ;
#1452 = CYLINDRICAL_SURFACE ( 'NONE', #1549, 1.600000000000002087 ) ;
#1453 = ORIENTED_EDGE ( 'NONE', *, *, #209, .F. ) ;
#1454 = CARTESIAN_POINT ( 'NONE',  ( -0.8911165526630179246, -4.000000000000000000, -11.36112013991543712 ) ) ;
#1455 = CARTESIAN_POINT ( 'NONE',  ( -25.00000000000070344, -6.197346448710665534, -3.697593551086117092 ) ) ;
#1456 = ORIENTED_EDGE ( 'NONE', *, *, #462, .F. ) ;
#1457 = ORIENTED_EDGE ( 'NONE', *, *, #3253, .F. ) ;
#1458 = EDGE_CURVE ( 'NONE', #208, #2732, #2019, .T. ) ;
#1459 = AXIS2_PLACEMENT_3D ( 'NONE', #2444, #2702, #3019 ) ;
#1460 = CARTESIAN_POINT ( 'NONE',  ( -18.99329594100774443, 0.000000000000000000, -6.029601188155562674 ) ) ;
#1461 = CARTESIAN_POINT ( 'NONE',  ( -22.25306563222089906, -2.000000000014700241, -18.79999999998565130 ) ) ;
#1462 = CARTESIAN_POINT ( 'NONE',  ( 16.00000000000000355, 2.999999999999997780, -2.999999999999997335 ) ) ;
#1463 = ORIENTED_EDGE ( 'NONE', *, *, #2460, .F. ) ;
#1464 = CIRCLE ( 'NONE', #1762, 2.000000000000001776 ) ;
#1465 = EDGE_CURVE ( 'NONE', #155, #1839, #2891, .T. ) ;
#1466 = FACE_OUTER_BOUND ( 'NONE', #2245, .T. ) ;
#1467 = ADVANCED_FACE ( 'NONE', ( #3150, #1466 ), #1178, .F. ) ;
#1468 = FACE_OUTER_BOUND ( 'NONE', #959, .T. ) ;
#1469 = DIRECTION ( 'NONE',  ( -0.000000000000000000, -1.000000000000000000, 0.000000000000000000 ) ) ;
#1470 = DIRECTION ( 'NONE',  ( -0.03489949670251166203, 0.9993908270190954291, 0.000000000000000000 ) ) ;
#1471 = EDGE_LOOP ( 'NONE', ( #740, #293 ) ) ;
#1472 = CARTESIAN_POINT ( 'NONE',  ( 4.301980963936878233, -4.000000000000000888, -2.541848489443937709 ) ) ;
#1473 = LINE ( 'NONE', #1788, #2500 ) ;
#1474 = AXIS2_PLACEMENT_3D ( 'NONE', #1931, #1318, #790 ) ;
#1475 = ORIENTED_EDGE ( 'NONE', *, *, #1402, .T. ) ;
#1476 = ORIENTED_EDGE ( 'NONE', *, *, #1820, .T. ) ;
#1477 = DIRECTION ( 'NONE',  ( -0.03487826274238545882, 0.9987827659587178442, 0.03487826274237468271 ) ) ;
#1478 = DIRECTION ( 'NONE',  ( 1.000000000000000000, -1.235693434942383198E-14, 0.000000000000000000 ) ) ;
#1479 = CARTESIAN_POINT ( 'NONE',  ( 4.588094707608533440, -85.65195910250508859, -12.38308383556964287 ) ) ;
#1480 = ORIENTED_EDGE ( 'NONE', *, *, #347, .T. ) ;
#1481 = ADVANCED_FACE ( 'NONE', ( #3118 ), #2806, .F. ) ;
#1482 = FACE_BOUND ( 'NONE', #1061, .T. ) ;
#1483 = EDGE_CURVE ( 'NONE', #1960, #421, #2310, .T. ) ;
#1484 = ADVANCED_FACE ( 'NONE', ( #1694 ), #594, .F. ) ;
#1485 = CARTESIAN_POINT ( 'NONE',  ( 6.800000000000000711, 3.000000000000002665, -18.80000000000000071 ) ) ;
#1486 = CARTESIAN_POINT ( 'NONE',  ( -18.99329594100774443, 0.000000000000000000, -6.029601188155562674 ) ) ;
#1487 = LINE ( 'NONE', #1434, #2970 ) ;
#1488 = ORIENTED_EDGE ( 'NONE', *, *, #814, .T. ) ;
#1489 = CARTESIAN_POINT ( 'NONE',  ( -6.144293759740839356, -7.104698490107501208, -9.640153053515863490 ) ) ;
#1490 = CIRCLE ( 'NONE', #962, 1.600000000000002087 ) ;
#1491 = AXIS2_PLACEMENT_3D ( 'NONE', #2613, #1193, #1746 ) ;
#1492 = CARTESIAN_POINT ( 'NONE',  ( -6.739724240634272334, -23.09413334214116986, -0.000000000000000000 ) ) ;
#1493 =( BOUNDED_CURVE ( )  B_SPLINE_CURVE ( 3, ( #1296, #2950, #2744, #1708 ),
 .UNSPECIFIED., .F., .F. ) 
 B_SPLINE_CURVE_WITH_KNOTS ( ( 4, 4 ),
 ( 3.926381829401480950, 5.498396131367603523 ),
 .UNSPECIFIED. ) 
 CURVE ( )  GEOMETRIC_REPRESENTATION_ITEM ( )  RATIONAL_B_SPLINE_CURVE ( ( 1.000000000000000000, 0.8044506872272227938, 0.8044506872272227938, 1.000000000000000000 ) ) 
 REPRESENTATION_ITEM ( '' )  );
#1494 = VECTOR ( 'NONE', #2421, 1000.000000000000000 ) ;
#1495 = ORIENTED_EDGE ( 'NONE', *, *, #2638, .T. ) ;
#1496 = EDGE_LOOP ( 'NONE', ( #2025, #1480 ) ) ;
#1497 = VECTOR ( 'NONE', #1377, 1000.000000000000000 ) ;
#1498 = CIRCLE ( 'NONE', #2976, 3.499999999999999556 ) ;
#1499 = CARTESIAN_POINT ( 'NONE',  ( 3.305451061317741690, -55.82235198506143092, -18.80000000000000071 ) ) ;
#1500 = CARTESIAN_POINT ( 'NONE',  ( 15.00000000000000000, 30.00000000000000000, -17.00000000000000355 ) ) ;
#1501 = DIRECTION ( 'NONE',  ( -0.9659258262890670910, 0.2588190451025252359, -8.673617379884033500E-16 ) ) ;
#1502 = ORIENTED_EDGE ( 'NONE', *, *, #1354, .F. ) ;
#1503 = AXIS2_PLACEMENT_3D ( 'NONE', #2589, #332, #931 ) ;
#1504 = CARTESIAN_POINT ( 'NONE',  ( 16.90000000000000568, 13.99999999999999822, -10.00000000000000000 ) ) ;
#1505 = DIRECTION ( 'NONE',  ( -1.000000000000000000, -4.625929269271485914E-16, 5.384700323245300374E-18 ) ) ;
#1506 = DIRECTION ( 'NONE',  ( 0.000000000000000000, 0.000000000000000000, -1.000000000000000000 ) ) ;
#1507 = CARTESIAN_POINT ( 'NONE',  ( -21.99999999999999645, -3.999999999999997335, -15.80000000000000071 ) ) ;
#1508 = CARTESIAN_POINT ( 'NONE',  ( -3.774953580563864985, -74.43649349593616193, -8.489297741334146608 ) ) ;
#1509 = EDGE_CURVE ( 'NONE', #2739, #1964, #2822, .T. ) ;
#1510 = EDGE_CURVE ( 'NONE', #2240, #2662, #1430, .T. ) ;
#1511 = ORIENTED_EDGE ( 'NONE', *, *, #2592, .T. ) ;
#1512 = CARTESIAN_POINT ( 'NONE',  ( -0.1604871792777531891, -56.30945783842167174, -4.371164413746783772 ) ) ;
#1513 = DIRECTION ( 'NONE',  ( -1.000000000000000000, 0.000000000000000000, 0.000000000000000000 ) ) ;
#1514 = EDGE_CURVE ( 'NONE', #1424, #1683, #3415, .T. ) ;
#1515 = CARTESIAN_POINT ( 'NONE',  ( -24.89889384336390066, -6.895301509892440173, -3.621871180366213583 ) ) ;
#1516 = VERTEX_POINT ( 'NONE', #1744 ) ;
#1517 = ORIENTED_EDGE ( 'NONE', *, *, #3103, .T. ) ;
#1518 =( BOUNDED_SURFACE ( )  B_SPLINE_SURFACE ( 3, 2, ( 
 ( #1472, #375, #924 ),
 ( #1197, #2303, #321 ),
 ( #3460, #113, #1167 ),
 ( #1768, #887, #75 ),
 ( #2900, #603, #3140 ),
 ( #1993, #42, #1183 ),
 ( #1454, #3494, #357 ),
 ( #98, #1732, #2044 ),
 ( #3438, #940, #3160 ),
 ( #1235, #2010, #1489 ) ),
 .UNSPECIFIED., .F., .F., .F. ) 
 B_SPLINE_SURFACE_WITH_KNOTS ( ( 4, 2, 2, 2, 4 ),
 ( 3, 3 ),
 ( 0.1251561734069752685, 0.5201134494164286748, 0.9150707254258820811, 1.310028001435335376, 1.704985277444788894 ),
 ( 0.000000000000000000, 1.000000000000000000 ),
 .UNSPECIFIED. ) 
 GEOMETRIC_REPRESENTATION_ITEM ( )  RATIONAL_B_SPLINE_SURFACE ( (
 ( 1.000000000000000000, 0.7933533402912363863, 1.000000000000000000),
 ( 1.000000000000000000, 0.7920096544573641539, 1.000000000000000000),
 ( 1.000000000000000000, 0.7885084423921406849, 1.000000000000000000),
 ( 1.000000000000000000, 0.7776104027541270725, 1.000000000000000000),
 ( 1.000000000000000000, 0.7702061747754119780, 1.000000000000000000),
 ( 1.000000000000000000, 0.7523279004212443111, 1.000000000000000000),
 ( 1.000000000000000000, 0.7418541606575476122, 1.000000000000000000),
 ( 1.000000000000000000, 0.7191424563924354585, 1.000000000000000000),
 ( 1.000000000000000000, 0.7069128576710677070, 1.000000000000000000),
 ( 1.000000000000000000, 0.6946583704589974761, 1.000000000000000000) ) ) 
 REPRESENTATION_ITEM ( '' )  SURFACE ( )  );
#1519 = CARTESIAN_POINT ( 'NONE',  ( 19.54662156086031999, -3.414213562373101585, -17.38578643762689069 ) ) ;
#1520 = CARTESIAN_POINT ( 'NONE',  ( 7.487964391361149552, -85.58248069711977735, -5.410411008545320755 ) ) ;
#1521 = ORIENTED_EDGE ( 'NONE', *, *, #1781, .F. ) ;
#1522 = FILL_AREA_STYLE_COLOUR ( '', #1755 ) ;
#1523 = CARTESIAN_POINT ( 'NONE',  ( -1.623466631435291685, 0.000000000000000000, 0.000000000000000000 ) ) ;
#1524 = VECTOR ( 'NONE', #461, 999.9999999999998863 ) ;
#1525 = DIRECTION ( 'NONE',  ( 0.000000000000000000, 1.000000000000000000, 0.000000000000000000 ) ) ;
#1526 = CARTESIAN_POINT ( 'NONE',  ( 18.00000000000000000, 0.000000000000000000, -17.00000000000000000 ) ) ;
#1527 = DIRECTION ( 'NONE',  ( 0.000000000000000000, -1.000000000000000000, 0.000000000000000000 ) ) ;
#1528 = CARTESIAN_POINT ( 'NONE',  ( -24.98456186069842033, -6.220722602585327721, -3.250000000000038636 ) ) ;
#1529 = CARTESIAN_POINT ( 'NONE',  ( -25.00000000000000000, -6.115263875854354936, -3.095680155128440969 ) ) ;
#1530 = ORIENTED_EDGE ( 'NONE', *, *, #2529, .T. ) ;
#1531 = VERTEX_POINT ( 'NONE', #2856 ) ;
#1532 = EDGE_CURVE ( 'NONE', #3479, #3560, #3529, .T. ) ;
#1533 = ADVANCED_FACE ( 'NONE', ( #2576 ), #2038, .F. ) ;
#1534 = LINE ( 'NONE', #1499, #2583 ) ;
#1535 = LINE ( 'NONE', #434, #3631 ) ;
#1536 = EDGE_LOOP ( 'NONE', ( #567, #981 ) ) ;
#1537 = EDGE_LOOP ( 'NONE', ( #2366, #34, #800, #2962, #2533, #910, #2329, #588, #1290, #985, #835 ) ) ;
#1538 =( BOUNDED_CURVE ( )  B_SPLINE_CURVE ( 3, ( #427, #1564, #164, #2692 ),
 .UNSPECIFIED., .F., .F. ) 
 B_SPLINE_CURVE_WITH_KNOTS ( ( 4, 4 ),
 ( 4.450589592585535215, 4.921828490623997965 ),
 .UNSPECIFIED. ) 
 CURVE ( )  GEOMETRIC_REPRESENTATION_ITEM ( )  RATIONAL_B_SPLINE_CURVE ( ( 1.000000000000000000, 0.9815799469317847414, 0.9815799469317847414, 1.000000000000000000 ) ) 
 REPRESENTATION_ITEM ( '' )  );
#1539 = DIRECTION ( 'NONE',  ( -0.000000000000000000, -0.000000000000000000, 1.000000000000000000 ) ) ;
#1540 = DIRECTION ( 'NONE',  ( -1.000000000000000000, 0.000000000000000000, 0.000000000000000000 ) ) ;
#1541 = LINE ( 'NONE', #1066, #3276 ) ;
#1542 = CARTESIAN_POINT ( 'NONE',  ( -11.10475531594062915, -17.96252627872523888, -3.700000000000005063 ) ) ;
#1543 = DIRECTION ( 'NONE',  ( -0.000000000000000000, -0.000000000000000000, 1.000000000000000000 ) ) ;
#1544 = LINE ( 'NONE', #2935, #441 ) ;
#1545 = CARTESIAN_POINT ( 'NONE',  ( -18.88061197021424675, -7.104698490107502984, -9.640153053515858161 ) ) ;
#1546 = LINE ( 'NONE', #1806, #1969 ) ;
#1547 = ORIENTED_EDGE ( 'NONE', *, *, #3501, .F. ) ;
#1548 = DIRECTION ( 'NONE',  ( -0.2588190451025245697, -0.9659258262890672020, -0.000000000000000000 ) ) ;
#1549 = AXIS2_PLACEMENT_3D ( 'NONE', #938, #20, #2828 ) ;
#1550 = CARTESIAN_POINT ( 'NONE',  ( 19.08714352325126384, -2.811699472262880306, -17.98830052773711685 ) ) ;
#1551 = EDGE_CURVE ( 'NONE', #58, #1147, #2072, .T. ) ;
#1552 = ADVANCED_FACE ( 'NONE', ( #663 ), #1779, .T. ) ;
#1553 = ORIENTED_EDGE ( 'NONE', *, *, #993, .T. ) ;
#1554 = VERTEX_POINT ( 'NONE', #3208 ) ;
#1555 = AXIS2_PLACEMENT_3D ( 'NONE', #3229, #175, #2125 ) ;
#1556 = CARTESIAN_POINT ( 'NONE',  ( -21.74141084293023951, -48.60248025546395212, -3.450000000000007283 ) ) ;
#1557 = PLANE ( 'NONE',  #3034 ) ;
#1558 = CARTESIAN_POINT ( 'NONE',  ( 3.014165470765286958, -53.98331018019548111, -4.318182290910307586 ) ) ;
#1559 = VECTOR ( 'NONE', #1506, 1000.000000000000000 ) ;
#1560 = VECTOR ( 'NONE', #1805, 1000.000000000000000 ) ;
#1561 = CIRCLE ( 'NONE', #3636, 2.999999999999999112 ) ;
#1562 = DIRECTION ( 'NONE',  ( 0.000000000000000000, -0.7071067811865499042, -0.7071067811865451302 ) ) ;
#1563 = DIRECTION ( 'NONE',  ( -0.1391731009600694624, 0.9902680687415698069, 0.000000000000000000 ) ) ;
#1564 = CARTESIAN_POINT ( 'NONE',  ( -6.039310086789726029, -20.48015213365300369, -3.090052010219078937 ) ) ;
#1565 = DIRECTION ( 'NONE',  ( 0.9993908270190953180, 0.03489949670251179387, 0.000000000000000000 ) ) ;
#1566 = CARTESIAN_POINT ( 'NONE',  ( -17.70090558972447781, -41.09646618148914143, -3.250000000000038636 ) ) ;
#1567 = ORIENTED_EDGE ( 'NONE', *, *, #182, .F. ) ;
#1568 = CARTESIAN_POINT ( 'NONE',  ( -17.42011538148003069, -89.00000000000001421, -9.109099408487388416 ) ) ;
#1569 = ORIENTED_EDGE ( 'NONE', *, *, #2755, .T. ) ;
#1570 = ORIENTED_EDGE ( 'NONE', *, *, #2639, .F. ) ;
#1571 = CYLINDRICAL_SURFACE ( 'NONE', #823, 3.000000000000000000 ) ;
#1572 = DIRECTION ( 'NONE',  ( 1.000000000000000000, 0.000000000000000000, 0.000000000000000000 ) ) ;
#1573 = DIRECTION ( 'NONE',  ( 0.000000000000000000, -1.000000000000000000, 0.000000000000000000 ) ) ;
#1574 = EDGE_LOOP ( 'NONE', ( #2678, #2200 ) ) ;
#1575 = EDGE_CURVE ( 'NONE', #1174, #3245, #299, .T. ) ;
#1576 = EDGE_CURVE ( 'NONE', #1202, #3142, #1211, .T. ) ;
#1577 = DIRECTION ( 'NONE',  ( -1.000000000000000000, -0.000000000000000000, -0.000000000000000000 ) ) ;
#1578 = FACE_OUTER_BOUND ( 'NONE', #1042, .T. ) ;
#1579 = CARTESIAN_POINT ( 'NONE',  ( -12.30875404182144095, -85.50000000000000000, -1.094697590084338164E-15 ) ) ;
#1580 = MECHANICAL_DESIGN_GEOMETRIC_PRESENTATION_REPRESENTATION (  '', ( #3241 ), #3417 ) ;
#1581 = DIRECTION ( 'NONE',  ( 0.000000000000000000, 0.000000000000000000, -1.000000000000000000 ) ) ;
#1582 = VECTOR ( 'NONE', #1361, 1000.000000000000000 ) ;
#1583 = CARTESIAN_POINT ( 'NONE',  ( 6.799999999999999822, 25.00000000000000000, -18.80000000000000071 ) ) ;
#1584 = FACE_OUTER_BOUND ( 'NONE', #491, .T. ) ;
#1585 = VERTEX_POINT ( 'NONE', #1258 ) ;
#1586 = VERTEX_POINT ( 'NONE', #1556 ) ;
#1587 = CARTESIAN_POINT ( 'NONE',  ( -19.07186548911140989, -85.95975203432824685, -11.63851913778008829 ) ) ;
#1588 = EDGE_LOOP ( 'NONE', ( #3288, #805, #169, #706 ) ) ;
#1589 = ORIENTED_EDGE ( 'NONE', *, *, #412, .T. ) ;
#1590 = CARTESIAN_POINT ( 'NONE',  ( -0.2787000018585688577, -55.46832989983255402, -4.344608152095450926 ) ) ;
#1591 = CARTESIAN_POINT ( 'NONE',  ( 20.00000000000000000, 30.00000000000000000, 0.000000000000000000 ) ) ;
#1592 = CARTESIAN_POINT ( 'NONE',  ( 3.305451061317747019, -55.82235198506143092, -4.371164413746785549 ) ) ;
#1593 = ORIENTED_EDGE ( 'NONE', *, *, #864, .F. ) ;
#1594 = CARTESIAN_POINT ( 'NONE',  ( -6.876086461624747237, -23.60304407911054980, -3.180387605983530985 ) ) ;
#1595 = LINE ( 'NONE', #1636, #1033 ) ;
#1596 = CARTESIAN_POINT ( 'NONE',  ( -6.782500451190863089, -24.72769091786213025, -18.80000000000000071 ) ) ;
#1597 = DIRECTION ( 'NONE',  ( 0.000000000000000000, 0.000000000000000000, -1.000000000000000000 ) ) ;
#1598 = EDGE_CURVE ( 'NONE', #208, #863, #712, .T. ) ;
#1599 = EDGE_CURVE ( 'NONE', #477, #3178, #2651, .T. ) ;
#1600 = CARTESIAN_POINT ( 'NONE',  ( -4.254246033653718229, -13.81820239258469663, -0.000000000000000000 ) ) ;
#1601 = CARTESIAN_POINT ( 'NONE',  ( -0.6028842615610685574, -53.80049930861636653, -4.291951066843727070 ) ) ;
#1602 = CARTESIAN_POINT ( 'NONE',  ( -17.44403028674813072, -48.45241241964315293, -3.450000000000007283 ) ) ;
#1603 = VERTEX_POINT ( 'NONE', #86 ) ;
#1604 = ORIENTED_EDGE ( 'NONE', *, *, #1940, .T. ) ;
#1605 = CARTESIAN_POINT ( 'NONE',  ( -18.75701173785667564, -89.00000000000001421, -7.860390608028859916 ) ) ;
#1606 = EDGE_LOOP ( 'NONE', ( #779, #2342, #1332, #725, #3353 ) ) ;
#1607 = VERTEX_POINT ( 'NONE', #2948 ) ;
#1608 = VECTOR ( 'NONE', #2895, 1000.000000000000000 ) ;
#1609 = CIRCLE ( 'NONE', #1390, 2.000000000000000000 ) ;
#1610 = DIRECTION ( 'NONE',  ( -0.2079116908177498224, 0.9781476007338075762, 0.000000000000000000 ) ) ;
#1611 = CARTESIAN_POINT ( 'NONE',  ( -23.66321621162454036, -1.331207427093050732, -18.32109634448218927 ) ) ;
#1612 = CARTESIAN_POINT ( 'NONE',  ( 3.271945184280919960, -55.58394528207168150, -11.33308565587159578 ) ) ;
#1613 = ORIENTED_EDGE ( 'NONE', *, *, #866, .F. ) ;
#1614 = AXIS2_PLACEMENT_3D ( 'NONE', #3569, #718, #2973 ) ;
#1615 = LINE ( 'NONE', #1656, #1150 ) ;
#1616 = CYLINDRICAL_SURFACE ( 'NONE', #2248, 2.999999999999999112 ) ;
#1617 = VECTOR ( 'NONE', #2152, 1000.000000000000000 ) ;
#1618 = CARTESIAN_POINT ( 'NONE',  ( -24.99999999999999289, 0.000000000000000000, -15.80000000000000071 ) ) ;
#1619 = VECTOR ( 'NONE', #3041, 1000.000000000000000 ) ;
#1620 = LINE ( 'NONE', #3026, #89 ) ;
#1621 = EDGE_CURVE ( 'NONE', #553, #1250, #2644, .T. ) ;
#1622 = CARTESIAN_POINT ( 'NONE',  ( -0.4262495355354841142, -54.63150035905584900, -4.318187600330941400 ) ) ;
#1623 = LINE ( 'NONE', #3028, #2882 ) ;
#1624 = FACE_OUTER_BOUND ( 'NONE', #2218, .T. ) ;
#1625 = EDGE_LOOP ( 'NONE', ( #1019, #2984, #2599 ) ) ;
#1626 = ORIENTED_EDGE ( 'NONE', *, *, #1890, .T. ) ;
#1627 = UNCERTAINTY_MEASURE_WITH_UNIT (LENGTH_MEASURE( 1.000000000000000082E-05 ), #1813, 'distance_accuracy_value', 'NONE');
#1628 = ADVANCED_FACE ( 'NONE', ( #933 ), #2058, .F. ) ;
#1629 = CARTESIAN_POINT ( 'NONE',  ( -21.37977834792624776, -86.04024796567301792, -9.330606278968978984 ) ) ;
#1630 = ORIENTED_EDGE ( 'NONE', *, *, #1576, .F. ) ;
#1631 = ORIENTED_EDGE ( 'NONE', *, *, #2071, .T. ) ;
#1632 = DIRECTION ( 'NONE',  ( -0.1391731009600694624, 0.9902680687415698069, -1.734723475976805862E-16 ) ) ;
#1633 = DIRECTION ( 'NONE',  ( 1.000000000000000000, 1.020425574104004122E-16, 0.000000000000000000 ) ) ;
#1634 = EDGE_LOOP ( 'NONE', ( #1182, #1829, #384, #326 ) ) ;
#1635 = CARTESIAN_POINT ( 'NONE',  ( 16.00000000000000355, -1.301042606982605321E-15, 0.000000000000000000 ) ) ;
#1636 = CARTESIAN_POINT ( 'NONE',  ( -12.46968349029412337, -84.99999999999998579, -2.995680509102111255 ) ) ;
#1637 = PLANE ( 'NONE',  #3547 ) ;
#1638 = DIRECTION ( 'NONE',  ( 1.000000000000000000, 0.000000000000000000, 0.000000000000000000 ) ) ;
#1639 =( BOUNDED_CURVE ( )  B_SPLINE_CURVE ( 3, ( #1353, #3082, #3342, #281 ),
 .UNSPECIFIED., .F., .F. ) 
 B_SPLINE_CURVE_WITH_KNOTS ( ( 4, 4 ),
 ( 4.852015320544239785, 4.921828490623998853 ),
 .UNSPECIFIED. ) 
 CURVE ( )  GEOMETRIC_REPRESENTATION_ITEM ( )  RATIONAL_B_SPLINE_CURVE ( ( 1.000000000000000000, 0.9995938846793972488, 0.9995938846793972488, 1.000000000000000000 ) ) 
 REPRESENTATION_ITEM ( '' )  );
#1640 = DIRECTION ( 'NONE',  ( 0.9993908270190953180, 0.03489949670251245306, 0.000000000000000000 ) ) ;
#1641 = FACE_OUTER_BOUND ( 'NONE', #998, .T. ) ;
#1642 = CARTESIAN_POINT ( 'NONE',  ( 6.800000000000000711, 3.000000000000002665, 18.80000000000000782 ) ) ;
#1643 = ORIENTED_EDGE ( 'NONE', *, *, #2384, .T. ) ;
#1644 = EDGE_CURVE ( 'NONE', #1355, #3398, #1004, .T. ) ;
#1645 = EDGE_LOOP ( 'NONE', ( #2033, #2642, #2001, #2603 ) ) ;
#1646 = FACE_OUTER_BOUND ( 'NONE', #2794, .T. ) ;
#1647 = ORIENTED_EDGE ( 'NONE', *, *, #1374, .T. ) ;
#1648 = EDGE_CURVE ( 'NONE', #2499, #2648, #3659, .T. ) ;
#1649 = ADVANCED_FACE ( 'NONE', ( #157 ), #647, .F. ) ;
#1650 = VERTEX_POINT ( 'NONE', #405 ) ;
#1651 = DIRECTION ( 'NONE',  ( -0.2586719321207321953, -0.9653767931665648838, -0.03371170046685230404 ) ) ;
#1652 = CARTESIAN_POINT ( 'NONE',  ( -3.001554622332061051, -84.19499821957543872, -8.830072235372485423 ) ) ;
#1653 = DIRECTION ( 'NONE',  ( -1.000000000000000000, 2.891205793294678326E-16, -5.684973091544555530E-16 ) ) ;
#1654 = MANIFOLD_SOLID_BREP ( '<LQ26-05HGI-01-007>-<\X2\52079664\X0\-\X2\62c94f38\X0\25>', #913 ) ;
#1655 = ORIENTED_EDGE ( 'NONE', *, *, #3212, .T. ) ;
#1656 = CARTESIAN_POINT ( 'NONE',  ( -19.56733701440342088, -59.28313403879347732, -3.700152400304808520 ) ) ;
#1657 = CARTESIAN_POINT ( 'NONE',  ( 20.00000000000000355, -7.000000000000003553, -12.63832553457315200 ) ) ;
#1658 = CARTESIAN_POINT ( 'NONE',  ( 4.517160185136443573, -89.00000000000000000, -5.410411008545319866 ) ) ;
#1659 = AXIS2_PLACEMENT_3D ( 'NONE', #1657, #221, #3346 ) ;
#1660 = CARTESIAN_POINT ( 'NONE',  ( -21.49786659495411456, -4.000000000000003553, -3.525030534209192101 ) ) ;
#1661 = CARTESIAN_POINT ( 'NONE',  ( 1.096703950930716154, -81.55665631072312749, -8.533132016824355404 ) ) ;
#1662 =( BOUNDED_SURFACE ( )  B_SPLINE_SURFACE ( 3, 2, ( 
 ( #747, #1046, #3597 ),
 ( #2776, #2742, #1590 ),
 ( #2719, #785, #255 ),
 ( #1368, #216, #192 ) ),
 .UNSPECIFIED., .F., .F., .F. ) 
 B_SPLINE_SURFACE_WITH_KNOTS ( ( 4, 4 ),
 ( 3, 3 ),
 ( 4.852015320544239785, 4.921828490623999741 ),
 ( 0.000000000000000000, 1.000000000000000000 ),
 .UNSPECIFIED. ) 
 GEOMETRIC_REPRESENTATION_ITEM ( )  RATIONAL_B_SPLINE_SURFACE ( (
 ( 1.000000000000000000, 0.7088219350365903004, 1.000000000000000000),
 ( 1.000000000000000000, 0.7091055905401965065, 1.000000000000000000),
 ( 1.000000000000000000, 0.7093876830833306668, 1.000000000000000000),
 ( 1.000000000000000000, 0.7096675324995873613, 1.000000000000000000) ) ) 
 REPRESENTATION_ITEM ( '' )  SURFACE ( )  );
#1663 = DIRECTION ( 'NONE',  ( 0.000000000000000000, -1.000000000000000000, 0.000000000000000000 ) ) ;
#1664 = ORIENTED_EDGE ( 'NONE', *, *, #744, .F. ) ;
#1665 = ORIENTED_EDGE ( 'NONE', *, *, #210, .T. ) ;
#1666 = CARTESIAN_POINT ( 'NONE',  ( -24.74227825062179775, -5.871275197892617648, -5.756870277007044123 ) ) ;
#1667 = ORIENTED_EDGE ( 'NONE', *, *, #2214, .T. ) ;
#1668 = VERTEX_POINT ( 'NONE', #1763 ) ;
#1669 = ADVANCED_FACE ( 'NONE', ( #1312 ), #2496, .F. ) ;
#1670 = EDGE_CURVE ( 'NONE', #2535, #1326, #2231, .T. ) ;
#1671 = CARTESIAN_POINT ( 'NONE',  ( -3.626425419873241740, -56.55226721486440766, -11.36690020288045488 ) ) ;
#1672 = DIRECTION ( 'NONE',  ( -1.000000000000000000, 1.445602896647339410E-16, 2.658695784602365822E-17 ) ) ;
#1673 = ORIENTED_EDGE ( 'NONE', *, *, #744, .T. ) ;
#1674 = AXIS2_PLACEMENT_3D ( 'NONE', #2427, #687, #3492 ) ;
#1675 = ADVANCED_FACE ( 'NONE', ( #3301 ), #1571, .F. ) ;
#1676 = CARTESIAN_POINT ( 'NONE',  ( -1.746242645836876495, -6.647135435699541794, -9.624174599564936372 ) ) ;
#1677 = PLANE ( 'NONE',  #906 ) ;
#1678 = CIRCLE ( 'NONE', #3216, 10.00000000000000178 ) ;
#1679 = CARTESIAN_POINT ( 'NONE',  ( -4.026400864129398904, -54.28389374956095992, -11.28768685597739463 ) ) ;
#1680 = AXIS2_PLACEMENT_3D ( 'NONE', #2916, #2060, #935 ) ;
#1681 = LINE ( 'NONE', #2810, #3279 ) ;
#1682 = CARTESIAN_POINT ( 'NONE',  ( -24.99999999999996092, -89.00000000000001421, -12.50000000000000178 ) ) ;
#1683 = VERTEX_POINT ( 'NONE', #3060 ) ;
#1684 = VECTOR ( 'NONE', #2471, 1000.000000000000000 ) ;
#1685 = DIRECTION ( 'NONE',  ( -1.000000000000000000, 0.000000000000000000, 0.000000000000000000 ) ) ;
#1686 = CARTESIAN_POINT ( 'NONE',  ( -24.30411710089749278, -5.182523844087664422, -7.438226160360671635 ) ) ;
#1687 = ORIENTED_EDGE ( 'NONE', *, *, #3648, .T. ) ;
#1688 = ORIENTED_EDGE ( 'NONE', *, *, #1422, .F. ) ;
#1689 = DIRECTION ( 'NONE',  ( 0.000000000000000000, 1.230300337572203632E-16, 1.000000000000000000 ) ) ;
#1690 = CARTESIAN_POINT ( 'NONE',  ( -20.52609123624846887, -7.073073780774414843, -9.467779791462353600 ) ) ;
#1691 = CARTESIAN_POINT ( 'NONE',  ( -6.144293759740840244, -7.000000000000000000, -12.63832553457314845 ) ) ;
#1692 = ORIENTED_EDGE ( 'NONE', *, *, #2344, .F. ) ;
#1693 = ADVANCED_FACE ( 'NONE', ( #1865 ), #1882, .T. ) ;
#1694 = FACE_OUTER_BOUND ( 'NONE', #2134, .T. ) ;
#1695 = CARTESIAN_POINT ( 'NONE',  ( -3.751235286647875089, -55.90849534467895410, -4.340152383704683814 ) ) ;
#1696 = ADVANCED_FACE ( 'NONE', ( #3040 ), #3637, .T. ) ;
#1697 = EDGE_CURVE ( 'NONE', #44, #3385, #1903, .T. ) ;
#1698 = CARTESIAN_POINT ( 'NONE',  ( 19.96943042629143150, -3.985377768192053249, -16.24752692224958039 ) ) ;
#1699 = CARTESIAN_POINT ( 'NONE',  ( -19.99882892069322082, -18.27311417291954854, -6.187313213253007760 ) ) ;
#1700 = ORIENTED_EDGE ( 'NONE', *, *, #3187, .F. ) ;
#1701 = ORIENTED_EDGE ( 'NONE', *, *, #3503, .T. ) ;
#1702 = CARTESIAN_POINT ( 'NONE',  ( -24.99999999999999289, -5.811377648360460668, -4.898357506058529154 ) ) ;
#1703 = CIRCLE ( 'NONE', #3362, 3.000000000000002220 ) ;
#1704 = ORIENTED_EDGE ( 'NONE', *, *, #1962, .F. ) ;
#1705 = EDGE_LOOP ( 'NONE', ( #1075, #1517, #1570, #691 ) ) ;
#1706 = AXIS2_PLACEMENT_3D ( 'NONE', #708, #2034, #1826 ) ;
#1707 = CARTESIAN_POINT ( 'NONE',  ( -20.46006912905055586, 0.000000000000000000, -6.029601188155563563 ) ) ;
#1708 = CARTESIAN_POINT ( 'NONE',  ( -16.14725322742942026, -85.50000000000000000, -8.875643901733008434 ) ) ;
#1709 = B_SPLINE_CURVE_WITH_KNOTS ( 'NONE', 3,
 ( #283, #2869, #2586, #2627, #891, #63, #2306, #3167, #2345, #2066, #929, #2885, #1754, #2050, #1772, #433, #1364, #854, #1898, #781, #230, #1076 ),
 .UNSPECIFIED., .F., .F.,
 ( 4, 2, 2, 2, 2, 2, 2, 2, 2, 2, 4 ),
 ( 0.004077734649846572780, 0.004374027275572309713, 0.004670319901298047513, 0.005262905152749520511, 0.005855490404200994377, 0.006448075655652467375, 0.007633246158555416841, 0.008818416661458366307, 0.01000358716436131577, 0.01118875766726426524, 0.01355909867307016417 ),
 .UNSPECIFIED. ) ;
#1710 = ORIENTED_EDGE ( 'NONE', *, *, #948, .T. ) ;
#1711 = CARTESIAN_POINT ( 'NONE',  ( -0.8735056416419837433, -14.72406905044353387, 10.23014998303639267 ) ) ;
#1712 = CARTESIAN_POINT ( 'NONE',  ( 19.88432727021730173, -3.891384790538444882, -16.63473737664386931 ) ) ;
#1713 = CARTESIAN_POINT ( 'NONE',  ( -24.95206314614522114, -6.372329788534335293, -3.250000000000038636 ) ) ;
#1714 = EDGE_CURVE ( 'NONE', #3022, #1997, #3001, .T. ) ;
#1715 = EDGE_CURVE ( 'NONE', #927, #2499, #1848, .T. ) ;
#1716 = VECTOR ( 'NONE', #351, 999.9999999999998863 ) ;
#1717 = VERTEX_POINT ( 'NONE', #1024 ) ;
#1718 = CARTESIAN_POINT ( 'NONE',  ( -20.99821974771231936, -18.30801366962205279, -3.250000000000037748 ) ) ;
#1719 = CARTESIAN_POINT ( 'NONE',  ( -24.99999999999999289, -6.077093934128447117, -4.289476173339051179 ) ) ;
#1720 = ORIENTED_EDGE ( 'NONE', *, *, #617, .F. ) ;
#1721 = ORIENTED_EDGE ( 'NONE', *, *, #907, .F. ) ;
#1722 = CARTESIAN_POINT ( 'NONE',  ( 4.789982204938243449, -85.66056531223223658, -10.98863470500695705 ) ) ;
#1723 = CARTESIAN_POINT ( 'NONE',  ( 12.00000000000000355, 13.99999999999999822, -10.00000000000000000 ) ) ;
#1724 = CARTESIAN_POINT ( 'NONE',  ( -7.634986425665450938, -12.91233573472583274, -2.838693404935115350 ) ) ;
#1725 = ORIENTED_EDGE ( 'NONE', *, *, #972, .F. ) ;
#1726 = CARTESIAN_POINT ( 'NONE',  ( 20.00000000000000355, 2.999999999999998224, -2.999999999999997335 ) ) ;
#1727 = CARTESIAN_POINT ( 'NONE',  ( -22.13284074983661043, -86.10469849010755183, -3.250000000000037748 ) ) ;
#1728 = CARTESIAN_POINT ( 'NONE',  ( -21.71921504294651939, -4.000000000000005329, -12.29973087102829332 ) ) ;
#1729 = AXIS2_PLACEMENT_3D ( 'NONE', #2594, #1431, #69 ) ;
#1730 = LINE ( 'NONE', #339, #1022 ) ;
#1731 = ORIENTED_EDGE ( 'NONE', *, *, #1130, .T. ) ;
#1732 = CARTESIAN_POINT ( 'NONE',  ( -4.179085149582827619, -3.999999999999401812, -9.556514249195986466 ) ) ;
#1733 = AXIS2_PLACEMENT_3D ( 'NONE', #2887, #2928, #3186 ) ;
#1734 = EDGE_CURVE ( 'NONE', #2402, #2163, #372, .T. ) ;
#1735 =( GEOMETRIC_REPRESENTATION_CONTEXT ( 3 ) GLOBAL_UNCERTAINTY_ASSIGNED_CONTEXT ( ( #229 ) ) GLOBAL_UNIT_ASSIGNED_CONTEXT ( ( #542, #2764, #1050 ) ) REPRESENTATION_CONTEXT ( 'NONE', 'WORKASPACE' ) );
#1736 = CARTESIAN_POINT ( 'NONE',  ( -24.95382025648010682, -6.377922002315628447, -3.269761913974532863 ) ) ;
#1737 = AXIS2_PLACEMENT_3D ( 'NONE', #159, #1278, #1573 ) ;
#1738 = ORIENTED_EDGE ( 'NONE', *, *, #1781, .T. ) ;
#1739 = EDGE_CURVE ( 'NONE', #622, #2063, #3318, .T. ) ;
#1740 = CARTESIAN_POINT ( 'NONE',  ( 0.4974691126510177863, -89.00000000000000000, -12.50000000000002665 ) ) ;
#1741 = CARTESIAN_POINT ( 'NONE',  ( -18.88061197021424675, -4.000000000000006217, -9.531734593201438344 ) ) ;
#1742 = DIRECTION ( 'NONE',  ( 0.000000000000000000, 1.000000000000000000, 0.000000000000000000 ) ) ;
#1743 = ORIENTED_EDGE ( 'NONE', *, *, #3376, .T. ) ;
#1744 = CARTESIAN_POINT ( 'NONE',  ( -12.30875404182144095, -89.00000000000000000, -3.000000000000001332 ) ) ;
#1745 = FACE_OUTER_BOUND ( 'NONE', #3058, .T. ) ;
#1746 = DIRECTION ( 'NONE',  ( 0.000000000000000000, 1.000000000000000000, 0.000000000000000000 ) ) ;
#1747 = CARTESIAN_POINT ( 'NONE',  ( -18.53386669863368041, -88.87785176154120848, -18.80000000000000071 ) ) ;
#1748 = EDGE_LOOP ( 'NONE', ( #1731, #873, #2419, #2963, #2123, #3312, #3386, #1293 ) ) ;
#1749 = DIRECTION ( 'NONE',  ( 0.03489949670251163427, -0.9993908270190953180, -6.672013369141561766E-17 ) ) ;
#1750 = CARTESIAN_POINT ( 'NONE',  ( 17.00000000000000355, -4.000000000000003553, -15.80000000000000071 ) ) ;
#1751 =( BOUNDED_CURVE ( )  B_SPLINE_CURVE ( 3, ( #2827, #1728, #3457, #2041 ),
 .UNSPECIFIED., .F., .T. ) 
 B_SPLINE_CURVE_WITH_KNOTS ( ( 4, 4 ),
 ( 5.023443318555360193, 5.498396131367593753 ),
 .UNSPECIFIED. ) 
 CURVE ( )  GEOMETRIC_REPRESENTATION_ITEM ( )  RATIONAL_B_SPLINE_CURVE ( ( 1.000000000000000000, 0.9812898306982372754, 0.9812898306982372754, 1.000000000000000000 ) ) 
 REPRESENTATION_ITEM ( '' )  );
#1752 = ORIENTED_EDGE ( 'NONE', *, *, #2939, .T. ) ;
#1753 = ORIENTED_EDGE ( 'NONE', *, *, #210, .F. ) ;
#1754 = CARTESIAN_POINT ( 'NONE',  ( -24.99999999999999289, -4.445388700896469203, -5.915039174847933623 ) ) ;
#1755 = COLOUR_RGB ( '',0.7921568627450980005, 0.8196078431372548767, 0.9333333333333333481 ) ;
#1756 = CARTESIAN_POINT ( 'NONE',  ( -5.279662784722490620, -4.000000000000000000, -6.029601188155564451 ) ) ;
#1757 = CARTESIAN_POINT ( 'NONE',  ( -19.70356427787701037, -7.090373099297035075, -9.639652799845492837 ) ) ;
#1758 = ADVANCED_FACE ( 'NONE', ( #3285 ), #1662, .F. ) ;
#1759 = FACE_OUTER_BOUND ( 'NONE', #3030, .T. ) ;
#1760 = EDGE_CURVE ( 'NONE', #1221, #395, #1101, .T. ) ;
#1761 = VERTEX_POINT ( 'NONE', #2462 ) ;
#1762 = AXIS2_PLACEMENT_3D ( 'NONE', #2362, #2645, #2944 ) ;
#1763 = CARTESIAN_POINT ( 'NONE',  ( -18.88061197021424675, -3.999999999999998224, -12.63832553457314667 ) ) ;
#1764 = LINE ( 'NONE', #1179, #1608 ) ;
#1765 = PLANE ( 'NONE',  #1094 ) ;
#1766 = CARTESIAN_POINT ( 'NONE',  ( -0.4289905511532126625, -79.30319846904980352, -12.16138022893046511 ) ) ;
#1767 = ORIENTED_EDGE ( 'NONE', *, *, #618, .F. ) ;
#1768 = CARTESIAN_POINT ( 'NONE',  ( 2.980526126659240216, -4.000000000000000888, -7.619120960946384358 ) ) ;
#1769 = CARTESIAN_POINT ( 'NONE',  ( -22.40300880506901393, -7.043383015586426765, -9.638011869963829525 ) ) ;
#1770 = ORIENTED_EDGE ( 'NONE', *, *, #2478, .F. ) ;
#1771 = ORIENTED_EDGE ( 'NONE', *, *, #558, .T. ) ;
#1772 = CARTESIAN_POINT ( 'NONE',  ( -24.99999999999999289, -3.714138177662609230, -6.860782916489744032 ) ) ;
#1773 = CARTESIAN_POINT ( 'NONE',  ( -0.3548884504008388285, -54.92622091987951194, -18.80000000000000071 ) ) ;
#1774 = CARTESIAN_POINT ( 'NONE',  ( -5.619199985201514203, -20.39612408970858226, -6.602166458047734388 ) ) ;
#1775 = CARTESIAN_POINT ( 'NONE',  ( -0.6028842615610685574, -53.80049930861636653, -0.000000000000000000 ) ) ;
#1776 = ORIENTED_EDGE ( 'NONE', *, *, #1918, .F. ) ;
#1777 = EDGE_CURVE ( 'NONE', #2648, #459, #1063, .T. ) ;
#1778 = ADVANCED_FACE ( 'NONE', ( #1998 ), #875, .F. ) ;
#1779 = PLANE ( 'NONE',  #2288 ) ;
#1780 = CARTESIAN_POINT ( 'NONE',  ( -0.5161618382979352715, -78.38826834028613177, -12.12943016480284975 ) ) ;
#1781 = EDGE_CURVE ( 'NONE', #206, #1097, #130, .T. ) ;
#1782 = DIRECTION ( 'NONE',  ( 0.9993908270190953180, 0.03489949670251181468, 0.000000000000000000 ) ) ;
#1783 = CARTESIAN_POINT ( 'NONE',  ( 0.3222506436925858253, -63.33696419499838726, 0.000000000000000000 ) ) ;
#1784 = CARTESIAN_POINT ( 'NONE',  ( -6.000000000000000000, -79.00000000000001421, -8.648658900036650721 ) ) ;
#1785 = ORIENTED_EDGE ( 'NONE', *, *, #703, .T. ) ;
#1786 = CARTESIAN_POINT ( 'NONE',  ( -2.308754041821442282, -89.00000000000000000, -2.931667788805367753E-15 ) ) ;
#1787 = AXIS2_PLACEMENT_3D ( 'NONE', #2934, #3195, #145 ) ;
#1788 = CARTESIAN_POINT ( 'NONE',  ( -19.99882892069322082, -18.27311417291954854, -6.187313213253007760 ) ) ;
#1789 = VECTOR ( 'NONE', #1632, 1000.000000000000000 ) ;
#1790 = ORIENTED_EDGE ( 'NONE', *, *, #1598, .T. ) ;
#1791 = ORIENTED_EDGE ( 'NONE', *, *, #1986, .F. ) ;
#1792 = CIRCLE ( 'NONE', #3511, 1.799999999999999600 ) ;
#1793 = AXIS2_PLACEMENT_3D ( 'NONE', #3657, #3379, #383 ) ;
#1794 = LINE ( 'NONE', #418, #1287 ) ;
#1795 = CARTESIAN_POINT ( 'NONE',  ( 3.941975981525933648, -85.49999999999998579, -5.390520607910406881 ) ) ;
#1796 = LINE ( 'NONE', #1462, #278 ) ;
#1797 = ORIENTED_EDGE ( 'NONE', *, *, #3395, .T. ) ;
#1798 = CARTESIAN_POINT ( 'NONE',  ( -19.99882892069322082, -18.27311417291954498, 5.787312674625651354 ) ) ;
#1799 = PLANE ( 'NONE',  #3153 ) ;
#1800 = PLANE ( 'NONE',  #2321 ) ;
#1801 = CARTESIAN_POINT ( 'NONE',  ( 3.200000000000001510, 3.000000000000002220, 18.80000000000000782 ) ) ;
#1802 = CARTESIAN_POINT ( 'NONE',  ( -19.13466826877932192, -89.00000000000001421, -8.148052099544019100 ) ) ;
#1803 = EDGE_CURVE ( 'NONE', #1221, #3496, #1703, .T. ) ;
#1804 = EDGE_CURVE ( 'NONE', #980, #838, #2798, .T. ) ;
#1805 = DIRECTION ( 'NONE',  ( 0.000000000000000000, 0.000000000000000000, 1.000000000000000000 ) ) ;
#1806 = CARTESIAN_POINT ( 'NONE',  ( 2.000000000000010658, -79.00000000000001421, -19.96581550227846691 ) ) ;
#1807 = ORIENTED_EDGE ( 'NONE', *, *, #3388, .T. ) ;
#1808 = ORIENTED_EDGE ( 'NONE', *, *, #664, .F. ) ;
#1809 = DIRECTION ( 'NONE',  ( -0.1390899611223747334, 0.9896764980577127391, 0.03456026486007358206 ) ) ;
#1810 = CARTESIAN_POINT ( 'NONE',  ( -5.513200932142710009, -30.65440597322211858, -6.960393555083685513 ) ) ;
#1811 = VERTEX_POINT ( 'NONE', #1945 ) ;
#1812 = ORIENTED_EDGE ( 'NONE', *, *, #1443, .T. ) ;
#1813 =( LENGTH_UNIT ( ) NAMED_UNIT ( * ) SI_UNIT ( .MILLI., .METRE. ) );
#1814 = CARTESIAN_POINT ( 'NONE',  ( -3.866736032149189484, -55.03505772549655717, -11.31391808003154686 ) ) ;
#1815 = PRESENTATION_LAYER_ASSIGNMENT (  '', '', ( #3241 ) ) ;
#1816 = LINE ( 'NONE', #3248, #1851 ) ;
#1817 = LINE ( 'NONE', #1801, #849 ) ;
#1818 = CARTESIAN_POINT ( 'NONE',  ( -2.308754041821444059, -89.00000000000000000, -3.000000000000000444 ) ) ;
#1819 = CARTESIAN_POINT ( 'NONE',  ( -1.623466631435290797, 0.000000000000000000, -2.495834222360339805 ) ) ;
#1820 = EDGE_CURVE ( 'NONE', #2383, #1147, #3080, .T. ) ;
#1821 = EDGE_CURVE ( 'NONE', #404, #2273, #64, .T. ) ;
#1822 = LINE ( 'NONE', #2114, #2557 ) ;
#1823 = DIRECTION ( 'NONE',  ( 0.000000000000000000, 1.000000000000000000, 0.000000000000000000 ) ) ;
#1824 = VERTEX_POINT ( 'NONE', #47 ) ;
#1825 = ORIENTED_EDGE ( 'NONE', *, *, #347, .F. ) ;
#1826 = DIRECTION ( 'NONE',  ( 0.000000000000000000, 1.000000000000000000, 0.000000000000000000 ) ) ;
#1827 = LINE ( 'NONE', #1346, #1028 ) ;
#1828 = ORIENTED_EDGE ( 'NONE', *, *, #322, .F. ) ;
#1829 = ORIENTED_EDGE ( 'NONE', *, *, #3545, .T. ) ;
#1830 =( NAMED_UNIT ( * ) SI_UNIT ( $, .STERADIAN. ) SOLID_ANGLE_UNIT ( ) );
#1831 = DIRECTION ( 'NONE',  ( -0.000000000000000000, -0.000000000000000000, 1.000000000000000000 ) ) ;
#1832 = DIRECTION ( 'NONE',  ( -1.000000000000000000, -0.000000000000000000, 0.000000000000000000 ) ) ;
#1833 = DIRECTION ( 'NONE',  ( -0.000000000000000000, -0.000000000000000000, 1.000000000000000000 ) ) ;
#1834 = CARTESIAN_POINT ( 'NONE',  ( -24.99999999999999289, -2.000000000000005329, -11.64154703437737659 ) ) ;
#1835 = FACE_OUTER_BOUND ( 'NONE', #3555, .T. ) ;
#1836 = CARTESIAN_POINT ( 'NONE',  ( 2.131500956173484784, -76.21044908863881062, -3.000000000000000000 ) ) ;
#1837 = DIRECTION ( 'NONE',  ( -0.9993908270190953180, -0.03489949670251165509, 0.000000000000000000 ) ) ;
#1838 = ORIENTED_EDGE ( 'NONE', *, *, #2429, .F. ) ;
#1839 = VERTEX_POINT ( 'NONE', #575 ) ;
#1840 = CIRCLE ( 'NONE', #3149, 2.999999999999999112 ) ;
#1841 = AXIS2_PLACEMENT_3D ( 'NONE', #1526, #667, #3267 ) ;
#1842 = CIRCLE ( 'NONE', #146, 36.50000000000000000 ) ;
#1843 = DIRECTION ( 'NONE',  ( -3.475237779086663203E-16, 0.000000000000000000, 1.000000000000000000 ) ) ;
#1844 = VERTEX_POINT ( 'NONE', #2222 ) ;
#1845 = ADVANCED_FACE ( 'NONE', ( #554 ), #741, .T. ) ;
#1846 = ORIENTED_EDGE ( 'NONE', *, *, #2389, .F. ) ;
#1847 = VECTOR ( 'NONE', #2175, 1000.000000000000000 ) ;
#1848 = LINE ( 'NONE', #3579, #1229 ) ;
#1849 = CYLINDRICAL_SURFACE ( 'NONE', #3508, 40.00000000000000000 ) ;
#1850 = CARTESIAN_POINT ( 'NONE',  ( -2.308754041821444059, -85.49999999999998579, -3.000000000000000444 ) ) ;
#1851 = VECTOR ( 'NONE', #666, 1000.000000000000114 ) ;
#1852 = AXIS2_PLACEMENT_3D ( 'NONE', #1189, #626, #947 ) ;
#1853 = ORIENTED_EDGE ( 'NONE', *, *, #460, .F. ) ;
#1854 = DIRECTION ( 'NONE',  ( 1.000000000000000000, 0.000000000000000000, 0.000000000000000000 ) ) ;
#1855 = FACE_OUTER_BOUND ( 'NONE', #2065, .T. ) ;
#1856 = CARTESIAN_POINT ( 'NONE',  ( 3.111049790194655440, -54.43911506651926402, 0.000000000000000000 ) ) ;
#1857 = DIRECTION ( 'NONE',  ( 0.000000000000000000, 0.000000000000000000, 1.000000000000000000 ) ) ;
#1858 = CARTESIAN_POINT ( 'NONE',  ( -21.99999999999999645, -2.585786437626899747, -18.21421356237309297 ) ) ;
#1859 = VERTEX_POINT ( 'NONE', #1156 ) ;
#1860 = ORIENTED_EDGE ( 'NONE', *, *, #3302, .T. ) ;
#1861 = CARTESIAN_POINT ( 'NONE',  ( -20.91475416494918349, -89.00000000000001421, -10.00501692845243618 ) ) ;
#1862 = ORIENTED_EDGE ( 'NONE', *, *, #1406, .F. ) ;
#1863 = ORIENTED_EDGE ( 'NONE', *, *, #1044, .F. ) ;
#1864 = EDGE_CURVE ( 'NONE', #2179, #154, #2276, .T. ) ;
#1865 = FACE_OUTER_BOUND ( 'NONE', #290, .T. ) ;
#1866 = EDGE_CURVE ( 'NONE', #2662, #67, #2526, .T. ) ;
#1867 = CARTESIAN_POINT ( 'NONE',  ( -0.4289905511532126625, -79.30319846904980352, -12.16138022893046511 ) ) ;
#1868 = DIRECTION ( 'NONE',  ( 0.000000000000000000, -2.897332229364734730E-16, -1.000000000000000000 ) ) ;
#1869 = ORIENTED_EDGE ( 'NONE', *, *, #137, .T. ) ;
#1870 = CARTESIAN_POINT ( 'NONE',  ( 18.00000000000000000, 28.19999999999999929, -14.00000000000000533 ) ) ;
#1871 = CARTESIAN_POINT ( 'NONE',  ( -8.209409824568254521, -34.72653208451999518, -7.102595332359879166 ) ) ;
#1872 = CARTESIAN_POINT ( 'NONE',  ( 15.00000000000000000, 0.000000000000000000, -17.00000000000000000 ) ) ;
#1873 = AXIS2_PLACEMENT_3D ( 'NONE', #2263, #896, #3401 ) ;
#1874 = DIRECTION ( 'NONE',  ( -0.000000000000000000, 1.230300337572203386E-16, 1.000000000000000000 ) ) ;
#1875 = CIRCLE ( 'NONE', #936, 4.000000000000005329 ) ;
#1876 = CARTESIAN_POINT ( 'NONE',  ( -1.640816173896876284, -17.51554673119517602, -10.00370788513085785 ) ) ;
#1877 = ORIENTED_EDGE ( 'NONE', *, *, #994, .F. ) ;
#1878 = ORIENTED_EDGE ( 'NONE', *, *, #1804, .T. ) ;
#1879 = CARTESIAN_POINT ( 'NONE',  ( -18.73089942269706754, -89.00000000000001421, -11.87072895721313515 ) ) ;
#1880 = VERTEX_POINT ( 'NONE', #2087 ) ;
#1881 = EDGE_LOOP ( 'NONE', ( #374, #3078, #3239, #2696 ) ) ;
#1882 = CYLINDRICAL_SURFACE ( 'NONE', #2826, 2.000000000000000000 ) ;
#1883 = CARTESIAN_POINT ( 'NONE',  ( -24.36597779176176104, -2.878965149098390075, -17.92103485090146009 ) ) ;
#1884 = CARTESIAN_POINT ( 'NONE',  ( -22.79712323634668891, -18.37083276368657536, 5.787312674625651354 ) ) ;
#1885 = EDGE_LOOP ( 'NONE', ( #710, #1463, #1457, #1169 ) ) ;
#1886 = EDGE_CURVE ( 'NONE', #2548, #606, #55, .T. ) ;
#1887 = FACE_OUTER_BOUND ( 'NONE', #635, .T. ) ;
#1888 = FACE_OUTER_BOUND ( 'NONE', #3619, .T. ) ;
#1889 = DIRECTION ( 'NONE',  ( -1.000000000000000000, 0.000000000000000000, 0.000000000000000000 ) ) ;
#1890 = EDGE_CURVE ( 'NONE', #841, #1297, #3000, .T. ) ;
#1891 = ADVANCED_FACE ( 'NONE', ( #1187 ), #2067, .T. ) ;
#1892 = CARTESIAN_POINT ( 'NONE',  ( -19.56733701440341378, -59.28313403879349863, -5.455560114759296475 ) ) ;
#1893 = CARTESIAN_POINT ( 'NONE',  ( -5.279662784722491509, -4.000000000000003553, -6.029601188155564451 ) ) ;
#1894 = DIRECTION ( 'NONE',  ( 0.000000000000000000, 0.000000000000000000, -1.000000000000000000 ) ) ;
#1895 = DIRECTION ( 'NONE',  ( 1.000000000000000000, -1.445602896647339410E-16, 0.000000000000000000 ) ) ;
#1896 = ORIENTED_EDGE ( 'NONE', *, *, #1110, .T. ) ;
#1897 = ORIENTED_EDGE ( 'NONE', *, *, #2139, .F. ) ;
#1898 = CARTESIAN_POINT ( 'NONE',  ( -24.99999999999999289, -2.548150791236504009, -8.929680705631383830 ) ) ;
#1899 = CARTESIAN_POINT ( 'NONE',  ( -17.60023214523755186, -85.92318992385848730, -12.26344306449245281 ) ) ;
#1900 = ORIENTED_EDGE ( 'NONE', *, *, #3076, .T. ) ;
#1901 = ORIENTED_EDGE ( 'NONE', *, *, #1644, .F. ) ;
#1902 = AXIS2_PLACEMENT_3D ( 'NONE', #2577, #920, #3382 ) ;
#1903 = LINE ( 'NONE', #727, #759 ) ;
#1904 = LINE ( 'NONE', #1591, #1494 ) ;
#1905 = CARTESIAN_POINT ( 'NONE',  ( 16.00000000000000355, 2.999999999999998668, -3.011072104942093125E-16 ) ) ;
#1906 = VECTOR ( 'NONE', #773, 1000.000000000000000 ) ;
#1907 = VERTEX_POINT ( 'NONE', #3185 ) ;
#1908 = AXIS2_PLACEMENT_3D ( 'NONE', #2720, #786, #2445 ) ;
#1909 = DIRECTION ( 'NONE',  ( -0.2586719321207321398, -0.9653767931665647728, -0.03371170046685230404 ) ) ;
#1910 = CARTESIAN_POINT ( 'NONE',  ( 15.00000000000000000, 1.444447458290426890E-31, -17.00000000000000000 ) ) ;
#1911 = CARTESIAN_POINT ( 'NONE',  ( 18.21595173520115551, -2.155141589162626659, -18.56059397713991643 ) ) ;
#1912 = DIRECTION ( 'NONE',  ( -0.000000000000000000, 1.000000000000000000, -0.000000000000000000 ) ) ;
#1913 = CYLINDRICAL_SURFACE ( 'NONE', #149, 4.000000000000005329 ) ;
#1914 = CIRCLE ( 'NONE', #2860, 3.000000000000000000 ) ;
#1915 = CARTESIAN_POINT ( 'NONE',  ( 1.941719003825159051, -79.70259716353149315, -7.799956967580667921 ) ) ;
#1916 =( BOUNDED_CURVE ( )  B_SPLINE_CURVE ( 3, ( #453, #3550, #778, #2453 ),
 .UNSPECIFIED., .F., .F. ) 
 B_SPLINE_CURVE_WITH_KNOTS ( ( 4, 4 ),
 ( 4.450589592585535215, 4.921828490623998853 ),
 .UNSPECIFIED. ) 
 CURVE ( )  GEOMETRIC_REPRESENTATION_ITEM ( )  RATIONAL_B_SPLINE_CURVE ( ( 1.000000000000000000, 0.9815799469317847414, 0.9815799469317847414, 1.000000000000000000 ) ) 
 REPRESENTATION_ITEM ( '' )  );
#1917 = DIRECTION ( 'NONE',  ( 0.9781476007338076872, 0.2079116908177492951, 0.000000000000000000 ) ) ;
#1918 = EDGE_CURVE ( 'NONE', #1585, #3015, #1534, .T. ) ;
#1919 = ADVANCED_FACE ( 'NONE', ( #401 ), #3483, .F. ) ;
#1920 = ORIENTED_EDGE ( 'NONE', *, *, #3161, .F. ) ;
#1921 = ORIENTED_EDGE ( 'NONE', *, *, #3121, .T. ) ;
#1922 = AXIS2_PLACEMENT_3D ( 'NONE', #2765, #2449, #263 ) ;
#1923 = DIRECTION ( 'NONE',  ( -0.2079116908177498224, 0.9781476007338075762, 0.000000000000000000 ) ) ;
#1924 = EDGE_LOOP ( 'NONE', ( #1002, #877, #942, #123 ) ) ;
#1925 = ORIENTED_EDGE ( 'NONE', *, *, #462, .T. ) ;
#1926 = DIRECTION ( 'NONE',  ( -2.328499085754696338E-18, 6.667948958868846530E-17, -1.000000000000000000 ) ) ;
#1927 = CARTESIAN_POINT ( 'NONE',  ( 1.625119309097195153, -77.25035690561881552, -7.691641643853683874 ) ) ;
#1928 = CARTESIAN_POINT ( 'NONE',  ( -1.623466631435288576, 0.000000000000000000, -2.495834222360337140 ) ) ;
#1929 = EDGE_LOOP ( 'NONE', ( #1307, #3197, #138, #1488 ) ) ;
#1930 = CARTESIAN_POINT ( 'NONE',  ( -3.599999999999996980, -79.00000000000001421, -12.15079230508252550 ) ) ;
#1931 = CARTESIAN_POINT ( 'NONE',  ( 12.00000000000000355, 13.99999999999999822, -10.00000000000000000 ) ) ;
#1932 = DIRECTION ( 'NONE',  ( 0.000000000000000000, 1.000000000000000000, 0.000000000000000000 ) ) ;
#1933 = CARTESIAN_POINT ( 'NONE',  ( -2.308754041821442282, -84.99999999999998579, -2.931667788805367753E-15 ) ) ;
#1934 = DIRECTION ( 'NONE',  ( 1.000000000000000000, 0.000000000000000000, 0.000000000000000000 ) ) ;
#1935 = DIRECTION ( 'NONE',  ( 0.1391731009600691016, -0.9902680687415699179, 1.734723475976806108E-16 ) ) ;
#1936 = ORIENTED_EDGE ( 'NONE', *, *, #556, .T. ) ;
#1937 = AXIS2_PLACEMENT_3D ( 'NONE', #225, #3070, #2472 ) ;
#1938 = DIRECTION ( 'NONE',  ( 1.000000000000000000, 4.698209414103847288E-16, -1.644039981590296491E-16 ) ) ;
#1939 = ADVANCED_FACE ( 'NONE', ( #1223 ), #2660, .T. ) ;
#1940 = EDGE_CURVE ( 'NONE', #2009, #97, #2346, .T. ) ;
#1941 = CARTESIAN_POINT ( 'NONE',  ( -24.88253284074016491, -6.174535437405181071, -4.897975726225221038 ) ) ;
#1942 = ORIENTED_EDGE ( 'NONE', *, *, #51, .T. ) ;
#1943 = ORIENTED_EDGE ( 'NONE', *, *, #2112, .F. ) ;
#1944 = ADVANCED_FACE ( 'NONE', ( #944 ), #1251, .F. ) ;
#1945 = CARTESIAN_POINT ( 'NONE',  ( -6.000000000000000000, -79.00000000000001421, -8.648658900036650721 ) ) ;
#1946 = CARTESIAN_POINT ( 'NONE',  ( 0.007607239235106941742, -75.53329779636510466, -8.393643577817282875 ) ) ;
#1947 = FACE_OUTER_BOUND ( 'NONE', #1634, .T. ) ;
#1948 = VERTEX_POINT ( 'NONE', #2960 ) ;
#1949 = CARTESIAN_POINT ( 'NONE',  ( 18.00000000000000000, 13.99999999999999822, -10.00000000000000000 ) ) ;
#1950 = CARTESIAN_POINT ( 'NONE',  ( -20.63986800533757204, -18.29549975102962733, -5.544529738031915400 ) ) ;
#1951 = AXIS2_PLACEMENT_3D ( 'NONE', #753, #543, #1337 ) ;
#1952 = CARTESIAN_POINT ( 'NONE',  ( -19.83741069312104699, -22.89552742215447623, -6.187313213253020194 ) ) ;
#1953 = DIRECTION ( 'NONE',  ( 0.000000000000000000, 0.000000000000000000, 1.000000000000000000 ) ) ;
#1954 = CARTESIAN_POINT ( 'NONE',  ( -4.935597015539184573E-16, -3.414213562373100253, -17.38578643762689069 ) ) ;
#1955 = VERTEX_POINT ( 'NONE', #2886 ) ;
#1956 = DIRECTION ( 'NONE',  ( 0.9902680687415698069, 0.1391731009600689628, 0.000000000000000000 ) ) ;
#1957 = CARTESIAN_POINT ( 'NONE',  ( -24.99999999999999289, -4.729485755200917296, -5.579625633288918252 ) ) ;
#1958 = EDGE_CURVE ( 'NONE', #2625, #2752, #1464, .T. ) ;
#1959 = ORIENTED_EDGE ( 'NONE', *, *, #2188, .T. ) ;
#1960 = VERTEX_POINT ( 'NONE', #379 ) ;
#1961 = CARTESIAN_POINT ( 'NONE',  ( 7.486081066468378786, -85.56908014420035613, -6.324117721879265019 ) ) ;
#1962 = EDGE_CURVE ( 'NONE', #378, #155, #1794, .T. ) ;
#1963 = FACE_OUTER_BOUND ( 'NONE', #3391, .T. ) ;
#1964 = VERTEX_POINT ( 'NONE', #3517 ) ;
#1965 = AXIS2_PLACEMENT_3D ( 'NONE', #2003, #368, #582 ) ;
#1966 = CIRCLE ( 'NONE', #2508, 2.999999999999999112 ) ;
#1967 = CARTESIAN_POINT ( 'NONE',  ( 0.7397699465727927137, -66.30776840122310034, -3.000000000000001776 ) ) ;
#1968 = CARTESIAN_POINT ( 'NONE',  ( -24.99999999999999289, -1.999999999999997335, -15.80000000000000071 ) ) ;
#1969 = VECTOR ( 'NONE', #2623, 1000.000000000000000 ) ;
#1970 = VECTOR ( 'NONE', #2117, 1000.000000000000000 ) ;
#1971 = AXIS2_PLACEMENT_3D ( 'NONE', #1933, #2229, #3366 ) ;
#1972 = CARTESIAN_POINT ( 'NONE',  ( -24.95551429302824786, -1.999999999999997335, -16.31471862576139742 ) ) ;
#1973 = DIRECTION ( 'NONE',  ( 1.000000000000000000, 0.000000000000000000, 0.000000000000000000 ) ) ;
#1974 = EDGE_LOOP ( 'NONE', ( #895, #3159 ) ) ;
#1975 = AXIS2_PLACEMENT_3D ( 'NONE', #2670, #2354, #3526 ) ;
#1976 = ORIENTED_EDGE ( 'NONE', *, *, #1648, .T. ) ;
#1977 = CARTESIAN_POINT ( 'NONE',  ( -23.86969674236413397, -4.650383828235757022, -8.737763867251050698 ) ) ;
#1978 = ORIENTED_EDGE ( 'NONE', *, *, #2021, .F. ) ;
#1979 = ORIENTED_EDGE ( 'NONE', *, *, #2008, .F. ) ;
#1980 = PRODUCT_DEFINITION ( '普通', '', #628, #3591 ) ;
#1981 = CARTESIAN_POINT ( 'NONE',  ( 6.601311255377238396, -85.58329770794070157, -8.923557199543402874 ) ) ;
#1982 = CARTESIAN_POINT ( 'NONE',  ( -27.87403194839291132, -4.000000000000005329, -2.978206529564475957 ) ) ;
#1983 = DIRECTION ( 'NONE',  ( -0.9902680687415698069, -0.1391731009600690461, 0.000000000000000000 ) ) ;
#1984 = ORIENTED_EDGE ( 'NONE', *, *, #580, .T. ) ;
#1985 = EDGE_CURVE ( 'NONE', #1960, #208, #1124, .T. ) ;
#1986 = EDGE_CURVE ( 'NONE', #548, #400, #2307, .T. ) ;
#1987 = CARTESIAN_POINT ( 'NONE',  ( -6.144293759740838468, -7.104698490107488773, -9.640153053515858161 ) ) ;
#1988 = CARTESIAN_POINT ( 'NONE',  ( 2.820632341007255572, -53.07280839075422563, -18.80000000000000071 ) ) ;
#1989 = B_SPLINE_CURVE_WITH_KNOTS ( 'NONE', 3,
 ( #1338, #2228, #3308, #3347 ),
 .UNSPECIFIED., .F., .F.,
 ( 4, 4 ),
 ( 0.0007483319252246207424, 0.001052074163528060515 ),
 .UNSPECIFIED. ) ;
#1990 = CARTESIAN_POINT ( 'NONE',  ( 19.75635694778425488, -3.725962696999261858, -16.98996355522745461 ) ) ;
#1991 = CARTESIAN_POINT ( 'NONE',  ( -21.49786659495411811, -4.000000000000003553, -4.991803722252002196 ) ) ;
#1992 = ORIENTED_EDGE ( 'NONE', *, *, #3352, .F. ) ;
#1993 = CARTESIAN_POINT ( 'NONE',  ( 0.2684849038009890498, -4.000000000000000000, -10.61126894790234054 ) ) ;
#1994 = CARTESIAN_POINT ( 'NONE',  ( -24.99999999999999289, -5.907291941265323310, -4.703725856457926291 ) ) ;
#1995 = VECTOR ( 'NONE', #1350, 1000.000000000000000 ) ;
#1996 = ORIENTED_EDGE ( 'NONE', *, *, #645, .F. ) ;
#1997 = VERTEX_POINT ( 'NONE', #2604 ) ;
#1998 = FACE_OUTER_BOUND ( 'NONE', #1645, .T. ) ;
#1999 = DIRECTION ( 'NONE',  ( -0.2077905067623291302, 0.9775774745778876840, 0.03413775765005937213 ) ) ;
#2000 = DIRECTION ( 'NONE',  ( 0.000000000000000000, -1.000000000000000000, -8.673617379884035472E-16 ) ) ;
#2001 = ORIENTED_EDGE ( 'NONE', *, *, #1130, .F. ) ;
#2002 = DIRECTION ( 'NONE',  ( 0.000000000000000000, 1.000000000000000000, 0.000000000000000000 ) ) ;
#2003 = CARTESIAN_POINT ( 'NONE',  ( 16.90000000000000568, 13.99999999999999822, -10.00000000000000000 ) ) ;
#2004 = EDGE_CURVE ( 'NONE', #1407, #3223, #79, .T. ) ;
#2005 = CARTESIAN_POINT ( 'NONE',  ( -23.44037524886270418, -48.66180939985822107, 3.049999999999991385 ) ) ;
#2006 = CARTESIAN_POINT ( 'NONE',  ( -18.99329594100774443, -4.000000000000003553, -6.029601188155562674 ) ) ;
#2007 = ADVANCED_FACE ( 'NONE', ( #103 ), #2052, .T. ) ;
#2008 = EDGE_CURVE ( 'NONE', #3190, #1326, #1623, .T. ) ;
#2009 = VERTEX_POINT ( 'NONE', #547 ) ;
#2010 = CARTESIAN_POINT ( 'NONE',  ( -6.144293759740838468, -3.999999999999999556, -9.531734593201445449 ) ) ;
#2011 = CARTESIAN_POINT ( 'NONE',  ( -24.99999999999999645, -4.280463365532855669, -8.126847285716451097 ) ) ;
#2012 =( BOUNDED_CURVE ( )  B_SPLINE_CURVE ( 3, ( #2355, #1266, #734, #2671 ),
 .UNSPECIFIED., .F., .F. ) 
 B_SPLINE_CURVE_WITH_KNOTS ( ( 4, 4 ),
 ( 4.852015320544239785, 4.921828490623999741 ),
 .UNSPECIFIED. ) 
 CURVE ( )  GEOMETRIC_REPRESENTATION_ITEM ( )  RATIONAL_B_SPLINE_CURVE ( ( 1.000000000000000000, 0.9995938846793972488, 0.9995938846793972488, 1.000000000000000000 ) ) 
 REPRESENTATION_ITEM ( '' )  );
#2013 = ORIENTED_EDGE ( 'NONE', *, *, #2595, .T. ) ;
#2014 = ORIENTED_EDGE ( 'NONE', *, *, #2280, .T. ) ;
#2015 = CARTESIAN_POINT ( 'NONE',  ( 3.712818084696989374, -89.00000000000000000, -7.859564460644826944 ) ) ;
#2016 = CARTESIAN_POINT ( 'NONE',  ( -20.50074533980028946, -4.000000000002152944, -9.397215890171970898 ) ) ;
#2017 = LINE ( 'NONE', #2906, #735 ) ;
#2018 = EDGE_LOOP ( 'NONE', ( #3224, #3571, #1901, #2839 ) ) ;
#2019 = LINE ( 'NONE', #2874, #3606 ) ;
#2020 = LINE ( 'NONE', #1988, #1433 ) ;
#2021 = EDGE_CURVE ( 'NONE', #758, #3411, #1341, .T. ) ;
#2022 = CARTESIAN_POINT ( 'NONE',  ( -16.14725322742942026, -85.50000000000000000, -8.875643901733008434 ) ) ;
#2023 = AXIS2_PLACEMENT_3D ( 'NONE', #1579, #3290, #2111 ) ;
#2024 = FACE_OUTER_BOUND ( 'NONE', #3420, .T. ) ;
#2025 = ORIENTED_EDGE ( 'NONE', *, *, #2429, .T. ) ;
#2026 = DIRECTION ( 'NONE',  ( -0.000000000000000000, 1.000000000000000000, -0.000000000000000000 ) ) ;
#2027 = VECTOR ( 'NONE', #670, 1000.000000000000114 ) ;
#2028 = AXIS2_PLACEMENT_3D ( 'NONE', #1905, #1633, #2761 ) ;
#2029 = EDGE_CURVE ( 'NONE', #1997, #1079, #3534, .T. ) ;
#2030 = EDGE_CURVE ( 'NONE', #2662, #2402, #3535, .T. ) ;
#2031 = CIRCLE ( 'NONE', #1680, 3.000000000000000000 ) ;
#2032 = CARTESIAN_POINT ( 'NONE',  ( 0.7397699465727927137, -66.30776840122310034, -1.836970198721031167E-15 ) ) ;
#2033 = ORIENTED_EDGE ( 'NONE', *, *, #1670, .T. ) ;
#2034 = DIRECTION ( 'NONE',  ( 1.000000000000000000, 1.020425574104004122E-16, 0.000000000000000000 ) ) ;
#2035 =( BOUNDED_CURVE ( )  B_SPLINE_CURVE ( 3, ( #2059, #406, #2667, #2074 ),
 .UNSPECIFIED., .F., .T. ) 
 B_SPLINE_CURVE_WITH_KNOTS ( ( 4, 4 ),
 ( 1.816778095100008095, 3.382717331619360390 ),
 .UNSPECIFIED. ) 
 CURVE ( )  GEOMETRIC_REPRESENTATION_ITEM ( )  RATIONAL_B_SPLINE_CURVE ( ( 1.000000000000000000, 0.8058812900243937927, 0.8058812900243937927, 1.000000000000000000 ) ) 
 REPRESENTATION_ITEM ( '' )  );
#2036 = ORIENTED_EDGE ( 'NONE', *, *, #617, .T. ) ;
#2037 = VECTOR ( 'NONE', #1032, 1000.000000000000114 ) ;
#2038 = CYLINDRICAL_SURFACE ( 'NONE', #593, 1.899999999999999467 ) ;
#2039 = CARTESIAN_POINT ( 'NONE',  ( -24.99999999999999289, 0.000000000000000000, 0.000000000000000000 ) ) ;
#2040 = DIRECTION ( 'NONE',  ( 1.000000000000000000, 1.020425574104004369E-16, 0.000000000000000000 ) ) ;
#2041 = CARTESIAN_POINT ( 'NONE',  ( -18.88061197021424675, -3.999999999999998224, -12.63832553457314667 ) ) ;
#2042 = CARTESIAN_POINT ( 'NONE',  ( -0.6028842615610685574, -53.80049930861636653, -4.291951066843727070 ) ) ;
#2043 = ORIENTED_EDGE ( 'NONE', *, *, #161, .T. ) ;
#2044 = CARTESIAN_POINT ( 'NONE',  ( -4.179435306776406733, -6.897778496728514064, -9.448496103472235674 ) ) ;
#2045 = DIRECTION ( 'NONE',  ( 0.000000000000000000, 1.000000000000000000, -1.230300337572203632E-16 ) ) ;
#2046 = EDGE_LOOP ( 'NONE', ( #638, #106, #1049, #1100 ) ) ;
#2047 = ADVANCED_FACE ( 'NONE', ( #1109 ), #5, .T. ) ;
#2048 = EDGE_CURVE ( 'NONE', #2757, #550, #1073, .T. ) ;
#2049 = ORIENTED_EDGE ( 'NONE', *, *, #558, .F. ) ;
#2050 = CARTESIAN_POINT ( 'NONE',  ( -24.99999999999998934, -3.950646991490678772, -6.540911062231828943 ) ) ;
#2051 = VECTOR ( 'NONE', #2002, 1000.000000000000000 ) ;
#2052 = PLANE ( 'NONE',  #3004 ) ;
#2053 = CARTESIAN_POINT ( 'NONE',  ( -7.634986425665450938, -12.79018749626707852, -6.336561299501950018 ) ) ;
#2054 = CARTESIAN_POINT ( 'NONE',  ( -3.358983848622536073, -24.00000000000000355, -18.80000000000000071 ) ) ;
#2055 = ADVANCED_FACE ( 'NONE', ( #1000 ), #2788, .T. ) ;
#2056 = ORIENTED_EDGE ( 'NONE', *, *, #1820, .F. ) ;
#2057 = VECTOR ( 'NONE', #1935, 999.9999999999998863 ) ;
#2058 = CYLINDRICAL_SURFACE ( 'NONE', #2108, 1.600000000000002087 ) ;
#2059 = CARTESIAN_POINT ( 'NONE',  ( 0.4247462931011901643, -85.49999999999998579, -8.875643901733010210 ) ) ;
#2060 = DIRECTION ( 'NONE',  ( -0.000000000000000000, -0.000000000000000000, -1.000000000000000000 ) ) ;
#2061 = CARTESIAN_POINT ( 'NONE',  ( 3.044154293424516045, -79.11166674438348423, 0.000000000000000000 ) ) ;
#2062 = DIRECTION ( 'NONE',  ( 0.03489949670251163427, -0.9993908270190953180, 0.000000000000000000 ) ) ;
#2063 = VERTEX_POINT ( 'NONE', #2195 ) ;
#2064 = CARTESIAN_POINT ( 'NONE',  ( 18.00000000000000000, 2.999999999999997780, -2.999999999999997335 ) ) ;
#2065 = EDGE_LOOP ( 'NONE', ( #2947, #2531, #480, #190 ) ) ;
#2066 = CARTESIAN_POINT ( 'NONE',  ( -24.99999999999998579, -5.219267948423509829, -5.002325577802317014 ) ) ;
#2067 = SPHERICAL_SURFACE ( 'NONE', #536, 2.000000000000000000 ) ;
#2068 = CARTESIAN_POINT ( 'NONE',  ( -8.976907083881235039, -31.11574136935380963, -6.976503742112617701 ) ) ;
#2069 = DIRECTION ( 'NONE',  ( -0.000000000000000000, -0.000000000000000000, -1.000000000000000000 ) ) ;
#2070 = VERTEX_POINT ( 'NONE', #584 ) ;
#2071 = EDGE_CURVE ( 'NONE', #1531, #232, #3330, .T. ) ;
#2072 = LINE ( 'NONE', #2367, #114 ) ;
#2073 = EDGE_CURVE ( 'NONE', #416, #1435, #3368, .T. ) ;
#2074 = CARTESIAN_POINT ( 'NONE',  ( 3.941975981525933648, -85.49999999999998579, -5.390520607910406881 ) ) ;
#2075 = DIRECTION ( 'NONE',  ( 0.03489949670251163427, -0.9993908270190953180, 0.000000000000000000 ) ) ;
#2076 = CYLINDRICAL_SURFACE ( 'NONE', #1975, 1.899999999999999023 ) ;
#2077 = DIRECTION ( 'NONE',  ( -0.000000000000000000, -0.000000000000000000, 1.000000000000000000 ) ) ;
#2078 = ORIENTED_EDGE ( 'NONE', *, *, #2459, .T. ) ;
#2079 = FACE_BOUND ( 'NONE', #2333, .T. ) ;
#2080 = CIRCLE ( 'NONE', #3629, 1.899999999999999467 ) ;
#2081 = AXIS2_PLACEMENT_3D ( 'NONE', #2110, #3215, #2968 ) ;
#2082 = FACE_OUTER_BOUND ( 'NONE', #3321, .T. ) ;
#2083 = AXIS2_PLACEMENT_3D ( 'NONE', #439, #1505, #2091 ) ;
#2084 = VERTEX_POINT ( 'NONE', #3384 ) ;
#2085 = VERTEX_POINT ( 'NONE', #798 ) ;
#2086 = AXIS2_PLACEMENT_3D ( 'NONE', #2391, #2040, #1525 ) ;
#2087 = CARTESIAN_POINT ( 'NONE',  ( -3.626425419873243072, -56.67441545332315656, -7.869032308313618884 ) ) ;
#2088 = CARTESIAN_POINT ( 'NONE',  ( -4.254246033653715564, -13.81820239258467176, -2.838693404935115350 ) ) ;
#2089 = ORIENTED_EDGE ( 'NONE', *, *, #1062, .F. ) ;
#2090 = SURFACE_STYLE_FILL_AREA ( #2403 ) ;
#2091 = DIRECTION ( 'NONE',  ( 0.000000000000000000, -1.000000000000000000, 0.000000000000000000 ) ) ;
#2092 = EDGE_CURVE ( 'NONE', #2515, #155, #1117, .T. ) ;
#2093 = ADVANCED_FACE ( 'NONE', ( #2769 ), #777, .F. ) ;
#2094 = CARTESIAN_POINT ( 'NONE',  ( -21.49786659495411811, -3.999999999999997335, -3.250000000000037748 ) ) ;
#2095 = FACE_BOUND ( 'NONE', #2104, .T. ) ;
#2096 = DIRECTION ( 'NONE',  ( 1.000000000000000000, 0.000000000000000000, 0.000000000000000000 ) ) ;
#2097 = DIRECTION ( 'NONE',  ( -0.2077905067623293245, 0.9775774745778875729, 0.03413775765005937213 ) ) ;
#2098 = LINE ( 'NONE', #3237, #737 ) ;
#2099 = DIRECTION ( 'NONE',  ( -0.9781476007338076872, -0.2079116908177498502, 0.000000000000000000 ) ) ;
#2100 = ORIENTED_EDGE ( 'NONE', *, *, #2390, .T. ) ;
#2101 = CARTESIAN_POINT ( 'NONE',  ( -19.13466826877932547, -86.00000000000000000, -3.250000000000037748 ) ) ;
#2102 = CARTESIAN_POINT ( 'NONE',  ( -8.590406030510987279, -16.35586200412486590, -6.461077397073452744 ) ) ;
#2103 = ORIENTED_EDGE ( 'NONE', *, *, #2773, .T. ) ;
#2104 = EDGE_LOOP ( 'NONE', ( #3459, #678 ) ) ;
#2105 =( NAMED_UNIT ( * ) PLANE_ANGLE_UNIT ( ) SI_UNIT ( $, .RADIAN. ) );
#2106 = CARTESIAN_POINT ( 'NONE',  ( -20.99821974771231936, -18.30801366962205279, -3.250000000000037748 ) ) ;
#2107 = CARTESIAN_POINT ( 'NONE',  ( -10.09590253892309164, -25.97342989771279420, -3.294796863510796925 ) ) ;
#2108 = AXIS2_PLACEMENT_3D ( 'NONE', #3228, #1539, #107 ) ;
#2109 = LINE ( 'NONE', #3194, #1559 ) ;
#2110 = CARTESIAN_POINT ( 'NONE',  ( 0.000000000000000000, 0.000000000000000000, 0.000000000000000000 ) ) ;
#2111 = DIRECTION ( 'NONE',  ( -1.000000000000000000, 0.000000000000000000, 0.000000000000000000 ) ) ;
#2112 = EDGE_CURVE ( 'NONE', #1824, #308, #507, .T. ) ;
#2113 = FACE_OUTER_BOUND ( 'NONE', #3063, .T. ) ;
#2114 = CARTESIAN_POINT ( 'NONE',  ( -21.36624050303779754, -59.34595313285799989, 5.787312674625657571 ) ) ;
#2115 = ADVANCED_FACE ( 'NONE', ( #1386 ), #3088, .T. ) ;
#2116 = EDGE_CURVE ( 'NONE', #2758, #2493, #2488, .T. ) ;
#2117 = DIRECTION ( 'NONE',  ( 1.000000000000000000, -1.445602896647339410E-16, -2.658695784602366130E-17 ) ) ;
#2118 = VERTEX_POINT ( 'NONE', #2513 ) ;
#2119 = ORIENTED_EDGE ( 'NONE', *, *, #1739, .T. ) ;
#2120 = DIRECTION ( 'NONE',  ( 0.1391731009600694624, -0.9902680687415698069, 0.000000000000000000 ) ) ;
#2121 = PLANE ( 'NONE',  #1733 ) ;
#2122 = EDGE_LOOP ( 'NONE', ( #1900, #3017, #1665, #1920 ) ) ;
#2123 = ORIENTED_EDGE ( 'NONE', *, *, #2214, .F. ) ;
#2124 = CARTESIAN_POINT ( 'NONE',  ( 37.76352740992070522, -25.07683085454452154, 0.000000000000000000 ) ) ;
#2125 = DIRECTION ( 'NONE',  ( 0.000000000000000000, 1.000000000000000000, 0.000000000000000000 ) ) ;
#2126 = CARTESIAN_POINT ( 'NONE',  ( -1.623466631435288576, 0.000000000000000000, -2.495834222360337140 ) ) ;
#2127 =( BOUNDED_CURVE ( )  B_SPLINE_CURVE ( 3, ( #3104, #1140, #1676, #1987 ),
 .UNSPECIFIED., .F., .T. ) 
 B_SPLINE_CURVE_WITH_KNOTS ( ( 4, 4 ),
 ( 0.1251561734069757126, 1.704985277444788005 ),
 .UNSPECIFIED. ) 
 CURVE ( )  GEOMETRIC_REPRESENTATION_ITEM ( )  RATIONAL_B_SPLINE_CURVE ( ( 1.000000000000000000, 0.8026040075570937127, 0.8026040075570937127, 1.000000000000000000 ) ) 
 REPRESENTATION_ITEM ( '' )  );
#2128 = DIRECTION ( 'NONE',  ( 1.000000000000000000, 0.000000000000000000, 0.000000000000000000 ) ) ;
#2129 = CARTESIAN_POINT ( 'NONE',  ( 20.00000000000000355, -4.000000000000003553, -15.97157287525380021 ) ) ;
#2130 = CARTESIAN_POINT ( 'NONE',  ( -10.25682685363648083, -22.57502918279296011, -6.678255500550365653 ) ) ;
#2131 = FACE_OUTER_BOUND ( 'NONE', #2575, .T. ) ;
#2132 = ADVANCED_FACE ( 'NONE', ( #834 ), #566, .T. ) ;
#2133 = LINE ( 'NONE', #2713, #2859 ) ;
#2134 = EDGE_LOOP ( 'NONE', ( #1388, #259, #340, #1613 ) ) ;
#2135 = ORIENTED_EDGE ( 'NONE', *, *, #70, .T. ) ;
#2136 = VECTOR ( 'NONE', #2297, 1000.000000000000000 ) ;
#2137 = VECTOR ( 'NONE', #3491, 999.9999999999998863 ) ;
#2138 = EDGE_CURVE ( 'NONE', #3227, #2085, #2250, .T. ) ;
#2139 = EDGE_CURVE ( 'NONE', #1310, #760, #1875, .T. ) ;
#2140 = AXIS2_PLACEMENT_3D ( 'NONE', #2571, #1157, #1172 ) ;
#2141 = CARTESIAN_POINT ( 'NONE',  ( -18.70913100994836853, -85.95017632148670828, -11.82487851430014025 ) ) ;
#2142 = EDGE_LOOP ( 'NONE', ( #3100, #2494, #1863, #1113, #621, #2290 ) ) ;
#2143 = ORIENTED_EDGE ( 'NONE', *, *, #3072, .F. ) ;
#2144 = CIRCLE ( 'NONE', #3101, 3.000000000000000000 ) ;
#2145 = CIRCLE ( 'NONE', #2803, 1.899999999999999467 ) ;
#2146 = CARTESIAN_POINT ( 'NONE',  ( 0.3760903954908564328, -75.77467746912461166, -8.287607498348139146 ) ) ;
#2147 = CARTESIAN_POINT ( 'NONE',  ( -21.51456411436391392, -55.09852063108807840, -3.250000000000037748 ) ) ;
#2148 = VECTOR ( 'NONE', #3179, 1000.000000000000000 ) ;
#2149 = AXIS2_PLACEMENT_3D ( 'NONE', #39, #1469, #3157 ) ;
#2150 = VERTEX_POINT ( 'NONE', #900 ) ;
#2151 = CARTESIAN_POINT ( 'NONE',  ( -12.46968349029412337, -85.50000000000000000, -2.995680509102111699 ) ) ;
#2152 = DIRECTION ( 'NONE',  ( -1.000000000000000000, -4.625929269271485914E-16, 5.384700323245300374E-18 ) ) ;
#2153 = LINE ( 'NONE', #1378, #772 ) ;
#2154 = LINE ( 'NONE', #111, #3033 ) ;
#2155 = DIRECTION ( 'NONE',  ( 0.000000000000000000, 1.000000000000000000, 0.000000000000000000 ) ) ;
#2156 = LINE ( 'NONE', #1054, #1199 ) ;
#2157 = CARTESIAN_POINT ( 'NONE',  ( -3.751235286647874201, -55.78634710622019810, -7.838020278271519814 ) ) ;
#2158 = ORIENTED_EDGE ( 'NONE', *, *, #1962, .T. ) ;
#2159 = ORIENTED_EDGE ( 'NONE', *, *, #136, .F. ) ;
#2160 = FACE_OUTER_BOUND ( 'NONE', #2327, .T. ) ;
#2161 = EDGE_CURVE ( 'NONE', #1607, #2883, #2350, .T. ) ;
#2162 = EDGE_CURVE ( 'NONE', #3114, #1603, #3196, .T. ) ;
#2163 = VERTEX_POINT ( 'NONE', #373 ) ;
#2164 = ORIENTED_EDGE ( 'NONE', *, *, #327, .F. ) ;
#2165 = CARTESIAN_POINT ( 'NONE',  ( -12.30875404182144095, -84.99999999999998579, -1.094697590084338164E-15 ) ) ;
#2166 = CARTESIAN_POINT ( 'NONE',  ( -24.89552621938118904, -1.885182829220754197, -16.65917013810535963 ) ) ;
#2167 = ADVANCED_FACE ( 'NONE', ( #1146 ), #3158, .F. ) ;
#2168 = LINE ( 'NONE', #3021, #451 ) ;
#2169 = ORIENTED_EDGE ( 'NONE', *, *, #3258, .F. ) ;
#2170 = CARTESIAN_POINT ( 'NONE',  ( -4.785893221999931946, -34.12098940511662448, -3.604727437793043610 ) ) ;
#2171 = LINE ( 'NONE', #3584, #970 ) ;
#2172 = CARTESIAN_POINT ( 'NONE',  ( 17.61543401526208186, -1.674158340589607441, -18.75307614223173402 ) ) ;
#2173 = CARTESIAN_POINT ( 'NONE',  ( -20.99821974771231581, -18.30801366962206345, -4.024677381450840308 ) ) ;
#2174 = VECTOR ( 'NONE', #986, 1000.000000000000000 ) ;
#2175 = DIRECTION ( 'NONE',  ( -1.000000000000000000, 0.000000000000000000, 0.000000000000000000 ) ) ;
#2176 = VECTOR ( 'NONE', #2863, 1000.000000000000000 ) ;
#2177 = LINE ( 'NONE', #2232, #3390 ) ;
#2178 = CARTESIAN_POINT ( 'NONE',  ( -8.976907083881291882, -30.99359313089506784, -10.47437163667945370 ) ) ;
#2179 = VERTEX_POINT ( 'NONE', #2284 ) ;
#2180 = EDGE_LOOP ( 'NONE', ( #270, #1667, #16, #3572, #3590, #3117, #2775 ) ) ;
#2181 = LINE ( 'NONE', #3314, #2676 ) ;
#2182 = VERTEX_POINT ( 'NONE', #1713 ) ;
#2183 = ORIENTED_EDGE ( 'NONE', *, *, #2894, .T. ) ;
#2184 = DIRECTION ( 'NONE',  ( -1.000000000000000000, 1.445602896647339410E-16, 0.000000000000000000 ) ) ;
#2185 = CARTESIAN_POINT ( 'NONE',  ( -22.69909869057099883, -1.192146968694286491, -18.73827771967859590 ) ) ;
#2186 = CARTESIAN_POINT ( 'NONE',  ( -21.99999999999999645, 0.000000000000000000, -18.80000000000000071 ) ) ;
#2187 = ORIENTED_EDGE ( 'NONE', *, *, #3481, .F. ) ;
#2188 = EDGE_CURVE ( 'NONE', #980, #548, #1487, .T. ) ;
#2189 = ADVANCED_FACE ( 'NONE', ( #2316 ), #599, .T. ) ;
#2190 = DIRECTION ( 'NONE',  ( 1.770156198885326701E-32, -1.734723475976806848E-16, -1.000000000000000000 ) ) ;
#2191 = PLANE ( 'NONE',  #1951 ) ;
#2192 = LINE ( 'NONE', #525, #2312 ) ;
#2193 = CARTESIAN_POINT ( 'NONE',  ( 0.8173846780634037579, -63.26737764451835488, 7.703719777548943412E-31 ) ) ;
#2194 = DIRECTION ( 'NONE',  ( 0.000000000000000000, -1.000000000000000000, -0.000000000000000000 ) ) ;
#2195 = CARTESIAN_POINT ( 'NONE',  ( -0.8735056416419837433, -14.72406905044353387, -2.838693404935116682 ) ) ;
#2196 = ORIENTED_EDGE ( 'NONE', *, *, #1443, .F. ) ;
#2197 = DIRECTION ( 'NONE',  ( 4.698209414103848274E-16, -1.000000000000000000, 0.000000000000000000 ) ) ;
#2198 = CARTESIAN_POINT ( 'NONE',  ( -19.77099169434511339, -89.00000000000001421, -11.20619393087466698 ) ) ;
#2199 = ORIENTED_EDGE ( 'NONE', *, *, #1012, .F. ) ;
#2200 = ORIENTED_EDGE ( 'NONE', *, *, #3461, .T. ) ;
#2201 = VECTOR ( 'NONE', #1912, 1000.000000000000000 ) ;
#2202 = CARTESIAN_POINT ( 'NONE',  ( 15.00000000000000000, 0.000000000000000000, -14.00000000000000178 ) ) ;
#2203 = CARTESIAN_POINT ( 'NONE',  ( -0.1863896568690718292, -75.42776720851769312, -8.437384169170854875 ) ) ;
#2204 = DIRECTION ( 'NONE',  ( 0.000000000000000000, 1.000000000000000000, 0.000000000000000000 ) ) ;
#2205 = VERTEX_POINT ( 'NONE', #2042 ) ;
#2206 = AXIS2_PLACEMENT_3D ( 'NONE', #1059, #3055, #1843 ) ;
#2207 = DIRECTION ( 'NONE',  ( -0.000000000000000000, -0.000000000000000000, 1.000000000000000000 ) ) ;
#2208 = PRODUCT_CONTEXT ( 'NONE', #455, 'mechanical' ) ;
#2209 = CARTESIAN_POINT ( 'NONE',  ( 18.78089103407643989, -2.585786437626905077, -18.21421356237309297 ) ) ;
#2210 = VECTOR ( 'NONE', #2763, 1000.000000000000000 ) ;
#2211 = CARTESIAN_POINT ( 'NONE',  ( -1.362376619431593383, -33.39329848725451200, -3.604727437793043610 ) ) ;
#2212 = VECTOR ( 'NONE', #808, 1000.000000000000227 ) ;
#2213 = EDGE_CURVE ( 'NONE', #2515, #641, #2598, .T. ) ;
#2214 = EDGE_CURVE ( 'NONE', #1190, #2254, #1840, .T. ) ;
#2215 = PLANE ( 'NONE',  #2501 ) ;
#2216 = CARTESIAN_POINT ( 'NONE',  ( -12.46968349029412337, -89.00000000000000000, -2.995680509102111699 ) ) ;
#2217 = CARTESIAN_POINT ( 'NONE',  ( -8.209409824568254521, -34.84868032297875828, -3.604727437793043165 ) ) ;
#2218 = EDGE_LOOP ( 'NONE', ( #3295, #2697, #248, #724 ) ) ;
#2219 = ORIENTED_EDGE ( 'NONE', *, *, #349, .T. ) ;
#2220 = ORIENTED_EDGE ( 'NONE', *, *, #2008, .T. ) ;
#2221 = ORIENTED_EDGE ( 'NONE', *, *, #2847, .T. ) ;
#2222 = CARTESIAN_POINT ( 'NONE',  ( 4.517160185136443573, -89.00000000000000000, 0.000000000000000000 ) ) ;
#2223 = CARTESIAN_POINT ( 'NONE',  ( -22.50816964330061509, -2.027911131912564446, -18.77208886808732302 ) ) ;
#2224 = CARTESIAN_POINT ( 'NONE',  ( 0.000000000000000000, 30.00000000000000000, -18.80000000000000071 ) ) ;
#2225 = EDGE_LOOP ( 'NONE', ( #2377, #1853, #1547, #2770, #3446, #1410 ) ) ;
#2226 = DIRECTION ( 'NONE',  ( -0.000000000000000000, -1.000000000000000000, 0.000000000000000000 ) ) ;
#2227 = FACE_OUTER_BOUND ( 'NONE', #1411, .T. ) ;
#2228 = CARTESIAN_POINT ( 'NONE',  ( -0.3999999999999928058, -79.10134678113803375, -12.15411502527625665 ) ) ;
#2229 = DIRECTION ( 'NONE',  ( -0.000000000000000000, -1.000000000000000000, 0.000000000000000000 ) ) ;
#2230 = ADVANCED_FACE ( 'NONE', ( #2024 ), #1452, .F. ) ;
#2231 = CIRCLE ( 'NONE', #3064, 2.999999999999999112 ) ;
#2232 = CARTESIAN_POINT ( 'NONE',  ( -21.49786659495411456, 0.000000000000000000, -3.250000000000037748 ) ) ;
#2233 = CARTESIAN_POINT ( 'NONE',  ( 37.76352740992070522, -25.07683085454452154, -18.80000000000000071 ) ) ;
#2234 = ORIENTED_EDGE ( 'NONE', *, *, #2030, .F. ) ;
#2235 = VECTOR ( 'NONE', #930, 1000.000000000000000 ) ;
#2236 = ORIENTED_EDGE ( 'NONE', *, *, #1465, .T. ) ;
#2237 = EDGE_CURVE ( 'NONE', #1603, #2182, #2811, .T. ) ;
#2238 = EDGE_CURVE ( 'NONE', #746, #609, #2080, .T. ) ;
#2239 = CARTESIAN_POINT ( 'NONE',  ( -24.99999999999999289, -2.000000000000005329, -11.64154703437737304 ) ) ;
#2240 = VERTEX_POINT ( 'NONE', #885 ) ;
#2241 = EDGE_LOOP ( 'NONE', ( #2555, #3493, #2398, #3262 ) ) ;
#2242 = DIRECTION ( 'NONE',  ( 0.1391731009600694624, -0.9902680687415696958, 0.000000000000000000 ) ) ;
#2243 = CARTESIAN_POINT ( 'NONE',  ( -22.00000000000000000, -1.999999999999992450, -18.80000000000000071 ) ) ;
#2244 = CARTESIAN_POINT ( 'NONE',  ( -18.65182388137579039, -85.50000000000000000, -6.371073247786639193 ) ) ;
#2245 = EDGE_LOOP ( 'NONE', ( #62, #2440, #1877, #1238, #227, #1979, #1453 ) ) ;
#2246 = FACE_OUTER_BOUND ( 'NONE', #1309, .T. ) ;
#2247 = DIRECTION ( 'NONE',  ( 0.000000000000000000, 0.000000000000000000, -1.000000000000000000 ) ) ;
#2248 = AXIS2_PLACEMENT_3D ( 'NONE', #3585, #2504, #2426 ) ;
#2249 = CARTESIAN_POINT ( 'NONE',  ( 19.98716807535507911, -4.000000000000008882, -16.10985927769464610 ) ) ;
#2250 = LINE ( 'NONE', #850, #474 ) ;
#2251 = ORIENTED_EDGE ( 'NONE', *, *, #1158, .F. ) ;
#2252 = ORIENTED_EDGE ( 'NONE', *, *, #2364, .F. ) ;
#2253 = CARTESIAN_POINT ( 'NONE',  ( -23.66365843261418078, -4.430327118965219135, -9.347751125393301663 ) ) ;
#2254 = VERTEX_POINT ( 'NONE', #2269 ) ;
#2255 = ADVANCED_FACE ( 'NONE', ( #2543 ), #2672, .T. ) ;
#2256 = EDGE_CURVE ( 'NONE', #67, #2070, #1730, .T. ) ;
#2257 = EDGE_LOOP ( 'NONE', ( #3602, #2397, #490, #672 ) ) ;
#2258 = CARTESIAN_POINT ( 'NONE',  ( 2.385419971685434959, -88.99999999999998579, -12.42646747129213303 ) ) ;
#2259 = DIRECTION ( 'NONE',  ( -1.000000000000000000, -1.020425574104004122E-16, -0.000000000000000000 ) ) ;
#2260 = DIRECTION ( 'NONE',  ( 1.000000000000000000, 4.625929269271485914E-16, -1.734723475976807587E-16 ) ) ;
#2261 = EDGE_LOOP ( 'NONE', ( #513, #1959, #1154, #1343 ) ) ;
#2262 = VECTOR ( 'NONE', #446, 1000.000000000000114 ) ;
#2263 = CARTESIAN_POINT ( 'NONE',  ( -2.891205793294676847E-16, -1.999999999999998668, -18.80000000000000071 ) ) ;
#2264 = CARTESIAN_POINT ( 'NONE',  ( -0.8735056416419837433, -14.72406905044353387, -0.000000000000000000 ) ) ;
#2265 = AXIS2_PLACEMENT_3D ( 'NONE', #3264, #141, #1540 ) ;
#2266 = VECTOR ( 'NONE', #650, 1000.000000000000000 ) ;
#2267 = VECTOR ( 'NONE', #3131, 1000.000000000000114 ) ;
#2268 = CARTESIAN_POINT ( 'NONE',  ( -24.95888152132797444, -6.394213754087634705, -3.437540961551740715 ) ) ;
#2269 = CARTESIAN_POINT ( 'NONE',  ( 20.00000000000000000, 30.00000000000000000, -15.80000000000000071 ) ) ;
#2270 = VERTEX_POINT ( 'NONE', #3434 ) ;
#2271 = CARTESIAN_POINT ( 'NONE',  ( 0.4974691126510223382, -89.00000000000000000, -9.393409058628293451 ) ) ;
#2272 = CARTESIAN_POINT ( 'NONE',  ( -24.99999999999998934, -5.228335061030560560, -6.010879924237344518 ) ) ;
#2273 = VERTEX_POINT ( 'NONE', #1766 ) ;
#2274 = ORIENTED_EDGE ( 'NONE', *, *, #2936, .F. ) ;
#2275 = EDGE_CURVE ( 'NONE', #3184, #208, #2898, .T. ) ;
#2276 = LINE ( 'NONE', #3409, #1344 ) ;
#2277 = CARTESIAN_POINT ( 'NONE',  ( -4.026400864129392687, -54.52819022647847902, -4.291951066843727070 ) ) ;
#2278 = DIRECTION ( 'NONE',  ( 1.000000000000000000, 1.020425574104004122E-16, 0.000000000000000000 ) ) ;
#2279 = ORIENTED_EDGE ( 'NONE', *, *, #2546, .T. ) ;
#2280 = EDGE_CURVE ( 'NONE', #3560, #2084, #3527, .T. ) ;
#2281 = DIRECTION ( 'NONE',  ( -2.152568043719244208E-17, 0.03489949670250105246, -0.9993908270190957621 ) ) ;
#2282 = DIRECTION ( 'NONE',  ( 0.000000000000000000, 0.000000000000000000, 1.000000000000000000 ) ) ;
#2283 = CARTESIAN_POINT ( 'NONE',  ( 18.00000000000000000, 10.99999999999999822, -10.00000000000000000 ) ) ;
#2284 = CARTESIAN_POINT ( 'NONE',  ( -4.254246033653718229, -13.81820239258469663, -2.838693404935116682 ) ) ;
#2285 = VERTEX_POINT ( 'NONE', #1034 ) ;
#2286 = CARTESIAN_POINT ( 'NONE',  ( -0.001777275003316675095, -82.46512711762599679, -8.769663805370871756 ) ) ;
#2287 = CARTESIAN_POINT ( 'NONE',  ( -24.95947724917264310, -6.396472850279457667, -3.711991869413497458 ) ) ;
#2288 = AXIS2_PLACEMENT_3D ( 'NONE', #2632, #2909, #2931 ) ;
#2289 = ORIENTED_EDGE ( 'NONE', *, *, #1374, .F. ) ;
#2290 = ORIENTED_EDGE ( 'NONE', *, *, #3161, .T. ) ;
#2291 = CARTESIAN_POINT ( 'NONE',  ( -21.36624050303779754, -59.34595313285799989, -3.250000000000037748 ) ) ;
#2292 =( BOUNDED_CURVE ( )  B_SPLINE_CURVE ( 3, ( #1601, #1622, #2750, #224 ),
 .UNSPECIFIED., .F., .F. ) 
 B_SPLINE_CURVE_WITH_KNOTS ( ( 4, 4 ),
 ( 1.361356816555587823, 1.431169986635346447 ),
 .UNSPECIFIED. ) 
 CURVE ( )  GEOMETRIC_REPRESENTATION_ITEM ( )  RATIONAL_B_SPLINE_CURVE ( ( 1.000000000000000000, 0.9995938846793972488, 0.9995938846793972488, 1.000000000000000000 ) ) 
 REPRESENTATION_ITEM ( '' )  );
#2293 = CARTESIAN_POINT ( 'NONE',  ( -27.96221287035379888, -4.000000000000005329, -4.208623683947642746 ) ) ;
#2294 = CARTESIAN_POINT ( 'NONE',  ( -6.000000000000000000, -79.00000000000001421, 0.000000000000000000 ) ) ;
#2295 = ORIENTED_EDGE ( 'NONE', *, *, #600, .T. ) ;
#2296 = CARTESIAN_POINT ( 'NONE',  ( -0.5734216171630651671, -78.27551803499164862, -12.12549283738153960 ) ) ;
#2297 = DIRECTION ( 'NONE',  ( 0.000000000000000000, 0.000000000000000000, 1.000000000000000000 ) ) ;
#2298 = EDGE_CURVE ( 'NONE', #1880, #1554, #2012, .T. ) ;
#2299 = EDGE_CURVE ( 'NONE', #2441, #2461, #417, .T. ) ;
#2300 = CARTESIAN_POINT ( 'NONE',  ( -24.95206314614522114, -6.372329788534335293, -3.250000000000038636 ) ) ;
#2301 = DIRECTION ( 'NONE',  ( 1.000000000000000000, 3.627312841994671529E-15, 0.000000000000000000 ) ) ;
#2302 = EDGE_LOOP ( 'NONE', ( #806, #829, #3389, #1273 ) ) ;
#2303 = CARTESIAN_POINT ( 'NONE',  ( 1.989401859059960032, -3.999999999995993871, -3.547542242081152875 ) ) ;
#2304 = CARTESIAN_POINT ( 'NONE',  ( -24.99999999999999289, -2.151375221193467357, -10.05146730094856800 ) ) ;
#2305 = EDGE_LOOP ( 'NONE', ( #1643, #965 ) ) ;
#2306 = CARTESIAN_POINT ( 'NONE',  ( -25.00000000000000000, -5.816103546247632039, -4.204530560102565317 ) ) ;
#2307 = LINE ( 'NONE', #361, #2831 ) ;
#2308 = CYLINDRICAL_SURFACE ( 'NONE', #963, 1.799999999999999600 ) ;
#2309 = ORIENTED_EDGE ( 'NONE', *, *, #51, .F. ) ;
#2310 = LINE ( 'NONE', #1399, #2051 ) ;
#2311 = DIRECTION ( 'NONE',  ( -0.9902680687415695848, -0.1391731009600700175, 0.000000000000000000 ) ) ;
#2312 = VECTOR ( 'NONE', #1597, 1000.000000000000000 ) ;
#2313 = CIRCLE ( 'NONE', #565, 1.000000000000000888 ) ;
#2314 = CARTESIAN_POINT ( 'NONE',  ( 19.91798600239859240, -3.930981152541312085, -16.50933426008431582 ) ) ;
#2315 = AXIS2_PLACEMENT_3D ( 'NONE', #1723, #2259, #3169 ) ;
#2316 = FACE_OUTER_BOUND ( 'NONE', #2261, .T. ) ;
#2317 = EDGE_CURVE ( 'NONE', #2499, #2515, #2154, .T. ) ;
#2318 = EDGE_CURVE ( 'NONE', #641, #378, #3269, .T. ) ;
#2319 = ORIENTED_EDGE ( 'NONE', *, *, #2138, .F. ) ;
#2320 = DIRECTION ( 'NONE',  ( -1.000000000000000000, -0.000000000000000000, -0.000000000000000000 ) ) ;
#2321 = AXIS2_PLACEMENT_3D ( 'NONE', #2933, #407, #126 ) ;
#2322 = AXIS2_PLACEMENT_3D ( 'NONE', #238, #1428, #2204 ) ;
#2323 = ADVANCED_FACE ( 'NONE', ( #1835 ), #991, .T. ) ;
#2324 = AXIS2_PLACEMENT_3D ( 'NONE', #3611, #1938, #2197 ) ;
#2325 = DIRECTION ( 'NONE',  ( 1.445602896647339410E-16, 1.000000000000000000, 0.000000000000000000 ) ) ;
#2326 = AXIS2_PLACEMENT_3D ( 'NONE', #348, #677, #876 ) ;
#2327 = EDGE_LOOP ( 'NONE', ( #517, #2677, #1593, #29 ) ) ;
#2328 = PRODUCT_DEFINITION_SHAPE ( 'NONE', 'NONE',  #1980 ) ;
#2329 = ORIENTED_EDGE ( 'NONE', *, *, #2509, .F. ) ;
#2330 = DIRECTION ( 'NONE',  ( -0.000000000000000000, -0.000000000000000000, 1.000000000000000000 ) ) ;
#2331 = CARTESIAN_POINT ( 'NONE',  ( 19.34545831192821908, -3.091164597627367172, -17.70883540237262821 ) ) ;
#2332 = DIRECTION ( 'NONE',  ( 1.020425574104004122E-16, -1.000000000000000000, -0.000000000000000000 ) ) ;
#2333 = EDGE_LOOP ( 'NONE', ( #1626, #1256 ) ) ;
#2334 = DIRECTION ( 'NONE',  ( 1.000000000000000000, 0.000000000000000000, 0.000000000000000000 ) ) ;
#2335 = CARTESIAN_POINT ( 'NONE',  ( -2.308754041821444059, -84.99999999999998579, -3.000000000000000444 ) ) ;
#2336 = CARTESIAN_POINT ( 'NONE',  ( 12.00000000000000355, 10.99999999999999822, -10.00000000000000000 ) ) ;
#2337 = DIRECTION ( 'NONE',  ( 0.000000000000000000, 0.000000000000000000, -1.000000000000000000 ) ) ;
#2338 = CARTESIAN_POINT ( 'NONE',  ( -3.248869333786438496, -24.51804806198854791, -3.294796863510796925 ) ) ;
#2339 = EDGE_LOOP ( 'NONE', ( #719, #1752 ) ) ;
#2340 = DIRECTION ( 'NONE',  ( 0.000000000000000000, 0.000000000000000000, -1.000000000000000000 ) ) ;
#2341 = CARTESIAN_POINT ( 'NONE',  ( -19.99882892069322082, -18.27311417291954854, -6.187313213253007760 ) ) ;
#2342 = ORIENTED_EDGE ( 'NONE', *, *, #1532, .F. ) ;
#2343 = ORIENTED_EDGE ( 'NONE', *, *, #413, .F. ) ;
#2344 = EDGE_CURVE ( 'NONE', #3589, #3052, #267, .T. ) ;
#2345 = CARTESIAN_POINT ( 'NONE',  ( -24.99999999999999645, -5.471114739422819007, -4.693066320394700064 ) ) ;
#2346 = LINE ( 'NONE', #673, #761 ) ;
#2347 = CARTESIAN_POINT ( 'NONE',  ( -5.496236424124232300, -30.77908738833914626, -3.478635848606016268 ) ) ;
#2348 = CYLINDRICAL_SURFACE ( 'NONE', #200, 1.499999999999999556 ) ;
#2349 = ORIENTED_EDGE ( 'NONE', *, *, #2365, .F. ) ;
#2350 = CIRCLE ( 'NONE', #1231, 1.499999999999999556 ) ;
#2351 = DIRECTION ( 'NONE',  ( 1.000000000000000000, 0.000000000000000000, 0.000000000000000000 ) ) ;
#2352 = CARTESIAN_POINT ( 'NONE',  ( -22.79712323634668891, -18.37083276368657891, -6.187313213253007760 ) ) ;
#2353 = DIRECTION ( 'NONE',  ( -1.000000000000000000, -1.020425574104004122E-16, -0.000000000000000000 ) ) ;
#2354 = DIRECTION ( 'NONE',  ( 1.000000000000000000, 1.020425574104004369E-16, 0.000000000000000000 ) ) ;
#2355 = CARTESIAN_POINT ( 'NONE',  ( -3.626425419873243072, -56.67441545332315656, -7.869032308313618884 ) ) ;
#2356 = EDGE_LOOP ( 'NONE', ( #1349, #399 ) ) ;
#2357 = PLANE ( 'NONE',  #2679 ) ;
#2358 = DIRECTION ( 'NONE',  ( 0.000000000000000000, 0.000000000000000000, 1.000000000000000000 ) ) ;
#2359 = CARTESIAN_POINT ( 'NONE',  ( -7.634986425665455378, -12.91233573472586293, -2.838693404935116682 ) ) ;
#2360 = ORIENTED_EDGE ( 'NONE', *, *, #2780, .F. ) ;
#2361 = ORIENTED_EDGE ( 'NONE', *, *, #2892, .F. ) ;
#2362 = CARTESIAN_POINT ( 'NONE',  ( -22.99999999999999289, -1.999999999999997335, -15.80000000000000071 ) ) ;
#2363 = FACE_OUTER_BOUND ( 'NONE', #1020, .T. ) ;
#2364 = EDGE_CURVE ( 'NONE', #1811, #2699, #3056, .T. ) ;
#2365 = EDGE_CURVE ( 'NONE', #1717, #1516, #976, .T. ) ;
#2366 = ORIENTED_EDGE ( 'NONE', *, *, #3621, .T. ) ;
#2367 = CARTESIAN_POINT ( 'NONE',  ( -21.51456411436391392, -55.09852063108807840, 3.049999999999990496 ) ) ;
#2368 = DIRECTION ( 'NONE',  ( 1.000000000000000000, 1.020425574104004122E-16, 0.000000000000000000 ) ) ;
#2369 = LINE ( 'NONE', #443, #2266 ) ;
#2370 = FACE_OUTER_BOUND ( 'NONE', #2465, .T. ) ;
#2371 = CARTESIAN_POINT ( 'NONE',  ( -1.999999999999994893, -79.00000000000001421, -3.200000000000000178 ) ) ;
#2372 = CARTESIAN_POINT ( 'NONE',  ( 20.00000000000000355, -4.000000000000003553, 0.000000000000000000 ) ) ;
#2373 = AXIS2_PLACEMENT_3D ( 'NONE', #2841, #847, #38 ) ;
#2374 = DIRECTION ( 'NONE',  ( -0.1715728752537984125, -0.000000000000000000, 0.9851714310094181748 ) ) ;
#2375 = DIRECTION ( 'NONE',  ( -1.000000000000000000, -1.020425574104004122E-16, -0.000000000000000000 ) ) ;
#2376 = VECTOR ( 'NONE', #1188, 1000.000000000000000 ) ;
#2377 = ORIENTED_EDGE ( 'NONE', *, *, #2412, .F. ) ;
#2378 = ORIENTED_EDGE ( 'NONE', *, *, #1739, .F. ) ;
#2379 = VECTOR ( 'NONE', #956, 999.9999999999998863 ) ;
#2380 = DIRECTION ( 'NONE',  ( -0.000000000000000000, -0.000000000000000000, -1.000000000000000000 ) ) ;
#2381 = FACE_OUTER_BOUND ( 'NONE', #1083, .T. ) ;
#2382 = ORIENTED_EDGE ( 'NONE', *, *, #2112, .T. ) ;
#2383 = VERTEX_POINT ( 'NONE', #128 ) ;
#2384 = EDGE_CURVE ( 'NONE', #3411, #101, #564, .T. ) ;
#2385 = DIRECTION ( 'NONE',  ( 0.000000000000000000, 0.000000000000000000, 1.000000000000000000 ) ) ;
#2386 = CARTESIAN_POINT ( 'NONE',  ( -0.4732230442516656699, -78.50547161999078583, -12.13321020026572938 ) ) ;
#2387 = LINE ( 'NONE', #3541, #802 ) ;
#2388 =( BOUNDED_SURFACE ( )  B_SPLINE_SURFACE ( 3, 2, ( 
 ( #3303, #1351, #1047 ),
 ( #2166, #257, #2799 ),
 ( #3558, #1883, #1369 ),
 ( #3020, #2497, #3638 ),
 ( #496, #217, #1295 ),
 ( #1611, #1102, #1025 ),
 ( #2743, #1334, #3319 ),
 ( #2185, #2223, #3115 ),
 ( #893, #1461, #843 ),
 ( #643, #2243, #2837 ) ),
 .UNSPECIFIED., .F., .F., .F. ) 
 B_SPLINE_SURFACE_WITH_KNOTS ( ( 4, 2, 2, 2, 4 ),
 ( 3, 3 ),
 ( 4.884814978097526961, 5.234407560368041779, 5.584000142638556596, 5.933592724909071414, 6.283185307179586232 ),
 ( 0.000000000000000000, 1.000000000000000000 ),
 .UNSPECIFIED. ) 
 GEOMETRIC_REPRESENTATION_ITEM ( )  RATIONAL_B_SPLINE_SURFACE ( (
 ( 1.000000000000000000, 0.7487724432561723154, 1.000000000000000000),
 ( 1.000000000000000000, 0.7758855959437278571, 1.000000000000000000),
 ( 1.000000000000000000, 0.8006568905320652352, 1.000000000000000000),
 ( 1.000000000000000000, 0.8440833815740540480, 1.000000000000000000),
 ( 1.000000000000000000, 0.8627341110349885378, 1.000000000000000000),
 ( 1.000000000000000000, 0.8929401754693110371, 1.000000000000000000),
 ( 1.000000000000000000, 0.9044976606681723874, 1.000000000000000000),
 ( 1.000000000000000000, 0.9199669429203042315, 1.000000000000000000),
 ( 1.000000000000000000, 0.9238852225662101958, 1.000000000000000000),
 ( 1.000000000000000000, 0.9238795325112860723, 1.000000000000000000) ) ) 
 REPRESENTATION_ITEM ( '' )  SURFACE ( )  );
#2389 = EDGE_CURVE ( 'NONE', #2179, #3497, #1538, .T. ) ;
#2390 = EDGE_CURVE ( 'NONE', #2854, #416, #80, .T. ) ;
#2391 = CARTESIAN_POINT ( 'NONE',  ( 16.90000000000000568, 13.99999999999999822, -10.00000000000000000 ) ) ;
#2392 = CARTESIAN_POINT ( 'NONE',  ( -24.99999999999999289, 0.000000000000000000, -18.80000000000000071 ) ) ;
#2393 = CARTESIAN_POINT ( 'NONE',  ( -17.88931130969504935, -89.00000000000001421, -9.393409058628295227 ) ) ;
#2394 = CARTESIAN_POINT ( 'NONE',  ( -24.95206314614522114, -6.372329788534335293, -3.250000000000038636 ) ) ;
#2395 = DIRECTION ( 'NONE',  ( 0.9851714310094181748, 0.000000000000000000, 0.1715728752537981627 ) ) ;
#2396 = DIRECTION ( 'NONE',  ( 1.000000000000000000, -1.445602896647339410E-16, 0.000000000000000000 ) ) ;
#2397 = ORIENTED_EDGE ( 'NONE', *, *, #2987, .T. ) ;
#2398 = ORIENTED_EDGE ( 'NONE', *, *, #3599, .F. ) ;
#2399 = DIRECTION ( 'NONE',  ( -0.9993908270190953180, -0.03489949670251165509, -0.000000000000000000 ) ) ;
#2400 = CARTESIAN_POINT ( 'NONE',  ( 3.941975981525931871, -85.49999999999998579, 0.000000000000000000 ) ) ;
#2401 = EDGE_LOOP ( 'NONE', ( #552, #692, #1647, #2899, #2043, #277, #458, #2684 ) ) ;
#2402 = VERTEX_POINT ( 'NONE', #3233 ) ;
#2403 = FILL_AREA_STYLE ('',( #1522 ) ) ;
#2404 = FACE_OUTER_BOUND ( 'NONE', #1255, .T. ) ;
#2405 = CARTESIAN_POINT ( 'NONE',  ( 4.700842221539073051, -65.75107599738282715, -3.000000000000001776 ) ) ;
#2406 = EDGE_CURVE ( 'NONE', #2254, #540, #954, .T. ) ;
#2407 = AXIS2_PLACEMENT_3D ( 'NONE', #2217, #3109, #1917 ) ;
#2408 = CARTESIAN_POINT ( 'NONE',  ( -8.209409824568247416, -34.60438384606128892, -10.60046322692671694 ) ) ;
#2409 = CARTESIAN_POINT ( 'NONE',  ( 16.00000000000000000, 26.00000000000000000, 0.000000000000000000 ) ) ;
#2410 = DIRECTION ( 'NONE',  ( -0.1391731009600688795, 0.9902680687415698069, 0.000000000000000000 ) ) ;
#2411 =( BOUNDED_CURVE ( )  B_SPLINE_CURVE ( 3, ( #1972, #3135, #2542, #72 ),
 .UNSPECIFIED., .F., .F. ) 
 B_SPLINE_CURVE_WITH_KNOTS ( ( 4, 4 ),
 ( 4.884814978097526961, 6.283185307179586232 ),
 .UNSPECIFIED. ) 
 CURVE ( )  GEOMETRIC_REPRESENTATION_ITEM ( )  RATIONAL_B_SPLINE_CURVE ( ( 1.000000000000000000, 0.8435779098201170445, 0.8435779098201170445, 1.000000000000000000 ) ) 
 REPRESENTATION_ITEM ( '' )  );
#2412 = EDGE_CURVE ( 'NONE', #606, #1907, #1544, .T. ) ;
#2413 = EDGE_CURVE ( 'NONE', #2854, #1585, #1246, .T. ) ;
#2414 = LINE ( 'NONE', #1819, #2922 ) ;
#2415 = PLANE ( 'NONE',  #799 ) ;
#2416 = ORIENTED_EDGE ( 'NONE', *, *, #793, .F. ) ;
#2417 = ORIENTED_EDGE ( 'NONE', *, *, #394, .F. ) ;
#2418 = CARTESIAN_POINT ( 'NONE',  ( -21.49786659495411456, 0.000000000000000000, -3.250000000000037748 ) ) ;
#2419 = ORIENTED_EDGE ( 'NONE', *, *, #1285, .F. ) ;
#2420 = EDGE_LOOP ( 'NONE', ( #1996, #955, #3113, #1860 ) ) ;
#2421 = DIRECTION ( 'NONE',  ( -1.020425574104004122E-16, 1.000000000000000000, 0.000000000000000000 ) ) ;
#2422 = DIRECTION ( 'NONE',  ( -1.000000000000000000, -0.000000000000000000, 0.000000000000000000 ) ) ;
#2423 = ORIENTED_EDGE ( 'NONE', *, *, #1158, .T. ) ;
#2424 = DIRECTION ( 'NONE',  ( -0.000000000000000000, -1.000000000000000000, 0.000000000000000000 ) ) ;
#2425 = DIRECTION ( 'NONE',  ( 0.000000000000000000, -1.000000000000000000, 0.000000000000000000 ) ) ;
#2426 = DIRECTION ( 'NONE',  ( 1.000000000000000000, 1.020425574104004615E-16, 0.000000000000000000 ) ) ;
#2427 = CARTESIAN_POINT ( 'NONE',  ( 5.000000000000000888, 3.000000000000002665, -18.80000000000000071 ) ) ;
#2428 = FACE_OUTER_BOUND ( 'NONE', #2868, .T. ) ;
#2429 = EDGE_CURVE ( 'NONE', #1948, #2270, #2610, .T. ) ;
#2430 = EDGE_CURVE ( 'NONE', #1016, #2009, #700, .T. ) ;
#2431 = DIRECTION ( 'NONE',  ( 3.475237779086663203E-16, -5.023813799985946751E-32, -1.000000000000000000 ) ) ;
#2432 = CARTESIAN_POINT ( 'NONE',  ( -2.114794631393018154, -20.64090745149137263, -10.11284788644628918 ) ) ;
#2433 = ORIENTED_EDGE ( 'NONE', *, *, #328, .F. ) ;
#2434 = VERTEX_POINT ( 'NONE', #3642 ) ;
#2435 = VECTOR ( 'NONE', #1932, 1000.000000000000000 ) ;
#2436 = VECTOR ( 'NONE', #2069, 1000.000000000000000 ) ;
#2437 = EDGE_CURVE ( 'NONE', #2625, #2548, #2766, .T. ) ;
#2438 = CIRCLE ( 'NONE', #2918, 1.499999999999997780 ) ;
#2439 = CARTESIAN_POINT ( 'NONE',  ( -22.04365568096011785, -89.00000000000001421, -7.083440759659701769 ) ) ;
#2440 = ORIENTED_EDGE ( 'NONE', *, *, #3503, .F. ) ;
#2441 = VERTEX_POINT ( 'NONE', #544 ) ;
#2442 = AXIS2_PLACEMENT_3D ( 'NONE', #698, #1782, #3506 ) ;
#2443 = VECTOR ( 'NONE', #2260, 1000.000000000000000 ) ;
#2444 = CARTESIAN_POINT ( 'NONE',  ( -10.25682685363648261, -22.69717742125171256, -3.180387605983530541 ) ) ;
#2445 = DIRECTION ( 'NONE',  ( 0.000000000000000000, 0.000000000000000000, 1.000000000000000000 ) ) ;
#2446 = CARTESIAN_POINT ( 'NONE',  ( -4.026400864129413115, -54.28389374956088176, -11.28768685597739108 ) ) ;
#2447 = AXIS2_PLACEMENT_3D ( 'NONE', #2054, #2630, #105 ) ;
#2448 = ORIENTED_EDGE ( 'NONE', *, *, #2364, .T. ) ;
#2449 = DIRECTION ( 'NONE',  ( 0.9902680687415698069, 0.1391731009600694624, 0.000000000000000000 ) ) ;
#2450 = CARTESIAN_POINT ( 'NONE',  ( 7.968265406799485362, -89.00000000000000000, -18.80000000000000071 ) ) ;
#2451 = CARTESIAN_POINT ( 'NONE',  ( 19.54662156086031999, -3.414213562373101585, -17.38578643762689069 ) ) ;
#2452 = CARTESIAN_POINT ( 'NONE',  ( -22.98517143100941240, -3.414213562373096700, -17.38578643762689069 ) ) ;
#2453 = CARTESIAN_POINT ( 'NONE',  ( -1.362376619431593383, -33.39329848725451200, -3.604727437793043610 ) ) ;
#2454 = ORIENTED_EDGE ( 'NONE', *, *, #119, .T. ) ;
#2455 = ORIENTED_EDGE ( 'NONE', *, *, #1084, .T. ) ;
#2456 = B_SPLINE_CURVE_WITH_KNOTS ( 'NONE', 3,
 ( #1339, #2486, #1403, #3645 ),
 .UNSPECIFIED., .F., .F.,
 ( 4, 4 ),
 ( -1.550607852409561911E-05, 0.0004370465865913140046 ),
 .UNSPECIFIED. ) ;
#2457 = CARTESIAN_POINT ( 'NONE',  ( 0.6912459581785578289, -84.99999999999998579, 0.000000000000000000 ) ) ;
#2458 = ORIENTED_EDGE ( 'NONE', *, *, #793, .T. ) ;
#2459 = EDGE_CURVE ( 'NONE', #2084, #1650, #1490, .T. ) ;
#2460 = EDGE_CURVE ( 'NONE', #2070, #432, #2507, .T. ) ;
#2461 = VERTEX_POINT ( 'NONE', #3604 ) ;
#2462 = CARTESIAN_POINT ( 'NONE',  ( -24.95551429302824786, -1.999999999999997335, -16.31471862576139742 ) ) ;
#2463 = CARTESIAN_POINT ( 'NONE',  ( 1.980820126533154868, -78.54860339149742288, -7.567820969509811313 ) ) ;
#2464 = CARTESIAN_POINT ( 'NONE',  ( -15.30875404182143917, -85.50000000000000000, -3.250000000000037748 ) ) ;
#2465 = EDGE_LOOP ( 'NONE', ( #3313, #1067, #2221, #471 ) ) ;
#2466 = DIRECTION ( 'NONE',  ( 0.000000000000000000, 0.000000000000000000, 1.000000000000000000 ) ) ;
#2467 = CARTESIAN_POINT ( 'NONE',  ( 0.000000000000000000, 0.000000000000000000, -18.80000000000000071 ) ) ;
#2468 = DIRECTION ( 'NONE',  ( -1.000000000000000000, 1.445602896647339656E-16, -4.357881996052697634E-33 ) ) ;
#2469 = VECTOR ( 'NONE', #1651, 1000.000000000000114 ) ;
#2470 = CARTESIAN_POINT ( 'NONE',  ( 37.76352740992070522, -25.07683085454452154, 0.000000000000000000 ) ) ;
#2471 = DIRECTION ( 'NONE',  ( 1.000000000000000000, 0.000000000000000000, -1.264962724470827817E-16 ) ) ;
#2472 = DIRECTION ( 'NONE',  ( 0.000000000000000000, 0.000000000000000000, 1.000000000000000000 ) ) ;
#2473 = CARTESIAN_POINT ( 'NONE',  ( -1.362376619431593827, -33.39329848725454752, -3.604727437793046274 ) ) ;
#2474 = ORIENTED_EDGE ( 'NONE', *, *, #3254, .F. ) ;
#2475 = DIRECTION ( 'NONE',  ( -0.000000000000000000, -1.000000000000000000, 0.000000000000000000 ) ) ;
#2476 = CARTESIAN_POINT ( 'NONE',  ( -22.00470227464249717, -86.07681007614421276, -7.858972935091506073 ) ) ;
#2477 = ORIENTED_EDGE ( 'NONE', *, *, #2755, .F. ) ;
#2478 = EDGE_CURVE ( 'NONE', #2163, #404, #3046, .T. ) ;
#2479 = CARTESIAN_POINT ( 'NONE',  ( -22.13284074983661043, -86.10469849010755183, -6.387924273892649829 ) ) ;
#2480 = ADVANCED_FACE ( 'NONE', ( #222 ), #2725, .F. ) ;
#2481 = CARTESIAN_POINT ( 'NONE',  ( -5.999999999999997335, -82.46281939507485959, -8.769583217923610619 ) ) ;
#2482 = EDGE_LOOP ( 'NONE', ( #3110, #1429, #1327, #1161 ) ) ;
#2483 = DIRECTION ( 'NONE',  ( 0.03487826274238545882, -0.9987827659587178442, -0.03487826274237468271 ) ) ;
#2484 = DIRECTION ( 'NONE',  ( 1.000000000000000000, 0.000000000000000000, -0.000000000000000000 ) ) ;
#2485 = DIRECTION ( 'NONE',  ( -4.625929269271485914E-16, 1.000000000000000000, 0.000000000000000000 ) ) ;
#2486 = CARTESIAN_POINT ( 'NONE',  ( -24.90193136618055547, -6.808318237162087172, -3.498661301530089140 ) ) ;
#2487 = FACE_OUTER_BOUND ( 'NONE', #1345, .T. ) ;
#2488 = LINE ( 'NONE', #3350, #302 ) ;
#2489 = ORIENTED_EDGE ( 'NONE', *, *, #437, .T. ) ;
#2490 = DIRECTION ( 'NONE',  ( -1.000000000000000000, -4.625929269271485914E-16, -0.000000000000000000 ) ) ;
#2491 = CARTESIAN_POINT ( 'NONE',  ( -16.12918348404360813, -89.00000000000000000, -12.50000000000001243 ) ) ;
#2492 = AXIS2_PLACEMENT_3D ( 'NONE', #409, #392, #180 ) ;
#2493 = VERTEX_POINT ( 'NONE', #198 ) ;
#2494 = ORIENTED_EDGE ( 'NONE', *, *, #2237, .T. ) ;
#2495 = AXIS2_PLACEMENT_3D ( 'NONE', #561, #2247, #1638 ) ;
#2496 = PLANE ( 'NONE',  #353 ) ;
#2497 = CARTESIAN_POINT ( 'NONE',  ( -23.94226834957837724, -2.566300829955377338, -18.23369917004474061 ) ) ;
#2498 = DIRECTION ( 'NONE',  ( 0.000000000000000000, 0.000000000000000000, -1.000000000000000000 ) ) ;
#2499 = VERTEX_POINT ( 'NONE', #2748 ) ;
#2500 = VECTOR ( 'NONE', #3514, 1000.000000000000114 ) ;
#2501 = AXIS2_PLACEMENT_3D ( 'NONE', #2525, #562, #3348 ) ;
#2502 = CYLINDRICAL_SURFACE ( 'NONE', #3451, 2.999999999999999112 ) ;
#2503 = APPLICATION_PROTOCOL_DEFINITION ( 'draft international standard', 'automotive_design', 1998, #455 ) ;
#2504 = DIRECTION ( 'NONE',  ( 1.020425574104004122E-16, -1.000000000000000000, 0.000000000000000000 ) ) ;
#2505 = AXIS2_PLACEMENT_3D ( 'NONE', #489, #2695, #2396 ) ;
#2506 = VECTOR ( 'NONE', #755, 1000.000000000000000 ) ;
#2507 = LINE ( 'NONE', #3623, #2435 ) ;
#2508 = AXIS2_PLACEMENT_3D ( 'NONE', #127, #3507, #2992 ) ;
#2509 = EDGE_CURVE ( 'NONE', #3245, #8, #1143, .T. ) ;
#2510 = ADVANCED_FACE ( 'NONE', ( #1106 ), #1379, .F. ) ;
#2511 = DIRECTION ( 'NONE',  ( 1.000000000000000000, 0.000000000000000000, 0.000000000000000000 ) ) ;
#2512 = CARTESIAN_POINT ( 'NONE',  ( -18.99329594100774443, 0.000000000000000000, -6.029601188155562674 ) ) ;
#2513 = CARTESIAN_POINT ( 'NONE',  ( 20.00000000000000355, 12.09999999999999787, -10.00000000000000000 ) ) ;
#2514 = ORIENTED_EDGE ( 'NONE', *, *, #556, .F. ) ;
#2515 = VERTEX_POINT ( 'NONE', #2211 ) ;
#2516 = CARTESIAN_POINT ( 'NONE',  ( -24.99999999999999289, -3.732091786084624108, -6.835563526802110879 ) ) ;
#2517 = ORIENTED_EDGE ( 'NONE', *, *, #2729, .T. ) ;
#2518 = ORIENTED_EDGE ( 'NONE', *, *, #1886, .T. ) ;
#2519 = CARTESIAN_POINT ( 'NONE',  ( 2.969185177474549686, -89.00000000000000000, -8.596409249468958791 ) ) ;
#2520 = CARTESIAN_POINT ( 'NONE',  ( -27.79406815839670131, -4.000000000000005329, -5.456608067132585838 ) ) ;
#2521 = CYLINDRICAL_SURFACE ( 'NONE', #1096, 7.000000000000000888 ) ;
#2522 = VERTEX_POINT ( 'NONE', #1123 ) ;
#2523 = DIRECTION ( 'NONE',  ( -0.000000000000000000, -0.000000000000000000, 1.000000000000000000 ) ) ;
#2524 = CYLINDRICAL_SURFACE ( 'NONE', #1372, 4.000000000000005329 ) ;
#2525 = CARTESIAN_POINT ( 'NONE',  ( -20.61180485415014729, -0.7197800861208845102, 0.000000000000000000 ) ) ;
#2526 = CIRCLE ( 'NONE', #1175, 3.000000000000002665 ) ;
#2527 = CARTESIAN_POINT ( 'NONE',  ( -0.3548884504008388285, -54.92622091987951194, -0.000000000000000000 ) ) ;
#2528 = DIRECTION ( 'NONE',  ( 0.000000000000000000, 0.000000000000000000, 1.000000000000000000 ) ) ;
#2529 = EDGE_CURVE ( 'NONE', #3357, #2273, #1989, .T. ) ;
#2530 = EDGE_CURVE ( 'NONE', #1964, #1202, #1252, .T. ) ;
#2531 = ORIENTED_EDGE ( 'NONE', *, *, #2550, .T. ) ;
#2532 = AXIS2_PLACEMENT_3D ( 'NONE', #3626, #3647, #2751 ) ;
#2533 = ORIENTED_EDGE ( 'NONE', *, *, #2299, .F. ) ;
#2534 = CARTESIAN_POINT ( 'NONE',  ( -24.61332845354754539, -5.637691451524170283, -6.353522106505115730 ) ) ;
#2535 = VERTEX_POINT ( 'NONE', #1872 ) ;
#2536 = CARTESIAN_POINT ( 'NONE',  ( 0.4974691126510191186, -89.00000000000000000, -9.393409058628295227 ) ) ;
#2537 = FACE_OUTER_BOUND ( 'NONE', #2142, .T. ) ;
#2538 = DIRECTION ( 'NONE',  ( -0.2077905067623293245, 0.9775774745778875729, 0.03413775765005937213 ) ) ;
#2539 = ORIENTED_EDGE ( 'NONE', *, *, #2825, .F. ) ;
#2540 = DIRECTION ( 'NONE',  ( 0.000000000000000000, -0.9993908270190956511, -0.03489949670250104552 ) ) ;
#2541 = CARTESIAN_POINT ( 'NONE',  ( -2.308754041821442282, -85.49999999999998579, -2.931667788805367753E-15 ) ) ;
#2542 = CARTESIAN_POINT ( 'NONE',  ( -23.52586796172229100, -1.171572875253800383, -18.80000000000000071 ) ) ;
#2543 = FACE_OUTER_BOUND ( 'NONE', #3464, .T. ) ;
#2544 = ORIENTED_EDGE ( 'NONE', *, *, #2413, .T. ) ;
#2545 = PLANE ( 'NONE',  #3452 ) ;
#2546 = EDGE_CURVE ( 'NONE', #1306, #2844, #3067, .T. ) ;
#2547 = CARTESIAN_POINT ( 'NONE',  ( -24.99999999999999289, -4.469741358856092361, -5.885494337752523286 ) ) ;
#2548 = VERTEX_POINT ( 'NONE', #285 ) ;
#2549 = ORIENTED_EDGE ( 'NONE', *, *, #1043, .F. ) ;
#2550 = EDGE_CURVE ( 'NONE', #3125, #3497, #2192, .T. ) ;
#2551 = ADVANCED_FACE ( 'NONE', ( #3326, #791 ), #1677, .T. ) ;
#2552 = CARTESIAN_POINT ( 'NONE',  ( 7.487964391361148664, -85.58248069711977735, -5.410411008545327860 ) ) ;
#2553 = CARTESIAN_POINT ( 'NONE',  ( -24.88378925685050902, -6.888094790917240751, -3.192509748992929275 ) ) ;
#2554 = CARTESIAN_POINT ( 'NONE',  ( 20.00000000000000355, 23.00000000000000000, -3.975047607936268293E-15 ) ) ;
#2555 = ORIENTED_EDGE ( 'NONE', *, *, #3165, .F. ) ;
#2556 = VECTOR ( 'NONE', #337, 1000.000000000000000 ) ;
#2557 = VECTOR ( 'NONE', #1303, 1000.000000000000000 ) ;
#2558 = CARTESIAN_POINT ( 'NONE',  ( -23.21352852029637859, -55.15784977548234735, -3.250000000000037748 ) ) ;
#2559 = LINE ( 'NONE', #880, #143 ) ;
#2560 = CIRCLE ( 'NONE', #966, 1.799999999999998712 ) ;
#2561 = CIRCLE ( 'NONE', #3570, 2.999999999999999556 ) ;
#2562 = VECTOR ( 'NONE', #766, 1000.000000000000000 ) ;
#2563 = DIRECTION ( 'NONE',  ( -1.000000000000000000, -1.020425574104004122E-16, -0.000000000000000000 ) ) ;
#2564 = DIRECTION ( 'NONE',  ( -0.03489949670251181468, 0.9993908270190953180, 0.000000000000000000 ) ) ;
#2565 = ORIENTED_EDGE ( 'NONE', *, *, #2460, .T. ) ;
#2566 = CARTESIAN_POINT ( 'NONE',  ( -21.49786659495411456, -89.00000000000001421, -3.525030534209192101 ) ) ;
#2567 = CARTESIAN_POINT ( 'NONE',  ( -24.99999999999999289, -5.841800249975087844, -4.159956780036266011 ) ) ;
#2568 = ORIENTED_EDGE ( 'NONE', *, *, #3076, .F. ) ;
#2569 = ORIENTED_EDGE ( 'NONE', *, *, #1279, .F. ) ;
#2570 = DIRECTION ( 'NONE',  ( -0.03489949670251160652, 0.9993908270190953180, 0.000000000000000000 ) ) ;
#2571 = CARTESIAN_POINT ( 'NONE',  ( -36.30527168834504437, -61.38927602346421963, -18.80000000000000071 ) ) ;
#2572 = ADVANCED_FACE ( 'NONE', ( #1400 ), #2524, .T. ) ;
#2573 = FACE_OUTER_BOUND ( 'NONE', #3036, .T. ) ;
#2574 = ADVANCED_FACE ( 'NONE', ( #2823 ), #1450, .F. ) ;
#2575 = EDGE_LOOP ( 'NONE', ( #3275, #1056, #325, #2158 ) ) ;
#2576 = FACE_OUTER_BOUND ( 'NONE', #3520, .T. ) ;
#2577 = CARTESIAN_POINT ( 'NONE',  ( -36.30527168834504437, -61.38927602346421963, -18.80000000000000071 ) ) ;
#2578 = CARTESIAN_POINT ( 'NONE',  ( 6.799999999999999822, 25.00000000000000000, 18.80000000000000782 ) ) ;
#2579 = CARTESIAN_POINT ( 'NONE',  ( -20.46006912905055586, -4.000000000000003553, -6.029601188155563563 ) ) ;
#2580 = ORIENTED_EDGE ( 'NONE', *, *, #3621, .F. ) ;
#2581 = DIRECTION ( 'NONE',  ( 0.000000000000000000, 0.000000000000000000, 1.000000000000000000 ) ) ;
#2582 = CARTESIAN_POINT ( 'NONE',  ( -24.99999999999948130, -6.172977279191536049, -3.325843603758081191 ) ) ;
#2583 = VECTOR ( 'NONE', #2380, 1000.000000000000000 ) ;
#2584 = ORIENTED_EDGE ( 'NONE', *, *, #1760, .T. ) ;
#2585 = ORIENTED_EDGE ( 'NONE', *, *, #28, .F. ) ;
#2586 = CARTESIAN_POINT ( 'NONE',  ( -24.99999999999999289, -5.976825395116857287, -3.439214314115588422 ) ) ;
#2587 = DIRECTION ( 'NONE',  ( 0.9902680687415698069, 0.1391731009600694624, 0.000000000000000000 ) ) ;
#2588 = CARTESIAN_POINT ( 'NONE',  ( -24.63837608015651170, -4.000000000000005329, -10.66816636741822322 ) ) ;
#2589 = CARTESIAN_POINT ( 'NONE',  ( 0.000000000000000000, 0.000000000000000000, 0.000000000000000000 ) ) ;
#2590 = ORIENTED_EDGE ( 'NONE', *, *, #369, .T. ) ;
#2591 = EDGE_CURVE ( 'NONE', #3428, #1190, #1764, .T. ) ;
#2592 = EDGE_CURVE ( 'NONE', #2063, #2648, #3450, .T. ) ;
#2593 = CARTESIAN_POINT ( 'NONE',  ( -8.209409824568252745, -34.60438384606125339, -10.60046322692671517 ) ) ;
#2594 = CARTESIAN_POINT ( 'NONE',  ( -22.98517143100940885, -1.999999999999997335, -15.97157287525380021 ) ) ;
#2595 = EDGE_CURVE ( 'NONE', #2732, #1016, #54, .T. ) ;
#2596 = CARTESIAN_POINT ( 'NONE',  ( -23.38883049228918054, -4.176427953903822043, -10.20101115464656338 ) ) ;
#2597 = AXIS2_PLACEMENT_3D ( 'NONE', #811, #3289, #2747 ) ;
#2598 = LINE ( 'NONE', #2338, #909 ) ;
#2599 = ORIENTED_EDGE ( 'NONE', *, *, #3207, .T. ) ;
#2600 = FACE_OUTER_BOUND ( 'NONE', #2018, .T. ) ;
#2601 = CARTESIAN_POINT ( 'NONE',  ( -24.99999999999999645, -6.147461297532137436, -3.208022797211186550 ) ) ;
#2602 = ORIENTED_EDGE ( 'NONE', *, *, #3549, .F. ) ;
#2603 = ORIENTED_EDGE ( 'NONE', *, *, #3599, .T. ) ;
#2604 = CARTESIAN_POINT ( 'NONE',  ( 18.00000000000000000, 16.99999999999999645, -10.00000000000000000 ) ) ;
#2605 = CARTESIAN_POINT ( 'NONE',  ( -24.99999999999999289, 0.000000000000000000, -18.80000000000000071 ) ) ;
#2606 = LINE ( 'NONE', #83, #2267 ) ;
#2607 = ORIENTED_EDGE ( 'NONE', *, *, #2730, .T. ) ;
#2608 = CARTESIAN_POINT ( 'NONE',  ( -6.144293759740839356, -4.000000000000000000, -12.63832553457315200 ) ) ;
#2609 = PLANE ( 'NONE',  #2858 ) ;
#2610 = CIRCLE ( 'NONE', #1144, 1.899999999999999467 ) ;
#2611 = VECTOR ( 'NONE', #3472, 1000.000000000000114 ) ;
#2612 = DIRECTION ( 'NONE',  ( -0.1222231563643048774, -0.7018053505240396950, 0.7018053505240441359 ) ) ;
#2613 = CARTESIAN_POINT ( 'NONE',  ( 12.00000000000000355, 13.99999999999999645, -10.00000000000000000 ) ) ;
#2614 = CIRCLE ( 'NONE', #730, 7.000000000000000888 ) ;
#2615 = DIRECTION ( 'NONE',  ( 0.9993908270190953180, 0.03489949670251181468, 0.000000000000000000 ) ) ;
#2616 = ADVANCED_FACE ( 'NONE', ( #1745 ), #87, .F. ) ;
#2617 = EDGE_CURVE ( 'NONE', #3190, #2758, #3106, .T. ) ;
#2618 = ORIENTED_EDGE ( 'NONE', *, *, #71, .F. ) ;
#2619 = DIRECTION ( 'NONE',  ( -1.000000000000000000, 1.445602896647339410E-16, 0.000000000000000000 ) ) ;
#2620 = AXIS2_PLACEMENT_3D ( 'NONE', #2783, #2466, #241 ) ;
#2621 = CIRCLE ( 'NONE', #1737, 1.799999999999999822 ) ;
#2622 = B_SPLINE_CURVE_WITH_KNOTS ( 'NONE', 3,
 ( #2954, #3218, #1528, #2394 ),
 .UNSPECIFIED., .F., .F.,
 ( 4, 4 ),
 ( 0.000000000000000000, 0.0004624774044317951117 ),
 .UNSPECIFIED. ) ;
#2623 = DIRECTION ( 'NONE',  ( 0.000000000000000000, 0.000000000000000000, 1.000000000000000000 ) ) ;
#2624 = CIRCLE ( 'NONE', #1491, 1.499999999999999556 ) ;
#2625 = VERTEX_POINT ( 'NONE', #1968 ) ;
#2626 = EDGE_LOOP ( 'NONE', ( #3487, #926, #1673, #1170 ) ) ;
#2627 = CARTESIAN_POINT ( 'NONE',  ( -24.99999999999998934, -5.996297104400150957, -3.637456175421456717 ) ) ;
#2628 = DIRECTION ( 'NONE',  ( 1.000000000000000000, 0.000000000000000000, 0.000000000000000000 ) ) ;
#2629 = CARTESIAN_POINT ( 'NONE',  ( 3.305451061317741690, -55.82235198506143092, -4.371164413746783772 ) ) ;
#2630 = DIRECTION ( 'NONE',  ( -0.9659258262890673130, 0.2588190451025246253, 0.000000000000000000 ) ) ;
#2631 = ORIENTED_EDGE ( 'NONE', *, *, #349, .F. ) ;
#2632 = CARTESIAN_POINT ( 'NONE',  ( -18.53386669863368041, -88.87785176154120848, -18.80000000000000071 ) ) ;
#2633 = CARTESIAN_POINT ( 'NONE',  ( 12.00000000000000355, 10.99999999999999822, -10.00000000000000000 ) ) ;
#2634 = CARTESIAN_POINT ( 'NONE',  ( -0.3999999999999927502, -79.00000000000001421, -12.15043293736211893 ) ) ;
#2635 = CARTESIAN_POINT ( 'NONE',  ( -17.21718355818180513, -54.94845279526727921, 3.049999999999990496 ) ) ;
#2636 = ORIENTED_EDGE ( 'NONE', *, *, #1866, .T. ) ;
#2637 = CARTESIAN_POINT ( 'NONE',  ( -0.3999999999999928058, -79.00000000000001421, -18.80000000000000426 ) ) ;
#2638 = EDGE_CURVE ( 'NONE', #641, #927, #2020, .T. ) ;
#2639 = EDGE_CURVE ( 'NONE', #476, #1421, #2793, .T. ) ;
#2640 = CARTESIAN_POINT ( 'NONE',  ( -22.89790557985929809, -2.913133054579308379, -17.88686694542068167 ) ) ;
#2641 = CARTESIAN_POINT ( 'NONE',  ( -18.88061197021424675, -7.104698490107502984, -9.640153053515858161 ) ) ;
#2642 = ORIENTED_EDGE ( 'NONE', *, *, #3620, .T. ) ;
#2643 = ORIENTED_EDGE ( 'NONE', *, *, #182, .T. ) ;
#2644 = CIRCLE ( 'NONE', #3180, 1.899999999999999023 ) ;
#2645 = DIRECTION ( 'NONE',  ( -0.000000000000000000, -0.000000000000000000, 1.000000000000000000 ) ) ;
#2646 = CARTESIAN_POINT ( 'NONE',  ( 16.90000000000000568, 15.89999999999999680, -10.00000000000000000 ) ) ;
#2647 = FACE_OUTER_BOUND ( 'NONE', #1496, .T. ) ;
#2648 = VERTEX_POINT ( 'NONE', #2264 ) ;
#2649 = SURFACE_SIDE_STYLE ('',( #2090 ) ) ;
#2650 = DIRECTION ( 'NONE',  ( -1.734723475976807587E-16, 0.000000000000000000, -1.000000000000000000 ) ) ;
#2651 =( BOUNDED_CURVE ( )  B_SPLINE_CURVE ( 3, ( #2608, #3502, #968, #2964 ),
 .UNSPECIFIED., .F., .F. ) 
 B_SPLINE_CURVE_WITH_KNOTS ( ( 4, 4 ),
 ( 4.578200029734797560, 6.158029133772610741 ),
 .UNSPECIFIED. ) 
 CURVE ( )  GEOMETRIC_REPRESENTATION_ITEM ( )  RATIONAL_B_SPLINE_CURVE ( ( 1.000000000000000000, 0.8026040075570934906, 0.8026040075570934906, 1.000000000000000000 ) ) 
 REPRESENTATION_ITEM ( '' )  );
#2652 = FACE_OUTER_BOUND ( 'NONE', #2046, .T. ) ;
#2653 = CARTESIAN_POINT ( 'NONE',  ( 16.90000000000000568, 15.49999999999999645, -10.00000000000000000 ) ) ;
#2654 = CARTESIAN_POINT ( 'NONE',  ( 4.700842221539073051, -65.75107599738282715, -1.836970198721031167E-15 ) ) ;
#2655 = FACE_OUTER_BOUND ( 'NONE', #2225, .T. ) ;
#2656 = CARTESIAN_POINT ( 'NONE',  ( -3.358983848622536073, -24.00000000000000355, -18.80000000000000071 ) ) ;
#2657 = ORIENTED_EDGE ( 'NONE', *, *, #2706, .F. ) ;
#2658 = EDGE_CURVE ( 'NONE', #1415, #1112, #324, .T. ) ;
#2659 = EDGE_LOOP ( 'NONE', ( #688, #2187, #874, #3281, #1449 ) ) ;
#2660 = PLANE ( 'NONE',  #3304 ) ;
#2661 = CARTESIAN_POINT ( 'NONE',  ( -5.138517360916347698, -17.11834791360511687, -2.963209501219578712 ) ) ;
#2662 = VERTEX_POINT ( 'NONE', #1727 ) ;
#2663 = EDGE_CURVE ( 'NONE', #3083, #84, #3152, .T. ) ;
#2664 = ADVANCED_FACE ( 'NONE', ( #1468 ), #1141, .T. ) ;
#2665 = VERTEX_POINT ( 'NONE', #867 ) ;
#2666 = DIRECTION ( 'NONE',  ( 0.000000000000000000, 0.000000000000000000, 1.000000000000000000 ) ) ;
#2667 = CARTESIAN_POINT ( 'NONE',  ( 3.941975981525932760, -85.50000000000000000, -7.434106818061081867 ) ) ;
#2668 = DIRECTION ( 'NONE',  ( -0.9993908270190953180, -0.03489949670251239061, 0.000000000000000000 ) ) ;
#2669 = CARTESIAN_POINT ( 'NONE',  ( -23.41009916980361538, -0.8174986768879171084, 0.000000000000000000 ) ) ;
#2670 = CARTESIAN_POINT ( 'NONE',  ( 16.90000000000000568, 13.99999999999999822, -10.00000000000000000 ) ) ;
#2671 = CARTESIAN_POINT ( 'NONE',  ( -4.026400864129399793, -54.40604198801970171, -7.789818961410562181 ) ) ;
#2672 =( BOUNDED_SURFACE ( )  B_SPLINE_SURFACE ( 3, 1, ( 
 ( #2006, #3136 ),
 ( #2579, #869 ),
 ( #1991, #922 ),
 ( #652, #614 ) ),
 .UNSPECIFIED., .F., .F., .F. ) 
 B_SPLINE_SURFACE_WITH_KNOTS ( ( 4, 4 ),
 ( 2, 2 ),
 ( 0.000000000000000000, 1.000000000000000000 ),
 ( 0.000000000000000000, 1.000000000000000000 ),
 .UNSPECIFIED. ) 
 GEOMETRIC_REPRESENTATION_ITEM ( )  RATIONAL_B_SPLINE_SURFACE ( (
 ( 1.000000000000000000, 1.000000000000000000),
 ( 0.8044506872272227938, 0.8044506872272227938),
 ( 0.8044506872272227938, 0.8044506872272227938),
 ( 1.000000000000000000, 1.000000000000000000) ) ) 
 REPRESENTATION_ITEM ( '' )  SURFACE ( )  );
#2673 = FACE_OUTER_BOUND ( 'NONE', #1705, .T. ) ;
#2674 = VECTOR ( 'NONE', #897, 1000.000000000000227 ) ;
#2675 = CARTESIAN_POINT ( 'NONE',  ( -24.93974670087404633, -6.333901128022222160, -2.996978144817836309 ) ) ;
#2676 = VECTOR ( 'NONE', #3035, 1000.000000000000114 ) ;
#2677 = ORIENTED_EDGE ( 'NONE', *, *, #1483, .F. ) ;
#2678 = ORIENTED_EDGE ( 'NONE', *, *, #597, .T. ) ;
#2679 = AXIS2_PLACEMENT_3D ( 'NONE', #2566, #2320, #2340 ) ;
#2680 = AXIS2_PLACEMENT_3D ( 'NONE', #1071, #3047, #1359 ) ;
#2681 = CARTESIAN_POINT ( 'NONE',  ( -22.98517143100941240, -1.999999999999997335, -15.97157287525380021 ) ) ;
#2682 = CARTESIAN_POINT ( 'NONE',  ( 1.234903980943611312, -66.23818185074306086, -3.000000000000001776 ) ) ;
#2683 = ORIENTED_EDGE ( 'NONE', *, *, #3053, .T. ) ;
#2684 = ORIENTED_EDGE ( 'NONE', *, *, #1241, .T. ) ;
#2685 = ADVANCED_FACE ( 'NONE', ( #1482, #18 ), #3402, .F. ) ;
#2686 = CARTESIAN_POINT ( 'NONE',  ( -21.49786659495411811, -3.999999999999997335, 18.80000000000000071 ) ) ;
#2687 = EDGE_CURVE ( 'NONE', #3178, #2925, #317, .T. ) ;
#2688 = CARTESIAN_POINT ( 'NONE',  ( -9.673872582631737771, -58.93764664789667052, -3.700152400304808520 ) ) ;
#2689 = CARTESIAN_POINT ( 'NONE',  ( 2.820632341007235588, -53.07280839075411905, -4.291951066843723517 ) ) ;
#2690 = DIRECTION ( 'NONE',  ( -0.9993908270190954291, -0.03489949670251164121, 0.000000000000000000 ) ) ;
#2691 = FACE_OUTER_BOUND ( 'NONE', #2241, .T. ) ;
#2692 = CARTESIAN_POINT ( 'NONE',  ( -4.785893221999931946, -34.12098940511662448, -3.604727437793043610 ) ) ;
#2693 = DIRECTION ( 'NONE',  ( 0.000000000000000000, 0.000000000000000000, -1.000000000000000000 ) ) ;
#2694 = FACE_OUTER_BOUND ( 'NONE', #3202, .T. ) ;
#2695 = DIRECTION ( 'NONE',  ( -1.445602896647339410E-16, -1.000000000000000000, -0.000000000000000000 ) ) ;
#2696 = ORIENTED_EDGE ( 'NONE', *, *, #3480, .F. ) ;
#2697 = ORIENTED_EDGE ( 'NONE', *, *, #3352, .T. ) ;
#2698 = PLANE ( 'NONE',  #3095 ) ;
#2699 = VERTEX_POINT ( 'NONE', #3416 ) ;
#2700 = EDGE_LOOP ( 'NONE', ( #2119, #1655, #465, #1688 ) ) ;
#2701 = VECTOR ( 'NONE', #36, 1000.000000000000114 ) ;
#2702 = DIRECTION ( 'NONE',  ( 0.2586719321207321398, 0.9653767931665648838, 0.03371170046685230404 ) ) ;
#2703 = DIRECTION ( 'NONE',  ( 0.03489949670251164121, -0.9993908270190953180, 1.480858017719437516E-16 ) ) ;
#2704 = VECTOR ( 'NONE', #528, 1000.000000000000000 ) ;
#2705 = ORIENTED_EDGE ( 'NONE', *, *, #1237, .F. ) ;
#2706 = EDGE_CURVE ( 'NONE', #1531, #2665, #3333, .T. ) ;
#2707 = EDGE_CURVE ( 'NONE', #1121, #395, #2559, .T. ) ;
#2708 = CARTESIAN_POINT ( 'NONE',  ( -16.02041342017244574, -89.21946558872203070, -6.504006641442204639 ) ) ;
#2709 = DIRECTION ( 'NONE',  ( 0.000000000000000000, 0.000000000000000000, 1.000000000000000000 ) ) ;
#2710 = CARTESIAN_POINT ( 'NONE',  ( -19.13466826877932192, -89.00000000000001421, -6.387924273892649829 ) ) ;
#2711 = ADVANCED_FACE ( 'NONE', ( #611 ), #2609, .F. ) ;
#2712 = LINE ( 'NONE', #2372, #2506 ) ;
#2713 = CARTESIAN_POINT ( 'NONE',  ( 18.00000000000000000, 30.00000000000000000, -14.00000000000000533 ) ) ;
#2714 = ORIENTED_EDGE ( 'NONE', *, *, #1241, .F. ) ;
#2715 = ORIENTED_EDGE ( 'NONE', *, *, #928, .F. ) ;
#2716 = CARTESIAN_POINT ( 'NONE',  ( -21.34504097858594562, -89.00000000000001421, -9.311138637301780818 ) ) ;
#2717 = ORIENTED_EDGE ( 'NONE', *, *, #1958, .T. ) ;
#2718 = ORIENTED_EDGE ( 'NONE', *, *, #2317, .F. ) ;
#2719 = CARTESIAN_POINT ( 'NONE',  ( -3.866736032149189928, -55.15720596395531317, -7.816050185464712641 ) ) ;
#2720 = CARTESIAN_POINT ( 'NONE',  ( -18.88061197021424675, -6.999999999999998224, -12.63832553457314845 ) ) ;
#2721 = DIRECTION ( 'NONE',  ( -0.000000000000000000, -0.000000000000000000, -1.000000000000000000 ) ) ;
#2722 = ORIENTED_EDGE ( 'NONE', *, *, #3549, .T. ) ;
#2723 = DIRECTION ( 'NONE',  ( 0.000000000000000000, 1.000000000000000000, -1.230300337572203386E-16 ) ) ;
#2724 = FACE_OUTER_BOUND ( 'NONE', #2420, .T. ) ;
#2725 = CYLINDRICAL_SURFACE ( 'NONE', #2495, 1.799999999999998712 ) ;
#2726 = ADVANCED_FACE ( 'NONE', ( #713, #1243 ), #3540, .T. ) ;
#2727 = DIRECTION ( 'NONE',  ( 0.03487826274238545882, -0.9987827659587178442, -0.03487826274237468271 ) ) ;
#2728 = CARTESIAN_POINT ( 'NONE',  ( 1.773687324816316080, -80.36986099717469756, -8.035961399067440780 ) ) ;
#2729 = EDGE_CURVE ( 'NONE', #1607, #1112, #1260, .T. ) ;
#2730 = EDGE_CURVE ( 'NONE', #2434, #550, #3246, .T. ) ;
#2731 = FACE_OUTER_BOUND ( 'NONE', #1185, .T. ) ;
#2732 = VERTEX_POINT ( 'NONE', #665 ) ;
#2733 = EDGE_LOOP ( 'NONE', ( #2089, #3537, #573, #315, #1770, #2568, #1808, #2343, #615, #1704, #720 ) ) ;
#2734 = VECTOR ( 'NONE', #1010, 1000.000000000000000 ) ;
#2735 = VECTOR ( 'NONE', #1563, 1000.000000000000000 ) ;
#2736 = CIRCLE ( 'NONE', #1614, 10.00000000000000178 ) ;
#2737 = CARTESIAN_POINT ( 'NONE',  ( -19.13466826877932192, -89.00000000000001421, -6.387924273892655158 ) ) ;
#2738 = ORIENTED_EDGE ( 'NONE', *, *, #1422, .T. ) ;
#2739 = VERTEX_POINT ( 'NONE', #2106 ) ;
#2740 = CIRCLE ( 'NONE', #3338, 1.899999999999999023 ) ;
#2741 = CIRCLE ( 'NONE', #3512, 43.50000000000000711 ) ;
#2742 = CARTESIAN_POINT ( 'NONE',  ( -0.2981103687766083477, -55.35033773557181291, -7.822794495540109416 ) ) ;
#2743 = CARTESIAN_POINT ( 'NONE',  ( -23.35599168088636546, -1.271974106759694800, -18.49879630548225862 ) ) ;
#2744 = CARTESIAN_POINT ( 'NONE',  ( -17.61402641547223169, -85.49999999999998579, -8.875643901733010210 ) ) ;
#2745 = EDGE_LOOP ( 'NONE', ( #415, #1943, #3361, #2618 ) ) ;
#2746 = CYLINDRICAL_SURFACE ( 'NONE', #3219, 6.000000000000000888 ) ;
#2747 = DIRECTION ( 'NONE',  ( 1.000000000000000000, 0.000000000000000000, 0.000000000000000000 ) ) ;
#2748 = CARTESIAN_POINT ( 'NONE',  ( -1.362376619431593383, -33.39329848725451200, -0.000000000000000000 ) ) ;
#2749 = DIRECTION ( 'NONE',  ( 0.000000000000000000, 0.000000000000000000, 1.000000000000000000 ) ) ;
#2750 = CARTESIAN_POINT ( 'NONE',  ( -0.2787239290320598917, -55.46815964914679142, -4.344602776906532071 ) ) ;
#2751 = DIRECTION ( 'NONE',  ( -1.000000000000000000, 0.000000000000000000, 0.000000000000000000 ) ) ;
#2752 = VERTEX_POINT ( 'NONE', #969 ) ;
#2753 = ORIENTED_EDGE ( 'NONE', *, *, #2846, .T. ) ;
#2754 = ADVANCED_FACE ( 'NONE', ( #2404 ), #1799, .F. ) ;
#2755 = EDGE_CURVE ( 'NONE', #2009, #2975, #2035, .T. ) ;
#2756 = CARTESIAN_POINT ( 'NONE',  ( -19.09185216077643332, -89.00000000000000000, -11.67416850039198017 ) ) ;
#2757 = VERTEX_POINT ( 'NONE', #2932 ) ;
#2758 = VERTEX_POINT ( 'NONE', #1523 ) ;
#2759 = DIRECTION ( 'NONE',  ( 0.000000000000000000, 0.000000000000000000, 1.000000000000000000 ) ) ;
#2760 = CARTESIAN_POINT ( 'NONE',  ( -0.8127494193597712968, -75.17344013879494469, -8.515032485177133736 ) ) ;
#2761 = DIRECTION ( 'NONE',  ( 0.000000000000000000, 1.000000000000000000, 0.000000000000000000 ) ) ;
#2762 = ORIENTED_EDGE ( 'NONE', *, *, #482, .T. ) ;
#2763 = DIRECTION ( 'NONE',  ( 1.000000000000000000, 1.020425574104004122E-16, 0.000000000000000000 ) ) ;
#2764 =( NAMED_UNIT ( * ) PLANE_ANGLE_UNIT ( ) SI_UNIT ( $, .RADIAN. ) );
#2765 = CARTESIAN_POINT ( 'NONE',  ( 1.234903980943612201, -66.23818185074306086, -1.836970198721031167E-15 ) ) ;
#2766 = LINE ( 'NONE', #1618, #2201 ) ;
#2767 = DIRECTION ( 'NONE',  ( 0.000000000000000000, 0.000000000000000000, -1.000000000000000000 ) ) ;
#2768 = LINE ( 'NONE', #246, #726 ) ;
#2769 = FACE_OUTER_BOUND ( 'NONE', #1748, .T. ) ;
#2770 = ORIENTED_EDGE ( 'NONE', *, *, #431, .F. ) ;
#2771 = ORIENTED_EDGE ( 'NONE', *, *, #2866, .F. ) ;
#2772 = CARTESIAN_POINT ( 'NONE',  ( -21.52175708928352904, -89.00000000000001421, -8.946813896243789088 ) ) ;
#2773 = EDGE_CURVE ( 'NONE', #1683, #3385, #329, .T. ) ;
#2774 = VERTEX_POINT ( 'NONE', #3521 ) ;
#2775 = ORIENTED_EDGE ( 'NONE', *, *, #1402, .F. ) ;
#2776 = CARTESIAN_POINT ( 'NONE',  ( -3.733302766310966803, -55.91394361846451488, -7.842476046663556133 ) ) ;
#2777 = FACE_OUTER_BOUND ( 'NONE', #377, .T. ) ;
#2778 = EDGE_CURVE ( 'NONE', #3479, #3357, #1324, .T. ) ;
#2779 = DIRECTION ( 'NONE',  ( -5.782411586589358625E-16, 0.000000000000000000, 1.000000000000000000 ) ) ;
#2780 = EDGE_CURVE ( 'NONE', #3441, #1079, #387, .T. ) ;
#2781 = ORIENTED_EDGE ( 'NONE', *, *, #2867, .F. ) ;
#2782 = LINE ( 'NONE', #1356, #3274 ) ;
#2783 = CARTESIAN_POINT ( 'NONE',  ( 0.000000000000000000, 0.000000000000000000, 0.000000000000000000 ) ) ;
#2784 = CARTESIAN_POINT ( 'NONE',  ( -21.49786659495411456, -4.000000000000003553, -3.525030534209192101 ) ) ;
#2785 = DIRECTION ( 'NONE',  ( 1.000000000000000000, 4.625929269271485914E-16, -5.384700323245298833E-18 ) ) ;
#2786 = LINE ( 'NONE', #1053, #571 ) ;
#2787 = CARTESIAN_POINT ( 'NONE',  ( -5.279662784722491509, 0.000000000000000000, -6.029601188155564451 ) ) ;
#2788 = CYLINDRICAL_SURFACE ( 'NONE', #2532, 2.999999999999999112 ) ;
#2789 = ORIENTED_EDGE ( 'NONE', *, *, #532, .T. ) ;
#2790 = FACE_OUTER_BOUND ( 'NONE', #1425, .T. ) ;
#2791 = CARTESIAN_POINT ( 'NONE',  ( -23.56442473027452422, -4.332676305027697516, -9.647446040285863944 ) ) ;
#2792 =( BOUNDED_CURVE ( )  B_SPLINE_CURVE ( 3, ( #1081, #237, #3081, #1867 ),
 .UNSPECIFIED., .F., .F. ) 
 B_SPLINE_CURVE_WITH_KNOTS ( ( 4, 4 ),
 ( 1.570796326794896114, 4.521737060225310856 ),
 .UNSPECIFIED. ) 
 CURVE ( )  GEOMETRIC_REPRESENTATION_ITEM ( )  RATIONAL_B_SPLINE_CURVE ( ( 1.000000000000000000, 0.3967877692535051737, 0.3967877692535051737, 1.000000000000000000 ) ) 
 REPRESENTATION_ITEM ( '' )  );
#2793 = CIRCLE ( 'NONE', #3505, 3.000000000000000444 ) ;
#2794 = EDGE_LOOP ( 'NONE', ( #534, #1289, #2942, #767 ) ) ;
#2795 = VECTOR ( 'NONE', #776, 1000.000000000000000 ) ;
#2796 = ORIENTED_EDGE ( 'NONE', *, *, #367, .F. ) ;
#2797 = VECTOR ( 'NONE', #1392, 1000.000000000000000 ) ;
#2798 = LINE ( 'NONE', #3393, #3122 ) ;
#2799 = CARTESIAN_POINT ( 'NONE',  ( -22.96517450184733988, -3.299391197362530725, -17.50060880263745844 ) ) ;
#2800 = DIRECTION ( 'NONE',  ( 1.000000000000000000, -6.036837696399288689E-14, 0.000000000000000000 ) ) ;
#2801 = ORIENTED_EDGE ( 'NONE', *, *, #1714, .T. ) ;
#2802 = CIRCLE ( 'NONE', #1203, 2.999999999999999112 ) ;
#2803 = AXIS2_PLACEMENT_3D ( 'NONE', #287, #223, #3309 ) ;
#2804 = EDGE_CURVE ( 'NONE', #1297, #841, #2560, .T. ) ;
#2805 = ADVANCED_FACE ( 'NONE', ( #1277 ), #423, .T. ) ;
#2806 = PLANE ( 'NONE',  #996 ) ;
#2807 = DIRECTION ( 'NONE',  ( 0.000000000000000000, 0.000000000000000000, 1.000000000000000000 ) ) ;
#2808 = AXIS2_PLACEMENT_3D ( 'NONE', #488, #797, #3049 ) ;
#2809 = LINE ( 'NONE', #3, #1847 ) ;
#2810 = CARTESIAN_POINT ( 'NONE',  ( 18.00000000000000000, 0.000000000000000000, -17.00000000000000000 ) ) ;
#2811 = B_SPLINE_CURVE_WITH_KNOTS ( 'NONE', 3,
 ( #2877, #3419, #304, #355 ),
 .UNSPECIFIED., .F., .F.,
 ( 4, 4 ),
 ( 0.0002541044184406303494, 0.0005189667861213196698 ),
 .UNSPECIFIED. ) ;
#2812 = DIRECTION ( 'NONE',  ( -2.152568043719244208E-17, 0.03489949670250105246, -0.9993908270190957621 ) ) ;
#2813 = ORIENTED_EDGE ( 'NONE', *, *, #2939, .F. ) ;
#2814 = CYLINDRICAL_SURFACE ( 'NONE', #1155, 3.000000000000001776 ) ;
#2815 = CARTESIAN_POINT ( 'NONE',  ( -24.99999999999999289, -3.937060865603267956, -9.493855889111706858 ) ) ;
#2816 = ORIENTED_EDGE ( 'NONE', *, *, #2707, .F. ) ;
#2817 = ORIENTED_EDGE ( 'NONE', *, *, #3137, .T. ) ;
#2818 = CARTESIAN_POINT ( 'NONE',  ( 1.024668654363374953, -89.00000000000000000, -9.393409058626467356 ) ) ;
#2819 = CARTESIAN_POINT ( 'NONE',  ( -22.72225503224522569, -7.014962340286372111, -8.323579953343298143 ) ) ;
#2820 = LINE ( 'NONE', #2838, #389 ) ;
#2821 = EDGE_LOOP ( 'NONE', ( #3317, #1166 ) ) ;
#2822 = LINE ( 'NONE', #316, #411 ) ;
#2823 = FACE_OUTER_BOUND ( 'NONE', #586, .T. ) ;
#2824 = ADVANCED_FACE ( 'NONE', ( #680 ), #1557, .T. ) ;
#2825 = EDGE_CURVE ( 'NONE', #1421, #2977, #158, .T. ) ;
#2826 = AXIS2_PLACEMENT_3D ( 'NONE', #1294, #2184, #495 ) ;
#2827 = CARTESIAN_POINT ( 'NONE',  ( -22.99999999999999289, -4.000000000000005329, -11.64154703437737481 ) ) ;
#2828 = DIRECTION ( 'NONE',  ( 1.000000000000000000, 0.000000000000000000, 0.000000000000000000 ) ) ;
#2829 = ADVANCED_FACE ( 'NONE', ( #728 ), #1849, .F. ) ;
#2830 = ORIENTED_EDGE ( 'NONE', *, *, #2138, .T. ) ;
#2831 = VECTOR ( 'NONE', #1477, 1000.000000000000227 ) ;
#2832 = ORIENTED_EDGE ( 'NONE', *, *, #1821, .T. ) ;
#2833 = CARTESIAN_POINT ( 'NONE',  ( -24.99999999999999289, -2.717211866729665637, -8.545788037368490464 ) ) ;
#2834 = ORIENTED_EDGE ( 'NONE', *, *, #1514, .F. ) ;
#2835 = ORIENTED_EDGE ( 'NONE', *, *, #1043, .T. ) ;
#2836 = DIRECTION ( 'NONE',  ( -0.03489949670251320246, 0.9993908270190952070, 0.000000000000000000 ) ) ;
#2837 = CARTESIAN_POINT ( 'NONE',  ( -22.00000000000000000, -2.585786437626900636, -18.21421356237309297 ) ) ;
#2838 = CARTESIAN_POINT ( 'NONE',  ( -19.99882892069322082, -18.27311417291954854, -6.187313213253007760 ) ) ;
#2839 = ORIENTED_EDGE ( 'NONE', *, *, #3436, .T. ) ;
#2840 = LINE ( 'NONE', #1967, #1716 ) ;
#2841 = CARTESIAN_POINT ( 'NONE',  ( 20.00000000000000355, -2.000000000000003553, -15.97157287525380021 ) ) ;
#2842 = CARTESIAN_POINT ( 'NONE',  ( 19.99508977302470214, -4.000000000000003553, -15.97157287525380021 ) ) ;
#2843 = CARTESIAN_POINT ( 'NONE',  ( 12.00000000000000355, 13.99999999999999645, -10.00000000000000000 ) ) ;
#2844 = VERTEX_POINT ( 'NONE', #3470 ) ;
#2845 = LINE ( 'NONE', #2865, #918 ) ;
#2846 = EDGE_CURVE ( 'NONE', #432, #3589, #1678, .T. ) ;
#2847 = EDGE_CURVE ( 'NONE', #1074, #540, #1904, .T. ) ;
#2848 = CARTESIAN_POINT ( 'NONE',  ( -23.28618524939922807, -4.090825131461806485, -10.53209656758361490 ) ) ;
#2849 = ORIENTED_EDGE ( 'NONE', *, *, #369, .F. ) ;
#2850 = ORIENTED_EDGE ( 'NONE', *, *, #2529, .F. ) ;
#2851 = CARTESIAN_POINT ( 'NONE',  ( 5.022476060628822125, -89.00000000000000000, -11.29338663376710805 ) ) ;
#2852 = CARTESIAN_POINT ( 'NONE',  ( -18.88061197021424675, -7.104698490107511866, -9.640153053515863490 ) ) ;
#2853 = CARTESIAN_POINT ( 'NONE',  ( -18.99329594100774443, -89.00000000000001421, -6.029601188155562674 ) ) ;
#2854 = VERTEX_POINT ( 'NONE', #827 ) ;
#2855 = VECTOR ( 'NONE', #2282, 1000.000000000000000 ) ;
#2856 = CARTESIAN_POINT ( 'NONE',  ( -22.98517143100941240, -3.414213562373096700, -17.38578643762689069 ) ) ;
#2857 = CARTESIAN_POINT ( 'NONE',  ( 3.111049790194655440, -54.43911506651926402, -18.80000000000000071 ) ) ;
#2858 = AXIS2_PLACEMENT_3D ( 'NONE', #2857, #648, #1192 ) ;
#2859 = VECTOR ( 'NONE', #757, 1000.000000000000000 ) ;
#2860 = AXIS2_PLACEMENT_3D ( 'NONE', #1786, #2026, #2581 ) ;
#2861 = AXIS2_PLACEMENT_3D ( 'NONE', #862, #2498, #2800 ) ;
#2862 = CARTESIAN_POINT ( 'NONE',  ( -24.90393111804503690, -6.228377291409677774, -4.745632030944961777 ) ) ;
#2863 = DIRECTION ( 'NONE',  ( -0.03489949670251146080, 0.9993908270190953180, 0.000000000000000000 ) ) ;
#2864 = ORIENTED_EDGE ( 'NONE', *, *, #662, .F. ) ;
#2865 = CARTESIAN_POINT ( 'NONE',  ( -24.99999999999999289, 0.000000000000000000, -3.250000000000037748 ) ) ;
#2866 = EDGE_CURVE ( 'NONE', #3560, #2273, #2792, .T. ) ;
#2867 = EDGE_CURVE ( 'NONE', #1859, #2699, #185, .T. ) ;
#2868 = EDGE_LOOP ( 'NONE', ( #1992, #350, #2518, #1393, #2878 ) ) ;
#2869 = CARTESIAN_POINT ( 'NONE',  ( -24.99999999999999645, -5.949535139786344295, -3.341915982978626243 ) ) ;
#2870 = CARTESIAN_POINT ( 'NONE',  ( -3.358983848622536073, -24.00000000000000355, -0.000000000000000000 ) ) ;
#2871 = CARTESIAN_POINT ( 'NONE',  ( -23.60988185394586480, -4.000000000000005329, -11.39611043597665230 ) ) ;
#2872 = LINE ( 'NONE', #3485, #2436 ) ;
#2873 = ORIENTED_EDGE ( 'NONE', *, *, #882, .F. ) ;
#2874 = CARTESIAN_POINT ( 'NONE',  ( 20.00000000000000000, -4.000000000000003553, -6.029601188155566227 ) ) ;
#2875 = DIRECTION ( 'NONE',  ( -1.020425574104004122E-16, 1.000000000000000000, 0.000000000000000000 ) ) ;
#2876 = CARTESIAN_POINT ( 'NONE',  ( -23.08793672532060270, -4.000000000000004441, -11.27189318274321117 ) ) ;
#2877 = CARTESIAN_POINT ( 'NONE',  ( -24.90802882180468458, -6.633709953528220460, -3.250000000000037748 ) ) ;
#2878 = ORIENTED_EDGE ( 'NONE', *, *, #1013, .F. ) ;
#2879 = CARTESIAN_POINT ( 'NONE',  ( -19.13466826877932547, -89.00000000000001421, -3.250000000000037748 ) ) ;
#2880 = VECTOR ( 'NONE', #1136, 1000.000000000000114 ) ;
#2881 = DIRECTION ( 'NONE',  ( 0.2079116908177498224, -0.9781476007338075762, 0.000000000000000000 ) ) ;
#2882 = VECTOR ( 'NONE', #1894, 1000.000000000000000 ) ;
#2883 = VERTEX_POINT ( 'NONE', #1313 ) ;
#2884 = ORIENTED_EDGE ( 'NONE', *, *, #531, .T. ) ;
#2885 = CARTESIAN_POINT ( 'NONE',  ( -24.99999999999998579, -4.703101319428927063, -5.610598307651692096 ) ) ;
#2886 = CARTESIAN_POINT ( 'NONE',  ( 0.000000000000000000, 30.00000000000000000, -18.80000000000000071 ) ) ;
#2887 = CARTESIAN_POINT ( 'NONE',  ( 0.000000000000000000, 0.000000000000000000, 0.000000000000000000 ) ) ;
#2888 = FACE_BOUND ( 'NONE', #1536, .T. ) ;
#2889 = EDGE_LOOP ( 'NONE', ( #2309, #1897 ) ) ;
#2890 = ORIENTED_EDGE ( 'NONE', *, *, #2317, .T. ) ;
#2891 =( BOUNDED_CURVE ( )  B_SPLINE_CURVE ( 3, ( #2593, #3133, #879, #17 ),
 .UNSPECIFIED., .F., .T. ) 
 B_SPLINE_CURVE_WITH_KNOTS ( ( 4, 4 ),
 ( 1.361356816555587379, 1.832595714594051239 ),
 .UNSPECIFIED. ) 
 CURVE ( )  GEOMETRIC_REPRESENTATION_ITEM ( )  RATIONAL_B_SPLINE_CURVE ( ( 1.000000000000000000, 0.9815799469317847414, 0.9815799469317847414, 1.000000000000000000 ) ) 
 REPRESENTATION_ITEM ( '' )  );
#2892 = EDGE_CURVE ( 'NONE', #3496, #2998, #3341, .T. ) ;
#2893 = PRESENTATION_STYLE_ASSIGNMENT (( #124 ) ) ;
#2894 = EDGE_CURVE ( 'NONE', #97, #1811, #3174, .T. ) ;
#2895 = DIRECTION ( 'NONE',  ( -1.020425574104004122E-16, 1.000000000000000000, 0.000000000000000000 ) ) ;
#2896 = CARTESIAN_POINT ( 'NONE',  ( -21.49786659495411456, -89.00000000000001421, -3.525030534209192101 ) ) ;
#2897 = LINE ( 'NONE', #3433, #3566 ) ;
#2898 = LINE ( 'NONE', #2130, #2262 ) ;
#2899 = ORIENTED_EDGE ( 'NONE', *, *, #882, .T. ) ;
#2900 = CARTESIAN_POINT ( 'NONE',  ( 2.204695951536258303, -4.000000000000000000, -8.739892699902638284 ) ) ;
#2901 = DIRECTION ( 'NONE',  ( 0.000000000000000000, 0.000000000000000000, 1.000000000000000000 ) ) ;
#2902 = ORIENTED_EDGE ( 'NONE', *, *, #1458, .T. ) ;
#2903 = EDGE_LOOP ( 'NONE', ( #661, #117, #1045, #1196 ) ) ;
#2904 = DIRECTION ( 'NONE',  ( -0.9902680687415698069, -0.1391731009600694624, 0.000000000000000000 ) ) ;
#2905 = CARTESIAN_POINT ( 'NONE',  ( -9.123738026455198380, -20.03425961870229344, -6.589529872271106647 ) ) ;
#2906 = CARTESIAN_POINT ( 'NONE',  ( 20.00000000000000355, -4.000000000000003553, -15.80000000000000071 ) ) ;
#2907 = VERTEX_POINT ( 'NONE', #1671 ) ;
#2908 = B_SPLINE_CURVE_WITH_KNOTS ( 'NONE', 3,
 ( #3009, #242, #2172, #1911, #831, #3307 ),
 .UNSPECIFIED., .F., .F.,
 ( 4, 2, 4 ),
 ( -1.095445772281344010E-05, 0.001177568936877437323, 0.002366092331477687941 ),
 .UNSPECIFIED. ) ;
#2909 = DIRECTION ( 'NONE',  ( 0.9993908270190953180, 0.03489949670251181468, 0.000000000000000000 ) ) ;
#2910 = CARTESIAN_POINT ( 'NONE',  ( -0.3999999999999928613, -78.87515560518035329, -12.14589714419581234 ) ) ;
#2911 =( BOUNDED_CURVE ( )  B_SPLINE_CURVE ( 3, ( #983, #1550, #2331, #1519 ),
 .UNSPECIFIED., .F., .F. ) 
 B_SPLINE_CURVE_WITH_KNOTS ( ( 4, 4 ),
 ( 3.777155242281381664, 4.155443838536623247 ),
 .UNSPECIFIED. ) 
 CURVE ( )  GEOMETRIC_REPRESENTATION_ITEM ( )  RATIONAL_B_SPLINE_CURVE ( ( 1.000000000000000000, 0.9881103216555002788, 0.9881103216555002788, 1.000000000000000000 ) ) 
 REPRESENTATION_ITEM ( '' )  );
#2912 = VECTOR ( 'NONE', #2468, 1000.000000000000000 ) ;
#2913 = VECTOR ( 'NONE', #1543, 1000.000000000000000 ) ;
#2914 = EDGE_CURVE ( 'NONE', #271, #1668, #85, .T. ) ;
#2915 = ADVANCED_FACE ( 'NONE', ( #2777 ), #2388, .T. ) ;
#2916 = CARTESIAN_POINT ( 'NONE',  ( 4.301980963936876456, -7.000000000000000888, -2.541848489443937709 ) ) ;
#2917 = CARTESIAN_POINT ( 'NONE',  ( 7.487964391361149552, -85.58248069711977735, -5.410411008545320755 ) ) ;
#2918 = AXIS2_PLACEMENT_3D ( 'NONE', #1268, #2375, #100 ) ;
#2919 = DIRECTION ( 'NONE',  ( 1.000000000000000000, 1.020425574104004122E-16, 0.000000000000000000 ) ) ;
#2920 = EDGE_LOOP ( 'NONE', ( #960, #1366, #2252, #1921, #1942 ) ) ;
#2921 = CARTESIAN_POINT ( 'NONE',  ( -9.563676322157244059, -19.98815618201907895, -6.587919904785914937 ) ) ;
#2922 = VECTOR ( 'NONE', #428, 1000.000000000000000 ) ;
#2923 = CARTESIAN_POINT ( 'NONE',  ( -22.98517143100941595, -1.999999999999997335, -15.97157287525380021 ) ) ;
#2924 = DIRECTION ( 'NONE',  ( 0.9659258262890672020, -0.2588190451025245142, 0.000000000000000000 ) ) ;
#2925 = VERTEX_POINT ( 'NONE', #625 ) ;
#2926 = ORIENTED_EDGE ( 'NONE', *, *, #3166, .T. ) ;
#2927 = DIRECTION ( 'NONE',  ( -0.000000000000000000, -0.000000000000000000, 1.000000000000000000 ) ) ;
#2928 = DIRECTION ( 'NONE',  ( 0.000000000000000000, 0.000000000000000000, -1.000000000000000000 ) ) ;
#2929 = CARTESIAN_POINT ( 'NONE',  ( 6.800000000000000711, 3.000000000000002665, -17.00000000000000355 ) ) ;
#2930 = ORIENTED_EDGE ( 'NONE', *, *, #2706, .T. ) ;
#2931 = DIRECTION ( 'NONE',  ( -0.03489949670251181468, 0.9993908270190953180, 0.000000000000000000 ) ) ;
#2932 = CARTESIAN_POINT ( 'NONE',  ( -19.45804973277394367, -59.27931764282332239, -6.187313213253001543 ) ) ;
#2933 = CARTESIAN_POINT ( 'NONE',  ( 2.131500956173484784, -76.21044908863881062, -3.000000000000000000 ) ) ;
#2934 = CARTESIAN_POINT ( 'NONE',  ( -16.12918348404367563, -86.00000000000000000, -9.393409058628295227 ) ) ;
#2935 = CARTESIAN_POINT ( 'NONE',  ( -21.99999999999999645, -3.999999999999996447, -18.80000000000000071 ) ) ;
#2936 = EDGE_CURVE ( 'NONE', #2732, #1097, #3130, .T. ) ;
#2937 = CARTESIAN_POINT ( 'NONE',  ( -16.02041342017244574, -89.21946558872203070, -6.504006641442204639 ) ) ;
#2938 = CARTESIAN_POINT ( 'NONE',  ( 4.517160185136441797, -86.00000000000000000, -18.80000000000000071 ) ) ;
#2939 = EDGE_CURVE ( 'NONE', #3441, #3022, #796, .T. ) ;
#2940 = ADVANCED_FACE ( 'NONE', ( #2537 ), #3148, .F. ) ;
#2941 = CARTESIAN_POINT ( 'NONE',  ( 0.000000000000000000, 0.000000000000000000, -17.00000000000000000 ) ) ;
#2942 = ORIENTED_EDGE ( 'NONE', *, *, #1375, .T. ) ;
#2943 = VERTEX_POINT ( 'NONE', #32 ) ;
#2944 = DIRECTION ( 'NONE',  ( 1.000000000000000000, 0.000000000000000000, 0.000000000000000000 ) ) ;
#2945 = DIRECTION ( 'NONE',  ( 1.000000000000000000, 1.020425574104004246E-16, 0.000000000000000000 ) ) ;
#2946 = ORIENTED_EDGE ( 'NONE', *, *, #1088, .T. ) ;
#2947 = ORIENTED_EDGE ( 'NONE', *, *, #3072, .T. ) ;
#2948 = CARTESIAN_POINT ( 'NONE',  ( 12.00000000000000355, 15.49999999999999645, -10.00000000000000000 ) ) ;
#2949 = DIRECTION ( 'NONE',  ( 1.000000000000000000, 0.000000000000000000, 0.000000000000000000 ) ) ;
#2950 = CARTESIAN_POINT ( 'NONE',  ( -18.65182388137579395, -85.49999999999998579, -7.837846435829447067 ) ) ;
#2951 = LINE ( 'NONE', #144, #3154 ) ;
#2952 = LINE ( 'NONE', #1783, #2137 ) ;
#2953 = DIRECTION ( 'NONE',  ( 0.000000000000000000, 1.000000000000000000, 0.000000000000000000 ) ) ;
#2954 = CARTESIAN_POINT ( 'NONE',  ( -24.99999999999999289, -5.912343476072240200, -3.249999999999949374 ) ) ;
#2955 = LINE ( 'NONE', #958, #1201 ) ;
#2956 = ORIENTED_EDGE ( 'NONE', *, *, #2021, .T. ) ;
#2957 = ORIENTED_EDGE ( 'NONE', *, *, #460, .T. ) ;
#2958 = ADVANCED_FACE ( 'NONE', ( #331 ), #1447, .T. ) ;
#2959 = EDGE_CURVE ( 'NONE', #2205, #1554, #2974, .T. ) ;
#2960 = CARTESIAN_POINT ( 'NONE',  ( -0.09999999999999527323, -79.00000000000001421, -3.200000000000000178 ) ) ;
#2961 = CARTESIAN_POINT ( 'NONE',  ( -0.1604871792777528283, -56.30945783842167884, 6.938893903907228378E-15 ) ) ;
#2962 = ORIENTED_EDGE ( 'NONE', *, *, #156, .F. ) ;
#2963 = ORIENTED_EDGE ( 'NONE', *, *, #2406, .F. ) ;
#2964 = CARTESIAN_POINT ( 'NONE',  ( 4.301980963936875568, -4.000000000000000888, -2.541848489443937709 ) ) ;
#2965 = CARTESIAN_POINT ( 'NONE',  ( -0.4149696079948426708, -78.74843520186898616, -12.14142451335234263 ) ) ;
#2966 = CARTESIAN_POINT ( 'NONE',  ( 3.137039275505364877, -54.66427941113094136, -11.30097021598022700 ) ) ;
#2967 = DIRECTION ( 'NONE',  ( 0.03489949670251166203, -0.9993908270190954291, 0.000000000000000000 ) ) ;
#2968 = DIRECTION ( 'NONE',  ( 1.000000000000000000, 0.000000000000000000, 0.000000000000000000 ) ) ;
#2969 = CARTESIAN_POINT ( 'NONE',  ( -16.12918348404367563, -89.00000000000001421, -9.393409058628295227 ) ) ;
#2970 = VECTOR ( 'NONE', #1215, 1000.000000000000000 ) ;
#2971 = CYLINDRICAL_SURFACE ( 'NONE', #512, 7.000000000000001776 ) ;
#2972 = PLANE ( 'NONE',  #3575 ) ;
#2973 = DIRECTION ( 'NONE',  ( -1.000000000000000000, 0.000000000000000000, 1.058181320345852170E-14 ) ) ;
#2974 = CIRCLE ( 'NONE', #853, 3.500000000000000444 ) ;
#2975 = VERTEX_POINT ( 'NONE', #1795 ) ;
#2976 = AXIS2_PLACEMENT_3D ( 'NONE', #297, #2538, #15 ) ;
#2977 = VERTEX_POINT ( 'NONE', #2400 ) ;
#2978 = AXIS2_PLACEMENT_3D ( 'NONE', #1267, #2155, #1581 ) ;
#2979 = AXIS2_PLACEMENT_3D ( 'NONE', #2853, #3445, #49 ) ;
#2980 = FACE_OUTER_BOUND ( 'NONE', #235, .T. ) ;
#2981 = EDGE_CURVE ( 'NONE', #3052, #1516, #1535, .T. ) ;
#2982 = EDGE_CURVE ( 'NONE', #1306, #232, #2911, .T. ) ;
#2983 = VERTEX_POINT ( 'NONE', #2961 ) ;
#2984 = ORIENTED_EDGE ( 'NONE', *, *, #1576, .T. ) ;
#2985 = CARTESIAN_POINT ( 'NONE',  ( -17.44403028674813072, -48.45241241964315293, -3.450000000000007283 ) ) ;
#2986 = CARTESIAN_POINT ( 'NONE',  ( 37.76352740992070522, -25.07683085454452154, -18.80000000000000071 ) ) ;
#2987 = EDGE_CURVE ( 'NONE', #2883, #1415, #3466, .T. ) ;
#2988 = CARTESIAN_POINT ( 'NONE',  ( 3.175902762595281814, -54.90056794274524066, -4.344608152094474818 ) ) ;
#2989 = ORIENTED_EDGE ( 'NONE', *, *, #1483, .T. ) ;
#2990 = DIRECTION ( 'NONE',  ( 0.000000000000000000, 0.000000000000000000, 1.000000000000000000 ) ) ;
#2991 = DIRECTION ( 'NONE',  ( -0.000000000000000000, -0.000000000000000000, -1.000000000000000000 ) ) ;
#2992 = DIRECTION ( 'NONE',  ( 0.000000000000000000, 0.000000000000000000, -1.000000000000000000 ) ) ;
#2993 = FACE_OUTER_BOUND ( 'NONE', #3370, .T. ) ;
#2994 = CARTESIAN_POINT ( 'NONE',  ( -0.8735056416419809677, -14.72406905044350900, -2.838693404935115350 ) ) ;
#2995 = ORIENTED_EDGE ( 'NONE', *, *, #136, .T. ) ;
#2996 = EDGE_LOOP ( 'NONE', ( #2714, #2539, #711, #1896, #2602, #3594, #438 ) ) ;
#2997 = CARTESIAN_POINT ( 'NONE',  ( -20.93100716057362121, -86.02044650231292167, -10.01729749794606228 ) ) ;
#2998 = VERTEX_POINT ( 'NONE', #2682 ) ;
#2999 = ORIENTED_EDGE ( 'NONE', *, *, #948, .F. ) ;
#3000 = CIRCLE ( 'NONE', #1409, 1.799999999999998712 ) ;
#3001 = LINE ( 'NONE', #1333, #1995 ) ;
#3002 = CARTESIAN_POINT ( 'NONE',  ( 1.413514498063350944, -76.87033222635731988, -7.821623513587276477 ) ) ;
#3003 = CARTESIAN_POINT ( 'NONE',  ( -3.626425419873243072, -56.55226721486440766, -11.36690020288045488 ) ) ;
#3004 = AXIS2_PLACEMENT_3D ( 'NONE', #1773, #2904, #2120 ) ;
#3005 = ORIENTED_EDGE ( 'NONE', *, *, #28, .T. ) ;
#3006 = ADVANCED_FACE ( 'NONE', ( #2363 ), #3536, .F. ) ;
#3007 = EDGE_CURVE ( 'NONE', #3634, #2150, #723, .T. ) ;
#3008 = CARTESIAN_POINT ( 'NONE',  ( 3.175876541039035938, -54.90038136667799051, -4.344602776906531183 ) ) ;
#3009 = CARTESIAN_POINT ( 'NONE',  ( 17.00000000000000355, -1.171572875253806156, -18.80000000000000071 ) ) ;
#3010 = CARTESIAN_POINT ( 'NONE',  ( -1.999999999999994893, -79.00000000000001421, -3.199999999999999734 ) ) ;
#3011 = DIRECTION ( 'NONE',  ( 0.000000000000000000, -1.000000000000000000, 0.000000000000000000 ) ) ;
#3012 = LINE ( 'NONE', #1072, #91 ) ;
#3013 = LINE ( 'NONE', #1602, #273 ) ;
#3014 = ORIENTED_EDGE ( 'NONE', *, *, #973, .F. ) ;
#3015 = VERTEX_POINT ( 'NONE', #2629 ) ;
#3016 = CARTESIAN_POINT ( 'NONE',  ( -16.83529730435506622, -85.90760801849499728, -12.39201129243574684 ) ) ;
#3017 = ORIENTED_EDGE ( 'NONE', *, *, #1734, .F. ) ;
#3018 = ORIENTED_EDGE ( 'NONE', *, *, #2073, .F. ) ;
#3019 = DIRECTION ( 'NONE',  ( -0.9659258262890673130, 0.2588190451025246808, 0.000000000000000000 ) ) ;
#3020 = CARTESIAN_POINT ( 'NONE',  ( -24.42612561735114340, -1.571931367615035047, -17.59892452291651921 ) ) ;
#3021 = CARTESIAN_POINT ( 'NONE',  ( 16.00000000000000000, 23.00000000000000355, -3.000000000000000888 ) ) ;
#3022 = VERTEX_POINT ( 'NONE', #1206 ) ;
#3023 = DIRECTION ( 'NONE',  ( -1.000000000000000000, 0.000000000000000000, 0.000000000000000000 ) ) ;
#3024 = ADVANCED_FACE ( 'NONE', ( #1001 ), #2121, .F. ) ;
#3025 = EDGE_CURVE ( 'NONE', #751, #2983, #1842, .T. ) ;
#3026 = CARTESIAN_POINT ( 'NONE',  ( 7.487964391361149552, -85.58248069711977735, -18.80000000000000071 ) ) ;
#3027 = CARTESIAN_POINT ( 'NONE',  ( 2.000000000000010214, -79.17872568269119427, -7.659386119629379763 ) ) ;
#3028 = CARTESIAN_POINT ( 'NONE',  ( 18.00000000000000000, 0.000000000000000000, 17.00000000000000000 ) ) ;
#3029 = DIRECTION ( 'NONE',  ( -1.445602896647339410E-16, -1.000000000000000000, 0.000000000000000000 ) ) ;
#3030 = EDGE_LOOP ( 'NONE', ( #151, #2378, #529, #671 ) ) ;
#3031 = ORIENTED_EDGE ( 'NONE', *, *, #2298, .T. ) ;
#3032 =( BOUNDED_CURVE ( )  B_SPLINE_CURVE ( 3, ( #1082, #1120, #3099, #1928 ),
 .UNSPECIFIED., .F., .F. ) 
 B_SPLINE_CURVE_WITH_KNOTS ( ( 4, 4 ),
 ( 4.578200029734797560, 6.158029133772611630 ),
 .UNSPECIFIED. ) 
 CURVE ( )  GEOMETRIC_REPRESENTATION_ITEM ( )  RATIONAL_B_SPLINE_CURVE ( ( 1.000000000000000000, 0.8026040075570932686, 0.8026040075570932686, 1.000000000000000000 ) ) 
 REPRESENTATION_ITEM ( '' )  );
#3033 = VECTOR ( 'NONE', #468, 1000.000000000000000 ) ;
#3034 = AXIS2_PLACEMENT_3D ( 'NONE', #2688, #108, #3489 ) ;
#3035 = DIRECTION ( 'NONE',  ( 0.03487826274238545188, -0.9987827659587178442, -0.03487826274237468271 ) ) ;
#3036 = EDGE_LOOP ( 'NONE', ( #3407, #1790, #1725, #2274 ) ) ;
#3037 = EDGE_LOOP ( 'NONE', ( #473, #870, #511, #1226 ) ) ;
#3038 = CIRCLE ( 'NONE', #1319, 1.799999999999999600 ) ;
#3039 = VECTOR ( 'NONE', #2668, 1000.000000000000114 ) ;
#3040 = FACE_OUTER_BOUND ( 'NONE', #2700, .T. ) ;
#3041 = DIRECTION ( 'NONE',  ( 0.1390899611223747057, -0.9896764980577127391, -0.03456026486007358900 ) ) ;
#3042 = VERTEX_POINT ( 'NONE', #419 ) ;
#3043 = CARTESIAN_POINT ( 'NONE',  ( 2.626634990544307158, -76.14086253815877114, -2.999999999999999112 ) ) ;
#3044 = LINE ( 'NONE', #1870, #733 ) ;
#3045 = LINE ( 'NONE', #179, #1906 ) ;
#3046 = LINE ( 'NONE', #243, #1253 ) ;
#3047 = DIRECTION ( 'NONE',  ( 0.000000000000000000, 0.000000000000000000, 1.000000000000000000 ) ) ;
#3048 = ADVANCED_FACE ( 'NONE', ( #2381 ), #1275, .F. ) ;
#3049 = DIRECTION ( 'NONE',  ( -0.1391731009600688795, 0.9902680687415698069, 0.000000000000000000 ) ) ;
#3050 = DIRECTION ( 'NONE',  ( 0.000000000000000000, -1.000000000000000000, 0.000000000000000000 ) ) ;
#3051 = ORIENTED_EDGE ( 'NONE', *, *, #1886, .F. ) ;
#3052 = VERTEX_POINT ( 'NONE', #676 ) ;
#3053 = EDGE_CURVE ( 'NONE', #1250, #1115, #402, .T. ) ;
#3054 = EDGE_CURVE ( 'NONE', #3015, #2907, #2614, .T. ) ;
#3055 = DIRECTION ( 'NONE',  ( 1.000000000000000000, 0.000000000000000000, 3.475237779086663203E-16 ) ) ;
#3056 =( BOUNDED_CURVE ( )  B_SPLINE_CURVE ( 3, ( #1784, #1301, #1508, #1233 ),
 .UNSPECIFIED., .F., .F. ) 
 B_SPLINE_CURVE_WITH_KNOTS ( ( 4, 4 ),
 ( 4.712388980384689674, 6.527018423299664640 ),
 .UNSPECIFIED. ) 
 CURVE ( )  GEOMETRIC_REPRESENTATION_ITEM ( )  RATIONAL_B_SPLINE_CURVE ( ( 1.000000000000000000, 0.7439090477460635897, 0.7439090477460635897, 1.000000000000000000 ) ) 
 REPRESENTATION_ITEM ( '' )  );
#3057 = ORIENTED_EDGE ( 'NONE', *, *, #2162, .T. ) ;
#3058 = EDGE_LOOP ( 'NONE', ( #939, #1569, #3556, #1128, #824, #2781, #3014 ) ) ;
#3059 = B_SPLINE_CURVE_WITH_KNOTS ( 'NONE', 3,
 ( #1126, #1142, #338, #1990, #651, #1712, #2314, #1698, #2249, #2842 ),
 .UNSPECIFIED., .F., .F.,
 ( 4, 2, 2, 2, 4 ),
 ( 4.336808689942017736E-19, 0.0004088817662331704905, 0.0008177635324663405474, 0.001226645298699509954, 0.001635527064932679577 ),
 .UNSPECIFIED. ) ;
#3060 = CARTESIAN_POINT ( 'NONE',  ( 20.00000000000000355, 2.999999999999998224, -2.999999999999997335 ) ) ;
#3061 = CARTESIAN_POINT ( 'NONE',  ( -1.034303510779430724, -75.11832120201748353, -8.513107689491297592 ) ) ;
#3062 = CARTESIAN_POINT ( 'NONE',  ( 2.820632341007255572, -53.07280839075422563, -4.291951066843727070 ) ) ;
#3063 = EDGE_LOOP ( 'NONE', ( #1664, #1589, #2717, #1003 ) ) ;
#3064 = AXIS2_PLACEMENT_3D ( 'NONE', #2202, #765, #2759 ) ;
#3065 = DIRECTION ( 'NONE',  ( 0.000000000000000000, 0.000000000000000000, -1.000000000000000000 ) ) ;
#3066 = CARTESIAN_POINT ( 'NONE',  ( 3.200000000000001954, 25.00000000000000000, -18.80000000000000071 ) ) ;
#3067 = LINE ( 'NONE', #3586, #2912 ) ;
#3068 = VECTOR ( 'NONE', #68, 1000.000000000000000 ) ;
#3069 = CARTESIAN_POINT ( 'NONE',  ( 1.304476374560397334, -81.27993398907970857, -8.418017255653337472 ) ) ;
#3070 = DIRECTION ( 'NONE',  ( 1.000000000000000000, 0.000000000000000000, 0.000000000000000000 ) ) ;
#3071 = ORIENTED_EDGE ( 'NONE', *, *, #2318, .F. ) ;
#3072 = EDGE_CURVE ( 'NONE', #751, #3125, #1827, .T. ) ;
#3073 = DIRECTION ( 'NONE',  ( -0.2077905067623292967, 0.9775774745778874619, 0.03413775765005936519 ) ) ;
#3074 = CARTESIAN_POINT ( 'NONE',  ( -24.93103559299994387, -6.305080152013822214, -4.413740758882168436 ) ) ;
#3075 = EDGE_LOOP ( 'NONE', ( #2417, #2753, #3551, #695, #172, #359, #3640, #2477, #656, #213, #3447 ) ) ;
#3076 = EDGE_CURVE ( 'NONE', #271, #2163, #2181, .T. ) ;
#3077 = ADVANCED_FACE ( 'NONE', ( #2160 ), #3592, .F. ) ;
#3078 = ORIENTED_EDGE ( 'NONE', *, *, #2275, .F. ) ;
#3079 = CIRCLE ( 'NONE', #1474, 2.999999999999999112 ) ;
#3080 = LINE ( 'NONE', #2291, #878 ) ;
#3081 = CARTESIAN_POINT ( 'NONE',  ( -0.9360994679745693325, -81.93076087864091051, -12.25313673016097660 ) ) ;
#3082 = CARTESIAN_POINT ( 'NONE',  ( -3.733324399103164382, -55.79164145469805902, -11.34033856604020052 ) ) ;
#3083 = VERTEX_POINT ( 'NONE', #762 ) ;
#3084 = CARTESIAN_POINT ( 'NONE',  ( 2.000000000000010658, -79.00000000000001421, 0.000000000000000000 ) ) ;
#3085 = DIRECTION ( 'NONE',  ( -1.020425574104004122E-16, 1.000000000000000000, 0.000000000000000000 ) ) ;
#3086 = LINE ( 'NONE', #265, #35 ) ;
#3087 = DIRECTION ( 'NONE',  ( -0.1391731009600694624, 0.9902680687415698069, 0.000000000000000000 ) ) ;
#3088 = CYLINDRICAL_SURFACE ( 'NONE', #825, 43.50000000000000711 ) ;
#3089 = ORIENTED_EDGE ( 'NONE', *, *, #601, .T. ) ;
#3090 = CARTESIAN_POINT ( 'NONE',  ( -1.999999999999994893, -79.00000000000001421, -0.000000000000000000 ) ) ;
#3091 = CARTESIAN_POINT ( 'NONE',  ( -24.99999999999999289, -5.118791995157374153, -5.120567640803610487 ) ) ;
#3092 = VECTOR ( 'NONE', #3544, 1000.000000000000000 ) ;
#3093 = AXIS2_PLACEMENT_3D ( 'NONE', #2938, #1037, #1513 ) ;
#3094 = VERTEX_POINT ( 'NONE', #2418 ) ;
#3095 = AXIS2_PLACEMENT_3D ( 'NONE', #212, #3280, #533 ) ;
#3096 = ADVANCED_FACE ( 'NONE', ( #2980, #804 ), #2698, .T. ) ;
#3097 = CARTESIAN_POINT ( 'NONE',  ( 4.517160185133724859, -89.00000000000000000, -5.932798104614184886 ) ) ;
#3098 = ADVANCED_FACE ( 'NONE', ( #1646 ), #3432, .T. ) ;
#3099 = CARTESIAN_POINT ( 'NONE',  ( -1.623466631435289687, 0.000000000000000000, -4.561975421475161774 ) ) ;
#3100 = ORIENTED_EDGE ( 'NONE', *, *, #367, .T. ) ;
#3101 = AXIS2_PLACEMENT_3D ( 'NONE', #771, #752, #3324 ) ;
#3102 = VECTOR ( 'NONE', #1006, 1000.000000000000114 ) ;
#3103 = EDGE_CURVE ( 'NONE', #251, #1421, #3335, .T. ) ;
#3104 = CARTESIAN_POINT ( 'NONE',  ( 1.404203485069675184, -6.223542864692420018, -2.541848489443937265 ) ) ;
#3105 = VECTOR ( 'NONE', #2693, 1000.000000000000000 ) ;
#3106 = LINE ( 'NONE', #2039, #2556 ) ;
#3107 = VECTOR ( 'NONE', #1432, 1000.000000000000000 ) ;
#3108 = CYLINDRICAL_SURFACE ( 'NONE', #2149, 10.00000000000000178 ) ;
#3109 = DIRECTION ( 'NONE',  ( -0.2077905067623287971, 0.9775774745778875729, 0.03413775765005876844 ) ) ;
#3110 = ORIENTED_EDGE ( 'NONE', *, *, #366, .T. ) ;
#3111 = ORIENTED_EDGE ( 'NONE', *, *, #2256, .T. ) ;
#3112 = CARTESIAN_POINT ( 'NONE',  ( -24.51388018970750693, -5.481844816611931570, -6.726036966322419097 ) ) ;
#3113 = ORIENTED_EDGE ( 'NONE', *, *, #2914, .T. ) ;
#3114 = VERTEX_POINT ( 'NONE', #3651 ) ;
#3115 = CARTESIAN_POINT ( 'NONE',  ( -22.23303289685700790, -2.606360531067359432, -18.19363946893263062 ) ) ;
#3116 = DIRECTION ( 'NONE',  ( -0.1390899611223747334, 0.9896764980577128501, 0.03456026486007358900 ) ) ;
#3117 = ORIENTED_EDGE ( 'NONE', *, *, #2982, .F. ) ;
#3118 = FACE_OUTER_BOUND ( 'NONE', #3356, .T. ) ;
#3119 = CARTESIAN_POINT ( 'NONE',  ( 12.00000000000000355, 13.99999999999999822, -10.00000000000000000 ) ) ;
#3120 = ADVANCED_FACE ( 'NONE', ( #1184 ), #789, .T. ) ;
#3121 = EDGE_CURVE ( 'NONE', #1811, #760, #2955, .T. ) ;
#3122 = VECTOR ( 'NONE', #2570, 1000.000000000000114 ) ;
#3123 = CARTESIAN_POINT ( 'NONE',  ( -23.83678159009309638, -4.601426689478046228, -8.821903104035509813 ) ) ;
#3124 = CARTESIAN_POINT ( 'NONE',  ( -1.999999999999994893, -79.00000000000001421, -0.000000000000000000 ) ) ;
#3125 = VERTEX_POINT ( 'NONE', #131 ) ;
#3126 = LINE ( 'NONE', #2637, #2148 ) ;
#3127 = CARTESIAN_POINT ( 'NONE',  ( -22.99999999999999645, -4.000000000000005329, -11.64154703437737304 ) ) ;
#3128 = ORIENTED_EDGE ( 'NONE', *, *, #701, .T. ) ;
#3129 = DIRECTION ( 'NONE',  ( 0.2588190451025245697, 0.9659258262890672020, 0.000000000000000000 ) ) ;
#3130 = LINE ( 'NONE', #3444, #2376 ) ;
#3131 = DIRECTION ( 'NONE',  ( 0.9993908270190953180, 0.03489949670251209918, 0.000000000000000000 ) ) ;
#3132 = ORIENTED_EDGE ( 'NONE', *, *, #1347, .F. ) ;
#3133 = CARTESIAN_POINT ( 'NONE',  ( -9.758743944412001881, -27.31533989620170999, -10.34592420333845020 ) ) ;
#3134 = DIRECTION ( 'NONE',  ( -0.1391731009600694624, 0.9902680687415698069, 0.000000000000000000 ) ) ;
#3135 = CARTESIAN_POINT ( 'NONE',  ( -24.69371673957790492, -1.498919492206208126, -17.81796014914277038 ) ) ;
#3136 = CARTESIAN_POINT ( 'NONE',  ( -18.99329594100774443, 0.000000000000000000, -6.029601188155562674 ) ) ;
#3137 = EDGE_CURVE ( 'NONE', #2285, #758, #623, .T. ) ;
#3138 = EDGE_CURVE ( 'NONE', #3164, #3633, #385, .T. ) ;
#3139 = ORIENTED_EDGE ( 'NONE', *, *, #684, .F. ) ;
#3140 = CARTESIAN_POINT ( 'NONE',  ( -0.1222101478353549431, -6.441174139097008755, -6.888079288332342287 ) ) ;
#3141 = CARTESIAN_POINT ( 'NONE',  ( -25.00000000000053646, -6.198446226531065584, -3.573253046125568932 ) ) ;
#3142 = VERTEX_POINT ( 'NONE', #2341 ) ;
#3143 = ORIENTED_EDGE ( 'NONE', *, *, #640, .T. ) ;
#3144 = CARTESIAN_POINT ( 'NONE',  ( 1.412416169106420094, -85.84087330223820800, -12.38968086479223984 ) ) ;
#3145 = CARTESIAN_POINT ( 'NONE',  ( -24.90693827574663999, -4.000000000001608491, -4.866702477810395777 ) ) ;
#3146 = DIRECTION ( 'NONE',  ( 1.000000000000000000, 0.000000000000000000, 0.000000000000000000 ) ) ;
#3147 = EDGE_LOOP ( 'NONE', ( #1771, #1371, #3582, #1495 ) ) ;
#3148 =( BOUNDED_SURFACE ( )  B_SPLINE_SURFACE ( 3, 2, ( 
 ( #3426, #1741, #2852 ),
 ( #3378, #65, #1757 ),
 ( #1396, #2016, #1690 ),
 ( #2871, #591, #346 ),
 ( #2588, #576, #2819 ),
 ( #296, #313, #280 ),
 ( #861, #1137, #3394 ),
 ( #2520, #3145, #3656 ),
 ( #2293, #1119, #48 ),
 ( #1982, #1427, #2553 ) ),
 .UNSPECIFIED., .F., .F., .F. ) 
 B_SPLINE_SURFACE_WITH_KNOTS ( ( 4, 2, 2, 2, 4 ),
 ( 3, 3 ),
 ( 0.7847891758119922567, 1.195677476490944358, 1.606565777169896236, 2.017454077848848115, 2.428342378527799994 ),
 ( 0.000000000000000000, 1.000000000000000000 ),
 .UNSPECIFIED. ) 
 GEOMETRIC_REPRESENTATION_ITEM ( )  RATIONAL_B_SPLINE_SURFACE ( (
 ( 1.000000000000000000, 0.6946583704589968100, 1.000000000000000000),
 ( 1.000000000000000000, 0.6963752083733445453, 1.000000000000000000),
 ( 1.000000000000000000, 0.6984454643071684732, 1.000000000000000000),
 ( 1.000000000000000000, 0.7029310292434480800, 1.000000000000000000),
 ( 1.000000000000000000, 0.7053452801840697228, 1.000000000000000000),
 ( 1.000000000000000000, 0.7101150428906607415, 1.000000000000000000),
 ( 1.000000000000000000, 0.7124683738150614509, 1.000000000000000000),
 ( 1.000000000000000000, 0.7167315742525872668, 1.000000000000000000),
 ( 1.000000000000000000, 0.7186413868443299879, 1.000000000000000000),
 ( 1.000000000000000000, 0.7201741929425553579, 1.000000000000000000) ) ) 
 REPRESENTATION_ITEM ( '' )  SURFACE ( )  );
#3149 = AXIS2_PLACEMENT_3D ( 'NONE', #3473, #668, #57 ) ;
#3150 = FACE_BOUND ( 'NONE', #1471, .T. ) ;
#3151 = AXIS2_PLACEMENT_3D ( 'NONE', #846, #3381, #1162 ) ;
#3152 = LINE ( 'NONE', #1417, #380 ) ;
#3153 = AXIS2_PLACEMENT_3D ( 'NONE', #2335, #2650, #125 ) ;
#3154 = VECTOR ( 'NONE', #1264, 1000.000000000000000 ) ;
#3155 = AXIS2_PLACEMENT_3D ( 'NONE', #59, #2619, #1217 ) ;
#3156 = AXIS2_PLACEMENT_3D ( 'NONE', #1286, #717, #1857 ) ;
#3157 = DIRECTION ( 'NONE',  ( 0.000000000000000000, 0.000000000000000000, -1.000000000000000000 ) ) ;
#3158 = PLANE ( 'NONE',  #596 ) ;
#3159 = ORIENTED_EDGE ( 'NONE', *, *, #1621, .F. ) ;
#3160 = CARTESIAN_POINT ( 'NONE',  ( -5.162733088807101467, -7.002579190663277942, -9.636586968999312219 ) ) ;
#3161 = EDGE_CURVE ( 'NONE', #271, #784, #253, .T. ) ;
#3162 = CARTESIAN_POINT ( 'NONE',  ( -24.99999999999999289, -5.912343476072240200, -3.249999999999949374 ) ) ;
#3163 = ORIENTED_EDGE ( 'NONE', *, *, #2237, .F. ) ;
#3164 = VERTEX_POINT ( 'NONE', #979 ) ;
#3165 = EDGE_CURVE ( 'NONE', #3223, #3634, #376, .T. ) ;
#3166 = EDGE_CURVE ( 'NONE', #1859, #1310, #1546, .T. ) ;
#3167 = CARTESIAN_POINT ( 'NONE',  ( -24.99999999999999289, -5.594772035635804386, -4.535844408979957443 ) ) ;
#3168 = CARTESIAN_POINT ( 'NONE',  ( -3.141939053227976508, -4.000000000000003553, -6.029601188155563563 ) ) ;
#3169 = DIRECTION ( 'NONE',  ( 0.000000000000000000, 1.000000000000000000, 0.000000000000000000 ) ) ;
#3170 = CARTESIAN_POINT ( 'NONE',  ( -3.899999999999994582, -79.00000000000001421, 0.000000000000000000 ) ) ;
#3171 = ORIENTED_EDGE ( 'NONE', *, *, #2894, .F. ) ;
#3172 = CARTESIAN_POINT ( 'NONE',  ( -1.999999999999994893, -79.00000000000001421, -3.200000000000000178 ) ) ;
#3173 = CARTESIAN_POINT ( 'NONE',  ( 4.301980963936875568, -4.000000000000000888, 18.80000000000000071 ) ) ;
#3174 =( BOUNDED_CURVE ( )  B_SPLINE_CURVE ( 3, ( #538, #1652, #2481, #555 ),
 .UNSPECIFIED., .F., .T. ) 
 B_SPLINE_CURVE_WITH_KNOTS ( ( 4, 4 ),
 ( 2.618506857150618483, 4.712388980384689674 ),
 .UNSPECIFIED. ) 
 CURVE ( )  GEOMETRIC_REPRESENTATION_ITEM ( )  RATIONAL_B_SPLINE_CURVE ( ( 1.000000000000000000, 0.6668147400283634951, 0.6668147400283634951, 1.000000000000000000 ) ) 
 REPRESENTATION_ITEM ( '' )  );
#3175 = DIRECTION ( 'NONE',  ( 1.000000000000000000, -1.445602896647339656E-16, 0.000000000000000000 ) ) ;
#3176 = CARTESIAN_POINT ( 'NONE',  ( -24.94459377899381280, -6.347631197024755423, -4.191987129807948520 ) ) ;
#3177 = DIRECTION ( 'NONE',  ( -1.000000000000000000, 0.000000000000000000, 0.000000000000000000 ) ) ;
#3178 = VERTEX_POINT ( 'NONE', #3477 ) ;
#3179 = DIRECTION ( 'NONE',  ( -0.000000000000000000, -0.000000000000000000, 1.000000000000000000 ) ) ;
#3180 = AXIS2_PLACEMENT_3D ( 'NONE', #1504, #679, #140 ) ;
#3181 = CARTESIAN_POINT ( 'NONE',  ( -24.99999999999999289, -5.889835213370411715, -3.197448092422641608 ) ) ;
#3182 = AXIS2_PLACEMENT_3D ( 'NONE', #3259, #3050, #2528 ) ;
#3183 = VERTEX_POINT ( 'NONE', #3439 ) ;
#3184 = VERTEX_POINT ( 'NONE', #150 ) ;
#3185 = CARTESIAN_POINT ( 'NONE',  ( -21.99999999999999645, -1.171572875253799717, -18.80000000000000071 ) ) ;
#3186 = DIRECTION ( 'NONE',  ( 1.000000000000000000, 0.000000000000000000, 0.000000000000000000 ) ) ;
#3187 = EDGE_CURVE ( 'NONE', #154, #2493, #941, .T. ) ;
#3188 = PLANE ( 'NONE',  #2979 ) ;
#3189 = EDGE_CURVE ( 'NONE', #1112, #1415, #2438, .T. ) ;
#3190 = VERTEX_POINT ( 'NONE', #3200 ) ;
#3191 = DIRECTION ( 'NONE',  ( 0.000000000000000000, 0.000000000000000000, -1.000000000000000000 ) ) ;
#3192 = DIRECTION ( 'NONE',  ( -4.625929269271485914E-16, 1.000000000000000000, 0.000000000000000000 ) ) ;
#3193 = CIRCLE ( 'NONE', #484, 2.999999999999999112 ) ;
#3194 = CARTESIAN_POINT ( 'NONE',  ( 3.200000000000002398, 25.00000000000000000, 18.80000000000000782 ) ) ;
#3195 = DIRECTION ( 'NONE',  ( 1.000000000000000000, -0.000000000000000000, -0.000000000000000000 ) ) ;
#3196 = LINE ( 'NONE', #93, #2176 ) ;
#3197 = ORIENTED_EDGE ( 'NONE', *, *, #2509, .T. ) ;
#3198 = DIRECTION ( 'NONE',  ( 0.000000000000000000, -1.000000000000000000, 0.000000000000000000 ) ) ;
#3199 = CARTESIAN_POINT ( 'NONE',  ( -22.50862265390742678, -2.585786437626900192, -18.21421356237309297 ) ) ;
#3200 = CARTESIAN_POINT ( 'NONE',  ( 18.00000000000000000, 0.000000000000000000, -3.011072104942093125E-16 ) ) ;
#3201 = ORIENTED_EDGE ( 'NONE', *, *, #3545, .F. ) ;
#3202 = EDGE_LOOP ( 'NONE', ( #2722, #1687, #1078, #3337 ) ) ;
#3203 = DIRECTION ( 'NONE',  ( -1.000000000000000000, 0.000000000000000000, 0.000000000000000000 ) ) ;
#3204 = CARTESIAN_POINT ( 'NONE',  ( -4.810555355463987937, -34.00496318945764784, -7.077397591302990953 ) ) ;
#3205 = CARTESIAN_POINT ( 'NONE',  ( -24.89889384336390066, -6.895301509892440173, -3.621871180366213583 ) ) ;
#3206 = ORIENTED_EDGE ( 'NONE', *, *, #3501, .T. ) ;
#3207 = EDGE_CURVE ( 'NONE', #3142, #535, #1473, .T. ) ;
#3208 = CARTESIAN_POINT ( 'NONE',  ( -4.026400864129399793, -54.40604198801970171, -7.789818961410562181 ) ) ;
#3209 = CARTESIAN_POINT ( 'NONE',  ( 5.000000000000000888, 25.00000000000000000, -18.80000000000000071 ) ) ;
#3210 = AXIS2_PLACEMENT_3D ( 'NONE', #3119, #595, #2875 ) ;
#3211 = AXIS2_PLACEMENT_3D ( 'NONE', #1596, #3563, #1069 ) ;
#3212 = EDGE_CURVE ( 'NONE', #2063, #1839, #3392, .T. ) ;
#3213 = ADVANCED_FACE ( 'NONE', ( #908 ), #1236, .F. ) ;
#3214 = DIRECTION ( 'NONE',  ( 0.000000000000000000, 1.000000000000000000, 0.000000000000000000 ) ) ;
#3215 = DIRECTION ( 'NONE',  ( 0.000000000000000000, 0.000000000000000000, -1.000000000000000000 ) ) ;
#3216 = AXIS2_PLACEMENT_3D ( 'NONE', #934, #3192, #3598 ) ;
#3217 = ORIENTED_EDGE ( 'NONE', *, *, #2430, .T. ) ;
#3218 = CARTESIAN_POINT ( 'NONE',  ( -24.99999999999999289, -6.067337471774076008, -3.249999999999949374 ) ) ;
#3219 = AXIS2_PLACEMENT_3D ( 'NONE', #2708, #2483, #3306 ) ;
#3220 = AXIS2_PLACEMENT_3D ( 'NONE', #1724, #644, #1501 ) ;
#3221 = CYLINDRICAL_SURFACE ( 'NONE', #3093, 3.000000000000000000 ) ;
#3222 = CARTESIAN_POINT ( 'NONE',  ( 16.00000000000000000, 23.00000000000000000, -3.975047607936268293E-15 ) ) ;
#3223 = VERTEX_POINT ( 'NONE', #2941 ) ;
#3224 = ORIENTED_EDGE ( 'NONE', *, *, #881, .F. ) ;
#3225 = DIRECTION ( 'NONE',  ( 0.000000000000000000, -1.000000000000000000, 0.000000000000000000 ) ) ;
#3226 = DIRECTION ( 'NONE',  ( 1.000000000000000000, 0.000000000000000000, 0.000000000000000000 ) ) ;
#3227 = VERTEX_POINT ( 'NONE', #925 ) ;
#3228 = CARTESIAN_POINT ( 'NONE',  ( -1.999999999999994893, -79.00000000000001421, -18.80000000000000426 ) ) ;
#3229 = CARTESIAN_POINT ( 'NONE',  ( 20.00000000000000355, 2.999999999999999112, -3.011072104942093125E-16 ) ) ;
#3230 = DIRECTION ( 'NONE',  ( -0.2077905067623293245, 0.9775774745778875729, 0.03413775765005937213 ) ) ;
#3231 = LINE ( 'NONE', #1594, #510 ) ;
#3232 = DIRECTION ( 'NONE',  ( 0.03489949670251166203, -0.9993908270190954291, 0.000000000000000000 ) ) ;
#3233 = CARTESIAN_POINT ( 'NONE',  ( -22.13284074983661043, -86.10469849010755183, -6.387924273892649829 ) ) ;
#3234 = ADVANCED_FACE ( 'NONE', ( #398 ), #115, .F. ) ;
#3235 = ADVANCED_FACE ( 'NONE', ( #2082 ), #3238, .F. ) ;
#3236 = DIRECTION ( 'NONE',  ( -0.9781476007338075762, -0.2079116908177497947, 0.000000000000000000 ) ) ;
#3237 = CARTESIAN_POINT ( 'NONE',  ( -1.623466631435297014, -4.000000000000000000, 18.79999999999999361 ) ) ;
#3238 = CYLINDRICAL_SURFACE ( 'NONE', #1149, 2.999999999999999112 ) ;
#3239 = ORIENTED_EDGE ( 'NONE', *, *, #703, .F. ) ;
#3240 = VERTEX_POINT ( 'NONE', #3162 ) ;
#3241 = STYLED_ITEM ( 'NONE', ( #2893 ), #1654 ) ;
#3242 = CARTESIAN_POINT ( 'NONE',  ( -21.99999999999999645, 0.000000000000000000, -15.80000000000000071 ) ) ;
#3243 = CARTESIAN_POINT ( 'NONE',  ( -5.114973848985745697, -16.99440005317714508, -6.483375637093354626 ) ) ;
#3244 = ORIENTED_EDGE ( 'NONE', *, *, #2959, .F. ) ;
#3245 = VERTEX_POINT ( 'NONE', #637 ) ;
#3246 = LINE ( 'NONE', #2352, #30 ) ;
#3247 = DIRECTION ( 'NONE',  ( -0.9781476007338074652, -0.2079116908177502943, 0.000000000000000000 ) ) ;
#3248 = CARTESIAN_POINT ( 'NONE',  ( -0.2852970460523805429, -55.42138949131870618, -4.340152383704683814 ) ) ;
#3249 = CARTESIAN_POINT ( 'NONE',  ( 20.00000000000000355, 15.89999999999999680, -10.00000000000000000 ) ) ;
#3250 = CARTESIAN_POINT ( 'NONE',  ( -3.599999999999996980, -79.00000000000001421, -18.80000000000000426 ) ) ;
#3251 = CARTESIAN_POINT ( 'NONE',  ( -22.99999999999999289, -1.999999999999997335, 18.80000000000000071 ) ) ;
#3252 = CIRCLE ( 'NONE', #2597, 3.000000000000000000 ) ;
#3253 = EDGE_CURVE ( 'NONE', #889, #2070, #2736, .T. ) ;
#3254 = EDGE_CURVE ( 'NONE', #2063, #2515, #1916, .T. ) ;
#3255 = CARTESIAN_POINT ( 'NONE',  ( -0.8118748326135732940, -14.49405973983792251, -9.898195234408950327 ) ) ;
#3256 = ORIENTED_EDGE ( 'NONE', *, *, #3376, .F. ) ;
#3257 = ORIENTED_EDGE ( 'NONE', *, *, #412, .F. ) ;
#3258 = EDGE_CURVE ( 'NONE', #1586, #308, #3013, .T. ) ;
#3259 = CARTESIAN_POINT ( 'NONE',  ( 0.000000000000000000, 30.00000000000000000, -18.80000000000000071 ) ) ;
#3260 = DIRECTION ( 'NONE',  ( 0.9781476007338076872, 0.2079116908177493228, 0.000000000000000000 ) ) ;
#3261 = EDGE_LOOP ( 'NONE', ( #2890, #2474, #1511, #1208 ) ) ;
#3262 = ORIENTED_EDGE ( 'NONE', *, *, #3007, .F. ) ;
#3263 = CARTESIAN_POINT ( 'NONE',  ( 2.549020259053691451, -79.18125329486350950, 0.000000000000000000 ) ) ;
#3264 = CARTESIAN_POINT ( 'NONE',  ( -1.999999999999994893, -79.00000000000001421, 0.000000000000000000 ) ) ;
#3265 = CARTESIAN_POINT ( 'NONE',  ( 0.000000000000000000, 30.00000000000000000, -18.80000000000000071 ) ) ;
#3266 = FACE_OUTER_BOUND ( 'NONE', #2122, .T. ) ;
#3267 = DIRECTION ( 'NONE',  ( 0.000000000000000000, -1.000000000000000000, 1.230300337572203386E-16 ) ) ;
#3268 = DIRECTION ( 'NONE',  ( -0.000000000000000000, -0.000000000000000000, 1.000000000000000000 ) ) ;
#3269 = CIRCLE ( 'NONE', #2492, 7.000000000000000888 ) ;
#3270 = AXIS2_PLACEMENT_3D ( 'NONE', #546, #266, #1934 ) ;
#3271 = CYLINDRICAL_SURFACE ( 'NONE', #1035, 2.000000000000001776 ) ;
#3272 = CARTESIAN_POINT ( 'NONE',  ( -19.56733701440341378, -59.28313403879349863, -5.455560114759296475 ) ) ;
#3273 = FACE_OUTER_BOUND ( 'NONE', #320, .T. ) ;
#3274 = VECTOR ( 'NONE', #1068, 1000.000000000000000 ) ;
#3275 = ORIENTED_EDGE ( 'NONE', *, *, #2092, .F. ) ;
#3276 = VECTOR ( 'NONE', #2422, 1000.000000000000000 ) ;
#3277 = ORIENTED_EDGE ( 'NONE', *, *, #3615, .T. ) ;
#3278 = VECTOR ( 'NONE', #1749, 1000.000000000000227 ) ;
#3279 = VECTOR ( 'NONE', #1360, 1000.000000000000000 ) ;
#3280 = DIRECTION ( 'NONE',  ( 1.000000000000000000, 1.020425574104004122E-16, 0.000000000000000000 ) ) ;
#3281 = ORIENTED_EDGE ( 'NONE', *, *, #2048, .T. ) ;
#3282 = ADVANCED_FACE ( 'NONE', ( #1624 ), #388, .T. ) ;
#3283 = ADVANCED_FACE ( 'NONE', ( #2731 ), #3530, .T. ) ;
#3284 = ORIENTED_EDGE ( 'NONE', *, *, #1160, .F. ) ;
#3285 = FACE_OUTER_BOUND ( 'NONE', #1588, .T. ) ;
#3286 = CARTESIAN_POINT ( 'NONE',  ( 2.000000000000011546, -78.77770356556516163, -7.589506064872756141 ) ) ;
#3287 = LINE ( 'NONE', #988, #3339 ) ;
#3288 = ORIENTED_EDGE ( 'NONE', *, *, #2959, .T. ) ;
#3289 = DIRECTION ( 'NONE',  ( 0.000000000000000000, 0.000000000000000000, -1.000000000000000000 ) ) ;
#3290 = DIRECTION ( 'NONE',  ( 4.625929269271485914E-16, -1.000000000000000000, -0.000000000000000000 ) ) ;
#3291 = CARTESIAN_POINT ( 'NONE',  ( 5.000000000000000888, 25.00000000000000000, -17.00000000000000355 ) ) ;
#3292 = CARTESIAN_POINT ( 'NONE',  ( -18.65182388137579395, -85.50000000000000000, -3.250000000000037748 ) ) ;
#3293 = LINE ( 'NONE', #1288, #1970 ) ;
#3294 = EDGE_LOOP ( 'NONE', ( #3437, #3531, #360, #1630, #1134, #3474 ) ) ;
#3295 = ORIENTED_EDGE ( 'NONE', *, *, #1958, .F. ) ;
#3296 = CARTESIAN_POINT ( 'NONE',  ( -16.12918348404360813, -85.89530150989249080, -12.39158153968558373 ) ) ;
#3297 = ORIENTED_EDGE ( 'NONE', *, *, #3300, .T. ) ;
#3298 = ORIENTED_EDGE ( 'NONE', *, *, #1510, .T. ) ;
#3299 = VECTOR ( 'NONE', #422, 1000.000000000000000 ) ;
#3300 = EDGE_CURVE ( 'NONE', #2699, #1880, #167, .T. ) ;
#3301 = FACE_OUTER_BOUND ( 'NONE', #653, .T. ) ;
#3302 = EDGE_CURVE ( 'NONE', #1668, #477, #3293, .T. ) ;
#3303 = CARTESIAN_POINT ( 'NONE',  ( -24.95551429302824786, -1.999999999999996669, -16.31471862576139742 ) ) ;
#3304 = AXIS2_PLACEMENT_3D ( 'NONE', #693, #3498, #1548 ) ;
#3305 = ORIENTED_EDGE ( 'NONE', *, *, #3054, .T. ) ;
#3306 = DIRECTION ( 'NONE',  ( 0.9993908270190953180, 0.03489949670251272368, 0.000000000000000000 ) ) ;
#3307 = CARTESIAN_POINT ( 'NONE',  ( 18.78089103407643989, -2.585786437626905077, -18.21421356237309297 ) ) ;
#3308 = CARTESIAN_POINT ( 'NONE',  ( -0.4095393794808188104, -79.20241308387208790, -12.15786072572653609 ) ) ;
#3309 = DIRECTION ( 'NONE',  ( 1.000000000000000000, 0.000000000000000000, 0.000000000000000000 ) ) ;
#3310 = DIRECTION ( 'NONE',  ( -1.000000000000000000, 0.000000000000000000, 0.000000000000000000 ) ) ;
#3311 = CARTESIAN_POINT ( 'NONE',  ( -1.411700886359727125, -33.16124605593648766, -10.55006774481293697 ) ) ;
#3312 = ORIENTED_EDGE ( 'NONE', *, *, #431, .T. ) ;
#3313 = ORIENTED_EDGE ( 'NONE', *, *, #994, .T. ) ;
#3314 = CARTESIAN_POINT ( 'NONE',  ( -16.03168820212615131, -88.68720109677114749, -12.48907682160307608 ) ) ;
#3315 =( BOUNDED_SURFACE ( )  B_SPLINE_SURFACE ( 3, 2, ( 
 ( #3003, #1612, #1592 ),
 ( #1314, #2966, #2988 ),
 ( #1814, #440, #1558 ),
 ( #2446, #1335, #2689 ) ),
 .UNSPECIFIED., .F., .F., .F. ) 
 B_SPLINE_SURFACE_WITH_KNOTS ( ( 4, 4 ),
 ( 3, 3 ),
 ( 4.852015320544239785, 4.921828490623999741 ),
 ( 0.000000000000000000, 1.000000000000000000 ),
 .UNSPECIFIED. ) 
 GEOMETRIC_REPRESENTATION_ITEM ( )  RATIONAL_B_SPLINE_SURFACE ( (
 ( 1.000000000000000000, 0.7088219350365904114, 1.000000000000000000),
 ( 1.000000000000000000, 0.7091055905401965065, 1.000000000000000000),
 ( 1.000000000000000000, 0.7093876830833304448, 1.000000000000000000),
 ( 1.000000000000000000, 0.7096675324995873613, 1.000000000000000000) ) ) 
 REPRESENTATION_ITEM ( '' )  SURFACE ( )  );
#3316 = ORIENTED_EDGE ( 'NONE', *, *, #2029, .F. ) ;
#3317 = ORIENTED_EDGE ( 'NONE', *, *, #3189, .T. ) ;
#3318 = LINE ( 'NONE', #478, #2469 ) ;
#3319 = CARTESIAN_POINT ( 'NONE',  ( -22.45199722696210642, -2.686187669132821476, -18.11381233086716946 ) ) ;
#3320 = LINE ( 'NONE', #1103, #2212 ) ;
#3321 = EDGE_LOOP ( 'NONE', ( #2514, #249, #1701, #2762 ) ) ;
#3322 = ADVANCED_FACE ( 'NONE', ( #1584 ), #2415, .F. ) ;
#3323 = DIRECTION ( 'NONE',  ( 0.000000000000000000, -1.000000000000000000, 1.734723475976806848E-16 ) ) ;
#3324 = DIRECTION ( 'NONE',  ( 0.000000000000000000, 0.000000000000000000, 1.000000000000000000 ) ) ;
#3325 = LINE ( 'NONE', #3641, #2037 ) ;
#3326 = FACE_BOUND ( 'NONE', #2821, .T. ) ;
#3327 = EDGE_CURVE ( 'NONE', #845, #2522, #2133, .T. ) ;
#3328 = DIRECTION ( 'NONE',  ( 0.000000000000000000, 0.000000000000000000, 1.000000000000000000 ) ) ;
#3329 = CARTESIAN_POINT ( 'NONE',  ( 0.3166818978999299539, -82.28148238117691449, -8.763250789860959955 ) ) ;
#3330 = LINE ( 'NONE', #1954, #2704 ) ;
#3331 = EDGE_LOOP ( 'NONE', ( #2036, #2585, #3244, #1502 ) ) ;
#3332 = CARTESIAN_POINT ( 'NONE',  ( 20.00000000000000355, -4.000000000000003553, 0.000000000000000000 ) ) ;
#3333 = CIRCLE ( 'NONE', #1729, 2.000000000000000000 ) ;
#3334 = VECTOR ( 'NONE', #659, 1000.000000000000000 ) ;
#3335 = LINE ( 'NONE', #2457, #2797 ) ;
#3336 = ORIENTED_EDGE ( 'NONE', *, *, #322, .T. ) ;
#3337 = ORIENTED_EDGE ( 'NONE', *, *, #327, .T. ) ;
#3338 = AXIS2_PLACEMENT_3D ( 'NONE', #1230, #2353, #3214 ) ;
#3339 = VECTOR ( 'NONE', #1261, 1000.000000000000114 ) ;
#3340 = CARTESIAN_POINT ( 'NONE',  ( -19.64729795179439265, -85.95661698441359988, -12.39372272323761059 ) ) ;
#3341 = LINE ( 'NONE', #807, #1789 ) ;
#3342 = CARTESIAN_POINT ( 'NONE',  ( -3.866703714572012007, -55.03520976776653129, -11.31392338946461074 ) ) ;
#3343 = ORIENTED_EDGE ( 'NONE', *, *, #1510, .F. ) ;
#3344 = CARTESIAN_POINT ( 'NONE',  ( 4.517160185136441797, -86.00000000000000000, 0.000000000000000000 ) ) ;
#3345 = CARTESIAN_POINT ( 'NONE',  ( 19.99508977302470214, -4.000000000000003553, -15.97157287525380021 ) ) ;
#3346 = DIRECTION ( 'NONE',  ( 0.000000000000000000, -1.000000000000000000, 0.000000000000000000 ) ) ;
#3347 = CARTESIAN_POINT ( 'NONE',  ( -0.4289905511532126625, -79.30319846904980352, -12.16138022893046511 ) ) ;
#3348 = DIRECTION ( 'NONE',  ( 0.03489949670251163427, -0.9993908270190953180, 0.000000000000000000 ) ) ;
#3349 = CARTESIAN_POINT ( 'NONE',  ( -1.623466631435289687, 0.000000000000000000, -4.561975421475160886 ) ) ;
#3350 = CARTESIAN_POINT ( 'NONE',  ( -1.623466631435291685, -89.00000000000001421, -0.000000000000000000 ) ) ;
#3351 = ADVANCED_FACE ( 'NONE', ( #3273 ), #1021, .T. ) ;
#3352 = EDGE_CURVE ( 'NONE', #2625, #1761, #2802, .T. ) ;
#3353 = ORIENTED_EDGE ( 'NONE', *, *, #305, .T. ) ;
#3354 = LINE ( 'NONE', #818, #211 ) ;
#3355 = CARTESIAN_POINT ( 'NONE',  ( -19.13466828502783201, -89.00000000000001421, -6.741195318160673189 ) ) ;
#3356 = EDGE_LOOP ( 'NONE', ( #2183, #2448, #3297, #3031, #3005, #2454, #168, #2902, #2013, #3217, #1604 ) ) ;
#3357 = VERTEX_POINT ( 'NONE', #2634 ) ;
#3358 = CARTESIAN_POINT ( 'NONE',  ( 7.019263503250761538, -89.00000000000000000, -9.166320350459185917 ) ) ;
#3359 = CARTESIAN_POINT ( 'NONE',  ( 0.5491530201354987151, -75.90996882093686793, -8.225502556930328169 ) ) ;
#3360 = DIRECTION ( 'NONE',  ( -0.000000000000000000, -0.000000000000000000, 1.000000000000000000 ) ) ;
#3361 = ORIENTED_EDGE ( 'NONE', *, *, #436, .F. ) ;
#3362 = AXIS2_PLACEMENT_3D ( 'NONE', #279, #2587, #2242 ) ;
#3363 = PLANE ( 'NONE',  #3211 ) ;
#3364 = CARTESIAN_POINT ( 'NONE',  ( -20.99821974771231581, -18.30801366962205989, -4.826952794199146801 ) ) ;
#3365 = VECTOR ( 'NONE', #153, 1000.000000000000000 ) ;
#3366 = DIRECTION ( 'NONE',  ( 0.000000000000000000, 0.000000000000000000, 1.000000000000000000 ) ) ;
#3367 = CARTESIAN_POINT ( 'NONE',  ( -21.49786659495411811, -3.999999999999997335, -3.250000000000037748 ) ) ;
#3368 = LINE ( 'NONE', #1405, #2057 ) ;
#3369 = ORIENTED_EDGE ( 'NONE', *, *, #2437, .F. ) ;
#3370 = EDGE_LOOP ( 'NONE', ( #420, #1791, #2789, #764, #1027, #2199, #707, #2295, #2590 ) ) ;
#3371 = EDGE_CURVE ( 'NONE', #102, #2975, #1816, .T. ) ;
#3372 = EDGE_CURVE ( 'NONE', #101, #3411, #1792, .T. ) ;
#3373 = CARTESIAN_POINT ( 'NONE',  ( -24.99999999999999289, -3.970873075643228223, -6.514170134392026412 ) ) ;
#3374 = ORIENTED_EDGE ( 'NONE', *, *, #437, .F. ) ;
#3375 = ORIENTED_EDGE ( 'NONE', *, *, #814, .F. ) ;
#3376 = EDGE_CURVE ( 'NONE', #1761, #1531, #1438, .T. ) ;
#3377 = CARTESIAN_POINT ( 'NONE',  ( 1.434844763462256756, -89.00000000000000000, -12.55694148249384767 ) ) ;
#3378 = CARTESIAN_POINT ( 'NONE',  ( -20.11429203713489500, -4.000000000000006217, -12.63832553457100971 ) ) ;
#3379 = DIRECTION ( 'NONE',  ( -0.1390899611223747334, 0.9896764980577128501, 0.03456026486007358900 ) ) ;
#3380 = EDGE_LOOP ( 'NONE', ( #1315, #1828, #50, #2169 ) ) ;
#3381 = DIRECTION ( 'NONE',  ( 0.000000000000000000, 0.000000000000000000, -1.000000000000000000 ) ) ;
#3382 = DIRECTION ( 'NONE',  ( -1.000000000000000000, 0.000000000000000000, 0.000000000000000000 ) ) ;
#3383 = CARTESIAN_POINT ( 'NONE',  ( -24.96057032033294831, -6.400111412946921874, -3.627294235795832655 ) ) ;
#3384 = CARTESIAN_POINT ( 'NONE',  ( -3.599999999999996980, -79.00000000000001421, -3.199999999999999734 ) ) ;
#3385 = VERTEX_POINT ( 'NONE', #3542 ) ;
#3386 = ORIENTED_EDGE ( 'NONE', *, *, #662, .T. ) ;
#3387 = CARTESIAN_POINT ( 'NONE',  ( -24.99999999999860023, -6.153602972815625627, -4.067270014743112228 ) ) ;
#3388 = EDGE_CURVE ( 'NONE', #1948, #609, #2951, .T. ) ;
#3389 = ORIENTED_EDGE ( 'NONE', *, *, #3480, .T. ) ;
#3390 = VECTOR ( 'NONE', #3310, 1000.000000000000000 ) ;
#3391 = EDGE_LOOP ( 'NONE', ( #191, #559, #1420, #3595, #3375, #2832, #2850 ) ) ;
#3392 = CIRCLE ( 'NONE', #912, 7.000000000000000888 ) ;
#3393 = CARTESIAN_POINT ( 'NONE',  ( -18.65182388137579395, -85.50000000000000000, -3.250000000000037748 ) ) ;
#3394 = CARTESIAN_POINT ( 'NONE',  ( -24.28073696917716973, -6.954360160193693297, -6.398525484304617095 ) ) ;
#3395 = EDGE_CURVE ( 'NONE', #2240, #1824, #2369, .T. ) ;
#3396 = CARTESIAN_POINT ( 'NONE',  ( 1.404203485069675184, -6.223542864692420018, -2.541848489443937265 ) ) ;
#3397 = ADVANCED_FACE ( 'NONE', ( #90 ), #1765, .T. ) ;
#3398 = VERTEX_POINT ( 'NONE', #2094 ) ;
#3399 = VECTOR ( 'NONE', #1342, 1000.000000000000114 ) ;
#3400 = VECTOR ( 'NONE', #3360, 1000.000000000000000 ) ;
#3401 = DIRECTION ( 'NONE',  ( 1.000000000000000000, -1.445602896647339410E-16, 0.000000000000000000 ) ) ;
#3402 = PLANE ( 'NONE',  #3210 ) ;
#3403 = CARTESIAN_POINT ( 'NONE',  ( -22.99999999999999289, -4.000000000000005329, -11.64154703437737481 ) ) ;
#3404 = ORIENTED_EDGE ( 'NONE', *, *, #3643, .T. ) ;
#3405 = LINE ( 'NONE', #871, #274 ) ;
#3406 = CARTESIAN_POINT ( 'NONE',  ( -24.99999999999999289, -5.520005810157625703, -5.461347084053052470 ) ) ;
#3407 = ORIENTED_EDGE ( 'NONE', *, *, #1458, .F. ) ;
#3408 = EDGE_LOOP ( 'NONE', ( #2816, #2164, #1348, #1776, #1058, #2100, #252, #1060 ) ) ;
#3409 = CARTESIAN_POINT ( 'NONE',  ( -4.254246033653718229, -13.81820239258469663, -18.80000000000000071 ) ) ;
#3410 = PLANE ( 'NONE',  #2447 ) ;
#3411 = VERTEX_POINT ( 'NONE', #1485 ) ;
#3412 =( BOUNDED_CURVE ( )  B_SPLINE_CURVE ( 3, ( #1858, #3199, #2640, #2452 ),
 .UNSPECIFIED., .F., .F. ) 
 B_SPLINE_CURVE_WITH_KNOTS ( ( 4, 4 ),
 ( 0.000000000000000000, 1.398370329082059271 ),
 .UNSPECIFIED. ) 
 CURVE ( )  GEOMETRIC_REPRESENTATION_ITEM ( )  RATIONAL_B_SPLINE_CURVE ( ( 1.000000000000000000, 0.8435779098201170445, 0.8435779098201170445, 1.000000000000000000 ) ) 
 REPRESENTATION_ITEM ( '' )  );
#3413 = ADVANCED_FACE ( 'NONE', ( #952 ), #715, .F. ) ;
#3414 = ADVANCED_FACE ( 'NONE', ( #390 ), #1281, .F. ) ;
#3415 = LINE ( 'NONE', #1726, #3068 ) ;
#3416 = CARTESIAN_POINT ( 'NONE',  ( -1.034303510779430724, -75.11832120201748353, -8.513107689491297592 ) ) ;
#3417 =( GEOMETRIC_REPRESENTATION_CONTEXT ( 3 ) GLOBAL_UNCERTAINTY_ASSIGNED_CONTEXT ( ( #1627 ) ) GLOBAL_UNIT_ASSIGNED_CONTEXT ( ( #1813, #2105, #1830 ) ) REPRESENTATION_CONTEXT ( 'NONE', 'WORKASPACE' ) );
#3418 = CARTESIAN_POINT ( 'NONE',  ( 16.90000000000000568, 13.99999999999999822, -10.00000000000000000 ) ) ;
#3419 = CARTESIAN_POINT ( 'NONE',  ( -24.91886620242847172, -6.545781250955198693, -3.250000000000038636 ) ) ;
#3420 = EDGE_LOOP ( 'NONE', ( #2771, #2014, #2078, #294, #1530 ) ) ;
#3421 = CARTESIAN_POINT ( 'NONE',  ( -9.758743944412000104, -27.43748813466045533, -6.848056308771615086 ) ) ;
#3422 = CARTESIAN_POINT ( 'NONE',  ( -23.13173470032641532, -4.000000000000005329, -11.08778250255193498 ) ) ;
#3423 = EDGE_LOOP ( 'NONE', ( #1394, #2830, #911, #1269, #310, #2056, #1104, #215 ) ) ;
#3424 = EDGE_LOOP ( 'NONE', ( #2416, #3482 ) ) ;
#3425 = CARTESIAN_POINT ( 'NONE',  ( 6.445208052553967448, -88.99999999999998579, -9.977226076663109566 ) ) ;
#3426 = CARTESIAN_POINT ( 'NONE',  ( -18.88061197021424675, -4.000000000000006217, -12.63832553457315022 ) ) ;
#3427 = CARTESIAN_POINT ( 'NONE',  ( -26.08084102806915894, 13.99999999999999289, -10.00000000000000000 ) ) ;
#3428 = VERTEX_POINT ( 'NONE', #109 ) ;
#3429 = DIRECTION ( 'NONE',  ( 1.000000000000000000, 0.000000000000000000, -0.000000000000000000 ) ) ;
#3430 = CARTESIAN_POINT ( 'NONE',  ( -16.02041342017244574, -89.13221684696577540, -9.002483708989943878 ) ) ;
#3431 = ADVANCED_FACE ( 'NONE', ( #2652 ), #1244, .F. ) ;
#3432 =( BOUNDED_SURFACE ( )  B_SPLINE_SURFACE ( 3, 2, ( 
 ( #1365, #2491, #3296 ),
 ( #1330, #457, #3016 ),
 ( #171, #782, #1899 ),
 ( #1568, #1879, #2141 ),
 ( #3554, #2756, #1587 ),
 ( #1018, #2198, #492 ),
 ( #515, #1291, #3576 ),
 ( #475, #3632, #189 ),
 ( #742, #1861, #2997 ),
 ( #1605, #2716, #1629 ),
 ( #1308, #2772, #250 ),
 ( #1098, #231, #2476 ),
 ( #3355, #2439, #1041 ),
 ( #2737, #3612, #1077 ) ),
 .UNSPECIFIED., .F., .F., .F. ) 
 B_SPLINE_SURFACE_WITH_KNOTS ( ( 4, 2, 2, 2, 2, 2, 4 ),
 ( 3, 3 ),
 ( 0.09492605722910424371, 0.2974630286131553225, 0.3987315143051808342, 0.4999999999972063458, 0.6012684856892318574, 0.7025369713812573691, 0.9050739427653083924 ),
 ( 0.000000000000000000, 1.000000000000000000 ),
 .UNSPECIFIED. ) 
 GEOMETRIC_REPRESENTATION_ITEM ( )  RATIONAL_B_SPLINE_SURFACE ( (
 ( 1.000000000000000000, 0.6946583704589963659, 1.000000000000000000),
 ( 1.000000000000000000, 0.6961313339372878772, 1.000000000000000000),
 ( 1.000000000000000000, 0.6979992163213235568, 1.000000000000000000),
 ( 1.000000000000000000, 0.7012112377431422017, 1.000000000000000000),
 ( 1.000000000000000000, 0.7023484755319818751, 1.000000000000000000),
 ( 1.000000000000000000, 0.7046939938594850572, 1.000000000000000000),
 ( 1.000000000000000000, 0.7059018234379018653, 1.000000000000000000),
 ( 1.000000000000000000, 0.7083117389351704096, 1.000000000000000000),
 ( 1.000000000000000000, 0.7095132826084673550, 1.000000000000000000),
 ( 1.000000000000000000, 0.7118351930753259449, 1.000000000000000000),
 ( 1.000000000000000000, 0.7129551519261397852, 1.000000000000000000),
 ( 1.000000000000000000, 0.7161048026733251026, 1.000000000000000000),
 ( 1.000000000000000000, 0.7179174143924816898, 1.000000000000000000),
 ( 1.000000000000000000, 0.7193398003386552997, 1.000000000000000000) ) ) 
 REPRESENTATION_ITEM ( '' )  SURFACE ( )  );
#3433 = CARTESIAN_POINT ( 'NONE',  ( 0.4320901702281332302, -85.43010616249520695, -12.37533656019048678 ) ) ;
#3434 = CARTESIAN_POINT ( 'NONE',  ( -3.899999999999994582, -79.00000000000001421, -3.200000000000000178 ) ) ;
#3435 = EDGE_CURVE ( 'NONE', #622, #3178, #2031, .T. ) ;
#3436 = EDGE_CURVE ( 'NONE', #1355, #206, #3525, .T. ) ;
#3437 = ORIENTED_EDGE ( 'NONE', *, *, #701, .F. ) ;
#3438 = CARTESIAN_POINT ( 'NONE',  ( -4.781143374583298744, -3.999999999999999112, -12.63832553457669761 ) ) ;
#3439 = CARTESIAN_POINT ( 'NONE',  ( 3.200000000000001954, 25.00000000000000000, -17.00000000000000355 ) ) ;
#3440 = ORIENTED_EDGE ( 'NONE', *, *, #2406, .T. ) ;
#3441 = VERTEX_POINT ( 'NONE', #2336 ) ;
#3442 = DIRECTION ( 'NONE',  ( 0.000000000000000000, 0.000000000000000000, 1.000000000000000000 ) ) ;
#3443 = VECTOR ( 'NONE', #1323, 1000.000000000000000 ) ;
#3444 = CARTESIAN_POINT ( 'NONE',  ( -18.99329594100774443, -89.00000000000001421, -6.029601188155562674 ) ) ;
#3445 = DIRECTION ( 'NONE',  ( -1.264962724470827817E-16, 0.000000000000000000, -1.000000000000000000 ) ) ;
#3446 = ORIENTED_EDGE ( 'NONE', *, *, #2591, .F. ) ;
#3447 = ORIENTED_EDGE ( 'NONE', *, *, #2188, .F. ) ;
#3448 = VECTOR ( 'NONE', #3226, 1000.000000000000000 ) ;
#3449 = CARTESIAN_POINT ( 'NONE',  ( -3.599999999999998757, -76.87657213177082838, -12.07664056996374136 ) ) ;
#3450 = LINE ( 'NONE', #1711, #2136 ) ;
#3451 = AXIS2_PLACEMENT_3D ( 'NONE', #1008, #731, #3561 ) ;
#3452 = AXIS2_PLACEMENT_3D ( 'NONE', #1148, #836, #2490 ) ;
#3453 = CIRCLE ( 'NONE', #1793, 3.500000000000000444 ) ;
#3454 = AXIS2_PLACEMENT_3D ( 'NONE', #1298, #260, #2128 ) ;
#3455 = EDGE_CURVE ( 'NONE', #3183, #1297, #2109, .T. ) ;
#3456 = CIRCLE ( 'NONE', #2326, 1.899999999999999467 ) ;
#3457 = CARTESIAN_POINT ( 'NONE',  ( -20.31990435989902366, -4.000000000000006217, -12.63832553457315200 ) ) ;
#3458 = CARTESIAN_POINT ( 'NONE',  ( -1.999999999999994893, -79.00000000000001421, 0.000000000000000000 ) ) ;
#3459 = ORIENTED_EDGE ( 'NONE', *, *, #531, .F. ) ;
#3460 = CARTESIAN_POINT ( 'NONE',  ( 4.029379739298672547, -4.000000000000000888, -5.178244067092220071 ) ) ;
#3461 = EDGE_CURVE ( 'NONE', #2118, #1115, #2740, .T. ) ;
#3462 = ADVANCED_FACE ( 'NONE', ( #685 ), #1800, .F. ) ;
#3463 = CARTESIAN_POINT ( 'NONE',  ( 0.000000000000000000, 0.000000000000000000, -17.00000000000000000 ) ) ;
#3464 = EDGE_LOOP ( 'NONE', ( #2433, #605, #1521, #139 ) ) ;
#3465 = CARTESIAN_POINT ( 'NONE',  ( 0.000000000000000000, 0.000000000000000000, -18.80000000000000071 ) ) ;
#3466 = LINE ( 'NONE', #382, #3334 ) ;
#3467 = PLANE ( 'NONE',  #1503 ) ;
#3468 = ORIENTED_EDGE ( 'NONE', *, *, #1715, .F. ) ;
#3469 = CARTESIAN_POINT ( 'NONE',  ( 4.517160185136440020, -86.00000000000000000, -5.410411008545319866 ) ) ;
#3470 = CARTESIAN_POINT ( 'NONE',  ( -21.99999999999999645, -2.585786437626899747, -18.21421356237309297 ) ) ;
#3471 = DIRECTION ( 'NONE',  ( 0.000000000000000000, 1.000000000000000000, 0.000000000000000000 ) ) ;
#3472 = DIRECTION ( 'NONE',  ( -0.9993908270190953180, -0.03489949670251017017, 0.000000000000000000 ) ) ;
#3473 = CARTESIAN_POINT ( 'NONE',  ( 17.00000000000000000, 30.00000000000000000, -15.80000000000000071 ) ) ;
#3474 = ORIENTED_EDGE ( 'NONE', *, *, #1509, .F. ) ;
#3475 = LINE ( 'NONE', #616, #3278 ) ;
#3476 = AXIS2_PLACEMENT_3D ( 'NONE', #300, #3429, #1416 ) ;
#3477 = CARTESIAN_POINT ( 'NONE',  ( 4.301980963936875568, -4.000000000000000888, -2.541848489443937709 ) ) ;
#3478 = AXIS2_PLACEMENT_3D ( 'NONE', #1682, #2812, #1127 ) ;
#3479 = VERTEX_POINT ( 'NONE', #974 ) ;
#3480 = EDGE_CURVE ( 'NONE', #1960, #2179, #3231, .T. ) ;
#3481 = EDGE_CURVE ( 'NONE', #400, #838, #1615, .T. ) ;
#3482 = ORIENTED_EDGE ( 'NONE', *, *, #2238, .F. ) ;
#3483 = CYLINDRICAL_SURFACE ( 'NONE', #1706, 1.499999999999999556 ) ;
#3484 = DIRECTION ( 'NONE',  ( 0.000000000000000000, -1.000000000000000000, 0.000000000000000000 ) ) ;
#3485 = CARTESIAN_POINT ( 'NONE',  ( 1.404203485069675184, -6.223542864692423571, -18.80000000000000071 ) ) ;
#3486 = EDGE_CURVE ( 'NONE', #2977, #2975, #2782, .T. ) ;
#3487 = ORIENTED_EDGE ( 'NONE', *, *, #233, .F. ) ;
#3488 = DIRECTION ( 'NONE',  ( 0.2586719321207321398, 0.9653767931665648838, 0.03371170046685230404 ) ) ;
#3489 = DIRECTION ( 'NONE',  ( -0.9993908270190953180, -0.03489949670251165509, -0.000000000000000000 ) ) ;
#3490 = CARTESIAN_POINT ( 'NONE',  ( -21.99999999999999645, -1.999999999999997780, -15.80000000000000071 ) ) ;
#3491 = DIRECTION ( 'NONE',  ( -0.9902680687415699179, -0.1391731009600689628, -0.000000000000000000 ) ) ;
#3492 = DIRECTION ( 'NONE',  ( 1.000000000000000000, 0.000000000000000000, 0.000000000000000000 ) ) ;
#3493 = ORIENTED_EDGE ( 'NONE', *, *, #946, .F. ) ;
#3494 = CARTESIAN_POINT ( 'NONE',  ( -2.248116267790579492, -4.000000000000582645, -8.982925024464211816 ) ) ;
#3495 = DIRECTION ( 'NONE',  ( -0.1391731009600688795, 0.9902680687415698069, 0.000000000000000000 ) ) ;
#3496 = VERTEX_POINT ( 'NONE', #3043 ) ;
#3497 = VERTEX_POINT ( 'NONE', #2170 ) ;
#3498 = DIRECTION ( 'NONE',  ( -0.9659258262890673130, 0.2588190451025246253, 0.000000000000000000 ) ) ;
#3499 = DIRECTION ( 'NONE',  ( 0.000000000000000000, 0.000000000000000000, 1.000000000000000000 ) ) ;
#3500 = ORIENTED_EDGE ( 'NONE', *, *, #1329, .T. ) ;
#3501 = EDGE_CURVE ( 'NONE', #1955, #1407, #770, .T. ) ;
#3502 = CARTESIAN_POINT ( 'NONE',  ( -0.03651166975651102403, -4.000000000000000000, -12.63832553457314489 ) ) ;
#3503 = EDGE_CURVE ( 'NONE', #2943, #3083, #2561, .T. ) ;
#3504 = CARTESIAN_POINT ( 'NONE',  ( -0.5734216171630651671, -78.27551803499164862, -12.12549283738153960 ) ) ;
#3505 = AXIS2_PLACEMENT_3D ( 'NONE', #2541, #1212, #301 ) ;
#3506 = DIRECTION ( 'NONE',  ( -0.03489949670251181468, 0.9993908270190953180, 0.000000000000000000 ) ) ;
#3507 = DIRECTION ( 'NONE',  ( -0.000000000000000000, -1.000000000000000000, -0.000000000000000000 ) ) ;
#3508 = AXIS2_PLACEMENT_3D ( 'NONE', #2986, #463, #1572 ) ;
#3509 = DIRECTION ( 'NONE',  ( 0.000000000000000000, 0.000000000000000000, 1.000000000000000000 ) ) ;
#3510 = CARTESIAN_POINT ( 'NONE',  ( 0.6912459581785578289, -89.00000000000000000, 0.000000000000000000 ) ) ;
#3511 = AXIS2_PLACEMENT_3D ( 'NONE', #370, #1833, #425 ) ;
#3512 = AXIS2_PLACEMENT_3D ( 'NONE', #2470, #2767, #2511 ) ;
#3513 = CARTESIAN_POINT ( 'NONE',  ( -19.56733701440341733, -59.28313403879348442, -5.704010999646810021 ) ) ;
#3514 = DIRECTION ( 'NONE',  ( 0.03489949670251164121, -0.9993908270190953180, 1.480858017719437516E-16 ) ) ;
#3515 = ORIENTED_EDGE ( 'NONE', *, *, #137, .F. ) ;
#3516 = ORIENTED_EDGE ( 'NONE', *, *, #99, .T. ) ;
#3517 = CARTESIAN_POINT ( 'NONE',  ( -20.99821974771231581, -18.30801366962206345, -4.024677381450840308 ) ) ;
#3518 = CARTESIAN_POINT ( 'NONE',  ( -8.209409824568247416, -34.72653208452003781, -7.102595332359881830 ) ) ;
#3519 = ORIENTED_EDGE ( 'NONE', *, *, #99, .F. ) ;
#3520 = EDGE_LOOP ( 'NONE', ( #3374, #1838, #1807, #2458 ) ) ;
#3521 = CARTESIAN_POINT ( 'NONE',  ( -6.144293759740838468, -7.104698490107488773, -9.640153053515858161 ) ) ;
#3522 = CYLINDRICAL_SURFACE ( 'NONE', #971, 3.500000000000000444 ) ;
#3523 = ADVANCED_FACE ( 'NONE', ( #3266 ), #2746, .T. ) ;
#3524 = ADVANCED_FACE ( 'NONE', ( #1887 ), #178, .F. ) ;
#3525 = LINE ( 'NONE', #2896, #1387 ) ;
#3526 = DIRECTION ( 'NONE',  ( 0.000000000000000000, 1.000000000000000000, 0.000000000000000000 ) ) ;
#3527 = LINE ( 'NONE', #3250, #792 ) ;
#3528 = CARTESIAN_POINT ( 'NONE',  ( -5.279662784722490620, -4.000000000000000000, -6.029601188155564451 ) ) ;
#3529 =( BOUNDED_CURVE ( )  B_SPLINE_CURVE ( 3, ( #2296, #1191, #3449, #284 ),
 .UNSPECIFIED., .F., .T. ) 
 B_SPLINE_CURVE_WITH_KNOTS ( ( 4, 4 ),
 ( 5.182293580863169602, 7.853981633974482790 ),
 .UNSPECIFIED. ) 
 CURVE ( )  GEOMETRIC_REPRESENTATION_ITEM ( )  RATIONAL_B_SPLINE_CURVE ( ( 1.000000000000000000, 0.4885310643640847772, 0.4885310643640847772, 1.000000000000000000 ) ) 
 REPRESENTATION_ITEM ( '' )  );
#3530 = PLANE ( 'NONE',  #1262 ) ;
#3531 = ORIENTED_EDGE ( 'NONE', *, *, #502, .T. ) ;
#3532 = AXIS2_PLACEMENT_3D ( 'NONE', #3242, #3225, #3442 ) ;
#3533 = ORIENTED_EDGE ( 'NONE', *, *, #1985, .F. ) ;
#3534 = CIRCLE ( 'NONE', #1937, 3.000000000000000888 ) ;
#3535 = LINE ( 'NONE', #289, #1412 ) ;
#3536 = PLANE ( 'NONE',  #445 ) ;
#3537 = ORIENTED_EDGE ( 'NONE', *, *, #1532, .T. ) ;
#3538 = ORIENTED_EDGE ( 'NONE', *, *, #2384, .F. ) ;
#3539 = DIRECTION ( 'NONE',  ( -2.919619327894532928E-16, -1.688244063004756192E-31, -1.000000000000000000 ) ) ;
#3540 = PLANE ( 'NONE',  #2265 ) ;
#3541 = CARTESIAN_POINT ( 'NONE',  ( -3.899999999999994582, -79.00000000000001421, -3.200000000000000178 ) ) ;
#3542 = CARTESIAN_POINT ( 'NONE',  ( 20.00000000000000355, -8.673617379884035472E-16, 0.000000000000000000 ) ) ;
#3543 = CARTESIAN_POINT ( 'NONE',  ( -24.99999999999999289, 0.000000000000000000, -3.250000000000037748 ) ) ;
#3544 = DIRECTION ( 'NONE',  ( -1.000000000000000000, 0.000000000000000000, 1.734723475976807587E-16 ) ) ;
#3545 = EDGE_CURVE ( 'NONE', #3190, #3385, #522, .T. ) ;
#3546 = FACE_BOUND ( 'NONE', #2305, .T. ) ;
#3547 = AXIS2_PLACEMENT_3D ( 'NONE', #2467, #2484, #485 ) ;
#3548 = EDGE_CURVE ( 'NONE', #2205, #751, #240, .T. ) ;
#3549 = EDGE_CURVE ( 'NONE', #1121, #1844, #334, .T. ) ;
#3550 = CARTESIAN_POINT ( 'NONE',  ( -2.514943851422230203, -20.84999984682819019, -3.090052010219079381 ) ) ;
#3551 = ORIENTED_EDGE ( 'NONE', *, *, #2344, .T. ) ;
#3552 = EDGE_LOOP ( 'NONE', ( #282, #2423, #2289, #1812 ) ) ;
#3553 =( BOUNDED_CURVE ( )  B_SPLINE_CURVE ( 3, ( #261, #196, #3008, #483 ),
 .UNSPECIFIED., .F., .F. ) 
 B_SPLINE_CURVE_WITH_KNOTS ( ( 4, 4 ),
 ( 1.361356816555587601, 1.431169986635346891 ),
 .UNSPECIFIED. ) 
 CURVE ( )  GEOMETRIC_REPRESENTATION_ITEM ( )  RATIONAL_B_SPLINE_CURVE ( ( 1.000000000000000000, 0.9995938846793972488, 0.9995938846793972488, 1.000000000000000000 ) ) 
 REPRESENTATION_ITEM ( '' )  );
#3554 = CARTESIAN_POINT ( 'NONE',  ( -17.60164981817546348, -89.00000000000001421, -9.015752527708254860 ) ) ;
#3555 = EDGE_LOOP ( 'NONE', ( #2813, #219, #3316, #886 ) ) ;
#3556 = ORIENTED_EDGE ( 'NONE', *, *, #3371, .F. ) ;
#3557 = CARTESIAN_POINT ( 'NONE',  ( -16.12918348404367563, -85.89530150989250501, -12.39158153968558018 ) ) ;
#3558 = CARTESIAN_POINT ( 'NONE',  ( -24.77476090278524268, -1.773952609353323551, -16.99286079770118008 ) ) ;
#3559 = CARTESIAN_POINT ( 'NONE',  ( 6.800000000000000711, 25.00000000000000000, -17.00000000000000355 ) ) ;
#3560 = VERTEX_POINT ( 'NONE', #1930 ) ;
#3561 = DIRECTION ( 'NONE',  ( 0.000000000000000000, 1.000000000000000000, 0.000000000000000000 ) ) ;
#3562 = CARTESIAN_POINT ( 'NONE',  ( 0.000000000000000000, 30.00000000000000000, -17.00000000000000355 ) ) ;
#3563 = DIRECTION ( 'NONE',  ( -0.9781476007338076872, -0.2079116908177498502, 0.000000000000000000 ) ) ;
#3564 = DIRECTION ( 'NONE',  ( -0.9902680687415699179, -0.1391731009600689906, -0.000000000000000000 ) ) ;
#3565 = AXIS2_PLACEMENT_3D ( 'NONE', #1695, #1163, #2311 ) ;
#3566 = VECTOR ( 'NONE', #583, 1000.000000000000114 ) ;
#3567 = LINE ( 'NONE', #183, #1560 ) ;
#3568 = AXIS2_PLACEMENT_3D ( 'NONE', #358, #1220, #1200 ) ;
#3569 = CARTESIAN_POINT ( 'NONE',  ( -13.00611498520307130, -89.00000000000001421, -12.98128220610914774 ) ) ;
#3570 = AXIS2_PLACEMENT_3D ( 'NONE', #3583, #1577, #810 ) ;
#3571 = ORIENTED_EDGE ( 'NONE', *, *, #967, .F. ) ;
#3572 = ORIENTED_EDGE ( 'NONE', *, *, #3138, .T. ) ;
#3573 = ADVANCED_FACE ( 'NONE', ( #1030 ), #541, .F. ) ;
#3574 = ADVANCED_FACE ( 'NONE', ( #1376 ), #2502, .T. ) ;
#3575 = AXIS2_PLACEMENT_3D ( 'NONE', #978, #2358, #452 ) ;
#3576 = CARTESIAN_POINT ( 'NONE',  ( -20.08233461212820004, -85.98977559445899033, -10.92736682372456336 ) ) ;
#3577 = ORIENTED_EDGE ( 'NONE', *, *, #1219, .T. ) ;
#3578 = ORIENTED_EDGE ( 'NONE', *, *, #3435, .F. ) ;
#3579 = CARTESIAN_POINT ( 'NONE',  ( -3.358983848622536073, -24.00000000000000355, -0.000000000000000000 ) ) ;
#3580 = CARTESIAN_POINT ( 'NONE',  ( -0.5959567177606950317, -75.24784168046552679, -8.498165305091994526 ) ) ;
#3581 = LINE ( 'NONE', #1884, #276 ) ;
#3582 = ORIENTED_EDGE ( 'NONE', *, *, #3643, .F. ) ;
#3583 = CARTESIAN_POINT ( 'NONE',  ( 18.00000000000000000, 23.00000000000000000, -3.975047607936268293E-15 ) ) ;
#3584 = CARTESIAN_POINT ( 'NONE',  ( 4.517160185136443573, -89.00000000000000000, -18.80000000000000071 ) ) ;
#3585 = CARTESIAN_POINT ( 'NONE',  ( 17.00000000000000355, 1.734723475976807489E-15, -15.80000000000000071 ) ) ;
#3586 = CARTESIAN_POINT ( 'NONE',  ( -3.738020364344855337E-16, -2.585786437626902856, -18.21421356237309297 ) ) ;
#3587 = CARTESIAN_POINT ( 'NONE',  ( -0.001777275003316675095, -82.46512711762599679, -8.769663805370871756 ) ) ;
#3588 = CARTESIAN_POINT ( 'NONE',  ( -9.316995701405755170, -27.29232423406975627, -10.34512047870643947 ) ) ;
#3589 = VERTEX_POINT ( 'NONE', #2151 ) ;
#3590 = ORIENTED_EDGE ( 'NONE', *, *, #1064, .F. ) ;
#3591 = PRODUCT_DEFINITION_CONTEXT ( 'detailed design', #6, 'design' ) ;
#3592 = PLANE ( 'NONE',  #2206 ) ;
#3593 = EDGE_CURVE ( 'NONE', #3240, #1116, #1709, .T. ) ;
#3594 = ORIENTED_EDGE ( 'NONE', *, *, #2707, .T. ) ;
#3595 = ORIENTED_EDGE ( 'NONE', *, *, #612, .T. ) ;
#3596 = VECTOR ( 'NONE', #2666, 1000.000000000000000 ) ;
#3597 = CARTESIAN_POINT ( 'NONE',  ( -0.1604871792777479711, -56.30945783842167174, -4.371164413746785549 ) ) ;
#3598 = DIRECTION ( 'NONE',  ( -1.000000000000000000, 0.000000000000000000, 0.000000000000000000 ) ) ;
#3599 = EDGE_CURVE ( 'NONE', #2150, #2535, #821, .T. ) ;
#3600 = LINE ( 'NONE', #142, #2562 ) ;
#3601 = EDGE_CURVE ( 'NONE', #3589, #889, #1595, .T. ) ;
#3602 = ORIENTED_EDGE ( 'NONE', *, *, #2161, .T. ) ;
#3603 = DIRECTION ( 'NONE',  ( 1.000000000000000000, 0.000000000000000000, 0.000000000000000000 ) ) ;
#3604 = CARTESIAN_POINT ( 'NONE',  ( -19.13466826877932192, -89.00000000000001421, -6.387924273892649829 ) ) ;
#3605 = CARTESIAN_POINT ( 'NONE',  ( 0.4974691126510177863, -85.89530150989247659, -12.39158153968558196 ) ) ;
#3606 = VECTOR ( 'NONE', #336, 1000.000000000000000 ) ;
#3607 = CYLINDRICAL_SURFACE ( 'NONE', #3270, 1.899999999999999467 ) ;
#3608 = CARTESIAN_POINT ( 'NONE',  ( -18.56794618738432945, -59.24823454209097662, -6.187313213253001543 ) ) ;
#3609 = CARTESIAN_POINT ( 'NONE',  ( 20.00000000000000355, -4.000000000000003553, 18.80000000000000071 ) ) ;
#3610 = ORIENTED_EDGE ( 'NONE', *, *, #3461, .F. ) ;
#3611 = CARTESIAN_POINT ( 'NONE',  ( 0.4974691126510209505, -86.00000000000000000, -9.393409058628293451 ) ) ;
#3612 = CARTESIAN_POINT ( 'NONE',  ( -22.03173459320050753, -89.00000000000001421, -6.387924273892658711 ) ) ;
#3613 = ORIENTED_EDGE ( 'NONE', *, *, #436, .T. ) ;
#3614 = ORIENTED_EDGE ( 'NONE', *, *, #2687, .F. ) ;
#3615 = EDGE_CURVE ( 'NONE', #3183, #454, #3038, .T. ) ;
#3616 = DIRECTION ( 'NONE',  ( -0.000000000000000000, -1.000000000000000000, 0.000000000000000000 ) ) ;
#3617 = CARTESIAN_POINT ( 'NONE',  ( 1.012317501351486904, -76.35938742245353694, -8.026057175910576547 ) ) ;
#3618 = DIRECTION ( 'NONE',  ( 0.000000000000000000, 1.000000000000000000, 0.000000000000000000 ) ) ;
#3619 = EDGE_LOOP ( 'NONE', ( #430, #3519, #2705, #3369, #3257 ) ) ;
#3620 = EDGE_CURVE ( 'NONE', #1326, #845, #3044, .T. ) ;
#3621 = EDGE_CURVE ( 'NONE', #1516, #889, #2144, .T. ) ;
#3622 = LINE ( 'NONE', #1300, #549 ) ;
#3623 = CARTESIAN_POINT ( 'NONE',  ( -15.30875404182143917, -89.00000000000000000, -3.250000000000037748 ) ) ;
#3624 = CARTESIAN_POINT ( 'NONE',  ( -19.81305697840542734, -44.63521902351835990, -6.187313213253005095 ) ) ;
#3625 = CARTESIAN_POINT ( 'NONE',  ( -1.623466631435290353, 0.000000000000000000, -2.495834222360338472 ) ) ;
#3626 = CARTESIAN_POINT ( 'NONE',  ( -19.13466826877932547, -86.00000000000000000, -18.80000000000000071 ) ) ;
#3627 = ORIENTED_EDGE ( 'NONE', *, *, #3025, .F. ) ;
#3628 = CARTESIAN_POINT ( 'NONE',  ( 2.131500956173484784, -76.21044908863881062, 0.000000000000000000 ) ) ;
#3629 = AXIS2_PLACEMENT_3D ( 'NONE', #3458, #1419, #73 ) ;
#3630 = AXIS2_PLACEMENT_3D ( 'NONE', #3291, #1874, #3011 ) ;
#3631 = VECTOR ( 'NONE', #1272, 1000.000000000000000 ) ;
#3632 = CARTESIAN_POINT ( 'NONE',  ( -20.66090989653016408, -89.00000000000002842, -10.33435664517343255 ) ) ;
#3633 = VERTEX_POINT ( 'NONE', #3345 ) ;
#3634 = VERTEX_POINT ( 'NONE', #3562 ) ;
#3635 = VECTOR ( 'NONE', #2424, 1000.000000000000000 ) ;
#3636 = AXIS2_PLACEMENT_3D ( 'NONE', #1691, #1653, #2779 ) ;
#3637 = CYLINDRICAL_SURFACE ( 'NONE', #1459, 7.000000000000002665 ) ;
#3638 = CARTESIAN_POINT ( 'NONE',  ( -22.80870853911706320, -2.986144929988135743, -17.81385507001185431 ) ) ;
#3639 = LINE ( 'NONE', #2224, #3400 ) ;
#3640 = ORIENTED_EDGE ( 'NONE', *, *, #3486, .T. ) ;
#3641 = CARTESIAN_POINT ( 'NONE',  ( -6.672385936354765512, -25.24573897985067106, -3.294796863510797369 ) ) ;
#3642 = CARTESIAN_POINT ( 'NONE',  ( -22.79712323634668891, -18.37083276368657891, -6.187313213253007760 ) ) ;
#3643 = EDGE_CURVE ( 'NONE', #641, #3015, #3553, .T. ) ;
#3644 = EDGE_CURVE ( 'NONE', #8, #2441, #1031, .T. ) ;
#3645 = CARTESIAN_POINT ( 'NONE',  ( -24.90802882180468458, -6.633709953528220460, -3.250000000000037748 ) ) ;
#3646 = CARTESIAN_POINT ( 'NONE',  ( 1.907122002356806512, -79.87390299974559582, -7.856837298362206568 ) ) ;
#3647 = DIRECTION ( 'NONE',  ( 0.000000000000000000, 0.000000000000000000, 1.000000000000000000 ) ) ;
#3648 = EDGE_CURVE ( 'NONE', #1844, #3245, #2171, .T. ) ;
#3649 = ORIENTED_EDGE ( 'NONE', *, *, #2981, .F. ) ;
#3650 = DIRECTION ( 'NONE',  ( -0.1391731009600688795, 0.9902680687415698069, 0.000000000000000000 ) ) ;
#3651 = CARTESIAN_POINT ( 'NONE',  ( -23.44037524886270418, -48.66180939985822107, -3.250000000000037748 ) ) ;
#3652 = ORIENTED_EDGE ( 'NONE', *, *, #1218, .F. ) ;
#3653 = ORIENTED_EDGE ( 'NONE', *, *, #1866, .F. ) ;
#3654 =( BOUNDED_CURVE ( )  B_SPLINE_CURVE ( 3, ( #1952, #795, #3624, #1090 ),
 .UNSPECIFIED., .F., .T. ) 
 B_SPLINE_CURVE_WITH_KNOTS ( ( 4, 4 ),
 ( 3.785093762383091143, 4.415524637917060957 ),
 .UNSPECIFIED. ) 
 CURVE ( )  GEOMETRIC_REPRESENTATION_ITEM ( )  RATIONAL_B_SPLINE_CURVE ( ( 1.000000000000000000, 0.9671530737873146322, 0.9671530737873146322, 1.000000000000000000 ) ) 
 REPRESENTATION_ITEM ( '' )  );
#3655 = DIRECTION ( 'NONE',  ( 0.000000000000000000, -1.000000000000000000, 1.230300337572203386E-16 ) ) ;
#3656 = CARTESIAN_POINT ( 'NONE',  ( -24.82944265216858071, -6.917802365136614284, -4.845814852056287592 ) ) ;
#3657 = CARTESIAN_POINT ( 'NONE',  ( -3.626425419873247069, -56.79656369178191966, -4.371164413746784660 ) ) ;
#3658 = ORIENTED_EDGE ( 'NONE', *, *, #10, .F. ) ;
#3659 = CIRCLE ( 'NONE', #992, 40.00000000000000000 ) ;
ENDSEC;
END-ISO-10303-21;
