ISO-10303-21;
HEADER;
FILE_DESCRIPTION (( 'STEP AP214' ),
    '1' );
FILE_NAME ('LQ26-05HGI-01-003.STEP',
    '2026-05-07T08:55:11',
    ( '' ),
    ( '' ),
    'SwSTEP 2.0',
    'SolidWorks 2025',
    '' );
FILE_SCHEMA (( 'AUTOMOTIVE_DESIGN' ));
ENDSEC;

DATA;
#1 = CARTESIAN_POINT ( 'NONE',  ( -7.119124914398328792E-16, 3.000000000000003553, -4.000000000000000000 ) ) ;
#2 = ADVANCED_FACE ( 'NONE', ( #5045 ), #712, .F. ) ;
#3 = CARTESIAN_POINT ( 'NONE',  ( -27.50000000000000000, 4.500000000000000888, -10.00000000000000000 ) ) ;
#4 = CARTESIAN_POINT ( 'NONE',  ( 11.45341433092484529, 4.825834261322614616, -7.424165738677389825 ) ) ;
#5 = AXIS2_PLACEMENT_3D ( 'NONE', #813, #1978, #4825 ) ;
#6 = VERTEX_POINT ( 'NONE', #340 ) ;
#7 = ADVANCED_FACE ( 'NONE', ( #2318 ), #3905, .F. ) ;
#8 = EDGE_LOOP ( 'NONE', ( #4845, #1704, #3897, #2479, #3783, #4401, #4067 ) ) ;
#9 = CARTESIAN_POINT ( 'NONE',  ( 9.000000000000000000, 3.000000000000005329, 6.000000000000000000 ) ) ;
#10 = CONICAL_SURFACE ( 'NONE', #3912, 0.4999999999999856781, 0.7853981633974482790 ) ;
#11 = CARTESIAN_POINT ( 'NONE',  ( 28.86304900353958658, -12.42546165798074753, 4.900000000000000355 ) ) ;
#12 = EDGE_LOOP ( 'NONE', ( #3159, #3173, #4554, #3914 ) ) ;
#13 = ORIENTED_EDGE ( 'NONE', *, *, #1751, .T. ) ;
#14 = EDGE_CURVE ( 'NONE', #4454, #2872, #1152, .T. ) ;
#15 = ADVANCED_FACE ( 'NONE', ( #4421 ), #303, .F. ) ;
#16 = CARTESIAN_POINT ( 'NONE',  ( -15.00000000000000000, 1.171572875253819923, 4.000000000000000000 ) ) ;
#17 = VECTOR ( 'NONE', #3175, 1000.000000000000000 ) ;
#18 = CARTESIAN_POINT ( 'NONE',  ( 25.41622186799687100, -11.81769303614650113, 4.900000000000000355 ) ) ;
#19 = FACE_OUTER_BOUND ( 'NONE', #1246, .T. ) ;
#20 = ORIENTED_EDGE ( 'NONE', *, *, #508, .F. ) ;
#21 = AXIS2_PLACEMENT_3D ( 'NONE', #4077, #1243, #1350 ) ;
#22 = VECTOR ( 'NONE', #1493, 1000.000000000000000 ) ;
#23 = LINE ( 'NONE', #4366, #3792 ) ;
#24 = TOROIDAL_SURFACE ( 'NONE', #4919, 1.000000000000000000, 1.000000000000000000 ) ;
#25 = ORIENTED_EDGE ( 'NONE', *, *, #3370, .T. ) ;
#26 = CARTESIAN_POINT ( 'NONE',  ( -0.2409053476265977101, 3.999999999992763122, 7.940391665668893317 ) ) ;
#27 = ORIENTED_EDGE ( 'NONE', *, *, #3616, .T. ) ;
#28 = CIRCLE ( 'NONE', #2026, 2.049999999999999822 ) ;
#29 = CARTESIAN_POINT ( 'NONE',  ( -27.50000000000000000, -4.499999999999993783, 4.000000000000000000 ) ) ;
#30 = AXIS2_PLACEMENT_3D ( 'NONE', #3247, #1767, #4880 ) ;
#31 = LINE ( 'NONE', #3184, #56 ) ;
#32 = CARTESIAN_POINT ( 'NONE',  ( -1.968265003351808762, 0.5791108841008835162, -2.612950820507784933 ) ) ;
#33 = EDGE_CURVE ( 'NONE', #190, #67, #31, .T. ) ;
#34 = ORIENTED_EDGE ( 'NONE', *, *, #4770, .T. ) ;
#35 = CARTESIAN_POINT ( 'NONE',  ( 0.000000000000000000, 0.000000000000000000, -2.099999999999999645 ) ) ;
#36 = DIRECTION ( 'NONE',  ( 0.000000000000000000, 0.000000000000000000, 1.000000000000000000 ) ) ;
#37 = EDGE_LOOP ( 'NONE', ( #3154, #3538, #2119, #2389 ) ) ;
#38 = ADVANCED_FACE ( 'NONE', ( #1984 ), #55, .F. ) ;
#39 = ORIENTED_EDGE ( 'NONE', *, *, #2239, .T. ) ;
#40 = CARTESIAN_POINT ( 'NONE',  ( 18.00000000000000355, 4.000000000000007105, 3.000000000000000000 ) ) ;
#41 = DIRECTION ( 'NONE',  ( -1.000000000000000000, -1.892425610156517122E-16, -8.673617379884035472E-17 ) ) ;
#42 = DIRECTION ( 'NONE',  ( 1.892425610156516875E-16, -1.000000000000000000, 0.000000000000000000 ) ) ;
#43 = VECTOR ( 'NONE', #3728, 1000.000000000000227 ) ;
#44 = EDGE_CURVE ( 'NONE', #4907, #3141, #2052, .T. ) ;
#45 = EDGE_CURVE ( 'NONE', #4444, #1368, #2715, .T. ) ;
#46 = ORIENTED_EDGE ( 'NONE', *, *, #4240, .F. ) ;
#47 = DIRECTION ( 'NONE',  ( -1.892425610156517122E-16, 1.000000000000000000, 0.000000000000000000 ) ) ;
#48 = DIRECTION ( 'NONE',  ( 0.000000000000000000, 0.000000000000000000, -1.000000000000000000 ) ) ;
#49 = LINE ( 'NONE', #1662, #4737 ) ;
#50 = ORIENTED_EDGE ( 'NONE', *, *, #3669, .F. ) ;
#51 = CARTESIAN_POINT ( 'NONE',  ( -0.2065233688576432747, 4.000000000000001776, 7.880764232261222801 ) ) ;
#52 = ORIENTED_EDGE ( 'NONE', *, *, #361, .F. ) ;
#53 = CIRCLE ( 'NONE', #2126, 2.000000000000000000 ) ;
#54 = CARTESIAN_POINT ( 'NONE',  ( 10.49999999999999822, 3.000000000000008438, 10.00000000000000000 ) ) ;
#55 = PLANE ( 'NONE',  #1638 ) ;
#56 = VECTOR ( 'NONE', #1624, 1000.000000000000114 ) ;
#57 = DIRECTION ( 'NONE',  ( -0.000000000000000000, -0.000000000000000000, 1.000000000000000000 ) ) ;
#58 = ORIENTED_EDGE ( 'NONE', *, *, #1378, .F. ) ;
#59 = CARTESIAN_POINT ( 'NONE',  ( 0.000000000000000000, 0.000000000000000000, 8.000000000000000000 ) ) ;
#60 = ORIENTED_EDGE ( 'NONE', *, *, #881, .T. ) ;
#61 = ORIENTED_EDGE ( 'NONE', *, *, #1095, .F. ) ;
#62 = CARTESIAN_POINT ( 'NONE',  ( 11.82287565553230024, -4.499999999999992006, 7.749999999999998224 ) ) ;
#63 = EDGE_CURVE ( 'NONE', #3377, #2786, #3210, .T. ) ;
#64 = CARTESIAN_POINT ( 'NONE',  ( 27.50000000000000000, -4.499999999999988454, -7.749999999999999112 ) ) ;
#65 = PLANE ( 'NONE',  #4252 ) ;
#66 = CYLINDRICAL_SURFACE ( 'NONE', #2752, 1.000000000000000000 ) ;
#67 = VERTEX_POINT ( 'NONE', #1696 ) ;
#68 = EDGE_CURVE ( 'NONE', #4204, #3985, #1647, .T. ) ;
#69 = LINE ( 'NONE', #538, #4828 ) ;
#70 = CARTESIAN_POINT ( 'NONE',  ( -24.40000000000000213, -3.796405077356793932E-16, 5.799999999999999822 ) ) ;
#71 = LINE ( 'NONE', #4760, #2743 ) ;
#72 = VERTEX_POINT ( 'NONE', #4470 ) ;
#73 = DIRECTION ( 'NONE',  ( 1.000000000000000000, 0.000000000000000000, 0.000000000000000000 ) ) ;
#74 = VERTEX_POINT ( 'NONE', #3 ) ;
#75 = CARTESIAN_POINT ( 'NONE',  ( -30.59999999999999787, 0.000000000000000000, 5.799999999999999822 ) ) ;
#76 = EDGE_CURVE ( 'NONE', #2982, #4454, #1593, .T. ) ;
#77 = CARTESIAN_POINT ( 'NONE',  ( 18.00000000000000355, 4.000000000000006217, -4.000000000000000000 ) ) ;
#78 = CARTESIAN_POINT ( 'NONE',  ( -3.749999999999984457, -4.999999999999996447, -6.000000000000000000 ) ) ;
#79 = AXIS2_PLACEMENT_3D ( 'NONE', #1877, #1495, #3547 ) ;
#80 = ORIENTED_EDGE ( 'NONE', *, *, #3911, .F. ) ;
#81 = PLANE ( 'NONE',  #4114 ) ;
#82 = ORIENTED_EDGE ( 'NONE', *, *, #3635, .F. ) ;
#83 = EDGE_LOOP ( 'NONE', ( #4851, #4550, #794, #491 ) ) ;
#84 = CARTESIAN_POINT ( 'NONE',  ( 30.04999999999998650, 0.000000000000000000, -7.749999999999999112 ) ) ;
#85 = DIRECTION ( 'NONE',  ( -1.000000000000000000, -1.892425610156517122E-16, 8.673617379884035472E-17 ) ) ;
#86 = AXIS2_PLACEMENT_3D ( 'NONE', #3971, #4323, #4275 ) ;
#87 = LINE ( 'NONE', #1633, #3926 ) ;
#88 = DIRECTION ( 'NONE',  ( -1.000000000000000000, 0.000000000000000000, 0.000000000000000000 ) ) ;
#89 = ORIENTED_EDGE ( 'NONE', *, *, #4871, .T. ) ;
#90 = ADVANCED_FACE ( 'NONE', ( #105 ), #3291, .F. ) ;
#91 = VECTOR ( 'NONE', #3924, 1000.000000000000000 ) ;
#92 = LINE ( 'NONE', #3271, #2850 ) ;
#93 = FACE_OUTER_BOUND ( 'NONE', #5064, .T. ) ;
#94 = CARTESIAN_POINT ( 'NONE',  ( -25.30000000000000071, 0.000000000000000000, -4.000000000000000000 ) ) ;
#95 = DIRECTION ( 'NONE',  ( -0.1736481776669276667, -0.9848077530122085754, -0.000000000000000000 ) ) ;
#96 = ORIENTED_EDGE ( 'NONE', *, *, #423, .T. ) ;
#97 = CIRCLE ( 'NONE', #1263, 2.000000000000000000 ) ;
#98 = LINE ( 'NONE', #4136, #4426 ) ;
#99 = AXIS2_PLACEMENT_3D ( 'NONE', #3557, #4303, #4255 ) ;
#100 = ORIENTED_EDGE ( 'NONE', *, *, #63, .T. ) ;
#101 = AXIS2_PLACEMENT_3D ( 'NONE', #54, #4517, #1646 ) ;
#102 = ADVANCED_FACE ( 'NONE', ( #3987 ), #2878, .F. ) ;
#103 = AXIS2_PLACEMENT_3D ( 'NONE', #3341, #2172, #535 ) ;
#104 = CIRCLE ( 'NONE', #776, 1.000000000000000888 ) ;
#105 = FACE_OUTER_BOUND ( 'NONE', #3901, .T. ) ;
#106 = CIRCLE ( 'NONE', #3847, 5.000000000000000888 ) ;
#107 = CARTESIAN_POINT ( 'NONE',  ( -1.848600501787766470, 0.8901138971988886706, -2.600010171831767192 ) ) ;
#108 = AXIS2_PLACEMENT_3D ( 'NONE', #3313, #1262, #3265 ) ;
#109 = EDGE_CURVE ( 'NONE', #2338, #3876, #4449, .T. ) ;
#110 = ADVANCED_FACE ( 'NONE', ( #4835 ), #421, .F. ) ;
#111 = AXIS2_PLACEMENT_3D ( 'NONE', #1119, #2309, #3376 ) ;
#112 = ORIENTED_EDGE ( 'NONE', *, *, #1819, .T. ) ;
#113 = CARTESIAN_POINT ( 'NONE',  ( -50.00000000000000000, 4.499999999999989342, 4.000000000000000000 ) ) ;
#114 = CARTESIAN_POINT ( 'NONE',  ( 27.50000000000000000, 0.000000000000000000, 7.749999999999999112 ) ) ;
#115 = VERTEX_POINT ( 'NONE', #2813 ) ;
#116 = VERTEX_POINT ( 'NONE', #873 ) ;
#117 = CARTESIAN_POINT ( 'NONE',  ( -30.59999999999999787, 0.000000000000000000, 9.499999999999991118 ) ) ;
#118 = DIRECTION ( 'NONE',  ( -1.000000000000000000, 0.000000000000000000, 0.000000000000000000 ) ) ;
#119 = DIRECTION ( 'NONE',  ( -1.000000000000000000, 0.000000000000000000, 0.000000000000000000 ) ) ;
#120 = VERTEX_POINT ( 'NONE', #77 ) ;
#121 = DIRECTION ( 'NONE',  ( -1.000000000000000000, -1.892425610156517122E-16, -0.000000000000000000 ) ) ;
#122 = DIRECTION ( 'NONE',  ( -0.000000000000000000, -0.000000000000000000, 1.000000000000000000 ) ) ;
#123 = CIRCLE ( 'NONE', #5021, 0.9999999999999991118 ) ;
#124 = FACE_OUTER_BOUND ( 'NONE', #3346, .T. ) ;
#125 = EDGE_LOOP ( 'NONE', ( #293, #2404, #3934, #4045, #1524, #1396 ) ) ;
#126 = DIRECTION ( 'NONE',  ( 1.652117596168388495E-16, -1.000000000000000000, -0.000000000000000000 ) ) ;
#127 = ORIENTED_EDGE ( 'NONE', *, *, #1125, .F. ) ;
#128 = CARTESIAN_POINT ( 'NONE',  ( -1.883336968243628728, 0.8139287261368250981, -2.602401900430535431 ) ) ;
#129 = CARTESIAN_POINT ( 'NONE',  ( 18.00000000000000355, 4.000000000000007105, -3.000000000000000000 ) ) ;
#130 = EDGE_CURVE ( 'NONE', #2960, #919, #1305, .T. ) ;
#131 = VECTOR ( 'NONE', #413, 1000.000000000000114 ) ;
#132 = CARTESIAN_POINT ( 'NONE',  ( -1.955882352941172853, 1.043137254901970845, -2.433333333333334902 ) ) ;
#133 = DIRECTION ( 'NONE',  ( -1.000000000000000000, 0.000000000000000000, 0.000000000000000000 ) ) ;
#134 = AXIS2_PLACEMENT_3D ( 'NONE', #3525, #4717, #2741 ) ;
#135 = VERTEX_POINT ( 'NONE', #4860 ) ;
#136 = FACE_BOUND ( 'NONE', #3726, .T. ) ;
#137 = CARTESIAN_POINT ( 'NONE',  ( -8.499999999999996447, 4.000000000000001776, 6.000000000000000000 ) ) ;
#138 = EDGE_CURVE ( 'NONE', #2013, #4356, #2422, .T. ) ;
#139 = EDGE_CURVE ( 'NONE', #2279, #2570, #1283, .T. ) ;
#140 = ORIENTED_EDGE ( 'NONE', *, *, #3003, .F. ) ;
#141 = EDGE_LOOP ( 'NONE', ( #1347, #3969 ) ) ;
#142 = DIRECTION ( 'NONE',  ( -1.892425610156517122E-16, 1.000000000000000000, -0.000000000000000000 ) ) ;
#143 = EDGE_CURVE ( 'NONE', #1465, #545, #2457, .T. ) ;
#144 = CARTESIAN_POINT ( 'NONE',  ( 27.50000000000000355, 0.000000000000000000, 4.900000000000000355 ) ) ;
#145 = CARTESIAN_POINT ( 'NONE',  ( -27.50000000000000000, 4.500000000000000888, -10.00000000000000000 ) ) ;
#146 = ORIENTED_EDGE ( 'NONE', *, *, #3038, .F. ) ;
#147 = CARTESIAN_POINT ( 'NONE',  ( -6.249999999999998224, 4.000000000000002665, -6.000000000000000000 ) ) ;
#148 = CARTESIAN_POINT ( 'NONE',  ( 27.56622186799686958, -11.81769303614650113, 4.900000000000000355 ) ) ;
#149 = DIRECTION ( 'NONE',  ( -0.000000000000000000, -0.000000000000000000, -1.000000000000000000 ) ) ;
#150 = ORIENTED_EDGE ( 'NONE', *, *, #4084, .T. ) ;
#151 = DIRECTION ( 'NONE',  ( 0.000000000000000000, 0.7071067811865493491, 0.7071067811865456854 ) ) ;
#152 = ORIENTED_EDGE ( 'NONE', *, *, #844, .T. ) ;
#153 = CARTESIAN_POINT ( 'NONE',  ( -1.968550602720192222, -0.5781902296161659516, -2.612996644681526259 ) ) ;
#154 = CARTESIAN_POINT ( 'NONE',  ( -9.499999999999996447, 4.000000000000001776, 6.000000000000000000 ) ) ;
#155 = EDGE_CURVE ( 'NONE', #3832, #578, #2110, .T. ) ;
#156 = CARTESIAN_POINT ( 'NONE',  ( 6.750000000000002665, -4.999999999999994671, -6.000000000000000000 ) ) ;
#157 = CARTESIAN_POINT ( 'NONE',  ( 1.908258683417895618, 4.000000000000002665, 7.720843053015562951 ) ) ;
#158 = ORIENTED_EDGE ( 'NONE', *, *, #1448, .T. ) ;
#159 = DIRECTION ( 'NONE',  ( 0.000000000000000000, 1.000000000000000000, 0.000000000000000000 ) ) ;
#160 = CARTESIAN_POINT ( 'NONE',  ( 10.00000000000000178, -4.499999999999979572, 5.000000000000000000 ) ) ;
#161 = VERTEX_POINT ( 'NONE', #4981 ) ;
#162 = ORIENTED_EDGE ( 'NONE', *, *, #519, .F. ) ;
#163 = EDGE_CURVE ( 'NONE', #592, #2035, #4938, .T. ) ;
#164 = AXIS2_PLACEMENT_3D ( 'NONE', #2626, #4215, #3537 ) ;
#165 = DIRECTION ( 'NONE',  ( 1.000000000000000000, 0.000000000000000000, 0.000000000000000000 ) ) ;
#166 = CARTESIAN_POINT ( 'NONE',  ( 11.00000000000000178, -4.999999999999993783, 6.000000000000000000 ) ) ;
#167 = VECTOR ( 'NONE', #414, 1000.000000000000000 ) ;
#168 = DIRECTION ( 'NONE',  ( 0.000000000000000000, 0.000000000000000000, 1.000000000000000000 ) ) ;
#169 = ORIENTED_EDGE ( 'NONE', *, *, #3668, .F. ) ;
#170 = ADVANCED_FACE ( 'NONE', ( #941 ), #3501, .F. ) ;
#171 = CARTESIAN_POINT ( 'NONE',  ( 4.750000000000002665, -4.499999999999980460, -4.099999999999999645 ) ) ;
#172 = LINE ( 'NONE', #1037, #1521 ) ;
#173 = DIRECTION ( 'NONE',  ( 0.000000000000000000, 0.000000000000000000, -1.000000000000000000 ) ) ;
#174 = DIRECTION ( 'NONE',  ( 0.000000000000000000, 0.000000000000000000, -1.000000000000000000 ) ) ;
#175 = FACE_OUTER_BOUND ( 'NONE', #792, .T. ) ;
#176 = ORIENTED_EDGE ( 'NONE', *, *, #262, .T. ) ;
#177 = AXIS2_PLACEMENT_3D ( 'NONE', #4437, #2097, #2930 ) ;
#178 = CARTESIAN_POINT ( 'NONE',  ( -2.039905066166886716, -0.2074551193216120915, -2.627784649991096622 ) ) ;
#179 = VECTOR ( 'NONE', #4779, 1000.000000000000000 ) ;
#180 = CARTESIAN_POINT ( 'NONE',  ( -24.40000000000000213, -3.796405077356794918E-16, 9.499999999999991118 ) ) ;
#181 = AXIS2_PLACEMENT_3D ( 'NONE', #166, #4512, #2095 ) ;
#182 = PRODUCT_DEFINITION_FORMATION_WITH_SPECIFIED_SOURCE ( '对称', '', #256, .NOT_KNOWN. ) ;
#183 = DIRECTION ( 'NONE',  ( -1.892425610156517122E-16, 1.000000000000000000, -0.000000000000000000 ) ) ;
#184 = LINE ( 'NONE', #4988, #4832 ) ;
#185 = AXIS2_PLACEMENT_3D ( 'NONE', #4009, #1621, #73 ) ;
#186 = EDGE_LOOP ( 'NONE', ( #2705, #1400, #3332, #655 ) ) ;
#187 = PLANE ( 'NONE',  #4996 ) ;
#188 = AXIS2_PLACEMENT_3D ( 'NONE', #2733, #3435, #1516 ) ;
#189 = VECTOR ( 'NONE', #1787, 1000.000000000000114 ) ;
#190 = VERTEX_POINT ( 'NONE', #3457 ) ;
#191 = AXIS2_PLACEMENT_3D ( 'NONE', #559, #1653, #882 ) ;
#192 = DIRECTION ( 'NONE',  ( -1.000000000000000000, 0.000000000000000000, 0.000000000000000000 ) ) ;
#193 = VECTOR ( 'NONE', #4060, 1000.000000000000114 ) ;
#194 = CARTESIAN_POINT ( 'NONE',  ( -41.41442037161814937, 6.369350770655441529, -2.649999999999999911 ) ) ;
#195 = EDGE_CURVE ( 'NONE', #4198, #480, #1463, .T. ) ;
#196 = CARTESIAN_POINT ( 'NONE',  ( 27.50000000000000000, 0.000000000000000000, 4.899999999999999467 ) ) ;
#197 = VERTEX_POINT ( 'NONE', #2336 ) ;
#198 = DIRECTION ( 'NONE',  ( 0.000000000000000000, 0.000000000000000000, -1.000000000000000000 ) ) ;
#199 = CARTESIAN_POINT ( 'NONE',  ( -12.58578643762692195, 4.414213562373095812, 4.500000000000007105 ) ) ;
#200 = CARTESIAN_POINT ( 'NONE',  ( -2.249999999999998668, 4.000000000000003553, -1.099999999999999423 ) ) ;
#201 = DIRECTION ( 'NONE',  ( 1.000000000000000000, 0.000000000000000000, 0.000000000000000000 ) ) ;
#202 = ADVANCED_FACE ( 'NONE', ( #2703 ), #5060, .T. ) ;
#203 = ADVANCED_FACE ( 'NONE', ( #3046 ), #1871, .F. ) ;
#204 = CARTESIAN_POINT ( 'NONE',  ( -7.499999999999996447, 3.000000000000002220, -6.000000000000000000 ) ) ;
#205 = ORIENTED_EDGE ( 'NONE', *, *, #1548, .T. ) ;
#206 = CARTESIAN_POINT ( 'NONE',  ( -2.514913194624335269, -0.7192122372330328473, -2.117328859555541509 ) ) ;
#207 = ADVANCED_BREP_SHAPE_REPRESENTATION ( 'LQ26-05HGI-01-003', ( #1752, #3673 ), #4671 ) ;
#208 = CARTESIAN_POINT ( 'NONE',  ( 7.999999999999998224, 4.000000000000005329, 7.000000000000000000 ) ) ;
#209 = ORIENTED_EDGE ( 'NONE', *, *, #519, .T. ) ;
#210 = DIRECTION ( 'NONE',  ( 8.673617379884035472E-17, 1.641417566239121864E-32, -1.000000000000000000 ) ) ;
#211 = CARTESIAN_POINT ( 'NONE',  ( 27.50000000000000000, 0.000000000000000000, 7.249999999999996447 ) ) ;
#212 = ORIENTED_EDGE ( 'NONE', *, *, #231, .F. ) ;
#213 = DIRECTION ( 'NONE',  ( 0.000000000000000000, 0.000000000000000000, -1.000000000000000000 ) ) ;
#214 = ORIENTED_EDGE ( 'NONE', *, *, #4897, .F. ) ;
#215 = VECTOR ( 'NONE', #3956, 1000.000000000000000 ) ;
#216 = DIRECTION ( 'NONE',  ( 0.000000000000000000, 0.7071067811865474617, 0.7071067811865474617 ) ) ;
#217 = LINE ( 'NONE', #1295, #1608 ) ;
#218 = ORIENTED_EDGE ( 'NONE', *, *, #1957, .T. ) ;
#219 = ADVANCED_FACE ( 'NONE', ( #3820 ), #1144, .T. ) ;
#220 = DIRECTION ( 'NONE',  ( 1.000000000000000000, 0.000000000000000000, 0.000000000000000000 ) ) ;
#221 = DIRECTION ( 'NONE',  ( -1.000000000000000000, 3.469446951953613400E-15, 0.000000000000000000 ) ) ;
#222 = DIRECTION ( 'NONE',  ( 1.000000000000000000, 0.000000000000000000, 0.000000000000000000 ) ) ;
#223 = CARTESIAN_POINT ( 'NONE',  ( 8.000000000000001776, -4.499999999999979572, 8.000000000000000000 ) ) ;
#224 = DIRECTION ( 'NONE',  ( -0.000000000000000000, -0.000000000000000000, 1.000000000000000000 ) ) ;
#225 = EDGE_LOOP ( 'NONE', ( #393, #25, #1577, #1500 ) ) ;
#226 = EDGE_CURVE ( 'NONE', #2429, #635, #3509, .T. ) ;
#227 = CARTESIAN_POINT ( 'NONE',  ( -1.943166455133505499, 0.6584406401850463331, -2.608868344421867214 ) ) ;
#228 = CARTESIAN_POINT ( 'NONE',  ( 24.95000000000000284, 0.000000000000000000, 7.749999999999999112 ) ) ;
#229 = ORIENTED_EDGE ( 'NONE', *, *, #329, .T. ) ;
#230 = ADVANCED_FACE ( 'NONE', ( #2256 ), #1635, .F. ) ;
#231 = EDGE_CURVE ( 'NONE', #4044, #592, #4703, .T. ) ;
#232 = PLANE ( 'NONE',  #606 ) ;
#233 = CARTESIAN_POINT ( 'NONE',  ( 11.00000000000000178, -4.499999999999979572, -5.000000000000000000 ) ) ;
#234 = EDGE_LOOP ( 'NONE', ( #2932, #1064, #2005, #4119 ) ) ;
#235 = CARTESIAN_POINT ( 'NONE',  ( -2.645751311064588496, 4.000000000000002665, 7.000000000000000000 ) ) ;
#236 = ORIENTED_EDGE ( 'NONE', *, *, #2803, .F. ) ;
#237 = ORIENTED_EDGE ( 'NONE', *, *, #2947, .F. ) ;
#238 = DIRECTION ( 'NONE',  ( 0.000000000000000000, 0.000000000000000000, 1.000000000000000000 ) ) ;
#239 = DIRECTION ( 'NONE',  ( 1.000000000000000000, 0.000000000000000000, 0.000000000000000000 ) ) ;
#240 = CARTESIAN_POINT ( 'NONE',  ( -1.481264833358141075, 4.000000000000002665, 7.238316814285773226 ) ) ;
#241 = CIRCLE ( 'NONE', #4068, 1.000000000000000000 ) ;
#242 = ORIENTED_EDGE ( 'NONE', *, *, #1096, .T. ) ;
#243 = FACE_OUTER_BOUND ( 'NONE', #2600, .T. ) ;
#244 = VECTOR ( 'NONE', #1588, 1000.000000000000000 ) ;
#245 = DIRECTION ( 'NONE',  ( -0.000000000000000000, -0.000000000000000000, 1.000000000000000000 ) ) ;
#246 = SURFACE_SIDE_STYLE ('',( #1946 ) ) ;
#247 = DIRECTION ( 'NONE',  ( 1.000000000000000000, 1.892425610156517122E-16, 0.000000000000000000 ) ) ;
#248 = ADVANCED_FACE ( 'NONE', ( #284, #1489 ), #251, .F. ) ;
#249 = ORIENTED_EDGE ( 'NONE', *, *, #2549, .T. ) ;
#250 = DIRECTION ( 'NONE',  ( -0.000000000000000000, -1.000000000000000000, -0.000000000000000000 ) ) ;
#251 = PLANE ( 'NONE',  #2543 ) ;
#252 = PLANE ( 'NONE',  #4233 ) ;
#253 = ORIENTED_EDGE ( 'NONE', *, *, #2559, .T. ) ;
#254 = EDGE_CURVE ( 'NONE', #4416, #4368, #1951, .T. ) ;
#255 = ORIENTED_EDGE ( 'NONE', *, *, #2402, .F. ) ;
#256 = PRODUCT ( 'LQ26-05HGI-01-003', 'LQ26-05HGI-01-003', '', ( #461 ) ) ;
#257 = CIRCLE ( 'NONE', #4494, 1.000000000000000000 ) ;
#258 = DIRECTION ( 'NONE',  ( -0.000000000000000000, -0.000000000000000000, 1.000000000000000000 ) ) ;
#259 = CARTESIAN_POINT ( 'NONE',  ( 20.50000000000001421, -4.999999999999992006, 3.000000000000000000 ) ) ;
#260 = ORIENTED_EDGE ( 'NONE', *, *, #3798, .T. ) ;
#261 = CARTESIAN_POINT ( 'NONE',  ( -2.249999999999996891, -4.499999999999982236, -4.099999999999999645 ) ) ;
#262 = EDGE_CURVE ( 'NONE', #1630, #2200, #308, .T. ) ;
#263 = EDGE_CURVE ( 'NONE', #1465, #316, #280, .T. ) ;
#264 = COLOUR_RGB ( '',0.7921568627450980005, 0.8196078431372548767, 0.9333333333333333481 ) ;
#265 = AXIS2_PLACEMENT_3D ( 'NONE', #2883, #3244, #832 ) ;
#266 = ORIENTED_EDGE ( 'NONE', *, *, #3410, .F. ) ;
#267 = CIRCLE ( 'NONE', #2840, 3.099999999999998757 ) ;
#268 = CIRCLE ( 'NONE', #4584, 4.500000000000000888 ) ;
#269 = ORIENTED_EDGE ( 'NONE', *, *, #2973, .F. ) ;
#270 = DIRECTION ( 'NONE',  ( 0.1736481776669270838, 0.9848077530122086864, 0.000000000000000000 ) ) ;
#271 = AXIS2_PLACEMENT_3D ( 'NONE', #1882, #4613, #239 ) ;
#272 = CARTESIAN_POINT ( 'NONE',  ( -10.00000000000001243, -4.999999999999997335, -6.000000000000000000 ) ) ;
#273 = DIRECTION ( 'NONE',  ( -0.7071067811865459074, -0.7071067811865491270, -0.000000000000000000 ) ) ;
#274 = AXIS2_PLACEMENT_3D ( 'NONE', #156, #3803, #3304 ) ;
#275 = ORIENTED_EDGE ( 'NONE', *, *, #3706, .F. ) ;
#276 = VECTOR ( 'NONE', #3896, 1000.000000000000114 ) ;
#277 = DIRECTION ( 'NONE',  ( -0.000000000000000000, -0.000000000000000000, 1.000000000000000000 ) ) ;
#278 = CARTESIAN_POINT ( 'NONE',  ( 11.82287565553230202, -4.499999999999991118, -7.749999999999998224 ) ) ;
#279 = DIRECTION ( 'NONE',  ( -0.000000000000000000, -0.000000000000000000, 1.000000000000000000 ) ) ;
#280 = B_SPLINE_CURVE_WITH_KNOTS ( 'NONE', 3,
 ( #5013, #3536, #4651, #4285 ),
 .UNSPECIFIED., .F., .F.,
 ( 4, 4 ),
 ( 0.000000000000000000, 1.000000000000000000 ),
 .UNSPECIFIED. ) ;
#281 = DIRECTION ( 'NONE',  ( 1.000000000000000000, 0.000000000000000000, 0.000000000000000000 ) ) ;
#282 = EDGE_LOOP ( 'NONE', ( #3872, #2590, #4563, #2352 ) ) ;
#283 = CARTESIAN_POINT ( 'NONE',  ( 11.00000000000000178, -4.499999999999979572, -6.000000000000000000 ) ) ;
#284 = FACE_BOUND ( 'NONE', #1987, .T. ) ;
#285 = CARTESIAN_POINT ( 'NONE',  ( -7.499999999999994671, -4.999999999999997335, -8.500000000000014211 ) ) ;
#286 = ORIENTED_EDGE ( 'NONE', *, *, #3825, .F. ) ;
#287 = ORIENTED_EDGE ( 'NONE', *, *, #1543, .T. ) ;
#288 = CARTESIAN_POINT ( 'NONE',  ( 10.00000000000000000, 3.000000000000005329, -6.000000000000000000 ) ) ;
#289 = EDGE_CURVE ( 'NONE', #2035, #5102, #2873, .T. ) ;
#290 = ORIENTED_EDGE ( 'NONE', *, *, #5000, .F. ) ;
#291 = CARTESIAN_POINT ( 'NONE',  ( -41.41442037161814937, 6.369350770655441529, -2.649999999999999911 ) ) ;
#292 = CIRCLE ( 'NONE', #134, 1.000000000000000888 ) ;
#293 = ORIENTED_EDGE ( 'NONE', *, *, #4962, .T. ) ;
#294 = ADVANCED_FACE ( 'NONE', ( #706 ), #473, .F. ) ;
#295 = VERTEX_POINT ( 'NONE', #3225 ) ;
#296 = CYLINDRICAL_SURFACE ( 'NONE', #4995, 2.000000000000000000 ) ;
#297 = DIRECTION ( 'NONE',  ( -1.000000000000000000, -0.000000000000000000, -0.000000000000000000 ) ) ;
#298 = CARTESIAN_POINT ( 'NONE',  ( -7.119124914398328792E-16, 3.000000000000003553, -7.000000000000000000 ) ) ;
#299 = VECTOR ( 'NONE', #4410, 1000.000000000000000 ) ;
#300 = ORIENTED_EDGE ( 'NONE', *, *, #263, .T. ) ;
#301 = EDGE_CURVE ( 'NONE', #3504, #578, #53, .T. ) ;
#302 = CARTESIAN_POINT ( 'NONE',  ( 30.94682713554271913, -0.6077686218342441826, 4.900000000000000355 ) ) ;
#303 = TOROIDAL_SURFACE ( 'NONE', #3877, 1.000000000000000000, 1.000000000000000000 ) ;
#304 = CARTESIAN_POINT ( 'NONE',  ( 25.41622186799687100, -11.81769303614650113, -2.650000000000000355 ) ) ;
#305 = UNCERTAINTY_MEASURE_WITH_UNIT (LENGTH_MEASURE( 1.000000000000000082E-05 ), #1889, 'distance_accuracy_value', 'NONE');
#306 = ORIENTED_EDGE ( 'NONE', *, *, #4556, .T. ) ;
#307 = DIRECTION ( 'NONE',  ( 1.892425610156517122E-16, -1.000000000000000000, 0.000000000000000000 ) ) ;
#308 = LINE ( 'NONE', #755, #634 ) ;
#309 = CARTESIAN_POINT ( 'NONE',  ( 5.750000000000000888, 4.000000000000004441, -6.000000000000000000 ) ) ;
#310 = ORIENTED_EDGE ( 'NONE', *, *, #1309, .T. ) ;
#311 = ORIENTED_EDGE ( 'NONE', *, *, #1131, .F. ) ;
#312 = DIRECTION ( 'NONE',  ( 1.000000000000000000, 0.000000000000000000, 0.000000000000000000 ) ) ;
#313 = CARTESIAN_POINT ( 'NONE',  ( -4.528881991484131924E-16, 4.000000000000001776, 8.000000000000000000 ) ) ;
#314 = ORIENTED_EDGE ( 'NONE', *, *, #1659, .T. ) ;
#315 = CARTESIAN_POINT ( 'NONE',  ( 20.50000000000001421, -4.999999999999992006, 4.899999999999999467 ) ) ;
#316 = VERTEX_POINT ( 'NONE', #4758 ) ;
#317 = ORIENTED_EDGE ( 'NONE', *, *, #76, .T. ) ;
#318 = CARTESIAN_POINT ( 'NONE',  ( 0.000000000000000000, 0.000000000000000000, 8.000000000000000000 ) ) ;
#319 = CARTESIAN_POINT ( 'NONE',  ( -24.40000000000000213, 0.000000000000000000, -9.499999999999989342 ) ) ;
#320 = CARTESIAN_POINT ( 'NONE',  ( 23.06437195485759517, -4.999999999999992006, -2.649999999999999911 ) ) ;
#321 = VERTEX_POINT ( 'NONE', #1618 ) ;
#322 = EDGE_CURVE ( 'NONE', #4799, #1229, #2754, .T. ) ;
#323 = EDGE_LOOP ( 'NONE', ( #3056, #1620, #5134, #82 ) ) ;
#324 = CARTESIAN_POINT ( 'NONE',  ( -14.41421356237309759, 2.585786437626912182, -4.000000000000000000 ) ) ;
#325 = CARTESIAN_POINT ( 'NONE',  ( 25.41622186799687100, -11.81769303614650113, 4.900000000000000355 ) ) ;
#326 = DIRECTION ( 'NONE',  ( -0.7071067811865469066, -1.338146981832761786E-16, -0.7071067811865482389 ) ) ;
#327 = CARTESIAN_POINT ( 'NONE',  ( 20.00000000000000000, -4.499999999999979572, -3.000000000000000000 ) ) ;
#328 = DIRECTION ( 'NONE',  ( 1.338146981832763265E-16, -0.7071067811865475727, -0.7071067811865475727 ) ) ;
#329 = EDGE_CURVE ( 'NONE', #5140, #2675, #1275, .T. ) ;
#330 = ADVANCED_FACE ( 'NONE', ( #1640 ), #3176, .F. ) ;
#331 = ORIENTED_EDGE ( 'NONE', *, *, #3343, .F. ) ;
#332 = VECTOR ( 'NONE', #4883, 1000.000000000000000 ) ;
#333 = CARTESIAN_POINT ( 'NONE',  ( 19.00000000000000000, 4.000000000000007105, -3.000000000000000000 ) ) ;
#334 = DIRECTION ( 'NONE',  ( 0.7071067811865474617, 0.7071067811865474617, 0.000000000000000000 ) ) ;
#335 = CARTESIAN_POINT ( 'NONE',  ( -27.50000000000000000, -5.000000000000000888, -10.00000000000000000 ) ) ;
#336 = ORIENTED_EDGE ( 'NONE', *, *, #4983, .F. ) ;
#337 = ORIENTED_EDGE ( 'NONE', *, *, #2043, .T. ) ;
#338 = CARTESIAN_POINT ( 'NONE',  ( 23.06437195485759517, -4.999999999999992006, 2.649999999999999911 ) ) ;
#339 = DIRECTION ( 'NONE',  ( 1.000000000000000000, 0.000000000000000000, 0.000000000000000000 ) ) ;
#340 = CARTESIAN_POINT ( 'NONE',  ( 23.26622186799687242, -11.81769303614650113, 4.900000000000000355 ) ) ;
#341 = AXIS2_PLACEMENT_3D ( 'NONE', #4696, #404, #1212 ) ;
#342 = DIRECTION ( 'NONE',  ( -1.652117596168388495E-16, 1.000000000000000000, 0.000000000000000000 ) ) ;
#343 = ORIENTED_EDGE ( 'NONE', *, *, #1151, .F. ) ;
#344 = AXIS2_PLACEMENT_3D ( 'NONE', #2670, #4260, #4503 ) ;
#345 = ORIENTED_EDGE ( 'NONE', *, *, #3470, .T. ) ;
#346 = DIRECTION ( 'NONE',  ( 0.000000000000000000, 0.000000000000000000, -1.000000000000000000 ) ) ;
#347 = VECTOR ( 'NONE', #2966, 1000.000000000000114 ) ;
#348 = DIRECTION ( 'NONE',  ( -0.000000000000000000, -0.000000000000000000, 1.000000000000000000 ) ) ;
#349 = ORIENTED_EDGE ( 'NONE', *, *, #195, .F. ) ;
#350 = AXIS2_PLACEMENT_3D ( 'NONE', #720, #3864, #3006 ) ;
#351 = CIRCLE ( 'NONE', #3340, 4.000000000000000888 ) ;
#352 = DIRECTION ( 'NONE',  ( 1.000000000000000000, 0.000000000000000000, 0.000000000000000000 ) ) ;
#353 = CIRCLE ( 'NONE', #1687, 3.099999999999998757 ) ;
#354 = EDGE_CURVE ( 'NONE', #3031, #1466, #4728, .T. ) ;
#355 = PLANE ( 'NONE',  #687 ) ;
#356 = DIRECTION ( 'NONE',  ( 0.000000000000000000, 0.000000000000000000, 1.000000000000000000 ) ) ;
#357 = AXIS2_PLACEMENT_3D ( 'NONE', #1706, #4796, #4101 ) ;
#358 = DIRECTION ( 'NONE',  ( -1.000000000000000000, -3.469446951953596932E-16, 0.000000000000000000 ) ) ;
#359 = ORIENTED_EDGE ( 'NONE', *, *, #4387, .T. ) ;
#360 = AXIS2_PLACEMENT_3D ( 'NONE', #204, #1484, #1459 ) ;
#361 = EDGE_CURVE ( 'NONE', #4826, #480, #863, .T. ) ;
#362 = CARTESIAN_POINT ( 'NONE',  ( 4.750000000000002665, -4.499999999999978684, -2.099999999999999645 ) ) ;
#363 = CARTESIAN_POINT ( 'NONE',  ( 18.00000000000000355, 3.000000000000006217, 4.000000000000000000 ) ) ;
#364 = EDGE_CURVE ( 'NONE', #2573, #1630, #2059, .T. ) ;
#365 = DIRECTION ( 'NONE',  ( 0.000000000000000000, 0.000000000000000000, 1.000000000000000000 ) ) ;
#366 = EDGE_LOOP ( 'NONE', ( #2818, #46 ) ) ;
#367 = DIRECTION ( 'NONE',  ( 0.000000000000000000, 0.000000000000000000, -1.000000000000000000 ) ) ;
#368 = ORIENTED_EDGE ( 'NONE', *, *, #5000, .T. ) ;
#369 = CARTESIAN_POINT ( 'NONE',  ( -27.50000000000000000, -5.000000000000000888, 8.500000000000015987 ) ) ;
#370 = CARTESIAN_POINT ( 'NONE',  ( 0.9647168666769526668, 4.000000000000002665, 7.782170121210558733 ) ) ;
#371 = EDGE_CURVE ( 'NONE', #1291, #1631, #4824, .T. ) ;
#372 = ORIENTED_EDGE ( 'NONE', *, *, #4937, .T. ) ;
#373 = CARTESIAN_POINT ( 'NONE',  ( -9.499999999999994671, -4.499999999999983125, 8.000000000000000000 ) ) ;
#374 = ORIENTED_EDGE ( 'NONE', *, *, #2364, .T. ) ;
#375 = ORIENTED_EDGE ( 'NONE', *, *, #226, .F. ) ;
#376 = AXIS2_PLACEMENT_3D ( 'NONE', #478, #2014, #426 ) ;
#377 = LINE ( 'NONE', #4353, #4371 ) ;
#378 = FACE_OUTER_BOUND ( 'NONE', #3645, .T. ) ;
#379 = ORIENTED_EDGE ( 'NONE', *, *, #1249, .T. ) ;
#380 = ORIENTED_EDGE ( 'NONE', *, *, #2577, .T. ) ;
#381 = DIRECTION ( 'NONE',  ( 1.000000000000000000, 0.000000000000000000, 0.000000000000000000 ) ) ;
#382 = CARTESIAN_POINT ( 'NONE',  ( 2.750000000000002665, -4.999999999999994671, -2.600000000000013856 ) ) ;
#383 = AXIS2_PLACEMENT_3D ( 'NONE', #1928, #3519, #1545 ) ;
#384 = CARTESIAN_POINT ( 'NONE',  ( 0.000000000000000000, 0.000000000000000000, -9.500000000000010658 ) ) ;
#385 = VECTOR ( 'NONE', #510, 1000.000000000000114 ) ;
#386 = LINE ( 'NONE', #3124, #2195 ) ;
#387 = VERTEX_POINT ( 'NONE', #1170 ) ;
#388 = ADVANCED_FACE ( 'NONE', ( #3150 ), #2446, .F. ) ;
#389 = AXIS2_PLACEMENT_3D ( 'NONE', #2456, #2087, #950 ) ;
#390 = LINE ( 'NONE', #1893, #5070 ) ;
#391 = CARTESIAN_POINT ( 'NONE',  ( 10.49999999999999822, 3.000000000000008438, -9.500000000000000000 ) ) ;
#392 = CARTESIAN_POINT ( 'NONE',  ( -27.50000000000000000, 0.000000000000000000, -9.499999999999989342 ) ) ;
#393 = ORIENTED_EDGE ( 'NONE', *, *, #2622, .T. ) ;
#394 = VERTEX_POINT ( 'NONE', #3662 ) ;
#395 = ADVANCED_FACE ( 'NONE', ( #5142 ), #4450, .F. ) ;
#396 = CARTESIAN_POINT ( 'NONE',  ( -2.249999999999998668, 3.000000000000003553, -1.099999999999999423 ) ) ;
#397 = DIRECTION ( 'NONE',  ( 1.000000000000000000, 0.000000000000000000, 0.000000000000000000 ) ) ;
#398 = CARTESIAN_POINT ( 'NONE',  ( -4.956352788505171156E-16, 3.000000000000003553, 8.000000000000000000 ) ) ;
#399 = CARTESIAN_POINT ( 'NONE',  ( -7.499999999999996447, 3.000000000000002220, 7.000000000000000000 ) ) ;
#400 = EDGE_CURVE ( 'NONE', #1124, #2960, #23, .T. ) ;
#401 = ORIENTED_EDGE ( 'NONE', *, *, #1905, .F. ) ;
#402 = EDGE_LOOP ( 'NONE', ( #4221, #4668, #759, #1227 ) ) ;
#403 = FACE_OUTER_BOUND ( 'NONE', #4190, .T. ) ;
#404 = DIRECTION ( 'NONE',  ( 0.000000000000000000, 0.000000000000000000, 1.000000000000000000 ) ) ;
#405 = ORIENTED_EDGE ( 'NONE', *, *, #3071, .T. ) ;
#406 = ORIENTED_EDGE ( 'NONE', *, *, #3825, .T. ) ;
#407 = DIRECTION ( 'NONE',  ( 0.000000000000000000, 0.000000000000000000, -1.000000000000000000 ) ) ;
#408 = DIRECTION ( 'NONE',  ( 0.000000000000000000, -0.7071067811865481278, 0.7071067811865469066 ) ) ;
#409 = CARTESIAN_POINT ( 'NONE',  ( 12.50000000000000000, 5.000000000000019540, -7.749999999999998224 ) ) ;
#410 = FACE_OUTER_BOUND ( 'NONE', #1932, .T. ) ;
#411 = ORIENTED_EDGE ( 'NONE', *, *, #3437, .F. ) ;
#412 = DIRECTION ( 'NONE',  ( 0.1736481776669270838, 0.9848077530122086864, 0.000000000000000000 ) ) ;
#413 = DIRECTION ( 'NONE',  ( 0.7071067811865422437, 0.000000000000000000, -0.7071067811865526798 ) ) ;
#414 = DIRECTION ( 'NONE',  ( 1.000000000000000000, 1.892425610156517122E-16, 0.000000000000000000 ) ) ;
#415 = ADVANCED_FACE ( 'NONE', ( #4057 ), #4034, .F. ) ;
#416 = ORIENTED_EDGE ( 'NONE', *, *, #2454, .T. ) ;
#417 = CARTESIAN_POINT ( 'NONE',  ( -2.328426556282912951, 4.000000000000111022, 7.804638666667846003 ) ) ;
#418 = ORIENTED_EDGE ( 'NONE', *, *, #5128, .T. ) ;
#419 = AXIS2_PLACEMENT_3D ( 'NONE', #4293, #1594, #3906 ) ;
#420 = CARTESIAN_POINT ( 'NONE',  ( -27.50000000000000000, 0.000000000000000000, -10.00000000000000000 ) ) ;
#421 = CYLINDRICAL_SURFACE ( 'NONE', #1967, 2.000000000000000000 ) ;
#422 = CARTESIAN_POINT ( 'NONE',  ( 2.049999999999999822, 0.000000000000000000, 10.00000000000000000 ) ) ;
#423 = EDGE_CURVE ( 'NONE', #394, #1466, #2963, .T. ) ;
#424 = CONICAL_SURFACE ( 'NONE', #1746, 5.000000000000000888, 0.7853981633974482790 ) ;
#425 = EDGE_LOOP ( 'NONE', ( #2578, #249, #1982, #112 ) ) ;
#426 = DIRECTION ( 'NONE',  ( -1.000000000000000000, 0.000000000000000000, 0.000000000000000000 ) ) ;
#427 = ADVANCED_FACE ( 'NONE', ( #1225 ), #2805, .F. ) ;
#428 = EDGE_CURVE ( 'NONE', #1494, #2716, #5027, .T. ) ;
#429 = VECTOR ( 'NONE', #2278, 1000.000000000000114 ) ;
#430 = FACE_BOUND ( 'NONE', #1297, .T. ) ;
#431 = ORIENTED_EDGE ( 'NONE', *, *, #3534, .T. ) ;
#432 = ORIENTED_EDGE ( 'NONE', *, *, #913, .T. ) ;
#433 = CARTESIAN_POINT ( 'NONE',  ( -11.17157287525380838, -4.999999999999997335, -4.500000000000007105 ) ) ;
#434 = VECTOR ( 'NONE', #3333, 1000.000000000000000 ) ;
#435 = DIRECTION ( 'NONE',  ( 0.000000000000000000, 0.000000000000000000, 1.000000000000000000 ) ) ;
#436 = DIRECTION ( 'NONE',  ( 1.892425610156516875E-16, -1.000000000000000000, 0.000000000000000000 ) ) ;
#437 = DIRECTION ( 'NONE',  ( -0.000000000000000000, -0.000000000000000000, 1.000000000000000000 ) ) ;
#438 = CIRCLE ( 'NONE', #4089, 1.000000000000000000 ) ;
#439 = ORIENTED_EDGE ( 'NONE', *, *, #4643, .F. ) ;
#440 = AXIS2_PLACEMENT_3D ( 'NONE', #4208, #245, #619 ) ;
#441 = VECTOR ( 'NONE', #2060, 1000.000000000000000 ) ;
#442 = DIRECTION ( 'NONE',  ( 1.000000000000000000, 0.000000000000000000, 0.000000000000000000 ) ) ;
#443 = CARTESIAN_POINT ( 'NONE',  ( 11.45341433092485239, -4.825834261322598628, 7.424165738677389825 ) ) ;
#444 = AXIS2_PLACEMENT_3D ( 'NONE', #4000, #3612, #41 ) ;
#445 = CARTESIAN_POINT ( 'NONE',  ( -4.249999999999998224, 3.000000000000003553, -4.099999999999999645 ) ) ;
#446 = ORIENTED_EDGE ( 'NONE', *, *, #1162, .F. ) ;
#447 = DIRECTION ( 'NONE',  ( 0.000000000000000000, 0.000000000000000000, -1.000000000000000000 ) ) ;
#448 = CIRCLE ( 'NONE', #5084, 2.000000000000000000 ) ;
#449 = VERTEX_POINT ( 'NONE', #94 ) ;
#450 = AXIS2_PLACEMENT_3D ( 'NONE', #953, #924, #2538 ) ;
#451 = DIRECTION ( 'NONE',  ( 0.000000000000000000, 0.000000000000000000, 1.000000000000000000 ) ) ;
#452 = DIRECTION ( 'NONE',  ( 0.000000000000000000, 0.7071067811865482389, 0.7071067811865469066 ) ) ;
#453 = CARTESIAN_POINT ( 'NONE',  ( 8.000000000000001776, -4.999999999999993783, -8.000000000000000000 ) ) ;
#454 = EDGE_CURVE ( 'NONE', #4316, #724, #4133, .T. ) ;
#455 = VERTEX_POINT ( 'NONE', #4544 ) ;
#456 = FACE_OUTER_BOUND ( 'NONE', #3237, .T. ) ;
#457 = ORIENTED_EDGE ( 'NONE', *, *, #1769, .T. ) ;
#458 = VERTEX_POINT ( 'NONE', #4465 ) ;
#459 = EDGE_CURVE ( 'NONE', #1419, #2268, #1137, .T. ) ;
#460 = CARTESIAN_POINT ( 'NONE',  ( 21.96939473245415186, -11.20992441431226005, 4.900000000000000355 ) ) ;
#461 = PRODUCT_CONTEXT ( 'NONE', #3742, 'mechanical' ) ;
#462 = DIRECTION ( 'NONE',  ( 0.000000000000000000, 0.000000000000000000, -1.000000000000000000 ) ) ;
#463 = DIRECTION ( 'NONE',  ( -1.892425610156517122E-16, 1.000000000000000000, -0.000000000000000000 ) ) ;
#464 = VERTEX_POINT ( 'NONE', #2182 ) ;
#465 = EDGE_CURVE ( 'NONE', #698, #1823, #3372, .T. ) ;
#466 = EDGE_CURVE ( 'NONE', #4288, #2174, #2624, .T. ) ;
#467 = DIRECTION ( 'NONE',  ( -1.892425610156517122E-16, 1.000000000000000000, -0.000000000000000000 ) ) ;
#468 = CARTESIAN_POINT ( 'NONE',  ( 17.30855861669665785, -8.848987126107161316, -10.00000000000000000 ) ) ;
#469 = CARTESIAN_POINT ( 'NONE',  ( -7.499999999999996447, 4.000000000000002665, -7.000000000000000000 ) ) ;
#470 = ORIENTED_EDGE ( 'NONE', *, *, #4516, .T. ) ;
#471 = CARTESIAN_POINT ( 'NONE',  ( 10.49999999999999822, 3.000000000000008438, -10.00000000000000000 ) ) ;
#472 = ORIENTED_EDGE ( 'NONE', *, *, #3071, .F. ) ;
#473 = CONICAL_SURFACE ( 'NONE', #4124, 2.500000000000014211, 0.7853981633974482790 ) ;
#474 = DIRECTION ( 'NONE',  ( 0.000000000000000000, 0.000000000000000000, 1.000000000000000000 ) ) ;
#475 = DIRECTION ( 'NONE',  ( -1.000000000000000000, -3.469446951953594467E-16, 0.000000000000000000 ) ) ;
#476 = DIRECTION ( 'NONE',  ( 1.000000000000000000, 0.000000000000000000, 0.000000000000000000 ) ) ;
#477 = ORIENTED_EDGE ( 'NONE', *, *, #1231, .T. ) ;
#478 = CARTESIAN_POINT ( 'NONE',  ( -11.17157287525380838, -2.999999999999997780, 4.000000000000000000 ) ) ;
#479 = EDGE_CURVE ( 'NONE', #838, #4198, #2884, .T. ) ;
#480 = VERTEX_POINT ( 'NONE', #3350 ) ;
#481 = ORIENTED_EDGE ( 'NONE', *, *, #45, .T. ) ;
#482 = LINE ( 'NONE', #460, #3935 ) ;
#483 = LINE ( 'NONE', #3976, #3753 ) ;
#484 = ADVANCED_FACE ( 'NONE', ( #909 ), #565, .F. ) ;
#485 = FACE_OUTER_BOUND ( 'NONE', #922, .T. ) ;
#486 = ORIENTED_EDGE ( 'NONE', *, *, #2969, .T. ) ;
#487 = DIRECTION ( 'NONE',  ( 0.000000000000000000, 0.000000000000000000, 1.000000000000000000 ) ) ;
#488 = DIRECTION ( 'NONE',  ( -1.892425610156517122E-16, 1.000000000000000000, 0.000000000000000000 ) ) ;
#489 = DIRECTION ( 'NONE',  ( 1.000000000000000000, 0.000000000000000000, 0.000000000000000000 ) ) ;
#490 = EDGE_CURVE ( 'NONE', #2701, #698, #2153, .T. ) ;
#491 = ORIENTED_EDGE ( 'NONE', *, *, #68, .T. ) ;
#492 = EDGE_CURVE ( 'NONE', #635, #3050, #1351, .T. ) ;
#493 = DIRECTION ( 'NONE',  ( -1.000000000000000000, 0.000000000000000000, 0.000000000000000000 ) ) ;
#494 = ORIENTED_EDGE ( 'NONE', *, *, #544, .T. ) ;
#495 = DIRECTION ( 'NONE',  ( -1.652117596168388495E-16, 1.000000000000000000, 0.000000000000000000 ) ) ;
#496 = DIRECTION ( 'NONE',  ( -0.000000000000000000, -1.000000000000000000, 0.000000000000000000 ) ) ;
#497 = VECTOR ( 'NONE', #4526, 1000.000000000000000 ) ;
#498 = AXIS2_PLACEMENT_3D ( 'NONE', #1490, #2259, #3070 ) ;
#499 = ORIENTED_EDGE ( 'NONE', *, *, #3194, .F. ) ;
#500 = DIRECTION ( 'NONE',  ( -1.652117596168388495E-16, 1.000000000000000000, 0.000000000000000000 ) ) ;
#501 = ORIENTED_EDGE ( 'NONE', *, *, #1607, .T. ) ;
#502 = VERTEX_POINT ( 'NONE', #3374 ) ;
#503 = VECTOR ( 'NONE', #1831, 1000.000000000000114 ) ;
#504 = DIRECTION ( 'NONE',  ( -1.892425610156516875E-16, 1.000000000000000000, 0.000000000000000000 ) ) ;
#505 = CARTESIAN_POINT ( 'NONE',  ( -9.499999999999996447, 3.000000000000002220, 6.000000000000000000 ) ) ;
#506 = VERTEX_POINT ( 'NONE', #200 ) ;
#507 = AXIS2_PLACEMENT_3D ( 'NONE', #4484, #2030, #1735 ) ;
#508 = EDGE_CURVE ( 'NONE', #2944, #6, #1471, .T. ) ;
#509 = CARTESIAN_POINT ( 'NONE',  ( -2.249999999999998668, 3.000000000000003109, -4.099999999999999645 ) ) ;
#510 = DIRECTION ( 'NONE',  ( 0.7071067811865474617, -0.7071067811865474617, 0.000000000000000000 ) ) ;
#511 = CARTESIAN_POINT ( 'NONE',  ( -27.50000000000000000, -5.000000000000000888, -8.500000000000014211 ) ) ;
#512 = ORIENTED_EDGE ( 'NONE', *, *, #3929, .T. ) ;
#513 = VECTOR ( 'NONE', #3717, 1000.000000000000000 ) ;
#514 = DIRECTION ( 'NONE',  ( -0.000000000000000000, -0.000000000000000000, 1.000000000000000000 ) ) ;
#515 = VECTOR ( 'NONE', #467, 1000.000000000000000 ) ;
#516 = EDGE_LOOP ( 'NONE', ( #2042, #1522, #4929, #1261 ) ) ;
#517 = VECTOR ( 'NONE', #2163, 1000.000000000000000 ) ;
#518 = EDGE_CURVE ( 'NONE', #3270, #2795, #1790, .T. ) ;
#519 = EDGE_CURVE ( 'NONE', #2944, #3690, #4933, .T. ) ;
#520 = AXIS2_PLACEMENT_3D ( 'NONE', #2588, #3710, #903 ) ;
#521 = CARTESIAN_POINT ( 'NONE',  ( -2.050011291861244977, -0.04109436376297712079, -2.630309017734719479 ) ) ;
#522 = AXIS2_PLACEMENT_3D ( 'NONE', #4642, #4184, #3393 ) ;
#523 = FACE_OUTER_BOUND ( 'NONE', #3364, .T. ) ;
#524 = CIRCLE ( 'NONE', #4508, 1.000000000000000000 ) ;
#525 = CIRCLE ( 'NONE', #1027, 2.000000000000000000 ) ;
#526 = EDGE_CURVE ( 'NONE', #1685, #316, #4622, .T. ) ;
#527 = CARTESIAN_POINT ( 'NONE',  ( 23.26622186799687242, -11.81769303614650113, 4.900000000000000355 ) ) ;
#528 = FACE_OUTER_BOUND ( 'NONE', #2649, .T. ) ;
#529 = ORIENTED_EDGE ( 'NONE', *, *, #2973, .T. ) ;
#530 = CARTESIAN_POINT ( 'NONE',  ( -9.499999999999994671, -4.499999999999983125, 8.000000000000000000 ) ) ;
#531 = PLANE ( 'NONE',  #4128 ) ;
#532 = ORIENTED_EDGE ( 'NONE', *, *, #1255, .T. ) ;
#533 = ORIENTED_EDGE ( 'NONE', *, *, #2007, .T. ) ;
#534 = LINE ( 'NONE', #2122, #3764 ) ;
#535 = DIRECTION ( 'NONE',  ( -1.000000000000000000, 0.000000000000000000, 0.000000000000000000 ) ) ;
#536 = DIRECTION ( 'NONE',  ( -1.000000000000000000, -1.892425610156517122E-16, -0.000000000000000000 ) ) ;
#537 = EDGE_LOOP ( 'NONE', ( #2285, #1512, #512, #96, #5129 ) ) ;
#538 = CARTESIAN_POINT ( 'NONE',  ( -27.50000000000000000, -5.000000000000000888, -10.00000000000000000 ) ) ;
#539 = CARTESIAN_POINT ( 'NONE',  ( -2.604653261250643226, 0.4159101571629625904, -2.131688386670959279 ) ) ;
#540 = VECTOR ( 'NONE', #3214, 1000.000000000000000 ) ;
#541 = CARTESIAN_POINT ( 'NONE',  ( 2.049999999999999822, 0.000000000000000000, -9.500000000000010658 ) ) ;
#542 = ORIENTED_EDGE ( 'NONE', *, *, #4556, .F. ) ;
#543 = CARTESIAN_POINT ( 'NONE',  ( -27.50000000000000000, 5.000000000000000888, -10.00000000000000000 ) ) ;
#544 = EDGE_CURVE ( 'NONE', #2795, #2492, #377, .T. ) ;
#545 = VERTEX_POINT ( 'NONE', #1427 ) ;
#546 = CARTESIAN_POINT ( 'NONE',  ( -2.023381919025519338, -0.3319720039210046214, -2.623902516099290594 ) ) ;
#547 = CYLINDRICAL_SURFACE ( 'NONE', #579, 5.000000000000000888 ) ;
#548 = EDGE_CURVE ( 'NONE', #449, #72, #1965, .T. ) ;
#549 = VECTOR ( 'NONE', #346, 1000.000000000000000 ) ;
#550 = CARTESIAN_POINT ( 'NONE',  ( -2.102941176470585205, 1.121568627450991951, -2.266666666666667052 ) ) ;
#551 = CARTESIAN_POINT ( 'NONE',  ( -12.58578643762690241, -4.414213562373093147, -4.500000000000007105 ) ) ;
#552 = ORIENTED_EDGE ( 'NONE', *, *, #2147, .F. ) ;
#553 = LINE ( 'NONE', #113, #1181 ) ;
#554 = CARTESIAN_POINT ( 'NONE',  ( -12.49444853078624718, 4.499999999999996447, -4.000000000000000000 ) ) ;
#555 = EDGE_CURVE ( 'NONE', #4469, #3306, #1219, .T. ) ;
#556 = EDGE_LOOP ( 'NONE', ( #2634, #205, #2744, #552 ) ) ;
#557 = ORIENTED_EDGE ( 'NONE', *, *, #1068, .F. ) ;
#558 = ORIENTED_EDGE ( 'NONE', *, *, #3962, .F. ) ;
#559 = CARTESIAN_POINT ( 'NONE',  ( 10.50000000000000178, -2.999999999999994671, -9.999999999999998224 ) ) ;
#560 = FACE_OUTER_BOUND ( 'NONE', #1808, .T. ) ;
#561 = CARTESIAN_POINT ( 'NONE',  ( 0.000000000000000000, 0.000000000000000000, -2.099999999999999645 ) ) ;
#562 = ORIENTED_EDGE ( 'NONE', *, *, #580, .T. ) ;
#563 = CARTESIAN_POINT ( 'NONE',  ( -27.50000000000000000, 0.000000000000000000, -4.500000000000007105 ) ) ;
#564 = DIRECTION ( 'NONE',  ( -0.000000000000000000, -0.000000000000000000, -1.000000000000000000 ) ) ;
#565 = CYLINDRICAL_SURFACE ( 'NONE', #1389, 2.149999999999999023 ) ;
#566 = FILL_AREA_STYLE ('',( #2940 ) ) ;
#567 = ORIENTED_EDGE ( 'NONE', *, *, #3464, .F. ) ;
#568 = DIRECTION ( 'NONE',  ( 0.000000000000000000, 0.000000000000000000, -1.000000000000000000 ) ) ;
#569 = EDGE_LOOP ( 'NONE', ( #4541, #255, #2242, #336, #3515, #2274, #3386, #4537, #3577, #2869, #678, #3035 ) ) ;
#570 = CARTESIAN_POINT ( 'NONE',  ( -2.007588723227368810, 0.4169440459301473889, -2.620485104452184189 ) ) ;
#571 = LINE ( 'NONE', #4113, #5058 ) ;
#572 = LINE ( 'NONE', #601, #2098 ) ;
#573 = CARTESIAN_POINT ( 'NONE',  ( 2.516597417695775274, 4.000000000000401457, 7.886097004601260174 ) ) ;
#574 = EDGE_CURVE ( 'NONE', #765, #4038, #4207, .T. ) ;
#575 = ORIENTED_EDGE ( 'NONE', *, *, #3382, .F. ) ;
#576 = DIRECTION ( 'NONE',  ( -0.000000000000000000, -0.000000000000000000, 1.000000000000000000 ) ) ;
#577 = LINE ( 'NONE', #5020, #43 ) ;
#578 = VERTEX_POINT ( 'NONE', #4741 ) ;
#579 = AXIS2_PLACEMENT_3D ( 'NONE', #2135, #2971, #2214 ) ;
#580 = EDGE_CURVE ( 'NONE', #3666, #1120, #4609, .T. ) ;
#581 = ADVANCED_FACE ( 'NONE', ( #403 ), #743, .F. ) ;
#582 = CARTESIAN_POINT ( 'NONE',  ( 24.05317286445727731, 0.6077686218342444047, 4.900000000000000355 ) ) ;
#583 = CARTESIAN_POINT ( 'NONE',  ( 12.00000000000000000, 3.000000000000008882, -10.00000000000000000 ) ) ;
#584 = CARTESIAN_POINT ( 'NONE',  ( -1.707775124617669338, 4.000000000000002665, 7.155665879691039954 ) ) ;
#585 = ORIENTED_EDGE ( 'NONE', *, *, #3510, .F. ) ;
#586 = FACE_OUTER_BOUND ( 'NONE', #1033, .T. ) ;
#587 = AXIS2_PLACEMENT_3D ( 'NONE', #721, #4380, #2323 ) ;
#588 = DIRECTION ( 'NONE',  ( 0.000000000000000000, 0.000000000000000000, 1.000000000000000000 ) ) ;
#589 = DIRECTION ( 'NONE',  ( -0.1736481776669276667, -0.9848077530122085754, -0.000000000000000000 ) ) ;
#590 = CARTESIAN_POINT ( 'NONE',  ( 11.00000000000000000, 4.000000000000005329, 5.000000000000000000 ) ) ;
#591 = PLANE ( 'NONE',  #4102 ) ;
#592 = VERTEX_POINT ( 'NONE', #5106 ) ;
#593 = CIRCLE ( 'NONE', #4665, 3.499999999999985789 ) ;
#594 = CARTESIAN_POINT ( 'NONE',  ( -2.580353215466926198, -0.5161658203040835335, -2.127429391868207009 ) ) ;
#595 = MECHANICAL_DESIGN_GEOMETRIC_PRESENTATION_REPRESENTATION (  '', ( #4752 ), #1600 ) ;
#596 = AXIS2_PLACEMENT_3D ( 'NONE', #4033, #4852, #4106 ) ;
#597 = DIRECTION ( 'NONE',  ( -1.892425610156517122E-16, 1.000000000000000000, -0.000000000000000000 ) ) ;
#598 = EDGE_LOOP ( 'NONE', ( #4891, #1475, #337, #477 ) ) ;
#599 = CIRCLE ( 'NONE', #3506, 5.000000000000000888 ) ;
#600 = VECTOR ( 'NONE', #1835, 1000.000000000000000 ) ;
#601 = CARTESIAN_POINT ( 'NONE',  ( 4.750000000000000888, 4.000000000000004441, -4.099999999999999645 ) ) ;
#602 = DIRECTION ( 'NONE',  ( -1.000000000000000000, -1.892425610156517122E-16, 0.000000000000000000 ) ) ;
#603 = AXIS2_PLACEMENT_3D ( 'NONE', #3591, #1147, #2396 ) ;
#604 = ORIENTED_EDGE ( 'NONE', *, *, #4557, .T. ) ;
#605 = CARTESIAN_POINT ( 'NONE',  ( -50.00000000000000000, 4.499999999999989342, -4.000000000000000000 ) ) ;
#606 = AXIS2_PLACEMENT_3D ( 'NONE', #4165, #4529, #2196 ) ;
#607 = AXIS2_PLACEMENT_3D ( 'NONE', #4188, #4725, #3951 ) ;
#608 = EDGE_CURVE ( 'NONE', #1377, #5102, #123, .T. ) ;
#609 = ORIENTED_EDGE ( 'NONE', *, *, #4053, .T. ) ;
#610 = VECTOR ( 'NONE', #3338, 1000.000000000000000 ) ;
#611 = CARTESIAN_POINT ( 'NONE',  ( 25.41622186799687100, -11.81769303614650113, 4.900000000000000355 ) ) ;
#612 = VECTOR ( 'NONE', #1558, 1000.000000000000000 ) ;
#613 = LINE ( 'NONE', #2562, #4418 ) ;
#614 = CARTESIAN_POINT ( 'NONE',  ( 12.50000000000000178, -2.999999999999994671, 9.500000000000014211 ) ) ;
#615 = EDGE_CURVE ( 'NONE', #4661, #2872, #1627, .T. ) ;
#616 = EDGE_LOOP ( 'NONE', ( #4036, #3622, #3570, #585 ) ) ;
#617 = DIRECTION ( 'NONE',  ( -1.000000000000000000, 0.000000000000000000, 0.000000000000000000 ) ) ;
#618 = DIRECTION ( 'NONE',  ( -1.000000000000000000, -2.168404344971008868E-16, 0.000000000000000000 ) ) ;
#619 = DIRECTION ( 'NONE',  ( 1.000000000000000000, 0.000000000000000000, 0.000000000000000000 ) ) ;
#620 = CARTESIAN_POINT ( 'NONE',  ( -2.633257182911167504, -0.2580539289108720324, -2.137046199988153372 ) ) ;
#621 = CARTESIAN_POINT ( 'NONE',  ( 5.750000000000000888, 3.000000000000004441, -6.000000000000000000 ) ) ;
#622 = DIRECTION ( 'NONE',  ( 0.000000000000000000, 1.000000000000000000, 0.000000000000000000 ) ) ;
#623 = EDGE_CURVE ( 'NONE', #2085, #464, #1157, .T. ) ;
#624 = ADVANCED_FACE ( 'NONE', ( #2322, #1211 ), #3553, .F. ) ;
#625 = ORIENTED_EDGE ( 'NONE', *, *, #3575, .T. ) ;
#626 = CARTESIAN_POINT ( 'NONE',  ( -2.639553130192962449, -0.2063593022901085428, -2.138300074195964573 ) ) ;
#627 = CARTESIAN_POINT ( 'NONE',  ( 25.41622186799687100, -11.81769303614650113, 4.900000000000000355 ) ) ;
#628 = ORIENTED_EDGE ( 'NONE', *, *, #428, .F. ) ;
#629 = VECTOR ( 'NONE', #1741, 1000.000000000000114 ) ;
#630 = LINE ( 'NONE', #527, #2767 ) ;
#631 = CARTESIAN_POINT ( 'NONE',  ( 1.044090904744695791, 4.000000000000003553, 7.427782717392532597 ) ) ;
#632 = ORIENTED_EDGE ( 'NONE', *, *, #4269, .F. ) ;
#633 = DIRECTION ( 'NONE',  ( -0.000000000000000000, -1.000000000000000000, -0.000000000000000000 ) ) ;
#634 = VECTOR ( 'NONE', #1841, 1000.000000000000000 ) ;
#635 = VERTEX_POINT ( 'NONE', #3490 ) ;
#636 = AXIS2_PLACEMENT_3D ( 'NONE', #2834, #3232, #1232 ) ;
#637 = ORIENTED_EDGE ( 'NONE', *, *, #254, .T. ) ;
#638 = PLANE ( 'NONE',  #3770 ) ;
#639 = EDGE_CURVE ( 'NONE', #3104, #1630, #4379, .T. ) ;
#640 = DIRECTION ( 'NONE',  ( -1.000000000000000000, -1.652117596168388495E-16, 0.000000000000000000 ) ) ;
#641 = LINE ( 'NONE', #3469, #4573 ) ;
#642 = EDGE_LOOP ( 'NONE', ( #212, #802, #3205, #609 ) ) ;
#643 = CARTESIAN_POINT ( 'NONE',  ( 20.50000000000001776, -4.999999999999992006, -2.649999999999999467 ) ) ;
#644 = EDGE_CURVE ( 'NONE', #3104, #4137, #1222, .T. ) ;
#645 = PLANE ( 'NONE',  #4090 ) ;
#646 = AXIS2_PLACEMENT_3D ( 'NONE', #1569, #2347, #685 ) ;
#647 = LINE ( 'NONE', #3423, #2672 ) ;
#648 = CARTESIAN_POINT ( 'NONE',  ( 10.49999999999999822, 5.000000000000007994, -10.00000000000000000 ) ) ;
#649 = ORIENTED_EDGE ( 'NONE', *, *, #3403, .T. ) ;
#650 = ADVANCED_FACE ( 'NONE', ( #2691 ), #1811, .F. ) ;
#651 = CARTESIAN_POINT ( 'NONE',  ( -2.579659345835429551, 0.5186377156896680996, -2.127313472602020195 ) ) ;
#652 = EDGE_CURVE ( 'NONE', #1564, #3744, #1108, .T. ) ;
#653 = LINE ( 'NONE', #2572, #332 ) ;
#654 = ORIENTED_EDGE ( 'NONE', *, *, #5030, .F. ) ;
#655 = ORIENTED_EDGE ( 'NONE', *, *, #2845, .F. ) ;
#656 = CARTESIAN_POINT ( 'NONE',  ( 20.00000000000000000, 3.000000000000006661, -3.000000000000000000 ) ) ;
#657 = CARTESIAN_POINT ( 'NONE',  ( 0.2065233688579264371, 4.000000000000001776, 7.880764232261708635 ) ) ;
#658 = ORIENTED_EDGE ( 'NONE', *, *, #3615, .T. ) ;
#659 = DIRECTION ( 'NONE',  ( -0.000000000000000000, -0.000000000000000000, 1.000000000000000000 ) ) ;
#660 = ORIENTED_EDGE ( 'NONE', *, *, #4430, .F. ) ;
#661 = DIRECTION ( 'NONE',  ( 0.000000000000000000, 0.000000000000000000, -1.000000000000000000 ) ) ;
#662 = LINE ( 'NONE', #1031, #4174 ) ;
#663 = DIRECTION ( 'NONE',  ( -0.000000000000000000, -0.000000000000000000, 1.000000000000000000 ) ) ;
#664 = CIRCLE ( 'NONE', #4972, 1.000000000000000000 ) ;
#665 = ORIENTED_EDGE ( 'NONE', *, *, #2483, .T. ) ;
#666 = DIRECTION ( 'NONE',  ( -0.7071067811865489050, 0.000000000000000000, 0.7071067811865462405 ) ) ;
#667 = VECTOR ( 'NONE', #4706, 1000.000000000000000 ) ;
#668 = CARTESIAN_POINT ( 'NONE',  ( -31.99999999999999289, 0.000000000000000000, 4.000000000000000000 ) ) ;
#669 = DIRECTION ( 'NONE',  ( -1.892425610156517122E-16, 1.000000000000000000, 0.000000000000000000 ) ) ;
#670 = CARTESIAN_POINT ( 'NONE',  ( -27.50000000000000000, 0.000000000000000000, -5.799999999999999822 ) ) ;
#671 = ORIENTED_EDGE ( 'NONE', *, *, #3995, .T. ) ;
#672 = EDGE_CURVE ( 'NONE', #116, #4856, #2789, .T. ) ;
#673 = DIRECTION ( 'NONE',  ( 0.7071067811865475727, 0.7071067811865475727, 0.000000000000000000 ) ) ;
#674 = DIRECTION ( 'NONE',  ( -0.000000000000000000, -0.000000000000000000, -1.000000000000000000 ) ) ;
#675 = CARTESIAN_POINT ( 'NONE',  ( -27.50000000000000000, 5.000000000000000888, 7.249999999999994671 ) ) ;
#676 = EDGE_LOOP ( 'NONE', ( #3958, #3545, #963 ) ) ;
#677 = AXIS2_PLACEMENT_3D ( 'NONE', #1078, #1883, #3060 ) ;
#678 = ORIENTED_EDGE ( 'NONE', *, *, #623, .T. ) ;
#679 = EDGE_CURVE ( 'NONE', #3972, #808, #292, .T. ) ;
#680 = ADVANCED_FACE ( 'NONE', ( #846 ), #3448, .T. ) ;
#681 = CONICAL_SURFACE ( 'NONE', #3590, 1.499999999999999556, 0.7853981633974482790 ) ;
#682 = CARTESIAN_POINT ( 'NONE',  ( -32.50000000000000000, 0.000000000000000000, 4.500000000000007105 ) ) ;
#683 = AXIS2_PLACEMENT_3D ( 'NONE', #2765, #3158, #342 ) ;
#684 = ORIENTED_EDGE ( 'NONE', *, *, #3674, .T. ) ;
#685 = DIRECTION ( 'NONE',  ( -1.000000000000000000, 0.000000000000000000, 0.000000000000000000 ) ) ;
#686 = CIRCLE ( 'NONE', #1924, 2.000000000000000000 ) ;
#687 = AXIS2_PLACEMENT_3D ( 'NONE', #779, #3917, #4359 ) ;
#688 = ADVANCED_FACE ( 'NONE', ( #4429 ), #3308, .F. ) ;
#689 = ORIENTED_EDGE ( 'NONE', *, *, #3669, .T. ) ;
#690 = VECTOR ( 'NONE', #2197, 1000.000000000000000 ) ;
#691 = EDGE_LOOP ( 'NONE', ( #3195, #1934, #2911, #1738 ) ) ;
#692 = DIRECTION ( 'NONE',  ( -1.892425610156517122E-16, 1.000000000000000000, 0.000000000000000000 ) ) ;
#693 = CIRCLE ( 'NONE', #1361, 4.500000000000014211 ) ;
#694 = DIRECTION ( 'NONE',  ( 0.000000000000000000, 0.000000000000000000, -1.000000000000000000 ) ) ;
#695 = CIRCLE ( 'NONE', #1363, 1.000000000000000888 ) ;
#696 = LINE ( 'NONE', #3446, #429 ) ;
#697 = VECTOR ( 'NONE', #4289, 999.9999999999998863 ) ;
#698 = VERTEX_POINT ( 'NONE', #3283 ) ;
#699 = VECTOR ( 'NONE', #437, 1000.000000000000000 ) ;
#700 = DIRECTION ( 'NONE',  ( 1.000000000000000000, 0.000000000000000000, 0.000000000000000000 ) ) ;
#701 = CARTESIAN_POINT ( 'NONE',  ( 0.000000000000000000, 0.000000000000000000, 0.000000000000000000 ) ) ;
#702 = DIRECTION ( 'NONE',  ( -1.000000000000000000, 0.000000000000000000, 0.000000000000000000 ) ) ;
#703 = CARTESIAN_POINT ( 'NONE',  ( -2.249999999999996891, -4.999999999999995559, -2.600000000000013411 ) ) ;
#704 = EDGE_LOOP ( 'NONE', ( #3144, #4740, #4694, #3229 ) ) ;
#705 = CARTESIAN_POINT ( 'NONE',  ( -27.50000000000000000, 5.000000000000000888, -10.00000000000000000 ) ) ;
#706 = FACE_OUTER_BOUND ( 'NONE', #3729, .T. ) ;
#707 = CARTESIAN_POINT ( 'NONE',  ( -27.50000000000000000, 0.000000000000000000, 4.500000000000007105 ) ) ;
#708 = EDGE_CURVE ( 'NONE', #67, #2056, #4065, .T. ) ;
#709 = ORIENTED_EDGE ( 'NONE', *, *, #4364, .T. ) ;
#710 = ORIENTED_EDGE ( 'NONE', *, *, #4806, .F. ) ;
#711 = FACE_OUTER_BOUND ( 'NONE', #5079, .T. ) ;
#712 = PLANE ( 'NONE',  #4862 ) ;
#713 = CARTESIAN_POINT ( 'NONE',  ( -5.249999999999998224, 4.000000000000002665, -4.099999999999999645 ) ) ;
#714 = EDGE_CURVE ( 'NONE', #1198, #3067, #3280, .T. ) ;
#715 = VECTOR ( 'NONE', #3363, 1000.000000000000000 ) ;
#716 = VERTEX_POINT ( 'NONE', #2502 ) ;
#717 = ORIENTED_EDGE ( 'NONE', *, *, #1958, .T. ) ;
#718 = CARTESIAN_POINT ( 'NONE',  ( 5.750000000000000888, 3.000000000000004441, -4.099999999999999645 ) ) ;
#719 = EDGE_CURVE ( 'NONE', #4147, #1564, #1306, .T. ) ;
#720 = CARTESIAN_POINT ( 'NONE',  ( 10.49999999999999822, 3.000000000000008438, 10.00000000000000000 ) ) ;
#721 = CARTESIAN_POINT ( 'NONE',  ( 8.000000000000001776, -4.499999999999979572, -6.000000000000000000 ) ) ;
#722 = ORIENTED_EDGE ( 'NONE', *, *, #1197, .T. ) ;
#723 = VECTOR ( 'NONE', #589, 1000.000000000000000 ) ;
#724 = VERTEX_POINT ( 'NONE', #3235 ) ;
#725 = DIRECTION ( 'NONE',  ( -1.892425610156517122E-16, 1.000000000000000000, -0.000000000000000000 ) ) ;
#726 = AXIS2_PLACEMENT_3D ( 'NONE', #4374, #3965, #4062 ) ;
#727 = DIRECTION ( 'NONE',  ( 1.000000000000000000, 0.000000000000000000, 0.000000000000000000 ) ) ;
#728 = DIRECTION ( 'NONE',  ( 8.673617379884035472E-17, 1.641417566239121864E-32, 1.000000000000000000 ) ) ;
#729 = DIRECTION ( 'NONE',  ( 1.338146981832763019E-16, -0.7071067811865474617, 0.7071067811865475727 ) ) ;
#730 = VERTEX_POINT ( 'NONE', #2430 ) ;
#731 = CARTESIAN_POINT ( 'NONE',  ( -31.10000000000000497, 0.000000000000000000, 10.00000000000000000 ) ) ;
#732 = CARTESIAN_POINT ( 'NONE',  ( -2.564852902409570312, 0.5694801131788937987, -2.124865481615017426 ) ) ;
#733 = FACE_OUTER_BOUND ( 'NONE', #2513, .T. ) ;
#734 = ORIENTED_EDGE ( 'NONE', *, *, #899, .T. ) ;
#735 = VERTEX_POINT ( 'NONE', #4095 ) ;
#736 = CARTESIAN_POINT ( 'NONE',  ( 12.50000000000000000, 3.000000000000008882, 9.500000000000014211 ) ) ;
#737 = CARTESIAN_POINT ( 'NONE',  ( -5.249999999999998224, 3.000000000000002665, -4.099999999999999645 ) ) ;
#738 = EDGE_LOOP ( 'NONE', ( #5135, #2466, #61, #1069, #845, #3902, #1385, #2357, #1177, #3116, #752 ) ) ;
#739 = CARTESIAN_POINT ( 'NONE',  ( 10.50000000000000533, -4.999999999999993783, -7.249999999999997335 ) ) ;
#740 = ORIENTED_EDGE ( 'NONE', *, *, #548, .F. ) ;
#741 = ADVANCED_FACE ( 'NONE', ( #1726 ), #3208, .T. ) ;
#742 = ORIENTED_EDGE ( 'NONE', *, *, #4931, .T. ) ;
#743 = PLANE ( 'NONE',  #1461 ) ;
#744 = CARTESIAN_POINT ( 'NONE',  ( -9.499999999999994671, -4.499999999999983125, -8.000000000000000000 ) ) ;
#745 = VERTEX_POINT ( 'NONE', #1650 ) ;
#746 = ADVANCED_FACE ( 'NONE', ( #877 ), #810, .F. ) ;
#747 = ADVANCED_FACE ( 'NONE', ( #1628 ), #531, .F. ) ;
#748 = CARTESIAN_POINT ( 'NONE',  ( -12.49444853078622586, -4.499999999999991118, -4.000000000000000000 ) ) ;
#749 = DIRECTION ( 'NONE',  ( 0.000000000000000000, 0.000000000000000000, -1.000000000000000000 ) ) ;
#750 = DIRECTION ( 'NONE',  ( 0.7071067811865487940, -0.7071067811865463515, 0.000000000000000000 ) ) ;
#751 = CARTESIAN_POINT ( 'NONE',  ( 11.00000000000000178, -4.999999999999993783, -6.000000000000000000 ) ) ;
#752 = ORIENTED_EDGE ( 'NONE', *, *, #1794, .F. ) ;
#753 = AXIS2_PLACEMENT_3D ( 'NONE', #2704, #4286, #787 ) ;
#754 = PLANE ( 'NONE',  #3916 ) ;
#755 = CARTESIAN_POINT ( 'NONE',  ( -27.50000000000000000, -5.000000000000000888, 7.249999999999997335 ) ) ;
#756 = CARTESIAN_POINT ( 'NONE',  ( -1.808823529411760056, -0.9647058823529490734, -2.600000000000003197 ) ) ;
#757 = ORIENTED_EDGE ( 'NONE', *, *, #4228, .F. ) ;
#758 = CARTESIAN_POINT ( 'NONE',  ( -1.323529062674459800, 3.782800900682352196, 8.000000002201481664 ) ) ;
#759 = ORIENTED_EDGE ( 'NONE', *, *, #4652, .F. ) ;
#760 = DIRECTION ( 'NONE',  ( -0.000000000000000000, -1.000000000000000000, 0.000000000000000000 ) ) ;
#761 = CYLINDRICAL_SURFACE ( 'NONE', #939, 2.049999999999999822 ) ;
#762 = VERTEX_POINT ( 'NONE', #3650 ) ;
#763 = CIRCLE ( 'NONE', #1256, 2.149999999999999023 ) ;
#764 = DIRECTION ( 'NONE',  ( -0.7071067811865482389, 0.7071067811865469066, -0.000000000000000000 ) ) ;
#765 = VERTEX_POINT ( 'NONE', #4402 ) ;
#766 = ORIENTED_EDGE ( 'NONE', *, *, #2896, .F. ) ;
#767 = DIRECTION ( 'NONE',  ( -1.000000000000000000, 0.000000000000000000, 0.000000000000000000 ) ) ;
#768 = CIRCLE ( 'NONE', #1015, 1.500000000000013545 ) ;
#769 = VECTOR ( 'NONE', #983, 1000.000000000000000 ) ;
#770 = EDGE_CURVE ( 'NONE', #5047, #4957, #3705, .T. ) ;
#771 = DIRECTION ( 'NONE',  ( 0.000000000000000000, 0.000000000000000000, -1.000000000000000000 ) ) ;
#772 = AXIS2_PLACEMENT_3D ( 'NONE', #3750, #1046, #3361 ) ;
#773 = CIRCLE ( 'NONE', #3677, 2.000000000000000000 ) ;
#774 = EDGE_LOOP ( 'NONE', ( #3533, #5108 ) ) ;
#775 = AXIS2_PLACEMENT_3D ( 'NONE', #1077, #297, #1109 ) ;
#776 = AXIS2_PLACEMENT_3D ( 'NONE', #3889, #2794, #1186 ) ;
#777 = CARTESIAN_POINT ( 'NONE',  ( 8.515915245704291672E-16, -4.499999999999981348, -2.099999999999999645 ) ) ;
#778 = AXIS2_PLACEMENT_3D ( 'NONE', #3841, #4618, #5031 ) ;
#779 = CARTESIAN_POINT ( 'NONE',  ( 10.00000000000000178, -4.499999999999979572, -5.000000000000000000 ) ) ;
#780 = DIRECTION ( 'NONE',  ( 1.000000000000000000, 0.000000000000000000, 0.000000000000000000 ) ) ;
#781 = ADVANCED_FACE ( 'NONE', ( #2870 ), #1051, .F. ) ;
#782 = DIRECTION ( 'NONE',  ( -1.000000000000000000, 0.000000000000000000, 0.000000000000000000 ) ) ;
#783 = ORIENTED_EDGE ( 'NONE', *, *, #1570, .F. ) ;
#784 = CIRCLE ( 'NONE', #360, 2.000000000000000000 ) ;
#785 = FACE_OUTER_BOUND ( 'NONE', #569, .T. ) ;
#786 = DIRECTION ( 'NONE',  ( 1.000000000000000000, -8.673617379884035472E-16, 0.000000000000000000 ) ) ;
#787 = DIRECTION ( 'NONE',  ( 1.000000000000000000, 0.000000000000000000, 0.000000000000000000 ) ) ;
#788 = ADVANCED_FACE ( 'NONE', ( #456 ), #81, .F. ) ;
#789 = ORIENTED_EDGE ( 'NONE', *, *, #2785, .F. ) ;
#790 = EDGE_CURVE ( 'NONE', #1167, #5022, #1956, .T. ) ;
#791 = CARTESIAN_POINT ( 'NONE',  ( -2.509896310494053928, 3.119812866009106234, 8.000000000000000000 ) ) ;
#792 = EDGE_LOOP ( 'NONE', ( #1024, #1487, #4815, #1434 ) ) ;
#793 = LINE ( 'NONE', #2812, #1929 ) ;
#794 = ORIENTED_EDGE ( 'NONE', *, *, #2896, .T. ) ;
#795 = CARTESIAN_POINT ( 'NONE',  ( -27.50000000000000000, 4.500000000000014211, 10.00000000000000000 ) ) ;
#796 = VERTEX_POINT ( 'NONE', #2921 ) ;
#797 = EDGE_LOOP ( 'NONE', ( #766, #4325, #1248, #604 ) ) ;
#798 = AXIS2_PLACEMENT_3D ( 'NONE', #3013, #3943, #3191 ) ;
#799 = CARTESIAN_POINT ( 'NONE',  ( -25.30000000000000071, 0.000000000000000000, 10.00000000000000000 ) ) ;
#800 = PLANE ( 'NONE',  #3492 ) ;
#801 =( BOUNDED_CURVE ( )  B_SPLINE_CURVE ( 3, ( #748, #5083, #4672, #4699 ),
 .UNSPECIFIED., .F., .T. ) 
 B_SPLINE_CURVE_WITH_KNOTS ( ( 4, 4 ),
 ( 2.418858405776329157, 3.141592653589793116 ),
 .UNSPECIFIED. ) 
 CURVE ( )  GEOMETRIC_REPRESENTATION_ITEM ( )  RATIONAL_B_SPLINE_CURVE ( ( 1.000000000000000000, 0.9569428977956511151, 0.9569428977956511151, 1.000000000000000000 ) ) 
 REPRESENTATION_ITEM ( '' )  );
#802 = ORIENTED_EDGE ( 'NONE', *, *, #4027, .T. ) ;
#803 = DIRECTION ( 'NONE',  ( 1.652117596168388495E-16, -1.000000000000000000, -0.000000000000000000 ) ) ;
#804 = FACE_OUTER_BOUND ( 'NONE', #4631, .T. ) ;
#805 = CARTESIAN_POINT ( 'NONE',  ( -9.499999999999994671, -4.499999999999983125, -8.000000000000000000 ) ) ;
#806 = AXIS2_PLACEMENT_3D ( 'NONE', #3587, #2826, #3203 ) ;
#807 = CARTESIAN_POINT ( 'NONE',  ( 2.750000000000002665, -4.999999999999994671, -2.600000000000013856 ) ) ;
#808 = VERTEX_POINT ( 'NONE', #137 ) ;
#809 = EDGE_CURVE ( 'NONE', #1876, #4661, #4362, .T. ) ;
#810 = CONICAL_SURFACE ( 'NONE', #2617, 2.550000000000003819, 0.7853981633974482790 ) ;
#811 = CARTESIAN_POINT ( 'NONE',  ( 10.49999999999999822, 5.000000000000007994, -9.500000000000000000 ) ) ;
#812 = CARTESIAN_POINT ( 'NONE',  ( 6.750000000000000888, 4.000000000000004441, -6.000000000000000000 ) ) ;
#813 = CARTESIAN_POINT ( 'NONE',  ( 0.000000000000000000, 0.000000000000000000, 10.00000000000000000 ) ) ;
#814 = EDGE_LOOP ( 'NONE', ( #5089, #3540, #1138, #140 ) ) ;
#815 = CARTESIAN_POINT ( 'NONE',  ( -0.4129259879939372602, 4.000000000000003553, 7.761577111381060767 ) ) ;
#816 = EDGE_LOOP ( 'NONE', ( #4659, #4994, #1884, #1584 ) ) ;
#817 = EDGE_CURVE ( 'NONE', #4791, #1291, #4777, .T. ) ;
#818 = EDGE_CURVE ( 'NONE', #2018, #67, #1041, .T. ) ;
#819 = CARTESIAN_POINT ( 'NONE',  ( -27.50000000000000000, 4.499999999999993783, -4.000000000000000000 ) ) ;
#820 = DIRECTION ( 'NONE',  ( -1.000000000000000000, -1.652117596168388495E-16, -0.000000000000000000 ) ) ;
#821 = CARTESIAN_POINT ( 'NONE',  ( -1.808823529411760278, 0.9647058823529487404, -2.600000000000003197 ) ) ;
#822 = ORIENTED_EDGE ( 'NONE', *, *, #3139, .F. ) ;
#823 = CARTESIAN_POINT ( 'NONE',  ( -9.499999999999994671, -4.499999999999983125, -8.000000000000000000 ) ) ;
#824 = DIRECTION ( 'NONE',  ( 0.000000000000000000, 0.000000000000000000, 1.000000000000000000 ) ) ;
#825 = ORIENTED_EDGE ( 'NONE', *, *, #44, .T. ) ;
#826 = VERTEX_POINT ( 'NONE', #2199 ) ;
#827 = DIRECTION ( 'NONE',  ( -1.000000000000000000, 0.000000000000000000, 0.000000000000000000 ) ) ;
#828 = DIRECTION ( 'NONE',  ( 0.000000000000000000, 0.000000000000000000, -1.000000000000000000 ) ) ;
#829 =( BOUNDED_CURVE ( )  B_SPLINE_CURVE ( 3, ( #2684, #4, #4268, #3883 ),
 .UNSPECIFIED., .F., .T. ) 
 B_SPLINE_CURVE_WITH_KNOTS ( ( 4, 4 ),
 ( 5.560451059366169346, 6.283185307179586232 ),
 .UNSPECIFIED. ) 
 CURVE ( )  GEOMETRIC_REPRESENTATION_ITEM ( )  RATIONAL_B_SPLINE_CURVE ( ( 1.000000000000000000, 0.9569428977956567772, 0.9569428977956567772, 1.000000000000000000 ) ) 
 REPRESENTATION_ITEM ( '' )  );
#830 = CARTESIAN_POINT ( 'NONE',  ( -27.50000000000000000, -4.499999999999993783, -4.000000000000000000 ) ) ;
#831 = ORIENTED_EDGE ( 'NONE', *, *, #5100, .T. ) ;
#832 = DIRECTION ( 'NONE',  ( -1.000000000000000000, 0.000000000000000000, 0.000000000000000000 ) ) ;
#833 = DIRECTION ( 'NONE',  ( -0.000000000000000000, -0.000000000000000000, 1.000000000000000000 ) ) ;
#834 = CARTESIAN_POINT ( 'NONE',  ( -6.249999999999996447, -4.499999999999983125, -8.000000000000000000 ) ) ;
#835 = ORIENTED_EDGE ( 'NONE', *, *, #14, .T. ) ;
#836 = FACE_OUTER_BOUND ( 'NONE', #890, .T. ) ;
#837 = EDGE_CURVE ( 'NONE', #6, #2944, #5032, .T. ) ;
#838 = VERTEX_POINT ( 'NONE', #4579 ) ;
#839 = CIRCLE ( 'NONE', #79, 2.049999999999999822 ) ;
#840 = CARTESIAN_POINT ( 'NONE',  ( 12.50000000000000178, -2.999999999999994671, 7.749999999999998224 ) ) ;
#841 = DIRECTION ( 'NONE',  ( -0.000000000000000000, -0.000000000000000000, 1.000000000000000000 ) ) ;
#842 = CARTESIAN_POINT ( 'NONE',  ( -2.049999974570828609, 0.0003729180907791504961, -2.630306147856724674 ) ) ;
#843 = VECTOR ( 'NONE', #95, 1000.000000000000000 ) ;
#844 = EDGE_CURVE ( 'NONE', #1685, #2505, #4944, .T. ) ;
#845 = ORIENTED_EDGE ( 'NONE', *, *, #4991, .F. ) ;
#846 = FACE_OUTER_BOUND ( 'NONE', #1651, .T. ) ;
#847 = EDGE_CURVE ( 'NONE', #3985, #3466, #1382, .T. ) ;
#848 = CIRCLE ( 'NONE', #1259, 2.000000000000000000 ) ;
#849 = CARTESIAN_POINT ( 'NONE',  ( -7.499999999999994671, -4.499999999999983125, 8.000000000000000000 ) ) ;
#850 = ORIENTED_EDGE ( 'NONE', *, *, #3168, .T. ) ;
#851 = EDGE_LOOP ( 'NONE', ( #2824, #3286, #4693, #5052 ) ) ;
#852 = FACE_OUTER_BOUND ( 'NONE', #2608, .T. ) ;
#853 = CIRCLE ( 'NONE', #2591, 2.000000000000000000 ) ;
#854 = VECTOR ( 'NONE', #2533, 1000.000000000000000 ) ;
#855 = FACE_OUTER_BOUND ( 'NONE', #4170, .T. ) ;
#856 = VECTOR ( 'NONE', #1851, 1000.000000000000000 ) ;
#857 = CARTESIAN_POINT ( 'NONE',  ( 18.00000000000000355, -4.499999999999977796, 5.000000000000000000 ) ) ;
#858 = VECTOR ( 'NONE', #2539, 1000.000000000000114 ) ;
#859 = ORIENTED_EDGE ( 'NONE', *, *, #492, .F. ) ;
#860 = CIRCLE ( 'NONE', #2599, 2.000000000000000000 ) ;
#861 = CIRCLE ( 'NONE', #1933, 2.049999999999999822 ) ;
#862 = CARTESIAN_POINT ( 'NONE',  ( 6.750000000000000888, 4.000000000000004441, -8.000000000000000000 ) ) ;
#863 = LINE ( 'NONE', #1587, #4787 ) ;
#864 = VECTOR ( 'NONE', #4456, 1000.000000000000227 ) ;
#865 = ORIENTED_EDGE ( 'NONE', *, *, #4399, .T. ) ;
#866 = CARTESIAN_POINT ( 'NONE',  ( -2.168796549525526363, 4.000000000000003553, 7.037078198100473969 ) ) ;
#867 = CIRCLE ( 'NONE', #2523, 2.000000000000000000 ) ;
#868 = ORIENTED_EDGE ( 'NONE', *, *, #4318, .F. ) ;
#869 = CIRCLE ( 'NONE', #3165, 1.000000000000000000 ) ;
#870 = CARTESIAN_POINT ( 'NONE',  ( 10.49999999999999822, 3.000000000000008438, -10.00000000000000000 ) ) ;
#871 = AXIS2_PLACEMENT_3D ( 'NONE', #3845, #729, #4624 ) ;
#872 = PRODUCT_RELATED_PRODUCT_CATEGORY ( 'part', '', ( #256 ) ) ;
#873 = CARTESIAN_POINT ( 'NONE',  ( 30.32677911926509040, -4.124235663839651345, -4.900000000000000355 ) ) ;
#874 = CARTESIAN_POINT ( 'NONE',  ( -7.499999999999994671, -4.999999999999997335, 8.000000000000000000 ) ) ;
#875 = EDGE_CURVE ( 'NONE', #3703, #1465, #2121, .T. ) ;
#876 = ORIENTED_EDGE ( 'NONE', *, *, #639, .F. ) ;
#877 = FACE_OUTER_BOUND ( 'NONE', #2260, .T. ) ;
#878 = ORIENTED_EDGE ( 'NONE', *, *, #3931, .T. ) ;
#879 = VERTEX_POINT ( 'NONE', #3439 ) ;
#880 = EDGE_CURVE ( 'NONE', #4936, #480, #2286, .T. ) ;
#881 = EDGE_CURVE ( 'NONE', #2212, #2732, #577, .T. ) ;
#882 = DIRECTION ( 'NONE',  ( -1.000000000000000000, 0.000000000000000000, 0.000000000000000000 ) ) ;
#883 = CYLINDRICAL_SURFACE ( 'NONE', #929, 2.200000000000000622 ) ;
#884 = DIRECTION ( 'NONE',  ( 1.000000000000000000, 0.000000000000000000, 0.000000000000000000 ) ) ;
#885 = CARTESIAN_POINT ( 'NONE',  ( -14.41421356237309759, 2.585786437626909962, -4.000000000000000000 ) ) ;
#886 = ORIENTED_EDGE ( 'NONE', *, *, #1667, .T. ) ;
#887 = DIRECTION ( 'NONE',  ( 1.652117596168388495E-16, -1.000000000000000000, -0.000000000000000000 ) ) ;
#888 = DIRECTION ( 'NONE',  ( 1.892425610156517122E-16, -1.000000000000000000, 0.000000000000000000 ) ) ;
#889 = PLANE ( 'NONE',  #1083 ) ;
#890 = EDGE_LOOP ( 'NONE', ( #4846, #3993, #169, #1040 ) ) ;
#891 = LINE ( 'NONE', #1664, #4765 ) ;
#892 = ORIENTED_EDGE ( 'NONE', *, *, #361, .T. ) ;
#893 = AXIS2_PLACEMENT_3D ( 'NONE', #2031, #1201, #4389 ) ;
#894 = DIRECTION ( 'NONE',  ( -1.000000000000000000, -1.892425610156517122E-16, -0.000000000000000000 ) ) ;
#895 = LINE ( 'NONE', #874, #1666 ) ;
#896 = EDGE_LOOP ( 'NONE', ( #557, #2418, #562, #3628 ) ) ;
#897 = DIRECTION ( 'NONE',  ( -1.000000000000000000, 0.000000000000000000, 0.000000000000000000 ) ) ;
#898 = ORIENTED_EDGE ( 'NONE', *, *, #3437, .T. ) ;
#899 = EDGE_CURVE ( 'NONE', #387, #4803, #2609, .T. ) ;
#900 = ORIENTED_EDGE ( 'NONE', *, *, #4172, .F. ) ;
#901 = DIRECTION ( 'NONE',  ( 0.000000000000000000, 0.000000000000000000, 1.000000000000000000 ) ) ;
#902 = CARTESIAN_POINT ( 'NONE',  ( 11.82287565553230202, -4.499999999999991118, -7.749999999999998224 ) ) ;
#903 = DIRECTION ( 'NONE',  ( -1.000000000000000000, 0.000000000000000000, 0.000000000000000000 ) ) ;
#904 = CARTESIAN_POINT ( 'NONE',  ( 29.55000000000000071, 0.000000000000000000, 7.249999999999996447 ) ) ;
#905 = EDGE_CURVE ( 'NONE', #4803, #3222, #1470, .T. ) ;
#906 = EDGE_CURVE ( 'NONE', #762, #3859, #3752, .T. ) ;
#907 = ORIENTED_EDGE ( 'NONE', *, *, #1607, .F. ) ;
#908 = CYLINDRICAL_SURFACE ( 'NONE', #4414, 2.000000000000000000 ) ;
#909 = FACE_OUTER_BOUND ( 'NONE', #2623, .T. ) ;
#910 = CARTESIAN_POINT ( 'NONE',  ( 18.00000000000000355, -4.999999999999992006, -5.000000000000000000 ) ) ;
#911 = VERTEX_POINT ( 'NONE', #554 ) ;
#912 = DIRECTION ( 'NONE',  ( 1.000000000000000000, 1.892425610156517122E-16, 0.000000000000000000 ) ) ;
#913 = EDGE_CURVE ( 'NONE', #4368, #3572, #1395, .T. ) ;
#914 = EDGE_LOOP ( 'NONE', ( #4753, #3737, #1740, #1182 ) ) ;
#915 = CARTESIAN_POINT ( 'NONE',  ( -2.647858586953799609, 0.1043617353325070468, -2.139967504588662361 ) ) ;
#916 = CARTESIAN_POINT ( 'NONE',  ( 25.41622186799687100, -11.81769303614650113, 2.649999999999999911 ) ) ;
#917 = CARTESIAN_POINT ( 'NONE',  ( 29.55000000000000071, 0.000000000000000000, 10.00000000000000000 ) ) ;
#918 = CONICAL_SURFACE ( 'NONE', #1585, 3.099999999999998757, 0.7853981633974512766 ) ;
#919 = VERTEX_POINT ( 'NONE', #3334 ) ;
#920 = DIRECTION ( 'NONE',  ( 1.652117596168388495E-16, -1.000000000000000000, -0.000000000000000000 ) ) ;
#921 = DIRECTION ( 'NONE',  ( -0.000000000000000000, -0.000000000000000000, 1.000000000000000000 ) ) ;
#922 = EDGE_LOOP ( 'NONE', ( #2167, #1699, #2291, #4381, #4483, #4641, #100, #1044, #4433 ) ) ;
#923 = ORIENTED_EDGE ( 'NONE', *, *, #3311, .F. ) ;
#924 = DIRECTION ( 'NONE',  ( 0.000000000000000000, 0.000000000000000000, -1.000000000000000000 ) ) ;
#925 = EDGE_CURVE ( 'NONE', #2492, #4239, #4222, .T. ) ;
#926 = CARTESIAN_POINT ( 'NONE',  ( 25.41622186799687100, -11.81769303614650113, 4.900000000000000355 ) ) ;
#927 = CARTESIAN_POINT ( 'NONE',  ( 32.50000000000000000, 4.500000000000011546, -7.750000000000000000 ) ) ;
#928 = ORIENTED_EDGE ( 'NONE', *, *, #14, .F. ) ;
#929 = AXIS2_PLACEMENT_3D ( 'NONE', #2462, #4457, #4326 ) ;
#930 = ADVANCED_FACE ( 'NONE', ( #2166 ), #187, .F. ) ;
#931 = CARTESIAN_POINT ( 'NONE',  ( 4.750000000000000888, 3.000000000000003553, -6.000000000000000000 ) ) ;
#932 = DIRECTION ( 'NONE',  ( 0.000000000000000000, 0.000000000000000000, -1.000000000000000000 ) ) ;
#933 = CARTESIAN_POINT ( 'NONE',  ( -3.749999999999985789, -4.999999999999996447, -4.099999999999999645 ) ) ;
#934 = VERTEX_POINT ( 'NONE', #235 ) ;
#935 = PRESENTATION_LAYER_ASSIGNMENT (  '', '', ( #4752 ) ) ;
#936 = CARTESIAN_POINT ( 'NONE',  ( 11.00000000000000000, 4.000000000000005329, 6.000000000000000000 ) ) ;
#937 = CIRCLE ( 'NONE', #3419, 5.000000000000000888 ) ;
#938 = ORIENTED_EDGE ( 'NONE', *, *, #3200, .T. ) ;
#939 = AXIS2_PLACEMENT_3D ( 'NONE', #3155, #4290, #339 ) ;
#940 = EDGE_CURVE ( 'NONE', #190, #3808, #268, .T. ) ;
#941 = FACE_OUTER_BOUND ( 'NONE', #2476, .T. ) ;
#942 = AXIS2_PLACEMENT_3D ( 'NONE', #1579, #407, #1503 ) ;
#943 = DIRECTION ( 'NONE',  ( -0.000000000000000000, -0.000000000000000000, -1.000000000000000000 ) ) ;
#944 = VECTOR ( 'NONE', #2516, 1000.000000000000114 ) ;
#945 = VECTOR ( 'NONE', #3719, 1000.000000000000000 ) ;
#946 = DIRECTION ( 'NONE',  ( 1.000000000000000000, 0.000000000000000000, 0.000000000000000000 ) ) ;
#947 = LINE ( 'NONE', #1367, #4016 ) ;
#948 = ORIENTED_EDGE ( 'NONE', *, *, #5127, .F. ) ;
#949 = DIRECTION ( 'NONE',  ( -1.000000000000000000, -2.891205793294678326E-16, 0.000000000000000000 ) ) ;
#950 = DIRECTION ( 'NONE',  ( 0.000000000000000000, 0.000000000000000000, -1.000000000000000000 ) ) ;
#951 = VERTEX_POINT ( 'NONE', #2534 ) ;
#952 = ORIENTED_EDGE ( 'NONE', *, *, #1002, .T. ) ;
#953 = CARTESIAN_POINT ( 'NONE',  ( -43.11716621585583198, -3.287400779199487477, -2.649999999999999911 ) ) ;
#954 = DIRECTION ( 'NONE',  ( -0.9848077530122085754, 0.1736481776669277499, 0.000000000000000000 ) ) ;
#955 = CARTESIAN_POINT ( 'NONE',  ( -27.50000000000000000, 0.000000000000000000, -10.00000000000000000 ) ) ;
#956 = VERTEX_POINT ( 'NONE', #4918 ) ;
#957 = EDGE_CURVE ( 'NONE', #3141, #911, #4168, .T. ) ;
#958 = FACE_OUTER_BOUND ( 'NONE', #323, .T. ) ;
#959 = DIRECTION ( 'NONE',  ( 1.000000000000000000, 1.892425610156517122E-16, -8.673617379884035472E-17 ) ) ;
#960 = CARTESIAN_POINT ( 'NONE',  ( -2.616402485552644652, -0.3613636018800572280, -2.133830439581592575 ) ) ;
#961 = AXIS2_PLACEMENT_3D ( 'NONE', #4504, #1824, #2557 ) ;
#962 = LINE ( 'NONE', #933, #347 ) ;
#963 = ORIENTED_EDGE ( 'NONE', *, *, #1788, .T. ) ;
#964 = CARTESIAN_POINT ( 'NONE',  ( 20.50000000000001421, -4.999999999999992006, -3.000000000000000000 ) ) ;
#965 = ORIENTED_EDGE ( 'NONE', *, *, #4718, .T. ) ;
#966 = EDGE_CURVE ( 'NONE', #1554, #2505, #773, .T. ) ;
#967 = CARTESIAN_POINT ( 'NONE',  ( -2.039743133334877445, 0.2090829821405777444, -2.627745026071054202 ) ) ;
#968 = FACE_OUTER_BOUND ( 'NONE', #3119, .T. ) ;
#969 = ADVANCED_FACE ( 'NONE', ( #1370 ), #3923, .F. ) ;
#970 = EDGE_CURVE ( 'NONE', #1571, #3120, #2243, .T. ) ;
#971 = DIRECTION ( 'NONE',  ( 0.000000000000000000, 0.000000000000000000, -1.000000000000000000 ) ) ;
#972 = LINE ( 'NONE', #233, #2764 ) ;
#973 = VERTEX_POINT ( 'NONE', #5046 ) ;
#974 = CARTESIAN_POINT ( 'NONE',  ( -12.99999999999999822, -1.171572875253809709, 4.000000000000000000 ) ) ;
#975 = DIRECTION ( 'NONE',  ( -0.000000000000000000, -0.000000000000000000, -1.000000000000000000 ) ) ;
#976 = ORIENTED_EDGE ( 'NONE', *, *, #3755, .F. ) ;
#977 = EDGE_LOOP ( 'NONE', ( #50, #3276 ) ) ;
#978 = CARTESIAN_POINT ( 'NONE',  ( -50.00000000000000000, 5.000000000000007105, -4.000000000000000000 ) ) ;
#979 = CARTESIAN_POINT ( 'NONE',  ( -11.17157287525382259, 5.000000000000004441, 4.500000000000007105 ) ) ;
#980 = DIRECTION ( 'NONE',  ( 1.000000000000000000, 1.652117596168388495E-16, -4.336808689942018722E-16 ) ) ;
#981 = ORIENTED_EDGE ( 'NONE', *, *, #4455, .F. ) ;
#982 = CARTESIAN_POINT ( 'NONE',  ( -24.40000000000000213, 0.000000000000000000, -5.799999999999999822 ) ) ;
#983 = DIRECTION ( 'NONE',  ( -1.000000000000000000, -1.892425610156517122E-16, -0.000000000000000000 ) ) ;
#984 = CARTESIAN_POINT ( 'NONE',  ( -2.315971563940693922, 1.107214847735203733, -2.100013562442354598 ) ) ;
#985 = CARTESIAN_POINT ( 'NONE',  ( 6.750000000000000888, 3.000000000000004441, -6.000000000000000000 ) ) ;
#986 = DIRECTION ( 'NONE',  ( -0.000000000000000000, -0.000000000000000000, -1.000000000000000000 ) ) ;
#987 = ORIENTED_EDGE ( 'NONE', *, *, #526, .T. ) ;
#988 = CARTESIAN_POINT ( 'NONE',  ( -2.565496994482443061, -0.5674118585899020628, -2.124967828421102656 ) ) ;
#989 = DIRECTION ( 'NONE',  ( 0.000000000000000000, 0.000000000000000000, -1.000000000000000000 ) ) ;
#990 = ADVANCED_FACE ( 'NONE', ( #4691 ), #2888, .T. ) ;
#991 = VERTEX_POINT ( 'NONE', #4243 ) ;
#992 = DIRECTION ( 'NONE',  ( -0.000000000000000000, -0.000000000000000000, -1.000000000000000000 ) ) ;
#993 = CARTESIAN_POINT ( 'NONE',  ( 1.481308647607106899, 4.000000000000003553, 7.238299152330368358 ) ) ;
#994 = ORIENTED_EDGE ( 'NONE', *, *, #3004, .T. ) ;
#995 = CARTESIAN_POINT ( 'NONE',  ( 4.750000000000000888, 4.000000000000004441, -2.099999999999999645 ) ) ;
#996 = ADVANCED_FACE ( 'NONE', ( #1129 ), #4713, .F. ) ;
#997 = ORIENTED_EDGE ( 'NONE', *, *, #1723, .F. ) ;
#998 = AXIS2_PLACEMENT_3D ( 'NONE', #1016, #1817, #1433 ) ;
#999 = ORIENTED_EDGE ( 'NONE', *, *, #644, .F. ) ;
#1000 = CARTESIAN_POINT ( 'NONE',  ( -14.41421356237308693, -2.585786437626909962, -4.000000000000000000 ) ) ;
#1001 = EDGE_CURVE ( 'NONE', #1566, #4663, #3486, .T. ) ;
#1002 = EDGE_CURVE ( 'NONE', #4239, #2303, #2711, .T. ) ;
#1003 = CARTESIAN_POINT ( 'NONE',  ( -27.50000000000000000, -5.000000000000000888, -9.500000000000000000 ) ) ;
#1004 = CARTESIAN_POINT ( 'NONE',  ( -27.50000000000000000, -4.500000000000000888, -10.00000000000000000 ) ) ;
#1005 = ORIENTED_EDGE ( 'NONE', *, *, #4076, .F. ) ;
#1006 = DIRECTION ( 'NONE',  ( 1.000000000000000000, 0.000000000000000000, 0.000000000000000000 ) ) ;
#1007 = AXIS2_PLACEMENT_3D ( 'NONE', #2981, #1032, #2614 ) ;
#1008 = CARTESIAN_POINT ( 'NONE',  ( 25.41622186799687100, -11.81769303614650113, 4.900000000000000355 ) ) ;
#1009 = CARTESIAN_POINT ( 'NONE',  ( -2.373583264357994604, 1.012447927723424623, -2.103202533903368643 ) ) ;
#1010 = DIRECTION ( 'NONE',  ( -1.000000000000000000, 0.000000000000000000, 0.000000000000000000 ) ) ;
#1011 = CARTESIAN_POINT ( 'NONE',  ( 20.00000000000000000, 3.000000000000007994, 3.000000000000000000 ) ) ;
#1012 = ORIENTED_EDGE ( 'NONE', *, *, #4999, .T. ) ;
#1013 = AXIS2_PLACEMENT_3D ( 'NONE', #4284, #2753, #5093 ) ;
#1014 = CARTESIAN_POINT ( 'NONE',  ( -2.473146625149239330, -0.8183343062101201548, -2.111858966669662774 ) ) ;
#1015 = AXIS2_PLACEMENT_3D ( 'NONE', #4520, #2546, #2520 ) ;
#1016 = CARTESIAN_POINT ( 'NONE',  ( 11.00000000000000000, 4.000000000000005329, -6.000000000000000000 ) ) ;
#1017 = VERTEX_POINT ( 'NONE', #713 ) ;
#1018 = AXIS2_PLACEMENT_3D ( 'NONE', #194, #2928, #954 ) ;
#1019 = CIRCLE ( 'NONE', #4581, 2.000000000000000000 ) ;
#1020 = EDGE_CURVE ( 'NONE', #2033, #4476, #4446, .T. ) ;
#1021 = CARTESIAN_POINT ( 'NONE',  ( -9.499999999999996447, 3.000000000000002220, -6.000000000000000000 ) ) ;
#1022 = CARTESIAN_POINT ( 'NONE',  ( 2.352846747343730005, 3.242085061099686971, 7.999999997725971923 ) ) ;
#1023 = CIRCLE ( 'NONE', #3761, 2.000000000000000000 ) ;
#1024 = ORIENTED_EDGE ( 'NONE', *, *, #2210, .T. ) ;
#1025 = DIRECTION ( 'NONE',  ( -1.892425610156517122E-16, 1.000000000000000000, -0.000000000000000000 ) ) ;
#1026 = AXIS2_PLACEMENT_3D ( 'NONE', #3709, #3238, #2851 ) ;
#1027 = AXIS2_PLACEMENT_3D ( 'NONE', #936, #126, #493 ) ;
#1028 = ORIENTED_EDGE ( 'NONE', *, *, #875, .T. ) ;
#1029 = EDGE_CURVE ( 'NONE', #4355, #115, #2766, .T. ) ;
#1030 = LINE ( 'NONE', #1829, #610 ) ;
#1031 = CARTESIAN_POINT ( 'NONE',  ( -27.50000000000000000, -5.000000000000000888, 9.500000000000014211 ) ) ;
#1032 = DIRECTION ( 'NONE',  ( 1.652117596168388495E-16, -1.000000000000000000, -0.000000000000000000 ) ) ;
#1033 = EDGE_LOOP ( 'NONE', ( #4821, #3953, #158, #4061 ) ) ;
#1034 = EDGE_CURVE ( 'NONE', #2573, #3050, #5071, .T. ) ;
#1035 = EDGE_CURVE ( 'NONE', #1649, #4409, #3907, .T. ) ;
#1036 = DIRECTION ( 'NONE',  ( -1.892425610156517122E-16, 1.000000000000000000, 0.000000000000000000 ) ) ;
#1037 = CARTESIAN_POINT ( 'NONE',  ( -6.249999999999996447, -4.999999999999996447, -8.500000000000014211 ) ) ;
#1038 = DIRECTION ( 'NONE',  ( 0.000000000000000000, 1.000000000000000000, 0.000000000000000000 ) ) ;
#1039 = LINE ( 'NONE', #648, #3687 ) ;
#1040 = ORIENTED_EDGE ( 'NONE', *, *, #4745, .F. ) ;
#1041 = CIRCLE ( 'NONE', #961, 5.000000000000000888 ) ;
#1042 = CARTESIAN_POINT ( 'NONE',  ( 4.249999999999986677, -4.999999999999994671, -6.000000000000000000 ) ) ;
#1043 = DIRECTION ( 'NONE',  ( 1.000000000000000000, 0.000000000000000000, 0.000000000000000000 ) ) ;
#1044 = ORIENTED_EDGE ( 'NONE', *, *, #2161, .F. ) ;
#1045 = DIRECTION ( 'NONE',  ( 1.000000000000000000, 1.892425610156517122E-16, 0.000000000000000000 ) ) ;
#1046 = DIRECTION ( 'NONE',  ( 0.000000000000000000, 0.000000000000000000, 1.000000000000000000 ) ) ;
#1047 = ORIENTED_EDGE ( 'NONE', *, *, #109, .T. ) ;
#1048 = DIRECTION ( 'NONE',  ( -1.000000000000000000, -2.168404344971008868E-16, 0.000000000000000000 ) ) ;
#1049 = AXIS2_PLACEMENT_3D ( 'NONE', #3716, #3794, #3692 ) ;
#1050 = VERTEX_POINT ( 'NONE', #739 ) ;
#1051 = TOROIDAL_SURFACE ( 'NONE', #1210, 2.000000000000000000, 1.000000000000000000 ) ;
#1052 = EDGE_LOOP ( 'NONE', ( #4738, #4370, #2079, #2297 ) ) ;
#1053 = CARTESIAN_POINT ( 'NONE',  ( 20.50000000000001776, -4.999999999999992006, 2.649999999999999467 ) ) ;
#1054 = LINE ( 'NONE', #4590, #4759 ) ;
#1055 = EDGE_CURVE ( 'NONE', #4007, #4637, #839, .T. ) ;
#1056 = CARTESIAN_POINT ( 'NONE',  ( -30.99999999999991829, -13.99999999999998757, -4.000000000000000000 ) ) ;
#1057 = ORIENTED_EDGE ( 'NONE', *, *, #1819, .F. ) ;
#1058 = CARTESIAN_POINT ( 'NONE',  ( 12.50000000000000000, 3.000000000000008882, 9.500000000000014211 ) ) ;
#1059 = LINE ( 'NONE', #1789, #4754 ) ;
#1060 = DIRECTION ( 'NONE',  ( 1.652117596168388495E-16, -1.000000000000000000, 0.000000000000000000 ) ) ;
#1061 = ADVANCED_FACE ( 'NONE', ( #3077 ), #2319, .F. ) ;
#1062 = ADVANCED_FACE ( 'NONE', ( #2296 ), #3520, .F. ) ;
#1063 = DIRECTION ( 'NONE',  ( 0.000000000000000000, 0.000000000000000000, 1.000000000000000000 ) ) ;
#1064 = ORIENTED_EDGE ( 'NONE', *, *, #4745, .T. ) ;
#1065 = CARTESIAN_POINT ( 'NONE',  ( 28.86304900353959368, -12.42546165798074753, -2.650000000000000355 ) ) ;
#1066 = CARTESIAN_POINT ( 'NONE',  ( -2.514439517736029917, 0.7203574412531161819, -2.117267760674305332 ) ) ;
#1067 = DIRECTION ( 'NONE',  ( 1.000000000000000000, 0.000000000000000000, 0.000000000000000000 ) ) ;
#1068 = EDGE_CURVE ( 'NONE', #1418, #4469, #241, .T. ) ;
#1069 = ORIENTED_EDGE ( 'NONE', *, *, #714, .F. ) ;
#1070 = EDGE_LOOP ( 'NONE', ( #1750, #1568, #406, #2887 ) ) ;
#1071 = DIRECTION ( 'NONE',  ( -0.000000000000000000, -0.000000000000000000, 1.000000000000000000 ) ) ;
#1072 = ORIENTED_EDGE ( 'NONE', *, *, #4983, .T. ) ;
#1073 = LINE ( 'NONE', #4317, #3656 ) ;
#1074 = ORIENTED_EDGE ( 'NONE', *, *, #4524, .F. ) ;
#1075 = EDGE_LOOP ( 'NONE', ( #3482, #5109, #952, #5069 ) ) ;
#1076 = CARTESIAN_POINT ( 'NONE',  ( 27.50000000000000000, 5.000000000000011546, 7.250000000000000888 ) ) ;
#1077 = CARTESIAN_POINT ( 'NONE',  ( 18.00000000000000355, 3.000000000000006217, -4.000000000000000000 ) ) ;
#1078 = CARTESIAN_POINT ( 'NONE',  ( 8.000000000000000000, 3.000000000000004885, -6.000000000000000000 ) ) ;
#1079 = VECTOR ( 'NONE', #4423, 1000.000000000000000 ) ;
#1080 = VERTEX_POINT ( 'NONE', #5068 ) ;
#1081 = EDGE_CURVE ( 'NONE', #4904, #1873, #3112, .T. ) ;
#1082 = DIRECTION ( 'NONE',  ( -1.000000000000000000, -1.652117596168388495E-16, -0.000000000000000000 ) ) ;
#1083 = AXIS2_PLACEMENT_3D ( 'NONE', #2470, #4058, #489 ) ;
#1084 = CARTESIAN_POINT ( 'NONE',  ( 27.50000000000000000, -4.499999999999988454, 7.749999999999999112 ) ) ;
#1085 = SURFACE_STYLE_USAGE ( .BOTH. , #246 ) ;
#1086 = CARTESIAN_POINT ( 'NONE',  ( 27.56622186799686958, -11.81769303614650113, -4.900000000000000355 ) ) ;
#1087 = ORIENTED_EDGE ( 'NONE', *, *, #4146, .T. ) ;
#1088 = EDGE_CURVE ( 'NONE', #2923, #4143, #5103, .T. ) ;
#1089 = LINE ( 'NONE', #4474, #854 ) ;
#1090 = DIRECTION ( 'NONE',  ( -1.000000000000000000, 0.000000000000000000, 0.000000000000000000 ) ) ;
#1091 = CARTESIAN_POINT ( 'NONE',  ( 27.50000000000000000, -5.000000000000000888, -10.00000000000000000 ) ) ;
#1092 = ORIENTED_EDGE ( 'NONE', *, *, #1034, .F. ) ;
#1093 = AXIS2_PLACEMENT_3D ( 'NONE', #298, #5107, #2356 ) ;
#1094 = EDGE_LOOP ( 'NONE', ( #4920, #2782, #4686, #4047 ) ) ;
#1095 = EDGE_CURVE ( 'NONE', #3067, #1542, #1073, .T. ) ;
#1096 = EDGE_CURVE ( 'NONE', #2338, #735, #829, .T. ) ;
#1097 = AXIS2_PLACEMENT_3D ( 'NONE', #362, #2392, #1617 ) ;
#1098 = CARTESIAN_POINT ( 'NONE',  ( 27.50000000000000000, 0.000000000000000000, 7.749999999999999112 ) ) ;
#1099 = DIRECTION ( 'NONE',  ( 0.000000000000000000, 0.000000000000000000, -1.000000000000000000 ) ) ;
#1100 = VECTOR ( 'NONE', #1153, 1000.000000000000114 ) ;
#1101 = ORIENTED_EDGE ( 'NONE', *, *, #3534, .F. ) ;
#1102 = DIRECTION ( 'NONE',  ( 0.000000000000000000, 0.000000000000000000, 1.000000000000000000 ) ) ;
#1103 = VECTOR ( 'NONE', #3950, 1000.000000000000000 ) ;
#1104 = AXIS2_PLACEMENT_3D ( 'NONE', #1972, #2723, #2664 ) ;
#1105 = EDGE_LOOP ( 'NONE', ( #4726, #2164, #1605, #4059 ) ) ;
#1106 = ORIENTED_EDGE ( 'NONE', *, *, #4264, .F. ) ;
#1107 = VECTOR ( 'NONE', #4436, 1000.000000000000000 ) ;
#1108 = LINE ( 'NONE', #3162, #4620 ) ;
#1109 = DIRECTION ( 'NONE',  ( 0.000000000000000000, 0.000000000000000000, 1.000000000000000000 ) ) ;
#1110 = CARTESIAN_POINT ( 'NONE',  ( 25.41622186799687100, -11.81769303614650113, -4.900000000000000355 ) ) ;
#1111 = EDGE_LOOP ( 'NONE', ( #4349, #380, #229, #4108 ) ) ;
#1112 = AXIS2_PLACEMENT_3D ( 'NONE', #2680, #2292, #5043 ) ;
#1113 = ORIENTED_EDGE ( 'NONE', *, *, #3817, .T. ) ;
#1114 = VECTOR ( 'NONE', #3172, 1000.000000000000000 ) ;
#1115 = LINE ( 'NONE', #2696, #3848 ) ;
#1116 = DIRECTION ( 'NONE',  ( 1.000000000000000000, 1.892425610156517122E-16, 0.000000000000000000 ) ) ;
#1117 =( NAMED_UNIT ( * ) SI_UNIT ( $, .STERADIAN. ) SOLID_ANGLE_UNIT ( ) );
#1118 = PRESENTATION_STYLE_ASSIGNMENT (( #1085 ) ) ;
#1119 = CARTESIAN_POINT ( 'NONE',  ( 27.50000000000000000, 0.000000000000000000, -7.749999999999999112 ) ) ;
#1120 = VERTEX_POINT ( 'NONE', #3568 ) ;
#1121 = CARTESIAN_POINT ( 'NONE',  ( -2.249999999999998668, 4.000000000000002665, -2.099999999999999645 ) ) ;
#1122 = CARTESIAN_POINT ( 'NONE',  ( 2.750000000000001332, 3.000000000000003997, -4.099999999999999645 ) ) ;
#1123 = CARTESIAN_POINT ( 'NONE',  ( 1.481209643874109805, 4.000000000000002665, 7.238337681547644564 ) ) ;
#1124 = VERTEX_POINT ( 'NONE', #315 ) ;
#1125 = EDGE_CURVE ( 'NONE', #765, #2500, #3078, .T. ) ;
#1126 = ORIENTED_EDGE ( 'NONE', *, *, #2143, .T. ) ;
#1127 = CARTESIAN_POINT ( 'NONE',  ( 0.8317450024766661620, 4.000000000000003553, 7.535112822705593238 ) ) ;
#1128 = VERTEX_POINT ( 'NONE', #2401 ) ;
#1129 = FACE_OUTER_BOUND ( 'NONE', #4607, .T. ) ;
#1130 = ADVANCED_FACE ( 'NONE', ( #4790 ), #1907, .F. ) ;
#1131 = EDGE_CURVE ( 'NONE', #2776, #4147, #4837, .T. ) ;
#1132 = ORIENTED_EDGE ( 'NONE', *, *, #4241, .F. ) ;
#1133 = VERTEX_POINT ( 'NONE', #2836 ) ;
#1134 = DIRECTION ( 'NONE',  ( -0.000000000000000000, -0.000000000000000000, -1.000000000000000000 ) ) ;
#1135 = CARTESIAN_POINT ( 'NONE',  ( -27.50000000000000000, 0.000000000000000000, 4.000000000000000000 ) ) ;
#1136 = VECTOR ( 'NONE', #894, 1000.000000000000000 ) ;
#1137 = CIRCLE ( 'NONE', #3455, 2.500000000000014211 ) ;
#1138 = ORIENTED_EDGE ( 'NONE', *, *, #1634, .T. ) ;
#1139 = PLANE ( 'NONE',  #4098 ) ;
#1140 = DIRECTION ( 'NONE',  ( 0.000000000000000000, 1.000000000000000000, 0.000000000000000000 ) ) ;
#1141 = CARTESIAN_POINT ( 'NONE',  ( 12.00000000000001421, 7.475081160118244492E-15, 10.00000000000000000 ) ) ;
#1142 = ORIENTED_EDGE ( 'NONE', *, *, #1597, .T. ) ;
#1143 = DIRECTION ( 'NONE',  ( 0.000000000000000000, -0.7071067811865474617, -0.7071067811865474617 ) ) ;
#1144 = CYLINDRICAL_SURFACE ( 'NONE', #3288, 2.000000000000000000 ) ;
#1145 = DIRECTION ( 'NONE',  ( 1.951464348506112674E-16, -0.7071067811865473507, -0.7071067811865476838 ) ) ;
#1146 = ORIENTED_EDGE ( 'NONE', *, *, #4806, .T. ) ;
#1147 = DIRECTION ( 'NONE',  ( 0.000000000000000000, 0.000000000000000000, -1.000000000000000000 ) ) ;
#1148 = ORIENTED_EDGE ( 'NONE', *, *, #615, .F. ) ;
#1149 = CARTESIAN_POINT ( 'NONE',  ( 27.50000000000000000, 0.000000000000000000, 7.750000000000000000 ) ) ;
#1150 = CARTESIAN_POINT ( 'NONE',  ( 0.4129259879940622713, 4.000000000000003553, 7.761577111381269489 ) ) ;
#1151 = EDGE_CURVE ( 'NONE', #3703, #1368, #2814, .T. ) ;
#1152 = LINE ( 'NONE', #398, #4375 ) ;
#1153 = DIRECTION ( 'NONE',  ( 0.9848077530122085754, -0.1736481776669277499, 0.000000000000000000 ) ) ;
#1154 = ORIENTED_EDGE ( 'NONE', *, *, #2147, .T. ) ;
#1155 = EDGE_CURVE ( 'NONE', #2033, #1846, #895, .T. ) ;
#1156 = ORIENTED_EDGE ( 'NONE', *, *, #3641, .F. ) ;
#1157 = LINE ( 'NONE', #1183, #2796 ) ;
#1158 = DIRECTION ( 'NONE',  ( -1.000000000000000000, 0.000000000000000000, 0.000000000000000000 ) ) ;
#1159 = ORIENTED_EDGE ( 'NONE', *, *, #2203, .T. ) ;
#1160 = ORIENTED_EDGE ( 'NONE', *, *, #817, .T. ) ;
#1161 = ADVANCED_FACE ( 'NONE', ( #3278 ), #1743, .T. ) ;
#1162 = EDGE_CURVE ( 'NONE', #1340, #4356, #3252, .T. ) ;
#1163 = CARTESIAN_POINT ( 'NONE',  ( -23.89999999999998792, 0.000000000000000000, -10.00000000000000000 ) ) ;
#1164 = CARTESIAN_POINT ( 'NONE',  ( -7.499999999999996447, 4.000000000000001776, -8.000000000000000000 ) ) ;
#1165 = DIRECTION ( 'NONE',  ( 0.000000000000000000, 0.000000000000000000, -1.000000000000000000 ) ) ;
#1166 = PLANE ( 'NONE',  #3192 ) ;
#1167 = VERTEX_POINT ( 'NONE', #4397 ) ;
#1168 = VECTOR ( 'NONE', #4855, 1000.000000000000000 ) ;
#1169 = DIRECTION ( 'NONE',  ( -0.7071067811865460184, 0.000000000000000000, 0.7071067811865490160 ) ) ;
#1170 = CARTESIAN_POINT ( 'NONE',  ( 22.23259738175770295, -9.717228014441795736, -4.900000000000000355 ) ) ;
#1171 = DIRECTION ( 'NONE',  ( 0.000000000000000000, 0.000000000000000000, -1.000000000000000000 ) ) ;
#1172 = ORIENTED_EDGE ( 'NONE', *, *, #1289, .F. ) ;
#1173 = DIRECTION ( 'NONE',  ( -0.000000000000000000, -0.000000000000000000, 1.000000000000000000 ) ) ;
#1174 = VERTEX_POINT ( 'NONE', #3988 ) ;
#1175 = B_SPLINE_CURVE_WITH_KNOTS ( 'NONE', 3,
 ( #3957, #3900, #5014, #1123, #4653, #4236, #4684, #3101 ),
 .UNSPECIFIED., .F., .F.,
 ( 4, 2, 2, 4 ),
 ( -1.095445146510845020E-05, 0.001416565785593424352, 0.002130325904122691398, 0.002844086022651958444 ),
 .UNSPECIFIED. ) ;
#1176 = CARTESIAN_POINT ( 'NONE',  ( 0.2754588163379056431, 4.000000000000001776, 7.999999999999793943 ) ) ;
#1177 = ORIENTED_EDGE ( 'NONE', *, *, #2774, .F. ) ;
#1178 = CARTESIAN_POINT ( 'NONE',  ( -7.499999999999996447, 3.000000000000002220, -7.000000000000000000 ) ) ;
#1179 = ADVANCED_FACE ( 'NONE', ( #3626 ), #4811, .F. ) ;
#1180 = ORIENTED_EDGE ( 'NONE', *, *, #155, .F. ) ;
#1181 = VECTOR ( 'NONE', #1725, 1000.000000000000000 ) ;
#1182 = ORIENTED_EDGE ( 'NONE', *, *, #3918, .T. ) ;
#1183 = CARTESIAN_POINT ( 'NONE',  ( -27.50000000000000000, 5.000000000000000888, -10.00000000000000000 ) ) ;
#1184 = AXIS2_PLACEMENT_3D ( 'NONE', #3452, #2282, #3870 ) ;
#1185 = VECTOR ( 'NONE', #2937, 1000.000000000000000 ) ;
#1186 = DIRECTION ( 'NONE',  ( -1.000000000000000000, 0.000000000000000000, 0.000000000000000000 ) ) ;
#1187 = EDGE_CURVE ( 'NONE', #2174, #4288, #1825, .T. ) ;
#1188 = ORIENTED_EDGE ( 'NONE', *, *, #3947, .T. ) ;
#1189 = CIRCLE ( 'NONE', #4018, 5.000000000000000888 ) ;
#1190 = FACE_OUTER_BOUND ( 'NONE', #4427, .T. ) ;
#1191 = AXIS2_PLACEMENT_3D ( 'NONE', #2618, #198, #220 ) ;
#1192 = CARTESIAN_POINT ( 'NONE',  ( 10.00000000000000000, 3.000000000000006217, 6.000000000000000000 ) ) ;
#1193 = CARTESIAN_POINT ( 'NONE',  ( -4.000000000000000888, 0.000000000000000000, 8.000000000000000000 ) ) ;
#1194 = AXIS2_PLACEMENT_3D ( 'NONE', #4219, #2240, #3051 ) ;
#1195 = DIRECTION ( 'NONE',  ( -1.652117596168388495E-16, 1.000000000000000000, 0.000000000000000000 ) ) ;
#1196 = EDGE_CURVE ( 'NONE', #545, #4319, #1213, .T. ) ;
#1197 = EDGE_CURVE ( 'NONE', #2828, #3690, #1501, .T. ) ;
#1198 = VERTEX_POINT ( 'NONE', #3699 ) ;
#1199 = VECTOR ( 'NONE', #3695, 1000.000000000000000 ) ;
#1200 = FACE_OUTER_BOUND ( 'NONE', #4858, .T. ) ;
#1201 = DIRECTION ( 'NONE',  ( 0.000000000000000000, 0.000000000000000000, -1.000000000000000000 ) ) ;
#1202 = CARTESIAN_POINT ( 'NONE',  ( 11.00000000000000000, 3.000000000000005329, -5.000000000000000000 ) ) ;
#1203 = EDGE_LOOP ( 'NONE', ( #4391, #4251, #4287, #4617 ) ) ;
#1204 = DIRECTION ( 'NONE',  ( 1.000000000000000000, 0.000000000000000000, 0.000000000000000000 ) ) ;
#1205 = VERTEX_POINT ( 'NONE', #4088 ) ;
#1206 = FACE_OUTER_BOUND ( 'NONE', #3434, .T. ) ;
#1207 = CARTESIAN_POINT ( 'NONE',  ( -7.499999999999996447, 3.000000000000002220, 6.000000000000000000 ) ) ;
#1208 = LINE ( 'NONE', #208, #497 ) ;
#1209 = ORIENTED_EDGE ( 'NONE', *, *, #555, .F. ) ;
#1210 = AXIS2_PLACEMENT_3D ( 'NONE', #4792, #500, #2064 ) ;
#1211 = FACE_OUTER_BOUND ( 'NONE', #2384, .T. ) ;
#1212 = DIRECTION ( 'NONE',  ( -1.000000000000000000, 0.000000000000000000, 0.000000000000000000 ) ) ;
#1213 = B_SPLINE_CURVE_WITH_KNOTS ( 'NONE', 3,
 ( #2083, #1648, #842, #4376, #2424, #1284, #4471, #3598, #3648, #2867, #4861, #1308, #4447, #32, #3671, #4017, #107, #821 ),
 .UNSPECIFIED., .F., .F.,
 ( 4, 2, 2, 2, 2, 2, 2, 2, 4 ),
 ( 0.4997202232131730537, 0.5000000000000000000, 0.5625000000000000000, 0.6250000000000000000, 0.6562500000000000000, 0.6875000000000000000, 0.7500000000000000000, 0.8750000000000000000, 1.000000000000000000 ),
 .UNSPECIFIED. ) ;
#1214 = EDGE_LOOP ( 'NONE', ( #2237, #2232, #717, #1709 ) ) ;
#1215 = DIRECTION ( 'NONE',  ( -1.000000000000000000, -1.652117596168388495E-16, -0.000000000000000000 ) ) ;
#1216 = CARTESIAN_POINT ( 'NONE',  ( -11.17157287525382259, 5.000000000000004441, -4.500000000000007105 ) ) ;
#1217 = ADVANCED_FACE ( 'NONE', ( #523 ), #2111, .F. ) ;
#1218 = DIRECTION ( 'NONE',  ( -1.000000000000000000, 0.000000000000000000, 0.000000000000000000 ) ) ;
#1219 = CIRCLE ( 'NONE', #4043, 1.000000000000000888 ) ;
#1220 = LINE ( 'NONE', #3613, #2858 ) ;
#1221 = EDGE_LOOP ( 'NONE', ( #4578, #4378, #1047, #405, #2951 ) ) ;
#1222 = CIRCLE ( 'NONE', #2372, 2.000000000000000000 ) ;
#1223 = EDGE_CURVE ( 'NONE', #1780, #4125, #1208, .T. ) ;
#1224 = DIRECTION ( 'NONE',  ( 0.000000000000000000, 0.000000000000000000, -1.000000000000000000 ) ) ;
#1225 = FACE_OUTER_BOUND ( 'NONE', #4547, .T. ) ;
#1226 = CARTESIAN_POINT ( 'NONE',  ( -27.50000000000000000, 5.000000000000000888, -4.500000000000007105 ) ) ;
#1227 = ORIENTED_EDGE ( 'NONE', *, *, #2175, .F. ) ;
#1228 = DIRECTION ( 'NONE',  ( -1.000000000000000000, 0.000000000000000000, 0.000000000000000000 ) ) ;
#1229 = VERTEX_POINT ( 'NONE', #180 ) ;
#1230 = CARTESIAN_POINT ( 'NONE',  ( 0.000000000000000000, 0.000000000000000000, -2.099999999999999645 ) ) ;
#1231 = EDGE_CURVE ( 'NONE', #5047, #3751, #3487, .T. ) ;
#1232 = DIRECTION ( 'NONE',  ( 1.000000000000000000, 0.000000000000000000, 0.000000000000000000 ) ) ;
#1233 = CARTESIAN_POINT ( 'NONE',  ( 11.00000000000000000, 3.000000000000005329, -6.000000000000000000 ) ) ;
#1234 = ORIENTED_EDGE ( 'NONE', *, *, #3763, .T. ) ;
#1235 = DIRECTION ( 'NONE',  ( 1.000000000000000000, 0.000000000000000000, 0.000000000000000000 ) ) ;
#1236 = DIRECTION ( 'NONE',  ( 0.000000000000000000, -0.7071067811865474617, 0.7071067811865474617 ) ) ;
#1237 = EDGE_LOOP ( 'NONE', ( #1325, #1460, #4889, #4786, #3369, #3552 ) ) ;
#1238 = VERTEX_POINT ( 'NONE', #228 ) ;
#1239 = CARTESIAN_POINT ( 'NONE',  ( 24.95000000000001350, -3.122849337825735135E-16, -7.749999999999999112 ) ) ;
#1240 = DIRECTION ( 'NONE',  ( -1.000000000000000000, 0.000000000000000000, -1.156482317317882375E-15 ) ) ;
#1241 = DIRECTION ( 'NONE',  ( -1.000000000000000000, 0.000000000000000000, 0.000000000000000000 ) ) ;
#1242 = EDGE_LOOP ( 'NONE', ( #757, #2105 ) ) ;
#1243 = DIRECTION ( 'NONE',  ( -1.000000000000000000, -1.652117596168388495E-16, -0.000000000000000000 ) ) ;
#1244 = CARTESIAN_POINT ( 'NONE',  ( 6.750000000000000888, 4.000000000000004441, -7.000000000000000000 ) ) ;
#1245 = CARTESIAN_POINT ( 'NONE',  ( -8.499999999999996447, 3.000000000000002220, -6.000000000000000000 ) ) ;
#1246 = EDGE_LOOP ( 'NONE', ( #2841, #499, #4506, #2521 ) ) ;
#1247 = CARTESIAN_POINT ( 'NONE',  ( 0.000000000000000000, 0.000000000000000000, -9.500000000000010658 ) ) ;
#1248 = ORIENTED_EDGE ( 'NONE', *, *, #4448, .T. ) ;
#1249 = EDGE_CURVE ( 'NONE', #4791, #3008, #2160, .T. ) ;
#1250 = AXIS2_PLACEMENT_3D ( 'NONE', #2159, #4603, #1364 ) ;
#1251 = DIRECTION ( 'NONE',  ( -1.892425610156516875E-16, 1.000000000000000000, 0.000000000000000000 ) ) ;
#1252 = DIRECTION ( 'NONE',  ( -1.000000000000000000, -1.652117596168388495E-16, -0.000000000000000000 ) ) ;
#1253 = DIRECTION ( 'NONE',  ( -0.7071067811865474617, 0.7071067811865474617, 0.000000000000000000 ) ) ;
#1254 = EDGE_CURVE ( 'NONE', #1716, #2570, #653, .T. ) ;
#1255 = EDGE_CURVE ( 'NONE', #1747, #2035, #664, .T. ) ;
#1256 = AXIS2_PLACEMENT_3D ( 'NONE', #1110, #4720, #1158 ) ;
#1257 = ORIENTED_EDGE ( 'NONE', *, *, #465, .T. ) ;
#1258 = CARTESIAN_POINT ( 'NONE',  ( 10.50000000000000178, -2.999999999999994671, 10.00000000000000000 ) ) ;
#1259 = AXIS2_PLACEMENT_3D ( 'NONE', #3727, #159, #2556 ) ;
#1260 = EDGE_LOOP ( 'NONE', ( #2450, #4886, #4973, #3213 ) ) ;
#1261 = ORIENTED_EDGE ( 'NONE', *, *, #2460, .T. ) ;
#1262 = DIRECTION ( 'NONE',  ( 0.000000000000000000, 0.000000000000000000, -1.000000000000000000 ) ) ;
#1263 = AXIS2_PLACEMENT_3D ( 'NONE', #3795, #3396, #1428 ) ;
#1264 = CIRCLE ( 'NONE', #2178, 1.000000000000000000 ) ;
#1265 = CARTESIAN_POINT ( 'NONE',  ( -3.749999999999985789, -4.999999999999996447, -10.00000000000000000 ) ) ;
#1266 = APPLICATION_PROTOCOL_DEFINITION ( 'draft international standard', 'automotive_design', 1998, #3742 ) ;
#1267 = CARTESIAN_POINT ( 'NONE',  ( 2.750000000000002665, -4.999999999999994671, -2.099999999999999645 ) ) ;
#1268 = CIRCLE ( 'NONE', #772, 4.000000000000000888 ) ;
#1269 = CARTESIAN_POINT ( 'NONE',  ( 18.00000000000000355, 4.000000000000006217, 4.000000000000000000 ) ) ;
#1270 = AXIS2_PLACEMENT_3D ( 'NONE', #926, #1344, #3760 ) ;
#1271 = ORIENTED_EDGE ( 'NONE', *, *, #1574, .T. ) ;
#1272 = VECTOR ( 'NONE', #4674, 1000.000000000000000 ) ;
#1273 = LINE ( 'NONE', #4055, #944 ) ;
#1274 = CARTESIAN_POINT ( 'NONE',  ( 11.00000000000000000, 4.000000000000005329, -6.000000000000000000 ) ) ;
#1275 = LINE ( 'NONE', #4005, #131 ) ;
#1276 = AXIS2_PLACEMENT_3D ( 'NONE', #1321, #2903, #617 ) ;
#1277 = DIRECTION ( 'NONE',  ( -0.000000000000000000, -0.000000000000000000, 1.000000000000000000 ) ) ;
#1278 = EDGE_LOOP ( 'NONE', ( #4569, #3407, #567, #343, #5123 ) ) ;
#1279 = DIRECTION ( 'NONE',  ( -1.000000000000000000, 0.000000000000000000, 0.000000000000000000 ) ) ;
#1280 = AXIS2_PLACEMENT_3D ( 'NONE', #2412, #3198, #358 ) ;
#1281 = ORIENTED_EDGE ( 'NONE', *, *, #3250, .T. ) ;
#1282 = AXIS2_PLACEMENT_3D ( 'NONE', #978, #4200, #3809 ) ;
#1283 = LINE ( 'NONE', #2061, #5110 ) ;
#1284 = CARTESIAN_POINT ( 'NONE',  ( -2.043586619461426057, 0.1673338294496549694, -2.628696683513121357 ) ) ;
#1285 = ADVANCED_FACE ( 'NONE', ( #968 ), #252, .F. ) ;
#1286 = ORIENTED_EDGE ( 'NONE', *, *, #2454, .F. ) ;
#1287 = CARTESIAN_POINT ( 'NONE',  ( 12.50000000000000178, -2.999999999999994671, -9.999999999999998224 ) ) ;
#1288 = EDGE_CURVE ( 'NONE', #1050, #3751, #3302, .T. ) ;
#1289 = EDGE_CURVE ( 'NONE', #3666, #1564, #571, .T. ) ;
#1290 = ORIENTED_EDGE ( 'NONE', *, *, #3929, .F. ) ;
#1291 = VERTEX_POINT ( 'NONE', #1330 ) ;
#1292 = CARTESIAN_POINT ( 'NONE',  ( 10.00000000000000178, -4.499999999999979572, 6.000000000000000000 ) ) ;
#1293 = DIRECTION ( 'NONE',  ( 1.892425610156517122E-16, -1.000000000000000000, -0.000000000000000000 ) ) ;
#1294 = ADVANCED_FACE ( 'NONE', ( #4495 ), #547, .T. ) ;
#1295 = CARTESIAN_POINT ( 'NONE',  ( 12.00000000000000178, -2.999999999999994671, -10.00000000000000000 ) ) ;
#1296 = DIRECTION ( 'NONE',  ( -1.000000000000000000, 0.000000000000000000, 0.000000000000000000 ) ) ;
#1297 = EDGE_LOOP ( 'NONE', ( #3227, #4093 ) ) ;
#1298 = CLOSED_SHELL ( 'NONE', ( #1161, #2529, #2431, #1606, #4551, #2049, #4939, #1942, #2746, #2900, #388, #2688, #4424, #203, #3791, #1294, #3096, #1504, #1353, #3569, #3441, #1919, #2811, #2972, #202, #4052, #747, #4070, #4615, #1575, #4300, #4487, #3659, #1796, #4140, #248, #2780, #1062, #3353, #1921, #2998, #1485, #3231, #1472, #3064, #3991, #3601, #2810, #3284, #2050, #624, #2113, #484, #1338, #688, #4324, #38, #1285, #1702, #930, #2209, #3476, #2718, #4746, #2910, #219, #2398, #3863, #2837, #3167, #415, #1217, #2583, #4958, #110, #3254, #1345, #2945, #4020, #3026, #781, #2991, #4692, #3831, #2227, #3138, #3507, #1130, #1826, #4116, #15, #996, #4719, #1644, #2169, #650, #4216, #230, #2253, #330, #3065, #4807, #3160, #2669, #3498, #4739, #746, #170, #2610, #969, #2491, #1886, #3032, #4028, #581, #1061, #1179, #2467, #7, #2068, #3285, #2, #3383, #294, #1616, #4577, #4625, #1845, #90, #5055, #3378, #4086, #3963, #395, #102, #1990, #4462, #1449, #4890, #3696, #3199, #4115, #2082, #990, #2072, #2233, #4586, #3885, #741, #788, #3549, #1416, #3732, #3785, #3990, #680, #3852, #5122, #2176, #4800, #4528, #1320, #2331, #427, #2719, #2374, #2615, #2012 ) ) ;
#1299 = AXIS2_PLACEMENT_3D ( 'NONE', #4107, #122, #4902 ) ;
#1300 = LINE ( 'NONE', #3715, #2839 ) ;
#1301 = DIRECTION ( 'NONE',  ( 1.892425610156517122E-16, -1.000000000000000000, -0.000000000000000000 ) ) ;
#1302 = ORIENTED_EDGE ( 'NONE', *, *, #3477, .T. ) ;
#1303 = CARTESIAN_POINT ( 'NONE',  ( 2.750000000000001332, 3.000000000000004441, -1.099999999999999423 ) ) ;
#1304 = ORIENTED_EDGE ( 'NONE', *, *, #4962, .F. ) ;
#1305 = CIRCLE ( 'NONE', #1717, 2.500000000000014211 ) ;
#1306 = CIRCLE ( 'NONE', #1968, 2.000000000000000000 ) ;
#1307 = CARTESIAN_POINT ( 'NONE',  ( -7.499999999999996447, 4.000000000000001776, 6.000000000000000000 ) ) ;
#1308 = CARTESIAN_POINT ( 'NONE',  ( -2.007588723227368810, 0.4169440459301473889, -2.620485104452184189 ) ) ;
#1309 = EDGE_CURVE ( 'NONE', #1880, #3972, #1775, .T. ) ;
#1310 = EDGE_LOOP ( 'NONE', ( #2125, #3381, #260, #2737 ) ) ;
#1311 = DIRECTION ( 'NONE',  ( -0.000000000000000000, -1.000000000000000000, -0.000000000000000000 ) ) ;
#1312 = DIRECTION ( 'NONE',  ( 0.000000000000000000, 0.000000000000000000, 1.000000000000000000 ) ) ;
#1313 = VERTEX_POINT ( 'NONE', #4911 ) ;
#1314 = ORIENTED_EDGE ( 'NONE', *, *, #1035, .F. ) ;
#1315 = EDGE_CURVE ( 'NONE', #1080, #3884, #4648, .T. ) ;
#1316 = DIRECTION ( 'NONE',  ( 0.000000000000000000, 0.7071067811865474617, -0.7071067811865474617 ) ) ;
#1317 = FACE_OUTER_BOUND ( 'NONE', #2919, .T. ) ;
#1318 = DIRECTION ( 'NONE',  ( -0.000000000000000000, -1.000000000000000000, 0.000000000000000000 ) ) ;
#1319 = ORIENTED_EDGE ( 'NONE', *, *, #790, .F. ) ;
#1320 = ADVANCED_FACE ( 'NONE', ( #3777 ), #3821, .T. ) ;
#1321 = CARTESIAN_POINT ( 'NONE',  ( -27.50000000000000000, 0.000000000000000000, -10.00000000000000000 ) ) ;
#1322 = CARTESIAN_POINT ( 'NONE',  ( -24.40000000000000213, -3.796405077356794918E-16, 5.799999999999999822 ) ) ;
#1323 = CARTESIAN_POINT ( 'NONE',  ( -2.564852902409570312, 0.5694801131788937987, -2.124865481615017426 ) ) ;
#1324 = DIRECTION ( 'NONE',  ( 0.7071067811865474617, 0.000000000000000000, -0.7071067811865474617 ) ) ;
#1325 = ORIENTED_EDGE ( 'NONE', *, *, #4626, .F. ) ;
#1326 = DIRECTION ( 'NONE',  ( -1.892425610156517122E-16, 1.000000000000000000, -0.000000000000000000 ) ) ;
#1327 = ORIENTED_EDGE ( 'NONE', *, *, #2390, .T. ) ;
#1328 =( BOUNDED_SURFACE ( )  B_SPLINE_SURFACE ( 3, 2, ( 
 ( #2419, #4369, #4415 ),
 ( #791, #5145, #5121 ),
 ( #4762, #417, #866 ),
 ( #2057, #2808, #2034 ),
 ( #3621, #4037, #3959 ),
 ( #758, #2449, #1980 ),
 ( #3644, #1565, #1590 ),
 ( #2340, #2787, #815 ),
 ( #3153, #26, #51 ),
 ( #3228, #1954, #4731 ) ),
 .UNSPECIFIED., .F., .F., .T. ) 
 B_SPLINE_SURFACE_WITH_KNOTS ( ( 4, 2, 2, 2, 4 ),
 ( 3, 3 ),
 ( 0.001865397817755719669, 0.002583876141989671464, 0.003302354466223623043, 0.004020832790457574621, 0.004739311114691526633 ),
 ( 0.000000000000000000, 1.000000000000000000 ),
 .UNSPECIFIED. ) 
 GEOMETRIC_REPRESENTATION_ITEM ( )  RATIONAL_B_SPLINE_SURFACE ( (
 ( 1.000000000000000000, 0.7071067811865475727, 1.000000000000000000),
 ( 1.000000000000000000, 0.7494601831124536595, 1.000000000000000000),
 ( 1.000000000000000000, 0.7888695054099198467, 1.000000000000000000),
 ( 1.000000000000000000, 0.8602156236684675994, 1.000000000000000000),
 ( 1.000000000000000000, 0.8922029867401857217, 1.000000000000000000),
 ( 1.000000000000000000, 0.9445021178944186246, 1.000000000000000000),
 ( 1.000000000000000000, 0.9650457241395674624, 1.000000000000000000),
 ( 1.000000000000000000, 0.9928178179544785431, 1.000000000000000000),
 ( 1.000000000000000000, 1.000026929487098259, 1.000000000000000000),
 ( 1.000000000000000000, 1.000000000000000000, 1.000000000000000000) ) ) 
 REPRESENTATION_ITEM ( '' )  SURFACE ( )  );
#1329 = CARTESIAN_POINT ( 'NONE',  ( -1.848596995262703491, -0.8901206730441924009, -2.600009682289069257 ) ) ;
#1330 = CARTESIAN_POINT ( 'NONE',  ( 8.000000000000000000, 4.000000000000005329, -7.000000000000000000 ) ) ;
#1331 = AXIS2_PLACEMENT_3D ( 'NONE', #2736, #2269, #1900 ) ;
#1332 = CARTESIAN_POINT ( 'NONE',  ( 17.30855861669665785, -8.848987126107161316, -4.900000000000000355 ) ) ;
#1333 = CARTESIAN_POINT ( 'NONE',  ( 2.645751311064586719, 4.000000000000003553, 8.000000000000000000 ) ) ;
#1334 = AXIS2_PLACEMENT_3D ( 'NONE', #2806, #1277, #2490 ) ;
#1335 = ORIENTED_EDGE ( 'NONE', *, *, #508, .T. ) ;
#1336 = DIRECTION ( 'NONE',  ( 0.000000000000000000, 0.000000000000000000, -1.000000000000000000 ) ) ;
#1337 = DIRECTION ( 'NONE',  ( -1.000000000000000000, 0.000000000000000000, 0.000000000000000000 ) ) ;
#1338 = ADVANCED_FACE ( 'NONE', ( #1797 ), #3380, .F. ) ;
#1339 = VERTEX_POINT ( 'NONE', #4161 ) ;
#1340 = VERTEX_POINT ( 'NONE', #2192 ) ;
#1341 = PRODUCT_DEFINITION_SHAPE ( 'NONE', 'NONE',  #2417 ) ;
#1342 = CARTESIAN_POINT ( 'NONE',  ( 18.00000000000000355, -4.999999999999992006, -5.500000000000012434 ) ) ;
#1343 = AXIS2_PLACEMENT_3D ( 'NONE', #3242, #1318, #3315 ) ;
#1344 = DIRECTION ( 'NONE',  ( 0.000000000000000000, 0.000000000000000000, -1.000000000000000000 ) ) ;
#1345 = ADVANCED_FACE ( 'NONE', ( #1408 ), #4571, .T. ) ;
#1346 = CYLINDRICAL_SURFACE ( 'NONE', #3174, 5.000000000000000888 ) ;
#1347 = ORIENTED_EDGE ( 'NONE', *, *, #4680, .F. ) ;
#1348 = VECTOR ( 'NONE', #2952, 1000.000000000000114 ) ;
#1349 = CARTESIAN_POINT ( 'NONE',  ( 12.50000000000000000, 3.000000000000008882, -9.999999999999998224 ) ) ;
#1350 = DIRECTION ( 'NONE',  ( 0.000000000000000000, -1.000000000000000000, 0.000000000000000000 ) ) ;
#1351 = LINE ( 'NONE', #2518, #2880 ) ;
#1352 = CARTESIAN_POINT ( 'NONE',  ( 11.00000000000000000, 4.000000000000005329, 4.000000000000000000 ) ) ;
#1353 = ADVANCED_FACE ( 'NONE', ( #2604 ), #4192, .F. ) ;
#1354 = ORIENTED_EDGE ( 'NONE', *, *, #2830, .T. ) ;
#1355 = EDGE_CURVE ( 'NONE', #745, #1658, #2411, .T. ) ;
#1356 = AXIS2_PLACEMENT_3D ( 'NONE', #985, #1713, #2907 ) ;
#1357 = LINE ( 'NONE', #4081, #193 ) ;
#1358 = CIRCLE ( 'NONE', #1843, 0.4999999999999865663 ) ;
#1359 = ORIENTED_EDGE ( 'NONE', *, *, #1912, .T. ) ;
#1360 = AXIS2_PLACEMENT_3D ( 'NONE', #1875, #4266, #3881 ) ;
#1361 = AXIS2_PLACEMENT_3D ( 'NONE', #4141, #3384, #946 ) ;
#1362 = CARTESIAN_POINT ( 'NONE',  ( -2.008007085796303937, -0.4149568359303617560, -2.620572043901136627 ) ) ;
#1363 = AXIS2_PLACEMENT_3D ( 'NONE', #4302, #2777, #827 ) ;
#1364 = DIRECTION ( 'NONE',  ( 1.000000000000000000, 0.000000000000000000, 0.000000000000000000 ) ) ;
#1365 = AXIS2_PLACEMENT_3D ( 'NONE', #1721, #2530, #4552 ) ;
#1366 = FACE_BOUND ( 'NONE', #141, .T. ) ;
#1367 = CARTESIAN_POINT ( 'NONE',  ( -11.17157287525380838, -4.999999999999997335, 4.500000000000007105 ) ) ;
#1368 = VERTEX_POINT ( 'NONE', #2313 ) ;
#1369 = PLANE ( 'NONE',  #3414 ) ;
#1370 = FACE_OUTER_BOUND ( 'NONE', #1111, .T. ) ;
#1371 = ORIENTED_EDGE ( 'NONE', *, *, #1001, .T. ) ;
#1372 = ORIENTED_EDGE ( 'NONE', *, *, #1002, .F. ) ;
#1373 = ORIENTED_EDGE ( 'NONE', *, *, #2549, .F. ) ;
#1374 = LINE ( 'NONE', #2957, #2593 ) ;
#1375 = CARTESIAN_POINT ( 'NONE',  ( -12.12498720617873360, 4.825834261322585306, 4.325834261322586194 ) ) ;
#1376 = FACE_OUTER_BOUND ( 'NONE', #37, .T. ) ;
#1377 = VERTEX_POINT ( 'NONE', #4262 ) ;
#1378 = EDGE_CURVE ( 'NONE', #2018, #3281, #3047, .T. ) ;
#1379 = DIRECTION ( 'NONE',  ( 0.000000000000000000, 0.000000000000000000, -1.000000000000000000 ) ) ;
#1380 = CARTESIAN_POINT ( 'NONE',  ( -27.50000000000000000, -4.499999999999993783, -4.000000000000000000 ) ) ;
#1381 = CARTESIAN_POINT ( 'NONE',  ( -2.579659345835429551, 0.5186377156896680996, -2.127313472602020195 ) ) ;
#1382 = CIRCLE ( 'NONE', #1705, 2.000000000000000000 ) ;
#1383 = DIRECTION ( 'NONE',  ( 0.000000000000000000, 0.000000000000000000, -1.000000000000000000 ) ) ;
#1384 = DIRECTION ( 'NONE',  ( 0.000000000000000000, 0.000000000000000000, 1.000000000000000000 ) ) ;
#1385 = ORIENTED_EDGE ( 'NONE', *, *, #4331, .F. ) ;
#1386 = EDGE_CURVE ( 'NONE', #991, #1780, #1175, .T. ) ;
#1387 = CARTESIAN_POINT ( 'NONE',  ( -2.048742983150249941, -0.08290249228498998424, -2.629984381722425546 ) ) ;
#1388 = DIRECTION ( 'NONE',  ( 0.000000000000000000, 0.000000000000000000, -1.000000000000000000 ) ) ;
#1389 = AXIS2_PLACEMENT_3D ( 'NONE', #4078, #173, #2985 ) ;
#1390 = EDGE_CURVE ( 'NONE', #3572, #4856, #1464, .T. ) ;
#1391 = EDGE_CURVE ( 'NONE', #2200, #4632, #2993, .T. ) ;
#1392 = CARTESIAN_POINT ( 'NONE',  ( -10.00000000000001243, -4.999999999999997335, 6.000000000000000000 ) ) ;
#1393 = CARTESIAN_POINT ( 'NONE',  ( 2.645751311064586719, 4.000000000000003553, 7.000000000000000000 ) ) ;
#1394 = EDGE_LOOP ( 'NONE', ( #1572, #2862, #3527, #2263 ) ) ;
#1395 = LINE ( 'NONE', #3030, #1474 ) ;
#1396 = ORIENTED_EDGE ( 'NONE', *, *, #2845, .T. ) ;
#1397 = DIRECTION ( 'NONE',  ( 1.000000000000000000, 1.892425610156517122E-16, 0.000000000000000000 ) ) ;
#1398 = CARTESIAN_POINT ( 'NONE',  ( -11.17157287525380838, -4.999999999999997335, 4.500000000000007105 ) ) ;
#1399 = CARTESIAN_POINT ( 'NONE',  ( 2.750000000000002665, -4.499999999999980460, -2.099999999999999645 ) ) ;
#1400 = ORIENTED_EDGE ( 'NONE', *, *, #3918, .F. ) ;
#1401 = DIRECTION ( 'NONE',  ( 1.892425610156517122E-16, -1.000000000000000000, 0.000000000000000000 ) ) ;
#1402 = CARTESIAN_POINT ( 'NONE',  ( 6.750000000000002665, -4.499999999999978684, -8.000000000000000000 ) ) ;
#1403 = CARTESIAN_POINT ( 'NONE',  ( -2.647858586953799609, 0.1043617353325070468, -2.139967504588662361 ) ) ;
#1404 = CARTESIAN_POINT ( 'NONE',  ( -7.499999999999996447, 4.000000000000001776, 6.000000000000000000 ) ) ;
#1405 = CARTESIAN_POINT ( 'NONE',  ( 24.95000000000000284, 0.000000000000000000, 7.750000000000000000 ) ) ;
#1406 = ORIENTED_EDGE ( 'NONE', *, *, #2846, .F. ) ;
#1407 = CARTESIAN_POINT ( 'NONE',  ( -2.043701152028170043, -0.1658966939968712084, -2.628725055646992104 ) ) ;
#1408 = FACE_OUTER_BOUND ( 'NONE', #282, .T. ) ;
#1409 = ORIENTED_EDGE ( 'NONE', *, *, #1547, .T. ) ;
#1410 = EDGE_CURVE ( 'NONE', #1205, #3744, #3851, .T. ) ;
#1411 = LINE ( 'NONE', #2916, #2264 ) ;
#1412 = DIRECTION ( 'NONE',  ( 0.000000000000000000, -0.7071067811865474617, -0.7071067811865474617 ) ) ;
#1413 = ORIENTED_EDGE ( 'NONE', *, *, #837, .F. ) ;
#1414 = CARTESIAN_POINT ( 'NONE',  ( -2.249999999999998668, 4.000000000000002665, -2.099999999999999645 ) ) ;
#1415 = AXIS2_PLACEMENT_3D ( 'NONE', #916, #2890, #2497 ) ;
#1416 = ADVANCED_FACE ( 'NONE', ( #733 ), #424, .T. ) ;
#1417 = EDGE_CURVE ( 'NONE', #3765, #2157, #3818, .T. ) ;
#1418 = VERTEX_POINT ( 'NONE', #3128 ) ;
#1419 = VERTEX_POINT ( 'NONE', #1918 ) ;
#1420 = DIRECTION ( 'NONE',  ( -1.892425610156517122E-16, 1.000000000000000000, 0.000000000000000000 ) ) ;
#1421 = DIRECTION ( 'NONE',  ( 0.000000000000000000, 0.000000000000000000, -1.000000000000000000 ) ) ;
#1422 = CARTESIAN_POINT ( 'NONE',  ( 2.645751311064586719, 3.000000000000003997, 7.000000000000000000 ) ) ;
#1423 = ORIENTED_EDGE ( 'NONE', *, *, #4358, .T. ) ;
#1424 = CARTESIAN_POINT ( 'NONE',  ( 11.00000000000000178, -4.499999999999979572, -5.000000000000000000 ) ) ;
#1425 = TOROIDAL_SURFACE ( 'NONE', #677, 1.000000000000000000, 1.000000000000000000 ) ;
#1426 = DIRECTION ( 'NONE',  ( 1.000000000000000000, 1.892425610156517122E-16, 0.000000000000000000 ) ) ;
#1427 = CARTESIAN_POINT ( 'NONE',  ( -2.050000000050113957, 1.550917769478901967E-14, -2.630306152124544550 ) ) ;
#1428 = DIRECTION ( 'NONE',  ( -1.000000000000000000, -2.168404344971008868E-16, 0.000000000000000000 ) ) ;
#1429 = LINE ( 'NONE', #703, #3850 ) ;
#1430 = VERTEX_POINT ( 'NONE', #309 ) ;
#1431 = AXIS2_PLACEMENT_3D ( 'NONE', #2365, #1224, #1916 ) ;
#1432 = CARTESIAN_POINT ( 'NONE',  ( -2.650018727964998266, -0.05111737931624951020, -2.140412023646288908 ) ) ;
#1433 = DIRECTION ( 'NONE',  ( 1.000000000000000000, 0.000000000000000000, 0.000000000000000000 ) ) ;
#1434 = ORIENTED_EDGE ( 'NONE', *, *, #2100, .F. ) ;
#1435 = VECTOR ( 'NONE', #2373, 1000.000000000000000 ) ;
#1436 = VECTOR ( 'NONE', #4533, 1000.000000000000000 ) ;
#1437 = AXIS2_PLACEMENT_3D ( 'NONE', #3491, #3445, #5076 ) ;
#1438 = CIRCLE ( 'NONE', #2581, 2.500000000000014211 ) ;
#1439 = FACE_OUTER_BOUND ( 'NONE', #5042, .T. ) ;
#1440 = CYLINDRICAL_SURFACE ( 'NONE', #1604, 4.000000000000000888 ) ;
#1441 = AXIS2_PLACEMENT_3D ( 'NONE', #4564, #1401, #3868 ) ;
#1442 = EDGE_CURVE ( 'NONE', #5005, #3061, #3578, .T. ) ;
#1443 = EDGE_LOOP ( 'NONE', ( #3775, #4812, #4453, #2063 ) ) ;
#1444 = DIRECTION ( 'NONE',  ( 0.000000000000000000, 0.000000000000000000, -1.000000000000000000 ) ) ;
#1445 = VECTOR ( 'NONE', #1959, 1000.000000000000000 ) ;
#1446 = CIRCLE ( 'NONE', #1280, 2.500000000000012434 ) ;
#1447 = ORIENTED_EDGE ( 'NONE', *, *, #1815, .T. ) ;
#1448 = EDGE_CURVE ( 'NONE', #4355, #1649, #5119, .T. ) ;
#1449 = ADVANCED_FACE ( 'NONE', ( #3481 ), #1872, .F. ) ;
#1450 = ORIENTED_EDGE ( 'NONE', *, *, #2136, .F. ) ;
#1451 = DIRECTION ( 'NONE',  ( 0.000000000000000000, 0.000000000000000000, -1.000000000000000000 ) ) ;
#1452 = FACE_OUTER_BOUND ( 'NONE', #2132, .T. ) ;
#1453 = CARTESIAN_POINT ( 'NONE',  ( 12.00000000000000178, -2.999999999999994671, -10.00000000000000000 ) ) ;
#1454 = ORIENTED_EDGE ( 'NONE', *, *, #2738, .T. ) ;
#1455 = EDGE_CURVE ( 'NONE', #2056, #3281, #2656, .T. ) ;
#1456 = DIRECTION ( 'NONE',  ( -0.000000000000000000, -0.000000000000000000, 1.000000000000000000 ) ) ;
#1457 = DIRECTION ( 'NONE',  ( 0.000000000000000000, 0.7071067811865469066, 0.7071067811865482389 ) ) ;
#1458 = DIRECTION ( 'NONE',  ( -0.000000000000000000, -1.000000000000000000, 0.000000000000000000 ) ) ;
#1459 = DIRECTION ( 'NONE',  ( -1.000000000000000000, -2.168404344971008868E-16, 0.000000000000000000 ) ) ;
#1460 = ORIENTED_EDGE ( 'NONE', *, *, #68, .F. ) ;
#1461 = AXIS2_PLACEMENT_3D ( 'NONE', #823, #2300, #3970 ) ;
#1462 = CARTESIAN_POINT ( 'NONE',  ( 20.00000000000000000, -4.499999999999977796, -5.000000000000000000 ) ) ;
#1463 = LINE ( 'NONE', #1042, #4283 ) ;
#1464 = LINE ( 'NONE', #1091, #2325 ) ;
#1465 = VERTEX_POINT ( 'NONE', #756 ) ;
#1466 = VERTEX_POINT ( 'NONE', #1562 ) ;
#1467 = FACE_OUTER_BOUND ( 'NONE', #1874, .T. ) ;
#1468 = DIRECTION ( 'NONE',  ( 1.652117596168388495E-16, -1.000000000000000000, 0.000000000000000000 ) ) ;
#1469 = VERTEX_POINT ( 'NONE', #5061 ) ;
#1470 = LINE ( 'NONE', #3054, #1718 ) ;
#1471 = CIRCLE ( 'NONE', #1049, 2.149999999999999023 ) ;
#1472 = ADVANCED_FACE ( 'NONE', ( #2337 ), #3151, .F. ) ;
#1473 = ORIENTED_EDGE ( 'NONE', *, *, #2305, .T. ) ;
#1474 = VECTOR ( 'NONE', #2141, 1000.000000000000000 ) ;
#1475 = ORIENTED_EDGE ( 'NONE', *, *, #2745, .T. ) ;
#1476 = LINE ( 'NONE', #3366, #4417 ) ;
#1477 = CARTESIAN_POINT ( 'NONE',  ( 27.50000000000000000, 0.000000000000000000, 7.250000000000000888 ) ) ;
#1478 = DIRECTION ( 'NONE',  ( 1.892425610156516875E-16, -1.000000000000000000, 0.000000000000000000 ) ) ;
#1479 = EDGE_CURVE ( 'NONE', #3031, #3166, #2000, .T. ) ;
#1480 = EDGE_LOOP ( 'NONE', ( #976, #1734, #379, #3584 ) ) ;
#1481 = LINE ( 'NONE', #1058, #2933 ) ;
#1482 = DIRECTION ( 'NONE',  ( -1.000000000000000000, 0.000000000000000000, 0.000000000000000000 ) ) ;
#1483 = DIRECTION ( 'NONE',  ( -0.000000000000000000, -0.000000000000000000, -1.000000000000000000 ) ) ;
#1484 = DIRECTION ( 'NONE',  ( 1.652117596168388495E-16, -1.000000000000000000, -0.000000000000000000 ) ) ;
#1485 = ADVANCED_FACE ( 'NONE', ( #2755, #2648 ), #4341, .T. ) ;
#1486 = EDGE_CURVE ( 'NONE', #3281, #3310, #3177, .T. ) ;
#1487 = ORIENTED_EDGE ( 'NONE', *, *, #2647, .T. ) ;
#1488 = CARTESIAN_POINT ( 'NONE',  ( 32.50000000000000000, 5.000000000000023093, 7.750000000000000000 ) ) ;
#1489 = FACE_OUTER_BOUND ( 'NONE', #738, .T. ) ;
#1490 = CARTESIAN_POINT ( 'NONE',  ( -27.50000000000000000, 0.000000000000000000, 5.799999999999999822 ) ) ;
#1491 = ORIENTED_EDGE ( 'NONE', *, *, #2262, .F. ) ;
#1492 = ORIENTED_EDGE ( 'NONE', *, *, #3550, .T. ) ;
#1493 = DIRECTION ( 'NONE',  ( 1.000000000000000000, 1.652117596168388495E-16, 0.000000000000000000 ) ) ;
#1494 = VERTEX_POINT ( 'NONE', #2827 ) ;
#1495 = DIRECTION ( 'NONE',  ( 0.000000000000000000, 0.000000000000000000, -1.000000000000000000 ) ) ;
#1496 = ORIENTED_EDGE ( 'NONE', *, *, #3131, .F. ) ;
#1497 = ORIENTED_EDGE ( 'NONE', *, *, #4211, .T. ) ;
#1498 = DIRECTION ( 'NONE',  ( -1.000000000000000000, -1.892425610156517122E-16, -0.000000000000000000 ) ) ;
#1499 = CARTESIAN_POINT ( 'NONE',  ( 10.49999999999999822, 4.500000000000021316, 10.00000000000000000 ) ) ;
#1500 = ORIENTED_EDGE ( 'NONE', *, *, #2901, .T. ) ;
#1501 = CIRCLE ( 'NONE', #1415, 2.149999999999999023 ) ;
#1502 = ORIENTED_EDGE ( 'NONE', *, *, #2080, .F. ) ;
#1503 = DIRECTION ( 'NONE',  ( 1.000000000000000000, 0.000000000000000000, 0.000000000000000000 ) ) ;
#1504 = ADVANCED_FACE ( 'NONE', ( #3640 ), #3619, .F. ) ;
#1505 = DIRECTION ( 'NONE',  ( 0.000000000000000000, 0.7071067811865472397, 0.7071067811865479058 ) ) ;
#1506 = EDGE_LOOP ( 'NONE', ( #4881, #3708, #3684, #4351 ) ) ;
#1507 = EDGE_CURVE ( 'NONE', #2033, #3972, #4895, .T. ) ;
#1508 = DIRECTION ( 'NONE',  ( 1.000000000000000000, 1.892425610156517122E-16, 0.000000000000000000 ) ) ;
#1509 = CARTESIAN_POINT ( 'NONE',  ( -2.472812657340679454, 0.8190359181891497808, -2.111824459233155871 ) ) ;
#1510 = EDGE_CURVE ( 'NONE', #1120, #4469, #3588, .T. ) ;
#1511 = DIRECTION ( 'NONE',  ( -0.000000000000000000, -0.000000000000000000, 1.000000000000000000 ) ) ;
#1512 = ORIENTED_EDGE ( 'NONE', *, *, #2324, .T. ) ;
#1513 = CIRCLE ( 'NONE', #3497, 2.149999999999999023 ) ;
#1514 = VERTEX_POINT ( 'NONE', #1619 ) ;
#1515 = VECTOR ( 'NONE', #1911, 1000.000000000000114 ) ;
#1516 = DIRECTION ( 'NONE',  ( 1.000000000000000000, 0.000000000000000000, 0.000000000000000000 ) ) ;
#1517 = CARTESIAN_POINT ( 'NONE',  ( 1.323529062674456247, 3.782800900682352641, 8.000000002201481664 ) ) ;
#1518 = EDGE_LOOP ( 'NONE', ( #146, #1969, #1988, #439 ) ) ;
#1519 = DIRECTION ( 'NONE',  ( 0.7071067811865459074, 0.7071067811865491270, 0.000000000000000000 ) ) ;
#1520 = AXIS2_PLACEMENT_3D ( 'NONE', #4894, #1756, #504 ) ;
#1521 = VECTOR ( 'NONE', #1457, 999.9999999999998863 ) ;
#1522 = ORIENTED_EDGE ( 'NONE', *, *, #4461, .T. ) ;
#1523 = AXIS2_PLACEMENT_3D ( 'NONE', #302, #2228, #3472 ) ;
#1524 = ORIENTED_EDGE ( 'NONE', *, *, #714, .T. ) ;
#1525 = DIRECTION ( 'NONE',  ( -0.000000000000000000, -0.000000000000000000, 1.000000000000000000 ) ) ;
#1526 = CIRCLE ( 'NONE', #2773, 1.000000000000000000 ) ;
#1527 = CARTESIAN_POINT ( 'NONE',  ( 12.00000000000001243, 3.000000000000008882, 10.00000000000000000 ) ) ;
#1528 = EDGE_LOOP ( 'NONE', ( #3805, #1281, #3733, #4312 ) ) ;
#1529 = VECTOR ( 'NONE', #216, 1000.000000000000114 ) ;
#1530 = ORIENTED_EDGE ( 'NONE', *, *, #454, .F. ) ;
#1531 = AXIS2_PLACEMENT_3D ( 'NONE', #4051, #3636, #168 ) ;
#1532 = DIRECTION ( 'NONE',  ( -0.000000000000000000, -0.000000000000000000, -1.000000000000000000 ) ) ;
#1533 = CYLINDRICAL_SURFACE ( 'NONE', #942, 3.099999999999998757 ) ;
#1534 = LINE ( 'NONE', #2307, #4013 ) ;
#1535 = CARTESIAN_POINT ( 'NONE',  ( -23.89999999999999503, -4.408728476930478547E-16, 10.00000000000000000 ) ) ;
#1536 = ORIENTED_EDGE ( 'NONE', *, *, #1029, .T. ) ;
#1537 = EDGE_CURVE ( 'NONE', #1418, #3666, #3204, .T. ) ;
#1538 = DIRECTION ( 'NONE',  ( -1.892425610156517122E-16, 1.000000000000000000, -0.000000000000000000 ) ) ;
#1539 = DIRECTION ( 'NONE',  ( -1.000000000000000000, -1.652117596168388495E-16, 0.000000000000000000 ) ) ;
#1540 = DIRECTION ( 'NONE',  ( 0.000000000000000000, 0.7071067811865474617, 0.7071067811865474617 ) ) ;
#1541 = ORIENTED_EDGE ( 'NONE', *, *, #2022, .T. ) ;
#1542 = VERTEX_POINT ( 'NONE', #2394 ) ;
#1543 = EDGE_CURVE ( 'NONE', #3797, #464, #4441, .T. ) ;
#1544 = LINE ( 'NONE', #3461, #22 ) ;
#1545 = DIRECTION ( 'NONE',  ( 0.000000000000000000, 0.000000000000000000, -1.000000000000000000 ) ) ;
#1546 = DIRECTION ( 'NONE',  ( 0.000000000000000000, 0.000000000000000000, -1.000000000000000000 ) ) ;
#1547 = EDGE_CURVE ( 'NONE', #3120, #2279, #3563, .T. ) ;
#1548 = EDGE_CURVE ( 'NONE', #2611, #449, #4481, .T. ) ;
#1549 = ORIENTED_EDGE ( 'NONE', *, *, #4111, .F. ) ;
#1550 = ORIENTED_EDGE ( 'NONE', *, *, #4264, .T. ) ;
#1551 = DIRECTION ( 'NONE',  ( -0.000000000000000000, -0.000000000000000000, 1.000000000000000000 ) ) ;
#1552 = DIRECTION ( 'NONE',  ( -1.000000000000000000, -3.469446951953594467E-16, 0.000000000000000000 ) ) ;
#1553 = AXIS2_PLACEMENT_3D ( 'NONE', #468, #2416, #2054 ) ;
#1554 = VERTEX_POINT ( 'NONE', #445 ) ;
#1555 = FACE_OUTER_BOUND ( 'NONE', #3697, .T. ) ;
#1556 = DIRECTION ( 'NONE',  ( -1.000000000000000000, 1.776356839400250465E-15, 0.000000000000000000 ) ) ;
#1557 = CARTESIAN_POINT ( 'NONE',  ( 18.00000000000000355, 3.000000000000006661, -3.000000000000000000 ) ) ;
#1558 = DIRECTION ( 'NONE',  ( -1.892425610156517122E-16, 1.000000000000000000, -0.000000000000000000 ) ) ;
#1559 = ORIENTED_EDGE ( 'NONE', *, *, #1390, .T. ) ;
#1560 = CARTESIAN_POINT ( 'NONE',  ( 4.000000000000000888, -4.898587196589413815E-16, 8.000000000000000000 ) ) ;
#1561 = CARTESIAN_POINT ( 'NONE',  ( 11.00000000000000000, 3.000000000000005329, 6.000000000000000000 ) ) ;
#1562 = CARTESIAN_POINT ( 'NONE',  ( -32.50000000000000000, 0.000000000000000000, 9.500000000000014211 ) ) ;
#1563 = EDGE_CURVE ( 'NONE', #5115, #3306, #2912, .T. ) ;
#1564 = VERTEX_POINT ( 'NONE', #834 ) ;
#1565 = CARTESIAN_POINT ( 'NONE',  ( -0.9647168666771622769, 3.999999999999898748, 7.782170121210557845 ) ) ;
#1566 = VERTEX_POINT ( 'NONE', #2032 ) ;
#1567 = DIRECTION ( 'NONE',  ( -1.000000000000000000, 0.000000000000000000, 0.000000000000000000 ) ) ;
#1568 = ORIENTED_EDGE ( 'NONE', *, *, #1055, .T. ) ;
#1569 = CARTESIAN_POINT ( 'NONE',  ( -27.50000000000000000, 0.000000000000000000, -10.00000000000000000 ) ) ;
#1570 = EDGE_CURVE ( 'NONE', #762, #3029, #71, .T. ) ;
#1571 = VERTEX_POINT ( 'NONE', #1202 ) ;
#1572 = ORIENTED_EDGE ( 'NONE', *, *, #1820, .F. ) ;
#1573 = DIRECTION ( 'NONE',  ( 1.000000000000000000, 0.000000000000000000, 0.000000000000000000 ) ) ;
#1574 = EDGE_CURVE ( 'NONE', #1469, #4868, #49, .T. ) ;
#1575 = ADVANCED_FACE ( 'NONE', ( #4411, #3245, #2861 ), #889, .T. ) ;
#1576 = CARTESIAN_POINT ( 'NONE',  ( -25.30000000000000071, 0.000000000000000000, 5.799999999999999822 ) ) ;
#1577 = ORIENTED_EDGE ( 'NONE', *, *, #3609, .T. ) ;
#1578 = ORIENTED_EDGE ( 'NONE', *, *, #3774, .F. ) ;
#1579 = CARTESIAN_POINT ( 'NONE',  ( -27.50000000000000000, 0.000000000000000000, -5.799999999999999822 ) ) ;
#1580 = DIRECTION ( 'NONE',  ( 0.000000000000000000, 0.000000000000000000, 1.000000000000000000 ) ) ;
#1581 = CARTESIAN_POINT ( 'NONE',  ( 27.50000000000000000, 0.000000000000000000, 7.749999999999999112 ) ) ;
#1582 = AXIS2_PLACEMENT_3D ( 'NONE', #3233, #3211, #4063 ) ;
#1583 = DIRECTION ( 'NONE',  ( 1.000000000000000000, 0.000000000000000000, 0.000000000000000000 ) ) ;
#1584 = ORIENTED_EDGE ( 'NONE', *, *, #2639, .F. ) ;
#1585 = AXIS2_PLACEMENT_3D ( 'NONE', #392, #1383, #201 ) ;
#1586 = CARTESIAN_POINT ( 'NONE',  ( -10.00000000000001243, -4.999999999999997335, -10.00000000000000000 ) ) ;
#1587 = CARTESIAN_POINT ( 'NONE',  ( 4.750000000000002665, -4.999999999999994671, -6.000000000000000000 ) ) ;
#1588 = DIRECTION ( 'NONE',  ( 1.000000000000000000, 1.652117596168388495E-16, 0.000000000000000000 ) ) ;
#1589 = ORIENTED_EDGE ( 'NONE', *, *, #2210, .F. ) ;
#1590 = CARTESIAN_POINT ( 'NONE',  ( -0.8317450024767987227, 4.000000000000003553, 7.535112822705797520 ) ) ;
#1591 = ORIENTED_EDGE ( 'NONE', *, *, #2493, .T. ) ;
#1592 = LINE ( 'NONE', #4372, #3011 ) ;
#1593 = LINE ( 'NONE', #3596, #4042 ) ;
#1594 = DIRECTION ( 'NONE',  ( -8.673617379884035472E-17, -1.641417566239121864E-32, 1.000000000000000000 ) ) ;
#1595 = ORIENTED_EDGE ( 'NONE', *, *, #4870, .F. ) ;
#1596 = CONICAL_SURFACE ( 'NONE', #2011, 3.600000000000005862, 0.7853981633974461696 ) ;
#1597 = EDGE_CURVE ( 'NONE', #116, #321, #2076, .T. ) ;
#1598 = ORIENTED_EDGE ( 'NONE', *, *, #644, .T. ) ;
#1599 = CARTESIAN_POINT ( 'NONE',  ( -2.473146625149239330, -0.8183343062101201548, -2.111858966669662774 ) ) ;
#1600 =( GEOMETRIC_REPRESENTATION_CONTEXT ( 3 ) GLOBAL_UNCERTAINTY_ASSIGNED_CONTEXT ( ( #2284 ) ) GLOBAL_UNIT_ASSIGNED_CONTEXT ( ( #3090, #4280, #3895 ) ) REPRESENTATION_CONTEXT ( 'NONE', 'WORKASPACE' ) );
#1601 = AXIS2_PLACEMENT_3D ( 'NONE', #1008, #564, #4953 ) ;
#1602 = CARTESIAN_POINT ( 'NONE',  ( -30.59999999999999787, -3.796405077356794918E-16, -9.499999999999989342 ) ) ;
#1603 = ORIENTED_EDGE ( 'NONE', *, *, #76, .F. ) ;
#1604 = AXIS2_PLACEMENT_3D ( 'NONE', #3385, #2115, #133 ) ;
#1605 = ORIENTED_EDGE ( 'NONE', *, *, #1187, .F. ) ;
#1606 = ADVANCED_FACE ( 'NONE', ( #1690 ), #918, .F. ) ;
#1607 = EDGE_CURVE ( 'NONE', #1368, #1133, #4545, .T. ) ;
#1608 = VECTOR ( 'NONE', #2482, 1000.000000000000114 ) ;
#1609 = DIRECTION ( 'NONE',  ( -1.000000000000000000, -3.469446951953594467E-16, 0.000000000000000000 ) ) ;
#1610 = CIRCLE ( 'NONE', #3683, 3.099999999999998757 ) ;
#1611 = DIRECTION ( 'NONE',  ( 1.000000000000000000, 1.652117596168388495E-16, 0.000000000000000000 ) ) ;
#1612 = AXIS2_PLACEMENT_3D ( 'NONE', #1149, #258, #3903 ) ;
#1613 = CARTESIAN_POINT ( 'NONE',  ( -27.50000000000000000, 5.000000000000000888, 9.500000000000014211 ) ) ;
#1614 = EDGE_LOOP ( 'NONE', ( #4080, #3261, #372, #4152 ) ) ;
#1615 = CIRCLE ( 'NONE', #4024, 1.000000000000000000 ) ;
#1616 = ADVANCED_FACE ( 'NONE', ( #2568 ), #4912, .T. ) ;
#1617 = DIRECTION ( 'NONE',  ( 0.000000000000000000, 0.000000000000000000, 1.000000000000000000 ) ) ;
#1618 = CARTESIAN_POINT ( 'NONE',  ( 28.86304900353958658, -12.42546165798074753, -4.900000000000000355 ) ) ;
#1619 = CARTESIAN_POINT ( 'NONE',  ( -12.49444853078622586, -4.499999999999991118, -4.000000000000000000 ) ) ;
#1620 = ORIENTED_EDGE ( 'NONE', *, *, #354, .T. ) ;
#1621 = DIRECTION ( 'NONE',  ( -0.000000000000000000, -0.000000000000000000, 1.000000000000000000 ) ) ;
#1622 = ORIENTED_EDGE ( 'NONE', *, *, #1391, .T. ) ;
#1623 = LINE ( 'NONE', #1349, #1435 ) ;
#1624 = DIRECTION ( 'NONE',  ( -0.7071067811865474617, 0.000000000000000000, 0.7071067811865474617 ) ) ;
#1625 = DIRECTION ( 'NONE',  ( -1.000000000000000000, -1.652117596168388495E-16, 0.000000000000000000 ) ) ;
#1626 = ORIENTED_EDGE ( 'NONE', *, *, #3879, .F. ) ;
#1627 = CIRCLE ( 'NONE', #2628, 4.000000000000000888 ) ;
#1628 = FACE_OUTER_BOUND ( 'NONE', #1645, .T. ) ;
#1629 = LINE ( 'NONE', #3526, #3667 ) ;
#1630 = VERTEX_POINT ( 'NONE', #2104 ) ;
#1631 = VERTEX_POINT ( 'NONE', #1791 ) ;
#1632 = CARTESIAN_POINT ( 'NONE',  ( -27.50000000000000000, -5.000000000000000888, -9.500000000000000000 ) ) ;
#1633 = CARTESIAN_POINT ( 'NONE',  ( 27.50000000000000000, -5.000000000000000888, -10.00000000000000000 ) ) ;
#1634 = EDGE_CURVE ( 'NONE', #2035, #762, #3323, .T. ) ;
#1635 = TOROIDAL_SURFACE ( 'NONE', #1799, 3.000000000000000000, 1.000000000000000000 ) ;
#1636 = DIRECTION ( 'NONE',  ( -1.338146981832763265E-16, 0.7071067811865476838, -0.7071067811865473507 ) ) ;
#1637 = EDGE_LOOP ( 'NONE', ( #1536, #416 ) ) ;
#1638 = AXIS2_PLACEMENT_3D ( 'NONE', #1670, #4015, #1252 ) ;
#1639 = CARTESIAN_POINT ( 'NONE',  ( 10.00000000000000178, -4.499999999999979572, -5.000000000000000000 ) ) ;
#1640 = FACE_OUTER_BOUND ( 'NONE', #1528, .T. ) ;
#1641 = DIRECTION ( 'NONE',  ( -1.000000000000000000, -1.652117596168388495E-16, -0.000000000000000000 ) ) ;
#1642 = EDGE_CURVE ( 'NONE', #4957, #4416, #853, .T. ) ;
#1643 = ORIENTED_EDGE ( 'NONE', *, *, #4830, .T. ) ;
#1644 = ADVANCED_FACE ( 'NONE', ( #124 ), #3503, .F. ) ;
#1645 = EDGE_LOOP ( 'NONE', ( #1406, #2999, #58, #2788, #3274, #4386, #1559, #4943, #1502, #4258, #3443, #558, #266, #2314, #3157, #3886, #2003, #3853, #2371, #1868, #4473, #4276, #632, #4130, #3132, #3072, #4945, #1695, #4559, #2071, #2637, #3417, #533, #5015, #876, #4025, #1892, #1589 ) ) ;
#1646 = DIRECTION ( 'NONE',  ( 1.000000000000000000, -8.673617379883957572E-16, 0.000000000000000000 ) ) ;
#1647 = LINE ( 'NONE', #2400, #1136 ) ;
#1648 = CARTESIAN_POINT ( 'NONE',  ( -2.050000000043612491, 0.0001864587268904914518, -2.630306154254945739 ) ) ;
#1649 = VERTEX_POINT ( 'NONE', #2154 ) ;
#1650 = CARTESIAN_POINT ( 'NONE',  ( -4.000000000000000888, 0.000000000000000000, 10.00000000000000000 ) ) ;
#1651 = EDGE_LOOP ( 'NONE', ( #2150, #1598, #938, #2065 ) ) ;
#1652 = ORIENTED_EDGE ( 'NONE', *, *, #3763, .F. ) ;
#1653 = DIRECTION ( 'NONE',  ( 0.000000000000000000, 0.000000000000000000, 1.000000000000000000 ) ) ;
#1654 = CARTESIAN_POINT ( 'NONE',  ( -2.049999999999999822, -2.510525938252073693E-16, 10.00000000000000000 ) ) ;
#1655 = APPLICATION_PROTOCOL_DEFINITION ( 'draft international standard', 'automotive_design', 1998, #3014 ) ;
#1656 = CARTESIAN_POINT ( 'NONE',  ( 20.50000000000001421, -4.999999999999992006, -10.00000000000000000 ) ) ;
#1657 = DIRECTION ( 'NONE',  ( 0.000000000000000000, 0.000000000000000000, 1.000000000000000000 ) ) ;
#1658 = VERTEX_POINT ( 'NONE', #3743 ) ;
#1659 = EDGE_CURVE ( 'NONE', #3637, #3466, #962, .T. ) ;
#1660 = DIRECTION ( 'NONE',  ( 0.000000000000000000, 0.000000000000000000, 1.000000000000000000 ) ) ;
#1661 = CARTESIAN_POINT ( 'NONE',  ( -7.119124914398328792E-16, 3.000000000000003553, -1.099999999999999423 ) ) ;
#1662 = CARTESIAN_POINT ( 'NONE',  ( -27.50000000000000000, -4.500000000000014211, 10.00000000000000000 ) ) ;
#1663 = ORIENTED_EDGE ( 'NONE', *, *, #3700, .F. ) ;
#1664 = CARTESIAN_POINT ( 'NONE',  ( -27.50000000000000000, 5.000000000000000888, -9.500000000000000000 ) ) ;
#1665 = ORIENTED_EDGE ( 'NONE', *, *, #1249, .F. ) ;
#1666 = VECTOR ( 'NONE', #1671, 1000.000000000000000 ) ;
#1667 = EDGE_CURVE ( 'NONE', #1901, #4038, #97, .T. ) ;
#1668 = EDGE_CURVE ( 'NONE', #3270, #4803, #2092, .T. ) ;
#1669 = CARTESIAN_POINT ( 'NONE',  ( 28.25528038170535794, -15.87228879352341160, 2.649999999999999911 ) ) ;
#1670 = CARTESIAN_POINT ( 'NONE',  ( -8.771242510566717534E-16, 4.000000000000003553, 0.000000000000000000 ) ) ;
#1671 = DIRECTION ( 'NONE',  ( 1.892425610156517122E-16, -1.000000000000000000, 0.000000000000000000 ) ) ;
#1672 = ORIENTED_EDGE ( 'NONE', *, *, #2402, .T. ) ;
#1673 = DIRECTION ( 'NONE',  ( 1.338146981832763019E-16, -0.7071067811865474617, -0.7071067811865475727 ) ) ;
#1674 = TOROIDAL_SURFACE ( 'NONE', #1013, 1.000000000000000000, 1.000000000000000000 ) ;
#1675 = ORIENTED_EDGE ( 'NONE', *, *, #3641, .T. ) ;
#1676 = ORIENTED_EDGE ( 'NONE', *, *, #1986, .T. ) ;
#1677 = DIRECTION ( 'NONE',  ( -1.000000000000000000, 0.000000000000000000, 0.000000000000000000 ) ) ;
#1678 = CIRCLE ( 'NONE', #4497, 1.000000000000000000 ) ;
#1679 = VECTOR ( 'NONE', #3349, 1000.000000000000000 ) ;
#1680 = CARTESIAN_POINT ( 'NONE',  ( -6.249999999999996447, -4.999999999999996447, -6.000000000000000000 ) ) ;
#1681 = FACE_OUTER_BOUND ( 'NONE', #3589, .T. ) ;
#1682 = VECTOR ( 'NONE', #4788, 1000.000000000000114 ) ;
#1683 = LINE ( 'NONE', #145, #1941 ) ;
#1684 = VECTOR ( 'NONE', #1784, 1000.000000000000000 ) ;
#1685 = VERTEX_POINT ( 'NONE', #4955 ) ;
#1686 = CIRCLE ( 'NONE', #2258, 5.000000000000000888 ) ;
#1687 = AXIS2_PLACEMENT_3D ( 'NONE', #3932, #367, #4708 ) ;
#1688 = DIRECTION ( 'NONE',  ( -1.652117596168388495E-16, 1.000000000000000000, 0.000000000000000000 ) ) ;
#1689 = CARTESIAN_POINT ( 'NONE',  ( -2.580353215466926198, -0.5161658203040835335, -2.127429391868207009 ) ) ;
#1690 = FACE_OUTER_BOUND ( 'NONE', #691, .T. ) ;
#1691 = ORIENTED_EDGE ( 'NONE', *, *, #5099, .T. ) ;
#1692 = LINE ( 'NONE', #543, #945 ) ;
#1693 = CIRCLE ( 'NONE', #5006, 3.099999999999998757 ) ;
#1694 = EDGE_CURVE ( 'NONE', #3494, #2198, #768, .T. ) ;
#1695 = ORIENTED_EDGE ( 'NONE', *, *, #4863, .F. ) ;
#1696 = CARTESIAN_POINT ( 'NONE',  ( -32.50000000000000000, 0.000000000000000000, -9.500000000000000000 ) ) ;
#1697 = DIRECTION ( 'NONE',  ( 0.000000000000000000, 0.000000000000000000, 1.000000000000000000 ) ) ;
#1698 = EDGE_CURVE ( 'NONE', #808, #4476, #2760, .T. ) ;
#1699 = ORIENTED_EDGE ( 'NONE', *, *, #4146, .F. ) ;
#1700 = CARTESIAN_POINT ( 'NONE',  ( 4.249999999999988454, -4.999999999999994671, -4.099999999999999645 ) ) ;
#1701 = DIRECTION ( 'NONE',  ( 0.000000000000000000, 0.000000000000000000, -1.000000000000000000 ) ) ;
#1702 = ADVANCED_FACE ( 'NONE', ( #2986 ), #4599, .F. ) ;
#1703 = ORIENTED_EDGE ( 'NONE', *, *, #479, .T. ) ;
#1704 = ORIENTED_EDGE ( 'NONE', *, *, #2745, .F. ) ;
#1705 = AXIS2_PLACEMENT_3D ( 'NONE', #261, #633, #1749 ) ;
#1706 = CARTESIAN_POINT ( 'NONE',  ( -27.50000000000000000, 0.000000000000000000, -5.799999999999999822 ) ) ;
#1707 = DIRECTION ( 'NONE',  ( -1.000000000000000000, 0.000000000000000000, 0.000000000000000000 ) ) ;
#1708 = DIRECTION ( 'NONE',  ( -1.000000000000000000, 0.000000000000000000, 0.000000000000000000 ) ) ;
#1709 = ORIENTED_EDGE ( 'NONE', *, *, #4557, .F. ) ;
#1710 = AXIS2_PLACEMENT_3D ( 'NONE', #812, #488, #3980 ) ;
#1711 = CARTESIAN_POINT ( 'NONE',  ( 27.50000000000000000, -5.000000000000000888, -4.900000000000000355 ) ) ;
#1712 = CARTESIAN_POINT ( 'NONE',  ( -2.472812657340679454, 0.8190359181891497808, -2.111824459233155871 ) ) ;
#1713 = DIRECTION ( 'NONE',  ( -1.652117596168388495E-16, 1.000000000000000000, 0.000000000000000000 ) ) ;
#1714 = ORIENTED_EDGE ( 'NONE', *, *, #4211, .F. ) ;
#1715 = CARTESIAN_POINT ( 'NONE',  ( 11.00000000000000000, 4.000000000000005329, -4.000000000000000000 ) ) ;
#1716 = VERTEX_POINT ( 'NONE', #4079 ) ;
#1717 = AXIS2_PLACEMENT_3D ( 'NONE', #2452, #4396, #475 ) ;
#1718 = VECTOR ( 'NONE', #4967, 1000.000000000000000 ) ;
#1719 = CARTESIAN_POINT ( 'NONE',  ( -1.968265003351808762, 0.5791108841008835162, -2.612950820507784933 ) ) ;
#1720 = DIRECTION ( 'NONE',  ( -1.892425610156517122E-16, 1.000000000000000000, 0.000000000000000000 ) ) ;
#1721 = CARTESIAN_POINT ( 'NONE',  ( -11.17157287525382259, 3.000000000000003997, -10.00000000000000000 ) ) ;
#1722 = CARTESIAN_POINT ( 'NONE',  ( 2.645751311064587163, 3.000000000000004885, 8.000000000000000000 ) ) ;
#1723 = EDGE_CURVE ( 'NONE', #1430, #4826, #1678, .T. ) ;
#1724 = VERTEX_POINT ( 'NONE', #4486 ) ;
#1725 = DIRECTION ( 'NONE',  ( -1.000000000000000000, -1.892425610156517122E-16, -0.000000000000000000 ) ) ;
#1726 = FACE_OUTER_BOUND ( 'NONE', #1798, .T. ) ;
#1727 = ORIENTED_EDGE ( 'NONE', *, *, #4906, .F. ) ;
#1728 = EDGE_LOOP ( 'NONE', ( #997, #2382, #2395, #1146 ) ) ;
#1729 = EDGE_CURVE ( 'NONE', #2982, #1823, #4934, .T. ) ;
#1730 = EDGE_CURVE ( 'NONE', #1205, #2992, #4978, .T. ) ;
#1731 = FACE_OUTER_BOUND ( 'NONE', #3652, .T. ) ;
#1732 = FACE_OUTER_BOUND ( 'NONE', #402, .T. ) ;
#1733 = FACE_OUTER_BOUND ( 'NONE', #4021, .T. ) ;
#1734 = ORIENTED_EDGE ( 'NONE', *, *, #4843, .T. ) ;
#1735 = DIRECTION ( 'NONE',  ( -1.000000000000000000, 0.000000000000000000, 0.000000000000000000 ) ) ;
#1736 = CARTESIAN_POINT ( 'NONE',  ( -2.249999999999998224, 1.200000000000011724, -2.099999999999999645 ) ) ;
#1737 = DIRECTION ( 'NONE',  ( -1.000000000000000000, 0.000000000000000000, 0.000000000000000000 ) ) ;
#1738 = ORIENTED_EDGE ( 'NONE', *, *, #3477, .F. ) ;
#1739 = CARTESIAN_POINT ( 'NONE',  ( -14.99999999999999822, -1.171572875253810375, 4.000000000000000000 ) ) ;
#1740 = ORIENTED_EDGE ( 'NONE', *, *, #428, .T. ) ;
#1741 = DIRECTION ( 'NONE',  ( 0.7071067811865474617, 0.000000000000000000, 0.7071067811865474617 ) ) ;
#1742 = DIRECTION ( 'NONE',  ( 1.000000000000000000, -0.000000000000000000, -0.000000000000000000 ) ) ;
#1743 = CONICAL_SURFACE ( 'NONE', #2904, 5.000000000000000888, 0.7853981633974482790 ) ;
#1744 = DIRECTION ( 'NONE',  ( 0.000000000000000000, 0.000000000000000000, -1.000000000000000000 ) ) ;
#1745 = CARTESIAN_POINT ( 'NONE',  ( 1.988646640583524805, 3.477396701847806693, 8.000000002274028077 ) ) ;
#1746 = AXIS2_PLACEMENT_3D ( 'NONE', #707, #1511, #3875 ) ;
#1747 = VERTEX_POINT ( 'NONE', #1352 ) ;
#1748 = CARTESIAN_POINT ( 'NONE',  ( -2.049999999999999822, -2.510525938252073693E-16, -9.500000000000010658 ) ) ;
#1749 = DIRECTION ( 'NONE',  ( 0.000000000000000000, 0.000000000000000000, -1.000000000000000000 ) ) ;
#1750 = ORIENTED_EDGE ( 'NONE', *, *, #4516, .F. ) ;
#1751 = EDGE_CURVE ( 'NONE', #2908, #2413, #1760, .T. ) ;
#1752 = MANIFOLD_SOLID_BREP ( '<LQ26-05HGI-01-002>-<\X2\52079664\X0\-\X2\62c94f38\X0\6>', #1298 ) ;
#1753 = EDGE_LOOP ( 'NONE', ( #3555, #859, #375, #822 ) ) ;
#1754 = CARTESIAN_POINT ( 'NONE',  ( -27.50000000000000000, -5.000000000000000888, -10.00000000000000000 ) ) ;
#1755 = CIRCLE ( 'NONE', #2915, 1.000000000000000000 ) ;
#1756 = DIRECTION ( 'NONE',  ( 0.7071067811865467956, 1.338146981832761540E-16, -0.7071067811865483499 ) ) ;
#1757 = DIRECTION ( 'NONE',  ( 0.000000000000000000, 0.7071067811865474617, -0.7071067811865474617 ) ) ;
#1758 = EDGE_CURVE ( 'NONE', #4239, #3270, #5034, .T. ) ;
#1759 = ORIENTED_EDGE ( 'NONE', *, *, #2874, .T. ) ;
#1760 = CIRCLE ( 'NONE', #2342, 1.000000000000000888 ) ;
#1761 = AXIS2_PLACEMENT_3D ( 'NONE', #974, #3678, #3307 ) ;
#1762 = FACE_OUTER_BOUND ( 'NONE', #4282, .T. ) ;
#1763 = CIRCLE ( 'NONE', #3256, 1.000000000000000000 ) ;
#1764 = FACE_OUTER_BOUND ( 'NONE', #2585, .T. ) ;
#1765 = CARTESIAN_POINT ( 'NONE',  ( 20.50000000000001421, -4.999999999999992006, -10.00000000000000000 ) ) ;
#1766 = VECTOR ( 'NONE', #436, 1000.000000000000000 ) ;
#1767 = DIRECTION ( 'NONE',  ( -1.000000000000000000, -1.892425610156516875E-16, 0.000000000000000000 ) ) ;
#1768 = EDGE_CURVE ( 'NONE', #2504, #796, #438, .T. ) ;
#1769 = EDGE_CURVE ( 'NONE', #3104, #2198, #2665, .T. ) ;
#1770 = ORIENTED_EDGE ( 'NONE', *, *, #3616, .F. ) ;
#1771 = AXIS2_PLACEMENT_3D ( 'NONE', #5044, #3544, #2241 ) ;
#1772 = VECTOR ( 'NONE', #1498, 1000.000000000000000 ) ;
#1773 = CARTESIAN_POINT ( 'NONE',  ( -2.043586619461426057, 0.1673338294496549694, -2.628696683513121357 ) ) ;
#1774 = CIRCLE ( 'NONE', #5002, 2.500000000000014211 ) ;
#1775 = LINE ( 'NONE', #154, #5147 ) ;
#1776 = CIRCLE ( 'NONE', #357, 3.099999999999998757 ) ;
#1777 = AXIS2_PLACEMENT_3D ( 'NONE', #2522, #568, #3355 ) ;
#1778 = CARTESIAN_POINT ( 'NONE',  ( 18.00000000000000355, -4.499999999999977796, -5.000000000000000000 ) ) ;
#1779 = CARTESIAN_POINT ( 'NONE',  ( 27.56622186799686958, -11.81769303614650113, 4.900000000000000355 ) ) ;
#1780 = VERTEX_POINT ( 'NONE', #1866 ) ;
#1781 = DIRECTION ( 'NONE',  ( 0.000000000000000000, 0.000000000000000000, 1.000000000000000000 ) ) ;
#1782 = ORIENTED_EDGE ( 'NONE', *, *, #3725, .T. ) ;
#1783 = CYLINDRICAL_SURFACE ( 'NONE', #2261, 5.000000000000000888 ) ;
#1784 = DIRECTION ( 'NONE',  ( -1.892425610156516875E-16, 1.000000000000000000, 0.000000000000000000 ) ) ;
#1785 = CARTESIAN_POINT ( 'NONE',  ( -4.249999999999996447, -4.499999999999984013, -6.000000000000000000 ) ) ;
#1786 = ORIENTED_EDGE ( 'NONE', *, *, #2367, .F. ) ;
#1787 = DIRECTION ( 'NONE',  ( -0.7071067811865474617, 0.000000000000000000, 0.7071067811865474617 ) ) ;
#1788 = EDGE_CURVE ( 'NONE', #2872, #991, #3839, .T. ) ;
#1789 = CARTESIAN_POINT ( 'NONE',  ( -50.00000000000000000, -4.499999999999998224, 4.000000000000000000 ) ) ;
#1790 = LINE ( 'NONE', #1765, #3961 ) ;
#1791 = CARTESIAN_POINT ( 'NONE',  ( 6.750000000000000888, 4.000000000000004441, -7.000000000000000000 ) ) ;
#1792 = CARTESIAN_POINT ( 'NONE',  ( -8.499999999999996447, 4.000000000000001776, 6.000000000000000000 ) ) ;
#1793 = ORIENTED_EDGE ( 'NONE', *, *, #679, .F. ) ;
#1794 = EDGE_CURVE ( 'NONE', #951, #1566, #686, .T. ) ;
#1795 = CARTESIAN_POINT ( 'NONE',  ( -1.883391293151191581, -0.8138280942370880178, -2.602403683635885923 ) ) ;
#1796 = ADVANCED_FACE ( 'NONE', ( #2699, #1890 ), #4304, .F. ) ;
#1797 = FACE_OUTER_BOUND ( 'NONE', #1920, .T. ) ;
#1798 = EDGE_LOOP ( 'NONE', ( #1626, #825, #2028, #4082, #3631 ) ) ;
#1799 = AXIS2_PLACEMENT_3D ( 'NONE', #1122, #4308, #1539 ) ;
#1800 = DIRECTION ( 'NONE',  ( -1.000000000000000000, -1.892425610156517122E-16, -8.673617379884035472E-17 ) ) ;
#1801 = DIRECTION ( 'NONE',  ( 1.892425610156517122E-16, -1.000000000000000000, 0.000000000000000000 ) ) ;
#1802 = ORIENTED_EDGE ( 'NONE', *, *, #4687, .T. ) ;
#1803 = CARTESIAN_POINT ( 'NONE',  ( -2.249999999999998668, 3.000000000000003109, -4.099999999999999645 ) ) ;
#1804 = ORIENTED_EDGE ( 'NONE', *, *, #2712, .F. ) ;
#1805 = CARTESIAN_POINT ( 'NONE',  ( 10.50000000000000178, -2.999999999999994671, -10.00000000000000000 ) ) ;
#1806 = PLANE ( 'NONE',  #1018 ) ;
#1807 = FACE_OUTER_BOUND ( 'NONE', #3454, .T. ) ;
#1808 = EDGE_LOOP ( 'NONE', ( #3337, #470, #1676, #286 ) ) ;
#1809 = DIRECTION ( 'NONE',  ( -1.000000000000000000, 0.000000000000000000, 0.000000000000000000 ) ) ;
#1810 = LINE ( 'NONE', #2229, #1185 ) ;
#1811 = CYLINDRICAL_SURFACE ( 'NONE', #3952, 1.000000000000000000 ) ;
#1812 = DIRECTION ( 'NONE',  ( 0.000000000000000000, -0.7071067811865463515, 0.7071067811865487940 ) ) ;
#1813 = DIRECTION ( 'NONE',  ( 0.000000000000000000, 0.000000000000000000, 1.000000000000000000 ) ) ;
#1814 = VERTEX_POINT ( 'NONE', #3146 ) ;
#1815 = EDGE_CURVE ( 'NONE', #3120, #2413, #1842, .T. ) ;
#1816 = CARTESIAN_POINT ( 'NONE',  ( -2.647933949636259943, -0.1028910281830444640, -2.139982942249249565 ) ) ;
#1817 = DIRECTION ( 'NONE',  ( 1.892425610156517122E-16, -1.000000000000000000, 0.000000000000000000 ) ) ;
#1818 = ORIENTED_EDGE ( 'NONE', *, *, #3194, .T. ) ;
#1819 = EDGE_CURVE ( 'NONE', #4476, #934, #647, .T. ) ;
#1820 = EDGE_CURVE ( 'NONE', #716, #3551, #2620, .T. ) ;
#1821 = DIRECTION ( 'NONE',  ( 1.000000000000000000, 0.000000000000000000, 0.000000000000000000 ) ) ;
#1822 = CARTESIAN_POINT ( 'NONE',  ( 23.26622186799687242, -11.81769303614650113, -2.650000000000000355 ) ) ;
#1823 = VERTEX_POINT ( 'NONE', #4700 ) ;
#1824 = DIRECTION ( 'NONE',  ( 0.000000000000000000, 0.000000000000000000, -1.000000000000000000 ) ) ;
#1825 = CIRCLE ( 'NONE', #2487, 3.099999999999998757 ) ;
#1826 = ADVANCED_FACE ( 'NONE', ( #3500 ), #5086, .F. ) ;
#1827 = ORIENTED_EDGE ( 'NONE', *, *, #4610, .F. ) ;
#1828 = VECTOR ( 'NONE', #4035, 1000.000000000000000 ) ;
#1829 = CARTESIAN_POINT ( 'NONE',  ( -27.50000000000000000, -5.000000000000000888, 5.500000000000013323 ) ) ;
#1830 = FACE_OUTER_BOUND ( 'NONE', #3807, .T. ) ;
#1831 = DIRECTION ( 'NONE',  ( -0.7071067811865496822, -8.659560562354958743E-17, -0.7071067811865454633 ) ) ;
#1832 = ORIENTED_EDGE ( 'NONE', *, *, #3893, .T. ) ;
#1833 = CARTESIAN_POINT ( 'NONE',  ( 12.50000000000000178, -2.999999999999994671, 9.500000000000014211 ) ) ;
#1834 = CONICAL_SURFACE ( 'NONE', #1343, 2.500000000000014211, 0.7853981633974482790 ) ;
#1835 = DIRECTION ( 'NONE',  ( -0.000000000000000000, -0.000000000000000000, 1.000000000000000000 ) ) ;
#1836 = DIRECTION ( 'NONE',  ( 1.000000000000000000, 0.000000000000000000, 0.000000000000000000 ) ) ;
#1837 = DIRECTION ( 'NONE',  ( -1.000000000000000000, -0.000000000000000000, -0.000000000000000000 ) ) ;
#1838 = ORIENTED_EDGE ( 'NONE', *, *, #1537, .F. ) ;
#1839 = VECTOR ( 'NONE', #4848, 1000.000000000000000 ) ;
#1840 = DIRECTION ( 'NONE',  ( 1.000000000000000000, 1.892425610156517122E-16, 0.000000000000000000 ) ) ;
#1841 = DIRECTION ( 'NONE',  ( 1.000000000000000000, 1.892425610156517122E-16, 8.673617379884035472E-17 ) ) ;
#1842 = CIRCLE ( 'NONE', #4011, 2.000000000000001776 ) ;
#1843 = AXIS2_PLACEMENT_3D ( 'NONE', #3617, #47, #3638 ) ;
#1844 = DIRECTION ( 'NONE',  ( -0.000000000000000000, -0.000000000000000000, -1.000000000000000000 ) ) ;
#1845 = ADVANCED_FACE ( 'NONE', ( #3063 ), #3418, .F. ) ;
#1846 = VERTEX_POINT ( 'NONE', #2641 ) ;
#1847 = CIRCLE ( 'NONE', #3597, 1.000000000000000000 ) ;
#1848 = ORIENTED_EDGE ( 'NONE', *, *, #2332, .T. ) ;
#1849 = AXIS2_PLACEMENT_3D ( 'NONE', #4384, #2410, #1240 ) ;
#1850 = DIRECTION ( 'NONE',  ( -0.000000000000000000, -0.000000000000000000, -1.000000000000000000 ) ) ;
#1851 = DIRECTION ( 'NONE',  ( 0.000000000000000000, 0.000000000000000000, 1.000000000000000000 ) ) ;
#1852 = AXIS2_PLACEMENT_3D ( 'NONE', #870, #2451, #3182 ) ;
#1853 = ORIENTED_EDGE ( 'NONE', *, *, #4431, .F. ) ;
#1854 = CARTESIAN_POINT ( 'NONE',  ( 0.000000000000000000, 0.000000000000000000, -2.600000000000003197 ) ) ;
#1855 = EDGE_CURVE ( 'NONE', #3637, #956, #3339, .T. ) ;
#1856 = CONICAL_SURFACE ( 'NONE', #1612, 2.549999999999996714, 0.7853981633974410625 ) ;
#1857 = AXIS2_PLACEMENT_3D ( 'NONE', #3275, #4905, #2156 ) ;
#1858 = ORIENTED_EDGE ( 'NONE', *, *, #4782, .T. ) ;
#1859 = ORIENTED_EDGE ( 'NONE', *, *, #2271, .F. ) ;
#1860 = PLANE ( 'NONE',  #1282 ) ;
#1861 = EDGE_CURVE ( 'NONE', #4368, #4310, #4992, .T. ) ;
#1862 = DIRECTION ( 'NONE',  ( -1.000000000000000000, 0.000000000000000000, 0.000000000000000000 ) ) ;
#1863 = EDGE_LOOP ( 'NONE', ( #3043, #3433, #3316, #2819, #4685, #4531, #3402, #2315, #4989, #2275, #2524, #3398, #4123, #4199, #2650, #1057, #2436, #2290, #1209, #4922, #2988, #3388, #660, #3287, #127 ) ) ;
#1864 = CARTESIAN_POINT ( 'NONE',  ( -27.50000000000000000, 0.000000000000000000, 10.00000000000000000 ) ) ;
#1865 = DIRECTION ( 'NONE',  ( -1.000000000000000000, 0.000000000000000000, 0.000000000000000000 ) ) ;
#1866 = CARTESIAN_POINT ( 'NONE',  ( 2.645751311064586719, 4.000000000000004441, 7.000000000000000000 ) ) ;
#1867 = FACE_OUTER_BOUND ( 'NONE', #2605, .T. ) ;
#1868 = ORIENTED_EDGE ( 'NONE', *, *, #4394, .F. ) ;
#1869 = VECTOR ( 'NONE', #5073, 1000.000000000000000 ) ;
#1870 = CARTESIAN_POINT ( 'NONE',  ( -11.17157287525382259, 5.000000000000004441, -4.500000000000007105 ) ) ;
#1871 = CYLINDRICAL_SURFACE ( 'NONE', #2464, 3.099999999999998757 ) ;
#1872 = PLANE ( 'NONE',  #4072 ) ;
#1873 = VERTEX_POINT ( 'NONE', #3582 ) ;
#1874 = EDGE_LOOP ( 'NONE', ( #1327, #150, #2236, #4227 ) ) ;
#1875 = CARTESIAN_POINT ( 'NONE',  ( -7.499999999999994671, -4.999999999999997335, -6.000000000000000000 ) ) ;
#1876 = VERTEX_POINT ( 'NONE', #1193 ) ;
#1877 = CARTESIAN_POINT ( 'NONE',  ( 27.50000000000000000, 0.000000000000000000, 7.249999999999996447 ) ) ;
#1878 = EDGE_LOOP ( 'NONE', ( #1074, #80, #4026, #1450 ) ) ;
#1879 = EDGE_CURVE ( 'NONE', #6, #2828, #4030, .T. ) ;
#1880 = VERTEX_POINT ( 'NONE', #2779 ) ;
#1881 = DIRECTION ( 'NONE',  ( -1.000000000000000000, 0.000000000000000000, 0.000000000000000000 ) ) ;
#1882 = CARTESIAN_POINT ( 'NONE',  ( -27.50000000000000000, 0.000000000000000000, -5.800000000000001599 ) ) ;
#1883 = DIRECTION ( 'NONE',  ( -1.652117596168388495E-16, 1.000000000000000000, 0.000000000000000000 ) ) ;
#1884 = ORIENTED_EDGE ( 'NONE', *, *, #2874, .F. ) ;
#1885 = ORIENTED_EDGE ( 'NONE', *, *, #45, .F. ) ;
#1886 = ADVANCED_FACE ( 'NONE', ( #4797 ), #65, .F. ) ;
#1887 = EDGE_CURVE ( 'NONE', #4856, #4627, #483, .T. ) ;
#1888 = CARTESIAN_POINT ( 'NONE',  ( -27.50000000000000000, 0.000000000000000000, -5.800000000000001599 ) ) ;
#1889 =( LENGTH_UNIT ( ) NAMED_UNIT ( * ) SI_UNIT ( .MILLI., .METRE. ) );
#1890 = FACE_OUTER_BOUND ( 'NONE', #2369, .T. ) ;
#1891 = CARTESIAN_POINT ( 'NONE',  ( 27.50000000000000000, 0.000000000000000000, -7.249999999999999112 ) ) ;
#1892 = ORIENTED_EDGE ( 'NONE', *, *, #4755, .F. ) ;
#1893 = CARTESIAN_POINT ( 'NONE',  ( 24.05317286445727731, 0.6077686218342444047, 4.900000000000000355 ) ) ;
#1894 = CARTESIAN_POINT ( 'NONE',  ( 18.00000000000000355, -4.999999999999992006, 3.000000000000000000 ) ) ;
#1895 = CARTESIAN_POINT ( 'NONE',  ( -25.30000000000000071, 0.000000000000000000, 10.00000000000000000 ) ) ;
#1896 = EDGE_LOOP ( 'NONE', ( #1793, #1848, #4654, #1782 ) ) ;
#1897 = ORIENTED_EDGE ( 'NONE', *, *, #4394, .T. ) ;
#1898 = LINE ( 'NONE', #3484, #2929 ) ;
#1899 = CARTESIAN_POINT ( 'NONE',  ( 10.00000000000000178, -4.499999999999979572, 5.000000000000000000 ) ) ;
#1900 = DIRECTION ( 'NONE',  ( -1.000000000000000000, 0.000000000000000000, 0.000000000000000000 ) ) ;
#1901 = VERTEX_POINT ( 'NONE', #2069 ) ;
#1902 = VERTEX_POINT ( 'NONE', #5138 ) ;
#1903 = DIRECTION ( 'NONE',  ( -1.000000000000000000, 0.000000000000000000, 0.000000000000000000 ) ) ;
#1904 = LINE ( 'NONE', #3836, #1772 ) ;
#1905 = EDGE_CURVE ( 'NONE', #2795, #2960, #2463, .T. ) ;
#1906 = FACE_BOUND ( 'NONE', #366, .T. ) ;
#1907 = TOROIDAL_SURFACE ( 'NONE', #2739, 2.000000000000000000, 1.000000000000000000 ) ;
#1908 = VERTEX_POINT ( 'NONE', #4360 ) ;
#1909 = FACE_OUTER_BOUND ( 'NONE', #83, .T. ) ;
#1910 = CARTESIAN_POINT ( 'NONE',  ( 12.50000000000000178, -2.999999999999994671, -9.500000000000000000 ) ) ;
#1911 = DIRECTION ( 'NONE',  ( 0.000000000000000000, 0.7071067811865474617, 0.7071067811865474617 ) ) ;
#1912 = EDGE_CURVE ( 'NONE', #3876, #4957, #2854, .T. ) ;
#1913 = LINE ( 'NONE', #807, #1114 ) ;
#1914 = ORIENTED_EDGE ( 'NONE', *, *, #3223, .T. ) ;
#1915 = VECTOR ( 'NONE', #771, 1000.000000000000000 ) ;
#1916 = DIRECTION ( 'NONE',  ( 1.000000000000000000, 0.000000000000000000, 0.000000000000000000 ) ) ;
#1917 = CARTESIAN_POINT ( 'NONE',  ( -2.249999999999997780, 1.200000000000011724, -2.099999999999999201 ) ) ;
#1918 = CARTESIAN_POINT ( 'NONE',  ( -7.499999999999994671, -4.999999999999997335, 8.500000000000014211 ) ) ;
#1919 = ADVANCED_FACE ( 'NONE', ( #4329 ), #3171, .F. ) ;
#1920 = EDGE_LOOP ( 'NONE', ( #1371, #2455, #2248, #3720 ) ) ;
#1921 = ADVANCED_FACE ( 'NONE', ( #3197, #855 ), #2046, .T. ) ;
#1922 = VECTOR ( 'NONE', #85, 1000.000000000000000 ) ;
#1923 = ORIENTED_EDGE ( 'NONE', *, *, #226, .T. ) ;
#1924 = AXIS2_PLACEMENT_3D ( 'NONE', #3531, #1483, #5113 ) ;
#1925 = CIRCLE ( 'NONE', #5075, 2.149999999999999023 ) ;
#1926 = CARTESIAN_POINT ( 'NONE',  ( -27.50000000000000000, 5.000000000000000888, 4.500000000000007105 ) ) ;
#1927 = DIRECTION ( 'NONE',  ( 0.000000000000000000, 0.000000000000000000, -1.000000000000000000 ) ) ;
#1928 = CARTESIAN_POINT ( 'NONE',  ( -4.249999999999996447, -4.499999999999982236, -8.000000000000000000 ) ) ;
#1929 = VECTOR ( 'NONE', #4395, 1000.000000000000000 ) ;
#1930 = DIRECTION ( 'NONE',  ( -1.000000000000000000, 0.000000000000000000, 0.000000000000000000 ) ) ;
#1931 = TOROIDAL_SURFACE ( 'NONE', #4833, 1.000000000000000000, 1.000000000000000000 ) ;
#1932 = EDGE_LOOP ( 'NONE', ( #1290, #3968, #2193, #1072 ) ) ;
#1933 = AXIS2_PLACEMENT_3D ( 'NONE', #1247, #1173, #4343 ) ;
#1934 = ORIENTED_EDGE ( 'NONE', *, *, #4149, .T. ) ;
#1935 = VECTOR ( 'NONE', #992, 1000.000000000000000 ) ;
#1936 = CARTESIAN_POINT ( 'NONE',  ( -2.373673364205715508, -1.012322751455936976, -2.103204911510586861 ) ) ;
#1937 = CIRCLE ( 'NONE', #111, 2.549999999999986500 ) ;
#1938 = CARTESIAN_POINT ( 'NONE',  ( -27.50000000000000000, -4.500000000000014211, 10.00000000000000000 ) ) ;
#1939 = AXIS2_PLACEMENT_3D ( 'NONE', #3784, #3389, #3002 ) ;
#1940 = ORIENTED_EDGE ( 'NONE', *, *, #5030, .T. ) ;
#1941 = VECTOR ( 'NONE', #536, 1000.000000000000000 ) ;
#1942 = ADVANCED_FACE ( 'NONE', ( #1681 ), #2177, .F. ) ;
#1943 = LINE ( 'NONE', #324, #3685 ) ;
#1944 = LINE ( 'NONE', #1971, #4259 ) ;
#1945 = CARTESIAN_POINT ( 'NONE',  ( 20.00000000000000000, -4.999999999999992006, 3.000000000000000000 ) ) ;
#1946 = SURFACE_STYLE_FILL_AREA ( #566 ) ;
#1947 = CYLINDRICAL_SURFACE ( 'NONE', #3938, 1.000000000000000888 ) ;
#1948 = ORIENTED_EDGE ( 'NONE', *, *, #608, .F. ) ;
#1949 = EDGE_CURVE ( 'NONE', #1747, #4044, #4407, .T. ) ;
#1950 = DIRECTION ( 'NONE',  ( 0.1736481776669271115, 0.9848077530122086864, 0.000000000000000000 ) ) ;
#1951 = LINE ( 'NONE', #5094, #2378 ) ;
#1952 = DIRECTION ( 'NONE',  ( -1.000000000000000000, 0.000000000000000000, 0.000000000000000000 ) ) ;
#1953 = ORIENTED_EDGE ( 'NONE', *, *, #2647, .F. ) ;
#1954 = CARTESIAN_POINT ( 'NONE',  ( -4.528881991484131924E-16, 4.000000000000001776, 8.000000000000000000 ) ) ;
#1955 = ORIENTED_EDGE ( 'NONE', *, *, #4181, .T. ) ;
#1956 = CIRCLE ( 'NONE', #3711, 4.500000000000000888 ) ;
#1957 = EDGE_CURVE ( 'NONE', #3377, #3572, #5080, .T. ) ;
#1958 = EDGE_CURVE ( 'NONE', #1901, #4204, #4819, .T. ) ;
#1959 = DIRECTION ( 'NONE',  ( -1.000000000000000000, -1.892425610156517122E-16, -0.000000000000000000 ) ) ;
#1960 = LINE ( 'NONE', #5065, #856 ) ;
#1961 = ORIENTED_EDGE ( 'NONE', *, *, #1815, .F. ) ;
#1962 = DIRECTION ( 'NONE',  ( -1.892425610156516875E-16, 1.000000000000000000, 0.000000000000000000 ) ) ;
#1963 = ORIENTED_EDGE ( 'NONE', *, *, #2687, .T. ) ;
#1964 = ORIENTED_EDGE ( 'NONE', *, *, #4626, .T. ) ;
#1965 = LINE ( 'NONE', #799, #549 ) ;
#1966 = LINE ( 'NONE', #4298, #4822 ) ;
#1967 = AXIS2_PLACEMENT_3D ( 'NONE', #1307, #2008, #3647 ) ;
#1968 = AXIS2_PLACEMENT_3D ( 'NONE', #4452, #3258, #3604 ) ;
#1969 = ORIENTED_EDGE ( 'NONE', *, *, #4649, .T. ) ;
#1970 = B_SPLINE_CURVE_WITH_KNOTS ( 'NONE', 3,
 ( #3083, #2660, #2563, #584, #240, #3762, #3416, #3368, #5003, #4950, #3034, #4250 ),
 .UNSPECIFIED., .F., .F.,
 ( 4, 2, 2, 2, 2, 4 ),
 ( 0.000000000000000000, 0.0007230244653764148757, 0.001446048930752829751, 0.002169073396129244519, 0.002530585628817451794, 0.002892097861505660804 ),
 .UNSPECIFIED. ) ;
#1971 = CARTESIAN_POINT ( 'NONE',  ( -4.000000000000000888, 0.000000000000000000, -2.099999999999999645 ) ) ;
#1972 = CARTESIAN_POINT ( 'NONE',  ( 18.00000000000000355, 4.000000000000007105, -3.000000000000000000 ) ) ;
#1973 = LINE ( 'NONE', #1996, #4096 ) ;
#1974 = CARTESIAN_POINT ( 'NONE',  ( -27.50000000000000000, 0.000000000000000000, 5.799999999999999822 ) ) ;
#1975 = ORIENTED_EDGE ( 'NONE', *, *, #2559, .F. ) ;
#1976 = FACE_OUTER_BOUND ( 'NONE', #642, .T. ) ;
#1977 = CARTESIAN_POINT ( 'NONE',  ( 10.99261509947660542, -4.999999999999992895, 7.249999999999996447 ) ) ;
#1978 = DIRECTION ( 'NONE',  ( 0.000000000000000000, 0.000000000000000000, -1.000000000000000000 ) ) ;
#1979 = EDGE_LOOP ( 'NONE', ( #3263, #2473, #1304, #1496, #628, #2363, #2090, #5072, #3960, #3523 ) ) ;
#1980 = CARTESIAN_POINT ( 'NONE',  ( -1.044090904744672921, 4.000000000000003553, 7.427782717392531708 ) ) ;
#1981 = EDGE_CURVE ( 'NONE', #4316, #116, #1973, .T. ) ;
#1982 = ORIENTED_EDGE ( 'NONE', *, *, #1020, .T. ) ;
#1983 = DIRECTION ( 'NONE',  ( -1.000000000000000000, 0.000000000000000000, 0.000000000000000000 ) ) ;
#1984 = FACE_OUTER_BOUND ( 'NONE', #1863, .T. ) ;
#1985 = EDGE_CURVE ( 'NONE', #5097, #838, #2184, .T. ) ;
#1986 = EDGE_CURVE ( 'NONE', #1339, #1238, #3759, .T. ) ;
#1987 = EDGE_LOOP ( 'NONE', ( #1314, #3336 ) ) ;
#1988 = ORIENTED_EDGE ( 'NONE', *, *, #1081, .F. ) ;
#1989 = DIRECTION ( 'NONE',  ( 0.000000000000000000, 0.000000000000000000, 1.000000000000000000 ) ) ;
#1990 = ADVANCED_FACE ( 'NONE', ( #3655 ), #2748, .F. ) ;
#1991 = CARTESIAN_POINT ( 'NONE',  ( 27.50000000000000000, 4.500000000000001776, -7.749999999999999112 ) ) ;
#1992 = ORIENTED_EDGE ( 'NONE', *, *, #615, .T. ) ;
#1993 = ORIENTED_EDGE ( 'NONE', *, *, #3674, .F. ) ;
#1994 = DIRECTION ( 'NONE',  ( -0.000000000000000000, -0.000000000000000000, 1.000000000000000000 ) ) ;
#1995 = DIRECTION ( 'NONE',  ( -0.000000000000000000, -0.000000000000000000, -1.000000000000000000 ) ) ;
#1996 = CARTESIAN_POINT ( 'NONE',  ( 30.32677911926509040, -4.124235663839652233, -10.00000000000000000 ) ) ;
#1997 = AXIS2_PLACEMENT_3D ( 'NONE', #2552, #4960, #989 ) ;
#1998 = DIRECTION ( 'NONE',  ( 0.000000000000000000, 0.7071067811865474617, -0.7071067811865474617 ) ) ;
#1999 = EDGE_LOOP ( 'NONE', ( #4601, #654 ) ) ;
#2000 = CIRCLE ( 'NONE', #4238, 5.000000000000000888 ) ;
#2001 = DIRECTION ( 'NONE',  ( -0.000000000000000000, -0.000000000000000000, -1.000000000000000000 ) ) ;
#2002 = CARTESIAN_POINT ( 'NONE',  ( -27.50000000000000000, 0.000000000000000000, 10.00000000000000000 ) ) ;
#2003 = ORIENTED_EDGE ( 'NONE', *, *, #1985, .F. ) ;
#2004 = LINE ( 'NONE', #3565, #4836 ) ;
#2005 = ORIENTED_EDGE ( 'NONE', *, *, #2927, .T. ) ;
#2006 = CYLINDRICAL_SURFACE ( 'NONE', #3675, 1.000000000000000000 ) ;
#2007 = EDGE_CURVE ( 'NONE', #1814, #2200, #87, .T. ) ;
#2008 = DIRECTION ( 'NONE',  ( -1.892425610156517122E-16, 1.000000000000000000, 0.000000000000000000 ) ) ;
#2009 = AXIS2_PLACEMENT_3D ( 'NONE', #3391, #4226, #1478 ) ;
#2010 = CARTESIAN_POINT ( 'NONE',  ( -27.50000000000000000, 0.000000000000000000, -9.499999999999989342 ) ) ;
#2011 = AXIS2_PLACEMENT_3D ( 'NONE', #2645, #576, #2501 ) ;
#2012 = ADVANCED_FACE ( 'NONE', ( #2123 ), #1806, .F. ) ;
#2013 = VERTEX_POINT ( 'NONE', #4150 ) ;
#2014 = DIRECTION ( 'NONE',  ( -0.000000000000000000, -0.000000000000000000, -1.000000000000000000 ) ) ;
#2015 = VECTOR ( 'NONE', #1812, 1000.000000000000000 ) ;
#2016 = AXIS2_PLACEMENT_3D ( 'NONE', #3814, #3842, #221 ) ;
#2017 = DIRECTION ( 'NONE',  ( 1.892425610156517122E-16, -1.000000000000000000, -0.000000000000000000 ) ) ;
#2018 = VERTEX_POINT ( 'NONE', #1003 ) ;
#2019 = VECTOR ( 'NONE', #474, 1000.000000000000000 ) ;
#2020 = EDGE_LOOP ( 'NONE', ( #2885, #1154 ) ) ;
#2021 = AXIS2_PLACEMENT_3D ( 'NONE', #144, #2879, #1707 ) ;
#2022 = EDGE_CURVE ( 'NONE', #2492, #1174, #4873, .T. ) ;
#2023 = CARTESIAN_POINT ( 'NONE',  ( -8.499999999999996447, 4.000000000000001776, -6.000000000000000000 ) ) ;
#2024 = VECTOR ( 'NONE', #1116, 1000.000000000000000 ) ;
#2025 = DIRECTION ( 'NONE',  ( -0.7071067811865450192, 0.7071067811865500152, 0.000000000000000000 ) ) ;
#2026 = AXIS2_PLACEMENT_3D ( 'NONE', #3218, #901, #4872 ) ;
#2027 = CARTESIAN_POINT ( 'NONE',  ( -27.50000000000000000, 4.500000000000014211, 10.00000000000000000 ) ) ;
#2028 = ORIENTED_EDGE ( 'NONE', *, *, #4076, .T. ) ;
#2029 = CIRCLE ( 'NONE', #4839, 2.000000000000000000 ) ;
#2030 = DIRECTION ( 'NONE',  ( 0.000000000000000000, 0.000000000000000000, 1.000000000000000000 ) ) ;
#2031 = CARTESIAN_POINT ( 'NONE',  ( 27.50000000000000000, 0.000000000000000000, 10.00000000000000000 ) ) ;
#2032 = CARTESIAN_POINT ( 'NONE',  ( -14.41421356237309759, 2.585786437626909962, 4.000000000000000000 ) ) ;
#2033 = VERTEX_POINT ( 'NONE', #3292 ) ;
#2034 = CARTESIAN_POINT ( 'NONE',  ( -1.707835793046273976, 4.000000000000003553, 7.155644789016053053 ) ) ;
#2035 = VERTEX_POINT ( 'NONE', #3314 ) ;
#2036 = DIRECTION ( 'NONE',  ( -0.000000000000000000, -0.000000000000000000, 1.000000000000000000 ) ) ;
#2037 = CARTESIAN_POINT ( 'NONE',  ( 10.49999999999999822, 3.000000000000008438, -7.749999999999998224 ) ) ;
#2038 = CARTESIAN_POINT ( 'NONE',  ( -27.50000000000000000, 0.000000000000000000, 4.500000000000007105 ) ) ;
#2039 = EDGE_CURVE ( 'NONE', #4105, #3832, #2958, .T. ) ;
#2040 = ORIENTED_EDGE ( 'NONE', *, *, #3086, .T. ) ;
#2041 = CARTESIAN_POINT ( 'NONE',  ( -27.50000000000000000, 5.000000000000000888, -4.500000000000007105 ) ) ;
#2042 = ORIENTED_EDGE ( 'NONE', *, *, #4364, .F. ) ;
#2043 = EDGE_CURVE ( 'NONE', #4105, #5047, #217, .T. ) ;
#2044 = ORIENTED_EDGE ( 'NONE', *, *, #906, .T. ) ;
#2045 = DIRECTION ( 'NONE',  ( 1.000000000000000000, 0.000000000000000000, 0.000000000000000000 ) ) ;
#2046 = PLANE ( 'NONE',  #4664 ) ;
#2047 = AXIS2_PLACEMENT_3D ( 'NONE', #363, #5039, #3480 ) ;
#2048 = CARTESIAN_POINT ( 'NONE',  ( -2.249999999999996891, -4.499999999999982236, -2.099999999999999645 ) ) ;
#2049 = ADVANCED_FACE ( 'NONE', ( #560 ), #3259, .F. ) ;
#2050 = ADVANCED_FACE ( 'NONE', ( #4849, #1317 ), #2509, .T. ) ;
#2051 = ORIENTED_EDGE ( 'NONE', *, *, #1131, .T. ) ;
#2052 = CIRCLE ( 'NONE', #4206, 4.499999999999993783 ) ;
#2053 = CARTESIAN_POINT ( 'NONE',  ( 10.49999999999999822, 3.000000000000008438, -10.00000000000000000 ) ) ;
#2054 = DIRECTION ( 'NONE',  ( -1.000000000000000000, 0.000000000000000000, 0.000000000000000000 ) ) ;
#2055 = DIRECTION ( 'NONE',  ( 0.000000000000000000, -0.7071067811865482389, 0.7071067811865469066 ) ) ;
#2056 = VERTEX_POINT ( 'NONE', #3688 ) ;
#2057 = CARTESIAN_POINT ( 'NONE',  ( -1.988646640583529468, 3.477396701847804028, 8.000000002274028077 ) ) ;
#2058 = ORIENTED_EDGE ( 'NONE', *, *, #2644, .F. ) ;
#2059 =( BOUNDED_CURVE ( )  B_SPLINE_CURVE ( 3, ( #2784, #443, #1977, #2366 ),
 .UNSPECIFIED., .F., .T. ) 
 B_SPLINE_CURVE_WITH_KNOTS ( ( 4, 4 ),
 ( 2.418858405776375786, 3.141592653589791784 ),
 .UNSPECIFIED. ) 
 CURVE ( )  GEOMETRIC_REPRESENTATION_ITEM ( )  RATIONAL_B_SPLINE_CURVE ( ( 1.000000000000000000, 0.9569428977956567772, 0.9569428977956567772, 1.000000000000000000 ) ) 
 REPRESENTATION_ITEM ( '' )  );
#2060 = DIRECTION ( 'NONE',  ( 0.7071067811865482389, -0.7071067811865469066, -0.000000000000000000 ) ) ;
#2061 = CARTESIAN_POINT ( 'NONE',  ( 18.00000000000000355, -4.499999999999977796, -5.000000000000000000 ) ) ;
#2062 = DIRECTION ( 'NONE',  ( -1.000000000000000000, 0.000000000000000000, 0.000000000000000000 ) ) ;
#2063 = ORIENTED_EDGE ( 'NONE', *, *, #3643, .T. ) ;
#2064 = DIRECTION ( 'NONE',  ( -1.000000000000000000, -1.652117596168388495E-16, 0.000000000000000000 ) ) ;
#2065 = ORIENTED_EDGE ( 'NONE', *, *, #1694, .T. ) ;
#2066 = ORIENTED_EDGE ( 'NONE', *, *, #847, .F. ) ;
#2067 = CARTESIAN_POINT ( 'NONE',  ( 0.000000000000000000, 0.000000000000000000, -9.500000000000010658 ) ) ;
#2068 = ADVANCED_FACE ( 'NONE', ( #4176 ), #2433, .T. ) ;
#2069 = CARTESIAN_POINT ( 'NONE',  ( 2.750000000000001332, 3.000000000000005329, -2.099999999999999645 ) ) ;
#2070 = FACE_OUTER_BOUND ( 'NONE', #3649, .T. ) ;
#2071 = ORIENTED_EDGE ( 'NONE', *, *, #130, .F. ) ;
#2072 = ADVANCED_FACE ( 'NONE', ( #4949 ), #4539, .T. ) ;
#2073 = VECTOR ( 'NONE', #1253, 1000.000000000000114 ) ;
#2074 = DIRECTION ( 'NONE',  ( -0.000000000000000000, -0.000000000000000000, 1.000000000000000000 ) ) ;
#2075 = CARTESIAN_POINT ( 'NONE',  ( -32.50000000000000000, 0.000000000000000000, -10.00000000000000000 ) ) ;
#2076 = LINE ( 'NONE', #3663, #843 ) ;
#2077 = ORIENTED_EDGE ( 'NONE', *, *, #1634, .F. ) ;
#2078 = CARTESIAN_POINT ( 'NONE',  ( -6.249999999999998224, 3.000000000000001776, -8.000000000000000000 ) ) ;
#2079 = ORIENTED_EDGE ( 'NONE', *, *, #608, .T. ) ;
#2080 = EDGE_CURVE ( 'NONE', #3551, #4627, #613, .T. ) ;
#2081 = DIRECTION ( 'NONE',  ( 0.000000000000000000, 0.000000000000000000, -1.000000000000000000 ) ) ;
#2082 = ADVANCED_FACE ( 'NONE', ( #4127 ), #3099, .T. ) ;
#2083 = CARTESIAN_POINT ( 'NONE',  ( -2.050000000050113957, 1.550917769478901967E-14, -2.630306152124544550 ) ) ;
#2084 = AXIS2_PLACEMENT_3D ( 'NONE', #196, #4971, #1862 ) ;
#2085 = VERTEX_POINT ( 'NONE', #3367 ) ;
#2086 = LINE ( 'NONE', #4144, #434 ) ;
#2087 = DIRECTION ( 'NONE',  ( 0.7071067811865467956, 0.7071067811865482389, 0.000000000000000000 ) ) ;
#2088 = AXIS2_PLACEMENT_3D ( 'NONE', #2825, #487, #3691 ) ;
#2089 = ORIENTED_EDGE ( 'NONE', *, *, #3409, .F. ) ;
#2090 = ORIENTED_EDGE ( 'NONE', *, *, #5029, .F. ) ;
#2091 = DIRECTION ( 'NONE',  ( -1.892425610156517122E-16, 1.000000000000000000, 0.000000000000000000 ) ) ;
#2092 = CIRCLE ( 'NONE', #3255, 5.000000000000000888 ) ;
#2093 = CIRCLE ( 'NONE', #440, 2.000000000000000000 ) ;
#2094 = DIRECTION ( 'NONE',  ( -0.000000000000000000, -0.000000000000000000, 1.000000000000000000 ) ) ;
#2095 = DIRECTION ( 'NONE',  ( 0.000000000000000000, 0.000000000000000000, -1.000000000000000000 ) ) ;
#2096 = CONICAL_SURFACE ( 'NONE', #1360, 2.500000000000014211, 0.7853981633974482790 ) ;
#2097 = DIRECTION ( 'NONE',  ( 1.652117596168388495E-16, -1.000000000000000000, -0.000000000000000000 ) ) ;
#2098 = VECTOR ( 'NONE', #183, 1000.000000000000000 ) ;
#2099 = ORIENTED_EDGE ( 'NONE', *, *, #1788, .F. ) ;
#2100 = EDGE_CURVE ( 'NONE', #3838, #1198, #4513, .T. ) ;
#2101 = AXIS2_PLACEMENT_3D ( 'NONE', #325, #3121, #381 ) ;
#2102 = DIRECTION ( 'NONE',  ( -1.000000000000000000, 0.000000000000000000, 0.000000000000000000 ) ) ;
#2103 = DIRECTION ( 'NONE',  ( 0.000000000000000000, 0.000000000000000000, 1.000000000000000000 ) ) ;
#2104 = CARTESIAN_POINT ( 'NONE',  ( 10.50000000000000533, -4.999999999999993783, 7.249999999999997335 ) ) ;
#2105 = ORIENTED_EDGE ( 'NONE', *, *, #1548, .F. ) ;
#2106 = CARTESIAN_POINT ( 'NONE',  ( 27.50000000000000000, -5.000000000000000888, -7.249999999999999112 ) ) ;
#2107 = VECTOR ( 'NONE', #2598, 1000.000000000000114 ) ;
#2108 = ORIENTED_EDGE ( 'NONE', *, *, #3290, .T. ) ;
#2109 = EDGE_CURVE ( 'NONE', #458, #3513, #3989, .T. ) ;
#2110 = LINE ( 'NONE', #4882, #629 ) ;
#2111 = CYLINDRICAL_SURFACE ( 'NONE', #4400, 2.000000000000001776 ) ;
#2112 = EDGE_CURVE ( 'NONE', #4125, #1377, #2843, .T. ) ;
#2113 = ADVANCED_FACE ( 'NONE', ( #1732 ), #4479, .T. ) ;
#2114 = DIRECTION ( 'NONE',  ( -1.000000000000000000, -1.892425610156517122E-16, -0.000000000000000000 ) ) ;
#2115 = DIRECTION ( 'NONE',  ( -0.000000000000000000, -0.000000000000000000, 1.000000000000000000 ) ) ;
#2116 = EDGE_LOOP ( 'NONE', ( #457, #4064, #1271, #1126 ) ) ;
#2117 = DIRECTION ( 'NONE',  ( 0.7071067811865474617, 0.7071067811865474617, 0.000000000000000000 ) ) ;
#2118 = DIRECTION ( 'NONE',  ( -1.000000000000000000, -1.892425610156517122E-16, -0.000000000000000000 ) ) ;
#2119 = ORIENTED_EDGE ( 'NONE', *, *, #5082, .T. ) ;
#2120 = ORIENTED_EDGE ( 'NONE', *, *, #3911, .T. ) ;
#2121 = CIRCLE ( 'NONE', #3867, 2.049999999999999822 ) ;
#2122 = CARTESIAN_POINT ( 'NONE',  ( -27.50000000000000000, -5.000000000000000888, 4.500000000000007105 ) ) ;
#2123 = FACE_OUTER_BOUND ( 'NONE', #1075, .T. ) ;
#2124 = FACE_OUTER_BOUND ( 'NONE', #4712, .T. ) ;
#2125 = ORIENTED_EDGE ( 'NONE', *, *, #1659, .F. ) ;
#2126 = AXIS2_PLACEMENT_3D ( 'NONE', #391, #48, #786 ) ;
#2127 = DIRECTION ( 'NONE',  ( -0.000000000000000000, -0.000000000000000000, 1.000000000000000000 ) ) ;
#2128 = DIRECTION ( 'NONE',  ( 1.892425610156516875E-16, -1.000000000000000000, 0.000000000000000000 ) ) ;
#2129 = CARTESIAN_POINT ( 'NONE',  ( 19.00000000000000000, 3.000000000000007105, -3.000000000000000000 ) ) ;
#2130 = ORIENTED_EDGE ( 'NONE', *, *, #3954, .T. ) ;
#2131 = DIRECTION ( 'NONE',  ( -1.000000000000000000, -0.000000000000000000, -0.000000000000000000 ) ) ;
#2132 = EDGE_LOOP ( 'NONE', ( #4265, #4966, #4110, #3084 ) ) ;
#2133 = VECTOR ( 'NONE', #213, 1000.000000000000000 ) ;
#2134 = CARTESIAN_POINT ( 'NONE',  ( -2.048708853898540738, 0.08389864997432319726, -2.629975628441481916 ) ) ;
#2135 = CARTESIAN_POINT ( 'NONE',  ( -27.50000000000000000, 0.000000000000000000, -10.00000000000000000 ) ) ;
#2136 = EDGE_CURVE ( 'NONE', #3466, #4147, #4201, .T. ) ;
#2137 = DIRECTION ( 'NONE',  ( 0.000000000000000000, 0.000000000000000000, -1.000000000000000000 ) ) ;
#2138 = DIRECTION ( 'NONE',  ( 1.000000000000000000, 0.000000000000000000, 0.000000000000000000 ) ) ;
#2139 = ORIENTED_EDGE ( 'NONE', *, *, #143, .T. ) ;
#2140 = FACE_OUTER_BOUND ( 'NONE', #2244, .T. ) ;
#2141 = DIRECTION ( 'NONE',  ( 0.000000000000000000, -0.7071067811865493491, 0.7071067811865456854 ) ) ;
#2142 = EDGE_CURVE ( 'NONE', #2786, #973, #1054, .T. ) ;
#2143 = EDGE_CURVE ( 'NONE', #4868, #3104, #662, .T. ) ;
#2144 = VERTEX_POINT ( 'NONE', #2301 ) ;
#2145 = ORIENTED_EDGE ( 'NONE', *, *, #4269, .T. ) ;
#2146 = FACE_OUTER_BOUND ( 'NONE', #4735, .T. ) ;
#2147 = EDGE_CURVE ( 'NONE', #135, #72, #2512, .T. ) ;
#2148 = CARTESIAN_POINT ( 'NONE',  ( 10.50000000000000178, -2.999999999999994671, -10.00000000000000000 ) ) ;
#2149 = LINE ( 'NONE', #3736, #2250 ) ;
#2150 = ORIENTED_EDGE ( 'NONE', *, *, #1769, .F. ) ;
#2151 = FACE_OUTER_BOUND ( 'NONE', #1221, .T. ) ;
#2152 = CARTESIAN_POINT ( 'NONE',  ( 12.50000000000000178, -2.999999999999994671, -7.749999999999998224 ) ) ;
#2153 = LINE ( 'NONE', #4519, #385 ) ;
#2154 = CARTESIAN_POINT ( 'NONE',  ( -25.30000000000000071, 0.000000000000000000, 4.000000000000000000 ) ) ;
#2155 = ORIENTED_EDGE ( 'NONE', *, *, #518, .F. ) ;
#2156 = DIRECTION ( 'NONE',  ( 0.1736481776669270838, 0.9848077530122086864, 0.000000000000000000 ) ) ;
#2157 = VERTEX_POINT ( 'NONE', #4225 ) ;
#2158 = CARTESIAN_POINT ( 'NONE',  ( -1.848600501787766470, 0.8901138971988886706, -2.600010171831767192 ) ) ;
#2159 = CARTESIAN_POINT ( 'NONE',  ( -27.50000000000000000, 0.000000000000000000, 10.00000000000000000 ) ) ;
#2160 = CIRCLE ( 'NONE', #2574, 0.9999999999999991118 ) ;
#2161 = EDGE_CURVE ( 'NONE', #4632, #2786, #1189, .T. ) ;
#2162 = FACE_OUTER_BOUND ( 'NONE', #4656, .T. ) ;
#2163 = DIRECTION ( 'NONE',  ( 0.000000000000000000, 0.000000000000000000, 1.000000000000000000 ) ) ;
#2164 = ORIENTED_EDGE ( 'NONE', *, *, #2803, .T. ) ;
#2165 = FACE_OUTER_BOUND ( 'NONE', #914, .T. ) ;
#2166 = FACE_OUTER_BOUND ( 'NONE', #3489, .T. ) ;
#2167 = ORIENTED_EDGE ( 'NONE', *, *, #2007, .F. ) ;
#2168 = AXIS2_PLACEMENT_3D ( 'NONE', #1004, #3007, #4592 ) ;
#2169 = ADVANCED_FACE ( 'NONE', ( #1452 ), #1931, .F. ) ;
#2170 = DIRECTION ( 'NONE',  ( 0.9848077530122086864, -0.1736481776669270838, 0.000000000000000000 ) ) ;
#2171 = CIRCLE ( 'NONE', #4910, 2.000000000000000000 ) ;
#2172 = DIRECTION ( 'NONE',  ( -1.652117596168388495E-16, 1.000000000000000000, 0.000000000000000000 ) ) ;
#2173 = DIRECTION ( 'NONE',  ( 1.892425610156516875E-16, -1.000000000000000000, 0.000000000000000000 ) ) ;
#2174 = VERTEX_POINT ( 'NONE', #319 ) ;
#2175 = EDGE_CURVE ( 'NONE', #4521, #321, #4639, .T. ) ;
#2176 = ADVANCED_FACE ( 'NONE', ( #2224 ), #2597, .T. ) ;
#2177 = CONICAL_SURFACE ( 'NONE', #2679, 2.049999999999999822, 0.7853981633974482790 ) ;
#2178 = AXIS2_PLACEMENT_3D ( 'NONE', #147, #1688, #3272 ) ;
#2179 = DIRECTION ( 'NONE',  ( 1.000000000000000000, 0.000000000000000000, 0.000000000000000000 ) ) ;
#2180 = CIRCLE ( 'NONE', #3421, 2.049999999999999822 ) ;
#2181 = DIRECTION ( 'NONE',  ( 1.000000000000000000, 0.000000000000000000, 0.000000000000000000 ) ) ;
#2182 = CARTESIAN_POINT ( 'NONE',  ( -27.50000000000000000, 5.000000000000000888, -4.500000000000007105 ) ) ;
#2183 = DIRECTION ( 'NONE',  ( -8.673617379884035472E-17, -1.641417566239121864E-32, -1.000000000000000000 ) ) ;
#2184 = CIRCLE ( 'NONE', #1849, 1.499999999999985789 ) ;
#2185 = LINE ( 'NONE', #1715, #3605 ) ;
#2186 = AXIS2_PLACEMENT_3D ( 'NONE', #4621, #2964, #2619 ) ;
#2187 = ORIENTED_EDGE ( 'NONE', *, *, #1905, .T. ) ;
#2188 = VECTOR ( 'NONE', #4747, 1000.000000000000114 ) ;
#2189 = VECTOR ( 'NONE', #3543, 1000.000000000000114 ) ;
#2190 = CARTESIAN_POINT ( 'NONE',  ( -2.048754293162970530, -0.08271631677566193552, -2.629987206686925205 ) ) ;
#2191 = VECTOR ( 'NONE', #3815, 1000.000000000000000 ) ;
#2192 = CARTESIAN_POINT ( 'NONE',  ( 8.000000000000000000, 3.000000000000004441, -8.000000000000000000 ) ) ;
#2193 = ORIENTED_EDGE ( 'NONE', *, *, #2425, .T. ) ;
#2194 = CIRCLE ( 'NONE', #5092, 1.499999999999999556 ) ;
#2195 = VECTOR ( 'NONE', #4701, 1000.000000000000000 ) ;
#2196 = DIRECTION ( 'NONE',  ( -1.000000000000000000, 0.000000000000000000, 0.000000000000000000 ) ) ;
#2197 = DIRECTION ( 'NONE',  ( -0.000000000000000000, -0.000000000000000000, -1.000000000000000000 ) ) ;
#2198 = VERTEX_POINT ( 'NONE', #3810 ) ;
#2199 = CARTESIAN_POINT ( 'NONE',  ( -2.645751311064588052, 3.000000000000003109, 8.000000000000000000 ) ) ;
#2200 = VERTEX_POINT ( 'NONE', #3888 ) ;
#2201 = DIRECTION ( 'NONE',  ( -1.000000000000000000, -1.892425610156517122E-16, -0.000000000000000000 ) ) ;
#2202 = DIRECTION ( 'NONE',  ( -0.000000000000000000, -0.000000000000000000, -1.000000000000000000 ) ) ;
#2203 = EDGE_CURVE ( 'NONE', #120, #3120, #2349, .T. ) ;
#2204 = EDGE_LOOP ( 'NONE', ( #1106, #3676, #2996, #3309 ) ) ;
#2205 = CARTESIAN_POINT ( 'NONE',  ( -27.50000000000000000, 0.000000000000000000, 5.799999999999999822 ) ) ;
#2206 = CYLINDRICAL_SURFACE ( 'NONE', #2673, 2.000000000000000000 ) ;
#2207 = CARTESIAN_POINT ( 'NONE',  ( 30.94682713554271913, -0.6077686218342441826, 4.900000000000000355 ) ) ;
#2208 = CARTESIAN_POINT ( 'NONE',  ( 10.50000000000000178, -2.999999999999994671, -7.749999999999998224 ) ) ;
#2209 = ADVANCED_FACE ( 'NONE', ( #1830 ), #3468, .F. ) ;
#2210 = EDGE_CURVE ( 'NONE', #3838, #2695, #1904, .T. ) ;
#2211 = FACE_OUTER_BOUND ( 'NONE', #1105, .T. ) ;
#2212 = VERTEX_POINT ( 'NONE', #272 ) ;
#2213 = CARTESIAN_POINT ( 'NONE',  ( -1.999049658398414087, -0.4561546315735453550, -2.618725871308397402 ) ) ;
#2214 = DIRECTION ( 'NONE',  ( -1.000000000000000000, 0.000000000000000000, 0.000000000000000000 ) ) ;
#2215 = ORIENTED_EDGE ( 'NONE', *, *, #1378, .T. ) ;
#2216 = AXIS2_PLACEMENT_3D ( 'NONE', #2889, #4766, #2791 ) ;
#2217 = AXIS2_PLACEMENT_3D ( 'NONE', #3618, #3639, #2860 ) ;
#2218 = CARTESIAN_POINT ( 'NONE',  ( 11.82287565553229491, 4.500000000000007105, -7.749999999999998224 ) ) ;
#2219 = CARTESIAN_POINT ( 'NONE',  ( 1.206479521400909416, 4.000000000000003553, 7.744063864724068935 ) ) ;
#2220 = ORIENTED_EDGE ( 'NONE', *, *, #1355, .F. ) ;
#2221 = CARTESIAN_POINT ( 'NONE',  ( 27.50000000000000000, 0.000000000000000000, -7.750000000000001776 ) ) ;
#2222 = ORIENTED_EDGE ( 'NONE', *, *, #4782, .F. ) ;
#2223 = DIRECTION ( 'NONE',  ( -0.000000000000000000, -0.000000000000000000, 1.000000000000000000 ) ) ;
#2224 = FACE_OUTER_BOUND ( 'NONE', #4534, .T. ) ;
#2225 = CARTESIAN_POINT ( 'NONE',  ( -30.59999999999999787, -3.796405077356793932E-16, -9.499999999999989342 ) ) ;
#2226 = EDGE_LOOP ( 'NONE', ( #5125, #39, #3978, #740 ) ) ;
#2227 = ADVANCED_FACE ( 'NONE', ( #5001 ), #3599, .F. ) ;
#2228 = DIRECTION ( 'NONE',  ( -0.9848077530122085754, 0.1736481776669276667, 0.000000000000000000 ) ) ;
#2229 = CARTESIAN_POINT ( 'NONE',  ( 10.00000000000000000, 4.000000000000005329, -6.000000000000000000 ) ) ;
#2230 = CARTESIAN_POINT ( 'NONE',  ( 0.000000000000000000, 0.000000000000000000, 8.000000000000000000 ) ) ;
#2231 = CARTESIAN_POINT ( 'NONE',  ( -7.499999999999994671, -4.499999999999983125, -8.000000000000000000 ) ) ;
#2232 = ORIENTED_EDGE ( 'NONE', *, *, #1667, .F. ) ;
#2233 = ADVANCED_FACE ( 'NONE', ( #4970 ), #5025, .T. ) ;
#2234 = CARTESIAN_POINT ( 'NONE',  ( -2.620174689609743979, 0.3380392928025998667, -2.134551002168740386 ) ) ;
#2235 = DIRECTION ( 'NONE',  ( -0.000000000000000000, -0.000000000000000000, -1.000000000000000000 ) ) ;
#2236 = ORIENTED_EDGE ( 'NONE', *, *, #2161, .T. ) ;
#2237 = ORIENTED_EDGE ( 'NONE', *, *, #2271, .T. ) ;
#2238 = EDGE_CURVE ( 'NONE', #2675, #2655, #3844, .T. ) ;
#2239 = EDGE_CURVE ( 'NONE', #2611, #135, #1411, .T. ) ;
#2240 = DIRECTION ( 'NONE',  ( -0.000000000000000000, -0.000000000000000000, -1.000000000000000000 ) ) ;
#2241 = DIRECTION ( 'NONE',  ( -1.000000000000000000, 0.000000000000000000, 0.000000000000000000 ) ) ;
#2242 = ORIENTED_EDGE ( 'NONE', *, *, #3635, .T. ) ;
#2243 = LINE ( 'NONE', #4121, #1436 ) ;
#2244 = EDGE_LOOP ( 'NONE', ( #1759, #898, #4294, #4523 ) ) ;
#2245 = CARTESIAN_POINT ( 'NONE',  ( 17.30855861669665785, -8.848987126107161316, -10.00000000000000000 ) ) ;
#2246 = DIRECTION ( 'NONE',  ( 0.000000000000000000, 0.000000000000000000, -1.000000000000000000 ) ) ;
#2247 = DIRECTION ( 'NONE',  ( 4.336808689942017736E-16, -2.602085213965210642E-15, 1.000000000000000000 ) ) ;
#2248 = ORIENTED_EDGE ( 'NONE', *, *, #4210, .T. ) ;
#2249 = LINE ( 'NONE', #1833, #4019 ) ;
#2250 = VECTOR ( 'NONE', #1757, 1000.000000000000114 ) ;
#2251 = CARTESIAN_POINT ( 'NONE',  ( 10.99261509947660542, -4.999999999999995559, -7.249999999999997335 ) ) ;
#2252 = DIRECTION ( 'NONE',  ( -1.000000000000000000, 0.000000000000000000, 0.000000000000000000 ) ) ;
#2253 = ADVANCED_FACE ( 'NONE', ( #2162 ), #24, .F. ) ;
#2254 = ORIENTED_EDGE ( 'NONE', *, *, #905, .T. ) ;
#2255 = DIRECTION ( 'NONE',  ( 0.000000000000000000, 0.000000000000000000, -1.000000000000000000 ) ) ;
#2256 = FACE_OUTER_BOUND ( 'NONE', #4477, .T. ) ;
#2257 = AXIS2_PLACEMENT_3D ( 'NONE', #2329, #4256, #1060 ) ;
#2258 = AXIS2_PLACEMENT_3D ( 'NONE', #3012, #588, #4597 ) ;
#2259 = DIRECTION ( 'NONE',  ( 0.000000000000000000, 0.000000000000000000, 1.000000000000000000 ) ) ;
#2260 = EDGE_LOOP ( 'NONE', ( #300, #2040, #1473, #671, #1028 ) ) ;
#2261 = AXIS2_PLACEMENT_3D ( 'NONE', #2245, #3758, #192 ) ;
#2262 = EDGE_CURVE ( 'NONE', #4007, #5140, #4472, .T. ) ;
#2263 = ORIENTED_EDGE ( 'NONE', *, *, #3862, .T. ) ;
#2264 = VECTOR ( 'NONE', #1744, 1000.000000000000000 ) ;
#2265 = LINE ( 'NONE', #1926, #4346 ) ;
#2266 = CARTESIAN_POINT ( 'NONE',  ( 8.000000000000000000, 3.000000000000004885, 6.000000000000000000 ) ) ;
#2267 = CIRCLE ( 'NONE', #1191, 3.600000000000012967 ) ;
#2268 = VERTEX_POINT ( 'NONE', #1392 ) ;
#2269 = DIRECTION ( 'NONE',  ( -0.000000000000000000, -0.000000000000000000, -1.000000000000000000 ) ) ;
#2270 = VECTOR ( 'NONE', #4069, 1000.000000000000114 ) ;
#2271 = EDGE_CURVE ( 'NONE', #3111, #4038, #572, .T. ) ;
#2272 = EDGE_CURVE ( 'NONE', #5022, #2573, #2499, .T. ) ;
#2273 = VECTOR ( 'NONE', #4979, 1000.000000000000000 ) ;
#2274 = ORIENTED_EDGE ( 'NONE', *, *, #2142, .F. ) ;
#2275 = ORIENTED_EDGE ( 'NONE', *, *, #1949, .F. ) ;
#2276 = FACE_OUTER_BOUND ( 'NONE', #3129, .T. ) ;
#2277 = CARTESIAN_POINT ( 'NONE',  ( -4.249999999999996447, -4.499999999999982236, -8.000000000000000000 ) ) ;
#2278 = DIRECTION ( 'NONE',  ( -0.7071067811865474617, -8.659560562354932858E-17, -0.7071067811865474617 ) ) ;
#2279 = VERTEX_POINT ( 'NONE', #1778 ) ;
#2280 = CARTESIAN_POINT ( 'NONE',  ( 20.00000000000000000, -4.499999999999979572, 3.000000000000000000 ) ) ;
#2281 = LINE ( 'NONE', #3473, #4913 ) ;
#2282 = DIRECTION ( 'NONE',  ( 8.673617379884035472E-17, 1.641417566239121864E-32, 1.000000000000000000 ) ) ;
#2283 = CARTESIAN_POINT ( 'NONE',  ( 10.50000000000000533, -4.999999999999993783, -9.500000000000000000 ) ) ;
#2284 = UNCERTAINTY_MEASURE_WITH_UNIT (LENGTH_MEASURE( 1.000000000000000082E-05 ), #3090, 'distance_accuracy_value', 'NONE');
#2285 = ORIENTED_EDGE ( 'NONE', *, *, #1574, .F. ) ;
#2286 = CIRCLE ( 'NONE', #4854, 2.000000000000000000 ) ;
#2287 = LINE ( 'NONE', #1121, #2427 ) ;
#2288 = CARTESIAN_POINT ( 'NONE',  ( -2.632988611386004152, 0.2600788314351542008, -2.136993368094948220 ) ) ;
#2289 = DIRECTION ( 'NONE',  ( -0.000000000000000000, -0.000000000000000000, 1.000000000000000000 ) ) ;
#2290 = ORIENTED_EDGE ( 'NONE', *, *, #3725, .F. ) ;
#2291 = ORIENTED_EDGE ( 'NONE', *, *, #1981, .T. ) ;
#2292 = DIRECTION ( 'NONE',  ( -1.892425610156517122E-16, 1.000000000000000000, 0.000000000000000000 ) ) ;
#2293 = CARTESIAN_POINT ( 'NONE',  ( -6.608470384673558912E-16, 4.000000000000001776, 8.000000000000000000 ) ) ;
#2294 = EDGE_CURVE ( 'NONE', #2895, #2157, #630, .T. ) ;
#2295 = ORIENTED_EDGE ( 'NONE', *, *, #3139, .T. ) ;
#2296 = FACE_OUTER_BOUND ( 'NONE', #1614, .T. ) ;
#2297 = ORIENTED_EDGE ( 'NONE', *, *, #3826, .T. ) ;
#2298 = EDGE_CURVE ( 'NONE', #1514, #4907, #4964, .T. ) ;
#2299 = ORIENTED_EDGE ( 'NONE', *, *, #4652, .T. ) ;
#2300 = DIRECTION ( 'NONE',  ( -1.338146981832763019E-16, 0.7071067811865474617, -0.7071067811865475727 ) ) ;
#2301 = CARTESIAN_POINT ( 'NONE',  ( -12.58578643762689886, -4.414213562373095812, -4.000000000000000000 ) ) ;
#2302 = CARTESIAN_POINT ( 'NONE',  ( -7.499999999999994671, -4.999999999999997335, -6.000000000000000000 ) ) ;
#2303 = VERTEX_POINT ( 'NONE', #3405 ) ;
#2304 = VERTEX_POINT ( 'NONE', #2554 ) ;
#2305 = EDGE_CURVE ( 'NONE', #1685, #4319, #3091, .T. ) ;
#2306 = DIRECTION ( 'NONE',  ( 1.892425610156517122E-16, -1.000000000000000000, -0.000000000000000000 ) ) ;
#2307 = CARTESIAN_POINT ( 'NONE',  ( 24.95000000000000995, -3.122849337825738093E-16, -7.750000000000001776 ) ) ;
#2308 = DIRECTION ( 'NONE',  ( 1.652117596168388495E-16, -1.000000000000000000, -0.000000000000000000 ) ) ;
#2309 = DIRECTION ( 'NONE',  ( -8.673617379884035472E-17, -1.641417566239121864E-32, -1.000000000000000000 ) ) ;
#2310 = ORIENTED_EDGE ( 'NONE', *, *, #1768, .F. ) ;
#2311 = CYLINDRICAL_SURFACE ( 'NONE', #1431, 1.000000000000000000 ) ;
#2312 = CARTESIAN_POINT ( 'NONE',  ( -2.598786887742253526, 0.4417000810971588587, -2.130637251827067313 ) ) ;
#2313 = CARTESIAN_POINT ( 'NONE',  ( 2.049999999999999822, 0.000000000000000000, -9.500000000000010658 ) ) ;
#2314 = ORIENTED_EDGE ( 'NONE', *, *, #4291, .F. ) ;
#2315 = ORIENTED_EDGE ( 'NONE', *, *, #4714, .F. ) ;
#2316 = FACE_OUTER_BOUND ( 'NONE', #1070, .T. ) ;
#2317 = DIRECTION ( 'NONE',  ( -1.000000000000000000, 0.000000000000000000, 0.000000000000000000 ) ) ;
#2318 = FACE_OUTER_BOUND ( 'NONE', #2643, .T. ) ;
#2319 = PLANE ( 'NONE',  #3992 ) ;
#2320 = ORIENTED_EDGE ( 'NONE', *, *, #2687, .F. ) ;
#2321 = ORIENTED_EDGE ( 'NONE', *, *, #4489, .T. ) ;
#2322 = FACE_BOUND ( 'NONE', #774, .T. ) ;
#2323 = DIRECTION ( 'NONE',  ( 0.000000000000000000, 0.000000000000000000, -1.000000000000000000 ) ) ;
#2324 = EDGE_CURVE ( 'NONE', #1469, #2923, #693, .T. ) ;
#2325 = VECTOR ( 'NONE', #2289, 1000.000000000000000 ) ;
#2326 = ORIENTED_EDGE ( 'NONE', *, *, #1981, .F. ) ;
#2327 = DIRECTION ( 'NONE',  ( -1.338146981832760800E-16, 0.7071067811865463515, -0.7071067811865487940 ) ) ;
#2328 = LINE ( 'NONE', #3869, #4834 ) ;
#2329 = CARTESIAN_POINT ( 'NONE',  ( -7.119124914398328792E-16, 3.000000000000003553, 7.000000000000000000 ) ) ;
#2330 = DIRECTION ( 'NONE',  ( -1.892425610156517122E-16, 1.000000000000000000, 0.000000000000000000 ) ) ;
#2331 = ADVANCED_FACE ( 'NONE', ( #3701 ), #4194, .T. ) ;
#2332 = EDGE_CURVE ( 'NONE', #3972, #5115, #2606, .T. ) ;
#2333 = ORIENTED_EDGE ( 'NONE', *, *, #2785, .T. ) ;
#2334 = CIRCLE ( 'NONE', #1007, 2.000000000000000000 ) ;
#2335 = LINE ( 'NONE', #5141, #4008 ) ;
#2336 = CARTESIAN_POINT ( 'NONE',  ( 10.49999999999999822, 4.500000000000007105, -10.00000000000000000 ) ) ;
#2337 = FACE_OUTER_BOUND ( 'NONE', #556, .T. ) ;
#2338 = VERTEX_POINT ( 'NONE', #2218 ) ;
#2339 = CIRCLE ( 'NONE', #4748, 2.500000000000012434 ) ;
#2340 = CARTESIAN_POINT ( 'NONE',  ( -0.5503703097805890954, 3.970988795007659444, 8.000000000950223011 ) ) ;
#2341 = ORIENTED_EDGE ( 'NONE', *, *, #4182, .F. ) ;
#2342 = AXIS2_PLACEMENT_3D ( 'NONE', #2129, #149, #1737 ) ;
#2343 = CARTESIAN_POINT ( 'NONE',  ( 18.00000000000000355, -4.499999999999977796, 5.000000000000000000 ) ) ;
#2344 = FACE_OUTER_BOUND ( 'NONE', #851, .T. ) ;
#2345 = EDGE_LOOP ( 'NONE', ( #4432, #3630, #2847, #1652 ) ) ;
#2346 = AXIS2_PLACEMENT_3D ( 'NONE', #3646, #4012, #397 ) ;
#2347 = DIRECTION ( 'NONE',  ( 0.000000000000000000, 0.000000000000000000, 1.000000000000000000 ) ) ;
#2348 = VECTOR ( 'NONE', #3782, 1000.000000000000000 ) ;
#2349 = CIRCLE ( 'NONE', #775, 1.000000000000000000 ) ;
#2350 = VECTOR ( 'NONE', #273, 1000.000000000000000 ) ;
#2351 = ORIENTED_EDGE ( 'NONE', *, *, #466, .F. ) ;
#2352 = ORIENTED_EDGE ( 'NONE', *, *, #4480, .F. ) ;
#2353 = CIRCLE ( 'NONE', #3021, 5.000000000000000888 ) ;
#2354 = DIRECTION ( 'NONE',  ( 0.000000000000000000, 0.000000000000000000, 1.000000000000000000 ) ) ;
#2355 = AXIS2_PLACEMENT_3D ( 'NONE', #2569, #2494, #2967 ) ;
#2356 = DIRECTION ( 'NONE',  ( -1.652117596168388495E-16, 1.000000000000000000, 0.000000000000000000 ) ) ;
#2357 = ORIENTED_EDGE ( 'NONE', *, *, #4489, .F. ) ;
#2358 = LINE ( 'NONE', #3894, #2440 ) ;
#2359 = EDGE_CURVE ( 'NONE', #1814, #1124, #2575, .T. ) ;
#2360 = DIRECTION ( 'NONE',  ( 0.7071067811865487940, -0.7071067811865463515, 0.000000000000000000 ) ) ;
#2361 = DIRECTION ( 'NONE',  ( 1.000000000000000000, 0.000000000000000000, 0.000000000000000000 ) ) ;
#2362 = DIRECTION ( 'NONE',  ( -1.000000000000000000, 0.000000000000000000, 0.000000000000000000 ) ) ;
#2363 = ORIENTED_EDGE ( 'NONE', *, *, #4937, .F. ) ;
#2364 = EDGE_CURVE ( 'NONE', #4198, #1908, #5004, .T. ) ;
#2365 = CARTESIAN_POINT ( 'NONE',  ( -8.499999999999996447, 3.000000000000002220, 0.000000000000000000 ) ) ;
#2366 = CARTESIAN_POINT ( 'NONE',  ( 10.50000000000000533, -4.999999999999993783, 7.249999999999997335 ) ) ;
#2367 = EDGE_CURVE ( 'NONE', #4627, #387, #4425, .T. ) ;
#2368 = DIRECTION ( 'NONE',  ( -0.000000000000000000, -0.000000000000000000, 1.000000000000000000 ) ) ;
#2369 = EDGE_LOOP ( 'NONE', ( #4352, #4097, #4460, #3778, #2632, #2750 ) ) ;
#2370 = DIRECTION ( 'NONE',  ( 0.000000000000000000, 0.000000000000000000, 1.000000000000000000 ) ) ;
#2371 = ORIENTED_EDGE ( 'NONE', *, *, #1855, .F. ) ;
#2372 = AXIS2_PLACEMENT_3D ( 'NONE', #3142, #1525, #222 ) ;
#2373 = DIRECTION ( 'NONE',  ( -0.000000000000000000, -0.000000000000000000, -1.000000000000000000 ) ) ;
#2374 = ADVANCED_FACE ( 'NONE', ( #1366, #2949 ), #232, .F. ) ;
#2375 = CARTESIAN_POINT ( 'NONE',  ( -27.50000000000000000, 0.000000000000000000, -4.000000000000000000 ) ) ;
#2376 = DIRECTION ( 'NONE',  ( -1.338146981832765237E-16, 0.7071067811865486830, 0.7071067811865463515 ) ) ;
#2377 = ORIENTED_EDGE ( 'NONE', *, *, #2324, .F. ) ;
#2378 = VECTOR ( 'NONE', #4261, 1000.000000000000000 ) ;
#2379 = ORIENTED_EDGE ( 'NONE', *, *, #2678, .T. ) ;
#2380 = DIRECTION ( 'NONE',  ( -0.000000000000000000, -0.000000000000000000, 1.000000000000000000 ) ) ;
#2381 = DIRECTION ( 'NONE',  ( 0.000000000000000000, 0.000000000000000000, -1.000000000000000000 ) ) ;
#2382 = ORIENTED_EDGE ( 'NONE', *, *, #2961, .T. ) ;
#2383 = AXIS2_PLACEMENT_3D ( 'NONE', #4695, #1134, #2717 ) ;
#2384 = EDGE_LOOP ( 'NONE', ( #4611, #1142, #2299, #3566, #1786, #4984 ) ) ;
#2385 = CARTESIAN_POINT ( 'NONE',  ( 27.56622186799686958, -11.81769303614650113, -2.650000000000000355 ) ) ;
#2386 = CARTESIAN_POINT ( 'NONE',  ( -5.249999999999998224, 4.000000000000002665, -6.000000000000000000 ) ) ;
#2387 = CARTESIAN_POINT ( 'NONE',  ( -27.50000000000000000, 0.000000000000000000, -5.799999999999999822 ) ) ;
#2388 = LINE ( 'NONE', #2027, #4189 ) ;
#2389 = ORIENTED_EDGE ( 'NONE', *, *, #3962, .T. ) ;
#2390 = EDGE_CURVE ( 'NONE', #3460, #1167, #3428, .T. ) ;
#2391 =( BOUNDED_CURVE ( )  B_SPLINE_CURVE ( 3, ( #1216, #4383, #2722, #2731 ),
 .UNSPECIFIED., .F., .T. ) 
 B_SPLINE_CURVE_WITH_KNOTS ( ( 4, 4 ),
 ( 0.000000000000000000, 0.7227342478134664017 ),
 .UNSPECIFIED. ) 
 CURVE ( )  GEOMETRIC_REPRESENTATION_ITEM ( )  RATIONAL_B_SPLINE_CURVE ( ( 1.000000000000000000, 0.9569428977956508930, 0.9569428977956508930, 1.000000000000000000 ) ) 
 REPRESENTATION_ITEM ( '' )  );
#2392 = DIRECTION ( 'NONE',  ( -0.7071067811865475727, 0.7071067811865475727, 0.000000000000000000 ) ) ;
#2393 = DIRECTION ( 'NONE',  ( -0.000000000000000000, -1.000000000000000000, 0.000000000000000000 ) ) ;
#2394 = CARTESIAN_POINT ( 'NONE',  ( -14.41421356237308693, -2.585786437626909962, 4.000000000000000000 ) ) ;
#2395 = ORIENTED_EDGE ( 'NONE', *, *, #574, .T. ) ;
#2396 = DIRECTION ( 'NONE',  ( 1.000000000000000000, 0.000000000000000000, 0.000000000000000000 ) ) ;
#2397 = ORIENTED_EDGE ( 'NONE', *, *, #880, .F. ) ;
#2398 = ADVANCED_FACE ( 'NONE', ( #3827 ), #3074, .T. ) ;
#2399 = CYLINDRICAL_SURFACE ( 'NONE', #3347, 2.000000000000000000 ) ;
#2400 = CARTESIAN_POINT ( 'NONE',  ( -2.249999999999996891, -4.499999999999981348, -2.099999999999999645 ) ) ;
#2401 = CARTESIAN_POINT ( 'NONE',  ( 25.44999999999999929, -2.510525938252074679E-16, -7.250000000000004441 ) ) ;
#2402 = EDGE_CURVE ( 'NONE', #3166, #3513, #2265, .T. ) ;
#2403 = EDGE_CURVE ( 'NONE', #3524, #1494, #3027, .T. ) ;
#2404 = ORIENTED_EDGE ( 'NONE', *, *, #3303, .T. ) ;
#2405 = CARTESIAN_POINT ( 'NONE',  ( 10.50000000000000533, -4.999999999999993783, -10.00000000000000000 ) ) ;
#2406 = CARTESIAN_POINT ( 'NONE',  ( 8.000000000000001776, -4.499999999999978684, -8.000000000000000000 ) ) ;
#2407 = ORIENTED_EDGE ( 'NONE', *, *, #2936, .T. ) ;
#2408 = ORIENTED_EDGE ( 'NONE', *, *, #5023, .F. ) ;
#2409 = CARTESIAN_POINT ( 'NONE',  ( 27.50000000000000000, 5.000000000000011546, -7.249999999999999112 ) ) ;
#2410 = DIRECTION ( 'NONE',  ( -1.892425610156517122E-16, 1.000000000000000000, 0.000000000000000000 ) ) ;
#2411 = CIRCLE ( 'NONE', #164, 4.000000000000000888 ) ;
#2412 = CARTESIAN_POINT ( 'NONE',  ( 18.00000000000000355, -4.999999999999992006, -3.000000000000000000 ) ) ;
#2413 = VERTEX_POINT ( 'NONE', #656 ) ;
#2414 = AXIS2_PLACEMENT_3D ( 'NONE', #3432, #4729, #1067 ) ;
#2415 = CARTESIAN_POINT ( 'NONE',  ( -11.17157287525380838, -2.999999999999997780, -10.00000000000000000 ) ) ;
#2416 = DIRECTION ( 'NONE',  ( 0.000000000000000000, 0.000000000000000000, 1.000000000000000000 ) ) ;
#2417 = PRODUCT_DEFINITION ( '普通', '', #182, #5036 ) ;
#2418 = ORIENTED_EDGE ( 'NONE', *, *, #1537, .T. ) ;
#2419 = CARTESIAN_POINT ( 'NONE',  ( -2.645751311064588496, 3.000000000000003109, 8.000000000000000000 ) ) ;
#2420 = ORIENTED_EDGE ( 'NONE', *, *, #4963, .T. ) ;
#2421 = FACE_OUTER_BOUND ( 'NONE', #2204, .T. ) ;
#2422 = LINE ( 'NONE', #3625, #4619 ) ;
#2423 = AXIS2_PLACEMENT_3D ( 'NONE', #2693, #348, #3576 ) ;
#2424 = CARTESIAN_POINT ( 'NONE',  ( -2.048708853898540738, 0.08389864997432319726, -2.629975628441481916 ) ) ;
#2425 = EDGE_CURVE ( 'NONE', #4143, #1902, #4314, .T. ) ;
#2426 = AXIS2_PLACEMENT_3D ( 'NONE', #18, #462, #780 ) ;
#2427 = VECTOR ( 'NONE', #1538, 1000.000000000000000 ) ;
#2428 = AXIS2_PLACEMENT_3D ( 'NONE', #2975, #602, #1801 ) ;
#2429 = VERTEX_POINT ( 'NONE', #736 ) ;
#2430 = CARTESIAN_POINT ( 'NONE',  ( 10.50000000000000355, -4.499999999999993783, -10.00000000000000000 ) ) ;
#2431 = ADVANCED_FACE ( 'NONE', ( #1467 ), #2519, .T. ) ;
#2432 = EDGE_CURVE ( 'NONE', #1238, #1339, #5087, .T. ) ;
#2433 = CONICAL_SURFACE ( 'NONE', #181, 0.4999999999999865663, 0.7853981633974473908 ) ;
#2434 = VECTOR ( 'NONE', #408, 1000.000000000000114 ) ;
#2435 = AXIS2_PLACEMENT_3D ( 'NONE', #3966, #5126, #1930 ) ;
#2436 = ORIENTED_EDGE ( 'NONE', *, *, #1698, .F. ) ;
#2437 = CIRCLE ( 'NONE', #185, 4.500000000000000888 ) ;
#2438 = ORIENTED_EDGE ( 'NONE', *, *, #3442, .T. ) ;
#2439 = DIRECTION ( 'NONE',  ( 0.000000000000000000, 0.000000000000000000, -1.000000000000000000 ) ) ;
#2440 = VECTOR ( 'NONE', #3196, 1000.000000000000227 ) ;
#2441 = CARTESIAN_POINT ( 'NONE',  ( 27.50000000000000000, 0.000000000000000000, -7.249999999999999112 ) ) ;
#2442 = VECTOR ( 'NONE', #142, 1000.000000000000000 ) ;
#2443 = DIRECTION ( 'NONE',  ( 0.000000000000000000, 0.000000000000000000, -1.000000000000000000 ) ) ;
#2444 = ORIENTED_EDGE ( 'NONE', *, *, #4897, .T. ) ;
#2445 = DIRECTION ( 'NONE',  ( -0.000000000000000000, -0.000000000000000000, 1.000000000000000000 ) ) ;
#2446 = CYLINDRICAL_SURFACE ( 'NONE', #893, 2.049999999999999822 ) ;
#2447 = CARTESIAN_POINT ( 'NONE',  ( -7.499999999999996447, 3.000000000000002220, 6.000000000000000000 ) ) ;
#2448 = VERTEX_POINT ( 'NONE', #3517 ) ;
#2449 = CARTESIAN_POINT ( 'NONE',  ( -1.206479521400887878, 4.000000000000003553, 7.744063864723969459 ) ) ;
#2450 = ORIENTED_EDGE ( 'NONE', *, *, #33, .F. ) ;
#2451 = DIRECTION ( 'NONE',  ( 0.000000000000000000, 0.000000000000000000, 1.000000000000000000 ) ) ;
#2452 = CARTESIAN_POINT ( 'NONE',  ( 18.00000000000000355, -4.999999999999992006, 3.000000000000000000 ) ) ;
#2453 = DIRECTION ( 'NONE',  ( -0.000000000000000000, -0.000000000000000000, 1.000000000000000000 ) ) ;
#2454 = EDGE_CURVE ( 'NONE', #115, #4355, #3516, .T. ) ;
#2455 = ORIENTED_EDGE ( 'NONE', *, *, #4963, .F. ) ;
#2456 = CARTESIAN_POINT ( 'NONE',  ( -14.99999999999999822, -2.000000000000001776, 4.000000000000000000 ) ) ;
#2457 = B_SPLINE_CURVE_WITH_KNOTS ( 'NONE', 3,
 ( #2474, #3670, #1795, #2913, #153, #2213, #3328, #546, #3400, #4570, #2946, #1387, #4525, #4493 ),
 .UNSPECIFIED., .F., .F.,
 ( 4, 2, 2, 2, 2, 2, 4 ),
 ( 0.000000000000000000, 0.1250000000000000000, 0.2500000000000000000, 0.3125000000000000000, 0.3750000000000000000, 0.4375000000000000555, 0.4997202232131730537 ),
 .UNSPECIFIED. ) ;
#2458 = ORIENTED_EDGE ( 'NONE', *, *, #3700, .T. ) ;
#2459 = ORIENTED_EDGE ( 'NONE', *, *, #1768, .T. ) ;
#2460 = EDGE_CURVE ( 'NONE', #1823, #1419, #3108, .T. ) ;
#2461 = CARTESIAN_POINT ( 'NONE',  ( 20.00000000000000000, 4.000000000000007105, -3.000000000000000000 ) ) ;
#2462 = CARTESIAN_POINT ( 'NONE',  ( -27.50000000000000000, 0.000000000000000000, 10.00000000000000000 ) ) ;
#2463 = LINE ( 'NONE', #1656, #1103 ) ;
#2464 = AXIS2_PLACEMENT_3D ( 'NONE', #2646, #2671, #3925 ) ;
#2465 = DIRECTION ( 'NONE',  ( -1.000000000000000000, 0.000000000000000000, 0.000000000000000000 ) ) ;
#2466 = ORIENTED_EDGE ( 'NONE', *, *, #5132, .F. ) ;
#2467 = ADVANCED_FACE ( 'NONE', ( #1439 ), #2771, .F. ) ;
#2468 = CARTESIAN_POINT ( 'NONE',  ( 25.41622186799687100, -11.81769303614650113, -2.650000000000000355 ) ) ;
#2469 = DIRECTION ( 'NONE',  ( -0.000000000000000000, -0.000000000000000000, 1.000000000000000000 ) ) ;
#2470 = CARTESIAN_POINT ( 'NONE',  ( -27.50000000000000000, 0.000000000000000000, -10.00000000000000000 ) ) ;
#2471 = ORIENTED_EDGE ( 'NONE', *, *, #1196, .T. ) ;
#2472 = PLANE ( 'NONE',  #30 ) ;
#2473 = ORIENTED_EDGE ( 'NONE', *, *, #2298, .F. ) ;
#2474 = CARTESIAN_POINT ( 'NONE',  ( -1.808823529411760056, -0.9647058823529490734, -2.600000000000003197 ) ) ;
#2475 = CARTESIAN_POINT ( 'NONE',  ( -6.249999999999996447, -4.999999999999998224, -6.000000000000000000 ) ) ;
#2476 = EDGE_LOOP ( 'NONE', ( #3102, #987, #3607, #2139, #2471 ) ) ;
#2477 = DIRECTION ( 'NONE',  ( 0.000000000000000000, 0.000000000000000000, -1.000000000000000000 ) ) ;
#2478 = EDGE_LOOP ( 'NONE', ( #4951, #2694, #2922, #3201 ) ) ;
#2479 = ORIENTED_EDGE ( 'NONE', *, *, #940, .F. ) ;
#2480 = DIRECTION ( 'NONE',  ( 0.000000000000000000, 0.000000000000000000, -1.000000000000000000 ) ) ;
#2481 = LINE ( 'NONE', #1654, #3005 ) ;
#2482 = DIRECTION ( 'NONE',  ( 0.7071067811865474617, 0.000000000000000000, 0.7071067811865474617 ) ) ;
#2483 = EDGE_CURVE ( 'NONE', #3859, #919, #2708, .T. ) ;
#2484 = CARTESIAN_POINT ( 'NONE',  ( -7.119124914398328792E-16, 3.000000000000003553, 7.000000000000000000 ) ) ;
#2485 = EDGE_LOOP ( 'NONE', ( #214, #4865, #2051, #3602 ) ) ;
#2486 = DIRECTION ( 'NONE',  ( 0.000000000000000000, 0.000000000000000000, 1.000000000000000000 ) ) ;
#2487 = AXIS2_PLACEMENT_3D ( 'NONE', #2010, #2453, #476 ) ;
#2488 = CARTESIAN_POINT ( 'NONE',  ( 19.00000000000000355, 4.000000000000007105, 3.000000000000000000 ) ) ;
#2489 = CARTESIAN_POINT ( 'NONE',  ( 4.249999999999986677, -4.999999999999994671, -10.00000000000000000 ) ) ;
#2490 = DIRECTION ( 'NONE',  ( 1.000000000000000000, 0.000000000000000000, 0.000000000000000000 ) ) ;
#2491 = ADVANCED_FACE ( 'NONE', ( #2316 ), #1856, .F. ) ;
#2492 = VERTEX_POINT ( 'NONE', #338 ) ;
#2493 = EDGE_CURVE ( 'NONE', #973, #455, #3312, .T. ) ;
#2494 = DIRECTION ( 'NONE',  ( -1.000000000000000000, -0.000000000000000000, -0.000000000000000000 ) ) ;
#2495 = ORIENTED_EDGE ( 'NONE', *, *, #1642, .T. ) ;
#2496 = CARTESIAN_POINT ( 'NONE',  ( -2.639363173740792767, 0.2081469585851257464, -2.138262244684133950 ) ) ;
#2497 = DIRECTION ( 'NONE',  ( -1.000000000000000000, 0.000000000000000000, 0.000000000000000000 ) ) ;
#2498 = AXIS2_PLACEMENT_3D ( 'NONE', #2899, #4896, #119 ) ;
#2499 = LINE ( 'NONE', #4884, #4998 ) ;
#2500 = VERTEX_POINT ( 'NONE', #3133 ) ;
#2501 = DIRECTION ( 'NONE',  ( -1.000000000000000000, 0.000000000000000000, 0.000000000000000000 ) ) ;
#2502 = CARTESIAN_POINT ( 'NONE',  ( 20.00000000000000000, -4.499999999999979572, -3.000000000000000000 ) ) ;
#2503 = VECTOR ( 'NONE', #1840, 1000.000000000000000 ) ;
#2504 = VERTEX_POINT ( 'NONE', #2934 ) ;
#2505 = VERTEX_POINT ( 'NONE', #3660 ) ;
#2506 = FACE_BOUND ( 'NONE', #3664, .T. ) ;
#2507 = VECTOR ( 'NONE', #828, 1000.000000000000000 ) ;
#2508 = CIRCLE ( 'NONE', #4175, 2.000000000000000000 ) ;
#2509 = PLANE ( 'NONE',  #2021 ) ;
#2510 = AXIS2_PLACEMENT_3D ( 'NONE', #582, #2170, #270 ) ;
#2511 = CARTESIAN_POINT ( 'NONE',  ( 18.00000000000000355, 4.000000000000007105, 3.000000000000000000 ) ) ;
#2512 = CIRCLE ( 'NONE', #271, 2.200000000000000622 ) ;
#2513 = EDGE_LOOP ( 'NONE', ( #3829, #4237, #1953, #529 ) ) ;
#2514 = AXIS2_PLACEMENT_3D ( 'NONE', #1864, #1379, #2179 ) ;
#2515 = EDGE_CURVE ( 'NONE', #506, #2505, #524, .T. ) ;
#2516 = DIRECTION ( 'NONE',  ( 0.000000000000000000, 0.7071067811865474617, 0.7071067811865474617 ) ) ;
#2517 = DIRECTION ( 'NONE',  ( -1.000000000000000000, -1.652117596168388495E-16, 0.000000000000000000 ) ) ;
#2518 = CARTESIAN_POINT ( 'NONE',  ( 12.50000000000000000, 5.000000000000019540, 7.749999999999998224 ) ) ;
#2519 = CONICAL_SURFACE ( 'NONE', #188, 5.000000000000000888, 0.7853981633974482790 ) ;
#2520 = DIRECTION ( 'NONE',  ( 1.000000000000000000, 0.000000000000000000, 0.000000000000000000 ) ) ;
#2521 = ORIENTED_EDGE ( 'NONE', *, *, #719, .F. ) ;
#2522 = CARTESIAN_POINT ( 'NONE',  ( -27.50000000000000000, 0.000000000000000000, -10.00000000000000000 ) ) ;
#2523 = AXIS2_PLACEMENT_3D ( 'NONE', #4646, #622, #3425 ) ;
#2524 = ORIENTED_EDGE ( 'NONE', *, *, #3574, .F. ) ;
#2525 = EDGE_CURVE ( 'NONE', #4310, #3377, #1273, .T. ) ;
#2526 = EDGE_CURVE ( 'NONE', #115, #4409, #92, .T. ) ;
#2527 = CARTESIAN_POINT ( 'NONE',  ( -2.032017092265093972, 0.2717570785243623721, -2.625913251626640132 ) ) ;
#2528 = DIRECTION ( 'NONE',  ( -1.000000000000000000, 0.000000000000000000, 0.000000000000000000 ) ) ;
#2529 = ADVANCED_FACE ( 'NONE', ( #4075 ), #3603, .T. ) ;
#2530 = DIRECTION ( 'NONE',  ( 0.000000000000000000, 0.000000000000000000, -1.000000000000000000 ) ) ;
#2531 = LINE ( 'NONE', #2631, #517 ) ;
#2532 = ORIENTED_EDGE ( 'NONE', *, *, #1597, .F. ) ;
#2533 = DIRECTION ( 'NONE',  ( -0.000000000000000000, -0.000000000000000000, 1.000000000000000000 ) ) ;
#2534 = CARTESIAN_POINT ( 'NONE',  ( -15.00000000000000000, 1.171572875253819923, 4.000000000000000000 ) ) ;
#2535 = ORIENTED_EDGE ( 'NONE', *, *, #4844, .F. ) ;
#2536 = ORIENTED_EDGE ( 'NONE', *, *, #1315, .T. ) ;
#2537 = AXIS2_PLACEMENT_3D ( 'NONE', #5131, #1989, #2793 ) ;
#2538 = DIRECTION ( 'NONE',  ( 1.000000000000000000, 0.000000000000000000, 0.000000000000000000 ) ) ;
#2539 = DIRECTION ( 'NONE',  ( 0.9848077530122085754, -0.1736481776669277499, 0.000000000000000000 ) ) ;
#2540 = CYLINDRICAL_SURFACE ( 'NONE', #3018, 5.000000000000000888 ) ;
#2541 = ORIENTED_EDGE ( 'NONE', *, *, #371, .T. ) ;
#2542 = CYLINDRICAL_SURFACE ( 'NONE', #3757, 5.000000000000000888 ) ;
#2543 = AXIS2_PLACEMENT_3D ( 'NONE', #4682, #4602, #5118 ) ;
#2544 = DIRECTION ( 'NONE',  ( -7.248296151594100354E-17, 0.7071067811865463515, 0.7071067811865487940 ) ) ;
#2545 = CARTESIAN_POINT ( 'NONE',  ( -2.605852938871706659, -0.4129407853646910875, -2.131870021465773313 ) ) ;
#2546 = DIRECTION ( 'NONE',  ( 0.000000000000000000, 0.000000000000000000, -1.000000000000000000 ) ) ;
#2547 = ORIENTED_EDGE ( 'NONE', *, *, #3343, .T. ) ;
#2548 = DIRECTION ( 'NONE',  ( 0.000000000000000000, -0.7071067811865474617, -0.7071067811865474617 ) ) ;
#2549 = EDGE_CURVE ( 'NONE', #826, #2033, #1115, .T. ) ;
#2550 = VERTEX_POINT ( 'NONE', #1163 ) ;
#2551 = CARTESIAN_POINT ( 'NONE',  ( -2.373673364205715508, -1.012322751455936976, -2.103204911510586861 ) ) ;
#2552 = CARTESIAN_POINT ( 'NONE',  ( -12.00000000000001776, 5.000000000000003553, -10.00000000000000000 ) ) ;
#2553 = EDGE_CURVE ( 'NONE', #1566, #4066, #1943, .T. ) ;
#2554 = CARTESIAN_POINT ( 'NONE',  ( 21.96939473245415186, -11.20992441431226005, -4.900000000000000355 ) ) ;
#2555 = ORIENTED_EDGE ( 'NONE', *, *, #3826, .F. ) ;
#2556 = DIRECTION ( 'NONE',  ( 0.000000000000000000, 0.000000000000000000, -1.000000000000000000 ) ) ;
#2557 = DIRECTION ( 'NONE',  ( 1.000000000000000000, 0.000000000000000000, 0.000000000000000000 ) ) ;
#2558 = EDGE_CURVE ( 'NONE', #3166, #4593, #2898, .T. ) ;
#2559 = EDGE_CURVE ( 'NONE', #1880, #2268, #4510, .T. ) ;
#2560 = ORIENTED_EDGE ( 'NONE', *, *, #2359, .T. ) ;
#2561 = CARTESIAN_POINT ( 'NONE',  ( 6.750000000000000888, 3.000000000000004441, -7.000000000000000000 ) ) ;
#2562 = CARTESIAN_POINT ( 'NONE',  ( 20.50000000000002132, -4.999999999999992006, -10.00000000000000000 ) ) ;
#2563 = CARTESIAN_POINT ( 'NONE',  ( -2.168701610983647221, 4.000000000000003553, 7.037097133917736613 ) ) ;
#2564 = ORIENTED_EDGE ( 'NONE', *, *, #1758, .T. ) ;
#2565 = DIRECTION ( 'NONE',  ( -0.000000000000000000, -0.000000000000000000, 1.000000000000000000 ) ) ;
#2566 = CARTESIAN_POINT ( 'NONE',  ( 10.50000000000000533, -4.999999999999993783, -7.249999999999997335 ) ) ;
#2567 = CARTESIAN_POINT ( 'NONE',  ( -2.598786887742253526, 0.4417000810971588587, -2.130637251827067313 ) ) ;
#2568 = FACE_OUTER_BOUND ( 'NONE', #797, .T. ) ;
#2569 = CARTESIAN_POINT ( 'NONE',  ( 8.000000000000000000, 3.000000000000005329, -7.000000000000000000 ) ) ;
#2570 = VERTEX_POINT ( 'NONE', #1342 ) ;
#2571 = CARTESIAN_POINT ( 'NONE',  ( -1.943367818077524678, -0.6578765991807193902, -2.608894224999309230 ) ) ;
#2572 = CARTESIAN_POINT ( 'NONE',  ( -27.50000000000000000, -5.000000000000000888, -5.500000000000014211 ) ) ;
#2573 = VERTEX_POINT ( 'NONE', #62 ) ;
#2574 = AXIS2_PLACEMENT_3D ( 'NONE', #3722, #943, #2528 ) ;
#2575 = LINE ( 'NONE', #4914, #4100 ) ;
#2576 = CARTESIAN_POINT ( 'NONE',  ( 1.779970493665677944, 3.590684740708468770, 7.999999997798518336 ) ) ;
#2577 = EDGE_CURVE ( 'NONE', #1128, #5140, #28, .T. ) ;
#2578 = ORIENTED_EDGE ( 'NONE', *, *, #4830, .F. ) ;
#2579 = CARTESIAN_POINT ( 'NONE',  ( 25.41622186799687100, -11.81769303614650113, 4.900000000000000355 ) ) ;
#2580 = ORIENTED_EDGE ( 'NONE', *, *, #2525, .T. ) ;
#2581 = AXIS2_PLACEMENT_3D ( 'NONE', #2302, #2017, #1552 ) ;
#2582 =( BOUNDED_CURVE ( )  B_SPLINE_CURVE ( 3, ( #2566, #2251, #4155, #278 ),
 .UNSPECIFIED., .F., .F. ) 
 B_SPLINE_CURVE_WITH_KNOTS ( ( 4, 4 ),
 ( 0.000000000000000000, 0.7227342478134187731 ),
 .UNSPECIFIED. ) 
 CURVE ( )  GEOMETRIC_REPRESENTATION_ITEM ( )  RATIONAL_B_SPLINE_CURVE ( ( 1.000000000000000000, 0.9569428977956564442, 0.9569428977956564442, 1.000000000000000000 ) ) 
 REPRESENTATION_ITEM ( '' )  );
#2583 = ADVANCED_FACE ( 'NONE', ( #4126 ), #4478, .F. ) ;
#2584 = EDGE_CURVE ( 'NONE', #3222, #2304, #482, .T. ) ;
#2585 = EDGE_LOOP ( 'NONE', ( #1012, #637, #432, #865 ) ) ;
#2586 = FACE_OUTER_BOUND ( 'NONE', #2345, .T. ) ;
#2587 = CIRCLE ( 'NONE', #3088, 3.000000000000000000 ) ;
#2588 = CARTESIAN_POINT ( 'NONE',  ( 27.50000000000000000, 0.000000000000000000, 7.750000000000000000 ) ) ;
#2589 = DIRECTION ( 'NONE',  ( 0.000000000000000000, 0.000000000000000000, -1.000000000000000000 ) ) ;
#2590 = ORIENTED_EDGE ( 'NONE', *, *, #4232, .F. ) ;
#2591 = AXIS2_PLACEMENT_3D ( 'NONE', #2208, #2183, #3693 ) ;
#2592 = FACE_OUTER_BOUND ( 'NONE', #1310, .T. ) ;
#2593 = VECTOR ( 'NONE', #3444, 1000.000000000000114 ) ;
#2594 = DIRECTION ( 'NONE',  ( 1.892425610156516875E-16, -1.000000000000000000, 0.000000000000000000 ) ) ;
#2595 = CARTESIAN_POINT ( 'NONE',  ( -2.647933949636259943, -0.1028910281830444640, -2.139982942249249565 ) ) ;
#2596 = DIRECTION ( 'NONE',  ( -1.652117596168388495E-16, 1.000000000000000000, 0.000000000000000000 ) ) ;
#2597 = CONICAL_SURFACE ( 'NONE', #350, 1.500000000000013545, 0.7853981633974482790 ) ;
#2598 = DIRECTION ( 'NONE',  ( -0.7071067811865422437, 0.000000000000000000, 0.7071067811865526798 ) ) ;
#2599 = AXIS2_PLACEMENT_3D ( 'NONE', #4644, #1140, #4328 ) ;
#2600 = EDGE_LOOP ( 'NONE', ( #242, #1492, #4678, #2968 ) ) ;
#2601 = VECTOR ( 'NONE', #3653, 1000.000000000000000 ) ;
#2602 = CARTESIAN_POINT ( 'NONE',  ( -2.633257182911167504, -0.2580539289108720324, -2.137046199988153372 ) ) ;
#2603 = VECTOR ( 'NONE', #151, 1000.000000000000000 ) ;
#2604 = FACE_OUTER_BOUND ( 'NONE', #3592, .T. ) ;
#2605 = EDGE_LOOP ( 'NONE', ( #4196, #1672, #3161, #2321 ) ) ;
#2606 = LINE ( 'NONE', #1021, #1935 ) ;
#2607 = PLANE ( 'NONE',  #2428 ) ;
#2608 = EDGE_LOOP ( 'NONE', ( #2768, #2495, #4778, #4879, #3001 ) ) ;
#2609 = LINE ( 'NONE', #2977, #3548 ) ;
#2610 = ADVANCED_FACE ( 'NONE', ( #1731 ), #2939, .F. ) ;
#2611 = VERTEX_POINT ( 'NONE', #2924 ) ;
#2612 = PLANE ( 'NONE',  #4428 ) ;
#2613 = DIRECTION ( 'NONE',  ( -0.000000000000000000, -0.000000000000000000, 1.000000000000000000 ) ) ;
#2614 = DIRECTION ( 'NONE',  ( -1.000000000000000000, -2.168404344971008868E-16, 0.000000000000000000 ) ) ;
#2615 = ADVANCED_FACE ( 'NONE', ( #2506, #3686 ), #2876, .F. ) ;
#2616 = ORIENTED_EDGE ( 'NONE', *, *, #143, .F. ) ;
#2617 = AXIS2_PLACEMENT_3D ( 'NONE', #35, #3629, #897 ) ;
#2618 = CARTESIAN_POINT ( 'NONE',  ( -27.50000000000000000, 0.000000000000000000, -10.00000000000000000 ) ) ;
#2619 = DIRECTION ( 'NONE',  ( 1.000000000000000000, 0.000000000000000000, 0.000000000000000000 ) ) ;
#2620 = LINE ( 'NONE', #327, #3672 ) ;
#2621 = CARTESIAN_POINT ( 'NONE',  ( 11.00000000000000000, 3.000000000000005329, -4.000000000000000000 ) ) ;
#2622 = EDGE_CURVE ( 'NONE', #2018, #3808, #4434, .T. ) ;
#2623 = EDGE_LOOP ( 'NONE', ( #3465, #1858, #1234, #2882 ) ) ;
#2624 = CIRCLE ( 'NONE', #1299, 3.099999999999998757 ) ;
#2625 = CARTESIAN_POINT ( 'NONE',  ( -2.373583264357994604, 1.012447927723424623, -2.103202533903368643 ) ) ;
#2626 = CARTESIAN_POINT ( 'NONE',  ( 0.000000000000000000, 0.000000000000000000, 10.00000000000000000 ) ) ;
#2627 = VERTEX_POINT ( 'NONE', #117 ) ;
#2628 = AXIS2_PLACEMENT_3D ( 'NONE', #318, #2354, #1903 ) ;
#2629 = ORIENTED_EDGE ( 'NONE', *, *, #1081, .T. ) ;
#2630 = CARTESIAN_POINT ( 'NONE',  ( 11.45341433092484529, 4.825834261322614616, 7.424165738677389825 ) ) ;
#2631 = CARTESIAN_POINT ( 'NONE',  ( 4.750000000000002665, -4.499999999999978684, -2.099999999999999645 ) ) ;
#2632 = ORIENTED_EDGE ( 'NONE', *, *, #109, .F. ) ;
#2633 = DIRECTION ( 'NONE',  ( -1.000000000000000000, 0.000000000000000000, 0.000000000000000000 ) ) ;
#2634 = ORIENTED_EDGE ( 'NONE', *, *, #2239, .F. ) ;
#2635 = CARTESIAN_POINT ( 'NONE',  ( -15.00000000000000000, 1.171572875253819923, -4.000000000000000000 ) ) ;
#2636 = DIRECTION ( 'NONE',  ( -1.000000000000000000, -1.892425610156517122E-16, -8.673617379884035472E-17 ) ) ;
#2637 = ORIENTED_EDGE ( 'NONE', *, *, #400, .F. ) ;
#2638 = CYLINDRICAL_SURFACE ( 'NONE', #1441, 1.000000000000000888 ) ;
#2639 = EDGE_CURVE ( 'NONE', #3053, #2627, #3289, .T. ) ;
#2640 = CARTESIAN_POINT ( 'NONE',  ( 8.000000000000000000, 4.000000000000005329, 6.000000000000000000 ) ) ;
#2641 = CARTESIAN_POINT ( 'NONE',  ( -7.499999999999994671, -4.499999999999983125, 8.000000000000000000 ) ) ;
#2642 = DIRECTION ( 'NONE',  ( -0.000000000000000000, -0.000000000000000000, 1.000000000000000000 ) ) ;
#2643 = EDGE_LOOP ( 'NONE', ( #311, #1897, #314, #4831 ) ) ;
#2644 = EDGE_CURVE ( 'NONE', #2448, #295, #1776, .T. ) ;
#2645 = CARTESIAN_POINT ( 'NONE',  ( -27.50000000000000000, 0.000000000000000000, 10.00000000000000000 ) ) ;
#2646 = CARTESIAN_POINT ( 'NONE',  ( -27.50000000000000000, 0.000000000000000000, 5.799999999999999822 ) ) ;
#2647 = EDGE_CURVE ( 'NONE', #2695, #3061, #534, .T. ) ;
#2648 = FACE_OUTER_BOUND ( 'NONE', #4333, .T. ) ;
#2649 = EDGE_LOOP ( 'NONE', ( #1148, #1955, #2220, #331, #3055, #3076, #2099 ) ) ;
#2650 = ORIENTED_EDGE ( 'NONE', *, *, #4202, .F. ) ;
#2651 = FACE_OUTER_BOUND ( 'NONE', #1052, .T. ) ;
#2652 = ORIENTED_EDGE ( 'NONE', *, *, #4084, .F. ) ;
#2653 = DIRECTION ( 'NONE',  ( 1.000000000000000000, 1.892425610156516875E-16, 0.000000000000000000 ) ) ;
#2654 = AXIS2_PLACEMENT_3D ( 'NONE', #627, #3024, #1043 ) ;
#2655 = VERTEX_POINT ( 'NONE', #1239 ) ;
#2656 = CIRCLE ( 'NONE', #3823, 5.000000000000000888 ) ;
#2657 = EDGE_LOOP ( 'NONE', ( #2629, #742, #4732, #401, #290 ) ) ;
#2658 = DIRECTION ( 'NONE',  ( 1.000000000000000000, 0.000000000000000000, 0.000000000000000000 ) ) ;
#2659 = DIRECTION ( 'NONE',  ( 1.000000000000000000, 0.000000000000000000, 0.000000000000000000 ) ) ;
#2660 = CARTESIAN_POINT ( 'NONE',  ( -2.404717615038796996, 4.000000000000000888, 6.999999999999999112 ) ) ;
#2661 = ORIENTED_EDGE ( 'NONE', *, *, #1723, .T. ) ;
#2662 = CARTESIAN_POINT ( 'NONE',  ( -27.50000000000000000, -5.000000000000000888, -4.500000000000007105 ) ) ;
#2663 = VECTOR ( 'NONE', #663, 1000.000000000000000 ) ;
#2664 = DIRECTION ( 'NONE',  ( -1.000000000000000000, 0.000000000000000000, 0.000000000000000000 ) ) ;
#2665 = LINE ( 'NONE', #3474, #1515 ) ;
#2666 = DIRECTION ( 'NONE',  ( 0.000000000000000000, 0.000000000000000000, -1.000000000000000000 ) ) ;
#2667 = ORIENTED_EDGE ( 'NONE', *, *, #652, .F. ) ;
#2668 = AXIS2_PLACEMENT_3D ( 'NONE', #1462, #673, #2255 ) ;
#2669 = ADVANCED_FACE ( 'NONE', ( #852 ), #4048, .T. ) ;
#2670 = CARTESIAN_POINT ( 'NONE',  ( 27.50000000000000000, 0.000000000000000000, 7.250000000000000888 ) ) ;
#2671 = DIRECTION ( 'NONE',  ( -0.000000000000000000, -0.000000000000000000, 1.000000000000000000 ) ) ;
#2672 = VECTOR ( 'NONE', #3123, 1000.000000000000000 ) ;
#2673 = AXIS2_PLACEMENT_3D ( 'NONE', #2640, #3422, #1865 ) ;
#2674 = CARTESIAN_POINT ( 'NONE',  ( -27.50000000000000000, 0.000000000000000000, 4.500000000000007105 ) ) ;
#2675 = VERTEX_POINT ( 'NONE', #84 ) ;
#2676 = VECTOR ( 'NONE', #4606, 1000.000000000000114 ) ;
#2677 = ORIENTED_EDGE ( 'NONE', *, *, #1151, .T. ) ;
#2678 = EDGE_CURVE ( 'NONE', #3859, #3234, #3264, .T. ) ;
#2679 = AXIS2_PLACEMENT_3D ( 'NONE', #384, #1165, #4774 ) ;
#2680 = CARTESIAN_POINT ( 'NONE',  ( -2.249999999999998668, 4.000000000000002665, -4.099999999999999645 ) ) ;
#2681 = CARTESIAN_POINT ( 'NONE',  ( 11.00000000000000178, -4.999999999999993783, 5.500000000000013323 ) ) ;
#2682 = VECTOR ( 'NONE', #725, 1000.000000000000000 ) ;
#2683 = EDGE_LOOP ( 'NONE', ( #5011, #4670, #3878, #3822 ) ) ;
#2684 = CARTESIAN_POINT ( 'NONE',  ( 11.82287565553229491, 4.500000000000007105, -7.749999999999998224 ) ) ;
#2685 = AXIS2_PLACEMENT_3D ( 'NONE', #2067, #2439, #2045 ) ;
#2686 = CIRCLE ( 'NONE', #607, 2.000000000000000000 ) ;
#2687 = EDGE_CURVE ( 'NONE', #716, #2413, #4406, .T. ) ;
#2688 = ADVANCED_FACE ( 'NONE', ( #4029 ), #4816, .F. ) ;
#2689 = EDGE_LOOP ( 'NONE', ( #1335, #4721 ) ) ;
#2690 = ORIENTED_EDGE ( 'NONE', *, *, #3464, .T. ) ;
#2691 = FACE_OUTER_BOUND ( 'NONE', #1728, .T. ) ;
#2692 = DIRECTION ( 'NONE',  ( -1.338146981832763019E-16, 0.7071067811865475727, -0.7071067811865475727 ) ) ;
#2693 = CARTESIAN_POINT ( 'NONE',  ( -27.50000000000000000, 0.000000000000000000, -4.000000000000000000 ) ) ;
#2694 = ORIENTED_EDGE ( 'NONE', *, *, #5062, .T. ) ;
#2695 = VERTEX_POINT ( 'NONE', #4847 ) ;
#2696 = CARTESIAN_POINT ( 'NONE',  ( -7.499999999999996447, 3.000000000000002220, 8.000000000000000000 ) ) ;
#2697 = LINE ( 'NONE', #16, #4422 ) ;
#2698 = DIRECTION ( 'NONE',  ( 1.000000000000000000, 1.892425610156517122E-16, 0.000000000000000000 ) ) ;
#2699 = FACE_BOUND ( 'NONE', #3682, .T. ) ;
#2700 = CARTESIAN_POINT ( 'NONE',  ( 20.50000000000001421, -4.999999999999992006, -10.00000000000000000 ) ) ;
#2701 = VERTEX_POINT ( 'NONE', #1292 ) ;
#2702 = CARTESIAN_POINT ( 'NONE',  ( 25.41622186799687100, -11.81769303614650113, 2.649999999999999911 ) ) ;
#2703 = FACE_OUTER_BOUND ( 'NONE', #4382, .T. ) ;
#2704 = CARTESIAN_POINT ( 'NONE',  ( 27.50000000000000000, 0.000000000000000000, 7.250000000000000888 ) ) ;
#2705 = ORIENTED_EDGE ( 'NONE', *, *, #1095, .T. ) ;
#2706 = AXIS2_PLACEMENT_3D ( 'NONE', #399, #4736, #3940 ) ;
#2707 = ORIENTED_EDGE ( 'NONE', *, *, #4181, .F. ) ;
#2708 = LINE ( 'NONE', #2343, #697 ) ;
#2709 = CARTESIAN_POINT ( 'NONE',  ( 1.074595307949115064, 3.862240854453415029, 7.999999999049825838 ) ) ;
#2710 = DIRECTION ( 'NONE',  ( 1.000000000000000000, 1.892425610156517122E-16, 0.000000000000000000 ) ) ;
#2711 = LINE ( 'NONE', #291, #1100 ) ;
#2712 = EDGE_CURVE ( 'NONE', #1466, #4868, #2353, .T. ) ;
#2713 = VECTOR ( 'NONE', #674, 1000.000000000000000 ) ;
#2714 = ORIENTED_EDGE ( 'NONE', *, *, #3510, .T. ) ;
#2715 = CIRCLE ( 'NONE', #726, 2.049999999999999822 ) ;
#2716 = VERTEX_POINT ( 'NONE', #1000 ) ;
#2717 = DIRECTION ( 'NONE',  ( -1.000000000000000000, 0.000000000000000000, 0.000000000000000000 ) ) ;
#2718 = ADVANCED_FACE ( 'NONE', ( #4173 ), #638, .F. ) ;
#2719 = ADVANCED_FACE ( 'NONE', ( #2146 ), #2612, .F. ) ;
#2720 = DIRECTION ( 'NONE',  ( -1.000000000000000000, 0.000000000000000000, 0.000000000000000000 ) ) ;
#2721 = EDGE_LOOP ( 'NONE', ( #1595, #3217, #4271, #4404 ) ) ;
#2722 = CARTESIAN_POINT ( 'NONE',  ( -12.12498720617873538, 4.825834261322585306, -4.325834261322587970 ) ) ;
#2723 = DIRECTION ( 'NONE',  ( -1.652117596168388495E-16, 1.000000000000000000, 0.000000000000000000 ) ) ;
#2724 = CARTESIAN_POINT ( 'NONE',  ( -43.11716621585583198, -5.000000000000004441, -2.649999999999999911 ) ) ;
#2725 = DIRECTION ( 'NONE',  ( -1.000000000000000000, -1.892425610156517122E-16, -0.000000000000000000 ) ) ;
#2726 = ORIENTED_EDGE ( 'NONE', *, *, #2868, .T. ) ;
#2727 = PLANE ( 'NONE',  #1097 ) ;
#2728 = CARTESIAN_POINT ( 'NONE',  ( 12.50000000000000000, 3.000000000000008882, 9.999999999999998224 ) ) ;
#2729 = DIRECTION ( 'NONE',  ( -1.000000000000000000, -1.892425610156517122E-16, -8.673617379884035472E-17 ) ) ;
#2730 = ORIENTED_EDGE ( 'NONE', *, *, #1751, .F. ) ;
#2731 = CARTESIAN_POINT ( 'NONE',  ( -12.49444853078624718, 4.499999999999996447, -4.000000000000000000 ) ) ;
#2732 = VERTEX_POINT ( 'NONE', #5024 ) ;
#2733 = CARTESIAN_POINT ( 'NONE',  ( 27.50000000000000000, 0.000000000000000000, 7.250000000000000888 ) ) ;
#2734 = DIRECTION ( 'NONE',  ( -0.000000000000000000, -0.000000000000000000, 1.000000000000000000 ) ) ;
#2735 = EDGE_LOOP ( 'NONE', ( #4730, #2756, #4647, #2954 ) ) ;
#2736 = CARTESIAN_POINT ( 'NONE',  ( -27.50000000000000000, 0.000000000000000000, 4.000000000000000000 ) ) ;
#2737 = ORIENTED_EDGE ( 'NONE', *, *, #847, .T. ) ;
#2738 = EDGE_CURVE ( 'NONE', #1908, #4936, #3734, .T. ) ;
#2739 = AXIS2_PLACEMENT_3D ( 'NONE', #1233, #4810, #1625 ) ;
#2740 = EDGE_LOOP ( 'NONE', ( #923, #4491, #1092, #3856, #1319, #4292, #1853 ) ) ;
#2741 = DIRECTION ( 'NONE',  ( -1.000000000000000000, 0.000000000000000000, 0.000000000000000000 ) ) ;
#2742 = LINE ( 'NONE', #11, #1915 ) ;
#2743 = VECTOR ( 'NONE', #2055, 999.9999999999998863 ) ;
#2744 = ORIENTED_EDGE ( 'NONE', *, *, #548, .T. ) ;
#2745 = EDGE_CURVE ( 'NONE', #730, #4105, #2194, .T. ) ;
#2746 = ADVANCED_FACE ( 'NONE', ( #2586 ), #3413, .F. ) ;
#2747 = CYLINDRICAL_SURFACE ( 'NONE', #2101, 3.499999999999985789 ) ;
#2748 = PLANE ( 'NONE',  #444 ) ;
#2749 = DIRECTION ( 'NONE',  ( -1.000000000000000000, 0.000000000000000000, 0.000000000000000000 ) ) ;
#2750 = ORIENTED_EDGE ( 'NONE', *, *, #4046, .F. ) ;
#2751 = EDGE_CURVE ( 'NONE', #919, #3029, #1030, .T. ) ;
#2752 = AXIS2_PLACEMENT_3D ( 'NONE', #2484, #4850, #4073 ) ;
#2753 = DIRECTION ( 'NONE',  ( -1.652117596168388495E-16, 1.000000000000000000, 0.000000000000000000 ) ) ;
#2754 = LINE ( 'NONE', #70, #299 ) ;
#2755 = FACE_BOUND ( 'NONE', #1637, .T. ) ;
#2756 = ORIENTED_EDGE ( 'NONE', *, *, #2039, .T. ) ;
#2757 = VECTOR ( 'NONE', #36, 1000.000000000000000 ) ;
#2758 = FACE_OUTER_BOUND ( 'NONE', #3152, .T. ) ;
#2759 = ORIENTED_EDGE ( 'NONE', *, *, #1223, .T. ) ;
#2760 = CIRCLE ( 'NONE', #2925, 1.000000000000000888 ) ;
#2761 = DIRECTION ( 'NONE',  ( 1.000000000000000000, 1.652117596168388495E-16, 0.000000000000000000 ) ) ;
#2762 = CIRCLE ( 'NONE', #4589, 2.000000000000000000 ) ;
#2763 = EDGE_LOOP ( 'NONE', ( #4709, #3846, #4763, #2978 ) ) ;
#2764 = VECTOR ( 'NONE', #1412, 1000.000000000000114 ) ;
#2765 = CARTESIAN_POINT ( 'NONE',  ( -7.119124914398328792E-16, 3.000000000000003553, -7.000000000000000000 ) ) ;
#2766 = CIRCLE ( 'NONE', #2435, 2.200000000000000622 ) ;
#2767 = VECTOR ( 'NONE', #2137, 1000.000000000000000 ) ;
#2768 = ORIENTED_EDGE ( 'NONE', *, *, #770, .T. ) ;
#2769 = VECTOR ( 'NONE', #4952, 1000.000000000000000 ) ;
#2770 = ORIENTED_EDGE ( 'NONE', *, *, #3409, .T. ) ;
#2771 = CONICAL_SURFACE ( 'NONE', #3190, 2.500000000000014211, 0.7853981633974482790 ) ;
#2772 = CARTESIAN_POINT ( 'NONE',  ( -7.499999999999996447, 4.000000000000001776, -6.000000000000000000 ) ) ;
#2773 = AXIS2_PLACEMENT_3D ( 'NONE', #1303, #2131, #1384 ) ;
#2774 = EDGE_CURVE ( 'NONE', #4663, #458, #2855, .T. ) ;
#2775 = DIRECTION ( 'NONE',  ( -0.000000000000000000, -0.000000000000000000, 1.000000000000000000 ) ) ;
#2776 = VERTEX_POINT ( 'NONE', #3033 ) ;
#2777 = DIRECTION ( 'NONE',  ( -0.000000000000000000, -0.000000000000000000, -1.000000000000000000 ) ) ;
#2778 = CARTESIAN_POINT ( 'NONE',  ( -9.499999999999996447, 3.000000000000002665, -6.000000000000000000 ) ) ;
#2779 = CARTESIAN_POINT ( 'NONE',  ( -9.499999999999994671, -4.499999999999983125, 6.000000000000000000 ) ) ;
#2780 = ADVANCED_FACE ( 'NONE', ( #4924, #4612 ), #1860, .F. ) ;
#2781 = CARTESIAN_POINT ( 'NONE',  ( -4.249999999999998224, 3.000000000000002665, -4.099999999999999645 ) ) ;
#2782 = ORIENTED_EDGE ( 'NONE', *, *, #3219, .T. ) ;
#2783 = DIRECTION ( 'NONE',  ( 0.000000000000000000, 0.000000000000000000, 1.000000000000000000 ) ) ;
#2784 = CARTESIAN_POINT ( 'NONE',  ( 11.82287565553230024, -4.499999999999992006, 7.749999999999998224 ) ) ;
#2785 = EDGE_CURVE ( 'NONE', #1631, #161, #869, .T. ) ;
#2786 = VERTEX_POINT ( 'NONE', #1076 ) ;
#2787 = CARTESIAN_POINT ( 'NONE',  ( -0.4851763124312560849, 4.000000000000105693, 7.880085205024563777 ) ) ;
#2788 = ORIENTED_EDGE ( 'NONE', *, *, #2901, .F. ) ;
#2789 = CIRCLE ( 'NONE', #2383, 5.000000000000000888 ) ;
#2790 = LINE ( 'NONE', #3230, #441 ) ;
#2791 = DIRECTION ( 'NONE',  ( 0.000000000000000000, 0.000000000000000000, 1.000000000000000000 ) ) ;
#2792 = ORIENTED_EDGE ( 'NONE', *, *, #1155, .F. ) ;
#2793 = DIRECTION ( 'NONE',  ( -1.000000000000000000, 0.000000000000000000, 0.000000000000000000 ) ) ;
#2794 = DIRECTION ( 'NONE',  ( -1.652117596168388495E-16, 1.000000000000000000, 0.000000000000000000 ) ) ;
#2795 = VERTEX_POINT ( 'NONE', #1053 ) ;
#2796 = VECTOR ( 'NONE', #1551, 1000.000000000000000 ) ;
#2797 = VERTEX_POINT ( 'NONE', #2635 ) ;
#2798 = EDGE_CURVE ( 'NONE', #2304, #387, #1374, .T. ) ;
#2799 = CARTESIAN_POINT ( 'NONE',  ( 4.750000000000002665, -4.499999999999978684, -8.000000000000000000 ) ) ;
#2800 = DIRECTION ( 'NONE',  ( 0.000000000000000000, 0.000000000000000000, -1.000000000000000000 ) ) ;
#2801 = CARTESIAN_POINT ( 'NONE',  ( -50.00000000000000000, -4.499999999999998224, -4.000000000000000000 ) ) ;
#2802 = ORIENTED_EDGE ( 'NONE', *, *, #3004, .F. ) ;
#2803 = EDGE_CURVE ( 'NONE', #2448, #4288, #1476, .T. ) ;
#2804 = CARTESIAN_POINT ( 'NONE',  ( -4.956352788505171156E-16, 3.000000000000003553, -2.099999999999999645 ) ) ;
#2805 = CYLINDRICAL_SURFACE ( 'NONE', #1553, 5.000000000000000888 ) ;
#2806 = CARTESIAN_POINT ( 'NONE',  ( -27.50000000000000000, 0.000000000000000000, -4.000000000000000000 ) ) ;
#2807 = ORIENTED_EDGE ( 'NONE', *, *, #4649, .F. ) ;
#2808 = CARTESIAN_POINT ( 'NONE',  ( -1.908258683417903834, 3.999999999999904521, 7.720843053015563839 ) ) ;
#2809 = EDGE_LOOP ( 'NONE', ( #3945, #2770, #3921, #2532, #2326, #4761, #3941, #3890 ) ) ;
#2810 = ADVANCED_FACE ( 'NONE', ( #4538 ), #4148, .F. ) ;
#2811 = ADVANCED_FACE ( 'NONE', ( #4638 ), #1783, .F. ) ;
#2812 = CARTESIAN_POINT ( 'NONE',  ( 21.96939473245415186, -11.20992441431226005, 4.900000000000000355 ) ) ;
#2813 = CARTESIAN_POINT ( 'NONE',  ( -29.69999999999999929, -2.694222958124181444E-16, 5.799999999999999822 ) ) ;
#2814 = LINE ( 'NONE', #422, #1079 ) ;
#2815 = ORIENTED_EDGE ( 'NONE', *, *, #163, .F. ) ;
#2816 = DIRECTION ( 'NONE',  ( 8.673617379884035472E-17, 1.641417566239121864E-32, -1.000000000000000000 ) ) ;
#2817 = LINE ( 'NONE', #3215, #3179 ) ;
#2818 = ORIENTED_EDGE ( 'NONE', *, *, #1315, .F. ) ;
#2819 = ORIENTED_EDGE ( 'NONE', *, *, #817, .F. ) ;
#2820 = CARTESIAN_POINT ( 'NONE',  ( -27.50000000000000000, 5.000000000000000888, 4.500000000000007105 ) ) ;
#2821 = DIRECTION ( 'NONE',  ( -8.673617379884035472E-17, -1.641417566239121864E-32, 1.000000000000000000 ) ) ;
#2822 = VECTOR ( 'NONE', #1102, 1000.000000000000000 ) ;
#2823 = FACE_OUTER_BOUND ( 'NONE', #2763, .T. ) ;
#2824 = ORIENTED_EDGE ( 'NONE', *, *, #1255, .F. ) ;
#2825 = CARTESIAN_POINT ( 'NONE',  ( 10.50000000000000178, -2.999999999999994671, 9.999999999999998224 ) ) ;
#2826 = DIRECTION ( 'NONE',  ( -0.000000000000000000, -0.000000000000000000, 1.000000000000000000 ) ) ;
#2827 = CARTESIAN_POINT ( 'NONE',  ( -14.99999999999999822, -1.171572875253810375, -4.000000000000000000 ) ) ;
#2828 = VERTEX_POINT ( 'NONE', #3834 ) ;
#2829 = CARTESIAN_POINT ( 'NONE',  ( 12.00000000000001599, -2.999999999999994671, 10.00000000000000000 ) ) ;
#2830 = EDGE_CURVE ( 'NONE', #4125, #4454, #4092, .T. ) ;
#2831 = ORIENTED_EDGE ( 'NONE', *, *, #809, .F. ) ;
#2832 = CIRCLE ( 'NONE', #4163, 3.600000000000005862 ) ;
#2833 = DIRECTION ( 'NONE',  ( -0.000000000000000000, -0.000000000000000000, 1.000000000000000000 ) ) ;
#2834 = CARTESIAN_POINT ( 'NONE',  ( -27.50000000000000000, 0.000000000000000000, -9.499999999999989342 ) ) ;
#2835 = VECTOR ( 'NONE', #2117, 1000.000000000000114 ) ;
#2836 = CARTESIAN_POINT ( 'NONE',  ( 2.549999999999989608, 0.000000000000000000, -10.00000000000000000 ) ) ;
#2837 = ADVANCED_FACE ( 'NONE', ( #2276 ), #296, .F. ) ;
#2838 = AXIS2_PLACEMENT_3D ( 'NONE', #2230, #356, #3843 ) ;
#2839 = VECTOR ( 'NONE', #4388, 1000.000000000000000 ) ;
#2840 = AXIS2_PLACEMENT_3D ( 'NONE', #4885, #2950, #2138 ) ;
#2841 = ORIENTED_EDGE ( 'NONE', *, *, #4014, .T. ) ;
#2842 = DIRECTION ( 'NONE',  ( -1.892425610156517122E-16, 1.000000000000000000, 0.000000000000000000 ) ) ;
#2843 = CIRCLE ( 'NONE', #103, 1.000000000000000000 ) ;
#2844 = CONICAL_SURFACE ( 'NONE', #2186, 2.549999999999989608, 0.7853981633974410625 ) ;
#2845 = EDGE_CURVE ( 'NONE', #3067, #2144, #4500, .T. ) ;
#2846 = EDGE_CURVE ( 'NONE', #3310, #3838, #947, .T. ) ;
#2847 = ORIENTED_EDGE ( 'NONE', *, *, #4301, .T. ) ;
#2848 = CIRCLE ( 'NONE', #603, 2.549999999999989608 ) ;
#2849 = ORIENTED_EDGE ( 'NONE', *, *, #2425, .F. ) ;
#2850 = VECTOR ( 'NONE', #4463, 1000.000000000000000 ) ;
#2851 = DIRECTION ( 'NONE',  ( 0.000000000000000000, 0.000000000000000000, -1.000000000000000000 ) ) ;
#2852 = AXIS2_PLACEMENT_3D ( 'NONE', #304, #2642, #2987 ) ;
#2853 = CARTESIAN_POINT ( 'NONE',  ( 25.41622186799687100, -11.81769303614650113, -2.650000000000000355 ) ) ;
#2854 = LINE ( 'NONE', #409, #1766 ) ;
#2855 = CIRCLE ( 'NONE', #1939, 2.000000000000000000 ) ;
#2856 = LINE ( 'NONE', #927, #4742 ) ;
#2857 = ORIENTED_EDGE ( 'NONE', *, *, #957, .T. ) ;
#2858 = VECTOR ( 'NONE', #2725, 1000.000000000000000 ) ;
#2859 = LINE ( 'NONE', #862, #515 ) ;
#2860 = DIRECTION ( 'NONE',  ( 1.000000000000000000, 0.000000000000000000, 0.000000000000000000 ) ) ;
#2861 = FACE_OUTER_BOUND ( 'NONE', #8, .T. ) ;
#2862 = ORIENTED_EDGE ( 'NONE', *, *, #5023, .T. ) ;
#2863 = FACE_OUTER_BOUND ( 'NONE', #4697, .T. ) ;
#2864 = ORIENTED_EDGE ( 'NONE', *, *, #3107, .T. ) ;
#2865 = EDGE_CURVE ( 'NONE', #480, #3111, #2531, .T. ) ;
#2866 = DIRECTION ( 'NONE',  ( 0.000000000000000000, -0.7071067811865487940, -0.7071067811865463515 ) ) ;
#2867 = CARTESIAN_POINT ( 'NONE',  ( -2.022658583989410896, 0.3343591459541732647, -2.623766290003235468 ) ) ;
#2868 = EDGE_CURVE ( 'NONE', #826, #1876, #1268, .T. ) ;
#2869 = ORIENTED_EDGE ( 'NONE', *, *, #5062, .F. ) ;
#2870 = FACE_OUTER_BOUND ( 'NONE', #4509, .T. ) ;
#2871 = EDGE_LOOP ( 'NONE', ( #3073, #2616, #3998, #2677, #1885 ) ) ;
#2872 = VERTEX_POINT ( 'NONE', #1722 ) ;
#2873 = CIRCLE ( 'NONE', #3212, 1.000000000000000888 ) ;
#2874 = EDGE_CURVE ( 'NONE', #2627, #1229, #267, .T. ) ;
#2875 = EDGE_CURVE ( 'NONE', #4637, #4007, #2180, .T. ) ;
#2876 = PLANE ( 'NONE',  #450 ) ;
#2877 = LINE ( 'NONE', #3654, #1922 ) ;
#2878 = CONICAL_SURFACE ( 'NONE', #636, 3.099999999999998757, 0.7853981633974512766 ) ;
#2879 = DIRECTION ( 'NONE',  ( 0.000000000000000000, 0.000000000000000000, 1.000000000000000000 ) ) ;
#2880 = VECTOR ( 'NONE', #2128, 1000.000000000000000 ) ;
#2881 = DIRECTION ( 'NONE',  ( 0.7071067811865474617, 0.000000000000000000, -0.7071067811865474617 ) ) ;
#2882 = ORIENTED_EDGE ( 'NONE', *, *, #1417, .T. ) ;
#2883 = CARTESIAN_POINT ( 'NONE',  ( -27.50000000000000000, 0.000000000000000000, 4.000000000000000000 ) ) ;
#2884 = LINE ( 'NONE', #2489, #5116 ) ;
#2885 = ORIENTED_EDGE ( 'NONE', *, *, #3279, .T. ) ;
#2886 = CARTESIAN_POINT ( 'NONE',  ( -27.50000000000000000, 5.000000000000000888, -7.249999999999994671 ) ) ;
#2887 = ORIENTED_EDGE ( 'NONE', *, *, #2432, .T. ) ;
#2888 = CONICAL_SURFACE ( 'NONE', #646, 4.500000000000000888, 0.7853981633974482790 ) ;
#2889 = CARTESIAN_POINT ( 'NONE',  ( 6.750000000000002665, -4.999999999999992895, -6.000000000000000000 ) ) ;
#2890 = DIRECTION ( 'NONE',  ( -0.000000000000000000, -0.000000000000000000, -1.000000000000000000 ) ) ;
#2891 = CARTESIAN_POINT ( 'NONE',  ( 27.50000000000000000, 0.000000000000000000, -7.749999999999999112 ) ) ;
#2892 = ORIENTED_EDGE ( 'NONE', *, *, #913, .F. ) ;
#2893 = CARTESIAN_POINT ( 'NONE',  ( 30.04999999999999716, -3.122849337825746475E-16, 7.750000000000000000 ) ) ;
#2894 = DIRECTION ( 'NONE',  ( -1.000000000000000000, 0.000000000000000000, 0.000000000000000000 ) ) ;
#2895 = VERTEX_POINT ( 'NONE', #1822 ) ;
#2896 = EDGE_CURVE ( 'NONE', #5097, #4204, #3028, .T. ) ;
#2897 = ORIENTED_EDGE ( 'NONE', *, *, #2109, .T. ) ;
#2898 = LINE ( 'NONE', #2820, #2270 ) ;
#2899 = CARTESIAN_POINT ( 'NONE',  ( 0.000000000000000000, 0.000000000000000000, -2.600000000000003197 ) ) ;
#2900 = ADVANCED_FACE ( 'NONE', ( #528 ), #1440, .F. ) ;
#2901 = EDGE_CURVE ( 'NONE', #3751, #2018, #3724, .T. ) ;
#2902 = ORIENTED_EDGE ( 'NONE', *, *, #2238, .F. ) ;
#2903 = DIRECTION ( 'NONE',  ( 0.000000000000000000, 0.000000000000000000, 1.000000000000000000 ) ) ;
#2904 = AXIS2_PLACEMENT_3D ( 'NONE', #2038, #57, #2062 ) ;
#2905 = DIRECTION ( 'NONE',  ( -1.000000000000000000, 0.000000000000000000, 0.000000000000000000 ) ) ;
#2906 = CARTESIAN_POINT ( 'NONE',  ( -2.615349042692415527, 0.3640786774927617375, -2.133645594171037274 ) ) ;
#2907 = DIRECTION ( 'NONE',  ( -1.000000000000000000, -1.652117596168388495E-16, 0.000000000000000000 ) ) ;
#2908 = VERTEX_POINT ( 'NONE', #3305 ) ;
#2909 = LINE ( 'NONE', #2886, #1199 ) ;
#2910 = ADVANCED_FACE ( 'NONE', ( #4530 ), #2607, .F. ) ;
#2911 = ORIENTED_EDGE ( 'NONE', *, *, #3253, .T. ) ;
#2912 = CIRCLE ( 'NONE', #4975, 1.000000000000000888 ) ;
#2913 = CARTESIAN_POINT ( 'NONE',  ( -1.943367818077524678, -0.6578765991807193902, -2.608894224999309230 ) ) ;
#2914 = DIRECTION ( 'NONE',  ( 1.000000000000000000, 0.000000000000000000, 0.000000000000000000 ) ) ;
#2915 = AXIS2_PLACEMENT_3D ( 'NONE', #1422, #980, #2247 ) ;
#2916 = CARTESIAN_POINT ( 'NONE',  ( -29.69999999999999929, -2.694222958124179472E-16, 10.00000000000000000 ) ) ;
#2917 = CARTESIAN_POINT ( 'NONE',  ( 2.404049162915010029, 4.000000000000003553, 7.000000016863698882 ) ) ;
#2918 =( BOUNDED_SURFACE ( )  B_SPLINE_SURFACE ( 3, 2, ( 
 ( #1393, #1333, #3702 ),
 ( #2917, #573, #4576 ),
 ( #4915, #4553, #1022 ),
 ( #4118, #157, #1745 ),
 ( #993, #3331, #2576 ),
 ( #631, #2219, #1517 ),
 ( #1127, #370, #2709 ),
 ( #1150, #4711, #5124 ),
 ( #657, #3828, #1176 ),
 ( #2293, #313, #3134 ) ),
 .UNSPECIFIED., .F., .F., .F. ) 
 B_SPLINE_SURFACE_WITH_KNOTS ( ( 4, 2, 2, 2, 4 ),
 ( 3, 3 ),
 ( 0.001865397817755775397, 0.002583876141989727843, 0.003302354466223679855, 0.004020832790457631867, 0.004739311114691584746 ),
 ( 0.000000000000000000, 1.000000000000000000 ),
 .UNSPECIFIED. ) 
 GEOMETRIC_REPRESENTATION_ITEM ( )  RATIONAL_B_SPLINE_SURFACE ( (
 ( 1.000000000000000000, 0.7071067811865476838, 1.000000000000000000),
 ( 1.000000000000000000, 0.7494601831124425573, 1.000000000000000000),
 ( 1.000000000000000000, 0.7888695054099338355, 1.000000000000000000),
 ( 1.000000000000000000, 0.8602156236684551649, 1.000000000000000000),
 ( 1.000000000000000000, 0.8922029867401858327, 1.000000000000000000),
 ( 1.000000000000000000, 0.9445021178944187357, 1.000000000000000000),
 ( 1.000000000000000000, 0.9650457241395544727, 1.000000000000000000),
 ( 1.000000000000000000, 0.9928178179544919768, 1.000000000000000000),
 ( 1.000000000000000000, 1.000026929487087601, 1.000000000000000000),
 ( 1.000000000000000000, 1.000000000000000000, 1.000000000000000000) ) ) 
 REPRESENTATION_ITEM ( '' )  SURFACE ( )  );
#2919 = EDGE_LOOP ( 'NONE', ( #2560, #3298, #2807, #5016, #1530, #1087 ) ) ;
#2920 = FACE_OUTER_BOUND ( 'NONE', #4405, .T. ) ;
#2921 = CARTESIAN_POINT ( 'NONE',  ( -5.249999999999998224, 4.000000000000002665, -6.000000000000000000 ) ) ;
#2922 = ORIENTED_EDGE ( 'NONE', *, *, #4610, .T. ) ;
#2923 = VERTEX_POINT ( 'NONE', #4195 ) ;
#2924 = CARTESIAN_POINT ( 'NONE',  ( -29.69999999999999929, -2.694222958124181444E-16, -4.000000000000000000 ) ) ;
#2925 = AXIS2_PLACEMENT_3D ( 'NONE', #1404, #2596, #1010 ) ;
#2926 = CIRCLE ( 'NONE', #4993, 2.549999999999989608 ) ;
#2927 = EDGE_CURVE ( 'NONE', #3243, #1716, #972, .T. ) ;
#2928 = DIRECTION ( 'NONE',  ( 0.1736481776669277499, 0.9848077530122085754, 0.000000000000000000 ) ) ;
#2929 = VECTOR ( 'NONE', #3109, 1000.000000000000000 ) ;
#2930 = DIRECTION ( 'NONE',  ( -1.000000000000000000, -2.168404344971006896E-16, 0.000000000000000000 ) ) ;
#2931 = VECTOR ( 'NONE', #2114, 1000.000000000000000 ) ;
#2932 = ORIENTED_EDGE ( 'NONE', *, *, #139, .F. ) ;
#2933 = VECTOR ( 'NONE', #666, 999.9999999999998863 ) ;
#2934 = CARTESIAN_POINT ( 'NONE',  ( -4.249999999999998224, 3.000000000000002665, -6.000000000000000000 ) ) ;
#2935 = LINE ( 'NONE', #3624, #2019 ) ;
#2936 = EDGE_CURVE ( 'NONE', #3234, #716, #184, .T. ) ;
#2937 = DIRECTION ( 'NONE',  ( -1.892425610156517122E-16, 1.000000000000000000, -0.000000000000000000 ) ) ;
#2938 = CARTESIAN_POINT ( 'NONE',  ( -2.649981018882579864, 0.05250900286137104300, -2.140404336226112925 ) ) ;
#2939 = CONICAL_SURFACE ( 'NONE', #2685, 2.049999999999999822, 0.7853981633974482790 ) ;
#2940 = FILL_AREA_STYLE_COLOUR ( '', #264 ) ;
#2941 = EDGE_LOOP ( 'NONE', ( #4582, #20, #209, #4342 ) ) ;
#2942 = DIRECTION ( 'NONE',  ( -1.338146981832763265E-16, 0.7071067811865476838, 0.7071067811865473507 ) ) ;
#2943 = AXIS2_PLACEMENT_3D ( 'NONE', #1613, #328, #3502 ) ;
#2944 = VERTEX_POINT ( 'NONE', #1779 ) ;
#2945 = ADVANCED_FACE ( 'NONE', ( #2995 ), #2918, .F. ) ;
#2946 = CARTESIAN_POINT ( 'NONE',  ( -2.043701152028170043, -0.1658966939968712084, -2.628725055646992104 ) ) ;
#2947 = EDGE_CURVE ( 'NONE', #1554, #1017, #1847, .T. ) ;
#2948 = DIRECTION ( 'NONE',  ( -1.000000000000000000, 0.000000000000000000, 0.000000000000000000 ) ) ;
#2949 = FACE_OUTER_BOUND ( 'NONE', #4840, .T. ) ;
#2950 = DIRECTION ( 'NONE',  ( 0.000000000000000000, 0.000000000000000000, -1.000000000000000000 ) ) ;
#2951 = ORIENTED_EDGE ( 'NONE', *, *, #301, .F. ) ;
#2952 = DIRECTION ( 'NONE',  ( 0.7071067811865422437, -8.659560562354868763E-17, 0.7071067811865526798 ) ) ;
#2953 = DIRECTION ( 'NONE',  ( 0.000000000000000000, 0.000000000000000000, -1.000000000000000000 ) ) ;
#2954 = ORIENTED_EDGE ( 'NONE', *, *, #4182, .T. ) ;
#2955 = ORIENTED_EDGE ( 'NONE', *, *, #490, .T. ) ;
#2956 = AXIS2_PLACEMENT_3D ( 'NONE', #718, #2380, #3395 ) ;
#2957 = CARTESIAN_POINT ( 'NONE',  ( 24.05317286445727731, 0.6077686218342444047, -4.900000000000000355 ) ) ;
#2958 = LINE ( 'NONE', #583, #1684 ) ;
#2959 = CARTESIAN_POINT ( 'NONE',  ( 11.00000000000000178, -4.999999999999993783, -6.000000000000000000 ) ) ;
#2960 = VERTEX_POINT ( 'NONE', #259 ) ;
#2961 = EDGE_CURVE ( 'NONE', #1430, #765, #1960, .T. ) ;
#2962 = LINE ( 'NONE', #4205, #189 ) ;
#2963 = CIRCLE ( 'NONE', #806, 5.000000000000000888 ) ;
#2964 = DIRECTION ( 'NONE',  ( 0.000000000000000000, 0.000000000000000000, -1.000000000000000000 ) ) ;
#2965 = CARTESIAN_POINT ( 'NONE',  ( -7.499999999999994671, -4.999999999999997335, 6.000000000000000000 ) ) ;
#2966 = DIRECTION ( 'NONE',  ( -0.7071067811865451302, 0.7071067811865500152, 0.000000000000000000 ) ) ;
#2967 = DIRECTION ( 'NONE',  ( 0.000000000000000000, 0.000000000000000000, 1.000000000000000000 ) ) ;
#2968 = ORIENTED_EDGE ( 'NONE', *, *, #4046, .T. ) ;
#2969 = EDGE_CURVE ( 'NONE', #5140, #1128, #3342, .T. ) ;
#2970 = CARTESIAN_POINT ( 'NONE',  ( -2.029742675112757411, -0.2905079936671730034, -2.625372829686219767 ) ) ;
#2971 = DIRECTION ( 'NONE',  ( -0.000000000000000000, -0.000000000000000000, 1.000000000000000000 ) ) ;
#2972 = ADVANCED_FACE ( 'NONE', ( #3904 ), #761, .F. ) ;
#2973 = EDGE_CURVE ( 'NONE', #2695, #3031, #599, .T. ) ;
#2974 = CARTESIAN_POINT ( 'NONE',  ( -1.808823529411760278, 0.9647058823529487404, -2.600000000000003197 ) ) ;
#2975 = CARTESIAN_POINT ( 'NONE',  ( -9.499999999999996447, 4.000000000000001776, -8.000000000000000000 ) ) ;
#2976 = ORIENTED_EDGE ( 'NONE', *, *, #5082, .F. ) ;
#2977 = CARTESIAN_POINT ( 'NONE',  ( 22.23259738175770295, -9.717228014441799289, 4.900000000000000355 ) ) ;
#2978 = ORIENTED_EDGE ( 'NONE', *, *, #3303, .F. ) ;
#2979 = CARTESIAN_POINT ( 'NONE',  ( 6.750000000000002665, -4.999999999999994671, -8.500000000000015987 ) ) ;
#2980 = CARTESIAN_POINT ( 'NONE',  ( -12.12498720617871584, -4.825834261322580865, 4.325834261322589747 ) ) ;
#2981 = CARTESIAN_POINT ( 'NONE',  ( 8.000000000000000000, 3.000000000000004885, -6.000000000000000000 ) ) ;
#2982 = VERTEX_POINT ( 'NONE', #3436 ) ;
#2983 = CARTESIAN_POINT ( 'NONE',  ( -27.50000000000000000, 0.000000000000000000, -5.799999999999999822 ) ) ;
#2984 = DIRECTION ( 'NONE',  ( 0.000000000000000000, 0.000000000000000000, -1.000000000000000000 ) ) ;
#2985 = DIRECTION ( 'NONE',  ( 1.000000000000000000, 0.000000000000000000, 0.000000000000000000 ) ) ;
#2986 = FACE_OUTER_BOUND ( 'NONE', #1878, .T. ) ;
#2987 = DIRECTION ( 'NONE',  ( 1.000000000000000000, 0.000000000000000000, 0.000000000000000000 ) ) ;
#2988 = ORIENTED_EDGE ( 'NONE', *, *, #4770, .F. ) ;
#2989 = CARTESIAN_POINT ( 'NONE',  ( -2.315965748240584432, -1.107223276225704378, -2.100012909718755427 ) ) ;
#2990 = CARTESIAN_POINT ( 'NONE',  ( -13.00000000000000000, 1.171572875253820367, 4.000000000000000000 ) ) ;
#2991 = ADVANCED_FACE ( 'NONE', ( #2344 ), #3937, .F. ) ;
#2992 = VERTEX_POINT ( 'NONE', #4658 ) ;
#2993 = CIRCLE ( 'NONE', #753, 5.000000000000000888 ) ;
#2994 = DIRECTION ( 'NONE',  ( -1.000000000000000000, -1.652117596168388495E-16, 0.000000000000000000 ) ) ;
#2995 = FACE_OUTER_BOUND ( 'NONE', #676, .T. ) ;
#2996 = ORIENTED_EDGE ( 'NONE', *, *, #2262, .T. ) ;
#2997 = DIRECTION ( 'NONE',  ( -1.652117596168388495E-16, 1.000000000000000000, 0.000000000000000000 ) ) ;
#2998 = ADVANCED_FACE ( 'NONE', ( #4689 ), #4633, .F. ) ;
#2999 = ORIENTED_EDGE ( 'NONE', *, *, #1486, .F. ) ;
#3000 = CIRCLE ( 'NONE', #177, 2.000000000000001776 ) ;
#3001 = ORIENTED_EDGE ( 'NONE', *, *, #1231, .F. ) ;
#3002 = DIRECTION ( 'NONE',  ( -1.000000000000000000, 0.000000000000000000, 0.000000000000000000 ) ) ;
#3003 = EDGE_CURVE ( 'NONE', #2701, #762, #1763, .T. ) ;
#3004 = EDGE_CURVE ( 'NONE', #161, #1340, #1544, .T. ) ;
#3005 = VECTOR ( 'NONE', #4071, 1000.000000000000000 ) ;
#3006 = DIRECTION ( 'NONE',  ( 1.000000000000000000, 0.000000000000000000, 0.000000000000000000 ) ) ;
#3007 = DIRECTION ( 'NONE',  ( 1.338146981832763019E-16, -0.7071067811865475727, -0.7071067811865475727 ) ) ;
#3008 = VERTEX_POINT ( 'NONE', #288 ) ;
#3009 = AXIS2_PLACEMENT_3D ( 'NONE', #4623, #728, #4209 ) ;
#3010 = CARTESIAN_POINT ( 'NONE',  ( 10.00000000000000178, -4.499999999999979572, -6.000000000000000000 ) ) ;
#3011 = VECTOR ( 'NONE', #1251, 1000.000000000000000 ) ;
#3012 = CARTESIAN_POINT ( 'NONE',  ( 17.30855861669665785, -8.848987126107161316, 2.649999999999999467 ) ) ;
#3013 = CARTESIAN_POINT ( 'NONE',  ( -6.249999999999998224, 3.000000000000002665, -7.000000000000000000 ) ) ;
#3014 = APPLICATION_CONTEXT ( 'automotive_design' ) ;
#3015 = DIRECTION ( 'NONE',  ( 1.000000000000000000, 1.892425610156517122E-16, 0.000000000000000000 ) ) ;
#3016 = AXIS2_PLACEMENT_3D ( 'NONE', #2148, #4103, #118 ) ;
#3017 = CARTESIAN_POINT ( 'NONE',  ( -9.499999999999994671, -4.999999999999997335, -6.000000000000000000 ) ) ;
#3018 = AXIS2_PLACEMENT_3D ( 'NONE', #3657, #4129, #88 ) ;
#3019 = ORIENTED_EDGE ( 'NONE', *, *, #1410, .T. ) ;
#3020 = CIRCLE ( 'NONE', #3600, 2.200000000000000622 ) ;
#3021 = AXIS2_PLACEMENT_3D ( 'NONE', #4560, #4997, #165 ) ;
#3022 = CARTESIAN_POINT ( 'NONE',  ( -2.649981018882579864, 0.05250900286137104300, -2.140404336226112925 ) ) ;
#3023 = VECTOR ( 'NONE', #1813, 1000.000000000000000 ) ;
#3024 = DIRECTION ( 'NONE',  ( 0.000000000000000000, 0.000000000000000000, -1.000000000000000000 ) ) ;
#3025 = EDGE_LOOP ( 'NONE', ( #3614, #3866, #5078, #5041, #999 ) ) ;
#3026 = ADVANCED_FACE ( 'NONE', ( #2651 ), #3922, .F. ) ;
#3027 = LINE ( 'NONE', #3880, #3113 ) ;
#3028 = LINE ( 'NONE', #4965, #2676 ) ;
#3029 = VERTEX_POINT ( 'NONE', #2681 ) ;
#3030 = CARTESIAN_POINT ( 'NONE',  ( 27.50000000000000000, -4.499999999999988454, -7.749999999999999112 ) ) ;
#3031 = VERTEX_POINT ( 'NONE', #682 ) ;
#3032 = ADVANCED_FACE ( 'NONE', ( #711 ), #2096, .F. ) ;
#3033 = CARTESIAN_POINT ( 'NONE',  ( -3.749999999999984457, -4.999999999999996447, -6.000000000000000000 ) ) ;
#3034 = CARTESIAN_POINT ( 'NONE',  ( -0.1043597138380013417, 4.000000000000002665, 7.939748171505780050 ) ) ;
#3035 = ORIENTED_EDGE ( 'NONE', *, *, #1543, .F. ) ;
#3036 = AXIS2_PLACEMENT_3D ( 'NONE', #4475, #4888, #1337 ) ;
#3037 = EDGE_CURVE ( 'NONE', #3234, #2960, #1898, .T. ) ;
#3038 = EDGE_CURVE ( 'NONE', #4702, #4772, #793, .T. ) ;
#3039 = CYLINDRICAL_SURFACE ( 'NONE', #2514, 2.200000000000000622 ) ;
#3040 = CARTESIAN_POINT ( 'NONE',  ( -15.00000000000000000, 5.000000000000014211, -4.000000000000000000 ) ) ;
#3041 = DIRECTION ( 'NONE',  ( 0.000000000000000000, 0.000000000000000000, 1.000000000000000000 ) ) ;
#3042 = CARTESIAN_POINT ( 'NONE',  ( 27.56622186799686958, -11.81769303614650113, 4.900000000000000355 ) ) ;
#3043 = ORIENTED_EDGE ( 'NONE', *, *, #2961, .F. ) ;
#3044 = VECTOR ( 'NONE', #932, 1000.000000000000000 ) ;
#3045 = LINE ( 'NONE', #1700, #2835 ) ;
#3046 = FACE_OUTER_BOUND ( 'NONE', #816, .T. ) ;
#3047 = LINE ( 'NONE', #335, #4154 ) ;
#3048 = ORIENTED_EDGE ( 'NONE', *, *, #3382, .T. ) ;
#3049 = AXIS2_PLACEMENT_3D ( 'NONE', #1258, #2477, #1235 ) ;
#3050 = VERTEX_POINT ( 'NONE', #840 ) ;
#3051 = DIRECTION ( 'NONE',  ( -1.000000000000000000, 0.000000000000000000, 0.000000000000000000 ) ) ;
#3052 = CARTESIAN_POINT ( 'NONE',  ( -27.50000000000000000, 0.000000000000000000, 4.500000000000007105 ) ) ;
#3053 = VERTEX_POINT ( 'NONE', #75 ) ;
#3054 = CARTESIAN_POINT ( 'NONE',  ( 24.05317286445727731, 0.6077686218342444047, -2.650000000000000355 ) ) ;
#3055 = ORIENTED_EDGE ( 'NONE', *, *, #2868, .F. ) ;
#3056 = ORIENTED_EDGE ( 'NONE', *, *, #1479, .F. ) ;
#3057 = DIRECTION ( 'NONE',  ( 1.000000000000000000, 0.000000000000000000, 0.000000000000000000 ) ) ;
#3058 = CARTESIAN_POINT ( 'NONE',  ( -7.499999999999996447, 3.000000000000002220, -6.000000000000000000 ) ) ;
#3059 = EDGE_CURVE ( 'NONE', #879, #1174, #3209, .T. ) ;
#3060 = DIRECTION ( 'NONE',  ( -1.000000000000000000, -1.652117596168388495E-16, 0.000000000000000000 ) ) ;
#3061 = VERTEX_POINT ( 'NONE', #29 ) ;
#3062 = CARTESIAN_POINT ( 'NONE',  ( 29.55000000000000071, 0.000000000000000000, -7.250000000000004441 ) ) ;
#3063 = FACE_OUTER_BOUND ( 'NONE', #1394, .T. ) ;
#3064 = ADVANCED_FACE ( 'NONE', ( #2421 ), #3964, .F. ) ;
#3065 = ADVANCED_FACE ( 'NONE', ( #1206 ), #2006, .F. ) ;
#3066 = DIRECTION ( 'NONE',  ( 0.000000000000000000, 0.000000000000000000, 1.000000000000000000 ) ) ;
#3067 = VERTEX_POINT ( 'NONE', #4900 ) ;
#3068 = LINE ( 'NONE', #4866, #4574 ) ;
#3069 = DIRECTION ( 'NONE',  ( -1.652117596168388495E-16, 1.000000000000000000, 0.000000000000000000 ) ) ;
#3070 = DIRECTION ( 'NONE',  ( 1.000000000000000000, 0.000000000000000000, 0.000000000000000000 ) ) ;
#3071 = EDGE_CURVE ( 'NONE', #3876, #578, #1623, .T. ) ;
#3072 = ORIENTED_EDGE ( 'NONE', *, *, #2460, .F. ) ;
#3073 = ORIENTED_EDGE ( 'NONE', *, *, #4373, .F. ) ;
#3074 = CYLINDRICAL_SURFACE ( 'NONE', #1112, 2.000000000000000000 ) ;
#3075 = DIRECTION ( 'NONE',  ( -1.000000000000000000, -1.652117596168388495E-16, 0.000000000000000000 ) ) ;
#3076 = ORIENTED_EDGE ( 'NONE', *, *, #5091, .F. ) ;
#3077 = FACE_OUTER_BOUND ( 'NONE', #516, .T. ) ;
#3078 = CIRCLE ( 'NONE', #1582, 3.000000000000000000 ) ;
#3079 = ORIENTED_EDGE ( 'NONE', *, *, #1668, .F. ) ;
#3080 = AXIS2_PLACEMENT_3D ( 'NONE', #2447, #4006, #3981 ) ;
#3081 = ORIENTED_EDGE ( 'NONE', *, *, #3947, .F. ) ;
#3082 = DIRECTION ( 'NONE',  ( 1.000000000000000000, 0.000000000000000000, 0.000000000000000000 ) ) ;
#3083 = CARTESIAN_POINT ( 'NONE',  ( -2.645751311064588496, 4.000000000000002665, 7.000000000000000000 ) ) ;
#3084 = ORIENTED_EDGE ( 'NONE', *, *, #555, .T. ) ;
#3085 = EDGE_LOOP ( 'NONE', ( #4467, #2407, #3608, #684, #4507, #2187 ) ) ;
#3086 = EDGE_CURVE ( 'NONE', #316, #1685, #4669, .T. ) ;
#3087 = CARTESIAN_POINT ( 'NONE',  ( -2.549999999999989608, -3.122849337825737600E-16, -10.00000000000000000 ) ) ;
#3088 = AXIS2_PLACEMENT_3D ( 'NONE', #4650, #920, #949 ) ;
#3089 =( NAMED_UNIT ( * ) PLANE_ANGLE_UNIT ( ) SI_UNIT ( $, .RADIAN. ) );
#3090 =( LENGTH_UNIT ( ) NAMED_UNIT ( * ) SI_UNIT ( .MILLI., .METRE. ) );
#3091 = B_SPLINE_CURVE_WITH_KNOTS ( 'NONE', 3,
 ( #4941, #550, #132, #2974 ),
 .UNSPECIFIED., .F., .F.,
 ( 4, 4 ),
 ( 0.000000000000000000, 1.000000000000000000 ),
 .UNSPECIFIED. ) ;
#3092 = LINE ( 'NONE', #3017, #4594 ) ;
#3093 = VECTOR ( 'NONE', #1611, 1000.000000000000000 ) ;
#3094 = ORIENTED_EDGE ( 'NONE', *, *, #1879, .T. ) ;
#3095 = CIRCLE ( 'NONE', #101, 1.500000000000013545 ) ;
#3096 = ADVANCED_FACE ( 'NONE', ( #958 ), #2542, .T. ) ;
#3097 = CARTESIAN_POINT ( 'NONE',  ( -27.50000000000000000, 4.499999999999993783, 4.000000000000000000 ) ) ;
#3098 = DIRECTION ( 'NONE',  ( -1.000000000000000000, -1.892425610156517122E-16, 0.000000000000000000 ) ) ;
#3099 = CONICAL_SURFACE ( 'NONE', #3016, 1.499999999999999556, 0.7853981633974482790 ) ;
#3100 = AXIS2_PLACEMENT_3D ( 'NONE', #3975, #326, #5085 ) ;
#3101 = CARTESIAN_POINT ( 'NONE',  ( 2.645751311064586719, 4.000000000000004441, 7.000000000000000000 ) ) ;
#3102 = ORIENTED_EDGE ( 'NONE', *, *, #2305, .F. ) ;
#3103 = CIRCLE ( 'NONE', #3514, 3.099999999999998757 ) ;
#3104 = VERTEX_POINT ( 'NONE', #4764 ) ;
#3105 = AXIS2_PLACEMENT_3D ( 'NONE', #1098, #5017, #312 ) ;
#3106 = EDGE_CURVE ( 'NONE', #3050, #4137, #2935, .T. ) ;
#3107 = EDGE_CURVE ( 'NONE', #4143, #4246, #3095, .T. ) ;
#3108 = LINE ( 'NONE', #369, #1445 ) ;
#3109 = DIRECTION ( 'NONE',  ( 0.7071067811865463515, -0.7071067811865487940, 0.000000000000000000 ) ) ;
#3110 = AXIS2_PLACEMENT_3D ( 'NONE', #2621, #1837, #1063 ) ;
#3111 = VERTEX_POINT ( 'NONE', #171 ) ;
#3112 = LINE ( 'NONE', #4350, #2822 ) ;
#3113 = VECTOR ( 'NONE', #1850, 1000.000000000000000 ) ;
#3114 = AXIS2_PLACEMENT_3D ( 'NONE', #3299, #986, #1279 ) ;
#3115 = ORIENTED_EDGE ( 'NONE', *, *, #880, .T. ) ;
#3116 = ORIENTED_EDGE ( 'NONE', *, *, #1001, .F. ) ;
#3117 = DIRECTION ( 'NONE',  ( -1.000000000000000000, -1.892425610156517122E-16, -0.000000000000000000 ) ) ;
#3118 = PLANE ( 'NONE',  #341 ) ;
#3119 = EDGE_LOOP ( 'NONE', ( #1172, #1838, #575, #2667 ) ) ;
#3120 = VERTEX_POINT ( 'NONE', #4930 ) ;
#3121 = DIRECTION ( 'NONE',  ( 0.000000000000000000, 0.000000000000000000, -1.000000000000000000 ) ) ;
#3122 = DIRECTION ( 'NONE',  ( -0.7071067811865422437, -8.659560562354868763E-17, -0.7071067811865526798 ) ) ;
#3123 = DIRECTION ( 'NONE',  ( 1.000000000000000000, 1.652117596168388495E-16, 0.000000000000000000 ) ) ;
#3124 = CARTESIAN_POINT ( 'NONE',  ( -14.41421356237309048, -2.585786437626906853, 4.000000000000000000 ) ) ;
#3125 = ORIENTED_EDGE ( 'NONE', *, *, #4149, .F. ) ;
#3126 = CARTESIAN_POINT ( 'NONE',  ( 21.96939473245415186, -11.20992441431226005, 4.900000000000000355 ) ) ;
#3127 = DIRECTION ( 'NONE',  ( -1.000000000000000000, 0.000000000000000000, 0.000000000000000000 ) ) ;
#3128 = CARTESIAN_POINT ( 'NONE',  ( -7.499999999999996447, 3.000000000000002665, -8.000000000000000000 ) ) ;
#3129 = EDGE_LOOP ( 'NONE', ( #3048, #275, #5104, #1663 ) ) ;
#3130 = PLANE ( 'NONE',  #4177 ) ;
#3131 = EDGE_CURVE ( 'NONE', #2716, #2144, #2790, .T. ) ;
#3132 = ORIENTED_EDGE ( 'NONE', *, *, #459, .F. ) ;
#3133 = CARTESIAN_POINT ( 'NONE',  ( 2.750000000000001332, 4.000000000000004441, -1.099999999999999423 ) ) ;
#3134 = CARTESIAN_POINT ( 'NONE',  ( -2.449293598294703456E-16, 4.000000000000001776, 8.000000000000000000 ) ) ;
#3135 = ORIENTED_EDGE ( 'NONE', *, *, #1507, .F. ) ;
#3136 = DIRECTION ( 'NONE',  ( 1.000000000000000000, 1.892425610156517122E-16, 0.000000000000000000 ) ) ;
#3137 = AXIS2_PLACEMENT_3D ( 'NONE', #3874, #4214, #3127 ) ;
#3138 = ADVANCED_FACE ( 'NONE', ( #4131 ), #3567, .F. ) ;
#3139 = EDGE_CURVE ( 'NONE', #4137, #2429, #1592, .T. ) ;
#3140 = ORIENTED_EDGE ( 'NONE', *, *, #1410, .F. ) ;
#3141 = VERTEX_POINT ( 'NONE', #819 ) ;
#3142 = CARTESIAN_POINT ( 'NONE',  ( 10.50000000000000178, -2.999999999999994671, 9.500000000000014211 ) ) ;
#3143 = FACE_OUTER_BOUND ( 'NONE', #4744, .T. ) ;
#3144 = ORIENTED_EDGE ( 'NONE', *, *, #490, .F. ) ;
#3145 = DIRECTION ( 'NONE',  ( 1.338146981832763265E-16, -0.7071067811865475727, 0.7071067811865475727 ) ) ;
#3146 = CARTESIAN_POINT ( 'NONE',  ( 27.50000000000000000, -5.000000000000000888, 4.899999999999999467 ) ) ;
#3147 = DIRECTION ( 'NONE',  ( -1.000000000000000000, -1.892425610156517122E-16, -0.000000000000000000 ) ) ;
#3148 = EDGE_LOOP ( 'NONE', ( #317, #2555, #5066, #1727 ) ) ;
#3149 = CARTESIAN_POINT ( 'NONE',  ( 32.50000000000000000, 0.000000000000000000, 7.250000000000000888 ) ) ;
#3150 = FACE_OUTER_BOUND ( 'NONE', #4306, .T. ) ;
#3151 = CYLINDRICAL_SURFACE ( 'NONE', #2414, 2.200000000000000622 ) ;
#3152 = EDGE_LOOP ( 'NONE', ( #1923, #4768, #3178, #4345, #4698 ) ) ;
#3153 = CARTESIAN_POINT ( 'NONE',  ( -0.2754588163380446986, 4.000000000000001776, 7.999999999999793943 ) ) ;
#3154 = ORIENTED_EDGE ( 'NONE', *, *, #2927, .F. ) ;
#3155 = CARTESIAN_POINT ( 'NONE',  ( 0.000000000000000000, 0.000000000000000000, 10.00000000000000000 ) ) ;
#3156 = EDGE_CURVE ( 'NONE', #464, #2056, #106, .T. ) ;
#3157 = ORIENTED_EDGE ( 'NONE', *, *, #2364, .F. ) ;
#3158 = DIRECTION ( 'NONE',  ( 1.000000000000000000, 1.652117596168388495E-16, 0.000000000000000000 ) ) ;
#3159 = ORIENTED_EDGE ( 'NONE', *, *, #1020, .F. ) ;
#3160 = ADVANCED_FACE ( 'NONE', ( #2151 ), #4347, .T. ) ;
#3161 = ORIENTED_EDGE ( 'NONE', *, *, #2109, .F. ) ;
#3162 = CARTESIAN_POINT ( 'NONE',  ( -9.499999999999994671, -4.499999999999983125, -8.000000000000000000 ) ) ;
#3163 = DIRECTION ( 'NONE',  ( -1.000000000000000000, -1.892425610156517122E-16, -0.000000000000000000 ) ) ;
#3164 = EDGE_LOOP ( 'NONE', ( #152, #3216, #4244, #2066, #1964, #3294 ) ) ;
#3165 = AXIS2_PLACEMENT_3D ( 'NONE', #2561, #4969, #238 ) ;
#3166 = VERTEX_POINT ( 'NONE', #3738 ) ;
#3167 = ADVANCED_FACE ( 'NONE', ( #1762 ), #2399, .F. ) ;
#3168 = EDGE_CURVE ( 'NONE', #3053, #4799, #3103, .T. ) ;
#3169 = CARTESIAN_POINT ( 'NONE',  ( 6.750000000000000888, 3.000000000000004441, -6.000000000000000000 ) ) ;
#3170 = LINE ( 'NONE', #1945, #3260 ) ;
#3171 = CYLINDRICAL_SURFACE ( 'NONE', #2426, 2.149999999999999023 ) ;
#3172 = DIRECTION ( 'NONE',  ( 1.000000000000000000, 1.892425610156517122E-16, 0.000000000000000000 ) ) ;
#3173 = ORIENTED_EDGE ( 'NONE', *, *, #1507, .T. ) ;
#3174 = AXIS2_PLACEMENT_3D ( 'NONE', #955, #4514, #1708 ) ;
#3175 = DIRECTION ( 'NONE',  ( -0.000000000000000000, -0.000000000000000000, -1.000000000000000000 ) ) ;
#3176 = CYLINDRICAL_SURFACE ( 'NONE', #4536, 1.000000000000000000 ) ;
#3177 = LINE ( 'NONE', #5143, #167 ) ;
#3178 = ORIENTED_EDGE ( 'NONE', *, *, #2493, .F. ) ;
#3179 = VECTOR ( 'NONE', #4403, 1000.000000000000000 ) ;
#3180 = FACE_OUTER_BOUND ( 'NONE', #3248, .T. ) ;
#3181 = ORIENTED_EDGE ( 'NONE', *, *, #818, .F. ) ;
#3182 = DIRECTION ( 'NONE',  ( -1.000000000000000000, 0.000000000000000000, 0.000000000000000000 ) ) ;
#3183 = CIRCLE ( 'NONE', #21, 1.000000000000000000 ) ;
#3184 = CARTESIAN_POINT ( 'NONE',  ( -32.00000000000000000, 0.000000000000000000, -10.00000000000000000 ) ) ;
#3185 = DIRECTION ( 'NONE',  ( 1.000000000000000000, -0.000000000000000000, -0.000000000000000000 ) ) ;
#3186 = VECTOR ( 'NONE', #694, 1000.000000000000000 ) ;
#3187 = EDGE_CURVE ( 'NONE', #295, #2448, #1610, .T. ) ;
#3188 = CIRCLE ( 'NONE', #4344, 2.000000000000000000 ) ;
#3189 = VERTEX_POINT ( 'NONE', #3010 ) ;
#3190 = AXIS2_PLACEMENT_3D ( 'NONE', #4688, #760, #4605 ) ;
#3191 = DIRECTION ( 'NONE',  ( 0.000000000000000000, 0.000000000000000000, -1.000000000000000000 ) ) ;
#3192 = AXIS2_PLACEMENT_3D ( 'NONE', #2801, #1636, #3147 ) ;
#3193 = DIRECTION ( 'NONE',  ( 1.000000000000000000, 0.000000000000000000, 0.000000000000000000 ) ) ;
#3194 = EDGE_CURVE ( 'NONE', #3666, #2504, #1023, .T. ) ;
#3195 = ORIENTED_EDGE ( 'NONE', *, *, #1187, .T. ) ;
#3196 = DIRECTION ( 'NONE',  ( 0.7071067811865460184, -8.659560562354913137E-17, 0.7071067811865490160 ) ) ;
#3197 = FACE_BOUND ( 'NONE', #2020, .T. ) ;
#3198 = DIRECTION ( 'NONE',  ( 1.892425610156517122E-16, -1.000000000000000000, -0.000000000000000000 ) ) ;
#3199 = ADVANCED_FACE ( 'NONE', ( #243 ), #4542, .F. ) ;
#3200 = EDGE_CURVE ( 'NONE', #4137, #3494, #2249, .T. ) ;
#3201 = ORIENTED_EDGE ( 'NONE', *, *, #3984, .T. ) ;
#3202 = LINE ( 'NONE', #333, #179 ) ;
#3203 = DIRECTION ( 'NONE',  ( 1.000000000000000000, 0.000000000000000000, 0.000000000000000000 ) ) ;
#3204 = LINE ( 'NONE', #4781, #244 ) ;
#3205 = ORIENTED_EDGE ( 'NONE', *, *, #3317, .T. ) ;
#3206 = CARTESIAN_POINT ( 'NONE',  ( 27.50000000000000000, 4.500000000000002665, 7.749999999999999112 ) ) ;
#3207 = ORIENTED_EDGE ( 'NONE', *, *, #970, .T. ) ;
#3208 = CONICAL_SURFACE ( 'NONE', #4527, 5.000000000000000888, 0.7853981633974482790 ) ;
#3209 = LINE ( 'NONE', #1669, #1682 ) ;
#3210 = LINE ( 'NONE', #4445, #3790 ) ;
#3211 = DIRECTION ( 'NONE',  ( 1.652117596168388495E-16, -1.000000000000000000, -0.000000000000000000 ) ) ;
#3212 = AXIS2_PLACEMENT_3D ( 'NONE', #1561, #3069, #1090 ) ;
#3213 = ORIENTED_EDGE ( 'NONE', *, *, #818, .T. ) ;
#3214 = DIRECTION ( 'NONE',  ( 0.000000000000000000, 0.000000000000000000, 1.000000000000000000 ) ) ;
#3215 = CARTESIAN_POINT ( 'NONE',  ( 29.95802622594304054, -6.215537243668483036, -2.649999999999999911 ) ) ;
#3216 = ORIENTED_EDGE ( 'NONE', *, *, #966, .F. ) ;
#3217 = ORIENTED_EDGE ( 'NONE', *, *, #708, .T. ) ;
#3218 = CARTESIAN_POINT ( 'NONE',  ( 27.50000000000000000, 0.000000000000000000, -7.250000000000004441 ) ) ;
#3219 = EDGE_CURVE ( 'NONE', #5005, #3031, #2962, .T. ) ;
#3220 = DIRECTION ( 'NONE',  ( -0.000000000000000000, -0.000000000000000000, 1.000000000000000000 ) ) ;
#3221 = LINE ( 'NONE', #1141, #5095 ) ;
#3222 = VERTEX_POINT ( 'NONE', #3371 ) ;
#3223 = EDGE_CURVE ( 'NONE', #295, #2174, #3789, .T. ) ;
#3224 = CARTESIAN_POINT ( 'NONE',  ( 21.96939473245415186, -11.20992441431226005, 2.649999999999999911 ) ) ;
#3225 = CARTESIAN_POINT ( 'NONE',  ( -24.40000000000000213, 0.000000000000000000, -5.799999999999999822 ) ) ;
#3226 = DIRECTION ( 'NONE',  ( 0.000000000000000000, -0.7071067811865474617, -0.7071067811865474617 ) ) ;
#3227 = ORIENTED_EDGE ( 'NONE', *, *, #1355, .T. ) ;
#3228 = CARTESIAN_POINT ( 'NONE',  ( -2.449293598294703456E-16, 4.000000000000001776, 8.000000000000000000 ) ) ;
#3229 = ORIENTED_EDGE ( 'NONE', *, *, #4863, .T. ) ;
#3230 = CARTESIAN_POINT ( 'NONE',  ( -36.00000000000003553, 19.00000000000000000, -4.000000000000000000 ) ) ;
#3231 = ADVANCED_FACE ( 'NONE', ( #586 ), #3039, .F. ) ;
#3232 = DIRECTION ( 'NONE',  ( 0.000000000000000000, 0.000000000000000000, -1.000000000000000000 ) ) ;
#3233 = CARTESIAN_POINT ( 'NONE',  ( 2.750000000000001332, 4.000000000000003553, -4.099999999999999645 ) ) ;
#3234 = VERTEX_POINT ( 'NONE', #2280 ) ;
#3235 = CARTESIAN_POINT ( 'NONE',  ( 28.86304900353958658, -12.42546165798074753, 4.900000000000000355 ) ) ;
#3236 = ORIENTED_EDGE ( 'NONE', *, *, #809, .T. ) ;
#3237 = EDGE_LOOP ( 'NONE', ( #287, #1005, #2857, #5063 ) ) ;
#3238 = DIRECTION ( 'NONE',  ( 0.000000000000000000, 1.000000000000000000, 0.000000000000000000 ) ) ;
#3239 = LINE ( 'NONE', #1265, #1839 ) ;
#3240 = DIRECTION ( 'NONE',  ( 0.000000000000000000, 0.000000000000000000, -1.000000000000000000 ) ) ;
#3241 = VECTOR ( 'NONE', #2235, 1000.000000000000000 ) ;
#3242 = CARTESIAN_POINT ( 'NONE',  ( -7.499999999999994671, -4.999999999999997335, 6.000000000000000000 ) ) ;
#3243 = VERTEX_POINT ( 'NONE', #1424 ) ;
#3244 = DIRECTION ( 'NONE',  ( -0.000000000000000000, -0.000000000000000000, -1.000000000000000000 ) ) ;
#3245 = FACE_BOUND ( 'NONE', #977, .T. ) ;
#3246 = VERTEX_POINT ( 'NONE', #3767 ) ;
#3247 = CARTESIAN_POINT ( 'NONE',  ( 12.50000000000000000, 5.000000000000019540, 9.999999999999998224 ) ) ;
#3248 = EDGE_LOOP ( 'NONE', ( #3528, #1643, #3620 ) ) ;
#3249 = CIRCLE ( 'NONE', #4985, 4.499999999999993783 ) ;
#3250 = EDGE_CURVE ( 'NONE', #2500, #506, #4596, .T. ) ;
#3251 = DIRECTION ( 'NONE',  ( 1.000000000000000000, 0.000000000000000000, 0.000000000000000000 ) ) ;
#3252 = LINE ( 'NONE', #453, #4892 ) ;
#3253 = EDGE_CURVE ( 'NONE', #3246, #2550, #2267, .T. ) ;
#3254 = ADVANCED_FACE ( 'NONE', ( #3420 ), #2638, .T. ) ;
#3255 = AXIS2_PLACEMENT_3D ( 'NONE', #3297, #3771, #3375 ) ;
#3256 = AXIS2_PLACEMENT_3D ( 'NONE', #5101, #4734, #1099 ) ;
#3257 = ORIENTED_EDGE ( 'NONE', *, *, #1730, .T. ) ;
#3258 = DIRECTION ( 'NONE',  ( 0.000000000000000000, 1.000000000000000000, 0.000000000000000000 ) ) ;
#3259 = CONICAL_SURFACE ( 'NONE', #520, 2.549999999999996714, 0.7853981633974410625 ) ;
#3260 = VECTOR ( 'NONE', #4749, 1000.000000000000000 ) ;
#3261 = ORIENTED_EDGE ( 'NONE', *, *, #3354, .F. ) ;
#3262 = AXIS2_PLACEMENT_3D ( 'NONE', #471, #2370, #1228 ) ;
#3263 = ORIENTED_EDGE ( 'NONE', *, *, #44, .F. ) ;
#3264 = CIRCLE ( 'NONE', #1026, 2.000000000000000000 ) ;
#3265 = DIRECTION ( 'NONE',  ( 1.000000000000000000, 0.000000000000000000, 0.000000000000000000 ) ) ;
#3266 = AXIS2_PLACEMENT_3D ( 'NONE', #4568, #4281, #247 ) ;
#3267 = FACE_OUTER_BOUND ( 'NONE', #3495, .T. ) ;
#3268 = DIRECTION ( 'NONE',  ( -1.000000000000000000, -1.892425610156517122E-16, -0.000000000000000000 ) ) ;
#3269 = DIRECTION ( 'NONE',  ( 1.000000000000000000, 0.000000000000000000, 0.000000000000000000 ) ) ;
#3270 = VERTEX_POINT ( 'NONE', #643 ) ;
#3271 = CARTESIAN_POINT ( 'NONE',  ( -29.69999999999999929, -2.694222958124179472E-16, 10.00000000000000000 ) ) ;
#3272 = DIRECTION ( 'NONE',  ( -1.000000000000000000, 0.000000000000000000, 0.000000000000000000 ) ) ;
#3273 = CARTESIAN_POINT ( 'NONE',  ( -2.565496994482443061, -0.5674118585899020628, -2.124967828421102656 ) ) ;
#3274 = ORIENTED_EDGE ( 'NONE', *, *, #1288, .F. ) ;
#3275 = CARTESIAN_POINT ( 'NONE',  ( 24.05317286445727731, 0.6077686218342444047, 4.900000000000000355 ) ) ;
#3276 = ORIENTED_EDGE ( 'NONE', *, *, #3253, .F. ) ;
#3277 = DIRECTION ( 'NONE',  ( -1.000000000000000000, 0.000000000000000000, 0.000000000000000000 ) ) ;
#3278 = FACE_OUTER_BOUND ( 'NONE', #1094, .T. ) ;
#3279 = EDGE_CURVE ( 'NONE', #72, #135, #3020, .T. ) ;
#3280 = CIRCLE ( 'NONE', #376, 2.000000000000000000 ) ;
#3281 = VERTEX_POINT ( 'NONE', #2662 ) ;
#3282 = LINE ( 'NONE', #2893, #1348 ) ;
#3283 = CARTESIAN_POINT ( 'NONE',  ( 10.50000000000001599, -4.999999999999993783, 6.000000000000000000 ) ) ;
#3284 = ADVANCED_FACE ( 'NONE', ( #3450 ), #4974, .F. ) ;
#3285 = ADVANCED_FACE ( 'NONE', ( #2592 ), #3933, .T. ) ;
#3286 = ORIENTED_EDGE ( 'NONE', *, *, #1949, .T. ) ;
#3287 = ORIENTED_EDGE ( 'NONE', *, *, #3250, .F. ) ;
#3288 = AXIS2_PLACEMENT_3D ( 'NONE', #4235, #4705, #3098 ) ;
#3289 = LINE ( 'NONE', #3610, #2601 ) ;
#3290 = EDGE_CURVE ( 'NONE', #2429, #4246, #1481, .T. ) ;
#3291 = CONICAL_SURFACE ( 'NONE', #2216, 2.500000000000014211, 0.7853981633974482790 ) ;
#3292 = CARTESIAN_POINT ( 'NONE',  ( -7.499999999999996447, 3.000000000000002665, 8.000000000000000000 ) ) ;
#3293 = DIRECTION ( 'NONE',  ( 0.000000000000000000, 1.000000000000000000, 0.000000000000000000 ) ) ;
#3294 = ORIENTED_EDGE ( 'NONE', *, *, #526, .F. ) ;
#3295 = DIRECTION ( 'NONE',  ( 1.000000000000000000, 0.000000000000000000, 0.000000000000000000 ) ) ;
#3296 = CARTESIAN_POINT ( 'NONE',  ( 8.000000000000001776, -4.999999999999993783, 6.000000000000000000 ) ) ;
#3297 = CARTESIAN_POINT ( 'NONE',  ( 17.30855861669665785, -8.848987126107161316, -2.649999999999999467 ) ) ;
#3298 = ORIENTED_EDGE ( 'NONE', *, *, #4931, .F. ) ;
#3299 = CARTESIAN_POINT ( 'NONE',  ( 25.41622186799687100, -11.81769303614650113, 2.649999999999999911 ) ) ;
#3300 = ORIENTED_EDGE ( 'NONE', *, *, #1729, .F. ) ;
#3301 = CARTESIAN_POINT ( 'NONE',  ( -2.019121505843056052, 0.3550922220667239726, -2.622977938869972991 ) ) ;
#3302 = LINE ( 'NONE', #4982, #3241 ) ;
#3303 = EDGE_CURVE ( 'NONE', #1514, #3310, #801, .T. ) ;
#3304 = DIRECTION ( 'NONE',  ( -1.000000000000000000, -3.469446951953592002E-16, 0.000000000000000000 ) ) ;
#3305 = CARTESIAN_POINT ( 'NONE',  ( 19.00000000000000000, 4.000000000000007105, -3.000000000000000000 ) ) ;
#3306 = VERTEX_POINT ( 'NONE', #2023 ) ;
#3307 = DIRECTION ( 'NONE',  ( 1.000000000000000000, 0.000000000000000000, 0.000000000000000000 ) ) ;
#3308 = PLANE ( 'NONE',  #389 ) ;
#3309 = ORIENTED_EDGE ( 'NONE', *, *, #2577, .F. ) ;
#3310 = VERTEX_POINT ( 'NONE', #433 ) ;
#3311 = EDGE_CURVE ( 'NONE', #635, #455, #3188, .T. ) ;
#3312 =( BOUNDED_CURVE ( )  B_SPLINE_CURVE ( 3, ( #4710, #3936, #2630, #3714 ),
 .UNSPECIFIED., .F., .T. ) 
 B_SPLINE_CURVE_WITH_KNOTS ( ( 4, 4 ),
 ( 3.141592653589793116, 3.864326901403209558 ),
 .UNSPECIFIED. ) 
 CURVE ( )  GEOMETRIC_REPRESENTATION_ITEM ( )  RATIONAL_B_SPLINE_CURVE ( ( 1.000000000000000000, 0.9569428977956567772, 0.9569428977956567772, 1.000000000000000000 ) ) 
 REPRESENTATION_ITEM ( '' )  );
#3313 = CARTESIAN_POINT ( 'NONE',  ( -27.50000000000000000, 0.000000000000000000, 10.00000000000000000 ) ) ;
#3314 = CARTESIAN_POINT ( 'NONE',  ( 11.00000000000000000, 3.000000000000005329, 5.000000000000000000 ) ) ;
#3315 = DIRECTION ( 'NONE',  ( 0.000000000000000000, 0.000000000000000000, 1.000000000000000000 ) ) ;
#3316 = ORIENTED_EDGE ( 'NONE', *, *, #371, .F. ) ;
#3317 = EDGE_CURVE ( 'NONE', #4773, #3802, #695, .T. ) ;
#3318 = DIRECTION ( 'NONE',  ( -1.000000000000000000, -0.000000000000000000, -0.000000000000000000 ) ) ;
#3319 = DIRECTION ( 'NONE',  ( 0.000000000000000000, 0.000000000000000000, 1.000000000000000000 ) ) ;
#3320 = AXIS2_PLACEMENT_3D ( 'NONE', #3463, #2653, #1962 ) ;
#3321 = DIRECTION ( 'NONE',  ( 1.892425610156517122E-16, -1.000000000000000000, 0.000000000000000000 ) ) ;
#3322 = CARTESIAN_POINT ( 'NONE',  ( -2.632988611386004152, 0.2600788314351542008, -2.136993368094948220 ) ) ;
#3323 = LINE ( 'NONE', #590, #513 ) ;
#3324 = ORIENTED_EDGE ( 'NONE', *, *, #2432, .F. ) ;
#3325 = CARTESIAN_POINT ( 'NONE',  ( -50.00000000000000000, -4.499999999999998224, 4.000000000000000000 ) ) ;
#3326 = ORIENTED_EDGE ( 'NONE', *, *, #3290, .F. ) ;
#3327 = VECTOR ( 'NONE', #1324, 1000.000000000000114 ) ;
#3328 = CARTESIAN_POINT ( 'NONE',  ( -2.008007085796303937, -0.4149568359303617560, -2.620572043901136627 ) ) ;
#3329 = DIRECTION ( 'NONE',  ( 0.000000000000000000, 0.000000000000000000, -1.000000000000000000 ) ) ;
#3330 = DIRECTION ( 'NONE',  ( -1.000000000000000000, 0.000000000000000000, 0.000000000000000000 ) ) ;
#3331 = CARTESIAN_POINT ( 'NONE',  ( 1.674992226635364734, 4.000000000000003553, 7.711927794022875204 ) ) ;
#3332 = ORIENTED_EDGE ( 'NONE', *, *, #3131, .T. ) ;
#3333 = DIRECTION ( 'NONE',  ( 1.000000000000000000, 1.892425610156517122E-16, 8.673617379884035472E-17 ) ) ;
#3334 = CARTESIAN_POINT ( 'NONE',  ( 18.00000000000000355, -4.999999999999992006, 5.500000000000013323 ) ) ;
#3335 = VECTOR ( 'NONE', #1143, 1000.000000000000114 ) ;
#3336 = ORIENTED_EDGE ( 'NONE', *, *, #4838, .F. ) ;
#3337 = ORIENTED_EDGE ( 'NONE', *, *, #2875, .T. ) ;
#3338 = DIRECTION ( 'NONE',  ( -1.000000000000000000, -1.892425610156517122E-16, -0.000000000000000000 ) ) ;
#3339 = CIRCLE ( 'NONE', #3593, 1.499999999999986233 ) ;
#3340 = AXIS2_PLACEMENT_3D ( 'NONE', #5054, #1580, #1556 ) ;
#3341 = CARTESIAN_POINT ( 'NONE',  ( 8.000000000000000000, 4.000000000000005329, 6.000000000000000000 ) ) ;
#3342 = CIRCLE ( 'NONE', #1771, 2.049999999999999822 ) ;
#3343 = EDGE_CURVE ( 'NONE', #1876, #745, #1944, .T. ) ;
#3344 = CARTESIAN_POINT ( 'NONE',  ( 32.50000000000000000, 0.000000000000000000, 7.250000000000000888 ) ) ;
#3345 = AXIS2_PLACEMENT_3D ( 'NONE', #1581, #2821, #884 ) ;
#3346 = EDGE_LOOP ( 'NONE', ( #789, #1832, #2661, #649 ) ) ;
#3347 = AXIS2_PLACEMENT_3D ( 'NONE', #3986, #1036, #1809 ) ;
#3348 = DIRECTION ( 'NONE',  ( -1.000000000000000000, 0.000000000000000000, 0.000000000000000000 ) ) ;
#3349 = DIRECTION ( 'NONE',  ( 1.892425610156516875E-16, -1.000000000000000000, 0.000000000000000000 ) ) ;
#3350 = CARTESIAN_POINT ( 'NONE',  ( 4.750000000000002665, -4.499999999999978684, -6.000000000000000000 ) ) ;
#3351 = VECTOR ( 'NONE', #3632, 1000.000000000000114 ) ;
#3352 = DIRECTION ( 'NONE',  ( 1.000000000000000000, 0.000000000000000000, 0.000000000000000000 ) ) ;
#3353 = ADVANCED_FACE ( 'NONE', ( #1190 ), #1533, .F. ) ;
#3354 = EDGE_CURVE ( 'NONE', #2797, #951, #2697, .T. ) ;
#3355 = DIRECTION ( 'NONE',  ( 1.000000000000000000, 0.000000000000000000, 0.000000000000000000 ) ) ;
#3356 = AXIS2_PLACEMENT_3D ( 'NONE', #1891, #224, #2252 ) ;
#3357 = ORIENTED_EDGE ( 'NONE', *, *, #1155, .T. ) ;
#3358 = CARTESIAN_POINT ( 'NONE',  ( -1.808823529411760500, 0.9647058823529488514, -2.600000000000003197 ) ) ;
#3359 = CARTESIAN_POINT ( 'NONE',  ( 11.00000000000000000, 3.000000000000005329, 4.000000000000000000 ) ) ;
#3360 = CARTESIAN_POINT ( 'NONE',  ( -50.00000000000000000, -4.499999999999998224, -4.000000000000000000 ) ) ;
#3361 = DIRECTION ( 'NONE',  ( -1.000000000000000000, -1.776356839400250465E-15, 0.000000000000000000 ) ) ;
#3362 = EDGE_LOOP ( 'NONE', ( #4961, #4267, #892, #2397 ) ) ;
#3363 = DIRECTION ( 'NONE',  ( 1.000000000000000000, 1.892425610156517122E-16, 0.000000000000000000 ) ) ;
#3364 = EDGE_LOOP ( 'NONE', ( #1963, #1961, #1409, #2408 ) ) ;
#3365 = VERTEX_POINT ( 'NONE', #3087 ) ;
#3366 = CARTESIAN_POINT ( 'NONE',  ( -30.59999999999999787, -3.796405077356793932E-16, -5.799999999999999822 ) ) ;
#3367 = CARTESIAN_POINT ( 'NONE',  ( -27.50000000000000000, 5.000000000000000888, -9.500000000000000000 ) ) ;
#3368 = CARTESIAN_POINT ( 'NONE',  ( -0.5176550019362609056, 4.000000000000003553, 7.704947717330271395 ) ) ;
#3369 = ORIENTED_EDGE ( 'NONE', *, *, #844, .F. ) ;
#3370 = EDGE_CURVE ( 'NONE', #3808, #730, #3556, .T. ) ;
#3371 = CARTESIAN_POINT ( 'NONE',  ( 21.96939473245415186, -11.20992441431226005, -2.650000000000000355 ) ) ;
#3372 = CIRCLE ( 'NONE', #3627, 2.500000000000014211 ) ;
#3373 = CARTESIAN_POINT ( 'NONE',  ( 8.000000000000001776, -4.499999999999979572, 6.000000000000000000 ) ) ;
#3374 = CARTESIAN_POINT ( 'NONE',  ( 10.50000000000001599, -4.999999999999993783, -6.000000000000000000 ) ) ;
#3375 = DIRECTION ( 'NONE',  ( 1.000000000000000000, 0.000000000000000000, 0.000000000000000000 ) ) ;
#3376 = DIRECTION ( 'NONE',  ( -1.000000000000000000, 0.000000000000000000, 0.000000000000000000 ) ) ;
#3377 = VERTEX_POINT ( 'NONE', #2409 ) ;
#3378 = ADVANCED_FACE ( 'NONE', ( #1555 ), #3974, .F. ) ;
#3379 = CARTESIAN_POINT ( 'NONE',  ( -2.616402485552644652, -0.3613636018800572280, -2.133830439581592575 ) ) ;
#3380 = PLANE ( 'NONE',  #1997 ) ;
#3381 = ORIENTED_EDGE ( 'NONE', *, *, #1855, .T. ) ;
#3382 = EDGE_CURVE ( 'NONE', #3744, #1418, #4278, .T. ) ;
#3383 = ADVANCED_FACE ( 'NONE', ( #1909 ), #1139, .T. ) ;
#3384 = DIRECTION ( 'NONE',  ( 0.000000000000000000, 0.000000000000000000, -1.000000000000000000 ) ) ;
#3385 = CARTESIAN_POINT ( 'NONE',  ( 0.000000000000000000, 0.000000000000000000, -2.099999999999999645 ) ) ;
#3386 = ORIENTED_EDGE ( 'NONE', *, *, #63, .F. ) ;
#3387 = DIRECTION ( 'NONE',  ( -1.000000000000000000, 0.000000000000000000, 0.000000000000000000 ) ) ;
#3388 = ORIENTED_EDGE ( 'NONE', *, *, #5050, .F. ) ;
#3389 = DIRECTION ( 'NONE',  ( -0.000000000000000000, -0.000000000000000000, -1.000000000000000000 ) ) ;
#3390 = DIRECTION ( 'NONE',  ( -1.652117596168388495E-16, 1.000000000000000000, 0.000000000000000000 ) ) ;
#3391 = CARTESIAN_POINT ( 'NONE',  ( 12.50000000000000000, 5.000000000000019540, -9.999999999999998224 ) ) ;
#3392 = ORIENTED_EDGE ( 'NONE', *, *, #138, .F. ) ;
#3393 = DIRECTION ( 'NONE',  ( 1.000000000000000000, 1.892425610156517122E-16, -8.673617379884035472E-17 ) ) ;
#3394 = CARTESIAN_POINT ( 'NONE',  ( 22.23259738175770295, -9.717228014441795736, 2.649999999999999467 ) ) ;
#3395 = DIRECTION ( 'NONE',  ( 1.000000000000000000, 0.000000000000000000, 0.000000000000000000 ) ) ;
#3396 = DIRECTION ( 'NONE',  ( -1.652117596168388495E-16, 1.000000000000000000, 0.000000000000000000 ) ) ;
#3397 = CARTESIAN_POINT ( 'NONE',  ( -27.50000000000000000, -4.500000000000000888, -10.00000000000000000 ) ) ;
#3398 = ORIENTED_EDGE ( 'NONE', *, *, #2112, .F. ) ;
#3399 = VECTOR ( 'NONE', #1540, 1000.000000000000114 ) ;
#3400 = CARTESIAN_POINT ( 'NONE',  ( -2.029742675112757411, -0.2905079936671730034, -2.625372829686219767 ) ) ;
#3401 = DIRECTION ( 'NONE',  ( 0.000000000000000000, 0.000000000000000000, -1.000000000000000000 ) ) ;
#3402 = ORIENTED_EDGE ( 'NONE', *, *, #5099, .F. ) ;
#3403 = EDGE_CURVE ( 'NONE', #4826, #161, #448, .T. ) ;
#3404 = VECTOR ( 'NONE', #1641, 1000.000000000000000 ) ;
#3405 = CARTESIAN_POINT ( 'NONE',  ( 29.95802622594304054, -6.215537243668483036, -2.649999999999999911 ) ) ;
#3406 = DIRECTION ( 'NONE',  ( -1.000000000000000000, -1.892425610156517122E-16, -0.000000000000000000 ) ) ;
#3407 = ORIENTED_EDGE ( 'NONE', *, *, #4373, .T. ) ;
#3408 = DIRECTION ( 'NONE',  ( 0.000000000000000000, 0.000000000000000000, -1.000000000000000000 ) ) ;
#3409 = EDGE_CURVE ( 'NONE', #2303, #4521, #3999, .T. ) ;
#3410 = EDGE_CURVE ( 'NONE', #2013, #502, #1774, .T. ) ;
#3411 = ORIENTED_EDGE ( 'NONE', *, *, #289, .T. ) ;
#3412 = CIRCLE ( 'NONE', #2498, 2.049999999999999822 ) ;
#3413 = CYLINDRICAL_SURFACE ( 'NONE', #3521, 2.149999999999999023 ) ;
#3414 = AXIS2_PLACEMENT_3D ( 'NONE', #1488, #4628, #3456 ) ;
#3415 = CARTESIAN_POINT ( 'NONE',  ( 28.86304900353958658, -12.42546165798074753, 4.900000000000000355 ) ) ;
#3416 = CARTESIAN_POINT ( 'NONE',  ( -0.8317475723130915988, 4.000000000000003553, 7.535111840817296347 ) ) ;
#3417 = ORIENTED_EDGE ( 'NONE', *, *, #2359, .F. ) ;
#3418 = CONICAL_SURFACE ( 'NONE', #4413, 2.500000000000014211, 0.7853981633974482790 ) ;
#3419 = AXIS2_PLACEMENT_3D ( 'NONE', #5033, #2984, #2181 ) ;
#3420 = FACE_OUTER_BOUND ( 'NONE', #814, .T. ) ;
#3421 = AXIS2_PLACEMENT_3D ( 'NONE', #211, #3780, #4142 ) ;
#3422 = DIRECTION ( 'NONE',  ( -1.892425610156517122E-16, 1.000000000000000000, 0.000000000000000000 ) ) ;
#3423 = CARTESIAN_POINT ( 'NONE',  ( -6.608470384673559898E-16, 4.000000000000003553, 7.000000000000000000 ) ) ;
#3424 = AXIS2_PLACEMENT_3D ( 'NONE', #2441, #3240, #1218 ) ;
#3425 = DIRECTION ( 'NONE',  ( 0.000000000000000000, 0.000000000000000000, -1.000000000000000000 ) ) ;
#3426 = VERTEX_POINT ( 'NONE', #2385 ) ;
#3427 = VECTOR ( 'NONE', #1082, 1000.000000000000000 ) ;
#3428 = CIRCLE ( 'NONE', #4179, 4.500000000000000888 ) ;
#3429 = DIRECTION ( 'NONE',  ( 0.000000000000000000, 0.000000000000000000, -1.000000000000000000 ) ) ;
#3430 = CARTESIAN_POINT ( 'NONE',  ( -2.315971563940693922, 1.107214847735203733, -2.100013562442354598 ) ) ;
#3431 = CIRCLE ( 'NONE', #1777, 3.600000000000012967 ) ;
#3432 = CARTESIAN_POINT ( 'NONE',  ( -27.50000000000000000, 0.000000000000000000, 10.00000000000000000 ) ) ;
#3433 = ORIENTED_EDGE ( 'NONE', *, *, #3893, .F. ) ;
#3434 = EDGE_LOOP ( 'NONE', ( #2310, #2120, #3854, #3658 ) ) ;
#3435 = DIRECTION ( 'NONE',  ( 0.000000000000000000, 0.000000000000000000, -1.000000000000000000 ) ) ;
#3436 = CARTESIAN_POINT ( 'NONE',  ( 8.000000000000001776, -4.499999999999979572, 8.000000000000000000 ) ) ;
#3437 = EDGE_CURVE ( 'NONE', #1229, #3884, #2358, .T. ) ;
#3438 = ORIENTED_EDGE ( 'NONE', *, *, #3200, .F. ) ;
#3439 = CARTESIAN_POINT ( 'NONE',  ( 28.86304900353959368, -12.42546165798074753, 2.649999999999999911 ) ) ;
#3440 = EDGE_LOOP ( 'NONE', ( #2730, #1691, #1159, #1447 ) ) ;
#3441 = ADVANCED_FACE ( 'NONE', ( #3948 ), #2747, .T. ) ;
#3442 = EDGE_CURVE ( 'NONE', #3797, #911, #2391, .T. ) ;
#3443 = ORIENTED_EDGE ( 'NONE', *, *, #1254, .F. ) ;
#3444 = DIRECTION ( 'NONE',  ( 0.1736481776669271115, 0.9848077530122086864, 0.000000000000000000 ) ) ;
#3445 = DIRECTION ( 'NONE',  ( -1.652117596168388495E-16, 1.000000000000000000, 0.000000000000000000 ) ) ;
#3446 = CARTESIAN_POINT ( 'NONE',  ( -2.049999999999999822, -2.510525938252073693E-16, -9.500000000000010658 ) ) ;
#3447 = ORIENTED_EDGE ( 'NONE', *, *, #4430, .T. ) ;
#3448 = CONICAL_SURFACE ( 'NONE', #3049, 1.500000000000013545, 0.7853981633974482790 ) ;
#3449 = EDGE_CURVE ( 'NONE', #74, #190, #2437, .T. ) ;
#3450 = FACE_OUTER_BOUND ( 'NONE', #2809, .T. ) ;
#3451 = DIRECTION ( 'NONE',  ( 0.000000000000000000, 1.000000000000000000, 0.000000000000000000 ) ) ;
#3452 = CARTESIAN_POINT ( 'NONE',  ( 27.50000000000000000, 0.000000000000000000, -7.749999999999999112 ) ) ;
#3453 = CARTESIAN_POINT ( 'NONE',  ( -11.17157287525382259, 5.000000000000004441, -4.500000000000007105 ) ) ;
#3454 = EDGE_LOOP ( 'NONE', ( #1665, #1160, #431, #3462 ) ) ;
#3455 = AXIS2_PLACEMENT_3D ( 'NONE', #2965, #1301, #4566 ) ;
#3456 = DIRECTION ( 'NONE',  ( 1.000000000000000000, 0.000000000000000000, 8.673617379884035472E-17 ) ) ;
#3457 = CARTESIAN_POINT ( 'NONE',  ( -32.00000000000000000, 0.000000000000000000, -10.00000000000000000 ) ) ;
#3458 = DIRECTION ( 'NONE',  ( 1.000000000000000000, 0.000000000000000000, 0.000000000000000000 ) ) ;
#3459 = ORIENTED_EDGE ( 'NONE', *, *, #4461, .F. ) ;
#3460 = VERTEX_POINT ( 'NONE', #3206 ) ;
#3461 = CARTESIAN_POINT ( 'NONE',  ( 8.000000000000000000, 3.000000000000004885, -8.000000000000000000 ) ) ;
#3462 = ORIENTED_EDGE ( 'NONE', *, *, #4172, .T. ) ;
#3463 = CARTESIAN_POINT ( 'NONE',  ( -15.00000000000000000, 5.000000000000014211, 4.000000000000000000 ) ) ;
#3464 = EDGE_CURVE ( 'NONE', #1368, #4444, #861, .T. ) ;
#3465 = ORIENTED_EDGE ( 'NONE', *, *, #2294, .F. ) ;
#3466 = VERTEX_POINT ( 'NONE', #4785 ) ;
#3467 = DIRECTION ( 'NONE',  ( 0.000000000000000000, 0.000000000000000000, -1.000000000000000000 ) ) ;
#3468 = PLANE ( 'NONE',  #3680 ) ;
#3469 = CARTESIAN_POINT ( 'NONE',  ( 12.50000000000000178, -2.999999999999994671, -9.500000000000000000 ) ) ;
#3470 = EDGE_CURVE ( 'NONE', #1133, #3365, #2848, .T. ) ;
#3471 = ORIENTED_EDGE ( 'NONE', *, *, #3059, .F. ) ;
#3472 = DIRECTION ( 'NONE',  ( -0.1736481776669276667, -0.9848077530122085754, -0.000000000000000000 ) ) ;
#3473 = CARTESIAN_POINT ( 'NONE',  ( 10.49999999999999822, 5.000000000000007994, -9.500000000000000000 ) ) ;
#3474 = CARTESIAN_POINT ( 'NONE',  ( 10.50000000000000533, -4.999999999999993783, 9.500000000000014211 ) ) ;
#3475 = CARTESIAN_POINT ( 'NONE',  ( 27.56622186799686958, -11.81769303614650113, 2.649999999999999911 ) ) ;
#3476 = ADVANCED_FACE ( 'NONE', ( #836 ), #3130, .F. ) ;
#3477 = EDGE_CURVE ( 'NONE', #2174, #2550, #2004, .T. ) ;
#3478 = ORIENTED_EDGE ( 'NONE', *, *, #466, .T. ) ;
#3479 = LINE ( 'NONE', #811, #3335 ) ;
#3480 = DIRECTION ( 'NONE',  ( 0.000000000000000000, 0.000000000000000000, -1.000000000000000000 ) ) ;
#3481 = FACE_OUTER_BOUND ( 'NONE', #4263, .T. ) ;
#3482 = ORIENTED_EDGE ( 'NONE', *, *, #2022, .F. ) ;
#3483 = EDGE_LOOP ( 'NONE', ( #486, #418, #1113, #4634 ) ) ;
#3484 = CARTESIAN_POINT ( 'NONE',  ( 20.00000000000000355, -4.499999999999979572, 3.000000000000000000 ) ) ;
#3485 = EDGE_LOOP ( 'NONE', ( #5146, #176, #1675, #4899 ) ) ;
#3486 = LINE ( 'NONE', #3857, #4496 ) ;
#3487 = CIRCLE ( 'NONE', #4313, 2.000000000000000000 ) ;
#3488 = ORIENTED_EDGE ( 'NONE', *, *, #130, .T. ) ;
#3489 = EDGE_LOOP ( 'NONE', ( #52, #710, #1859, #3812 ) ) ;
#3490 = CARTESIAN_POINT ( 'NONE',  ( 12.50000000000000000, 3.000000000000008882, 7.749999999999998224 ) ) ;
#3491 = CARTESIAN_POINT ( 'NONE',  ( 18.00000000000000355, 3.000000000000006661, -3.000000000000000000 ) ) ;
#3492 = AXIS2_PLACEMENT_3D ( 'NONE', #4667, #3913, #3606 ) ;
#3493 = CARTESIAN_POINT ( 'NONE',  ( 30.32677911926509040, -4.124235663839652233, 4.900000000000001243 ) ) ;
#3494 = VERTEX_POINT ( 'NONE', #2829 ) ;
#3495 = EDGE_LOOP ( 'NONE', ( #1286, #4442, #5028, #4707 ) ) ;
#3496 = DIRECTION ( 'NONE',  ( 1.000000000000000000, 1.892425610156517122E-16, 0.000000000000000000 ) ) ;
#3497 = AXIS2_PLACEMENT_3D ( 'NONE', #2702, #3508, #4727 ) ;
#3498 = ADVANCED_FACE ( 'NONE', ( #2758 ), #3539, .T. ) ;
#3499 = PLANE ( 'NONE',  #3100 ) ;
#3500 = FACE_OUTER_BOUND ( 'NONE', #425, .T. ) ;
#3501 = B_SPLINE_SURFACE_WITH_KNOTS ( 'NONE', 1, 3, ( 
 ( #4959, #1329, #4191, #2571, #4085, #4909, #1362, #3698, #2970, #178, #1407, #2190, #521, #3799, #2134, #1773, #967, #2527, #3721, #4112, #3301, #570, #4548, #1719, #227, #128, #2158, #3358 ),
 ( #4160, #2989, #2551, #1014, #206, #988, #594, #3776, #3379, #2602, #626, #1816, #1432, #3022, #915, #2496, #2288, #2234, #3899, #4629, #2312, #651, #732, #1066, #1509, #2625, #3430, #1917 ) ),
 .UNSPECIFIED., .F., .F., .F.,
 ( 2, 2 ),
 ( 4, 2, 2, 2, 2, 2, 2, 2, 2, 2, 2, 2, 2, 4 ),
 ( 0.000000000000000000, 1.000000000000000000 ),
 ( 0.000000000000000000, 0.0003118015259753909594, 0.0006236030519507819187, 0.0007795038149384773442, 0.0009354045779261728781, 0.001091305340913868412, 0.001247206103901563837, 0.001403106866889259263, 0.001559007629876954688, 0.001636958011370802510, 0.001714908392864650331, 0.001870809155852345756, 0.002182610681827736824, 0.002494412207803127675 ),
 .UNSPECIFIED. ) ;
#3502 = DIRECTION ( 'NONE',  ( -1.000000000000000000, -1.892425610156517122E-16, -0.000000000000000000 ) ) ;
#3503 = TOROIDAL_SURFACE ( 'NONE', #1356, 1.000000000000000000, 1.000000000000000000 ) ;
#3504 = VERTEX_POINT ( 'NONE', #3983 ) ;
#3505 = TOROIDAL_SURFACE ( 'NONE', #4253, 3.000000000000000000, 1.000000000000000000 ) ;
#3506 = AXIS2_PLACEMENT_3D ( 'NONE', #3052, #1927, #2317 ) ;
#3507 = ADVANCED_FACE ( 'NONE', ( #3180 ), #1328, .F. ) ;
#3508 = DIRECTION ( 'NONE',  ( -0.000000000000000000, -0.000000000000000000, -1.000000000000000000 ) ) ;
#3509 = LINE ( 'NONE', #2728, #2713 ) ;
#3510 = EDGE_CURVE ( 'NONE', #1229, #2627, #353, .T. ) ;
#3511 = CIRCLE ( 'NONE', #99, 2.000000000000000000 ) ;
#3512 = DIRECTION ( 'NONE',  ( -1.000000000000000000, 0.000000000000000000, 0.000000000000000000 ) ) ;
#3513 = VERTEX_POINT ( 'NONE', #4804 ) ;
#3514 = AXIS2_PLACEMENT_3D ( 'NONE', #2205, #277, #4254 ) ;
#3515 = ORIENTED_EDGE ( 'NONE', *, *, #4332, .F. ) ;
#3516 = CIRCLE ( 'NONE', #1194, 2.200000000000000622 ) ;
#3517 = CARTESIAN_POINT ( 'NONE',  ( -30.59999999999999787, -3.796405077356794918E-16, -5.799999999999999822 ) ) ;
#3518 = CARTESIAN_POINT ( 'NONE',  ( -27.50000000000000000, 0.000000000000000000, 5.799999999999999822 ) ) ;
#3519 = DIRECTION ( 'NONE',  ( 0.7071067811865500152, 0.7071067811865451302, 0.000000000000000000 ) ) ;
#3520 = PLANE ( 'NONE',  #3320 ) ;
#3521 = AXIS2_PLACEMENT_3D ( 'NONE', #611, #1451, #3057 ) ;
#3522 = CIRCLE ( 'NONE', #4842, 0.4999999999999848455 ) ;
#3523 = ORIENTED_EDGE ( 'NONE', *, *, #957, .F. ) ;
#3524 = VERTEX_POINT ( 'NONE', #1739 ) ;
#3525 = CARTESIAN_POINT ( 'NONE',  ( -8.499999999999996447, 3.000000000000001776, 6.000000000000000000 ) ) ;
#3526 = CARTESIAN_POINT ( 'NONE',  ( 25.44999999999999929, -2.510525938252074186E-16, 10.00000000000000000 ) ) ;
#3527 = ORIENTED_EDGE ( 'NONE', *, *, #139, .T. ) ;
#3528 = ORIENTED_EDGE ( 'NONE', *, *, #5091, .T. ) ;
#3529 = CARTESIAN_POINT ( 'NONE',  ( 10.50000000000000533, -4.499999999999993783, -10.00000000000000000 ) ) ;
#3530 = CARTESIAN_POINT ( 'NONE',  ( 27.50000000000000000, 5.000000000000000888, 7.250000000000000888 ) ) ;
#3531 = CARTESIAN_POINT ( 'NONE',  ( -13.00000000000000000, 1.171572875253820367, 4.000000000000000000 ) ) ;
#3532 = CARTESIAN_POINT ( 'NONE',  ( 12.50000000000000000, 3.000000000000008882, -7.749999999999998224 ) ) ;
#3533 = ORIENTED_EDGE ( 'NONE', *, *, #1417, .F. ) ;
#3534 = EDGE_CURVE ( 'NONE', #1291, #1340, #4591, .T. ) ;
#3535 = DIRECTION ( 'NONE',  ( -1.000000000000000000, 0.000000000000000000, 0.000000000000000000 ) ) ;
#3536 = CARTESIAN_POINT ( 'NONE',  ( -1.955882352941172408, -1.043137254901970179, -2.433333333333335347 ) ) ;
#3537 = DIRECTION ( 'NONE',  ( -1.000000000000000000, 0.000000000000000000, 0.000000000000000000 ) ) ;
#3538 = ORIENTED_EDGE ( 'NONE', *, *, #4480, .T. ) ;
#3539 = CYLINDRICAL_SURFACE ( 'NONE', #3262, 2.000000000000000000 ) ;
#3540 = ORIENTED_EDGE ( 'NONE', *, *, #289, .F. ) ;
#3541 = EDGE_CURVE ( 'NONE', #2500, #1901, #1526, .T. ) ;
#3542 = VECTOR ( 'NONE', #833, 1000.000000000000000 ) ;
#3543 = DIRECTION ( 'NONE',  ( 0.000000000000000000, 0.7071067811865474617, -0.7071067811865474617 ) ) ;
#3544 = DIRECTION ( 'NONE',  ( 0.000000000000000000, 0.000000000000000000, 1.000000000000000000 ) ) ;
#3545 = ORIENTED_EDGE ( 'NONE', *, *, #4111, .T. ) ;
#3546 = AXIS2_PLACEMENT_3D ( 'NONE', #2037, #4809, #3277 ) ;
#3547 = DIRECTION ( 'NONE',  ( 1.000000000000000000, 0.000000000000000000, 0.000000000000000000 ) ) ;
#3548 = VECTOR ( 'NONE', #1781, 1000.000000000000000 ) ;
#3549 = ADVANCED_FACE ( 'NONE', ( #175 ), #591, .F. ) ;
#3550 = EDGE_CURVE ( 'NONE', #735, #3377, #2909, .T. ) ;
#3551 = VERTEX_POINT ( 'NONE', #964 ) ;
#3552 = ORIENTED_EDGE ( 'NONE', *, *, #3086, .F. ) ;
#3553 = PLANE ( 'NONE',  #2537 ) ;
#3554 = CARTESIAN_POINT ( 'NONE',  ( -27.50000000000000000, 0.000000000000000000, 10.00000000000000000 ) ) ;
#3555 = ORIENTED_EDGE ( 'NONE', *, *, #3106, .F. ) ;
#3556 = LINE ( 'NONE', #3529, #2024 ) ;
#3557 = CARTESIAN_POINT ( 'NONE',  ( -13.00000000000000000, 1.171572875253820367, -4.000000000000000000 ) ) ;
#3558 = DIRECTION ( 'NONE',  ( 0.000000000000000000, 0.000000000000000000, 1.000000000000000000 ) ) ;
#3559 = FACE_OUTER_BOUND ( 'NONE', #4572, .T. ) ;
#3560 = ORIENTED_EDGE ( 'NONE', *, *, #4448, .F. ) ;
#3561 = FACE_OUTER_BOUND ( 'NONE', #4814, .T. ) ;
#3562 = DIRECTION ( 'NONE',  ( -0.000000000000000000, -0.000000000000000000, -1.000000000000000000 ) ) ;
#3563 = LINE ( 'NONE', #910, #1828 ) ;
#3564 = ORIENTED_EDGE ( 'NONE', *, *, #354, .F. ) ;
#3565 = CARTESIAN_POINT ( 'NONE',  ( -24.40000000000000213, 0.000000000000000000, -9.499999999999989342 ) ) ;
#3566 = ORIENTED_EDGE ( 'NONE', *, *, #2798, .T. ) ;
#3567 = CYLINDRICAL_SURFACE ( 'NONE', #4679, 1.000000000000000000 ) ;
#3568 = CARTESIAN_POINT ( 'NONE',  ( -6.249999999999998224, 4.000000000000002665, -7.000000000000000000 ) ) ;
#3569 = ADVANCED_FACE ( 'NONE', ( #4522 ), #4829, .F. ) ;
#3570 = ORIENTED_EDGE ( 'NONE', *, *, #2639, .T. ) ;
#3571 = VECTOR ( 'NONE', #3136, 1000.000000000000000 ) ;
#3572 = VERTEX_POINT ( 'NONE', #2106 ) ;
#3573 = CARTESIAN_POINT ( 'NONE',  ( -2.315965748240584432, -1.107223276225704378, -2.100012909718755427 ) ) ;
#3574 = EDGE_CURVE ( 'NONE', #1377, #1747, #525, .T. ) ;
#3575 = EDGE_CURVE ( 'NONE', #2429, #1902, #2029, .T. ) ;
#3576 = DIRECTION ( 'NONE',  ( 1.000000000000000000, 0.000000000000000000, 0.000000000000000000 ) ) ;
#3577 = ORIENTED_EDGE ( 'NONE', *, *, #3731, .F. ) ;
#3578 = CIRCLE ( 'NONE', #3997, 4.499999999999993783 ) ;
#3579 = ORIENTED_EDGE ( 'NONE', *, *, #3187, .F. ) ;
#3580 = DIRECTION ( 'NONE',  ( -0.000000000000000000, -0.000000000000000000, 1.000000000000000000 ) ) ;
#3581 = FACE_OUTER_BOUND ( 'NONE', #234, .T. ) ;
#3582 = CARTESIAN_POINT ( 'NONE',  ( 22.23259738175770295, -9.717228014441795736, 4.900000000000000355 ) ) ;
#3583 = LINE ( 'NONE', #4305, #612 ) ;
#3584 = ORIENTED_EDGE ( 'NONE', *, *, #4232, .T. ) ;
#3585 = CONICAL_SURFACE ( 'NONE', #4818, 5.000000000000000888, 0.7853981633974482790 ) ;
#3586 = LINE ( 'NONE', #731, #4164 ) ;
#3587 = CARTESIAN_POINT ( 'NONE',  ( -27.50000000000000000, 0.000000000000000000, 9.500000000000014211 ) ) ;
#3588 = LINE ( 'NONE', #469, #3404 ) ;
#3589 = EDGE_LOOP ( 'NONE', ( #2690, #1497, #1940, #907 ) ) ;
#3590 = AXIS2_PLACEMENT_3D ( 'NONE', #4365, #2783, #3535 ) ;
#3591 = CARTESIAN_POINT ( 'NONE',  ( 0.000000000000000000, 0.000000000000000000, -10.00000000000000000 ) ) ;
#3592 = EDGE_LOOP ( 'NONE', ( #1413, #3094, #722, #162 ) ) ;
#3593 = AXIS2_PLACEMENT_3D ( 'NONE', #4645, #669, #702 ) ;
#3594 = CARTESIAN_POINT ( 'NONE',  ( -5.249999999999998224, 3.000000000000002665, 0.000000000000000000 ) ) ;
#3595 = CIRCLE ( 'NONE', #1104, 1.000000000000000888 ) ;
#3596 = CARTESIAN_POINT ( 'NONE',  ( 8.000000000000000000, 4.000000000000005329, 8.000000000000000000 ) ) ;
#3597 = AXIS2_PLACEMENT_3D ( 'NONE', #737, #2734, #4315 ) ;
#3598 = CARTESIAN_POINT ( 'NONE',  ( -2.032017092265093972, 0.2717570785243623721, -2.625913251626640132 ) ) ;
#3599 = TOROIDAL_SURFACE ( 'NONE', #1437, 1.000000000000000000, 1.000000000000000000 ) ;
#3600 = AXIS2_PLACEMENT_3D ( 'NONE', #1888, #1456, #1006 ) ;
#3601 = ADVANCED_FACE ( 'NONE', ( #2863 ), #4490, .F. ) ;
#3602 = ORIENTED_EDGE ( 'NONE', *, *, #719, .T. ) ;
#3603 = CONICAL_SURFACE ( 'NONE', #1276, 4.500000000000000888, 0.7853981633974482790 ) ;
#3604 = DIRECTION ( 'NONE',  ( 0.000000000000000000, 0.000000000000000000, -1.000000000000000000 ) ) ;
#3605 = VECTOR ( 'NONE', #3772, 1000.000000000000000 ) ;
#3606 = DIRECTION ( 'NONE',  ( 1.000000000000000000, 0.000000000000000000, 0.000000000000000000 ) ) ;
#3607 = ORIENTED_EDGE ( 'NONE', *, *, #263, .F. ) ;
#3608 = ORIENTED_EDGE ( 'NONE', *, *, #1820, .T. ) ;
#3609 = EDGE_CURVE ( 'NONE', #730, #3751, #1357, .T. ) ;
#3610 = CARTESIAN_POINT ( 'NONE',  ( -30.59999999999999787, 0.000000000000000000, 5.799999999999999822 ) ) ;
#3611 = SHAPE_DEFINITION_REPRESENTATION ( #1341, #207 ) ;
#3612 = DIRECTION ( 'NONE',  ( -7.248296151594100354E-17, 0.7071067811865463515, -0.7071067811865487940 ) ) ;
#3613 = CARTESIAN_POINT ( 'NONE',  ( 4.750000000000002665, -4.499999999999978684, -8.000000000000000000 ) ) ;
#3614 = ORIENTED_EDGE ( 'NONE', *, *, #639, .T. ) ;
#3615 = EDGE_CURVE ( 'NONE', #120, #1313, #2185, .T. ) ;
#3616 = EDGE_CURVE ( 'NONE', #879, #4772, #4683, .T. ) ;
#3617 = CARTESIAN_POINT ( 'NONE',  ( 11.00000000000000178, -4.999999999999993783, 6.000000000000000000 ) ) ;
#3618 = CARTESIAN_POINT ( 'NONE',  ( -12.99999999999999822, -1.171572875253809709, -4.000000000000000000 ) ) ;
#3619 = CYLINDRICAL_SURFACE ( 'NONE', #5, 2.049999999999999822 ) ;
#3620 = ORIENTED_EDGE ( 'NONE', *, *, #4202, .T. ) ;
#3621 = CARTESIAN_POINT ( 'NONE',  ( -1.779970493665680831, 3.590684740708467437, 7.999999997798518336 ) ) ;
#3622 = ORIENTED_EDGE ( 'NONE', *, *, #3168, .F. ) ;
#3623 = AXIS2_PLACEMENT_3D ( 'NONE', #59, #1312, #2894 ) ;
#3624 = CARTESIAN_POINT ( 'NONE',  ( 12.50000000000000178, -2.999999999999994671, 9.999999999999998224 ) ) ;
#3625 = CARTESIAN_POINT ( 'NONE',  ( 8.000000000000001776, -4.999999999999993783, -8.500000000000014211 ) ) ;
#3626 = FACE_OUTER_BOUND ( 'NONE', #2485, .T. ) ;
#3627 = AXIS2_PLACEMENT_3D ( 'NONE', #3296, #3741, #4853 ) ;
#3628 = ORIENTED_EDGE ( 'NONE', *, *, #1510, .T. ) ;
#3629 = DIRECTION ( 'NONE',  ( -0.000000000000000000, -0.000000000000000000, 1.000000000000000000 ) ) ;
#3630 = ORIENTED_EDGE ( 'NONE', *, *, #2294, .T. ) ;
#3631 = ORIENTED_EDGE ( 'NONE', *, *, #1455, .T. ) ;
#3632 = DIRECTION ( 'NONE',  ( 0.000000000000000000, 0.7071067811865474617, -0.7071067811865474617 ) ) ;
#3633 = DIRECTION ( 'NONE',  ( 1.000000000000000000, 0.000000000000000000, 0.000000000000000000 ) ) ;
#3634 = DIRECTION ( 'NONE',  ( 0.000000000000000000, 0.000000000000000000, -1.000000000000000000 ) ) ;
#3635 = EDGE_CURVE ( 'NONE', #3166, #394, #1692, .T. ) ;
#3636 = DIRECTION ( 'NONE',  ( -0.000000000000000000, -1.000000000000000000, 0.000000000000000000 ) ) ;
#3637 = VERTEX_POINT ( 'NONE', #4468 ) ;
#3638 = DIRECTION ( 'NONE',  ( -1.000000000000000000, 0.000000000000000000, 0.000000000000000000 ) ) ;
#3639 = DIRECTION ( 'NONE',  ( -0.000000000000000000, -0.000000000000000000, 1.000000000000000000 ) ) ;
#3640 = FACE_OUTER_BOUND ( 'NONE', #1278, .T. ) ;
#3641 = EDGE_CURVE ( 'NONE', #2200, #5022, #3745, .T. ) ;
#3642 = ORIENTED_EDGE ( 'NONE', *, *, #4643, .T. ) ;
#3643 = EDGE_CURVE ( 'NONE', #2085, #74, #891, .T. ) ;
#3644 = CARTESIAN_POINT ( 'NONE',  ( -1.074595307949312017, 3.862240854453392380, 7.999999999049777877 ) ) ;
#3645 = EDGE_LOOP ( 'NONE', ( #2792, #1373, #2726, #3236, #1992, #928, #1603, #3459 ) ) ;
#3646 = CARTESIAN_POINT ( 'NONE',  ( 27.50000000000000000, 0.000000000000000000, 10.00000000000000000 ) ) ;
#3647 = DIRECTION ( 'NONE',  ( -1.000000000000000000, 0.000000000000000000, 0.000000000000000000 ) ) ;
#3648 = CARTESIAN_POINT ( 'NONE',  ( -2.029107511035072253, 0.2926907015141525514, -2.625234195628268541 ) ) ;
#3649 = EDGE_LOOP ( 'NONE', ( #1975, #306, #709, #3718 ) ) ;
#3650 = CARTESIAN_POINT ( 'NONE',  ( 11.00000000000000178, -4.499999999999979572, 5.000000000000000000 ) ) ;
#3651 = ORIENTED_EDGE ( 'NONE', *, *, #3817, .F. ) ;
#3652 = EDGE_LOOP ( 'NONE', ( #1714, #481, #501, #345 ) ) ;
#3653 = DIRECTION ( 'NONE',  ( -0.000000000000000000, -0.000000000000000000, 1.000000000000000000 ) ) ;
#3654 = CARTESIAN_POINT ( 'NONE',  ( -27.50000000000000000, -5.000000000000000888, -7.249999999999994671 ) ) ;
#3655 = FACE_OUTER_BOUND ( 'NONE', #3485, .T. ) ;
#3656 = VECTOR ( 'NONE', #764, 1000.000000000000000 ) ;
#3657 = CARTESIAN_POINT ( 'NONE',  ( 27.50000000000000000, 0.000000000000000000, -10.00000000000000000 ) ) ;
#3658 = ORIENTED_EDGE ( 'NONE', *, *, #5050, .T. ) ;
#3659 = ADVANCED_FACE ( 'NONE', ( #3665 ), #2472, .F. ) ;
#3660 = CARTESIAN_POINT ( 'NONE',  ( -2.249999999999998668, 3.000000000000003109, -2.099999999999999645 ) ) ;
#3661 = LINE ( 'NONE', #1639, #4327 ) ;
#3662 = CARTESIAN_POINT ( 'NONE',  ( -27.50000000000000000, 5.000000000000000888, 9.500000000000014211 ) ) ;
#3663 = CARTESIAN_POINT ( 'NONE',  ( 30.94682713554271913, -0.6077686218342441826, -4.900000000000000355 ) ) ;
#3664 = EDGE_LOOP ( 'NONE', ( #1578, #2222 ) ) ;
#3665 = FACE_OUTER_BOUND ( 'NONE', #1753, .T. ) ;
#3666 = VERTEX_POINT ( 'NONE', #2078 ) ;
#3667 = VECTOR ( 'NONE', #2381, 1000.000000000000000 ) ;
#3668 = EDGE_CURVE ( 'NONE', #3243, #1571, #98, .T. ) ;
#3669 = EDGE_CURVE ( 'NONE', #2550, #3246, #3431, .T. ) ;
#3670 = CARTESIAN_POINT ( 'NONE',  ( -1.848596995262703491, -0.8901206730441924009, -2.600009682289069257 ) ) ;
#3671 = CARTESIAN_POINT ( 'NONE',  ( -1.943166455133505499, 0.6584406401850463331, -2.608868344421867214 ) ) ;
#3672 = VECTOR ( 'NONE', #750, 1000.000000000000000 ) ;
#3673 = AXIS2_PLACEMENT_3D ( 'NONE', #701, #435, #3633 ) ;
#3674 = EDGE_CURVE ( 'NONE', #3551, #3270, #3871, .T. ) ;
#3675 = AXIS2_PLACEMENT_3D ( 'NONE', #3594, #3319, #4039 ) ;
#3676 = ORIENTED_EDGE ( 'NONE', *, *, #1055, .F. ) ;
#3677 = AXIS2_PLACEMENT_3D ( 'NONE', #1803, #2997, #1048 ) ;
#3678 = DIRECTION ( 'NONE',  ( 0.000000000000000000, 0.000000000000000000, -1.000000000000000000 ) ) ;
#3679 = DIRECTION ( 'NONE',  ( -1.000000000000000000, -1.892425610156517122E-16, -0.000000000000000000 ) ) ;
#3680 = AXIS2_PLACEMENT_3D ( 'NONE', #5049, #2246, #3082 ) ;
#3681 = VECTOR ( 'NONE', #3163, 1000.000000000000000 ) ;
#3682 = EDGE_LOOP ( 'NONE', ( #2902, #3651 ) ) ;
#3683 = AXIS2_PLACEMENT_3D ( 'NONE', #2983, #2565, #700 ) ;
#3684 = ORIENTED_EDGE ( 'NONE', *, *, #1309, .F. ) ;
#3685 = VECTOR ( 'NONE', #1532, 1000.000000000000000 ) ;
#3686 = FACE_OUTER_BOUND ( 'NONE', #4032, .T. ) ;
#3687 = VECTOR ( 'NONE', #3066, 1000.000000000000000 ) ;
#3688 = CARTESIAN_POINT ( 'NONE',  ( -32.50000000000000000, 0.000000000000000000, -4.500000000000007105 ) ) ;
#3689 = CARTESIAN_POINT ( 'NONE',  ( -4.249999999999998224, 4.000000000000002665, -6.000000000000000000 ) ) ;
#3690 = VERTEX_POINT ( 'NONE', #3475 ) ;
#3691 = DIRECTION ( 'NONE',  ( -1.000000000000000000, 0.000000000000000000, 0.000000000000000000 ) ) ;
#3692 = DIRECTION ( 'NONE',  ( -1.000000000000000000, 0.000000000000000000, 0.000000000000000000 ) ) ;
#3693 = DIRECTION ( 'NONE',  ( -1.000000000000000000, 0.000000000000000000, 0.000000000000000000 ) ) ;
#3694 = ORIENTED_EDGE ( 'NONE', *, *, #2080, .T. ) ;
#3695 = DIRECTION ( 'NONE',  ( 1.000000000000000000, 1.892425610156517122E-16, -8.673617379884035472E-17 ) ) ;
#3696 = ADVANCED_FACE ( 'NONE', ( #4257 ), #4511, .T. ) ;
#3697 = EDGE_LOOP ( 'NONE', ( #3930, #4968, #4135, #1188 ) ) ;
#3698 = CARTESIAN_POINT ( 'NONE',  ( -2.023381919025519338, -0.3319720039210046214, -2.623902516099290594 ) ) ;
#3699 = CARTESIAN_POINT ( 'NONE',  ( -12.49444853078622586, -4.499999999999991118, 4.000000000000000000 ) ) ;
#3700 = EDGE_CURVE ( 'NONE', #3744, #2732, #867, .T. ) ;
#3701 = FACE_OUTER_BOUND ( 'NONE', #4074, .T. ) ;
#3702 = CARTESIAN_POINT ( 'NONE',  ( 2.645751311064586719, 3.000000000000004441, 8.000000000000000000 ) ) ;
#3703 = VERTEX_POINT ( 'NONE', #4600 ) ;
#3704 = CARTESIAN_POINT ( 'NONE',  ( 8.000000000000000000, 3.000000000000004885, 8.000000000000000000 ) ) ;
#3705 = LINE ( 'NONE', #1287, #540 ) ;
#3706 = EDGE_CURVE ( 'NONE', #5115, #1418, #784, .T. ) ;
#3707 = ORIENTED_EDGE ( 'NONE', *, *, #770, .F. ) ;
#3708 = ORIENTED_EDGE ( 'NONE', *, *, #2332, .F. ) ;
#3709 = CARTESIAN_POINT ( 'NONE',  ( 18.00000000000000355, -4.499999999999979572, 3.000000000000000000 ) ) ;
#3710 = DIRECTION ( 'NONE',  ( -0.000000000000000000, -0.000000000000000000, 1.000000000000000000 ) ) ;
#3711 = AXIS2_PLACEMENT_3D ( 'NONE', #114, #2816, #4867 ) ;
#3712 = DIRECTION ( 'NONE',  ( -1.652117596168388495E-16, 1.000000000000000000, 0.000000000000000000 ) ) ;
#3713 = EDGE_LOOP ( 'NONE', ( #2892, #4167, #2580, #218 ) ) ;
#3714 = CARTESIAN_POINT ( 'NONE',  ( 11.82287565553229491, 4.500000000000007105, 7.749999999999998224 ) ) ;
#3715 = CARTESIAN_POINT ( 'NONE',  ( 4.750000000000000888, 3.000000000000004441, -6.000000000000000000 ) ) ;
#3716 = CARTESIAN_POINT ( 'NONE',  ( 25.41622186799687100, -11.81769303614650113, 4.900000000000000355 ) ) ;
#3717 = DIRECTION ( 'NONE',  ( 1.892425610156517122E-16, -1.000000000000000000, 0.000000000000000000 ) ) ;
#3718 = ORIENTED_EDGE ( 'NONE', *, *, #459, .T. ) ;
#3719 = DIRECTION ( 'NONE',  ( -0.000000000000000000, -0.000000000000000000, 1.000000000000000000 ) ) ;
#3720 = ORIENTED_EDGE ( 'NONE', *, *, #2553, .F. ) ;
#3721 = CARTESIAN_POINT ( 'NONE',  ( -2.029107511035072253, 0.2926907015141525514, -2.625234195628268541 ) ) ;
#3722 = CARTESIAN_POINT ( 'NONE',  ( 9.000000000000000000, 3.000000000000005329, -6.000000000000000000 ) ) ;
#3723 = DIRECTION ( 'NONE',  ( -1.000000000000000000, -1.892425610156517122E-16, -0.000000000000000000 ) ) ;
#3724 = LINE ( 'NONE', #3804, #4171 ) ;
#3725 = EDGE_CURVE ( 'NONE', #3306, #808, #5035, .T. ) ;
#3726 = EDGE_LOOP ( 'NONE', ( #3324, #3891 ) ) ;
#3727 = CARTESIAN_POINT ( 'NONE',  ( -7.499999999999994671, -4.499999999999983125, 6.000000000000000000 ) ) ;
#3728 = DIRECTION ( 'NONE',  ( 0.7071067811865500152, 0.7071067811865450192, 0.000000000000000000 ) ) ;
#3729 = EDGE_LOOP ( 'NONE', ( #5120, #2379, #4636, #3488 ) ) ;
#3730 = ORIENTED_EDGE ( 'NONE', *, *, #4775, .T. ) ;
#3731 = EDGE_CURVE ( 'NONE', #3504, #735, #1039, .T. ) ;
#3732 = ADVANCED_FACE ( 'NONE', ( #1867 ), #5010, .F. ) ;
#3733 = ORIENTED_EDGE ( 'NONE', *, *, #2515, .T. ) ;
#3734 = LINE ( 'NONE', #2979, #1529 ) ;
#3735 = CARTESIAN_POINT ( 'NONE',  ( -11.66418797473044044, -4.999999999999998224, 4.500000000000007994 ) ) ;
#3736 = CARTESIAN_POINT ( 'NONE',  ( -27.50000000000000000, 4.499999999999993783, -4.000000000000000000 ) ) ;
#3737 = ORIENTED_EDGE ( 'NONE', *, *, #2403, .T. ) ;
#3738 = CARTESIAN_POINT ( 'NONE',  ( -27.50000000000000000, 5.000000000000000888, 4.500000000000007105 ) ) ;
#3739 = AXIS2_PLACEMENT_3D ( 'NONE', #2475, #496, #1697 ) ;
#3740 = FACE_OUTER_BOUND ( 'NONE', #3483, .T. ) ;
#3741 = DIRECTION ( 'NONE',  ( 1.892425610156517122E-16, -1.000000000000000000, -0.000000000000000000 ) ) ;
#3742 = APPLICATION_CONTEXT ( 'automotive_design' ) ;
#3743 = CARTESIAN_POINT ( 'NONE',  ( 4.000000000000000888, -4.898587196589413815E-16, 10.00000000000000000 ) ) ;
#3744 = VERTEX_POINT ( 'NONE', #2231 ) ;
#3745 = LINE ( 'NONE', #4443, #2603 ) ;
#3746 = ORIENTED_EDGE ( 'NONE', *, *, #4295, .F. ) ;
#3747 = CARTESIAN_POINT ( 'NONE',  ( 11.00000000000000000, 3.000000000000005329, 5.000000000000000000 ) ) ;
#3748 = DIRECTION ( 'NONE',  ( 1.892425610156517122E-16, -1.000000000000000000, 0.000000000000000000 ) ) ;
#3749 = AXIS2_PLACEMENT_3D ( 'NONE', #2853, #2094, #4049 ) ;
#3750 = CARTESIAN_POINT ( 'NONE',  ( 0.000000000000000000, 0.000000000000000000, 8.000000000000000000 ) ) ;
#3751 = VERTEX_POINT ( 'NONE', #2283 ) ;
#3752 = LINE ( 'NONE', #160, #715 ) ;
#3753 = VECTOR ( 'NONE', #3268, 1000.000000000000000 ) ;
#3754 = CIRCLE ( 'NONE', #596, 2.000000000000000000 ) ;
#3755 = EDGE_CURVE ( 'NONE', #1313, #1571, #4183, .T. ) ;
#3756 = ORIENTED_EDGE ( 'NONE', *, *, #3317, .F. ) ;
#3757 = AXIS2_PLACEMENT_3D ( 'NONE', #420, #2036, #3348 ) ;
#3758 = DIRECTION ( 'NONE',  ( 0.000000000000000000, 0.000000000000000000, 1.000000000000000000 ) ) ;
#3759 = CIRCLE ( 'NONE', #3345, 2.549999999999996714 ) ;
#3760 = DIRECTION ( 'NONE',  ( 1.000000000000000000, 0.000000000000000000, 0.000000000000000000 ) ) ;
#3761 = AXIS2_PLACEMENT_3D ( 'NONE', #5007, #3813, #618 ) ;
#3762 = CARTESIAN_POINT ( 'NONE',  ( -1.044078701175617852, 4.000000000000002665, 7.427789332883999229 ) ) ;
#3763 = EDGE_CURVE ( 'NONE', #3426, #3765, #4212, .T. ) ;
#3764 = VECTOR ( 'NONE', #1316, 1000.000000000000114 ) ;
#3765 = VERTEX_POINT ( 'NONE', #1086 ) ;
#3766 = AXIS2_PLACEMENT_3D ( 'NONE', #670, #2666, #281 ) ;
#3767 = CARTESIAN_POINT ( 'NONE',  ( -31.10000000000001208, -4.408728476930487422E-16, -10.00000000000000000 ) ) ;
#3768 = LINE ( 'NONE', #4565, #1679 ) ;
#3769 = DIRECTION ( 'NONE',  ( 0.000000000000000000, 0.000000000000000000, -1.000000000000000000 ) ) ;
#3770 = AXIS2_PLACEMENT_3D ( 'NONE', #4247, #1397, #4224 ) ;
#3771 = DIRECTION ( 'NONE',  ( 0.000000000000000000, 0.000000000000000000, -1.000000000000000000 ) ) ;
#3772 = DIRECTION ( 'NONE',  ( -1.000000000000000000, -1.652117596168388495E-16, -0.000000000000000000 ) ) ;
#3773 = CONICAL_SURFACE ( 'NONE', #1531, 2.500000000000014211, 0.7853981633974482790 ) ;
#3774 = EDGE_CURVE ( 'NONE', #3426, #2895, #4925, .T. ) ;
#3775 = ORIENTED_EDGE ( 'NONE', *, *, #3449, .T. ) ;
#3776 = CARTESIAN_POINT ( 'NONE',  ( -2.605852938871706659, -0.4129407853646910875, -2.131870021465773313 ) ) ;
#3777 = FACE_OUTER_BOUND ( 'NONE', #2683, .T. ) ;
#3778 = ORIENTED_EDGE ( 'NONE', *, *, #1912, .F. ) ;
#3779 = CARTESIAN_POINT ( 'NONE',  ( 27.50000000000000000, 0.000000000000000000, 7.749999999999999112 ) ) ;
#3780 = DIRECTION ( 'NONE',  ( 0.000000000000000000, 0.000000000000000000, -1.000000000000000000 ) ) ;
#3781 = ORIENTED_EDGE ( 'NONE', *, *, #1455, .F. ) ;
#3782 = DIRECTION ( 'NONE',  ( 1.000000000000000000, 1.892425610156517122E-16, 0.000000000000000000 ) ) ;
#3783 = ORIENTED_EDGE ( 'NONE', *, *, #3449, .F. ) ;
#3784 = CARTESIAN_POINT ( 'NONE',  ( -11.17157287525382259, 3.000000000000003997, 4.000000000000000000 ) ) ;
#3785 = ADVANCED_FACE ( 'NONE', ( #4230 ), #5056, .F. ) ;
#3786 = CARTESIAN_POINT ( 'NONE',  ( -11.66418797473045643, 5.000000000000004441, 4.500000000000004441 ) ) ;
#3787 = CARTESIAN_POINT ( 'NONE',  ( 8.000000000000000000, 4.000000000000005329, 7.000000000000000000 ) ) ;
#3788 = EDGE_LOOP ( 'NONE', ( #3816, #658, #5130, #3207 ) ) ;
#3789 = LINE ( 'NONE', #982, #2769 ) ;
#3790 = VECTOR ( 'NONE', #841, 1000.000000000000000 ) ;
#3791 = ADVANCED_FACE ( 'NONE', ( #2211 ), #3796, .F. ) ;
#3792 = VECTOR ( 'NONE', #3562, 1000.000000000000000 ) ;
#3793 = CARTESIAN_POINT ( 'NONE',  ( -27.50000000000000000, 5.000000000000000888, 9.500000000000014211 ) ) ;
#3794 = DIRECTION ( 'NONE',  ( -0.000000000000000000, -0.000000000000000000, -1.000000000000000000 ) ) ;
#3795 = CARTESIAN_POINT ( 'NONE',  ( 2.750000000000001332, 3.000000000000004441, -4.099999999999999645 ) ) ;
#3796 = CYLINDRICAL_SURFACE ( 'NONE', #3766, 3.099999999999998757 ) ;
#3797 = VERTEX_POINT ( 'NONE', #3453 ) ;
#3798 = EDGE_CURVE ( 'NONE', #956, #3985, #1429, .T. ) ;
#3799 = CARTESIAN_POINT ( 'NONE',  ( -2.049988555502728627, 0.04221311994630862208, -2.630303252169589268 ) ) ;
#3800 = EDGE_CURVE ( 'NONE', #5115, #2732, #3092, .T. ) ;
#3801 = CARTESIAN_POINT ( 'NONE',  ( -9.499999999999996447, 4.000000000000001776, -8.000000000000000000 ) ) ;
#3802 = VERTEX_POINT ( 'NONE', #1011 ) ;
#3803 = DIRECTION ( 'NONE',  ( 1.892425610156517122E-16, -1.000000000000000000, -0.000000000000000000 ) ) ;
#3804 = CARTESIAN_POINT ( 'NONE',  ( -27.50000000000000000, -5.000000000000000888, -9.500000000000000000 ) ) ;
#3805 = ORIENTED_EDGE ( 'NONE', *, *, #3541, .F. ) ;
#3806 = DIRECTION ( 'NONE',  ( -1.000000000000000000, -1.892425610156517122E-16, 0.000000000000000000 ) ) ;
#3807 = EDGE_LOOP ( 'NONE', ( #446, #2802, #2535, #3081 ) ) ;
#3808 = VERTEX_POINT ( 'NONE', #3397 ) ;
#3809 = DIRECTION ( 'NONE',  ( 1.000000000000000000, 0.000000000000000000, 0.000000000000000000 ) ) ;
#3810 = CARTESIAN_POINT ( 'NONE',  ( 10.50000000000000533, -4.500000000000007105, 10.00000000000000000 ) ) ;
#3811 = FACE_OUTER_BOUND ( 'NONE', #225, .T. ) ;
#3812 = ORIENTED_EDGE ( 'NONE', *, *, #2865, .F. ) ;
#3813 = DIRECTION ( 'NONE',  ( 1.652117596168388495E-16, -1.000000000000000000, -0.000000000000000000 ) ) ;
#3814 = CARTESIAN_POINT ( 'NONE',  ( 17.30855861669665785, -8.848987126107161316, 4.899999999999999467 ) ) ;
#3815 = DIRECTION ( 'NONE',  ( 0.000000000000000000, 0.000000000000000000, 1.000000000000000000 ) ) ;
#3816 = ORIENTED_EDGE ( 'NONE', *, *, #2203, .F. ) ;
#3817 = EDGE_CURVE ( 'NONE', #2655, #2675, #1937, .T. ) ;
#3818 = CIRCLE ( 'NONE', #4655, 2.149999999999999023 ) ;
#3819 = CARTESIAN_POINT ( 'NONE',  ( 2.750000000000002665, -4.499999999999980460, -4.099999999999999645 ) ) ;
#3820 = FACE_OUTER_BOUND ( 'NONE', #1214, .T. ) ;
#3821 = CYLINDRICAL_SURFACE ( 'NONE', #4733, 2.000000000000000000 ) ;
#3822 = ORIENTED_EDGE ( 'NONE', *, *, #2553, .T. ) ;
#3823 = AXIS2_PLACEMENT_3D ( 'NONE', #4630, #4309, #3458 ) ;
#3824 = ORIENTED_EDGE ( 'NONE', *, *, #580, .F. ) ;
#3825 = EDGE_CURVE ( 'NONE', #4637, #1238, #4956, .T. ) ;
#3826 = EDGE_CURVE ( 'NONE', #5102, #4454, #2686, .T. ) ;
#3827 = FACE_OUTER_BOUND ( 'NONE', #3164, .T. ) ;
#3828 = CARTESIAN_POINT ( 'NONE',  ( 0.2409053476263796900, 3.999999999992763122, 7.940391665668614429 ) ) ;
#3829 = ORIENTED_EDGE ( 'NONE', *, *, #3219, .F. ) ;
#3830 = DIRECTION ( 'NONE',  ( 0.000000000000000000, 1.000000000000000000, 0.000000000000000000 ) ) ;
#3831 = ADVANCED_FACE ( 'NONE', ( #4385 ), #1947, .F. ) ;
#3832 = VERTEX_POINT ( 'NONE', #5139 ) ;
#3833 = AXIS2_PLACEMENT_3D ( 'NONE', #561, #1657, #2465 ) ;
#3834 = CARTESIAN_POINT ( 'NONE',  ( 23.26622186799687242, -11.81769303614650113, 2.649999999999999911 ) ) ;
#3835 = CIRCLE ( 'NONE', #3749, 3.499999999999985789 ) ;
#3836 = CARTESIAN_POINT ( 'NONE',  ( -27.50000000000000000, -5.000000000000000888, 4.500000000000007105 ) ) ;
#3837 = FACE_OUTER_BOUND ( 'NONE', #4515, .T. ) ;
#3838 = VERTEX_POINT ( 'NONE', #4361 ) ;
#3839 = CIRCLE ( 'NONE', #2838, 4.000000000000000888 ) ;
#3840 = CIRCLE ( 'NONE', #1601, 3.499999999999985789 ) ;
#3841 = CARTESIAN_POINT ( 'NONE',  ( -2.249999999999996891, -4.999999999999996447, -4.099999999999999645 ) ) ;
#3842 = DIRECTION ( 'NONE',  ( 0.000000000000000000, 0.000000000000000000, 1.000000000000000000 ) ) ;
#3843 = DIRECTION ( 'NONE',  ( -1.000000000000000000, 0.000000000000000000, 0.000000000000000000 ) ) ;
#3844 = CIRCLE ( 'NONE', #4505, 2.549999999999986500 ) ;
#3845 = CARTESIAN_POINT ( 'NONE',  ( -27.50000000000000000, 5.000000000000000888, 4.500000000000007105 ) ) ;
#3846 = ORIENTED_EDGE ( 'NONE', *, *, #3879, .T. ) ;
#3847 = AXIS2_PLACEMENT_3D ( 'NONE', #563, #2833, #4419 ) ;
#3848 = VECTOR ( 'NONE', #1215, 1000.000000000000000 ) ;
#3849 = LINE ( 'NONE', #1870, #17 ) ;
#3850 = VECTOR ( 'NONE', #1505, 1000.000000000000000 ) ;
#3851 = LINE ( 'NONE', #285, #3399 ) ;
#3852 = ADVANCED_FACE ( 'NONE', ( #410 ), #4798, .F. ) ;
#3853 = ORIENTED_EDGE ( 'NONE', *, *, #3892, .F. ) ;
#3854 = ORIENTED_EDGE ( 'NONE', *, *, #2947, .T. ) ;
#3855 = DIRECTION ( 'NONE',  ( -1.652117596168388495E-16, 1.000000000000000000, 0.000000000000000000 ) ) ;
#3856 = ORIENTED_EDGE ( 'NONE', *, *, #2272, .F. ) ;
#3857 = CARTESIAN_POINT ( 'NONE',  ( -30.99999999999991829, -13.99999999999998757, 4.000000000000000000 ) ) ;
#3858 = EDGE_CURVE ( 'NONE', #4799, #3053, #1693, .T. ) ;
#3859 = VERTEX_POINT ( 'NONE', #857 ) ;
#3860 = EDGE_LOOP ( 'NONE', ( #2077, #2815, #5019, #5098 ) ) ;
#3861 = CARTESIAN_POINT ( 'NONE',  ( -7.499999999999996447, 4.000000000000001776, -6.000000000000000000 ) ) ;
#3862 = EDGE_CURVE ( 'NONE', #2570, #3551, #1446, .T. ) ;
#3863 = ADVANCED_FACE ( 'NONE', ( #19 ), #4776, .F. ) ;
#3864 = DIRECTION ( 'NONE',  ( 0.000000000000000000, 0.000000000000000000, -1.000000000000000000 ) ) ;
#3865 = CYLINDRICAL_SURFACE ( 'NONE', #1093, 1.000000000000000000 ) ;
#3866 = ORIENTED_EDGE ( 'NONE', *, *, #364, .F. ) ;
#3867 = AXIS2_PLACEMENT_3D ( 'NONE', #1854, #1444, #3387 ) ;
#3868 = DIRECTION ( 'NONE',  ( 1.000000000000000000, 0.000000000000000000, 0.000000000000000000 ) ) ;
#3869 = CARTESIAN_POINT ( 'NONE',  ( 10.00000000000000000, -4.499999999999979572, -6.000000000000000000 ) ) ;
#3870 = DIRECTION ( 'NONE',  ( -1.000000000000000000, 0.000000000000000000, 0.000000000000000000 ) ) ;
#3871 = LINE ( 'NONE', #2700, #3023 ) ;
#3872 = ORIENTED_EDGE ( 'NONE', *, *, #3668, .T. ) ;
#3873 = CARTESIAN_POINT ( 'NONE',  ( 20.50000000000001421, -4.999999999999992006, -4.900000000000000355 ) ) ;
#3874 = CARTESIAN_POINT ( 'NONE',  ( -27.50000000000000000, 0.000000000000000000, -10.00000000000000000 ) ) ;
#3875 = DIRECTION ( 'NONE',  ( -1.000000000000000000, 0.000000000000000000, 0.000000000000000000 ) ) ;
#3876 = VERTEX_POINT ( 'NONE', #3532 ) ;
#3877 = AXIS2_PLACEMENT_3D ( 'NONE', #1207, #495, #4040 ) ;
#3878 = ORIENTED_EDGE ( 'NONE', *, *, #1794, .T. ) ;
#3879 = EDGE_CURVE ( 'NONE', #4907, #3281, #3977, .T. ) ;
#3880 = CARTESIAN_POINT ( 'NONE',  ( -14.99999999999999822, -1.171572875253809931, -4.000000000000000000 ) ) ;
#3881 = DIRECTION ( 'NONE',  ( 0.000000000000000000, 0.000000000000000000, 1.000000000000000000 ) ) ;
#3882 = ORIENTED_EDGE ( 'NONE', *, *, #195, .T. ) ;
#3883 = CARTESIAN_POINT ( 'NONE',  ( 10.49999999999999822, 5.000000000000007994, -7.249999999999997335 ) ) ;
#3884 = VERTEX_POINT ( 'NONE', #1535 ) ;
#3885 = ADVANCED_FACE ( 'NONE', ( #2823 ), #1166, .F. ) ;
#3886 = ORIENTED_EDGE ( 'NONE', *, *, #479, .F. ) ;
#3887 = DIRECTION ( 'NONE',  ( -0.000000000000000000, -0.000000000000000000, -1.000000000000000000 ) ) ;
#3888 = CARTESIAN_POINT ( 'NONE',  ( 27.50000000000000000, -5.000000000000000888, 7.250000000000000888 ) ) ;
#3889 = CARTESIAN_POINT ( 'NONE',  ( 11.00000000000000000, 3.000000000000005329, -6.000000000000000000 ) ) ;
#3890 = ORIENTED_EDGE ( 'NONE', *, *, #3059, .T. ) ;
#3891 = ORIENTED_EDGE ( 'NONE', *, *, #1986, .F. ) ;
#3892 = EDGE_CURVE ( 'NONE', #956, #5097, #1913, .T. ) ;
#3893 = EDGE_CURVE ( 'NONE', #1631, #1430, #1615, .T. ) ;
#3894 = CARTESIAN_POINT ( 'NONE',  ( -23.89999999999999503, -4.408728476930478547E-16, 10.00000000000000000 ) ) ;
#3895 =( NAMED_UNIT ( * ) SI_UNIT ( $, .STERADIAN. ) SOLID_ANGLE_UNIT ( ) );
#3896 = DIRECTION ( 'NONE',  ( 0.000000000000000000, -0.7071067811865474617, -0.7071067811865474617 ) ) ;
#3897 = ORIENTED_EDGE ( 'NONE', *, *, #3370, .F. ) ;
#3898 = CYLINDRICAL_SURFACE ( 'NONE', #2088, 2.000000000000000000 ) ;
#3899 = CARTESIAN_POINT ( 'NONE',  ( -2.615349042692415527, 0.3640786774927617375, -2.133645594171037274 ) ) ;
#3900 = CARTESIAN_POINT ( 'NONE',  ( 0.4120900759836763072, 4.000000000000003553, 7.762080790861557666 ) ) ;
#3901 = EDGE_LOOP ( 'NONE', ( #349, #374, #1454, #3115 ) ) ;
#3902 = ORIENTED_EDGE ( 'NONE', *, *, #1442, .F. ) ;
#3903 = DIRECTION ( 'NONE',  ( -1.000000000000000000, 0.000000000000000000, 0.000000000000000000 ) ) ;
#3904 = FACE_OUTER_BOUND ( 'NONE', #2871, .T. ) ;
#3905 = PLANE ( 'NONE',  #383 ) ;
#3906 = DIRECTION ( 'NONE',  ( 1.000000000000000000, 0.000000000000000000, 0.000000000000000000 ) ) ;
#3907 = CIRCLE ( 'NONE', #1331, 2.200000000000000622 ) ;
#3908 = ORIENTED_EDGE ( 'NONE', *, *, #3931, .F. ) ;
#3909 = ORIENTED_EDGE ( 'NONE', *, *, #2751, .T. ) ;
#3910 = DIRECTION ( 'NONE',  ( 1.000000000000000000, 1.892425610156517122E-16, 0.000000000000000000 ) ) ;
#3911 = EDGE_CURVE ( 'NONE', #2504, #1554, #5114, .T. ) ;
#3912 = AXIS2_PLACEMENT_3D ( 'NONE', #2959, #3293, #2589 ) ;
#3913 = DIRECTION ( 'NONE',  ( 0.000000000000000000, 0.000000000000000000, -1.000000000000000000 ) ) ;
#3914 = ORIENTED_EDGE ( 'NONE', *, *, #1698, .T. ) ;
#3915 = DIRECTION ( 'NONE',  ( -1.000000000000000000, -1.892425610156517122E-16, -0.000000000000000000 ) ) ;
#3916 = AXIS2_PLACEMENT_3D ( 'NONE', #705, #307, #1508 ) ;
#3917 = DIRECTION ( 'NONE',  ( -1.338146981832763019E-16, 0.7071067811865475727, -0.7071067811865474617 ) ) ;
#3918 = EDGE_CURVE ( 'NONE', #2716, #1542, #386, .T. ) ;
#3919 = CARTESIAN_POINT ( 'NONE',  ( 19.00000000000000000, 3.000000000000006661, 0.000000000000000000 ) ) ;
#3920 = AXIS2_PLACEMENT_3D ( 'NONE', #4567, #4187, #4134 ) ;
#3921 = ORIENTED_EDGE ( 'NONE', *, *, #2175, .T. ) ;
#3922 = TOROIDAL_SURFACE ( 'NONE', #4335, 1.000000000000000000, 1.000000000000000000 ) ;
#3923 = CONICAL_SURFACE ( 'NONE', #4336, 2.549999999999989608, 0.7853981633974410625 ) ;
#3924 = DIRECTION ( 'NONE',  ( 1.000000000000000000, 1.652117596168388495E-16, 0.000000000000000000 ) ) ;
#3925 = DIRECTION ( 'NONE',  ( -1.000000000000000000, 0.000000000000000000, 0.000000000000000000 ) ) ;
#3926 = VECTOR ( 'NONE', #3220, 1000.000000000000000 ) ;
#3927 = CIRCLE ( 'NONE', #4334, 1.499999999999999556 ) ;
#3928 = CARTESIAN_POINT ( 'NONE',  ( 25.41622186799687100, -11.81769303614650113, -4.900000000000000355 ) ) ;
#3929 = EDGE_CURVE ( 'NONE', #2923, #394, #2388, .T. ) ;
#3930 = ORIENTED_EDGE ( 'NONE', *, *, #2738, .F. ) ;
#3931 = EDGE_CURVE ( 'NONE', #4246, #3494, #3221, .T. ) ;
#3932 = CARTESIAN_POINT ( 'NONE',  ( -27.50000000000000000, 0.000000000000000000, 9.499999999999991118 ) ) ;
#3933 = CONICAL_SURFACE ( 'NONE', #778, 1.499999999999985789, 0.7853981633974482790 ) ;
#3934 = ORIENTED_EDGE ( 'NONE', *, *, #2846, .T. ) ;
#3935 = VECTOR ( 'NONE', #2480, 1000.000000000000000 ) ;
#3936 = CARTESIAN_POINT ( 'NONE',  ( 10.99261509947659654, 5.000000000000008882, 7.249999999999995559 ) ) ;
#3937 = CYLINDRICAL_SURFACE ( 'NONE', #4501, 1.000000000000000000 ) ;
#3938 = AXIS2_PLACEMENT_3D ( 'NONE', #3919, #4330, #782 ) ;
#3939 = ORIENTED_EDGE ( 'NONE', *, *, #925, .F. ) ;
#3940 = DIRECTION ( 'NONE',  ( 0.000000000000000000, 0.000000000000000000, 1.000000000000000000 ) ) ;
#3941 = ORIENTED_EDGE ( 'NONE', *, *, #4318, .T. ) ;
#3942 = ORIENTED_EDGE ( 'NONE', *, *, #4714, .T. ) ;
#3943 = DIRECTION ( 'NONE',  ( 1.000000000000000000, -0.000000000000000000, -0.000000000000000000 ) ) ;
#3944 = CARTESIAN_POINT ( 'NONE',  ( -1.808823529411760278, 0.9647058823529487404, -2.600000000000003197 ) ) ;
#3945 = ORIENTED_EDGE ( 'NONE', *, *, #4367, .T. ) ;
#3946 = ORIENTED_EDGE ( 'NONE', *, *, #2678, .F. ) ;
#3947 = EDGE_CURVE ( 'NONE', #4356, #4936, #1220, .T. ) ;
#3948 = FACE_OUTER_BOUND ( 'NONE', #4412, .T. ) ;
#3949 = LINE ( 'NONE', #2386, #1272 ) ;
#3950 = DIRECTION ( 'NONE',  ( 0.000000000000000000, 0.000000000000000000, 1.000000000000000000 ) ) ;
#3951 = DIRECTION ( 'NONE',  ( -1.000000000000000000, -2.168404344971008868E-16, 0.000000000000000000 ) ) ;
#3952 = AXIS2_PLACEMENT_3D ( 'NONE', #4977, #4598, #1573 ) ;
#3953 = ORIENTED_EDGE ( 'NONE', *, *, #1029, .F. ) ;
#3954 = EDGE_CURVE ( 'NONE', #3859, #592, #3583, .T. ) ;
#3955 = DIRECTION ( 'NONE',  ( 0.000000000000000000, 0.000000000000000000, -1.000000000000000000 ) ) ;
#3956 = DIRECTION ( 'NONE',  ( -1.000000000000000000, -1.652117596168388495E-16, -0.000000000000000000 ) ) ;
#3957 = CARTESIAN_POINT ( 'NONE',  ( -6.608470384673556940E-16, 4.000000000000001776, 8.000000000000000000 ) ) ;
#3958 = ORIENTED_EDGE ( 'NONE', *, *, #1386, .T. ) ;
#3959 = CARTESIAN_POINT ( 'NONE',  ( -1.481308647607135542, 4.000000000000003553, 7.238299152330367470 ) ) ;
#3960 = ORIENTED_EDGE ( 'NONE', *, *, #4775, .F. ) ;
#3961 = VECTOR ( 'NONE', #2103, 1000.000000000000000 ) ;
#3962 = EDGE_CURVE ( 'NONE', #502, #1716, #3522, .T. ) ;
#3963 = ADVANCED_FACE ( 'NONE', ( #3559 ), #3773, .F. ) ;
#3964 = CYLINDRICAL_SURFACE ( 'NONE', #2346, 2.049999999999999822 ) ;
#3965 = DIRECTION ( 'NONE',  ( -0.000000000000000000, -0.000000000000000000, 1.000000000000000000 ) ) ;
#3966 = CARTESIAN_POINT ( 'NONE',  ( -27.50000000000000000, 0.000000000000000000, 5.799999999999999822 ) ) ;
#3967 = VECTOR ( 'NONE', #1025, 1000.000000000000000 ) ;
#3968 = ORIENTED_EDGE ( 'NONE', *, *, #1088, .T. ) ;
#3969 = ORIENTED_EDGE ( 'NONE', *, *, #1197, .F. ) ;
#3970 = DIRECTION ( 'NONE',  ( -1.000000000000000000, -1.892425610156517122E-16, -0.000000000000000000 ) ) ;
#3971 = CARTESIAN_POINT ( 'NONE',  ( 0.000000000000000000, 0.000000000000000000, 10.00000000000000000 ) ) ;
#3972 = VERTEX_POINT ( 'NONE', #505 ) ;
#3973 = ORIENTED_EDGE ( 'NONE', *, *, #1694, .F. ) ;
#3974 = PLANE ( 'NONE',  #4921 ) ;
#3975 = CARTESIAN_POINT ( 'NONE',  ( 12.00000000000001421, 7.475081160118244492E-15, 10.00000000000000000 ) ) ;
#3976 = CARTESIAN_POINT ( 'NONE',  ( -27.50000000000000000, -5.000000000000000888, -4.900000000000000355 ) ) ;
#3977 = LINE ( 'NONE', #830, #276 ) ;
#3978 = ORIENTED_EDGE ( 'NONE', *, *, #3279, .F. ) ;
#3979 = CARTESIAN_POINT ( 'NONE',  ( 25.41622186799687100, -11.81769303614650113, -4.900000000000000355 ) ) ;
#3980 = DIRECTION ( 'NONE',  ( -1.000000000000000000, 0.000000000000000000, 0.000000000000000000 ) ) ;
#3981 = DIRECTION ( 'NONE',  ( -1.000000000000000000, -2.168404344971008868E-16, 0.000000000000000000 ) ) ;
#3982 = EDGE_LOOP ( 'NONE', ( #411, #2714, #1802, #2536 ) ) ;
#3983 = CARTESIAN_POINT ( 'NONE',  ( 10.49999999999999822, 5.000000000000007994, -9.500000000000000000 ) ) ;
#3984 = EDGE_CURVE ( 'NONE', #197, #74, #1683, .T. ) ;
#3985 = VERTEX_POINT ( 'NONE', #2048 ) ;
#3986 = CARTESIAN_POINT ( 'NONE',  ( 8.000000000000000000, 4.000000000000005329, -6.000000000000000000 ) ) ;
#3987 = FACE_OUTER_BOUND ( 'NONE', #4122, .T. ) ;
#3988 = CARTESIAN_POINT ( 'NONE',  ( 29.95802622594304054, -6.215537243668483036, 2.649999999999999911 ) ) ;
#3989 =( BOUNDED_CURVE ( )  B_SPLINE_CURVE ( 3, ( #4561, #1375, #3786, #979 ),
 .UNSPECIFIED., .F., .T. ) 
 B_SPLINE_CURVE_WITH_KNOTS ( ( 4, 4 ),
 ( 2.418858405776326936, 3.141592653589793116 ),
 .UNSPECIFIED. ) 
 CURVE ( )  GEOMETRIC_REPRESENTATION_ITEM ( )  RATIONAL_B_SPLINE_CURVE ( ( 1.000000000000000000, 0.9569428977956508930, 0.9569428977956508930, 1.000000000000000000 ) ) 
 REPRESENTATION_ITEM ( '' )  );
#3990 = ADVANCED_FACE ( 'NONE', ( #4540 ), #3585, .T. ) ;
#3991 = ADVANCED_FACE ( 'NONE', ( #4874 ), #4482, .T. ) ;
#3992 = AXIS2_PLACEMENT_3D ( 'NONE', #373, #2376, #4660 ) ;
#3993 = ORIENTED_EDGE ( 'NONE', *, *, #970, .F. ) ;
#3994 = CARTESIAN_POINT ( 'NONE',  ( -32.50000000000000000, 0.000000000000000000, -10.00000000000000000 ) ) ;
#3995 = EDGE_CURVE ( 'NONE', #4319, #3703, #3412, .T. ) ;
#3996 = LINE ( 'NONE', #744, #2757 ) ;
#3997 = AXIS2_PLACEMENT_3D ( 'NONE', #5096, #365, #1952 ) ;
#3998 = ORIENTED_EDGE ( 'NONE', *, *, #875, .F. ) ;
#3999 = LINE ( 'NONE', #4723, #2188 ) ;
#4000 = CARTESIAN_POINT ( 'NONE',  ( 32.50000000000000000, -4.499999999999987566, 7.750000000000000000 ) ) ;
#4001 = DIRECTION ( 'NONE',  ( -1.892425610156517122E-16, 1.000000000000000000, 0.000000000000000000 ) ) ;
#4002 = EDGE_LOOP ( 'NONE', ( #4217, #981, #2320, #4010 ) ) ;
#4003 = CIRCLE ( 'NONE', #2423, 2.200000000000000622 ) ;
#4004 = DIRECTION ( 'NONE',  ( -1.652117596168388495E-16, 1.000000000000000000, 0.000000000000000000 ) ) ;
#4005 = CARTESIAN_POINT ( 'NONE',  ( 30.04999999999999005, 0.000000000000000000, -7.750000000000001776 ) ) ;
#4006 = DIRECTION ( 'NONE',  ( 1.652117596168388495E-16, -1.000000000000000000, -0.000000000000000000 ) ) ;
#4007 = VERTEX_POINT ( 'NONE', #904 ) ;
#4008 = VECTOR ( 'NONE', #412, 1000.000000000000000 ) ;
#4009 = CARTESIAN_POINT ( 'NONE',  ( -27.50000000000000000, 0.000000000000000000, -10.00000000000000000 ) ) ;
#4010 = ORIENTED_EDGE ( 'NONE', *, *, #2936, .F. ) ;
#4011 = AXIS2_PLACEMENT_3D ( 'NONE', #1557, #2308, #4724 ) ;
#4012 = DIRECTION ( 'NONE',  ( 0.000000000000000000, 0.000000000000000000, -1.000000000000000000 ) ) ;
#4013 = VECTOR ( 'NONE', #3122, 1000.000000000000114 ) ;
#4014 = EDGE_CURVE ( 'NONE', #4147, #2504, #4031, .T. ) ;
#4015 = DIRECTION ( 'NONE',  ( -1.652117596168388495E-16, 1.000000000000000000, 0.000000000000000000 ) ) ;
#4016 = VECTOR ( 'NONE', #4166, 1000.000000000000000 ) ;
#4017 = CARTESIAN_POINT ( 'NONE',  ( -1.883336968243628728, 0.8139287261368250981, -2.602401900430535431 ) ) ;
#4018 = AXIS2_PLACEMENT_3D ( 'NONE', #1477, #2613, #2659 ) ;
#4019 = VECTOR ( 'NONE', #4153, 1000.000000000000114 ) ;
#4020 = ADVANCED_FACE ( 'NONE', ( #1733 ), #66, .F. ) ;
#4021 = EDGE_LOOP ( 'NONE', ( #1549, #2759, #1354, #835 ) ) ;
#4022 = AXIS2_PLACEMENT_3D ( 'NONE', #1332, #4117, #3330 ) ;
#4023 = CARTESIAN_POINT ( 'NONE',  ( -27.50000000000000000, -5.000000000000000888, -10.00000000000000000 ) ) ;
#4024 = AXIS2_PLACEMENT_3D ( 'NONE', #4751, #1195, #2362 ) ;
#4025 = ORIENTED_EDGE ( 'NONE', *, *, #2143, .F. ) ;
#4026 = ORIENTED_EDGE ( 'NONE', *, *, #4014, .F. ) ;
#4027 = EDGE_CURVE ( 'NONE', #4044, #4773, #4662, .T. ) ;
#4028 = ADVANCED_FACE ( 'NONE', ( #2070 ), #1834, .F. ) ;
#4029 = FACE_OUTER_BOUND ( 'NONE', #2226, .T. ) ;
#4030 = LINE ( 'NONE', #4050, #2507 ) ;
#4031 = LINE ( 'NONE', #3689, #4492 ) ;
#4032 = EDGE_LOOP ( 'NONE', ( #359, #2089, #1372, #2564, #4805, #2254 ) ) ;
#4033 = CARTESIAN_POINT ( 'NONE',  ( -11.17157287525382259, 3.000000000000003997, -4.000000000000000000 ) ) ;
#4034 = CYLINDRICAL_SURFACE ( 'NONE', #1710, 2.000000000000000000 ) ;
#4035 = DIRECTION ( 'NONE',  ( 1.892425610156517122E-16, -1.000000000000000000, 0.000000000000000000 ) ) ;
#4036 = ORIENTED_EDGE ( 'NONE', *, *, #322, .F. ) ;
#4037 = CARTESIAN_POINT ( 'NONE',  ( -1.674992226635395376, 4.000000000000003553, 7.711927794022983562 ) ) ;
#4038 = VERTEX_POINT ( 'NONE', #4820 ) ;
#4039 = DIRECTION ( 'NONE',  ( -1.000000000000000000, 0.000000000000000000, 0.000000000000000000 ) ) ;
#4040 = DIRECTION ( 'NONE',  ( -1.000000000000000000, -1.652117596168388495E-16, 0.000000000000000000 ) ) ;
#4041 = DIRECTION ( 'NONE',  ( 1.892425610156517122E-16, -1.000000000000000000, 0.000000000000000000 ) ) ;
#4042 = VECTOR ( 'NONE', #4789, 1000.000000000000000 ) ;
#4043 = AXIS2_PLACEMENT_3D ( 'NONE', #2772, #4321, #4273 ) ;
#4044 = VERTEX_POINT ( 'NONE', #1269 ) ;
#4045 = ORIENTED_EDGE ( 'NONE', *, *, #2100, .T. ) ;
#4046 = EDGE_CURVE ( 'NONE', #4310, #2338, #2856, .T. ) ;
#4047 = ORIENTED_EDGE ( 'NONE', *, *, #2558, .T. ) ;
#4048 = CYLINDRICAL_SURFACE ( 'NONE', #191, 2.000000000000000000 ) ;
#4049 = DIRECTION ( 'NONE',  ( 1.000000000000000000, 0.000000000000000000, 0.000000000000000000 ) ) ;
#4050 = CARTESIAN_POINT ( 'NONE',  ( 23.26622186799687242, -11.81769303614650113, 4.900000000000000355 ) ) ;
#4051 = CARTESIAN_POINT ( 'NONE',  ( 8.000000000000001776, -4.999999999999993783, -6.000000000000000000 ) ) ;
#4052 = ADVANCED_FACE ( 'NONE', ( #2124 ), #1346, .T. ) ;
#4053 = EDGE_CURVE ( 'NONE', #3802, #592, #3000, .T. ) ;
#4054 = ORIENTED_EDGE ( 'NONE', *, *, #2367, .T. ) ;
#4055 = CARTESIAN_POINT ( 'NONE',  ( 27.50000000000000000, 4.500000000000001776, -7.749999999999999112 ) ) ;
#4056 = LINE ( 'NONE', #4876, #4169 ) ;
#4057 = FACE_OUTER_BOUND ( 'NONE', #3362, .T. ) ;
#4058 = DIRECTION ( 'NONE',  ( 0.000000000000000000, 0.000000000000000000, -1.000000000000000000 ) ) ;
#4059 = ORIENTED_EDGE ( 'NONE', *, *, #3223, .F. ) ;
#4060 = DIRECTION ( 'NONE',  ( 2.453269466693396649E-15, -0.7071067811865474617, 0.7071067811865474617 ) ) ;
#4061 = ORIENTED_EDGE ( 'NONE', *, *, #1035, .T. ) ;
#4062 = DIRECTION ( 'NONE',  ( 1.000000000000000000, 0.000000000000000000, 0.000000000000000000 ) ) ;
#4063 = DIRECTION ( 'NONE',  ( -1.000000000000000000, -2.891205793294678326E-16, 0.000000000000000000 ) ) ;
#4064 = ORIENTED_EDGE ( 'NONE', *, *, #4241, .T. ) ;
#4065 = LINE ( 'NONE', #3994, #4377 ) ;
#4066 = VERTEX_POINT ( 'NONE', #885 ) ;
#4067 = ORIENTED_EDGE ( 'NONE', *, *, #4859, .F. ) ;
#4068 = AXIS2_PLACEMENT_3D ( 'NONE', #1178, #3185, #1546 ) ;
#4069 = DIRECTION ( 'NONE',  ( 0.000000000000000000, -0.7071067811865474617, -0.7071067811865474617 ) ) ;
#4070 = ADVANCED_FACE ( 'NONE', ( #485 ), #2540, .T. ) ;
#4071 = DIRECTION ( 'NONE',  ( 0.000000000000000000, 0.000000000000000000, -1.000000000000000000 ) ) ;
#4072 = AXIS2_PLACEMENT_3D ( 'NONE', #675, #1145, #2729 ) ;
#4073 = DIRECTION ( 'NONE',  ( 1.652117596168388495E-16, -1.000000000000000000, 0.000000000000000000 ) ) ;
#4074 = EDGE_LOOP ( 'NONE', ( #4795, #2897, #4296, #2438, #3730, #2420 ) ) ;
#4075 = FACE_OUTER_BOUND ( 'NONE', #1443, .T. ) ;
#4076 = EDGE_CURVE ( 'NONE', #3141, #464, #2149, .T. ) ;
#4077 = CARTESIAN_POINT ( 'NONE',  ( -2.645751311064588496, 3.000000000000003109, 7.000000000000000000 ) ) ;
#4078 = CARTESIAN_POINT ( 'NONE',  ( 25.41622186799687100, -11.81769303614650113, 4.900000000000000355 ) ) ;
#4079 = CARTESIAN_POINT ( 'NONE',  ( 11.00000000000000178, -4.999999999999993783, -5.500000000000014211 ) ) ;
#4080 = ORIENTED_EDGE ( 'NONE', *, *, #4898, .F. ) ;
#4081 = CARTESIAN_POINT ( 'NONE',  ( 10.50000000000000355, -4.499999999999993783, -10.00000000000000000 ) ) ;
#4082 = ORIENTED_EDGE ( 'NONE', *, *, #3156, .T. ) ;
#4083 = AXIS2_PLACEMENT_3D ( 'NONE', #2511, #3712, #1296 ) ;
#4084 = EDGE_CURVE ( 'NONE', #1167, #4632, #4459, .T. ) ;
#4085 = CARTESIAN_POINT ( 'NONE',  ( -1.968550602720192222, -0.5781902296161659516, -2.612996644681526259 ) ) ;
#4086 = ADVANCED_FACE ( 'NONE', ( #1376 ), #10, .T. ) ;
#4087 = VECTOR ( 'NONE', #1236, 1000.000000000000114 ) ;
#4088 = CARTESIAN_POINT ( 'NONE',  ( -7.499999999999994671, -4.999999999999997335, -8.500000000000014211 ) ) ;
#4089 = AXIS2_PLACEMENT_3D ( 'NONE', #4903, #279, #1836 ) ;
#4090 = AXIS2_PLACEMENT_3D ( 'NONE', #4518, #2544, #959 ) ;
#4091 = DIRECTION ( 'NONE',  ( -8.673617379884035472E-17, -1.641417566239121864E-32, -1.000000000000000000 ) ) ;
#4092 = CIRCLE ( 'NONE', #4756, 1.000000000000000000 ) ;
#4093 = ORIENTED_EDGE ( 'NONE', *, *, #4270, .T. ) ;
#4094 = LINE ( 'NONE', #530, #2503 ) ;
#4095 = CARTESIAN_POINT ( 'NONE',  ( 10.49999999999999822, 5.000000000000007994, -7.249999999999997335 ) ) ;
#4096 = VECTOR ( 'NONE', #2800, 1000.000000000000000 ) ;
#4097 = ORIENTED_EDGE ( 'NONE', *, *, #254, .F. ) ;
#4098 = AXIS2_PLACEMENT_3D ( 'NONE', #777, #3145, #3496 ) ;
#4099 = ORIENTED_EDGE ( 'NONE', *, *, #2142, .T. ) ;
#4100 = VECTOR ( 'NONE', #3723, 1000.000000000000000 ) ;
#4101 = DIRECTION ( 'NONE',  ( 1.000000000000000000, 0.000000000000000000, 0.000000000000000000 ) ) ;
#4102 = AXIS2_PLACEMENT_3D ( 'NONE', #3325, #2942, #912 ) ;
#4103 = DIRECTION ( 'NONE',  ( 0.000000000000000000, 0.000000000000000000, 1.000000000000000000 ) ) ;
#4104 = DIRECTION ( 'NONE',  ( -1.000000000000000000, -1.892425610156517122E-16, 8.673617379884035472E-17 ) ) ;
#4105 = VERTEX_POINT ( 'NONE', #1453 ) ;
#4106 = DIRECTION ( 'NONE',  ( 1.000000000000000000, 0.000000000000000000, 0.000000000000000000 ) ) ;
#4107 = CARTESIAN_POINT ( 'NONE',  ( -27.50000000000000000, 0.000000000000000000, -9.499999999999989342 ) ) ;
#4108 = ORIENTED_EDGE ( 'NONE', *, *, #2238, .T. ) ;
#4109 = DIRECTION ( 'NONE',  ( -0.000000000000000000, -0.000000000000000000, 1.000000000000000000 ) ) ;
#4110 = ORIENTED_EDGE ( 'NONE', *, *, #1068, .T. ) ;
#4111 = EDGE_CURVE ( 'NONE', #1780, #2872, #1755, .T. ) ;
#4112 = CARTESIAN_POINT ( 'NONE',  ( -2.022658583989410896, 0.3343591459541732647, -2.623766290003235468 ) ) ;
#4113 = CARTESIAN_POINT ( 'NONE',  ( -6.249999999999996447, -4.999999999999996447, -8.000000000000000000 ) ) ;
#4114 = AXIS2_PLACEMENT_3D ( 'NONE', #2041, #1673, #3679 ) ;
#4115 = ADVANCED_FACE ( 'NONE', ( #3811 ), #4178, .T. ) ;
#4116 = ADVANCED_FACE ( 'NONE', ( #1807 ), #1425, .F. ) ;
#4117 = DIRECTION ( 'NONE',  ( -0.000000000000000000, -0.000000000000000000, -1.000000000000000000 ) ) ;
#4118 = CARTESIAN_POINT ( 'NONE',  ( 1.707835793046268424, 4.000000000000003553, 7.155644789016053942 ) ) ;
#4119 = ORIENTED_EDGE ( 'NONE', *, *, #1254, .T. ) ;
#4120 = CARTESIAN_POINT ( 'NONE',  ( -7.499999999999996447, 4.000000000000002665, 7.000000000000000000 ) ) ;
#4121 = CARTESIAN_POINT ( 'NONE',  ( 18.00000000000000355, 3.000000000000006661, -5.000000000000000000 ) ) ;
#4122 = EDGE_LOOP ( 'NONE', ( #3125, #3478, #1302, #689 ) ) ;
#4123 = ORIENTED_EDGE ( 'NONE', *, *, #1223, .F. ) ;
#4124 = AXIS2_PLACEMENT_3D ( 'NONE', #1894, #2393, #4440 ) ;
#4125 = VERTEX_POINT ( 'NONE', #3787 ) ;
#4126 = FACE_OUTER_BOUND ( 'NONE', #4218, .T. ) ;
#4127 = FACE_OUTER_BOUND ( 'NONE', #598, .T. ) ;
#4128 = AXIS2_PLACEMENT_3D ( 'NONE', #4023, #2842, #2118 ) ;
#4129 = DIRECTION ( 'NONE',  ( -0.000000000000000000, -0.000000000000000000, 1.000000000000000000 ) ) ;
#4130 = ORIENTED_EDGE ( 'NONE', *, *, #4718, .F. ) ;
#4131 = FACE_OUTER_BOUND ( 'NONE', #3788, .T. ) ;
#4132 = CARTESIAN_POINT ( 'NONE',  ( -27.50000000000000000, -5.000000000000000888, 9.500000000000014211 ) ) ;
#4133 = LINE ( 'NONE', #2207, #723 ) ;
#4134 = DIRECTION ( 'NONE',  ( -1.892425610156517122E-16, 1.000000000000000000, 0.000000000000000000 ) ) ;
#4135 = ORIENTED_EDGE ( 'NONE', *, *, #138, .T. ) ;
#4136 = CARTESIAN_POINT ( 'NONE',  ( 11.00000000000000000, 4.000000000000005329, -5.000000000000000000 ) ) ;
#4137 = VERTEX_POINT ( 'NONE', #614 ) ;
#4138 = DIRECTION ( 'NONE',  ( -1.000000000000000000, -1.652117596168388495E-16, -0.000000000000000000 ) ) ;
#4139 = CARTESIAN_POINT ( 'NONE',  ( 10.50000000000000178, -2.999999999999994671, -9.500000000000000000 ) ) ;
#4140 = ADVANCED_FACE ( 'NONE', ( #3837 ), #4151, .F. ) ;
#4141 = CARTESIAN_POINT ( 'NONE',  ( -27.50000000000000000, 0.000000000000000000, 10.00000000000000000 ) ) ;
#4142 = DIRECTION ( 'NONE',  ( 1.000000000000000000, 0.000000000000000000, 0.000000000000000000 ) ) ;
#4143 = VERTEX_POINT ( 'NONE', #1499 ) ;
#4144 = CARTESIAN_POINT ( 'NONE',  ( 32.50000000000000000, 4.500000000000011546, 7.750000000000000000 ) ) ;
#4145 = CARTESIAN_POINT ( 'NONE',  ( 6.750000000000002665, -4.499999999999978684, -6.000000000000000000 ) ) ;
#4146 = EDGE_CURVE ( 'NONE', #4316, #1814, #4908, .T. ) ;
#4147 = VERTEX_POINT ( 'NONE', #1785 ) ;
#4148 = PLANE ( 'NONE',  #2510 ) ;
#4149 = EDGE_CURVE ( 'NONE', #4288, #3246, #4640, .T. ) ;
#4150 = CARTESIAN_POINT ( 'NONE',  ( 8.000000000000001776, -4.999999999999993783, -8.500000000000014211 ) ) ;
#4151 = PLANE ( 'NONE',  #2009 ) ;
#4152 = ORIENTED_EDGE ( 'NONE', *, *, #2403, .F. ) ;
#4153 = DIRECTION ( 'NONE',  ( -0.7071067811865474617, 0.000000000000000000, 0.7071067811865474617 ) ) ;
#4154 = VECTOR ( 'NONE', #2368, 1000.000000000000000 ) ;
#4155 = CARTESIAN_POINT ( 'NONE',  ( 11.45341433092485239, -4.825834261322599517, -7.424165738677391602 ) ) ;
#4156 = CARTESIAN_POINT ( 'NONE',  ( -2.639363173740792767, 0.2081469585851257464, -2.138262244684133950 ) ) ;
#4157 = CARTESIAN_POINT ( 'NONE',  ( 2.750000000000002665, -4.999999999999994671, -4.099999999999999645 ) ) ;
#4158 = CARTESIAN_POINT ( 'NONE',  ( 10.49999999999999822, 3.000000000000008438, 9.500000000000014211 ) ) ;
#4159 = ORIENTED_EDGE ( 'NONE', *, *, #1758, .F. ) ;
#4160 = CARTESIAN_POINT ( 'NONE',  ( -2.249999999999997335, -1.200000000000012612, -2.099999999999999645 ) ) ;
#4161 = CARTESIAN_POINT ( 'NONE',  ( 30.04999999999999716, -3.122849337825745489E-16, 7.749999999999999112 ) ) ;
#4162 = ORIENTED_EDGE ( 'NONE', *, *, #4859, .T. ) ;
#4163 = AXIS2_PLACEMENT_3D ( 'NONE', #3554, #2775, #3193 ) ;
#4164 = VECTOR ( 'NONE', #1169, 1000.000000000000227 ) ;
#4165 = CARTESIAN_POINT ( 'NONE',  ( -43.11716621585583198, -3.287400779199487477, 2.649999999999999911 ) ) ;
#4166 = DIRECTION ( 'NONE',  ( -0.000000000000000000, -0.000000000000000000, 1.000000000000000000 ) ) ;
#4167 = ORIENTED_EDGE ( 'NONE', *, *, #1861, .T. ) ;
#4168 = LINE ( 'NONE', #605, #2348 ) ;
#4169 = VECTOR ( 'NONE', #3321, 1000.000000000000000 ) ;
#4170 = EDGE_LOOP ( 'NONE', ( #3579, #2058 ) ) ;
#4171 = VECTOR ( 'NONE', #3406, 1000.000000000000000 ) ;
#4172 = EDGE_CURVE ( 'NONE', #1340, #3008, #2334, .T. ) ;
#4173 = FACE_OUTER_BOUND ( 'NONE', #4002, .T. ) ;
#4174 = VECTOR ( 'NONE', #4249, 1000.000000000000000 ) ;
#4175 = AXIS2_PLACEMENT_3D ( 'NONE', #3373, #3451, #4932 ) ;
#4176 = FACE_OUTER_BOUND ( 'NONE', #704, .T. ) ;
#4177 = AXIS2_PLACEMENT_3D ( 'NONE', #4311, #447, #1204 ) ;
#4178 = PLANE ( 'NONE',  #2168 ) ;
#4179 = AXIS2_PLACEMENT_3D ( 'NONE', #3779, #210, #1821 ) ;
#4180 = ORIENTED_EDGE ( 'NONE', *, *, #2865, .T. ) ;
#4181 = EDGE_CURVE ( 'NONE', #4661, #1658, #4562, .T. ) ;
#4182 = EDGE_CURVE ( 'NONE', #578, #5047, #641, .T. ) ;
#4183 = CIRCLE ( 'NONE', #3110, 1.000000000000000000 ) ;
#4184 = DIRECTION ( 'NONE',  ( 1.951464348506112674E-16, -0.7071067811865473507, 0.7071067811865476838 ) ) ;
#4185 = FACE_OUTER_BOUND ( 'NONE', #3148, .T. ) ;
#4186 = CARTESIAN_POINT ( 'NONE',  ( -2.639553130192962449, -0.2063593022901085428, -2.138300074195964573 ) ) ;
#4187 = DIRECTION ( 'NONE',  ( 1.000000000000000000, 1.892425610156517122E-16, 0.000000000000000000 ) ) ;
#4188 = CARTESIAN_POINT ( 'NONE',  ( 8.000000000000000000, 3.000000000000004885, 6.000000000000000000 ) ) ;
#4189 = VECTOR ( 'NONE', #1998, 1000.000000000000114 ) ;
#4190 = EDGE_LOOP ( 'NONE', ( #3140, #3257, #2444, #5105 ) ) ;
#4191 = CARTESIAN_POINT ( 'NONE',  ( -1.883391293151191581, -0.8138280942370880178, -2.602403683635885923 ) ) ;
#4192 = CYLINDRICAL_SURFACE ( 'NONE', #2654, 2.149999999999999023 ) ;
#4193 = EDGE_LOOP ( 'NONE', ( #783, #2044, #665, #3909 ) ) ;
#4194 = CYLINDRICAL_SURFACE ( 'NONE', #1365, 2.000000000000000000 ) ;
#4195 = CARTESIAN_POINT ( 'NONE',  ( -27.50000000000000000, 4.500000000000014211, 10.00000000000000000 ) ) ;
#4196 = ORIENTED_EDGE ( 'NONE', *, *, #2558, .F. ) ;
#4197 = CARTESIAN_POINT ( 'NONE',  ( -27.50000000000000000, 0.000000000000000000, -10.00000000000000000 ) ) ;
#4198 = VERTEX_POINT ( 'NONE', #5051 ) ;
#4199 = ORIENTED_EDGE ( 'NONE', *, *, #1386, .F. ) ;
#4200 = DIRECTION ( 'NONE',  ( 0.000000000000000000, 0.000000000000000000, -1.000000000000000000 ) ) ;
#4201 = LINE ( 'NONE', #2277, #4588 ) ;
#4202 = EDGE_CURVE ( 'NONE', #934, #991, #1970, .T. ) ;
#4203 = CARTESIAN_POINT ( 'NONE',  ( 4.000000000000000888, -4.898587196589413815E-16, -2.099999999999999645 ) ) ;
#4204 = VERTEX_POINT ( 'NONE', #1399 ) ;
#4205 = CARTESIAN_POINT ( 'NONE',  ( -32.50000000000000000, 0.000000000000000000, 4.500000000000007105 ) ) ;
#4206 = AXIS2_PLACEMENT_3D ( 'NONE', #2375, #2081, #3251 ) ;
#4207 = CIRCLE ( 'NONE', #2956, 1.000000000000000000 ) ;
#4208 = CARTESIAN_POINT ( 'NONE',  ( -11.17157287525380838, -2.999999999999997780, -4.000000000000000000 ) ) ;
#4209 = DIRECTION ( 'NONE',  ( -1.000000000000000000, 0.000000000000000000, 8.673617379884035472E-17 ) ) ;
#4210 = EDGE_CURVE ( 'NONE', #1724, #4066, #4614, .T. ) ;
#4211 = EDGE_CURVE ( 'NONE', #4444, #3365, #696, .T. ) ;
#4212 = LINE ( 'NONE', #3042, #2273 ) ;
#4213 = ORIENTED_EDGE ( 'NONE', *, *, #2875, .F. ) ;
#4214 = DIRECTION ( 'NONE',  ( -0.000000000000000000, -0.000000000000000000, 1.000000000000000000 ) ) ;
#4215 = DIRECTION ( 'NONE',  ( -0.000000000000000000, -0.000000000000000000, -1.000000000000000000 ) ) ;
#4216 = ADVANCED_FACE ( 'NONE', ( #5026 ), #3865, .F. ) ;
#4217 = ORIENTED_EDGE ( 'NONE', *, *, #5100, .F. ) ;
#4218 = EDGE_LOOP ( 'NONE', ( #2130, #4716, #831, #3946 ) ) ;
#4219 = CARTESIAN_POINT ( 'NONE',  ( -27.50000000000000000, 0.000000000000000000, 5.799999999999999822 ) ) ;
#4220 = CARTESIAN_POINT ( 'NONE',  ( -7.119124914398328792E-16, 3.000000000000003553, 4.000000000000000000 ) ) ;
#4221 = ORIENTED_EDGE ( 'NONE', *, *, #4387, .F. ) ;
#4222 = LINE ( 'NONE', #4555, #2133 ) ;
#4223 = ORIENTED_EDGE ( 'NONE', *, *, #4270, .F. ) ;
#4224 = DIRECTION ( 'NONE',  ( -1.892425610156517122E-16, 1.000000000000000000, 0.000000000000000000 ) ) ;
#4225 = CARTESIAN_POINT ( 'NONE',  ( 23.26622186799687242, -11.81769303614650113, -4.900000000000000355 ) ) ;
#4226 = DIRECTION ( 'NONE',  ( -1.000000000000000000, -1.892425610156516875E-16, 0.000000000000000000 ) ) ;
#4227 = ORIENTED_EDGE ( 'NONE', *, *, #5127, .T. ) ;
#4228 = EDGE_CURVE ( 'NONE', #449, #2611, #4003, .T. ) ;
#4229 = CARTESIAN_POINT ( 'NONE',  ( -8.771242510566717534E-16, 4.000000000000003553, -1.099999999999999423 ) ) ;
#4230 = FACE_OUTER_BOUND ( 'NONE', #2116, .T. ) ;
#4231 = ORIENTED_EDGE ( 'NONE', *, *, #4755, .T. ) ;
#4232 = EDGE_CURVE ( 'NONE', #3008, #1571, #104, .T. ) ;
#4233 = AXIS2_PLACEMENT_3D ( 'NONE', #3801, #1388, #4549 ) ;
#4234 = FACE_OUTER_BOUND ( 'NONE', #3085, .T. ) ;
#4235 = CARTESIAN_POINT ( 'NONE',  ( 2.750000000000001776, 5.204170427930425228E-16, -4.099999999999999645 ) ) ;
#4236 = CARTESIAN_POINT ( 'NONE',  ( 2.168678405895858141, 4.000000000000002665, 7.037100700880950299 ) ) ;
#4237 = ORIENTED_EDGE ( 'NONE', *, *, #1442, .T. ) ;
#4238 = AXIS2_PLACEMENT_3D ( 'NONE', #2674, #1171, #5040 ) ;
#4239 = VERTEX_POINT ( 'NONE', #320 ) ;
#4240 = EDGE_CURVE ( 'NONE', #3884, #1080, #2832, .T. ) ;
#4241 = EDGE_CURVE ( 'NONE', #2198, #1469, #5077, .T. ) ;
#4242 = ORIENTED_EDGE ( 'NONE', *, *, #3858, .T. ) ;
#4243 = CARTESIAN_POINT ( 'NONE',  ( -6.608470384673556940E-16, 4.000000000000001776, 8.000000000000000000 ) ) ;
#4244 = ORIENTED_EDGE ( 'NONE', *, *, #4524, .T. ) ;
#4245 = VECTOR ( 'NONE', #2881, 1000.000000000000114 ) ;
#4246 = VERTEX_POINT ( 'NONE', #1527 ) ;
#4247 = CARTESIAN_POINT ( 'NONE',  ( 20.00000000000000000, 4.000000000000007105, -5.000000000000000000 ) ) ;
#4248 = CONICAL_SURFACE ( 'NONE', #344, 5.000000000000000888, 0.7853981633974482790 ) ;
#4249 = DIRECTION ( 'NONE',  ( 1.000000000000000000, 1.892425610156517122E-16, 0.000000000000000000 ) ) ;
#4250 = CARTESIAN_POINT ( 'NONE',  ( -6.608470384673556940E-16, 4.000000000000001776, 8.000000000000000000 ) ) ;
#4251 = ORIENTED_EDGE ( 'NONE', *, *, #2798, .F. ) ;
#4252 = AXIS2_PLACEMENT_3D ( 'NONE', #805, #2025, #3558 ) ;
#4253 = AXIS2_PLACEMENT_3D ( 'NONE', #509, #4004, #2517 ) ;
#4254 = DIRECTION ( 'NONE',  ( 1.000000000000000000, 0.000000000000000000, 0.000000000000000000 ) ) ;
#4255 = DIRECTION ( 'NONE',  ( 1.000000000000000000, 0.000000000000000000, 0.000000000000000000 ) ) ;
#4256 = DIRECTION ( 'NONE',  ( -1.000000000000000000, -1.652117596168388495E-16, -0.000000000000000000 ) ) ;
#4257 = FACE_OUTER_BOUND ( 'NONE', #3713, .T. ) ;
#4258 = ORIENTED_EDGE ( 'NONE', *, *, #3862, .F. ) ;
#4259 = VECTOR ( 'NONE', #1994, 1000.000000000000000 ) ;
#4260 = DIRECTION ( 'NONE',  ( 0.000000000000000000, 0.000000000000000000, -1.000000000000000000 ) ) ;
#4261 = DIRECTION ( 'NONE',  ( 1.000000000000000000, 1.892425610156517122E-16, -8.673617379884035472E-17 ) ) ;
#4262 = CARTESIAN_POINT ( 'NONE',  ( 9.000000000000000000, 4.000000000000005329, 6.000000000000000000 ) ) ;
#4263 = EDGE_LOOP ( 'NONE', ( #948, #4099, #1591, #4947 ) ) ;
#4264 = EDGE_CURVE ( 'NONE', #4637, #1128, #1629, .T. ) ;
#4265 = ORIENTED_EDGE ( 'NONE', *, *, #1563, .F. ) ;
#4266 = DIRECTION ( 'NONE',  ( -0.000000000000000000, -1.000000000000000000, 0.000000000000000000 ) ) ;
#4267 = ORIENTED_EDGE ( 'NONE', *, *, #3403, .F. ) ;
#4268 = CARTESIAN_POINT ( 'NONE',  ( 10.99261509947659654, 5.000000000000008882, -7.249999999999995559 ) ) ;
#4269 = EDGE_CURVE ( 'NONE', #2212, #1205, #1438, .T. ) ;
#4270 = EDGE_CURVE ( 'NONE', #1658, #745, #4322, .T. ) ;
#4271 = ORIENTED_EDGE ( 'NONE', *, *, #3156, .F. ) ;
#4272 = ORIENTED_EDGE ( 'NONE', *, *, #1088, .F. ) ;
#4273 = DIRECTION ( 'NONE',  ( -1.000000000000000000, 0.000000000000000000, 0.000000000000000000 ) ) ;
#4274 = DIRECTION ( 'NONE',  ( 1.000000000000000000, 1.892425610156517122E-16, 0.000000000000000000 ) ) ;
#4275 = DIRECTION ( 'NONE',  ( -1.000000000000000000, 0.000000000000000000, 0.000000000000000000 ) ) ;
#4276 = ORIENTED_EDGE ( 'NONE', *, *, #1730, .F. ) ;
#4277 = ORIENTED_EDGE ( 'NONE', *, *, #4295, .T. ) ;
#4278 = LINE ( 'NONE', #1164, #2682 ) ;
#4279 = LINE ( 'NONE', #3530, #2434 ) ;
#4280 =( NAMED_UNIT ( * ) PLANE_ANGLE_UNIT ( ) SI_UNIT ( $, .RADIAN. ) );
#4281 = DIRECTION ( 'NONE',  ( -1.338146981832763265E-16, 0.7071067811865475727, -0.7071067811865475727 ) ) ;
#4282 = EDGE_LOOP ( 'NONE', ( #89, #900, #4299, #3746 ) ) ;
#4283 = VECTOR ( 'NONE', #334, 1000.000000000000114 ) ;
#4284 = CARTESIAN_POINT ( 'NONE',  ( 18.00000000000000355, 3.000000000000006661, 3.000000000000000000 ) ) ;
#4285 = CARTESIAN_POINT ( 'NONE',  ( -2.249999999999997780, -1.200000000000012612, -2.099999999999999645 ) ) ;
#4286 = DIRECTION ( 'NONE',  ( -0.000000000000000000, -0.000000000000000000, 1.000000000000000000 ) ) ;
#4287 = ORIENTED_EDGE ( 'NONE', *, *, #2584, .F. ) ;
#4288 = VERTEX_POINT ( 'NONE', #1602 ) ;
#4289 = DIRECTION ( 'NONE',  ( 0.000000000000000000, -0.7071067811865482389, 0.7071067811865469066 ) ) ;
#4290 = DIRECTION ( 'NONE',  ( 0.000000000000000000, 0.000000000000000000, -1.000000000000000000 ) ) ;
#4291 = EDGE_CURVE ( 'NONE', #1908, #2013, #4354, .T. ) ;
#4292 = ORIENTED_EDGE ( 'NONE', *, *, #2390, .F. ) ;
#4293 = CARTESIAN_POINT ( 'NONE',  ( 10.50000000000000178, -2.999999999999994671, 7.749999999999998224 ) ) ;
#4294 = ORIENTED_EDGE ( 'NONE', *, *, #4240, .T. ) ;
#4295 = EDGE_CURVE ( 'NONE', #3189, #4356, #5067, .T. ) ;
#4296 = ORIENTED_EDGE ( 'NONE', *, *, #4585, .T. ) ;
#4297 = CARTESIAN_POINT ( 'NONE',  ( -2.514913194624335269, -0.7192122372330328473, -2.117328859555541509 ) ) ;
#4298 = CARTESIAN_POINT ( 'NONE',  ( 10.49999999999999822, 5.000000000000007994, -10.00000000000000000 ) ) ;
#4299 = ORIENTED_EDGE ( 'NONE', *, *, #1162, .T. ) ;
#4300 = ADVANCED_FACE ( 'NONE', ( #1906, #3143, #430 ), #800, .F. ) ;
#4301 = EDGE_CURVE ( 'NONE', #2157, #3765, #763, .T. ) ;
#4302 = CARTESIAN_POINT ( 'NONE',  ( 19.00000000000000355, 3.000000000000007105, 3.000000000000000000 ) ) ;
#4303 = DIRECTION ( 'NONE',  ( -0.000000000000000000, -0.000000000000000000, 1.000000000000000000 ) ) ;
#4304 = PLANE ( 'NONE',  #3009 ) ;
#4305 = CARTESIAN_POINT ( 'NONE',  ( 18.00000000000000355, 4.000000000000007105, 5.000000000000000000 ) ) ;
#4306 = EDGE_LOOP ( 'NONE', ( #4213, #1550, #5037, #1491 ) ) ;
#4307 = LINE ( 'NONE', #2804, #91 ) ;
#4308 = DIRECTION ( 'NONE',  ( -1.652117596168388495E-16, 1.000000000000000000, 0.000000000000000000 ) ) ;
#4309 = DIRECTION ( 'NONE',  ( -0.000000000000000000, -0.000000000000000000, 1.000000000000000000 ) ) ;
#4310 = VERTEX_POINT ( 'NONE', #1991 ) ;
#4311 = CARTESIAN_POINT ( 'NONE',  ( 10.00000000000000000, 4.000000000000005329, -5.000000000000000000 ) ) ;
#4312 = ORIENTED_EDGE ( 'NONE', *, *, #4595, .T. ) ;
#4313 = AXIS2_PLACEMENT_3D ( 'NONE', #4139, #3329, #2914 ) ;
#4314 = LINE ( 'NONE', #4657, #2189 ) ;
#4315 = DIRECTION ( 'NONE',  ( 1.000000000000000000, 0.000000000000000000, 0.000000000000000000 ) ) ;
#4316 = VERTEX_POINT ( 'NONE', #3493 ) ;
#4317 = CARTESIAN_POINT ( 'NONE',  ( -36.00000000000003553, 19.00000000000000000, 4.000000000000000000 ) ) ;
#4318 = EDGE_CURVE ( 'NONE', #724, #879, #2742, .T. ) ;
#4319 = VERTEX_POINT ( 'NONE', #3944 ) ;
#4320 = ORIENTED_EDGE ( 'NONE', *, *, #544, .F. ) ;
#4321 = DIRECTION ( 'NONE',  ( -1.652117596168388495E-16, 1.000000000000000000, 0.000000000000000000 ) ) ;
#4322 = CIRCLE ( 'NONE', #86, 4.000000000000000888 ) ;
#4323 = DIRECTION ( 'NONE',  ( -0.000000000000000000, -0.000000000000000000, -1.000000000000000000 ) ) ;
#4324 = ADVANCED_FACE ( 'NONE', ( #378 ), #3118, .F. ) ;
#4325 = ORIENTED_EDGE ( 'NONE', *, *, #1985, .T. ) ;
#4326 = DIRECTION ( 'NONE',  ( 1.000000000000000000, 0.000000000000000000, 0.000000000000000000 ) ) ;
#4327 = VECTOR ( 'NONE', #121, 1000.000000000000000 ) ;
#4328 = DIRECTION ( 'NONE',  ( 0.000000000000000000, 0.000000000000000000, -1.000000000000000000 ) ) ;
#4329 = FACE_OUTER_BOUND ( 'NONE', #2941, .T. ) ;
#4330 = DIRECTION ( 'NONE',  ( 0.000000000000000000, 0.000000000000000000, 1.000000000000000000 ) ) ;
#4331 = EDGE_CURVE ( 'NONE', #4593, #5005, #3249, .T. ) ;
#4332 = EDGE_CURVE ( 'NONE', #973, #1902, #1966, .T. ) ;
#4333 = EDGE_LOOP ( 'NONE', ( #850, #4242 ) ) ;
#4334 = AXIS2_PLACEMENT_3D ( 'NONE', #2053, #2127, #442 ) ;
#4335 = AXIS2_PLACEMENT_3D ( 'NONE', #2266, #3855, #3075 ) ;
#4336 = AXIS2_PLACEMENT_3D ( 'NONE', #2221, #2953, #4990 ) ;
#4337 = FACE_OUTER_BOUND ( 'NONE', #1896, .T. ) ;
#4338 = DIRECTION ( 'NONE',  ( 1.652117596168388495E-16, -1.000000000000000000, 0.000000000000000000 ) ) ;
#4339 = VECTOR ( 'NONE', #971, 1000.000000000000000 ) ;
#4340 = VECTOR ( 'NONE', #4743, 1000.000000000000000 ) ;
#4341 = PLANE ( 'NONE',  #498 ) ;
#4342 = ORIENTED_EDGE ( 'NONE', *, *, #4680, .T. ) ;
#4343 = DIRECTION ( 'NONE',  ( 1.000000000000000000, 0.000000000000000000, 0.000000000000000000 ) ) ;
#4344 = AXIS2_PLACEMENT_3D ( 'NONE', #5111, #5053, #352 ) ;
#4345 = ORIENTED_EDGE ( 'NONE', *, *, #4332, .T. ) ;
#4346 = VECTOR ( 'NONE', #1045, 1000.000000000000000 ) ;
#4347 = CYLINDRICAL_SURFACE ( 'NONE', #1852, 2.000000000000000000 ) ;
#4348 = AXIS2_PLACEMENT_3D ( 'NONE', #5088, #4001, #1241 ) ;
#4349 = ORIENTED_EDGE ( 'NONE', *, *, #5128, .F. ) ;
#4350 = CARTESIAN_POINT ( 'NONE',  ( 22.23259738175770295, -9.717228014441799289, 4.900000000000000355 ) ) ;
#4351 = ORIENTED_EDGE ( 'NONE', *, *, #4358, .F. ) ;
#4352 = ORIENTED_EDGE ( 'NONE', *, *, #1861, .F. ) ;
#4353 = CARTESIAN_POINT ( 'NONE',  ( -43.11716621585583198, -5.000000000000004441, 2.649999999999999911 ) ) ;
#4354 = LINE ( 'NONE', #4771, #4340 ) ;
#4355 = VERTEX_POINT ( 'NONE', #1576 ) ;
#4356 = VERTEX_POINT ( 'NONE', #2406 ) ;
#4357 = CARTESIAN_POINT ( 'NONE',  ( 8.000000000000001776, -4.999999999999993783, -6.000000000000000000 ) ) ;
#4358 = EDGE_CURVE ( 'NONE', #2732, #1880, #3996, .T. ) ;
#4359 = DIRECTION ( 'NONE',  ( -1.000000000000000000, -1.892425610156517122E-16, -0.000000000000000000 ) ) ;
#4360 = CARTESIAN_POINT ( 'NONE',  ( 6.750000000000002665, -4.999999999999994671, -8.500000000000015987 ) ) ;
#4361 = CARTESIAN_POINT ( 'NONE',  ( -11.17157287525380838, -4.999999999999997335, 4.500000000000007105 ) ) ;
#4362 = CIRCLE ( 'NONE', #3623, 4.000000000000000888 ) ;
#4363 = ORIENTED_EDGE ( 'NONE', *, *, #790, .T. ) ;
#4364 = EDGE_CURVE ( 'NONE', #1846, #1419, #4793, .T. ) ;
#4365 = CARTESIAN_POINT ( 'NONE',  ( 10.49999999999999822, 3.000000000000008438, -10.00000000000000000 ) ) ;
#4366 = CARTESIAN_POINT ( 'NONE',  ( 20.50000000000002132, -4.999999999999992006, -10.00000000000000000 ) ) ;
#4367 = EDGE_CURVE ( 'NONE', #1174, #2303, #2817, .T. ) ;
#4368 = VERTEX_POINT ( 'NONE', #64 ) ;
#4369 = CARTESIAN_POINT ( 'NONE',  ( -2.645751311064588496, 4.000000000000003553, 8.000000000000000000 ) ) ;
#4370 = ORIENTED_EDGE ( 'NONE', *, *, #2112, .T. ) ;
#4371 = VECTOR ( 'NONE', #3910, 1000.000000000000000 ) ;
#4372 = CARTESIAN_POINT ( 'NONE',  ( 12.50000000000000000, 5.000000000000019540, 9.500000000000014211 ) ) ;
#4373 = EDGE_CURVE ( 'NONE', #545, #4444, #2481, .T. ) ;
#4374 = CARTESIAN_POINT ( 'NONE',  ( 0.000000000000000000, 0.000000000000000000, -9.500000000000010658 ) ) ;
#4375 = VECTOR ( 'NONE', #820, 1000.000000000000000 ) ;
#4376 = CARTESIAN_POINT ( 'NONE',  ( -2.049988555502728627, 0.04221311994630862208, -2.630303252169589268 ) ) ;
#4377 = VECTOR ( 'NONE', #921, 1000.000000000000000 ) ;
#4378 = ORIENTED_EDGE ( 'NONE', *, *, #1096, .F. ) ;
#4379 = LINE ( 'NONE', #2405, #1869 ) ;
#4380 = DIRECTION ( 'NONE',  ( 0.000000000000000000, 1.000000000000000000, 0.000000000000000000 ) ) ;
#4381 = ORIENTED_EDGE ( 'NONE', *, *, #672, .T. ) ;
#4382 = EDGE_LOOP ( 'NONE', ( #3564, #269, #4231, #1804 ) ) ;
#4383 = CARTESIAN_POINT ( 'NONE',  ( -11.66418797473045643, 5.000000000000004441, -4.500000000000007105 ) ) ;
#4384 = CARTESIAN_POINT ( 'NONE',  ( 2.750000000000002665, -4.999999999999994671, -4.099999999999999645 ) ) ;
#4385 = FACE_OUTER_BOUND ( 'NONE', #4783, .T. ) ;
#4386 = ORIENTED_EDGE ( 'NONE', *, *, #4399, .F. ) ;
#4387 = EDGE_CURVE ( 'NONE', #3222, #4521, #3835, .T. ) ;
#4388 = DIRECTION ( 'NONE',  ( -0.000000000000000000, -0.000000000000000000, -1.000000000000000000 ) ) ;
#4389 = DIRECTION ( 'NONE',  ( 1.000000000000000000, 0.000000000000000000, 0.000000000000000000 ) ) ;
#4390 = DIRECTION ( 'NONE',  ( -1.000000000000000000, 0.000000000000000000, 0.000000000000000000 ) ) ;
#4391 = ORIENTED_EDGE ( 'NONE', *, *, #899, .F. ) ;
#4392 = DIRECTION ( 'NONE',  ( 0.7071067811865496822, 0.000000000000000000, -0.7071067811865454633 ) ) ;
#4393 = EDGE_LOOP ( 'NONE', ( #310, #3135, #3357, #542 ) ) ;
#4394 = EDGE_CURVE ( 'NONE', #2776, #3637, #3239, .T. ) ;
#4395 = DIRECTION ( 'NONE',  ( 0.000000000000000000, 0.000000000000000000, -1.000000000000000000 ) ) ;
#4396 = DIRECTION ( 'NONE',  ( 1.892425610156517122E-16, -1.000000000000000000, -0.000000000000000000 ) ) ;
#4397 = CARTESIAN_POINT ( 'NONE',  ( 32.00000000000000000, -6.406662568580375723E-48, 7.749999999999999112 ) ) ;
#4398 = EDGE_CURVE ( 'NONE', #2992, #2776, #2339, .T. ) ;
#4399 = EDGE_CURVE ( 'NONE', #3572, #1050, #2877, .T. ) ;
#4400 = AXIS2_PLACEMENT_3D ( 'NONE', #129, #1720, #4767 ) ;
#4401 = ORIENTED_EDGE ( 'NONE', *, *, #3984, .F. ) ;
#4402 = CARTESIAN_POINT ( 'NONE',  ( 5.750000000000000888, 4.000000000000004441, -4.099999999999999645 ) ) ;
#4403 = DIRECTION ( 'NONE',  ( 0.000000000000000000, 0.000000000000000000, -1.000000000000000000 ) ) ;
#4404 = ORIENTED_EDGE ( 'NONE', *, *, #623, .F. ) ;
#4405 = EDGE_LOOP ( 'NONE', ( #2652, #4363, #1156, #1622 ) ) ;
#4406 = LINE ( 'NONE', #2461, #2442 ) ;
#4407 = LINE ( 'NONE', #4750, #3093 ) ;
#4408 = DIRECTION ( 'NONE',  ( -0.000000000000000000, -0.000000000000000000, 1.000000000000000000 ) ) ;
#4409 = VERTEX_POINT ( 'NONE', #4435 ) ;
#4410 = DIRECTION ( 'NONE',  ( -0.000000000000000000, -0.000000000000000000, 1.000000000000000000 ) ) ;
#4411 = FACE_BOUND ( 'NONE', #1999, .T. ) ;
#4412 = EDGE_LOOP ( 'NONE', ( #868, #4438, #4502, #1770 ) ) ;
#4413 = AXIS2_PLACEMENT_3D ( 'NONE', #5009, #1458, #3041 ) ;
#4414 = AXIS2_PLACEMENT_3D ( 'NONE', #2415, #1660, #2905 ) ;
#4415 = CARTESIAN_POINT ( 'NONE',  ( -2.645751311064588496, 4.000000000000003553, 7.000000000000000000 ) ) ;
#4416 = VERTEX_POINT ( 'NONE', #902 ) ;
#4417 = VECTOR ( 'NONE', #661, 1000.000000000000000 ) ;
#4418 = VECTOR ( 'NONE', #2202, 1000.000000000000000 ) ;
#4419 = DIRECTION ( 'NONE',  ( 1.000000000000000000, 0.000000000000000000, 0.000000000000000000 ) ) ;
#4420 = CIRCLE ( 'NONE', #265, 2.200000000000000622 ) ;
#4421 = FACE_OUTER_BOUND ( 'NONE', #12, .T. ) ;
#4422 = VECTOR ( 'NONE', #3580, 1000.000000000000000 ) ;
#4423 = DIRECTION ( 'NONE',  ( 0.000000000000000000, 0.000000000000000000, -1.000000000000000000 ) ) ;
#4424 = ADVANCED_FACE ( 'NONE', ( #3267 ), #883, .F. ) ;
#4425 = CIRCLE ( 'NONE', #4022, 5.000000000000000888 ) ;
#4426 = VECTOR ( 'NONE', #1326, 1000.000000000000000 ) ;
#4427 = EDGE_LOOP ( 'NONE', ( #236, #4722, #1914, #2351 ) ) ;
#4428 = AXIS2_PLACEMENT_3D ( 'NONE', #1754, #1420, #2201 ) ;
#4429 = FACE_OUTER_BOUND ( 'NONE', #186, .T. ) ;
#4430 = EDGE_CURVE ( 'NONE', #506, #1017, #2587, .T. ) ;
#4431 = EDGE_CURVE ( 'NONE', #455, #3460, #2086, .T. ) ;
#4432 = ORIENTED_EDGE ( 'NONE', *, *, #3774, .T. ) ;
#4433 = ORIENTED_EDGE ( 'NONE', *, *, #1391, .F. ) ;
#4434 = LINE ( 'NONE', #1632, #3351 ) ;
#4435 = CARTESIAN_POINT ( 'NONE',  ( -29.69999999999999929, -2.694222958124181444E-16, 4.000000000000000000 ) ) ;
#4436 = DIRECTION ( 'NONE',  ( 1.892425610156517122E-16, -1.000000000000000000, 0.000000000000000000 ) ) ;
#4437 = CARTESIAN_POINT ( 'NONE',  ( 18.00000000000000355, 3.000000000000006661, 3.000000000000000000 ) ) ;
#4438 = ORIENTED_EDGE ( 'NONE', *, *, #4926, .T. ) ;
#4439 = PLANE ( 'NONE',  #507 ) ;
#4440 = DIRECTION ( 'NONE',  ( 0.000000000000000000, 0.000000000000000000, 1.000000000000000000 ) ) ;
#4441 = LINE ( 'NONE', #1226, #1168 ) ;
#4442 = ORIENTED_EDGE ( 'NONE', *, *, #2526, .T. ) ;
#4443 = CARTESIAN_POINT ( 'NONE',  ( 27.50000000000000000, -4.999999999999990230, 7.249999999999999112 ) ) ;
#4444 = VERTEX_POINT ( 'NONE', #1748 ) ;
#4445 = CARTESIAN_POINT ( 'NONE',  ( 27.50000000000000000, 5.000000000000011546, -10.00000000000000000 ) ) ;
#4446 = CIRCLE ( 'NONE', #2706, 1.000000000000000000 ) ;
#4447 = CARTESIAN_POINT ( 'NONE',  ( -1.998661308800280478, 0.4578173459108019760, -2.618649111210239244 ) ) ;
#4448 = EDGE_CURVE ( 'NONE', #838, #3111, #3045, .T. ) ;
#4449 = CIRCLE ( 'NONE', #3546, 2.000000000000000000 ) ;
#4450 = CONICAL_SURFACE ( 'NONE', #4946, 3.600000000000005862, 0.7853981633974461696 ) ;
#4451 = ORIENTED_EDGE ( 'NONE', *, *, #708, .F. ) ;
#4452 = CARTESIAN_POINT ( 'NONE',  ( -6.249999999999996447, -4.499999999999984013, -6.000000000000000000 ) ) ;
#4453 = ORIENTED_EDGE ( 'NONE', *, *, #4870, .T. ) ;
#4454 = VERTEX_POINT ( 'NONE', #3704 ) ;
#4455 = EDGE_CURVE ( 'NONE', #2413, #3802, #1089, .T. ) ;
#4456 = DIRECTION ( 'NONE',  ( -0.7071067811865500152, -0.7071067811865450192, -0.000000000000000000 ) ) ;
#4457 = DIRECTION ( 'NONE',  ( 0.000000000000000000, 0.000000000000000000, -1.000000000000000000 ) ) ;
#4458 = CARTESIAN_POINT ( 'NONE',  ( -12.49444853078622586, -4.499999999999991118, 4.000000000000000000 ) ) ;
#4459 = LINE ( 'NONE', #3344, #4245 ) ;
#4460 = ORIENTED_EDGE ( 'NONE', *, *, #1642, .F. ) ;
#4461 = EDGE_CURVE ( 'NONE', #1846, #2982, #4094, .T. ) ;
#4462 = ADVANCED_FACE ( 'NONE', ( #2920 ), #4248, .T. ) ;
#4463 = DIRECTION ( 'NONE',  ( 0.000000000000000000, 0.000000000000000000, -1.000000000000000000 ) ) ;
#4464 = FACE_OUTER_BOUND ( 'NONE', #125, .T. ) ;
#4465 = CARTESIAN_POINT ( 'NONE',  ( -12.49444853078624718, 4.499999999999996447, 4.000000000000000000 ) ) ;
#4466 = DIRECTION ( 'NONE',  ( -0.000000000000000000, -0.000000000000000000, -1.000000000000000000 ) ) ;
#4467 = ORIENTED_EDGE ( 'NONE', *, *, #3037, .F. ) ;
#4468 = CARTESIAN_POINT ( 'NONE',  ( -3.749999999999985789, -4.999999999999996447, -4.099999999999999645 ) ) ;
#4469 = VERTEX_POINT ( 'NONE', #4887 ) ;
#4470 = CARTESIAN_POINT ( 'NONE',  ( -25.30000000000000071, 0.000000000000000000, -5.800000000000001599 ) ) ;
#4471 = CARTESIAN_POINT ( 'NONE',  ( -2.039743133334877445, 0.2090829821405777444, -2.627745026071054202 ) ) ;
#4472 = LINE ( 'NONE', #917, #4339 ) ;
#4473 = ORIENTED_EDGE ( 'NONE', *, *, #4398, .F. ) ;
#4474 = CARTESIAN_POINT ( 'NONE',  ( 20.00000000000000000, 3.000000000000006661, 3.000000000000000000 ) ) ;
#4475 = CARTESIAN_POINT ( 'NONE',  ( 8.000000000000000000, 4.000000000000005329, -6.000000000000000000 ) ) ;
#4476 = VERTEX_POINT ( 'NONE', #4120 ) ;
#4477 = EDGE_LOOP ( 'NONE', ( #4604, #4794, #4980, #886 ) ) ;
#4478 = CYLINDRICAL_SURFACE ( 'NONE', #4923, 2.000000000000001776 ) ;
#4479 = CYLINDRICAL_SURFACE ( 'NONE', #1270, 3.499999999999985789 ) ;
#4480 = EDGE_CURVE ( 'NONE', #3243, #3189, #257, .T. ) ;
#4481 = CIRCLE ( 'NONE', #1334, 2.200000000000000622 ) ;
#4482 = PLANE ( 'NONE',  #3833 ) ;
#4483 = ORIENTED_EDGE ( 'NONE', *, *, #1390, .F. ) ;
#4484 = CARTESIAN_POINT ( 'NONE',  ( 10.00000000000000000, 4.000000000000005329, 5.000000000000000000 ) ) ;
#4485 = CARTESIAN_POINT ( 'NONE',  ( -2.620174689609743979, 0.3380392928025998667, -2.134551002168740386 ) ) ;
#4486 = CARTESIAN_POINT ( 'NONE',  ( -12.58578643762692195, 4.414213562373095812, -4.000000000000000000 ) ) ;
#4487 = ADVANCED_FACE ( 'NONE', ( #136, #4917 ), #1369, .F. ) ;
#4488 = ORIENTED_EDGE ( 'NONE', *, *, #3107, .F. ) ;
#4489 = EDGE_CURVE ( 'NONE', #458, #4593, #553, .T. ) ;
#4490 = CYLINDRICAL_SURFACE ( 'NONE', #5090, 4.000000000000000888 ) ;
#4491 = ORIENTED_EDGE ( 'NONE', *, *, #492, .T. ) ;
#4492 = VECTOR ( 'NONE', #463, 1000.000000000000000 ) ;
#4493 = CARTESIAN_POINT ( 'NONE',  ( -2.050000000050113957, 1.550917769478901967E-14, -2.630306152124544550 ) ) ;
#4494 = AXIS2_PLACEMENT_3D ( 'NONE', #283, #1311, #1336 ) ;
#4495 = FACE_OUTER_BOUND ( 'NONE', #2721, .T. ) ;
#4496 = VECTOR ( 'NONE', #1519, 1000.000000000000000 ) ;
#4497 = AXIS2_PLACEMENT_3D ( 'NONE', #621, #4878, #3352 ) ;
#4498 = CIRCLE ( 'NONE', #2016, 5.000000000000000888 ) ;
#4499 = DIRECTION ( 'NONE',  ( -1.652117596168388495E-16, 1.000000000000000000, 0.000000000000000000 ) ) ;
#4500 = LINE ( 'NONE', #551, #690 ) ;
#4501 = AXIS2_PLACEMENT_3D ( 'NONE', #4220, #5018, #1468 ) ;
#4502 = ORIENTED_EDGE ( 'NONE', *, *, #3038, .T. ) ;
#4503 = DIRECTION ( 'NONE',  ( 1.000000000000000000, 0.000000000000000000, 0.000000000000000000 ) ) ;
#4504 = CARTESIAN_POINT ( 'NONE',  ( -27.50000000000000000, 0.000000000000000000, -9.500000000000000000 ) ) ;
#4505 = AXIS2_PLACEMENT_3D ( 'NONE', #2891, #4091, #4987 ) ;
#4506 = ORIENTED_EDGE ( 'NONE', *, *, #1289, .T. ) ;
#4507 = ORIENTED_EDGE ( 'NONE', *, *, #518, .T. ) ;
#4508 = AXIS2_PLACEMENT_3D ( 'NONE', #396, #3318, #2486 ) ;
#4509 = EDGE_LOOP ( 'NONE', ( #1948, #4535, #532, #3411 ) ) ;
#4510 = LINE ( 'NONE', #4893, #864 ) ;
#4511 = CONICAL_SURFACE ( 'NONE', #3356, 5.000000000000000888, 0.7853981633974482790 ) ;
#4512 = DIRECTION ( 'NONE',  ( 0.000000000000000000, 1.000000000000000000, 0.000000000000000000 ) ) ;
#4513 =( BOUNDED_CURVE ( )  B_SPLINE_CURVE ( 3, ( #1398, #3735, #2980, #4458 ),
 .UNSPECIFIED., .F., .T. ) 
 B_SPLINE_CURVE_WITH_KNOTS ( ( 4, 4 ),
 ( 1.892425610156516875E-16, 0.7227342478134640702 ),
 .UNSPECIFIED. ) 
 CURVE ( )  GEOMETRIC_REPRESENTATION_ITEM ( )  RATIONAL_B_SPLINE_CURVE ( ( 1.000000000000000000, 0.9569428977956511151, 0.9569428977956511151, 1.000000000000000000 ) ) 
 REPRESENTATION_ITEM ( '' )  );
#4514 = DIRECTION ( 'NONE',  ( -0.000000000000000000, -0.000000000000000000, 1.000000000000000000 ) ) ;
#4515 = EDGE_LOOP ( 'NONE', ( #472, #1359, #3707, #2341 ) ) ;
#4516 = EDGE_CURVE ( 'NONE', #4007, #1339, #3282, .T. ) ;
#4517 = DIRECTION ( 'NONE',  ( 0.000000000000000000, 0.000000000000000000, -1.000000000000000000 ) ) ;
#4518 = CARTESIAN_POINT ( 'NONE',  ( 32.50000000000000000, -4.499999999999987566, -7.750000000000000000 ) ) ;
#4519 = CARTESIAN_POINT ( 'NONE',  ( 10.00000000000000178, -4.499999999999979572, 6.000000000000000000 ) ) ;
#4520 = CARTESIAN_POINT ( 'NONE',  ( 10.50000000000000178, -2.999999999999994671, 10.00000000000000000 ) ) ;
#4521 = VERTEX_POINT ( 'NONE', #1065 ) ;
#4522 = FACE_OUTER_BOUND ( 'NONE', #1518, .T. ) ;
#4523 = ORIENTED_EDGE ( 'NONE', *, *, #4687, .F. ) ;
#4524 = EDGE_CURVE ( 'NONE', #1554, #3466, #3068, .T. ) ;
#4525 = CARTESIAN_POINT ( 'NONE',  ( -2.050000012691220341, -0.04146699852728020358, -2.630306130409200804 ) ) ;
#4526 = DIRECTION ( 'NONE',  ( 1.000000000000000000, 1.652117596168388495E-16, 0.000000000000000000 ) ) ;
#4527 = AXIS2_PLACEMENT_3D ( 'NONE', #4813, #1701, #4841 ) ;
#4528 = ADVANCED_FACE ( 'NONE', ( #2165 ), #4532, .T. ) ;
#4529 = DIRECTION ( 'NONE',  ( 0.000000000000000000, 0.000000000000000000, 1.000000000000000000 ) ) ;
#4530 = FACE_OUTER_BOUND ( 'NONE', #1506, .T. ) ;
#4531 = ORIENTED_EDGE ( 'NONE', *, *, #3615, .F. ) ;
#4532 = CYLINDRICAL_SURFACE ( 'NONE', #1761, 2.000000000000000000 ) ;
#4533 = DIRECTION ( 'NONE',  ( 1.000000000000000000, 1.652117596168388495E-16, 0.000000000000000000 ) ) ;
#4534 = EDGE_LOOP ( 'NONE', ( #2849, #2864, #3326, #625 ) ) ;
#4535 = ORIENTED_EDGE ( 'NONE', *, *, #3574, .T. ) ;
#4536 = AXIS2_PLACEMENT_3D ( 'NONE', #1661, #4802, #4338 ) ;
#4537 = ORIENTED_EDGE ( 'NONE', *, *, #3550, .F. ) ;
#4538 = FACE_OUTER_BOUND ( 'NONE', #1203, .T. ) ;
#4539 = PLANE ( 'NONE',  #1520 ) ;
#4540 = FACE_OUTER_BOUND ( 'NONE', #537, .T. ) ;
#4541 = ORIENTED_EDGE ( 'NONE', *, *, #4585, .F. ) ;
#4542 = PLANE ( 'NONE',  #522 ) ;
#4543 = LINE ( 'NONE', #199, #600 ) ;
#4544 = CARTESIAN_POINT ( 'NONE',  ( 11.82287565553229491, 4.500000000000007105, 7.749999999999998224 ) ) ;
#4545 = LINE ( 'NONE', #541, #3327 ) ;
#4546 = DIRECTION ( 'NONE',  ( 1.000000000000000000, 0.000000000000000000, 0.000000000000000000 ) ) ;
#4547 = EDGE_LOOP ( 'NONE', ( #1993, #3694, #4054, #734, #3079 ) ) ;
#4548 = CARTESIAN_POINT ( 'NONE',  ( -1.998661308800280478, 0.4578173459108019760, -2.618649111210239244 ) ) ;
#4549 = DIRECTION ( 'NONE',  ( 1.000000000000000000, 0.000000000000000000, 0.000000000000000000 ) ) ;
#4550 = ORIENTED_EDGE ( 'NONE', *, *, #3892, .T. ) ;
#4551 = ADVANCED_FACE ( 'NONE', ( #2140 ), #1596, .F. ) ;
#4552 = DIRECTION ( 'NONE',  ( 1.000000000000000000, 0.000000000000000000, 0.000000000000000000 ) ) ;
#4553 = CARTESIAN_POINT ( 'NONE',  ( 2.328426556282904514, 4.000000000000002665, 7.804638666667846003 ) ) ;
#4554 = ORIENTED_EDGE ( 'NONE', *, *, #679, .T. ) ;
#4555 = CARTESIAN_POINT ( 'NONE',  ( 23.06437195485759517, -4.999999999999992006, -2.649999999999999911 ) ) ;
#4556 = EDGE_CURVE ( 'NONE', #1880, #1846, #848, .T. ) ;
#4557 = EDGE_CURVE ( 'NONE', #3111, #4204, #2171, .T. ) ;
#4558 = ORIENTED_EDGE ( 'NONE', *, *, #966, .T. ) ;
#4559 = ORIENTED_EDGE ( 'NONE', *, *, #2751, .F. ) ;
#4560 = CARTESIAN_POINT ( 'NONE',  ( -27.50000000000000000, 0.000000000000000000, 9.500000000000014211 ) ) ;
#4561 = CARTESIAN_POINT ( 'NONE',  ( -12.49444853078624718, 4.499999999999996447, 4.000000000000000000 ) ) ;
#4562 = LINE ( 'NONE', #4203, #2663 ) ;
#4563 = ORIENTED_EDGE ( 'NONE', *, *, #4871, .F. ) ;
#4564 = CARTESIAN_POINT ( 'NONE',  ( 11.00000000000000000, 4.000000000000005329, 6.000000000000000000 ) ) ;
#4565 = CARTESIAN_POINT ( 'NONE',  ( -15.00000000000000000, 5.000000000000014211, 4.000000000000000000 ) ) ;
#4566 = DIRECTION ( 'NONE',  ( -1.000000000000000000, -3.469446951953594467E-16, 0.000000000000000000 ) ) ;
#4567 = CARTESIAN_POINT ( 'NONE',  ( -4.249999999999998224, 4.000000000000002665, -8.000000000000000000 ) ) ;
#4568 = CARTESIAN_POINT ( 'NONE',  ( -27.50000000000000000, -5.000000000000000888, 9.500000000000014211 ) ) ;
#4569 = ORIENTED_EDGE ( 'NONE', *, *, #1196, .F. ) ;
#4570 = CARTESIAN_POINT ( 'NONE',  ( -2.039905066166886716, -0.2074551193216120915, -2.627784649991096622 ) ) ;
#4571 = CYLINDRICAL_SURFACE ( 'NONE', #998, 1.000000000000000888 ) ;
#4572 = EDGE_LOOP ( 'NONE', ( #3392, #4715, #2976, #4277 ) ) ;
#4573 = VECTOR ( 'NONE', #2173, 1000.000000000000000 ) ;
#4574 = VECTOR ( 'NONE', #5038, 1000.000000000000000 ) ;
#4575 = CARTESIAN_POINT ( 'NONE',  ( -6.249999999999998224, 3.000000000000002665, -6.000000000000000000 ) ) ;
#4576 = CARTESIAN_POINT ( 'NONE',  ( 2.509896310494099669, 3.119812866009157748, 8.000000000000000000 ) ) ;
#4577 = ADVANCED_FACE ( 'NONE', ( #4234 ), #5012, .F. ) ;
#4578 = ORIENTED_EDGE ( 'NONE', *, *, #3731, .T. ) ;
#4579 = CARTESIAN_POINT ( 'NONE',  ( 4.249999999999988454, -4.999999999999994671, -4.099999999999999645 ) ) ;
#4580 = VECTOR ( 'NONE', #3015, 1000.000000000000000 ) ;
#4581 = AXIS2_PLACEMENT_3D ( 'NONE', #5112, #1995, #1482 ) ;
#4582 = ORIENTED_EDGE ( 'NONE', *, *, #1879, .F. ) ;
#4583 = AXIS2_PLACEMENT_3D ( 'NONE', #1230, #451, #1983 ) ;
#4584 = AXIS2_PLACEMENT_3D ( 'NONE', #4197, #659, #4608 ) ;
#4585 = EDGE_CURVE ( 'NONE', #3513, #3797, #3849, .T. ) ;
#4586 = ADVANCED_FACE ( 'NONE', ( #3561 ), #681, .T. ) ;
#4587 = DIRECTION ( 'NONE',  ( 1.000000000000000000, -0.000000000000000000, -0.000000000000000000 ) ) ;
#4588 = VECTOR ( 'NONE', #1421, 1000.000000000000000 ) ;
#4589 = AXIS2_PLACEMENT_3D ( 'NONE', #1274, #887, #2102 ) ;
#4590 = CARTESIAN_POINT ( 'NONE',  ( -27.50000000000000000, 5.000000000000000888, 7.249999999999994671 ) ) ;
#4591 = CIRCLE ( 'NONE', #2355, 1.000000000000000000 ) ;
#4592 = DIRECTION ( 'NONE',  ( -1.000000000000000000, -1.892425610156517122E-16, -0.000000000000000000 ) ) ;
#4593 = VERTEX_POINT ( 'NONE', #3097 ) ;
#4594 = VECTOR ( 'NONE', #4677, 1000.000000000000000 ) ;
#4595 = EDGE_CURVE ( 'NONE', #2505, #1901, #4307, .T. ) ;
#4596 = LINE ( 'NONE', #4229, #3427 ) ;
#4597 = DIRECTION ( 'NONE',  ( -1.000000000000000000, 1.734723475976806700E-15, 0.000000000000000000 ) ) ;
#4598 = DIRECTION ( 'NONE',  ( 0.000000000000000000, 0.000000000000000000, -1.000000000000000000 ) ) ;
#4599 = PLANE ( 'NONE',  #3920 ) ;
#4600 = CARTESIAN_POINT ( 'NONE',  ( 2.049999999999999822, 0.000000000000000000, -2.600000000000003197 ) ) ;
#4601 = ORIENTED_EDGE ( 'NONE', *, *, #3470, .F. ) ;
#4602 = DIRECTION ( 'NONE',  ( 0.000000000000000000, 0.000000000000000000, 1.000000000000000000 ) ) ;
#4603 = DIRECTION ( 'NONE',  ( -0.000000000000000000, -0.000000000000000000, 1.000000000000000000 ) ) ;
#4604 = ORIENTED_EDGE ( 'NONE', *, *, #574, .F. ) ;
#4605 = DIRECTION ( 'NONE',  ( 0.000000000000000000, 0.000000000000000000, 1.000000000000000000 ) ) ;
#4606 = DIRECTION ( 'NONE',  ( 0.000000000000000000, 0.7071067811865474617, 0.7071067811865474617 ) ) ;
#4607 = EDGE_LOOP ( 'NONE', ( #1101, #2541, #2333, #994 ) ) ;
#4608 = DIRECTION ( 'NONE',  ( 1.000000000000000000, 0.000000000000000000, 0.000000000000000000 ) ) ;
#4609 = CIRCLE ( 'NONE', #798, 1.000000000000000000 ) ;
#4610 = EDGE_CURVE ( 'NONE', #3504, #197, #3479, .T. ) ;
#4611 = ORIENTED_EDGE ( 'NONE', *, *, #672, .F. ) ;
#4612 = FACE_OUTER_BOUND ( 'NONE', #1979, .T. ) ;
#4613 = DIRECTION ( 'NONE',  ( -0.000000000000000000, -0.000000000000000000, 1.000000000000000000 ) ) ;
#4614 = LINE ( 'NONE', #1056, #2350 ) ;
#4615 = ADVANCED_FACE ( 'NONE', ( #785 ), #754, .F. ) ;
#4616 = VECTOR ( 'NONE', #4138, 1000.000000000000000 ) ;
#4617 = ORIENTED_EDGE ( 'NONE', *, *, #905, .F. ) ;
#4618 = DIRECTION ( 'NONE',  ( 0.000000000000000000, 1.000000000000000000, 0.000000000000000000 ) ) ;
#4619 = VECTOR ( 'NONE', #452, 999.9999999999998863 ) ;
#4620 = VECTOR ( 'NONE', #3117, 1000.000000000000000 ) ;
#4621 = CARTESIAN_POINT ( 'NONE',  ( 27.50000000000000000, 0.000000000000000000, -7.750000000000001776 ) ) ;
#4622 = B_SPLINE_CURVE_WITH_KNOTS ( 'NONE', 3,
 ( #1736, #984, #1009, #1712, #4877, #1323, #1381, #2567, #539, #2906, #4485, #3322, #4156, #1403, #2938, #4954, #2595, #4186, #620, #960, #2545, #1689, #3273, #4297, #1599, #1936, #3573, #4769 ),
 .UNSPECIFIED., .F., .F.,
 ( 4, 2, 2, 2, 2, 2, 2, 2, 2, 2, 2, 2, 2, 4 ),
 ( 0.000000000000000000, 0.1249999999999999584, 0.2500000000000000000, 0.3125000000000000000, 0.3437500000000000000, 0.3750000000000000555, 0.4375000000000000000, 0.5000000000000000000, 0.5625000000000000000, 0.6250000000000000000, 0.6875000000000000000, 0.7500000000000000000, 0.8750000000000000000, 1.000000000000000000 ),
 .UNSPECIFIED. ) ;
#4623 = CARTESIAN_POINT ( 'NONE',  ( 32.50000000000000000, 5.000000000000023093, -7.750000000000000000 ) ) ;
#4624 = DIRECTION ( 'NONE',  ( 1.000000000000000000, 1.892425610156517122E-16, 0.000000000000000000 ) ) ;
#4625 = ADVANCED_FACE ( 'NONE', ( #1200 ), #2727, .F. ) ;
#4626 = EDGE_CURVE ( 'NONE', #3985, #316, #2287, .T. ) ;
#4627 = VERTEX_POINT ( 'NONE', #3873 ) ;
#4628 = DIRECTION ( 'NONE',  ( 8.673617379884035472E-17, 1.641417566239121864E-32, -1.000000000000000000 ) ) ;
#4629 = CARTESIAN_POINT ( 'NONE',  ( -2.604653261250643226, 0.4159101571629625904, -2.131688386670959279 ) ) ;
#4630 = CARTESIAN_POINT ( 'NONE',  ( -27.50000000000000000, 0.000000000000000000, -4.500000000000007105 ) ) ;
#4631 = EDGE_LOOP ( 'NONE', ( #3438, #2295, #2108, #878 ) ) ;
#4632 = VERTEX_POINT ( 'NONE', #3149 ) ;
#4633 = CYLINDRICAL_SURFACE ( 'NONE', #4673, 3.099999999999998757 ) ;
#4634 = ORIENTED_EDGE ( 'NONE', *, *, #329, .F. ) ;
#4635 = DIRECTION ( 'NONE',  ( 1.892425610156517122E-16, -1.000000000000000000, 0.000000000000000000 ) ) ;
#4636 = ORIENTED_EDGE ( 'NONE', *, *, #3037, .T. ) ;
#4637 = VERTEX_POINT ( 'NONE', #5117 ) ;
#4638 = FACE_OUTER_BOUND ( 'NONE', #2657, .T. ) ;
#4639 = LINE ( 'NONE', #3415, #3186 ) ;
#4640 = LINE ( 'NONE', #2225, #503 ) ;
#4641 = ORIENTED_EDGE ( 'NONE', *, *, #1957, .F. ) ;
#4642 = CARTESIAN_POINT ( 'NONE',  ( -27.50000000000000000, 5.000000000000000888, -7.249999999999994671 ) ) ;
#4643 = EDGE_CURVE ( 'NONE', #4772, #4904, #2335, .T. ) ;
#4644 = CARTESIAN_POINT ( 'NONE',  ( 18.00000000000000355, -4.499999999999977796, -3.000000000000000000 ) ) ;
#4645 = CARTESIAN_POINT ( 'NONE',  ( -2.249999999999996891, -4.999999999999995559, -4.099999999999999645 ) ) ;
#4646 = CARTESIAN_POINT ( 'NONE',  ( -7.499999999999994671, -4.499999999999983125, -6.000000000000000000 ) ) ;
#4647 = ORIENTED_EDGE ( 'NONE', *, *, #155, .T. ) ;
#4648 = CIRCLE ( 'NONE', #1250, 3.600000000000005862 ) ;
#4649 = EDGE_CURVE ( 'NONE', #4702, #1873, #390, .T. ) ;
#4650 = CARTESIAN_POINT ( 'NONE',  ( -2.249999999999998668, 4.000000000000003553, -4.099999999999999645 ) ) ;
#4651 = CARTESIAN_POINT ( 'NONE',  ( -2.102941176470585205, -1.121568627450991062, -2.266666666666667496 ) ) ;
#4652 = EDGE_CURVE ( 'NONE', #321, #2304, #593, .T. ) ;
#4653 = CARTESIAN_POINT ( 'NONE',  ( 1.707730086061338470, 4.000000000000003553, 7.155679868080959238 ) ) ;
#4654 = ORIENTED_EDGE ( 'NONE', *, *, #1563, .T. ) ;
#4655 = AXIS2_PLACEMENT_3D ( 'NONE', #3928, #1844, #3512 ) ;
#4656 = EDGE_LOOP ( 'NONE', ( #3824, #1818, #2459, #34 ) ) ;
#4657 = CARTESIAN_POINT ( 'NONE',  ( 10.49999999999999822, 4.500000000000021316, 10.00000000000000000 ) ) ;
#4658 = CARTESIAN_POINT ( 'NONE',  ( -6.249999999999996447, -4.999999999999996447, -8.500000000000014211 ) ) ;
#4659 = ORIENTED_EDGE ( 'NONE', *, *, #3858, .F. ) ;
#4660 = DIRECTION ( 'NONE',  ( 1.000000000000000000, 1.892425610156517122E-16, 0.000000000000000000 ) ) ;
#4661 = VERTEX_POINT ( 'NONE', #1560 ) ;
#4662 = CIRCLE ( 'NONE', #4083, 1.000000000000000888 ) ;
#4663 = VERTEX_POINT ( 'NONE', #5059 ) ;
#4664 = AXIS2_PLACEMENT_3D ( 'NONE', #2387, #3634, #2361 ) ;
#4665 = AXIS2_PLACEMENT_3D ( 'NONE', #3979, #2001, #4681 ) ;
#4666 = CARTESIAN_POINT ( 'NONE',  ( -27.50000000000000000, 4.500000000000000888, -10.00000000000000000 ) ) ;
#4667 = CARTESIAN_POINT ( 'NONE',  ( -27.50000000000000000, 0.000000000000000000, 10.00000000000000000 ) ) ;
#4668 = ORIENTED_EDGE ( 'NONE', *, *, #2584, .T. ) ;
#4669 = CIRCLE ( 'NONE', #4583, 2.550000000000003819 ) ;
#4670 = ORIENTED_EDGE ( 'NONE', *, *, #3354, .T. ) ;
#4671 =( GEOMETRIC_REPRESENTATION_CONTEXT ( 3 ) GLOBAL_UNCERTAINTY_ASSIGNED_CONTEXT ( ( #305 ) ) GLOBAL_UNIT_ASSIGNED_CONTEXT ( ( #1889, #3089, #1117 ) ) REPRESENTATION_CONTEXT ( 'NONE', 'WORKASPACE' ) );
#4672 = CARTESIAN_POINT ( 'NONE',  ( -11.66418797473044222, -4.999999999999998224, -4.500000000000007994 ) ) ;
#4673 = AXIS2_PLACEMENT_3D ( 'NONE', #3518, #1071, #1567 ) ;
#4674 = DIRECTION ( 'NONE',  ( 0.000000000000000000, 0.000000000000000000, -1.000000000000000000 ) ) ;
#4675 = DIRECTION ( 'NONE',  ( -1.000000000000000000, -1.892425610156517122E-16, -0.000000000000000000 ) ) ;
#4676 = AXIS2_PLACEMENT_3D ( 'NONE', #4666, #2692, #4274 ) ;
#4677 = DIRECTION ( 'NONE',  ( 1.892425610156517122E-16, -1.000000000000000000, 0.000000000000000000 ) ) ;
#4678 = ORIENTED_EDGE ( 'NONE', *, *, #2525, .F. ) ;
#4679 = AXIS2_PLACEMENT_3D ( 'NONE', #1, #2761, #4808 ) ;
#4680 = EDGE_CURVE ( 'NONE', #3690, #2828, #1513, .T. ) ;
#4681 = DIRECTION ( 'NONE',  ( -1.000000000000000000, 0.000000000000000000, 0.000000000000000000 ) ) ;
#4682 = CARTESIAN_POINT ( 'NONE',  ( -50.00000000000000000, 5.000000000000007105, 4.000000000000000000 ) ) ;
#4683 = CIRCLE ( 'NONE', #3114, 3.499999999999985789 ) ;
#4684 = CARTESIAN_POINT ( 'NONE',  ( 2.404705719407874920, 4.000000000000004441, 7.000000000000000000 ) ) ;
#4685 = ORIENTED_EDGE ( 'NONE', *, *, #4843, .F. ) ;
#4686 = ORIENTED_EDGE ( 'NONE', *, *, #1479, .T. ) ;
#4687 = EDGE_CURVE ( 'NONE', #2627, #1080, #3586, .T. ) ;
#4688 = CARTESIAN_POINT ( 'NONE',  ( 8.000000000000001776, -4.999999999999993783, 6.000000000000000000 ) ) ;
#4689 = FACE_OUTER_BOUND ( 'NONE', #616, .T. ) ;
#4690 = DIRECTION ( 'NONE',  ( -1.338146981832762033E-16, 0.7071067811865470176, 0.7071067811865481278 ) ) ;
#4691 = FACE_OUTER_BOUND ( 'NONE', #1260, .T. ) ;
#4692 = ADVANCED_FACE ( 'NONE', ( #1976 ), #1674, .F. ) ;
#4693 = ORIENTED_EDGE ( 'NONE', *, *, #231, .T. ) ;
#4694 = ORIENTED_EDGE ( 'NONE', *, *, #1570, .T. ) ;
#4695 = CARTESIAN_POINT ( 'NONE',  ( 27.50000000000000000, 0.000000000000000000, -4.900000000000000355 ) ) ;
#4696 = CARTESIAN_POINT ( 'NONE',  ( -9.499999999999996447, 4.000000000000001776, 8.000000000000000000 ) ) ;
#4697 = EDGE_LOOP ( 'NONE', ( #2707, #2831, #2547, #4223 ) ) ;
#4698 = ORIENTED_EDGE ( 'NONE', *, *, #3575, .F. ) ;
#4699 = CARTESIAN_POINT ( 'NONE',  ( -11.17157287525380838, -4.999999999999997335, -4.500000000000007105 ) ) ;
#4700 = CARTESIAN_POINT ( 'NONE',  ( 8.000000000000001776, -4.999999999999993783, 8.500000000000015987 ) ) ;
#4701 = DIRECTION ( 'NONE',  ( -0.000000000000000000, -0.000000000000000000, 1.000000000000000000 ) ) ;
#4702 = VERTEX_POINT ( 'NONE', #3126 ) ;
#4703 = CIRCLE ( 'NONE', #2047, 1.000000000000000000 ) ;
#4704 = LINE ( 'NONE', #1586, #4986 ) ;
#4705 = DIRECTION ( 'NONE',  ( -1.892425610156517122E-16, 1.000000000000000000, 0.000000000000000000 ) ) ;
#4706 = DIRECTION ( 'NONE',  ( 0.000000000000000000, 0.000000000000000000, -1.000000000000000000 ) ) ;
#4707 = ORIENTED_EDGE ( 'NONE', *, *, #1448, .F. ) ;
#4708 = DIRECTION ( 'NONE',  ( 1.000000000000000000, 0.000000000000000000, 0.000000000000000000 ) ) ;
#4709 = ORIENTED_EDGE ( 'NONE', *, *, #2298, .T. ) ;
#4710 = CARTESIAN_POINT ( 'NONE',  ( 10.49999999999999822, 5.000000000000007994, 7.249999999999997335 ) ) ;
#4711 = CARTESIAN_POINT ( 'NONE',  ( 0.4851763124314590891, 4.000000000000002665, 7.880085205024569106 ) ) ;
#4712 = EDGE_LOOP ( 'NONE', ( #4451, #3181, #2215, #3781 ) ) ;
#4713 = CYLINDRICAL_SURFACE ( 'NONE', #683, 1.000000000000000000 ) ;
#4714 = EDGE_CURVE ( 'NONE', #4773, #2908, #3202, .T. ) ;
#4715 = ORIENTED_EDGE ( 'NONE', *, *, #3410, .T. ) ;
#4716 = ORIENTED_EDGE ( 'NONE', *, *, #4053, .F. ) ;
#4717 = DIRECTION ( 'NONE',  ( -0.000000000000000000, -0.000000000000000000, -1.000000000000000000 ) ) ;
#4718 = EDGE_CURVE ( 'NONE', #2268, #2212, #4704, .T. ) ;
#4719 = ADVANCED_FACE ( 'NONE', ( #4337 ), #2311, .F. ) ;
#4720 = DIRECTION ( 'NONE',  ( -0.000000000000000000, -0.000000000000000000, -1.000000000000000000 ) ) ;
#4721 = ORIENTED_EDGE ( 'NONE', *, *, #837, .T. ) ;
#4722 = ORIENTED_EDGE ( 'NONE', *, *, #2644, .T. ) ;
#4723 = CARTESIAN_POINT ( 'NONE',  ( 28.25528038170535794, -15.87228879352341160, -2.649999999999999911 ) ) ;
#4724 = DIRECTION ( 'NONE',  ( -1.000000000000000000, -2.168404344971006896E-16, 0.000000000000000000 ) ) ;
#4725 = DIRECTION ( 'NONE',  ( 1.652117596168388495E-16, -1.000000000000000000, -0.000000000000000000 ) ) ;
#4726 = ORIENTED_EDGE ( 'NONE', *, *, #3187, .T. ) ;
#4727 = DIRECTION ( 'NONE',  ( -1.000000000000000000, 0.000000000000000000, 0.000000000000000000 ) ) ;
#4728 = LINE ( 'NONE', #2075, #3542 ) ;
#4729 = DIRECTION ( 'NONE',  ( 0.000000000000000000, 0.000000000000000000, -1.000000000000000000 ) ) ;
#4730 = ORIENTED_EDGE ( 'NONE', *, *, #2043, .F. ) ;
#4731 = CARTESIAN_POINT ( 'NONE',  ( -6.608470384673558912E-16, 4.000000000000001776, 8.000000000000000000 ) ) ;
#4732 = ORIENTED_EDGE ( 'NONE', *, *, #400, .T. ) ;
#4733 = AXIS2_PLACEMENT_3D ( 'NONE', #2990, #4940, #2948 ) ;
#4734 = DIRECTION ( 'NONE',  ( -0.000000000000000000, -1.000000000000000000, -0.000000000000000000 ) ) ;
#4735 = EDGE_LOOP ( 'NONE', ( #4320, #2155, #4159, #3939 ) ) ;
#4736 = DIRECTION ( 'NONE',  ( -1.000000000000000000, -0.000000000000000000, -0.000000000000000000 ) ) ;
#4737 = VECTOR ( 'NONE', #3226, 1000.000000000000114 ) ;
#4738 = ORIENTED_EDGE ( 'NONE', *, *, #2830, .F. ) ;
#4739 = ADVANCED_FACE ( 'NONE', ( #4757 ), #3898, .T. ) ;
#4740 = ORIENTED_EDGE ( 'NONE', *, *, #3003, .T. ) ;
#4741 = CARTESIAN_POINT ( 'NONE',  ( 12.50000000000000000, 3.000000000000008882, -9.500000000000000000 ) ) ;
#4742 = VECTOR ( 'NONE', #4104, 1000.000000000000000 ) ;
#4743 = DIRECTION ( 'NONE',  ( 1.000000000000000000, 1.892425610156517122E-16, 0.000000000000000000 ) ) ;
#4744 = EDGE_LOOP ( 'NONE', ( #4272, #2377, #1132, #3973, #3908, #4488 ) ) ;
#4745 = EDGE_CURVE ( 'NONE', #2279, #3243, #3661, .T. ) ;
#4746 = ADVANCED_FACE ( 'NONE', ( #4901 ), #4439, .F. ) ;
#4747 = DIRECTION ( 'NONE',  ( -0.1736481776669276389, -0.9848077530122085754, 0.000000000000000000 ) ) ;
#4748 = AXIS2_PLACEMENT_3D ( 'NONE', #1680, #1293, #4817 ) ;
#4749 = DIRECTION ( 'NONE',  ( 1.892425610156517122E-16, -1.000000000000000000, 0.000000000000000000 ) ) ;
#4750 = CARTESIAN_POINT ( 'NONE',  ( 18.00000000000000355, 4.000000000000006217, 4.000000000000000000 ) ) ;
#4751 = CARTESIAN_POINT ( 'NONE',  ( 6.750000000000000888, 4.000000000000004441, -6.000000000000000000 ) ) ;
#4752 = STYLED_ITEM ( 'NONE', ( #1118 ), #1752 ) ;
#4753 = ORIENTED_EDGE ( 'NONE', *, *, #5132, .T. ) ;
#4754 = VECTOR ( 'NONE', #1426, 1000.000000000000000 ) ;
#4755 = EDGE_CURVE ( 'NONE', #2695, #4868, #69, .T. ) ;
#4756 = AXIS2_PLACEMENT_3D ( 'NONE', #4948, #4587, #3467 ) ;
#4757 = FACE_OUTER_BOUND ( 'NONE', #3025, .T. ) ;
#4758 = CARTESIAN_POINT ( 'NONE',  ( -2.249999999999997780, -1.200000000000012612, -2.099999999999999645 ) ) ;
#4759 = VECTOR ( 'NONE', #2636, 1000.000000000000000 ) ;
#4760 = CARTESIAN_POINT ( 'NONE',  ( 11.00000000000000178, -4.499999999999979572, 5.000000000000000000 ) ) ;
#4761 = ORIENTED_EDGE ( 'NONE', *, *, #454, .T. ) ;
#4762 = CARTESIAN_POINT ( 'NONE',  ( -2.352846747343734446, 3.242085061099684307, 7.999999997725971923 ) ) ;
#4763 = ORIENTED_EDGE ( 'NONE', *, *, #1486, .T. ) ;
#4764 = CARTESIAN_POINT ( 'NONE',  ( 10.50000000000000533, -4.999999999999993783, 9.500000000000014211 ) ) ;
#4765 = VECTOR ( 'NONE', #2548, 1000.000000000000114 ) ;
#4766 = DIRECTION ( 'NONE',  ( -0.000000000000000000, -1.000000000000000000, 0.000000000000000000 ) ) ;
#4767 = DIRECTION ( 'NONE',  ( -1.000000000000000000, 0.000000000000000000, 0.000000000000000000 ) ) ;
#4768 = ORIENTED_EDGE ( 'NONE', *, *, #3311, .T. ) ;
#4769 = CARTESIAN_POINT ( 'NONE',  ( -2.249999999999997780, -1.200000000000012612, -2.099999999999999645 ) ) ;
#4770 = EDGE_CURVE ( 'NONE', #796, #1120, #1264, .T. ) ;
#4771 = CARTESIAN_POINT ( 'NONE',  ( -27.50000000000000000, -5.000000000000000888, -8.500000000000014211 ) ) ;
#4772 = VERTEX_POINT ( 'NONE', #3224 ) ;
#4773 = VERTEX_POINT ( 'NONE', #2488 ) ;
#4774 = DIRECTION ( 'NONE',  ( 1.000000000000000000, 0.000000000000000000, 0.000000000000000000 ) ) ;
#4775 = EDGE_CURVE ( 'NONE', #911, #1724, #3754, .T. ) ;
#4776 = CYLINDRICAL_SURFACE ( 'NONE', #4348, 2.000000000000000000 ) ;
#4777 = CIRCLE ( 'NONE', #3036, 1.000000000000000000 ) ;
#4778 = ORIENTED_EDGE ( 'NONE', *, *, #4999, .F. ) ;
#4779 = DIRECTION ( 'NONE',  ( 0.000000000000000000, 0.000000000000000000, -1.000000000000000000 ) ) ;
#4780 = DIRECTION ( 'NONE',  ( -1.000000000000000000, 0.000000000000000000, 0.000000000000000000 ) ) ;
#4781 = CARTESIAN_POINT ( 'NONE',  ( -6.249999999999998224, 3.000000000000002665, -8.000000000000000000 ) ) ;
#4782 = EDGE_CURVE ( 'NONE', #2895, #3426, #1925, .T. ) ;
#4783 = EDGE_LOOP ( 'NONE', ( #3756, #3942, #13, #5048 ) ) ;
#4784 = EDGE_CURVE ( 'NONE', #5102, #2701, #4056, .T. ) ;
#4785 = CARTESIAN_POINT ( 'NONE',  ( -4.249999999999996447, -4.499999999999982236, -4.099999999999999645 ) ) ;
#4786 = ORIENTED_EDGE ( 'NONE', *, *, #4595, .F. ) ;
#4787 = VECTOR ( 'NONE', #888, 1000.000000000000000 ) ;
#4788 = DIRECTION ( 'NONE',  ( 0.1736481776669276389, 0.9848077530122085754, 0.000000000000000000 ) ) ;
#4789 = DIRECTION ( 'NONE',  ( -1.892425610156517122E-16, 1.000000000000000000, -0.000000000000000000 ) ) ;
#4790 = FACE_OUTER_BOUND ( 'NONE', #1480, .T. ) ;
#4791 = VERTEX_POINT ( 'NONE', #4823 ) ;
#4792 = CARTESIAN_POINT ( 'NONE',  ( 11.00000000000000000, 3.000000000000005329, 6.000000000000000000 ) ) ;
#4793 = LINE ( 'NONE', #849, #4087 ) ;
#4794 = ORIENTED_EDGE ( 'NONE', *, *, #1125, .T. ) ;
#4795 = ORIENTED_EDGE ( 'NONE', *, *, #2774, .T. ) ;
#4796 = DIRECTION ( 'NONE',  ( -0.000000000000000000, -0.000000000000000000, 1.000000000000000000 ) ) ;
#4797 = FACE_OUTER_BOUND ( 'NONE', #4916, .T. ) ;
#4798 = PLANE ( 'NONE',  #2943 ) ;
#4799 = VERTEX_POINT ( 'NONE', #1322 ) ;
#4800 = ADVANCED_FACE ( 'NONE', ( #4464 ), #908, .T. ) ;
#4801 = CARTESIAN_POINT ( 'NONE',  ( 22.23259738175770295, -9.717228014441799289, -2.649999999999999467 ) ) ;
#4802 = DIRECTION ( 'NONE',  ( -1.000000000000000000, -1.652117596168388495E-16, -0.000000000000000000 ) ) ;
#4803 = VERTEX_POINT ( 'NONE', #4801 ) ;
#4804 = CARTESIAN_POINT ( 'NONE',  ( -11.17157287525382259, 5.000000000000004441, 4.500000000000007105 ) ) ;
#4805 = ORIENTED_EDGE ( 'NONE', *, *, #1668, .T. ) ;
#4806 = EDGE_CURVE ( 'NONE', #4038, #4826, #1300, .T. ) ;
#4807 = ADVANCED_FACE ( 'NONE', ( #93 ), #3505, .F. ) ;
#4808 = DIRECTION ( 'NONE',  ( -1.652117596168388495E-16, 1.000000000000000000, 0.000000000000000000 ) ) ;
#4809 = DIRECTION ( 'NONE',  ( -8.673617379884035472E-17, -1.641417566239121864E-32, -1.000000000000000000 ) ) ;
#4810 = DIRECTION ( 'NONE',  ( -1.652117596168388495E-16, 1.000000000000000000, 0.000000000000000000 ) ) ;
#4811 = CONICAL_SURFACE ( 'NONE', #3739, 2.500000000000014211, 0.7853981633974482790 ) ;
#4812 = ORIENTED_EDGE ( 'NONE', *, *, #33, .T. ) ;
#4813 = CARTESIAN_POINT ( 'NONE',  ( -27.50000000000000000, 0.000000000000000000, -4.500000000000007105 ) ) ;
#4814 = EDGE_LOOP ( 'NONE', ( #1180, #4162, #1827, #5144 ) ) ;
#4815 = ORIENTED_EDGE ( 'NONE', *, *, #4991, .T. ) ;
#4816 = CYLINDRICAL_SURFACE ( 'NONE', #108, 2.200000000000000622 ) ;
#4817 = DIRECTION ( 'NONE',  ( -1.000000000000000000, -3.469446951953596932E-16, 0.000000000000000000 ) ) ;
#4818 = AXIS2_PLACEMENT_3D ( 'NONE', #4928, #2443, #3269 ) ;
#4819 = LINE ( 'NONE', #1267, #1107 ) ;
#4820 = CARTESIAN_POINT ( 'NONE',  ( 4.750000000000000888, 3.000000000000004441, -4.099999999999999645 ) ) ;
#4821 = ORIENTED_EDGE ( 'NONE', *, *, #2526, .F. ) ;
#4822 = VECTOR ( 'NONE', #5133, 1000.000000000000000 ) ;
#4823 = CARTESIAN_POINT ( 'NONE',  ( 9.000000000000000000, 4.000000000000005329, -6.000000000000000000 ) ) ;
#4824 = LINE ( 'NONE', #1244, #215 ) ;
#4825 = DIRECTION ( 'NONE',  ( 1.000000000000000000, 0.000000000000000000, 0.000000000000000000 ) ) ;
#4826 = VERTEX_POINT ( 'NONE', #931 ) ;
#4827 = AXIS2_PLACEMENT_3D ( 'NONE', #4157, #1038, #174 ) ;
#4828 = VECTOR ( 'NONE', #2445, 1000.000000000000000 ) ;
#4829 = PLANE ( 'NONE',  #1857 ) ;
#4830 = EDGE_CURVE ( 'NONE', #826, #934, #3183, .T. ) ;
#4831 = ORIENTED_EDGE ( 'NONE', *, *, #2136, .T. ) ;
#4832 = VECTOR ( 'NONE', #4942, 1000.000000000000000 ) ;
#4833 = AXIS2_PLACEMENT_3D ( 'NONE', #3058, #3390, #640 ) ;
#4834 = VECTOR ( 'NONE', #2360, 1000.000000000000000 ) ;
#4835 = FACE_OUTER_BOUND ( 'NONE', #4393, .T. ) ;
#4836 = VECTOR ( 'NONE', #4392, 1000.000000000000114 ) ;
#4837 = LINE ( 'NONE', #78, #2073 ) ;
#4838 = EDGE_CURVE ( 'NONE', #4409, #1649, #4420, .T. ) ;
#4839 = AXIS2_PLACEMENT_3D ( 'NONE', #4158, #514, #4546 ) ;
#4840 = EDGE_LOOP ( 'NONE', ( #3471, #27, #3642, #368, #494, #1541 ) ) ;
#4841 = DIRECTION ( 'NONE',  ( 1.000000000000000000, 0.000000000000000000, 0.000000000000000000 ) ) ;
#4842 = AXIS2_PLACEMENT_3D ( 'NONE', #751, #2330, #2749 ) ;
#4843 = EDGE_CURVE ( 'NONE', #1313, #4791, #2762, .T. ) ;
#4844 = EDGE_CURVE ( 'NONE', #4936, #161, #2859, .T. ) ;
#4845 = ORIENTED_EDGE ( 'NONE', *, *, #2039, .F. ) ;
#4846 = ORIENTED_EDGE ( 'NONE', *, *, #1547, .F. ) ;
#4847 = CARTESIAN_POINT ( 'NONE',  ( -27.50000000000000000, -5.000000000000000888, 4.500000000000007105 ) ) ;
#4848 = DIRECTION ( 'NONE',  ( 0.000000000000000000, 0.000000000000000000, 1.000000000000000000 ) ) ;
#4849 = FACE_BOUND ( 'NONE', #2689, .T. ) ;
#4850 = DIRECTION ( 'NONE',  ( -1.000000000000000000, -1.652117596168388495E-16, -0.000000000000000000 ) ) ;
#4851 = ORIENTED_EDGE ( 'NONE', *, *, #3798, .F. ) ;
#4852 = DIRECTION ( 'NONE',  ( -0.000000000000000000, -0.000000000000000000, 1.000000000000000000 ) ) ;
#4853 = DIRECTION ( 'NONE',  ( -1.000000000000000000, -3.469446951953594467E-16, 0.000000000000000000 ) ) ;
#4854 = AXIS2_PLACEMENT_3D ( 'NONE', #4145, #3830, #3408 ) ;
#4855 = DIRECTION ( 'NONE',  ( -1.000000000000000000, -1.892425610156517122E-16, -0.000000000000000000 ) ) ;
#4856 = VERTEX_POINT ( 'NONE', #1711 ) ;
#4857 = DIRECTION ( 'NONE',  ( -1.000000000000000000, 0.000000000000000000, 0.000000000000000000 ) ) ;
#4858 = EDGE_LOOP ( 'NONE', ( #3560, #1703, #3882, #4180 ) ) ;
#4859 = EDGE_CURVE ( 'NONE', #3832, #197, #3927, .T. ) ;
#4860 = CARTESIAN_POINT ( 'NONE',  ( -29.69999999999999929, -2.694222958124181444E-16, -5.800000000000001599 ) ) ;
#4861 = CARTESIAN_POINT ( 'NONE',  ( -2.019121505843056052, 0.3550922220667239726, -2.622977938869972991 ) ) ;
#4862 = AXIS2_PLACEMENT_3D ( 'NONE', #1899, #4690, #2710 ) ;
#4863 = EDGE_CURVE ( 'NONE', #3029, #698, #1358, .T. ) ;
#4864 = AXIS2_PLACEMENT_3D ( 'NONE', #2579, #975, #2633 ) ;
#4865 = ORIENTED_EDGE ( 'NONE', *, *, #4398, .T. ) ;
#4866 = CARTESIAN_POINT ( 'NONE',  ( -4.249999999999996447, -4.999999999999996447, -4.099999999999999645 ) ) ;
#4867 = DIRECTION ( 'NONE',  ( 1.000000000000000000, 0.000000000000000000, 0.000000000000000000 ) ) ;
#4868 = VERTEX_POINT ( 'NONE', #4132 ) ;
#4869 = ORIENTED_EDGE ( 'NONE', *, *, #4906, .T. ) ;
#4870 = EDGE_CURVE ( 'NONE', #67, #2085, #937, .T. ) ;
#4871 = EDGE_CURVE ( 'NONE', #3189, #3008, #1810, .T. ) ;
#4872 = DIRECTION ( 'NONE',  ( -1.000000000000000000, 0.000000000000000000, 0.000000000000000000 ) ) ;
#4873 = LINE ( 'NONE', #4927, #858 ) ;
#4874 = FACE_OUTER_BOUND ( 'NONE', #1237, .T. ) ;
#4875 = ORIENTED_EDGE ( 'NONE', *, *, #881, .F. ) ;
#4876 = CARTESIAN_POINT ( 'NONE',  ( 10.00000000000000178, -4.999999999999993783, 6.000000000000000000 ) ) ;
#4877 = CARTESIAN_POINT ( 'NONE',  ( -2.514439517736029917, 0.7203574412531161819, -2.117267760674305332 ) ) ;
#4878 = DIRECTION ( 'NONE',  ( -0.000000000000000000, -0.000000000000000000, 1.000000000000000000 ) ) ;
#4879 = ORIENTED_EDGE ( 'NONE', *, *, #1288, .T. ) ;
#4880 = DIRECTION ( 'NONE',  ( 1.892425610156516875E-16, -1.000000000000000000, 0.000000000000000000 ) ) ;
#4881 = ORIENTED_EDGE ( 'NONE', *, *, #3800, .F. ) ;
#4882 = CARTESIAN_POINT ( 'NONE',  ( 12.00000000000000000, 3.000000000000008882, -10.00000000000000000 ) ) ;
#4883 = DIRECTION ( 'NONE',  ( 1.000000000000000000, 1.892425610156517122E-16, 0.000000000000000000 ) ) ;
#4884 = CARTESIAN_POINT ( 'NONE',  ( 32.50000000000000000, -4.499999999999989342, 7.750000000000000000 ) ) ;
#4885 = CARTESIAN_POINT ( 'NONE',  ( -27.50000000000000000, 0.000000000000000000, 9.499999999999991118 ) ) ;
#4886 = ORIENTED_EDGE ( 'NONE', *, *, #940, .T. ) ;
#4887 = CARTESIAN_POINT ( 'NONE',  ( -7.499999999999996447, 4.000000000000002665, -7.000000000000000000 ) ) ;
#4888 = DIRECTION ( 'NONE',  ( -1.652117596168388495E-16, 1.000000000000000000, 0.000000000000000000 ) ) ;
#4889 = ORIENTED_EDGE ( 'NONE', *, *, #1958, .F. ) ;
#4890 = ADVANCED_FACE ( 'NONE', ( #1764 ), #645, .F. ) ;
#4891 = ORIENTED_EDGE ( 'NONE', *, *, #3609, .F. ) ;
#4892 = VECTOR ( 'NONE', #4041, 1000.000000000000000 ) ;
#4893 = CARTESIAN_POINT ( 'NONE',  ( -9.499999999999994671, -4.499999999999983125, 6.000000000000000000 ) ) ;
#4894 = CARTESIAN_POINT ( 'NONE',  ( 12.50000000000000000, 5.000000000000019540, -9.500000000000000000 ) ) ;
#4895 = CIRCLE ( 'NONE', #3080, 2.000000000000000000 ) ;
#4896 = DIRECTION ( 'NONE',  ( 0.000000000000000000, 0.000000000000000000, -1.000000000000000000 ) ) ;
#4897 = EDGE_CURVE ( 'NONE', #2992, #1564, #172, .T. ) ;
#4898 = EDGE_CURVE ( 'NONE', #951, #3524, #3768, .T. ) ;
#4899 = ORIENTED_EDGE ( 'NONE', *, *, #2272, .T. ) ;
#4900 = CARTESIAN_POINT ( 'NONE',  ( -12.58578643762689886, -4.414213562373095812, 4.000000000000000000 ) ) ;
#4901 = FACE_OUTER_BOUND ( 'NONE', #3860, .T. ) ;
#4902 = DIRECTION ( 'NONE',  ( 1.000000000000000000, 0.000000000000000000, 0.000000000000000000 ) ) ;
#4903 = CARTESIAN_POINT ( 'NONE',  ( -5.249999999999998224, 3.000000000000002665, -6.000000000000000000 ) ) ;
#4904 = VERTEX_POINT ( 'NONE', #3394 ) ;
#4905 = DIRECTION ( 'NONE',  ( 0.9848077530122086864, -0.1736481776669270838, 0.000000000000000000 ) ) ;
#4906 = EDGE_CURVE ( 'NONE', #2982, #2701, #2508, .T. ) ;
#4907 = VERTEX_POINT ( 'NONE', #1380 ) ;
#4908 = CIRCLE ( 'NONE', #2084, 5.000000000000000888 ) ;
#4909 = CARTESIAN_POINT ( 'NONE',  ( -1.999049658398414087, -0.4561546315735453550, -2.618725871308397402 ) ) ;
#4910 = AXIS2_PLACEMENT_3D ( 'NONE', #3819, #250, #3429 ) ;
#4911 = CARTESIAN_POINT ( 'NONE',  ( 11.00000000000000000, 4.000000000000005329, -4.000000000000000000 ) ) ;
#4912 = CONICAL_SURFACE ( 'NONE', #4827, 1.499999999999985789, 0.7853981633974482790 ) ;
#4913 = VECTOR ( 'NONE', #2698, 1000.000000000000000 ) ;
#4914 = CARTESIAN_POINT ( 'NONE',  ( -27.50000000000000000, -5.000000000000000888, 4.899999999999999467 ) ) ;
#4915 = CARTESIAN_POINT ( 'NONE',  ( 2.168796549525521034, 4.000000000000003553, 7.037078198100474857 ) ) ;
#4916 = EDGE_LOOP ( 'NONE', ( #253, #965, #60, #1423 ) ) ;
#4917 = FACE_OUTER_BOUND ( 'NONE', #2740, .T. ) ;
#4918 = CARTESIAN_POINT ( 'NONE',  ( -2.249999999999996891, -4.999999999999995559, -2.600000000000013411 ) ) ;
#4919 = AXIS2_PLACEMENT_3D ( 'NONE', #4575, #4499, #2994 ) ;
#4920 = ORIENTED_EDGE ( 'NONE', *, *, #4331, .T. ) ;
#4921 = AXIS2_PLACEMENT_3D ( 'NONE', #2799, #2327, #3915 ) ;
#4922 = ORIENTED_EDGE ( 'NONE', *, *, #1510, .F. ) ;
#4923 = AXIS2_PLACEMENT_3D ( 'NONE', #40, #2091, #1677 ) ;
#4924 = FACE_BOUND ( 'NONE', #1242, .T. ) ;
#4925 = CIRCLE ( 'NONE', #2852, 2.149999999999999023 ) ;
#4926 = EDGE_CURVE ( 'NONE', #724, #4702, #3840, .T. ) ;
#4927 = CARTESIAN_POINT ( 'NONE',  ( -41.41442037161814937, 6.369350770655441529, 2.649999999999999911 ) ) ;
#4928 = CARTESIAN_POINT ( 'NONE',  ( -27.50000000000000000, 0.000000000000000000, 9.500000000000014211 ) ) ;
#4929 = ORIENTED_EDGE ( 'NONE', *, *, #1729, .T. ) ;
#4930 = CARTESIAN_POINT ( 'NONE',  ( 18.00000000000000355, 3.000000000000006217, -5.000000000000000000 ) ) ;
#4931 = EDGE_CURVE ( 'NONE', #1873, #1124, #4498, .T. ) ;
#4932 = DIRECTION ( 'NONE',  ( 0.000000000000000000, 0.000000000000000000, -1.000000000000000000 ) ) ;
#4933 = LINE ( 'NONE', #148, #3044 ) ;
#4934 = LINE ( 'NONE', #223, #2015 ) ;
#4935 = CARTESIAN_POINT ( 'NONE',  ( 0.000000000000000000, 0.000000000000000000, -2.099999999999999645 ) ) ;
#4936 = VERTEX_POINT ( 'NONE', #1402 ) ;
#4937 = EDGE_CURVE ( 'NONE', #2797, #1494, #5008, .T. ) ;
#4938 = LINE ( 'NONE', #3747, #4616 ) ;
#4939 = ADVANCED_FACE ( 'NONE', ( #3740 ), #2844, .F. ) ;
#4940 = DIRECTION ( 'NONE',  ( 0.000000000000000000, 0.000000000000000000, 1.000000000000000000 ) ) ;
#4941 = CARTESIAN_POINT ( 'NONE',  ( -2.249999999999998224, 1.200000000000011724, -2.099999999999999645 ) ) ;
#4942 = DIRECTION ( 'NONE',  ( 0.000000000000000000, 0.000000000000000000, -1.000000000000000000 ) ) ;
#4943 = ORIENTED_EDGE ( 'NONE', *, *, #1887, .T. ) ;
#4944 = LINE ( 'NONE', #1414, #3967 ) ;
#4945 = ORIENTED_EDGE ( 'NONE', *, *, #465, .F. ) ;
#4946 = AXIS2_PLACEMENT_3D ( 'NONE', #2002, #2469, #4780 ) ;
#4947 = ORIENTED_EDGE ( 'NONE', *, *, #4431, .T. ) ;
#4948 = CARTESIAN_POINT ( 'NONE',  ( 8.000000000000000000, 3.000000000000005329, 7.000000000000000000 ) ) ;
#4949 = FACE_OUTER_BOUND ( 'NONE', #2735, .T. ) ;
#4950 = CARTESIAN_POINT ( 'NONE',  ( -0.2065343631603274444, 4.000000000000002665, 7.880757059990601832 ) ) ;
#4951 = ORIENTED_EDGE ( 'NONE', *, *, #3643, .F. ) ;
#4952 = DIRECTION ( 'NONE',  ( 0.000000000000000000, 0.000000000000000000, -1.000000000000000000 ) ) ;
#4953 = DIRECTION ( 'NONE',  ( -1.000000000000000000, 0.000000000000000000, 0.000000000000000000 ) ) ;
#4954 = CARTESIAN_POINT ( 'NONE',  ( -2.650018727964998266, -0.05111737931624951020, -2.140412023646288908 ) ) ;
#4955 = CARTESIAN_POINT ( 'NONE',  ( -2.249999999999998224, 1.200000000000011724, -2.099999999999999645 ) ) ;
#4956 = LINE ( 'NONE', #1405, #2107 ) ;
#4957 = VERTEX_POINT ( 'NONE', #2152 ) ;
#4958 = ADVANCED_FACE ( 'NONE', ( #4185 ), #2206, .F. ) ;
#4959 = CARTESIAN_POINT ( 'NONE',  ( -1.808823529411759834, -0.9647058823529490734, -2.600000000000003197 ) ) ;
#4960 = DIRECTION ( 'NONE',  ( 0.7071067811865491270, -0.7071067811865459074, 0.000000000000000000 ) ) ;
#4961 = ORIENTED_EDGE ( 'NONE', *, *, #4844, .T. ) ;
#4962 = EDGE_CURVE ( 'NONE', #2144, #1514, #2093, .T. ) ;
#4963 = EDGE_CURVE ( 'NONE', #1724, #4663, #4543, .T. ) ;
#4964 = LINE ( 'NONE', #3360, #2931 ) ;
#4965 = CARTESIAN_POINT ( 'NONE',  ( 2.750000000000002665, -4.999999999999994671, -2.600000000000013856 ) ) ;
#4966 = ORIENTED_EDGE ( 'NONE', *, *, #3706, .T. ) ;
#4967 = DIRECTION ( 'NONE',  ( -0.1736481776669270838, -0.9848077530122086864, -0.000000000000000000 ) ) ;
#4968 = ORIENTED_EDGE ( 'NONE', *, *, #4291, .T. ) ;
#4969 = DIRECTION ( 'NONE',  ( -1.000000000000000000, -0.000000000000000000, -0.000000000000000000 ) ) ;
#4970 = FACE_OUTER_BOUND ( 'NONE', #2478, .T. ) ;
#4971 = DIRECTION ( 'NONE',  ( -0.000000000000000000, -0.000000000000000000, -1.000000000000000000 ) ) ;
#4972 = AXIS2_PLACEMENT_3D ( 'NONE', #3359, #1742, #3401 ) ;
#4973 = ORIENTED_EDGE ( 'NONE', *, *, #2622, .F. ) ;
#4974 = PLANE ( 'NONE',  #1523 ) ;
#4975 = AXIS2_PLACEMENT_3D ( 'NONE', #1245, #4466, #4390 ) ;
#4976 = LINE ( 'NONE', #3793, #769 ) ;
#4977 = CARTESIAN_POINT ( 'NONE',  ( 5.750000000000000888, 3.000000000000004441, 0.000000000000000000 ) ) ;
#4978 = LINE ( 'NONE', #511, #4580 ) ;
#4979 = DIRECTION ( 'NONE',  ( 0.000000000000000000, 0.000000000000000000, -1.000000000000000000 ) ) ;
#4980 = ORIENTED_EDGE ( 'NONE', *, *, #3541, .T. ) ;
#4981 = CARTESIAN_POINT ( 'NONE',  ( 6.750000000000000888, 3.000000000000004885, -8.000000000000000000 ) ) ;
#4982 = CARTESIAN_POINT ( 'NONE',  ( 10.50000000000000533, -4.999999999999993783, -10.00000000000000000 ) ) ;
#4983 = EDGE_CURVE ( 'NONE', #1902, #394, #4976, .T. ) ;
#4984 = ORIENTED_EDGE ( 'NONE', *, *, #1887, .F. ) ;
#4985 = AXIS2_PLACEMENT_3D ( 'NONE', #1135, #824, #2720 ) ;
#4986 = VECTOR ( 'NONE', #3955, 1000.000000000000000 ) ;
#4987 = DIRECTION ( 'NONE',  ( -1.000000000000000000, 0.000000000000000000, 0.000000000000000000 ) ) ;
#4988 = CARTESIAN_POINT ( 'NONE',  ( 20.00000000000000000, -4.499999999999979572, -5.000000000000000000 ) ) ;
#4989 = ORIENTED_EDGE ( 'NONE', *, *, #4027, .F. ) ;
#4990 = DIRECTION ( 'NONE',  ( 1.000000000000000000, 0.000000000000000000, 0.000000000000000000 ) ) ;
#4991 = EDGE_CURVE ( 'NONE', #3061, #1198, #1059, .T. ) ;
#4992 = CIRCLE ( 'NONE', #1184, 4.500000000000000888 ) ;
#4993 = AXIS2_PLACEMENT_3D ( 'NONE', #5137, #749, #727 ) ;
#4994 = ORIENTED_EDGE ( 'NONE', *, *, #322, .T. ) ;
#4995 = AXIS2_PLACEMENT_3D ( 'NONE', #3861, #692, #1881 ) ;
#4996 = AXIS2_PLACEMENT_3D ( 'NONE', #995, #3806, #4635 ) ;
#4997 = DIRECTION ( 'NONE',  ( -0.000000000000000000, -0.000000000000000000, 1.000000000000000000 ) ) ;
#4998 = VECTOR ( 'NONE', #1800, 1000.000000000000000 ) ;
#4999 = EDGE_CURVE ( 'NONE', #1050, #4416, #2582, .T. ) ;
#5000 = EDGE_CURVE ( 'NONE', #4904, #2795, #1686, .T. ) ;
#5001 = FACE_OUTER_BOUND ( 'NONE', #3440, .T. ) ;
#5002 = AXIS2_PLACEMENT_3D ( 'NONE', #4357, #2306, #1609 ) ;
#5003 = CARTESIAN_POINT ( 'NONE',  ( -0.4137025364375164216, 4.000000000000003553, 7.763057213494066744 ) ) ;
#5004 = CIRCLE ( 'NONE', #274, 2.500000000000015987 ) ;
#5005 = VERTEX_POINT ( 'NONE', #668 ) ;
#5006 = AXIS2_PLACEMENT_3D ( 'NONE', #1974, #4408, #1583 ) ;
#5007 = CARTESIAN_POINT ( 'NONE',  ( -6.249999999999998224, 3.000000000000002220, -6.000000000000000000 ) ) ;
#5008 = LINE ( 'NONE', #3040, #5081 ) ;
#5009 = CARTESIAN_POINT ( 'NONE',  ( 18.00000000000000355, -4.999999999999992006, -3.000000000000000000 ) ) ;
#5010 = PLANE ( 'NONE',  #871 ) ;
#5011 = ORIENTED_EDGE ( 'NONE', *, *, #5029, .T. ) ;
#5012 = PLANE ( 'NONE',  #2668 ) ;
#5013 = CARTESIAN_POINT ( 'NONE',  ( -1.808823529411760056, -0.9647058823529490734, -2.600000000000003197 ) ) ;
#5014 = CARTESIAN_POINT ( 'NONE',  ( 0.8254018282978978771, 4.000000000000003553, 7.522568017365894200 ) ) ;
#5015 = ORIENTED_EDGE ( 'NONE', *, *, #262, .F. ) ;
#5016 = ORIENTED_EDGE ( 'NONE', *, *, #4926, .F. ) ;
#5017 = DIRECTION ( 'NONE',  ( -8.673617379884035472E-17, -1.641417566239121864E-32, 1.000000000000000000 ) ) ;
#5018 = DIRECTION ( 'NONE',  ( -1.000000000000000000, -1.652117596168388495E-16, -0.000000000000000000 ) ) ;
#5019 = ORIENTED_EDGE ( 'NONE', *, *, #3954, .F. ) ;
#5020 = CARTESIAN_POINT ( 'NONE',  ( -10.00000000000001243, -4.999999999999997335, -6.000000000000000000 ) ) ;
#5021 = AXIS2_PLACEMENT_3D ( 'NONE', #9, #3887, #767 ) ;
#5022 = VERTEX_POINT ( 'NONE', #1084 ) ;
#5023 = EDGE_CURVE ( 'NONE', #716, #2279, #860, .T. ) ;
#5024 = CARTESIAN_POINT ( 'NONE',  ( -9.499999999999994671, -4.499999999999983125, -6.000000000000000000 ) ) ;
#5025 = PLANE ( 'NONE',  #4676 ) ;
#5026 = FACE_OUTER_BOUND ( 'NONE', #896, .T. ) ;
#5027 = CIRCLE ( 'NONE', #2217, 2.000000000000000000 ) ;
#5028 = ORIENTED_EDGE ( 'NONE', *, *, #4838, .T. ) ;
#5029 = EDGE_CURVE ( 'NONE', #4066, #2797, #3511, .T. ) ;
#5030 = EDGE_CURVE ( 'NONE', #3365, #1133, #2926, .T. ) ;
#5031 = DIRECTION ( 'NONE',  ( 0.000000000000000000, 0.000000000000000000, -1.000000000000000000 ) ) ;
#5032 = CIRCLE ( 'NONE', #4864, 2.149999999999999023 ) ;
#5033 = CARTESIAN_POINT ( 'NONE',  ( -27.50000000000000000, 0.000000000000000000, -9.500000000000000000 ) ) ;
#5034 = LINE ( 'NONE', #2724, #5074 ) ;
#5035 = LINE ( 'NONE', #1792, #2191 ) ;
#5036 = PRODUCT_DEFINITION_CONTEXT ( 'detailed design', #3014, 'design' ) ;
#5037 = ORIENTED_EDGE ( 'NONE', *, *, #2969, .F. ) ;
#5038 = DIRECTION ( 'NONE',  ( 1.892425610156517122E-16, -1.000000000000000000, 0.000000000000000000 ) ) ;
#5039 = DIRECTION ( 'NONE',  ( 1.000000000000000000, -0.000000000000000000, -0.000000000000000000 ) ) ;
#5040 = DIRECTION ( 'NONE',  ( -1.000000000000000000, 0.000000000000000000, 0.000000000000000000 ) ) ;
#5041 = ORIENTED_EDGE ( 'NONE', *, *, #3106, .T. ) ;
#5042 = EDGE_LOOP ( 'NONE', ( #3300, #4869, #2955, #1257 ) ) ;
#5043 = DIRECTION ( 'NONE',  ( -1.000000000000000000, 0.000000000000000000, 0.000000000000000000 ) ) ;
#5044 = CARTESIAN_POINT ( 'NONE',  ( 27.50000000000000000, 0.000000000000000000, -7.250000000000004441 ) ) ;
#5045 = FACE_OUTER_BOUND ( 'NONE', #4193, .T. ) ;
#5046 = CARTESIAN_POINT ( 'NONE',  ( 10.49999999999999822, 5.000000000000007994, 7.249999999999997335 ) ) ;
#5047 = VERTEX_POINT ( 'NONE', #1910 ) ;
#5048 = ORIENTED_EDGE ( 'NONE', *, *, #4455, .T. ) ;
#5049 = CARTESIAN_POINT ( 'NONE',  ( 4.750000000000000888, 4.000000000000004441, -8.000000000000000000 ) ) ;
#5050 = EDGE_CURVE ( 'NONE', #1017, #796, #3949, .T. ) ;
#5051 = CARTESIAN_POINT ( 'NONE',  ( 4.249999999999986677, -4.999999999999994671, -6.000000000000000000 ) ) ;
#5052 = ORIENTED_EDGE ( 'NONE', *, *, #163, .T. ) ;
#5053 = DIRECTION ( 'NONE',  ( -8.673617379884035472E-17, -1.641417566239121864E-32, 1.000000000000000000 ) ) ;
#5054 = CARTESIAN_POINT ( 'NONE',  ( 0.000000000000000000, 0.000000000000000000, 8.000000000000000000 ) ) ;
#5055 = ADVANCED_FACE ( 'NONE', ( #3581 ), #355, .F. ) ;
#5056 = PLANE ( 'NONE',  #3266 ) ;
#5057 = ORIENTED_EDGE ( 'NONE', *, *, #2515, .F. ) ;
#5058 = VECTOR ( 'NONE', #3748, 1000.000000000000000 ) ;
#5059 = CARTESIAN_POINT ( 'NONE',  ( -12.58578643762692195, 4.414213562373095812, 4.000000000000000000 ) ) ;
#5060 = CYLINDRICAL_SURFACE ( 'NONE', #3137, 5.000000000000000888 ) ;
#5061 = CARTESIAN_POINT ( 'NONE',  ( -27.50000000000000000, -4.500000000000014211, 10.00000000000000000 ) ) ;
#5062 = EDGE_CURVE ( 'NONE', #2085, #3504, #2281, .T. ) ;
#5063 = ORIENTED_EDGE ( 'NONE', *, *, #3442, .F. ) ;
#5064 = EDGE_LOOP ( 'NONE', ( #5057, #3447, #237, #4558 ) ) ;
#5065 = CARTESIAN_POINT ( 'NONE',  ( 5.750000000000000888, 4.000000000000004441, -4.099999999999999645 ) ) ;
#5066 = ORIENTED_EDGE ( 'NONE', *, *, #4784, .T. ) ;
#5067 = CIRCLE ( 'NONE', #587, 2.000000000000000000 ) ;
#5068 = CARTESIAN_POINT ( 'NONE',  ( -31.10000000000000497, 0.000000000000000000, 10.00000000000000000 ) ) ;
#5069 = ORIENTED_EDGE ( 'NONE', *, *, #4367, .F. ) ;
#5070 = VECTOR ( 'NONE', #1950, 1000.000000000000114 ) ;
#5071 = CIRCLE ( 'NONE', #419, 2.000000000000000000 ) ;
#5072 = ORIENTED_EDGE ( 'NONE', *, *, #4210, .F. ) ;
#5073 = DIRECTION ( 'NONE',  ( -0.000000000000000000, -0.000000000000000000, -1.000000000000000000 ) ) ;
#5074 = VECTOR ( 'NONE', #4675, 1000.000000000000000 ) ;
#5075 = AXIS2_PLACEMENT_3D ( 'NONE', #2468, #2074, #3295 ) ;
#5076 = DIRECTION ( 'NONE',  ( -1.000000000000000000, -1.652117596168388495E-16, 0.000000000000000000 ) ) ;
#5077 = LINE ( 'NONE', #1938, #3681 ) ;
#5078 = ORIENTED_EDGE ( 'NONE', *, *, #1034, .T. ) ;
#5079 = EDGE_LOOP ( 'NONE', ( #4875, #2145, #3019, #2458 ) ) ;
#5080 = CIRCLE ( 'NONE', #3424, 5.000000000000000888 ) ;
#5081 = VECTOR ( 'NONE', #2594, 1000.000000000000000 ) ;
#5082 = EDGE_CURVE ( 'NONE', #3189, #502, #2328, .T. ) ;
#5083 = CARTESIAN_POINT ( 'NONE',  ( -12.12498720617871584, -4.825834261322580865, -4.325834261322589747 ) ) ;
#5084 = AXIS2_PLACEMENT_3D ( 'NONE', #3169, #803, #5136 ) ;
#5085 = DIRECTION ( 'NONE',  ( 1.892425610156516875E-16, -1.000000000000000000, 0.000000000000000000 ) ) ;
#5086 = CYLINDRICAL_SURFACE ( 'NONE', #2257, 1.000000000000000000 ) ;
#5087 = CIRCLE ( 'NONE', #3105, 2.549999999999996714 ) ;
#5088 = CARTESIAN_POINT ( 'NONE',  ( -6.249999999999998224, 4.000000000000002665, -6.000000000000000000 ) ) ;
#5089 = ORIENTED_EDGE ( 'NONE', *, *, #4784, .F. ) ;
#5090 = AXIS2_PLACEMENT_3D ( 'NONE', #4935, #4109, #4857 ) ;
#5091 = EDGE_CURVE ( 'NONE', #991, #826, #351, .T. ) ;
#5092 = AXIS2_PLACEMENT_3D ( 'NONE', #1805, #2223, #2658 ) ;
#5093 = DIRECTION ( 'NONE',  ( -1.000000000000000000, -1.652117596168388495E-16, 0.000000000000000000 ) ) ;
#5094 = CARTESIAN_POINT ( 'NONE',  ( 32.50000000000000000, -4.499999999999987566, -7.750000000000000000 ) ) ;
#5095 = VECTOR ( 'NONE', #42, 1000.000000000000000 ) ;
#5096 = CARTESIAN_POINT ( 'NONE',  ( -27.50000000000000000, 0.000000000000000000, 4.000000000000000000 ) ) ;
#5097 = VERTEX_POINT ( 'NONE', #382 ) ;
#5098 = ORIENTED_EDGE ( 'NONE', *, *, #906, .F. ) ;
#5099 = EDGE_CURVE ( 'NONE', #2908, #120, #3595, .T. ) ;
#5100 = EDGE_CURVE ( 'NONE', #3802, #3234, #3170, .T. ) ;
#5101 = CARTESIAN_POINT ( 'NONE',  ( 11.00000000000000178, -4.499999999999979572, 6.000000000000000000 ) ) ;
#5102 = VERTEX_POINT ( 'NONE', #1192 ) ;
#5103 = LINE ( 'NONE', #795, #3571 ) ;
#5104 = ORIENTED_EDGE ( 'NONE', *, *, #3800, .T. ) ;
#5105 = ORIENTED_EDGE ( 'NONE', *, *, #652, .T. ) ;
#5106 = CARTESIAN_POINT ( 'NONE',  ( 18.00000000000000355, 3.000000000000006661, 5.000000000000000000 ) ) ;
#5107 = DIRECTION ( 'NONE',  ( 1.000000000000000000, 1.652117596168388495E-16, 0.000000000000000000 ) ) ;
#5108 = ORIENTED_EDGE ( 'NONE', *, *, #4301, .F. ) ;
#5109 = ORIENTED_EDGE ( 'NONE', *, *, #925, .T. ) ;
#5110 = VECTOR ( 'NONE', #2866, 1000.000000000000000 ) ;
#5111 = CARTESIAN_POINT ( 'NONE',  ( 10.49999999999999822, 3.000000000000008438, 7.749999999999998224 ) ) ;
#5112 = CARTESIAN_POINT ( 'NONE',  ( -12.99999999999999822, -1.171572875253809709, 4.000000000000000000 ) ) ;
#5113 = DIRECTION ( 'NONE',  ( -1.000000000000000000, 0.000000000000000000, 0.000000000000000000 ) ) ;
#5114 = LINE ( 'NONE', #2781, #699 ) ;
#5115 = VERTEX_POINT ( 'NONE', #2778 ) ;
#5116 = VECTOR ( 'NONE', #3769, 1000.000000000000000 ) ;
#5117 = CARTESIAN_POINT ( 'NONE',  ( 25.44999999999999929, -2.510525938252074679E-16, 7.249999999999996447 ) ) ;
#5118 = DIRECTION ( 'NONE',  ( -1.000000000000000000, 0.000000000000000000, 0.000000000000000000 ) ) ;
#5119 = LINE ( 'NONE', #1895, #667 ) ;
#5120 = ORIENTED_EDGE ( 'NONE', *, *, #2483, .F. ) ;
#5121 = CARTESIAN_POINT ( 'NONE',  ( -2.404049162915009585, 4.000000000000003553, 7.000000016863698882 ) ) ;
#5122 = ADVANCED_FACE ( 'NONE', ( #804 ), #3499, .F. ) ;
#5123 = ORIENTED_EDGE ( 'NONE', *, *, #3995, .F. ) ;
#5124 = CARTESIAN_POINT ( 'NONE',  ( 0.5503703097807779443, 3.970988795007637684, 8.000000000950173273 ) ) ;
#5125 = ORIENTED_EDGE ( 'NONE', *, *, #4228, .T. ) ;
#5126 = DIRECTION ( 'NONE',  ( -0.000000000000000000, -0.000000000000000000, -1.000000000000000000 ) ) ;
#5127 = EDGE_CURVE ( 'NONE', #2786, #3460, #4279, .T. ) ;
#5128 = EDGE_CURVE ( 'NONE', #1128, #2655, #1534, .T. ) ;
#5129 = ORIENTED_EDGE ( 'NONE', *, *, #2712, .T. ) ;
#5130 = ORIENTED_EDGE ( 'NONE', *, *, #3755, .T. ) ;
#5131 = CARTESIAN_POINT ( 'NONE',  ( 27.50000000000000355, 0.000000000000000000, -4.900000000000000355 ) ) ;
#5132 = EDGE_CURVE ( 'NONE', #1542, #3524, #1019, .T. ) ;
#5133 = DIRECTION ( 'NONE',  ( 0.000000000000000000, 0.000000000000000000, 1.000000000000000000 ) ) ;
#5134 = ORIENTED_EDGE ( 'NONE', *, *, #423, .F. ) ;
#5135 = ORIENTED_EDGE ( 'NONE', *, *, #4898, .T. ) ;
#5136 = DIRECTION ( 'NONE',  ( -1.000000000000000000, -2.168404344971008868E-16, 0.000000000000000000 ) ) ;
#5137 = CARTESIAN_POINT ( 'NONE',  ( 0.000000000000000000, 0.000000000000000000, -10.00000000000000000 ) ) ;
#5138 = CARTESIAN_POINT ( 'NONE',  ( 10.49999999999999822, 5.000000000000007994, 9.500000000000014211 ) ) ;
#5139 = CARTESIAN_POINT ( 'NONE',  ( 12.00000000000000000, 3.000000000000008882, -10.00000000000000000 ) ) ;
#5140 = VERTEX_POINT ( 'NONE', #3062 ) ;
#5141 = CARTESIAN_POINT ( 'NONE',  ( 24.05317286445727731, 0.6077686218342444047, 2.649999999999999911 ) ) ;
#5142 = FACE_OUTER_BOUND ( 'NONE', #3982, .T. ) ;
#5143 = CARTESIAN_POINT ( 'NONE',  ( -27.50000000000000000, -5.000000000000000888, -4.500000000000007105 ) ) ;
#5144 = ORIENTED_EDGE ( 'NONE', *, *, #301, .T. ) ;
#5145 = CARTESIAN_POINT ( 'NONE',  ( -2.516597417695248140, 4.000000000000401457, 7.886097004601856142 ) ) ;
#5146 = ORIENTED_EDGE ( 'NONE', *, *, #364, .T. ) ;
#5147 = VECTOR ( 'NONE', #597, 1000.000000000000000 ) ;
ENDSEC;
END-ISO-10303-21;
